timestamp,latitude,longitude,altitude,height,ground_speed,vertical_speed,course
0.0,39.96119665,-106.2164539,2477.4144,0.0,0.0,0.0,0.0
0.1,39.96119667,-106.2164539,2477.4144,0.0,0.0,0.0,0.0
0.2,39.96119662,-106.2164538,2477.4144,0.0,0.0,0.0,0.0
0.3,39.96119662,-106.2164537,2477.4144,0.0,0.0,0.0,0.0
0.4000000000000001,39.96119662,-106.2164538,2477.4144,0.0,0.0,0.0,0.0
0.5,39.96119662,-106.2164538,2477.4144,0.0,0.0,0.0,0.0
0.6000000000000001,39.96119655,-106.2164539,2477.4144,0.0,0.0,0.0,0.0
0.7,39.96119655,-106.216454,2477.4144,0.0,0.0,0.0,0.0
0.8,39.96119655,-106.216454,2477.4144,0.0,0.0,0.0,0.0
0.9000000000000001,39.96119655,-106.2164541,2477.4144,0.0,0.0,0.0,0.0
1.0,39.96119653,-106.2164541,2477.4144,0.0,0.0,0.0,0.0
1.1,39.96119654,-106.2164542,2477.4144,0.0,0.0,0.0,0.0
1.2,39.96119655,-106.2164541,2477.4144,0.0,0.0,0.0,0.0
1.3,39.96119655,-106.2164541,2477.4144,0.0,0.0,0.0,0.0
1.4,39.96119657,-106.2164541,2477.4144,0.0,0.0,0.0,0.0
1.5000000000000002,39.96119655,-106.2164541,2477.4144,0.0,0.0,0.0,0.0
1.6,39.96119657,-106.2164541,2477.4144,0.0,0.0,0.0,0.0
1.7,39.9611966,-106.2164541,2477.4144,0.0,0.491744,0.0,0.0
1.8,39.96119667,-106.2164541,2477.4144,0.0,0.0,0.0,0.0
1.9,39.96119678,-106.216454,2477.4144,0.0,0.0,-0.22352,21.80140948635181
2.0,39.961197,-106.2164538,2477.4144,0.0,0.0,-0.402336,45.0
2.1,39.96119723,-106.2164535,2477.4144,0.0,0.0,-0.491744,54.462322208025626
2.2,39.96119747,-106.2164532,2477.4144,0.09144,0.0,-0.491744,54.462322208025626
2.3,39.96119776,-106.2164529,2477.7192,0.21336,0.67056,-0.491744,45.0
2.4000000000000004,39.96119802,-106.2164525,2477.7192,0.21336,0.0,-0.491744,45.0
2.5,39.96119825,-106.2164521,2477.7192,0.3048,0.67056,-0.491744,45.0
2.6,39.96119841,-106.2164518,2477.7192,0.3048,0.67056,-0.491744,45.0
2.7,39.96119817,-106.2164512,2477.7192,0.39624,0.0,-0.491744,45.0
2.8,39.96119815,-106.2164509,2477.7192,0.39624,0.67056,-0.491744,90.0
2.9000000000000004,39.96119809,-106.2164506,2478.0240000000003,0.48768,0.0,-0.491744,90.0
3.0,39.96119799,-106.2164503,2478.0240000000003,0.48768,0.0,-0.491744,90.0
3.1,39.96119789,-106.21645,2478.0240000000003,0.6096,0.0,-0.491744,90.0
3.2,39.96119764,-106.2164499,2478.0240000000003,0.6096,0.0,-0.491744,90.0
3.3,39.96119761,-106.2164498,2478.0240000000003,0.70104,0.0,-0.491744,90.0
3.3999999999999995,39.96119768,-106.2164495,2478.0240000000003,0.70104,0.0,-0.491744,45.0
3.5,39.96119779,-106.2164493,2478.3288,0.7924800000000001,0.0,-0.491744,45.0
3.6,39.96119808,-106.216449,2478.3288,0.9144,0.0,-0.491744,68.19859051364818
3.7,39.9611982,-106.2164488,2478.3288,0.9144,0.0,-0.491744,68.19859051364818
3.8,39.96119839,-106.2164485,2478.3288,1.00584,0.0,-0.491744,68.19859051364818
3.9,39.96119856,-106.2164483,2478.6336,1.09728,0.0,-0.491744,68.19859051364818
4.0,39.96119873,-106.2164481,2478.6336,1.18872,0.0,-0.581152,45.0
4.1,39.9611988,-106.2164479,2478.6336,1.31064,0.0,-0.581152,45.0
4.2,39.96119884,-106.2164477,2478.9384,1.40208,0.0,-0.491744,0.0
4.3,39.96119886,-106.2164475,2478.9384,1.40208,0.0,-0.402336,0.0
4.4,39.96119871,-106.2164473,2478.9384,1.40208,0.0,-0.402336,45.0
4.5,39.96119876,-106.2164472,2478.9384,1.40208,0.0,-0.402336,45.0
4.6,39.96119883,-106.216447,2478.9384,1.4935200000000002,0.0,-0.402336,0.0
4.7,39.9611989,-106.2164469,2478.9384,1.4935200000000002,0.0,-0.402336,0.0
4.8,39.96119901,-106.2164468,2478.9384,1.4935200000000002,0.0,-0.402336,0.0
4.9,39.96119923,-106.2164466,2478.9384,1.4935200000000002,0.0,-0.402336,0.0
5.0,39.9611992,-106.2164465,2478.9384,1.58496,0.491744,-0.402336,0.0
5.1,39.96119917,-106.2164464,2478.9384,1.58496,0.0,-0.402336,0.0
5.2,39.96119908,-106.2164463,2479.2432000000003,1.70688,0.0,-0.402336,0.0
5.3,39.96119894,-106.2164463,2479.2432000000003,1.70688,0.0,-0.402336,0.0
5.4,39.96119879,-106.2164462,2479.2432000000003,1.79832,0.0,-0.491744,0.0
5.5,39.96119869,-106.2164462,2479.2432000000003,1.79832,0.0,-0.491744,0.0
5.6,39.9611987,-106.2164463,2479.2432000000003,1.88976,0.0,-0.491744,0.0
5.7,39.96119861,-106.2164465,2479.2432000000003,1.88976,0.0,-0.491744,0.0
5.8,39.96119865,-106.2164465,2479.548,2.01168,0.0,-0.402336,0.0
5.9,39.96119865,-106.2164466,2479.548,2.01168,0.0,-0.402336,0.0
6.0,39.96119861,-106.2164467,2479.548,2.10312,0.0,-0.491744,0.0
6.1,39.96119868,-106.2164468,2479.548,2.10312,0.0,-0.402336,0.0
6.2,39.96119875,-106.2164468,2479.548,2.19456,0.0,-0.491744,0.0
6.3,39.96119882,-106.2164467,2479.548,2.19456,0.0,-0.491744,0.0
6.4,39.9611989,-106.2164467,2479.8528,2.286,0.0,-0.491744,0.0
6.5,39.96119896,-106.2164466,2479.8528,2.286,0.0,-0.402336,90.0
6.6,39.96119901,-106.2164464,2479.8528,2.4079200000000003,0.0,-0.402336,90.0
6.7,39.96119894,-106.2164462,2479.8528,2.4079200000000003,0.0,-0.402336,90.0
6.8,39.9611988,-106.2164461,2479.8528,2.49936,0.0,-0.402336,0.0
6.9,39.96119866,-106.2164459,2479.8528,2.49936,0.0,-0.402336,0.0
7.0,39.96119829,-106.2164456,2480.1576,2.5908,0.0,-0.402336,0.0
7.1,39.96119817,-106.2164454,2480.1576,2.5908,0.0,-0.402336,0.0
7.2,39.96119805,-106.2164454,2480.1576,2.7127200000000005,0.0,-0.402336,0.0
7.3,39.96119796,-106.2164453,2480.1576,2.7127200000000005,0.0,-0.402336,0.0
7.399999999999999,39.96119786,-106.2164454,2480.1576,2.80416,0.0,-0.402336,0.0
7.499999999999999,39.96119783,-106.2164454,2480.1576,2.80416,0.0,-0.402336,0.0
7.6,39.96119784,-106.2164454,2480.1576,2.8956,0.0,-0.491744,0.0
7.7,39.96119784,-106.2164454,2480.1576,2.8956,0.0,-0.491744,0.0
7.8,39.96119794,-106.2164456,2480.4624000000003,2.9870400000000004,0.0,-0.491744,0.0
7.899999999999999,39.96119794,-106.2164456,2480.4624000000003,2.9870400000000004,0.0,-0.491744,0.0
7.999999999999999,39.96119792,-106.2164457,2480.4624000000003,3.10896,0.0,-0.491744,0.0
8.100000000000001,39.96119793,-106.2164457,2480.4624000000003,3.10896,0.0,-0.491744,0.0
8.200000000000001,39.96119796,-106.2164459,2480.4624000000003,3.2004,0.0,-0.402336,0.0
8.3,39.96119795,-106.2164464,2480.4624000000003,3.2004,0.0,-0.402336,0.0
8.4,39.96119795,-106.2164465,2480.7672,3.2918400000000005,0.0,-0.402336,0.0
8.5,39.96119792,-106.2164467,2480.7672,3.2918400000000005,0.0,-0.402336,0.0
8.600000000000001,39.9611979,-106.2164467,2480.7672,3.41376,0.0,-0.402336,0.0
8.700000000000001,39.96119791,-106.2164468,2480.7672,3.41376,0.0,-0.491744,0.0
8.8,39.96119789,-106.2164468,2480.7672,3.5052000000000003,0.0,-0.491744,180.0
8.9,39.96119786,-106.2164468,2480.7672,3.5052000000000003,0.0,-0.491744,180.0
9.0,39.96119778,-106.2164468,2480.7672,3.5052000000000003,0.491744,-0.491744,0.0
9.1,39.96119774,-106.2164465,2481.072,3.5966400000000003,0.0,-0.491744,0.0
9.2,39.96119759,-106.2164466,2481.072,3.5966400000000003,0.0,-0.491744,180.0
9.3,39.96119747,-106.2164466,2481.072,3.68808,0.0,-0.491744,0.0
9.4,39.96119733,-106.2164467,2481.072,3.81,0.0,-0.491744,0.0
9.5,39.96119689,-106.216447,2481.072,3.81,0.0,-0.491744,0.0
9.6,39.96119679,-106.2164471,2481.3768,3.901440000000001,0.491744,-0.491744,0.0
9.7,39.9611967,-106.2164472,2481.3768,3.901440000000001,0.0,-0.402336,0.0
9.8,39.96119668,-106.2164473,2481.3768,3.99288,0.0,-0.402336,0.0
9.9,39.96119666,-106.2164474,2481.3768,3.99288,0.491744,-0.402336,0.0
10.0,39.96119676,-106.2164475,2481.3768,3.99288,0.0,-0.402336,0.0
10.1,39.96119676,-106.2164475,2481.3768,4.1148,0.0,-0.402336,0.0
10.2,39.96119668,-106.2164476,2481.3768,4.1148,0.0,-0.402336,0.0
10.3,39.96119657,-106.2164477,2481.6816000000003,4.20624,0.0,-0.402336,0.0
10.4,39.96119633,-106.2164477,2481.6816000000003,4.20624,0.0,-0.402336,180.0
10.5,39.96119618,-106.2164477,2481.6816000000003,4.29768,0.0,-0.402336,180.0
10.6,39.96119602,-106.2164478,2481.6816000000003,4.29768,0.0,-0.402336,180.0
10.7,39.96119583,-106.2164478,2481.6816000000003,4.38912,0.0,-0.491744,180.0
10.8,39.96119556,-106.216448,2481.6816000000003,4.38912,0.0,-0.491744,180.0
10.9,39.96119538,-106.2164481,2481.9864,4.51104,0.0,-0.491744,225.0
11.0,39.9611953,-106.2164483,2481.9864,4.51104,0.0,-0.491744,180.0
11.1,39.96119525,-106.2164484,2481.9864,4.60248,0.0,-0.491744,0.0
11.2,39.96119528,-106.2164487,2481.9864,4.69392,0.0,-0.491744,0.0
11.3,39.96119524,-106.2164487,2481.9864,4.69392,0.0,-0.491744,0.0
11.4,39.9611952,-106.2164487,2482.2912,4.78536,0.0,-0.491744,0.0
11.5,39.96119515,-106.2164487,2482.2912,4.78536,0.0,-0.402336,0.0
11.6,39.96119515,-106.2164487,2482.2912,4.78536,0.0,-0.402336,0.0
11.7,39.96119512,-106.2164486,2482.2912,4.907280000000001,0.491744,-0.402336,0.0
11.8,39.96119515,-106.2164487,2482.2912,4.907280000000001,0.0,-0.491744,0.0
11.9,39.9611952,-106.2164488,2482.2912,4.99872,0.0,-0.491744,0.0
12.0,39.96119527,-106.2164488,2482.2912,4.99872,0.0,-0.491744,0.0
12.1,39.96119533,-106.2164489,2482.596,5.09016,0.0,-0.402336,0.0
12.2,39.96119528,-106.2164491,2482.596,5.09016,0.0,-0.402336,0.0
12.3,39.96119518,-106.2164492,2482.596,5.21208,0.0,-0.402336,180.0
12.4,39.96119508,-106.2164493,2482.596,5.21208,0.0,-0.402336,180.0
12.5,39.96119508,-106.2164495,2482.596,5.30352,0.0,-0.402336,180.0
12.6,39.96119487,-106.2164495,2482.596,5.30352,0.0,-0.402336,180.0
12.7,39.96119463,-106.2164495,2482.9008000000003,5.39496,0.0,-0.491744,180.0
12.8,39.96119429,-106.2164493,2482.9008000000003,5.39496,0.491744,-0.491744,158.19859051364824
12.9,39.96119387,-106.2164487,2482.9008000000003,5.486400000000001,0.67056,-0.402336,135.0
13.0,39.96119373,-106.2164484,2482.9008000000003,5.486400000000001,0.67056,-0.402336,90.0
13.1,39.96119363,-106.2164481,2482.9008000000003,5.60832,0.491744,-0.402336,90.0
13.2,39.96119357,-106.2164477,2482.9008000000003,5.60832,0.491744,-0.402336,90.0
13.3,39.96119353,-106.2164474,2483.2056,5.69976,0.0,-0.402336,90.0
13.4,39.96119359,-106.2164472,2483.2056,5.69976,0.0,-0.491744,0.0
13.5,39.96119353,-106.2164471,2483.2056,5.7912,0.0,-0.491744,0.0
13.6,39.96119348,-106.216447,2483.2056,5.7912,0.491744,-0.581152,0.0
13.7,39.96119343,-106.216447,2483.2056,5.91312,0.0,-0.581152,0.0
13.8,39.96119341,-106.2164472,2483.5104,6.00456,0.0,-0.491744,180.0
13.9,39.96119331,-106.2164472,2483.5104,6.00456,0.0,-0.312928,180.0
14.0,39.96119315,-106.2164471,2483.5104,6.00456,0.0,-0.089408,180.0
14.1,39.96119301,-106.2164471,2483.5104,6.00456,0.0,-0.089408,180.0
14.2,39.96119274,-106.2164471,2483.5104,6.00456,0.0,0.0,135.0
14.3,39.96119262,-106.2164469,2483.5104,6.00456,0.0,0.0,135.0
14.4,39.96119248,-106.2164468,2483.5104,6.00456,0.491744,0.0,135.0
14.5,39.96119235,-106.2164466,2483.5104,6.00456,0.0,0.0,135.0
14.6,39.96119229,-106.2164461,2483.5104,6.00456,0.67056,0.0,111.80140948635182
14.7,39.96119227,-106.2164459,2483.5104,6.00456,0.0,0.0,90.0
14.8,39.96119231,-106.2164457,2483.5104,6.00456,0.0,0.0,90.0
14.9,39.96119237,-106.2164455,2483.5104,6.00456,0.0,0.0,90.0
15.0,39.96119244,-106.2164453,2483.5104,6.00456,0.0,0.0,90.0
15.1,39.96119273,-106.2164453,2483.5104,6.00456,0.0,0.0,90.0
15.2,39.96119279,-106.2164452,2483.5104,6.00456,0.0,0.0,0.0
15.3,39.96119285,-106.2164451,2483.5104,6.00456,0.0,0.0,0.0
15.400000000000002,39.9611929,-106.2164451,2483.5104,6.00456,0.0,0.0,0.0
15.5,39.96119287,-106.2164452,2483.5104,6.00456,0.0,0.0,0.0
15.6,39.96119286,-106.2164451,2483.5104,6.00456,0.0,0.0,0.0
15.7,39.96119283,-106.216445,2483.5104,6.00456,0.0,0.0,0.0
15.8,39.96119278,-106.216445,2483.5104,6.00456,0.0,-0.089408,0.0
15.900000000000002,39.96119262,-106.2164451,2483.5104,6.096,0.0,-0.089408,0.0
16.0,39.96119265,-106.2164452,2483.5104,6.096,0.0,0.0,0.0
16.1,39.96119266,-106.2164452,2483.5104,6.096,0.0,0.0,0.0
16.2,39.96119262,-106.2164452,2483.5104,6.096,0.0,0.0,0.0
16.3,39.96119246,-106.2164453,2483.5104,6.096,0.491744,0.0,0.0
16.400000000000002,39.96119238,-106.2164453,2483.5104,6.00456,0.0,0.0,0.0
16.5,39.96119229,-106.2164453,2483.5104,6.096,0.0,0.0,0.0
16.6,39.9611922,-106.2164452,2483.5104,6.096,0.0,0.0,180.0
16.7,39.96119211,-106.2164452,2483.5104,6.096,0.0,0.0,180.0
16.8,39.96119183,-106.2164452,2483.5104,6.096,0.0,0.0,180.0
16.900000000000002,39.96119168,-106.2164451,2483.5104,6.096,0.0,0.0,0.0
17.0,39.96119162,-106.216445,2483.5104,6.096,0.0,0.0,0.0
17.1,39.96119159,-106.216445,2483.5104,6.096,0.0,0.0,0.0
17.2,39.96119162,-106.2164449,2483.5104,6.1874400000000005,0.0,0.0,0.0
17.3,39.96119165,-106.2164449,2483.5104,6.096,0.0,0.0,0.0
17.400000000000002,39.96119167,-106.2164449,2483.5104,6.096,0.0,0.0,0.0
17.5,39.96119169,-106.216445,2483.5104,6.096,0.0,0.089408,0.0
17.6,39.96119185,-106.2164454,2483.5104,6.096,0.0,0.0,270.0
17.7,39.96119188,-106.2164456,2483.5104,6.096,0.0,0.0,270.0
17.8,39.96119184,-106.2164458,2483.5104,6.096,0.0,0.0,270.0
17.900000000000002,39.9611918,-106.216446,2483.5104,6.096,0.0,0.0,270.0
18.0,39.96119165,-106.2164464,2483.5104,6.096,0.491744,0.0,270.0
18.1,39.96119163,-106.2164466,2483.5104,6.096,0.0,0.0,270.0
18.2,39.96119158,-106.2164468,2483.5104,6.096,0.0,0.0,0.0
18.3,39.96119152,-106.2164469,2483.5104,6.096,0.0,0.0,0.0
18.4,39.96119149,-106.2164469,2483.5104,6.096,0.0,0.0,0.0
18.5,39.96119128,-106.2164469,2483.5104,6.096,0.0,0.0,0.0
18.6,39.96119126,-106.216447,2483.5104,6.096,0.0,0.0,0.0
18.7,39.96119125,-106.216447,2483.5104,6.096,0.0,0.0,0.0
18.8,39.96119128,-106.216447,2483.5104,6.096,0.0,0.0,0.0
18.9,39.96119129,-106.2164471,2483.5104,6.1874400000000005,0.0,0.0,0.0
19.0,39.96119133,-106.2164472,2483.5104,6.096,0.0,0.0,0.0
19.1,39.96119137,-106.2164472,2483.5104,6.096,0.0,0.0,0.0
19.2,39.96119145,-106.2164473,2483.5104,6.096,0.0,0.0,0.0
19.3,39.96119165,-106.2164475,2483.5104,6.096,0.0,0.0,0.0
19.4,39.96119177,-106.2164475,2483.5104,6.1874400000000005,0.67056,0.0,0.0
19.5,39.96119192,-106.2164476,2483.5104,6.096,0.0,0.0,0.0
19.6,39.96119212,-106.2164478,2483.5104,6.096,0.0,0.0,0.0
19.7,39.9611924,-106.2164482,2483.5104,6.096,0.0,0.0,315.0
19.8,39.96119253,-106.2164484,2483.5104,6.00456,0.0,0.0,315.0
19.9,39.96119265,-106.2164486,2483.5104,6.00456,0.0,0.0,315.0
20.0,39.96119279,-106.2164488,2483.5104,6.00456,0.0,0.0,315.0
20.1,39.96119293,-106.216449,2483.5104,6.00456,0.0,0.0,0.0
20.2,39.96119304,-106.2164494,2483.5104,6.00456,0.0,0.0,0.0
20.3,39.96119312,-106.2164495,2483.5104,6.00456,0.0,0.0,0.0
20.4,39.96119315,-106.2164496,2483.5104,6.00456,0.0,0.0,0.0
20.5,39.96119316,-106.2164496,2483.5104,6.00456,0.0,0.0,0.0
20.6,39.96119312,-106.2164495,2483.2056,5.91312,0.0,0.0,0.0
20.7,39.96119314,-106.2164495,2483.5104,6.00456,0.0,0.0,0.0
20.8,39.96119317,-106.2164495,2483.5104,6.00456,0.0,0.0,0.0
20.9,39.96119318,-106.2164495,2483.5104,6.00456,0.0,0.0,0.0
21.0,39.96119317,-106.2164494,2483.5104,6.00456,0.0,0.0,0.0
21.1,39.96119313,-106.2164494,2483.5104,6.00456,0.0,0.0,0.0
21.2,39.96119308,-106.2164493,2483.5104,6.00456,0.0,0.0,0.0
21.3,39.96119303,-106.2164492,2483.5104,6.00456,0.0,0.0,0.0
21.4,39.96119291,-106.2164491,2483.5104,6.00456,0.0,0.0,0.0
21.5,39.96119282,-106.216449,2483.5104,6.096,0.0,0.0,0.0
21.6,39.96119275,-106.216449,2483.5104,6.096,0.0,0.0,0.0
21.7,39.9611927,-106.2164489,2483.5104,6.096,0.0,0.0,0.0
21.8,39.96119267,-106.2164487,2483.5104,6.1874400000000005,0.0,0.0,0.0
21.9,39.96119272,-106.2164484,2483.5104,6.1874400000000005,0.0,0.0,0.0
22.0,39.9611927,-106.2164483,2483.5104,6.1874400000000005,0.0,0.0,0.0
22.1,39.96119269,-106.2164482,2483.5104,6.1874400000000005,0.0,0.0,0.0
22.2,39.9611927,-106.2164481,2483.5104,6.1874400000000005,0.0,0.0,0.0
22.3,39.96119282,-106.2164481,2483.5104,6.1874400000000005,0.0,0.0,0.0
22.4,39.96119281,-106.2164482,2483.5104,6.1874400000000005,0.0,0.0,0.0
22.5,39.96119279,-106.2164482,2483.5104,6.1874400000000005,0.0,0.0,0.0
22.6,39.96119273,-106.2164482,2483.5104,6.1874400000000005,0.0,0.0,0.0
22.7,39.96119263,-106.2164483,2483.5104,6.1874400000000005,0.0,0.0,0.0
22.8,39.96119257,-106.2164484,2483.5104,6.1874400000000005,0.0,0.0,0.0
22.9,39.96119253,-106.2164485,2483.5104,6.1874400000000005,0.0,0.0,0.0
23.0,39.96119256,-106.2164486,2483.5104,6.1874400000000005,0.0,0.0,0.0
23.1,39.96119266,-106.2164488,2483.5104,6.1874400000000005,0.0,0.0,0.0
23.2,39.9611927,-106.2164489,2483.5104,6.1874400000000005,0.0,0.089408,0.0
23.3,39.96119275,-106.216449,2483.5104,6.1874400000000005,0.0,0.089408,0.0
23.4,39.96119276,-106.2164492,2483.5104,6.096,0.0,0.089408,270.0
23.5,39.96119279,-106.2164494,2483.5104,6.096,0.0,0.089408,270.0
23.6,39.96119277,-106.2164497,2483.5104,6.00456,0.0,0.089408,270.0
23.7,39.9611928,-106.2164499,2483.5104,6.096,0.0,0.0,270.0
23.8,39.96119276,-106.2164501,2483.5104,6.096,0.0,0.0,270.0
23.9,39.96119274,-106.2164503,2483.5104,6.00456,0.0,0.0,270.0
24.0,39.9611926,-106.2164508,2483.5104,6.096,0.67056,0.0,270.0
24.1,39.96119262,-106.2164511,2483.5104,6.00456,0.67056,0.0,270.0
24.2,39.96119263,-106.2164512,2483.5104,6.00456,0.0,0.0,0.0
24.3,39.96119263,-106.2164514,2483.5104,6.00456,0.0,0.0,0.0
24.4,39.96119255,-106.2164514,2483.2056,5.91312,0.0,0.089408,0.0
24.5,39.96119257,-106.2164515,2483.5104,6.00456,0.0,0.0,0.0
24.6,39.96119259,-106.2164515,2483.5104,6.00456,0.0,0.0,0.0
24.7,39.96119263,-106.2164516,2483.5104,6.00456,0.0,0.0,0.0
24.8,39.96119284,-106.2164516,2483.5104,6.00456,0.0,0.0,0.0
24.9,39.96119295,-106.2164516,2483.5104,6.00456,0.491744,0.0,0.0
25.0,39.96119305,-106.2164516,2483.5104,6.00456,0.0,0.0,0.0
25.1,39.96119313,-106.2164516,2483.5104,6.00456,0.491744,0.0,0.0
25.2,39.96119317,-106.2164516,2483.2056,5.91312,0.0,0.0,0.0
25.3,39.96119336,-106.2164517,2483.5104,6.00456,0.0,0.0,0.0
25.4,39.96119335,-106.2164517,2483.5104,6.00456,0.0,0.0,0.0
25.5,39.96119333,-106.2164516,2483.5104,6.00456,0.491744,0.0,0.0
25.6,39.96119328,-106.2164515,2483.5104,6.00456,0.0,0.0,90.0
25.7,39.96119321,-106.2164514,2483.5104,6.096,0.491744,0.0,90.0
25.8,39.96119319,-106.2164512,2483.5104,6.096,0.0,0.0,90.0
25.9,39.96119317,-106.2164511,2483.5104,6.096,0.0,0.0,90.0
26.0,39.96119317,-106.2164509,2483.5104,6.096,0.0,0.0,90.0
26.1,39.96119333,-106.2164507,2483.5104,6.096,0.0,0.0,0.0
26.2,39.96119331,-106.2164507,2483.5104,6.1874400000000005,0.0,0.0,0.0
26.3,39.9611933,-106.2164507,2483.5104,6.1874400000000005,0.0,0.0,0.0
26.4,39.96119328,-106.2164507,2483.5104,6.1874400000000005,0.0,0.0,0.0
26.5,39.96119336,-106.2164507,2483.5104,6.096,0.0,0.0,0.0
26.6,39.96119335,-106.2164508,2483.5104,6.096,0.0,0.0,0.0
26.7,39.96119333,-106.2164508,2483.5104,6.096,0.491744,0.0,0.0
26.8,39.96119329,-106.2164508,2483.5104,6.096,0.0,0.0,0.0
26.9,39.96119326,-106.2164509,2483.5104,6.096,0.0,0.0,0.0
27.0,39.96119313,-106.2164509,2483.5104,6.096,0.0,0.0,0.0
27.1,39.96119309,-106.216451,2483.5104,6.096,0.0,0.0,0.0
27.2,39.96119304,-106.2164511,2483.5104,6.096,0.0,0.0,0.0
27.3,39.96119299,-106.2164512,2483.5104,6.096,0.0,0.0,0.0
27.4,39.96119288,-106.2164514,2483.5104,6.096,0.491744,0.0,180.0
27.5,39.96119279,-106.2164515,2483.5104,6.096,0.0,0.0,180.0
27.6,39.96119271,-106.2164516,2483.5104,6.096,0.491744,0.0,0.0
27.7,39.96119267,-106.2164516,2483.5104,6.096,0.0,0.0,0.0
27.8,39.96119262,-106.2164516,2483.5104,6.096,0.0,0.0,0.0
27.9,39.96119263,-106.2164517,2483.5104,6.1874400000000005,0.0,0.0,0.0
28.0,39.96119261,-106.2164517,2483.5104,6.096,0.0,0.089408,0.0
28.1,39.96119261,-106.2164517,2483.5104,6.00456,0.0,0.089408,0.0
28.2,39.96119272,-106.2164517,2483.5104,6.00456,0.0,0.089408,0.0
28.3,39.96119277,-106.2164517,2483.5104,6.00456,0.0,0.0,0.0
28.4,39.96119281,-106.2164517,2483.5104,6.00456,0.0,0.0,0.0
28.5,39.96119284,-106.2164517,2483.5104,6.096,0.0,0.0,0.0
28.6,39.96119284,-106.2164517,2483.5104,6.096,0.0,0.0,0.0
28.7,39.96119283,-106.2164518,2483.5104,6.096,0.0,0.0,0.0
28.8,39.96119289,-106.2164518,2483.5104,6.00456,0.0,0.0,0.0
28.9,39.96119294,-106.2164518,2483.5104,6.096,0.491744,0.0,0.0
29.0,39.96119294,-106.2164518,2483.5104,6.096,0.0,0.0,0.0
29.1,39.96119295,-106.2164519,2483.5104,6.00456,0.67056,0.0,0.0
29.2,39.96119297,-106.2164519,2483.5104,6.00456,0.0,0.0,0.0
29.3,39.96119299,-106.2164519,2483.5104,6.096,0.0,0.0,0.0
29.4,39.96119297,-106.2164518,2483.5104,6.096,0.0,0.0,0.0
29.5,39.96119293,-106.2164518,2483.5104,6.096,0.0,0.0,0.0
29.6,39.96119291,-106.2164518,2483.5104,6.096,0.0,0.0,0.0
29.7,39.9611929,-106.2164517,2483.5104,6.096,0.0,0.0,0.0
29.8,39.96119289,-106.2164516,2483.5104,6.096,0.0,0.0,0.0
29.9,39.96119288,-106.2164515,2483.5104,6.096,0.0,0.0,0.0
30.0,39.96119288,-106.2164514,2483.5104,6.096,0.0,0.0,0.0
30.1,39.96119287,-106.2164514,2483.5104,6.096,0.0,0.0,0.0
30.2,39.9611929,-106.2164514,2483.5104,6.096,0.0,0.089408,0.0
30.3,39.96119292,-106.2164514,2483.5104,6.096,0.0,0.089408,0.0
30.4,39.96119295,-106.2164516,2483.5104,6.096,0.0,0.0,0.0
30.5,39.96119291,-106.2164516,2483.5104,6.096,0.491744,0.0,0.0
30.6,39.96119284,-106.2164517,2483.5104,6.096,0.0,0.0,0.0
30.7,39.96119278,-106.2164517,2483.5104,6.1874400000000005,0.0,0.0,0.0
30.8,39.96119273,-106.2164518,2483.5104,6.1874400000000005,0.0,0.0,0.0
30.9,39.96119267,-106.2164517,2483.5104,6.1874400000000005,0.0,0.0,0.0
31.0,39.96119255,-106.2164517,2483.5104,6.1874400000000005,0.0,0.0,0.0
31.1,39.96119245,-106.2164516,2483.5104,6.1874400000000005,0.491744,0.0,0.0
31.2,39.9611922,-106.2164516,2483.5104,6.1874400000000005,0.0,0.0,0.0
31.3,39.96119213,-106.2164516,2483.5104,6.1874400000000005,0.0,0.0,0.0
31.4,39.96119207,-106.2164515,2483.5104,6.1874400000000005,0.0,0.0,0.0
31.500000000000004,39.96119201,-106.2164515,2483.8152,6.30936,0.491744,0.089408,0.0
31.6,39.96119196,-106.2164514,2483.5104,6.1874400000000005,0.0,0.089408,180.0
31.7,39.96119184,-106.2164514,2483.5104,6.1874400000000005,0.491744,0.089408,180.0
31.8,39.96119167,-106.2164514,2483.5104,6.1874400000000005,0.0,0.089408,180.0
31.9,39.96119153,-106.2164514,2483.5104,6.1874400000000005,0.0,0.089408,180.0
32.0,39.9611914,-106.2164513,2483.5104,6.1874400000000005,0.0,0.0,0.0
32.099999999999994,39.96119111,-106.2164513,2483.5104,6.1874400000000005,0.0,0.0,0.0
32.2,39.96119098,-106.2164512,2483.5104,6.1874400000000005,0.0,0.0,0.0
32.3,39.96119089,-106.2164511,2483.8152,6.30936,0.0,0.0,90.0
32.4,39.96119092,-106.216451,2483.8152,6.30936,0.0,0.0,0.0
32.5,39.961191,-106.216451,2483.8152,6.30936,0.0,0.089408,0.0
32.599999999999994,39.96119109,-106.216451,2483.8152,6.30936,0.0,0.089408,0.0
32.7,39.96119117,-106.216451,2483.8152,6.30936,0.0,0.089408,0.0
32.8,39.96119127,-106.2164511,2483.8152,6.30936,0.0,0.089408,0.0
32.9,39.96119143,-106.2164514,2483.5104,6.1874400000000005,0.0,0.089408,0.0
33.0,39.96119151,-106.2164515,2483.5104,6.1874400000000005,0.0,0.089408,0.0
33.099999999999994,39.9611916,-106.2164517,2483.5104,6.1874400000000005,0.0,0.089408,0.0
33.2,39.9611917,-106.2164519,2483.5104,6.1874400000000005,0.0,0.089408,0.0
33.3,39.96119183,-106.2164524,2483.5104,6.1874400000000005,0.491744,0.089408,0.0
33.4,39.96119188,-106.2164525,2483.5104,6.1874400000000005,0.0,0.089408,0.0
33.5,39.96119192,-106.2164527,2483.5104,6.1874400000000005,0.0,0.089408,0.0
33.599999999999994,39.96119191,-106.2164528,2483.5104,6.1874400000000005,0.0,0.089408,0.0
33.7,39.9611919,-106.216453,2483.8152,6.30936,0.0,0.0,0.0
33.8,39.96119166,-106.2164531,2483.8152,6.30936,0.0,0.0,0.0
33.9,39.96119162,-106.2164532,2483.8152,6.30936,0.0,0.089408,0.0
34.0,39.96119161,-106.2164533,2483.8152,6.30936,0.0,0.089408,0.0
34.099999999999994,39.96119159,-106.2164534,2483.5104,6.1874400000000005,0.491744,0.089408,0.0
34.2,39.96119162,-106.2164534,2483.5104,6.1874400000000005,0.0,0.089408,0.0
34.3,39.96119158,-106.2164534,2483.5104,6.1874400000000005,0.0,0.089408,0.0
34.4,39.96119154,-106.2164534,2483.5104,6.1874400000000005,0.0,0.089408,0.0
34.5,39.96119148,-106.2164534,2483.5104,6.1874400000000005,0.0,0.089408,0.0
34.599999999999994,39.9611915,-106.2164535,2483.5104,6.1874400000000005,0.491744,0.089408,0.0
34.7,39.96119147,-106.2164536,2483.5104,6.1874400000000005,0.0,0.0,0.0
34.8,39.96119149,-106.2164536,2483.5104,6.1874400000000005,0.0,0.0,0.0
34.9,39.96119155,-106.2164536,2483.5104,6.1874400000000005,0.0,0.0,0.0
35.0,39.96119168,-106.2164534,2483.5104,6.1874400000000005,0.0,0.0,0.0
35.099999999999994,39.96119173,-106.2164534,2483.5104,6.1874400000000005,0.0,0.0,0.0
35.2,39.96119175,-106.2164534,2483.5104,6.1874400000000005,0.0,0.089408,0.0
35.3,39.96119176,-106.2164534,2483.5104,6.1874400000000005,0.0,0.0,0.0
35.4,39.96119178,-106.2164534,2483.5104,6.1874400000000005,0.491744,0.089408,0.0
35.5,39.96119181,-106.2164535,2483.5104,6.096,0.0,0.089408,0.0
35.599999999999994,39.96119179,-106.2164535,2483.5104,6.096,0.0,0.089408,0.0
35.7,39.96119178,-106.2164536,2483.5104,6.1874400000000005,0.0,0.0,0.0
35.8,39.96119176,-106.2164536,2483.5104,6.1874400000000005,0.0,0.0,0.0
35.9,39.96119172,-106.2164538,2483.5104,6.1874400000000005,0.0,0.0,0.0
36.0,39.96119172,-106.2164537,2483.5104,6.1874400000000005,0.0,0.089408,0.0
36.1,39.96119174,-106.2164537,2483.5104,6.1874400000000005,0.0,0.089408,0.0
36.2,39.96119179,-106.2164537,2483.5104,6.1874400000000005,0.0,0.089408,0.0
36.3,39.96119183,-106.2164536,2483.5104,6.1874400000000005,0.0,0.0,0.0
36.4,39.96119184,-106.2164536,2483.5104,6.1874400000000005,0.0,0.089408,0.0
36.5,39.96119183,-106.2164536,2483.5104,6.1874400000000005,0.0,0.089408,0.0
36.6,39.9611918,-106.2164536,2483.5104,6.1874400000000005,0.0,0.089408,0.0
36.7,39.96119181,-106.2164536,2483.5104,6.1874400000000005,0.0,0.089408,0.0
36.8,39.96119179,-106.2164536,2483.5104,6.1874400000000005,0.0,0.089408,0.0
36.9,39.96119177,-106.2164536,2483.8152,6.30936,0.0,0.0,0.0
37.0,39.96119175,-106.2164536,2483.8152,6.30936,0.0,0.0,0.0
37.1,39.96119174,-106.2164536,2483.8152,6.30936,0.491744,0.0,0.0
37.2,39.96119168,-106.2164536,2483.8152,6.30936,0.0,0.0,0.0
37.3,39.96119165,-106.2164535,2483.8152,6.30936,0.0,0.0,0.0
37.4,39.96119163,-106.2164535,2483.8152,6.30936,0.0,0.0,0.0
37.5,39.96119158,-106.2164536,2483.8152,6.30936,0.0,0.0,180.0
37.6,39.96119159,-106.2164537,2483.8152,6.30936,0.0,0.089408,180.0
37.7,39.9611915,-106.2164537,2483.8152,6.30936,0.0,0.089408,180.0
37.8,39.96119135,-106.2164537,2483.5104,6.1874400000000005,0.491744,0.089408,180.0
37.9,39.9611912,-106.2164537,2483.5104,6.1874400000000005,0.0,0.089408,180.0
38.0,39.96119084,-106.2164537,2483.5104,6.1874400000000005,0.0,0.089408,180.0
38.1,39.96119068,-106.2164537,2483.5104,6.1874400000000005,0.491744,0.089408,180.0
38.2,39.96119057,-106.2164537,2483.5104,6.1874400000000005,0.0,0.089408,0.0
38.3,39.96119051,-106.2164536,2483.5104,6.1874400000000005,0.0,0.0,0.0
38.4,39.96119058,-106.2164535,2483.5104,6.1874400000000005,0.0,0.089408,0.0
38.5,39.9611906,-106.2164534,2483.5104,6.1874400000000005,0.0,0.089408,0.0
38.6,39.96119064,-106.2164535,2483.5104,6.1874400000000005,0.0,0.089408,0.0
38.7,39.96119068,-106.2164535,2483.5104,6.1874400000000005,0.0,0.089408,0.0
38.8,39.9611907,-106.2164535,2483.5104,6.1874400000000005,0.0,0.089408,0.0
38.9,39.96119074,-106.2164537,2483.5104,6.096,0.0,0.089408,0.0
39.0,39.9611907,-106.2164538,2483.5104,6.1874400000000005,0.0,0.0,0.0
39.1,39.96119065,-106.216454,2483.5104,6.1874400000000005,0.0,-0.312928,0.0
39.2,39.96119063,-106.2164541,2483.8152,6.30936,0.0,-0.715264,0.0
39.3,39.96119053,-106.2164544,2483.8152,6.4008,0.0,-1.296416,0.0
39.4,39.96119055,-106.2164546,2484.1200000000003,6.61416,0.0,-1.922272,0.0
39.5,39.96119057,-106.2164547,2484.4248,6.88848,0.0,-2.414016,270.0
39.6,39.96119058,-106.2164548,2484.7296,7.193280000000001,0.0,-2.90576,315.0
39.7,39.96119064,-106.2164549,2485.0344,7.58952,0.0,-3.397504,0.0
39.8,39.96119076,-106.216455,2485.3392000000003,7.98576,0.0,-3.79984,0.0
39.9,39.96119087,-106.216455,2485.9488,8.41248,0.0,-4.202176,0.0
40.0,39.96119101,-106.2164551,2486.2536,8.90016,0.0,-4.515104,0.0
40.1,39.96119108,-106.2164553,2486.8632,9.38784,0.0,-4.69392,0.0
40.2,39.961191,-106.2164552,2487.168,9.906,0.0,-4.783328,0.0
40.3,39.9611909,-106.2164551,2487.7776000000003,10.393680000000002,0.0,-4.91744,0.0
40.4,39.96119082,-106.2164549,2488.3872,10.91184,0.0,-5.006848,0.0
40.5,39.96119076,-106.2164547,2488.692,11.39952,0.0,-5.006848,90.0
40.6,39.96119091,-106.2164544,2489.3016,11.79576,0.0,-5.006848,90.0
40.7,39.96119096,-106.2164542,2489.6064,12.31392,0.0,-4.91744,90.0
40.8,39.96119095,-106.216454,2490.2160000000003,12.8016,0.0,-4.91744,90.0
40.9,39.96119096,-106.2164537,2490.8256,13.289280000000002,0.0,-4.91744,90.0
41.0,39.96119119,-106.2164534,2491.1304,13.80744,0.0,-4.91744,90.0
41.1,39.96119129,-106.2164532,2491.74,14.29512,0.0,-4.91744,90.0
41.2,39.96119139,-106.216453,2492.0448,14.69136,0.0,-4.91744,0.0
41.3,39.96119147,-106.2164529,2492.6544000000004,15.20952,0.0,-4.91744,0.0
41.4,39.96119163,-106.216453,2492.9592,15.605760000000002,0.0,-4.91744,0.0
41.5,39.96119167,-106.216453,2493.5688,16.18488,0.0,-4.91744,0.0
41.6,39.96119176,-106.216453,2493.8736000000004,16.6116,0.0,-4.783328,0.0
41.7,39.96119187,-106.216453,2494.4832,17.09928,0.0,-4.783328,0.0
41.8,39.96119192,-106.2164531,2494.788,17.49552,0.0,-4.783328,0.0
41.9,39.96119198,-106.2164532,2495.3976,18.01368,0.0,-4.91744,0.0
42.0,39.96119203,-106.2164532,2496.0072,18.50136,0.0,-4.91744,0.0
42.1,39.96119209,-106.2164532,2496.3120000000004,18.98904,0.0,-4.91744,0.0
42.2,39.96119218,-106.2164533,2496.9216,19.38528,0.0,-4.91744,0.0
42.3,39.96119227,-106.2164534,2497.2264,19.90344,0.0,-4.783328,0.0
42.4,39.96119225,-106.2164535,2497.836,20.391120000000004,0.0,-4.380992,0.0
42.5,39.9611922,-106.2164536,2498.1408,20.787360000000003,0.0,-3.889248,0.0
42.6,39.96119209,-106.2164537,2498.4456,21.092160000000003,0.0,-3.308096,180.0
42.7,39.96119186,-106.2164538,2498.7504,21.396960000000004,0.0,-2.68224,180.0
42.8,39.96119152,-106.216454,2499.0552,21.61032,0.0,-2.01168,180.0
42.9,39.96119108,-106.2164541,2499.36,21.7932,0.0,-1.296416,180.0
43.0,39.96119041,-106.2164542,2499.36,21.7932,0.67056,-0.581152,180.0
43.1,39.96118938,-106.216454,2499.0552,21.701760000000004,1.0728959999999998,-0.22352,180.0
43.2,39.96118806,-106.2164542,2499.0552,21.701760000000004,1.34112,0.0,183.0127875041833
43.3,39.96118646,-106.2164544,2499.0552,21.701760000000004,1.654048,0.089408,186.3401917459099
43.4,39.96118431,-106.2164548,2499.0552,21.701760000000004,2.101088,0.089408,189.46232220802565
43.5,39.96118086,-106.2164543,2499.0552,21.701760000000004,3.12928,0.089408,190.3888578154696
43.6,39.96117827,-106.2164551,2499.36,21.7932,3.3528,0.0,193.43102887068164
43.7,39.96117562,-106.2164561,2499.36,21.7932,2.995168,0.0,195.52411099675425
43.8,39.96117262,-106.2164573,2499.36,21.7932,3.263392,0.0,193.3245312618908
43.9,39.96116957,-106.2164586,2499.36,21.7932,3.531616,0.0,195.19524852681988
44.0,39.96116577,-106.2164584,2499.36,21.7932,3.844544,0.0,192.9465095156369
44.1,39.96116232,-106.2164595,2499.36,21.7932,4.02336,0.0,193.4486150516865
44.2,39.96115851,-106.2164608,2499.36,21.7932,4.202176,0.0,194.8934729588416
44.3,39.96115474,-106.2164622,2499.0552,21.701760000000004,4.336288,0.0,196.48445318953569
44.4,39.9611509,-106.2164631,2499.0552,21.701760000000004,4.380992,0.0,196.7502645050257
44.5,39.96114695,-106.2164649,2499.0552,21.701760000000004,4.4704,0.0,197.94244708915863
44.6,39.96114258,-106.2164668,2499.0552,21.701760000000004,4.872736,0.0,197.8188889145228
44.7,39.96113828,-106.2164688,2499.0552,21.701760000000004,5.096256,0.0,198.434948822922
44.8,39.96113333,-106.2164706,2499.0552,21.701760000000004,5.409184,0.0,198.57927038044468
44.9,39.9611286,-106.2164729,2499.0552,21.701760000000004,5.677408,0.0,199.2692943984688
45.0,39.96112337,-106.2164755,2499.0552,21.701760000000004,5.900928,0.0,200.162603990786
45.1,39.96111828,-106.2164781,2499.0552,21.701760000000004,6.169152,0.0,200.65258393111355
45.2,39.96111238,-106.2164808,2499.36,21.7932,6.526784,0.0,201.1247191460725
45.3,39.96110709,-106.2164836,2499.36,21.7932,6.660896,0.0,201.5124042223464
45.4,39.96110141,-106.2164866,2499.0552,21.701760000000004,6.571488,0.0,201.23061114004625
45.5,39.96109592,-106.2164896,2499.0552,21.701760000000004,6.750304,0.0,201.66115082034665
45.6,39.96109026,-106.2164927,2499.0552,21.701760000000004,6.750304,0.0,202.07719931553632
45.7,39.96108488,-106.2164957,2499.0552,21.701760000000004,6.660896,0.0,202.47943439710312
45.8,39.9610787,-106.2164992,2499.0552,21.701760000000004,6.973824,0.0,202.78240573048168
45.9,39.9610727,-106.2165026,2499.0552,21.61032,7.37616,0.0,203.15308156411356
46.0,39.96106627,-106.2165064,2499.0552,21.61032,7.554975999999999,0.0,203.5121686622856
46.1,39.96105955,-106.2165104,2499.0552,21.61032,8.04672,0.0,203.72503002829328
46.2,39.96105314,-106.2165142,2499.0552,21.61032,8.002016,0.0,204.36245301531216
46.3,39.96104698,-106.2165179,2499.0552,21.61032,7.689088,0.0,204.36245301531216
46.4,39.96104036,-106.2165219,2499.0552,21.701760000000004,7.867904,-0.22352,205.2696387452689
46.5,39.96103406,-106.2165258,2499.0552,21.701760000000004,7.957312,-0.402336,206.01014572336783
46.6,39.96102721,-106.2165303,2499.0552,21.701760000000004,8.180832,-0.715264,206.8372381058151
46.7,39.96102058,-106.2165348,2499.36,21.7932,8.404352,-0.983488,207.10176409167985
46.8,39.96101345,-106.2165397,2499.36,21.91512,8.627872,-1.296416,207.73154612507716
46.9,39.96100633,-106.216545,2499.36,22.098000000000003,9.030208,-1.609344,207.97158458138145
47.0,39.96099894,-106.2165503,2499.6648,22.31136,9.209024,-1.78816,208.70008928313567
47.1,39.96099187,-106.2165555,2499.9696,22.49424,9.16432,-1.6987519999999998,208.70008928313567
47.2,39.96098439,-106.2165609,2499.9696,22.707600000000003,9.253728,-1.385824,209.710008641776
47.3,39.96097728,-106.216566,2500.2744,22.79904,9.253728,-0.983488,208.9720850305736
47.4,39.96096977,-106.2165718,2500.2744,22.89048,9.343136,-0.581152,209.24882633654693
47.5,39.96096275,-106.216577,2500.2744,23.0124,9.343136,-0.312928,209.24882633654693
47.6,39.96095542,-106.2165824,2500.2744,22.89048,9.16432,-0.089408,208.9720850305736
47.7,39.96094842,-106.2165876,2500.2744,22.89048,9.16432,0.0,208.9720850305736
47.8,39.96094119,-106.2165928,2500.2744,22.79904,9.074912,0.0,208.43273001651212
47.9,39.96093413,-106.2165979,2500.2744,22.79904,9.074912,0.0,208.43273001651212
48.0,39.96092662,-106.2166034,2500.2744,22.79904,9.253728,0.0,208.89485791585116
48.1,39.96091945,-106.2166086,2499.9696,22.707600000000003,9.343136,0.089408,208.89485791585116
48.2,39.96091196,-106.2166145,2499.9696,22.707600000000003,9.432544,0.089408,208.9760809236892
48.3,39.96090474,-106.2166199,2499.9696,22.707600000000003,9.477248,0.089408,208.9760809236892
48.4,39.96089693,-106.2166257,2499.9696,22.58568,9.656064,0.0,208.71711587097792
48.5,39.96088948,-106.2166313,2499.9696,22.58568,9.790176,0.0,209.18382304894345
48.6,39.9608812,-106.2166376,2499.9696,22.58568,10.103104,0.0,209.18382304894345
48.7,39.9608737,-106.2166431,2499.9696,22.58568,10.103104,0.0,208.9264258352536
48.8,39.96086593,-106.2166487,2499.9696,22.58568,9.745472,0.0,209.13055957315893
48.9,39.96085847,-106.2166541,2499.9696,22.58568,9.656064,0.0,208.7543669545257
49.0,39.96085047,-106.2166598,2499.9696,22.49424,9.83488,0.0,208.5084736940861
49.1,39.96084306,-106.2166652,2499.9696,22.49424,9.790176,0.0,208.5084736940861
49.2,39.96083463,-106.2166712,2499.9696,22.49424,10.0584,-0.089408,208.2664057824041
49.3,39.9608266,-106.2166769,2499.9696,22.49424,10.416032,0.0,208.0280830856524
49.4,39.96081834,-106.2166827,2499.9696,22.49424,10.28192,-0.22352,208.0280830856524
49.5,39.96081019,-106.2166888,2499.9696,22.49424,10.460736,-0.089408,208.0280830856524
49.6,39.96080182,-106.2166947,2499.9696,22.49424,10.50544,0.0,207.67745079337575
49.7,39.9607938,-106.2167002,2499.9696,22.49424,10.326624,-0.089408,207.23514669930253
49.8,39.96078534,-106.2167059,2499.9696,22.49424,10.371328,-0.089408,207.00833656436316
49.9,39.9607774,-106.2167116,2499.9696,22.49424,10.326624,-0.089408,207.00833656436316
50.0,39.96076878,-106.2167174,2499.9696,22.49424,10.416032,-0.089408,206.7849955075022
50.1,39.96076051,-106.2167228,2499.9696,22.49424,10.550144,-0.089408,206.565051177078
50.2,39.9607516,-106.2167286,2499.9696,22.49424,10.684256,-0.089408,206.565051177078
50.3,39.96074327,-106.2167345,2499.9696,22.58568,10.773664,-0.089408,206.565051177078
50.4,39.96073464,-106.2167401,2499.9696,22.49424,10.594848,-0.089408,206.24134965215777
50.5,39.96072638,-106.2167454,2499.9696,22.49424,10.50544,-0.089408,206.02959219151347
50.6,39.96071752,-106.2167511,2499.9696,22.49424,10.594848,-0.089408,205.82099197418927
50.7,39.96070902,-106.2167565,2499.9696,22.49424,10.72896,-0.089408,205.82099197418927
50.8,39.96070003,-106.2167624,2499.9696,22.49424,10.863072,-0.089408,205.61548432064217
50.9,39.96069133,-106.2167678,2499.9696,22.49424,10.95248,-0.089408,204.8896011633104
51.0,39.96068213,-106.2167735,2499.9696,22.49424,10.997184,-0.089408,204.69398512804423
51.1,39.96067325,-106.2167789,2499.9696,22.49424,11.086592,-0.089408,204.501231448621
51.2,39.96066324,-106.216785,2499.9696,22.49424,11.578335999999998,-0.089408,204.31128202495543
51.3,39.96065407,-106.2167904,2499.9696,22.49424,11.757152,-0.089408,203.8925023080266
51.4,39.96064473,-106.2167958,2499.9696,22.49424,11.265408,-0.089408,203.70773981470757
51.5,39.96063579,-106.216801,2499.9696,22.49424,11.131296,-0.089408,203.43559342048044
51.6,39.96062676,-106.2168062,2499.9696,22.49424,10.907775999999998,0.0,202.81166385870824
51.7,39.96061765,-106.2168113,2499.9696,22.49424,10.997184,-0.089408,202.63717485068997
51.8,39.96060796,-106.2168166,2499.9696,22.58568,11.310112,-0.089408,202.63717485068997
51.9,39.96059867,-106.2168216,2499.9696,22.49424,11.444224,-0.089408,202.05106271907675
52.0,39.96058877,-106.2168271,2499.9696,22.58568,11.578335999999998,-0.22352,201.8840277124547
52.1,39.96057929,-106.2168321,2499.9696,22.58568,11.667744,-0.22352,201.63794122942892
52.2,39.9605692,-106.2168373,2499.9696,22.58568,11.712448,-0.089408,201.4767909795404
52.3,39.96055953,-106.2168422,2499.9696,22.58568,11.801856,0.0,201.31791227546157
52.4,39.96054932,-106.2168474,2499.9696,22.58568,11.84656,0.0,201.16125981682828
52.5,39.96053941,-106.2168524,2499.9696,22.58568,12.025376,0.0,200.93035901125867
52.6,39.96052901,-106.2168577,2499.9696,22.58568,12.114784,0.0,200.93035901125867
52.7,39.96051906,-106.2168627,2499.9696,22.58568,12.159488,0.0,200.77908129699185
52.8,39.96050855,-106.2168679,2499.9696,22.58568,12.159488,0.0,200.62987994612615
52.9,39.96049834,-106.2168729,2499.9696,22.49424,12.2936,0.0,200.0904353620413
53.0,39.96048741,-106.2168782,2499.9696,22.49424,12.561824,0.0,199.6961816990649
53.1,39.96047702,-106.2168832,2499.9696,22.58568,12.651232,0.0,199.48612957246576
53.2,39.96046643,-106.2168882,2499.9696,22.58568,12.427712,0.0,199.34847153494744
53.3,39.96045632,-106.216893,2499.9696,22.58568,12.248895999999998,0.0,199.2126718171856
53.4,39.96044541,-106.2168979,2499.9696,22.58568,12.383008,0.0,199.0786945370974
53.5,39.96043501,-106.2169025,2499.9696,22.58568,12.51712,0.0,198.6930361742582
53.6,39.96042423,-106.2169072,2499.9696,22.58568,12.427712,-0.089408,198.56312708674557
53.7,39.9604139,-106.2169118,2499.9696,22.707600000000003,12.383008,-0.22352,197.98482289109188
53.8,39.96040261,-106.2169166,2500.2744,22.79904,12.651232,-0.089408,197.5971624915112
53.9,39.9603919,-106.2169211,2500.2744,22.79904,12.874752,-0.089408,197.5971624915112
54.0,39.96038093,-106.2169257,2500.2744,22.79904,12.651232,0.0,197.32949208391207
54.1,39.96037052,-106.2169299,2500.2744,22.79904,12.472416,0.0,197.32949208391207
54.2,39.96035968,-106.2169345,2500.2744,22.79904,12.383008,0.0,197.32949208391207
54.3,39.9603492,-106.2169387,2500.2744,22.79904,12.427712,0.0,196.93608386131768
54.4,39.96033821,-106.2169431,2500.2744,22.79904,12.51712,0.0,196.93608386131768
54.5,39.96032772,-106.2169472,2500.2744,22.89048,12.472416,0.0,196.34288254344187
54.6,39.96031661,-106.2169518,2500.2744,22.89048,12.561824,-0.089408,196.2273610435155
54.7,39.96030601,-106.2169559,2500.2744,22.89048,12.651232,-0.089408,195.8323866204222
54.8,39.96029485,-106.2169601,2500.2744,22.89048,12.606528,0.0,195.8323866204222
54.9,39.96028423,-106.2169641,2500.2744,22.89048,12.606528,0.0,195.27300686342352
55.0,39.96027293,-106.2169684,2500.2744,22.89048,12.695936,0.0,195.66577010971744
55.1,39.96026224,-106.2169722,2500.2744,22.89048,12.695936,0.0,195.27300686342352
55.2,39.96025099,-106.2169763,2500.2744,22.89048,12.651232,0.0,195.1662881083201
55.3,39.96024026,-106.2169802,2500.2744,22.89048,12.695936,0.0,195.1662881083201
55.4,39.96022901,-106.2169846,2500.2744,22.79904,12.74064,0.0,195.1662881083201
55.5,39.96021824,-106.2169885,2500.2744,22.79904,12.74064,0.0,194.67175079590183
55.6,39.96020685,-106.2169924,2500.2744,22.79904,12.785344,0.0,194.67175079590183
55.7,39.960196,-106.2169961,2500.2744,22.79904,12.785344,0.089408,194.0852560988396
55.8,39.96018459,-106.2169999,2499.9696,22.707600000000003,12.785344,0.089408,193.69257110580227
55.9,39.96017365,-106.2170037,2499.9696,22.707600000000003,12.830048,0.089408,193.29857033049427
56.0,39.96016215,-106.2170073,2499.9696,22.707600000000003,12.874752,0.0,193.20592798166845
56.1,39.96015119,-106.2170106,2499.9696,22.707600000000003,12.830048,0.0,192.81320595903745
56.2,39.96013968,-106.2170141,2500.2744,22.79904,12.830048,0.0,192.81320595903745
56.3,39.96012856,-106.2170176,2500.2744,22.79904,12.919455999999998,0.0,192.81320595903745
56.4,39.96011682,-106.2170211,2500.2744,22.79904,13.053568,0.0,192.81320595903745
56.5,39.96010569,-106.2170244,2500.2744,22.79904,13.053568,0.0,192.81320595903745
56.6,39.96009439,-106.2170277,2500.2744,22.79904,12.785344,0.0,192.81320595903745
56.7,39.96008369,-106.2170309,2500.2744,22.79904,12.561824,0.0,192.81320595903745
56.8,39.96007223,-106.2170343,2500.2744,22.79904,12.651232,0.0,192.81320595903745
56.9,39.96006132,-106.2170375,2500.2744,22.79904,12.74064,0.0,192.2218298148478
57.0,39.96004987,-106.2170408,2500.2744,22.79904,12.74064,0.0,191.70290148022136
57.1,39.96003891,-106.2170443,2499.9696,22.707600000000003,12.785344,0.0,191.70290148022136
57.2,39.9600273,-106.2170475,2500.2744,22.79904,12.874752,0.0,191.3099324740202
57.3,39.96001624,-106.2170505,2499.9696,22.707600000000003,12.874752,0.0,191.3099324740202
57.4,39.96000461,-106.2170536,2500.2744,22.79904,12.874752,0.0,191.3099324740202
57.5,39.95999354,-106.2170565,2500.2744,22.79904,12.874752,0.0,190.91588243169303
57.6,39.95998169,-106.2170595,2499.9696,22.707600000000003,13.008864,0.0,190.84030545433052
57.7,39.95997057,-106.2170623,2500.2744,22.79904,13.008864,0.0,190.25119875081745
57.8,39.95995884,-106.2170652,2500.2744,22.79904,12.919455999999998,0.0,190.25119875081745
57.9,39.95994767,-106.2170679,2500.2744,22.79904,12.96416,0.0,190.25119875081745
58.0,39.95993584,-106.2170709,2500.2744,22.79904,13.008864,0.0,190.25119875081745
58.1,39.95992468,-106.2170736,2500.2744,22.89048,13.008864,0.0,190.25119875081745
58.2,39.95991287,-106.2170764,2500.2744,22.79904,13.008864,0.0,190.18052228180528
58.3,39.95990161,-106.2170791,2500.2744,22.79904,13.053568,0.0,190.18052228180528
58.4,39.95988957,-106.2170819,2500.2744,22.79904,13.18768,0.0,190.1108036223846
58.5,39.95987825,-106.2170845,2500.2744,22.79904,13.18768,0.0,190.1108036223846
58.6,39.95986636,-106.2170874,2500.2744,22.79904,13.098272,0.0,190.0079798014413
58.7,39.95985501,-106.2170901,2500.2744,22.79904,13.142976,0.0,189.62299419154945
58.8,39.959843,-106.217093,2499.9696,22.707600000000003,13.18768,0.0,189.94057303311305
58.9,39.95983143,-106.2170956,2499.9696,22.707600000000003,13.321792,0.0,189.5580810818399
59.0,39.95981868,-106.2170985,2499.9696,22.707600000000003,13.724128,-0.089408,189.4940298857589
59.1,39.95980664,-106.2171012,2499.9696,22.707600000000003,13.992352,-0.089408,189.11315557507544
59.2,39.95979464,-106.2171038,2500.2744,22.79904,13.545312,0.0,189.11315557507544
59.3,39.95978263,-106.2171063,2499.9696,22.707600000000003,13.545312,0.0,189.11315557507544
59.4,39.95977058,-106.2171088,2499.9696,22.707600000000003,13.545312,0.0,188.7314672694142
59.5,39.95975914,-106.2171111,2499.9696,22.707600000000003,13.232384,0.0,188.7314672694142
59.6,39.95974733,-106.2171134,2499.9696,22.707600000000003,13.098272,0.0,188.7314672694142
59.7,39.95973684,-106.2171153,2499.9696,22.707600000000003,12.51712,-0.089408,188.34899633985648
59.8,39.95972484,-106.2171177,2499.9696,22.707600000000003,12.651232,-0.089408,188.34899633985648
59.9,39.95971337,-106.2171199,2499.9696,22.707600000000003,13.18768,-0.089408,188.34899633985648
60.0,39.95970092,-106.2171223,2499.9696,22.707600000000003,13.455904,-0.089408,188.34899633985648
60.1,39.95968847,-106.2171247,2499.9696,22.707600000000003,13.992352,-0.089408,188.34899633985648
60.2,39.95967614,-106.2171271,2499.9696,22.707600000000003,13.902944,0.0,188.34899633985648
60.3,39.95966444,-106.2171293,2499.9696,22.58568,13.500608,0.0,187.77389214987065
60.4,39.95965255,-106.2171316,2499.9696,22.58568,13.277088,0.0,187.72182580013097
60.5,39.95964155,-106.2171336,2499.9696,22.58568,12.874752,0.0,187.72182580013097
60.6,39.95962943,-106.2171358,2499.9696,22.58568,12.96416,0.0,187.72182580013097
60.7,39.95961791,-106.2171378,2499.9696,22.58568,13.277088,0.0,187.72182580013097
60.8,39.95960597,-106.2171399,2499.9696,22.58568,13.18768,0.0,187.72182580013097
60.9,39.95959459,-106.2171419,2499.9696,22.49424,13.098272,0.0,187.34005371105312
61.0,39.95958159,-106.2171443,2499.9696,22.49424,13.679424,0.0,186.9576251487757
61.1,39.95956904,-106.2171464,2499.9696,22.49424,14.349984,0.0,187.34005371105312
61.2,39.95955727,-106.2171483,2499.9696,22.49424,13.63472,-0.22352,187.34005371105312
61.3,39.95954546,-106.2171503,2499.9696,22.58568,13.232384,-0.089408,187.34005371105312
61.4,39.95953222,-106.2171527,2499.9696,22.58568,14.037056,0.0,187.34005371105312
61.5,39.95952035,-106.2171548,2499.9696,22.49424,14.08176,0.0,187.0046472412945
61.6,39.95950811,-106.2171568,2499.9696,22.49424,13.545312,0.0,187.0046472412945
61.7,39.95949653,-106.2171587,2499.6648,22.402800000000003,13.366496,0.0,187.0523060078412
61.8,39.9594855,-106.2171606,2499.9696,22.49424,12.651232,0.0,187.0523060078412
61.9,39.95947431,-106.2171624,2499.9696,22.49424,12.472416,0.0,186.66413729241256
62.0,39.95946208,-106.2171643,2499.9696,22.58568,13.098272,-0.089408,186.61905331547703
62.1,39.95944983,-106.2171662,2499.9696,22.58568,13.724128,-0.22352,186.61905331547703
62.2,39.95943796,-106.2171682,2499.9696,22.707600000000003,13.500608,-0.089408,186.03954198916355
62.3,39.95942642,-106.21717,2499.9696,22.707600000000003,13.098272,-0.089408,186.03954198916355
62.4,39.95941425,-106.2171718,2499.9696,22.707600000000003,13.277088,-0.089408,186.03954198916355
62.5,39.9594027,-106.2171734,2499.9696,22.707600000000003,13.277088,0.0,186.03954198916355
62.6,39.95939089,-106.2171751,2499.9696,22.707600000000003,13.053568,-0.089408,186.03954198916355
62.7,39.95938005,-106.2171766,2500.2744,22.79904,12.651232,0.0,186.03954198916355
62.8,39.95936769,-106.2171784,2500.2744,22.79904,12.96416,0.0,186.03954198916355
62.9,39.95935596,-106.21718,2500.2744,22.79904,13.455904,0.0,186.08074093281695
63.0,39.95934379,-106.2171818,2500.2744,22.79904,13.366496,0.0,185.69109814692396
63.1,39.95933095,-106.2171836,2500.2744,22.89048,13.992352,0.0,185.69109814692396
63.2,39.95931981,-106.2171851,2500.2744,22.89048,13.4112,0.0,185.69109814692396
63.3,39.95930869,-106.2171866,2500.2744,22.89048,12.427712,0.0,185.73022170114183
63.39999999999999,39.95929681,-106.2171882,2500.2744,22.89048,12.874752,0.0,185.3373999884427
63.5,39.95928596,-106.2171896,2500.2744,23.0124,12.695936,0.0,185.3373999884427
63.6,39.95927405,-106.2171911,2500.2744,23.0124,12.74064,0.089408,184.9440744107978
63.7,39.95926272,-106.2171925,2500.5792,23.10384,12.96416,0.089408,184.9440744107978
63.8,39.95925068,-106.2171939,2500.5792,23.10384,13.053568,0.089408,185.3373999884427
63.89999999999999,39.95923882,-106.2171953,2500.5792,23.10384,13.321792,0.0,185.3373999884427
64.0,39.95922684,-106.2171968,2500.5792,23.10384,13.321792,0.0,184.91026122158257
64.1,39.9592148,-106.2171983,2500.5792,23.10384,13.4112,0.0,184.9440744107978
64.2,39.95920315,-106.2171996,2500.5792,23.10384,13.232384,0.0,184.9440744107978
64.3,39.95919155,-106.2172009,2500.5792,23.19528,12.96416,0.0,184.3987053549955
64.39999999999999,39.95917903,-106.2172023,2500.5792,23.19528,13.455904,0.0,184.99567424150817
64.5,39.95916774,-106.2172035,2500.5792,23.19528,13.277088,0.0,185.0306751409608
64.6,39.95915629,-106.2172048,2500.5792,23.19528,12.695936,0.089408,184.46084825851656
64.7,39.95914544,-106.217206,2500.5792,23.19528,12.427712,0.089408,184.46084825851656
64.8,39.9591347,-106.2172073,2500.5792,23.19528,12.07008,0.089408,184.0567378612949
64.89999999999999,39.95912376,-106.2172084,2500.5792,23.19528,12.07008,0.089408,184.0567378612949
65.0,39.95911212,-106.2172096,2500.5792,23.19528,12.606528,0.089408,184.0567378612949
65.1,39.95910107,-106.2172106,2500.5792,23.19528,12.651232,0.22352,183.65222278030632
65.2,39.95908919,-106.2172118,2500.5792,23.10384,12.785344,0.22352,184.0567378612949
65.3,39.95907813,-106.2172128,2500.5792,23.10384,12.785344,0.22352,183.65222278030632
65.39999999999999,39.9590665,-106.217214,2500.2744,23.0124,12.651232,0.22352,184.0567378612949
65.5,39.95905542,-106.2172151,2500.5792,23.10384,12.651232,0.089408,184.0567378612949
65.6,39.95904355,-106.2172165,2500.5792,23.10384,12.785344,0.0,184.0567378612949
65.7,39.95903245,-106.2172177,2500.5792,23.10384,12.830048,0.089408,184.46084825851656
65.8,39.95902074,-106.217219,2500.5792,23.10384,12.74064,0.089408,184.46084825851656
65.89999999999999,39.9590096,-106.2172202,2500.2744,23.0124,12.74064,0.089408,184.46084825851656
66.0,39.95899788,-106.2172214,2500.2744,23.0124,12.74064,0.312928,184.0567378612949
66.1,39.95898647,-106.2172227,2500.2744,22.89048,12.874752,0.581152,184.0567378612949
66.2,39.95897457,-106.2172238,2500.2744,22.79904,13.008864,1.207008,183.7179641033032
66.3,39.95896344,-106.2172248,2499.9696,22.58568,12.830048,1.78816,182.72631099390625
66.39999999999999,39.95895237,-106.2172255,2499.6648,22.402800000000003,12.338304,2.414016,182.3243829709481
66.5,39.95894182,-106.2172259,2499.36,22.098000000000003,12.025376,3.084576,181.50743575877496
66.6,39.95893095,-106.2172263,2499.0552,21.701760000000004,11.935968,3.79984,180.43736386752076
66.7,39.95892072,-106.2172265,2498.7504,21.30552,11.712448,4.202176,180.0
66.8,39.9589099,-106.2172265,2498.1408,20.787360000000003,11.712448,4.515104,180.0
66.89999999999999,39.95889951,-106.2172262,2497.836,20.29968,11.801856,4.783328,179.55412744806756
67.0,39.95888921,-106.2172261,2497.2264,19.69008,11.488928,5.006848,178.8854367275153
67.1,39.95887943,-106.2172259,2496.6168,19.2024,11.176,5.006848,178.8854367275153
67.2,39.9588691,-106.2172257,2496.0072,18.71472,11.176,5.096256,178.8854367275153
67.3,39.95886001,-106.2172259,2495.3976,18.10512,10.818368,5.096256,178.8854367275153
67.39999999999999,39.95884957,-106.2172258,2495.0928000000004,17.58696,10.863072,5.096256,178.8854367275153
67.5,39.95883962,-106.2172257,2494.4832,17.09928,11.310112,5.006848,178.8982938847937
67.6,39.95882906,-106.2172256,2493.8736000000004,16.48968,11.39952,5.096256,178.8982938847937
67.7,39.95881898,-106.2172256,2493.264,16.002000000000002,11.488928,5.006848,179.56263613247927
67.8,39.9588079,-106.2172263,2492.9592,15.51432,11.757152,4.604512000000001,180.0
67.89999999999999,39.95879752,-106.2172265,2492.3496,14.99616,11.935968,3.889248,180.0
68.0,39.95878647,-106.2172268,2492.0448,14.69136,11.935968,3.308096,181.05699777678487
68.1,39.95877595,-106.2172272,2491.74,14.38656,12.025376,2.592832,181.50743575877496
68.2,39.95876472,-106.2172281,2491.74,14.20368,12.114784,2.01168,182.86240522611172
68.3,39.95875455,-106.2172289,2491.4352000000003,13.898880000000002,11.935968,2.190496,182.9184347207816
68.39999999999999,39.95874405,-106.2172299,2491.1304,13.80744,11.488928,2.101088,184.15128526642167
68.5,39.95873425,-106.217231,2490.8256,13.50264,11.310112,2.01168,184.72445169717088
68.6,39.95872379,-106.2172322,2490.8256,13.289280000000002,11.310112,2.101088,184.72445169717088
68.7,39.95871422,-106.2172335,2490.5208,13.1064,11.176,2.01168,185.2592675592492
68.8,39.95870405,-106.2172348,2490.5208,13.014960000000002,11.041888,1.78816,186.49934627965456
68.89999999999999,39.95869445,-106.217236,2490.2160000000003,12.8016,11.041888,1.78816,186.55418059039275
69.0,39.95868376,-106.2172375,2490.2160000000003,12.710160000000002,11.354816,1.609344,186.60994389363
69.1,39.95867454,-106.2172388,2489.9112,12.4968,11.131296,1.385824,186.8127808593524
69.2,39.95866531,-106.2172404,2489.6064,12.31392,10.326624,1.296416,187.09251732827303
69.3,39.95865681,-106.2172418,2489.6064,12.192,9.924288,1.207008,187.32640666016957
69.39999999999999,39.95864799,-106.2172434,2489.6064,12.100560000000002,9.700768,1.207008,187.16044972689116
69.5,39.95863969,-106.2172452,2489.3016,11.79576,9.61136,1.385824,186.604835496754
69.6,39.95863209,-106.2172465,2488.9968000000003,11.61288,8.9408,1.519936,186.9301334966632
69.7,39.95862518,-106.2172477,2488.692,11.39952,8.136128,1.609344,187.16530873291592
69.8,39.95861831,-106.2172489,2488.692,11.18616,7.733792,1.6987519999999998,187.46056612616837
69.89999999999999,39.95861307,-106.2172505,2488.3872,11.00328,6.8397120000000005,1.922272,187.68672168146836
70.0,39.95860655,-106.2172518,2488.0824,10.78992,6.660896,2.01168,188.93561384258172
70.1,39.95860051,-106.2172532,2487.7776000000003,10.48512,7.1079360000000005,2.101088,189.22082404063792
70.2,39.95859419,-106.2172546,2487.7776000000003,10.30224,6.973824,2.190496,189.34002617280527
70.3,39.95858827,-106.2172567,2487.4728,10.08888,6.973824,2.279904,189.46232220802565
70.39999999999999,39.95858215,-106.2172583,2487.168,9.906,6.884416,2.414016,189.46232220802565
70.5,39.95857642,-106.2172597,2486.8632,9.6012,6.750304,2.414016,189.58783302481865
70.6,39.95857053,-106.2172612,2486.8632,9.38784,6.571488,2.503424,189.78240703180728
70.7,39.958565,-106.2172626,2486.5584000000003,9.20496,6.48208,2.592832,189.9165261209073
70.8,39.95855898,-106.2172645,2486.2536,8.90016,6.571488,2.592832,190.05433559999437
70.89999999999999,39.95855353,-106.2172664,2486.2536,8.6868,6.571488,2.592832,190.7244485374712
71.0,39.95854825,-106.2172677,2485.9488,8.41248,6.124447999999999,2.816352,190.1407931461128
71.1,39.95854353,-106.217269,2485.644,8.10768,5.677408,2.90576,190.92280471986928
71.2,39.95853825,-106.2172706,2485.3392000000003,7.89432,5.677408,3.084576,192.05676253383265
71.3,39.95853409,-106.2172718,2485.0344,7.498080000000001,5.36448,3.218688,192.01147838636544
71.39999999999999,39.95853042,-106.217273,2484.7296,7.193280000000001,4.515104,3.397504,192.23611150941636
71.5,39.95852728,-106.2172741,2484.1200000000003,6.797040000000001,3.933952,3.621024,193.67130713219584
71.6,39.95852506,-106.2172757,2483.8152,6.4008,3.173984,3.621024,195.47863816541835
71.7,39.95852281,-106.2172767,2483.5104,6.096,2.68224,3.621024,196.50436138175505
71.8,39.95852091,-106.2172777,2483.2056,5.69976,2.414016,3.621024,196.82140989004083
71.89999999999999,39.9585195,-106.2172785,2482.9008000000003,5.39496,1.877568,3.486912,200.92450174492117
72.0,39.95851886,-106.2172798,2482.596,5.09016,1.519936,3.397504,207.47443162627712
72.1,39.95851817,-106.2172806,2482.2912,4.78536,1.162304,3.308096,219.0938588862295
72.2,39.95851782,-106.2172815,2481.9864,4.51104,0.938784,3.084576,240.64224645720876
72.3,39.95851765,-106.2172824,2481.6816000000003,4.20624,0.67056,2.592832,248.74949449286677
72.39999999999999,39.95851784,-106.2172839,2481.3768,4.1148,0.938784,2.01168,245.77225468204583
72.5,39.95851751,-106.2172851,2481.3768,3.901440000000001,1.162304,1.385824,231.3401917459099
72.6,39.95851684,-106.2172864,2481.3768,3.901440000000001,1.162304,0.804672,221.34777721969368
72.7,39.95851594,-106.2172876,2481.3768,3.901440000000001,1.34112,0.312928,212.8285417914125
72.8,39.9585146,-106.2172887,2481.3768,3.901440000000001,1.654048,0.0,209.05460409907715
72.89999999999999,39.95851292,-106.2172902,2481.3768,3.99288,2.101088,0.0,205.34617594194668
73.0,39.9585113,-106.2172914,2481.3768,4.1148,2.190496,-0.089408,204.22774531795412
73.1,39.95850964,-106.2172925,2481.3768,4.1148,2.01168,-0.22352,202.71441235316723
73.2,39.95850765,-106.2172934,2481.3768,4.1148,2.2352,-0.089408,198.79988515865267
73.3,39.95850523,-106.2172943,2481.3768,4.1148,2.592832,-0.089408,198.08344538304863
73.39999999999999,39.95850296,-106.2172951,2481.3768,4.1148,2.68224,0.0,196.50436138175505
73.5,39.95850065,-106.2172959,2481.6816000000003,4.20624,2.592832,0.0,193.06931789628217
73.6,39.95849805,-106.2172965,2481.3768,4.1148,2.816352,0.0,192.22512267573572
73.7,39.95849516,-106.2172963,2481.6816000000003,4.20624,3.084576,0.0,191.3099324740202
73.8,39.95849225,-106.2172969,2481.6816000000003,4.20624,3.218688,0.0,189.0578881286177
73.89999999999999,39.95848936,-106.2172974,2481.6816000000003,4.38912,3.263392,0.0,188.68635458123663
74.0,39.95848618,-106.2172979,2481.9864,4.51104,3.442208,0.0,188.2356193242095
74.1,39.95848289,-106.2172975,2481.9864,4.60248,3.621024,0.089408,188.02723751043197
74.2,39.95847948,-106.217298,2481.9864,4.60248,3.755136,0.089408,187.54942176826327
74.3,39.95847612,-106.2172985,2481.9864,4.60248,3.79984,0.22352,187.3737663613302
74.39999999999999,39.95847249,-106.2172991,2481.9864,4.60248,3.933952,0.22352,187.20605700138327
74.5,39.95846892,-106.2172997,2481.9864,4.60248,4.068064,0.312928,186.96825674137853
74.6,39.95846478,-106.2173,2481.9864,4.51104,4.291583999999999,0.312928,186.81821457165185
74.7,39.95846095,-106.2173006,2481.9864,4.51104,4.4704,0.22352,186.53663364879708
74.8,39.95845696,-106.2173012,2481.9864,4.51104,4.336288,0.22352,186.40435272638413
74.89999999999999,39.95845306,-106.2173018,2481.6816000000003,4.38912,4.425696,0.312928,186.21563589970265
75.0,39.95844909,-106.2173024,2481.6816000000003,4.38912,4.380992,0.22352,184.9937439858234
75.1,39.95844499,-106.2173029,2481.6816000000003,4.38912,4.515104,0.089408,183.81407483429035
75.2,39.95844054,-106.2173033,2481.6816000000003,4.38912,4.738624,0.089408,183.74298829568716
75.3,39.95843623,-106.2173037,2481.9864,4.51104,4.872736,0.0,183.64118525790133
75.39999999999999,39.95843138,-106.2173038,2481.9864,4.60248,5.051552,0.0,183.57633437499732
75.5,39.95842661,-106.2173042,2481.9864,4.69392,5.319776,0.0,183.51375026060492
75.6,39.95842225,-106.2173045,2481.9864,4.69392,5.096256,0.0,183.51375026060492
75.7,39.95841783,-106.2173048,2481.9864,4.69392,4.872736,0.0,183.4533162505311
75.8,39.95841283,-106.2173049,2482.2912,4.78536,5.230368,0.0,183.4533162505311
75.89999999999999,39.95840799,-106.2173052,2481.9864,4.69392,5.498592,0.089408,183.36646066342985
76.1,39.95839776,-106.2173058,2482.2912,4.78536,5.588,0.089408,180.91665425638527
76.2,39.95839246,-106.2173058,2482.2912,4.78536,5.766816,0.0,180.0
76.3,39.95838722,-106.2173057,2482.2912,4.907280000000001,5.856224,0.0,180.0
76.39999999999999,39.95838182,-106.2173056,2482.2912,4.99872,5.945632,-0.089408,180.0
76.5,39.95837664,-106.2173055,2482.596,5.09016,5.900928,-0.089408,180.0
76.6,39.95837119,-106.2173055,2482.596,5.09016,5.945632,0.0,180.0
76.7,39.95836608,-106.2173052,2482.596,5.30352,5.856224,0.0,180.0
76.8,39.95836048,-106.2173051,2482.596,5.21208,5.945632,0.0,180.0
76.89999999999999,39.95835511,-106.2173051,2482.596,5.21208,6.079744,0.089408,180.0
77.0,39.95834919,-106.217305,2482.596,5.21208,6.303264,0.089408,180.0
77.1,39.958344,-106.217305,2482.596,5.21208,6.169152,0.089408,180.0
77.2,39.95833861,-106.2173049,2482.596,5.21208,5.900928,0.089408,180.0
77.3,39.95833356,-106.2173049,2482.596,5.21208,5.81152,0.0,180.0
77.39999999999999,39.95832888,-106.217305,2482.596,5.09016,5.409184,0.089408,180.0
77.5,39.958325,-106.2173053,2482.596,5.09016,4.738624,0.089408,180.0
77.6,39.95832113,-106.2173054,2482.2912,4.99872,4.291583999999999,0.22352,181.3478872801986
77.7,39.95831785,-106.2173056,2482.2912,4.99872,3.978656,0.312928,181.54815769897797
77.8,39.95831515,-106.2173058,2482.2912,4.907280000000001,3.308096,0.312928,181.9091524329964
77.89999999999999,39.95831306,-106.217306,2482.2912,4.907280000000001,2.68224,0.312928,182.3373058591238
78.0,39.95831213,-106.2173064,2481.9864,4.69392,1.78816,0.312928,183.0127875041833
78.1,39.95831095,-106.2173067,2481.9864,4.69392,1.34112,0.402336,184.2363947990588
78.2,39.95831012,-106.2173069,2481.9864,4.69392,1.162304,0.402336,195.52411099675425
78.3,39.95830959,-106.2173072,2481.9864,4.60248,0.938784,0.491744,204.44395478041653
78.39999999999999,39.95830961,-106.2173078,2481.9864,4.60248,0.67056,0.581152,219.28940686250036
78.5,39.9583094,-106.2173083,2481.9864,4.51104,0.491744,0.581152,232.1250163489018
78.6,39.95830928,-106.2173089,2481.9864,4.51104,0.67056,0.715264,240.94539590092285
78.7,39.95830928,-106.2173095,2481.6816000000003,4.38912,0.67056,0.715264,257.4711922908485
78.8,39.9583091,-106.2173103,2481.6816000000003,4.29768,0.67056,0.804672,270.0
78.89999999999999,39.95830917,-106.217311,2481.6816000000003,4.29768,0.804672,0.804672,270.0
79.0,39.95830926,-106.217312,2481.6816000000003,4.20624,0.67056,0.715264,270.0
79.1,39.95830941,-106.2173131,2481.6816000000003,4.20624,1.0728959999999998,0.491744,275.71059313749964
79.2,39.958309,-106.2173146,2481.6816000000003,4.20624,1.162304,0.22352,282.80426606528675
79.3,39.9583092,-106.2173159,2481.6816000000003,4.20624,1.162304,0.089408,281.30993247402023
79.39999999999999,39.95830945,-106.2173174,2481.6816000000003,4.20624,1.251712,0.089408,284.5344550805401
79.5,39.95830973,-106.2173189,2481.6816000000003,4.20624,1.34112,0.089408,287.24145939894
79.6,39.95831021,-106.2173206,2481.6816000000003,4.20624,1.430528,0.089408,286.18920625702697
79.7,39.95831065,-106.2173224,2481.6816000000003,4.20624,1.56464,0.22352,287.92791976200726
79.8,39.9583111,-106.2173244,2481.6816000000003,4.20624,1.78816,0.22352,286.99082329198615
79.89999999999999,39.95831156,-106.2173264,2481.6816000000003,4.20624,1.78816,0.312928,288.8860873697093
80.0,39.9583121,-106.2173286,2481.6816000000003,4.20624,1.832864,0.22352,285.3762512488262
80.1,39.9583125,-106.2173309,2481.6816000000003,4.20624,2.01168,0.089408,284.34933204294714
80.2,39.95831305,-106.2173332,2481.6816000000003,4.29768,2.056384,0.0,283.73626830562256
80.3,39.95831355,-106.2173356,2481.6816000000003,4.38912,2.101088,0.0,283.1725534233269
80.39999999999999,39.95831407,-106.2173382,2481.6816000000003,4.38912,2.190496,0.0,280.40771131249005
80.5,39.95831463,-106.2173406,2481.9864,4.51104,2.2352,0.0,280.00797980144137
80.6,39.95831502,-106.2173434,2481.9864,4.51104,2.324608,0.0,279.4623222080256
80.7,39.95831536,-106.2173462,2481.9864,4.60248,2.45872,0.0,277.1250163489018
80.8,39.9583156,-106.2173493,2481.9864,4.60248,2.548128,0.0,276.88172363063694
80.89999999999999,39.95831579,-106.2173523,2481.9864,4.60248,2.592832,0.0,274.76364169072616
81.0,39.95831588,-106.2173555,2481.9864,4.60248,2.6375360000000003,0.0,271.81830296445185
81.1,39.95831589,-106.2173586,2481.9864,4.69392,2.68224,0.0,271.7623910236605
81.2,39.95831596,-106.2173623,2481.9864,4.69392,2.861056,0.089408,270.0
81.3,39.958316,-106.2173658,2482.2912,4.78536,3.084576,0.089408,270.0
81.39999999999999,39.95831604,-106.21737,2482.2912,4.78536,3.308096,0.089408,270.0
81.5,39.95831603,-106.2173738,2482.2912,4.78536,3.397504,0.089408,270.0
81.6,39.95831594,-106.2173778,2482.2912,4.907280000000001,3.308096,0.089408,270.0
81.7,39.95831584,-106.2173816,2482.2912,4.907280000000001,3.308096,0.089408,270.0
81.8,39.95831587,-106.2173857,2482.2912,4.907280000000001,3.442208,0.22352,268.5311992856142
81.89999999999999,39.95831577,-106.2173898,2482.2912,4.907280000000001,3.486912,0.22352,266.3322119444685
82.0,39.95831558,-106.2173941,2482.2912,4.907280000000001,3.57632,0.22352,266.4677054161091
82.1,39.95831535,-106.2173983,2482.2912,4.907280000000001,3.665728,0.22352,265.0607844578738
82.2,39.95831516,-106.2174025,2482.2912,4.907280000000001,3.531616,0.22352,263.9559078377589
82.3,39.9583148,-106.2174067,2482.2912,4.907280000000001,3.621024,0.22352,262.62623363866976
82.39999999999999,39.95831428,-106.2174116,2482.2912,4.907280000000001,3.933952,0.089408,262.7939429986167
82.5,39.95831373,-106.2174162,2482.2912,4.907280000000001,4.068064,0.089408,261.78079075110094
82.6,39.95831309,-106.2174215,2482.2912,4.907280000000001,4.291583999999999,0.0,261.78079075110094
82.7,39.95831249,-106.2174263,2482.2912,4.907280000000001,4.336288,0.0,260.1341930569156
82.8,39.95831181,-106.2174312,2482.2912,4.907280000000001,4.202176,0.0,260.34010692155766
82.89999999999999,39.95831112,-106.217436,2482.2912,4.99872,4.202176,0.0,259.38034472384487
83.0,39.95831031,-106.2174411,2482.2912,4.99872,4.291583999999999,0.0,259.38034472384487
83.1,39.95830953,-106.2174457,2482.2912,4.99872,4.202176,0.0,259.38034472384487
83.2,39.95830873,-106.217451,2482.2912,4.99872,4.291583999999999,0.0,258.4653793463553
83.3,39.95830791,-106.2174561,2482.2912,4.99872,4.4704,0.0,257.347443499442
83.39999999999999,39.95830694,-106.2174614,2482.2912,4.99872,4.559807999999999,0.0,257.347443499442
83.5,39.95830603,-106.2174665,2482.2912,4.99872,4.559807999999999,0.0,255.6889587373936
83.6,39.95830495,-106.2174718,2482.2912,4.99872,4.604512000000001,0.22352,255.03328043599515
83.7,39.95830387,-106.2174769,2482.2912,4.99872,4.604512000000001,0.402336,255.03328043599515
83.8,39.95830266,-106.2174824,2482.2912,4.907280000000001,4.649216,0.581152,253.9797076979288
83.89999999999999,39.95830141,-106.2174875,2482.2912,4.907280000000001,4.69392,0.491744,251.3950345261977
84.0,39.95829997,-106.2174931,2482.2912,4.907280000000001,4.828032,0.312928,250.3821205918817
84.1,39.9582985,-106.2174984,2482.2912,4.78536,4.91744,0.22352,249.3818118768955
84.2,39.95829682,-106.2175042,2482.2912,4.78536,5.006848,0.089408,248.3944727573615
84.3,39.95829518,-106.2175095,2482.2912,4.78536,5.096256,0.0,246.93848046770648
84.39999999999999,39.95829335,-106.2175152,2482.2912,4.907280000000001,5.051552,0.0,247.34064795999413
84.5,39.95829156,-106.2175205,2482.2912,4.907280000000001,5.096256,0.0,246.39981013208225
84.6,39.95828962,-106.2175262,2482.2912,4.99872,5.096256,0.0,246.80140948635184
84.7,39.95828773,-106.2175315,2482.2912,4.99872,5.14096,0.0,245.88580146069305
84.8,39.95828592,-106.2175369,2482.2912,4.99872,4.962144,0.0,245.88580146069305
84.89999999999999,39.95828403,-106.2175422,2482.2912,4.99872,4.962144,-0.402336,244.9831065219
85.0,39.95828189,-106.2175479,2482.596,5.09016,5.185664,-0.89408,244.0934920004856
85.1,39.9582798,-106.2175533,2482.596,5.21208,5.319776,-1.207008,243.2211595930449
85.2,39.95827749,-106.2175589,2482.9008000000003,5.39496,5.275072000000001,-1.6987519999999998,243.2211595930449
85.3,39.9582753,-106.2175643,2482.9008000000003,5.60832,5.319776,-2.101088,243.2211595930449
85.39999999999999,39.95827296,-106.2175702,2483.2056,5.91312,5.409184,-2.190496,243.2211595930449
85.5,39.95827071,-106.2175756,2483.5104,6.1874400000000005,5.453887999999999,-2.101088,242.7838884426925
85.6,39.9582682,-106.2175815,2483.8152,6.4008,5.453887999999999,-1.6987519999999998,244.0934920004856
85.7,39.95826587,-106.2175868,2484.1200000000003,6.61416,5.453887999999999,-1.296416,242.7838884426925
85.8,39.95826358,-106.2175924,2484.1200000000003,6.7056,5.275072000000001,-0.983488,241.86865763593897
85.89999999999999,39.95826139,-106.2175975,2484.1200000000003,6.797040000000001,5.185664,-0.581152,241.14433878028348
86.0,39.95825941,-106.2176026,2484.1200000000003,6.7056,4.962144,-0.312928,239.74356283647077
86.1,39.95825713,-106.2176075,2484.1200000000003,6.797040000000001,4.828032,0.0,238.86102756302117
86.2,39.95825463,-106.2176126,2484.1200000000003,6.797040000000001,5.006848,0.402336,237.4499965078066
86.3,39.95825223,-106.2176174,2484.1200000000003,6.7056,4.962144,0.804672,236.888658039628
86.39999999999999,39.95824961,-106.2176224,2484.1200000000003,6.61416,5.006848,0.983488,234.75796344134775
86.5,39.95824688,-106.217627,2483.8152,6.492240000000001,5.051552,1.1176,233.7197465062373
86.6,39.95824394,-106.2176321,2483.8152,6.4008,5.230368,1.296416,231.7889745744388
86.7,39.95824104,-106.2176369,2483.5104,6.1874400000000005,5.36448,1.207008,231.04409216224116
86.8,39.95823793,-106.2176421,2483.5104,6.096,5.409184,0.89408,229.2484545293613
86.89999999999999,39.95823464,-106.217647,2483.2056,5.91312,5.588,0.715264,227.9440463499876
87.0,39.95823132,-106.2176521,2483.2056,5.91312,5.677408,0.581152,227.9440463499876
87.1,39.95822807,-106.2176568,2483.2056,5.7912,5.588,0.402336,226.63657704161676
87.2,39.95822461,-106.2176618,2483.2056,5.7912,5.588,0.312928,225.0
87.3,39.95822122,-106.2176667,2483.2056,5.69976,5.677408,0.312928,223.36342295838327
87.39999999999999,39.95821752,-106.2176712,2483.2056,5.69976,5.677408,0.22352,221.98721249581664
87.5,39.95821393,-106.2176755,2482.9008000000003,5.60832,5.543296,0.0,220.29214775562772
87.6,39.95820998,-106.2176798,2483.2056,5.69976,5.588,0.0,219.5596679689945
87.7,39.95820595,-106.2176833,2483.2056,5.69976,5.588,0.0,218.8113840367584
87.8,39.95820216,-106.2176871,2483.2056,5.69976,5.36448,0.0,218.8113840367584
87.89999999999999,39.9581985,-106.2176906,2483.2056,5.69976,5.185664,0.0,216.28025349376267
88.0,39.95819453,-106.2176943,2482.9008000000003,5.60832,5.230368,0.0,214.91183021661
88.1,39.95819047,-106.2176978,2482.9008000000003,5.60832,5.409184,0.0,213.55493622107895
88.2,39.95818647,-106.217701,2482.9008000000003,5.60832,5.319776,0.0,211.9543629370514
88.3,39.95818242,-106.2177042,2482.9008000000003,5.60832,5.230368,0.089408,209.38415712595128
88.39999999999999,39.95817803,-106.2177073,2482.9008000000003,5.60832,5.409184,0.0,208.0724869358529
88.5,39.95817376,-106.2177101,2482.9008000000003,5.60832,5.453887999999999,0.0,206.7788404069551
88.6,39.95816887,-106.217713,2482.9008000000003,5.60832,5.632704,-0.089408,204.4824858973471
88.7,39.95816436,-106.2177156,2483.2056,5.69976,5.722112,-0.089408,203.6293777306568
88.8,39.95815955,-106.2177183,2483.2056,5.69976,5.632704,-0.089408,202.4054088833653
88.89999999999999,39.95815494,-106.2177207,2483.2056,5.69976,5.677408,0.0,202.4054088833653
89.0,39.95814983,-106.2177233,2483.2056,5.69976,5.81152,0.0,201.54097591853844
89.1,39.95814518,-106.2177256,2483.2056,5.69976,5.81152,0.0,200.6661234309533
89.2,39.95814027,-106.2177279,2482.9008000000003,5.60832,5.677408,0.089408,199.02560603756868
89.3,39.95813556,-106.21773,2483.2056,5.69976,5.677408,0.0,198.1380821555973
89.39999999999999,39.95813028,-106.2177321,2482.9008000000003,5.60832,5.856224,0.0,196.8316687582415
89.5,39.95812575,-106.2177338,2482.9008000000003,5.60832,5.677408,0.0,195.69492414342
89.6,39.95812066,-106.2177357,2483.2056,5.69976,5.588,-0.402336,195.45201064112968
89.7,39.95811572,-106.2177374,2483.2056,5.7912,5.766816,-0.983488,193.92834193915368
89.8,39.95811048,-106.2177391,2483.2056,5.91312,5.81152,-1.296416,192.5754654997444
89.89999999999999,39.95810555,-106.2177407,2483.5104,6.00456,5.81152,-1.6987519999999998,192.5754654997444
90.0,39.9581001,-106.2177421,2483.8152,6.4008,5.945632,-2.101088,191.73308415641225
90.1,39.95809454,-106.2177435,2484.1200000000003,6.61416,6.213856,-2.190496,189.46232220802565
90.2,39.95808904,-106.2177447,2484.4248,6.88848,6.25856,-2.190496,188.7461622625552
90.3,39.95808314,-106.2177459,2484.7296,7.193280000000001,6.392672,-2.190496,187.8831393167297
90.4,39.9580776,-106.2177467,2484.7296,7.40664,6.437376,-2.279904,187.0165017447229
90.5,39.95807233,-106.2177474,2485.0344,7.58952,6.03504,-2.01168,185.71059313749964
90.6,39.95806699,-106.2177481,2485.3392000000003,7.89432,5.945632,-1.519936,185.71059313749964
90.7,39.95806238,-106.2177485,2485.644,8.10768,5.543296,-1.1176,184.8365834457353
90.8,39.95805671,-106.2177491,2485.644,8.10768,5.722112,-0.804672,184.7636416907262
90.9,39.95805133,-106.2177498,2485.644,8.19912,6.169152,-0.491744,184.8365834457353
91.0,39.95804563,-106.2177503,2485.644,8.19912,6.169152,-0.089408,183.90049374238188
91.1,39.95803937,-106.217751,2485.644,8.19912,6.660896,0.0,183.0355691250556
91.2,39.9580336,-106.2177514,2485.644,8.19912,6.7056,0.312928,182.9249779491564
91.3,39.95802808,-106.2177517,2485.644,8.10768,6.303264,0.491744,182.88296345253957
91.4,39.95802238,-106.2177521,2485.3392000000003,7.98576,6.25856,0.491744,182.0309142368531
91.5,39.95801691,-106.2177523,2485.3392000000003,7.98576,6.213856,0.491744,182.00253313182688
91.6,39.95801134,-106.2177526,2485.3392000000003,7.802880000000001,6.169152,0.581152,180.7902365024292
91.7,39.95800576,-106.2177527,2485.0344,7.71144,6.169152,0.581152,180.0
91.8,39.95799981,-106.2177528,2485.0344,7.58952,6.437376,0.491744,180.0
91.9,39.95799412,-106.2177528,2485.0344,7.498080000000001,6.48208,0.402336,180.0
92.0,39.95798784,-106.2177527,2485.0344,7.498080000000001,6.660896,0.312928,178.06506769044722
92.1,39.95798201,-106.2177524,2485.0344,7.498080000000001,6.750304,0.22352,177.29208251413388
92.2,39.95797571,-106.2177519,2485.0344,7.498080000000001,6.750304,0.22352,175.8058172116091
92.3,39.95796971,-106.2177512,2485.0344,7.498080000000001,6.8397120000000005,0.089408,173.91147184580484
92.4,39.95796347,-106.2177501,2485.0344,7.498080000000001,6.8397120000000005,0.0,173.06565109873043
92.5,39.95795771,-106.2177491,2485.0344,7.498080000000001,6.750304,0.0,172.3039482779834
92.6,39.95795149,-106.2177478,2485.0344,7.498080000000001,6.750304,0.0,171.37264685593482
92.7,39.95794561,-106.2177465,2485.0344,7.498080000000001,6.795007999999999,0.0,169.4519345818578
92.8,39.95793934,-106.2177447,2485.0344,7.498080000000001,6.884416,0.0,168.5360469843074
92.9,39.95793363,-106.2177429,2485.0344,7.498080000000001,6.8397120000000005,0.0,166.6255595351289
93.0,39.95792778,-106.2177409,2485.0344,7.498080000000001,6.616192,-0.089408,165.6772800217965
93.1,39.95792227,-106.2177388,2485.0344,7.58952,6.526784,-0.089408,164.16199999863045
93.2,39.95791647,-106.2177365,2485.0344,7.58952,6.571488,-0.089408,162.0611061374732
93.3,39.95791121,-106.2177339,2485.0344,7.71144,6.48208,-0.089408,161.06466407828577
93.4,39.95790549,-106.2177312,2485.0344,7.58952,6.48208,0.0,160.31968691030966
93.5,39.9579001,-106.2177284,2485.0344,7.58952,6.616192,0.0,159.16332463505648
93.6,39.95789453,-106.2177254,2485.0344,7.58952,6.571488,0.0,157.0112831979194
93.7,39.9578892,-106.2177223,2485.0344,7.498080000000001,6.616192,0.0,155.95577673063224
93.8,39.95788385,-106.2177189,2485.0344,7.58952,6.571488,0.0,154.35899417569476
93.9,39.95787884,-106.2177156,2485.0344,7.58952,6.437376,0.0,152.87869659584135
94.0,39.95787367,-106.2177121,2485.0344,7.498080000000001,6.347968,0.0,151.75574892919894
94.1,39.95786873,-106.2177088,2485.0344,7.498080000000001,6.303264,0.089408,150.6193921387108
94.2,39.95786386,-106.2177051,2485.0344,7.498080000000001,6.213856,0.089408,148.81502534126162
94.3,39.95785939,-106.2177013,2485.0344,7.498080000000001,6.079744,0.089408,146.07020257793937
94.4,39.95785481,-106.2176972,2484.7296,7.40664,6.03504,0.089408,144.1026224882919
94.5,39.95785049,-106.2176933,2485.0344,7.498080000000001,5.990336,0.0,140.42522636842034
94.6,39.9578464,-106.2176889,2485.0344,7.498080000000001,5.856224,0.0,138.55618109425512
94.7,39.95784272,-106.2176846,2485.0344,7.498080000000001,5.722112,0.0,135.66619997018313
94.8,39.95783918,-106.2176799,2485.0344,7.498080000000001,5.543296,0.0,133.65211271980138
94.9,39.95783604,-106.2176755,2485.0344,7.58952,5.36448,0.0,130.17923392190733
95.0,39.95783282,-106.2176705,2485.0344,7.58952,5.36448,0.0,128.65980825409008
95.1,39.95782998,-106.2176657,2485.0344,7.58952,5.36448,0.0,125.24203655865222
95.2,39.9578273,-106.2176605,2485.0344,7.58952,5.230368,0.0,122.22875743509854
95.3,39.95782498,-106.2176556,2485.0344,7.71144,5.051552,0.0,119.00169942388813
95.4,39.95782258,-106.2176502,2485.0344,7.71144,5.096256,0.0,116.06466407828576
95.5,39.9578207,-106.2176453,2485.3392000000003,7.802880000000001,4.962144,0.0,113.49856567595214
95.6,39.95781914,-106.2176404,2485.3392000000003,7.802880000000001,4.604512000000001,0.0,110.28255908891664
95.7,39.95781789,-106.2176357,2485.3392000000003,7.89432,4.336288,0.0,107.4957578771864
95.8,39.95781702,-106.2176312,2485.3392000000003,7.89432,4.068064,0.0,106.03233935393598
95.9,39.95781613,-106.2176267,2485.3392000000003,7.89432,3.978656,0.0,101.6893691754392
96.0,39.95781544,-106.2176221,2485.3392000000003,7.89432,3.978656,0.0,98.69550287742476
96.1,39.95781496,-106.2176179,2485.3392000000003,7.89432,3.844544,0.0,96.1886159632416
96.2,39.95781467,-106.2176137,2485.3392000000003,7.89432,3.621024,0.0,93.53229458389092
96.3,39.9578145,-106.2176096,2485.3392000000003,7.89432,3.486912,0.0,90.0
96.4,39.95781452,-106.2176055,2485.3392000000003,7.98576,3.486912,0.0,88.45184230102205
96.5,39.95781472,-106.2176017,2485.3392000000003,7.89432,3.397504,0.0,84.44702896696322
96.6,39.95781506,-106.2175979,2485.3392000000003,7.89432,3.218688,0.0,80.94211187138234
96.7,39.95781539,-106.2175946,2485.3392000000003,7.89432,2.995168,-0.22352,76.17134902771983
96.8,39.95781614,-106.2175914,2485.3392000000003,7.89432,2.771648,-0.581152,70.97439396243135
96.9,39.95781699,-106.2175885,2485.3392000000003,7.98576,2.771648,-1.1176,67.83365417791754
97.0,39.95781783,-106.2175856,2485.644,8.19912,2.592832,-1.609344,66.948699083527
97.1,39.9578185,-106.2175834,2485.9488,8.41248,2.324608,-2.01168,67.16634582208246
97.2,39.957819,-106.2175815,2486.2536,8.6868,1.877568,-2.503424,67.83365417791754
97.3,39.95781931,-106.2175801,2486.2536,8.90016,1.519936,-2.90576,68.74949449286675
97.4,39.95781951,-106.2175792,2486.5584000000003,9.2964,1.0728959999999998,-3.308096,74.05460409907715
97.5,39.95781946,-106.2175791,2487.168,9.69264,0.491744,-3.621024,0.0
97.6,39.95781939,-106.217579,2487.4728,10.08888,0.491744,-4.02336,0.0
97.7,39.95781937,-106.2175791,2488.0824,10.60704,0.0,-4.291583999999999,315.0
97.8,39.95781943,-106.2175793,2488.3872,11.09472,0.0,-4.515104,291.8014094863518
97.9,39.95781942,-106.21758,2488.9968000000003,11.49096,0.0,-4.783328,315.0
98.0,39.95781941,-106.21758,2489.3016,12.00912,0.67056,-4.91744,0.0
98.1,39.95781941,-106.2175799,2489.9112,12.4968,0.0,-5.006848,0.0
98.2,39.95781972,-106.2175795,2490.2160000000003,12.89304,0.0,-4.91744,21.80140948635181
98.3,39.95782,-106.217579,2490.8256,13.4112,0.491744,-4.91744,45.0
98.4,39.95782093,-106.2175777,2491.1304,13.80744,0.938784,-4.783328,45.0
98.5,39.95782113,-106.2175771,2491.74,14.38656,0.938784,-4.783328,21.80140948635181
98.6,39.95782121,-106.2175766,2492.3496,14.90472,0.67056,-4.783328,90.0
98.7,39.95782123,-106.2175762,2492.6544000000004,15.300960000000002,0.491744,-4.783328,0.0
98.8,39.95782079,-106.2175754,2493.264,15.78864,0.491744,-4.783328,0.0
98.9,39.95782057,-106.2175751,2493.5688,16.3068,0.491744,-4.91744,180.0
99.0,39.95782031,-106.217575,2494.1784,16.79448,0.0,-4.783328,180.0
99.1,39.95782007,-106.217575,2494.788,17.31264,0.0,-4.783328,180.0
99.2,39.95781939,-106.2175751,2495.0928000000004,17.70888,0.491744,-4.783328,180.0
99.3,39.95781917,-106.217575,2495.7024,18.19656,0.67056,-4.91744,0.0
99.4,39.957819,-106.217575,2496.0072,18.71472,0.491744,-4.91744,0.0
99.5,39.95781886,-106.217575,2496.6168,19.2024,0.0,-4.783328,0.0
99.6,39.95781863,-106.2175752,2497.2264,19.69008,0.0,-4.91744,0.0
99.7,39.95781852,-106.2175752,2497.5312,20.20824,0.0,-4.91744,0.0
99.8,39.95781842,-106.2175752,2498.1408,20.695920000000005,0.0,-4.91744,0.0
99.9,39.95781836,-106.2175752,2498.7504,21.21408,0.491744,-4.91744,0.0
100.0,39.95781838,-106.2175752,2499.36,21.7932,0.0,-4.91744,0.0
100.1,39.95781844,-106.2175752,2499.6648,22.31136,0.0,-4.91744,0.0
100.2,39.95781844,-106.2175752,2500.2744,22.79904,0.0,-5.006848,0.0
100.3,39.95781844,-106.2175753,2500.5792,23.286720000000003,0.0,-5.006848,0.0
100.4,39.9578185,-106.2175753,2501.1888,23.80488,0.0,-5.006848,0.0
100.5,39.95781857,-106.2175753,2501.7984,24.29256,0.0,-5.006848,0.0
100.6,39.95781872,-106.2175753,2502.1032,24.810720000000003,0.0,-5.006848,0.0
100.7,39.95781889,-106.2175753,2502.7128,25.2984,0.0,-4.91744,0.0
100.8,39.95781903,-106.2175754,2503.3224,25.78608,0.0,-4.91744,0.0
100.9,39.9578191,-106.2175757,2503.6272,26.30424,0.0,-4.91744,344.05460409907715
101.0,39.95781941,-106.2175757,2504.2368,26.791920000000005,0.0,-4.91744,0.0
101.1,39.95781968,-106.2175757,2504.8464,27.40152,0.0,-5.006848,0.0
101.2,39.95781984,-106.2175757,2505.456,27.8892,0.0,-5.006848,0.0
101.3,39.95782001,-106.2175757,2505.7608,28.40736,0.0,-5.006848,0.0
101.4,39.95782018,-106.2175757,2506.3704,28.89504,0.0,-5.006848,0.0
101.5,39.95782033,-106.2175758,2506.6752,29.4132,0.0,-5.006848,0.0
101.6,39.9578204,-106.2175758,2507.2848,29.90088,0.0,-4.91744,0.0
101.7,39.95782048,-106.2175758,2507.8944,30.38856,0.0,-4.69392,0.0
101.8,39.95782058,-106.2175759,2508.1992,30.7848,0.0,-4.202176,0.0
101.9,39.95782073,-106.217576,2508.504,31.211520000000004,0.491744,-3.621024,0.0
102.0,39.95782088,-106.217576,2509.1136,31.607760000000003,0.491744,-2.90576,0.0
102.1,39.95782103,-106.2175759,2509.1136,31.79064,0.0,-2.190496,0.0
102.2,39.95782126,-106.217576,2509.4184,31.912560000000003,0.0,-1.519936,0.0
102.3,39.95782151,-106.217576,2509.4184,32.004000000000005,0.67056,-0.804672,21.80140948635181
102.4,39.95782185,-106.2175759,2509.4184,32.004000000000005,0.67056,-0.402336,45.0
102.5,39.9578222,-106.2175759,2509.4184,32.004000000000005,0.0,-0.089408,45.0
102.6,39.95782258,-106.2175758,2509.4184,31.912560000000003,0.491744,0.0,90.0
102.7,39.95782288,-106.2175759,2509.4184,31.912560000000003,0.0,0.089408,90.0
102.8,39.95782334,-106.217576,2509.4184,31.912560000000003,0.0,0.22352,0.0
102.9,39.95782379,-106.2175761,2509.1136,31.79064,0.0,0.22352,0.0
103.0,39.95782442,-106.2175766,2509.1136,31.6992,0.67056,0.22352,270.0
103.1,39.95782487,-106.217577,2509.1136,31.6992,0.804672,0.089408,270.0
103.2,39.95782541,-106.2175774,2509.1136,31.6992,0.67056,0.0,291.8014094863518
103.3,39.95782594,-106.2175779,2509.1136,31.6992,0.67056,0.0,315.0
103.4,39.95782647,-106.2175784,2509.1136,31.79064,0.67056,-0.089408,315.0
103.5,39.95782716,-106.2175792,2509.1136,31.79064,0.804672,0.0,315.0
103.6,39.95782769,-106.2175797,2509.1136,31.79064,0.938784,0.0,324.4623222080256
103.7,39.95782818,-106.2175802,2509.1136,31.79064,0.67056,0.0,324.4623222080256
103.8,39.9578287,-106.2175806,2509.1136,31.79064,0.938784,0.0,315.0
103.9,39.95782927,-106.2175811,2509.1136,31.79064,0.67056,0.0,324.4623222080256
104.0,39.95782967,-106.2175815,2509.1136,31.79064,0.67056,-0.089408,315.0
104.1,39.95782999,-106.2175819,2509.1136,31.79064,0.67056,0.0,315.0
104.2,39.95783028,-106.2175822,2509.1136,31.79064,0.0,0.0,315.0
104.3,39.95783044,-106.2175824,2509.1136,31.79064,0.0,-0.089408,315.0
104.4,39.95783069,-106.2175827,2509.1136,31.79064,0.0,-0.089408,291.8014094863518
104.5,39.9578309,-106.217583,2509.1136,31.79064,0.0,-0.089408,291.8014094863518
104.6,39.95783101,-106.2175833,2509.1136,31.79064,0.491744,0.0,291.8014094863518
104.7,39.95783088,-106.2175836,2509.1136,31.6992,0.0,0.0,270.0
104.8,39.9578309,-106.2175838,2509.1136,31.6992,0.0,0.0,270.0
104.9,39.95783086,-106.217584,2509.1136,31.6992,0.0,-0.089408,225.0
105.0,39.95783073,-106.2175841,2509.1136,31.6992,0.0,0.0,180.0
105.1,39.95783058,-106.2175841,2509.1136,31.6992,0.0,0.0,180.0
105.2,39.95783028,-106.217584,2509.1136,31.6992,0.0,-0.089408,180.0
105.3,39.95783007,-106.2175839,2509.1136,31.6992,0.0,-0.089408,180.0
105.4,39.95782983,-106.2175837,2509.1136,31.6992,0.0,-0.089408,158.19859051364824
105.5,39.95782961,-106.2175835,2509.1136,31.6992,0.491744,-0.089408,158.19859051364824
105.6,39.9578293,-106.2175833,2509.1136,31.6992,0.0,-0.089408,180.0
105.7,39.9578291,-106.2175832,2509.1136,31.79064,0.0,-0.089408,180.0
105.8,39.95782889,-106.217583,2509.1136,31.79064,0.491744,-0.089408,180.0
105.9,39.95782869,-106.2175829,2509.1136,31.79064,0.491744,-0.22352,180.0
106.0,39.95782849,-106.2175828,2509.1136,31.79064,0.491744,0.0,180.0
106.1,39.95782831,-106.2175827,2509.1136,31.79064,0.491744,0.0,180.0
106.2,39.95782813,-106.2175826,2509.1136,31.79064,0.491744,0.0,180.0
106.3,39.95782795,-106.2175825,2509.1136,31.6992,0.0,0.0,158.19859051364824
106.4,39.95782774,-106.2175822,2509.1136,31.6992,0.0,0.0,158.19859051364824
106.5,39.95782758,-106.217582,2509.1136,31.6992,0.0,0.0,135.0
106.6,39.95782744,-106.2175818,2509.1136,31.79064,0.0,0.0,135.0
106.7,39.95782732,-106.2175817,2509.1136,31.79064,0.0,-0.089408,135.0
106.8,39.95782724,-106.2175815,2509.1136,31.79064,0.0,-0.089408,135.0
106.9,39.95782723,-106.2175814,2509.4184,31.912560000000003,0.0,-0.089408,135.0
107.0,39.95782717,-106.2175812,2509.4184,31.912560000000003,0.491744,-0.089408,180.0
107.1,39.95782712,-106.2175811,2509.4184,32.004000000000005,0.0,-0.22352,180.0
107.2,39.95782704,-106.217581,2509.4184,32.004000000000005,0.0,-0.089408,180.0
107.3,39.95782694,-106.2175808,2509.4184,32.004000000000005,0.0,-0.089408,0.0
107.4,39.95782691,-106.2175808,2509.4184,32.004000000000005,0.0,-0.089408,0.0
107.5,39.95782688,-106.2175807,2509.4184,32.004000000000005,0.0,-0.089408,0.0
107.6,39.95782684,-106.2175807,2509.4184,32.004000000000005,0.0,0.0,0.0
107.7,39.95782677,-106.2175806,2509.4184,32.004000000000005,0.0,0.0,0.0
107.8,39.95782671,-106.2175805,2509.4184,32.004000000000005,0.0,0.089408,0.0
107.9,39.95782664,-106.2175803,2509.4184,32.004000000000005,0.0,0.0,0.0
108.0,39.95782656,-106.2175802,2509.4184,32.004000000000005,0.0,0.0,180.0
108.1,39.95782639,-106.2175799,2509.4184,32.004000000000005,0.0,0.089408,180.0
108.2,39.95782631,-106.2175798,2509.4184,32.004000000000005,0.0,0.089408,180.0
108.3,39.95782626,-106.2175798,2509.4184,31.912560000000003,0.491744,0.0,180.0
108.4,39.95782622,-106.2175797,2509.4184,31.912560000000003,0.0,0.0,0.0
108.5,39.95782621,-106.2175797,2509.4184,31.912560000000003,0.0,0.0,0.0
108.6,39.95782614,-106.2175799,2509.4184,32.004000000000005,0.0,-0.089408,0.0
108.7,39.95782614,-106.2175799,2509.4184,32.004000000000005,0.0,-0.089408,0.0
108.8,39.95782618,-106.21758,2509.4184,32.004000000000005,0.0,-0.089408,0.0
108.9,39.95782621,-106.2175801,2509.4184,32.004000000000005,0.0,0.0,270.0
109.0,39.95782624,-106.2175802,2509.4184,31.912560000000003,0.0,0.0,270.0
109.1,39.95782628,-106.2175803,2509.4184,31.912560000000003,0.0,0.0,270.0
109.2,39.95782638,-106.2175804,2509.4184,31.912560000000003,0.0,0.0,270.0
109.3,39.95782645,-106.2175805,2509.4184,31.912560000000003,0.0,0.0,270.0
109.4,39.95782646,-106.2175804,2509.4184,32.004000000000005,0.0,0.0,270.0
109.5,39.95782647,-106.2175805,2509.4184,31.912560000000003,0.0,-0.22352,270.0
109.6,39.95782647,-106.2175807,2509.4184,31.912560000000003,0.491744,-0.804672,270.0
109.7,39.95782646,-106.2175809,2509.4184,32.004000000000005,0.491744,-1.385824,270.0
109.8,39.95782633,-106.2175811,2509.7232,32.18688,0.0,-2.101088,270.0
109.9,39.95782626,-106.2175813,2509.7232,32.400240000000004,0.0,-2.592832,270.0
110.0,39.95782616,-106.2175815,2510.3328,32.79648,0.0,-3.218688,270.0
110.1,39.95782601,-106.2175816,2510.6376,33.10128,0.0,-3.710432,270.0
110.2,39.95782578,-106.2175817,2510.9424,33.58896,0.0,-4.112768,270.0
110.3,39.95782565,-106.217582,2511.552,34.10712,0.67056,-4.380992,270.0
110.4,39.95782536,-106.2175819,2511.8568,34.5948,0.0,-4.69392,270.0
110.5,39.95782509,-106.2175818,2512.4664,35.11296,0.0,-4.91744,0.0
110.6,39.95782471,-106.2175815,2513.076,35.69208,0.491744,-4.91744,0.0
110.7,39.95782382,-106.2175809,2513.6856,36.30168,0.804672,-5.006848,90.0
110.8,39.9578233,-106.2175804,2514.2952,36.78936,0.938784,-5.096256,90.0
110.9,39.95782283,-106.2175799,2514.6,37.30752,0.67056,-5.096256,90.0
111.0,39.95782249,-106.2175793,2515.2096,37.88664,0.67056,-5.096256,90.0
111.1,39.95782163,-106.2175783,2516.1240000000003,38.58768,0.938784,-5.096256,111.80140948635182
111.2,39.95782116,-106.2175776,2516.4288,39.0144,0.938784,-5.096256,111.80140948635182
111.3,39.95782068,-106.217577,2517.0384,39.50208,0.938784,-5.006848,111.80140948635182
111.4,39.95782032,-106.2175764,2517.3432000000003,39.98976,0.67056,-5.006848,125.53767779197436
111.5,39.95782013,-106.2175754,2517.9528,40.507920000000006,0.804672,-4.91744,135.0
111.6,39.95781977,-106.2175749,2518.2576,40.90416,0.67056,-4.783328,135.0
111.7,39.95781943,-106.2175744,2518.8672,41.51376,0.67056,-4.91744,158.19859051364824
111.8,39.95781908,-106.2175741,2519.172,41.91,0.67056,-4.91744,158.19859051364824
111.9,39.95781878,-106.2175738,2519.7816000000003,42.39768,0.67056,-4.91744,180.0
112.0,39.95781865,-106.2175737,2520.3912,42.88536,0.0,-4.91744,180.0
112.1,39.95781843,-106.2175736,2520.696,43.40352000000001,0.0,-4.91744,180.0
112.2,39.95781822,-106.2175736,2521.3056,43.79976,0.0,-4.91744,180.0
112.3,39.95781805,-106.2175736,2521.6104,44.28744,0.0,-4.91744,180.0
112.4,39.95781803,-106.2175735,2522.2200000000003,44.805600000000005,0.0,-4.91744,0.0
112.5,39.95781793,-106.2175734,2522.5248,45.20184,0.0,-4.783328,0.0
112.6,39.95781783,-106.2175732,2523.1344,45.68952,0.0,-4.783328,0.0
112.7,39.95781772,-106.2175731,2523.744,46.20768,0.0,-4.515104,180.0
112.8,39.95781761,-106.2175729,2524.0488,46.51248,0.0,-3.889248,180.0
112.9,39.95781743,-106.2175728,2524.3536,46.90872,0.0,-3.308096,180.0
113.0,39.95781719,-106.2175726,2524.6584000000003,47.21352,0.0,-2.68224,180.0
113.1,39.95781693,-106.2175724,2524.6584000000003,47.3964,0.0,-1.922272,158.19859051364824
113.2,39.95781657,-106.2175721,2524.6584000000003,47.3964,0.0,-1.207008,164.0546040990771
113.3,39.95781627,-106.2175719,2524.9632,47.487840000000006,0.0,-0.715264,164.0546040990771
113.4,39.95781589,-106.2175718,2524.9632,47.487840000000006,0.0,-0.22352,169.69515353123393
113.5,39.95781546,-106.2175718,2524.6584000000003,47.3964,0.0,0.0,180.0
113.6,39.95781498,-106.217572,2524.6584000000003,47.3964,0.67056,0.089408,180.0
113.7,39.95781442,-106.2175723,2524.6584000000003,47.30496,0.67056,0.22352,195.52411099675425
113.8,39.95781371,-106.2175731,2524.6584000000003,47.21352,0.804672,0.22352,199.7988763545249
113.9,39.9578129,-106.2175741,2524.6584000000003,47.21352,1.162304,0.089408,210.6506679570529
114.0,39.95781182,-106.2175755,2524.6584000000003,47.21352,1.430528,0.0,215.36246188706903
114.1,39.95781063,-106.2175775,2524.6584000000003,47.21352,1.877568,0.0,218.85337434035333
114.2,39.95780926,-106.2175796,2524.6584000000003,47.21352,2.2352,0.0,225.0
114.3,39.95780782,-106.217582,2524.6584000000003,47.21352,2.503424,0.0,227.0700306530411
114.4,39.95780617,-106.2175849,2524.6584000000003,47.21352,2.771648,0.0,228.73139699916044
114.5,39.9578045,-106.2175887,2524.6584000000003,47.21352,3.397504,0.0,231.21563589970265
114.6,39.95780269,-106.2175922,2524.6584000000003,47.21352,3.665728,0.0,234.4623222080256
114.7,39.9578009,-106.2175958,2524.6584000000003,47.21352,3.621024,0.0,234.95062668795163
114.8,39.95779898,-106.2175997,2524.6584000000003,47.21352,3.79984,0.0,235.76253722314243
114.9,39.95779737,-106.217604,2524.6584000000003,47.21352,3.978656,-0.089408,237.18863320193188
115.0,39.95779532,-106.2176083,2524.6584000000003,47.30496,4.202176,-0.089408,236.8214883406073
115.1,39.95779328,-106.2176126,2524.6584000000003,47.30496,4.336288,-0.089408,236.9518751300248
115.2,39.95779103,-106.2176171,2524.6584000000003,47.30496,4.4704,-0.089408,236.62216796356955
115.3,39.95778878,-106.2176216,2524.6584000000003,47.30496,4.604512000000001,-0.089408,235.40771131249005
115.4,39.95778628,-106.2176262,2524.6584000000003,47.30496,4.69392,0.0,235.5973351450236
115.5,39.95778377,-106.217631,2524.6584000000003,47.30496,4.872736,0.0,235.3365541464993
115.6,39.957781,-106.2176362,2524.6584000000003,47.30496,5.14096,0.0,235.08816978339
115.7,39.9577783,-106.2176414,2524.6584000000003,47.21352,5.36448,0.0,235.6603482945353
115.8,39.95777518,-106.2176466,2524.6584000000003,47.21352,5.453887999999999,0.0,235.5610106911964
115.9,39.95777229,-106.2176521,2524.6584000000003,47.21352,5.677408,0.0,235.33270051592177
116.0,39.9577693,-106.2176579,2524.6584000000003,47.21352,5.81152,-0.089408,235.84030545433055
116.1,39.95776637,-106.2176636,2524.6584000000003,47.30496,5.900928,-0.089408,236.30993247402023
116.2,39.95776315,-106.2176699,2524.6584000000003,47.30496,6.169152,0.0,236.7566741380356
116.3,39.95775996,-106.2176761,2524.6584000000003,47.21352,6.392672,0.0,236.20079778788443
116.4,39.95775656,-106.2176826,2524.6584000000003,47.21352,6.526784,0.0,235.988651096494
116.5,39.95775322,-106.2176889,2524.6584000000003,47.21352,6.660896,0.0,235.7842978675626
116.6,39.95774941,-106.2176958,2524.6584000000003,47.21352,6.92912,0.0,235.79654317182437
116.7,39.95774587,-106.2177025,2524.6584000000003,47.21352,7.1079360000000005,-0.089408,236.2083443189265
116.8,39.95774217,-106.2177095,2524.6584000000003,47.21352,7.1079360000000005,-0.089408,236.2083443189265
116.9,39.95773864,-106.2177163,2524.6584000000003,47.21352,7.15264,0.0,236.6114864238885
117.0,39.95773502,-106.2177234,2524.6584000000003,47.21352,7.15264,-0.089408,236.69771524668576
117.1,39.95773163,-106.21773,2524.6584000000003,47.21352,6.973824,-0.089408,236.1173423438472
117.2,39.95772772,-106.2177375,2524.6584000000003,47.21352,7.286752,-0.089408,236.50059992165245
117.3,39.957724,-106.2177448,2524.6584000000003,47.21352,7.59968,-0.089408,236.8762644037596
117.4,39.95772019,-106.2177523,2524.6584000000003,47.21352,7.554975999999999,0.0,237.24452787024984
117.5,39.95771647,-106.2177594,2524.6584000000003,47.0916,7.510272,0.0,236.681374787391
117.6,39.95771256,-106.2177672,2524.6584000000003,47.0916,7.644384,-0.089408,237.0456323852658
117.7,39.95770878,-106.2177746,2524.6584000000003,47.0916,7.733792,-0.089408,236.49269351131
117.8,39.95770472,-106.2177824,2524.6584000000003,47.0916,7.8232,-0.089408,235.94673112974505
117.9,39.95770076,-106.2177899,2524.6584000000003,47.0916,7.867904,-0.089408,235.94673112974505
118.0,39.95769661,-106.2177978,2524.6584000000003,47.0916,7.957312,-0.089408,235.1407931461128
118.1,39.95769238,-106.2178058,2524.6584000000003,47.21352,8.225536,-0.22352,234.61211475436585
118.2,39.95768821,-106.2178134,2524.6584000000003,47.21352,8.136128,-0.089408,234.61211475436585
118.3,39.95768372,-106.2178214,2524.6584000000003,47.0916,8.225536,0.0,234.2355590931659
118.4,39.95767935,-106.2178292,2524.6584000000003,47.21352,8.359648,-0.089408,234.2355590931659
118.5,39.95767517,-106.2178366,2524.6584000000003,47.0916,8.04672,0.0,233.85200409938943
118.6,39.95767077,-106.2178442,2524.6584000000003,47.21352,8.002016,-0.22352,233.85200409938943
118.7,39.95766657,-106.2178515,2524.6584000000003,47.21352,7.957312,-0.22352,233.85200409938943
118.8,39.95766202,-106.2178592,2524.6584000000003,47.30496,8.04672,-0.22352,233.85200409938943
118.9,39.95765786,-106.2178666,2524.6584000000003,47.30496,8.04672,-0.22352,233.85200409938943
119.0,39.95765364,-106.2178741,2524.6584000000003,47.30496,7.867904,-0.22352,234.2355590931659
119.1,39.9576496,-106.2178813,2524.6584000000003,47.30496,7.778496,-0.22352,234.09027692082236
119.2,39.95764556,-106.2178888,2524.6584000000003,47.30496,7.689088,-0.22352,234.645844256612
119.3,39.9576414,-106.2178963,2524.6584000000003,47.30496,7.867904,-0.089408,235.0079798014413
119.4,39.95763701,-106.2179044,2524.6584000000003,47.30496,8.225536,-0.089408,235.3636918224471
119.5,39.95763283,-106.2179123,2524.6584000000003,47.30496,8.314944,0.0,235.71312302279105
119.6,39.95762846,-106.2179209,2524.6584000000003,47.30496,8.449055999999999,0.0,235.7244485374712
119.7,39.95762423,-106.2179289,2524.6584000000003,47.30496,8.538464000000001,-0.089408,236.06118246159176
119.8,39.9576197,-106.2179376,2524.6584000000003,47.30496,8.627872,0.0,235.65794605649583
119.9,39.95761536,-106.2179459,2524.6584000000003,47.30496,8.761984,0.0,235.98668750008935
120.0,39.9576107,-106.2179551,2524.6584000000003,47.21352,8.9408,0.0,235.99250758026773
120.1,39.95760633,-106.2179636,2524.6584000000003,47.0916,9.030208,0.0,236.30993247402023
120.2,39.95760171,-106.2179728,2524.6584000000003,47.21352,9.030208,0.0,236.62216796356955
120.3,39.95759729,-106.2179816,2524.6584000000003,47.0916,9.16432,0.0,236.92932217723836
120.4,39.95759255,-106.217991,2524.6584000000003,47.0916,9.298432,0.0,237.3807569288072
120.5,39.95758787,-106.2180004,2524.6584000000003,47.0916,9.566656,0.0,237.6756658483959
120.6,39.95758321,-106.2180099,2524.6584000000003,47.0916,9.566656,0.0,237.6756658483959
120.7,39.95757879,-106.2180191,2524.6584000000003,47.0916,9.432544,0.0,237.96585385281008
120.8,39.95757419,-106.2180287,2524.6584000000003,47.0916,9.432544,0.0,238.25141886493455
120.9,39.95756998,-106.2180377,2524.6584000000003,47.0916,9.298432,-0.089408,238.99022277138704
121.0,39.95756543,-106.2180476,2524.6584000000003,47.0916,9.432544,-0.089408,239.40002130679105
121.1,39.95756112,-106.2180571,2524.6584000000003,47.0916,9.656064,-0.089408,239.66782490370008
121.2,39.95755666,-106.2180673,2524.6584000000003,47.0916,9.745472,-0.089408,240.6136200396491
121.3,39.95755251,-106.2180772,2524.6584000000003,47.0916,9.790176,-0.089408,240.86944042684104
121.4,39.95754788,-106.2180879,2524.6584000000003,47.0916,10.0584,-0.22352,240.57254359681025
121.5,39.95754345,-106.2180982,2524.6584000000003,47.0916,10.237215999999998,-0.089408,240.57254359681025
121.6,39.95753895,-106.2181085,2524.6584000000003,47.0916,10.103104,-0.089408,240.82207327708775
121.7,39.9575346,-106.2181185,2524.3536,47.00016,10.013696,-0.089408,240.62857857113372
121.8,39.95753003,-106.2181293,2524.3536,47.00016,10.147808,-0.089408,240.872839021794
121.9,39.95752563,-106.2181396,2524.3536,47.00016,10.28192,-0.089408,240.80251395393552
122.0,39.9575209,-106.2181506,2524.3536,47.00016,10.416032,0.0,241.03994330604968
122.1,39.95751637,-106.2181612,2524.3536,46.90872,10.550144,-0.089408,241.27386933469563
122.2,39.95751151,-106.2181725,2524.3536,46.90872,10.684256,-0.089408,241.0845756583733
122.3,39.9575069,-106.2181833,2524.3536,46.90872,10.773664,-0.22352,240.80854318463128
122.4,39.95750182,-106.2181951,2524.3536,47.00016,11.041888,-0.22352,240.80854318463128
122.5,39.95749701,-106.2182063,2524.3536,47.00016,11.220704,-0.22352,241.035982038114
122.6,39.95749202,-106.2182177,2524.3536,47.00016,11.086592,-0.089408,241.035982038114
122.7,39.9574874,-106.2182285,2524.3536,46.90872,10.907775999999998,0.0,241.260204708312
122.8,39.95748242,-106.2182401,2524.3536,46.90872,10.907775999999998,0.0,241.260204708312
122.9,39.95747766,-106.2182511,2524.3536,46.90872,11.041888,-0.089408,240.85580132263857
123.0,39.95747246,-106.2182634,2524.3536,46.90872,11.354816,-0.089408,240.85580132263857
123.1,39.95746792,-106.2182741,2524.3536,47.00016,11.176,-0.089408,240.67952412241925
123.2,39.95746273,-106.2182861,2524.3536,47.00016,11.086592,-0.089408,240.67952412241925
123.3,39.95745777,-106.2182976,2524.3536,47.00016,11.488928,-0.22352,241.0111774788085
123.4,39.95745237,-106.2183099,2524.6584000000003,47.0916,11.667744,-0.312928,241.2284970305787
123.5,39.95744748,-106.2183214,2524.6584000000003,47.21352,11.667744,-0.312928,241.2284970305787
123.6,39.95744235,-106.2183334,2524.6584000000003,47.21352,11.444224,-0.22352,241.2284970305787
123.7,39.95743748,-106.2183449,2524.6584000000003,47.21352,11.444224,-0.089408,241.2284970305787
123.8,39.95743234,-106.2183569,2524.6584000000003,47.21352,11.444224,-0.089408,241.2284970305787
123.9,39.95742742,-106.2183683,2524.6584000000003,47.21352,11.444224,0.0,241.2284970305787
124.0,39.95742216,-106.2183806,2524.6584000000003,47.21352,11.578335999999998,0.0,241.0111774788085
124.1,39.95741723,-106.2183922,2524.6584000000003,47.21352,11.667744,0.0,241.40762612242185
124.2,39.95741231,-106.218404,2524.6584000000003,47.21352,11.39952,0.0,241.62303281377223
124.3,39.95740766,-106.218415,2524.6584000000003,47.30496,11.041888,0.0,241.62303281377223
124.4,39.95740269,-106.2184269,2524.6584000000003,47.30496,11.131296,0.0,241.83548229047332
124.5,39.95739797,-106.2184383,2524.6584000000003,47.30496,11.265408,0.0,242.04502931130384
124.6,39.95739294,-106.2184506,2524.6584000000003,47.30496,11.444224,-0.089408,242.04502931130384
124.7,39.95738819,-106.2184621,2524.6584000000003,47.3964,11.488928,-0.089408,241.83548229047332
124.8,39.95738314,-106.2184743,2524.6584000000003,47.3964,11.488928,0.0,241.83548229047332
124.9,39.95737836,-106.2184859,2524.6584000000003,47.3964,11.488928,0.0,242.23101159097533
125.0,39.95737341,-106.2184981,2524.6584000000003,47.3964,11.488928,0.0,242.43860092641708
125.1,39.95736869,-106.2185102,2524.6584000000003,47.3964,11.667744,-0.089408,243.03428556712987
125.2,39.95736389,-106.2185226,2524.6584000000003,47.3964,11.667744,0.0,243.434948822922
125.3,39.95735937,-106.2185343,2524.6584000000003,47.3964,11.488928,0.0,243.434948822922
125.4,39.95735479,-106.2185462,2524.6584000000003,47.3964,11.265408,0.0,243.434948822922
125.5,39.95735042,-106.2185577,2524.9632,47.487840000000006,11.131296,0.0,243.434948822922
125.6,39.95734569,-106.2185704,2524.9632,47.487840000000006,11.444224,0.0,243.23249108070385
125.7,39.95734114,-106.2185823,2524.9632,47.487840000000006,11.667744,0.0,243.6381244943884
125.8,39.95733638,-106.2185945,2524.6584000000003,47.3964,11.533632,0.0,243.83843355798075
125.9,39.9573319,-106.2186062,2524.9632,47.487840000000006,11.444224,-0.089408,243.83843355798075
126.0,39.95732719,-106.2186185,2524.9632,47.487840000000006,11.39952,0.0,244.2447292398329
126.1,39.95732282,-106.2186302,2524.9632,47.60976,11.39952,0.0,244.2447292398329
126.2,39.95731822,-106.2186425,2524.9632,47.60976,11.354816,0.0,244.2447292398329
126.3,39.95731386,-106.2186542,2524.9632,47.487840000000006,11.39952,0.089408,244.2447292398329
126.4,39.95730937,-106.2186665,2524.9632,47.487840000000006,11.354816,0.0,245.3341130325005
126.5,39.95730511,-106.2186784,2524.9632,47.487840000000006,11.39952,0.0,245.3341130325005
126.6,39.95730062,-106.218691,2524.6584000000003,47.3964,11.488928,0.0,245.5193171608237
126.7,39.95729635,-106.2187031,2524.6584000000003,47.3964,11.578335999999998,0.0,245.5193171608237
126.8,39.95729174,-106.2187159,2524.6584000000003,47.3964,11.667744,0.0,245.7019284931666
126.9,39.95728744,-106.218728,2524.6584000000003,47.3964,11.712448,0.089408,245.7019284931666
127.0,39.95728295,-106.2187408,2524.6584000000003,47.30496,11.667744,0.22352,245.10233456150803
127.1,39.95727866,-106.218753,2524.6584000000003,47.21352,11.712448,0.089408,245.10233456150803
127.2,39.9572741,-106.2187658,2524.6584000000003,47.21352,11.757152,0.089408,245.10233456150803
127.3,39.95726974,-106.2187781,2524.6584000000003,47.21352,11.801856,0.0,245.10233456150803
127.4,39.95726519,-106.2187909,2524.6584000000003,47.21352,11.757152,0.0,245.5193171608237
127.5,39.95726089,-106.2188029,2524.6584000000003,47.21352,11.667744,0.0,245.5193171608237
127.6,39.95725644,-106.2188156,2524.6584000000003,47.21352,11.578335999999998,0.0,245.5193171608237
127.7,39.95725219,-106.2188276,2524.6584000000003,47.21352,11.578335999999998,-0.089408,245.5193171608237
127.8,39.95724762,-106.2188403,2524.6584000000003,47.30496,11.62304,-0.22352,245.5193171608237
127.9,39.95724325,-106.2188522,2524.6584000000003,47.30496,11.62304,0.0,245.5193171608237
128.0,39.95723866,-106.2188648,2524.6584000000003,47.3964,11.578335999999998,0.0,244.91640599380904
128.10000000000002,39.95723414,-106.2188766,2524.6584000000003,47.30496,11.533632,0.0,244.7278632371836
128.20000000000002,39.95722959,-106.2188892,2524.6584000000003,47.30496,11.533632,0.0,244.7278632371836
128.3,39.95722526,-106.2189011,2524.6584000000003,47.30496,11.533632,0.0,244.7278632371836
128.4,39.95722068,-106.2189136,2524.6584000000003,47.30496,11.533632,0.0,244.7278632371836
128.5,39.95721631,-106.2189258,2524.6584000000003,47.30496,11.667744,0.0,244.7278632371836
128.60000000000002,39.95721175,-106.2189383,2524.6584000000003,47.21352,11.578335999999998,0.0,244.7278632371836
128.70000000000002,39.95720741,-106.2189502,2524.6584000000003,47.21352,11.488928,-0.089408,244.7278632371836
128.8,39.95720287,-106.2189627,2524.6584000000003,47.21352,11.488928,0.0,244.91640599380904
128.9,39.95719856,-106.2189746,2524.6584000000003,47.21352,11.488928,0.0,245.5193171608237
129.0,39.95719407,-106.2189874,2524.6584000000003,47.0916,11.62304,0.0,245.7019284931666
129.10000000000002,39.95718982,-106.2189996,2524.6584000000003,47.0916,11.712448,-0.089408,245.8819974652456
129.20000000000002,39.95718529,-106.2190128,2524.6584000000003,47.0916,11.891264,0.0,246.1048385849296
129.3,39.95718105,-106.2190253,2524.6584000000003,47.0916,11.980672,-0.089408,246.68577739407124
129.4,39.95717669,-106.219038,2524.6584000000003,47.0916,11.757152,-0.089408,246.68577739407124
129.5,39.95717264,-106.21905,2524.6584000000003,47.0916,11.533632,0.0,246.68577739407124
129.60000000000002,39.95716841,-106.2190629,2524.6584000000003,47.0916,11.578335999999998,0.0,246.94443410069184
129.70000000000002,39.95716437,-106.2190753,2524.6584000000003,47.0916,11.712448,-0.089408,247.34652063545067
129.8,39.95716034,-106.2190884,2524.6584000000003,47.0916,11.757152,-0.089408,246.94443410069184
129.9,39.95715631,-106.2191008,2524.6584000000003,47.0916,11.757152,0.0,246.68577739407124
130.0,39.95715202,-106.2191137,2524.3536,47.00016,11.712448,0.089408,246.68577739407124
130.10000000000002,39.95714791,-106.2191259,2524.3536,47.00016,11.712448,0.0,246.28264899857905
130.20000000000002,39.95714342,-106.219139,2524.3536,47.00016,11.801856,0.0,245.7019284931666
130.3,39.95713914,-106.2191512,2524.3536,47.00016,11.84656,0.0,245.7019284931666
130.4,39.95713459,-106.2191641,2524.6584000000003,47.0916,11.757152,-0.22352,245.10233456150803
130.5,39.95713027,-106.2191762,2524.6584000000003,47.0916,11.757152,-0.22352,244.91640599380904
130.60000000000002,39.95712579,-106.2191886,2524.6584000000003,47.0916,11.533632,-0.22352,244.91640599380904
130.70000000000002,39.95712151,-106.2191999,2524.6584000000003,47.21352,11.220704,-0.22352,244.91640599380904
130.8,39.95711683,-106.2192124,2524.6584000000003,47.21352,11.310112,-0.22352,244.7278632371836
130.9,39.95711232,-106.2192242,2524.6584000000003,47.21352,11.533632,-0.22352,244.03593146177
131.0,39.95710753,-106.2192365,2524.6584000000003,47.30496,11.488928,-0.089408,243.6381244943884
131.10000000000002,39.95710264,-106.2192484,2524.6584000000003,47.30496,11.62304,-0.089408,243.434948822922
131.20000000000002,39.95709755,-106.2192613,2524.6584000000003,47.30496,11.935968,-0.22352,242.8188889145228
131.3,39.95709316,-106.2192723,2524.6584000000003,47.30496,11.488928,-0.089408,242.5008612689529
131.4,39.95708826,-106.2192841,2524.6584000000003,47.3964,10.997184,-0.089408,242.2850054893683
131.5,39.9570833,-106.2192958,2524.6584000000003,47.3964,11.39952,0.0,241.6515904222651
131.60000000000002,39.95707848,-106.2193072,2524.6584000000003,47.3964,11.265408,0.0,241.6515904222651
131.70000000000002,39.95707387,-106.2193181,2524.6584000000003,47.30496,10.863072,0.0,241.035982038114
131.8,39.95706892,-106.2193296,2524.6584000000003,47.30496,10.907775999999998,0.0,241.035982038114
131.9,39.95706457,-106.2193397,2524.6584000000003,47.21352,10.550144,0.0,241.035982038114
132.0,39.95705972,-106.2193509,2524.6584000000003,47.21352,10.416032,0.0,240.6295955897806
132.10000000000002,39.95705506,-106.2193615,2524.6584000000003,47.21352,10.684256,0.0,240.2264277793101
132.20000000000002,39.95705001,-106.219373,2524.6584000000003,47.21352,10.863072,0.0,240.2264277793101
132.3,39.95704517,-106.2193839,2524.6584000000003,47.0916,11.041888,0.0,239.82647997035568
132.4,39.95703999,-106.2193961,2524.6584000000003,47.0916,11.310112,0.0,239.82647997035568
132.5,39.95703501,-106.2194071,2524.6584000000003,47.0916,11.39952,0.0,239.2325956105374
132.60000000000002,39.95702972,-106.2194188,2524.6584000000003,47.0916,11.265408,-0.089408,238.8406954916556
132.70000000000002,39.95702465,-106.2194299,2524.6584000000003,47.0916,11.310112,-0.089408,238.8406954916556
132.8,39.95701915,-106.2194419,2524.6584000000003,47.21352,11.488928,-0.089408,238.4520103571352
132.9,39.95701394,-106.2194529,2524.6584000000003,47.21352,11.488928,0.0,238.4520103571352
133.0,39.95700839,-106.2194646,2524.6584000000003,47.0916,11.354816,-0.089408,238.68806273327192
133.10000000000002,39.95700307,-106.2194756,2524.6584000000003,47.0916,11.39952,-0.089408,238.30419197289316
133.20000000000002,39.95699727,-106.2194876,2524.6584000000003,47.0916,11.62304,-0.089408,238.30419197289316
133.3,39.9569919,-106.2194988,2524.6584000000003,47.0916,11.667744,-0.089408,238.30419197289316
133.4,39.95698612,-106.2195109,2524.6584000000003,47.0916,11.712448,-0.089408,238.53869743520585
133.5,39.95698063,-106.2195224,2524.6584000000003,47.0916,11.84656,-0.089408,238.53869743520585
133.60000000000002,39.95697471,-106.219535,2524.6584000000003,47.0916,12.07008,-0.089408,238.8846676852582
133.70000000000002,39.95696935,-106.2195464,2524.6584000000003,47.0916,11.980672,-0.22352,238.8846676852582
133.8,39.95696392,-106.2195581,2524.6584000000003,47.0916,11.533632,-0.089408,239.2645122980799
133.9,39.95695876,-106.2195692,2524.6584000000003,47.0916,11.354816,0.0,239.2645122980799
134.0,39.9569533,-106.2195812,2524.3536,47.00016,11.488928,-0.089408,239.87095735585805
134.10000000000002,39.95694858,-106.2195921,2524.3536,47.00016,11.265408,-0.089408,240.0915726785949
134.20000000000002,39.95694301,-106.2196048,2524.3536,47.00016,11.578335999999998,0.0,239.87095735585805
134.3,39.95693822,-106.2196158,2524.3536,47.00016,11.62304,0.0,240.25511870305775
134.4,39.95693277,-106.2196281,2524.3536,47.00016,11.444224,0.089408,240.25511870305775
134.5,39.95692758,-106.2196404,2524.3536,47.00016,12.025376,0.089408,240.8369223850987
134.60000000000002,39.95692243,-106.2196523,2524.3536,47.00016,11.801856,0.0,240.25511870305775
134.70000000000002,39.95691756,-106.2196637,2524.3536,47.00016,11.354816,0.0,240.8369223850987
134.8,39.95691245,-106.2196757,2524.6584000000003,47.0916,11.444224,-0.22352,241.2284970305787
134.9,39.95690789,-106.2196868,2524.6584000000003,47.0916,11.220704,-0.402336,241.4428552499556
135.0,39.95690287,-106.2196989,2524.6584000000003,47.21352,11.220704,-0.491744,241.83548229047332
135.10000000000002,39.95689813,-106.2197104,2524.6584000000003,47.21352,11.39952,-0.402336,241.62303281377223
135.20000000000002,39.95689314,-106.2197224,2524.6584000000003,47.30496,11.39952,-0.312928,242.23101159097533
135.3,39.9568884,-106.2197342,2524.6584000000003,47.30496,11.488928,-0.22352,242.8297342256772
135.4,39.95688355,-106.2197464,2524.6584000000003,47.30496,11.533632,-0.22352,243.23249108070385
135.5,39.956879,-106.219758,2524.6584000000003,47.30496,11.39952,-0.089408,243.23249108070385
135.60000000000002,39.95687435,-106.2197702,2524.6584000000003,47.30496,11.39952,-0.089408,243.6381244943884
135.70000000000002,39.95686998,-106.2197819,2524.6584000000003,47.3964,11.354816,0.0,243.6381244943884
135.8,39.95686544,-106.2197943,2524.6584000000003,47.30496,11.39952,0.0,244.2447292398329
135.9,39.9568611,-106.219806,2524.6584000000003,47.30496,11.39952,0.0,244.2447292398329
136.0,39.95685632,-106.2198189,2524.6584000000003,47.21352,11.667744,0.089408,244.85941709648387
136.10000000000002,39.95685223,-106.2198301,2524.6584000000003,47.30496,11.39952,0.089408,245.0513319951472
136.20000000000002,39.95684774,-106.2198427,2524.6584000000003,47.30496,11.176,0.0,244.7278632371836
136.3,39.95684349,-106.2198546,2524.6584000000003,47.30496,11.533632,0.0,245.3341130325005
136.4,39.95683899,-106.2198672,2524.6584000000003,47.30496,11.488928,0.0,245.3341130325005
136.5,39.95683474,-106.2198791,2524.6584000000003,47.21352,11.533632,-0.089408,245.3341130325005
136.60000000000002,39.95683014,-106.2198917,2524.6584000000003,47.30496,11.533632,-0.089408,245.5193171608237
136.70000000000002,39.95682589,-106.2199037,2524.6584000000003,47.30496,11.578335999999998,0.0,245.92450174492117
136.8,39.9568215,-106.2199165,2524.6584000000003,47.30496,11.62304,0.0,245.92450174492117
136.9,39.95681736,-106.2199287,2524.6584000000003,47.30496,11.667744,0.0,246.51027490097405
137.0,39.95681272,-106.2199424,2524.6584000000003,47.21352,12.07008,0.0,246.51027490097405
137.10000000000002,39.95680853,-106.2199549,2524.6584000000003,47.30496,12.204192,0.0,246.68577739407124
137.20000000000002,39.95680433,-106.2199675,2524.6584000000003,47.30496,11.667744,-0.089408,247.0913654093629
137.3,39.95680035,-106.2199795,2524.6584000000003,47.30496,11.444224,-0.089408,247.0913654093629
137.4,39.95679616,-106.2199921,2524.6584000000003,47.3964,11.444224,0.0,246.91822029191968
137.5,39.95679241,-106.2200036,2524.6584000000003,47.3964,11.176,0.089408,246.91822029191968
137.60000000000002,39.95678803,-106.2200167,2524.6584000000003,47.30496,11.39952,0.089408,246.91822029191968
137.70000000000002,39.95678389,-106.2200292,2524.6584000000003,47.3964,11.891264,0.0,246.7425842713813
137.8,39.95677967,-106.2200419,2524.6584000000003,47.3964,11.712448,-0.22352,247.36282514931003
137.9,39.95677551,-106.2200544,2524.9632,47.487840000000006,11.712448,-0.089408,247.3447672913202
138.0,39.95677153,-106.2200667,2524.9632,47.487840000000006,11.488928,-0.089408,247.59459111663463
138.10000000000002,39.95676779,-106.2200783,2524.9632,47.487840000000006,11.086592,-0.089408,247.41614747934364
138.20000000000002,39.95676397,-106.2200905,2524.9632,47.487840000000006,10.95248,0.0,247.8497620716492
138.3,39.9567606,-106.2201017,2524.9632,47.60976,10.72896,0.0,248.11044323009529
138.4,39.9567569,-106.2201137,2524.9632,47.60976,10.639552,0.0,248.11044323009529
138.5,39.95675338,-106.2201251,2524.9632,47.60976,10.72896,0.0,248.11044323009529
138.60000000000002,39.95674969,-106.220137,2524.9632,47.60976,10.72896,0.0,248.11044323009529
138.70000000000002,39.95674639,-106.2201477,2524.9632,47.60976,10.371328,0.0,248.11044323009529
138.8,39.95674278,-106.2201594,2524.9632,47.60976,10.28192,0.0,248.11044323009529
138.9,39.95673932,-106.2201705,2524.9632,47.487840000000006,10.460736,0.0,248.11044323009529
139.0,39.95673558,-106.2201824,2524.9632,47.487840000000006,10.594848,0.0,247.67134362198084
139.10000000000002,39.95673197,-106.2201937,2524.9632,47.487840000000006,10.72896,0.0,247.67134362198084
139.20000000000002,39.95672801,-106.220206,2524.6584000000003,47.3964,10.907775999999998,0.089408,247.8497620716492
139.3,39.95672438,-106.2202176,2524.6584000000003,47.3964,10.997184,0.22352,247.8497620716492
139.4,39.95672048,-106.2202302,2524.6584000000003,47.30496,11.086592,0.22352,248.02549200852803
139.5,39.95671675,-106.2202422,2524.6584000000003,47.30496,11.310112,0.22352,248.02549200852803
139.60000000000002,39.95671225,-106.2202565,2524.6584000000003,47.21352,12.114784,0.089408,248.02549200852803
139.70000000000002,39.9567085,-106.2202686,2524.6584000000003,47.21352,12.159488,0.089408,248.19859051364816
139.8,39.9567048,-106.2202809,2524.6584000000003,47.21352,11.176,0.0,248.4534255100984
139.9,39.95670129,-106.2202925,2524.6584000000003,47.21352,10.95248,0.0,248.88014384657524
140.0,39.95669795,-106.2203044,2524.6584000000003,47.21352,10.684256,0.0,249.68480437326792
140.10000000000002,39.95669451,-106.2203162,2524.6584000000003,47.21352,10.773664,0.0,249.68480437326792
140.20000000000002,39.95669099,-106.2203288,2524.6584000000003,47.30496,11.131296,0.0,249.9576832551064
140.3,39.9566877,-106.2203408,2524.6584000000003,47.30496,11.131296,0.0,250.3929225561429
140.4,39.95668427,-106.2203534,2524.6584000000003,47.3964,11.131296,0.0,250.15702962654197
140.5,39.95668098,-106.2203652,2524.6584000000003,47.3964,11.041888,0.0,250.44174846300257
140.60000000000002,39.95667756,-106.2203774,2524.6584000000003,47.3964,10.907775999999998,0.0,250.28196102962036
140.70000000000002,39.95667437,-106.2203889,2524.6584000000003,47.3964,10.773664,-0.089408,250.801152716148
140.8,39.95667113,-106.2204006,2524.9632,47.487840000000006,10.50544,0.0,250.64100582430527
140.9,39.95666814,-106.2204111,2524.9632,47.487840000000006,10.0584,-0.089408,250.39591184917057
141.0,39.95666484,-106.220423,2524.9632,47.60976,10.192512,-0.089408,250.69819356350652
141.10000000000002,39.95666177,-106.2204342,2524.9632,47.60976,10.50544,0.0,251.0072517535321
141.20000000000002,39.95665876,-106.2204454,2524.9632,47.60976,10.147808,0.0,251.07535558394875
141.3,39.95665592,-106.220456,2524.9632,47.60976,9.83488,0.0,251.07535558394875
141.4,39.95665302,-106.2204671,2524.9632,47.60976,9.790176,0.089408,251.6477290122079
141.5,39.9566503,-106.2204776,2524.9632,47.60976,9.700768,0.0,251.6477290122079
141.60000000000002,39.95664749,-106.2204887,2524.9632,47.487840000000006,9.700768,0.0,251.9832611185751
141.70000000000002,39.95664495,-106.2204992,2524.9632,47.60976,9.700768,0.0,252.3266931879653
141.8,39.95664228,-106.2205101,2524.9632,47.487840000000006,9.566656,0.0,252.59729586864373
141.9,39.95663982,-106.2205204,2524.9632,47.487840000000006,9.477248,0.089408,253.2215450613836
142.0,39.95663731,-106.2205312,2524.9632,47.60976,9.38784,0.0,253.2215450613836
142.10000000000002,39.95663482,-106.2205422,2524.9632,47.60976,9.656064,0.089408,253.59471474206555
142.20000000000002,39.95663229,-106.2205531,2524.9632,47.487840000000006,9.745472,0.22352,254.1314595587001
142.3,39.95662994,-106.2205634,2524.9632,47.60976,9.432544,0.0,253.97702015257155
142.4,39.95662764,-106.2205737,2524.9632,47.60976,9.16432,0.0,253.73979529168804
142.5,39.9566255,-106.2205833,2524.9632,47.60976,8.896096,0.0,254.13429219722616
142.60000000000002,39.95662337,-106.220593,2524.9632,47.60976,8.583167999999999,0.0,253.97413255155024
142.70000000000002,39.95662129,-106.2206025,2524.9632,47.60976,8.49376,0.0,254.66671520694644
142.8,39.95661916,-106.2206124,2524.9632,47.60976,8.627872,0.0,255.0101376403182
142.9,39.9566172,-106.2206218,2524.9632,47.60976,8.538464000000001,0.0,254.85207626918267
143.0,39.95661518,-106.2206314,2524.9632,47.60976,8.404352,0.0,255.12904264414195
143.10000000000002,39.95661331,-106.2206404,2524.9632,47.60976,8.225536,0.0,255.57922687248904
143.20000000000002,39.95661144,-106.2206498,2524.9632,47.60976,8.091424,0.0,255.96375653207352
143.3,39.95660973,-106.2206586,2524.9632,47.60976,8.002016,0.0,256.7594800848128
143.4,39.95660797,-106.2206678,2524.9632,47.60976,7.912608,0.0,257.3998401739193
143.5,39.95660643,-106.2206764,2524.9632,47.7012,7.778496,0.0,257.9052429229879
143.60000000000002,39.95660492,-106.2206853,2524.9632,47.7012,7.689088,0.0,258.4248111826038
143.70000000000002,39.95660356,-106.2206938,2524.9632,47.7012,7.59968,0.0,259.2318554388921
143.8,39.95660233,-106.2207026,2524.9632,47.7012,7.465567999999999,0.0,259.2318554388921
143.9,39.95660114,-106.2207108,2524.9632,47.7012,7.37616,0.0,259.7891323089221
144.0,39.95659995,-106.2207195,2524.9632,47.7012,7.331455999999999,0.0,260.47997813422586
144.10000000000002,39.95659889,-106.2207276,2524.9632,47.7012,7.242048,0.089408,261.06438615741826
144.20000000000002,39.95659788,-106.2207362,2524.9632,47.60976,7.242048,0.089408,262.2189537770165
144.3,39.95659706,-106.2207445,2524.9632,47.60976,7.286752,0.089408,262.2189537770165
144.4,39.95659612,-106.2207532,2524.9632,47.60976,7.286752,0.22352,262.2189537770165
144.5,39.95659525,-106.2207614,2524.9632,47.487840000000006,7.286752,0.22352,262.91878775534127
144.60000000000002,39.95659436,-106.2207701,2524.9632,47.487840000000006,7.242048,0.22352,263.004807702742
144.70000000000002,39.95659347,-106.2207786,2524.6584000000003,47.3964,7.37616,0.22352,263.004807702742
144.8,39.9565925,-106.2207877,2524.9632,47.487840000000006,7.554975999999999,0.089408,262.4505782317367
144.9,39.95659159,-106.2207964,2524.6584000000003,47.3964,7.644384,0.0,262.4505782317367
145.0,39.9565907,-106.2208053,2524.6584000000003,47.3964,7.554975999999999,0.089408,262.5394338738316
145.10000000000002,39.95658984,-106.2208141,2524.6584000000003,47.30496,7.59968,0.089408,262.5394338738316
145.20000000000002,39.95658888,-106.2208231,2524.6584000000003,47.30496,7.689088,0.0,262.62623363866976
145.3,39.95658798,-106.2208318,2524.6584000000003,47.30496,7.59968,0.0,263.2901631922431
145.4,39.95658707,-106.220841,2524.6584000000003,47.30496,7.689088,0.0,263.36748538486154
145.5,39.95658604,-106.22085,2524.6584000000003,47.30496,7.8232,0.0,263.36748538486154
145.60000000000002,39.95658515,-106.2208593,2524.6584000000003,47.30496,7.867904,0.0,263.36748538486154
145.70000000000002,39.95658432,-106.2208683,2524.6584000000003,47.30496,7.867904,0.0,264.0256767135194
145.8,39.95658349,-106.2208778,2524.6584000000003,47.30496,7.957312,0.0,264.1273717189332
145.9,39.95658272,-106.220887,2524.6584000000003,47.30496,8.002016,0.0,264.1273717189332
146.0,39.95658192,-106.2208963,2524.6584000000003,47.30496,7.912608,0.0,264.1932730944684
146.10000000000002,39.95658119,-106.2209051,2524.6584000000003,47.30496,7.778496,0.0,264.83475895500425
146.20000000000002,39.95658045,-106.2209146,2524.6584000000003,47.21352,7.867904,0.0,264.83475895500425
146.3,39.95657979,-106.2209237,2524.6584000000003,47.30496,7.957312,-0.089408,264.8921641439872
146.4,39.95657904,-106.2209338,2524.6584000000003,47.30496,8.180832,-0.089408,264.8921641439872
146.5,39.95657841,-106.2209431,2524.6584000000003,47.30496,8.314944,0.0,265.8461469130488
146.60000000000002,39.95657781,-106.2209528,2524.6584000000003,47.21352,8.180832,0.0,265.8461469130488
146.70000000000002,39.95657729,-106.2209621,2524.6584000000003,47.21352,8.136128,0.0,266.52221348020186
146.8,39.95657695,-106.2209712,2524.6584000000003,47.0916,7.867904,0.0,267.1533830841839
146.9,39.95657659,-106.2209803,2524.6584000000003,47.0916,7.778496,0.0,267.7852448726808
147.0,39.95657626,-106.2209901,2524.6584000000003,47.21352,8.04672,0.0,267.7852448726808
147.10000000000002,39.95657599,-106.2209994,2524.6584000000003,47.21352,8.136128,-0.089408,268.43493091440774
147.20000000000002,39.95657594,-106.2210093,2524.6584000000003,47.21352,8.180832,-0.089408,268.43493091440774
147.3,39.95657576,-106.2210187,2524.6584000000003,47.21352,8.27024,-0.089408,268.43493091440774
147.4,39.95657552,-106.2210289,2524.6584000000003,47.30496,8.359648,-0.089408,268.43493091440774
147.5,39.95657533,-106.2210386,2524.6584000000003,47.30496,8.449055999999999,-0.089408,269.3839400916008
147.60000000000002,39.95657524,-106.2210484,2524.6584000000003,47.30496,8.314944,0.0,270.0
147.70000000000002,39.95657519,-106.221058,2524.6584000000003,47.30496,8.27024,0.0,270.0
147.8,39.95657515,-106.2210681,2524.6584000000003,47.30496,8.404352,0.0,270.0
147.9,39.95657516,-106.2210777,2524.6584000000003,47.30496,8.404352,0.0,270.0
148.0,39.95657522,-106.2210879,2524.6584000000003,47.30496,8.404352,0.0,270.0
148.10000000000002,39.95657523,-106.2210975,2524.6584000000003,47.30496,8.404352,-0.22352,270.6030911943805
148.20000000000002,39.95657536,-106.2211078,2524.6584000000003,47.3964,8.49376,-0.312928,270.6030911943805
148.3,39.95657551,-106.2211176,2524.9632,47.487840000000006,8.583167999999999,-0.22352,270.6030911943805
148.4,39.9565757,-106.2211278,2524.9632,47.487840000000006,8.538464000000001,-0.089408,271.50743575877493
148.5,39.95657595,-106.2211377,2524.9632,47.487840000000006,8.583167999999999,0.0,272.10994284813324
148.60000000000002,39.95657631,-106.2211479,2524.9632,47.487840000000006,8.627872,0.089408,272.10994284813324
148.70000000000002,39.9565767,-106.2211577,2524.6584000000003,47.3964,8.583167999999999,0.089408,272.6837751594689
148.8,39.95657706,-106.221168,2524.6584000000003,47.3964,8.583167999999999,0.089408,272.6837751594689
148.9,39.95657752,-106.221178,2524.9632,47.487840000000006,8.627872,0.0,272.6837751594689
149.0,39.95657802,-106.2211884,2524.9632,47.487840000000006,8.672576,0.0,273.2789862588544
149.10000000000002,39.95657854,-106.2211983,2524.9632,47.487840000000006,8.672576,0.0,273.2789862588544
149.20000000000002,39.95657916,-106.2212088,2524.9632,47.487840000000006,8.71728,0.0,273.81407483429035
149.3,39.95657978,-106.2212188,2524.9632,47.487840000000006,8.761984,0.0,273.81407483429035
149.4,39.95658052,-106.2212294,2524.9632,47.487840000000006,8.806688,0.0,274.64327258311886
149.5,39.95658119,-106.2212395,2524.9632,47.487840000000006,8.896096,0.0,274.64327258311886
149.60000000000002,39.95658195,-106.2212502,2524.9632,47.487840000000006,8.896096,0.0,275.1684679763383
149.70000000000002,39.95658273,-106.2212604,2524.9632,47.487840000000006,8.9408,0.0,275.1684679763383
149.8,39.95658342,-106.2212713,2524.9632,47.487840000000006,8.985504,0.0,275.7390984980896
149.9,39.95658426,-106.2212816,2524.9632,47.487840000000006,9.074912,0.0,276.2463156209901
150.0,39.95658531,-106.2212927,2524.9632,47.60976,9.209024,0.0,277.6506509553594
150.10000000000002,39.95658639,-106.2213033,2524.9632,47.60976,9.343136,0.0,278.2099014383707
150.20000000000002,39.95658777,-106.221314,2524.9632,47.60976,9.16432,0.089408,278.2099014383707
150.3,39.95658902,-106.2213242,2524.9632,47.60976,9.074912,0.0,278.76758124455296
150.4,39.95659041,-106.2213351,2524.9632,47.60976,9.074912,0.089408,279.60094075897103
150.5,39.95659179,-106.2213454,2524.9632,47.60976,9.119616,0.089408,280.1542665802003
150.60000000000002,39.95659336,-106.2213554,2524.9632,47.7012,8.851392,0.089408,280.1542665802003
150.70000000000002,39.95659485,-106.2213656,2524.9632,47.7012,8.761984,0.089408,280.5518095061923
150.8,39.95659651,-106.2213767,2524.9632,47.7012,9.209024,0.089408,280.5518095061923
150.9,39.95659811,-106.2213873,2524.9632,47.60976,9.477248,0.089408,280.5518095061923
151.0,39.95659978,-106.2213984,2524.9632,47.7012,9.432544,0.089408,280.5518095061923
151.10000000000002,39.95660148,-106.2214093,2524.9632,47.7012,9.566656,0.089408,280.45163294398867
151.20000000000002,39.95660309,-106.2214202,2524.9632,47.60976,9.477248,0.089408,280.8855270546587
151.3,39.95660463,-106.2214305,2524.9632,47.7012,9.16432,0.0,280.988651096494
151.4,39.9566064,-106.2214415,2524.9632,47.7012,9.298432,0.0,281.7905009020314
151.5,39.95660805,-106.2214517,2525.268,47.792640000000006,9.253728,0.0,281.7905009020314
151.60000000000002,39.9566099,-106.2214628,2525.268,47.792640000000006,9.253728,0.0,282.32249663755255
151.70000000000002,39.9566117,-106.2214733,2525.268,47.91456,9.432544,0.0,282.8523430663909
151.8,39.9566137,-106.2214847,2525.268,47.792640000000006,9.566656,0.089408,282.8523430663909
151.9,39.9566157,-106.2214961,2525.268,47.792640000000006,9.968992,0.089408,283.3799631270613
152.0,39.95661772,-106.221507,2524.9632,47.7012,9.790176,0.22352,283.3799631270613
152.10000000000002,39.95661979,-106.2215179,2525.268,47.792640000000006,9.566656,0.22352,283.9052819142511
152.20000000000002,39.95662189,-106.2215283,2524.9632,47.7012,9.343136,0.22352,284.6887867733184
152.3,39.95662405,-106.2215387,2524.9632,47.60976,9.16432,0.312928,285.2080391906353
152.4,39.9566264,-106.2215496,2524.9632,47.487840000000006,9.432544,0.22352,285.2080391906353
152.5,39.95662872,-106.2215601,2524.9632,47.487840000000006,9.477248,0.089408,285.5809238482516
152.60000000000002,39.95663133,-106.2215717,2524.9632,47.487840000000006,9.790176,0.089408,286.0908163488522
152.70000000000002,39.956634,-106.2215832,2524.9632,47.487840000000006,10.237215999999998,0.22352,286.85075321407226
152.8,39.95663665,-106.2215932,2524.9632,47.487840000000006,9.656064,0.22352,287.19854122006586
152.9,39.95663925,-106.2216035,2524.6584000000003,47.3964,9.119616,0.089408,287.69515921125554
153.0,39.95664221,-106.2216152,2524.6584000000003,47.3964,9.879584,0.089408,287.69515921125554
153.10000000000002,39.95664504,-106.2216263,2524.6584000000003,47.30496,10.28192,0.089408,287.69515921125554
153.20000000000002,39.95664812,-106.2216382,2524.6584000000003,47.3964,10.326624,0.0,287.69515921125554
153.3,39.95665086,-106.2216489,2524.6584000000003,47.3964,10.147808,0.089408,288.3522709877921
153.4,39.95665378,-106.2216604,2524.6584000000003,47.3964,9.924288,0.0,288.3522709877921
153.5,39.95665658,-106.2216713,2524.9632,47.487840000000006,10.0584,0.0,288.3522709877921
153.60000000000002,39.95665949,-106.2216829,2524.9632,47.487840000000006,10.103104,0.0,287.85454833391924
153.70000000000002,39.95666224,-106.2216936,2524.9632,47.487840000000006,10.013696,0.0,288.0167388814249
153.8,39.956665,-106.2217044,2524.9632,47.487840000000006,9.700768,0.0,288.0167388814249
153.9,39.95666761,-106.2217147,2524.9632,47.487840000000006,9.477248,0.0,288.0167388814249
154.0,39.95667015,-106.2217248,2524.9632,47.487840000000006,9.16432,-0.089408,288.1818026961486
154.10000000000002,39.95667279,-106.2217351,2524.9632,47.60976,9.16432,-0.089408,288.434948822922
154.20000000000002,39.95667557,-106.2217462,2524.9632,47.60976,9.61136,-0.089408,288.434948822922
154.3,39.95667817,-106.2217567,2524.9632,47.60976,9.656064,0.0,287.92032991180486
154.4,39.95668095,-106.2217674,2524.9632,47.60976,9.521952,0.0,287.92032991180486
154.5,39.95668377,-106.2217779,2524.9632,47.60976,9.521952,0.0,287.92032991180486
154.60000000000002,39.95668657,-106.2217889,2524.9632,47.60976,9.700768,0.0,287.92032991180486
154.70000000000002,39.95668922,-106.2217994,2524.9632,47.60976,9.656064,0.089408,288.08875497246106
154.8,39.95669181,-106.2218099,2524.9632,47.487840000000006,9.432544,0.22352,288.08875497246106
154.9,39.95669413,-106.22182,2524.9632,47.487840000000006,9.209024,0.312928,288.08875497246106
155.0,39.9566969,-106.2218309,2524.9632,47.487840000000006,9.38784,0.22352,288.2602671095334
155.10000000000002,39.95669962,-106.2218413,2524.9632,47.487840000000006,9.566656,0.089408,288.78324714358075
155.20000000000002,39.95670261,-106.2218522,2524.9632,47.487840000000006,9.61136,0.0,289.48612957246576
155.3,39.95670581,-106.2218633,2524.9632,47.487840000000006,9.968992,0.0,289.95889021754607
155.4,39.95670871,-106.2218735,2524.9632,47.60976,9.656064,-0.089408,290.7540713187994
155.5,39.95671149,-106.221883,2524.9632,47.60976,8.985504,0.0,290.9557767306322
155.60000000000002,39.95671448,-106.2218931,2524.9632,47.60976,8.9408,0.089408,291.1612598168283
155.70000000000002,39.95671732,-106.2219017,2524.9632,47.60976,8.627872,0.089408,290.35322914806886
155.8,39.95672027,-106.2219116,2524.9632,47.60976,8.538464000000001,0.22352,290.35322914806886
155.9,39.95672305,-106.2219211,2524.9632,47.60976,8.851392,0.22352,290.35322914806886
156.0,39.95672606,-106.2219313,2524.9632,47.487840000000006,8.985504,0.0,290.6589100633075
156.10000000000002,39.95672889,-106.221941,2524.9632,47.60976,9.074912,0.0,290.10869987513416
156.20000000000002,39.95673175,-106.2219513,2524.9632,47.60976,9.074912,0.0,289.75402643843057
156.3,39.95673439,-106.2219605,2524.9632,47.7012,8.896096,0.0,289.957401822183
156.4,39.956737,-106.22197,2525.268,47.792640000000006,8.49376,0.0,290.3128262702074
156.5,39.95673952,-106.2219789,2525.268,47.792640000000006,8.314944,0.0,291.08039707992253
156.60000000000002,39.95674225,-106.2219882,2525.268,47.792640000000006,8.27024,0.0,291.9116995898096
156.70000000000002,39.9567451,-106.2219973,2525.268,47.792640000000006,8.449055999999999,0.089408,291.9116995898096
156.8,39.95674813,-106.2220069,2525.268,47.792640000000006,8.583167999999999,0.22352,292.46058400149667
156.9,39.956751,-106.222016,2524.9632,47.7012,8.627872,0.22352,291.9116995898096
157.0,39.95675423,-106.2220259,2524.9632,47.7012,8.806688,0.22352,291.69217076358893
157.10000000000002,39.95675712,-106.2220352,2524.9632,47.7012,8.851392,0.22352,291.9116995898096
157.20000000000002,39.95676022,-106.222045,2524.9632,47.60976,8.761984,0.22352,291.9116995898096
157.3,39.9567632,-106.2220543,2524.9632,47.60976,8.806688,0.312928,292.46058400149667
157.4,39.95676643,-106.2220644,2524.9632,47.487840000000006,8.9408,0.22352,292.2366966824643
157.5,39.95676942,-106.2220737,2524.9632,47.487840000000006,8.985504,0.089408,292.5531385269108
157.60000000000002,39.95677259,-106.2220837,2524.9632,47.487840000000006,8.896096,0.089408,292.5531385269108
157.70000000000002,39.95677563,-106.2220932,2524.9632,47.487840000000006,8.985504,0.089408,292.5531385269108
157.8,39.95677897,-106.2221034,2524.9632,47.487840000000006,9.119616,0.0,292.2250304511135
157.9,39.95678239,-106.2221138,2524.9632,47.487840000000006,9.566656,0.0,292.2250304511135
158.0,39.95678556,-106.2221236,2524.9632,47.487840000000006,9.343136,0.0,292.2250304511135
158.10000000000002,39.95678873,-106.2221334,2524.9632,47.60976,9.074912,0.0,292.5531385269108
158.20000000000002,39.95679176,-106.2221429,2524.9632,47.60976,8.896096,0.0,292.2250304511135
158.3,39.95679472,-106.2221519,2524.9632,47.60976,8.538464000000001,0.0,292.2250304511135
158.4,39.95679787,-106.2221619,2524.9632,47.60976,8.806688,0.0,292.2250304511135
158.5,39.95680087,-106.2221714,2524.9632,47.60976,8.985504,0.089408,292.2250304511135
158.60000000000002,39.95680406,-106.2221814,2524.9632,47.60976,8.985504,0.0,292.2250304511135
158.70000000000002,39.95680703,-106.2221908,2524.9632,47.7012,8.9408,0.089408,292.2250304511135
158.8,39.95681023,-106.2222008,2524.9632,47.60976,8.985504,0.089408,292.2250304511135
158.9,39.95681328,-106.2222103,2524.9632,47.60976,8.985504,0.089408,292.2250304511135
159.0,39.9568165,-106.2222205,2524.9632,47.60976,9.074912,0.0,292.7509763427876
159.10000000000002,39.95681977,-106.2222307,2524.9632,47.487840000000006,9.38784,0.0,292.7509763427876
159.20000000000002,39.95682313,-106.222241,2524.9632,47.60976,9.477248,0.0,292.7509763427876
159.3,39.95682633,-106.2222507,2524.9632,47.60976,9.298432,0.0,293.0851336728083
159.4,39.95682957,-106.2222605,2524.9632,47.60976,9.030208,0.0,293.0851336728083
159.5,39.95683281,-106.2222702,2524.9632,47.7012,9.074912,0.089408,293.3131055767141
159.60000000000002,39.95683539,-106.2222777,2524.9632,47.7012,8.002016,0.0,293.3131055767141
159.70000000000002,39.95683836,-106.2222864,2524.9632,47.7012,7.554975999999999,0.0,293.54536638395325
159.8,39.95684179,-106.2222963,2524.9632,47.7012,8.71728,0.0,294.34741606888645
159.9,39.95684506,-106.2223057,2524.9632,47.7012,9.030208,0.0,294.590117166196
160.0,39.9568489,-106.2223164,2524.9632,47.7012,9.432544,0.0,293.7820304232214
160.10000000000002,39.95685229,-106.2223261,2524.9632,47.60976,9.566656,0.089408,294.02321579816976
160.20000000000002,39.95685547,-106.222335,2524.9632,47.60976,8.761984,0.089408,294.02321579816976
160.3,39.95685867,-106.222344,2524.9632,47.7012,8.404352,0.089408,294.39373938616313
160.4,39.95686219,-106.2223539,2524.9632,47.7012,8.896096,0.089408,294.39373938616313
160.5,39.95686543,-106.222363,2524.9632,47.7012,8.9408,0.0,294.837396009214
160.60000000000002,39.95686858,-106.222372,2524.9632,47.60976,8.49376,0.089408,294.02321579816976
160.70000000000002,39.95687157,-106.2223805,2524.9632,47.60976,8.180832,0.089408,294.02321579816976
160.8,39.95687438,-106.2223888,2524.9632,47.60976,7.867904,0.0,294.837396009214
160.9,39.95687747,-106.2223977,2524.9632,47.60976,8.04672,0.0,293.7820304232214
161.0,39.95688088,-106.2224074,2524.9632,47.487840000000006,8.672576,0.089408,294.590117166196
161.10000000000002,39.95688429,-106.2224171,2524.9632,47.487840000000006,9.119616,0.089408,293.7820304232214
161.20000000000002,39.95688749,-106.2224263,2524.9632,47.487840000000006,8.851392,0.089408,294.590117166196
161.3,39.95689098,-106.2224362,2524.6584000000003,47.3964,8.9408,0.089408,294.34741606888645
161.4,39.95689431,-106.2224459,2524.6584000000003,47.3964,9.209024,0.089408,294.34741606888645
161.5,39.95689749,-106.2224551,2524.6584000000003,47.3964,8.806688,0.0,294.34741606888645
161.60000000000002,39.95690084,-106.2224648,2524.6584000000003,47.3964,8.851392,0.0,294.590117166196
161.70000000000002,39.95690401,-106.222474,2524.9632,47.487840000000006,8.851392,0.0,294.590117166196
161.8,39.95690742,-106.2224835,2524.6584000000003,47.3964,8.806688,0.0,295.1231278053967
161.9,39.95691068,-106.2224925,2524.9632,47.487840000000006,8.71728,0.0,294.87654892225703
162.0,39.95691405,-106.2225019,2524.9632,47.487840000000006,8.672576,0.0,295.1231278053967
162.10000000000002,39.95691722,-106.2225103,2524.9632,47.487840000000006,8.404352,0.0,295.401188675414
162.20000000000002,39.95692083,-106.22252,2524.9632,47.60976,8.627872,0.0,295.401188675414
162.3,39.9569243,-106.2225293,2524.9632,47.60976,8.985504,0.089408,295.401188675414
162.4,39.95692792,-106.222539,2524.9632,47.487840000000006,8.985504,0.22352,295.401188675414
162.5,39.95693151,-106.2225487,2524.9632,47.487840000000006,9.209024,0.089408,294.39675892658266
162.60000000000002,39.95693491,-106.2225587,2524.9632,47.487840000000006,9.253728,0.0,293.532348560901
162.70000000000002,39.95693805,-106.2225682,2524.9632,47.487840000000006,9.030208,0.0,292.7509763427876
162.8,39.95694129,-106.2225783,2524.9632,47.487840000000006,9.074912,0.0,291.4854433170634
162.9,39.9569443,-106.2225879,2524.6584000000003,47.3964,9.074912,0.0,290.9557767306322
163.0,39.95694727,-106.2225987,2524.6584000000003,47.3964,9.343136,0.0,290.1542111568456
163.10000000000002,39.95695005,-106.2226086,2524.6584000000003,47.3964,9.38784,0.0,289.6152020352458
163.20000000000002,39.95695272,-106.2226187,2524.9632,47.487840000000006,8.985504,0.0,289.07255438785535
163.3,39.95695518,-106.2226283,2524.6584000000003,47.3964,8.851392,0.0,288.52632957401
163.4,39.95695737,-106.2226381,2524.6584000000003,47.3964,8.672576,0.0,287.5255683737229
163.5,39.95695974,-106.2226478,2524.9632,47.487840000000006,8.672576,0.0,287.5255683737229
163.60000000000002,39.95696215,-106.222658,2524.9632,47.487840000000006,8.851392,0.0,286.9754994679297
163.70000000000002,39.95696438,-106.2226677,2524.9632,47.487840000000006,8.896096,0.0,286.4221874983153
163.8,39.95696666,-106.222678,2524.9632,47.487840000000006,8.896096,0.0,286.4221874983153
163.9,39.95696882,-106.2226878,2524.9632,47.60976,8.896096,0.0,285.86570780277384
164.0,39.95697104,-106.222698,2524.9632,47.60976,8.851392,0.0,285.0252215794489
164.10000000000002,39.95697308,-106.2227078,2524.9632,47.487840000000006,8.851392,0.0,284.46117347303164
164.20000000000002,39.95697528,-106.2227187,2524.9632,47.487840000000006,9.119616,0.089408,284.60846693392887
164.3,39.95697724,-106.2227286,2524.9632,47.487840000000006,9.16432,0.0,284.03624346792645
164.4,39.95697924,-106.2227386,2524.9632,47.60976,8.761984,0.0,284.60846693392887
164.5,39.95698119,-106.2227481,2524.9632,47.60976,8.583167999999999,-0.089408,284.60846693392887
164.60000000000002,39.95698333,-106.2227583,2524.9632,47.60976,8.71728,-0.089408,285.3332847930536
164.70000000000002,39.95698547,-106.2227679,2524.9632,47.7012,8.761984,-0.089408,285.3332847930536
164.8,39.95698766,-106.2227776,2524.9632,47.7012,8.583167999999999,0.0,286.44037952168014
164.9,39.95698978,-106.2227869,2524.9632,47.7012,8.49376,0.0,286.44037952168014
165.0,39.95699214,-106.222797,2524.9632,47.60976,8.627872,0.089408,286.44037952168014
165.10000000000002,39.95699474,-106.2228065,2524.9632,47.60976,8.761984,0.22352,287.014683276523
165.20000000000002,39.95699717,-106.2228164,2524.9632,47.487840000000006,8.71728,0.22352,287.7676404670869
165.3,39.95699961,-106.2228257,2524.9632,47.487840000000006,8.627872,0.089408,289.3897900767942
165.4,39.95700234,-106.2228352,2524.6584000000003,47.3964,8.538464000000001,0.22352,290.7332115674668
165.5,39.95700518,-106.2228442,2524.9632,47.487840000000006,8.49376,0.089408,290.7332115674668
165.60000000000002,39.95700823,-106.2228539,2524.9632,47.487840000000006,8.583167999999999,0.0,292.3636660154735
165.70000000000002,39.95701123,-106.2228629,2524.9632,47.487840000000006,8.672576,0.0,293.8387401831717
165.8,39.9570145,-106.2228717,2524.6584000000003,47.3964,8.359648,-0.089408,294.64677085193114
165.9,39.95701813,-106.2228798,2524.6584000000003,47.3964,8.136128,0.0,295.74070835623286
166.0,39.95702156,-106.2228889,2524.6584000000003,47.3964,8.314944,0.0,297.1146341247669
166.10000000000002,39.95702493,-106.2228974,2524.6584000000003,47.3964,8.404352,0.0,298.09072818945924
166.20000000000002,39.95702875,-106.2229063,2524.6584000000003,47.30496,8.404352,0.0,298.9051631768359
166.3,39.95703246,-106.2229146,2524.6584000000003,47.30496,8.449055999999999,0.0,299.7448812969422
166.4,39.95703618,-106.222923,2524.6584000000003,47.3964,8.225536,0.0,300.5913658086449
166.5,39.95703986,-106.222931,2524.6584000000003,47.3964,8.091424,0.0,301.97256775948773
166.60000000000002,39.95704395,-106.2229394,2524.6584000000003,47.3964,8.225536,0.0,302.7536671403196
166.70000000000002,39.95704795,-106.2229473,2524.6584000000003,47.3964,8.27024,0.0,303.7758395869269
166.8,39.95705219,-106.2229557,2524.6584000000003,47.3964,8.314944,0.089408,304.6363081775529
166.9,39.95705639,-106.2229634,2524.6584000000003,47.30496,8.359648,0.089408,306.2538377374448
167.0,39.95706101,-106.2229715,2524.6584000000003,47.3964,8.314944,0.089408,307.6829927676752
167.10000000000002,39.95706555,-106.222979,2524.6584000000003,47.30496,8.404352,0.0,308.1746735355244
167.20000000000002,39.95707085,-106.2229875,2524.6584000000003,47.3964,8.761984,-0.089408,309.7661383527836
167.3,39.95707569,-106.222995,2524.6584000000003,47.3964,8.851392,-0.089408,311.0396881695416
167.4,39.95708072,-106.2230023,2524.6584000000003,47.3964,8.359648,-0.089408,311.9644308749444
167.5,39.95708559,-106.2230091,2524.9632,47.487840000000006,8.180832,-0.089408,313.68811221749587
167.60000000000002,39.95709049,-106.2230155,2524.9632,47.487840000000006,7.778496,-0.089408,314.56263613247927
167.70000000000002,39.95709558,-106.223022,2524.9632,47.487840000000006,7.778496,0.0,315.8680514497456
167.8,39.95710127,-106.2230291,2524.9632,47.487840000000006,8.314944,0.0,316.94514676141426
167.9,39.95710677,-106.2230357,2524.6584000000003,47.3964,8.538464000000001,0.0,318.0355691250556
168.0,39.95711266,-106.2230426,2524.9632,47.487840000000006,8.583167999999999,0.0,319.29986282019206
168.10000000000002,39.95711876,-106.2230497,2524.9632,47.60976,8.896096,0.0,320.15558431740624
168.20000000000002,39.95712501,-106.2230563,2524.9632,47.60976,8.985504,0.0,320.624628041446
168.3,39.95713101,-106.2230625,2524.9632,47.487840000000006,8.71728,0.0,321.91122711902466
168.4,39.95713717,-106.2230686,2524.9632,47.487840000000006,8.538464000000001,0.0,322.76516601842536
168.5,39.95714313,-106.2230741,2524.9632,47.60976,8.359648,0.0,323.6156481841641
168.60000000000002,39.9571495,-106.2230801,2524.9632,47.60976,8.449055999999999,0.0,324.4623222080256
168.70000000000002,39.95715564,-106.2230857,2524.9632,47.60976,8.538464000000001,0.0,326.0611824615918
168.8,39.95716224,-106.2230915,2524.9632,47.487840000000006,8.583167999999999,0.0,326.3921358315527
168.9,39.95716848,-106.2230968,2524.9632,47.487840000000006,8.583167999999999,0.0,327.211508376476
169.0,39.95717531,-106.2231025,2524.9632,47.487840000000006,8.627872,0.089408,328.1811460716597
169.10000000000002,39.95718223,-106.2231081,2524.6584000000003,47.3964,9.030208,0.089408,328.4877366612367
169.20000000000002,39.95718891,-106.2231134,2524.9632,47.487840000000006,8.896096,0.0,329.0852560988396
169.3,39.95719569,-106.223119,2524.6584000000003,47.3964,8.806688,0.089408,330.00891367665866
169.4,39.957203,-106.2231244,2524.6584000000003,47.30496,9.119616,0.0,330.289991358224
169.5,39.95721006,-106.2231296,2524.6584000000003,47.30496,9.209024,0.0,330.83800000136955
169.60000000000002,39.9572176,-106.2231351,2524.6584000000003,47.3964,9.298432,0.0,331.83009896785
169.70000000000002,39.95722488,-106.2231402,2524.6584000000003,47.3964,9.38784,0.0,332.4680232512777
169.8,39.95723294,-106.2231458,2524.6584000000003,47.30496,9.700768,0.0,332.71579270637693
169.9,39.95724056,-106.2231508,2524.6584000000003,47.30496,9.83488,0.0,333.434948822922
170.0,39.95724859,-106.2231561,2524.6584000000003,47.30496,9.745472,0.0,334.263549020748
170.10000000000002,39.95725633,-106.223161,2524.6584000000003,47.30496,9.790176,0.0,334.4915135021166
170.20000000000002,39.95726503,-106.2231665,2524.6584000000003,47.30496,10.147808,0.0,334.96718660580143
170.3,39.957273,-106.2231713,2524.6584000000003,47.30496,10.237215999999998,-0.089408,335.44657691657045
170.4,39.95728107,-106.223176,2524.6584000000003,47.30496,9.790176,-0.089408,336.3857279319284
170.5,39.95728917,-106.2231807,2524.6584000000003,47.21352,9.83488,-0.089408,336.8709431652166
170.60000000000002,39.95729554,-106.223184,2524.6584000000003,47.30496,8.71728,-0.22352,337.07719931553635
170.70000000000002,39.95730308,-106.223188,2524.6584000000003,47.21352,8.359648,-0.089408,337.07719931553635
170.8,39.95731192,-106.2231929,2524.6584000000003,47.30496,9.879584,-0.089408,337.86042373500084
170.9,39.95732036,-106.2231975,2524.6584000000003,47.30496,10.416032,-0.089408,338.05487230458243
171.0,39.95732917,-106.2232023,2524.6584000000003,47.21352,10.371328,0.0,338.7229132934223
171.10000000000002,39.95733718,-106.2232064,2524.6584000000003,47.21352,10.103104,0.0,338.9076604941725
171.20000000000002,39.95734603,-106.2232108,2524.6584000000003,47.21352,10.0584,0.0,339.88741171092454
171.3,39.95735455,-106.223215,2524.6584000000003,47.0916,10.326624,0.0,340.5320907981956
171.4,39.95736374,-106.2232192,2524.6584000000003,47.21352,10.50544,0.0,340.5320907981956
171.5,39.95737317,-106.2232235,2524.6584000000003,47.21352,10.997184,0.0,341.1699141345705
171.60000000000002,39.95738178,-106.2232273,2524.6584000000003,47.21352,10.594848,0.0,342.36077472981725
171.70000000000002,39.95739005,-106.2232307,2524.6584000000003,47.21352,9.879584,0.0,342.9892384953238
171.8,39.95739951,-106.2232344,2524.6584000000003,47.21352,10.326624,0.0,343.9509952074668
171.9,39.95740845,-106.2232375,2524.6584000000003,47.21352,10.639552,0.0,344.8759926916894
172.0,39.95741782,-106.2232408,2524.6584000000003,47.21352,10.550144,0.0,345.96375653207355
172.10000000000002,39.95742678,-106.2232438,2524.6584000000003,47.21352,10.550144,0.0,346.56181184164933
172.20000000000002,39.95743603,-106.2232466,2524.6584000000003,47.30496,10.416032,0.0,347.4975715613203
172.3,39.95744455,-106.2232488,2524.6584000000003,47.30496,10.103104,0.0,347.97331034509466
172.4,39.95745408,-106.2232514,2524.6584000000003,47.30496,10.237215999999998,0.0,348.595520120853
172.5,39.95746319,-106.2232537,2524.6584000000003,47.3964,10.550144,0.0,349.0688770775886
172.60000000000002,39.95747266,-106.2232559,2524.6584000000003,47.3964,10.50544,0.0,349.630800380257
172.70000000000002,39.95748182,-106.2232579,2524.6584000000003,47.3964,10.50544,0.0,350.420107957988
172.8,39.95749185,-106.2232601,2524.6584000000003,47.3964,10.818368,0.0,350.9658312181018
172.9,39.95750149,-106.2232622,2524.6584000000003,47.3964,11.086592,0.0,351.0760115563686
173.0,39.95751159,-106.2232643,2524.6584000000003,47.3964,11.131296,0.0,351.6070748126075
173.10000000000002,39.95752125,-106.2232663,2524.6584000000003,47.3964,11.131296,0.0,352.0672416858279
173.20000000000002,39.95753158,-106.2232685,2524.6584000000003,47.3964,11.265408,0.0,352.8176592284915
173.3,39.95754136,-106.2232702,2524.6584000000003,47.3964,11.310112,0.0,353.33038015768767
173.4,39.95755194,-106.2232718,2524.6584000000003,47.30496,11.39952,0.0,354.2436617388766
173.5,39.95756204,-106.2232731,2524.6584000000003,47.30496,11.578335999999998,0.0,354.99086042679266
173.60000000000002,39.95757177,-106.2232743,2524.6584000000003,47.30496,11.086592,0.0,355.48008888546485
173.70000000000002,39.95758143,-106.2232753,2524.6584000000003,47.30496,10.818368,0.0,356.4096773978604
173.8,39.95759211,-106.2232762,2524.6584000000003,47.30496,11.354816,0.0,357.08156527921847
173.9,39.95760231,-106.223277,2524.6584000000003,47.30496,11.62304,0.0,357.5491473622289
174.0,39.95761348,-106.2232775,2524.6584000000003,47.3964,11.891264,0.0,357.5491473622289
174.10000000000002,39.95762374,-106.223278,2524.6584000000003,47.3964,11.935968,0.0,357.9943526286114
174.20000000000002,39.95763452,-106.2232784,2524.6584000000003,47.30496,11.712448,0.0,358.8854367275153
174.3,39.9576448,-106.2232787,2524.6584000000003,47.30496,11.712448,0.0,359.55927192723897
174.4,39.95765545,-106.2232789,2524.6584000000003,47.3964,11.667744,0.0,0.0
174.5,39.95766572,-106.2232789,2524.6584000000003,47.3964,11.62304,0.0,0.0
174.60000000000002,39.95767658,-106.2232789,2524.6584000000003,47.3964,11.757152,0.0,0.4340506321394173
174.70000000000002,39.95768696,-106.2232787,2524.6584000000003,47.3964,11.801856,0.0,1.085017619497421
174.8,39.95769795,-106.2232784,2524.6584000000003,47.3964,11.891264,0.0,1.5074357587749887
174.9,39.95770836,-106.223278,2524.6584000000003,47.30496,11.891264,0.0,1.93783976544114
175.0,39.95771947,-106.2232774,2524.6584000000003,47.30496,11.980672,0.0,2.350373164548728
175.10000000000002,39.95773007,-106.2232767,2524.6584000000003,47.30496,12.07008,0.089408,3.416588191771325
175.20000000000002,39.95774121,-106.2232758,2524.6584000000003,47.30496,12.114784,0.089408,3.842453127914837
175.3,39.95775189,-106.2232749,2524.6584000000003,47.30496,12.159488,0.0,4.267893300290837
175.4,39.95776301,-106.2232737,2524.6584000000003,47.21352,12.159488,0.0,4.641140210745448
175.5,39.95777363,-106.2232725,2524.6584000000003,47.30496,12.114784,0.0,5.270670751640978
175.60000000000002,39.9577849,-106.223271,2524.6584000000003,47.30496,12.204192,0.0,5.648247373735273
175.70000000000002,39.95779559,-106.2232695,2524.6584000000003,47.30496,12.248895999999998,0.0,6.063625368511737
175.8,39.95780691,-106.2232679,2524.6584000000003,47.30496,12.2936,0.0,6.478364579772858
175.9,39.9578177,-106.2232664,2524.6584000000003,47.21352,12.338304,0.0,6.525764471951106
176.0,39.95782923,-106.2232646,2524.6584000000003,47.21352,12.472416,0.0,7.099184168725572
176.10000000000002,39.95784027,-106.223263,2524.6584000000003,47.21352,12.651232,0.0,7.512144103052776
176.20000000000002,39.95785139,-106.2232612,2524.6584000000003,47.21352,12.383008,0.0,7.924320552170002
176.3,39.95786196,-106.2232593,2524.6584000000003,47.21352,12.159488,0.0,7.924320552170002
176.4,39.95787313,-106.2232571,2524.6584000000003,47.21352,12.204192,0.0,8.335673207874322
176.5,39.95788378,-106.223255,2524.6584000000003,47.0916,12.2936,0.0,8.27589282707521
176.60000000000002,39.95789496,-106.2232528,2524.6584000000003,47.0916,12.248895999999998,0.089408,8.887014755542793
176.70000000000002,39.95790581,-106.2232507,2524.6584000000003,47.0916,12.383008,0.0,8.82386194304047
176.8,39.95791727,-106.2232483,2524.3536,47.00016,12.561824,0.0,9.227367194289345
176.9,39.95792822,-106.223246,2524.3536,47.00016,12.606528,0.0,9.13017648227867
177.0,39.95794001,-106.2232436,2524.3536,47.00016,12.785344,-0.089408,9.52867513668707
177.10000000000002,39.95795104,-106.2232412,2524.3536,47.00016,12.830048,-0.22352,9.52867513668707
177.20000000000002,39.95796264,-106.2232386,2524.6584000000003,47.0916,12.74064,-0.22352,9.926245506651696
177.3,39.95797365,-106.2232361,2524.6584000000003,47.0916,12.74064,-0.089408,10.0315777323612
177.4,39.95798537,-106.2232335,2524.6584000000003,47.0916,12.830048,-0.089408,10.322852684236407
177.5,39.95799637,-106.2232308,2524.3536,47.00016,12.830048,-0.089408,10.322852684236407
177.60000000000002,39.95800794,-106.223228,2524.3536,47.00016,12.74064,0.0,10.322852684236407
177.70000000000002,39.95801895,-106.2232253,2524.3536,47.00016,12.785344,0.0,10.915882431693092
177.8,39.95803045,-106.2232223,2524.3536,47.00016,12.74064,-0.089408,11.30993247402023
177.9,39.95804144,-106.2232194,2524.3536,47.00016,12.74064,0.0,11.30993247402023
178.0,39.95805306,-106.2232163,2524.3536,47.00016,12.830048,-0.089408,11.702901480221383
178.10000000000002,39.95806413,-106.2232133,2524.3536,47.00016,12.874752,-0.089408,12.094757077012105
178.20000000000002,39.95807574,-106.22321,2524.3536,47.00016,12.874752,0.0,12.011478386365468
178.3,39.95808684,-106.2232067,2524.3536,47.00016,12.919455999999998,-0.089408,12.011478386365468
178.4,39.95809852,-106.2232034,2524.3536,47.00016,12.96416,-0.089408,12.593329956103103
178.5,39.95810967,-106.2232002,2524.3536,47.00016,13.008864,-0.22352,12.593329956103103
178.60000000000002,39.95812163,-106.2231968,2524.3536,47.00016,13.142976,-0.22352,12.593329956103103
178.70000000000002,39.95813337,-106.2231934,2524.3536,46.90872,13.500608,-0.22352,12.979777170514808
178.8,39.95814484,-106.22319,2524.3536,46.90872,13.232384,-0.089408,12.979777170514808
178.9,39.95815578,-106.2231868,2524.3536,46.90872,12.785344,-0.089408,12.891434383114015
179.0,39.95816743,-106.2231833,2524.3536,46.7868,12.874752,0.0,12.891434383114015
179.10000000000002,39.95817806,-106.2231801,2524.3536,46.90872,12.695936,0.0,12.804266065286754
179.20000000000002,39.95818995,-106.2231766,2524.3536,46.7868,12.830048,-0.089408,12.675665848395909
179.4,39.95821348,-106.2231695,2524.3536,46.7868,13.455904,-0.22352,13.184676093188957
179.5,39.95822575,-106.223166,2524.3536,46.7868,13.590016,-0.22352,13.184676093188957
179.60000000000002,39.95823775,-106.2231624,2524.3536,46.7868,13.813536,-0.22352,13.184676093188957
179.70000000000002,39.95824912,-106.223159,2524.3536,46.7868,13.321792,-0.22352,13.274249765792092
179.8,39.95826066,-106.2231555,2524.3536,46.7868,13.098272,-0.22352,13.274249765792092
179.9,39.95827162,-106.2231521,2524.3536,46.7868,12.874752,-0.312928,13.274249765792092
180.0,39.95828251,-106.2231487,2524.3536,46.7868,12.472416,-0.312928,13.655862138541806
180.10000000000002,39.95829357,-106.2231452,2524.3536,46.90872,12.561824,-0.312928,13.655862138541806
180.2,39.95830531,-106.2231414,2524.3536,46.90872,13.053568,-0.22352,13.655862138541806
180.3,39.95831648,-106.2231377,2524.3536,46.90872,13.098272,-0.22352,14.225963898751786
180.4,39.9583284,-106.2231338,2524.3536,46.90872,13.232384,-0.22352,14.225963898751786
180.5,39.95833959,-106.2231301,2524.3536,46.90872,13.232384,-0.089408,14.225963898751786
180.6,39.95835115,-106.2231263,2524.3536,46.90872,13.053568,-0.22352,14.225963898751786
180.7,39.95836218,-106.2231227,2524.3536,46.90872,12.96416,-0.089408,14.225963898751786
180.8,39.95837444,-106.2231187,2524.3536,46.90872,13.321792,-0.089408,14.604447446790118
180.9,39.95838586,-106.2231149,2524.3536,46.90872,13.590016,-0.089408,14.604447446790118
181.0,39.95839744,-106.223111,2524.3536,46.90872,13.18768,-0.089408,14.604447446790118
181.1,39.95840855,-106.2231072,2524.3536,46.90872,13.053568,-0.089408,14.604447446790118
181.2,39.95842143,-106.2231029,2524.3536,47.00016,13.768832,-0.22352,14.506641597524322
181.3,39.95843311,-106.2230989,2524.3536,47.00016,14.126464,-0.089408,14.88152970314053
181.4,39.95844486,-106.2230949,2524.3536,47.00016,13.455904,-0.089408,14.506641597524322
181.5,39.95845661,-106.2230909,2524.3536,47.00016,13.500608,-0.089408,14.506641597524322
181.6,39.95846725,-106.2230873,2524.3536,47.00016,12.874752,-0.22352,14.506641597524322
181.7,39.9584766,-106.2230842,2524.3536,47.00016,11.488928,-0.089408,14.506641597524322
181.8,39.95848879,-106.2230801,2524.3536,47.00016,12.383008,-0.22352,14.506641597524322
181.9,39.95850041,-106.2230761,2524.3536,47.00016,13.679424,-0.089408,14.506641597524322
182.0,39.95851249,-106.2230721,2524.3536,47.00016,13.590016,-0.089408,14.506641597524322
182.1,39.95852506,-106.223068,2524.3536,46.90872,14.126464,0.0,14.506641597524322
182.2,39.95853705,-106.223064,2524.3536,46.90872,14.08176,0.0,14.506641597524322
182.3,39.95854844,-106.2230601,2524.3536,46.90872,13.4112,-0.089408,14.506641597524322
182.4,39.95856035,-106.2230562,2524.3536,46.90872,13.366496,-0.089408,14.506641597524322
182.5,39.95857227,-106.2230523,2524.3536,46.90872,13.679424,-0.089408,14.506641597524322
182.6,39.95858303,-106.2230487,2524.3536,47.00016,13.008864,-0.089408,14.362313489635312
182.7,39.95859378,-106.2230451,2524.3536,47.00016,12.338304,-0.089408,14.362313489635312
182.8,39.95860586,-106.2230412,2524.3536,47.00016,13.098272,0.0,13.897176315015372
182.9,39.95861767,-106.2230374,2524.3536,47.00016,13.679424,0.0,13.897176315015372
183.0,39.95863013,-106.2230334,2524.3536,47.00016,13.902944,0.0,13.897176315015372
183.1,39.95864197,-106.2230297,2524.3536,47.00016,13.902944,0.0,13.339248903363398
183.2,39.95865417,-106.2230259,2524.3536,47.00016,13.724128,-0.089408,13.339248903363398
183.3,39.95866577,-106.2230224,2524.3536,47.00016,13.590016,0.0,12.965853852810085
183.4,39.95867792,-106.223019,2524.6584000000003,47.0916,13.545312,-0.089408,12.59133490824314
183.5,39.95868945,-106.2230158,2524.6584000000003,47.0916,13.455904,-0.089408,12.215719134130836
183.6,39.95870153,-106.2230125,2524.6584000000003,47.0916,13.4112,-0.089408,11.650299437537685
183.7,39.95871307,-106.2230093,2524.6584000000003,47.0916,13.4112,-0.22352,11.572927647678227
183.8,39.95872558,-106.2230062,2524.6584000000003,47.21352,13.63472,-0.089408,11.123058448105157
183.9,39.95873734,-106.2230031,2524.6584000000003,47.0916,13.768832,0.0,11.123058448105157
184.0,39.95874932,-106.2230001,2524.6584000000003,47.0916,13.455904,0.0,10.820236880891002
184.1,39.9587607,-106.2229974,2524.6584000000003,47.0916,13.232384,-0.089408,10.820236880891002
184.2,39.95877257,-106.2229946,2524.6584000000003,47.0916,13.142976,-0.089408,10.442452399360777
184.3,39.95878339,-106.222992,2524.6584000000003,47.21352,12.830048,-0.089408,10.442452399360777
184.4,39.95879556,-106.2229891,2524.6584000000003,47.21352,12.96416,-0.22352,10.373198096959072
184.5,39.95880715,-106.2229864,2524.6584000000003,47.21352,13.4112,-0.22352,9.80842100482704
184.6,39.95881934,-106.2229835,2524.6584000000003,47.30496,13.455904,-0.089408,9.43082370679366
184.7,39.95883092,-106.2229809,2524.6584000000003,47.30496,13.4112,0.0,9.43082370679366
184.8,39.9588432,-106.2229783,2524.6584000000003,47.21352,13.455904,0.089408,8.962753139289646
184.9,39.9588549,-106.2229759,2524.6584000000003,47.21352,13.500608,0.089408,8.962753139289646
185.0,39.95886728,-106.2229735,2524.6584000000003,47.21352,13.545312,0.0,8.587168327918846
185.1,39.95887931,-106.2229712,2524.6584000000003,47.0916,13.724128,0.0,8.587168327918846
185.2,39.95889166,-106.2229687,2524.6584000000003,47.21352,13.679424,0.0,8.587168327918846
185.3,39.9589034,-106.2229664,2524.6584000000003,47.21352,13.545312,0.0,8.587168327918846
185.4,39.95891569,-106.2229641,2524.6584000000003,47.21352,13.500608,0.0,8.21083848603621
185.5,39.95892744,-106.222962,2524.6584000000003,47.30496,13.500608,0.0,8.21083848603621
185.6,39.95893973,-106.2229598,2524.6584000000003,47.21352,13.500608,0.0,8.21083848603621
185.7,39.95895143,-106.2229577,2524.6584000000003,47.21352,13.455904,0.0,7.645013271670734
185.8,39.95896371,-106.2229556,2524.6584000000003,47.30496,13.455904,0.0,7.266954405811703
185.9,39.95897532,-106.2229535,2524.6584000000003,47.21352,13.4112,0.0,7.266954405811703
186.0,39.95898821,-106.2229514,2524.6584000000003,47.21352,13.724128,0.0,7.340053711053088
186.1,39.95899927,-106.2229496,2524.6584000000003,47.21352,13.4112,0.0,6.957625148775662
186.2,39.95901154,-106.2229476,2524.6584000000003,47.21352,13.053568,0.0,6.888258276994691
186.3,39.95902374,-106.2229458,2524.6584000000003,47.30496,13.724128,0.0,6.888258276994691
186.4,39.95903634,-106.2229438,2524.6584000000003,47.30496,13.85824,0.0,6.508956440502573
186.5,39.95904829,-106.222942,2524.6584000000003,47.30496,13.724128,0.0,6.508956440502573
186.6,39.9590604,-106.2229403,2524.6584000000003,47.30496,13.455904,0.0,6.508956440502573
186.7,39.95907192,-106.2229387,2524.6584000000003,47.30496,13.232384,0.0,6.508956440502573
186.8,39.9590836,-106.2229371,2524.6584000000003,47.30496,12.96416,0.0,5.938937778484501
186.9,39.95909521,-106.2229355,2524.6584000000003,47.30496,13.008864,0.0,5.99889553241627
187.0,39.95910745,-106.2229338,2524.6584000000003,47.30496,13.321792,0.0,5.99889553241627
187.1,39.95911909,-106.2229322,2524.6584000000003,47.30496,13.366496,0.0,5.99889553241627
187.2,39.9591314,-106.2229306,2524.6584000000003,47.30496,13.366496,0.0,5.614427099045599
187.3,39.95914309,-106.2229292,2524.6584000000003,47.30496,13.4112,0.0,5.177092817639618
187.4,39.9591554,-106.2229278,2524.6584000000003,47.30496,13.4112,0.0,5.177092817639618
187.5,39.95916714,-106.2229265,2524.6584000000003,47.30496,13.4112,0.0,4.795463836586634
187.6,39.95917952,-106.2229255,2524.6584000000003,47.30496,13.455904,0.0,4.222230206142683
187.7,39.95919125,-106.2229244,2524.6584000000003,47.30496,13.455904,0.0,4.222230206142683
187.8,39.95920362,-106.2229231,2524.6584000000003,47.21352,13.455904,0.0,4.194182788390833
187.9,39.9592154,-106.2229219,2524.6584000000003,47.21352,13.455904,0.0,4.194182788390833
188.0,39.9592279,-106.2229208,2524.6584000000003,47.21352,13.545312,0.0,4.222230206142683
188.1,39.95923967,-106.2229196,2524.6584000000003,47.21352,13.545312,0.089408,4.222230206142683
188.2,39.95925197,-106.2229185,2524.6584000000003,47.21352,13.4112,0.089408,4.222230206142683
188.3,39.95926365,-106.2229175,2524.6584000000003,47.0916,13.366496,0.0,3.839596337953481
188.4,39.9592757,-106.2229164,2524.6584000000003,47.21352,13.232384,0.0,3.839596337953481
188.5,39.95928678,-106.2229154,2524.6584000000003,47.21352,12.874752,0.0,3.4566191720419965
188.6,39.95929936,-106.2229144,2524.6584000000003,47.21352,13.18768,0.089408,3.433630362450515
188.7,39.95931136,-106.2229134,2524.6584000000003,47.21352,13.679424,0.0,3.433630362450515
188.8,39.95932382,-106.2229125,2524.6584000000003,47.21352,13.63472,0.0,3.052882514792429
188.9,39.95933626,-106.2229115,2524.6584000000003,47.30496,13.85824,0.0,3.052882514792429
189.0,39.95934893,-106.2229106,2524.6584000000003,47.21352,13.992352,0.0,3.0733325110733745
189.1,39.95936091,-106.2229098,2524.6584000000003,47.30496,13.724128,0.0,2.4978965624692364
189.2,39.95937267,-106.2229092,2524.6584000000003,47.30496,13.232384,0.0,2.523266233502966
189.3,39.95938333,-106.2229089,2524.6584000000003,47.3964,12.472416,-0.089408,2.135463442376647
189.4,39.95939543,-106.2229083,2524.6584000000003,47.3964,12.651232,0.0,1.747464806233097
189.5,39.95940692,-106.2229078,2524.6584000000003,47.3964,13.142976,0.0,1.747464806233097
189.6,39.95941907,-106.2229073,2524.6584000000003,47.3964,13.142976,0.0,1.359305786068603
189.7,39.95943117,-106.222907,2524.6584000000003,47.3964,13.500608,0.089408,0.9710219310791786
189.8,39.95944371,-106.2229067,2524.6584000000003,47.30496,13.724128,0.089408,0.9710219310791786
189.9,39.95945563,-106.2229066,2524.6584000000003,47.3964,13.590016,0.089408,0.3884400114800428
190.0,39.95946801,-106.2229066,2524.6584000000003,47.3964,13.500608,0.089408,0.0
190.1,39.95948039,-106.2229067,2524.6584000000003,47.3964,13.768832,0.0,359.61155998852
190.2,39.95949203,-106.2229071,2524.6584000000003,47.3964,13.366496,-0.22352,358.6406942139314
190.3,39.95950364,-106.2229076,2524.9632,47.487840000000006,12.96416,-0.22352,358.6314191930469
190.4,39.95951587,-106.2229081,2524.9632,47.487840000000006,13.277088,0.0,358.2525351937669
190.5,39.95952754,-106.2229087,2524.9632,47.487840000000006,13.277088,0.0,358.2525351937669
190.6,39.95953964,-106.2229096,2524.9632,47.487840000000006,13.232384,0.0,357.8645365576233
190.7,39.95955127,-106.2229104,2524.9632,47.487840000000006,13.18768,0.0,357.5021034375308
190.8,39.9595635,-106.2229112,2524.6584000000003,47.3964,13.277088,0.0,357.5021034375308
190.9,39.95957514,-106.2229122,2524.6584000000003,47.3964,13.277088,0.0,356.9266674889266
191.0,39.95958728,-106.2229132,2524.6584000000003,47.3964,13.232384,0.089408,356.543380827958
191.1,39.95959895,-106.2229142,2524.6584000000003,47.3964,13.277088,0.089408,356.1604036620465
191.2,39.95961092,-106.2229155,2524.6584000000003,47.30496,13.18768,0.089408,355.15599962491933
191.4,39.95963468,-106.2229185,2524.6584000000003,47.21352,13.321792,0.089408,354.00110446758373
191.5,39.95964654,-106.2229202,2524.6584000000003,47.21352,13.277088,0.0,353.4254274214042
191.6,39.9596592,-106.2229222,2524.6584000000003,47.0916,13.724128,0.0,352.6599462889469
191.7,39.9596712,-106.2229243,2524.6584000000003,47.0916,13.813536,0.0,352.278174199869
191.8,39.9596832,-106.2229266,2524.6584000000003,47.0916,13.455904,-0.089408,351.65100366014354
191.9,39.95969476,-106.2229294,2524.6584000000003,47.0916,13.277088,-0.089408,351.2685327305858
192.0,39.95970679,-106.222932,2524.3536,47.00016,13.321792,0.0,350.5059701142411
192.1,39.9597188,-106.2229348,2524.3536,47.00016,13.545312,0.0,350.1259407482426
192.2,39.95972995,-106.2229376,2524.3536,47.00016,13.098272,0.0,349.48737283007864
192.3,39.95974034,-106.2229406,2524.3536,46.90872,12.204192,0.0,349.10717039892234
192.4,39.95975252,-106.2229439,2524.3536,46.90872,12.830048,0.0,348.2713018435419
192.5,39.95976403,-106.2229471,2524.3536,46.90872,13.455904,0.0,347.5772954649547
192.6,39.95977567,-106.2229506,2524.3536,47.00016,13.18768,0.0,347.108565616886
192.7,39.95978693,-106.2229542,2524.3536,47.00016,13.098272,0.0,346.7257502342079
192.8,39.95979859,-106.2229579,2524.3536,47.00016,13.098272,0.0,346.3441378614582
192.9,39.9598097,-106.2229616,2524.3536,47.00016,13.053568,0.0,345.7740361012482
193.0,39.95982172,-106.2229657,2524.3536,47.00016,13.277088,0.0,345.3955525532099
193.1,39.95983435,-106.2229701,2524.3536,47.00016,14.171168,0.0,345.4933584024757
193.2,39.95984573,-106.2229739,2524.3536,47.00016,13.813536,-0.089408,345.869520137586
193.3,39.95985712,-106.2229776,2524.3536,47.00016,13.053568,-0.089408,346.81532390681105
193.4,39.95986901,-106.2229811,2524.6584000000003,47.0916,13.321792,-0.22352,347.5772954649547
193.5,39.95988027,-106.2229842,2524.6584000000003,47.0916,13.18768,-0.22352,348.8453402610717
193.6,39.95989117,-106.2229865,2524.6584000000003,47.21352,12.561824,-0.312928,350.47132486331293
193.7,39.95990183,-106.2229887,2524.6584000000003,47.21352,12.159488,-0.312928,352.5418724071768
193.8,39.95991304,-106.2229903,2524.6584000000003,47.30496,12.248895999999998,-0.312928,354.729329248359
193.9,39.95992352,-106.2229914,2524.6584000000003,47.30496,12.114784,-0.089408,356.5317707410829
194.0,39.9599343,-106.2229913,2524.6584000000003,47.30496,11.84656,0.0,358.8766972859246
194.1,39.95994436,-106.2229914,2524.6584000000003,47.30496,11.578335999999998,0.0,0.0
194.2,39.95995506,-106.2229911,2524.6584000000003,47.30496,11.533632,0.089408,2.1298532022654517
194.3,39.95996484,-106.2229903,2524.6584000000003,47.30496,11.39952,0.089408,4.474896506246125
194.4,39.95997435,-106.2229882,2524.6584000000003,47.21352,10.818368,0.0,7.442441242654297
194.5,39.95998324,-106.2229862,2524.6584000000003,47.21352,10.371328,0.089408,9.505531686646236
194.6,39.95999097,-106.222984,2524.6584000000003,47.21352,9.432544,0.0,12.732810131209192
194.7,39.95999852,-106.2229813,2524.6584000000003,47.21352,8.761984,0.0,14.82647997035565
194.8,39.96000667,-106.2229778,2524.6584000000003,47.21352,9.119616,0.0,16.62075691389208
194.9,39.96001467,-106.2229746,2524.6584000000003,47.21352,9.432544,0.0,17.73411797265959
195.0,39.96002267,-106.222971,2524.6584000000003,47.30496,9.38784,0.0,18.96219571458937
195.1,39.96003022,-106.2229673,2524.6584000000003,47.30496,9.16432,0.0,20.265697470947487
195.2,39.96003822,-106.2229633,2524.6584000000003,47.30496,9.253728,0.0,20.781111658248733
195.3,39.96004587,-106.2229595,2524.6584000000003,47.30496,9.298432,0.0,22.873665190626696
195.4,39.96005402,-106.222955,2524.6584000000003,47.3964,9.477248,0.0,23.87937136434488
195.5,39.96006169,-106.2229504,2524.6584000000003,47.3964,9.61136,0.0,25.836754224001595
195.6,39.96006944,-106.2229454,2524.6584000000003,47.3964,9.521952,0.0,27.05059700708614
195.7,39.96007721,-106.2229407,2524.6584000000003,47.3964,9.566656,0.0,28.24620569091809
195.8,39.96008518,-106.2229351,2524.6584000000003,47.3964,9.790176,0.0,29.91047557434507
195.9,39.96009271,-106.2229295,2524.9632,47.487840000000006,9.83488,0.0,31.05427111635277
196.0,39.96010047,-106.2229234,2524.9632,47.487840000000006,9.83488,0.0,31.504266719204168
196.1,39.96010825,-106.2229175,2524.9632,47.487840000000006,10.013696,0.0,32.61050096269901
196.2,39.96011591,-106.222911,2524.9632,47.487840000000006,10.0584,0.0,33.04551719750691
196.3,39.9601232,-106.2229047,2524.9632,47.487840000000006,9.924288,0.089408,33.47627829610269
196.4,39.96013086,-106.2228979,2524.9632,47.487840000000006,10.013696,0.089408,33.61967962587016
196.5,39.96013785,-106.2228916,2524.9632,47.487840000000006,9.879584,0.22352,34.24903300681194
196.6,39.96014559,-106.2228846,2524.9632,47.487840000000006,9.968992,0.22352,34.38034472384487
196.7,39.96015303,-106.2228779,2524.9632,47.487840000000006,10.237215999999998,0.22352,34.78913230892209
196.8,39.96016109,-106.2228706,2524.9632,47.487840000000006,10.50544,0.089408,34.911830216609985
196.9,39.96016877,-106.2228636,2524.9632,47.60976,10.684256,0.0,35.50943936177532
197.0,39.96017679,-106.2228567,2524.9632,47.60976,10.550144,0.0,35.50943936177532
197.1,39.96018433,-106.2228498,2524.9632,47.7012,10.460736,0.0,35.482050839051226
197.2,39.96019236,-106.2228423,2524.9632,47.7012,10.594848,0.0,35.482050839051226
197.3,39.96020002,-106.2228352,2524.9632,47.7012,10.72896,0.0,35.592664127793114
197.4,39.96020823,-106.2228279,2524.9632,47.7012,10.773664,0.089408,35.975459373777255
197.5,39.96021605,-106.2228206,2524.9632,47.7012,10.863072,0.089408,35.70075831793662
197.6,39.9602244,-106.2228129,2524.9632,47.7012,10.997184,0.089408,35.42967456548877
197.7,39.9602324,-106.2228056,2524.9632,47.7012,11.131296,0.089408,35.029702389451245
197.8,39.96024077,-106.2227978,2524.9632,47.60976,11.131296,0.089408,34.767405421703586
197.9,39.96024882,-106.2227905,2524.9632,47.60976,11.176,0.089408,34.508522987668414
198.0,39.96025735,-106.2227828,2524.9632,47.60976,11.220704,0.089408,34.25299921056535
198.1,39.96026555,-106.2227756,2524.9632,47.60976,11.265408,0.089408,33.5034369824142
198.2,39.96027439,-106.2227679,2524.9632,47.60976,11.39952,0.089408,33.5034369824142
198.3,39.96028286,-106.2227606,2524.9632,47.487840000000006,11.533632,0.089408,33.25742153496043
198.4,39.9602918,-106.222753,2524.9632,47.487840000000006,11.578335999999998,0.089408,33.014585880920265
198.5,39.96030036,-106.2227457,2524.9632,47.487840000000006,11.62304,0.22352,33.014585880920265
198.6,39.96030939,-106.2227382,2524.9632,47.487840000000006,11.667744,0.22352,32.77487732426425
198.7,39.96031806,-106.222731,2524.6584000000003,47.3964,11.667744,0.22352,32.421064762506944
198.8,39.96032721,-106.2227234,2524.6584000000003,47.3964,11.712448,0.22352,32.421064762506944
198.9,39.96033597,-106.2227162,2524.6584000000003,47.3964,11.801856,0.089408,32.421064762506944
199.0,39.96034542,-106.2227084,2524.6584000000003,47.3964,11.980672,0.089408,32.421064762506944
199.1,39.96035481,-106.2227009,2524.9632,47.487840000000006,12.338304,0.089408,32.18894935457763
199.2,39.96036418,-106.2226932,2524.9632,47.487840000000006,12.248895999999998,0.089408,32.18894935457763
199.3,39.96037314,-106.2226859,2524.9632,47.487840000000006,12.025376,0.089408,32.18894935457763
199.4,39.96038265,-106.2226782,2524.9632,47.487840000000006,12.114784,0.089408,31.95978371153268
199.5,39.96039176,-106.2226707,2524.9632,47.487840000000006,12.204192,0.0,31.95978371153268
199.6,39.96040089,-106.2226633,2524.9632,47.487840000000006,11.980672,0.089408,31.733519153416296
199.7,39.96040959,-106.2226562,2524.9632,47.487840000000006,11.667744,0.089408,31.733519153416296
199.8,39.96041869,-106.2226489,2524.9632,47.60976,11.667744,0.089408,31.733519153416296
199.9,39.96042663,-106.2226423,2524.9632,47.60976,11.176,0.089408,31.510107862981783
200.0,39.96043631,-106.2226346,2524.9632,47.60976,11.533632,0.089408,31.510107862981783
200.1,39.96044557,-106.2226273,2524.9632,47.60976,12.338304,0.089408,30.818887613197205
200.2,39.96045525,-106.2226197,2524.9632,47.60976,12.2936,0.089408,30.603863152831025
200.3,39.96046452,-106.2226125,2524.9632,47.60976,12.248895999999998,0.089408,30.603863152831025
200.4,39.96047445,-106.2226049,2524.9632,47.60976,12.383008,0.089408,30.391533066071133
200.5,39.96048379,-106.2225978,2524.9632,47.60976,12.427712,0.089408,30.391533066071133
200.6,39.96049345,-106.2225905,2524.9632,47.60976,12.248895999999998,0.089408,30.181852749119173
200.7,39.96050265,-106.2225835,2524.9632,47.60976,12.159488,0.089408,30.538826526968364
200.8,39.96051166,-106.2225767,2524.9632,47.60976,11.712448,0.089408,30.22698675259778
200.9,39.96052088,-106.2225697,2524.9632,47.60976,11.712448,0.089408,30.22698675259778
201.0,39.96053105,-106.2225619,2524.9632,47.60976,12.472416,0.089408,30.22698675259778
201.1,39.96054125,-106.2225541,2524.9632,47.60976,13.098272,0.089408,30.22698675259778
201.2,39.96055162,-106.2225462,2524.9632,47.60976,13.277088,0.089408,30.579226872489016
201.3,39.96056132,-106.2225388,2524.9632,47.487840000000006,12.919455999999998,0.22352,30.579226872489016
201.4,39.96057167,-106.2225308,2524.9632,47.487840000000006,12.919455999999998,0.089408,30.373099317426863
201.5,39.96058147,-106.2225233,2524.9632,47.60976,13.008864,0.089408,30.579226872489016
201.6,39.96059071,-106.2225163,2524.9632,47.487840000000006,12.2936,0.22352,30.721419332703817
201.7,39.96059987,-106.2225092,2524.9632,47.487840000000006,11.891264,0.22352,30.721419332703817
201.8,39.96061002,-106.2225012,2524.9632,47.487840000000006,12.51712,0.089408,31.448715273053665
201.9,39.96061978,-106.2224934,2524.9632,47.487840000000006,12.96416,0.22352,31.448715273053665
202.0,39.96063036,-106.2224849,2524.9632,47.487840000000006,13.277088,0.089408,31.792071537220863
202.1,39.96064142,-106.2224759,2524.9632,47.487840000000006,14.171168,0.089408,32.13289585998092
202.2,39.96065106,-106.2224679,2524.9632,47.487840000000006,13.590016,0.0,32.45567759328208
202.3,39.96066019,-106.2224603,2524.9632,47.487840000000006,12.383008,0.0,32.79576701406654
202.4,39.96066994,-106.2224521,2524.9632,47.60976,12.472416,0.0,32.79576701406654
202.5,39.9606782,-106.222445,2524.9632,47.60976,11.935968,0.0,32.79576701406654
202.6,39.9606883,-106.2224365,2524.9632,47.60976,12.204192,0.089408,33.30106239119732
202.7,39.96069787,-106.2224283,2524.9632,47.60976,13.053568,0.089408,33.30106239119732
202.8,39.96070755,-106.2224199,2524.9632,47.487840000000006,12.830048,0.089408,33.30106239119732
202.9,39.96071682,-106.2224118,2524.9632,47.487840000000006,12.695936,0.0,33.85711014166071
203.0,39.9607268,-106.2224031,2524.9632,47.487840000000006,12.874752,0.0,33.85711014166071
203.1,39.96073625,-106.2223948,2524.9632,47.60976,13.008864,0.089408,34.18924368152983
203.2,39.96074588,-106.2223862,2524.9632,47.487840000000006,12.785344,0.22352,34.18924368152983
203.3,39.96075506,-106.2223781,2524.9632,47.487840000000006,12.651232,0.22352,34.518781855869065
203.4,39.96076485,-106.2223693,2524.9632,47.487840000000006,12.785344,0.22352,34.518781855869065
203.5,39.96077414,-106.222361,2524.9632,47.487840000000006,12.874752,0.22352,35.00824210625461
203.6,39.9607837,-106.2223523,2524.9632,47.487840000000006,12.74064,0.22352,35.00824210625461
203.7,39.9607928,-106.222344,2524.6584000000003,47.3964,12.651232,0.22352,35.33133133891636
203.8,39.96080297,-106.2223347,2524.6584000000003,47.3964,13.053568,0.089408,35.33133133891636
203.9,39.96081244,-106.222326,2524.6584000000003,47.3964,13.366496,0.089408,35.56073444244532
204.0,39.96082229,-106.2223168,2524.6584000000003,47.3964,13.18768,0.0,35.882137246204195
204.1,39.96083161,-106.222308,2524.6584000000003,47.3964,13.142976,0.0,36.11500387427702
204.2,39.96084147,-106.2222985,2524.9632,47.487840000000006,13.18768,0.0,36.11500387427702
204.3,39.96085067,-106.2222896,2524.9632,47.487840000000006,13.142976,0.0,36.43464802487392
204.4,39.96086033,-106.2222804,2524.9632,47.487840000000006,13.008864,0.0,36.43464802487392
204.5,39.96086955,-106.2222715,2524.9632,47.487840000000006,13.053568,0.0,36.90922212801041
204.6,39.96087964,-106.2222617,2524.9632,47.487840000000006,13.366496,0.0,36.90922212801041
204.7,39.96088893,-106.2222525,2524.9632,47.487840000000006,13.455904,0.0,37.22236210987069
204.8,39.96089834,-106.2222432,2524.9632,47.487840000000006,13.053568,0.0,37.5329233597397
204.9,39.96090727,-106.2222342,2524.9632,47.487840000000006,12.830048,0.0,37.89222583520399
205.0,39.96091617,-106.2222249,2524.9632,47.487840000000006,12.606528,0.0,38.20120721930903
205.1,39.9609251,-106.2222157,2524.9632,47.487840000000006,12.695936,0.0,38.444642711597226
205.2,39.96093448,-106.2222059,2524.9632,47.487840000000006,13.008864,0.089408,38.444642711597226
205.3,39.96094338,-106.2221966,2524.6584000000003,47.3964,13.008864,0.089408,38.751628334961765
205.4,39.9609528,-106.2221867,2524.6584000000003,47.3964,13.053568,0.22352,38.751628334961765
205.5,39.9609618,-106.2221771,2524.6584000000003,47.3964,13.18768,0.089408,38.751628334961765
205.6,39.96097123,-106.2221671,2524.6584000000003,47.3964,13.18768,0.0,38.751628334961765
205.7,39.96098019,-106.2221577,2524.6584000000003,47.3964,13.142976,0.0,39.454682691137975
205.8,39.96098956,-106.2221476,2524.6584000000003,47.3964,13.142976,0.0,39.454682691137975
205.9,39.96099856,-106.2221379,2524.9632,47.487840000000006,13.232384,0.0,39.454682691137975
206.0,39.96100786,-106.2221278,2524.6584000000003,47.3964,13.18768,0.089408,39.454682691137975
206.1,39.96101671,-106.2221182,2524.6584000000003,47.3964,13.142976,0.0,39.75566188928485
206.2,39.96102604,-106.2221081,2524.9632,47.487840000000006,13.142976,0.0,39.75566188928485
206.3,39.96103491,-106.2220986,2524.6584000000003,47.3964,13.098272,0.089408,40.006256014176586
206.4,39.96104419,-106.2220885,2524.6584000000003,47.3964,13.098272,0.089408,40.006256014176586
206.5,39.961053,-106.2220788,2524.6584000000003,47.3964,13.142976,0.089408,40.006256014176586
206.6,39.96106223,-106.2220686,2524.6584000000003,47.3964,13.142976,0.089408,40.006256014176586
206.7,39.96107098,-106.2220589,2524.6584000000003,47.3964,13.098272,0.089408,40.30508572074899
206.8,39.96108017,-106.2220486,2524.9632,47.487840000000006,13.098272,0.089408,40.30508572074899
206.9,39.96108892,-106.2220389,2524.9632,47.487840000000006,13.098272,0.089408,40.30508572074899
207.0,39.96109817,-106.2220286,2524.9632,47.487840000000006,13.142976,0.089408,40.30508572074899
207.1,39.96110701,-106.2220187,2524.9632,47.487840000000006,13.232384,0.089408,40.60129464500449
207.2,39.9611169,-106.2220078,2524.9632,47.487840000000006,13.679424,0.0,40.60129464500449
207.3,39.9611259,-106.2219978,2524.9632,47.487840000000006,13.768832,0.0,40.60129464500449
207.4,39.96113502,-106.2219875,2524.6584000000003,47.3964,13.277088,0.0,40.60129464500449
207.5,39.96114368,-106.2219778,2524.9632,47.487840000000006,13.053568,0.0,40.60129464500449
207.6,39.96115251,-106.2219679,2524.9632,47.487840000000006,12.830048,0.0,40.60129464500449
207.7,39.96116127,-106.2219581,2524.9632,47.487840000000006,12.874752,0.0,40.60129464500449
207.8,39.96117049,-106.2219477,2524.9632,47.487840000000006,13.18768,0.0,40.60129464500449
207.9,39.96117924,-106.2219379,2524.9632,47.487840000000006,13.18768,0.0,40.60129464500449
208.0,39.96118847,-106.2219275,2524.9632,47.487840000000006,13.18768,0.0,40.85537625889572
208.1,39.96119761,-106.2219171,2524.9632,47.60976,13.500608,0.0,40.85537625889572
208.2,39.96120607,-106.2219075,2524.9632,47.60976,12.96416,0.0,41.241444314528
208.3,39.96121451,-106.2218979,2524.9632,47.60976,12.472416,0.089408,41.241444314528
208.4,39.96122369,-106.2218873,2524.9632,47.487840000000006,13.053568,0.089408,41.241444314528
208.5,39.96123241,-106.2218772,2524.9632,47.487840000000006,13.277088,0.22352,41.241444314528
208.6,39.96124151,-106.2218667,2524.9632,47.487840000000006,13.232384,0.089408,41.94341955185058
208.7,39.96125014,-106.2218567,2524.9632,47.60976,13.18768,0.089408,41.94341955185058
208.8,39.9612591,-106.2218462,2524.9632,47.60976,13.098272,0.0,41.94341955185058
208.9,39.96126763,-106.2218361,2524.9632,47.60976,13.098272,0.0,42.207297634286704
209.0,39.96127648,-106.2218256,2524.9632,47.60976,13.053568,-0.089408,42.498377185718255
209.1,39.96128489,-106.2218155,2524.9632,47.7012,13.008864,0.0,42.78677182360423
209.2,39.96129378,-106.2218048,2524.9632,47.60976,13.098272,0.0,42.78677182360423
209.3,39.96130216,-106.2217946,2524.9632,47.7012,13.098272,0.0,43.07250411332808
209.4,39.96131101,-106.2217837,2524.9632,47.60976,13.142976,0.089408,43.07250411332808
209.5,39.96131939,-106.2217732,2524.9632,47.60976,13.18768,0.089408,43.07250411332808
209.6,39.9613282,-106.2217623,2524.9632,47.60976,13.18768,0.089408,43.76359239714384
209.7,39.96133659,-106.2217516,2524.9632,47.487840000000006,13.277088,0.089408,44.16968451374197
209.8,39.96134551,-106.2217404,2524.9632,47.487840000000006,13.4112,0.089408,44.16968451374197
209.9,39.96135393,-106.2217297,2524.9632,47.487840000000006,13.455904,0.089408,44.44374777291932
210.0,39.9613624,-106.2217188,2524.9632,47.487840000000006,13.142976,0.089408,44.723210947822224
210.1,39.96137026,-106.2217085,2524.6584000000003,47.3964,12.785344,0.089408,44.723210947822224
210.2,39.96137874,-106.2216975,2524.6584000000003,47.3964,12.830048,0.089408,45.0
210.3,39.96138678,-106.221687,2524.6584000000003,47.30496,12.96416,0.089408,45.0
210.4,39.96139525,-106.2216758,2524.6584000000003,47.30496,13.008864,0.089408,45.276789052177776
210.5,39.9614033,-106.2216651,2524.6584000000003,47.30496,13.098272,0.0,45.276789052177776
210.6,39.96141229,-106.2216532,2524.6584000000003,47.3964,13.545312,0.0,45.83031548625803
210.7,39.96142045,-106.2216422,2524.6584000000003,47.30496,13.63472,0.0,45.83031548625803
210.8,39.96142866,-106.2216309,2524.6584000000003,47.30496,13.142976,0.0,46.66028236898279
210.9,39.96143643,-106.2216202,2524.6584000000003,47.30496,12.919455999999998,0.0,46.92749588667192
211.0,39.96144426,-106.2216091,2524.6584000000003,47.21352,12.74064,0.089408,47.21322817639577
211.1,39.96145201,-106.2215981,2524.6584000000003,47.21352,12.785344,0.089408,47.765761834249474
211.2,39.96146012,-106.2215864,2524.6584000000003,47.21352,13.053568,0.089408,47.765761834249474
211.3,39.96146778,-106.2215753,2524.6584000000003,47.21352,13.098272,0.0,48.31778116833482
211.4,39.9614759,-106.2215632,2524.6584000000003,47.21352,13.232384,0.0,48.70462744207714
211.5,39.96148351,-106.2215519,2524.6584000000003,47.21352,13.277088,-0.089408,49.14462374110428
211.6,39.96149129,-106.2215401,2524.6584000000003,47.30496,13.053568,-0.581152,49.39870535499551
211.7,39.9614987,-106.2215289,2524.6584000000003,47.30496,12.919455999999998,-1.1176,49.39870535499551
211.8,39.96150678,-106.2215163,2524.9632,47.487840000000006,13.277088,-1.609344,49.69491427925101
211.9,39.96151442,-106.2215045,2524.9632,47.7012,13.590016,-2.101088,49.94596654710415
212.0,39.9615225,-106.2214918,2525.268,48.006,13.590016,-2.68224,49.94596654710415
212.1,39.9615301,-106.2214798,2525.5728,48.3108,13.679424,-3.308096,50.24433811071515
212.2,39.96153787,-106.2214675,2526.1824,48.707040000000006,13.455904,-3.397504,50.24433811071515
212.3,39.96154581,-106.2214554,2526.4872,49.10328,13.590016,-2.995168,50.545317308862025
212.4,39.96155343,-106.2214432,2526.792,49.40808,13.455904,-2.414016,50.29521293661713
212.5,39.96156063,-106.2214317,2527.0968000000003,49.59096,13.053568,-1.6987519999999998,50.29521293661713
212.6,39.96156806,-106.2214195,2527.0968000000003,49.80432,13.008864,-1.1176,50.75240469381862
212.7,39.96157463,-106.2214083,2527.4016,49.89576,12.651232,-0.804672,50.75240469381862
212.8,39.96158178,-106.2213965,2527.4016,49.89576,12.427712,-0.491744,51.61952973615098
212.9,39.96158855,-106.2213852,2527.4016,49.89576,12.561824,-0.22352,51.61952973615098
213.0,39.96159575,-106.2213731,2527.4016,49.89576,12.651232,0.0,52.177245850855
213.1,39.96160232,-106.2213615,2527.0968000000003,49.80432,12.695936,0.0,52.733598099022856
213.2,39.9616092,-106.2213497,2527.0968000000003,49.80432,12.427712,0.0,53.09077787198959
213.3,39.96161607,-106.2213379,2527.0968000000003,49.71288,12.651232,0.0,53.56535197512608
213.4,39.96162333,-106.2213253,2527.0968000000003,49.71288,13.053568,0.0,53.79904740492344
213.5,39.9616305,-106.2213126,2527.0968000000003,49.71288,13.4112,0.0,54.03016692145036
213.6,39.96163776,-106.2212999,2527.0968000000003,49.71288,13.455904,0.0,54.03016692145036
213.7,39.96164468,-106.2212878,2527.0968000000003,49.71288,13.18768,0.0,54.03016692145036
213.8,39.96165194,-106.221275,2527.0968000000003,49.71288,13.232384,0.0,54.03016692145036
213.9,39.96165884,-106.2212628,2527.0968000000003,49.71288,13.232384,0.0,54.03016692145036
214.0,39.96166598,-106.2212499,2527.0968000000003,49.80432,13.232384,0.0,54.03016692145036
214.1,39.96167279,-106.2212377,2527.0968000000003,49.80432,13.232384,0.0,54.03016692145036
214.2,39.96168001,-106.2212249,2527.0968000000003,49.71288,13.18768,0.0,54.03016692145036
214.3,39.96168686,-106.2212128,2527.0968000000003,49.71288,13.18768,0.0,54.03016692145036
214.4,39.96169411,-106.2212001,2527.0968000000003,49.71288,13.18768,0.0,54.03016692145036
214.5,39.96170091,-106.2211879,2527.0968000000003,49.71288,13.18768,0.0,54.25874548254586
214.6,39.96170803,-106.221175,2527.0968000000003,49.71288,13.18768,0.0,54.575868986672845
214.7,39.96171479,-106.2211628,2527.0968000000003,49.71288,13.18768,0.0,54.575868986672845
214.8,39.9617217,-106.2211499,2527.0968000000003,49.71288,13.098272,0.0,54.575868986672845
214.9,39.96172837,-106.2211376,2527.0968000000003,49.71288,13.142976,0.0,55.23104344451821
215.0,39.96173554,-106.2211243,2527.0968000000003,49.71288,13.366496,0.0,55.23104344451821
215.1,39.96174234,-106.2211117,2527.0968000000003,49.71288,13.500608,0.0,55.23104344451821
215.2,39.9617491,-106.2210987,2527.0968000000003,49.59096,13.277088,0.0,55.23104344451821
215.3,39.96175562,-106.2210865,2527.0968000000003,49.59096,13.053568,0.0,55.23104344451821
215.4,39.96176248,-106.2210735,2527.0968000000003,49.59096,13.053568,0.0,55.23104344451821
215.5,39.96176898,-106.2210612,2527.0968000000003,49.59096,13.098272,0.0,55.45163294398867
215.6,39.96177576,-106.2210485,2527.0968000000003,49.59096,12.96416,0.0,55.45163294398867
215.7,39.96178184,-106.2210369,2527.0968000000003,49.59096,12.561824,0.0,55.45163294398867
215.8,39.96178891,-106.2210235,2527.0968000000003,49.59096,12.919455999999998,0.0,55.66978280449666
215.9,39.96179563,-106.2210107,2527.0968000000003,49.59096,13.545312,-0.089408,55.66978280449666
216.0,39.96180268,-106.2209974,2527.0968000000003,49.59096,13.500608,0.0,55.66978280449666
216.1,39.96180986,-106.2209838,2526.792,49.49952,13.902944,0.0,55.98865109649398
216.2,39.96181678,-106.2209705,2526.792,49.49952,13.85824,0.0,55.98865109649398
216.3,39.96182331,-106.2209578,2526.792,49.49952,13.366496,0.0,56.47148029643398
216.4,39.96183007,-106.2209445,2526.792,49.49952,13.321792,0.0,56.47148029643398
216.5,39.9618364,-106.2209318,2527.0968000000003,49.59096,13.277088,-0.089408,56.47148029643398
216.6,39.9618432,-106.2209186,2527.0968000000003,49.59096,13.232384,-0.089408,56.47148029643398
216.7,39.96184967,-106.2209061,2527.0968000000003,49.59096,13.18768,-0.089408,56.47148029643398
216.8,39.96185637,-106.2208929,2527.0968000000003,49.59096,13.18768,-0.089408,56.47148029643398
216.9,39.96186253,-106.2208803,2527.0968000000003,49.59096,13.142976,-0.089408,56.47148029643398
217.0,39.96186923,-106.220867,2527.0968000000003,49.59096,13.142976,-0.089408,56.47148029643398
217.1,39.96187561,-106.2208545,2527.0968000000003,49.59096,13.18768,0.0,56.47148029643398
217.2,39.96188233,-106.2208413,2527.0968000000003,49.71288,13.18768,0.0,56.58173204577099
217.3,39.96188871,-106.2208287,2527.0968000000003,49.71288,13.142976,-0.089408,56.58173204577099
217.4,39.96189529,-106.2208156,2527.0968000000003,49.80432,13.098272,0.0,56.58173204577099
217.5,39.9619016,-106.2208031,2527.0968000000003,49.80432,13.053568,0.0,56.58173204577099
217.6,39.96190841,-106.2207896,2527.4016,49.89576,13.277088,-0.089408,57.12373824778939
217.7,39.96191483,-106.2207768,2527.4016,49.89576,13.4112,0.0,57.12373824778939
217.8,39.96192123,-106.2207637,2527.4016,49.89576,13.142976,0.0,57.66355060567355
217.9,39.96192735,-106.2207512,2527.4016,49.89576,12.919455999999998,0.0,57.66355060567355
218.0,39.96193402,-106.2207376,2527.4016,49.89576,13.18768,0.0,57.33488886260034
218.1,39.96194037,-106.2207247,2527.4016,49.89576,13.4112,0.0,57.33488886260034
218.2,39.96194706,-106.2207108,2527.4016,49.89576,13.545312,0.0,57.33488886260034
218.3,39.96195331,-106.220698,2527.4016,49.89576,13.455904,0.0,57.64712613572607
218.4,39.96195988,-106.2206846,2527.4016,49.89576,13.277088,0.0,57.64712613572607
218.5,39.96196614,-106.2206719,2527.4016,49.89576,13.232384,0.0,57.64712613572607
218.6,39.96197276,-106.2206586,2527.4016,49.89576,13.232384,0.0,57.64712613572607
218.7,39.96197907,-106.2206458,2527.4016,49.89576,13.232384,0.0,57.64712613572607
218.8,39.96198555,-106.2206328,2527.0968000000003,49.80432,13.098272,0.0,57.00862685700366
218.9,39.96199177,-106.2206203,2527.0968000000003,49.80432,12.96416,0.0,57.00862685700366
219.0,39.96199861,-106.2206067,2527.0968000000003,49.80432,13.277088,0.0,57.00862685700366
219.1,39.96200503,-106.2205937,2527.0968000000003,49.80432,13.545312,0.0,57.00862685700366
219.2,39.96201154,-106.2205805,2527.0968000000003,49.71288,13.277088,0.089408,57.64712613572607
219.3,39.96201772,-106.220568,2527.0968000000003,49.71288,13.053568,0.0,57.64712613572607
219.4,39.96202431,-106.2205545,2527.0968000000003,49.71288,13.142976,0.0,57.64712613572607
219.5,39.96203066,-106.2205414,2527.0968000000003,49.71288,13.4112,0.0,57.64712613572607
219.6,39.96203664,-106.2205292,2527.0968000000003,49.80432,12.785344,0.0,57.32249663755255
219.7,39.96204266,-106.220517,2527.0968000000003,49.80432,12.383008,0.0,57.32249663755255
219.8,39.96204958,-106.220503,2527.0968000000003,49.80432,13.277088,0.0,57.32249663755255
219.9,39.96205626,-106.2204894,2527.0968000000003,49.80432,13.947648,0.0,57.32249663755255
220.0,39.96206306,-106.2204756,2527.0968000000003,49.80432,13.85824,0.0,57.32249663755255
220.1,39.96206956,-106.2204625,2527.0968000000003,49.80432,13.63472,0.0,57.52880770915152
220.2,39.96207644,-106.2204485,2527.0968000000003,49.80432,13.768832,0.0,57.85234306639097
220.3,39.96208306,-106.2204348,2527.0968000000003,49.80432,13.947648,0.0,57.85234306639097
220.4,39.96208953,-106.2204214,2527.0968000000003,49.80432,13.63472,0.0,57.85234306639097
220.5,39.96209567,-106.2204086,2527.0968000000003,49.80432,13.18768,0.0,57.85234306639097
220.6,39.96210216,-106.2203951,2527.0968000000003,49.80432,13.18768,0.0,57.64712613572607
220.7,39.96210834,-106.2203823,2527.0968000000003,49.80432,13.232384,0.0,57.64712613572607
220.8,39.96211416,-106.2203701,2527.4016,49.89576,12.561824,0.0,57.64712613572607
220.9,39.96212022,-106.2203576,2527.4016,49.89576,12.427712,0.0,57.64712613572607
221.0,39.96212674,-106.2203443,2527.4016,49.89576,13.008864,-0.089408,57.64712613572607
221.1,39.96213295,-106.2203316,2527.4016,49.89576,13.18768,-0.089408,57.64712613572607
221.2,39.96214004,-106.220317,2527.4016,49.89576,13.768832,-0.089408,57.85234306639097
221.3,39.96214643,-106.2203037,2527.4016,49.9872,14.037056,0.0,58.17819110701555
221.4,39.96215305,-106.2202899,2527.4016,49.89576,13.590016,0.0,58.17819110701555
221.5,39.96215934,-106.2202768,2527.4016,49.89576,13.545312,0.0,58.17819110701555
221.6,39.96216602,-106.2202629,2527.4016,49.89576,13.590016,0.0,58.17819110701555
221.7,39.96217224,-106.2202499,2527.4016,49.89576,13.500608,0.0,58.17819110701555
221.8,39.96217871,-106.2202364,2527.4016,49.89576,13.321792,0.0,58.17819110701555
221.9,39.96218487,-106.2202234,2527.4016,49.89576,13.277088,0.0,57.97410272923668
222.0,39.96219153,-106.2202091,2527.0968000000003,49.80432,13.63472,0.0,57.97410272923668
222.1,39.96219782,-106.2201959,2527.0968000000003,49.80432,13.724128,0.0,57.97410272923668
222.2,39.96220435,-106.2201824,2527.0968000000003,49.80432,13.455904,0.0,57.97410272923668
222.3,39.96221054,-106.2201695,2527.0968000000003,49.80432,13.321792,0.0,58.46897705806856
222.4,39.96221699,-106.220156,2527.0968000000003,49.80432,13.277088,0.0,58.46897705806856
222.5,39.96222301,-106.2201436,2527.0968000000003,49.80432,13.008864,0.0,58.67130713219586
222.6,39.96222924,-106.2201304,2527.0968000000003,49.80432,12.874752,0.0,58.67130713219586
222.7,39.96223517,-106.2201177,2527.0968000000003,49.80432,12.919455999999998,0.0,58.67130713219586
222.8,39.96224162,-106.2201039,2527.4016,49.89576,13.232384,0.0,59.20174208192316
222.9,39.96224759,-106.2200911,2527.4016,49.89576,13.277088,0.0,59.20174208192316
223.0,39.9622538,-106.2200776,2527.4016,49.89576,13.098272,0.0,59.20174208192316
223.1,39.96225968,-106.2200648,2527.4016,49.89576,13.053568,0.0,59.20174208192316
223.2,39.96226593,-106.2200511,2527.4016,49.9872,13.142976,0.0,59.53445508054011
223.3,39.96227168,-106.2200385,2527.4016,49.89576,13.008864,0.0,59.53445508054011
223.4,39.96227793,-106.2200248,2527.4016,49.89576,13.053568,0.0,59.53445508054011
223.5,39.96228385,-106.2200117,2527.4016,49.89576,13.277088,0.0,59.53445508054011
223.6,39.96229007,-106.2199979,2527.4016,49.89576,13.277088,0.0,59.53445508054011
223.7,39.96229599,-106.2199844,2527.4016,49.89576,13.455904,0.0,59.53445508054011
223.8,39.96230217,-106.2199706,2527.4016,49.9872,13.455904,0.0,59.53445508054011
223.9,39.96230805,-106.2199575,2527.4016,49.89576,13.277088,0.0,59.53445508054011
224.0,39.96231431,-106.2199438,2527.4016,49.89576,13.277088,0.0,59.20174208192316
224.1,39.96232027,-106.2199307,2527.4016,49.89576,13.277088,0.0,59.20174208192316
224.2,39.96232661,-106.2199169,2527.0968000000003,49.80432,13.321792,0.089408,59.20174208192316
224.3,39.96233254,-106.2199038,2527.0968000000003,49.80432,13.321792,0.0,59.72970319002769
224.4,39.96233883,-106.21989,2527.0968000000003,49.80432,13.321792,0.0,59.72970319002769
224.5,39.9623448,-106.2198769,2527.0968000000003,49.80432,13.366496,0.0,59.72970319002769
224.6,39.96235112,-106.219863,2527.0968000000003,49.80432,13.4112,0.0,60.0183606311507
224.7,39.96235705,-106.2198498,2527.0968000000003,49.80432,13.4112,0.0,60.0183606311507
224.8,39.96236326,-106.2198358,2527.0968000000003,49.71288,13.4112,0.0,60.0183606311507
224.9,39.96236915,-106.2198224,2527.0968000000003,49.71288,13.455904,0.0,60.0183606311507
225.0,39.96237528,-106.2198084,2527.0968000000003,49.71288,13.455904,0.0,60.0183606311507
225.1,39.96238118,-106.2197951,2527.0968000000003,49.80432,13.4112,0.0,59.72970319002769
225.2,39.96238743,-106.2197812,2527.0968000000003,49.71288,13.4112,0.0,59.72970319002769
225.3,39.96239338,-106.219768,2527.0968000000003,49.71288,13.4112,0.0,59.72970319002769
225.4,39.96239996,-106.2197532,2527.0968000000003,49.71288,13.813536,0.0,60.06341459362278
225.5,39.96240596,-106.2197397,2527.0968000000003,49.71288,13.902944,0.0,60.06341459362278
225.6,39.96241202,-106.2197261,2527.0968000000003,49.71288,13.366496,0.0,59.72970319002769
225.7,39.96241779,-106.2197132,2527.0968000000003,49.71288,13.098272,0.0,59.72970319002769
225.8,39.96242391,-106.2196994,2527.0968000000003,49.71288,13.18768,0.0,60.06341459362278
225.9,39.96242936,-106.219687,2527.0968000000003,49.71288,12.874752,0.0,60.06341459362278
226.0,39.96243548,-106.2196732,2527.0968000000003,49.71288,12.874752,0.0,60.35013649242444
226.1,39.96244128,-106.2196601,2527.0968000000003,49.71288,13.277088,0.0,60.85192815428695
226.2,39.96244735,-106.2196461,2527.0968000000003,49.71288,13.321792,0.0,60.85192815428695
226.3,39.96245312,-106.2196328,2527.0968000000003,49.71288,13.366496,0.0,60.85192815428695
226.4,39.96245924,-106.2196187,2527.0968000000003,49.80432,13.4112,0.0,60.85192815428695
226.5,39.96246507,-106.2196053,2527.0968000000003,49.80432,13.455904,0.0,60.85192815428695
226.6,39.96247111,-106.2195913,2527.0968000000003,49.80432,13.4112,0.0,60.35013649242444
226.7,39.96247684,-106.2195779,2527.0968000000003,49.80432,13.4112,0.0,60.35013649242444
226.8,39.96248294,-106.2195639,2527.0968000000003,49.80432,13.4112,0.0,60.85192815428695
226.9,39.96248872,-106.2195505,2527.0968000000003,49.80432,13.4112,0.0,60.85192815428695
227.0,39.96249476,-106.2195365,2527.0968000000003,49.80432,13.366496,0.0,60.85192815428695
227.1,39.96250052,-106.2195232,2527.0968000000003,49.80432,13.366496,0.0,60.85192815428695
227.2,39.9625066,-106.2195093,2527.0968000000003,49.80432,13.321792,0.0,60.85192815428695
227.3,39.96251238,-106.219496,2527.0968000000003,49.80432,13.321792,0.0,60.56820727807843
227.4,39.96251849,-106.2194821,2527.0968000000003,49.80432,13.321792,0.0,60.56820727807843
227.5,39.9625243,-106.2194689,2527.0968000000003,49.80432,13.321792,0.0,60.56820727807843
227.6,39.9625304,-106.2194552,2527.0968000000003,49.80432,13.277088,0.0,60.56820727807843
227.7,39.9625362,-106.219442,2527.0968000000003,49.80432,13.232384,0.0,60.56820727807843
227.8,39.9625424,-106.2194277,2527.0968000000003,49.80432,13.455904,0.0,60.56820727807843
227.9,39.96254829,-106.2194142,2527.0968000000003,49.80432,13.590016,0.0,60.56820727807843
228.0,39.96255474,-106.2193998,2527.0968000000003,49.71288,13.724128,0.0,60.56820727807843
228.1,39.96256058,-106.2193866,2527.0968000000003,49.80432,13.590016,0.0,60.56820727807843
228.2,39.96256644,-106.2193731,2527.0968000000003,49.80432,13.142976,0.0,60.56820727807843
228.3,39.96257202,-106.2193602,2527.0968000000003,49.80432,12.919455999999998,0.0,60.56820727807843
228.4,39.96257747,-106.2193473,2527.0968000000003,49.80432,12.561824,0.0,60.56820727807843
228.5,39.96258314,-106.2193342,2527.0968000000003,49.71288,12.651232,0.0,60.56820727807843
228.6,39.96258924,-106.21932,2527.0968000000003,49.71288,13.321792,0.0,60.56820727807843
228.7,39.96259503,-106.2193066,2527.0968000000003,49.71288,13.500608,0.0,60.56820727807843
228.8,39.96260097,-106.2192928,2527.0968000000003,49.71288,13.321792,0.0,60.56820727807843
228.9,39.96260661,-106.2192797,2527.0968000000003,49.80432,13.142976,0.0,60.56820727807843
229.0,39.96261273,-106.2192655,2527.0968000000003,49.80432,13.321792,0.0,61.18920625702691
229.1,39.96261853,-106.2192521,2527.0968000000003,49.80432,13.545312,0.0,61.18920625702691
229.2,39.96262456,-106.219238,2527.0968000000003,49.80432,13.455904,0.0,60.90755193052587
229.3,39.96263057,-106.2192242,2527.0968000000003,49.80432,13.63472,0.0,60.90755193052587
229.4,39.9626365,-106.2192103,2527.0968000000003,49.80432,13.590016,0.0,61.24914801614642
229.5,39.96264213,-106.219197,2527.4016,49.89576,13.232384,0.0,61.24914801614642
229.6,39.96264806,-106.2191833,2527.4016,49.89576,13.18768,0.0,60.90755193052587
229.7,39.96265359,-106.2191704,2527.4016,49.89576,13.008864,0.0,60.71697539873469
229.8,39.96265935,-106.219157,2527.4016,49.89576,12.830048,0.0,60.71697539873469
229.9,39.96266485,-106.2191442,2527.4016,49.89576,12.830048,0.0,60.71697539873469
230.0,39.9626709,-106.2191302,2527.4016,49.89576,13.098272,0.0,60.90755193052587
230.1,39.96267655,-106.219117,2527.4016,49.89576,13.321792,0.0,60.90755193052587
230.2,39.96268248,-106.219103,2527.4016,49.89576,13.232384,0.0,61.24914801614642
230.3,39.9626881,-106.2190898,2527.4016,49.89576,13.232384,0.0,61.24914801614642
230.4,39.96269388,-106.2190762,2527.4016,49.89576,13.053568,0.0,61.52868253638263
230.5,39.96269954,-106.2190633,2527.4016,49.89576,12.96416,0.089408,61.52868253638263
230.6,39.96270559,-106.2190491,2527.4016,49.89576,13.277088,0.089408,61.52868253638263
230.7,39.96271134,-106.2190356,2527.4016,49.89576,13.500608,0.0,61.52868253638263
230.8,39.96271726,-106.2190214,2527.4016,49.89576,13.455904,0.0,61.52868253638263
230.9,39.96272287,-106.2190079,2527.4016,49.89576,13.4112,0.0,61.52868253638263
231.0,39.96272834,-106.2189947,2527.4016,49.89576,12.919455999999998,0.0,61.52868253638263
231.1,39.96273376,-106.2189817,2527.4016,49.89576,12.74064,0.0,61.52868253638263
231.2,39.96273949,-106.2189678,2527.4016,49.89576,13.008864,0.0,61.52868253638263
231.3,39.96274494,-106.2189546,2527.4016,49.89576,13.142976,0.0,61.52868253638263
231.4,39.96275072,-106.2189405,2527.4016,49.89576,13.18768,0.0,61.87035448423302
231.5,39.96275625,-106.2189272,2527.4016,49.89576,13.232384,0.0,61.52868253638263
231.6,39.96276194,-106.2189137,2527.4016,49.89576,13.053568,0.0,61.52868253638263
231.7,39.96276736,-106.2189007,2527.4016,49.89576,12.874752,0.0,61.87035448423302
231.8,39.96277342,-106.2188864,2527.4016,49.89576,13.277088,0.0,61.87035448423302
231.9,39.96277906,-106.2188729,2527.4016,49.89576,13.545312,0.0,61.87035448423302
232.0,39.9627849,-106.2188588,2527.4016,49.89576,13.4112,0.0,61.52868253638263
232.1,39.96279077,-106.2188446,2527.4016,49.89576,13.679424,0.0,61.52868253638263
232.2,39.96279639,-106.2188309,2527.4016,49.89576,13.455904,0.0,61.52868253638263
232.3,39.96280195,-106.2188175,2527.4016,49.89576,13.098272,0.0,61.71228675129919
232.4,39.96280781,-106.2188034,2527.4016,49.89576,13.321792,0.0,61.71228675129919
232.5,39.9628134,-106.21879,2527.0968000000003,49.80432,13.321792,0.0,61.71228675129919
232.6,39.9628191,-106.2187764,2527.0968000000003,49.80432,13.098272,0.0,61.71228675129919
232.7,39.96282427,-106.2187641,2527.0968000000003,49.80432,12.606528,0.0,61.374220607257314
232.8,39.96283014,-106.2187502,2527.0968000000003,49.80432,12.74064,0.0,61.71228675129919
232.9,39.96283573,-106.2187369,2527.0968000000003,49.71288,13.232384,0.0,61.374220607257314
233.0,39.96284181,-106.2187225,2527.0968000000003,49.80432,13.500608,0.0,61.18920625702691
233.1,39.96284795,-106.218708,2527.0968000000003,49.80432,14.08176,0.0,61.18920625702691
233.2,39.96285416,-106.2186935,2527.0968000000003,49.71288,14.126464,0.0,60.85192815428695
233.3,39.96286007,-106.2186798,2527.0968000000003,49.71288,13.768832,0.0,60.85192815428695
233.4,39.96286604,-106.2186661,2527.0968000000003,49.71288,13.4112,0.0,60.85192815428695
233.5,39.96287178,-106.2186531,2527.0968000000003,49.71288,13.142976,0.0,60.85192815428695
233.6,39.9628776,-106.2186396,2527.0968000000003,49.71288,13.008864,0.0,61.038317939975
233.7,39.96288313,-106.2186267,2527.0968000000003,49.71288,12.874752,0.0,61.038317939975
233.8,39.96288904,-106.2186128,2527.0968000000003,49.71288,13.053568,0.0,61.038317939975
233.9,39.96289447,-106.2185996,2527.0968000000003,49.71288,13.142976,0.0,61.374220607257314
234.0,39.96290058,-106.2185852,2527.0968000000003,49.71288,13.4112,0.0,61.038317939975
234.1,39.9629064,-106.2185714,2527.0968000000003,49.71288,13.724128,0.0,61.038317939975
234.2,39.96291281,-106.2185565,2527.0968000000003,49.71288,13.992352,0.0,60.85192815428695
234.3,39.96291833,-106.2185437,2527.0968000000003,49.71288,13.545312,0.0,61.038317939975
234.4,39.96292448,-106.2185295,2527.0968000000003,49.71288,13.18768,0.0,61.038317939975
234.5,39.9629302,-106.2185161,2527.0968000000003,49.71288,13.455904,0.0,61.374220607257314
234.6,39.96293614,-106.2185019,2527.0968000000003,49.71288,13.4112,0.0,61.55707137563667
234.7,39.96294177,-106.2184884,2527.0968000000003,49.71288,13.4112,0.0,61.55707137563667
234.8,39.96294756,-106.2184744,2527.0968000000003,49.71288,13.321792,0.0,61.374220607257314
234.9,39.9629532,-106.2184609,2527.0968000000003,49.71288,13.321792,0.0,61.374220607257314
235.0,39.96295923,-106.2184469,2527.0968000000003,49.71288,13.4112,0.0,61.038317939975
235.1,39.962965,-106.2184335,2527.0968000000003,49.71288,13.4112,0.0,61.038317939975
235.2,39.96297109,-106.2184195,2527.0968000000003,49.71288,13.4112,0.0,61.038317939975
235.3,39.96297683,-106.2184061,2527.0968000000003,49.71288,13.4112,0.0,61.038317939975
235.4,39.96298284,-106.2183919,2527.0968000000003,49.71288,13.455904,0.0,61.038317939975
235.5,39.96298853,-106.2183785,2527.0968000000003,49.71288,13.4112,0.0,61.55707137563667
235.6,39.96299458,-106.2183645,2527.0968000000003,49.80432,13.4112,0.0,61.55707137563667
235.7,39.96300033,-106.218351,2527.0968000000003,49.80432,13.455904,0.0,61.55707137563667
235.8,39.9630065,-106.2183365,2527.0968000000003,49.71288,13.63472,0.0,61.22254197952759
235.9,39.96301235,-106.2183227,2527.0968000000003,49.80432,13.768832,0.0,61.22254197952759
236.0,39.96301826,-106.2183087,2527.0968000000003,49.71288,13.500608,0.0,61.22254197952759
236.1,39.96302386,-106.2182954,2527.0968000000003,49.71288,13.277088,0.0,61.22254197952759
236.2,39.96302987,-106.2182813,2527.0968000000003,49.71288,13.321792,0.0,60.53852502903209
236.3,39.96303559,-106.2182679,2527.0968000000003,49.71288,13.4112,0.0,61.038317939975
236.4,39.96304166,-106.2182539,2527.0968000000003,49.71288,13.4112,0.0,61.22254197952759
236.5,39.96304742,-106.2182407,2527.0968000000003,49.71288,13.366496,0.0,61.22254197952759
236.6,39.96305345,-106.2182264,2527.0968000000003,49.71288,13.4112,0.0,61.22254197952759
236.7,39.96305917,-106.2182128,2527.0968000000003,49.71288,13.545312,-0.089408,61.55707137563667
236.8,39.96306517,-106.2181986,2527.0968000000003,49.71288,13.545312,0.0,61.22254197952759
236.9,39.96307094,-106.2181848,2527.0968000000003,49.71288,13.590016,0.0,61.22254197952759
237.0,39.96307697,-106.2181707,2527.0968000000003,49.71288,13.545312,0.0,61.038317939975
237.1,39.96308269,-106.2181573,2527.0968000000003,49.71288,13.455904,0.0,61.038317939975
237.2,39.96308865,-106.2181432,2527.0968000000003,49.71288,13.4112,0.0,61.18920625702691
237.3,39.96309433,-106.2181298,2527.0968000000003,49.71288,13.366496,0.0,61.18920625702691
237.4,39.96310032,-106.2181158,2527.0968000000003,49.71288,13.366496,0.0,61.18920625702691
237.5,39.96310602,-106.2181024,2527.0968000000003,49.80432,13.321792,0.0,61.18920625702691
237.6,39.96311198,-106.2180884,2527.0968000000003,49.80432,13.321792,0.0,61.18920625702691
237.7,39.96311766,-106.2180751,2527.0968000000003,49.80432,13.321792,-0.089408,60.85192815428695
237.8,39.96312365,-106.2180613,2527.0968000000003,49.80432,13.277088,0.0,60.85192815428695
237.9,39.96312934,-106.218048,2527.0968000000003,49.80432,13.232384,0.0,61.18920625702691
238.0,39.96313527,-106.218034,2527.0968000000003,49.80432,13.277088,0.0,61.18920625702691
238.1,39.96314092,-106.2180206,2527.0968000000003,49.80432,13.321792,0.0,61.18920625702691
238.2,39.96314688,-106.2180067,2527.0968000000003,49.80432,13.277088,0.0,61.18920625702691
238.3,39.96315258,-106.2179934,2527.0968000000003,49.80432,13.277088,0.0,61.18920625702691
238.4,39.96315865,-106.2179791,2527.0968000000003,49.80432,13.455904,0.0,61.18920625702691
238.5,39.9631644,-106.2179654,2527.0968000000003,49.80432,13.63472,0.0,61.18920625702691
238.6,39.96317014,-106.2179517,2527.0968000000003,49.80432,13.321792,0.0,61.18920625702691
238.7,39.96317566,-106.2179385,2527.0968000000003,49.80432,13.053568,0.0,61.374220607257314
238.8,39.96318157,-106.2179246,2527.0968000000003,49.80432,13.142976,0.0,61.18920625702691
238.9,39.96318722,-106.2179114,2527.0968000000003,49.80432,13.232384,0.0,60.85192815428695
239.0,39.9631935,-106.217897,2527.0968000000003,49.80432,13.545312,0.0,60.85192815428695
239.1,39.96319898,-106.2178844,2527.4016,49.89576,13.232384,0.0,60.35013649242444
239.2,39.96320514,-106.2178705,2527.0968000000003,49.80432,13.008864,0.0,60.0183606311507
239.3,39.96321104,-106.2178572,2527.4016,49.89576,13.4112,0.0,60.0183606311507
239.4,39.96321729,-106.2178433,2527.4016,49.89576,13.4112,0.0,59.3982452992434
239.5,39.96322343,-106.2178299,2527.4016,49.89576,13.545312,0.0,59.3982452992434
239.6,39.96322982,-106.2178161,2527.4016,49.89576,13.500608,0.0,58.87131652128113
239.7,39.96323593,-106.217803,2527.4016,49.89576,13.4112,0.0,58.87131652128113
239.8,39.96324236,-106.2177894,2527.4016,49.89576,13.321792,0.0,58.17819110701555
239.9,39.96324858,-106.2177765,2527.4016,49.89576,13.277088,0.0,58.17819110701555
240.0,39.96325514,-106.2177629,2527.4016,49.89576,13.321792,0.0,57.85234306639097
240.1,39.9632614,-106.21775,2527.4016,49.89576,13.366496,0.0,57.64712613572607
240.2,39.963268,-106.2177365,2527.4016,49.89576,13.321792,0.0,57.64712613572607
240.3,39.96327438,-106.2177238,2527.4016,49.89576,13.277088,0.0,57.00862685700366
240.4,39.96328104,-106.2177105,2527.4016,49.89576,13.232384,0.0,56.79639438425136
240.5,39.9632874,-106.2176979,2527.4016,49.89576,13.232384,0.0,56.79639438425136
240.6,39.9632941,-106.2176846,2527.4016,49.89576,13.232384,0.089408,56.47148029643398
240.7,39.96330054,-106.2176721,2527.4016,49.89576,13.18768,0.22352,56.47148029643398
240.8,39.96330738,-106.217659,2527.0968000000003,49.80432,13.142976,0.22352,56.25577768909477
240.9,39.96331393,-106.2176466,2527.0968000000003,49.80432,13.18768,0.089408,55.771454160198005
241.0,39.9633208,-106.2176335,2527.4016,49.89576,13.18768,0.089408,55.771454160198005
241.1,39.96332737,-106.217621,2527.4016,49.89576,13.18768,0.089408,55.23104344451821
241.2,39.96333426,-106.2176082,2527.4016,49.89576,13.098272,0.089408,54.91275144672386
241.3,39.96334093,-106.2175959,2527.4016,49.89576,13.098272,0.0,54.91275144672386
241.4,39.96334787,-106.2175833,2527.4016,49.89576,13.053568,0.0,54.59692441814673
241.5,39.96335453,-106.2175712,2527.4016,49.89576,12.96416,0.0,54.127784673492215
241.6,39.96336198,-106.2175581,2527.4016,49.89576,13.277088,0.0,53.78775628756284
241.7,39.96336901,-106.2175457,2527.4016,49.89576,13.545312,0.0,53.557965123458246
241.8,39.96337636,-106.2175328,2527.4016,49.89576,13.4112,0.0,53.557965123458246
241.9,39.96338334,-106.2175206,2527.4016,49.89576,13.321792,0.0,53.32565033042681
242.0,39.96339071,-106.2175076,2527.0968000000003,49.80432,13.366496,0.0,53.09077787198959
242.1,39.96339797,-106.217495,2527.4016,49.89576,13.590016,0.0,53.09077787198959
242.2,39.9634049,-106.2174832,2527.4016,49.89576,13.098272,0.0,52.41937104288047
242.3,39.9634119,-106.2174714,2527.4016,49.9872,12.695936,0.0,52.10777416479601
242.4,39.96341916,-106.2174595,2527.4016,49.9872,12.830048,0.0,51.55535728840277
242.5,39.96342629,-106.2174479,2527.4016,49.9872,12.830048,0.0,51.24837166503824
242.6,39.96343386,-106.2174357,2527.4016,49.89576,13.053568,0.0,50.545317308862025
242.7,39.96344112,-106.2174241,2527.4016,49.89576,13.098272,0.089408,50.545317308862025
242.8,39.96344886,-106.217412,2527.4016,49.89576,13.053568,0.089408,49.99374398582341
242.9,39.9634563,-106.2174007,2527.4016,49.89576,13.053568,0.089408,49.99374398582341
243.0,39.96346414,-106.2173887,2527.0968000000003,49.80432,13.053568,0.089408,49.44124118943285
243.1,39.96347164,-106.2173774,2527.0968000000003,49.80432,13.098272,0.089408,49.05574930421994
243.2,39.96347958,-106.2173656,2527.4016,49.89576,13.098272,0.0,48.758555685472
243.3,39.96348721,-106.2173544,2527.4016,49.89576,13.053568,0.0,48.758555685472
243.4,39.96349526,-106.2173427,2527.4016,49.89576,13.053568,0.0,48.05658044814942
243.5,39.96350299,-106.2173316,2527.4016,49.89576,13.098272,0.0,48.05658044814942
243.6,39.96351128,-106.2173196,2527.4016,49.89576,13.277088,0.0,47.765761834249474
243.7,39.96351956,-106.2173079,2527.4016,49.89576,13.679424,0.0,47.765761834249474
243.8,39.96352763,-106.2172964,2527.4016,49.89576,13.4112,0.0,47.765761834249474
243.9,39.96353533,-106.2172856,2527.4016,49.89576,12.919455999999998,0.0,47.21322817639577
244.0,39.96354352,-106.2172741,2527.4016,49.89576,12.96416,0.0,47.21322817639577
244.1,39.963551,-106.2172639,2527.0968000000003,49.80432,12.695936,0.0,46.92749588667192
244.2,39.9635593,-106.2172524,2527.0968000000003,49.80432,12.74064,0.0,46.66028236898279
244.3,39.96356723,-106.2172415,2527.0968000000003,49.80432,13.098272,0.0,46.66028236898279
244.4,39.96357563,-106.2172301,2527.0968000000003,49.71288,13.142976,0.0,46.5038397141231
244.5,39.96358364,-106.2172192,2527.0968000000003,49.71288,13.18768,0.0,46.5038397141231
244.6,39.96359214,-106.2172074,2527.0968000000003,49.71288,13.321792,0.0,46.76866634540312
244.7,39.96360012,-106.2171964,2527.0968000000003,49.71288,13.366496,0.0,47.19206972022442
244.8,39.96360848,-106.2171846,2527.0968000000003,49.59096,13.321792,0.0,47.19206972022442
244.9,39.9636164,-106.2171734,2527.0968000000003,49.59096,13.321792,0.0,47.739335721918565
245.0,39.96362476,-106.2171615,2527.0968000000003,49.59096,13.366496,0.0,47.739335721918565
245.1,39.96363262,-106.2171502,2527.0968000000003,49.59096,13.366496,0.0,47.739335721918565
245.2,39.96364084,-106.2171383,2527.0968000000003,49.59096,13.321792,0.0,48.41455447936977
245.3,39.96364863,-106.217127,2527.0968000000003,49.59096,13.321792,0.0,48.41455447936977
245.4,39.96365668,-106.217115,2527.0968000000003,49.59096,13.277088,0.0,48.66952571299345
245.5,39.96366435,-106.2171036,2527.0968000000003,49.59096,13.277088,0.0,48.959264968908144
245.6,39.96367218,-106.2170918,2527.0968000000003,49.59096,13.098272,0.0,48.959264968908144
245.7,39.96367955,-106.2170806,2527.0968000000003,49.59096,12.96416,0.0,49.65018484988627
245.8,39.96368706,-106.2170688,2527.0968000000003,49.59096,12.830048,0.0,50.19442890773479
245.9,39.96369443,-106.2170572,2527.0968000000003,49.59096,12.96416,0.0,51.03768252142288
246.0,39.96370222,-106.2170444,2527.0968000000003,49.59096,13.366496,0.0,52.15908042307683
246.1,39.96370951,-106.2170322,2527.0968000000003,49.59096,13.545312,0.0,52.77763789012931
246.2,39.963717,-106.2170192,2527.0968000000003,49.71288,13.545312,-0.089408,53.79904740492344
246.3,39.96372463,-106.2170056,2527.0968000000003,49.71288,14.126464,-0.089408,54.43926555755468
246.4,39.96373133,-106.216993,2527.0968000000003,49.71288,13.724128,-0.089408,55.481218144130935
246.5,39.96373754,-106.216981,2527.0968000000003,49.80432,12.695936,-0.089408,56.36529069786985
246.6,39.96374397,-106.2169682,2527.0968000000003,49.80432,12.695936,-0.089408,57.20423298593346
246.7,39.96374927,-106.2169567,2527.0968000000003,49.80432,12.248895999999998,0.0,58.20792846277914
246.8,39.96375523,-106.2169441,2527.0968000000003,49.80432,12.025376,0.0,59.0710737247382
246.9,39.96376075,-106.216932,2527.0968000000003,49.80432,12.2936,0.0,59.62690068257314
247.0,39.96376648,-106.2169189,2527.0968000000003,49.80432,12.427712,0.0,60.53178625183404
247.1,39.96377146,-106.2169069,2527.0968000000003,49.80432,12.248895999999998,0.0,61.61664585847018
247.2,39.96377713,-106.2168932,2527.0968000000003,49.80432,12.472416,0.0,61.97549946792975
247.3,39.96378242,-106.2168801,2527.0968000000003,49.80432,12.96416,0.0,62.98022996122887
247.4,39.9637878,-106.2168664,2527.0968000000003,49.80432,12.874752,0.0,63.70735142743473
247.5,39.96379333,-106.2168526,2527.0968000000003,49.80432,13.18768,0.0,64.24952587268172
247.6,39.96379841,-106.2168389,2527.0968000000003,49.80432,13.142976,0.0,64.61520203524583
247.7,39.96380316,-106.2168258,2527.0968000000003,49.80432,12.695936,0.0,64.98310652189997
247.8,39.96380813,-106.216812,2527.0968000000003,49.80432,12.651232,0.0,65.70739855570497
247.9,39.96381277,-106.2167988,2527.0968000000003,49.80432,12.651232,0.0,66.07889475207367
248.0,39.96381736,-106.2167851,2527.0968000000003,49.80432,12.561824,0.0,66.4525401989406
248.1,39.96382165,-106.2167718,2527.0968000000003,49.80432,12.51712,0.0,67.6309494477112
248.2,39.96382615,-106.2167579,2527.4016,49.89576,12.561824,0.0,68.00887008282285
248.3,39.96383035,-106.2167447,2527.4016,49.89576,12.561824,0.0,68.53873296597578
248.4,39.96383466,-106.2167308,2527.4016,49.89576,12.51712,0.0,68.91853926738645
248.5,39.96383863,-106.2167173,2527.4016,49.89576,12.51712,0.0,69.49190102823155
248.6,39.96384263,-106.2167033,2527.4016,49.89576,12.51712,0.0,70.01689347810003
248.7,39.96384636,-106.2166898,2527.4016,49.89576,12.51712,0.089408,70.53743439063635
248.8,39.96385055,-106.2166747,2527.0968000000003,49.80432,12.96416,0.089408,70.92130546290264
248.9,39.96385426,-106.2166607,2527.0968000000003,49.80432,13.142976,0.089408,71.43687291325443
249.0,39.96385788,-106.2166465,2527.0968000000003,49.80432,12.651232,0.089408,72.01517710890812
249.1,39.96386125,-106.216633,2527.4016,49.89576,12.427712,0.0,72.5858033846913
249.2,39.96386436,-106.2166193,2527.4016,49.89576,12.159488,0.0,73.35896344613002
249.3,39.96386748,-106.2166056,2527.4016,49.89576,12.204192,0.0,73.94297096315444
249.4,39.96387069,-106.216591,2527.4016,49.89576,12.561824,0.0,74.72699313657648
249.5,39.96387362,-106.2165771,2527.4016,49.9872,12.606528,0.0,75.22544972495342
249.6,39.96387659,-106.2165624,2527.4016,49.9872,12.651232,0.0,75.91474390116042
249.7,39.96387938,-106.2165482,2527.4016,49.89576,12.695936,0.0,76.30742889419776
249.8,39.96388219,-106.2165333,2527.4016,49.89576,12.785344,0.0,76.79407201833152
249.9,39.96388472,-106.216519,2527.4016,49.89576,12.785344,0.0,77.77817018515219
250.0,39.96388714,-106.2165041,2527.4016,49.9872,12.74064,0.0,78.96878002986602
250.1,39.96388925,-106.2164896,2527.4016,49.9872,12.785344,0.0,79.96842226763886
250.2,39.96389131,-106.2164747,2527.4016,49.9872,12.74064,0.0,80.86982351772133
250.3,39.96389317,-106.2164604,2527.4016,49.9872,12.651232,0.0,81.26921502626323
250.4,39.96389494,-106.2164453,2527.4016,49.9872,12.651232,0.0,81.26921502626323
250.5,39.96389643,-106.2164311,2527.4016,49.9872,12.651232,0.0,81.26921502626323
250.6,39.96389808,-106.2164164,2527.4016,49.9872,12.472416,0.0,81.92679512417482
250.7,39.96389958,-106.2164024,2527.4016,49.9872,12.338304,0.0,82.32552048310606
250.8,39.9639011,-106.2163872,2527.4016,49.9872,12.561824,0.0,82.37892869070299
250.9,39.96390253,-106.2163725,2527.4016,49.89576,12.830048,0.089408,82.43160297841058
251.0,39.96390416,-106.2163566,2527.4016,49.89576,13.142976,0.089408,82.82567576351772
251.1,39.96390572,-106.2163416,2527.0968000000003,49.80432,13.277088,0.22352,82.82567576351772
251.2,39.96390737,-106.216326,2527.0968000000003,49.80432,13.18768,0.22352,82.82567576351772
251.3,39.96390897,-106.2163111,2527.0968000000003,49.80432,13.098272,0.089408,82.43160297841058
251.4,39.9639108,-106.2162947,2527.0968000000003,49.80432,13.455904,0.0,82.43160297841058
251.5,39.96391237,-106.2162797,2527.0968000000003,49.80432,13.545312,0.0,82.43160297841058
251.6,39.96391398,-106.2162646,2527.0968000000003,49.80432,12.96416,0.0,82.43160297841058
251.7,39.9639155,-106.2162502,2527.0968000000003,49.80432,12.695936,0.0,82.43160297841058
251.8,39.96391725,-106.2162351,2527.0968000000003,49.80432,12.695936,0.0,82.82567576351772
251.9,39.96391875,-106.2162203,2527.0968000000003,49.80432,12.874752,0.0,83.22043205485005
252.0,39.96392016,-106.2162048,2527.4016,49.89576,13.053568,0.0,83.81376967107911
252.1,39.96392144,-106.21619,2527.0968000000003,49.80432,13.008864,0.0,83.87749633851263
252.2,39.96392256,-106.2161747,2527.0968000000003,49.80432,12.874752,0.0,84.26977829885811
252.3,39.96392371,-106.21616,2527.0968000000003,49.80432,12.830048,0.0,84.66260001155729
252.4,39.9639248,-106.2161448,2527.0968000000003,49.80432,12.785344,0.0,85.05592558920216
252.5,39.96392579,-106.2161304,2527.4016,49.89576,12.695936,0.0,85.08973877841743
252.6,39.96392654,-106.2161157,2527.0968000000003,49.80432,12.427712,0.0,85.05592558920216
252.7,39.96392747,-106.2161011,2527.0968000000003,49.80432,12.51712,0.089408,85.64677950936823
252.8,39.96392843,-106.2160855,2527.4016,49.89576,12.919455999999998,0.0,85.64677950936823
252.9,39.9639293,-106.2160707,2527.4016,49.89576,12.96416,0.0,86.04120593853497
253.0,39.96393024,-106.2160552,2527.4016,49.89576,12.96416,0.0,86.04120593853497
253.1,39.96393119,-106.2160393,2527.4016,49.9872,13.455904,0.0,86.46044083145006
253.2,39.96393196,-106.2160244,2527.4016,49.9872,13.142976,0.0,86.46044083145006
253.3,39.96393272,-106.2160095,2527.4016,49.9872,12.695936,0.0,86.48454084594789
253.4,39.96393348,-106.2159937,2527.4016,49.9872,13.098272,0.0,86.87432466506118
253.5,39.96393413,-106.2159786,2527.4016,49.9872,13.18768,0.0,86.85288539590641
253.6,39.96393476,-106.2159628,2527.4016,50.10912,13.18768,0.0,87.44209544980782
253.7,39.96393532,-106.2159478,2527.4016,50.10912,13.098272,0.0,87.8499736489614
253.8,39.96393584,-106.2159325,2527.4016,50.10912,12.919455999999998,0.0,87.8499736489614
253.9,39.96393623,-106.2159183,2527.4016,50.10912,12.606528,0.22352,88.2525351937669
254.0,39.96393664,-106.2159018,2527.4016,49.9872,13.098272,0.715264,88.2525351937669
254.1,39.96393701,-106.2158862,2527.4016,49.89576,13.724128,1.296416,88.2525351937669
254.2,39.96393737,-106.2158704,2527.0968000000003,49.71288,13.4112,1.922272,88.65437344342371
254.3,39.9639375,-106.2158547,2526.792,49.49952,13.4112,2.279904,88.65437344342371
254.4,39.96393777,-106.2158388,2526.4872,49.19472,13.455904,2.816352,89.03875161397525
254.5,39.963938,-106.2158237,2526.1824,48.88992,13.232384,2.995168,89.61547034041553
254.6,39.96393824,-106.2158078,2525.8776000000003,48.49368,13.232384,2.68224,89.618033795271
254.7,39.9639385,-106.2157928,2525.5728,48.18888,13.18768,2.279904,89.61547034041553
254.8,39.96393903,-106.215778,2525.268,47.91456,12.695936,1.78816,89.02897806892082
254.9,39.96393945,-106.2157633,2524.9632,47.7012,12.561824,1.207008,89.02897806892082
255.0,39.96393997,-106.2157473,2524.9632,47.7012,13.098272,0.581152,89.02897806892082
255.1,39.96394041,-106.215732,2524.9632,47.7012,13.366496,0.312928,89.61155998851996
255.2,39.96394091,-106.2157157,2524.9632,47.7012,13.500608,0.0,89.61155998851996
255.3,39.96394108,-106.2157006,2524.9632,47.7012,13.4112,0.0,89.61155998851996
255.40000000000003,39.96394122,-106.2156846,2525.268,47.792640000000006,13.232384,-0.089408,89.61155998851996
255.5,39.96394131,-106.2156695,2525.268,47.792640000000006,13.232384,-0.089408,90.0
255.6,39.96394108,-106.2156536,2525.268,47.91456,13.232384,-0.089408,90.0
255.7,39.96394101,-106.2156385,2525.268,47.91456,13.232384,0.0,90.0
255.8,39.96394088,-106.2156225,2525.268,48.006,13.232384,0.0,90.0
255.90000000000003,39.96394072,-106.2156074,2525.268,48.006,13.277088,0.0,90.0
256.0,39.96394012,-106.2155913,2525.268,48.006,13.321792,0.0,90.38452965958447
256.1,39.96393986,-106.215576,2525.268,48.006,13.366496,0.089408,90.38844001148004
256.2,39.9639396,-106.2155601,2525.268,48.006,13.321792,0.089408,90.97102193107918
256.3,39.96393931,-106.2155449,2525.268,48.006,13.277088,0.089408,90.97102193107918
256.40000000000003,39.96393898,-106.2155289,2525.268,48.006,13.277088,0.089408,91.7474648062331
256.5,39.96393855,-106.2155137,2525.268,48.006,13.277088,0.089408,91.7474648062331
256.6,39.96393809,-106.2154973,2525.268,48.006,13.500608,0.089408,92.13546344237665
256.7,39.96393757,-106.2154818,2525.268,48.006,13.590016,0.0,92.49789656246924
256.8,39.96393696,-106.2154665,2525.268,48.006,13.142976,0.0,92.49789656246924
256.90000000000003,39.96393633,-106.2154526,2525.268,48.006,12.427712,0.0,92.0999045176452
257.0,39.96393581,-106.2154363,2525.268,48.006,12.874752,0.402336,92.0999045176452
257.1,39.96393531,-106.2154208,2525.268,47.91456,13.590016,0.89408,92.08601019191484
257.2,39.96393475,-106.2154049,2525.268,47.792640000000006,13.4112,1.519936,91.70698490235476
257.3,39.96393396,-106.2153895,2524.9632,47.60976,13.321792,2.190496,91.71835800165547
257.40000000000003,39.96393353,-106.215373,2524.6584000000003,47.30496,13.590016,2.816352,91.71835800165547
257.5,39.96393312,-106.2153565,2524.3536,46.90872,14.08176,3.486912,92.0999045176452
257.6,39.96393274,-106.2153418,2524.0488,46.51248,13.277088,4.112768,92.0999045176452
257.7,39.96393241,-106.2153262,2523.4392000000003,45.99432,12.919455999999998,4.515104,92.0999045176452
257.8,39.96393196,-106.2153095,2522.8296,45.50664,13.724128,4.783328,92.48126480119583
257.90000000000003,39.96393155,-106.2152937,2522.5248,44.98848,13.813536,4.91744,92.0999045176452
258.0,39.96393123,-106.2152775,2521.9152,44.40936,13.63472,5.006848,92.0999045176452
258.1,39.96393094,-106.2152621,2521.3056,43.891200000000005,13.455904,5.096256,92.0999045176452
258.2,39.96393078,-106.2152462,2520.696,43.31208,13.321792,5.096256,92.0999045176452
258.3,39.96393047,-106.2152311,2520.0864,42.70248,13.232384,5.096256,92.0999045176452
258.40000000000003,39.96393011,-106.2152152,2519.4768,42.2148,13.232384,5.096256,92.0999045176452
258.5,39.96392976,-106.2152,2519.172,41.69664,13.232384,5.096256,92.0999045176452
258.6,39.96392927,-106.2151835,2518.5624000000003,41.20896,13.500608,5.006848,92.0999045176452
258.7,39.96392889,-106.215168,2518.2576,40.6908,13.679424,5.006848,92.0999045176452
258.8,39.96392848,-106.2151522,2517.648,40.203120000000006,13.321792,5.006848,92.0999045176452
258.90000000000003,39.96392808,-106.2151372,2517.0384,39.68496,13.098272,5.006848,92.0999045176452
259.0,39.9639274,-106.2151221,2516.7336,39.19728,12.830048,4.91744,92.11398509230264
259.1,39.96392697,-106.2151069,2516.1240000000003,38.7096,12.919455999999998,4.91744,92.0999045176452
259.2,39.96392651,-106.2150906,2515.5144,38.19144,13.455904,4.91744,92.0999045176452
259.3,39.96392608,-106.215075,2515.2096,37.70376,13.63472,4.91744,92.0999045176452
259.40000000000003,39.96392546,-106.2150582,2514.6,37.1856,13.768832,4.91744,91.72988362181307
259.5,39.96392504,-106.2150429,2513.9904,36.69792,13.679424,4.604512000000001,91.72988362181307
259.6,39.96392465,-106.2150274,2513.6856,36.30168,13.142976,4.112768,92.13546344237665
259.7,39.96392416,-106.2150127,2513.3808,35.90544,12.874752,3.621024,93.10452590926434
259.8,39.96392344,-106.214997,2513.076,35.60064,12.96416,3.218688,93.51545915405212
259.90000000000003,39.96392278,-106.2149832,2512.7712,35.38728,12.606528,2.816352,93.93167148002226
260.0,39.96392189,-106.2149675,2512.4664,35.2044,12.606528,2.414016,94.35322049063176
260.1,39.96392097,-106.214952,2512.4664,34.99104,13.321792,1.922272,94.35322049063176
260.2,39.9639201,-106.2149372,2512.1616,34.8996,12.96416,1.385824,93.56399146706394
260.3,39.96391917,-106.2149224,2512.1616,34.80816,12.651232,0.983488,93.1688497099732
260.40000000000003,39.96391835,-106.2149068,2512.1616,34.68624,12.96416,0.581152,92.57558255631636
260.5,39.9639176,-106.214892,2512.1616,34.68624,12.96416,0.22352,92.57558255631636
260.6,39.9639169,-106.2148759,2512.1616,34.68624,13.18768,0.0,92.55790455019218
260.7,39.96391622,-106.2148598,2512.1616,34.80816,13.724128,-0.089408,92.16478915345353
260.8,39.96391571,-106.2148442,2512.1616,34.8996,13.545312,-0.22352,92.16478915345353
260.90000000000003,39.96391521,-106.2148293,2512.1616,34.8996,13.008864,-0.22352,92.54046740461035
261.0,39.96391462,-106.2148137,2512.1616,34.8996,13.053568,-0.089408,92.54046740461035
261.1,39.96391431,-106.2147994,2512.1616,34.8996,12.785344,0.089408,92.54046740461035
261.2,39.96391354,-106.2147834,2512.1616,34.80816,12.919455999999998,0.581152,93.10452590926434
261.3,39.96391275,-106.2147674,2512.1616,34.68624,13.679424,1.207008,93.07333251107332
261.40000000000003,39.96391194,-106.2147524,2511.8568,34.50336,13.277088,1.78816,93.43363036245051
261.5,39.96391112,-106.2147373,2511.8568,34.29,12.874752,2.503424,93.43363036245051
261.6,39.96390993,-106.2147205,2511.552,33.9852,13.63472,3.308096,93.43363036245051
261.7,39.96390909,-106.2147048,2510.9424,33.58896,13.85824,3.889248,93.43363036245051
261.8,39.96390818,-106.2146885,2510.6376,33.10128,13.679424,4.515104,93.78888987788469
261.90000000000003,39.9639073,-106.214673,2510.028,32.6136,13.590016,4.783328,94.1665048855487
262.0,39.96390616,-106.2146564,2509.4184,31.912560000000003,13.724128,5.096256,94.73223814247967
262.1,39.96390524,-106.2146401,2508.8088,31.3944,14.08176,5.096256,94.73223814247967
262.2,39.96390432,-106.2146244,2508.1992,30.7848,13.679424,5.319776,94.73223814247967
262.3,39.96390341,-106.2146087,2507.5896,30.297120000000003,13.4112,5.319776,95.10888734765354
262.40000000000003,39.96390241,-106.2145932,2506.98,29.687520000000003,13.321792,5.319776,95.10888734765354
262.5,39.96390156,-106.2145782,2506.3704,29.108400000000003,13.053568,5.319776,95.075452378479
262.6,39.96390073,-106.2145622,2506.0656,28.59024,13.277088,4.91744,94.73223814247967
262.7,39.96389999,-106.2145471,2505.456,28.194000000000003,13.321792,4.380992,94.1665048855487
262.8,39.96389935,-106.2145312,2505.1512,27.797760000000004,13.232384,4.02336,94.1665048855487
262.90000000000003,39.96389865,-106.2145159,2504.8464,27.40152,13.277088,3.486912,93.83959633795348
263.0,39.96389797,-106.2145003,2504.5416,27.188160000000003,13.18768,2.995168,93.20202058332212
263.1,39.96389729,-106.2144851,2504.2368,26.91384,13.142976,2.816352,93.74492717354208
263.2,39.96389656,-106.2144713,2504.2368,26.791920000000005,12.338304,2.68224,94.3323139831885
263.3,39.96389581,-106.2144579,2503.932,26.60904,11.62304,2.592832,94.03771062097712
263.40000000000003,39.96389502,-106.2144443,2503.6272,26.30424,11.533632,2.503424,93.69138598645128
263.5,39.96389444,-106.2144317,2503.6272,26.09088,11.176,2.101088,92.65739068290549
263.6,39.96389385,-106.2144189,2503.3224,25.99944,10.863072,1.6987519999999998,92.81137359452651
263.7,39.96389273,-106.214407,2503.3224,25.99944,10.594848,1.1176,93.54236119219372
263.8,39.963892,-106.2143959,2503.3224,25.908,9.83488,0.581152,93.81407483429037
263.90000000000003,39.96389129,-106.2143862,2503.3224,25.78608,8.896096,0.312928,94.10811217713588
264.0,39.96389054,-106.2143767,2503.3224,25.908,8.27024,0.0,95.37670542805074
264.1,39.96388896,-106.2143685,2503.3224,25.908,7.644384,0.0,96.37924816761311
264.2,39.96388813,-106.2143608,2503.3224,25.99944,6.92912,-0.089408,96.08852815419516
264.3,39.96388729,-106.2143534,2503.6272,26.09088,6.526784,-0.22352,96.47395596867231
264.40000000000003,39.96388643,-106.2143461,2503.6272,26.2128,6.347968,-0.22352,96.66130163977016
264.5,39.96388538,-106.2143409,2503.6272,26.30424,5.409184,-0.089408,97.01650174472292
264.6,39.96388454,-106.2143343,2503.6272,26.30424,5.096256,0.0,98.3256503304268
264.7,39.96388372,-106.2143284,2503.6272,26.30424,5.453887999999999,0.0,98.82037955202104
264.8,39.9638828,-106.2143223,2503.6272,26.30424,5.230368,0.0,100.12467165539783
264.90000000000003,39.96388189,-106.2143168,2503.6272,26.30424,5.006848,0.0,100.7842978675626
265.0,39.96388054,-106.2143105,2503.932,26.39568,5.14096,0.089408,102.28832316327532
265.1,39.96387956,-106.2143055,2503.932,26.487120000000004,4.962144,0.089408,103.17255342332692
265.2,39.96387852,-106.2143004,2503.932,26.487120000000004,4.4704,0.089408,103.73626830562256
265.3,39.96387755,-106.2142958,2503.932,26.60904,4.24688,0.089408,103.54793898800052
265.40000000000003,39.96387634,-106.2142906,2503.932,26.60904,4.336288,0.22352,104.3813945910906
265.5,39.96387544,-106.2142867,2503.932,26.60904,4.068064,0.22352,105.52411099675425
265.6,39.96387449,-106.2142828,2503.932,26.60904,3.442208,0.22352,107.10272896905236
265.7,39.96387365,-106.2142795,2503.932,26.60904,3.308096,0.22352,106.69924423399362
265.8,39.96387279,-106.214276,2503.932,26.60904,3.084576,0.312928,106.50436138175502
265.90000000000003,39.96387215,-106.2142733,2504.2368,26.70048,2.771648,0.312928,105.4612177404419
266.0,39.96387152,-106.2142709,2504.2368,26.70048,2.2352,0.312928,106.82140989004084
266.1,39.96387099,-106.2142688,2504.2368,26.70048,2.01168,0.312928,106.99082329198616
266.2,39.96387067,-106.214267,2503.932,26.60904,1.654048,0.312928,106.18920625702695
266.3,39.96387033,-106.2142655,2504.2368,26.70048,1.519936,0.312928,105.64224645720871
266.40000000000003,39.96387005,-106.2142643,2503.932,26.60904,1.162304,0.312928,109.29004621918877
266.5,39.96386983,-106.2142635,2503.932,26.60904,1.162304,0.402336,118.30075576600638
266.6,39.96386957,-106.2142629,2503.932,26.487120000000004,0.804672,0.402336,135.0
266.7,39.96386927,-106.2142627,2503.932,26.487120000000004,0.491744,0.402336,180.0
266.8,39.96386896,-106.2142627,2503.932,26.39568,0.67056,0.312928,180.0
266.90000000000003,39.96386869,-106.2142629,2503.932,26.39568,0.0,0.312928,195.94539590092288
267.0,39.96386839,-106.2142631,2503.932,26.39568,0.491744,0.22352,215.5376777919744
267.1,39.96386792,-106.2142634,2503.932,26.39568,0.491744,0.089408,225.0
267.2,39.96386756,-106.2142639,2503.932,26.39568,0.67056,0.089408,215.5376777919744
267.3,39.96386723,-106.2142643,2503.6272,26.30424,0.491744,0.22352,215.5376777919744
267.40000000000003,39.96386696,-106.2142647,2503.6272,26.30424,0.491744,0.22352,195.94539590092288
267.5,39.96386666,-106.2142649,2503.6272,26.2128,0.0,0.22352,201.80140948635184
267.6,39.96386642,-106.214265,2503.6272,26.2128,0.0,0.22352,201.80140948635184
267.7,39.96386622,-106.2142652,2503.6272,26.2128,0.0,0.22352,225.0
267.8,39.96386606,-106.2142653,2503.6272,26.2128,0.0,0.089408,225.0
267.90000000000003,39.96386586,-106.2142649,2503.6272,26.2128,0.0,0.0,225.0
268.0,39.96386573,-106.214265,2503.6272,26.2128,0.0,0.0,248.19859051364816
268.1,39.96386561,-106.2142652,2503.6272,26.2128,0.0,0.089408,248.19859051364816
268.2,39.9638655,-106.2142654,2503.6272,26.09088,0.0,0.089408,248.19859051364816
268.3,39.96386541,-106.2142657,2503.6272,26.09088,0.0,0.089408,248.19859051364816
268.40000000000003,39.96386529,-106.2142662,2503.3224,25.99944,0.67056,0.089408,270.0
268.5,39.96386523,-106.2142666,2503.3224,25.99944,0.0,0.0,270.0
268.6,39.96386517,-106.214267,2503.3224,25.99944,0.491744,0.089408,270.0
268.7,39.96386513,-106.2142675,2503.3224,25.99944,0.67056,0.089408,270.0
268.8,39.96386514,-106.2142681,2503.3224,25.99944,0.491744,0.0,270.0
268.90000000000003,39.96386517,-106.2142685,2503.3224,25.908,0.0,0.089408,270.0
269.0,39.96386523,-106.2142687,2503.3224,25.908,0.491744,0.0,270.0
269.1,39.96386528,-106.214269,2503.3224,25.908,0.0,0.0,270.0
269.2,39.96386533,-106.2142693,2503.3224,25.908,0.0,0.0,270.0
269.3,39.96386535,-106.2142696,2503.3224,25.908,0.491744,0.0,270.0
269.40000000000003,39.9638654,-106.2142698,2503.3224,25.908,0.0,0.0,270.0
269.5,39.96386542,-106.2142699,2503.3224,25.908,0.0,0.0,270.0
269.6,39.96386548,-106.21427,2503.3224,25.78608,0.0,0.0,270.0
269.7,39.96386544,-106.2142701,2503.3224,25.908,0.491744,0.0,270.0
269.8,39.96386533,-106.2142702,2503.3224,25.908,0.0,0.0,0.0
269.90000000000003,39.96386527,-106.2142703,2503.3224,25.78608,0.0,0.0,0.0
270.0,39.96386527,-106.2142704,2503.3224,25.78608,0.0,0.0,0.0
270.1,39.96386522,-106.2142705,2503.3224,25.78608,0.0,0.0,0.0
270.2,39.96386527,-106.2142704,2503.3224,25.908,0.0,0.0,0.0
270.3,39.9638653,-106.2142703,2503.3224,25.908,0.0,-0.089408,0.0
270.40000000000003,39.96386531,-106.2142703,2503.3224,25.908,0.0,-0.089408,0.0
270.5,39.96386533,-106.2142704,2503.3224,25.908,0.491744,0.0,0.0
270.6,39.96386523,-106.2142704,2503.3224,25.908,0.0,0.0,0.0
270.7,39.96386513,-106.2142703,2503.3224,25.908,0.0,0.0,0.0
270.8,39.96386504,-106.2142704,2503.3224,25.908,0.0,0.0,0.0
270.90000000000003,39.96386492,-106.2142705,2503.3224,25.99944,0.0,0.0,0.0
271.0,39.96386484,-106.2142705,2503.3224,25.99944,0.0,0.0,0.0
271.1,39.96386476,-106.2142705,2503.3224,25.908,0.0,0.0,0.0
271.2,39.96386471,-106.2142705,2503.3224,25.99944,0.0,0.0,0.0
271.3,39.9638647,-106.2142707,2503.3224,25.908,0.0,0.0,0.0
271.40000000000003,39.96386464,-106.2142707,2503.3224,25.99944,0.0,0.0,180.0
271.5,39.96386461,-106.2142707,2503.3224,25.99944,0.0,0.0,0.0
271.6,39.96386464,-106.2142707,2503.3224,25.99944,0.0,0.0,0.0
271.7,39.96386469,-106.2142704,2503.3224,25.99944,0.0,0.0,90.0
271.8,39.96386481,-106.2142698,2503.6272,26.09088,0.67056,-0.089408,90.0
271.90000000000003,39.96386482,-106.2142688,2503.6272,26.09088,0.491744,-0.089408,90.0
272.0,39.96386488,-106.2142672,2503.6272,26.09088,1.162304,0.0,90.0
272.1,39.96386495,-106.2142651,2503.6272,26.09088,1.56464,0.0,90.0
272.2,39.96386523,-106.2142618,2503.3224,25.99944,2.279904,0.0,90.0
272.3,39.96386533,-106.2142585,2503.3224,25.99944,2.861056,0.0,90.0
272.40000000000003,39.96386538,-106.2142545,2503.3224,25.99944,3.12928,0.0,90.0
272.5,39.96386544,-106.2142502,2503.3224,25.99944,3.531616,0.089408,88.65211271980138
272.6,39.96386559,-106.2142447,2503.3224,25.908,4.157472,0.089408,88.75463573323168
272.7,39.96386576,-106.2142397,2503.3224,25.908,4.515104,0.089408,88.83086067209257
272.8,39.96386588,-106.2142341,2503.3224,25.908,4.559807999999999,0.089408,90.0
272.90000000000003,39.96386593,-106.2142284,2503.3224,25.908,4.828032,0.089408,90.0
273.0,39.96386606,-106.214222,2503.3224,25.908,5.096256,0.089408,90.0
273.1,39.96386616,-106.2142159,2503.3224,25.908,5.319776,0.089408,90.0
273.2,39.9638663,-106.2142092,2503.3224,25.908,5.453887999999999,0.0,89.0833457436147
273.3,39.96386644,-106.2142026,2503.3224,25.908,5.677408,0.0,89.11859600341785
273.40000000000003,39.96386661,-106.2141955,2503.3224,25.99944,5.856224,0.0,87.86308914624277
273.5,39.96386685,-106.2141887,2503.3224,25.99944,5.945632,0.0,87.93988897627685
273.6,39.96386711,-106.2141812,2503.3224,25.99944,6.124447999999999,0.0,87.99746686817309
273.7,39.96386736,-106.2141737,2503.6272,26.09088,6.392672,0.0,88.06506769044722
273.8,39.96386763,-106.2141656,2503.6272,26.09088,6.616192,0.0,87.36324157385957
273.90000000000003,39.96386806,-106.214158,2503.6272,26.2128,6.7056,0.0,87.44710185282827
274.0,39.96386841,-106.2141495,2503.6272,26.2128,6.884416,0.0,87.47917209228984
274.1,39.96386874,-106.2141412,2503.6272,26.2128,7.197344,0.0,87.54095600989535
274.2,39.96386906,-106.2141322,2503.6272,26.2128,7.331455999999999,0.0,87.61405596961117
274.3,39.96386948,-106.2141237,2503.6272,26.2128,7.465567999999999,0.0,87.66948113202108
274.40000000000003,39.96386985,-106.2141143,2503.6272,26.2128,7.644384,0.0,87.73524545177656
274.5,39.9638702,-106.2141052,2503.6272,26.2128,7.912608,0.0,87.78524487268078
274.6,39.96387052,-106.2140953,2503.6272,26.2128,8.091424,0.0,87.84472437920851
274.7,39.96387088,-106.2140853,2503.6272,26.2128,8.49376,0.0,87.86763156344597
274.8,39.96387119,-106.2140748,2503.6272,26.2128,8.71728,0.0,87.91201616727665
274.90000000000003,39.96387148,-106.2140646,2503.6272,26.30424,8.806688,0.0,87.96496554314012
275.0,39.96387183,-106.2140542,2503.6272,26.30424,8.761984,0.0,87.98540121212943
275.1,39.96387218,-106.2140441,2503.6272,26.30424,8.761984,0.0,88.03473942807949
275.2,39.96387263,-106.2140337,2503.6272,26.30424,8.71728,0.089408,88.05380488296925
275.3,39.96387298,-106.2140231,2503.6272,26.30424,8.9408,0.089408,88.07250411332808
275.40000000000003,39.96387323,-106.2140118,2503.6272,26.30424,9.298432,0.089408,88.0908475670036
275.5,39.96387347,-106.2140009,2503.6272,26.30424,9.477248,0.22352,88.13521474066101
275.6,39.96387373,-106.2139893,2503.6272,26.30424,9.61136,0.089408,88.1523897340054
275.7,39.96387404,-106.2139782,2503.6272,26.30424,9.700768,0.089408,88.16925135197448
275.8,39.96387438,-106.2139664,2503.6272,26.30424,9.790176,0.089408,88.19397470239875
275.90000000000003,39.9638747,-106.213955,2503.6272,26.30424,9.879584,0.089408,88.21008939175397
276.0,39.96387506,-106.2139429,2503.6272,26.30424,10.013696,0.089408,88.22591914118209
276.1,39.96387535,-106.2139313,2503.6272,26.30424,10.103104,0.089408,88.24147143956088
276.2,39.96387563,-106.213919,2503.6272,26.30424,10.237215999999998,0.089408,88.75463573323168
276.3,39.96387589,-106.2139071,2503.6272,26.30424,10.326624,0.089408,88.77066551352209
276.40000000000003,39.963876,-106.2138945,2503.6272,26.30424,10.416032,0.089408,88.78112476486871
276.5,39.96387621,-106.2138825,2503.6272,26.30424,10.50544,0.089408,88.79140756797312
276.6,39.96387652,-106.2138697,2503.6272,26.30424,10.594848,0.22352,88.79140756797312
276.7,39.96387681,-106.2138574,2503.6272,26.30424,10.684256,0.089408,88.80151834988152
276.8,39.96387708,-106.2138445,2503.6272,26.30424,10.72896,0.22352,88.81637130727131
276.90000000000003,39.96387737,-106.2138322,2503.6272,26.30424,10.72896,0.089408,88.82607045560735
277.0,39.96387762,-106.213819,2503.6272,26.30424,10.863072,0.089408,88.83561195987613
277.1,39.96387785,-106.2138064,2503.6272,26.30424,10.997184,0.089408,88.84499963195526
277.2,39.9638781,-106.213793,2503.6272,26.30424,11.131296,0.089408,88.3832096893268
277.3,39.96387833,-106.21378,2503.6272,26.30424,11.265408,0.0,88.40252380275439
277.40000000000003,39.96387863,-106.2137662,2503.6272,26.30424,11.444224,0.0,88.85880074441286
277.5,39.9638789,-106.213753,2503.6272,26.30424,11.488928,0.0,88.8678197248687
277.6,39.96387917,-106.2137396,2503.6272,26.30424,11.310112,0.0,88.41514560694947
277.7,39.96387949,-106.2137269,2503.6272,26.30424,11.131296,0.089408,88.41514560694947
277.8,39.96387976,-106.2137137,2503.6272,26.30424,11.041888,0.089408,88.42756957232666
277.90000000000003,39.96388002,-106.213701,2503.6272,26.30424,11.041888,0.22352,88.43980031307132
278.0,39.96388033,-106.2136869,2503.6272,26.2128,11.444224,0.22352,88.45779387257153
278.1,39.96388067,-106.2136734,2503.6272,26.09088,11.757152,0.22352,88.46956081798521
278.2,39.96388106,-106.2136592,2503.6272,26.09088,11.801856,0.22352,88.0325979700807
278.3,39.96388145,-106.2136457,2503.6272,26.09088,11.801856,0.089408,88.0325979700807
278.40000000000003,39.96388188,-106.2136317,2503.6272,26.09088,11.757152,0.089408,87.99435262861141
278.5,39.9638823,-106.2136187,2503.6272,26.09088,11.488928,0.0,87.90474743537618
278.6,39.96388277,-106.2136055,2503.6272,26.09088,11.131296,0.0,87.78795799795165
278.7,39.9638832,-106.2135936,2503.6272,26.09088,10.72896,0.0,87.16333989887454
278.8,39.96388368,-106.2135819,2503.6272,26.09088,10.013696,0.0,86.97275481771999
278.90000000000003,39.96388416,-106.2135713,2503.3224,25.99944,9.521952,0.089408,86.80406198640407
279.0,39.96388458,-106.2135609,2503.3224,25.99944,8.985504,0.089408,86.00195790079664
279.1,39.96388511,-106.2135513,2503.3224,25.99944,8.538464000000001,0.089408,85.75154547063869
279.2,39.96388579,-106.2135422,2503.3224,25.99944,8.04672,0.089408,84.49452214202165
279.3,39.96388647,-106.213534,2503.3224,25.99944,7.420864000000001,0.089408,84.18102909860545
279.40000000000003,39.96388713,-106.2135271,2503.3224,25.99944,6.48208,0.0,83.06565109873043
279.5,39.96388788,-106.2135195,2503.6272,26.09088,6.213856,0.0,82.72499504211078
279.6,39.96388857,-106.2135134,2503.6272,26.09088,5.900928,0.0,82.23483398157464
279.7,39.96388926,-106.2135077,2503.6272,26.09088,5.051552,0.0,81.67434966957319
279.8,39.96388992,-106.2135018,2503.6272,26.09088,4.962144,0.0,82.01067323360309
279.90000000000003,39.96389061,-106.213496,2503.6272,26.09088,5.006848,0.0,81.17025533209096
280.0,39.96389127,-106.2134904,2503.6272,26.09088,4.91744,0.0,81.95710576649469
280.1,39.96389188,-106.2134855,2503.6272,26.09088,4.515104,0.0,81.09828396710799
280.2,39.96389247,-106.2134811,2503.6272,26.09088,4.02336,0.0,79.7651972365768
280.3,39.96389289,-106.2134765,2503.6272,26.2128,3.933952,0.0,80.09581678702614
280.40000000000003,39.96389335,-106.2134733,2503.6272,26.2128,3.3528,0.0,80.53767779197437
280.5,39.96389371,-106.2134708,2503.6272,26.2128,2.414016,0.0,81.15818543980834
280.6,39.96389405,-106.2134686,2503.6272,26.30424,2.056384,0.0,82.09283729704157
280.7,39.96389417,-106.2134672,2503.6272,26.30424,1.56464,0.0,85.76360520094113
280.8,39.9638943,-106.213466,2503.932,26.39568,1.162304,0.089408,84.28940686250036
280.90000000000003,39.96389438,-106.2134652,2503.932,26.39568,0.67056,0.089408,90.0
281.0,39.96389441,-106.2134648,2503.6272,26.30424,0.67056,0.22352,90.0
281.1,39.96389416,-106.2134647,2503.932,26.39568,0.0,0.0,90.0
281.2,39.96389408,-106.2134646,2503.932,26.39568,0.0,0.0,90.0
281.3,39.96389402,-106.2134646,2503.932,26.39568,0.0,0.0,0.0
281.40000000000003,39.96389402,-106.2134647,2503.932,26.39568,0.0,0.0,0.0
281.5,39.96389404,-106.2134642,2503.932,26.39568,0.0,0.0,0.0
281.6,39.96389407,-106.2134644,2503.932,26.39568,0.0,0.0,270.0
281.7,39.96389412,-106.2134645,2503.932,26.39568,0.0,0.0,0.0
281.8,39.9638942,-106.2134647,2503.932,26.39568,0.0,0.0,0.0
281.90000000000003,39.96389429,-106.2134649,2503.932,26.39568,0.491744,0.0,0.0
282.0,39.96389439,-106.2134645,2503.932,26.39568,0.0,0.0,0.0
282.1,39.96389444,-106.2134646,2503.932,26.39568,0.0,0.0,0.0
282.2,39.96389453,-106.2134646,2503.932,26.487120000000004,0.0,0.0,270.0
282.3,39.96389461,-106.2134647,2503.932,26.487120000000004,0.0,0.0,270.0
282.40000000000003,39.96389479,-106.2134646,2503.932,26.487120000000004,0.0,0.0,270.0
282.5,39.96389488,-106.2134647,2503.932,26.487120000000004,0.491744,0.0,270.0
282.6,39.96389496,-106.213465,2503.932,26.487120000000004,0.0,0.0,315.0
282.7,39.96389507,-106.2134652,2503.932,26.60904,0.0,0.0,315.0
282.8,39.96389523,-106.2134655,2503.932,26.487120000000004,0.0,0.0,0.0
282.90000000000003,39.96389534,-106.2134656,2503.932,26.487120000000004,0.0,0.089408,0.0
283.0,39.96389538,-106.2134657,2503.932,26.60904,0.0,0.0,0.0
283.1,39.96389541,-106.2134658,2503.932,26.60904,0.0,0.0,0.0
283.2,39.9638955,-106.2134659,2503.932,26.60904,0.0,0.0,0.0
283.3,39.96389556,-106.2134659,2503.932,26.60904,0.0,0.0,0.0
283.40000000000003,39.96389561,-106.2134661,2503.932,26.60904,0.0,0.0,0.0
283.5,39.96389563,-106.2134662,2504.2368,26.70048,0.491744,0.0,0.0
283.6,39.96389558,-106.2134663,2503.932,26.60904,0.0,0.0,0.0
283.7,39.96389559,-106.2134668,2503.932,26.60904,0.0,-0.089408,0.0
283.8,39.96389562,-106.2134669,2504.2368,26.70048,0.0,-0.22352,0.0
283.90000000000003,39.96389562,-106.213467,2504.2368,26.70048,0.0,-0.402336,0.0
284.0,39.96389556,-106.2134672,2504.2368,26.70048,0.0,-0.491744,0.0
284.1,39.9638956,-106.2134674,2504.2368,26.791920000000005,0.0,-0.715264,180.0
284.2,39.96389544,-106.2134675,2504.2368,26.91384,0.0,-0.89408,180.0
284.3,39.96389529,-106.2134676,2504.2368,26.91384,0.0,-1.1176,180.0
284.40000000000003,39.96389511,-106.2134677,2504.5416,27.096720000000005,0.0,-1.296416,180.0
284.5,39.96389497,-106.2134678,2504.8464,27.31008,0.0,-1.296416,180.0
284.6,39.96389476,-106.2134679,2504.8464,27.40152,0.0,-1.296416,225.0
284.7,39.96389455,-106.2134679,2504.8464,27.492960000000004,0.0,-1.296416,180.0
284.8,39.96389435,-106.213468,2505.1512,27.70632,0.0,-1.296416,180.0
284.90000000000003,39.96389403,-106.2134682,2505.1512,27.797760000000004,0.0,-1.207008,180.0
285.0,39.96389378,-106.2134682,2505.456,27.8892,0.0,-1.1176,180.0
285.1,39.96389357,-106.2134681,2505.456,28.01112,0.0,-0.983488,0.0
285.2,39.96389343,-106.213468,2505.456,28.01112,0.0,-0.89408,180.0
285.3,39.96389332,-106.2134678,2505.456,28.102560000000004,0.0,-0.804672,135.0
285.40000000000003,39.96389325,-106.2134674,2505.456,28.102560000000004,0.0,-0.804672,135.0
285.5,39.96389311,-106.2134672,2505.456,28.194000000000003,0.0,-0.804672,135.0
285.6,39.96389298,-106.2134669,2505.7608,28.28544,0.0,-0.804672,135.0
285.7,39.96389288,-106.2134667,2505.7608,28.40736,0.0,-0.89408,135.0
285.8,39.9638928,-106.2134664,2505.7608,28.498800000000003,0.0,-0.804672,135.0
285.90000000000003,39.96389271,-106.2134662,2506.0656,28.59024,0.0,-0.804672,135.0
286.0,39.96389261,-106.213466,2506.0656,28.71216,0.0,-0.804672,0.0
286.1,39.96389252,-106.2134659,2506.0656,28.71216,0.0,-0.715264,0.0
286.2,39.96389242,-106.2134661,2506.0656,28.71216,0.0,-0.581152,0.0
286.3,39.96389234,-106.2134661,2506.0656,28.803600000000003,0.0,-0.581152,0.0
286.40000000000003,39.96389223,-106.2134661,2506.0656,28.803600000000003,0.491744,-0.581152,0.0
286.5,39.96389213,-106.213466,2506.3704,28.89504,0.491744,-0.581152,0.0
286.6,39.96389212,-106.2134662,2506.3704,28.89504,0.491744,-0.581152,0.0
286.7,39.96389211,-106.2134662,2506.3704,28.98648,0.491744,-0.581152,0.0
286.8,39.96389206,-106.2134663,2506.3704,29.108400000000003,0.0,-0.491744,0.0
286.90000000000003,39.96389203,-106.2134664,2506.3704,29.108400000000003,0.491744,-0.402336,0.0
287.0,39.96389206,-106.2134666,2506.3704,29.108400000000003,0.0,-0.402336,0.0
287.1,39.96389211,-106.2134669,2506.3704,29.108400000000003,0.491744,-0.312928,0.0
287.2,39.96389216,-106.2134668,2506.3704,29.108400000000003,0.0,-0.312928,0.0
287.3,39.96389221,-106.2134668,2506.3704,29.108400000000003,0.0,-0.312928,0.0
287.40000000000003,39.9638923,-106.2134667,2506.3704,29.108400000000003,0.0,-0.312928,0.0
287.5,39.96389241,-106.2134666,2506.6752,29.19984,0.0,-0.312928,90.0
287.6,39.96389247,-106.2134664,2506.6752,29.19984,0.491744,-0.312928,90.0
287.7,39.96389252,-106.2134662,2506.6752,29.19984,0.0,-0.312928,90.0
287.8,39.96389258,-106.213466,2506.6752,29.19984,0.0,-0.312928,90.0
287.90000000000003,39.96389262,-106.2134657,2506.6752,29.19984,0.0,-0.312928,90.0
288.0,39.96389275,-106.2134656,2506.6752,29.29128,0.0,-0.402336,45.0
288.1,39.96389289,-106.2134654,2506.6752,29.29128,0.491744,-0.312928,90.0
288.2,39.96389298,-106.2134653,2506.6752,29.4132,0.0,-0.312928,45.0
288.3,39.96389304,-106.2134654,2506.6752,29.29128,0.0,-0.22352,90.0
288.40000000000003,39.96389308,-106.2134653,2506.6752,29.4132,0.491744,-0.22352,0.0
288.5,39.96389309,-106.2134652,2506.6752,29.29128,0.0,-0.22352,0.0
288.6,39.96389313,-106.2134651,2506.6752,29.4132,0.491744,-0.22352,0.0
288.7,39.96389316,-106.2134651,2506.6752,29.4132,0.0,-0.312928,0.0
288.8,39.96389311,-106.213465,2506.98,29.50464,0.0,-0.312928,0.0
288.90000000000003,39.96389311,-106.2134649,2506.98,29.50464,0.0,-0.22352,0.0
289.0,39.96389317,-106.2134648,2506.98,29.50464,0.0,-0.089408,0.0
289.1,39.96389318,-106.2134648,2506.6752,29.4132,0.0,0.0,0.0
289.2,39.96389322,-106.2134648,2506.6752,29.4132,0.0,0.0,180.0
289.3,39.9638931,-106.2134649,2506.6752,29.29128,0.0,0.0,201.80140948635184
289.40000000000003,39.96389285,-106.2134652,2506.6752,29.4132,0.491744,0.0,195.94539590092288
289.5,39.96389254,-106.2134655,2506.6752,29.4132,0.0,0.0,215.5376777919744
289.6,39.96389208,-106.2134658,2506.6752,29.4132,0.67056,0.0,217.87498365109815
289.7,39.96389166,-106.2134663,2506.6752,29.4132,0.67056,0.0,219.28940686250036
289.8,39.96389109,-106.2134669,2506.6752,29.4132,0.67056,0.0,220.2363583092738
289.90000000000003,39.96389046,-106.2134676,2506.6752,29.4132,0.67056,0.0,219.0938588862295
290.0,39.96388967,-106.2134686,2506.6752,29.4132,1.0728959999999998,0.0,215.83765295427827
290.1,39.96388888,-106.2134695,2506.6752,29.4132,1.162304,0.0,218.65980825409008
290.2,39.96388804,-106.2134704,2506.6752,29.4132,1.162304,0.0,219.28940686250036
290.3,39.96388712,-106.2134713,2506.6752,29.4132,1.162304,0.0,215.7538872544368
290.40000000000003,39.96388605,-106.2134723,2506.6752,29.29128,1.430528,0.0,213.69006752597977
290.5,39.96388491,-106.2134735,2506.6752,29.4132,1.56464,0.0,216.5288553669852
290.6,39.96388372,-106.2134746,2506.6752,29.4132,1.654048,0.0,214.59228868750995
290.7,39.96388253,-106.2134758,2506.6752,29.4132,1.654048,0.0,215.36246188706903
290.8,39.96388118,-106.213477,2506.6752,29.4132,1.78816,0.0,216.32682595212023
290.90000000000003,39.96387978,-106.2134782,2506.6752,29.4132,1.832864,0.0,216.869897645844
291.0,39.96387817,-106.2134798,2506.6752,29.4132,2.056384,0.0,218.85337434035333
291.1,39.96387664,-106.2134813,2506.6752,29.4132,2.190496,0.0,219.20720350496785
291.2,39.96387506,-106.2134829,2506.6752,29.4132,2.2352,0.0,218.33334010909863
291.3,39.96387343,-106.2134846,2506.6752,29.4132,2.2352,0.0,217.0730733173104
291.40000000000003,39.96387154,-106.2134866,2506.6752,29.4132,2.548128,0.0,218.65980825409008
291.5,39.96386968,-106.2134886,2506.6752,29.4132,2.6375360000000003,0.0,218.95590783775887
291.6,39.96386771,-106.2134906,2506.6752,29.4132,2.771648,0.089408,216.3044971225752
291.7,39.96386578,-106.2134925,2506.6752,29.4132,2.771648,0.089408,216.3044971225752
291.8,39.96386371,-106.2134946,2506.6752,29.29128,2.771648,0.089408,216.68972283247575
291.90000000000003,39.96386167,-106.2134965,2506.6752,29.29128,2.861056,0.22352,216.68972283247575
292.0,39.96385922,-106.2134989,2506.6752,29.4132,3.12928,0.089408,216.5288553669852
292.1,39.96385709,-106.213501,2506.6752,29.4132,3.12928,0.089408,215.5376777919744
292.2,39.96385464,-106.2135031,2506.6752,29.29128,3.12928,0.089408,217.8065299447045
292.3,39.96385233,-106.2135053,2506.6752,29.4132,3.218688,0.089408,216.869897645844
292.40000000000003,39.96384978,-106.2135079,2506.6752,29.29128,3.442208,0.0,216.7241071729248
292.5,39.96384726,-106.2135104,2506.6752,29.4132,3.57632,0.0,217.0106732336031
292.6,39.96384451,-106.2135134,2506.6752,29.29128,3.79984,0.0,217.0106732336031
292.7,39.96384185,-106.2135161,2506.6752,29.4132,3.844544,-0.089408,217.278174199869
292.8,39.96383895,-106.2135189,2506.98,29.50464,3.933952,-0.089408,215.3112134396332
292.90000000000003,39.96383612,-106.2135217,2506.98,29.50464,3.978656,-0.089408,216.869897645844
293.0,39.96383285,-106.2135246,2506.98,29.50464,4.202176,-0.089408,217.1168606832703
293.1,39.96382971,-106.2135276,2506.98,29.59608,4.336288,0.0,217.1168606832703
293.2,39.96382682,-106.2135305,2506.98,29.50464,4.24688,0.0,218.0887728809753
293.3,39.96382389,-106.2135336,2506.98,29.59608,4.157472,0.0,218.29016319224309
293.40000000000003,39.96382067,-106.213537,2506.98,29.50464,4.380992,0.0,218.9275435927923
293.5,39.96381752,-106.2135404,2506.98,29.50464,4.604512000000001,0.0,219.8055710922652
293.6,39.96381424,-106.2135441,2506.98,29.50464,4.649216,0.089408,219.59620863975027
293.7,39.96381107,-106.2135476,2506.98,29.50464,4.69392,0.089408,219.7376046004049
293.8,39.96380762,-106.2135514,2506.6752,29.4132,4.783328,0.089408,220.2665616694245
293.90000000000003,39.9638044,-106.2135551,2506.6752,29.4132,4.91744,0.089408,220.38364790644897
294.0,39.96380077,-106.2135592,2506.6752,29.29128,5.051552,0.089408,220.38364790644897
294.1,39.96379725,-106.2135631,2506.6752,29.4132,5.230368,0.0,220.17923392190733
294.2,39.96379348,-106.2135674,2506.6752,29.29128,5.36448,0.0,220.29214775562772
294.3,39.9637898,-106.2135716,2506.6752,29.19984,5.498592,0.0,220.7515454706387
294.40000000000003,39.9637858,-106.2135761,2506.6752,29.19984,5.677408,0.0,221.52221348020183
294.5,39.96378193,-106.2135805,2506.6752,29.19984,5.81152,0.0,221.59723022893823
294.6,39.96377777,-106.2135853,2506.3704,29.108400000000003,5.945632,0.0,220.74115387782965
294.7,39.96377356,-106.21359,2506.3704,28.98648,6.169152,0.089408,220.74115387782965
294.8,39.96376926,-106.2135948,2506.3704,29.108400000000003,6.213856,0.0,221.1465195463979
294.90000000000003,39.96376509,-106.2135995,2506.3704,28.98648,6.213856,0.0,221.22453417571015
295.0,39.96376063,-106.2136047,2506.3704,28.98648,6.347968,0.0,220.68937417517947
295.1,39.96375606,-106.2136105,2506.3704,28.98648,6.884416,0.0,220.51539399045532
295.2,39.96375169,-106.2136155,2506.3704,29.108400000000003,6.795007999999999,0.0,220.0062560141766
295.3,39.96374724,-106.2136206,2506.3704,28.98648,6.526784,-0.089408,219.5076754428725
295.40000000000003,39.96374249,-106.2136257,2506.3704,29.108400000000003,6.750304,-0.089408,220.10090754621223
295.5,39.96373789,-106.2136307,2506.3704,29.108400000000003,6.795007999999999,-0.089408,219.6106882400266
295.6,39.96373274,-106.2136358,2506.3704,29.108400000000003,6.92912,-0.089408,218.89390615271572
295.7,39.96372796,-106.2136408,2506.3704,28.98648,7.018528,-0.089408,218.89390615271572
295.8,39.96372306,-106.213646,2506.3704,28.98648,6.92912,0.0,219.0046131959245
295.90000000000003,39.96371834,-106.213651,2506.3704,28.98648,6.884416,0.0,218.54601340964663
296.0,39.96371335,-106.2136559,2506.3704,28.98648,6.8397120000000005,-0.089408,219.39072555355415
296.1,39.96370842,-106.213661,2506.3704,29.108400000000003,6.973824,-0.22352,218.93821121127132
296.2,39.96370321,-106.2136665,2506.3704,29.108400000000003,7.197344,-0.089408,218.8231988173958
296.3,39.96369819,-106.2136718,2506.3704,29.108400000000003,7.331455999999999,-0.089408,218.9275435927923
296.40000000000003,39.96369269,-106.2136777,2506.6752,29.19984,7.554975999999999,-0.312928,219.8055710922652
296.5,39.96368742,-106.2136833,2506.6752,29.19984,7.733792,-0.402336,220.3141001604973
296.6,39.96368193,-106.2136893,2506.6752,29.29128,7.778496,-0.089408,219.3824194098732
296.7,39.96367668,-106.213695,2506.6752,29.19984,7.733792,0.0,219.3824194098732
296.8,39.96367101,-106.2137012,2506.6752,29.19984,7.867904,0.0,218.8603176000761
296.90000000000003,39.96366552,-106.2137069,2506.6752,29.19984,8.04672,0.0,218.4610379170386
297.0,39.96365957,-106.2137131,2506.6752,29.19984,8.136128,0.0,217.95928341299532
297.1,39.96365355,-106.2137194,2506.6752,29.29128,8.49376,0.0,218.06864320168413
297.2,39.96364788,-106.2137252,2506.6752,29.29128,8.27024,0.0,219.0485777211206
297.3,39.96364203,-106.2137309,2506.6752,29.29128,8.091424,0.0,219.37537195855407
297.40000000000003,39.96363601,-106.2137375,2506.6752,29.19984,8.449055999999999,-0.089408,219.2683189799365
297.5,39.96363024,-106.2137438,2506.6752,29.29128,8.583167999999999,0.0,218.89196168181735
297.6,39.96362407,-106.2137505,2506.6752,29.29128,8.627872,0.0,219.35175262626476
297.7,39.96361822,-106.213757,2506.6752,29.19984,8.71728,0.0,219.8055710922652
297.8,39.96361186,-106.2137641,2506.6752,29.19984,8.9408,0.0,220.10090754621223
297.90000000000003,39.96360577,-106.2137708,2506.6752,29.19984,9.074912,0.0,220.10090754621223
298.0,39.96359904,-106.2137782,2506.6752,29.19984,9.343136,0.0,220.10090754621223
298.1,39.96359301,-106.213785,2506.6752,29.19984,9.298432,0.0,220.10090754621223
298.2,39.96358671,-106.2137919,2506.3704,29.108400000000003,8.985504,0.22352,219.4327996473548
298.3,39.96358071,-106.2137984,2506.3704,29.108400000000003,8.896096,0.22352,219.4327996473548
298.40000000000003,39.9635744,-106.2138053,2506.3704,29.108400000000003,8.896096,0.089408,219.73230287195577
298.5,39.96356889,-106.2138112,2506.3704,29.108400000000003,8.538464000000001,0.0,219.18990057228072
298.6,39.96356253,-106.213818,2506.3704,29.108400000000003,8.538464000000001,-0.22352,218.83515821776453
298.7,39.96355641,-106.2138244,2506.6752,29.19984,8.9408,-0.22352,218.17313766152628
298.8,39.96354972,-106.2138312,2506.6752,29.19984,9.074912,-0.089408,218.17313766152628
298.90000000000003,39.96354337,-106.2138376,2506.6752,29.19984,9.16432,0.0,218.17313766152628
299.0,39.96353624,-106.2138447,2506.6752,29.19984,9.432544,0.0,217.72499504211075
299.1,39.96352991,-106.2138511,2506.6752,29.19984,9.432544,0.0,217.6214641573262
299.2,39.96352331,-106.2138576,2506.6752,29.19984,9.030208,0.0,217.6942404666892
299.3,39.9635171,-106.2138637,2506.6752,29.19984,8.896096,0.0,216.988768387144
299.40000000000003,39.96351079,-106.2138699,2506.6752,29.4132,8.71728,-0.089408,216.38435181583588
299.5,39.96350478,-106.2138757,2506.6752,29.4132,8.538464000000001,-0.089408,216.38435181583588
299.6,39.96349871,-106.2138814,2506.6752,29.4132,8.314944,0.0,216.2538377374448
299.7,39.96349298,-106.2138867,2506.6752,29.4132,8.091424,0.0,215.50152903998017
299.8,39.96348717,-106.2138921,2506.6752,29.4132,7.867904,0.0,215.50152903998017
299.90000000000003,39.9634813,-106.2138975,2506.6752,29.4132,7.957312,0.0,215.354155743388
300.0,39.96347465,-106.2139035,2506.6752,29.4132,8.49376,0.0,214.83583036415487
300.1,39.96346899,-106.2139086,2506.6752,29.4132,8.314944,0.0,215.3878852456341
300.2,39.96346249,-106.2139147,2506.6752,29.4132,8.314944,0.0,215.76444090683407
300.3,39.96345674,-106.2139201,2506.6752,29.4132,8.404352,0.0,215.76444090683407
300.40000000000003,39.96345083,-106.2139256,2506.6752,29.4132,8.002016,-0.089408,215.2333206042273
300.5,39.96344522,-106.2139309,2506.98,29.50464,7.867904,-0.089408,215.2333206042273
300.6,39.96343935,-106.2139363,2506.6752,29.4132,7.867904,0.0,215.2333206042273
300.7,39.96343397,-106.2139416,2506.6752,29.4132,7.733792,0.0,215.2333206042273
300.8,39.96342792,-106.2139471,2506.6752,29.29128,7.867904,0.0,215.2333206042273
300.90000000000003,39.96342222,-106.2139524,2506.6752,29.29128,7.957312,0.0,215.6144817399569
301.0,39.96341656,-106.2139576,2506.6752,29.29128,7.733792,0.0,216.14799590061057
301.1,39.96341129,-106.2139625,2506.6752,29.29128,7.465567999999999,0.0,216.14799590061057
301.2,39.96340536,-106.2139681,2506.6752,29.29128,7.644384,0.0,216.6743496695732
301.3,39.96339974,-106.2139735,2506.6752,29.29128,7.957312,0.0,216.6743496695732
301.40000000000003,39.96339384,-106.2139793,2506.6752,29.29128,7.957312,0.0,217.19359917076423
301.5,39.96338795,-106.2139852,2506.6752,29.29128,8.27024,0.0,218.3569258974188
301.6,39.96338232,-106.2139911,2506.6752,29.19984,8.136128,0.089408,218.3569258974188
301.7,39.96337698,-106.2139967,2506.6752,29.19984,7.8232,0.0,219.26662524162813
301.8,39.96337135,-106.2140028,2506.6752,29.19984,7.912608,0.0,219.7644103382016
301.90000000000003,39.96336618,-106.2140088,2506.3704,29.108400000000003,7.912608,0.0,220.8818102960112
302.0,39.96336026,-106.2140155,2506.3704,29.108400000000003,8.180832,0.0,221.60698893091123
302.1,39.96335488,-106.2140217,2506.3704,29.108400000000003,8.314944,0.0,222.08156527921844
302.2,39.96334943,-106.2140281,2506.3704,29.108400000000003,8.04672,0.0,222.54914736222895
302.3,39.96334397,-106.2140346,2506.3704,29.108400000000003,8.225536,-0.089408,223.00982775024508
302.40000000000003,39.9633379,-106.214042,2506.3704,29.108400000000003,8.761984,-0.22352,224.1319485502545
302.5,39.96333248,-106.2140487,2506.3704,29.108400000000003,8.761984,-0.312928,224.1319485502545
302.6,39.96332692,-106.2140557,2506.3704,29.108400000000003,8.449055999999999,-0.22352,224.1319485502545
302.7,39.96332165,-106.2140624,2506.3704,29.108400000000003,8.404352,0.0,224.1319485502545
302.8,39.96331662,-106.2140688,2506.3704,28.98648,8.002016,0.0,224.1319485502545
302.90000000000003,39.96331142,-106.2140753,2506.3704,28.98648,7.867904,-0.089408,223.49820747764065
303.0,39.96330571,-106.2140823,2506.3704,28.98648,8.359648,0.0,223.0548532385857
303.1,39.96330023,-106.214089,2506.3704,28.98648,8.538464000000001,0.0,222.6408338674184
303.2,39.96329423,-106.214096,2506.3704,28.98648,8.627872,0.0,222.23321159883048
303.3,39.96328866,-106.2141025,2506.3704,28.98648,8.627872,0.0,222.23321159883048
303.40000000000003,39.96328278,-106.2141092,2506.3704,28.98648,8.538464000000001,-0.089408,221.5577847141026
303.5,39.96327718,-106.2141157,2506.3704,28.98648,8.538464000000001,-0.089408,221.15754687208516
303.6,39.96327156,-106.2141217,2506.3704,28.98648,8.225536,-0.22352,221.5577847141026
303.7,39.96326611,-106.2141279,2506.3704,29.108400000000003,8.091424,-0.22352,221.0995062576181
303.8,39.96326032,-106.2141345,2506.3704,29.108400000000003,8.314944,-0.22352,221.0995062576181
303.90000000000003,39.9632548,-106.2141408,2506.3704,29.108400000000003,8.359648,-0.22352,221.50536107274667
304.0,39.96324888,-106.2141475,2506.3704,29.108400000000003,8.449055999999999,0.0,221.0396881695416
304.1,39.96324276,-106.2141544,2506.3704,29.108400000000003,8.851392,0.0,220.56733153131012
304.2,39.96323738,-106.2141604,2506.3704,29.108400000000003,8.449055999999999,-0.089408,220.56733153131012
304.3,39.963232,-106.2141664,2506.3704,29.108400000000003,7.867904,-0.22352,220.56733153131012
304.40000000000003,39.96322634,-106.2141726,2506.3704,29.108400000000003,8.04672,-0.089408,219.356681719466
304.5,39.9632213,-106.2141783,2506.3704,29.108400000000003,7.8232,-0.089408,219.356681719466
304.6,39.96321553,-106.2141844,2506.6752,29.19984,7.8232,-0.312928,218.95590783775887
304.7,39.96321002,-106.2141902,2506.3704,29.108400000000003,8.04672,-0.22352,218.95590783775887
304.8,39.96320417,-106.2141962,2506.3704,29.108400000000003,8.04672,-0.089408,218.4610379170386
304.90000000000003,39.96319843,-106.2142019,2506.6752,29.19984,8.180832,-0.089408,218.4610379170386
305.0,39.96319222,-106.2142083,2506.3704,29.108400000000003,8.404352,-0.089408,218.95590783775887
305.1,39.96318659,-106.214214,2506.3704,29.108400000000003,8.359648,0.0,218.95590783775887
305.2,39.96318097,-106.2142198,2506.3704,28.98648,7.957312,0.0,218.4610379170386
305.3,39.96317509,-106.214226,2506.3704,28.98648,8.180832,-0.089408,218.95590783775887
305.40000000000003,39.96316918,-106.2142321,2506.3704,28.98648,8.404352,-0.089408,218.56195048500155
305.5,39.96316353,-106.214238,2506.3704,28.98648,8.225536,-0.089408,218.56195048500155
305.6,39.96315755,-106.2142442,2506.3704,28.98648,8.27024,-0.089408,219.0485777211206
305.7,39.96315184,-106.2142502,2506.3704,28.98648,8.314944,-0.089408,219.76613835278357
305.8,39.96314579,-106.2142568,2506.3704,28.98648,8.449055999999999,-0.089408,219.76613835278357
305.90000000000003,39.96314006,-106.2142629,2506.3704,28.98648,8.538464000000001,-0.22352,220.2363583092738
306.0,39.96313395,-106.2142696,2506.3704,28.98648,8.538464000000001,-0.312928,220.7001371798079
306.1,39.96312817,-106.2142761,2506.3704,28.98648,8.672576,-0.089408,220.7001371798079
306.2,39.9631223,-106.2142828,2506.3704,28.98648,8.538464000000001,0.0,220.7001371798079
306.3,39.9631167,-106.214289,2506.3704,28.98648,8.449055999999999,0.0,221.15754687208516
306.40000000000003,39.96311079,-106.2142957,2506.3704,28.98648,8.449055999999999,-0.089408,220.7636052009412
306.5,39.96310513,-106.2143022,2506.3704,28.89504,8.538464000000001,-0.089408,221.4367319370938
306.6,39.96309904,-106.2143091,2506.3704,28.98648,8.672576,-0.22352,221.4367319370938
306.7,39.96309322,-106.2143156,2506.3704,28.98648,8.761984,-0.22352,221.4367319370938
306.8,39.96308713,-106.2143226,2506.3704,29.108400000000003,8.761984,-0.22352,220.8553762588957
306.90000000000003,39.96308131,-106.2143292,2506.3704,29.108400000000003,8.806688,-0.22352,221.2953725579229
307.0,39.96307518,-106.2143363,2506.3704,28.98648,8.896096,-0.089408,221.2953725579229
307.1,39.96306932,-106.2143431,2506.3704,28.98648,8.896096,0.0,221.72951207681643
307.2,39.96306298,-106.2143504,2506.3704,28.98648,9.074912,0.0,222.15786211634432
307.3,39.96305695,-106.2143574,2506.3704,28.98648,9.209024,-0.089408,222.40649355521091
307.40000000000003,39.96305077,-106.2143647,2506.3704,28.98648,9.16432,-0.22352,222.02883673804936
307.5,39.96304472,-106.2143717,2506.3704,29.108400000000003,9.119616,-0.22352,222.02883673804936
307.6,39.96303844,-106.2143791,2506.3704,29.108400000000003,9.209024,-0.22352,223.2285302599659
307.7,39.96303247,-106.2143863,2506.3704,28.98648,9.209024,-0.22352,223.63141919304687
307.8,39.96302625,-106.214394,2506.3704,28.98648,9.298432,-0.22352,223.63141919304687
307.90000000000003,39.96302036,-106.2144015,2506.3704,28.98648,9.343136,-0.22352,223.649844388534
308.0,39.96301406,-106.2144094,2506.3704,29.108400000000003,9.432544,-0.089408,224.23610153907
308.1,39.96300773,-106.2144174,2506.3704,29.108400000000003,9.745472,-0.089408,224.23610153907
308.2,39.9630017,-106.214425,2506.3704,29.108400000000003,9.566656,-0.089408,224.2461516669292
308.3,39.96299563,-106.214433,2506.3704,28.98648,9.432544,-0.089408,224.62552311327715
308.40000000000003,39.96298915,-106.2144412,2506.3704,29.108400000000003,9.790176,-0.089408,224.0729647302278
308.5,39.96298292,-106.2144491,2506.3704,29.108400000000003,9.83488,-0.089408,224.44732473505184
308.6,39.96297621,-106.2144576,2506.3704,29.108400000000003,10.013696,0.0,224.63737332603748
308.7,39.9629697,-106.2144659,2506.3704,28.98648,10.237215999999998,0.0,224.27933637748237
308.8,39.96296309,-106.2144744,2506.3704,29.108400000000003,10.192512,-0.089408,224.6419060406764
308.90000000000003,39.96295675,-106.2144825,2506.3704,29.108400000000003,10.0584,-0.22352,224.64632684075352
309.0,39.96294996,-106.2144911,2506.3704,29.108400000000003,10.192512,-0.22352,224.123986010882
309.1,39.96294313,-106.2144998,2506.6752,29.19984,10.550144,-0.22352,224.123986010882
309.2,39.96293655,-106.214508,2506.6752,29.19984,10.371328,-0.22352,224.123986010882
309.3,39.96292995,-106.2145163,2506.6752,29.19984,10.147808,-0.089408,224.123986010882
309.40000000000003,39.96292286,-106.2145251,2506.6752,29.19984,10.550144,0.0,223.42344994481627
309.5,39.96291607,-106.2145335,2506.6752,29.19984,10.594848,0.0,223.42344994481627
309.6,39.9629086,-106.2145423,2506.3704,29.108400000000003,10.773664,-0.089408,222.7233850180292
309.7,39.96290181,-106.2145504,2506.3704,29.108400000000003,10.72896,0.0,222.7233850180292
309.8,39.96289489,-106.2145586,2506.6752,29.19984,10.326624,-0.089408,222.7233850180292
309.90000000000003,39.9628883,-106.2145665,2506.6752,29.19984,10.147808,-0.089408,222.7233850180292
310.0,39.96288175,-106.2145743,2506.3704,29.108400000000003,9.879584,0.0,222.7508685549752
310.1,39.96287469,-106.2145827,2506.3704,29.108400000000003,10.237215999999998,0.0,222.7508685549752
310.2,39.96286791,-106.2145908,2506.3704,29.108400000000003,10.416032,0.0,222.7508685549752
310.3,39.96286107,-106.2145989,2506.3704,29.108400000000003,10.28192,-0.089408,223.1080345816405
310.40000000000003,39.96285356,-106.2146084,2506.3704,28.98648,10.95248,0.0,223.1080345816405
310.5,39.96284668,-106.2146169,2506.3704,28.98648,11.086592,-0.089408,223.4424924676336
310.6,39.96283953,-106.2146256,2506.3704,29.108400000000003,10.72896,-0.089408,223.4424924676336
310.7,39.96283272,-106.2146339,2506.3704,28.98648,10.594848,-0.089408,222.7508685549752
310.8,39.96282561,-106.2146425,2506.3704,28.98648,10.550144,-0.089408,222.7508685549752
310.90000000000003,39.9628189,-106.2146508,2506.3704,29.108400000000003,10.550144,-0.22352,222.7508685549752
311.0,39.96281198,-106.2146591,2506.3704,29.108400000000003,10.371328,-0.22352,222.7508685549752
311.1,39.96280502,-106.2146675,2506.3704,28.98648,10.50544,-0.22352,222.7508685549752
311.2,39.96279809,-106.2146757,2506.3704,29.108400000000003,10.460736,-0.22352,221.89664067825663
311.3,39.96279082,-106.2146843,2506.3704,29.108400000000003,10.639552,-0.089408,221.89664067825663
311.40000000000003,39.96278402,-106.2146921,2506.3704,29.108400000000003,10.460736,-0.089408,221.89664067825663
311.5,39.9627772,-106.2146998,2506.3704,29.108400000000003,10.0584,-0.089408,221.34777721969365
311.6,39.96276996,-106.2147081,2506.3704,29.108400000000003,10.371328,0.0,221.34777721969365
311.7,39.96276315,-106.2147156,2506.3704,28.98648,10.28192,-0.089408,221.34777721969365
311.8,39.96275605,-106.2147237,2506.3704,29.108400000000003,10.192512,-0.22352,221.8396383739543
311.90000000000003,39.9627493,-106.2147314,2506.3704,28.98648,10.237215999999998,-0.22352,221.80046029043743
312.0,39.96274156,-106.2147405,2506.3704,29.108400000000003,10.773664,-0.22352,222.13759477388825
312.1,39.96273443,-106.214749,2506.3704,29.108400000000003,11.176,-0.089408,221.76029970389783
312.2,39.96272787,-106.2147567,2506.3704,29.108400000000003,10.28192,-0.089408,221.76029970389783
312.3,39.96272133,-106.2147643,2506.3704,28.98648,9.790176,-0.089408,221.76029970389783
312.40000000000003,39.96271445,-106.2147722,2506.3704,29.108400000000003,10.013696,-0.22352,221.7191192273906
312.5,39.96270786,-106.2147798,2506.3704,29.108400000000003,10.013696,-0.22352,220.7973204962806
312.6,39.96270068,-106.214788,2506.3704,29.108400000000003,10.192512,-0.22352,220.7973204962806
312.7,39.96269392,-106.2147956,2506.3704,28.98648,10.28192,-0.089408,220.7973204962806
312.8,39.96268689,-106.2148034,2506.3704,28.98648,10.103104,-0.089408,220.4041123081352
312.90000000000003,39.96268025,-106.2148108,2506.3704,28.98648,9.968992,-0.089408,220.4041123081352
313.0,39.96267375,-106.2148179,2506.3704,29.108400000000003,9.566656,-0.089408,220.74311559178489
313.1,39.96266706,-106.2148255,2506.3704,29.108400000000003,9.656064,-0.089408,221.2604966370689
313.2,39.96266063,-106.2148327,2506.3704,29.108400000000003,9.61136,-0.089408,221.2604966370689
313.3,39.96265419,-106.2148399,2506.3704,29.108400000000003,9.432544,-0.089408,220.86081074427375
313.40000000000003,39.96264728,-106.2148476,2506.3704,29.108400000000003,9.745472,-0.089408,220.74311559178489
313.5,39.96264077,-106.2148548,2506.3704,29.108400000000003,9.790176,-0.089408,220.74311559178489
313.6,39.96263388,-106.2148626,2506.6752,29.19984,9.83488,-0.089408,220.74311559178489
313.7,39.9626273,-106.2148699,2506.6752,29.19984,9.879584,-0.089408,220.3444925719864
313.8,39.96261987,-106.2148782,2506.6752,29.29128,10.28192,-0.089408,220.3444925719864
313.90000000000003,39.9626132,-106.2148857,2506.6752,29.29128,10.326624,-0.089408,220.74311559178489
314.0,39.96260645,-106.2148933,2506.6752,29.4132,9.83488,-0.089408,220.86081074427375
314.1,39.96259973,-106.2149008,2506.6752,29.4132,9.879584,-0.089408,220.86081074427375
314.2,39.96259335,-106.214908,2506.6752,29.4132,9.61136,-0.089408,220.86081074427375
314.3,39.962587,-106.2149152,2506.6752,29.4132,9.343136,0.0,221.21111012211531
314.40000000000003,39.96258061,-106.2149225,2506.6752,29.4132,9.38784,0.0,221.21111012211531
314.5,39.96257422,-106.2149297,2506.6752,29.4132,9.38784,0.0,221.21111012211531
314.6,39.96256752,-106.2149373,2506.6752,29.29128,9.656064,0.0,220.86081074427375
314.7,39.96256116,-106.2149446,2506.6752,29.29128,9.656064,0.0,220.45624234853284
314.8,39.96255434,-106.2149521,2506.6752,29.29128,9.700768,0.0,220.45624234853284
314.90000000000003,39.96254783,-106.2149593,2506.6752,29.29128,9.700768,0.0,219.94110195601155
315.0,39.96254102,-106.2149668,2506.6752,29.29128,9.700768,0.0,219.94110195601155
315.1,39.96253446,-106.2149739,2506.6752,29.29128,9.700768,0.0,219.94110195601155
315.2,39.96252757,-106.2149814,2506.6752,29.29128,9.745472,0.0,220.86081074427375
315.3,39.96252099,-106.2149885,2506.6752,29.4132,9.745472,0.0,220.3444925719864
315.40000000000003,39.9625141,-106.2149961,2506.6752,29.29128,9.790176,0.0,220.3444925719864
315.5,39.96250745,-106.2150034,2506.6752,29.4132,9.83488,0.0,220.3444925719864
315.6,39.96250052,-106.2150111,2506.6752,29.4132,9.879584,0.0,220.3444925719864
315.7,39.96249393,-106.2150184,2506.6752,29.4132,9.83488,-0.089408,220.74311559178489
315.8,39.96248707,-106.215026,2506.6752,29.4132,9.83488,0.0,220.3444925719864
315.90000000000003,39.96248052,-106.2150334,2506.98,29.50464,9.83488,-0.089408,220.74311559178489
316.0,39.96247362,-106.2150412,2506.98,29.50464,9.879584,0.0,220.74311559178489
316.1,39.96246669,-106.2150489,2506.98,29.50464,10.147808,0.0,220.74311559178489
316.2,39.96246013,-106.2150562,2506.6752,29.4132,9.879584,0.0,220.74311559178489
316.3,39.96245355,-106.2150636,2506.6752,29.4132,9.61136,0.0,220.74311559178489
316.40000000000003,39.96244634,-106.2150717,2506.6752,29.4132,10.103104,0.0,220.3444925719864
316.5,39.96243967,-106.2150791,2506.6752,29.29128,10.147808,0.089408,220.3444925719864
316.6,39.9624329,-106.2150866,2506.6752,29.29128,9.83488,0.0,220.86081074427375
316.7,39.96242647,-106.2150937,2506.6752,29.4132,9.61136,0.0,220.86081074427375
316.8,39.96242007,-106.2151008,2506.6752,29.29128,9.343136,0.0,220.3444925719864
316.90000000000003,39.96241361,-106.215108,2506.6752,29.29128,9.38784,0.0,220.3444925719864
317.0,39.9624067,-106.2151156,2506.6752,29.29128,9.745472,0.0,220.3444925719864
317.1,39.96240009,-106.2151228,2506.6752,29.29128,9.790176,0.0,220.0062560141766
317.2,39.96239316,-106.2151304,2506.6752,29.19984,9.83488,0.0,220.0062560141766
317.3,39.96238656,-106.2151376,2506.6752,29.29128,9.83488,0.0,220.0062560141766
317.40000000000003,39.96237955,-106.2151454,2506.6752,29.29128,9.879584,0.0,220.4041123081352
317.5,39.96237288,-106.2151527,2506.6752,29.29128,9.924288,0.0,220.4041123081352
317.6,39.96236588,-106.2151604,2506.6752,29.4132,9.924288,0.0,220.4041123081352
317.7,39.96235909,-106.2151678,2506.6752,29.4132,10.013696,0.0,220.4041123081352
317.8,39.96235209,-106.2151755,2506.6752,29.29128,10.013696,0.0,220.4041123081352
317.90000000000003,39.96234544,-106.2151829,2506.6752,29.29128,9.968992,0.0,220.4041123081352
318.0,39.96233847,-106.2151906,2506.6752,29.4132,9.924288,0.0,220.4041123081352
318.1,39.96233153,-106.2151984,2506.6752,29.4132,10.147808,0.0,220.4041123081352
318.2,39.96232497,-106.2152056,2506.6752,29.4132,9.879584,0.0,220.0062560141766
318.3,39.9623184,-106.2152129,2506.6752,29.4132,9.566656,0.0,220.0062560141766
318.40000000000003,39.96231146,-106.2152205,2506.6752,29.29128,9.83488,0.0,220.0062560141766
318.5,39.96230496,-106.2152277,2506.6752,29.29128,9.745472,0.0,219.60370776010092
318.6,39.96229804,-106.2152351,2506.6752,29.29128,9.700768,0.0,219.60370776010092
318.7,39.96229145,-106.2152423,2506.6752,29.29128,9.745472,0.0,219.94110195601155
318.8,39.96228436,-106.2152499,2506.6752,29.29128,9.879584,0.0,219.94110195601155
318.90000000000003,39.96227742,-106.2152572,2506.6752,29.4132,10.0584,0.089408,219.5328984119112
319.0,39.96227052,-106.2152647,2506.6752,29.29128,9.924288,0.089408,219.5328984119112
319.1,39.96226392,-106.2152717,2506.6752,29.29128,9.745472,0.0,219.1964245041519
319.2,39.96225704,-106.2152791,2506.6752,29.4132,9.700768,0.0,219.5328984119112
319.3,39.96225051,-106.2152861,2506.6752,29.4132,9.656064,0.0,219.5328984119112
319.40000000000003,39.96224422,-106.2152928,2506.6752,29.4132,9.209024,0.0,219.94110195601155
319.5,39.96223784,-106.2152997,2506.6752,29.4132,9.119616,0.0,219.94110195601155
319.6,39.96223102,-106.2153071,2506.6752,29.4132,9.521952,0.0,220.3444925719864
319.7,39.96222453,-106.2153143,2506.6752,29.4132,9.656064,0.0,220.74311559178489
319.8,39.9622177,-106.2153221,2506.6752,29.4132,9.790176,0.0,220.4041123081352
319.90000000000003,39.9622111,-106.2153295,2506.6752,29.4132,9.879584,0.0,220.7973204962806
320.0,39.96220393,-106.2153376,2506.6752,29.4132,10.103104,0.0,220.7973204962806
320.1,39.96219712,-106.2153452,2506.6752,29.4132,10.28192,0.0,220.7973204962806
320.2,39.96218968,-106.2153535,2506.6752,29.4132,10.416032,0.0,220.46222749209332
320.3,39.96218298,-106.215361,2506.6752,29.4132,10.371328,0.0,220.46222749209332
320.40000000000003,39.96217598,-106.2153689,2506.98,29.50464,10.0584,0.0,220.7973204962806
320.5,39.96216931,-106.2153764,2506.98,29.50464,10.0584,0.0,220.46222749209332
320.6,39.96216243,-106.2153843,2506.6752,29.4132,9.968992,0.0,220.46222749209332
320.7,39.96215575,-106.2153917,2506.6752,29.4132,9.968992,0.0,220.46222749209332
320.8,39.96214873,-106.2153995,2506.6752,29.4132,10.013696,0.0,220.46222749209332
320.90000000000003,39.96214206,-106.2154069,2506.6752,29.4132,9.968992,0.0,220.46222749209332
321.0,39.96213506,-106.2154147,2506.6752,29.29128,9.968992,0.0,220.46222749209332
321.1,39.96212819,-106.2154223,2506.6752,29.29128,10.103104,0.0,220.46222749209332
321.2,39.9621217,-106.2154295,2506.6752,29.29128,9.745472,0.0,221.37851529588264
321.3,39.96211522,-106.2154368,2506.6752,29.29128,9.521952,0.0,221.37851529588264
321.40000000000003,39.9621083,-106.2154448,2506.6752,29.19984,9.924288,0.0,221.76029970389783
321.5,39.96210195,-106.2154522,2506.6752,29.19984,9.83488,0.0,221.76029970389783
321.6,39.96209484,-106.2154604,2506.6752,29.19984,10.013696,0.0,221.42366562500263
321.7,39.96208808,-106.2154682,2506.6752,29.19984,10.326624,0.0,221.42366562500263
321.8,39.96208119,-106.2154762,2506.6752,29.19984,10.147808,0.0,221.37851529588264
321.90000000000003,39.96207455,-106.2154842,2506.6752,29.19984,10.147808,-0.089408,220.7973204962806
322.0,39.96206776,-106.2154918,2506.6752,29.19984,9.968992,0.0,220.7973204962806
322.1,39.96206129,-106.2154989,2506.6752,29.19984,9.700768,0.0,220.4041123081352
322.2,39.96205421,-106.2155068,2506.6752,29.19984,9.879584,0.0,220.4041123081352
322.3,39.96204712,-106.2155145,2506.6752,29.29128,10.28192,0.0,220.4041123081352
322.40000000000003,39.96204,-106.2155224,2506.6752,29.29128,10.326624,0.0,220.0062560141766
322.5,39.96203325,-106.2155298,2506.6752,29.29128,10.103104,0.0,219.60370776010092
322.6,39.96202625,-106.2155374,2506.6752,29.29128,9.968992,0.0,219.60370776010092
322.7,39.96201961,-106.2155445,2506.6752,29.29128,9.83488,0.0,219.94110195601155
322.8,39.96201277,-106.2155519,2506.6752,29.4132,9.700768,0.0,219.5328984119112
322.90000000000003,39.96200625,-106.215559,2506.6752,29.4132,9.656064,0.0,219.5328984119112
323.0,39.96199947,-106.2155663,2506.6752,29.4132,9.61136,0.089408,219.5328984119112
323.1,39.96199267,-106.2155736,2506.6752,29.4132,9.790176,0.089408,219.5328984119112
323.2,39.96198636,-106.2155802,2506.6752,29.4132,9.38784,0.0,219.5328984119112
323.3,39.96197985,-106.2155871,2506.98,29.50464,9.16432,0.0,219.1964245041519
323.40000000000003,39.96197311,-106.2155942,2506.98,29.59608,9.477248,0.0,219.1964245041519
323.5,39.96196667,-106.2156011,2506.98,29.59608,9.432544,0.0,218.86472790792752
323.6,39.96196004,-106.215608,2506.98,29.59608,9.343136,0.0,219.27104871525512
323.7,39.96195342,-106.2156151,2506.98,29.59608,9.477248,0.0,219.6727115518133
323.8,39.96194632,-106.2156227,2506.98,29.59608,9.879584,0.0,219.34378436548403
323.90000000000003,39.96193954,-106.21563,2506.98,29.59608,10.013696,0.089408,219.34378436548403
324.0,39.96193224,-106.2156382,2506.98,29.50464,10.237215999999998,0.089408,219.73997778432903
324.1,39.9619255,-106.2156456,2506.98,29.50464,10.237215999999998,0.089408,220.06975725233696
324.2,39.96191824,-106.2156536,2506.98,29.50464,10.147808,0.089408,219.6727115518133
324.3,39.96191138,-106.2156612,2506.98,29.59608,10.237215999999998,0.0,220.0062560141766
324.40000000000003,39.96190437,-106.2156689,2506.98,29.687520000000003,10.103104,0.0,220.0062560141766
324.5,39.9618974,-106.2156766,2506.98,29.687520000000003,10.192512,0.0,220.0062560141766
324.6,39.96189069,-106.215684,2506.98,29.687520000000003,9.968992,0.089408,220.0062560141766
324.7,39.9618843,-106.215691,2506.98,29.687520000000003,9.521952,0.089408,220.0062560141766
324.8,39.96187743,-106.2156986,2506.98,29.687520000000003,9.656064,0.089408,220.0062560141766
324.90000000000003,39.96187137,-106.2157052,2506.98,29.687520000000003,9.38784,0.22352,220.0062560141766
325.0,39.96186449,-106.2157128,2506.98,29.687520000000003,9.38784,0.22352,219.60370776010092
325.1,39.96185759,-106.2157203,2506.98,29.59608,10.013696,0.22352,219.60370776010092
325.2,39.96185097,-106.2157275,2506.98,29.59608,9.790176,0.22352,220.0062560141766
325.3,39.96184418,-106.2157347,2506.98,29.59608,9.656064,0.089408,220.0062560141766
325.40000000000003,39.96183704,-106.2157425,2506.98,29.59608,10.0584,0.089408,220.0062560141766
325.5,39.96183027,-106.21575,2506.98,29.687520000000003,10.103104,0.089408,220.0062560141766
325.6,39.96182344,-106.2157575,2506.98,29.687520000000003,9.879584,0.089408,220.0062560141766
325.7,39.96181694,-106.2157647,2506.98,29.687520000000003,9.745472,0.089408,220.0062560141766
325.8,39.96181004,-106.2157724,2506.98,29.687520000000003,9.790176,0.22352,220.0062560141766
325.90000000000003,39.96180346,-106.2157796,2506.98,29.59608,9.83488,0.22352,220.0062560141766
326.0,39.96179655,-106.2157873,2506.98,29.687520000000003,9.83488,0.089408,220.0062560141766
326.1,39.96178994,-106.2157946,2506.98,29.687520000000003,9.83488,0.22352,219.6727115518133
326.2,39.96178288,-106.2158021,2506.98,29.687520000000003,9.879584,0.089408,220.06975725233696
326.3,39.96177616,-106.2158094,2506.98,29.687520000000003,9.924288,0.0,220.06975725233696
326.40000000000003,39.9617691,-106.2158172,2506.98,29.687520000000003,10.013696,0.089408,219.73997778432903
326.5,39.96176239,-106.2158246,2506.98,29.687520000000003,10.013696,0.089408,219.73997778432903
326.6,39.96175508,-106.2158325,2506.98,29.687520000000003,10.192512,0.089408,220.06975725233696
326.7,39.96174828,-106.2158399,2506.98,29.687520000000003,10.237215999999998,0.089408,220.06975725233696
326.8,39.96174107,-106.2158478,2506.98,29.59608,10.147808,0.22352,219.6727115518133
326.90000000000003,39.96173424,-106.2158553,2506.98,29.59608,10.192512,0.22352,219.6727115518133
327.0,39.96172739,-106.2158628,2506.98,29.59608,9.924288,0.22352,220.0062560141766
327.1,39.9617205,-106.2158703,2506.98,29.59608,9.968992,0.089408,219.6727115518133
327.2,39.96171392,-106.2158775,2506.98,29.59608,9.790176,0.0,220.06975725233696
327.3,39.96170734,-106.2158847,2506.98,29.59608,9.521952,0.089408,219.6727115518133
327.40000000000003,39.96170037,-106.2158921,2506.98,29.59608,9.790176,0.22352,219.6727115518133
327.5,39.96169369,-106.2158993,2506.98,29.50464,9.790176,0.312928,219.6727115518133
327.6,39.96168662,-106.215907,2506.98,29.50464,9.924288,0.312928,220.06975725233696
327.7,39.96167987,-106.2159143,2506.98,29.50464,9.968992,0.089408,219.73997778432903
327.8,39.96167271,-106.2159221,2506.98,29.50464,10.0584,0.089408,219.73997778432903
327.90000000000003,39.96166576,-106.2159296,2506.98,29.50464,10.192512,0.0,220.46222749209332
328.0,39.9616583,-106.2159378,2506.98,29.50464,10.460736,0.0,221.04244688587207
328.1,39.96165191,-106.2159449,2506.98,29.50464,10.103104,0.0,221.04244688587207
328.2,39.96164476,-106.2159529,2506.98,29.50464,9.879584,0.0,220.71084667118097
328.3,39.96163779,-106.2159608,2506.6752,29.4132,10.371328,0.0,220.22167837633523
328.40000000000003,39.96163058,-106.2159688,2506.6752,29.4132,10.371328,0.0,220.1316676253148
328.5,39.96162371,-106.2159763,2506.6752,29.29128,10.237215999999998,0.0,220.1316676253148
328.6,39.96161659,-106.2159842,2506.6752,29.4132,10.192512,0.0,220.1316676253148
328.7,39.96160988,-106.2159918,2506.6752,29.29128,10.103104,0.0,220.1316676253148
328.8,39.96160284,-106.2159997,2506.6752,29.29128,10.103104,0.0,220.46222749209332
328.90000000000003,39.9615962,-106.2160072,2506.6752,29.29128,10.0584,0.089408,220.7973204962806
329.0,39.96158927,-106.2160151,2506.6752,29.29128,10.013696,0.0,220.7973204962806
329.1,39.96158253,-106.2160228,2506.6752,29.19984,10.103104,0.0,220.7973204962806
329.2,39.96157535,-106.2160309,2506.6752,29.19984,10.237215999999998,0.0,220.7973204962806
329.3,39.96156853,-106.2160385,2506.6752,29.19984,10.237215999999998,0.0,220.7973204962806
329.40000000000003,39.9615614,-106.2160464,2506.6752,29.19984,10.192512,0.0,220.7973204962806
329.5,39.96155464,-106.216054,2506.6752,29.19984,10.147808,0.0,221.13701712849493
329.6,39.96154768,-106.2160616,2506.6752,29.19984,10.013696,0.0,220.74311559178489
329.7,39.96154114,-106.2160689,2506.6752,29.19984,9.879584,0.0,220.3444925719864
329.8,39.96153447,-106.2160763,2506.6752,29.19984,9.656064,0.0,220.74311559178489
329.90000000000003,39.9615281,-106.2160833,2506.3704,29.108400000000003,9.521952,0.0,220.74311559178489
330.0,39.96152117,-106.2160911,2506.3704,29.108400000000003,9.700768,0.0,220.74311559178489
330.1,39.96151415,-106.2160989,2506.6752,29.19984,10.192512,-0.089408,220.74311559178489
330.2,39.96150776,-106.216106,2506.6752,29.19984,9.790176,0.0,220.3444925719864
330.3,39.96150136,-106.2161131,2506.6752,29.19984,9.343136,0.0,220.3444925719864
330.40000000000003,39.96149458,-106.2161205,2506.6752,29.29128,9.566656,0.0,220.0062560141766
330.5,39.96148794,-106.2161278,2506.6752,29.19984,9.745472,0.0,220.0062560141766
330.6,39.96148088,-106.2161354,2506.6752,29.19984,9.924288,0.0,219.6727115518133
330.7,39.96147413,-106.2161427,2506.6752,29.19984,9.968992,0.0,219.6727115518133
330.8,39.96146635,-106.216151,2506.6752,29.29128,10.460736,0.0,220.06975725233696
330.90000000000003,39.96145944,-106.2161586,2506.6752,29.29128,10.594848,0.0,220.06975725233696
331.0,39.96145236,-106.2161664,2506.6752,29.29128,10.192512,0.0,220.06975725233696
331.1,39.96144565,-106.2161739,2506.6752,29.29128,10.0584,0.0,220.4041123081352
331.2,39.96143869,-106.2161817,2506.6752,29.29128,10.013696,-0.089408,220.4041123081352
331.3,39.96143224,-106.2161891,2506.6752,29.4132,9.879584,0.0,220.4041123081352
331.40000000000003,39.96142531,-106.2161969,2506.98,29.50464,9.879584,0.0,220.74311559178489
331.5,39.96141873,-106.2162043,2506.98,29.50464,9.924288,0.0,220.74311559178489
331.6,39.96141205,-106.2162119,2506.98,29.50464,9.745472,0.0,220.4041123081352
331.7,39.96140617,-106.2162188,2506.98,29.50464,9.343136,0.0,220.74311559178489
331.8,39.96139944,-106.2162265,2506.98,29.50464,9.38784,0.0,220.74311559178489
331.90000000000003,39.96139298,-106.2162339,2506.98,29.50464,9.745472,0.0,220.3444925719864
332.0,39.96138589,-106.2162419,2506.98,29.50464,9.968992,0.0,220.3444925719864
332.1,39.96137845,-106.2162505,2506.98,29.50464,10.773664,-0.22352,220.74311559178489
332.2,39.96137214,-106.2162576,2506.98,29.50464,10.147808,0.0,220.74311559178489
332.3,39.9613658,-106.2162647,2506.98,29.59608,9.253728,0.0,220.0062560141766
332.40000000000003,39.96135891,-106.2162722,2506.98,29.50464,9.656064,0.089408,220.4041123081352
332.5,39.96135254,-106.2162787,2506.6752,29.4132,9.521952,0.22352,220.4041123081352
332.6,39.96134554,-106.2162865,2506.6752,29.4132,9.566656,0.22352,220.4041123081352
332.7,39.96133886,-106.2162939,2506.6752,29.4132,9.968992,0.089408,220.7973204962806
332.8,39.96133189,-106.2163018,2506.6752,29.4132,10.013696,0.0,220.7973204962806
332.90000000000003,39.96132528,-106.2163094,2506.6752,29.4132,10.013696,-0.089408,221.13701712849493
333.0,39.96131771,-106.2163181,2506.6752,29.4132,10.50544,-0.089408,221.65534968173407
333.1,39.96131108,-106.2163258,2506.6752,29.4132,10.550144,-0.089408,222.36324157385957
333.2,39.96130444,-106.2163338,2506.6752,29.4132,9.924288,-0.089408,222.32813540672743
333.3,39.96129825,-106.2163412,2506.6752,29.29128,9.700768,0.0,222.87890360333856
333.40000000000003,39.96129206,-106.2163488,2506.6752,29.29128,9.38784,0.0,223.2285302599659
333.5,39.96128614,-106.2163559,2506.6752,29.29128,9.209024,0.0,222.7896810756461
333.6,39.96128013,-106.2163632,2506.6752,29.29128,9.030208,0.0,222.7421960113276
333.7,39.96127453,-106.21637,2506.6752,29.29128,8.851392,0.0,222.27368900609372
333.8,39.96126936,-106.2163762,2506.6752,29.19984,8.136128,0.0,222.23321159883048
333.90000000000003,39.96126401,-106.2163825,2506.6752,29.19984,7.867904,-0.089408,221.50536107274667
334.0,39.96125823,-106.2163892,2506.6752,29.19984,8.314944,-0.089408,221.45131802609555
334.1,39.96125283,-106.2163955,2506.6752,29.19984,8.314944,0.0,221.60698893091123
334.2,39.96124731,-106.2164018,2506.6752,29.19984,8.091424,0.0,221.74277805933303
334.3,39.9612423,-106.2164075,2506.6752,29.19984,7.778496,-0.089408,221.86033985217972
334.40000000000003,39.96123717,-106.2164133,2506.6752,29.19984,7.510272,-0.089408,221.48624973939505
334.5,39.96123251,-106.2164187,2506.6752,29.19984,7.242048,-0.089408,222.04368934249635
334.6,39.96122785,-106.2164241,2506.6752,29.19984,6.92912,-0.089408,222.38424512457811
334.7,39.96122356,-106.2164294,2506.6752,29.19984,6.750304,-0.089408,222.7852448726808
334.8,39.96121989,-106.2164339,2506.6752,29.19984,6.079744,0.0,223.22119968432617
334.90000000000003,39.96121677,-106.2164378,2506.3704,29.108400000000003,5.185664,0.0,224.21517539700807
335.0,39.96121401,-106.2164414,2506.3704,29.108400000000003,4.559807999999999,0.0,224.1048262897889
335.1,39.96121237,-106.2164444,2506.3704,28.98648,3.755136,0.0,223.95837332399003
335.2,39.96121043,-106.2164471,2506.3704,28.98648,3.12928,-0.089408,225.0
335.3,39.96120877,-106.2164494,2506.3704,28.98648,2.90576,0.0,223.53119928561415
335.40000000000003,39.96120726,-106.2164514,2506.3704,28.89504,2.592832,0.0,222.35745470593528
335.5,39.96120634,-106.2164528,2506.3704,28.89504,2.01168,0.0,219.17365797044425
335.6,39.96120551,-106.2164539,2506.3704,28.89504,1.519936,0.0,216.0273733851036
335.7,39.96120493,-106.2164545,2506.3704,28.89504,1.0728959999999998,0.0,214.5085229876684
335.8,39.96120444,-106.216455,2506.3704,28.89504,0.804672,0.0,212.47119229084848
335.90000000000003,39.96120442,-106.2164552,2506.3704,28.98648,0.491744,0.0,192.52880770915152
336.0,39.96120421,-106.2164553,2506.3704,28.98648,0.0,-0.089408,195.94539590092288
336.1,39.96120407,-106.2164553,2506.3704,29.108400000000003,0.0,-0.22352,180.0
336.2,39.96120389,-106.2164553,2506.3704,29.108400000000003,0.0,-0.22352,180.0
336.3,39.9612037,-106.2164553,2506.6752,29.19984,0.491744,-0.22352,180.0
336.40000000000003,39.96120319,-106.2164556,2506.6752,29.29128,0.0,-0.22352,180.0
336.5,39.96120292,-106.2164556,2506.6752,29.29128,0.491744,-0.22352,180.0
336.6,39.96120256,-106.2164557,2506.6752,29.4132,0.0,-0.22352,180.0
336.7,39.96120219,-106.2164559,2506.6752,29.4132,0.0,-0.089408,180.0
336.8,39.96120127,-106.2164565,2506.6752,29.4132,0.67056,0.0,180.0
336.90000000000003,39.96120078,-106.2164567,2506.6752,29.4132,0.938784,0.0,180.0
337.0,39.96120027,-106.2164568,2506.6752,29.4132,0.491744,0.0,180.0
337.1,39.96119981,-106.2164569,2506.6752,29.4132,0.67056,0.0,180.0
337.2,39.96119932,-106.2164571,2506.6752,29.4132,0.67056,0.0,180.0
337.3,39.96119892,-106.2164572,2506.98,29.50464,0.491744,0.0,180.0
337.40000000000003,39.96119851,-106.2164571,2506.98,29.50464,0.491744,0.0,180.0
337.5,39.96119817,-106.216457,2506.98,29.50464,0.0,0.0,180.0
337.6,39.96119782,-106.2164567,2506.98,29.50464,0.491744,0.0,180.0
337.7,39.9611976,-106.2164566,2506.98,29.50464,0.0,0.0,180.0
337.8,39.96119753,-106.2164565,2506.98,29.50464,0.0,0.0,180.0
337.90000000000003,39.96119752,-106.2164564,2506.98,29.50464,0.0,0.0,0.0
338.0,39.96119748,-106.2164563,2506.98,29.50464,0.0,0.0,0.0
338.1,39.96119757,-106.2164561,2506.98,29.50464,0.0,0.0,0.0
338.2,39.96119758,-106.2164561,2506.98,29.50464,0.0,0.0,0.0
338.3,39.96119759,-106.216456,2506.98,29.59608,0.0,0.0,0.0
338.40000000000003,39.96119757,-106.2164559,2506.98,29.59608,0.0,0.0,0.0
338.5,39.96119771,-106.2164557,2506.98,29.50464,0.0,0.0,0.0
338.6,39.96119778,-106.2164557,2506.98,29.50464,0.491744,0.0,0.0
338.7,39.96119786,-106.2164557,2506.98,29.50464,0.0,0.0,0.0
338.8,39.96119793,-106.2164557,2506.98,29.50464,0.0,0.0,0.0
338.90000000000003,39.96119804,-106.2164555,2506.6752,29.4132,0.0,0.089408,0.0
339.0,39.96119811,-106.2164555,2506.6752,29.4132,0.0,0.089408,0.0
339.1,39.96119818,-106.2164555,2506.6752,29.29128,0.0,0.089408,0.0
339.2,39.96119827,-106.2164555,2506.6752,29.29128,0.0,0.089408,0.0
339.3,39.96119836,-106.2164552,2506.6752,29.29128,0.0,0.089408,0.0
339.40000000000003,39.96119832,-106.2164552,2506.6752,29.29128,0.0,0.089408,180.0
339.5,39.96119825,-106.2164551,2506.6752,29.29128,0.0,0.0,180.0
339.6,39.96119823,-106.216455,2506.6752,29.29128,0.491744,0.0,180.0
339.7,39.96119821,-106.216455,2506.6752,29.4132,0.0,0.0,180.0
339.8,39.96119817,-106.2164547,2506.6752,29.4132,0.0,0.0,0.0
339.90000000000003,39.96119819,-106.2164547,2506.6752,29.4132,0.0,-0.089408,0.0
340.0,39.96119829,-106.2164547,2506.98,29.50464,0.0,-0.089408,0.0
340.1,39.96119841,-106.2164548,2506.98,29.50464,0.0,0.0,0.0
340.2,39.96119857,-106.2164548,2506.98,29.50464,0.0,0.0,0.0
340.3,39.9611987,-106.2164548,2506.98,29.50464,0.491744,0.0,0.0
340.40000000000003,39.96119887,-106.2164549,2506.98,29.59608,0.0,0.0,0.0
340.5,39.96119905,-106.2164549,2506.98,29.59608,0.0,0.0,0.0
340.6,39.96119943,-106.2164549,2506.98,29.59608,0.0,0.0,0.0
340.7,39.96119967,-106.216455,2506.98,29.687520000000003,0.491744,0.0,0.0
340.8,39.96119986,-106.2164551,2506.98,29.59608,0.0,0.0,0.0
340.90000000000003,39.96120002,-106.2164551,2506.98,29.59608,0.0,0.0,0.0
341.0,39.96120013,-106.2164551,2506.98,29.59608,0.0,0.0,315.0
341.1,39.96120029,-106.2164552,2506.98,29.59608,0.0,0.089408,315.0
341.2,39.96120044,-106.2164553,2506.98,29.50464,0.0,0.0,0.0
341.3,39.96120058,-106.2164554,2506.98,29.50464,0.0,0.0,0.0
341.40000000000003,39.96120071,-106.2164554,2506.98,29.50464,0.0,0.0,0.0
341.5,39.96120073,-106.2164552,2506.98,29.50464,0.0,0.089408,0.0
341.6,39.96120089,-106.2164551,2506.98,29.50464,0.0,0.089408,0.0
341.7,39.96120103,-106.216455,2506.98,29.50464,0.0,0.089408,0.0
341.8,39.96120116,-106.2164551,2506.98,29.50464,0.0,0.089408,0.0
341.90000000000003,39.96120141,-106.2164551,2506.98,29.50464,0.0,0.0,0.0
342.0,39.96120152,-106.2164551,2506.98,29.50464,0.0,0.0,0.0
342.1,39.96120169,-106.2164551,2506.98,29.50464,0.0,0.0,0.0
342.2,39.96120198,-106.2164551,2506.98,29.59608,0.0,0.089408,0.0
342.3,39.96120236,-106.2164551,2506.98,29.59608,0.491744,0.22352,344.05460409907715
342.40000000000003,39.96120279,-106.2164553,2506.98,29.50464,0.0,0.312928,347.4711922908485
342.5,39.96120323,-106.2164555,2506.98,29.50464,0.67056,0.402336,330.94539590092285
342.6,39.96120375,-106.2164558,2506.6752,29.4132,0.491744,0.491744,335.55604521958344
342.7,39.96120436,-106.216456,2506.6752,29.4132,0.67056,0.581152,335.55604521958344
342.8,39.96120488,-106.2164562,2506.6752,29.29128,0.67056,0.715264,347.4711922908485
342.90000000000003,39.96120542,-106.2164564,2506.6752,29.19984,0.67056,0.804672,0.0
343.0,39.961206,-106.2164564,2506.6752,29.19984,0.67056,0.89408,0.0
343.1,39.96120654,-106.2164564,2506.3704,29.108400000000003,0.67056,0.983488,0.0
343.2,39.96120708,-106.2164562,2506.3704,28.98648,0.67056,1.1176,0.0
343.3,39.96120756,-106.2164561,2506.3704,28.89504,0.67056,1.207008,12.528807709151522
343.40000000000003,39.96120814,-106.216456,2506.0656,28.71216,0.67056,1.296416,35.537677791974374
343.5,39.96120866,-106.2164558,2505.7608,28.498800000000003,0.67056,1.385824,35.537677791974374
343.6,39.96120887,-106.2164551,2505.7608,28.40736,0.804672,1.609344,35.537677791974374
343.7,39.96120919,-106.2164547,2505.456,28.194000000000003,0.67056,1.609344,45.0
343.8,39.96120961,-106.2164543,2505.456,28.01112,0.67056,1.78816,54.462322208025626
343.90000000000003,39.96120999,-106.216454,2505.1512,27.797760000000004,0.67056,1.922272,54.462322208025626
344.0,39.96121016,-106.2164537,2505.1512,27.61488,0.67056,2.01168,45.0
344.1,39.96121037,-106.2164534,2504.8464,27.31008,0.0,2.101088,45.0
344.2,39.96121065,-106.2164532,2504.5416,27.096720000000005,0.491744,2.101088,90.0
344.3,39.96121086,-106.2164531,2504.2368,26.91384,0.0,2.101088,0.0
344.40000000000003,39.96121099,-106.2164531,2504.2368,26.70048,0.0,2.01168,0.0
344.5,39.96121108,-106.2164533,2503.932,26.487120000000004,0.0,2.01168,270.0
344.6,39.96121113,-106.2164537,2503.6272,26.30424,0.491744,2.01168,270.0
344.7,39.9612112,-106.2164542,2503.6272,26.09088,0.67056,2.01168,270.0
344.8,39.96121134,-106.2164548,2503.3224,25.908,0.0,1.922272,282.5288077091515
344.90000000000003,39.96121153,-106.2164556,2503.0176,25.69464,0.491744,1.922272,305.5376777919744
345.0,39.96121184,-106.2164561,2503.0176,25.51176,0.491744,1.922272,315.0
345.1,39.96121212,-106.2164564,2502.7128,25.38984,0.67056,1.78816,338.1985905136482
345.2,39.96121238,-106.2164565,2502.7128,25.20696,0.491744,1.78816,0.0
345.3,39.9612129,-106.2164565,2502.408,24.90216,0.67056,1.78816,0.0
345.40000000000003,39.96121308,-106.2164563,2502.1032,24.6888,0.67056,1.78816,90.0
345.5,39.96121321,-106.2164561,2501.7984,24.505920000000003,0.0,1.922272,90.0
345.6,39.96121327,-106.2164558,2501.7984,24.29256,0.0,1.78816,90.0
345.7,39.96121326,-106.216455,2501.4936,24.10968,0.0,1.78816,111.80140948635182
345.8,39.96121312,-106.2164546,2501.4936,23.98776,0.0,1.78816,111.80140948635182
345.90000000000003,39.96121298,-106.2164543,2501.1888,23.80488,0.491744,1.78816,111.80140948635182
346.0,39.96121283,-106.216454,2500.884,23.591520000000003,0.491744,1.6987519999999998,111.80140948635182
346.1,39.96121235,-106.2164536,2500.884,23.40864,0.67056,1.6987519999999998,135.0
346.2,39.96121214,-106.2164534,2500.5792,23.19528,0.491744,1.6987519999999998,158.19859051364824
346.3,39.96121185,-106.2164533,2500.5792,23.10384,0.0,1.6987519999999998,180.0
346.40000000000003,39.96121153,-106.2164532,2500.2744,22.89048,0.0,1.6987519999999998,180.0
346.5,39.96121123,-106.2164532,2499.9696,22.707600000000003,0.0,1.6987519999999998,180.0
346.6,39.96121097,-106.2164534,2499.9696,22.58568,0.0,1.609344,195.94539590092288
346.7,39.96121067,-106.2164535,2499.6648,22.402800000000003,0.491744,1.609344,215.5376777919744
346.8,39.96121026,-106.2164538,2499.6648,22.31136,0.491744,1.519936,209.05460409907715
346.90000000000003,39.96120985,-106.2164541,2499.36,22.098000000000003,0.0,1.609344,215.5376777919744
347.0,39.96120926,-106.2164543,2499.36,22.00656,0.491744,1.609344,192.52880770915152
347.1,39.96120886,-106.2164545,2499.36,21.7932,0.0,1.609344,192.52880770915152
347.2,39.96120837,-106.2164547,2499.0552,21.701760000000004,0.0,1.519936,195.94539590092288
347.3,39.96120789,-106.2164548,2499.0552,21.4884,0.67056,1.609344,195.94539590092288
347.40000000000003,39.96120748,-106.2164546,2498.7504,21.396960000000004,0.491744,1.609344,180.0
347.5,39.96120716,-106.2164547,2498.7504,21.21408,0.491744,1.609344,195.94539590092288
347.6,39.96120682,-106.2164548,2498.4456,21.00072,0.491744,1.609344,195.94539590092288
347.7,39.96120647,-106.216455,2498.4456,20.90928,0.491744,1.609344,209.05460409907715
347.8,39.9612061,-106.2164551,2498.1408,20.695920000000005,0.491744,1.519936,217.87498365109815
347.90000000000003,39.96120573,-106.2164554,2498.1408,20.60448,0.491744,1.519936,225.0
348.0,39.96120541,-106.216456,2497.836,20.391120000000004,0.67056,1.519936,232.1250163489018
348.1,39.96120516,-106.2164566,2497.836,20.29968,0.67056,1.519936,237.52880770915152
348.2,39.96120501,-106.2164573,2497.5312,20.20824,0.0,1.385824,261.2538377374448
348.3,39.96120516,-106.216458,2497.5312,19.99488,0.67056,1.385824,270.0
348.40000000000003,39.96120516,-106.2164587,2497.2264,19.90344,0.67056,1.385824,270.0
348.5,39.9612052,-106.2164594,2497.2264,19.812,0.67056,1.385824,270.0
348.6,39.96120526,-106.21646,2496.9216,19.59864,0.491744,1.385824,280.304846468766
348.7,39.96120528,-106.2164605,2496.9216,19.38528,0.0,1.385824,282.5288077091515
348.8,39.96120547,-106.216461,2496.6168,19.29384,0.491744,1.385824,285.94539590092285
348.90000000000003,39.96120563,-106.2164614,2496.6168,19.11096,0.491744,1.385824,285.94539590092285
349.0,39.96120575,-106.2164617,2496.3120000000004,18.8976,0.67056,1.519936,270.0
349.1,39.96120585,-106.2164618,2496.3120000000004,18.80616,0.0,1.519936,270.0
349.2,39.96120585,-106.216462,2496.0072,18.5928,0.0,1.519936,270.0
349.3,39.96120579,-106.2164622,2495.7024,18.40992,0.0,1.519936,225.0
349.40000000000003,39.96120565,-106.2164624,2495.7024,18.288,0.0,1.385824,225.0
349.5,39.96120551,-106.2164626,2495.3976,18.10512,0.0,1.385824,248.19859051364816
349.6,39.96120529,-106.2164628,2495.3976,17.89176,0.0,1.519936,248.19859051364816
349.7,39.96120509,-106.2164631,2495.0928000000004,17.80032,0.491744,1.385824,254.05460409907715
349.8,39.961205,-106.2164634,2495.0928000000004,17.70888,0.0,1.385824,254.05460409907715
349.90000000000003,39.96120493,-106.2164638,2494.788,17.49552,0.67056,1.385824,254.05460409907715
350.0,39.96120467,-106.2164642,2494.788,17.40408,0.0,1.385824,270.0
350.1,39.96120455,-106.2164646,2494.4832,17.19072,0.491744,1.385824,270.0
350.2,39.96120464,-106.2164649,2494.4832,17.00784,0.0,1.385824,270.0
350.3,39.96120472,-106.2164651,2494.1784,16.88592,0.0,1.296416,270.0
350.40000000000003,39.96120476,-106.2164652,2494.1784,16.79448,0.0,1.296416,0.0
350.5,39.9612047,-106.2164652,2493.8736000000004,16.6116,0.0,1.385824,0.0
350.6,39.96120459,-106.2164651,2493.8736000000004,16.39824,0.0,1.385824,135.0
350.7,39.96120447,-106.2164648,2493.5688,16.3068,0.0,1.385824,135.0
350.8,39.96120426,-106.2164642,2493.5688,16.09344,0.491744,1.385824,111.80140948635182
350.90000000000003,39.96120412,-106.216464,2493.264,16.002000000000002,0.491744,1.385824,135.0
351.0,39.96120391,-106.2164636,2493.264,15.910560000000002,0.0,1.385824,135.0
351.1,39.96120373,-106.2164633,2492.9592,15.6972,0.67056,1.385824,135.0
351.2,39.96120359,-106.216463,2492.9592,15.605760000000002,0.0,1.385824,90.0
351.3,39.96120359,-106.2164629,2492.9592,15.3924,0.0,1.385824,90.0
351.40000000000003,39.96120363,-106.2164626,2492.6544000000004,15.300960000000002,0.0,1.296416,90.0
351.5,39.96120371,-106.2164624,2492.6544000000004,15.20952,0.0,1.296416,45.0
351.6,39.96120391,-106.2164622,2492.3496,14.99616,0.0,1.296416,21.80140948635181
351.7,39.96120425,-106.2164621,2492.3496,14.90472,0.0,1.296416,21.80140948635181
351.8,39.96120454,-106.2164618,2492.3496,14.81328,0.0,1.296416,21.80140948635181
351.90000000000003,39.96120481,-106.2164616,2492.0448,14.59992,0.491744,1.296416,21.80140948635181
352.0,39.96120507,-106.2164614,2492.0448,14.50848,0.0,1.296416,21.80140948635181
352.1,39.96120541,-106.2164611,2491.74,14.38656,0.0,1.296416,0.0
352.2,39.96120554,-106.216461,2491.74,14.20368,0.491744,1.296416,0.0
352.3,39.96120566,-106.216461,2491.4352000000003,14.11224,0.0,1.296416,0.0
352.40000000000003,39.96120583,-106.2164611,2491.4352000000003,13.99032,0.0,1.296416,0.0
352.5,39.96120591,-106.2164616,2491.1304,13.80744,0.491744,1.296416,270.0
352.6,39.96120595,-106.2164617,2491.1304,13.68552,0.0,1.296416,0.0
352.7,39.96120595,-106.2164619,2491.1304,13.594080000000002,0.0,1.207008,270.0
352.8,39.9612059,-106.216462,2490.8256,13.50264,0.0,1.207008,270.0
352.90000000000003,39.96120558,-106.216462,2490.8256,13.4112,0.0,1.207008,270.0
353.0,39.96120545,-106.2164621,2490.8256,13.289280000000002,0.0,1.207008,225.0
353.1,39.96120529,-106.2164622,2490.5208,13.1064,0.0,1.296416,225.0
353.2,39.96120506,-106.2164623,2490.5208,13.014960000000002,0.0,1.296416,201.80140948635184
353.3,39.96120481,-106.2164625,2490.2160000000003,12.8016,0.0,1.207008,180.0
353.40000000000003,39.96120443,-106.2164623,2490.2160000000003,12.710160000000002,0.0,1.296416,180.0
353.5,39.96120419,-106.2164623,2489.9112,12.4968,0.0,1.296416,180.0
353.6,39.96120392,-106.2164623,2489.9112,12.405360000000002,0.0,1.296416,180.0
353.7,39.96120367,-106.2164622,2489.6064,12.31392,0.0,1.296416,180.0
353.8,39.96120357,-106.216462,2489.6064,12.100560000000002,0.0,1.296416,180.0
353.90000000000003,39.96120343,-106.2164618,2489.3016,11.8872,0.0,1.296416,180.0
354.0,39.96120335,-106.2164617,2489.3016,11.8872,0.0,1.207008,135.0
354.1,39.96120331,-106.2164616,2488.9968000000003,11.70432,0.0,1.207008,90.0
354.2,39.96120346,-106.2164613,2488.9968000000003,11.61288,0.0,1.207008,90.0
354.3,39.96120346,-106.2164611,2488.9968000000003,11.49096,0.0,1.1176,90.0
354.40000000000003,39.96120348,-106.2164609,2488.692,11.39952,0.0,1.1176,90.0
354.5,39.96120351,-106.2164607,2488.692,11.30808,0.0,1.1176,90.0
354.6,39.96120349,-106.2164607,2488.692,11.18616,0.0,1.1176,0.0
354.7,39.9612035,-106.2164607,2488.3872,11.09472,0.0,1.1176,0.0
354.8,39.96120356,-106.2164607,2488.3872,11.00328,0.0,1.1176,0.0
354.90000000000003,39.96120364,-106.2164608,2488.0824,10.78992,0.0,1.1176,0.0
355.0,39.96120361,-106.2164608,2488.0824,10.78992,0.0,1.1176,0.0
355.1,39.96120343,-106.216461,2488.0824,10.698480000000002,0.0,1.1176,0.0
355.2,39.9612034,-106.216461,2487.7776000000003,10.48512,0.0,1.1176,270.0
355.3,39.96120337,-106.216461,2487.7776000000003,10.393680000000002,0.0,1.1176,270.0
355.40000000000003,39.96120338,-106.2164611,2487.7776000000003,10.30224,0.0,1.1176,180.0
355.5,39.9612034,-106.2164611,2487.4728,10.2108,0.0,1.1176,180.0
355.6,39.96120309,-106.216461,2487.4728,10.08888,0.0,0.983488,180.0
355.7,39.96120281,-106.216461,2487.4728,9.99744,0.0,1.1176,180.0
355.8,39.96120267,-106.2164609,2487.168,9.906,0.0,1.1176,180.0
355.90000000000003,39.96120243,-106.2164608,2487.168,9.814560000000002,0.491744,0.983488,180.0
356.0,39.96120235,-106.2164607,2486.8632,9.6012,0.0,1.1176,180.0
356.1,39.96120229,-106.2164606,2486.8632,9.6012,0.0,1.1176,180.0
356.2,39.96120219,-106.2164605,2486.8632,9.50976,0.0,1.1176,0.0
356.3,39.96120225,-106.2164602,2486.5584000000003,9.2964,0.0,1.207008,90.0
356.40000000000003,39.96120235,-106.21646,2486.5584000000003,9.11352,0.0,1.207008,90.0
356.5,39.96120245,-106.2164599,2486.5584000000003,9.11352,0.491744,1.1176,90.0
356.6,39.9612024,-106.2164597,2486.5584000000003,8.9916,0.0,1.1176,90.0
356.7,39.9612024,-106.2164595,2486.2536,8.90016,0.491744,1.1176,45.0
356.8,39.9612026,-106.2164592,2486.2536,8.80872,0.0,1.1176,90.0
356.90000000000003,39.96120276,-106.216459,2486.2536,8.80872,0.0,1.1176,90.0
357.0,39.96120284,-106.2164589,2486.2536,8.6868,0.0,0.983488,0.0
357.1,39.96120292,-106.2164589,2485.9488,8.59536,0.0,0.983488,0.0
357.2,39.96120314,-106.2164592,2485.9488,8.50392,0.0,0.983488,315.0
357.3,39.96120334,-106.2164594,2485.9488,8.50392,0.0,0.983488,315.0
357.40000000000003,39.96120359,-106.2164597,2485.9488,8.41248,0.0,0.983488,315.0
357.5,39.96120382,-106.21646,2485.644,8.290560000000001,0.0,0.983488,315.0
357.6,39.96120402,-106.2164603,2485.644,8.19912,0.491744,0.983488,315.0
357.7,39.96120421,-106.2164605,2485.644,8.10768,0.491744,0.89408,0.0
357.8,39.9612044,-106.2164605,2485.3392000000003,7.98576,0.0,0.983488,0.0
357.90000000000003,39.96120456,-106.2164606,2485.3392000000003,7.89432,0.0,0.983488,0.0
358.0,39.96120469,-106.2164604,2485.0344,7.71144,0.0,0.983488,0.0
358.1,39.96120479,-106.2164604,2485.0344,7.58952,0.0,0.983488,0.0
358.2,39.96120479,-106.2164604,2485.0344,7.498080000000001,0.0,0.983488,0.0
358.3,39.96120475,-106.2164603,2484.7296,7.40664,0.491744,0.983488,0.0
358.40000000000003,39.9612047,-106.2164602,2484.7296,7.315200000000001,0.0,0.983488,180.0
358.5,39.96120448,-106.21646,2484.7296,7.193280000000001,0.0,0.983488,180.0
358.6,39.9612042,-106.2164599,2484.4248,7.10184,0.491744,0.983488,180.0
358.7,39.96120393,-106.2164598,2484.4248,7.010400000000001,0.0,1.1176,180.0
358.8,39.96120374,-106.2164598,2484.1200000000003,6.797040000000001,0.0,1.207008,0.0
358.90000000000003,39.96120348,-106.2164597,2484.1200000000003,6.7056,0.491744,1.1176,0.0
359.0,39.96120348,-106.2164597,2483.8152,6.492240000000001,0.491744,1.1176,0.0
359.1,39.96120348,-106.2164597,2483.8152,6.492240000000001,0.0,1.1176,0.0
359.2,39.96120338,-106.2164596,2483.8152,6.4008,0.491744,1.1176,0.0
359.3,39.96120335,-106.2164595,2483.8152,6.30936,0.0,1.1176,0.0
359.40000000000003,39.9612034,-106.2164594,2483.5104,6.1874400000000005,0.0,1.1176,0.0
359.5,39.96120344,-106.2164593,2483.5104,6.096,0.0,0.983488,0.0
359.6,39.96120339,-106.2164593,2483.5104,6.00456,0.0,0.983488,0.0
359.7,39.96120343,-106.216459,2483.5104,6.00456,0.0,0.983488,0.0
359.8,39.96120332,-106.2164588,2483.2056,5.91312,0.0,0.89408,0.0
359.90000000000003,39.96120322,-106.2164587,2483.2056,5.7912,0.0,0.89408,0.0
360.0,39.96120321,-106.2164587,2483.2056,5.69976,0.0,0.983488,0.0
360.1,39.96120323,-106.2164587,2483.2056,5.69976,0.0,0.983488,0.0
360.2,39.96120346,-106.2164588,2482.9008000000003,5.60832,0.0,0.983488,0.0
360.3,39.9612035,-106.2164589,2482.9008000000003,5.486400000000001,0.0,0.983488,0.0
360.4,39.9612035,-106.2164589,2482.9008000000003,5.39496,0.0,0.983488,0.0
360.5,39.96120354,-106.216459,2482.9008000000003,5.39496,0.0,0.983488,0.0
360.6,39.96120347,-106.2164591,2482.596,5.30352,0.0,0.89408,0.0
360.7,39.96120356,-106.2164591,2482.596,5.21208,0.0,0.89408,0.0
360.8,39.96120372,-106.2164591,2482.596,5.21208,0.0,0.983488,0.0
360.9,39.96120385,-106.2164592,2482.2912,4.99872,0.0,0.983488,0.0
361.0,39.96120416,-106.2164592,2482.2912,4.907280000000001,0.0,0.983488,270.0
361.1,39.96120431,-106.2164594,2482.2912,4.78536,0.491744,0.983488,270.0
361.2,39.96120439,-106.2164595,2481.9864,4.69392,0.0,0.983488,270.0
361.3,39.96120448,-106.2164597,2481.9864,4.60248,0.0,0.89408,270.0
361.4,39.96120456,-106.2164599,2481.9864,4.51104,0.0,0.89408,270.0
361.5,39.96120466,-106.21646,2481.9864,4.51104,0.67056,0.89408,270.0
361.6,39.96120471,-106.2164601,2481.6816000000003,4.38912,0.0,0.89408,270.0
361.7,39.96120476,-106.2164602,2481.6816000000003,4.29768,0.0,0.89408,315.0
361.8,39.96120486,-106.2164603,2481.6816000000003,4.20624,0.0,0.89408,0.0
361.9,39.96120486,-106.2164602,2481.3768,4.1148,0.0,0.89408,0.0
362.0,39.96120496,-106.2164603,2481.3768,3.99288,0.0,0.983488,0.0
362.1,39.96120503,-106.2164603,2481.3768,3.901440000000001,0.0,0.983488,0.0
362.2,39.96120499,-106.2164604,2481.072,3.81,0.491744,0.983488,0.0
362.3,39.96120491,-106.2164606,2481.072,3.68808,0.0,0.89408,270.0
362.4,39.96120484,-106.2164607,2481.072,3.5966400000000003,0.0,0.89408,270.0
362.5,39.96120476,-106.2164608,2480.7672,3.5052000000000003,0.0,0.804672,225.0
362.6,39.9612047,-106.2164608,2480.7672,3.41376,0.0,0.804672,225.0
362.7,39.96120466,-106.2164608,2480.7672,3.41376,0.0,0.804672,180.0
362.8,39.96120453,-106.2164608,2480.7672,3.2918400000000005,0.0,0.715264,180.0
362.9,39.96120442,-106.2164609,2480.4624000000003,3.2004,0.0,0.715264,0.0
363.0,39.96120429,-106.2164608,2480.4624000000003,3.10896,0.0,0.581152,0.0
363.1,39.96120406,-106.2164605,2480.4624000000003,3.10896,0.0,0.491744,0.0
363.2,39.96120397,-106.2164604,2480.4624000000003,2.9870400000000004,0.0,0.491744,0.0
363.3,39.96120389,-106.2164603,2480.4624000000003,2.9870400000000004,0.0,0.491744,0.0
363.4,39.96120383,-106.2164601,2480.1576,2.8956,0.0,0.491744,0.0
363.5,39.96120378,-106.21646,2480.1576,2.8956,0.0,0.402336,0.0
363.6,39.96120376,-106.2164599,2480.1576,2.80416,0.0,0.402336,0.0
363.7,39.96120373,-106.2164599,2480.1576,2.80416,0.0,0.402336,0.0
363.8,39.96120372,-106.2164597,2480.1576,2.7127200000000005,0.0,0.402336,0.0
363.9,39.96120371,-106.2164596,2480.1576,2.7127200000000005,0.0,0.312928,0.0
364.0,39.96120363,-106.2164597,2480.1576,2.5908,0.0,0.312928,0.0
364.1,39.96120356,-106.2164599,2480.1576,2.5908,0.0,0.22352,270.0
364.2,39.96120358,-106.21646,2480.1576,2.5908,0.0,0.22352,270.0
364.3,39.96120359,-106.2164601,2480.1576,2.5908,0.0,0.22352,270.0
364.4,39.96120361,-106.2164603,2479.8528,2.49936,0.0,0.22352,225.0
364.5,39.96120352,-106.2164604,2479.8528,2.49936,0.0,0.22352,225.0
364.6,39.96120336,-106.2164606,2479.8528,2.49936,0.0,0.22352,225.0
364.7,39.96120321,-106.2164608,2479.8528,2.49936,0.0,0.089408,270.0
364.8,39.961203,-106.2164608,2479.8528,2.4079200000000003,0.0,0.0,0.0
364.9,39.96120296,-106.2164608,2479.8528,2.4079200000000003,0.0,0.0,0.0
365.0,39.96120293,-106.2164607,2479.8528,2.4079200000000003,0.0,0.0,0.0
365.1,39.96120289,-106.2164607,2479.8528,2.4079200000000003,0.0,0.0,0.0
365.2,39.96120282,-106.2164606,2479.8528,2.4079200000000003,0.0,0.0,0.0
365.3,39.96120268,-106.2164604,2479.8528,2.4079200000000003,0.0,0.0,0.0
365.4,39.96120273,-106.2164603,2479.8528,2.4079200000000003,0.0,0.0,0.0
365.5,39.96120276,-106.2164602,2479.8528,2.4079200000000003,0.0,0.0,0.0
365.6,39.96120273,-106.2164603,2479.8528,2.4079200000000003,0.0,0.0,0.0
365.7,39.96120264,-106.2164603,2479.8528,2.4079200000000003,0.0,0.0,0.0
365.8,39.96120259,-106.2164602,2479.8528,2.4079200000000003,0.0,0.0,0.0
365.9,39.96120255,-106.2164602,2479.8528,2.4079200000000003,0.0,0.0,0.0
366.0,39.96120249,-106.2164602,2479.8528,2.4079200000000003,0.0,0.0,0.0
366.1,39.9612023,-106.2164602,2479.8528,2.4079200000000003,0.0,0.0,0.0
366.2,39.96120225,-106.2164602,2479.8528,2.4079200000000003,0.0,0.0,0.0
366.3,39.96120219,-106.2164602,2477.4144,0.0,0.0,0.0,0.0
