timestamp,latitude,longitude,altitude,height,ground_speed,vertical_speed,course
0.0,39.96119772,-106.2164677,2477.4144,0.0,0.0,0.0,0.0
0.0999999999999999,39.96119757,-106.2164676,2477.4144,0.0,0.0,0.0,0.0
0.2,39.96119755,-106.2164676,2477.4144,0.0,0.0,0.0,0.0
0.3,39.96119774,-106.2164676,2477.4144,0.0,0.0,0.0,0.0
0.3999999999999999,39.96119774,-106.2164676,2477.4144,0.0,0.0,0.0,0.0
0.4999999999999999,39.96119774,-106.2164676,2477.4144,0.0,0.0,0.0,0.0
0.6000000000000001,39.96119774,-106.2164676,2477.4144,0.0,0.0,0.0,0.0
0.7,39.96119774,-106.2164676,2477.4144,0.0,0.0,0.0,0.0
0.8,39.96119774,-106.2164676,2477.4144,0.0,0.0,0.0,0.0
0.9000000000000001,39.96119774,-106.2164678,2477.4144,0.0,0.0,0.0,0.0
1.0,39.96119774,-106.2164678,2477.4144,0.0,0.0,0.0,0.0
1.1,39.96119774,-106.2164677,2477.4144,0.0,0.0,0.0,0.0
1.2,39.96119774,-106.2164678,2477.4144,0.0,0.0,0.0,0.0
1.3,39.96119774,-106.2164677,2477.4144,0.0,0.0,0.0,0.0
1.4,39.96119774,-106.2164677,2477.4144,0.0,0.0,0.0,0.0
1.5,39.96119773,-106.2164677,2477.4144,0.0,0.0,0.0,0.0
1.6,39.96119774,-106.2164677,2477.4144,0.0,0.0,0.0,0.0
1.7,39.96119773,-106.2164677,2477.4144,0.0,0.0,0.0,0.0
1.8,39.96119773,-106.2164677,2477.4144,0.0,0.0,0.0,0.0
1.9,39.9611977,-106.2164678,2477.4144,0.0,0.0,0.0,0.0
2.0,39.96119762,-106.2164678,2477.4144,0.0,0.0,0.0,180.0
2.1,39.96119749,-106.2164678,2477.4144,0.0,0.0,-0.22352,180.0
2.2,39.96119733,-106.2164677,2477.4144,0.0,0.0,-0.312928,135.0
2.3,39.96119709,-106.2164675,2477.4144,0.0,0.0,-0.312928,135.0
2.4,39.96119697,-106.2164674,2477.4144,0.09144,0.0,-0.312928,135.0
2.5,39.9611968,-106.2164672,2477.4144,0.09144,0.0,-0.312928,90.0
2.6,39.96119673,-106.216467,2477.4144,0.09144,0.0,-0.312928,90.0
2.7,39.96119657,-106.2164667,2477.7192,0.21336,0.0,-0.312928,90.0
2.8,39.96119645,-106.2164665,2477.7192,0.21336,0.0,-0.312928,111.80140948635182
2.9,39.96119636,-106.2164664,2477.7192,0.21336,0.0,-0.312928,111.80140948635182
3.0,39.96119622,-106.2164662,2477.7192,0.21336,0.0,-0.312928,111.80140948635182
3.1,39.96119587,-106.2164657,2477.7192,0.3048,0.67056,-0.402336,90.0
3.2,39.96119579,-106.2164654,2477.7192,0.3048,0.0,-0.402336,90.0
3.3,39.96119579,-106.2164654,2477.7192,0.3048,0.0,-0.491744,90.0
3.4,39.9611958,-106.2164651,2477.7192,0.39624,0.0,-0.491744,90.0
3.5,39.96119592,-106.216465,2477.7192,0.39624,0.0,-0.491744,90.0
3.6,39.96119588,-106.2164649,2478.0240000000003,0.48768,0.0,-0.491744,90.0
3.7,39.9611959,-106.2164644,2478.0240000000003,0.48768,0.491744,-0.491744,90.0
3.8,39.96119591,-106.2164643,2478.0240000000003,0.6096,0.491744,-0.402336,90.0
3.9,39.96119573,-106.2164644,2478.0240000000003,0.6096,0.0,-0.402336,90.0
4.0,39.96119571,-106.2164643,2478.0240000000003,0.70104,0.0,-0.402336,90.0
4.1,39.96119584,-106.2164641,2478.0240000000003,0.70104,0.0,-0.402336,0.0
4.2,39.96119581,-106.216464,2478.3288,0.7924800000000001,0.0,-0.491744,90.0
4.3,39.96119575,-106.2164638,2478.3288,0.7924800000000001,0.0,-0.491744,90.0
4.4,39.96119571,-106.2164637,2478.3288,0.9144,0.0,-0.402336,90.0
4.5,39.96119553,-106.2164633,2478.3288,0.9144,0.0,-0.402336,0.0
4.6,39.96119546,-106.2164632,2478.3288,1.00584,0.0,-0.402336,0.0
4.7,39.96119536,-106.2164633,2478.3288,1.00584,0.0,-0.402336,0.0
4.8,39.96119527,-106.2164632,2478.6336,1.09728,0.0,-0.402336,0.0
4.9,39.96119538,-106.2164634,2478.6336,1.09728,0.0,-0.491744,0.0
5.0,39.96119533,-106.2164633,2478.6336,1.18872,0.0,-0.491744,0.0
5.1,39.9611952,-106.2164633,2478.6336,1.18872,0.0,-0.491744,0.0
5.2,39.96119518,-106.2164633,2478.6336,1.31064,0.0,-0.491744,0.0
5.3,39.96119526,-106.216463,2478.6336,1.31064,0.0,-0.491744,0.0
5.4,39.96119528,-106.2164629,2478.9384,1.40208,0.0,-0.491744,0.0
5.5,39.96119529,-106.2164624,2478.9384,1.40208,0.0,-0.491744,90.0
5.6,39.96119533,-106.2164623,2478.9384,1.4935200000000002,0.491744,-0.491744,90.0
5.7,39.96119552,-106.2164622,2478.9384,1.4935200000000002,0.0,-0.402336,90.0
5.8,39.96119556,-106.216462,2478.9384,1.58496,0.0,-0.402336,0.0
5.9,39.96119579,-106.2164618,2478.9384,1.58496,0.0,-0.402336,0.0
6.0,39.96119583,-106.2164616,2479.2432000000003,1.70688,0.0,-0.402336,0.0
6.1,39.96119565,-106.2164619,2479.2432000000003,1.70688,0.0,-0.402336,0.0
6.2,39.96119565,-106.2164619,2479.2432000000003,1.79832,0.0,-0.402336,0.0
6.3,39.96119585,-106.2164619,2479.2432000000003,1.79832,0.67056,-0.402336,0.0
6.4,39.96119586,-106.2164618,2479.2432000000003,1.88976,0.0,-0.402336,0.0
6.5,39.9611956,-106.216462,2479.2432000000003,1.88976,0.491744,-0.491744,0.0
6.6,39.96119555,-106.216462,2479.548,2.01168,0.0,-0.491744,0.0
6.7,39.96119568,-106.216462,2479.548,2.01168,0.0,-0.402336,0.0
6.8,39.96119565,-106.216462,2479.548,2.10312,0.491744,-0.491744,0.0
6.9,39.96119566,-106.2164622,2479.548,2.10312,0.491744,-0.491744,0.0
7.0,39.96119563,-106.2164623,2479.548,2.19456,0.0,-0.491744,0.0
7.1,39.96119569,-106.2164623,2479.548,2.19456,0.0,-0.491744,0.0
7.2,39.96119571,-106.2164623,2479.8528,2.286,0.0,-0.491744,0.0
7.3,39.96119565,-106.2164624,2479.8528,2.286,0.0,-0.491744,0.0
7.399999999999999,39.9611957,-106.2164624,2479.8528,2.4079200000000003,0.0,-0.402336,0.0
7.5,39.96119599,-106.2164623,2479.8528,2.4079200000000003,0.491744,-0.402336,0.0
7.6,39.96119608,-106.2164622,2479.8528,2.49936,0.0,-0.402336,0.0
7.7,39.9611962,-106.2164618,2479.8528,2.49936,0.0,-0.402336,0.0
7.8,39.96119628,-106.2164617,2479.8528,2.5908,0.0,-0.402336,0.0
7.899999999999999,39.96119636,-106.2164615,2479.8528,2.5908,0.0,-0.402336,0.0
7.999999999999999,39.96119636,-106.2164613,2480.1576,2.7127200000000005,0.0,-0.402336,0.0
8.100000000000001,39.96119633,-106.2164617,2480.1576,2.7127200000000005,0.0,-0.491744,0.0
8.200000000000001,39.96119631,-106.2164617,2480.1576,2.80416,0.0,-0.491744,0.0
8.3,39.961196,-106.2164615,2480.1576,2.80416,0.0,-0.491744,0.0
8.4,39.96119601,-106.2164615,2480.1576,2.8956,0.0,-0.491744,0.0
8.5,39.96119605,-106.2164614,2480.1576,2.8956,0.0,-0.491744,0.0
8.600000000000001,39.96119608,-106.2164614,2480.4624000000003,2.9870400000000004,0.0,-0.402336,0.0
8.700000000000001,39.96119635,-106.2164617,2480.4624000000003,2.9870400000000004,0.0,-0.402336,0.0
8.8,39.96119637,-106.2164618,2480.4624000000003,3.10896,0.0,-0.402336,0.0
8.9,39.96119639,-106.216462,2480.4624000000003,3.10896,0.0,-0.491744,0.0
9.0,39.96119638,-106.2164621,2480.4624000000003,3.2004,0.0,-0.491744,0.0
9.1,39.96119638,-106.2164621,2480.4624000000003,3.2004,0.491744,-0.491744,0.0
9.2,39.9611964,-106.2164622,2480.7672,3.2918400000000005,0.0,-0.402336,0.0
9.3,39.96119656,-106.2164621,2480.7672,3.2918400000000005,0.0,-0.402336,0.0
9.4,39.96119663,-106.2164622,2480.7672,3.41376,0.0,-0.402336,0.0
9.5,39.96119666,-106.2164624,2480.7672,3.41376,0.0,-0.402336,0.0
9.6,39.96119672,-106.2164624,2480.7672,3.5052000000000003,0.0,-0.491744,0.0
9.7,39.96119679,-106.2164624,2480.7672,3.5052000000000003,0.0,-0.491744,0.0
9.8,39.96119683,-106.2164624,2481.072,3.5966400000000003,0.0,-0.491744,0.0
9.9,39.96119682,-106.2164626,2481.072,3.5966400000000003,0.0,-0.491744,0.0
10.0,39.96119684,-106.2164626,2481.072,3.68808,0.0,-0.491744,0.0
10.1,39.96119671,-106.2164623,2481.072,3.68808,0.0,-0.402336,0.0
10.2,39.96119673,-106.2164623,2481.072,3.81,0.0,-0.402336,0.0
10.3,39.96119652,-106.2164622,2481.072,3.81,0.0,-0.491744,0.0
10.4,39.96119651,-106.2164623,2481.3768,3.901440000000001,0.0,-0.491744,0.0
10.5,39.96119683,-106.2164624,2481.3768,3.901440000000001,0.0,-0.402336,0.0
10.6,39.96119683,-106.2164625,2481.3768,3.99288,0.0,-0.22352,0.0
10.7,39.96119656,-106.2164625,2481.3768,3.99288,0.0,-0.089408,0.0
10.8,39.96119653,-106.2164626,2481.3768,3.99288,0.491744,-0.089408,0.0
10.9,39.9611964,-106.2164626,2481.3768,3.99288,0.0,0.0,0.0
11.0,39.96119638,-106.2164626,2481.3768,3.99288,0.0,0.0,0.0
11.1,39.96119646,-106.2164624,2481.3768,3.99288,0.0,0.0,0.0
11.2,39.96119643,-106.2164625,2481.3768,3.99288,0.0,0.0,0.0
11.3,39.9611965,-106.2164625,2481.3768,3.99288,0.0,0.0,0.0
11.4,39.96119651,-106.2164625,2481.3768,3.99288,0.491744,0.0,0.0
11.5,39.96119656,-106.2164626,2481.3768,3.99288,0.0,0.0,0.0
11.6,39.96119658,-106.2164627,2481.3768,3.99288,0.0,0.0,0.0
11.7,39.96119676,-106.2164627,2481.3768,3.99288,0.0,0.0,0.0
11.8,39.96119675,-106.2164628,2481.3768,3.99288,0.0,0.0,0.0
11.9,39.9611966,-106.2164625,2481.3768,3.99288,0.491744,0.0,0.0
12.0,39.96119656,-106.2164625,2481.3768,3.99288,0.0,0.0,0.0
12.1,39.96119649,-106.2164625,2481.3768,3.99288,0.0,0.0,0.0
12.2,39.96119646,-106.2164625,2481.3768,3.99288,0.0,0.0,0.0
12.3,39.96119641,-106.2164624,2481.3768,3.99288,0.0,0.0,0.0
12.4,39.96119639,-106.2164624,2481.3768,3.99288,0.0,0.0,0.0
12.5,39.96119652,-106.2164624,2481.3768,3.99288,0.0,0.0,0.0
12.6,39.96119653,-106.2164624,2481.3768,3.99288,0.0,0.0,0.0
12.7,39.96119642,-106.2164625,2481.3768,3.99288,0.0,0.0,0.0
12.8,39.96119642,-106.2164625,2481.3768,3.99288,0.491744,0.0,0.0
12.9,39.96119648,-106.2164624,2481.3768,3.99288,0.0,0.0,0.0
13.0,39.96119649,-106.2164624,2481.3768,3.99288,0.0,0.0,0.0
13.1,39.96119648,-106.2164622,2481.3768,3.99288,0.0,0.0,0.0
13.2,39.96119649,-106.2164622,2481.3768,3.99288,0.0,0.0,0.0
13.3,39.96119648,-106.2164623,2481.3768,3.99288,0.0,0.0,0.0
13.4,39.96119646,-106.2164623,2481.3768,3.99288,0.0,0.0,0.0
13.5,39.96119657,-106.2164622,2481.3768,3.99288,0.0,0.0,0.0
13.6,39.96119656,-106.2164622,2481.3768,3.99288,0.0,0.0,0.0
13.7,39.96119651,-106.2164624,2481.3768,3.99288,0.0,0.0,0.0
13.8,39.96119654,-106.2164625,2481.3768,3.99288,0.0,0.0,0.0
13.9,39.96119664,-106.2164624,2481.3768,3.99288,0.0,0.0,0.0
14.0,39.96119667,-106.2164625,2481.3768,3.99288,0.0,0.0,0.0
14.1,39.96119684,-106.2164625,2481.3768,3.99288,0.0,0.0,0.0
14.2,39.9611969,-106.2164625,2481.3768,3.99288,0.0,0.0,0.0
14.3,39.9611968,-106.2164626,2481.3768,3.99288,0.0,0.0,0.0
14.4,39.96119682,-106.2164626,2481.3768,3.99288,0.0,0.0,0.0
14.5,39.961197,-106.2164624,2481.3768,3.99288,0.0,0.0,0.0
14.6,39.96119705,-106.2164624,2481.3768,3.99288,0.0,0.0,0.0
14.7,39.96119697,-106.2164624,2481.3768,3.99288,0.0,0.0,0.0
14.8,39.96119705,-106.2164624,2481.3768,3.99288,0.0,0.0,0.0
14.9,39.96119706,-106.2164624,2481.3768,3.99288,0.0,0.0,0.0
15.0,39.96119709,-106.2164625,2481.3768,3.99288,0.0,0.0,0.0
15.1,39.96119724,-106.2164626,2481.3768,3.99288,0.0,0.0,0.0
15.2,39.96119725,-106.2164627,2481.3768,3.99288,0.0,0.0,0.0
15.3,39.96119718,-106.2164627,2481.3768,3.99288,0.0,0.0,0.0
15.4,39.96119719,-106.2164627,2481.3768,3.99288,0.0,0.0,0.0
15.5,39.96119701,-106.2164628,2481.3768,3.99288,0.0,0.0,0.0
15.6,39.96119703,-106.2164629,2481.3768,3.99288,0.0,0.0,0.0
15.7,39.96119711,-106.216463,2481.3768,3.99288,0.0,0.0,0.0
15.8,39.96119712,-106.2164631,2481.3768,3.99288,0.0,0.0,0.0
15.900000000000002,39.96119709,-106.2164631,2481.3768,3.99288,0.0,0.0,0.0
16.0,39.96119709,-106.2164632,2481.3768,3.99288,0.0,0.0,0.0
16.1,39.96119719,-106.2164632,2481.3768,3.99288,0.0,0.0,0.0
16.2,39.96119718,-106.2164633,2481.3768,3.99288,0.0,0.0,0.0
16.3,39.96119714,-106.2164635,2481.3768,3.99288,0.0,0.0,0.0
16.400000000000002,39.96119715,-106.2164635,2481.3768,3.99288,0.491744,0.0,0.0
16.5,39.96119702,-106.2164636,2481.3768,3.99288,0.0,0.0,0.0
16.6,39.961197,-106.2164637,2481.3768,3.99288,0.0,0.0,0.0
16.7,39.96119698,-106.2164637,2481.3768,3.99288,0.0,0.0,0.0
16.8,39.96119692,-106.2164637,2481.3768,3.99288,0.491744,0.0,0.0
16.900000000000002,39.96119668,-106.2164638,2481.3768,3.99288,0.0,0.0,0.0
17.0,39.96119661,-106.2164638,2481.3768,3.99288,0.0,0.0,0.0
17.1,39.96119657,-106.2164638,2481.3768,3.99288,0.0,0.0,0.0
17.2,39.96119654,-106.2164639,2481.3768,3.99288,0.0,0.0,0.0
17.3,39.96119659,-106.2164641,2481.3768,3.99288,0.0,0.0,0.0
17.400000000000002,39.96119655,-106.2164641,2481.3768,3.99288,0.0,0.0,0.0
17.5,39.96119649,-106.2164639,2481.3768,3.99288,0.0,0.0,0.0
17.6,39.96119643,-106.2164639,2481.3768,3.99288,0.0,0.0,0.0
17.7,39.96119631,-106.2164641,2481.3768,3.99288,0.0,0.0,0.0
17.8,39.96119625,-106.2164641,2481.3768,3.99288,0.0,0.0,0.0
17.900000000000002,39.96119621,-106.2164643,2481.3768,3.99288,0.0,0.0,0.0
18.0,39.96119617,-106.2164643,2481.3768,3.99288,0.0,0.0,0.0
18.1,39.96119633,-106.2164645,2481.3768,3.99288,0.0,0.0,0.0
18.2,39.9611963,-106.2164645,2481.3768,3.99288,0.0,0.0,0.0
18.3,39.96119623,-106.2164646,2481.3768,3.99288,0.0,0.0,0.0
18.4,39.96119619,-106.2164647,2481.3768,3.99288,0.0,0.0,0.0
18.5,39.96119621,-106.2164649,2481.3768,3.99288,0.0,0.0,0.0
18.6,39.96119617,-106.216465,2481.3768,3.99288,0.0,0.0,0.0
18.7,39.96119622,-106.2164649,2481.3768,3.99288,0.0,0.0,0.0
18.8,39.96119618,-106.216465,2481.3768,3.99288,0.0,0.0,0.0
18.9,39.96119608,-106.2164653,2481.3768,3.99288,0.0,0.0,0.0
19.0,39.96119602,-106.2164654,2481.3768,3.99288,0.0,0.0,0.0
19.1,39.96119608,-106.2164653,2481.3768,3.99288,0.0,0.0,0.0
19.2,39.96119606,-106.2164654,2481.3768,3.99288,0.0,0.0,0.0
19.3,39.96119602,-106.2164655,2481.3768,3.99288,0.0,0.0,0.0
19.4,39.96119601,-106.2164656,2481.3768,3.99288,0.0,0.0,0.0
19.5,39.96119614,-106.2164659,2481.3768,3.99288,0.0,0.0,0.0
19.6,39.96119614,-106.216466,2481.3768,3.99288,0.0,0.0,0.0
19.7,39.96119614,-106.2164661,2481.3768,3.99288,0.0,0.0,0.0
19.8,39.9611961,-106.2164662,2481.3768,3.99288,0.0,0.0,0.0
19.9,39.96119605,-106.2164662,2481.3768,3.99288,0.0,0.0,0.0
20.0,39.96119602,-106.2164662,2481.3768,3.99288,0.0,0.0,0.0
20.1,39.96119603,-106.2164661,2481.3768,3.99288,0.0,0.0,0.0
20.2,39.96119602,-106.2164661,2481.3768,3.99288,0.491744,0.0,0.0
20.3,39.96119602,-106.2164662,2481.3768,3.99288,0.0,0.0,0.0
20.4,39.96119609,-106.2164662,2481.3768,3.99288,0.0,0.0,0.0
20.5,39.96119628,-106.2164664,2481.3768,3.99288,0.491744,0.0,0.0
20.6,39.96119639,-106.2164664,2481.3768,3.99288,0.0,0.0,0.0
20.7,39.96119657,-106.2164665,2481.3768,3.99288,0.0,0.0,0.0
20.8,39.96119668,-106.2164666,2481.3768,3.99288,0.0,0.0,0.0
20.9,39.96119675,-106.2164665,2481.3768,3.99288,0.0,0.0,0.0
21.0,39.96119681,-106.2164665,2481.3768,3.99288,0.0,0.0,0.0
21.1,39.9611968,-106.2164666,2481.3768,3.99288,0.0,0.0,0.0
21.2,39.96119682,-106.2164666,2481.3768,3.99288,0.0,0.0,0.0
21.3,39.96119669,-106.2164667,2481.3768,3.99288,0.0,0.0,0.0
21.4,39.96119666,-106.2164667,2481.3768,3.99288,0.0,0.0,0.0
21.5,39.96119668,-106.2164669,2481.3768,3.99288,0.0,0.0,0.0
21.6,39.96119663,-106.2164669,2481.3768,3.99288,0.0,0.0,0.0
21.7,39.9611966,-106.216467,2481.3768,3.99288,0.0,0.0,0.0
21.8,39.96119658,-106.216467,2481.3768,3.99288,0.0,0.0,0.0
21.9,39.96119637,-106.216467,2481.3768,3.99288,0.491744,0.0,0.0
22.0,39.96119636,-106.2164671,2481.3768,3.99288,0.491744,0.0,0.0
22.1,39.96119654,-106.2164671,2481.3768,3.99288,0.0,0.0,0.0
22.2,39.96119654,-106.2164671,2481.3768,3.99288,0.0,0.0,0.0
22.3,39.96119657,-106.2164672,2481.3768,3.99288,0.0,0.0,0.0
22.4,39.96119658,-106.2164672,2481.3768,3.99288,0.0,0.0,0.0
22.5,39.96119642,-106.2164671,2481.3768,3.99288,0.0,0.0,0.0
22.6,39.96119643,-106.216467,2481.3768,3.99288,0.0,0.0,0.0
22.7,39.96119664,-106.216467,2481.3768,3.99288,0.0,0.0,0.0
22.8,39.96119666,-106.216467,2481.3768,3.99288,0.0,0.0,0.0
22.9,39.96119659,-106.2164669,2481.3768,3.99288,0.0,0.0,0.0
23.0,39.96119652,-106.216467,2481.3768,3.99288,0.0,0.0,180.0
23.1,39.96119635,-106.2164671,2481.3768,3.99288,0.491744,0.0,180.0
23.2,39.96119626,-106.2164672,2481.3768,3.99288,0.0,0.0,180.0
23.3,39.96119607,-106.2164673,2481.3768,3.99288,0.0,0.0,180.0
23.4,39.96119595,-106.2164674,2481.3768,3.99288,0.0,0.0,180.0
23.5,39.96119596,-106.2164675,2481.3768,3.99288,0.0,0.0,180.0
23.6,39.96119584,-106.2164676,2481.3768,3.99288,0.0,0.0,180.0
23.7,39.96119567,-106.2164677,2481.3768,3.99288,0.0,0.0,180.0
23.8,39.96119552,-106.2164678,2481.3768,3.99288,0.0,0.0,180.0
23.9,39.96119543,-106.216468,2481.3768,3.99288,0.0,0.0,180.0
24.0,39.96119533,-106.2164681,2481.3768,3.99288,0.0,0.0,0.0
24.1,39.96119521,-106.2164683,2481.3768,3.99288,0.491744,0.0,0.0
24.2,39.96119516,-106.2164684,2481.3768,3.99288,0.0,0.0,0.0
24.3,39.96119526,-106.2164686,2481.3768,3.99288,0.0,0.0,0.0
24.4,39.96119523,-106.2164687,2481.3768,3.99288,0.0,0.0,0.0
24.5,39.96119528,-106.2164688,2481.3768,3.99288,0.0,0.0,0.0
24.6,39.96119528,-106.2164689,2481.3768,3.99288,0.0,0.0,0.0
24.7,39.96119539,-106.2164689,2481.3768,3.99288,0.0,0.0,0.0
24.8,39.96119542,-106.2164689,2481.3768,3.99288,0.0,0.0,0.0
24.9,39.96119563,-106.2164689,2481.3768,3.99288,0.0,0.0,0.0
25.0,39.96119569,-106.2164689,2481.3768,3.99288,0.0,0.0,0.0
25.1,39.9611958,-106.2164688,2481.3768,3.99288,0.0,0.0,0.0
25.2,39.96119586,-106.2164688,2481.3768,3.99288,0.0,0.0,0.0
25.3,39.96119586,-106.2164687,2481.3768,3.99288,0.0,0.0,0.0
25.4,39.96119585,-106.2164687,2481.3768,3.99288,0.0,0.0,0.0
25.5,39.96119581,-106.2164685,2481.3768,3.99288,0.0,0.0,0.0
25.6,39.96119585,-106.2164684,2481.3768,3.99288,0.491744,0.0,0.0
25.7,39.96119581,-106.2164683,2481.3768,3.99288,0.0,0.0,0.0
25.8,39.96119581,-106.2164682,2481.3768,3.99288,0.0,0.0,0.0
25.9,39.96119583,-106.216468,2481.3768,3.99288,0.0,0.0,0.0
26.0,39.96119586,-106.2164679,2481.3768,3.99288,0.0,0.0,0.0
26.1,39.96119597,-106.2164678,2481.3768,3.99288,0.0,0.0,0.0
26.2,39.96119605,-106.2164677,2481.3768,3.99288,0.0,0.0,0.0
26.3,39.96119626,-106.2164676,2481.3768,3.99288,0.0,0.0,0.0
26.4,39.96119631,-106.2164676,2481.3768,3.99288,0.0,0.0,0.0
26.5,39.96119629,-106.2164676,2481.3768,3.99288,0.0,0.0,0.0
26.6,39.96119628,-106.2164676,2481.3768,3.99288,0.0,0.0,0.0
26.7,39.96119628,-106.2164675,2481.3768,3.99288,0.0,0.0,0.0
26.8,39.96119623,-106.2164676,2481.3768,3.99288,0.0,0.0,0.0
26.9,39.96119608,-106.2164679,2481.3768,3.99288,0.0,0.0,0.0
27.0,39.96119603,-106.2164679,2481.3768,3.99288,0.0,0.0,0.0
27.1,39.9611959,-106.216468,2481.3768,3.99288,0.0,0.0,0.0
27.2,39.96119582,-106.2164681,2481.3768,3.99288,0.0,0.0,0.0
27.3,39.9611958,-106.2164681,2481.3768,3.99288,0.0,0.0,0.0
27.4,39.96119575,-106.2164681,2481.3768,3.99288,0.0,0.0,0.0
27.5,39.96119558,-106.2164681,2481.3768,3.99288,0.0,0.0,0.0
27.6,39.96119553,-106.2164681,2481.3768,3.99288,0.0,0.0,0.0
27.7,39.9611956,-106.216468,2481.3768,3.99288,0.0,0.0,0.0
27.8,39.96119556,-106.2164679,2481.3768,3.99288,0.0,0.0,0.0
27.9,39.96119563,-106.2164681,2481.3768,3.99288,0.0,0.0,0.0
28.0,39.96119559,-106.2164681,2481.3768,3.99288,0.0,0.0,0.0
28.1,39.96119549,-106.2164679,2481.3768,3.99288,0.0,0.0,0.0
28.2,39.96119546,-106.2164679,2481.3768,3.99288,0.0,0.0,0.0
28.3,39.96119555,-106.216468,2481.3768,3.99288,0.0,0.0,0.0
28.4,39.96119556,-106.2164679,2481.3768,3.99288,0.0,0.0,0.0
28.5,39.96119556,-106.216468,2481.3768,3.99288,0.0,0.0,0.0
28.6,39.96119559,-106.216468,2481.3768,3.99288,0.0,0.0,0.0
28.7,39.96119565,-106.2164679,2481.3768,3.99288,0.491744,0.0,0.0
28.8,39.96119564,-106.2164678,2481.3768,3.99288,0.0,0.0,0.0
28.9,39.96119569,-106.2164679,2481.3768,3.99288,0.0,0.0,0.0
29.0,39.96119567,-106.2164678,2481.3768,3.99288,0.0,0.0,0.0
29.1,39.96119572,-106.2164679,2481.3768,3.99288,0.0,0.0,0.0
29.2,39.96119572,-106.2164679,2481.3768,3.99288,0.0,0.0,0.0
29.3,39.96119574,-106.2164678,2481.3768,3.99288,0.0,0.0,0.0
29.4,39.96119573,-106.2164678,2481.3768,3.99288,0.0,0.0,0.0
29.5,39.96119574,-106.2164678,2481.3768,3.99288,0.0,0.0,0.0
29.6,39.96119572,-106.2164678,2481.3768,3.99288,0.0,0.0,0.0
29.7,39.96119571,-106.2164679,2481.3768,3.99288,0.0,0.0,0.0
29.8,39.96119568,-106.2164679,2481.3768,3.99288,0.0,0.0,0.0
29.9,39.96119553,-106.2164677,2481.3768,3.99288,0.0,0.0,0.0
30.0,39.9611955,-106.2164678,2481.3768,3.99288,0.0,0.0,0.0
30.1,39.96119554,-106.2164679,2481.3768,3.99288,0.0,0.0,0.0
30.2,39.96119553,-106.216468,2481.3768,3.99288,0.0,0.0,0.0
30.3,39.96119549,-106.2164681,2481.3768,3.99288,0.0,0.0,0.0
30.4,39.96119548,-106.2164681,2481.3768,3.99288,0.0,0.0,0.0
30.5,39.96119539,-106.216468,2481.3768,3.99288,0.0,0.0,0.0
30.6,39.96119536,-106.2164681,2481.3768,3.99288,0.0,0.0,0.0
30.7,39.96119538,-106.2164682,2481.3768,3.99288,0.0,0.0,0.0
30.8,39.96119538,-106.2164682,2481.3768,3.99288,0.0,0.0,0.0
30.9,39.96119529,-106.2164682,2481.3768,3.99288,0.0,0.0,0.0
31.0,39.96119528,-106.2164682,2481.3768,3.99288,0.0,0.0,0.0
31.1,39.96119534,-106.2164683,2481.3768,3.99288,0.0,0.0,0.0
31.2,39.96119531,-106.2164684,2481.3768,3.99288,0.0,0.0,0.0
31.3,39.96119527,-106.2164684,2481.3768,3.99288,0.0,0.0,0.0
31.4,39.96119527,-106.2164685,2481.3768,3.99288,0.0,0.0,0.0
31.5,39.96119535,-106.2164685,2481.3768,3.99288,0.0,0.0,0.0
31.6,39.96119536,-106.2164685,2481.3768,3.99288,0.0,0.0,0.0
31.7,39.9611954,-106.2164686,2481.3768,3.99288,0.0,0.0,0.0
31.8,39.96119538,-106.2164686,2481.3768,3.99288,0.0,0.0,0.0
31.9,39.96119549,-106.2164687,2481.3768,3.99288,0.0,0.0,0.0
32.0,39.9611955,-106.2164687,2481.3768,3.99288,0.0,0.0,0.0
32.099999999999994,39.96119527,-106.2164686,2481.3768,3.99288,0.0,0.0,0.0
32.2,39.96119525,-106.2164685,2481.3768,3.99288,0.0,0.0,0.0
32.3,39.9611953,-106.2164686,2481.3768,3.99288,0.0,0.0,0.0
32.4,39.9611953,-106.2164685,2481.3768,3.99288,0.0,0.0,0.0
32.5,39.9611952,-106.2164684,2481.3768,3.99288,0.0,0.0,0.0
32.599999999999994,39.9611952,-106.2164683,2481.3768,3.99288,0.0,0.0,0.0
32.7,39.96119527,-106.2164684,2481.3768,3.99288,0.0,0.0,0.0
32.8,39.96119528,-106.2164684,2481.3768,3.99288,0.0,0.0,0.0
32.9,39.96119528,-106.2164685,2481.3768,3.99288,0.0,0.0,0.0
33.0,39.96119527,-106.2164685,2481.3768,3.99288,0.0,0.0,0.0
33.099999999999994,39.9611952,-106.2164686,2481.3768,3.99288,0.0,0.0,0.0
33.2,39.96119515,-106.2164686,2481.3768,3.99288,0.0,0.0,0.0
33.3,39.96119508,-106.2164685,2481.3768,3.99288,0.0,0.0,0.0
33.4,39.96119503,-106.2164685,2481.3768,3.99288,0.0,0.0,0.0
33.5,39.96119492,-106.2164684,2481.3768,3.99288,0.0,0.0,0.0
33.599999999999994,39.96119489,-106.2164684,2481.3768,3.99288,0.0,0.0,0.0
33.7,39.96119491,-106.2164684,2481.3768,3.99288,0.0,0.0,0.0
33.8,39.96119488,-106.2164684,2481.3768,3.99288,0.0,0.0,0.0
33.9,39.96119483,-106.2164684,2481.3768,3.99288,0.0,0.0,0.0
34.0,39.96119477,-106.2164684,2481.3768,3.99288,0.0,0.0,0.0
34.099999999999994,39.96119477,-106.2164684,2481.3768,3.99288,0.0,0.0,0.0
34.2,39.9611947,-106.2164684,2481.3768,3.99288,0.0,0.0,0.0
34.3,39.96119459,-106.2164685,2481.3768,3.99288,0.0,0.0,0.0
34.4,39.96119452,-106.2164685,2481.3768,3.99288,0.0,0.0,0.0
34.5,39.96119455,-106.2164686,2481.3768,3.99288,0.0,0.0,0.0
34.599999999999994,39.96119449,-106.2164687,2481.3768,3.99288,0.0,0.0,0.0
34.7,39.96119453,-106.216469,2481.3768,3.99288,0.0,0.0,270.0
34.8,39.96119443,-106.2164692,2481.3768,3.99288,0.0,0.0,180.0
34.9,39.96119435,-106.2164694,2481.3768,3.99288,0.0,0.0,180.0
35.0,39.96119425,-106.2164695,2481.3768,3.99288,0.0,0.0,180.0
35.099999999999994,39.96119424,-106.2164697,2481.3768,3.99288,0.0,0.0,180.0
35.2,39.96119413,-106.2164698,2481.3768,3.99288,0.0,0.0,180.0
35.3,39.96119407,-106.2164698,2481.3768,3.99288,0.0,0.0,180.0
35.4,39.96119397,-106.21647,2481.3768,3.99288,0.0,0.0,180.0
35.5,39.96119388,-106.2164703,2481.3768,3.99288,0.0,0.0,180.0
35.599999999999994,39.96119379,-106.2164705,2481.3768,3.99288,0.0,0.0,180.0
35.7,39.96119361,-106.2164707,2481.3768,3.99288,0.0,0.0,270.0
35.8,39.96119366,-106.2164709,2481.3768,3.99288,0.0,0.0,270.0
35.9,39.96119379,-106.2164713,2481.3768,3.99288,0.67056,0.0,291.8014094863518
36.0,39.96119401,-106.2164717,2481.3768,3.99288,0.0,0.0,315.0
36.1,39.96119464,-106.216472,2481.3768,3.99288,0.491744,0.0,315.0
36.2,39.96119507,-106.2164725,2481.3768,3.99288,0.67056,0.0,322.1250163489018
36.3,39.96119568,-106.2164731,2481.3768,3.99288,0.67056,0.0,327.5288077091515
36.4,39.9611963,-106.2164736,2481.3768,3.99288,0.938784,0.0,325.304846468766
36.5,39.96119722,-106.216474,2481.3768,3.99288,1.0728959999999998,0.0,330.6422464572087
36.6,39.96119799,-106.2164746,2481.3768,3.99288,0.938784,0.0,330.6422464572087
36.7,39.96119883,-106.2164748,2481.3768,3.99288,0.938784,0.0,331.6992442339936
36.8,39.9611994,-106.2164753,2481.3768,3.99288,0.938784,0.0,330.94539590092285
36.9,39.96119973,-106.2164752,2481.3768,3.99288,0.0,0.0,315.0
37.0,39.96120004,-106.2164755,2481.3768,3.99288,0.491744,0.0,291.8014094863518
37.1,39.96120006,-106.2164753,2481.3768,3.99288,0.0,0.0,315.0
37.2,39.96120029,-106.2164755,2481.3768,3.99288,0.0,0.0,315.0
37.3,39.96120007,-106.2164756,2481.3768,3.99288,0.0,0.0,315.0
37.4,39.96120023,-106.2164757,2481.3768,3.99288,0.0,0.0,0.0
37.5,39.96120029,-106.2164758,2481.3768,3.99288,0.0,0.0,0.0
37.6,39.96120037,-106.2164758,2481.3768,3.99288,0.0,0.0,0.0
37.7,39.96120049,-106.2164757,2481.3768,3.99288,0.0,0.0,0.0
37.8,39.96120056,-106.2164757,2481.3768,3.99288,0.0,0.0,0.0
37.9,39.96120055,-106.2164757,2481.3768,3.99288,0.491744,0.0,0.0
38.0,39.96120059,-106.2164757,2481.3768,3.99288,0.0,0.0,0.0
38.1,39.96120055,-106.2164759,2481.3768,3.99288,0.491744,0.0,0.0
38.2,39.96120055,-106.2164758,2481.3768,3.99288,0.0,0.0,0.0
38.3,39.96120053,-106.2164758,2481.3768,3.99288,0.0,0.0,0.0
38.4,39.96120051,-106.2164758,2481.3768,3.99288,0.0,0.0,0.0
38.5,39.96120062,-106.2164759,2481.3768,3.99288,0.0,0.0,0.0
38.6,39.96120065,-106.2164759,2481.3768,3.99288,0.0,0.0,0.0
38.7,39.96120085,-106.2164759,2481.3768,3.99288,0.0,0.0,0.0
38.8,39.96120088,-106.2164759,2481.3768,3.99288,0.0,0.0,0.0
38.9,39.96120099,-106.2164758,2481.3768,3.99288,0.0,0.0,0.0
39.0,39.96120099,-106.2164758,2481.3768,3.99288,0.0,0.0,0.0
39.1,39.96120099,-106.2164758,2481.3768,3.99288,0.0,0.0,0.0
39.2,39.96120096,-106.2164758,2481.3768,3.99288,0.0,0.0,0.0
39.3,39.96120113,-106.2164757,2481.3768,3.99288,0.0,0.0,0.0
39.4,39.96120112,-106.2164757,2481.3768,3.99288,0.0,0.0,0.0
39.5,39.96120112,-106.2164758,2481.3768,3.99288,0.0,0.0,0.0
39.6,39.96120118,-106.2164758,2481.3768,3.99288,0.0,0.0,0.0
39.7,39.96120122,-106.2164759,2481.3768,3.99288,0.0,0.0,0.0
39.8,39.96120139,-106.2164759,2481.3768,3.99288,0.0,0.0,0.0
39.9,39.96120195,-106.2164761,2481.3768,3.99288,0.491744,0.0,0.0
40.0,39.96120227,-106.2164762,2481.3768,3.99288,0.0,0.0,0.0
40.1,39.96120291,-106.2164764,2481.3768,3.99288,0.0,0.0,347.4711922908485
40.2,39.9612034,-106.2164765,2481.3768,3.99288,0.67056,0.0,349.695153531234
40.3,39.96120408,-106.2164767,2481.3768,3.99288,0.67056,0.0,349.695153531234
40.4,39.96120472,-106.2164769,2481.3768,3.99288,0.67056,0.0,351.2538377374448
40.5,39.9612053,-106.2164773,2481.3768,3.99288,0.804672,0.0,342.64597536373867
40.6,39.96120608,-106.2164775,2481.3768,3.99288,0.938784,0.0,344.4758890032457
40.7,39.96120714,-106.2164778,2481.3768,3.99288,1.162304,0.0,353.6598082540901
40.8,39.96120798,-106.216478,2481.3768,3.99288,1.162304,0.0,352.8749836510982
40.9,39.96120872,-106.2164779,2481.3768,3.901440000000001,0.938784,0.0,351.2538377374448
41.0,39.9612093,-106.216478,2481.3768,3.99288,0.804672,0.0,347.4711922908485
41.1,39.96120955,-106.2164778,2481.3768,3.99288,0.491744,0.0,344.05460409907715
41.2,39.9612099,-106.2164779,2481.3768,3.99288,0.491744,0.0,338.1985905136482
41.3,39.96120969,-106.2164781,2481.3768,3.901440000000001,0.0,0.0,315.0
41.4,39.96120985,-106.2164782,2481.3768,3.901440000000001,0.0,0.0,315.0
41.5,39.96120983,-106.2164783,2481.3768,3.99288,0.0,0.0,270.0
41.6,39.96120985,-106.2164784,2481.3768,3.99288,0.0,0.0,270.0
41.7,39.96120949,-106.2164786,2481.3768,3.99288,0.0,0.0,180.0
41.8,39.96120926,-106.2164787,2481.3768,3.99288,0.0,0.0,180.0
41.9,39.96120892,-106.2164785,2481.3768,3.99288,0.491744,0.0,180.0
42.0,39.96120849,-106.2164785,2481.3768,3.99288,0.0,0.0,180.0
42.1,39.96120778,-106.2164784,2481.3768,3.99288,0.67056,0.0,180.0
42.2,39.96120723,-106.2164784,2481.3768,3.99288,0.67056,0.0,180.0
42.3,39.9612065,-106.2164785,2481.3768,3.99288,0.67056,0.0,180.0
42.4,39.96120573,-106.2164784,2481.3768,3.99288,0.804672,0.0,180.0
42.5,39.96120485,-106.2164785,2481.3768,3.99288,0.938784,0.0,180.0
42.6,39.96120388,-106.2164784,2481.3768,3.99288,1.162304,0.0,180.0
42.7,39.96120273,-106.2164783,2481.3768,3.99288,1.162304,0.0,180.0
42.8,39.96120163,-106.2164782,2481.3768,3.99288,1.251712,0.0,180.0
42.9,39.96120053,-106.2164783,2481.3768,3.99288,1.162304,0.0,180.0
43.0,39.96119935,-106.2164782,2481.3768,3.99288,1.34112,0.0,180.0
43.1,39.96119835,-106.2164783,2481.3768,3.99288,1.162304,0.0,180.0
43.2,39.96119709,-106.2164783,2481.3768,3.99288,1.34112,0.0,180.0
43.3,39.9611961,-106.2164783,2481.3768,3.99288,1.162304,0.0,180.0
43.4,39.96119476,-106.2164782,2481.3768,3.99288,1.34112,0.0,180.0
43.5,39.96119344,-106.2164785,2481.3768,3.99288,1.519936,0.0,180.0
43.6,39.96119201,-106.2164785,2481.3768,3.99288,1.56464,0.0,180.0
43.7,39.96119055,-106.2164784,2481.3768,3.99288,1.654048,0.0,180.0
43.8,39.96118902,-106.2164784,2481.3768,3.99288,1.78816,0.0,180.0
43.9,39.96118764,-106.2164786,2481.3768,3.99288,1.654048,0.0,180.0
44.0,39.96118603,-106.2164786,2481.3768,3.99288,1.654048,0.0,180.0
44.1,39.96118436,-106.2164785,2481.3768,3.99288,1.832864,0.0,180.0
44.2,39.96118267,-106.2164785,2481.3768,3.99288,1.877568,0.0,180.0
44.3,39.96118111,-106.2164784,2481.3768,3.99288,1.78816,0.0,177.33699923393283
44.4,39.96117937,-106.2164784,2481.3768,3.99288,1.877568,0.0,177.33699923393283
44.5,39.96117783,-106.2164784,2481.3768,3.99288,1.78816,0.0,177.33699923393283
44.6,39.96117605,-106.2164784,2481.3768,3.99288,1.877568,0.0,177.45519562018694
44.7,39.96117416,-106.2164781,2481.3768,3.99288,2.01168,0.0,177.45519562018694
44.8,39.9611723,-106.2164781,2481.3768,3.99288,2.101088,0.0,177.45519562018694
44.9,39.96117053,-106.2164781,2481.3768,3.99288,2.01168,0.0,180.0
45.0,39.96116862,-106.2164781,2481.3768,3.99288,2.056384,0.0,180.0
45.1,39.96116654,-106.2164781,2481.3768,3.99288,2.2352,0.0,180.0
45.2,39.96116456,-106.2164781,2481.3768,3.99288,2.2352,0.0,180.0
45.3,39.96116267,-106.2164782,2481.3768,3.99288,2.190496,0.0,180.0
45.4,39.96116068,-106.2164783,2481.3768,3.99288,2.101088,0.0,180.0
45.5,39.96115867,-106.2164782,2481.3768,3.99288,2.2352,0.0,180.0
45.6,39.96115668,-106.2164782,2481.3768,3.99288,2.2352,0.0,180.0
45.7,39.96115476,-106.2164783,2481.3768,3.99288,2.101088,0.0,177.66269414087617
45.8,39.96115274,-106.2164782,2481.3768,3.99288,2.190496,0.0,177.66269414087617
45.9,39.9611508,-106.2164782,2481.3768,3.99288,2.2352,0.0,177.75425743410494
46.0,39.96114875,-106.2164781,2481.3768,3.99288,2.2352,0.0,174.40066066347947
46.1,39.96114662,-106.2164777,2481.3768,3.99288,2.324608,0.0,177.75425743410494
46.2,39.96114458,-106.2164776,2481.3768,3.99288,2.324608,0.0,177.66269414087617
46.3,39.96114249,-106.2164775,2481.3768,3.99288,2.324608,0.0,177.75425743410494
46.4,39.96114037,-106.2164774,2481.3768,3.99288,2.324608,0.0,177.8789036033386
46.5,39.96113808,-106.2164774,2481.3768,3.99288,2.414016,0.0,174.70991879462872
46.6,39.96113585,-106.2164772,2481.3768,3.99288,2.503424,0.0,174.8978347476418
46.7,39.96113346,-106.2164771,2481.3768,3.99288,2.548128,0.0,174.8978347476418
46.8,39.96113116,-106.2164769,2481.3768,3.99288,2.592832,0.0,174.8978347476418
46.9,39.96112848,-106.2164767,2481.3768,3.99288,2.771648,0.0,174.8978347476418
47.0,39.96112615,-106.2164766,2481.3768,3.99288,2.771648,0.0,174.8978347476418
47.1,39.96112393,-106.2164762,2481.3768,3.99288,2.503424,0.0,174.8978347476418
47.2,39.9611216,-106.216476,2481.3768,3.99288,2.503424,0.0,172.8749836510982
47.3,39.96111933,-106.2164759,2481.3768,3.99288,2.548128,0.0,173.118276369363
47.4,39.96111697,-106.2164756,2481.3768,3.99288,2.503424,0.0,173.118276369363
47.5,39.96111464,-106.2164752,2481.3768,3.99288,2.592832,0.0,171.179620447979
47.6,39.96111229,-106.2164748,2481.3768,3.99288,2.68224,0.0,171.179620447979
47.7,39.96110986,-106.2164744,2481.3768,3.99288,2.68224,0.0,170.86982351772133
47.8,39.96110754,-106.2164739,2481.3768,3.99288,2.68224,0.0,168.88695946405164
47.9,39.96110542,-106.2164734,2481.3768,3.99288,2.503424,-0.089408,166.9306821037178
48.0,39.96110319,-106.2164727,2481.3768,3.99288,2.503424,-0.089408,163.49563861824504
48.1,39.96110083,-106.2164719,2481.3768,3.99288,2.592832,-0.312928,161.56505117707798
48.2,39.96109869,-106.216471,2481.3768,4.1148,2.592832,-0.312928,160.55996517182382
48.3,39.96109647,-106.2164699,2481.3768,4.1148,2.548128,-0.402336,157.79652146794265
48.4,39.9610945,-106.2164688,2481.6816000000003,4.20624,2.503424,-0.402336,154.91640599380912
48.5,39.96109273,-106.2164675,2481.6816000000003,4.20624,2.324608,-0.402336,150.94539590092285
48.6,39.96109097,-106.2164663,2481.6816000000003,4.20624,2.2352,-0.402336,149.82647997035565
48.7,39.96108935,-106.2164649,2481.6816000000003,4.29768,2.101088,-0.402336,146.65929265352304
48.8,39.96108786,-106.2164636,2481.6816000000003,4.29768,2.101088,-0.312928,143.13010235415595
48.9,39.96108646,-106.2164619,2481.6816000000003,4.38912,2.101088,-0.312928,141.546290783294
49.0,39.96108514,-106.2164605,2481.6816000000003,4.38912,2.01168,-0.312928,138.94518622903755
49.1,39.96108397,-106.216459,2481.6816000000003,4.38912,1.832864,-0.22352,139.23639479905887
49.2,39.96108276,-106.2164578,2481.9864,4.51104,1.78816,-0.089408,142.81529354676684
49.3,39.96108151,-106.2164568,2481.9864,4.51104,1.654048,0.0,145.40771131249005
49.4,39.96108034,-106.2164557,2481.9864,4.51104,1.654048,0.0,143.47114463301483
49.5,39.96107909,-106.216455,2481.9864,4.51104,1.519936,0.0,146.30993247402023
49.6,39.96107803,-106.2164541,2481.9864,4.51104,1.519936,0.0,147.38075692880716
49.7,39.96107673,-106.2164536,2481.9864,4.51104,1.519936,0.0,152.52556837372288
49.8,39.96107567,-106.2164529,2481.9864,4.51104,1.519936,0.0,152.52556837372288
49.9,39.96107477,-106.2164525,2481.6816000000003,4.38912,1.162304,0.0,156.2505055071333
50.0,39.96107375,-106.216452,2481.6816000000003,4.38912,1.162304,0.0,156.2505055071333
50.1,39.96107262,-106.2164516,2481.6816000000003,4.38912,1.34112,0.0,157.75097634278768
50.2,39.96107166,-106.2164512,2481.6816000000003,4.38912,1.162304,0.0,162.34987578006985
50.3,39.96107067,-106.2164508,2481.6816000000003,4.38912,1.162304,0.0,160.70995378081125
50.4,39.96106979,-106.2164505,2481.6816000000003,4.38912,1.0728959999999998,0.0,160.70995378081125
50.5,39.96106899,-106.2164503,2481.6816000000003,4.38912,0.938784,0.0,165.9637565320735
50.6,39.96106818,-106.2164501,2481.6816000000003,4.38912,0.938784,0.0,164.4758890032458
50.7,39.96106756,-106.2164501,2481.6816000000003,4.38912,0.804672,0.0,172.8749836510982
50.8,39.96106691,-106.21645,2481.6816000000003,4.38912,0.67056,0.0,172.8749836510982
50.9,39.96106642,-106.2164499,2481.6816000000003,4.38912,0.67056,0.0,180.0
51.0,39.96106574,-106.2164499,2481.9864,4.51104,0.67056,0.0,180.0
51.1,39.96106509,-106.21645,2481.9864,4.51104,0.67056,0.0,180.0
51.2,39.96106429,-106.2164501,2481.9864,4.51104,0.804672,0.0,180.0
51.3,39.96106334,-106.2164502,2481.9864,4.51104,0.938784,0.0,180.0
51.4,39.96106244,-106.2164503,2481.9864,4.51104,1.0728959999999998,0.0,180.0
51.5,39.96106144,-106.2164502,2481.9864,4.51104,1.0728959999999998,0.0,180.0
51.6,39.96106048,-106.2164504,2481.9864,4.51104,1.162304,0.0,180.0
51.7,39.96105955,-106.2164504,2481.9864,4.51104,1.0728959999999998,0.0,180.0
51.8,39.96105852,-106.2164505,2481.9864,4.51104,1.162304,0.0,180.0
51.9,39.96105736,-106.2164507,2481.9864,4.51104,1.34112,0.0,180.0
52.0,39.96105624,-106.2164508,2481.9864,4.51104,1.251712,0.0,180.0
52.1,39.96105512,-106.2164507,2481.9864,4.51104,1.162304,0.0,180.0
52.2,39.96105396,-106.2164508,2481.9864,4.51104,1.34112,0.0,180.0
52.3,39.96105268,-106.2164509,2481.9864,4.51104,1.162304,0.0,184.2363947990588
52.4,39.96105147,-106.2164511,2481.9864,4.51104,1.34112,0.0,180.0
52.5,39.96105046,-106.2164513,2481.9864,4.51104,1.162304,0.0,183.94518622903755
52.6,39.96104919,-106.2164515,2481.6816000000003,4.38912,1.34112,0.0,183.69138598645128
52.7,39.9610479,-106.2164515,2481.6816000000003,4.38912,1.519936,0.0,183.69138598645128
52.8,39.96104655,-106.2164517,2481.6816000000003,4.38912,1.519936,0.0,183.36646066342985
52.9,39.96104497,-106.216452,2481.6816000000003,4.38912,1.654048,0.0,183.36646066342985
53.0,39.96104356,-106.2164522,2481.6816000000003,4.38912,1.654048,0.0,183.36646066342985
53.1,39.96104219,-106.2164524,2481.6816000000003,4.38912,1.519936,0.0,183.36646066342985
53.2,39.96104076,-106.2164527,2481.6816000000003,4.38912,1.519936,0.0,183.36646066342985
53.3,39.96103937,-106.216453,2481.6816000000003,4.38912,1.56464,0.0,183.36646066342985
53.4,39.96103791,-106.2164532,2481.6816000000003,4.38912,1.56464,0.0,187.9071627029585
53.5,39.96103652,-106.2164536,2481.6816000000003,4.38912,1.654048,0.0,188.36588612403256
53.6,39.96103507,-106.2164539,2481.6816000000003,4.38912,1.654048,0.0,188.36588612403256
53.7,39.96103372,-106.2164542,2481.6816000000003,4.38912,1.654048,0.0,188.36588612403256
53.8,39.96103228,-106.2164546,2481.6816000000003,4.38912,1.654048,0.0,188.36588612403256
53.9,39.96103081,-106.216455,2481.6816000000003,4.38912,1.654048,0.0,187.9071627029585
54.0,39.96102932,-106.2164554,2481.6816000000003,4.38912,1.78816,0.0,187.9071627029585
54.1,39.96102793,-106.2164558,2481.6816000000003,4.38912,1.654048,0.0,187.9071627029585
54.2,39.96102643,-106.2164562,2481.6816000000003,4.38912,1.654048,0.0,187.9071627029585
54.3,39.96102491,-106.2164565,2481.9864,4.51104,1.78816,0.0,187.9071627029585
54.4,39.96102339,-106.2164569,2481.9864,4.51104,1.78816,0.0,187.9071627029585
54.5,39.961022,-106.2164572,2481.9864,4.51104,1.654048,0.0,187.49585763972985
54.6,39.96102044,-106.2164575,2481.9864,4.51104,1.6987519999999998,0.0,187.49585763972985
54.7,39.96101867,-106.216458,2481.9864,4.51104,1.877568,0.0,187.49585763972985
54.8,39.96101707,-106.2164583,2481.9864,4.51104,1.877568,0.0,187.49585763972985
54.9,39.96101542,-106.2164586,2481.9864,4.51104,1.832864,0.0,187.49585763972985
55.0,39.96101382,-106.216459,2481.9864,4.51104,1.78816,0.0,187.49585763972985
55.1,39.96101248,-106.2164593,2481.9864,4.51104,1.6987519999999998,0.0,187.49585763972985
55.2,39.96101086,-106.2164596,2481.9864,4.51104,1.654048,0.0,187.49585763972985
55.3,39.96100931,-106.2164601,2481.9864,4.51104,1.832864,0.0,187.49585763972985
55.4,39.9610077,-106.2164605,2481.9864,4.51104,1.78816,0.0,187.1250163489018
55.5,39.96100604,-106.2164608,2481.9864,4.51104,1.877568,0.0,187.1250163489018
55.6,39.9610044,-106.2164611,2481.9864,4.51104,1.877568,0.0,187.1250163489018
55.7,39.96100277,-106.2164615,2481.9864,4.51104,1.877568,0.0,187.1250163489018
55.8,39.9610011,-106.2164618,2481.9864,4.51104,1.877568,0.0,187.1250163489018
55.9,39.96099937,-106.2164623,2481.9864,4.51104,2.01168,0.0,187.1250163489018
56.0,39.96099773,-106.2164627,2481.9864,4.51104,1.877568,0.0,189.9262455066517
56.1,39.96099595,-106.216463,2481.9864,4.51104,2.01168,0.0,189.9262455066517
56.2,39.96099425,-106.2164635,2481.9864,4.51104,1.966976,0.0,189.9262455066517
56.3,39.96099262,-106.216464,2481.9864,4.51104,1.877568,0.0,189.9262455066517
56.4,39.96099091,-106.2164645,2481.9864,4.51104,1.877568,0.0,189.24611274556324
56.5,39.96098907,-106.2164651,2481.9864,4.51104,2.01168,0.0,189.24611274556324
56.6,39.96098735,-106.2164655,2481.9864,4.51104,2.01168,0.0,189.24611274556324
56.7,39.96098579,-106.2164659,2481.9864,4.51104,1.877568,0.0,189.9262455066517
56.8,39.96098411,-106.2164663,2481.9864,4.51104,1.877568,0.0,189.9262455066517
56.9,39.96098235,-106.2164668,2481.9864,4.51104,2.01168,0.0,189.9262455066517
57.0,39.96098073,-106.2164673,2481.9864,4.51104,1.877568,0.0,190.43747535111817
57.1,39.96097916,-106.2164679,2481.9864,4.51104,1.78816,0.0,190.43747535111817
57.2,39.96097758,-106.2164683,2481.9864,4.51104,1.78816,0.0,187.49585763972985
57.3,39.96097606,-106.2164686,2481.9864,4.51104,1.6987519999999998,0.0,187.49585763972985
57.4,39.96097448,-106.216469,2481.9864,4.51104,1.78816,0.0,187.49585763972985
57.5,39.96097303,-106.2164693,2481.9864,4.51104,1.6987519999999998,0.0,190.43747535111817
57.6,39.96097145,-106.2164697,2481.9864,4.51104,1.654048,0.0,187.49585763972985
57.7,39.96097,-106.2164699,2481.9864,4.51104,1.78816,0.0,187.1250163489018
57.8,39.96096838,-106.2164703,2481.9864,4.51104,1.78816,0.0,187.1250163489018
57.9,39.9609665,-106.2164707,2481.9864,4.51104,2.01168,0.0,189.9262455066517
58.0,39.96096488,-106.2164712,2481.9864,4.51104,2.01168,0.0,190.43747535111817
58.1,39.96096316,-106.2164715,2481.9864,4.51104,1.877568,0.0,190.43747535111817
58.2,39.96096154,-106.216472,2481.9864,4.51104,1.877568,0.0,189.9262455066517
58.3,39.96096003,-106.2164726,2481.9864,4.51104,1.78816,0.0,189.9262455066517
58.4,39.96095839,-106.2164731,2481.9864,4.51104,1.78816,0.0,189.9262455066517
58.5,39.96095663,-106.2164737,2481.9864,4.51104,1.877568,0.0,189.9262455066517
58.6,39.96095498,-106.2164742,2481.9864,4.51104,1.877568,0.0,192.6803834918198
58.7,39.96095356,-106.2164746,2481.9864,4.51104,1.6987519999999998,0.0,192.6803834918198
58.8,39.96095192,-106.2164752,2481.9864,4.51104,1.6987519999999998,0.0,192.6803834918198
58.9,39.96095027,-106.216476,2481.9864,4.51104,1.877568,0.0,192.6803834918198
59.0,39.96094863,-106.2164765,2481.9864,4.51104,1.966976,0.0,192.6803834918198
59.1,39.96094689,-106.2164772,2481.9864,4.51104,1.966976,0.0,192.6803834918198
59.2,39.96094516,-106.2164777,2481.9864,4.51104,2.01168,0.0,189.24611274556324
59.3,39.96094322,-106.2164781,2481.9864,4.51104,2.101088,0.0,188.8418145601917
59.4,39.9609414,-106.2164785,2481.9864,4.51104,2.101088,0.089408,188.8418145601917
59.5,39.96093949,-106.216479,2481.9864,4.51104,2.101088,0.089408,188.8418145601917
59.6,39.96093764,-106.2164795,2481.9864,4.51104,2.190496,0.0,188.8418145601917
59.7,39.96093588,-106.2164798,2481.9864,4.51104,2.01168,0.0,188.8418145601917
59.8,39.96093406,-106.2164802,2481.9864,4.51104,2.01168,0.0,188.8418145601917
59.9,39.96093203,-106.2164806,2481.9864,4.51104,2.2352,0.0,188.8418145601917
60.0,39.96093015,-106.216481,2481.9864,4.51104,2.2352,0.0,188.8418145601917
60.1,39.96092828,-106.2164815,2481.9864,4.51104,2.101088,0.0,188.47114463301483
60.2,39.96092636,-106.2164819,2481.6816000000003,4.38912,2.190496,0.0,188.47114463301483
60.3,39.96092456,-106.2164822,2481.6816000000003,4.38912,2.101088,0.0,188.47114463301483
60.4,39.96092261,-106.2164826,2481.6816000000003,4.38912,2.101088,0.0,188.47114463301483
60.5,39.96092056,-106.2164831,2481.6816000000003,4.38912,2.2352,0.0,188.13010235415595
60.6,39.96091855,-106.2164835,2481.6816000000003,4.38912,2.324608,0.0,188.13010235415595
60.7,39.96091663,-106.2164838,2481.6816000000003,4.38912,2.324608,0.0,188.13010235415595
60.8,39.96091461,-106.2164843,2481.6816000000003,4.38912,2.2352,0.0,188.13010235415595
60.9,39.96091233,-106.2164851,2481.6816000000003,4.38912,2.45872,0.0,190.40771131249005
61.0,39.96091028,-106.2164856,2481.6816000000003,4.38912,2.503424,0.0,190.40771131249005
61.1,39.96090831,-106.2164862,2481.6816000000003,4.38912,2.324608,0.0,190.40771131249005
61.2,39.96090625,-106.2164867,2481.6816000000003,4.38912,2.279904,0.0,190.40771131249005
61.3,39.96090417,-106.2164872,2481.6816000000003,4.38912,2.324608,0.0,190.40771131249005
61.4,39.96090213,-106.2164877,2481.6816000000003,4.38912,2.324608,0.0,188.13010235415595
61.5,39.96090024,-106.2164882,2481.6816000000003,4.38912,2.2352,0.0,188.13010235415595
61.6,39.96089825,-106.2164887,2481.6816000000003,4.38912,2.2352,0.0,188.47114463301483
61.7,39.96089657,-106.2164889,2481.6816000000003,4.38912,2.101088,0.0,190.84030545433052
61.8,39.96089461,-106.2164894,2481.6816000000003,4.38912,2.101088,0.0,190.84030545433052
61.9,39.96089251,-106.2164899,2481.9864,4.51104,2.324608,0.0,188.13010235415595
62.0,39.96089052,-106.2164904,2481.9864,4.51104,2.369312,0.0,188.13010235415595
62.1,39.96088854,-106.216491,2481.9864,4.51104,2.2352,0.0,188.13010235415595
62.2,39.96088648,-106.2164914,2481.9864,4.51104,2.324608,0.0,187.81529354676687
62.3,39.9608843,-106.2164917,2481.9864,4.51104,2.414016,0.0,188.13010235415595
62.4,39.96088225,-106.216492,2481.9864,4.51104,2.414016,0.0,188.13010235415595
62.5,39.96088011,-106.2164925,2481.9864,4.51104,2.324608,0.0,188.13010235415595
62.6,39.96087806,-106.2164928,2481.9864,4.51104,2.414016,0.0,188.13010235415595
62.7,39.96087627,-106.2164932,2481.9864,4.51104,2.2352,0.0,185.82634202955572
62.8,39.96087428,-106.2164935,2481.9864,4.51104,2.2352,0.0,185.82634202955572
62.9,39.96087228,-106.2164938,2481.9864,4.51104,2.2352,0.0,185.82634202955572
63.0,39.9608703,-106.2164941,2481.9864,4.51104,2.2352,0.0,186.07245640720768
63.1,39.96086823,-106.2164944,2481.9864,4.51104,2.324608,0.0,185.82634202955572
63.2,39.96086624,-106.2164947,2481.9864,4.51104,2.2352,0.0,186.07245640720768
63.3,39.96086438,-106.2164949,2481.9864,4.51104,2.101088,0.0,186.07245640720768
63.4,39.96086241,-106.2164952,2481.9864,4.51104,2.101088,0.0,186.07245640720768
63.5,39.9608604,-106.2164953,2481.9864,4.51104,2.190496,0.0,186.07245640720768
63.6,39.96085846,-106.2164956,2481.9864,4.51104,2.2352,0.0,186.07245640720768
63.7,39.96085662,-106.216496,2481.9864,4.51104,2.101088,0.0,186.07245640720768
63.8,39.96085472,-106.2164964,2481.9864,4.51104,2.101088,0.0,188.47114463301483
63.89999999999999,39.96085252,-106.2164968,2481.9864,4.51104,2.279904,0.0,188.47114463301483
64.0,39.96085055,-106.2164972,2481.9864,4.51104,2.324608,0.0,188.47114463301483
64.1,39.96084869,-106.2164978,2481.9864,4.51104,2.101088,0.0,188.47114463301483
64.2,39.9608467,-106.2164982,2481.9864,4.51104,2.190496,0.0,188.47114463301483
64.3,39.96084462,-106.2164986,2481.9864,4.51104,2.324608,0.0,185.82634202955572
64.39999999999999,39.96084259,-106.2164989,2481.9864,4.51104,2.324608,0.0,185.82634202955572
64.5,39.96084049,-106.2164993,2481.9864,4.51104,2.324608,0.0,188.13010235415595
64.6,39.96083844,-106.2164998,2481.9864,4.51104,2.324608,0.0,188.13010235415595
64.7,39.96083644,-106.2165001,2481.9864,4.51104,2.324608,0.0,188.13010235415595
64.8,39.96083441,-106.2165006,2481.9864,4.51104,2.279904,0.0,188.13010235415595
64.89999999999999,39.96083218,-106.2165013,2481.9864,4.51104,2.414016,0.0,188.47114463301483
65.0,39.96083018,-106.2165018,2481.9864,4.51104,2.414016,0.0,188.47114463301483
65.1,39.96082822,-106.2165021,2481.9864,4.51104,2.324608,0.0,188.47114463301483
65.2,39.96082623,-106.2165026,2481.9864,4.51104,2.2352,0.0,188.47114463301483
65.3,39.96082432,-106.2165029,2481.9864,4.51104,2.2352,0.0,188.47114463301483
65.39999999999999,39.96082231,-106.2165034,2481.9864,4.51104,2.2352,0.0,188.13010235415595
65.5,39.96082024,-106.2165038,2481.9864,4.51104,2.324608,0.0,188.13010235415595
65.6,39.96081819,-106.2165042,2481.9864,4.51104,2.324608,0.0,188.13010235415595
65.7,39.9608161,-106.2165045,2481.9864,4.51104,2.324608,0.0,188.13010235415595
65.8,39.96081403,-106.2165049,2481.9864,4.51104,2.369312,0.0,188.13010235415595
65.89999999999999,39.96081178,-106.2165053,2481.9864,4.51104,2.414016,0.0,188.13010235415595
66.0,39.96080973,-106.2165057,2481.9864,4.51104,2.414016,0.0,188.13010235415595
66.1,39.9608076,-106.2165063,2481.9864,4.51104,2.414016,0.0,188.13010235415595
66.2,39.96080553,-106.2165067,2481.9864,4.51104,2.324608,0.0,188.13010235415595
66.3,39.96080355,-106.2165071,2481.9864,4.51104,2.324608,0.0,185.82634202955572
66.39999999999999,39.96080148,-106.2165074,2481.9864,4.51104,2.324608,0.0,185.82634202955572
66.5,39.96079941,-106.2165077,2481.6816000000003,4.38912,2.369312,0.0,185.82634202955572
66.6,39.96079733,-106.2165081,2481.6816000000003,4.38912,2.369312,0.0,185.82634202955572
66.7,39.96079546,-106.2165082,2481.6816000000003,4.38912,2.2352,0.0,185.82634202955572
66.8,39.9607934,-106.2165086,2481.6816000000003,4.38912,2.101088,0.0,185.82634202955572
66.89999999999999,39.96079139,-106.2165089,2481.6816000000003,4.38912,2.2352,0.0,185.82634202955572
67.0,39.96078936,-106.2165093,2481.6816000000003,4.38912,2.279904,0.0,185.82634202955572
67.1,39.96078735,-106.2165096,2481.6816000000003,4.38912,2.324608,0.0,185.82634202955572
67.2,39.96078532,-106.2165099,2481.9864,4.51104,2.324608,0.0,185.82634202955572
67.3,39.96078342,-106.2165103,2481.9864,4.51104,2.2352,0.0,185.82634202955572
67.39999999999999,39.96078142,-106.2165106,2481.9864,4.51104,2.2352,0.0,185.82634202955572
67.5,39.96077947,-106.2165109,2481.9864,4.51104,2.101088,0.0,188.13010235415595
67.6,39.96077747,-106.2165112,2481.9864,4.51104,2.2352,0.0,185.82634202955572
67.7,39.96077565,-106.2165116,2481.9864,4.51104,2.101088,0.0,188.13010235415595
67.8,39.96077366,-106.216512,2481.9864,4.51104,2.190496,0.0,188.13010235415595
67.89999999999999,39.96077162,-106.2165125,2481.9864,4.51104,2.324608,0.0,188.13010235415595
68.0,39.96076964,-106.2165129,2481.9864,4.51104,2.324608,0.0,188.13010235415595
68.1,39.96076763,-106.2165134,2481.6816000000003,4.38912,2.279904,0.0,188.13010235415595
68.2,39.96076564,-106.2165139,2481.6816000000003,4.38912,2.324608,0.0,188.13010235415595
68.3,39.96076361,-106.2165143,2481.6816000000003,4.38912,2.279904,0.0,188.13010235415595
68.39999999999999,39.9607616,-106.2165147,2481.6816000000003,4.38912,2.279904,0.0,188.13010235415595
68.5,39.96075954,-106.2165153,2481.6816000000003,4.38912,2.324608,0.0,185.82634202955572
68.6,39.96075753,-106.2165156,2481.6816000000003,4.38912,2.324608,0.0,185.82634202955572
68.7,39.96075556,-106.2165159,2481.9864,4.51104,2.2352,-0.089408,188.13010235415595
68.8,39.96075357,-106.2165163,2481.9864,4.51104,2.2352,-0.089408,188.13010235415595
68.89999999999999,39.96075164,-106.2165168,2481.9864,4.51104,2.2352,-0.089408,188.47114463301483
69.0,39.96074969,-106.2165172,2481.9864,4.51104,2.2352,0.0,188.47114463301483
69.1,39.96074771,-106.2165178,2481.9864,4.51104,2.279904,0.0,188.13010235415595
69.2,39.9607457,-106.2165182,2481.9864,4.51104,2.324608,0.0,188.13010235415595
69.3,39.96074371,-106.2165187,2481.9864,4.51104,2.279904,0.0,188.13010235415595
69.39999999999999,39.96074166,-106.2165191,2481.9864,4.51104,2.324608,0.0,188.13010235415595
69.5,39.96073951,-106.2165196,2481.9864,4.51104,2.414016,0.0,188.13010235415595
69.6,39.96073748,-106.21652,2481.9864,4.51104,2.369312,0.0,188.13010235415595
69.7,39.9607356,-106.2165204,2481.9864,4.51104,2.2352,0.0,190.40771131249005
69.8,39.96073361,-106.2165209,2481.9864,4.51104,2.101088,0.0,190.40771131249005
69.89999999999999,39.96073131,-106.2165215,2481.9864,4.51104,2.369312,0.0,190.40771131249005
70.0,39.96072932,-106.216522,2481.9864,4.51104,2.414016,0.0,190.40771131249005
70.1,39.96072758,-106.2165228,2481.9864,4.51104,2.101088,0.0,190.40771131249005
70.2,39.96072561,-106.2165233,2481.9864,4.51104,2.101088,0.0,190.84030545433052
70.3,39.9607236,-106.2165239,2481.9864,4.51104,2.279904,0.0,190.84030545433052
70.39999999999999,39.96072165,-106.2165244,2481.9864,4.51104,2.324608,0.0,190.84030545433052
70.5,39.96071976,-106.216525,2481.9864,4.51104,2.190496,0.0,190.84030545433052
70.6,39.96071781,-106.2165256,2481.9864,4.51104,2.2352,0.0,190.84030545433052
70.7,39.96071603,-106.2165259,2481.9864,4.51104,2.101088,0.0,190.84030545433052
70.8,39.9607141,-106.2165265,2481.9864,4.51104,2.101088,0.0,190.84030545433052
70.89999999999999,39.96071181,-106.2165271,2481.9864,4.51104,2.369312,0.0,190.84030545433052
71.0,39.96070984,-106.2165277,2481.9864,4.51104,2.414016,0.0,190.84030545433052
71.1,39.96070793,-106.2165282,2481.9864,4.51104,2.2352,0.0,190.84030545433052
71.2,39.96070598,-106.2165287,2481.9864,4.51104,2.2352,0.0,190.84030545433052
71.3,39.96070405,-106.2165292,2481.9864,4.51104,2.2352,0.0,190.84030545433052
71.39999999999999,39.96070207,-106.2165297,2481.9864,4.51104,2.2352,-0.089408,188.47114463301483
71.5,39.96070025,-106.2165301,2481.9864,4.51104,2.101088,0.0,188.47114463301483
71.6,39.96069828,-106.2165306,2481.9864,4.51104,2.101088,0.0,188.47114463301483
71.7,39.96069645,-106.2165308,2481.9864,4.51104,2.101088,0.0,188.47114463301483
71.8,39.96069447,-106.2165313,2481.9864,4.51104,2.190496,0.0,188.13010235415595
71.89999999999999,39.96069219,-106.2165319,2481.9864,4.51104,2.414016,0.0,188.13010235415595
72.0,39.96069017,-106.2165324,2481.9864,4.51104,2.414016,0.0,188.13010235415595
72.1,39.96068807,-106.2165327,2481.9864,4.51104,2.324608,0.0,188.13010235415595
72.2,39.96068602,-106.2165331,2481.9864,4.51104,2.369312,0.0,188.13010235415595
72.3,39.96068389,-106.2165338,2481.9864,4.51104,2.414016,0.0,187.81529354676687
72.39999999999999,39.96068178,-106.2165342,2481.9864,4.51104,2.414016,0.0,187.81529354676687
72.5,39.96067959,-106.2165346,2481.9864,4.51104,2.414016,0.089408,187.81529354676687
72.6,39.96067744,-106.2165351,2481.9864,4.51104,2.45872,0.0,190.0079798014413
72.7,39.96067537,-106.2165355,2481.9864,4.51104,2.414016,0.0,187.81529354676687
72.8,39.96067324,-106.2165359,2481.9864,4.51104,2.369312,0.0,187.81529354676687
72.89999999999999,39.96067103,-106.2165363,2481.9864,4.51104,2.414016,0.0,187.81529354676687
73.0,39.96066889,-106.2165368,2481.9864,4.51104,2.45872,0.0,187.81529354676687
73.1,39.9606669,-106.2165372,2481.6816000000003,4.38912,2.324608,0.089408,187.81529354676687
73.2,39.96066477,-106.2165377,2481.6816000000003,4.38912,2.324608,0.0,190.0079798014413
73.3,39.96066257,-106.2165383,2481.6816000000003,4.38912,2.414016,0.0,190.0079798014413
73.39999999999999,39.96066048,-106.2165388,2481.6816000000003,4.38912,2.414016,0.0,190.40771131249005
73.5,39.96065839,-106.2165393,2481.6816000000003,4.38912,2.414016,0.0,190.40771131249005
73.6,39.96065633,-106.2165398,2481.6816000000003,4.38912,2.369312,0.0,190.40771131249005
73.7,39.9606545,-106.2165402,2481.6816000000003,4.38912,2.2352,0.0,188.13010235415595
73.8,39.96065246,-106.2165407,2481.6816000000003,4.38912,2.2352,0.0,188.13010235415595
73.89999999999999,39.96065044,-106.2165412,2481.6816000000003,4.38912,2.279904,0.0,188.13010235415595
74.0,39.96064842,-106.2165417,2481.6816000000003,4.38912,2.279904,0.0,188.13010235415595
74.1,39.96064638,-106.2165421,2481.9864,4.51104,2.324608,0.0,188.13010235415595
74.2,39.96064436,-106.2165426,2481.9864,4.51104,2.324608,0.0,188.13010235415595
74.3,39.9606424,-106.2165429,2481.9864,4.51104,2.2352,0.0,188.13010235415595
74.39999999999999,39.96064033,-106.2165434,2481.9864,4.51104,2.279904,0.0,190.0079798014413
74.5,39.96063829,-106.2165439,2481.9864,4.51104,2.324608,0.0,190.40771131249005
74.6,39.96063622,-106.2165444,2481.9864,4.51104,2.324608,0.0,190.40771131249005
74.7,39.96063411,-106.216545,2481.9864,4.51104,2.369312,0.0,190.40771131249005
74.8,39.96063203,-106.2165455,2481.9864,4.51104,2.414016,0.0,190.40771131249005
74.89999999999999,39.96062988,-106.2165462,2481.9864,4.51104,2.414016,0.0,190.40771131249005
75.0,39.96062779,-106.2165468,2481.9864,4.51104,2.414016,0.0,190.0079798014413
75.1,39.96062577,-106.2165472,2481.9864,4.51104,2.324608,0.0,190.0079798014413
75.2,39.96062365,-106.2165477,2481.9864,4.51104,2.324608,0.0,187.81529354676687
75.3,39.96062145,-106.2165482,2481.9864,4.51104,2.414016,0.0,190.0079798014413
75.39999999999999,39.96061929,-106.2165487,2481.9864,4.51104,2.503424,0.0,190.0079798014413
75.5,39.96061701,-106.2165492,2481.9864,4.51104,2.503424,0.0,190.0079798014413
75.6,39.96061486,-106.2165497,2481.9864,4.51104,2.503424,0.0,190.0079798014413
75.7,39.96061288,-106.2165505,2481.9864,4.51104,2.324608,0.0,190.0079798014413
75.8,39.96061074,-106.2165511,2481.9864,4.51104,2.414016,0.0,192.17145820858747
75.89999999999999,39.9606084,-106.2165516,2481.9864,4.51104,2.503424,0.0,192.17145820858747
76.0,39.96060624,-106.2165522,2481.9864,4.51104,2.548128,0.0,192.17145820858747
76.1,39.96060407,-106.2165531,2481.9864,4.51104,2.503424,0.0,192.17145820858747
76.2,39.9606019,-106.2165537,2481.9864,4.51104,2.503424,0.0,190.0079798014413
76.3,39.96059977,-106.2165542,2481.9864,4.51104,2.414016,0.0,190.0079798014413
76.39999999999999,39.96059762,-106.2165547,2481.9864,4.51104,2.414016,0.0,190.0079798014413
76.5,39.96059549,-106.2165554,2481.9864,4.51104,2.414016,0.0,190.0079798014413
76.6,39.96059335,-106.2165559,2481.9864,4.51104,2.414016,0.0,190.0079798014413
76.7,39.96059127,-106.2165562,2481.9864,4.51104,2.369312,0.0,190.0079798014413
76.8,39.96058915,-106.2165567,2481.9864,4.51104,2.414016,0.0,190.0079798014413
76.89999999999999,39.96058702,-106.2165575,2481.9864,4.51104,2.369312,0.0,190.0079798014413
77.0,39.96058493,-106.216558,2481.9864,4.51104,2.414016,0.0,190.40771131249005
77.1,39.96058276,-106.2165585,2481.9864,4.51104,2.414016,0.0,190.40771131249005
77.2,39.96058067,-106.216559,2481.9864,4.51104,2.414016,0.0,190.40771131249005
77.3,39.96057867,-106.2165593,2481.9864,4.51104,2.324608,0.0,190.40771131249005
77.39999999999999,39.96057658,-106.2165598,2481.9864,4.51104,2.324608,0.0,190.0079798014413
77.5,39.96057456,-106.2165606,2481.9864,4.51104,2.324608,-0.22352,190.0079798014413
77.6,39.96057238,-106.2165611,2481.9864,4.51104,2.324608,-0.715264,189.46232220802565
77.7,39.96057043,-106.2165615,2481.9864,4.60248,2.324608,-1.1176,192.17145820858747
77.8,39.96056832,-106.2165621,2482.2912,4.78536,2.324608,-1.385824,192.17145820858747
77.89999999999999,39.96056572,-106.2165631,2482.2912,4.907280000000001,2.68224,-1.6987519999999998,194.3002774491856
78.0,39.96056353,-106.2165638,2482.596,5.09016,2.771648,-1.78816,193.53585636913425
78.1,39.96056161,-106.2165646,2482.596,5.30352,2.324608,-2.01168,191.513831184487
78.2,39.96055939,-106.2165653,2482.9008000000003,5.486400000000001,2.414016,-2.101088,191.513831184487
78.3,39.96055691,-106.2165664,2483.2056,5.69976,2.68224,-2.101088,191.1130405359483
78.39999999999999,39.96055463,-106.216567,2483.2056,5.91312,2.726944,-2.101088,191.513831184487
78.5,39.96055268,-106.2165671,2483.5104,6.1874400000000005,2.369312,-2.101088,189.46232220802565
78.6,39.96055044,-106.2165677,2483.8152,6.4008,2.414016,-2.01168,189.46232220802565
78.7,39.9605483,-106.2165681,2484.1200000000003,6.61416,2.45872,-2.01168,189.46232220802565
78.8,39.96054605,-106.2165686,2484.1200000000003,6.797040000000001,2.503424,-2.01168,189.46232220802565
78.89999999999999,39.96054378,-106.2165692,2484.4248,7.010400000000001,2.548128,-2.01168,189.46232220802565
79.0,39.96054156,-106.2165697,2484.7296,7.193280000000001,2.548128,-2.01168,189.46232220802565
79.1,39.96053931,-106.2165698,2484.7296,7.40664,2.503424,-2.01168,189.46232220802565
79.2,39.96053708,-106.2165703,2485.0344,7.58952,2.503424,-2.01168,189.46232220802565
79.3,39.96053483,-106.2165706,2485.3392000000003,7.802880000000001,2.503424,-1.922272,189.46232220802565
79.39999999999999,39.96053261,-106.2165711,2485.3392000000003,7.98576,2.503424,-1.922272,191.513831184487
79.5,39.96053047,-106.2165719,2485.644,8.19912,2.503424,-1.922272,191.513831184487
79.6,39.96052826,-106.2165725,2485.9488,8.41248,2.503424,-1.922272,191.513831184487
79.7,39.96052611,-106.2165734,2485.9488,8.59536,2.503424,-1.922272,191.513831184487
79.8,39.96052388,-106.216574,2486.2536,8.80872,2.503424,-1.922272,191.513831184487
79.89999999999999,39.96052148,-106.2165743,2486.2536,8.9916,2.592832,-1.922272,189.46232220802565
80.0,39.96051923,-106.2165748,2486.5584000000003,9.20496,2.592832,-1.922272,189.46232220802565
80.1,39.96051691,-106.2165754,2486.8632,9.38784,2.592832,-1.922272,191.1130405359483
80.2,39.96051463,-106.2165759,2486.8632,9.50976,2.592832,-1.922272,191.1130405359483
80.3,39.96051235,-106.2165767,2487.168,9.69264,2.592832,-1.922272,191.1130405359483
80.39999999999999,39.96051004,-106.2165772,2487.168,9.906,2.592832,-2.01168,191.1130405359483
80.5,39.96050744,-106.2165781,2487.4728,10.08888,2.771648,-2.01168,191.1130405359483
80.6,39.96050509,-106.2165787,2487.7776000000003,10.30224,2.861056,-2.01168,191.1130405359483
80.7,39.96050295,-106.2165793,2487.7776000000003,10.48512,2.503424,-1.922272,191.1130405359483
80.8,39.96050062,-106.2165799,2488.0824,10.698480000000002,2.503424,-1.922272,191.1130405359483
80.89999999999999,39.96049802,-106.2165809,2488.3872,10.91184,2.816352,-1.922272,190.73889710090543
81.0,39.96049564,-106.2165816,2488.3872,11.09472,2.861056,-2.01168,190.73889710090543
81.1,39.96049342,-106.2165821,2488.692,11.30808,2.548128,-2.01168,190.73889710090543
81.2,39.96049103,-106.2165827,2488.9968000000003,11.49096,2.592832,-2.01168,190.73889710090543
81.3,39.96048861,-106.2165835,2488.9968000000003,11.61288,2.726944,-2.01168,190.73889710090543
81.39999999999999,39.96048619,-106.2165841,2489.3016,11.79576,2.771648,-2.01168,188.82037955202105
81.5,39.9604837,-106.2165846,2489.3016,12.00912,2.771648,-2.01168,188.82037955202105
81.6,39.96048128,-106.2165852,2489.6064,12.192,2.771648,-2.01168,188.82037955202105
81.7,39.96047902,-106.2165857,2489.9112,12.405360000000002,2.6375360000000003,-2.01168,188.82037955202105
81.8,39.9604766,-106.2165863,2489.9112,12.58824,2.68224,-1.922272,188.82037955202105
81.89999999999999,39.96047404,-106.2165868,2490.2160000000003,12.8016,2.816352,-2.01168,188.53076560994813
82.0,39.96047158,-106.2165874,2490.2160000000003,12.89304,2.861056,-1.922272,190.3888578154696
82.1,39.9604692,-106.216588,2490.5208,13.1064,2.726944,-1.922272,190.3888578154696
82.2,39.96046673,-106.2165886,2490.8256,13.289280000000002,2.771648,-2.01168,188.53076560994813
82.3,39.96046439,-106.216589,2490.8256,13.50264,2.68224,-2.01168,188.53076560994813
82.39999999999999,39.96046197,-106.2165895,2491.1304,13.68552,2.68224,-1.922272,186.8817236306369
82.5,39.96045965,-106.2165897,2491.4352000000003,13.898880000000002,2.68224,-2.01168,185.29008120537125
82.6,39.96045746,-106.21659,2491.4352000000003,14.11224,2.503424,-1.922272,185.59933933652056
82.7,39.96045561,-106.21659,2491.74,14.29512,2.279904,-1.922272,185.59933933652056
82.8,39.96045356,-106.2165903,2492.0448,14.50848,2.101088,-1.922272,185.82634202955572
82.89999999999999,39.96045151,-106.2165906,2492.0448,14.69136,2.324608,-1.922272,188.13010235415595
83.0,39.96044948,-106.216591,2492.3496,14.90472,2.2352,-1.922272,188.13010235415595
83.1,39.96044775,-106.2165914,2492.6544000000004,15.0876,2.101088,-2.01168,187.81529354676687
83.2,39.96044568,-106.2165917,2492.6544000000004,15.300960000000002,2.101088,-2.01168,187.81529354676687
83.3,39.96044348,-106.2165925,2492.6544000000004,15.3924,2.414016,-2.01168,187.81529354676687
83.39999999999999,39.96044139,-106.2165929,2492.9592,15.605760000000002,2.414016,-2.01168,187.81529354676687
83.5,39.96043874,-106.2165933,2493.264,15.78864,2.6375360000000003,-2.01168,187.38604315126724
83.6,39.96043657,-106.2165937,2493.264,16.002000000000002,2.726944,-2.01168,187.38604315126724
83.7,39.96043483,-106.216594,2493.5688,16.18488,2.190496,-2.01168,187.38604315126724
83.8,39.96043269,-106.2165944,2493.8736000000004,16.39824,2.2352,-1.922272,187.38604315126724
83.89999999999999,39.96043016,-106.2165952,2493.8736000000004,16.6116,2.6375360000000003,-1.78816,189.46232220802565
84.0,39.96042801,-106.2165958,2494.1784,16.79448,2.6375360000000003,-1.78816,189.46232220802565
84.1,39.96042588,-106.2165959,2494.1784,16.88592,2.414016,-1.78816,189.46232220802565
84.2,39.9604237,-106.2165964,2494.4832,17.09928,2.45872,-1.78816,189.46232220802565
84.3,39.9604212,-106.2165969,2494.788,17.31264,2.68224,-1.78816,189.13017648227867
84.39999999999999,39.96041891,-106.2165974,2494.788,17.49552,2.68224,-1.922272,189.13017648227867
84.5,39.96041672,-106.2165981,2495.0928000000004,17.70888,2.503424,-1.922272,189.13017648227867
84.6,39.96041446,-106.2165986,2495.3976,17.89176,2.503424,-2.01168,189.13017648227867
84.7,39.96041229,-106.2165989,2495.3976,18.10512,2.503424,-2.101088,187.1250163489018
84.8,39.96041,-106.2165993,2495.7024,18.288,2.548128,-2.101088,187.1250163489018
84.89999999999999,39.96040757,-106.2165998,2496.0072,18.50136,2.6375360000000003,-2.01168,187.1250163489018
85.0,39.96040531,-106.2166003,2496.0072,18.71472,2.6375360000000003,-2.01168,187.38604315126724
85.1,39.960403,-106.2166007,2496.3120000000004,18.8976,2.592832,-2.01168,189.46232220802565
85.2,39.96040075,-106.2166011,2496.6168,19.11096,2.548128,-1.922272,189.13017648227867
85.3,39.9603988,-106.2166016,2496.6168,19.29384,2.414016,-1.922272,189.13017648227867
85.39999999999999,39.96039651,-106.216602,2496.9216,19.5072,2.369312,-1.922272,189.13017648227867
85.5,39.96039414,-106.2166028,2497.2264,19.69008,2.6375360000000003,-2.01168,189.13017648227867
85.6,39.96039187,-106.2166033,2497.2264,19.90344,2.592832,-2.01168,187.38604315126724
85.7,39.96039001,-106.2166036,2497.5312,20.086320000000004,2.324608,-2.01168,187.38604315126724
85.8,39.96038781,-106.216604,2497.836,20.29968,2.279904,-2.01168,187.38604315126724
85.89999999999999,39.9603853,-106.2166047,2497.836,20.51304,2.68224,-1.922272,187.38604315126724
86.0,39.96038306,-106.2166052,2498.1408,20.60448,2.68224,-1.922272,187.38604315126724
86.1,39.96038091,-106.2166058,2498.1408,20.787360000000003,2.503424,-1.922272,189.13017648227867
86.2,39.96037868,-106.2166063,2498.4456,21.00072,2.45872,-1.78816,189.46232220802565
86.3,39.96037657,-106.2166068,2498.7504,21.21408,2.45872,-1.922272,190.0079798014413
86.39999999999999,39.96037445,-106.2166073,2498.7504,21.396960000000004,2.414016,-1.78816,187.81529354676687
86.5,39.96037246,-106.2166081,2499.0552,21.4884,2.324608,-1.922272,187.81529354676687
86.6,39.9603704,-106.2166085,2499.0552,21.7932,2.279904,-2.01168,188.13010235415595
86.7,39.96036835,-106.2166088,2499.36,22.00656,2.324608,-1.922272,188.13010235415595
86.8,39.96036641,-106.2166092,2499.6648,22.18944,2.2352,-1.609344,186.07245640720768
86.89999999999999,39.96036498,-106.2166093,2499.6648,22.31136,1.877568,-1.1176,186.3401917459099
87.0,39.96036319,-106.2166096,2499.6648,22.402800000000003,1.78816,-0.715264,186.3401917459099
87.1,39.9603614,-106.2166102,2499.6648,22.402800000000003,2.056384,-0.491744,186.6325146151385
87.2,39.96035969,-106.2166105,2499.6648,22.402800000000003,2.056384,-0.22352,182.66300076606717
87.3,39.96035792,-106.2166104,2499.6648,22.402800000000003,1.966976,-0.089408,182.86240522611172
87.39999999999999,39.96035633,-106.2166106,2499.6648,22.402800000000003,1.832864,0.0,183.0127875041833
87.5,39.96035487,-106.216611,2499.6648,22.402800000000003,1.654048,0.0,187.49585763972985
87.6,39.9603534,-106.2166113,2499.6648,22.31136,1.654048,0.0,187.9071627029585
87.7,39.96035189,-106.2166115,2499.6648,22.31136,1.654048,0.089408,191.0035408517495
87.8,39.9603505,-106.2166118,2499.6648,22.18944,1.56464,0.0,191.63363399894044
87.89999999999999,39.96034899,-106.2166123,2499.6648,22.18944,1.6987519999999998,0.0,191.63363399894044
88.0,39.96034767,-106.2166127,2499.6648,22.18944,1.56464,0.0,192.72435568542235
88.1,39.9603464,-106.216613,2499.6648,22.18944,1.56464,0.0,192.72435568542235
88.2,39.96034517,-106.2166133,2499.6648,22.31136,1.519936,0.0,189.78240703180728
88.3,39.96034405,-106.2166136,2499.6648,22.31136,1.519936,-0.089408,189.78240703180728
88.39999999999999,39.96034292,-106.2166139,2499.6648,22.31136,1.34112,-0.089408,190.4914770123316
88.5,39.96034161,-106.216614,2499.6648,22.31136,1.34112,-0.089408,190.4914770123316
88.6,39.96034053,-106.2166143,2499.6648,22.31136,1.34112,-0.089408,190.4914770123316
88.7,39.96033954,-106.2166144,2499.6648,22.31136,1.162304,0.0,191.3099324740202
88.8,39.96033855,-106.2166146,2499.6648,22.31136,1.162304,0.0,184.57392125990089
88.89999999999999,39.96033766,-106.2166145,2499.6648,22.31136,1.0728959999999998,0.0,184.57392125990089
89.0,39.96033673,-106.2166147,2499.6648,22.31136,1.0728959999999998,0.0,185.1944289077348
89.1,39.96033579,-106.2166149,2499.6648,22.31136,1.162304,0.0,185.1944289077348
89.2,39.96033493,-106.216615,2499.6648,22.31136,0.938784,0.0,185.71059313749964
89.3,39.96033399,-106.2166151,2499.6648,22.31136,1.0728959999999998,0.0,185.71059313749964
89.39999999999999,39.96033314,-106.2166152,2499.6648,22.31136,0.938784,0.0,185.71059313749964
89.5,39.96033221,-106.2166155,2499.6648,22.31136,1.0728959999999998,0.0,185.71059313749964
89.6,39.9603314,-106.2166157,2499.6648,22.31136,0.938784,0.0,185.71059313749964
89.7,39.96033067,-106.2166158,2499.6648,22.31136,0.938784,0.0,186.3401917459099
89.8,39.96032992,-106.216616,2499.6648,22.31136,0.804672,0.0,186.3401917459099
89.89999999999999,39.96032904,-106.2166161,2499.6648,22.18944,0.938784,0.0,187.1250163489018
90.0,39.96032837,-106.2166163,2499.6648,22.18944,0.938784,0.0,197.3540246362613
90.1,39.9603277,-106.2166168,2499.6648,22.18944,0.804672,0.0,197.3540246362613
90.2,39.96032707,-106.2166171,2499.6648,22.31136,0.938784,0.0,187.1250163489018
90.3,39.96032659,-106.2166171,2499.6648,22.31136,0.491744,-0.089408,188.7461622625552
90.4,39.96032606,-106.2166173,2499.6648,22.31136,0.491744,-0.089408,190.304846468766
90.5,39.96032569,-106.2166175,2499.6648,22.31136,0.491744,-0.089408,190.304846468766
90.6,39.96032517,-106.2166176,2499.6648,22.31136,0.491744,0.0,188.7461622625552
90.7,39.9603246,-106.2166177,2499.6648,22.31136,0.491744,0.0,188.7461622625552
90.8,39.96032406,-106.2166179,2499.6648,22.31136,0.67056,0.0,188.7461622625552
90.9,39.96032336,-106.2166182,2499.6648,22.31136,0.67056,0.0,188.7461622625552
91.0,39.96032284,-106.2166184,2499.6648,22.31136,0.67056,0.0,180.0
91.1,39.96032238,-106.2166185,2499.6648,22.31136,0.491744,0.0,180.0
91.2,39.96032195,-106.2166186,2499.6648,22.31136,0.491744,0.0,180.0
91.3,39.96032167,-106.2166186,2499.6648,22.31136,0.0,0.0,180.0
91.4,39.96032126,-106.2166187,2499.6648,22.31136,0.0,0.0,180.0
91.5,39.96032092,-106.2166188,2499.6648,22.31136,0.0,0.0,180.0
91.6,39.96032057,-106.2166189,2499.6648,22.31136,0.0,0.0,195.94539590092288
91.7,39.96032026,-106.216619,2499.6648,22.31136,0.0,0.0,195.94539590092288
91.8,39.96031993,-106.2166192,2499.6648,22.31136,0.491744,0.0,195.94539590092288
91.9,39.96031961,-106.2166194,2499.6648,22.31136,0.491744,0.0,195.94539590092288
92.0,39.96031929,-106.2166196,2499.6648,22.31136,0.491744,0.0,195.94539590092288
92.1,39.96031906,-106.2166198,2499.6648,22.31136,0.0,0.0,195.94539590092288
92.2,39.96031873,-106.2166199,2499.6648,22.31136,0.0,0.0,180.0
92.3,39.96031831,-106.2166202,2499.6648,22.402800000000003,0.0,0.0,180.0
92.4,39.96031802,-106.2166203,2499.6648,22.402800000000003,0.491744,0.0,195.94539590092288
92.5,39.96031781,-106.2166204,2499.6648,22.31136,0.0,0.0,195.94539590092288
92.6,39.96031754,-106.2166205,2499.6648,22.31136,0.0,0.0,180.0
92.7,39.96031735,-106.2166206,2499.6648,22.31136,0.0,0.0,180.0
92.8,39.96031709,-106.2166207,2499.6648,22.31136,0.0,0.0,180.0
92.9,39.96031673,-106.2166206,2499.6648,22.402800000000003,0.491744,0.0,180.0
93.0,39.96031649,-106.2166207,2499.6648,22.402800000000003,0.0,0.0,180.0
93.1,39.96031634,-106.2166207,2499.6648,22.402800000000003,0.491744,-0.089408,180.0
93.2,39.96031612,-106.2166207,2499.6648,22.402800000000003,0.0,-0.089408,180.0
93.3,39.96031592,-106.2166209,2499.9696,22.49424,0.67056,0.0,180.0
93.4,39.96031579,-106.2166209,2499.6648,22.402800000000003,0.0,0.0,180.0
93.5,39.96031568,-106.2166208,2499.6648,22.402800000000003,0.491744,0.0,0.0
93.6,39.96031566,-106.2166207,2499.6648,22.402800000000003,0.0,0.0,0.0
93.7,39.96031602,-106.2166207,2499.6648,22.402800000000003,0.0,0.0,0.0
93.8,39.9603161,-106.2166206,2499.6648,22.402800000000003,0.0,0.0,0.0
93.9,39.96031621,-106.2166205,2499.6648,22.31136,0.0,0.0,0.0
94.0,39.96031633,-106.2166204,2499.6648,22.31136,0.0,0.0,0.0
94.1,39.96031647,-106.2166203,2499.6648,22.31136,0.0,0.0,0.0
94.2,39.96031656,-106.2166202,2499.6648,22.31136,0.0,0.0,0.0
94.3,39.96031662,-106.2166202,2499.6648,22.31136,0.0,0.0,0.0
94.4,39.96031669,-106.2166201,2499.6648,22.31136,0.0,0.0,0.0
94.5,39.96031671,-106.21662,2499.6648,22.31136,0.0,0.0,0.0
94.6,39.96031679,-106.21662,2499.6648,22.31136,0.0,0.0,0.0
94.7,39.96031679,-106.21662,2499.6648,22.31136,0.0,0.0,0.0
94.8,39.96031688,-106.21662,2499.6648,22.31136,0.0,0.0,0.0
94.9,39.96031697,-106.2166202,2499.6648,22.31136,0.0,0.0,0.0
95.0,39.96031703,-106.2166201,2499.6648,22.31136,0.0,0.0,0.0
95.1,39.96031718,-106.2166199,2499.6648,22.402800000000003,0.0,0.0,0.0
95.2,39.96031724,-106.2166198,2499.6648,22.31136,0.0,0.0,0.0
95.3,39.96031738,-106.2166199,2499.6648,22.31136,0.0,0.0,0.0
95.4,39.96031746,-106.2166199,2499.6648,22.31136,0.67056,0.0,0.0
95.5,39.96031776,-106.2166199,2499.6648,22.402800000000003,0.67056,0.0,0.0
95.6,39.96031787,-106.2166199,2499.6648,22.31136,0.491744,0.0,0.0
95.7,39.96031795,-106.21662,2499.6648,22.31136,0.0,0.0,0.0
95.8,39.96031798,-106.21662,2499.6648,22.31136,0.0,0.0,0.0
95.9,39.96031797,-106.21662,2499.6648,22.18944,0.0,0.0,0.0
96.0,39.96031798,-106.21662,2499.6648,22.18944,0.0,0.0,0.0
96.1,39.96031803,-106.2166201,2499.6648,22.18944,0.0,0.0,0.0
96.2,39.96031803,-106.2166202,2499.6648,22.18944,0.0,0.0,0.0
96.3,39.96031814,-106.2166203,2499.6648,22.18944,0.0,0.0,0.0
96.4,39.96031809,-106.2166204,2499.36,22.098000000000003,0.0,0.0,225.0
96.5,39.96031809,-106.2166204,2499.36,22.098000000000003,0.0,0.0,0.0
96.6,39.96031805,-106.2166205,2499.36,22.098000000000003,0.0,0.0,0.0
96.7,39.96031774,-106.2166208,2499.36,22.00656,0.0,-0.089408,0.0
96.8,39.96031768,-106.2166209,2499.36,22.098000000000003,0.0,-0.089408,0.0
96.9,39.9603177,-106.2166211,2499.36,22.098000000000003,0.0,-0.089408,0.0
97.0,39.9603177,-106.2166212,2499.36,22.098000000000003,0.0,-0.089408,0.0
97.1,39.96031773,-106.2166209,2499.36,22.098000000000003,0.0,-0.22352,0.0
97.2,39.96031777,-106.216621,2499.36,22.098000000000003,0.0,-0.089408,0.0
97.3,39.9603179,-106.2166212,2499.36,22.098000000000003,0.0,-0.089408,0.0
97.4,39.96031789,-106.2166213,2499.36,22.098000000000003,0.0,-0.089408,0.0
97.5,39.96031793,-106.2166211,2499.36,22.00656,0.0,-0.089408,0.0
97.6,39.96031789,-106.216621,2499.36,22.00656,0.0,-0.089408,0.0
97.7,39.96031783,-106.2166211,2499.36,21.91512,0.0,-0.089408,0.0
97.8,39.9603178,-106.2166211,2499.36,21.91512,0.0,-0.089408,0.0
97.9,39.96031783,-106.2166212,2499.36,21.91512,0.0,-0.089408,0.0
98.0,39.96031777,-106.2166212,2499.36,21.91512,0.0,-0.22352,180.0
98.1,39.96031735,-106.216621,2499.36,21.91512,0.0,-0.22352,180.0
98.2,39.96031726,-106.2166209,2499.36,22.00656,0.491744,-0.22352,180.0
98.3,39.96031719,-106.2166207,2499.36,22.00656,0.0,-0.22352,0.0
98.4,39.96031717,-106.2166207,2499.36,22.00656,0.0,-0.22352,0.0
98.5,39.96031718,-106.2166208,2499.36,22.00656,0.0,-0.22352,0.0
98.6,39.96031721,-106.2166207,2499.36,22.00656,0.0,-0.089408,0.0
98.7,39.96031745,-106.2166207,2499.36,22.00656,0.0,-0.089408,0.0
98.8,39.96031754,-106.2166206,2499.36,22.00656,0.0,-0.089408,0.0
98.9,39.96031758,-106.2166204,2499.36,22.00656,0.0,0.0,0.0
99.0,39.96031767,-106.2166203,2499.36,22.00656,0.0,0.0,0.0
99.1,39.96031773,-106.2166202,2499.36,22.00656,0.0,0.0,0.0
99.2,39.96031779,-106.2166201,2499.36,22.00656,0.0,0.0,0.0
99.3,39.96031771,-106.2166199,2499.36,22.00656,0.0,0.0,0.0
99.4,39.96031771,-106.2166198,2499.36,22.00656,0.0,0.0,0.0
99.5,39.96031763,-106.2166199,2499.36,22.00656,0.0,0.0,0.0
99.6,39.96031759,-106.2166199,2499.36,22.00656,0.0,0.0,0.0
99.7,39.96031732,-106.2166201,2499.36,22.00656,0.0,0.0,270.0
99.8,39.96031725,-106.2166203,2499.36,22.00656,0.0,0.0,270.0
99.9,39.96031715,-106.2166207,2499.36,22.00656,0.0,0.0,270.0
100.0,39.96031709,-106.2166211,2499.36,22.00656,0.67056,0.0,270.0
100.1,39.96031709,-106.2166217,2499.36,22.00656,0.0,0.0,270.0
100.2,39.96031708,-106.2166222,2499.36,22.00656,0.491744,0.0,270.0
100.3,39.96031726,-106.2166229,2499.36,22.00656,0.491744,0.0,270.0
100.4,39.96031727,-106.2166235,2499.36,22.00656,0.0,0.0,270.0
100.5,39.96031722,-106.2166242,2499.36,22.00656,0.491744,0.0,270.0
100.6,39.9603172,-106.216625,2499.36,22.00656,0.67056,0.0,270.0
100.7,39.96031731,-106.216626,2499.36,21.91512,0.67056,0.0,270.0
100.8,39.96031728,-106.216627,2499.36,22.00656,0.938784,0.0,270.0
100.9,39.96031724,-106.2166278,2499.36,22.00656,0.67056,0.0,270.0
101.0,39.96031725,-106.2166289,2499.36,22.00656,0.938784,0.0,270.0
101.1,39.96031731,-106.21663,2499.36,22.00656,0.938784,0.0,270.0
101.2,39.96031734,-106.2166312,2499.36,22.00656,0.938784,0.0,270.0
101.3,39.96031758,-106.2166324,2499.36,22.00656,1.0728959999999998,0.0,270.0
101.4,39.96031765,-106.2166336,2499.36,22.00656,0.938784,0.0,270.0
101.5,39.96031762,-106.216635,2499.36,22.00656,1.162304,0.0,270.0
101.6,39.96031767,-106.2166364,2499.36,22.00656,1.162304,0.0,270.0
101.7,39.96031789,-106.2166378,2499.36,22.00656,1.162304,0.0,270.0
101.8,39.96031796,-106.2166393,2499.36,22.00656,1.162304,0.0,270.0
101.9,39.96031797,-106.2166406,2499.36,22.00656,1.162304,0.0,270.0
102.0,39.96031803,-106.2166421,2499.36,22.00656,1.162304,0.0,270.0
102.1,39.96031805,-106.2166437,2499.36,22.098000000000003,1.34112,0.0,270.0
102.2,39.96031812,-106.2166453,2499.36,22.098000000000003,1.34112,0.0,270.0
102.3,39.96031815,-106.2166468,2499.36,22.098000000000003,1.34112,0.0,270.0
102.4,39.96031823,-106.2166485,2499.36,22.098000000000003,1.34112,0.0,270.0
102.5,39.96031846,-106.2166502,2499.36,22.098000000000003,1.519936,0.0,270.0
102.6,39.96031856,-106.216652,2499.36,22.098000000000003,1.56464,0.0,270.0
102.7,39.9603187,-106.2166537,2499.36,22.098000000000003,1.519936,0.0,270.0
102.8,39.9603188,-106.2166554,2499.36,22.098000000000003,1.430528,0.0,270.0
102.9,39.96031893,-106.2166574,2499.36,22.098000000000003,1.654048,0.0,270.0
103.0,39.96031903,-106.2166592,2499.36,22.098000000000003,1.654048,0.0,270.0
103.1,39.96031895,-106.216661,2499.36,22.098000000000003,1.654048,0.0,270.0
103.2,39.96031905,-106.2166629,2499.36,22.098000000000003,1.519936,0.0,270.0
103.3,39.96031918,-106.2166648,2499.36,22.098000000000003,1.56464,0.0,273.1798301198642
103.4,39.9603193,-106.2166667,2499.36,22.098000000000003,1.654048,0.0,273.1798301198642
103.5,39.9603195,-106.2166686,2499.36,22.098000000000003,1.654048,0.0,273.1798301198642
103.6,39.96031964,-106.2166706,2499.36,22.098000000000003,1.654048,0.0,273.1798301198642
103.7,39.96031987,-106.2166724,2499.36,22.098000000000003,1.56464,0.0,273.1798301198642
103.8,39.96032005,-106.2166744,2499.36,22.098000000000003,1.654048,0.0,277.90716270295843
103.9,39.96032046,-106.2166765,2499.36,22.00656,1.78816,0.0,277.4958576397299
104.0,39.96032071,-106.2166785,2499.36,22.00656,1.832864,0.0,277.4958576397299
104.1,39.96032124,-106.2166806,2499.36,22.00656,1.832864,0.0,280.43747535111817
104.2,39.96032162,-106.2166827,2499.36,22.00656,1.877568,0.0,280.43747535111817
104.3,39.96032217,-106.2166848,2499.36,22.098000000000003,1.78816,0.0,283.3245312618908
104.4,39.9603226,-106.2166869,2499.36,22.098000000000003,1.832864,0.0,282.68038349181984
104.5,39.96032314,-106.216689,2499.36,22.098000000000003,1.877568,0.0,282.68038349181984
104.6,39.96032365,-106.2166912,2499.36,22.098000000000003,1.877568,0.0,285.3762512488262
104.7,39.96032429,-106.2166935,2499.36,22.098000000000003,2.01168,0.0,285.3762512488262
104.8,39.96032488,-106.2166957,2499.36,22.098000000000003,2.01168,0.0,284.34933204294714
104.9,39.96032547,-106.2166983,2499.36,22.00656,2.190496,0.0,286.82140989004085
105.0,39.96032611,-106.2167006,2499.36,22.098000000000003,2.2352,0.0,286.82140989004085
105.1,39.96032695,-106.2167031,2499.36,22.00656,2.2352,0.0,286.82140989004085
105.2,39.96032766,-106.2167054,2499.36,22.098000000000003,2.324608,0.0,290.409882833804
105.3,39.96032838,-106.2167078,2499.36,22.098000000000003,2.2352,0.0,292.71441235316723
105.4,39.96032922,-106.2167102,2499.36,22.098000000000003,2.2352,0.0,292.71441235316723
105.5,39.96033015,-106.2167125,2499.36,22.098000000000003,2.2352,0.0,292.71441235316723
105.6,39.96033102,-106.2167149,2499.36,22.098000000000003,2.2352,-0.089408,292.71441235316723
105.7,39.96033196,-106.2167172,2499.36,22.098000000000003,2.2352,0.0,294.9439052634246
105.8,39.96033286,-106.2167196,2499.36,22.098000000000003,2.2352,0.0,292.71441235316723
105.9,39.9603337,-106.2167218,2499.36,22.098000000000003,2.190496,-0.22352,293.9624889745781
106.0,39.96033439,-106.2167235,2499.36,22.098000000000003,1.877568,-0.312928,294.14554196042167
106.1,39.96033485,-106.2167248,2499.36,22.098000000000003,1.430528,-0.089408,293.74949449286675
106.2,39.96033538,-106.2167261,2499.6648,22.18944,1.162304,0.0,292.2490236572124
106.3,39.9603356,-106.2167264,2499.36,22.00656,0.67056,0.089408,296.565051177078
106.4,39.9603361,-106.2167274,2499.36,22.00656,0.67056,0.089408,301.4295656148385
106.5,39.96033625,-106.2167282,2499.36,22.00656,0.67056,0.089408,301.4295656148385
106.6,39.96033678,-106.2167291,2499.36,22.00656,0.67056,0.089408,301.4295656148385
106.7,39.96033742,-106.2167299,2499.36,22.00656,0.938784,0.089408,305.83765295427827
106.8,39.960338,-106.2167309,2499.36,22.00656,1.0728959999999998,0.0,303.02386755579664
106.9,39.96033878,-106.2167324,2499.36,22.098000000000003,1.34112,0.0,303.02386755579664
107.0,39.96033942,-106.2167334,2499.36,22.098000000000003,1.34112,0.0,300.579226872489
107.1,39.96034004,-106.216735,2499.36,22.098000000000003,1.34112,0.0,300.579226872489
107.2,39.96034071,-106.2167362,2499.6648,22.18944,1.34112,0.0,302.61924307119284
107.3,39.96034153,-106.2167378,2499.6648,22.18944,1.519936,0.0,302.61924307119284
107.4,39.96034224,-106.2167391,2499.6648,22.18944,1.519936,0.0,302.61924307119284
107.5,39.96034279,-106.2167405,2499.6648,22.18944,1.34112,0.0,300.65066795705286
107.6,39.96034354,-106.2167419,2499.6648,22.18944,1.34112,0.0,303.69006752597977
107.7,39.96034439,-106.2167437,2499.6648,22.18944,1.654048,0.0,301.8274465766731
107.8,39.96034519,-106.2167452,2499.6648,22.18944,1.654048,0.0,301.8274465766731
107.9,39.96034611,-106.216747,2499.6648,22.18944,1.6987519999999998,0.0,301.8274465766731
108.0,39.96034696,-106.2167487,2499.6648,22.18944,1.654048,0.0,300.1413855520753
108.1,39.96034789,-106.2167504,2499.6648,22.18944,1.78816,0.0,302.82854179141253
108.2,39.96034879,-106.2167521,2499.36,22.098000000000003,1.78816,0.0,300.4655449194599
108.3,39.96034963,-106.2167539,2499.36,22.098000000000003,1.877568,0.0,300.4655449194599
108.4,39.96035056,-106.2167558,2499.36,22.098000000000003,1.832864,0.089408,300.4655449194599
108.5,39.96035162,-106.2167576,2499.36,22.098000000000003,1.877568,0.089408,302.9052429229879
108.6,39.96035261,-106.2167596,2499.36,22.098000000000003,2.01168,0.0,301.4295656148385
108.7,39.96035349,-106.2167612,2499.36,22.098000000000003,1.78816,0.0,301.4295656148385
108.8,39.96035452,-106.2167631,2499.36,22.098000000000003,1.877568,0.0,304.7778313663639
108.9,39.96035549,-106.2167652,2499.36,22.098000000000003,2.01168,0.0,304.7778313663639
109.0,39.96035654,-106.2167671,2499.36,22.00656,2.101088,0.0,304.7778313663639
109.1,39.9603576,-106.2167689,2499.36,22.098000000000003,1.966976,0.0,304.7778313663639
109.2,39.96035867,-106.2167709,2499.36,22.098000000000003,1.966976,0.0,304.7778313663639
109.3,39.96035982,-106.216773,2499.36,22.098000000000003,2.190496,-0.089408,303.340707346477
109.4,39.96036094,-106.2167751,2499.36,22.098000000000003,2.2352,-0.312928,305.3947958449871
109.5,39.96036207,-106.216777,2499.6648,22.18944,2.101088,-0.581152,305.3947958449871
109.6,39.96036326,-106.2167792,2499.6648,22.31136,2.2352,-0.804672,304.0193499898265
109.7,39.96036468,-106.2167815,2499.6648,22.402800000000003,2.369312,-1.1176,305.94211187138234
109.8,39.96036591,-106.2167838,2499.9696,22.49424,2.45872,-1.519936,305.94211187138234
109.9,39.96036686,-106.216786,2499.9696,22.707600000000003,2.2352,-1.6987519999999998,305.94211187138234
110.0,39.96036809,-106.2167883,2500.2744,22.89048,2.2352,-1.78816,305.94211187138234
110.1,39.96036959,-106.2167906,2500.5792,23.10384,2.503424,-1.922272,305.94211187138234
110.2,39.96037084,-106.2167929,2500.5792,23.286720000000003,2.503424,-1.922272,305.94211187138234
110.3,39.96037176,-106.2167951,2500.884,23.40864,2.279904,-1.78816,305.3947958449871
110.4,39.96037277,-106.216797,2501.1888,23.71344,2.056384,-2.101088,305.36246188706906
110.5,39.96037388,-106.2167984,2501.1888,23.896320000000003,1.877568,-2.101088,306.5288553669852
110.6,39.96037472,-106.2167999,2501.4936,24.10968,1.654048,-1.922272,306.5288553669852
110.7,39.96037508,-106.2168009,2501.4936,24.201120000000003,1.251712,-1.78816,305.75388725443673
110.8,39.96037589,-106.2168024,2501.7984,24.29256,1.162304,-1.78816,306.5288553669852
110.9,39.96037655,-106.2168039,2501.7984,24.505920000000003,1.519936,-1.609344,306.5288553669852
111.0,39.96037736,-106.2168053,2502.1032,24.59736,1.519936,-1.1176,308.6598082540901
111.1,39.96037838,-106.2168069,2502.1032,24.810720000000003,1.654048,-0.715264,308.6598082540901
111.2,39.96037922,-106.2168082,2502.1032,24.810720000000003,1.654048,-0.402336,308.6598082540901
111.3,39.96038,-106.2168093,2502.1032,24.810720000000003,1.519936,-0.22352,308.6598082540901
111.4,39.96038087,-106.2168107,2502.408,24.90216,1.430528,-0.089408,306.5288553669852
111.5,39.96038192,-106.2168125,2502.408,24.90216,1.78816,-0.089408,307.1847064532331
111.6,39.96038283,-106.2168141,2502.408,24.90216,1.78816,0.0,305.36246188706906
111.7,39.96038404,-106.2168164,2502.408,24.90216,2.01168,0.0,302.9052429229879
111.8,39.96038504,-106.2168182,2502.1032,24.810720000000003,2.101088,0.0,304.7778313663639
111.9,39.96038623,-106.2168206,2502.1032,24.810720000000003,2.101088,0.0,304.7778313663639
112.0,39.96038725,-106.2168225,2502.1032,24.810720000000003,2.2352,0.0,303.340707346477
112.1,39.96038838,-106.2168246,2502.1032,24.810720000000003,2.101088,0.0,303.340707346477
112.2,39.96038941,-106.2168266,2502.1032,24.810720000000003,2.101088,0.0,303.340707346477
112.3,39.96039053,-106.2168288,2502.1032,24.810720000000003,2.2352,0.0,302.0053832080835
112.4,39.9603916,-106.2168309,2502.1032,24.6888,2.2352,0.0,302.0053832080835
112.5,39.96039257,-106.216833,2502.1032,24.6888,2.056384,0.0,302.0053832080835
112.6,39.96039367,-106.2168352,2502.1032,24.6888,2.101088,0.0,302.0053832080835
112.7,39.96039467,-106.2168372,2502.1032,24.6888,2.101088,0.0,304.0193499898265
112.8,39.96039579,-106.2168393,2502.1032,24.6888,2.056384,0.0,304.0193499898265
112.9,39.96039702,-106.2168413,2502.1032,24.6888,2.190496,0.0,304.0193499898265
113.0,39.96039815,-106.2168435,2502.1032,24.6888,2.101088,-0.089408,304.0193499898265
113.1,39.96039923,-106.2168454,2502.1032,24.6888,2.190496,0.0,304.0193499898265
113.2,39.96040036,-106.2168475,2502.1032,24.6888,2.190496,0.0,304.0193499898265
113.3,39.96040157,-106.2168496,2502.1032,24.6888,2.279904,-0.089408,304.0193499898265
113.4,39.96040274,-106.2168518,2502.1032,24.6888,2.324608,-0.089408,304.0193499898265
113.5,39.96040385,-106.2168539,2502.1032,24.6888,2.2352,-0.089408,302.1249984403875
113.6,39.96040506,-106.2168562,2502.1032,24.6888,2.2352,-0.089408,303.9964591482505
113.7,39.96040615,-106.2168583,2502.1032,24.6888,2.2352,-0.089408,303.9964591482505
113.8,39.96040735,-106.2168606,2502.1032,24.6888,2.279904,-0.089408,303.9964591482505
113.9,39.9604086,-106.2168631,2502.1032,24.6888,2.414016,0.0,302.1249984403875
114.0,39.96040979,-106.2168654,2502.1032,24.6888,2.45872,0.0,302.1249984403875
114.1,39.96041083,-106.2168678,2502.1032,24.6888,2.324608,-0.089408,302.7995312726192
114.2,39.96041206,-106.2168702,2502.1032,24.6888,2.414016,-0.089408,302.7995312726192
114.3,39.9604132,-106.2168726,2502.1032,24.6888,2.414016,-0.089408,302.7995312726192
114.4,39.96041443,-106.2168751,2502.1032,24.810720000000003,2.45872,-0.089408,302.7995312726192
114.5,39.9604157,-106.2168775,2502.1032,24.6888,2.503424,-0.089408,302.7995312726192
114.6,39.96041693,-106.21688,2502.1032,24.6888,2.592832,0.0,302.7995312726192
114.7,39.96041823,-106.2168825,2502.1032,24.6888,2.503424,0.0,302.7995312726192
114.8,39.96041945,-106.2168849,2502.1032,24.6888,2.503424,0.0,302.7995312726192
114.9,39.96042072,-106.2168874,2502.1032,24.6888,2.45872,0.0,301.6754687381092
115.0,39.96042198,-106.2168899,2502.1032,24.6888,2.592832,-0.089408,301.6754687381092
115.1,39.96042329,-106.2168925,2502.1032,24.810720000000003,2.592832,-0.089408,303.4078245897089
115.2,39.96042458,-106.2168951,2502.1032,24.810720000000003,2.6375360000000003,-0.089408,303.4078245897089
115.3,39.96042586,-106.2168975,2502.1032,24.810720000000003,2.592832,-0.089408,302.7995312726192
115.4,39.96042691,-106.2168996,2502.1032,24.810720000000003,2.324608,-0.312928,301.4295656148385
115.5,39.96042779,-106.2169013,2502.1032,24.810720000000003,2.01168,-0.312928,298.8865817669107
115.6,39.96042846,-106.2169027,2502.408,24.90216,1.56464,-0.089408,297.4744316262771
115.7,39.96042876,-106.2169031,2502.1032,24.810720000000003,0.67056,0.0,300.579226872489
115.8,39.96042927,-106.2169042,2502.1032,24.6888,0.67056,0.089408,303.02386755579664
115.9,39.96042955,-106.2169053,2502.1032,24.6888,1.0728959999999998,0.089408,303.02386755579664
116.0,39.96043007,-106.2169064,2502.1032,24.6888,1.162304,0.0,300.579226872489
116.1,39.96043075,-106.2169076,2502.1032,24.810720000000003,1.162304,0.0,300.579226872489
116.2,39.96043131,-106.2169087,2502.1032,24.810720000000003,1.251712,-0.089408,297.4744316262771
116.3,39.96043213,-106.2169104,2502.1032,24.810720000000003,1.34112,-0.089408,297.4744316262771
116.4,39.9604327,-106.2169117,2502.408,24.90216,1.519936,-0.089408,295.70995378081125
116.5,39.96043351,-106.2169134,2502.408,24.90216,1.519936,0.0,295.70995378081125
116.6,39.96043411,-106.2169148,2502.408,24.90216,1.519936,0.0,298.8865817669107
116.7,39.9604347,-106.2169168,2502.408,24.90216,1.56464,0.0,298.8865817669107
116.8,39.96043535,-106.2169184,2502.408,24.90216,1.654048,0.0,298.8865817669107
116.9,39.96043628,-106.2169204,2502.1032,24.810720000000003,1.78816,0.0,297.2995722113328
117.0,39.96043701,-106.2169221,2502.1032,24.810720000000003,1.832864,0.0,300.1413855520753
117.1,39.96043794,-106.2169238,2502.1032,24.810720000000003,1.6987519999999998,0.0,297.89727103094765
117.2,39.96043875,-106.2169256,2502.408,24.90216,1.78816,0.0,300.4655449194599
117.3,39.96043974,-106.2169275,2502.408,24.90216,1.877568,0.089408,300.4655449194599
117.4,39.96044058,-106.2169293,2502.1032,24.810720000000003,1.877568,0.089408,300.4655449194599
117.5,39.96044136,-106.2169313,2502.408,24.90216,1.877568,0.0,299.05460409907715
117.6,39.96044225,-106.2169332,2502.1032,24.810720000000003,1.877568,0.0,299.05460409907715
117.7,39.96044314,-106.2169349,2502.408,24.90216,1.877568,-0.089408,299.05460409907715
117.8,39.96044405,-106.2169369,2502.408,24.90216,1.832864,0.0,299.05460409907715
117.9,39.96044504,-106.2169391,2502.408,24.90216,2.056384,0.0,299.05460409907715
118.0,39.96044598,-106.2169411,2502.408,24.90216,2.056384,0.0,301.4295656148385
118.1,39.96044678,-106.216943,2502.408,24.90216,1.877568,0.0,301.4295656148385
118.2,39.96044774,-106.216945,2502.408,24.90216,1.877568,0.0,300.06858282186244
118.3,39.96044869,-106.216947,2502.408,24.90216,2.01168,0.0,300.06858282186244
118.4,39.96044969,-106.2169491,2502.408,24.90216,2.101088,0.0,300.06858282186244
118.5,39.96045075,-106.2169512,2502.408,24.90216,2.190496,0.0,303.340707346477
118.6,39.9604518,-106.2169533,2502.408,24.90216,2.2352,0.0,302.0053832080835
118.7,39.96045256,-106.2169552,2502.1032,24.810720000000003,2.101088,0.0,302.0053832080835
118.8,39.96045362,-106.2169574,2502.408,24.90216,2.056384,0.0,303.340707346477
118.9,39.9604548,-106.2169594,2502.1032,24.810720000000003,2.2352,-0.22352,300.4655449194599
119.0,39.96045558,-106.2169611,2502.408,24.90216,1.877568,-0.22352,298.8865817669107
119.1,39.96045622,-106.2169624,2502.408,24.90216,1.430528,0.0,297.4744316262771
119.2,39.96045684,-106.2169638,2502.1032,24.810720000000003,1.34112,0.0,297.4744316262771
119.3,39.96045696,-106.2169643,2502.1032,24.810720000000003,0.804672,0.089408,300.579226872489
119.4,39.96045752,-106.2169655,2502.1032,24.6888,0.67056,0.089408,300.579226872489
119.5,39.96045825,-106.2169666,2502.1032,24.6888,1.162304,0.0,300.579226872489
119.6,39.96045886,-106.2169678,2502.1032,24.810720000000003,1.162304,0.0,302.61924307119284
119.7,39.96045951,-106.216969,2502.1032,24.810720000000003,1.251712,0.0,302.61924307119284
119.8,39.96046011,-106.2169702,2502.1032,24.810720000000003,1.162304,0.0,300.579226872489
119.9,39.960461,-106.2169715,2502.1032,24.810720000000003,1.34112,-0.22352,298.8107937429731
120.0,39.96046146,-106.2169724,2502.1032,24.810720000000003,1.251712,-0.089408,296.565051177078
120.1,39.96046204,-106.2169733,2502.408,24.90216,1.0728959999999998,0.0,296.565051177078
120.2,39.96046248,-106.2169742,2502.408,24.90216,0.67056,0.0,296.565051177078
120.3,39.96046268,-106.2169751,2502.1032,24.810720000000003,0.938784,0.089408,296.565051177078
120.4,39.96046312,-106.2169761,2502.1032,24.810720000000003,0.804672,0.089408,298.8107937429731
120.5,39.96046363,-106.2169772,2502.1032,24.810720000000003,1.162304,0.0,298.8107937429731
120.6,39.96046412,-106.2169783,2502.408,24.90216,1.162304,0.0,298.8107937429731
120.7,39.96046484,-106.2169793,2502.408,24.90216,1.162304,0.0,300.579226872489
120.8,39.9604654,-106.2169805,2502.408,24.90216,1.162304,0.0,300.579226872489
120.9,39.96046609,-106.2169821,2502.408,24.90216,1.34112,0.0,297.4744316262771
121.0,39.96046673,-106.2169833,2502.408,24.90216,1.34112,0.0,302.61924307119284
121.1,39.9604676,-106.2169848,2502.408,24.9936,1.519936,0.0,300.65066795705286
121.2,39.9604683,-106.2169862,2502.408,24.9936,1.430528,0.0,300.65066795705286
121.3,39.96046914,-106.2169879,2502.408,24.9936,1.519936,0.0,300.65066795705286
121.4,39.96046993,-106.2169894,2502.408,24.9936,1.519936,0.0,301.8274465766731
121.5,39.96047082,-106.216991,2502.408,24.9936,1.654048,0.0,301.8274465766731
121.6,39.96047168,-106.2169926,2502.408,24.9936,1.654048,0.0,300.1413855520753
121.7,39.96047253,-106.2169943,2502.408,24.90216,1.654048,0.0,300.1413855520753
121.8,39.96047342,-106.2169961,2502.408,24.90216,1.78816,0.0,300.4655449194599
121.9,39.96047433,-106.2169979,2502.408,24.90216,1.78816,0.0,300.4655449194599
122.0,39.96047527,-106.2169998,2502.408,24.90216,1.877568,0.0,300.4655449194599
122.1,39.96047619,-106.2170015,2502.408,24.90216,1.877568,0.0,300.4655449194599
122.2,39.96047715,-106.2170034,2502.408,24.90216,1.877568,0.0,300.4655449194599
122.3,39.96047779,-106.2170054,2502.408,24.90216,1.78816,0.0,299.05460409907715
122.4,39.96047878,-106.2170073,2502.408,24.90216,1.877568,0.0,301.4295656148385
122.5,39.96047974,-106.2170093,2502.408,24.90216,1.966976,0.0,301.4295656148385
122.6,39.96048077,-106.2170113,2502.408,24.90216,2.056384,0.0,301.4295656148385
122.7,39.96048192,-106.2170132,2502.1032,24.810720000000003,2.101088,0.0,304.7778313663639
122.8,39.960483,-106.2170152,2502.1032,24.810720000000003,2.01168,0.0,303.340707346477
122.9,39.96048412,-106.2170174,2502.1032,24.810720000000003,2.190496,0.0,303.340707346477
123.0,39.96048525,-106.2170195,2502.1032,24.810720000000003,2.2352,0.0,303.340707346477
123.1,39.96048621,-106.2170216,2502.1032,24.810720000000003,2.101088,0.0,303.340707346477
123.2,39.96048735,-106.2170238,2502.1032,24.810720000000003,2.190496,0.0,304.0193499898265
123.3,39.96048843,-106.217026,2502.1032,24.810720000000003,2.2352,0.0,304.0193499898265
123.4,39.9604896,-106.2170282,2502.1032,24.810720000000003,2.324608,0.0,304.0193499898265
123.5,39.96049086,-106.2170306,2502.1032,24.810720000000003,2.369312,0.0,304.0193499898265
123.6,39.96049203,-106.2170328,2502.1032,24.810720000000003,2.369312,0.0,302.1249984403875
123.7,39.96049294,-106.2170348,2502.1032,24.810720000000003,2.101088,0.0,302.1249984403875
123.8,39.96049411,-106.2170371,2502.1032,24.810720000000003,2.101088,0.0,302.1249984403875
123.9,39.96049524,-106.2170395,2502.1032,24.810720000000003,2.324608,0.0,303.9964591482505
124.0,39.96049645,-106.2170419,2502.1032,24.810720000000003,2.369312,0.0,303.9964591482505
124.1,39.96049769,-106.2170441,2502.1032,24.6888,2.414016,0.0,303.9964591482505
124.2,39.96049892,-106.2170465,2502.1032,24.810720000000003,2.414016,0.0,303.9964591482505
124.3,39.96050021,-106.2170488,2502.1032,24.810720000000003,2.414016,0.0,303.9964591482505
124.4,39.96050144,-106.2170512,2502.1032,24.810720000000003,2.414016,0.0,302.7995312726192
124.5,39.9605026,-106.2170536,2502.1032,24.810720000000003,2.45872,0.0,302.7995312726192
124.6,39.96050383,-106.2170561,2502.1032,24.810720000000003,2.45872,-0.089408,302.7995312726192
124.7,39.960505,-106.2170581,2502.408,24.90216,2.324608,0.0,302.7995312726192
124.8,39.9605062,-106.2170606,2502.1032,24.810720000000003,2.324608,0.0,302.7995312726192
124.9,39.96050742,-106.2170635,2502.1032,24.810720000000003,2.68224,0.0,301.6754687381092
125.0,39.96050864,-106.217066,2502.1032,24.810720000000003,2.68224,0.0,301.6754687381092
125.1,39.96050998,-106.2170684,2502.1032,24.810720000000003,2.503424,0.0,303.4078245897089
125.2,39.96051124,-106.2170709,2502.1032,24.810720000000003,2.503424,0.0,303.4078245897089
125.3,39.96051247,-106.2170734,2502.1032,24.810720000000003,2.548128,0.0,303.4078245897089
125.4,39.96051373,-106.2170759,2502.1032,24.810720000000003,2.592832,0.0,303.4078245897089
125.5,39.96051503,-106.2170785,2502.1032,24.810720000000003,2.592832,0.0,303.4078245897089
125.6,39.96051629,-106.217081,2502.1032,24.810720000000003,2.592832,0.0,301.6754687381092
125.7,39.96051756,-106.2170834,2502.1032,24.810720000000003,2.548128,0.0,301.6754687381092
125.8,39.96051881,-106.217086,2502.1032,24.810720000000003,2.503424,0.0,301.6754687381092
125.9,39.96051995,-106.2170888,2502.1032,24.810720000000003,2.6375360000000003,0.0,301.6754687381092
126.0,39.9605212,-106.2170914,2502.1032,24.810720000000003,2.592832,0.0,303.4078245897089
126.1,39.96052262,-106.2170941,2502.1032,24.810720000000003,2.68224,0.0,302.31961650818016
126.2,39.96052385,-106.2170966,2502.1032,24.810720000000003,2.6375360000000003,-0.089408,302.7995312726192
126.3,39.96052487,-106.2170986,2502.1032,24.810720000000003,2.324608,-0.312928,301.4295656148385
126.4,39.96052574,-106.2171004,2502.1032,24.810720000000003,1.966976,-0.22352,302.82854179141253
126.5,39.96052664,-106.2171016,2502.408,24.90216,1.654048,0.0,301.8274465766731
126.6,39.96052742,-106.2171032,2502.1032,24.810720000000003,1.519936,0.0,301.8274465766731
126.7,39.96052794,-106.2171042,2502.1032,24.6888,1.251712,0.0,301.8274465766731
126.8,39.96052869,-106.2171057,2502.1032,24.6888,1.34112,0.0,301.8274465766731
126.9,39.96052983,-106.2171076,2502.1032,24.810720000000003,1.78816,0.0,302.82854179141253
127.0,39.96053063,-106.2171092,2502.1032,24.810720000000003,1.877568,0.0,302.82854179141253
127.1,39.96053151,-106.2171109,2502.1032,24.810720000000003,1.6987519999999998,0.0,302.82854179141253
127.2,39.96053237,-106.2171126,2502.1032,24.810720000000003,1.78816,0.0,302.82854179141253
127.3,39.96053344,-106.2171147,2502.1032,24.810720000000003,1.966976,0.0,302.9052429229879
127.4,39.96053432,-106.2171164,2502.1032,24.810720000000003,1.877568,0.0,300.4655449194599
127.5,39.96053537,-106.2171182,2502.1032,24.810720000000003,1.78816,0.0,300.4655449194599
127.6,39.96053627,-106.21712,2502.408,24.90216,1.832864,0.0,300.4655449194599
127.7,39.96053731,-106.2171219,2502.408,24.90216,1.877568,0.0,301.4295656148385
127.8,39.96053824,-106.2171238,2502.408,24.90216,2.01168,0.0,301.4295656148385
127.9,39.96053918,-106.2171257,2502.1032,24.810720000000003,1.877568,0.0,301.4295656148385
128.0,39.96054016,-106.2171276,2502.408,24.90216,1.877568,0.0,301.4295656148385
128.10000000000002,39.96054112,-106.2171296,2502.408,24.90216,1.877568,0.0,304.7778313663639
128.20000000000002,39.96054215,-106.2171316,2502.408,24.90216,2.01168,0.0,303.340707346477
128.3,39.96054324,-106.2171336,2502.408,24.90216,2.056384,0.0,303.340707346477
128.4,39.96054432,-106.2171357,2502.408,24.90216,2.101088,0.0,303.340707346477
128.5,39.96054542,-106.2171376,2502.408,24.90216,2.101088,0.0,303.340707346477
128.60000000000002,39.96054651,-106.2171397,2502.408,24.90216,2.101088,0.0,302.0053832080835
128.70000000000002,39.96054781,-106.2171419,2502.408,24.9936,2.2352,0.0,302.0053832080835
128.8,39.96054892,-106.217144,2502.408,24.90216,2.2352,0.0,302.0053832080835
128.9,39.96055024,-106.2171465,2502.408,24.90216,2.414016,0.0,302.0053832080835
129.0,39.96055136,-106.2171487,2502.408,24.90216,2.414016,0.0,302.0053832080835
129.10000000000002,39.96055226,-106.217151,2502.408,24.90216,2.2352,0.0,302.0053832080835
129.20000000000002,39.96055337,-106.2171533,2502.408,24.90216,2.190496,0.0,300.17352002964435
129.3,39.96055432,-106.2171554,2502.408,24.90216,2.2352,0.0,300.17352002964435
129.4,39.96055546,-106.2171577,2502.408,24.90216,2.2352,0.0,300.17352002964435
129.5,39.96055647,-106.2171598,2502.408,24.90216,2.2352,-0.089408,302.0053832080835
129.60000000000002,39.96055752,-106.2171619,2502.1032,24.810720000000003,2.101088,0.0,300.06858282186244
129.70000000000002,39.96055842,-106.2171639,2502.408,24.90216,2.056384,0.0,300.06858282186244
129.8,39.96055941,-106.217166,2502.1032,24.810720000000003,2.056384,0.0,300.06858282186244
129.9,39.96056032,-106.217168,2502.1032,24.810720000000003,2.01168,0.0,300.06858282186244
130.0,39.96056134,-106.2171701,2502.1032,24.810720000000003,2.01168,0.089408,298.8107937429731
130.10000000000002,39.96056209,-106.2171722,2502.1032,24.810720000000003,2.01168,0.0,302.0053832080835
130.20000000000002,39.96056316,-106.2171743,2502.1032,24.810720000000003,2.101088,0.0,302.0053832080835
130.3,39.96056445,-106.2171765,2502.1032,24.810720000000003,2.279904,0.089408,304.0193499898265
130.4,39.96056563,-106.2171787,2502.1032,24.6888,2.324608,0.089408,305.94211187138234
130.5,39.96056687,-106.2171811,2502.1032,24.6888,2.324608,0.089408,305.94211187138234
130.60000000000002,39.96056816,-106.2171832,2502.1032,24.6888,2.369312,0.0,309.2072035049678
130.70000000000002,39.96056957,-106.2171846,2502.1032,24.810720000000003,2.2352,0.0,309.2072035049678
130.8,39.96057092,-106.2171866,2502.1032,24.810720000000003,2.101088,-0.089408,310.7321066997092
130.9,39.96057262,-106.2171887,2502.408,24.90216,2.45872,0.0,313.3634229583833
131.0,39.96057406,-106.2171906,2502.408,24.90216,2.503424,0.0,313.3634229583833
131.10000000000002,39.96057552,-106.2171926,2502.1032,24.810720000000003,2.279904,0.089408,315.0
131.20000000000002,39.96057703,-106.2171945,2502.1032,24.810720000000003,2.414016,0.089408,315.0
131.3,39.9605786,-106.2171964,2502.1032,24.810720000000003,2.324608,0.0,316.6365770416167
131.4,39.9605802,-106.2171982,2502.1032,24.810720000000003,2.414016,0.0,318.1798301198642
131.5,39.96058163,-106.2172002,2502.1032,24.810720000000003,2.324608,0.0,318.1798301198642
131.60000000000002,39.96058329,-106.217202,2502.408,24.90216,2.414016,0.0,319.6354634269026
131.70000000000002,39.96058511,-106.2172035,2502.408,24.90216,2.414016,0.0,319.6354634269026
131.8,39.96058684,-106.2172053,2502.408,24.90216,2.324608,0.0,324.21102654081665
131.9,39.96058881,-106.2172071,2502.408,24.90216,2.503424,0.0,324.21102654081665
132.0,39.96059058,-106.2172087,2502.408,24.90216,2.592832,0.0,324.21102654081665
132.10000000000002,39.96059215,-106.2172102,2502.408,24.90216,2.279904,0.0,324.21102654081665
132.20000000000002,39.96059393,-106.2172118,2502.1032,24.810720000000003,2.279904,0.0,324.21102654081665
132.3,39.9605959,-106.2172131,2502.1032,24.810720000000003,2.414016,0.0,324.21102654081665
132.4,39.96059775,-106.2172147,2502.1032,24.810720000000003,2.414016,0.0,327.2004687273808
132.5,39.96059957,-106.2172162,2502.1032,24.810720000000003,2.503424,0.0,327.2004687273808
132.60000000000002,39.96060145,-106.2172177,2502.1032,24.810720000000003,2.324608,0.0,327.2004687273808
132.70000000000002,39.96060316,-106.2172191,2502.1032,24.810720000000003,2.414016,0.0,327.2004687273808
132.8,39.96060506,-106.2172206,2502.1032,24.6888,2.324608,0.0,327.2004687273808
132.9,39.96060713,-106.2172222,2502.1032,24.6888,2.592832,0.0,328.3245312618908
133.0,39.96060909,-106.2172237,2502.1032,24.6888,2.592832,0.0,328.3245312618908
133.10000000000002,39.96061114,-106.2172252,2502.1032,24.6888,2.503424,0.0,330.1240073083106
133.20000000000002,39.96061316,-106.2172266,2502.1032,24.6888,2.548128,0.0,331.1443387802835
133.3,39.96061509,-106.2172279,2502.1032,24.6888,2.414016,0.0,331.1443387802835
133.4,39.96061714,-106.2172293,2502.1032,24.59736,2.503424,0.0,331.1443387802835
133.5,39.96061912,-106.2172305,2502.1032,24.59736,2.414016,0.0,331.1443387802835
133.60000000000002,39.96062118,-106.2172318,2502.1032,24.6888,2.45872,0.0,332.969139740157
133.70000000000002,39.96062288,-106.217233,2502.1032,24.6888,2.369312,0.0,332.969139740157
133.8,39.96062494,-106.2172343,2502.1032,24.6888,2.324608,0.0,331.1443387802835
133.9,39.96062708,-106.2172359,2502.1032,24.6888,2.592832,0.0,331.1443387802835
134.0,39.96062914,-106.2172373,2502.1032,24.6888,2.68224,0.0,332.10272896905235
134.10000000000002,39.96063138,-106.2172389,2502.1032,24.6888,2.68224,0.0,332.10272896905235
134.20000000000002,39.96063349,-106.2172402,2502.1032,24.6888,2.68224,0.0,332.10272896905235
134.3,39.96063537,-106.217242,2502.1032,24.59736,2.592832,0.0,332.10272896905235
134.4,39.96063748,-106.2172434,2502.1032,24.59736,2.592832,0.0,333.8860873697093
134.5,39.9606397,-106.217245,2502.1032,24.6888,2.726944,0.0,335.1576108945448
134.60000000000002,39.96064185,-106.2172463,2502.1032,24.6888,2.68224,0.0,335.1576108945448
134.70000000000002,39.96064388,-106.2172476,2502.1032,24.6888,2.592832,0.0,335.1576108945448
134.8,39.96064605,-106.2172489,2502.1032,24.6888,2.548128,0.0,335.1576108945448
134.9,39.96064833,-106.2172503,2502.1032,24.6888,2.68224,0.0,337.83365417791754
135.0,39.96065053,-106.2172515,2502.1032,24.810720000000003,2.68224,0.0,337.83365417791754
135.10000000000002,39.96065293,-106.2172526,2502.1032,24.810720000000003,2.771648,-0.089408,342.1811110854772
135.20000000000002,39.96065524,-106.2172536,2502.1032,24.810720000000003,2.771648,-0.089408,344.5778386812613
135.3,39.96065773,-106.2172541,2502.1032,24.810720000000003,2.771648,0.0,347.366638064725
135.4,39.96066011,-106.2172549,2502.1032,24.810720000000003,2.771648,0.0,349.26110289909457
135.5,39.96066275,-106.2172549,2502.1032,24.810720000000003,2.861056,0.0,351.17962044797895
135.60000000000002,39.96066515,-106.2172554,2502.1032,24.810720000000003,2.861056,0.0,353.11827636936306
135.70000000000002,39.96066758,-106.2172555,2502.1032,24.810720000000003,2.68224,0.0,355.072890052351
135.8,39.96066997,-106.2172557,2502.1032,24.810720000000003,2.68224,0.0,358.02506598911805
135.9,39.96067258,-106.2172558,2502.1032,24.6888,2.771648,0.0,0.0
136.0,39.96067493,-106.2172558,2502.1032,24.6888,2.771648,0.0,0.0
136.10000000000002,39.96067748,-106.2172556,2502.1032,24.6888,2.68224,0.0,0.0
136.20000000000002,39.9606795,-106.2172554,2502.1032,24.6888,2.503424,0.0,2.5448043798131152
136.3,39.96068137,-106.2172549,2502.1032,24.6888,2.190496,-0.089408,7.125016348901795
136.4,39.960683,-106.2172545,2502.1032,24.810720000000003,2.01168,-0.089408,10.437475351118168
136.5,39.96068406,-106.217254,2502.1032,24.810720000000003,1.519936,-0.089408,14.036243467926454
136.60000000000002,39.96068548,-106.2172534,2502.1032,24.810720000000003,1.519936,0.0,17.927919762007264
136.70000000000002,39.96068657,-106.2172526,2502.1032,24.810720000000003,1.519936,0.0,22.750976342787624
136.8,39.96068783,-106.2172518,2502.1032,24.810720000000003,1.519936,0.0,22.750976342787624
136.9,39.96068949,-106.2172508,2502.408,24.90216,1.6987519999999998,0.0,28.88658176691069
137.0,39.9606907,-106.2172498,2502.408,24.90216,1.877568,0.0,31.82744657667314
137.10000000000002,39.96069194,-106.2172485,2502.408,24.90216,1.654048,0.0,34.59228868750995
137.20000000000002,39.96069307,-106.2172472,2502.408,24.90216,1.6987519999999998,0.0,39.1736579704442
137.3,39.96069412,-106.2172457,2502.408,24.90216,1.654048,0.0,42.79740183823418
137.4,39.96069517,-106.2172442,2502.408,24.90216,1.6987519999999998,0.0,45.0
137.5,39.96069624,-106.2172427,2502.408,24.90216,1.6987519999999998,-0.089408,47.20259816176582
137.60000000000002,39.96069727,-106.2172412,2502.408,24.90216,1.6987519999999998,0.0,47.20259816176582
137.70000000000002,39.96069824,-106.2172396,2502.408,24.90216,1.6987519999999998,0.0,49.23639479905887
137.8,39.96069926,-106.217238,2502.408,24.90216,1.78816,0.0,49.23639479905887
137.9,39.96070023,-106.2172362,2502.408,24.90216,1.78816,0.0,49.23639479905887
138.0,39.96070127,-106.2172344,2502.408,24.90216,1.877568,0.0,51.11550356628538
138.10000000000002,39.96070242,-106.2172328,2502.408,24.90216,1.877568,0.0,51.11550356628538
138.20000000000002,39.96070347,-106.217231,2502.408,24.90216,1.877568,0.0,53.6731740478798
138.3,39.9607046,-106.2172292,2502.408,24.90216,2.01168,0.0,53.6731740478798
138.4,39.96070568,-106.2172273,2502.408,24.90216,2.01168,0.0,53.6731740478798
138.5,39.96070675,-106.2172254,2502.408,24.90216,2.01168,0.0,55.2221686336361
138.60000000000002,39.96070785,-106.2172234,2502.408,24.90216,2.01168,0.0,53.13010235415595
138.70000000000002,39.96070867,-106.2172215,2502.408,24.90216,2.01168,0.0,53.13010235415595
138.8,39.96070975,-106.2172195,2502.408,24.90216,1.877568,0.0,54.60520415501293
138.9,39.96071089,-106.2172175,2502.408,24.90216,2.190496,0.0,54.60520415501293
139.0,39.96071198,-106.2172154,2502.408,24.9936,2.101088,0.0,54.60520415501293
139.10000000000002,39.96071296,-106.2172132,2502.408,24.9936,2.190496,0.0,57.994616791916485
139.20000000000002,39.96071405,-106.217211,2502.408,24.9936,2.190496,0.0,55.98065001017352
139.3,39.96071522,-106.217209,2502.408,24.9936,2.2352,0.0,55.98065001017352
139.4,39.96071633,-106.2172068,2502.408,24.9936,2.2352,0.0,55.98065001017352
139.5,39.96071735,-106.2172046,2502.408,24.9936,2.2352,0.0,57.875001559612485
139.60000000000002,39.96071848,-106.2172023,2502.408,24.9936,2.101088,0.0,57.875001559612485
139.70000000000002,39.96071941,-106.2172002,2502.408,24.9936,2.190496,0.0,57.875001559612485
139.8,39.96072055,-106.2171979,2502.408,24.9936,2.101088,0.0,59.03624346792651
139.9,39.96072195,-106.2171953,2502.408,24.9936,2.503424,0.0,59.03624346792651
140.0,39.96072311,-106.2171929,2502.408,24.9936,2.592832,0.0,59.03624346792651
140.10000000000002,39.96072411,-106.2171905,2502.408,24.9936,2.369312,0.0,59.03624346792651
140.20000000000002,39.96072525,-106.217188,2502.408,24.9936,2.414016,0.0,59.03624346792651
140.3,39.96072639,-106.2171855,2502.408,24.9936,2.45872,0.0,60.12400730831058
140.4,39.96072754,-106.217183,2502.408,24.9936,2.503424,0.0,60.12400730831058
140.5,39.96072855,-106.2171804,2502.408,24.9936,2.45872,0.0,60.12400730831058
140.60000000000002,39.96072969,-106.2171779,2502.408,24.9936,2.45872,0.0,60.12400730831058
140.70000000000002,39.96073064,-106.2171757,2502.408,24.9936,2.324608,0.0,60.12400730831058
140.8,39.96073177,-106.2171732,2502.408,24.9936,2.324608,0.0,60.12400730831058
140.9,39.96073293,-106.2171704,2502.408,24.9936,2.503424,0.0,60.12400730831058
141.0,39.96073407,-106.2171678,2502.408,24.9936,2.548128,0.0,60.12400730831058
141.10000000000002,39.9607353,-106.2171655,2502.408,24.9936,2.414016,0.0,60.12400730831058
141.20000000000002,39.96073648,-106.2171629,2502.408,24.90216,2.45872,0.0,58.3245312618908
141.3,39.96073755,-106.2171604,2502.408,24.9936,2.503424,0.0,58.3245312618908
141.4,39.96073872,-106.2171578,2502.408,24.9936,2.503424,0.0,59.38139459109061
141.5,39.96073974,-106.2171553,2502.408,24.9936,2.45872,0.0,59.38139459109061
141.60000000000002,39.9607409,-106.2171527,2502.408,24.9936,2.503424,0.0,59.38139459109061
141.70000000000002,39.96074194,-106.2171501,2502.408,24.9936,2.548128,0.0,61.14433878028348
141.8,39.96074308,-106.2171475,2502.408,24.90216,2.503424,0.0,61.14433878028348
141.9,39.96074428,-106.2171447,2502.408,24.9936,2.68224,0.0,61.14433878028348
142.0,39.96074538,-106.217142,2502.408,24.9936,2.6375360000000003,0.0,61.14433878028348
142.10000000000002,39.96074642,-106.2171395,2502.408,24.90216,2.503424,0.0,61.14433878028348
142.20000000000002,39.9607475,-106.2171369,2502.408,24.90216,2.45872,0.0,61.14433878028348
142.3,39.96074853,-106.2171344,2502.408,24.90216,2.45872,0.0,61.14433878028348
142.4,39.96074964,-106.2171317,2502.408,24.90216,2.503424,0.0,62.10272896905235
142.5,39.96075088,-106.2171291,2502.408,24.90216,2.592832,0.0,62.10272896905235
142.60000000000002,39.96075202,-106.2171264,2502.408,24.9936,2.592832,0.0,62.10272896905235
142.70000000000002,39.96075308,-106.2171239,2502.408,24.90216,2.503424,0.0,62.10272896905235
142.8,39.96075422,-106.2171212,2502.408,24.9936,2.503424,0.0,62.10272896905235
142.9,39.9607555,-106.217118,2502.408,24.9936,2.861056,0.0,62.10272896905235
143.0,39.96075669,-106.2171153,2502.408,24.90216,2.861056,0.0,60.37625124882618
143.10000000000002,39.96075793,-106.2171127,2502.408,24.90216,2.68224,0.0,60.37625124882618
143.20000000000002,39.96075916,-106.2171099,2502.408,24.90216,2.68224,0.0,61.762554461832735
143.3,39.96076035,-106.2171072,2502.408,24.9936,2.726944,0.0,61.762554461832735
143.4,39.96076157,-106.2171043,2502.408,24.9936,2.771648,0.0,61.762554461832735
143.5,39.96076277,-106.2171013,2502.408,24.90216,2.861056,0.0,61.762554461832735
143.60000000000002,39.96076397,-106.2170985,2502.408,24.9936,2.861056,0.0,61.762554461832735
143.70000000000002,39.96076499,-106.2170957,2502.408,24.90216,2.726944,0.0,61.762554461832735
143.8,39.96076614,-106.2170928,2502.408,24.90216,2.68224,0.0,63.43494882292202
143.9,39.96076722,-106.2170895,2502.408,24.90216,2.90576,0.0,64.25929164376714
144.0,39.96076835,-106.2170866,2502.408,24.90216,2.90576,0.0,64.25929164376714
144.10000000000002,39.96076946,-106.2170837,2502.408,24.90216,2.771648,0.0,62.62229722866829
144.20000000000002,39.96077067,-106.2170807,2502.408,24.90216,2.861056,0.0,62.62229722866829
144.3,39.96077178,-106.217078,2502.408,24.90216,2.771648,0.0,62.62229722866829
144.4,39.96077296,-106.217075,2502.408,24.90216,2.771648,0.0,62.62229722866829
144.5,39.96077431,-106.2170721,2502.408,24.90216,2.90576,0.0,62.62229722866829
144.60000000000002,39.96077551,-106.2170691,2502.408,24.90216,2.90576,0.0,62.62229722866829
144.70000000000002,39.96077655,-106.2170661,2502.408,24.90216,2.861056,0.0,62.62229722866829
144.8,39.96077773,-106.2170632,2502.408,24.90216,2.816352,0.0,62.62229722866829
144.9,39.96077897,-106.2170603,2502.408,24.9936,2.861056,0.0,62.62229722866829
145.0,39.96078016,-106.2170573,2502.408,24.9936,2.771648,0.0,62.62229722866829
145.10000000000002,39.96078148,-106.2170543,2502.408,24.9936,2.90576,0.0,62.62229722866829
145.20000000000002,39.96078266,-106.2170513,2502.408,24.9936,2.90576,0.0,62.62229722866829
145.3,39.96078382,-106.2170484,2502.408,24.90216,2.861056,0.0,62.62229722866829
145.4,39.96078499,-106.2170454,2502.408,24.9936,2.861056,0.0,62.62229722866829
145.5,39.96078617,-106.2170426,2502.408,24.9936,2.771648,0.0,62.62229722866829
145.60000000000002,39.96078735,-106.2170397,2502.408,24.9936,2.861056,0.0,62.62229722866829
145.70000000000002,39.96078822,-106.2170369,2502.408,24.9936,2.6375360000000003,0.0,62.62229722866829
145.8,39.96078936,-106.217034,2502.408,24.9936,2.68224,0.0,62.62229722866829
145.9,39.96079075,-106.2170309,2502.408,24.9936,2.90576,0.0,62.62229722866829
146.0,39.96079191,-106.217028,2502.408,24.9936,2.90576,0.0,62.62229722866829
146.10000000000002,39.96079302,-106.217025,2502.408,24.9936,2.861056,0.0,62.62229722866829
146.20000000000002,39.96079418,-106.2170221,2502.408,24.9936,2.816352,0.0,62.62229722866829
146.3,39.96079516,-106.2170191,2502.408,24.9936,2.771648,0.0,64.25929164376714
146.4,39.96079626,-106.2170162,2502.408,24.9936,2.726944,0.0,64.25929164376714
146.5,39.96079737,-106.2170133,2502.408,24.9936,2.771648,0.0,64.25929164376714
146.60000000000002,39.96079848,-106.2170104,2502.408,24.9936,2.771648,0.0,63.43494882292202
146.70000000000002,39.9607994,-106.2170077,2502.408,24.9936,2.6375360000000003,0.0,63.43494882292202
146.8,39.96080049,-106.2170048,2502.408,24.9936,2.592832,0.0,63.43494882292202
146.9,39.96080174,-106.2170017,2502.408,24.9936,2.861056,0.0,63.43494882292202
147.0,39.96080286,-106.2169988,2502.408,24.9936,2.90576,0.0,61.762554461832735
147.10000000000002,39.960804,-106.216996,2502.408,24.9936,2.68224,0.0,61.762554461832735
147.20000000000002,39.96080511,-106.2169932,2502.408,24.9936,2.68224,0.0,63.43494882292202
147.3,39.96080632,-106.2169903,2502.408,24.9936,2.68224,0.0,63.43494882292202
147.4,39.96080742,-106.2169875,2502.408,24.9936,2.726944,0.0,63.43494882292202
147.5,39.96080856,-106.2169847,2502.408,24.9936,2.6375360000000003,0.0,63.43494882292202
147.60000000000002,39.9608097,-106.2169818,2502.408,24.9936,2.68224,0.0,61.762554461832735
147.70000000000002,39.9608106,-106.216979,2502.408,24.9936,2.68224,0.0,62.62229722866829
147.8,39.96081175,-106.2169761,2502.408,24.9936,2.68224,0.0,62.62229722866829
147.9,39.96081318,-106.2169727,2502.408,24.9936,3.084576,0.0,62.62229722866829
148.0,39.96081437,-106.2169697,2502.408,24.9936,3.039872,0.0,63.43494882292202
148.10000000000002,39.96081554,-106.2169666,2502.408,24.9936,2.90576,0.0,63.43494882292202
148.20000000000002,39.96081673,-106.2169635,2502.408,24.9936,2.90576,0.0,63.43494882292202
148.3,39.96081799,-106.2169603,2502.408,24.9936,2.995168,0.0,63.43494882292202
148.4,39.96081919,-106.2169572,2502.408,24.9936,2.995168,0.0,63.43494882292202
148.5,39.96082026,-106.216954,2502.408,24.9936,2.950464,0.0,63.43494882292202
148.60000000000002,39.96082145,-106.2169509,2502.408,24.9936,2.995168,0.0,62.62229722866829
148.70000000000002,39.96082256,-106.2169481,2502.408,24.9936,2.771648,0.0,62.62229722866829
148.8,39.96082373,-106.2169451,2502.408,24.9936,2.861056,0.0,62.62229722866829
148.9,39.96082512,-106.2169421,2502.408,24.9936,2.90576,0.0,62.62229722866829
149.0,39.96082634,-106.2169391,2502.408,24.9936,2.90576,0.0,61.762554461832735
149.10000000000002,39.9608274,-106.2169361,2502.408,24.9936,2.816352,0.0,61.762554461832735
149.20000000000002,39.96082864,-106.2169334,2502.408,24.9936,2.771648,0.0,58.7069610040798
149.3,39.96082988,-106.2169308,2502.408,24.9936,2.68224,0.0,56.59217541029108
149.4,39.9608312,-106.2169283,2502.408,24.9936,2.592832,0.0,52.92692668268961
149.5,39.96083256,-106.2169263,2502.408,24.9936,2.414016,0.0,51.66665989090137
149.60000000000002,39.96083398,-106.2169241,2502.408,24.9936,2.414016,0.0,48.012787504183336
149.70000000000002,39.96083531,-106.2169225,2502.408,24.9936,2.2352,0.0,46.548157698977946
149.8,39.96083683,-106.2169205,2502.408,24.9936,2.2352,0.0,43.45184230102205
149.9,39.96083868,-106.2169186,2502.408,24.9936,2.45872,0.0,41.82016988013578
150.0,39.9608403,-106.2169168,2502.408,24.9936,2.503424,0.0,40.36453657309738
150.10000000000002,39.96084202,-106.2169152,2502.408,24.9936,2.324608,0.0,37.775684305954655
150.20000000000002,39.96084371,-106.2169136,2502.408,24.9936,2.324608,0.0,35.94211187138234
150.3,39.96084552,-106.2169122,2502.408,24.9936,2.324608,0.0,33.996459148250494
150.4,39.96084729,-106.2169108,2502.408,24.9936,2.324608,0.0,32.124998440387515
150.5,39.96084894,-106.2169094,2502.408,24.9936,2.2352,0.0,30.17352002964435
150.60000000000002,39.96085078,-106.2169081,2502.408,24.9936,2.279904,0.0,29.054604099077157
150.70000000000002,39.96085248,-106.2169069,2502.408,24.90216,2.2352,0.0,26.053495310490973
150.8,39.96085438,-106.2169058,2502.408,24.9936,2.2352,0.0,23.051300916473
150.9,39.96085622,-106.2169045,2502.408,24.9936,2.324608,0.0,23.051300916473
151.0,39.96085817,-106.2169035,2502.408,24.9936,2.324608,0.0,20.95577673063218
151.10000000000002,39.96085999,-106.2169028,2502.408,24.9936,2.2352,0.0,20.95577673063218
151.20000000000002,39.96086195,-106.216902,2502.408,24.9936,2.2352,0.0,18.79988515865267
151.3,39.96086375,-106.216901,2502.408,24.9936,2.190496,0.0,18.79988515865267
151.4,39.9608657,-106.2169003,2502.408,24.9936,2.101088,0.0,14.858614447924651
151.5,39.96086758,-106.2168993,2502.408,24.9936,2.190496,0.0,14.858614447924651
151.60000000000002,39.96086957,-106.2168986,2502.408,24.9936,2.279904,0.0,14.858614447924651
151.70000000000002,39.9608713,-106.2168979,2502.408,24.9936,2.101088,0.0,12.652556500557978
151.8,39.96087329,-106.2168973,2502.408,24.9936,2.101088,0.0,12.652556500557978
151.9,39.96087547,-106.2168965,2502.408,24.9936,2.414016,0.0,12.652556500557978
152.0,39.9608775,-106.2168959,2502.408,24.9936,2.414016,0.0,10.007979801441364
152.10000000000002,39.96087956,-106.2168952,2502.408,24.9936,2.324608,0.0,10.007979801441364
152.20000000000002,39.96088162,-106.2168947,2502.408,24.9936,2.324608,0.0,10.007979801441364
152.3,39.96088365,-106.216894,2502.408,24.9936,2.324608,0.0,7.815293546766895
152.4,39.96088573,-106.2168936,2502.408,24.9936,2.324608,0.0,7.815293546766895
152.5,39.96088789,-106.2168932,2502.408,24.9936,2.369312,0.0,7.386043151267245
152.60000000000002,39.96089,-106.2168929,2502.408,24.90216,2.414016,0.0,5.29008120537128
152.70000000000002,39.9608922,-106.2168924,2502.408,24.9936,2.414016,0.0,5.29008120537128
152.8,39.96089433,-106.216892,2502.408,24.9936,2.45872,0.0,5.29008120537128
152.9,39.96089661,-106.2168918,2502.408,24.90216,2.414016,0.0,5.29008120537128
153.0,39.96089878,-106.2168915,2502.408,24.9936,2.45872,0.0,5.29008120537128
153.10000000000002,39.96090087,-106.216891,2502.408,24.9936,2.414016,0.0,5.102165252358191
153.20000000000002,39.96090308,-106.2168908,2502.408,24.9936,2.45872,0.0,5.29008120537128
153.3,39.96090531,-106.2168907,2502.408,24.9936,2.45872,0.0,2.045408488887233
153.4,39.96090752,-106.2168904,2502.408,24.9936,2.45872,0.0,2.045408488887233
153.5,39.9609098,-106.2168902,2502.408,24.9936,2.503424,0.0,2.045408488887233
153.60000000000002,39.96091203,-106.21689,2502.408,24.9936,2.503424,0.0,2.045408488887233
153.70000000000002,39.96091438,-106.2168898,2502.408,25.08504,2.548128,0.0,2.045408488887233
153.8,39.96091661,-106.2168896,2502.408,25.08504,2.592832,0.0,2.045408488887233
153.9,39.96091889,-106.2168891,2502.408,25.08504,2.503424,0.0,0.0
154.0,39.96092112,-106.216889,2502.408,24.9936,2.503424,0.089408,0.0
154.10000000000002,39.9609234,-106.216889,2502.408,24.9936,2.45872,0.089408,0.0
154.20000000000002,39.96092566,-106.216889,2502.408,24.9936,2.503424,0.0,0.0
154.3,39.96092799,-106.2168891,2502.408,24.9936,2.548128,0.0,0.0
154.4,39.96093029,-106.2168892,2502.408,24.9936,2.592832,0.0,0.0
154.5,39.96093291,-106.2168892,2502.408,24.9936,2.771648,0.0,0.0
154.60000000000002,39.96093524,-106.2168892,2502.408,24.90216,2.771648,0.0,0.0
154.70000000000002,39.96093735,-106.2168894,2502.408,24.90216,2.503424,0.0,358.02506598911805
154.8,39.96093967,-106.2168895,2502.408,24.90216,2.503424,0.0,358.02506598911805
154.9,39.96094227,-106.2168894,2502.408,24.90216,2.726944,0.0,0.0
155.0,39.96094462,-106.2168894,2502.408,24.90216,2.771648,-0.089408,0.0
155.10000000000002,39.96094688,-106.2168893,2502.408,24.90216,2.503424,0.0,0.0
155.20000000000002,39.96094923,-106.2168893,2502.408,24.9936,2.548128,-0.089408,0.0
155.3,39.96095179,-106.2168895,2502.408,24.9936,2.68224,-0.089408,358.02506598911805
155.4,39.96095414,-106.2168897,2502.408,24.9936,2.726944,0.0,358.02506598911805
155.5,39.96095645,-106.2168898,2502.408,24.90216,2.592832,0.0,358.02506598911805
155.60000000000002,39.96095879,-106.21689,2502.408,24.90216,2.592832,0.0,355.072890052351
155.70000000000002,39.96096093,-106.2168906,2502.408,24.90216,2.503424,0.0,355.072890052351
155.8,39.96096325,-106.2168909,2502.408,24.90216,2.503424,0.0,355.072890052351
155.9,39.9609657,-106.2168912,2502.408,24.90216,2.68224,0.0,355.072890052351
156.0,39.9609681,-106.2168915,2502.408,24.90216,2.771648,0.089408,355.072890052351
156.10000000000002,39.96097055,-106.2168918,2502.408,24.90216,2.771648,0.0,355.072890052351
156.20000000000002,39.96097296,-106.2168921,2502.408,24.90216,2.726944,0.0,355.072890052351
156.3,39.96097551,-106.2168923,2502.408,24.90216,2.726944,0.0,355.23635830927384
156.4,39.96097793,-106.2168925,2502.408,24.90216,2.68224,0.0,355.072890052351
156.5,39.96098031,-106.2168926,2502.408,24.90216,2.68224,-0.089408,358.0908475670036
156.60000000000002,39.96098273,-106.2168928,2502.408,24.90216,2.68224,0.0,355.23635830927384
156.70000000000002,39.96098506,-106.216893,2502.408,24.90216,2.592832,0.0,355.23635830927384
156.8,39.96098749,-106.2168933,2502.408,24.90216,2.6375360000000003,0.0,355.23635830927384
156.9,39.96099038,-106.2168936,2502.408,24.90216,2.90576,0.0,355.23635830927384
157.0,39.96099286,-106.216894,2502.408,24.90216,2.995168,0.0,353.3455749539934
157.10000000000002,39.96099533,-106.2168944,2502.408,24.90216,2.816352,0.0,353.3455749539934
157.20000000000002,39.96099781,-106.2168947,2502.408,24.90216,2.816352,0.0,355.23635830927384
157.3,39.96100021,-106.2168951,2502.408,24.90216,2.726944,0.0,355.23635830927384
157.4,39.9610027,-106.2168955,2502.408,24.9936,2.771648,-0.089408,355.23635830927384
157.5,39.96100527,-106.2168959,2502.408,24.9936,2.861056,-0.089408,355.23635830927384
157.60000000000002,39.96100778,-106.2168963,2502.408,24.9936,2.861056,0.0,355.23635830927384
157.70000000000002,39.96100999,-106.2168964,2502.408,24.9936,2.592832,0.0,355.23635830927384
157.8,39.96101247,-106.2168968,2502.408,24.9936,2.592832,0.0,355.23635830927384
157.9,39.961015,-106.2168972,2502.408,24.9936,2.771648,0.0,355.23635830927384
158.0,39.96101747,-106.2168976,2502.408,24.9936,2.861056,0.0,355.23635830927384
158.10000000000002,39.96102005,-106.2168981,2502.408,24.9936,2.861056,0.0,355.23635830927384
158.20000000000002,39.96102253,-106.2168985,2502.408,24.9936,2.861056,0.0,355.23635830927384
158.3,39.96102503,-106.2168989,2502.408,24.9936,2.816352,0.0,353.3455749539934
158.4,39.96102751,-106.2168994,2502.408,24.9936,2.861056,0.0,353.3455749539934
158.5,39.96103003,-106.2168996,2502.408,24.9936,2.771648,0.0,353.3455749539934
158.60000000000002,39.96103253,-106.2169,2502.408,24.9936,2.816352,0.0,353.3455749539934
158.70000000000002,39.96103477,-106.2169005,2502.408,24.9936,2.68224,0.0,353.3455749539934
158.8,39.96103725,-106.2169009,2502.408,24.9936,2.592832,0.0,353.3455749539934
158.9,39.96104018,-106.2169011,2502.408,24.9936,3.084576,0.0,353.3455749539934
159.0,39.96104272,-106.2169016,2502.408,24.9936,3.084576,0.0,353.3455749539934
159.10000000000002,39.96104519,-106.2169021,2502.408,24.9936,2.816352,0.0,353.3455749539934
159.20000000000002,39.96104771,-106.2169025,2502.408,24.9936,2.861056,0.0,353.3455749539934
159.3,39.96105017,-106.2169027,2502.408,24.9936,2.816352,0.0,355.23635830927384
159.4,39.96105268,-106.2169031,2502.408,24.9936,2.771648,0.0,355.23635830927384
159.5,39.9610551,-106.2169033,2502.408,24.9936,2.771648,0.0,353.3455749539934
159.60000000000002,39.96105759,-106.2169037,2502.408,24.9936,2.771648,0.0,353.3455749539934
159.70000000000002,39.96105989,-106.216904,2502.408,24.9936,2.68224,0.0,353.3455749539934
159.8,39.96106238,-106.2169044,2502.408,24.9936,2.68224,0.0,353.3455749539934
159.9,39.96106497,-106.2169048,2502.408,24.9936,2.861056,0.0,353.3455749539934
160.0,39.96106748,-106.2169052,2502.408,24.9936,2.90576,0.0,353.3455749539934
160.10000000000002,39.96107002,-106.2169054,2502.408,24.9936,2.861056,0.0,353.3455749539934
160.20000000000002,39.96107253,-106.2169058,2502.408,24.9936,2.861056,0.0,353.3455749539934
160.3,39.96107501,-106.2169059,2502.408,24.90216,2.771648,0.0,355.23635830927384
160.4,39.96107752,-106.2169062,2502.408,24.90216,2.771648,0.0,353.3455749539934
160.5,39.96108004,-106.2169066,2502.408,24.90216,2.816352,0.0,353.3455749539934
160.60000000000002,39.96108257,-106.2169069,2502.408,24.90216,2.861056,0.0,353.3455749539934
160.70000000000002,39.96108489,-106.2169072,2502.408,24.90216,2.68224,0.0,353.6598082540901
160.8,39.9610874,-106.2169075,2502.408,24.90216,2.68224,0.0,353.6598082540901
160.9,39.96109026,-106.2169081,2502.408,24.90216,2.995168,0.0,353.6598082540901
161.0,39.96109281,-106.2169085,2502.408,24.90216,3.084576,0.0,353.6598082540901
161.10000000000002,39.96109539,-106.2169087,2502.408,24.90216,2.90576,0.0,353.6598082540901
161.20000000000002,39.96109794,-106.2169091,2502.408,24.90216,2.90576,0.0,353.6598082540901
161.3,39.96110047,-106.2169096,2502.1032,24.810720000000003,2.90576,0.0,353.6598082540901
161.4,39.96110301,-106.21691,2502.1032,24.810720000000003,2.861056,0.0,353.6598082540901
161.5,39.9611054,-106.2169105,2502.408,24.90216,2.771648,0.0,353.3455749539934
161.60000000000002,39.96110792,-106.2169109,2502.408,24.90216,2.816352,0.0,353.3455749539934
161.70000000000002,39.96111016,-106.2169113,2502.408,24.90216,2.68224,0.0,353.3455749539934
161.8,39.96111265,-106.2169117,2502.408,24.90216,2.68224,0.0,353.3455749539934
161.9,39.9611153,-106.2169122,2502.408,24.90216,2.90576,-0.089408,353.3455749539934
162.0,39.96111779,-106.2169126,2502.408,24.90216,2.861056,0.0,353.3455749539934
162.10000000000002,39.96112025,-106.2169127,2502.408,24.90216,2.771648,0.0,353.3455749539934
162.20000000000002,39.96112275,-106.2169131,2502.408,24.90216,2.771648,0.0,353.3455749539934
162.3,39.96112543,-106.2169134,2502.408,24.90216,2.950464,0.0,353.6598082540901
162.4,39.96112794,-106.2169137,2502.408,24.90216,2.90576,0.0,353.3455749539934
162.5,39.96113058,-106.2169143,2502.408,24.90216,2.90576,0.0,353.3455749539934
162.60000000000002,39.96113308,-106.2169147,2502.408,24.90216,2.861056,0.0,353.3455749539934
162.70000000000002,39.96113545,-106.2169151,2502.408,24.90216,2.771648,0.0,353.3455749539934
162.8,39.96113794,-106.2169155,2502.408,24.90216,2.726944,0.0,353.3455749539934
162.9,39.96114046,-106.2169161,2502.408,24.90216,2.771648,0.0,351.46923439005184
163.0,39.96114297,-106.2169166,2502.408,24.90216,2.861056,0.0,351.46923439005184
163.10000000000002,39.96114567,-106.2169171,2502.408,24.90216,2.90576,0.0,353.3455749539934
163.20000000000002,39.96114821,-106.2169175,2502.408,24.90216,2.950464,0.0,353.3455749539934
163.3,39.9611507,-106.216918,2502.408,24.90216,2.861056,0.0,353.3455749539934
163.4,39.96115321,-106.2169184,2502.408,24.90216,2.861056,0.0,353.3455749539934
163.5,39.96115578,-106.2169189,2502.408,24.90216,2.861056,0.0,353.3455749539934
163.60000000000002,39.96115832,-106.2169193,2502.408,24.90216,2.861056,0.0,353.3455749539934
163.70000000000002,39.96116057,-106.2169198,2502.408,24.90216,2.68224,0.0,353.3455749539934
163.8,39.96116309,-106.2169202,2502.408,24.90216,2.68224,0.0,353.6598082540901
163.9,39.96116598,-106.2169207,2502.408,24.90216,3.084576,0.0,353.6598082540901
164.0,39.96116856,-106.2169211,2502.408,24.9936,3.084576,0.0,353.6598082540901
164.10000000000002,39.96117115,-106.2169216,2502.408,24.9936,2.90576,0.0,353.3455749539934
164.20000000000002,39.96117368,-106.2169221,2502.408,24.9936,2.90576,0.0,353.3455749539934
164.3,39.96117614,-106.2169224,2502.408,24.9936,2.861056,0.0,353.3455749539934
164.4,39.96117864,-106.2169229,2502.408,24.9936,2.771648,0.0,353.3455749539934
164.5,39.9611811,-106.2169232,2502.408,24.9936,2.816352,0.0,353.3455749539934
164.60000000000002,39.96118359,-106.2169236,2502.408,24.9936,2.771648,0.0,353.3455749539934
164.70000000000002,39.96118603,-106.216924,2502.408,24.90216,2.771648,0.0,353.3455749539934
164.8,39.96118853,-106.2169244,2502.408,24.90216,2.771648,0.0,353.3455749539934
164.9,39.96119124,-106.2169248,2502.408,24.90216,2.90576,0.0,351.46923439005184
165.0,39.96119377,-106.2169252,2502.408,24.90216,2.90576,0.0,351.46923439005184
165.10000000000002,39.96119628,-106.2169257,2502.1032,24.810720000000003,2.861056,0.0,351.46923439005184
165.20000000000002,39.96119882,-106.2169261,2502.1032,24.810720000000003,2.861056,0.0,351.46923439005184
165.3,39.96120144,-106.2169265,2502.1032,24.810720000000003,2.90576,0.0,351.46923439005184
165.4,39.96120398,-106.216927,2502.408,24.90216,2.90576,0.0,351.46923439005184
165.5,39.96120688,-106.2169276,2502.408,24.90216,3.084576,0.0,351.46923439005184
165.60000000000002,39.96120945,-106.2169281,2502.408,24.90216,3.084576,0.0,351.46923439005184
165.70000000000002,39.96121174,-106.2169286,2502.408,24.90216,2.771648,0.0,351.46923439005184
165.8,39.96121427,-106.2169291,2502.408,24.90216,2.68224,0.0,351.46923439005184
165.9,39.96121666,-106.2169295,2502.408,24.90216,2.771648,0.0,351.46923439005184
166.0,39.96121917,-106.21693,2502.408,24.90216,2.771648,0.0,351.46923439005184
166.10000000000002,39.96122174,-106.2169304,2502.408,24.90216,2.861056,0.0,351.46923439005184
166.20000000000002,39.96122427,-106.2169309,2502.408,24.90216,2.90576,0.0,351.46923439005184
166.3,39.96122694,-106.2169312,2502.408,24.90216,2.90576,-0.089408,353.3455749539934
166.4,39.96122948,-106.2169316,2502.408,24.90216,2.995168,-0.089408,353.3455749539934
166.5,39.96123191,-106.216932,2502.408,24.90216,2.816352,0.0,353.3455749539934
166.60000000000002,39.96123443,-106.2169324,2502.408,24.90216,2.771648,0.0,353.3455749539934
166.70000000000002,39.96123687,-106.2169329,2502.408,24.90216,2.816352,0.0,353.3455749539934
166.8,39.9612394,-106.2169333,2502.408,24.90216,2.771648,0.0,353.3455749539934
166.9,39.9612419,-106.2169339,2502.408,24.90216,2.861056,0.0,353.3455749539934
167.0,39.96124444,-106.2169343,2502.408,24.90216,2.816352,0.0,353.3455749539934
167.10000000000002,39.96124692,-106.2169346,2502.408,24.90216,2.861056,0.0,353.3455749539934
167.20000000000002,39.96124945,-106.216935,2502.408,24.90216,2.816352,0.0,351.46923439005184
167.3,39.96125203,-106.2169356,2502.408,24.90216,2.90576,0.0,351.46923439005184
167.4,39.96125456,-106.216936,2502.408,24.90216,2.90576,-0.089408,353.3455749539934
167.5,39.96125713,-106.2169365,2502.408,24.90216,2.90576,0.0,353.3455749539934
167.60000000000002,39.96125967,-106.216937,2502.408,24.90216,2.90576,0.0,353.3455749539934
167.70000000000002,39.96126206,-106.2169371,2502.408,24.90216,2.771648,0.0,353.3455749539934
167.8,39.96126459,-106.2169376,2502.408,24.90216,2.771648,0.0,351.46923439005184
167.9,39.96126738,-106.2169383,2502.408,24.90216,2.995168,0.0,351.46923439005184
168.0,39.96126991,-106.2169389,2502.1032,24.810720000000003,2.995168,0.0,351.46923439005184
168.10000000000002,39.96127245,-106.2169394,2502.408,24.90216,2.861056,0.0,351.46923439005184
168.20000000000002,39.96127498,-106.2169399,2502.408,24.90216,2.90576,0.0,351.46923439005184
168.3,39.96127738,-106.2169405,2502.408,24.90216,2.771648,0.0,351.46923439005184
168.4,39.96127992,-106.216941,2502.408,24.90216,2.771648,0.0,351.46923439005184
168.5,39.96128256,-106.2169416,2502.408,24.90216,2.90576,0.0,351.46923439005184
168.60000000000002,39.96128511,-106.2169421,2502.408,24.90216,2.90576,0.0,351.46923439005184
168.70000000000002,39.96128752,-106.2169425,2502.408,24.90216,2.771648,0.0,351.86989764584405
168.8,39.96129007,-106.216943,2502.408,24.90216,2.816352,0.0,351.86989764584405
168.9,39.96129269,-106.2169433,2502.408,24.90216,2.90576,0.0,351.46923439005184
169.0,39.96129523,-106.2169438,2502.408,24.90216,2.90576,0.0,351.46923439005184
169.10000000000002,39.96129778,-106.2169442,2502.408,24.90216,2.90576,0.0,351.86989764584405
169.20000000000002,39.96130032,-106.2169446,2502.408,24.90216,2.90576,0.0,351.86989764584405
169.3,39.96130272,-106.2169451,2502.408,24.90216,2.816352,0.0,351.86989764584405
169.4,39.96130526,-106.2169455,2502.408,24.90216,2.771648,0.0,351.86989764584405
169.5,39.96130784,-106.2169461,2502.408,24.90216,2.90576,0.0,351.86989764584405
169.60000000000002,39.96131038,-106.2169466,2502.408,24.90216,2.861056,0.0,351.86989764584405
169.70000000000002,39.9613126,-106.2169471,2502.408,24.90216,2.68224,0.0,351.86989764584405
169.8,39.9613151,-106.2169476,2502.408,24.90216,2.68224,0.0,351.86989764584405
169.9,39.9613179,-106.2169482,2502.408,24.90216,2.950464,0.0,351.86989764584405
170.0,39.96132042,-106.2169487,2502.408,24.90216,3.039872,0.0,351.86989764584405
170.10000000000002,39.9613227,-106.2169491,2502.408,24.90216,2.68224,0.0,351.86989764584405
170.20000000000002,39.9613252,-106.2169496,2502.408,24.90216,2.68224,0.0,351.86989764584405
170.3,39.96132766,-106.2169501,2502.408,24.90216,2.861056,0.0,351.86989764584405
170.4,39.96133015,-106.2169505,2502.408,24.90216,2.771648,0.0,353.6598082540901
170.5,39.96133279,-106.216951,2502.408,24.9936,2.90576,0.0,353.3455749539934
170.60000000000002,39.96133526,-106.2169514,2502.408,24.9936,2.861056,0.0,353.3455749539934
170.70000000000002,39.9613375,-106.2169517,2502.408,24.9936,2.68224,0.0,353.3455749539934
170.8,39.96133995,-106.2169522,2502.408,24.9936,2.68224,0.0,353.3455749539934
170.9,39.96134267,-106.2169525,2502.408,24.9936,2.90576,0.0,353.3455749539934
171.0,39.96134514,-106.2169529,2502.408,24.90216,2.90576,0.0,353.3455749539934
171.10000000000002,39.96134772,-106.2169534,2502.408,24.90216,2.861056,0.0,353.3455749539934
171.20000000000002,39.96135021,-106.2169539,2502.408,24.90216,2.90576,0.0,353.3455749539934
171.3,39.96135277,-106.2169542,2502.408,24.90216,2.816352,0.0,353.3455749539934
171.4,39.96135527,-106.2169547,2502.408,24.90216,2.861056,0.0,351.86989764584405
171.5,39.96135796,-106.2169552,2502.408,24.90216,2.90576,0.0,351.86989764584405
171.60000000000002,39.96136048,-106.2169557,2502.408,24.90216,2.90576,0.0,351.86989764584405
171.70000000000002,39.96136261,-106.2169562,2502.408,24.90216,2.6375360000000003,0.0,351.46923439005184
171.8,39.9613651,-106.2169567,2502.408,24.90216,2.592832,0.0,351.46923439005184
171.9,39.96136781,-106.2169573,2502.408,24.90216,2.90576,0.0,351.86989764584405
172.0,39.96137031,-106.2169578,2502.408,24.90216,2.950464,0.0,351.86989764584405
172.10000000000002,39.96137281,-106.2169584,2502.408,24.90216,2.861056,0.0,351.86989764584405
172.20000000000002,39.9613753,-106.2169589,2502.408,24.9936,2.861056,0.0,351.46923439005184
172.3,39.96137778,-106.2169592,2502.408,24.9936,2.861056,0.0,353.3455749539934
172.4,39.96138025,-106.2169596,2502.408,24.9936,2.861056,0.0,353.3455749539934
172.5,39.96138272,-106.21696,2502.408,24.9936,2.861056,0.0,353.3455749539934
172.60000000000002,39.96138519,-106.2169605,2502.408,24.9936,2.771648,0.0,351.46923439005184
172.70000000000002,39.96138751,-106.2169609,2502.408,24.9936,2.771648,0.0,351.46923439005184
172.8,39.96138999,-106.2169614,2502.408,24.9936,2.771648,0.0,351.86989764584405
172.9,39.96139278,-106.216962,2502.408,24.9936,2.950464,0.0,351.86989764584405
173.0,39.96139529,-106.2169625,2502.408,24.9936,2.995168,0.0,351.86989764584405
173.10000000000002,39.96139801,-106.216963,2502.408,24.9936,2.950464,0.0,351.86989764584405
173.20000000000002,39.96140056,-106.2169635,2502.408,24.9936,2.90576,0.0,351.86989764584405
173.3,39.96140303,-106.2169639,2502.408,24.9936,2.861056,0.0,351.86989764584405
173.4,39.96140556,-106.2169644,2502.408,24.9936,2.861056,0.0,351.86989764584405
173.5,39.96140829,-106.2169646,2502.408,24.9936,2.950464,0.0,353.6598082540901
173.60000000000002,39.96141084,-106.216965,2502.408,24.9936,2.995168,0.0,353.6598082540901
173.70000000000002,39.96141318,-106.2169655,2502.408,24.9936,2.771648,0.0,353.6598082540901
173.8,39.96141568,-106.216966,2502.408,24.9936,2.726944,0.0,353.3455749539934
173.9,39.96141843,-106.2169662,2502.408,24.9936,2.90576,0.0,353.3455749539934
174.0,39.96142095,-106.2169666,2502.408,24.9936,2.950464,0.0,353.3455749539934
174.10000000000002,39.96142349,-106.216967,2502.408,24.9936,2.861056,0.0,353.3455749539934
174.20000000000002,39.96142601,-106.2169674,2502.408,24.9936,2.861056,0.0,353.3455749539934
174.3,39.96142845,-106.2169678,2502.408,24.9936,2.861056,0.0,353.3455749539934
174.4,39.96143096,-106.2169682,2502.408,24.9936,2.771648,0.0,353.3455749539934
174.5,39.96143342,-106.2169684,2502.408,24.9936,2.771648,0.0,353.3455749539934
174.60000000000002,39.96143593,-106.2169688,2502.408,24.9936,2.816352,0.0,353.3455749539934
174.70000000000002,39.96143839,-106.2169691,2502.408,24.9936,2.816352,0.0,353.3455749539934
174.8,39.96144091,-106.2169695,2502.408,24.9936,2.861056,0.0,353.3455749539934
174.9,39.96144344,-106.2169698,2502.408,24.9936,2.861056,0.0,353.6598082540901
175.0,39.96144596,-106.2169702,2502.408,24.9936,2.861056,0.0,353.3455749539934
175.10000000000002,39.96144875,-106.2169706,2502.408,24.9936,2.995168,0.0,353.6598082540901
175.20000000000002,39.9614513,-106.2169709,2502.408,24.9936,2.995168,0.0,353.6598082540901
175.3,39.96145372,-106.2169714,2502.408,24.9936,2.771648,0.0,353.6598082540901
175.4,39.96145627,-106.2169717,2502.408,24.9936,2.771648,0.0,353.6598082540901
175.5,39.96145888,-106.2169722,2502.408,24.9936,2.90576,0.0,353.6598082540901
175.60000000000002,39.96146144,-106.2169726,2502.408,24.9936,2.90576,0.0,353.6598082540901
175.70000000000002,39.96146401,-106.2169732,2502.408,24.9936,2.90576,0.0,353.6598082540901
175.8,39.96146659,-106.2169736,2502.408,24.9936,2.90576,0.0,353.6598082540901
175.9,39.96146914,-106.2169739,2502.408,24.9936,2.90576,0.0,353.6598082540901
176.0,39.96147172,-106.2169743,2502.408,24.9936,2.90576,0.0,353.6598082540901
176.10000000000002,39.96147425,-106.2169748,2502.408,24.9936,2.90576,0.0,353.6598082540901
176.20000000000002,39.96147684,-106.2169752,2502.408,24.9936,2.90576,0.0,353.6598082540901
176.3,39.96147937,-106.2169756,2502.408,24.9936,2.90576,0.0,353.6598082540901
176.4,39.96148195,-106.216976,2502.408,24.9936,2.861056,0.0,353.6598082540901
176.5,39.96148466,-106.2169763,2502.408,24.9936,2.995168,0.0,351.86989764584405
176.60000000000002,39.96148726,-106.2169768,2502.408,24.90216,2.995168,0.0,351.86989764584405
176.70000000000002,39.96148967,-106.2169774,2502.408,24.90216,2.861056,0.0,351.86989764584405
176.8,39.96149224,-106.2169779,2502.408,24.9936,2.861056,0.0,351.86989764584405
176.9,39.96149505,-106.2169786,2502.408,24.9936,2.995168,0.0,351.86989764584405
177.0,39.96149761,-106.2169792,2502.408,24.9936,3.039872,0.0,349.6111421845304
177.10000000000002,39.96149989,-106.2169798,2502.408,24.9936,2.726944,0.0,349.6111421845304
177.20000000000002,39.96150235,-106.2169805,2502.408,24.9936,2.68224,0.0,347.366638064725
177.3,39.96150464,-106.2169812,2502.408,24.90216,2.68224,0.0,347.366638064725
177.4,39.96150699,-106.216982,2502.408,24.90216,2.68224,0.0,344.05460409907715
177.5,39.96150925,-106.216983,2502.408,24.90216,2.6375360000000003,0.0,344.05460409907715
177.60000000000002,39.96151152,-106.216984,2502.408,24.90216,2.68224,0.0,342.1811110854772
177.70000000000002,39.96151332,-106.216985,2502.408,24.90216,2.414016,0.0,339.67686317033707
177.8,39.96151549,-106.2169861,2502.408,24.90216,2.414016,0.0,339.67686317033707
177.9,39.96151786,-106.2169873,2502.408,24.90216,2.771648,0.0,337.83365417791754
178.0,39.96151999,-106.2169886,2502.408,24.90216,2.68224,0.0,336.6659587232902
178.10000000000002,39.96152183,-106.21699,2502.408,24.90216,2.503424,0.0,333.8860873697093
178.20000000000002,39.96152388,-106.2169914,2502.408,24.90216,2.414016,0.0,333.8860873697093
178.3,39.96152591,-106.2169929,2502.1032,24.810720000000003,2.6375360000000003,0.0,331.1443387802835
178.4,39.96152791,-106.2169944,2502.408,24.90216,2.592832,0.0,331.1443387802835
178.5,39.96152977,-106.2169959,2502.408,24.90216,2.503424,0.0,331.1443387802835
178.60000000000002,39.96153169,-106.2169975,2502.408,24.90216,2.503424,0.0,328.3245312618908
178.70000000000002,39.96153335,-106.2169988,2502.408,24.90216,2.324608,0.0,328.3245312618908
178.8,39.9615352,-106.2170005,2502.408,24.90216,2.324608,0.0,326.5921754102911
178.9,39.96153719,-106.2170023,2502.408,24.90216,2.592832,0.0,326.5921754102911
179.0,39.96153899,-106.2170041,2502.408,24.90216,2.592832,0.0,325.43747535111817
179.10000000000002,39.96154094,-106.2170058,2502.408,24.90216,2.503424,0.0,322.9269266826896
179.20000000000002,39.9615427,-106.2170077,2502.408,24.90216,2.592832,0.0,322.9269266826896
179.3,39.96154446,-106.2170094,2502.1032,24.810720000000003,2.503424,0.0,322.9269266826896
179.4,39.96154622,-106.2170114,2502.1032,24.810720000000003,2.503424,0.0,321.3401917459099
179.5,39.96154807,-106.2170133,2502.1032,24.810720000000003,2.548128,0.0,321.3401917459099
179.60000000000002,39.96154983,-106.2170152,2502.408,24.90216,2.592832,0.0,321.3401917459099
179.70000000000002,39.96155186,-106.2170171,2502.408,24.90216,2.68224,0.0,321.3401917459099
179.8,39.96155362,-106.217019,2502.408,24.90216,2.68224,0.0,321.3401917459099
179.9,39.96155539,-106.2170208,2502.408,24.90216,2.503424,0.0,320.0636168530301
180.0,39.96155713,-106.2170228,2502.408,24.90216,2.503424,0.0,320.0636168530301
180.10000000000002,39.96155908,-106.2170247,2502.408,24.90216,2.592832,0.0,320.0636168530301
180.2,39.96156082,-106.2170266,2502.408,24.90216,2.68224,0.0,320.0636168530301
180.3,39.96156265,-106.2170286,2502.408,24.9936,2.592832,0.0,320.0636168530301
180.4,39.96156439,-106.2170306,2502.408,24.90216,2.592832,0.0,318.5322945838909
180.5,39.96156638,-106.2170328,2502.408,24.90216,2.771648,0.0,318.5322945838909
180.6,39.96156814,-106.2170348,2502.408,24.90216,2.726944,0.0,318.5322945838909
180.7,39.96156973,-106.2170368,2502.408,24.90216,2.503424,0.0,318.5322945838909
180.8,39.96157147,-106.2170389,2502.408,24.90216,2.503424,0.0,318.5322945838909
180.9,39.96157354,-106.217041,2502.408,24.90216,2.816352,0.0,318.5322945838909
181.0,39.9615753,-106.2170431,2502.408,24.90216,2.861056,0.0,318.5322945838909
181.1,39.96157713,-106.2170453,2502.408,24.90216,2.68224,0.0,318.5322945838909
181.2,39.96157889,-106.2170474,2502.408,24.90216,2.68224,0.0,317.0700306530411
181.3,39.9615804,-106.2170496,2502.408,24.90216,2.592832,0.0,317.0700306530411
181.4,39.96158215,-106.2170518,2502.408,24.90216,2.548128,0.0,317.0700306530411
181.5,39.96158394,-106.2170537,2502.408,24.90216,2.6375360000000003,0.0,317.0700306530411
181.6,39.9615857,-106.2170559,2502.408,24.90216,2.6375360000000003,0.0,317.0700306530411
181.7,39.96158719,-106.2170581,2502.408,24.90216,2.592832,0.0,317.0700306530411
181.8,39.96158892,-106.2170603,2502.408,24.90216,2.68224,0.0,317.0700306530411
181.9,39.96159082,-106.2170625,2502.408,24.90216,2.771648,0.0,317.0700306530411
182.0,39.96159254,-106.2170648,2502.408,24.90216,2.771648,0.0,315.0
182.1,39.9615944,-106.2170672,2502.408,24.90216,2.861056,0.0,315.0
182.2,39.96159613,-106.2170695,2502.408,24.90216,2.861056,0.0,315.0
182.3,39.96159772,-106.2170718,2502.408,24.90216,2.68224,0.0,315.0
182.4,39.96159945,-106.2170741,2502.408,24.90216,2.726944,0.0,315.0
182.5,39.96160126,-106.2170763,2502.408,24.90216,2.726944,0.0,315.0
182.6,39.961603,-106.2170786,2502.408,24.90216,2.771648,0.0,315.0
182.7,39.96160451,-106.2170808,2502.408,24.90216,2.6375360000000003,0.0,315.0
182.8,39.96160622,-106.2170831,2502.408,24.90216,2.592832,0.0,315.0
182.9,39.96160801,-106.2170857,2502.408,24.90216,2.861056,0.0,315.0
183.0,39.96160972,-106.217088,2502.408,24.90216,2.861056,0.0,315.0
183.1,39.96161138,-106.2170903,2502.408,24.90216,2.726944,0.0,315.0
183.2,39.96161309,-106.2170927,2502.408,24.90216,2.726944,0.0,315.0
183.3,39.96161477,-106.2170948,2502.408,24.90216,2.68224,0.0,315.0
183.4,39.96161647,-106.2170971,2502.408,24.90216,2.592832,0.0,315.0
183.5,39.96161814,-106.2170996,2502.408,24.90216,2.816352,0.0,315.0
183.6,39.96161984,-106.217102,2502.408,24.90216,2.771648,0.0,315.0
183.7,39.96162155,-106.2171041,2502.408,24.90216,2.726944,0.0,315.0
183.8,39.96162324,-106.2171064,2502.408,24.90216,2.68224,0.0,315.0
183.9,39.96162507,-106.2171092,2502.408,24.90216,2.90576,0.0,315.0
184.0,39.96162678,-106.2171116,2502.408,24.90216,2.90576,0.0,315.0
184.1,39.96162847,-106.217114,2502.408,24.90216,2.861056,0.0,313.69804732742114
184.2,39.96163018,-106.2171165,2502.408,24.90216,2.816352,0.0,313.69804732742114
184.3,39.96163202,-106.2171189,2502.408,24.90216,2.861056,0.0,313.69804732742114
184.4,39.96163374,-106.2171213,2502.408,24.90216,2.861056,0.0,313.69804732742114
184.5,39.96163539,-106.2171236,2502.408,24.90216,2.771648,0.0,313.69804732742114
184.6,39.96163709,-106.217126,2502.408,24.90216,2.726944,0.0,313.69804732742114
184.7,39.96163862,-106.2171281,2502.408,24.90216,2.6375360000000003,0.0,313.69804732742114
184.8,39.9616403,-106.2171304,2502.408,24.90216,2.592832,0.0,311.6335393365702
184.9,39.96164214,-106.2171329,2502.408,24.90216,2.861056,0.0,313.69804732742114
185.0,39.96164383,-106.2171353,2502.408,24.90216,2.90576,0.0,311.6335393365702
185.1,39.96164552,-106.2171378,2502.408,24.90216,2.816352,0.0,311.6335393365702
185.2,39.9616472,-106.2171402,2502.408,24.90216,2.861056,0.0,311.6335393365702
185.3,39.96164893,-106.2171423,2502.408,24.90216,2.68224,0.0,311.6335393365702
185.4,39.96165062,-106.2171447,2502.408,24.90216,2.68224,0.0,311.6335393365702
185.5,39.96165232,-106.2171471,2502.408,24.90216,2.771648,0.0,311.6335393365702
185.6,39.96165399,-106.2171495,2502.408,24.90216,2.771648,0.0,311.6335393365702
185.7,39.96165584,-106.2171519,2502.1032,24.810720000000003,2.816352,0.0,311.6335393365702
185.8,39.96165754,-106.2171543,2502.1032,24.810720000000003,2.861056,0.0,311.6335393365702
185.9,39.96165927,-106.2171569,2502.1032,24.810720000000003,2.861056,0.0,313.69804732742114
186.0,39.961661,-106.2171593,2502.1032,24.810720000000003,2.861056,0.0,313.69804732742114
186.1,39.96166292,-106.2171616,2502.1032,24.810720000000003,2.861056,0.0,313.69804732742114
186.2,39.96166467,-106.217164,2502.1032,24.810720000000003,2.90576,0.0,313.69804732742114
186.3,39.96166649,-106.2171664,2502.1032,24.810720000000003,2.861056,0.0,313.69804732742114
186.4,39.96166823,-106.2171688,2502.408,24.90216,2.861056,-0.089408,311.6335393365702
186.5,39.96167008,-106.2171712,2502.408,24.90216,2.861056,-0.089408,311.6335393365702
186.6,39.96167181,-106.2171736,2502.408,24.90216,2.861056,0.0,311.6335393365702
186.7,39.9616735,-106.2171758,2502.408,24.90216,2.771648,0.0,311.6335393365702
186.8,39.96167524,-106.2171782,2502.408,24.90216,2.816352,0.0,313.69804732742114
186.9,39.96167701,-106.2171808,2502.408,24.90216,2.861056,0.0,313.69804732742114
187.0,39.96167876,-106.2171832,2502.408,24.90216,2.90576,0.0,313.69804732742114
187.1,39.96168043,-106.2171856,2502.408,24.90216,2.726944,0.0,313.69804732742114
187.2,39.96168218,-106.217188,2502.408,24.90216,2.771648,0.0,313.69804732742114
187.3,39.96168382,-106.2171903,2502.408,24.90216,2.68224,0.0,313.69804732742114
187.4,39.96168555,-106.2171927,2502.408,24.90216,2.771648,0.0,313.69804732742114
187.5,39.96168744,-106.2171953,2502.408,24.90216,2.950464,-0.089408,313.69804732742114
187.6,39.96168918,-106.2171978,2502.408,24.90216,2.995168,0.0,313.69804732742114
187.7,39.96169079,-106.2172002,2502.408,24.90216,2.771648,0.0,313.69804732742114
187.8,39.96169253,-106.2172026,2502.408,24.90216,2.771648,0.0,313.69804732742114
187.9,39.96169432,-106.2172051,2502.1032,24.810720000000003,2.861056,0.0,313.69804732742114
188.0,39.96169607,-106.2172075,2502.408,24.90216,2.861056,0.0,311.6335393365702
188.1,39.96169798,-106.2172102,2502.1032,24.810720000000003,2.995168,0.0,311.6335393365702
188.2,39.96169972,-106.2172126,2502.408,24.90216,2.995168,0.0,311.6335393365702
188.3,39.96170141,-106.2172151,2502.1032,24.810720000000003,2.861056,0.0,311.6335393365702
188.4,39.96170312,-106.2172176,2502.1032,24.810720000000003,2.816352,0.0,311.6335393365702
188.5,39.96170467,-106.21722,2502.1032,24.810720000000003,2.771648,0.0,311.6335393365702
188.6,39.96170636,-106.2172224,2502.1032,24.810720000000003,2.771648,0.0,311.6335393365702
188.7,39.96170788,-106.2172245,2502.408,24.90216,2.592832,0.0,311.6335393365702
188.8,39.96170956,-106.2172269,2502.408,24.90216,2.592832,0.0,311.6335393365702
188.9,39.96171143,-106.2172295,2502.408,24.90216,2.90576,0.0,311.6335393365702
189.0,39.96171313,-106.2172319,2502.408,24.90216,2.90576,0.0,311.6335393365702
189.1,39.96171472,-106.2172341,2502.408,24.90216,2.68224,0.0,311.6335393365702
189.2,39.96171643,-106.2172365,2502.408,24.90216,2.592832,0.0,311.6335393365702
189.3,39.96171817,-106.217239,2502.408,24.90216,2.861056,0.0,311.6335393365702
189.4,39.96171987,-106.2172415,2502.408,24.90216,2.861056,0.0,311.6335393365702
189.5,39.96172155,-106.2172438,2502.408,24.90216,2.771648,0.0,311.6335393365702
189.6,39.96172327,-106.2172462,2502.408,24.90216,2.771648,0.0,311.6335393365702
189.7,39.96172486,-106.2172486,2502.408,24.9936,2.771648,-0.089408,313.69804732742114
189.8,39.96172658,-106.217251,2502.408,24.9936,2.771648,-0.089408,313.69804732742114
189.9,39.96172846,-106.2172536,2502.408,24.9936,2.995168,-0.089408,313.69804732742114
190.0,39.96173019,-106.2172561,2502.408,24.9936,2.995168,0.0,313.69804732742114
190.1,39.96173184,-106.2172584,2502.408,24.9936,2.816352,0.0,313.69804732742114
190.2,39.96173355,-106.2172609,2502.408,24.9936,2.816352,0.0,313.69804732742114
190.3,39.96173517,-106.2172635,2502.408,24.9936,2.90576,0.0,313.69804732742114
190.4,39.96173687,-106.217266,2502.408,24.9936,2.861056,0.0,311.6335393365702
190.5,39.96173869,-106.2172683,2502.408,24.9936,2.861056,0.0,313.69804732742114
190.6,39.9617404,-106.2172708,2502.408,24.9936,2.861056,0.0,311.6335393365702
190.7,39.96174204,-106.217273,2502.408,24.9936,2.771648,-0.089408,311.6335393365702
190.8,39.96174365,-106.2172754,2502.408,24.90216,2.6375360000000003,-0.089408,310.1792339219073
190.9,39.96174547,-106.2172777,2502.408,24.90216,2.771648,0.0,311.4677054161091
191.0,39.961747,-106.21728,2502.408,24.90216,2.68224,0.0,309.9363831469699
191.1,39.9617485,-106.2172819,2502.408,24.90216,2.503424,0.0,311.98721249581666
191.2,39.96174996,-106.2172841,2502.408,24.90216,2.414016,0.0,310.3645365730973
191.3,39.96175139,-106.2172861,2502.408,24.90216,2.414016,0.0,311.8201698801358
191.4,39.96175276,-106.2172881,2502.408,24.90216,2.279904,0.0,309.2072035049678
191.5,39.96175406,-106.2172899,2502.408,24.90216,2.2352,0.0,310.7321066997092
191.6,39.96175534,-106.2172917,2502.408,24.90216,2.101088,0.0,310.46222749209335
191.7,39.96175638,-106.2172931,2502.408,24.90216,1.966976,0.0,310.46222749209335
191.8,39.96175756,-106.2172948,2502.408,24.90216,1.832864,0.0,311.0548137709624
191.9,39.96175907,-106.2172965,2502.408,24.90216,2.101088,0.0,311.0548137709624
192.0,39.96176022,-106.2172981,2502.408,24.90216,2.01168,0.0,312.9545915111128
192.1,39.96176129,-106.2172995,2502.408,24.90216,1.78816,0.0,312.9545915111128
192.2,39.96176238,-106.2173009,2502.408,24.90216,1.6987519999999998,0.0,312.7974018382342
192.3,39.96176348,-106.2173022,2502.408,24.9936,1.654048,0.0,312.7974018382342
192.4,39.96176449,-106.2173036,2502.408,24.9936,1.654048,0.0,311.3477772196937
192.5,39.96176553,-106.2173049,2502.408,24.9936,1.519936,0.0,311.3477772196937
192.6,39.96176648,-106.2173061,2502.408,24.9936,1.56464,0.0,311.3477772196937
192.7,39.96176749,-106.2173073,2502.408,24.9936,1.519936,0.0,308.6598082540901
192.8,39.96176838,-106.2173085,2502.408,24.9936,1.519936,0.0,312.2736890060937
192.9,39.96176927,-106.2173097,2502.408,24.9936,1.430528,0.0,312.2736890060937
193.0,39.96177012,-106.2173108,2502.408,24.9936,1.519936,0.0,311.98721249581666
193.1,39.96177115,-106.2173119,2502.408,24.9936,1.430528,0.0,311.98721249581666
193.2,39.96177195,-106.2173129,2502.408,24.9936,1.519936,0.0,311.98721249581666
193.3,39.96177273,-106.2173139,2502.408,24.9936,1.162304,0.0,315.0
193.4,39.96177348,-106.2173148,2502.408,24.9936,1.162304,0.0,311.6335393365702
193.5,39.96177403,-106.2173158,2502.408,24.9936,1.0728959999999998,0.0,311.6335393365702
193.6,39.96177467,-106.2173166,2502.408,24.9936,0.938784,0.0,309.0938588862295
193.7,39.96177532,-106.2173173,2502.408,24.9936,0.938784,0.0,309.0938588862295
193.8,39.96177593,-106.2173181,2502.408,24.9936,0.938784,0.0,309.0938588862295
193.9,39.96177638,-106.2173189,2502.408,24.90216,0.938784,0.0,315.0
194.0,39.96177694,-106.2173196,2502.408,24.9936,0.938784,0.0,310.23635830927384
194.1,39.96177761,-106.2173204,2502.408,24.9936,0.938784,0.0,310.23635830927384
194.2,39.96177813,-106.217321,2502.408,24.9936,0.938784,0.0,315.0
194.3,39.96177865,-106.2173215,2502.408,24.9936,0.804672,0.0,315.0
194.4,39.96177915,-106.217322,2502.408,24.9936,0.804672,0.0,309.2894068625004
194.5,39.96177963,-106.2173226,2502.408,24.9936,0.804672,0.0,309.2894068625004
194.6,39.9617801,-106.2173231,2502.408,24.9936,0.67056,0.089408,309.2894068625004
194.7,39.96178063,-106.2173236,2502.408,24.90216,0.938784,0.089408,315.0
194.8,39.96178109,-106.217324,2502.408,24.90216,0.67056,0.089408,315.0
194.9,39.96178161,-106.2173245,2502.408,24.90216,0.67056,0.0,315.0
195.0,39.96178204,-106.2173249,2502.408,24.9936,0.67056,0.0,315.0
195.1,39.96178238,-106.2173256,2502.408,24.9936,0.491744,0.0,322.1250163489018
195.2,39.96178281,-106.2173259,2502.408,24.9936,0.491744,0.0,322.1250163489018
195.3,39.96178311,-106.2173262,2502.408,24.9936,0.67056,0.0,322.1250163489018
195.4,39.96178353,-106.2173265,2502.408,24.9936,0.0,0.0,330.94539590092285
195.5,39.96178405,-106.2173267,2502.408,24.9936,0.491744,0.0,330.94539590092285
195.6,39.96178445,-106.2173269,2502.408,24.9936,0.0,0.0,330.94539590092285
195.7,39.96178487,-106.2173271,2502.408,25.08504,0.0,0.0,324.4623222080256
195.8,39.96178524,-106.2173273,2502.408,25.08504,0.491744,0.0,324.4623222080256
195.9,39.96178551,-106.2173275,2502.408,25.08504,0.67056,0.0,344.05460409907715
196.0,39.96178584,-106.2173276,2502.408,25.08504,0.491744,0.0,344.05460409907715
196.1,39.96178618,-106.2173278,2502.408,25.08504,0.491744,0.0,344.05460409907715
196.2,39.9617865,-106.217328,2502.408,25.08504,0.0,0.0,344.05460409907715
196.3,39.96178681,-106.2173282,2502.408,24.9936,0.0,0.0,344.05460409907715
196.4,39.9617871,-106.2173284,2502.408,24.9936,0.0,0.0,338.1985905136482
196.5,39.96178745,-106.2173287,2502.408,24.9936,0.0,0.0,338.1985905136482
196.6,39.96178774,-106.2173289,2502.408,24.9936,0.0,0.0,338.1985905136482
196.7,39.96178801,-106.2173291,2502.408,24.9936,0.491744,0.0,344.05460409907715
196.8,39.96178831,-106.2173293,2502.408,24.9936,0.0,0.0,344.05460409907715
196.9,39.96178851,-106.2173297,2502.408,25.08504,0.0,0.0,344.05460409907715
197.0,39.96178882,-106.2173299,2502.408,25.08504,0.0,0.0,344.05460409907715
197.1,39.96178916,-106.2173302,2502.408,25.08504,0.0,0.0,344.05460409907715
197.2,39.96178942,-106.2173305,2502.408,25.08504,0.0,0.0,338.1985905136482
197.3,39.96178981,-106.2173306,2502.408,25.08504,0.491744,0.0,338.1985905136482
197.4,39.96179002,-106.2173308,2502.408,25.08504,0.0,0.0,315.0
197.5,39.96179,-106.217331,2502.408,25.08504,0.0,0.0,315.0
197.6,39.96179016,-106.2173312,2502.408,25.08504,0.491744,0.0,315.0
197.7,39.96179024,-106.2173312,2502.408,24.9936,0.0,0.0,315.0
197.8,39.96179038,-106.2173313,2502.408,24.9936,0.0,0.0,315.0
197.9,39.9617906,-106.2173314,2502.408,24.9936,0.0,0.089408,315.0
198.0,39.96179074,-106.2173316,2502.408,24.90216,0.0,0.089408,315.0
198.1,39.96179099,-106.2173316,2502.408,24.90216,0.0,0.089408,315.0
198.2,39.96179114,-106.2173317,2502.408,24.90216,0.0,0.0,315.0
198.3,39.96179115,-106.2173316,2502.408,24.90216,0.0,0.0,0.0
198.4,39.96179132,-106.2173317,2502.408,24.90216,0.0,0.0,0.0
198.5,39.96179155,-106.2173318,2502.408,24.90216,0.0,0.0,0.0
198.6,39.96179174,-106.2173319,2502.408,24.90216,0.0,0.0,0.0
198.7,39.96179192,-106.217332,2502.408,24.9936,0.0,0.0,0.0
198.8,39.96179212,-106.217332,2502.408,24.9936,0.0,0.0,0.0
198.9,39.96179255,-106.2173321,2502.408,24.9936,0.0,0.0,0.0
199.0,39.96179273,-106.2173321,2502.408,24.9936,0.0,0.0,0.0
199.1,39.96179283,-106.2173321,2502.408,24.9936,0.0,0.0,0.0
199.2,39.96179294,-106.217332,2502.408,24.9936,0.0,0.0,0.0
199.3,39.96179297,-106.2173318,2502.408,25.08504,0.0,0.0,0.0
199.4,39.96179303,-106.2173317,2502.408,25.08504,0.0,0.0,0.0
199.5,39.96179306,-106.2173314,2502.408,25.08504,0.0,0.0,0.0
199.6,39.96179308,-106.2173312,2502.408,25.08504,0.0,0.0,0.0
199.7,39.96179314,-106.2173313,2502.408,25.08504,0.491744,0.0,0.0
199.8,39.96179315,-106.2173312,2502.408,25.08504,0.0,0.0,0.0
199.9,39.96179316,-106.2173312,2502.7128,25.20696,0.0,0.0,0.0
200.0,39.96179315,-106.2173312,2502.7128,25.20696,0.0,0.0,0.0
200.1,39.96179324,-106.2173311,2502.7128,25.20696,0.0,0.0,0.0
200.2,39.96179326,-106.2173311,2502.7128,25.20696,0.0,0.089408,0.0
200.3,39.96179327,-106.2173311,2502.408,25.08504,0.0,0.089408,0.0
200.4,39.9617933,-106.2173311,2502.408,25.08504,0.0,0.0,0.0
200.5,39.96179349,-106.217331,2502.7128,25.20696,0.0,0.0,0.0
200.6,39.96179354,-106.217331,2502.7128,25.20696,0.0,0.0,0.0
200.7,39.96179362,-106.2173309,2502.7128,25.20696,0.0,0.0,0.0
200.8,39.96179369,-106.2173309,2502.7128,25.20696,0.491744,0.0,0.0
200.9,39.96179386,-106.2173311,2502.7128,25.20696,0.491744,0.0,0.0
201.0,39.96179395,-106.2173311,2502.7128,25.2984,0.0,0.0,0.0
201.1,39.96179405,-106.2173309,2502.7128,25.2984,0.0,0.0,0.0
201.2,39.96179414,-106.2173309,2502.7128,25.2984,0.0,0.0,0.0
201.3,39.96179432,-106.2173307,2502.7128,25.2984,0.0,0.0,0.0
201.4,39.96179444,-106.2173307,2502.7128,25.20696,0.0,0.0,0.0
201.5,39.96179459,-106.2173304,2502.7128,25.20696,0.0,0.0,0.0
201.6,39.96179464,-106.2173303,2502.7128,25.20696,0.0,0.0,0.0
201.7,39.96179474,-106.2173302,2502.7128,25.20696,0.0,0.0,0.0
201.8,39.96179469,-106.2173302,2502.7128,25.20696,0.0,0.0,180.0
201.9,39.96179438,-106.2173301,2502.7128,25.20696,0.491744,0.0,180.0
202.0,39.96179427,-106.2173301,2502.7128,25.20696,0.0,0.0,180.0
202.1,39.96179404,-106.2173302,2502.7128,25.20696,0.0,0.0,180.0
202.2,39.96179393,-106.2173302,2502.7128,25.20696,0.0,0.0,180.0
202.3,39.96179385,-106.2173303,2502.7128,25.20696,0.0,0.0,180.0
202.4,39.96179376,-106.2173303,2502.7128,25.20696,0.0,0.0,0.0
202.5,39.96179358,-106.2173303,2502.7128,25.20696,0.0,0.0,0.0
202.6,39.96179356,-106.2173303,2502.7128,25.20696,0.0,0.0,0.0
202.7,39.96179375,-106.2173304,2502.7128,25.20696,0.0,0.0,0.0
202.8,39.96179377,-106.2173304,2502.408,25.08504,0.0,0.0,0.0
202.9,39.9617938,-106.2173303,2502.408,25.08504,0.0,0.0,0.0
203.0,39.96179384,-106.2173303,2502.408,25.08504,0.0,0.0,0.0
203.1,39.96179399,-106.2173303,2502.408,25.08504,0.0,0.0,0.0
203.2,39.96179402,-106.2173304,2502.408,25.08504,0.0,0.0,0.0
203.3,39.96179391,-106.2173306,2502.408,25.08504,0.0,0.0,0.0
203.4,39.96179393,-106.2173306,2502.408,25.08504,0.0,0.0,0.0
203.5,39.96179383,-106.2173307,2502.408,25.08504,0.0,0.0,0.0
203.6,39.96179383,-106.2173307,2502.408,25.08504,0.491744,0.0,0.0
203.7,39.9617938,-106.2173307,2502.408,25.08504,0.0,0.0,0.0
203.8,39.96179373,-106.2173307,2502.408,25.08504,0.0,0.0,180.0
203.9,39.96179363,-106.2173306,2502.408,25.08504,0.0,0.0,180.0
204.0,39.96179353,-106.2173306,2502.408,25.08504,0.0,0.0,180.0
204.1,39.96179335,-106.2173306,2502.408,25.08504,0.0,0.0,180.0
204.2,39.96179326,-106.2173306,2502.408,25.08504,0.0,0.0,180.0
204.3,39.96179299,-106.2173305,2502.408,25.08504,0.0,0.0,0.0
204.4,39.9617929,-106.2173304,2502.408,25.08504,0.0,0.0,0.0
204.5,39.9617929,-106.2173304,2502.408,25.08504,0.0,0.0,0.0
204.6,39.96179287,-106.2173303,2502.408,25.08504,0.0,0.0,0.0
204.7,39.96179303,-106.2173303,2502.408,25.08504,0.0,0.0,0.0
204.8,39.96179303,-106.2173303,2502.408,25.08504,0.0,0.0,0.0
204.9,39.96179302,-106.2173302,2502.408,25.08504,0.0,0.0,0.0
205.0,39.96179301,-106.2173302,2502.408,25.08504,0.0,0.0,0.0
205.1,39.96179301,-106.2173304,2502.408,25.08504,0.0,0.0,0.0
205.2,39.961793,-106.2173304,2502.408,25.08504,0.0,0.0,0.0
205.3,39.96179301,-106.2173302,2502.7128,25.20696,0.0,0.0,0.0
205.4,39.96179302,-106.2173302,2502.7128,25.20696,0.0,0.0,0.0
205.5,39.96179305,-106.2173303,2502.7128,25.20696,0.0,0.0,0.0
205.6,39.96179307,-106.2173303,2502.408,25.08504,0.0,0.0,0.0
205.7,39.96179296,-106.2173305,2502.408,25.08504,0.0,0.0,0.0
205.8,39.96179296,-106.2173305,2502.408,25.08504,0.0,0.0,0.0
205.9,39.96179291,-106.2173305,2502.408,25.08504,0.0,0.0,0.0
206.0,39.96179289,-106.2173305,2502.408,25.08504,0.0,0.0,0.0
206.1,39.96179288,-106.2173306,2502.408,25.08504,0.0,0.0,0.0
206.2,39.96179289,-106.2173306,2502.7128,25.20696,0.0,0.0,0.0
206.3,39.96179279,-106.2173306,2502.7128,25.20696,0.0,0.0,0.0
206.4,39.9617928,-106.2173306,2502.7128,25.20696,0.0,0.0,0.0
206.5,39.96179286,-106.2173306,2502.408,25.08504,0.0,0.0,0.0
206.6,39.96179285,-106.2173306,2502.408,25.08504,0.0,0.0,0.0
206.7,39.96179278,-106.2173305,2502.7128,25.20696,0.0,0.0,0.0
206.8,39.96179276,-106.2173305,2502.408,25.08504,0.0,0.0,0.0
206.9,39.9617926,-106.2173305,2502.408,25.08504,0.0,0.0,0.0
207.0,39.9617926,-106.2173305,2502.408,25.08504,0.0,0.0,0.0
207.1,39.96179256,-106.2173304,2502.408,25.08504,0.0,0.0,0.0
207.2,39.96179255,-106.2173304,2502.408,25.08504,0.0,0.0,0.0
207.3,39.9617926,-106.2173302,2502.408,25.08504,0.0,0.0,0.0
207.4,39.96179257,-106.2173302,2502.408,25.08504,0.0,0.0,0.0
207.5,39.96179252,-106.2173302,2502.408,25.08504,0.0,0.0,0.0
207.6,39.96179246,-106.2173301,2502.408,25.08504,0.0,0.0,0.0
207.7,39.96179243,-106.2173302,2502.408,25.08504,0.0,0.0,0.0
207.8,39.96179236,-106.2173301,2502.408,25.08504,0.0,0.0,0.0
207.9,39.96179238,-106.2173302,2502.408,25.08504,0.0,0.0,0.0
208.0,39.96179233,-106.2173302,2502.7128,25.20696,0.0,0.0,0.0
208.1,39.9617923,-106.2173303,2502.7128,25.20696,0.0,0.0,0.0
208.2,39.96179227,-106.2173304,2502.7128,25.20696,0.0,0.0,0.0
208.3,39.96179245,-106.2173304,2502.7128,25.20696,0.0,0.0,0.0
208.4,39.96179242,-106.2173305,2502.7128,25.20696,0.0,0.0,0.0
208.5,39.96179247,-106.2173307,2502.7128,25.20696,0.0,0.0,0.0
208.6,39.96179243,-106.2173307,2502.7128,25.20696,0.0,0.0,0.0
208.7,39.96179241,-106.2173309,2502.7128,25.20696,0.0,0.0,0.0
208.8,39.96179238,-106.217331,2502.7128,25.20696,0.0,0.0,0.0
208.9,39.96179227,-106.2173311,2502.7128,25.20696,0.0,0.0,0.0
209.0,39.96179223,-106.2173312,2502.7128,25.20696,0.0,0.0,0.0
209.1,39.9617923,-106.2173312,2502.7128,25.20696,0.0,0.0,270.0
209.2,39.96179227,-106.2173313,2502.408,25.08504,0.0,0.0,270.0
209.3,39.96179218,-106.2173314,2502.7128,25.20696,0.0,0.0,270.0
209.4,39.96179214,-106.2173315,2502.7128,25.20696,0.0,0.0,270.0
209.5,39.96179209,-106.2173316,2502.7128,25.20696,0.0,0.0,270.0
209.6,39.96179207,-106.2173317,2502.7128,25.20696,0.491744,0.0,0.0
209.7,39.96179203,-106.2173319,2502.7128,25.20696,0.0,0.0,270.0
209.8,39.96179198,-106.2173321,2502.7128,25.20696,0.0,0.0,270.0
209.9,39.96179202,-106.217332,2502.7128,25.20696,0.0,0.0,270.0
210.0,39.96179194,-106.2173321,2502.7128,25.20696,0.0,0.0,270.0
210.1,39.96179174,-106.2173324,2502.7128,25.20696,0.0,0.0,225.0
210.2,39.96179163,-106.2173326,2502.7128,25.2984,0.0,0.0,225.0
210.3,39.96179156,-106.2173327,2502.7128,25.2984,0.0,0.0,225.0
210.4,39.96179144,-106.2173328,2502.7128,25.2984,0.0,0.0,180.0
210.5,39.96179115,-106.217333,2502.7128,25.2984,0.0,0.0,180.0
210.6,39.961791,-106.2173331,2502.7128,25.2984,0.491744,0.0,180.0
210.7,39.96179089,-106.2173331,2502.7128,25.2984,0.0,0.0,180.0
210.8,39.96179074,-106.2173332,2502.7128,25.2984,0.0,0.0,180.0
210.9,39.96179043,-106.217333,2502.7128,25.20696,0.0,0.0,180.0
211.0,39.96179028,-106.217333,2502.7128,25.20696,0.0,0.0,180.0
211.1,39.96179022,-106.217333,2502.7128,25.20696,0.0,0.0,180.0
211.2,39.9617901,-106.2173329,2502.7128,25.20696,0.0,0.0,180.0
211.3,39.96178985,-106.2173329,2502.7128,25.20696,0.0,0.0,180.0
211.4,39.96178973,-106.2173329,2502.7128,25.20696,0.0,0.0,0.0
211.5,39.96178961,-106.2173327,2502.7128,25.20696,0.0,0.0,0.0
211.6,39.96178954,-106.2173327,2502.7128,25.20696,0.0,0.0,0.0
211.7,39.96178916,-106.2173329,2502.7128,25.20696,0.0,0.0,0.0
211.8,39.96178913,-106.2173329,2502.408,25.08504,0.0,0.0,0.0
211.9,39.96178914,-106.217333,2502.408,25.08504,0.0,0.0,0.0
212.0,39.96178921,-106.2173331,2502.408,25.08504,0.0,0.0,0.0
212.1,39.96178922,-106.2173333,2502.408,25.08504,0.0,0.089408,0.0
212.2,39.96178928,-106.2173334,2502.408,25.08504,0.0,0.0,0.0
212.3,39.96178949,-106.2173334,2502.408,25.08504,0.0,0.0,0.0
212.4,39.96178958,-106.2173334,2502.408,25.08504,0.491744,-0.089408,0.0
212.5,39.9617897,-106.2173335,2502.408,25.08504,0.0,-0.089408,0.0
212.6,39.96178979,-106.2173335,2502.7128,25.20696,0.0,-0.089408,0.0
212.7,39.96178995,-106.2173334,2502.7128,25.20696,0.0,-0.089408,0.0
212.8,39.96179002,-106.2173334,2502.7128,25.20696,0.0,0.0,0.0
212.9,39.96179025,-106.2173336,2502.7128,25.20696,0.491744,0.0,0.0
213.0,39.9617903,-106.2173337,2502.408,25.08504,0.0,0.0,0.0
213.1,39.96179023,-106.2173334,2502.408,25.08504,0.0,0.0,0.0
213.2,39.96179023,-106.2173334,2502.408,25.08504,0.0,0.0,0.0
213.3,39.96179019,-106.2173334,2502.408,25.08504,0.0,0.0,0.0
213.4,39.96179015,-106.2173334,2502.7128,25.20696,0.0,0.0,0.0
213.5,39.96179013,-106.2173332,2502.7128,25.20696,0.491744,0.0,0.0
213.6,39.9617901,-106.2173331,2502.7128,25.2984,0.0,0.0,0.0
213.7,39.96179014,-106.2173328,2502.7128,25.2984,0.491744,0.0,0.0
213.8,39.96179016,-106.2173327,2502.7128,25.2984,0.0,0.0,0.0
213.9,39.96179031,-106.2173328,2502.7128,25.2984,0.0,0.0,0.0
214.0,39.96179037,-106.2173327,2502.7128,25.2984,0.0,0.0,0.0
214.1,39.96179058,-106.2173328,2502.7128,25.2984,0.0,0.0,0.0
214.2,39.96179064,-106.2173327,2502.7128,25.2984,0.0,0.0,0.0
214.3,39.96179066,-106.2173329,2502.7128,25.2984,0.0,0.089408,0.0
214.4,39.9617907,-106.2173329,2502.7128,25.2984,0.0,0.0,0.0
214.5,39.9617907,-106.2173328,2502.7128,25.2984,0.0,0.0,0.0
214.6,39.96179075,-106.2173328,2502.7128,25.2984,0.0,-0.22352,0.0
214.7,39.96179078,-106.2173329,2502.7128,25.38984,0.0,-0.22352,0.0
214.8,39.96179078,-106.2173329,2503.0176,25.51176,0.0,-0.312928,0.0
214.9,39.96179075,-106.2173328,2503.0176,25.51176,0.0,-0.402336,0.0
215.0,39.9617907,-106.2173327,2503.0176,25.6032,0.0,-0.402336,0.0
215.1,39.9617904,-106.2173326,2503.0176,25.6032,0.0,-0.312928,0.0
215.2,39.96179029,-106.2173324,2503.0176,25.6032,0.0,-0.312928,180.0
215.3,39.9617902,-106.2173322,2503.0176,25.6032,0.0,-0.089408,135.0
215.4,39.96179005,-106.2173321,2503.0176,25.6032,0.0,0.0,135.0
215.5,39.96178996,-106.217332,2503.0176,25.6032,0.0,0.0,180.0
215.6,39.96178986,-106.2173318,2503.0176,25.51176,0.0,0.0,0.0
215.7,39.96178961,-106.2173317,2503.0176,25.51176,0.0,0.0,0.0
215.8,39.96178953,-106.2173315,2503.0176,25.6032,0.0,0.0,0.0
215.9,39.96178965,-106.2173316,2503.0176,25.6032,0.491744,0.0,0.0
216.0,39.96178963,-106.2173315,2503.0176,25.6032,0.0,0.0,0.0
216.1,39.96178959,-106.2173316,2503.0176,25.51176,0.0,0.0,0.0
216.2,39.96178959,-106.2173315,2503.0176,25.6032,0.0,0.0,0.0
216.3,39.96178957,-106.2173314,2503.0176,25.6032,0.0,0.0,0.0
216.4,39.96178958,-106.2173314,2503.0176,25.6032,0.491744,0.0,0.0
216.5,39.96178948,-106.2173315,2503.0176,25.6032,0.0,0.0,0.0
216.6,39.96178949,-106.2173315,2503.0176,25.51176,0.0,0.0,0.0
216.7,39.96178955,-106.2173315,2503.0176,25.51176,0.0,0.0,0.0
216.8,39.96178965,-106.2173315,2503.0176,25.6032,0.0,0.0,0.0
216.9,39.96178985,-106.2173315,2503.0176,25.6032,0.0,0.0,0.0
217.0,39.96178997,-106.2173316,2503.0176,25.6032,0.0,0.0,0.0
217.1,39.96179017,-106.217332,2503.0176,25.6032,0.0,0.0,0.0
217.2,39.96179024,-106.2173321,2503.0176,25.51176,0.0,0.0,0.0
217.3,39.96179048,-106.217332,2503.0176,25.51176,0.0,0.0,0.0
217.4,39.96179052,-106.2173321,2503.0176,25.51176,0.0,0.0,0.0
217.5,39.96179033,-106.2173323,2503.0176,25.51176,0.0,0.0,0.0
217.6,39.96179033,-106.2173324,2503.0176,25.51176,0.0,0.0,0.0
217.7,39.96179033,-106.2173327,2503.0176,25.51176,0.0,0.0,0.0
217.8,39.96179033,-106.2173327,2503.0176,25.51176,0.0,0.0,0.0
217.9,39.96179043,-106.2173326,2503.0176,25.51176,0.0,0.0,0.0
218.0,39.96179044,-106.2173327,2503.0176,25.51176,0.0,0.0,0.0
218.1,39.96179043,-106.2173326,2503.0176,25.51176,0.0,0.0,0.0
218.2,39.96179041,-106.2173326,2502.7128,25.38984,0.0,0.0,0.0
218.3,39.96179051,-106.2173325,2502.7128,25.38984,0.0,0.0,0.0
218.4,39.96179045,-106.2173324,2502.7128,25.38984,0.0,0.0,0.0
218.5,39.96179028,-106.2173321,2503.0176,25.51176,0.0,0.0,180.0
218.6,39.96179008,-106.217332,2503.0176,25.51176,0.0,0.0,158.19859051364824
218.7,39.96178971,-106.2173317,2503.0176,25.51176,0.491744,0.0,144.46232220802565
218.8,39.96178935,-106.2173314,2503.0176,25.51176,0.491744,0.0,150.94539590092285
218.9,39.96178879,-106.2173308,2503.0176,25.51176,0.804672,0.0,147.52880770915152
219.0,39.96178827,-106.2173304,2502.7128,25.38984,0.804672,0.0,151.69924423399362
219.1,39.9617876,-106.2173297,2502.7128,25.38984,0.804672,0.0,151.69924423399362
219.2,39.96178692,-106.2173292,2502.7128,25.38984,0.938784,0.0,150.64224645720873
219.3,39.96178612,-106.2173285,2502.7128,25.38984,0.938784,0.0,153.43494882292202
219.4,39.96178533,-106.2173278,2503.0176,25.51176,1.0728959999999998,0.0,148.5704343851615
219.5,39.96178447,-106.2173271,2503.0176,25.51176,1.162304,0.0,151.18920625702697
219.6,39.96178358,-106.2173263,2503.0176,25.51176,1.0728959999999998,0.0,146.97613244420336
219.7,39.96178277,-106.2173256,2503.0176,25.51176,1.162304,0.0,149.42077312751098
219.8,39.96178178,-106.2173247,2503.0176,25.51176,1.162304,0.0,149.42077312751098
219.9,39.96178073,-106.2173238,2503.0176,25.51176,1.34112,0.0,147.38075692880716
220.0,39.96177962,-106.2173229,2503.0176,25.51176,1.430528,0.0,149.34933204294714
220.1,39.96177838,-106.2173219,2503.0176,25.51176,1.519936,0.0,149.34933204294714
220.2,39.96177718,-106.2173209,2503.0176,25.51176,1.519936,0.0,149.34933204294714
220.3,39.96177607,-106.21732,2503.0176,25.51176,1.519936,0.0,148.17255342332692
220.4,39.96177481,-106.2173189,2503.0176,25.51176,1.654048,0.0,148.17255342332692
220.5,39.96177346,-106.2173178,2503.0176,25.51176,1.78816,0.0,149.85861444792465
220.6,39.96177212,-106.2173167,2503.0176,25.51176,1.78816,0.0,147.17145820858752
220.7,39.96177088,-106.2173158,2503.0176,25.51176,1.6987519999999998,0.0,149.53445508054017
220.8,39.96176947,-106.2173146,2503.0176,25.51176,1.78816,0.0,149.53445508054017
220.9,39.96176817,-106.2173134,2503.0176,25.51176,1.877568,0.0,149.53445508054017
221.0,39.9617667,-106.2173122,2503.0176,25.51176,1.832864,0.0,150.94539590092285
221.1,39.9617652,-106.2173112,2503.0176,25.51176,1.877568,0.0,150.94539590092285
221.2,39.96176368,-106.21731,2503.0176,25.51176,1.877568,0.0,148.5704343851615
221.3,39.96176207,-106.2173088,2503.0176,25.51176,2.01168,0.0,149.93141717813756
221.4,39.96176048,-106.2173075,2503.0176,25.51176,2.01168,0.0,149.93141717813756
221.5,39.96175902,-106.2173062,2503.0176,25.51176,1.966976,0.089408,149.93141717813756
221.6,39.9617574,-106.2173049,2503.0176,25.51176,2.01168,0.22352,151.18920625702697
221.7,39.96175584,-106.2173036,2503.0176,25.51176,2.056384,0.312928,147.99461679191654
221.8,39.96175419,-106.2173023,2502.7128,25.38984,2.01168,0.402336,147.99461679191654
221.9,39.9617525,-106.2173009,2502.7128,25.38984,2.2352,0.581152,147.99461679191654
222.0,39.9617508,-106.2172995,2502.7128,25.2984,2.2352,0.804672,149.82647997035565
222.1,39.96174902,-106.2172982,2502.7128,25.20696,2.2352,0.89408,149.82647997035565
222.2,39.96174729,-106.2172968,2502.408,25.08504,2.279904,0.983488,149.82647997035565
222.3,39.96174562,-106.2172952,2502.408,24.9936,2.2352,0.983488,147.87500155961249
222.4,39.96174387,-106.2172937,2502.408,24.90216,2.324608,0.983488,147.87500155961249
222.5,39.96174213,-106.2172923,2502.1032,24.810720000000003,2.2352,0.715264,147.87500155961249
222.6,39.96174035,-106.2172909,2502.1032,24.6888,2.279904,0.402336,149.0362434679265
222.7,39.96173876,-106.2172895,2502.1032,24.59736,2.101088,0.22352,149.0362434679265
222.8,39.96173692,-106.217288,2502.1032,24.6888,2.2352,0.0,150.12400730831058
222.9,39.96173473,-106.2172864,2502.1032,24.6888,2.503424,0.0,150.12400730831058
223.0,39.96173282,-106.217285,2502.1032,24.6888,2.592832,0.0,150.12400730831058
223.1,39.96173066,-106.2172836,2502.1032,24.6888,2.548128,0.0,151.9908232919862
223.2,39.96172885,-106.2172822,2502.1032,24.6888,2.503424,0.0,152.90444750624818
223.3,39.96172732,-106.2172812,2502.1032,24.6888,2.101088,0.0,150.94539590092285
223.4,39.96172605,-106.2172802,2502.1032,24.6888,1.877568,0.0,148.17255342332692
223.5,39.96172516,-106.2172796,2502.1032,24.6888,1.34112,0.0,149.42077312751098
223.6,39.96172438,-106.2172789,2502.1032,24.810720000000003,1.162304,0.0,145.4914770123316
223.7,39.96172459,-106.2172789,2502.1032,24.810720000000003,0.491744,0.0,147.52880770915152
223.8,39.96172422,-106.2172786,2502.1032,24.810720000000003,0.0,0.0,150.94539590092285
223.9,39.96172389,-106.217279,2502.1032,24.810720000000003,0.0,0.0,164.0546040990771
224.0,39.96172369,-106.2172789,2502.1032,24.810720000000003,0.491744,0.0,180.0
224.1,39.96172362,-106.2172793,2502.1032,24.810720000000003,0.0,0.0,180.0
224.2,39.96172355,-106.2172794,2502.1032,24.810720000000003,0.0,0.0,180.0
224.3,39.96172317,-106.2172797,2502.1032,24.810720000000003,0.491744,0.0,180.0
224.4,39.96172314,-106.2172798,2502.1032,24.810720000000003,0.0,0.0,180.0
224.5,39.96172272,-106.2172799,2502.1032,24.810720000000003,0.0,0.0,180.0
224.6,39.96172267,-106.2172801,2502.1032,24.810720000000003,0.0,0.0,180.0
224.7,39.96172235,-106.2172802,2502.1032,24.810720000000003,0.0,0.0,180.0
224.8,39.96172233,-106.2172804,2502.1032,24.6888,0.0,0.0,180.0
224.9,39.96172195,-106.2172804,2502.1032,24.6888,0.491744,0.0,180.0
225.0,39.96172192,-106.2172805,2502.1032,24.810720000000003,0.0,0.0,0.0
225.1,39.96172171,-106.2172806,2502.1032,24.6888,0.0,0.0,0.0
225.2,39.96172171,-106.2172807,2502.1032,24.810720000000003,0.0,0.0,0.0
225.3,39.96172159,-106.2172807,2502.1032,24.810720000000003,0.0,0.0,0.0
225.4,39.96172161,-106.2172808,2502.1032,24.6888,0.0,0.0,0.0
225.5,39.96172148,-106.2172808,2502.1032,24.810720000000003,0.491744,0.0,0.0
225.6,39.96172146,-106.2172808,2502.1032,24.810720000000003,0.0,-0.312928,0.0
225.7,39.96172139,-106.2172806,2502.1032,24.810720000000003,0.0,-0.804672,135.0
225.8,39.96172117,-106.2172804,2502.408,24.9936,0.0,-1.207008,135.0
225.9,39.96172064,-106.21728,2502.408,25.08504,0.491744,-1.519936,144.46232220802565
226.0,39.96172024,-106.2172797,2502.7128,25.2984,0.67056,-1.6987519999999998,150.94539590092285
226.1,39.96171935,-106.2172789,2503.0176,25.51176,0.938784,-1.922272,147.52880770915152
226.2,39.9617188,-106.2172785,2503.3224,25.78608,0.938784,-2.01168,147.52880770915152
226.3,39.96171832,-106.2172779,2503.3224,25.99944,0.67056,-2.01168,145.30484646876602
226.4,39.96171767,-106.2172774,2503.6272,26.2128,0.67056,-2.01168,145.30484646876602
226.5,39.96171716,-106.2172771,2503.932,26.39568,0.67056,-2.01168,145.4914770123316
226.6,39.96171641,-106.2172765,2503.932,26.60904,0.67056,-2.01168,145.4914770123316
226.7,39.96171551,-106.2172756,2504.2368,26.791920000000005,1.0728959999999998,-1.922272,144.16234704572173
226.8,39.9617146,-106.2172749,2504.5416,27.00528,1.162304,-1.6987519999999998,146.97613244420336
226.9,39.96171385,-106.2172737,2504.5416,27.096720000000005,1.34112,-1.296416,141.34019174590992
227.0,39.9617129,-106.2172728,2504.5416,27.188160000000003,1.34112,-0.804672,141.34019174590992
227.1,39.96171191,-106.217272,2504.8464,27.31008,1.34112,-0.402336,140.7105931374997
227.2,39.96171088,-106.217271,2504.8464,27.31008,1.34112,-0.22352,140.7105931374997
227.3,39.96171007,-106.21727,2504.8464,27.31008,1.430528,0.0,141.34019174590992
227.4,39.96170894,-106.2172688,2504.8464,27.31008,1.430528,0.0,141.34019174590992
227.5,39.96170795,-106.2172676,2504.8464,27.31008,1.654048,0.089408,143.47114463301483
227.6,39.96170673,-106.2172664,2504.5416,27.188160000000003,1.654048,0.089408,143.47114463301483
227.7,39.96170545,-106.2172651,2504.5416,27.188160000000003,1.6987519999999998,0.089408,145.40771131249005
227.8,39.96170418,-106.2172638,2504.5416,27.188160000000003,1.78816,0.0,142.81529354676684
227.9,39.9617028,-106.2172627,2504.5416,27.188160000000003,1.78816,0.0,142.81529354676684
228.0,39.96170146,-106.2172613,2504.8464,27.31008,1.78816,0.0,144.637538112931
228.1,39.96170027,-106.2172602,2504.8464,27.31008,1.654048,0.0,144.637538112931
228.2,39.96169888,-106.2172589,2504.8464,27.31008,1.78816,0.0,144.637538112931
228.3,39.96169748,-106.2172575,2504.8464,27.31008,1.877568,0.0,143.6731740478798
228.4,39.96169603,-106.2172561,2504.8464,27.31008,1.966976,0.0,143.6731740478798
228.5,39.96169459,-106.2172546,2504.8464,27.31008,1.966976,0.0,143.6731740478798
228.6,39.9616931,-106.2172532,2504.8464,27.31008,2.056384,0.0,143.6731740478798
228.7,39.96169158,-106.2172518,2504.8464,27.31008,2.01168,0.0,145.2221686336361
228.8,39.96169008,-106.2172504,2504.8464,27.31008,2.101088,0.0,143.13010235415595
228.9,39.96168852,-106.2172488,2504.8464,27.31008,2.190496,0.0,143.13010235415595
229.0,39.96168695,-106.2172473,2504.8464,27.31008,2.190496,0.0,143.13010235415595
229.1,39.96168564,-106.2172459,2504.8464,27.31008,1.966976,0.0,144.60520415501293
229.2,39.96168402,-106.2172444,2504.8464,27.31008,2.01168,0.0,144.60520415501293
229.3,39.96168238,-106.2172428,2504.8464,27.31008,2.2352,0.0,144.60520415501293
229.4,39.96168072,-106.2172413,2504.8464,27.31008,2.2352,0.0,145.98065001017358
229.5,39.96167895,-106.2172398,2504.8464,27.31008,2.324608,0.0,144.05788812861766
229.6,39.96167726,-106.2172383,2504.8464,27.31008,2.324608,0.0,144.05788812861766
229.7,39.9616758,-106.2172368,2504.8464,27.31008,2.2352,0.0,144.05788812861766
229.8,39.96167407,-106.2172352,2504.8464,27.31008,2.2352,0.0,146.0035408517495
229.9,39.96167204,-106.2172334,2504.8464,27.40152,2.503424,0.0,146.0035408517495
230.0,39.96167024,-106.2172318,2504.8464,27.40152,2.548128,0.0,144.21102654081665
230.1,39.96166846,-106.2172302,2504.8464,27.40152,2.414016,0.0,144.21102654081665
230.2,39.96166665,-106.2172285,2504.8464,27.40152,2.414016,-0.22352,144.21102654081665
230.3,39.96166476,-106.2172268,2504.8464,27.40152,2.503424,-0.581152,144.21102654081665
230.4,39.96166293,-106.2172251,2504.8464,27.492960000000004,2.503424,-0.89408,144.21102654081665
230.5,39.96166128,-106.2172233,2505.1512,27.61488,2.414016,-1.1176,144.21102654081665
230.6,39.96165946,-106.2172216,2505.1512,27.797760000000004,2.414016,-1.296416,145.43747535111817
230.7,39.96165762,-106.2172202,2505.456,27.8892,2.414016,-1.519936,145.43747535111817
230.8,39.96165573,-106.2172185,2505.456,28.102560000000004,2.45872,-1.6987519999999998,145.43747535111817
230.9,39.96165373,-106.2172166,2505.7608,28.28544,2.6375360000000003,-1.385824,146.59217541029108
231.0,39.9616518,-106.2172149,2505.7608,28.40736,2.68224,-1.1176,146.59217541029108
231.1,39.96164986,-106.2172135,2505.7608,28.498800000000003,2.503424,-0.715264,146.59217541029108
231.2,39.9616479,-106.2172118,2505.7608,28.498800000000003,2.503424,-0.402336,146.59217541029108
231.3,39.96164567,-106.2172098,2505.7608,28.498800000000003,2.816352,-0.22352,144.1178627537958
231.4,39.96164368,-106.217208,2505.7608,28.498800000000003,2.861056,0.0,144.1178627537958
231.5,39.96164173,-106.2172064,2505.7608,28.498800000000003,2.592832,0.0,144.1178627537958
231.6,39.96163975,-106.2172046,2505.7608,28.498800000000003,2.592832,0.089408,144.1178627537958
231.7,39.96163786,-106.2172027,2505.7608,28.40736,2.6375360000000003,0.089408,144.1178627537958
231.8,39.96163588,-106.2172008,2505.7608,28.40736,2.592832,0.0,144.1178627537958
231.9,39.96163397,-106.217199,2505.7608,28.40736,2.68224,0.0,144.1178627537958
232.0,39.96163201,-106.2171972,2505.7608,28.40736,2.68224,0.0,144.1178627537958
232.1,39.96162998,-106.2171955,2505.7608,28.40736,2.68224,0.0,144.1178627537958
232.2,39.96162801,-106.2171937,2505.7608,28.40736,2.68224,0.0,144.1178627537958
232.3,39.9616258,-106.2171918,2505.7608,28.40736,2.771648,0.0,144.1178627537958
232.4,39.96162378,-106.21719,2505.7608,28.40736,2.861056,0.0,145.2440874464586
232.5,39.96162181,-106.2171881,2505.7608,28.40736,2.726944,0.0,145.2440874464586
232.6,39.96161975,-106.2171862,2505.7608,28.40736,2.771648,0.0,145.2440874464586
232.7,39.96161783,-106.2171845,2505.7608,28.40736,2.68224,0.0,145.2440874464586
232.8,39.96161578,-106.2171827,2505.7608,28.498800000000003,2.68224,0.0,145.2440874464586
232.9,39.9616135,-106.2171806,2505.7608,28.498800000000003,2.90576,0.0,145.2440874464586
233.0,39.96161143,-106.2171787,2505.7608,28.498800000000003,2.995168,0.0,145.2440874464586
233.1,39.96160942,-106.2171768,2505.7608,28.498800000000003,2.771648,0.0,143.6955028774248
233.2,39.96160738,-106.2171749,2505.7608,28.498800000000003,2.771648,0.0,143.6955028774248
233.3,39.96160541,-106.2171729,2505.7608,28.498800000000003,2.771648,0.0,143.6955028774248
233.4,39.96160338,-106.217171,2505.7608,28.498800000000003,2.771648,0.0,143.6955028774248
233.5,39.96160136,-106.2171693,2505.7608,28.40736,2.771648,0.0,143.6955028774248
233.6,39.96159933,-106.2171674,2505.7608,28.40736,2.726944,0.402336,143.6955028774248
233.7,39.96159753,-106.2171658,2505.7608,28.28544,2.6375360000000003,0.804672,145.2440874464586
233.8,39.96159551,-106.2171639,2505.7608,28.28544,2.592832,0.983488,145.2440874464586
233.9,39.96159333,-106.217162,2505.456,28.102560000000004,2.90576,1.207008,145.2440874464586
234.0,39.96159127,-106.2171601,2505.456,28.01112,2.90576,1.296416,143.6955028774248
234.1,39.96158916,-106.2171583,2505.1512,27.797760000000004,2.816352,1.385824,143.6955028774248
234.2,39.96158712,-106.2171564,2505.1512,27.70632,2.771648,1.385824,143.6955028774248
234.3,39.96158493,-106.2171542,2504.8464,27.492960000000004,2.950464,1.519936,143.6955028774248
234.4,39.96158288,-106.2171522,2504.8464,27.31008,2.90576,1.519936,143.6955028774248
234.5,39.96158071,-106.2171507,2504.5416,27.188160000000003,2.771648,1.519936,145.2440874464586
234.6,39.96157864,-106.2171488,2504.5416,27.00528,2.726944,1.385824,145.2440874464586
234.7,39.96157709,-106.2171468,2504.2368,26.91384,2.592832,1.385824,145.2440874464586
234.8,39.96157508,-106.217145,2504.2368,26.70048,2.503424,1.385824,145.2440874464586
234.9,39.96157268,-106.2171433,2503.932,26.60904,2.861056,1.385824,145.2440874464586
235.0,39.96157063,-106.2171414,2503.932,26.39568,2.861056,1.385824,145.2440874464586
235.1,39.96156871,-106.2171394,2503.6272,26.30424,2.771648,1.385824,145.2440874464586
235.2,39.96156666,-106.2171376,2503.6272,26.09088,2.771648,1.385824,145.2440874464586
235.3,39.96156454,-106.2171358,2503.3224,25.99944,2.816352,1.385824,145.2440874464586
235.4,39.96156248,-106.2171339,2503.3224,25.78608,2.816352,1.385824,145.2440874464586
235.5,39.96156027,-106.2171322,2503.0176,25.69464,2.816352,1.385824,145.2440874464586
235.6,39.9615582,-106.2171304,2503.0176,25.51176,2.861056,1.385824,145.2440874464586
235.7,39.96155652,-106.2171284,2502.7128,25.38984,2.592832,1.385824,145.2440874464586
235.8,39.96155449,-106.2171266,2502.7128,25.2984,2.592832,1.519936,145.2440874464586
235.9,39.96155228,-106.2171248,2502.408,25.08504,2.816352,1.385824,145.2440874464586
236.0,39.96155025,-106.217123,2502.408,24.9936,2.861056,1.385824,145.2440874464586
236.1,39.96154821,-106.2171211,2502.1032,24.810720000000003,2.771648,1.385824,143.6955028774248
236.2,39.96154618,-106.2171193,2502.1032,24.6888,2.771648,1.385824,145.2440874464586
236.3,39.9615443,-106.2171172,2502.1032,24.59736,2.771648,1.385824,143.6955028774248
236.4,39.96154228,-106.2171154,2501.7984,24.41448,2.771648,1.519936,143.6955028774248
236.5,39.96154003,-106.2171136,2501.7984,24.29256,2.861056,1.385824,145.2440874464586
236.6,39.961538,-106.2171117,2501.4936,24.10968,2.861056,1.385824,145.2440874464586
236.7,39.96153604,-106.2171098,2501.4936,23.98776,2.771648,1.385824,143.6955028774248
236.8,39.961534,-106.2171079,2501.1888,23.896320000000003,2.816352,1.385824,143.6955028774248
236.9,39.96153207,-106.2171062,2501.1888,23.80488,2.68224,1.385824,145.2440874464586
237.0,39.96153004,-106.2171044,2500.884,23.591520000000003,2.68224,1.385824,145.2440874464586
237.1,39.96152779,-106.2171026,2500.884,23.50008,2.861056,1.385824,145.2440874464586
237.2,39.96152576,-106.2171007,2500.5792,23.286720000000003,2.861056,1.385824,145.2440874464586
237.3,39.96152372,-106.2170986,2500.5792,23.19528,2.861056,1.519936,145.2440874464586
237.4,39.96152171,-106.2170967,2500.2744,23.0124,2.861056,1.519936,143.6955028774248
237.5,39.96151938,-106.2170949,2500.2744,22.89048,2.90576,1.519936,143.6955028774248
237.6,39.96151733,-106.217093,2500.2744,22.79904,2.90576,1.385824,143.6955028774248
237.7,39.96151542,-106.2170911,2499.9696,22.58568,2.68224,1.385824,143.6955028774248
237.8,39.96151338,-106.2170892,2499.9696,22.49424,2.771648,1.385824,143.6955028774248
237.9,39.96151143,-106.2170873,2499.6648,22.402800000000003,2.726944,1.385824,143.6955028774248
238.0,39.96150938,-106.2170854,2499.6648,22.18944,2.771648,1.385824,143.6955028774248
238.1,39.96150726,-106.2170833,2499.36,22.098000000000003,2.90576,1.385824,143.6955028774248
238.2,39.96150521,-106.2170814,2499.36,21.91512,2.90576,1.385824,143.6955028774248
238.3,39.96150344,-106.2170794,2499.0552,21.7932,2.68224,1.519936,143.6955028774248
238.4,39.9615014,-106.2170775,2499.0552,21.61032,2.68224,1.385824,143.6955028774248
238.5,39.96149932,-106.2170758,2499.0552,21.4884,2.771648,1.385824,143.6955028774248
238.6,39.96149728,-106.2170739,2498.7504,21.396960000000004,2.726944,1.385824,143.6955028774248
238.7,39.96149534,-106.2170721,2498.7504,21.21408,2.771648,1.385824,143.6955028774248
238.8,39.96149331,-106.2170702,2498.4456,21.092160000000003,2.726944,1.519936,143.6955028774248
238.9,39.96149108,-106.2170684,2498.4456,20.90928,2.861056,1.519936,145.2440874464586
239.0,39.96148903,-106.2170666,2498.1408,20.787360000000003,2.861056,1.385824,144.78240703180728
239.1,39.96148709,-106.2170647,2498.1408,20.60448,2.68224,1.385824,144.78240703180728
239.2,39.96148501,-106.2170628,2497.836,20.51304,2.771648,1.385824,144.78240703180728
239.3,39.96148274,-106.2170608,2497.836,20.391120000000004,2.90576,1.385824,144.78240703180728
239.4,39.96148066,-106.2170589,2497.5312,20.20824,2.90576,1.385824,144.78240703180728
239.5,39.96147849,-106.217057,2497.5312,19.99488,2.861056,1.519936,144.78240703180728
239.6,39.9614764,-106.2170551,2497.2264,19.90344,2.90576,1.519936,146.30993247402023
239.7,39.96147433,-106.2170533,2497.2264,19.69008,2.771648,1.519936,145.2440874464586
239.8,39.96147227,-106.2170514,2496.9216,19.59864,2.771648,1.519936,145.2440874464586
239.9,39.9614702,-106.2170498,2496.9216,19.38528,2.726944,1.519936,145.2440874464586
240.0,39.96146816,-106.2170479,2496.6168,19.29384,2.771648,1.519936,143.6955028774248
240.1,39.96146625,-106.2170457,2496.6168,19.2024,2.771648,1.385824,143.6955028774248
240.2,39.96146423,-106.2170438,2496.3120000000004,18.98904,2.861056,1.385824,143.6955028774248
240.3,39.96146232,-106.217042,2496.3120000000004,18.8976,2.68224,1.385824,143.6955028774248
240.4,39.96146031,-106.2170401,2496.3120000000004,18.80616,2.68224,1.385824,143.6955028774248
240.5,39.96145834,-106.2170383,2496.0072,18.71472,2.726944,1.385824,143.6955028774248
240.6,39.96145632,-106.2170364,2496.0072,18.5928,2.771648,1.296416,143.6955028774248
240.7,39.96145433,-106.2170345,2495.7024,18.40992,2.771648,1.296416,143.6955028774248
240.8,39.9614523,-106.2170326,2495.7024,18.288,2.771648,1.296416,143.6955028774248
240.9,39.96144998,-106.2170306,2495.7024,18.19656,2.90576,1.296416,144.78240703180728
241.0,39.9614479,-106.2170287,2495.3976,18.10512,2.90576,1.207008,144.78240703180728
241.1,39.96144582,-106.2170267,2495.3976,17.89176,2.861056,1.207008,144.78240703180728
241.2,39.96144375,-106.2170248,2495.3976,17.89176,2.816352,1.207008,143.6955028774248
241.3,39.96144147,-106.2170228,2495.0928000000004,17.80032,2.90576,1.1176,143.6955028774248
241.4,39.96143944,-106.2170208,2495.0928000000004,17.70888,2.90576,1.207008,142.20605700138327
241.5,39.96143746,-106.2170186,2494.788,17.49552,2.90576,1.296416,142.20605700138327
241.6,39.96143547,-106.2170165,2494.788,17.40408,2.861056,1.296416,139.60009566626331
241.7,39.96143347,-106.2170142,2494.788,17.31264,2.90576,1.385824,139.60009566626331
241.8,39.96143155,-106.2170121,2494.4832,17.09928,2.861056,1.385824,138.3664606634298
241.9,39.96143006,-106.2170099,2494.4832,17.00784,2.6375360000000003,1.385824,138.3664606634298
242.0,39.96142825,-106.2170077,2494.1784,16.88592,2.592832,1.385824,135.0
242.1,39.96142628,-106.2170054,2494.1784,16.79448,2.861056,1.385824,135.0
242.2,39.96142451,-106.2170031,2493.8736000000004,16.6116,2.861056,1.385824,135.0
242.3,39.96142298,-106.2170007,2493.8736000000004,16.48968,2.68224,1.385824,135.0
242.4,39.96142126,-106.2169983,2493.8736000000004,16.39824,2.726944,1.385824,135.0
242.5,39.96141964,-106.2169964,2493.5688,16.3068,2.592832,1.385824,135.0
242.6,39.96141793,-106.2169941,2493.5688,16.18488,2.592832,1.296416,135.0
242.7,39.961416,-106.2169918,2493.264,16.002000000000002,2.771648,1.296416,135.0
242.8,39.96141429,-106.2169895,2493.264,15.910560000000002,2.771648,1.385824,132.9299693469589
242.9,39.96141269,-106.2169875,2493.264,15.78864,2.592832,1.385824,132.9299693469589
243.0,39.96141104,-106.2169851,2492.9592,15.6972,2.503424,1.385824,132.9299693469589
243.1,39.96140918,-106.2169829,2492.9592,15.51432,2.771648,1.385824,132.9299693469589
243.2,39.96140751,-106.2169806,2492.6544000000004,15.3924,2.771648,1.385824,131.63353933657015
243.3,39.96140616,-106.216978,2492.6544000000004,15.20952,2.68224,1.385824,131.63353933657015
243.4,39.96140453,-106.2169756,2492.6544000000004,15.0876,2.68224,1.385824,131.63353933657015
243.5,39.96140271,-106.2169732,2492.3496,14.99616,2.861056,1.385824,130.39990433373674
243.6,39.9614011,-106.2169707,2492.3496,14.81328,2.771648,1.385824,128.9559078377589
243.7,39.96139952,-106.2169681,2492.0448,14.59992,2.816352,1.519936,128.9559078377589
243.8,39.96139795,-106.2169655,2492.0448,14.50848,2.861056,1.519936,127.79394299861671
243.9,39.96139663,-106.2169632,2491.74,14.38656,2.592832,1.385824,128.9559078377589
244.0,39.96139512,-106.2169606,2491.74,14.20368,2.592832,1.385824,127.45057823173676
244.1,39.9613936,-106.2169578,2491.4352000000003,14.11224,2.861056,1.385824,127.45057823173676
244.2,39.96139212,-106.2169552,2491.4352000000003,13.99032,2.861056,1.296416,127.45057823173676
244.3,39.96139062,-106.2169526,2491.4352000000003,13.898880000000002,2.771648,1.296416,126.30449712257524
244.4,39.96138915,-106.21695,2491.1304,13.68552,2.771648,1.385824,126.30449712257524
244.5,39.96138799,-106.2169476,2491.1304,13.594080000000002,2.592832,1.296416,126.30449712257524
244.6,39.96138655,-106.216945,2490.8256,13.50264,2.592832,1.385824,127.45057823173676
244.7,39.96138446,-106.2169422,2490.8256,13.289280000000002,2.995168,1.385824,127.45057823173676
244.8,39.96138296,-106.2169396,2490.5208,13.19784,2.995168,1.385824,127.45057823173676
244.9,39.9613817,-106.2169373,2490.5208,13.1064,2.503424,1.385824,127.45057823173676
245.0,39.96138023,-106.2169348,2490.2160000000003,12.89304,2.592832,1.385824,127.45057823173676
245.1,39.96137857,-106.2169319,2490.2160000000003,12.8016,2.861056,1.385824,126.30449712257524
245.2,39.96137708,-106.2169293,2489.9112,12.58824,2.90576,1.385824,126.30449712257524
245.3,39.96137553,-106.2169269,2489.9112,12.4968,2.726944,1.519936,127.45057823173676
245.4,39.96137402,-106.2169243,2489.6064,12.31392,2.68224,1.519936,127.45057823173676
245.5,39.96137261,-106.2169215,2489.6064,12.192,2.771648,1.385824,126.30449712257524
245.6,39.96137109,-106.2169189,2489.3016,12.00912,2.861056,1.385824,126.30449712257524
245.7,39.96136939,-106.2169164,2489.3016,11.8872,2.861056,1.385824,127.79394299861671
245.8,39.96136785,-106.2169138,2489.3016,11.79576,2.771648,1.385824,127.79394299861671
245.9,39.9613665,-106.2169114,2488.9968000000003,11.61288,2.68224,1.519936,127.79394299861671
246.0,39.96136496,-106.2169088,2488.692,11.39952,2.68224,1.519936,128.9559078377589
246.1,39.96136338,-106.216906,2488.692,11.30808,2.861056,1.385824,127.45057823173676
246.2,39.96136186,-106.2169035,2488.3872,11.09472,2.861056,1.519936,127.45057823173676
246.3,39.96136029,-106.2169012,2488.3872,11.00328,2.68224,1.519936,127.45057823173676
246.4,39.96135877,-106.2168987,2488.0824,10.78992,2.6375360000000003,1.519936,128.65980825409008
246.5,39.96135752,-106.2168965,2488.0824,10.698480000000002,2.503424,1.385824,127.45057823173676
246.6,39.96135601,-106.2168941,2488.0824,10.60704,2.503424,1.385824,127.45057823173676
246.7,39.96135448,-106.2168915,2487.7776000000003,10.393680000000002,2.771648,1.385824,127.45057823173676
246.8,39.96135295,-106.216889,2487.7776000000003,10.30224,2.726944,1.385824,128.9559078377589
246.9,39.96135156,-106.2168867,2487.4728,10.08888,2.68224,1.385824,128.9559078377589
247.0,39.96135003,-106.2168842,2487.4728,9.99744,2.592832,1.385824,128.9559078377589
247.1,39.96134826,-106.2168813,2487.168,9.814560000000002,2.90576,1.385824,128.9559078377589
247.2,39.96134669,-106.2168787,2487.168,9.69264,2.995168,1.385824,128.9559078377589
247.3,39.96134491,-106.2168764,2486.8632,9.6012,2.816352,1.519936,128.9559078377589
247.4,39.96134331,-106.216874,2486.8632,9.38784,2.771648,1.519936,128.9559078377589
247.5,39.96134175,-106.2168718,2486.5584000000003,9.2964,2.592832,1.385824,130.17923392190733
247.6,39.96134013,-106.2168694,2486.5584000000003,9.20496,2.6375360000000003,1.385824,130.17923392190733
247.7,39.9613385,-106.2168667,2486.2536,8.9916,2.861056,1.385824,128.9559078377589
247.8,39.9613369,-106.2168642,2486.2536,8.90016,2.90576,1.385824,128.9559078377589
247.9,39.96133559,-106.2168617,2486.2536,8.80872,2.68224,1.519936,128.9559078377589
248.0,39.96133404,-106.2168593,2485.9488,8.59536,2.592832,1.519936,128.9559078377589
248.1,39.96133203,-106.2168568,2485.9488,8.41248,2.861056,1.385824,130.17923392190733
248.2,39.96133043,-106.2168544,2485.644,8.290560000000001,2.861056,1.385824,130.17923392190733
248.3,39.96132896,-106.2168522,2485.644,8.19912,2.592832,1.385824,130.39990433373674
248.4,39.96132735,-106.2168497,2485.644,8.10768,2.592832,1.385824,130.39990433373674
248.5,39.96132581,-106.2168471,2485.3392000000003,7.89432,2.861056,1.385824,127.79394299861671
248.6,39.9613242,-106.2168445,2485.0344,7.71144,2.861056,1.519936,127.79394299861671
248.7,39.96132245,-106.2168416,2485.0344,7.58952,2.995168,1.385824,127.79394299861671
248.8,39.96132084,-106.216839,2485.0344,7.498080000000001,2.995168,1.385824,130.39990433373674
248.9,39.96131925,-106.2168364,2484.7296,7.315200000000001,2.861056,1.385824,130.39990433373674
249.0,39.96131762,-106.2168338,2484.7296,7.193280000000001,2.861056,1.385824,130.39990433373674
249.1,39.96131593,-106.2168312,2484.4248,7.010400000000001,2.861056,1.385824,128.9559078377589
249.2,39.96131432,-106.2168286,2484.4248,6.88848,2.90576,1.385824,128.9559078377589
249.3,39.9613125,-106.216826,2484.1200000000003,6.7056,2.90576,1.385824,128.9559078377589
249.4,39.96131089,-106.2168234,2484.1200000000003,6.61416,2.90576,1.385824,128.9559078377589
249.5,39.96130971,-106.216821,2483.8152,6.4008,2.6375360000000003,1.385824,128.9559078377589
249.6,39.96130811,-106.2168184,2483.8152,6.30936,2.592832,1.385824,128.9559078377589
249.7,39.9613069,-106.2168161,2483.5104,6.096,2.592832,1.519936,128.9559078377589
249.8,39.96130532,-106.2168135,2483.5104,6.00456,2.592832,1.519936,128.9559078377589
249.9,39.96130402,-106.216811,2483.2056,5.7912,2.771648,1.519936,128.9559078377589
250.0,39.96130248,-106.2168084,2483.2056,5.69976,2.68224,1.385824,128.9559078377589
250.1,39.96130037,-106.2168054,2482.9008000000003,5.486400000000001,3.12928,1.385824,127.79394299861671
250.2,39.9612988,-106.2168027,2482.9008000000003,5.39496,3.12928,1.385824,127.79394299861671
250.3,39.96129727,-106.2167999,2482.596,5.30352,2.90576,1.296416,127.79394299861671
250.4,39.96129572,-106.2167972,2482.596,5.09016,2.90576,1.385824,127.79394299861671
250.5,39.96129409,-106.2167944,2482.2912,4.99872,2.950464,1.519936,129.22567409733676
250.6,39.96129249,-106.2167918,2482.2912,4.78536,2.861056,1.519936,129.22567409733676
250.7,39.96129043,-106.2167893,2481.9864,4.60248,2.995168,1.519936,129.22567409733676
250.8,39.96128878,-106.2167867,2481.9864,4.51104,2.995168,1.519936,129.22567409733676
250.9,39.96128709,-106.2167841,2481.6816000000003,4.29768,2.90576,1.519936,129.22567409733676
251.0,39.96128541,-106.2167815,2481.6816000000003,4.20624,2.90576,1.519936,129.22567409733676
251.1,39.96128364,-106.2167784,2481.3768,3.99288,3.084576,1.519936,129.22567409733676
251.2,39.96128201,-106.2167757,2481.3768,3.901440000000001,3.12928,1.385824,127.79394299861671
251.3,39.96128034,-106.2167728,2481.072,3.68808,2.995168,1.385824,127.79394299861671
251.4,39.96127873,-106.2167701,2480.7672,3.5052000000000003,2.995168,1.385824,127.79394299861671
251.5,39.96127704,-106.2167673,2480.7672,3.41376,2.950464,1.1176,127.79394299861671
251.6,39.96127543,-106.2167646,2480.7672,3.2918400000000005,2.995168,0.715264,127.79394299861671
251.7,39.9612744,-106.2167618,2480.4624000000003,3.2004,2.861056,0.402336,127.79394299861671
251.8,39.96127284,-106.2167591,2480.4624000000003,3.2004,2.771648,0.312928,127.79394299861671
251.9,39.96127135,-106.2167566,2480.4624000000003,3.2004,2.861056,0.089408,127.79394299861671
252.0,39.96126983,-106.216754,2480.4624000000003,3.10896,2.68224,0.0,127.79394299861671
252.1,39.96126803,-106.2167513,2480.4624000000003,3.10896,2.950464,0.0,127.79394299861671
252.2,39.96126646,-106.2167487,2480.4624000000003,3.10896,2.950464,0.0,127.79394299861671
252.3,39.96126492,-106.2167462,2480.4624000000003,3.10896,2.771648,0.0,129.22567409733676
252.4,39.96126334,-106.2167436,2480.4624000000003,3.2004,2.816352,0.0,128.9559078377589
252.5,39.96126158,-106.2167411,2480.4624000000003,3.10896,2.90576,0.0,127.79394299861671
252.6,39.96126001,-106.2167385,2480.4624000000003,3.10896,2.861056,0.0,127.79394299861671
252.7,39.96125856,-106.2167363,2480.4624000000003,3.10896,2.68224,0.0,128.9559078377589
252.8,39.96125699,-106.2167337,2480.4624000000003,3.10896,2.68224,0.0,128.9559078377589
252.9,39.96125553,-106.2167314,2480.4624000000003,3.10896,2.6375360000000003,0.0,128.9559078377589
253.0,39.96125398,-106.2167288,2480.4624000000003,3.10896,2.68224,0.0,127.79394299861671
253.1,39.96125242,-106.2167262,2480.4624000000003,3.10896,2.771648,0.0,127.79394299861671
253.2,39.96125087,-106.2167236,2480.4624000000003,3.10896,2.861056,0.0,127.79394299861671
253.3,39.96124949,-106.2167208,2480.4624000000003,3.10896,2.861056,0.0,126.6897228324758
253.4,39.961248,-106.2167182,2480.4624000000003,3.10896,2.816352,0.0,126.6897228324758
253.5,39.96124637,-106.2167152,2480.4624000000003,3.10896,2.950464,0.0,126.6897228324758
253.6,39.96124486,-106.2167125,2480.4624000000003,3.10896,2.950464,0.0,126.6897228324758
253.7,39.96124356,-106.2167101,2480.4624000000003,3.10896,2.726944,0.0,126.6897228324758
253.8,39.96124208,-106.2167074,2480.4624000000003,3.10896,2.68224,0.0,126.6897228324758
253.9,39.96124057,-106.2167046,2480.4624000000003,3.10896,2.861056,0.0,125.21759296819272
254.0,39.9612391,-106.2167019,2480.4624000000003,3.10896,2.90576,0.0,125.21759296819272
254.1,39.96123748,-106.216699,2480.4624000000003,3.10896,2.90576,0.0,126.6897228324758
254.2,39.96123598,-106.2166963,2480.4624000000003,3.10896,2.950464,0.0,126.6897228324758
254.3,39.9612344,-106.2166938,2480.4624000000003,3.10896,2.771648,0.0,126.6897228324758
254.4,39.96123288,-106.2166911,2480.4624000000003,3.10896,2.816352,0.0,126.6897228324758
254.5,39.96123107,-106.2166883,2480.4624000000003,3.10896,2.995168,0.0,126.6897228324758
254.6,39.96122951,-106.2166856,2480.4624000000003,3.10896,3.039872,0.0,126.6897228324758
254.7,39.9612282,-106.2166831,2480.4624000000003,3.10896,2.771648,0.0,126.6897228324758
254.8,39.96122668,-106.2166804,2480.4624000000003,3.10896,2.726944,0.0,126.6897228324758
254.9,39.96122513,-106.2166779,2480.4624000000003,3.10896,2.861056,0.0,126.30449712257524
255.0,39.96122362,-106.2166753,2480.4624000000003,3.10896,2.771648,0.0,127.79394299861671
255.1,39.96122209,-106.2166723,2480.4624000000003,3.10896,2.90576,0.0,127.79394299861671
255.2,39.96122055,-106.2166696,2480.4624000000003,3.10896,2.90576,0.0,126.6897228324758
255.3,39.96121902,-106.216667,2480.4624000000003,3.10896,2.861056,0.0,126.6897228324758
255.4,39.96121752,-106.2166642,2480.4624000000003,3.10896,2.861056,-0.089408,125.21759296819272
255.5,39.96121611,-106.2166615,2480.4624000000003,3.10896,2.861056,0.0,125.21759296819272
255.6,39.9612146,-106.2166587,2480.4624000000003,3.2004,2.90576,0.0,126.6897228324758
255.7,39.96121299,-106.2166557,2480.4624000000003,3.2004,2.995168,0.0,126.6897228324758
255.8,39.96121146,-106.2166529,2480.4624000000003,3.2004,2.995168,0.0,126.6897228324758
255.90000000000003,39.96120991,-106.2166501,2480.4624000000003,3.2004,2.90576,0.0,126.6897228324758
256.0,39.96120838,-106.2166474,2480.4624000000003,3.2004,2.90576,0.0,126.6897228324758
256.1,39.96120683,-106.2166447,2480.4624000000003,3.2004,2.90576,0.0,126.6897228324758
256.2,39.96120534,-106.2166419,2480.4624000000003,3.10896,2.90576,0.0,125.21759296819272
256.3,39.96120381,-106.2166391,2480.4624000000003,3.2004,2.90576,0.0,125.21759296819272
256.40000000000003,39.96120234,-106.2166364,2480.4624000000003,3.2004,2.90576,0.0,125.21759296819272
256.5,39.96120113,-106.2166339,2480.4624000000003,3.2004,2.68224,0.0,125.88213724620424
256.6,39.96119987,-106.2166315,2480.4624000000003,3.10896,2.45872,0.0,123.9964591482505
256.7,39.9611987,-106.2166294,2480.4624000000003,3.10896,2.414016,0.0,125.39479584498709
256.8,39.96119769,-106.2166274,2480.4624000000003,3.10896,2.101088,0.0,122.9052429229879
256.90000000000003,39.96119703,-106.2166264,2480.4624000000003,3.10896,1.519936,0.0,124.59228868750996
257.0,39.9611963,-106.216625,2480.4624000000003,3.10896,1.34112,0.0,122.61924307119284
257.1,39.96119582,-106.2166242,2480.4624000000003,3.10896,1.162304,0.0,123.02386755579664
257.2,39.96119537,-106.2166233,2480.4624000000003,3.10896,0.67056,0.0,119.35775354279129
257.3,39.96119507,-106.216623,2480.4624000000003,3.10896,0.67056,0.0,122.47119229084848
257.40000000000003,39.96119486,-106.2166226,2480.4624000000003,3.10896,0.491744,0.0,125.53767779197436
257.5,39.96119485,-106.2166225,2480.4624000000003,3.10896,0.0,0.0,135.0
257.6,39.96119481,-106.2166225,2480.4624000000003,3.10896,0.0,0.0,180.0
257.7,39.96119477,-106.2166229,2480.4624000000003,3.10896,0.0,0.0,0.0
257.8,39.96119482,-106.216623,2480.4624000000003,3.2004,0.0,0.0,0.0
257.90000000000003,39.96119487,-106.2166231,2480.4624000000003,3.2004,0.0,0.0,0.0
258.0,39.96119498,-106.2166233,2480.4624000000003,3.2004,0.0,0.0,0.0
258.1,39.96119497,-106.2166231,2480.4624000000003,3.2004,0.0,0.0,0.0
258.2,39.96119509,-106.2166234,2480.4624000000003,3.2004,0.0,0.0,0.0
258.3,39.96119513,-106.2166233,2480.4624000000003,3.2004,0.0,0.0,0.0
258.40000000000003,39.96119524,-106.2166235,2480.4624000000003,3.2004,0.0,0.0,0.0
258.5,39.96119502,-106.2166232,2480.4624000000003,3.2004,0.0,0.0,0.0
258.6,39.96119508,-106.2166234,2480.4624000000003,3.2004,0.0,0.0,0.0
258.7,39.96119505,-106.2166233,2480.4624000000003,3.2004,0.491744,0.0,0.0
258.8,39.9611951,-106.2166234,2480.4624000000003,3.2004,0.0,0.0,0.0
258.90000000000003,39.96119492,-106.2166232,2480.4624000000003,3.2004,0.0,0.0,0.0
259.0,39.96119491,-106.2166232,2480.4624000000003,3.2004,0.0,0.0,0.0
259.1,39.96119495,-106.216623,2480.4624000000003,3.2004,0.0,0.0,0.0
259.2,39.96119493,-106.216623,2480.4624000000003,3.2004,0.0,-0.089408,0.0
259.3,39.96119485,-106.2166225,2480.4624000000003,3.2004,0.0,-0.22352,0.0
259.40000000000003,39.96119483,-106.2166224,2480.4624000000003,3.2004,0.0,-0.312928,90.0
259.5,39.96119485,-106.2166222,2480.7672,3.2918400000000005,0.0,-0.402336,90.0
259.6,39.9611948,-106.216622,2480.7672,3.2918400000000005,0.0,-0.491744,90.0
259.7,39.9611947,-106.2166217,2480.7672,3.41376,0.0,-0.312928,90.0
259.8,39.96119464,-106.2166215,2480.7672,3.41376,0.0,-0.22352,90.0
259.90000000000003,39.96119419,-106.216621,2480.7672,3.41376,0.67056,-0.089408,90.0
260.0,39.96119413,-106.2166207,2480.7672,3.41376,0.67056,0.0,90.0
260.1,39.96119398,-106.2166202,2480.7672,3.41376,0.0,0.0,90.0
260.2,39.96119396,-106.2166198,2480.7672,3.41376,0.0,0.0,90.0
260.3,39.96119408,-106.2166194,2480.7672,3.5052000000000003,0.0,0.0,90.0
260.40000000000003,39.96119407,-106.2166187,2480.7672,3.5052000000000003,0.491744,0.0,90.0
260.5,39.96119434,-106.2166179,2480.7672,3.5052000000000003,0.67056,0.0,90.0
260.6,39.96119434,-106.216617,2480.7672,3.5052000000000003,0.67056,0.0,90.0
260.7,39.96119428,-106.216616,2480.7672,3.5052000000000003,0.804672,0.0,90.0
260.8,39.96119427,-106.216615,2480.7672,3.5052000000000003,0.938784,0.0,90.0
260.90000000000003,39.96119438,-106.2166142,2480.7672,3.41376,0.67056,0.0,90.0
261.0,39.96119438,-106.216613,2480.7672,3.41376,0.804672,0.0,90.0
261.1,39.96119453,-106.2166117,2480.7672,3.41376,0.938784,0.0,90.0
261.2,39.96119452,-106.2166103,2480.7672,3.41376,1.162304,0.0,90.0
261.3,39.96119447,-106.216609,2480.7672,3.41376,1.162304,0.0,90.0
261.40000000000003,39.96119446,-106.2166075,2480.7672,3.41376,1.162304,0.0,90.0
261.5,39.96119446,-106.216606,2480.7672,3.41376,1.34112,0.0,90.0
261.6,39.96119448,-106.2166044,2480.7672,3.41376,1.34112,0.0,90.0
261.7,39.96119455,-106.216603,2480.7672,3.41376,1.34112,0.0,90.0
261.8,39.96119456,-106.2166012,2480.7672,3.41376,1.34112,0.0,90.0
261.90000000000003,39.96119473,-106.2165996,2480.7672,3.41376,1.519936,0.0,90.0
262.0,39.96119478,-106.2165977,2480.7672,3.5052000000000003,1.519936,0.0,90.0
262.1,39.96119502,-106.2165958,2480.7672,3.5052000000000003,1.654048,0.0,90.0
262.2,39.96119508,-106.2165938,2480.7672,3.5052000000000003,1.654048,0.0,90.0
262.3,39.96119513,-106.2165917,2480.7672,3.5052000000000003,1.6987519999999998,0.0,90.0
262.40000000000003,39.96119519,-106.2165896,2480.7672,3.5052000000000003,1.78816,0.0,90.0
262.5,39.96119535,-106.2165877,2480.7672,3.5052000000000003,1.78816,0.0,90.0
262.6,39.96119541,-106.2165855,2480.7672,3.5052000000000003,1.78816,0.0,90.0
262.7,39.96119543,-106.2165831,2480.7672,3.5052000000000003,1.877568,0.0,90.0
262.8,39.96119548,-106.2165808,2480.7672,3.41376,2.01168,0.0,90.0
262.90000000000003,39.9611955,-106.2165784,2480.7672,3.5052000000000003,2.01168,0.0,90.0
263.0,39.96119554,-106.2165761,2480.7672,3.41376,2.01168,0.0,90.0
263.1,39.96119557,-106.2165738,2480.7672,3.41376,2.01168,0.0,90.0
263.2,39.96119561,-106.2165713,2480.7672,3.41376,2.01168,0.0,90.0
263.3,39.96119565,-106.2165689,2480.7672,3.41376,2.101088,0.0,90.0
263.40000000000003,39.96119568,-106.2165664,2480.7672,3.41376,2.056384,0.0,90.0
263.5,39.96119573,-106.2165641,2480.7672,3.41376,2.101088,0.0,90.0
263.6,39.96119573,-106.2165616,2480.7672,3.41376,2.101088,0.0,90.0
263.7,39.96119577,-106.2165589,2480.7672,3.41376,2.2352,0.0,90.0
263.8,39.96119579,-106.2165563,2480.7672,3.41376,2.2352,0.0,90.0
263.90000000000003,39.96119572,-106.2165538,2480.7672,3.41376,2.190496,0.0,90.0
264.0,39.96119571,-106.2165512,2480.7672,3.41376,2.101088,0.0,90.0
264.1,39.96119571,-106.2165485,2480.7672,3.41376,2.190496,0.0,90.0
264.2,39.9611957,-106.2165458,2480.7672,3.41376,2.324608,0.0,90.0
264.3,39.96119568,-106.2165428,2480.7672,3.41376,2.414016,0.0,90.0
264.40000000000003,39.96119569,-106.21654,2480.7672,3.41376,2.45872,0.0,90.0
264.5,39.96119573,-106.2165374,2480.7672,3.41376,2.324608,0.0,90.0
264.6,39.96119573,-106.2165346,2480.7672,3.41376,2.324608,0.0,90.0
264.7,39.96119572,-106.2165314,2480.7672,3.41376,2.503424,0.0,90.0
264.8,39.96119571,-106.2165286,2480.7672,3.41376,2.592832,0.0,90.0
264.90000000000003,39.96119565,-106.216526,2480.7672,3.41376,2.279904,0.0,90.0
265.0,39.96119564,-106.2165231,2480.7672,3.41376,2.279904,0.089408,90.0
265.1,39.96119551,-106.2165199,2480.7672,3.41376,2.592832,0.402336,90.0
265.2,39.96119549,-106.216517,2480.7672,3.2918400000000005,2.592832,0.804672,90.0
265.3,39.96119557,-106.2165142,2480.4624000000003,3.2004,2.45872,0.89408,90.0
265.40000000000003,39.96119557,-106.2165112,2480.4624000000003,3.10896,2.503424,0.804672,90.0
265.5,39.9611956,-106.2165081,2480.4624000000003,2.9870400000000004,2.592832,0.983488,90.0
265.6,39.9611956,-106.2165051,2480.1576,2.8956,2.592832,1.1176,90.0
265.7,39.96119561,-106.2165022,2480.1576,2.80416,2.503424,1.1176,90.0
265.8,39.96119562,-106.2164992,2480.1576,2.7127200000000005,2.45872,1.207008,90.0
265.90000000000003,39.96119555,-106.2164965,2479.8528,2.5908,2.414016,1.296416,90.0
266.0,39.96119557,-106.2164936,2479.8528,2.4079200000000003,2.369312,1.296416,90.0
266.1,39.96119565,-106.2164902,2479.8528,2.286,2.726944,1.296416,90.0
266.2,39.96119572,-106.2164872,2479.548,2.10312,2.68224,1.296416,90.0
266.3,39.96119594,-106.2164846,2479.548,2.01168,2.414016,1.385824,90.0
266.40000000000003,39.96119604,-106.2164821,2479.2432000000003,1.88976,2.101088,1.296416,90.0
266.5,39.96119597,-106.2164803,2479.2432000000003,1.70688,1.832864,1.296416,90.0
266.6,39.96119602,-106.2164786,2478.9384,1.58496,1.519936,1.207008,90.0
266.7,39.96119601,-106.216478,2478.9384,1.4935200000000002,0.938784,1.207008,90.0
266.8,39.96119609,-106.216477,2478.6336,1.31064,0.67056,1.207008,90.0
266.90000000000003,39.96119601,-106.2164773,2478.6336,1.18872,0.67056,1.1176,77.47119229084848
267.0,39.96119612,-106.2164771,2478.6336,1.09728,0.0,0.983488,68.19859051364818
267.1,39.96119627,-106.2164772,2478.3288,1.00584,0.491744,0.89408,45.0
267.2,39.96119639,-106.2164773,2478.3288,0.9144,0.0,0.804672,0.0
267.3,39.96119656,-106.2164779,2478.3288,0.7924800000000001,0.67056,0.804672,0.0
267.40000000000003,39.96119672,-106.2164783,2478.3288,0.7924800000000001,0.67056,0.804672,0.0
267.5,39.96119701,-106.2164783,2478.0240000000003,0.70104,0.0,0.804672,315.0
267.6,39.96119719,-106.2164787,2478.0240000000003,0.6096,0.0,0.89408,315.0
267.7,39.96119739,-106.2164784,2478.0240000000003,0.48768,0.0,0.89408,315.0
267.8,39.96119757,-106.2164788,2477.7192,0.39624,0.0,0.804672,315.0
267.90000000000003,39.96119778,-106.2164789,2477.7192,0.3048,0.0,0.89408,315.0
268.0,39.96119793,-106.2164792,2477.7192,0.21336,0.0,0.89408,315.0
268.1,39.9611981,-106.216479,2477.4144,0.09144,0.0,0.89408,315.0
268.2,39.96119822,-106.2164793,2477.4144,0.0,0.0,0.89408,270.0
268.3,39.9611984,-106.2164795,2477.4144,0.0,0.0,0.89408,270.0
268.40000000000003,39.96119847,-106.2164797,2477.4144,-0.09144,0.0,0.89408,270.0
268.5,39.96119822,-106.2164792,2477.1096,-0.21336,0.0,0.89408,0.0
268.6,39.96119824,-106.2164794,2477.1096,-0.3048,0.0,0.89408,0.0
268.7,39.96119833,-106.2164797,2477.1096,-0.3048,0.0,0.89408,0.0
268.8,39.96119834,-106.2164798,2477.1096,-0.39624,0.0,0.804672,0.0
268.90000000000003,39.96119838,-106.2164798,2476.8048000000003,-0.48768,0.0,0.715264,0.0
269.0,39.96119837,-106.21648,2476.8048000000003,-0.6096,0.0,0.715264,0.0
269.1,39.96119814,-106.2164797,2476.8048000000003,-0.70104,0.0,0.581152,0.0
269.2,39.96119816,-106.2164798,2476.8048000000003,-0.70104,0.0,0.581152,0.0
269.3,39.96119838,-106.2164798,2476.5,-0.7924800000000001,0.0,0.491744,0.0
269.40000000000003,39.96119842,-106.2164799,2476.5,-0.7924800000000001,0.0,0.491744,0.0
269.5,39.96119844,-106.2164803,2476.5,-0.9144,0.0,0.402336,0.0
269.6,39.96119846,-106.2164804,2476.5,-0.9144,0.0,0.402336,0.0
269.7,39.96119851,-106.2164804,2476.5,-1.00584,0.0,0.312928,270.0
269.8,39.96119852,-106.2164805,2476.5,-1.00584,0.0,0.089408,270.0
269.90000000000003,39.96119844,-106.2164806,2476.5,-1.00584,0.0,0.089408,270.0
270.0,39.96119844,-106.2164808,2476.5,-1.00584,0.0,0.0,270.0
270.1,39.96119843,-106.2164811,2476.5,-1.00584,0.491744,0.0,270.0
270.2,39.96119843,-106.2164812,2476.5,-1.00584,0.491744,0.0,270.0
270.3,39.96119859,-106.2164815,2476.5,-1.00584,0.0,0.0,270.0
270.40000000000003,39.96119865,-106.2164816,2476.5,-1.00584,0.0,0.0,0.0
270.5,39.96119865,-106.2164816,2476.5,-1.00584,0.0,0.0,0.0
270.6,39.96119871,-106.2164817,2476.5,-1.00584,0.0,0.0,0.0
270.7,39.96119887,-106.2164818,2476.5,-1.00584,0.0,0.0,0.0
270.8,39.96119886,-106.2164819,2476.5,-1.00584,0.0,-0.089408,270.0
270.90000000000003,39.96119886,-106.2164819,2476.5,-1.00584,0.0,0.0,0.0
271.0,39.96119879,-106.216482,2476.5,-1.00584,0.0,0.0,0.0
271.1,39.96119862,-106.216482,2476.5,-1.00584,0.0,0.0,0.0
271.2,39.96119858,-106.216482,2476.5,-1.00584,0.0,0.0,0.0
271.3,39.96119859,-106.2164823,2476.5,-1.00584,0.0,0.0,0.0
271.40000000000003,39.96119854,-106.2164823,2476.5,-1.00584,0.491744,0.0,0.0
271.5,39.96119865,-106.2164823,2476.5,-1.00584,0.0,0.0,0.0
271.6,39.96119865,-106.2164823,2476.5,-1.00584,0.0,-0.22352,0.0
271.7,39.96119861,-106.2164824,2476.5,-1.00584,0.0,-0.089408,0.0
271.8,39.96119862,-106.2164824,2476.5,-1.00584,0.0,0.0,0.0
271.90000000000003,39.96119865,-106.2164823,2476.5,-0.9144,0.0,0.0,0.0
272.0,39.96119869,-106.2164822,2476.5,-0.9144,0.0,0.0,0.0
272.1,39.96119873,-106.2164821,2476.5,-0.9144,0.0,0.0,0.0
272.2,39.96119877,-106.2164821,2476.5,-0.9144,0.0,0.0,0.0
272.3,39.96119878,-106.2164821,2476.5,-0.9144,0.0,0.0,0.0
272.40000000000003,39.9611988,-106.216482,2476.5,-0.9144,0.0,0.0,0.0
272.5,39.96119892,-106.2164822,2476.5,-1.00584,0.0,0.0,0.0
272.6,39.96119893,-106.2164822,2476.5,-1.00584,0.0,0.0,0.0
272.7,39.96119882,-106.2164821,2476.5,-1.00584,0.0,0.0,0.0
272.8,39.96119887,-106.2164821,2476.5,-1.00584,0.0,0.0,0.0
272.90000000000003,39.96119896,-106.2164823,2476.5,-1.00584,0.0,0.0,0.0
273.0,39.96119894,-106.2164823,2476.5,-1.00584,0.0,0.0,0.0
273.1,39.96119895,-106.2164822,2476.5,-1.00584,0.0,0.0,0.0
273.2,39.96119894,-106.2164822,2476.5,-1.00584,0.0,0.0,0.0
273.3,39.96119883,-106.2164821,2476.5,-1.00584,0.0,0.0,0.0
273.40000000000003,39.96119881,-106.2164821,2476.5,-1.00584,0.0,0.0,0.0
273.5,39.96119869,-106.2164819,2476.5,-1.00584,0.491744,0.0,0.0
273.6,39.96119862,-106.2164819,2476.5,-1.00584,0.0,0.0,0.0
273.7,39.9611986,-106.2164816,2476.5,-1.00584,0.491744,0.0,0.0
273.8,39.96119855,-106.2164815,2476.5,-0.9144,0.0,0.0,0.0
273.90000000000003,39.96119837,-106.2164816,2476.5,-0.9144,0.0,0.0,0.0
274.0,39.96119832,-106.2164816,2476.5,-0.9144,0.491744,0.0,0.0
274.1,39.96119833,-106.2164816,2476.5,-0.9144,0.0,0.0,0.0
274.2,39.9611983,-106.2164816,2476.5,-0.9144,0.0,0.0,0.0
274.3,39.96119826,-106.2164815,2476.5,-0.9144,0.0,0.0,0.0
274.40000000000003,39.96119828,-106.2164815,2476.5,-0.9144,0.0,0.0,0.0
274.5,39.96119845,-106.2164816,2476.5,-1.00584,0.0,0.0,0.0
274.6,39.96119845,-106.2164816,2476.5,-1.00584,0.0,0.0,0.0
274.7,39.96119847,-106.2164816,2476.5,-1.00584,0.0,0.0,0.0
274.8,39.9611985,-106.2164816,2476.5,-1.00584,0.0,0.0,0.0
274.90000000000003,39.96119858,-106.2164817,2476.5,-1.00584,0.0,0.0,0.0
275.0,39.96119871,-106.2164816,2476.5,-1.00584,0.0,0.0,0.0
275.1,39.96119904,-106.2164816,2476.5,-1.00584,0.0,0.0,0.0
275.2,39.9611992,-106.2164815,2476.5,-1.00584,0.0,0.0,0.0
275.3,39.96119942,-106.2164814,2476.5,-1.00584,0.0,0.0,0.0
275.40000000000003,39.96119955,-106.2164815,2476.5,-1.00584,0.0,0.0,0.0
275.5,39.96119963,-106.2164816,2476.5,-1.00584,0.0,0.0,0.0
275.6,39.96119977,-106.2164816,2476.5,-1.00584,0.0,0.0,315.0
275.7,39.96119991,-106.2164819,2476.5,-0.9144,0.0,0.0,315.0
275.8,39.96120004,-106.2164821,2476.5,-0.9144,0.0,0.0,315.0
275.90000000000003,39.96120006,-106.2164824,2476.5,-0.9144,0.0,0.0,291.8014094863518
276.0,39.96120018,-106.2164827,2476.5,-0.9144,0.0,0.0,291.8014094863518
276.1,39.96120035,-106.2164832,2476.5,-0.9144,0.491744,0.0,291.8014094863518
276.2,39.96120045,-106.2164835,2476.5,-0.9144,0.491744,0.0,270.0
276.3,39.96120045,-106.2164838,2476.5,-0.9144,0.67056,0.0,270.0
276.40000000000003,39.96120048,-106.2164841,2476.5,-0.9144,0.0,0.0,270.0
276.5,39.96120045,-106.2164843,2476.5,-0.9144,0.0,0.0,270.0
276.6,39.96120048,-106.2164846,2476.5,-0.9144,0.0,0.0,270.0
276.7,39.96120046,-106.2164847,2476.5,-0.9144,0.0,0.0,270.0
276.8,39.96120045,-106.2164848,2476.5,-0.9144,0.0,0.0,270.0
276.90000000000003,39.96120055,-106.2164849,2476.5,-0.9144,0.0,0.0,0.0
277.0,39.96120059,-106.216485,2476.5,-0.9144,0.0,0.0,0.0
277.1,39.9612005,-106.2164849,2476.5,-0.9144,0.0,0.0,0.0
277.2,39.96120048,-106.2164849,2476.5,-1.00584,0.0,0.0,0.0
277.3,39.96120046,-106.2164849,2476.5,-1.00584,0.0,0.0,0.0
277.40000000000003,39.96120044,-106.2164849,2476.5,-1.00584,0.0,0.0,0.0
277.5,39.96120036,-106.2164851,2476.5,-1.00584,0.0,0.0,0.0
277.6,39.96120038,-106.2164851,2476.5,-1.00584,0.0,0.0,0.0
277.7,39.9612004,-106.216485,2476.5,-1.00584,0.0,0.0,0.0
277.8,39.96120043,-106.216485,2476.5,-1.00584,0.0,0.0,0.0
277.90000000000003,39.96120049,-106.2164851,2476.5,-1.00584,0.0,0.0,0.0
278.0,39.96120052,-106.2164852,2476.5,-1.00584,0.0,0.0,0.0
278.1,39.96120058,-106.2164852,2476.5,-1.00584,0.491744,0.0,0.0
278.2,39.96120061,-106.2164852,2476.5,-1.00584,0.0,0.0,0.0
278.3,39.96120055,-106.2164853,2476.5,-1.00584,0.491744,0.0,0.0
278.40000000000003,39.96120059,-106.2164853,2476.5,-1.00584,0.0,0.0,0.0
278.5,39.96120052,-106.2164851,2476.5,-1.00584,0.0,0.0,0.0
278.6,39.96120049,-106.216485,2476.5,-1.00584,0.0,0.0,0.0
278.7,39.96120049,-106.216485,2476.5,-1.00584,0.0,0.0,0.0
278.8,39.9612004,-106.2164848,2476.5,-1.00584,0.0,0.0,90.0
278.90000000000003,39.96120012,-106.2164847,2476.5,-1.00584,0.0,0.0,90.0
279.0,39.96120006,-106.2164846,2476.5,-1.00584,0.0,0.0,90.0
279.1,39.9612001,-106.2164844,2476.5,-1.00584,0.0,0.0,90.0
279.2,39.96120006,-106.2164843,2476.5,-1.00584,0.0,0.0,0.0
279.3,39.96119999,-106.2164842,2476.5,-1.00584,0.0,0.0,0.0
279.40000000000003,39.96119994,-106.2164841,2476.5,-1.00584,0.0,0.0,0.0
279.5,39.96119986,-106.2164841,2476.5,-1.00584,0.0,0.0,0.0
279.6,39.96119976,-106.2164841,2476.5,-1.00584,0.0,0.0,0.0
279.7,39.96119978,-106.2164843,2476.5,-1.00584,0.0,0.0,180.0
279.8,39.96119965,-106.2164843,2476.5,-1.00584,0.0,0.0,180.0
279.90000000000003,39.96119939,-106.2164843,2476.5,-1.00584,0.0,0.0,180.0
280.0,39.96119929,-106.2164843,2476.5,-0.9144,0.0,0.0,0.0
280.1,39.96119927,-106.2164843,2476.5,-0.9144,0.0,0.0,0.0
280.2,39.96119928,-106.2164842,2476.5,-0.9144,0.0,0.0,0.0
280.3,39.96119944,-106.2164839,2476.5,-0.9144,0.0,0.0,0.0
280.40000000000003,39.96119947,-106.2164839,2476.5,-0.9144,0.0,0.0,0.0
280.5,39.96119977,-106.2164838,2476.5,-0.9144,0.0,0.0,0.0
280.6,39.96119974,-106.2164838,2476.5,-0.9144,0.0,0.0,0.0
280.7,39.96119949,-106.2164839,2476.5,-1.00584,0.0,0.0,0.0
280.8,39.96119951,-106.2164839,2476.5,-1.00584,0.0,0.0,0.0
280.90000000000003,39.96119953,-106.2164839,2476.5,-1.00584,0.0,0.0,0.0
281.0,39.96119959,-106.2164839,2476.5,-1.00584,0.0,0.0,0.0
281.1,39.96119981,-106.2164839,2476.5,-1.00584,0.0,0.0,0.0
281.2,39.96119989,-106.2164839,2476.5,-1.00584,0.0,0.0,0.0
281.3,39.96119995,-106.216484,2476.5,-1.00584,0.0,0.0,0.0
281.40000000000003,39.9612,-106.2164841,2476.5,-1.00584,0.0,0.0,0.0
281.5,39.9612001,-106.2164841,2476.5,-1.00584,0.0,0.0,0.0
281.6,39.96120014,-106.2164842,2476.5,-1.00584,0.0,0.0,0.0
281.7,39.96120027,-106.2164843,2476.5,-1.00584,0.0,0.0,0.0
281.8,39.96120032,-106.2164844,2476.5,-1.00584,0.0,0.0,0.0
281.90000000000003,39.96120018,-106.2164845,2476.5,-1.00584,0.0,0.0,0.0
282.0,39.96120015,-106.2164846,2476.5,-1.00584,0.0,0.0,0.0
282.1,39.96120012,-106.2164846,2476.5,-1.00584,0.0,0.0,180.0
282.2,39.96120003,-106.2164847,2476.5,-1.00584,0.0,0.0,180.0
282.3,39.96119989,-106.2164849,2476.5,-1.00584,0.0,0.0,180.0
282.40000000000003,39.96119982,-106.2164849,2476.5,-1.00584,0.0,0.0,180.0
282.5,39.96119948,-106.216485,2476.5,-1.00584,0.0,0.0,0.0
282.6,39.96119942,-106.216485,2476.5,-1.00584,0.0,0.0,0.0
282.7,39.96119946,-106.216485,2476.5,-1.00584,0.0,0.0,0.0
282.8,39.96119949,-106.216485,2476.5,-1.00584,0.0,0.0,0.0
282.90000000000003,39.96119964,-106.2164849,2476.5,-1.00584,0.0,0.0,0.0
283.0,39.96119971,-106.2164849,2476.5,-1.00584,0.0,0.0,0.0
283.1,39.96119994,-106.2164848,2476.5,-1.00584,0.491744,0.0,0.0
283.2,39.9612,-106.2164848,2476.5,-1.00584,0.0,0.0,0.0
283.3,39.96119988,-106.2164846,2476.5,-1.00584,0.0,0.0,0.0
283.40000000000003,39.96119991,-106.2164845,2476.5,-1.00584,0.0,0.0,0.0
283.5,39.96119987,-106.2164844,2476.5,-1.00584,0.0,0.0,0.0
283.6,39.96119989,-106.2164843,2476.5,-1.00584,0.0,0.0,0.0
283.7,39.9611998,-106.216484,2476.5,-1.00584,0.0,0.0,0.0
283.8,39.96119978,-106.2164839,2476.5,-1.00584,0.0,0.0,0.0
283.90000000000003,39.96119984,-106.2164838,2476.5,-1.00584,0.0,0.0,0.0
284.0,39.96119984,-106.2164837,2476.5,-1.00584,0.0,0.0,0.0
284.1,39.96119968,-106.2164839,2476.5,-1.00584,0.0,0.0,0.0
284.2,39.96119969,-106.2164839,2476.5,-1.00584,0.0,0.0,0.0
284.3,39.96119982,-106.216484,2476.5,-1.00584,0.0,0.0,0.0
284.40000000000003,39.96119987,-106.2164841,2476.5,-1.00584,0.0,0.0,0.0
284.5,39.96120008,-106.2164843,2476.5,-1.00584,0.0,0.0,0.0
284.6,39.96120017,-106.2164843,2476.5,-1.00584,0.0,0.0,0.0
284.7,39.96120028,-106.2164845,2476.5,-1.00584,0.0,0.0,0.0
284.8,39.96120037,-106.2164846,2476.5,-1.00584,0.0,0.0,0.0
284.90000000000003,39.96120054,-106.2164845,2476.5,-1.00584,0.0,0.0,0.0
285.0,39.96120062,-106.2164846,2476.5,-1.00584,0.0,0.0,0.0
285.1,39.96120071,-106.2164846,2476.5,-1.00584,0.0,0.0,0.0
285.2,39.96120081,-106.2164846,2476.5,-1.00584,0.0,0.0,0.0
285.3,39.96120076,-106.2164847,2476.5,-1.00584,0.0,0.0,0.0
285.40000000000003,39.96120084,-106.2164847,2476.5,-1.00584,0.0,0.0,0.0
285.5,39.96120097,-106.2164847,2476.5,-1.00584,0.0,0.0,0.0
285.6,39.96120104,-106.2164847,2476.5,-1.00584,0.0,0.0,0.0
285.7,39.96120112,-106.2164848,2476.5,-1.00584,0.0,0.0,0.0
285.8,39.96120118,-106.2164848,2476.5,-1.00584,0.0,0.0,0.0
285.90000000000003,39.96120106,-106.2164847,2476.5,-1.00584,0.0,0.0,0.0
286.0,39.96120109,-106.2164847,2476.5,-1.00584,0.0,0.0,0.0
286.1,39.96120103,-106.2164846,2476.5,-1.00584,0.0,0.0,0.0
286.2,39.96120107,-106.2164845,2476.5,-1.00584,0.0,0.0,90.0
286.3,39.96120102,-106.2164842,2476.5,-1.00584,0.0,0.0,90.0
286.40000000000003,39.961201,-106.2164841,2476.5,-1.00584,0.0,0.0,90.0
286.5,39.96120079,-106.2164836,2476.5,-1.00584,0.67056,0.0,90.0
286.6,39.96120075,-106.2164834,2476.5,-1.00584,0.491744,0.0,90.0
286.7,39.96120056,-106.2164832,2476.5,-1.00584,0.0,0.0,90.0
286.8,39.96120049,-106.216483,2476.5,-1.00584,0.0,0.0,0.0
286.90000000000003,39.96120043,-106.216483,2476.5,-1.00584,0.0,0.0,0.0
287.0,39.96120036,-106.216483,2476.5,-1.00584,0.0,0.0,0.0
287.1,39.96120045,-106.2164831,2476.5,-1.00584,0.0,0.0,0.0
287.2,39.9612004,-106.2164831,2476.5,-1.00584,0.0,-0.089408,0.0
287.3,39.96120039,-106.2164835,2476.5,-1.00584,0.0,-0.089408,0.0
287.40000000000003,39.96120033,-106.2164835,2476.5,-0.9144,0.0,-0.089408,0.0
287.5,39.96120041,-106.2164837,2476.5,-0.9144,0.0,-0.089408,0.0
287.6,39.96120033,-106.2164837,2476.5,-0.9144,0.0,0.0,0.0
287.7,39.96120009,-106.2164835,2476.5,-0.9144,0.0,0.0,0.0
287.8,39.9612,-106.2164835,2476.5,-0.9144,0.0,0.0,0.0
287.90000000000003,39.96119997,-106.2164836,2476.5,-0.9144,0.0,0.0,0.0
288.0,39.96119992,-106.2164837,2476.5,-0.9144,0.0,0.0,0.0
288.1,39.96119988,-106.2164838,2476.5,-0.9144,0.0,0.0,0.0
288.2,39.96119987,-106.2164838,2476.5,-0.9144,0.0,0.0,0.0
288.3,39.96119992,-106.216484,2476.5,-0.9144,0.0,0.0,0.0
288.40000000000003,39.9611999,-106.2164841,2476.5,-0.9144,0.0,0.0,0.0
288.5,39.9612,-106.2164841,2476.5,-0.9144,0.0,0.0,0.0
288.6,39.96119998,-106.2164841,2476.5,-0.9144,0.0,0.0,0.0
288.7,39.96119978,-106.2164841,2476.5,-0.9144,0.0,0.0,0.0
288.8,39.96119967,-106.216484,2476.5,-0.9144,0.0,0.0,135.0
288.90000000000003,39.96119962,-106.2164837,2476.5,-0.9144,0.0,0.0,111.80140948635182
289.0,39.96119949,-106.2164834,2476.5,-0.9144,0.0,0.0,105.94539590092285
289.1,39.96119922,-106.2164828,2476.5,-0.9144,0.67056,0.0,102.52880770915152
289.2,39.96119915,-106.2164823,2476.5,-0.9144,0.0,0.0,90.0
289.3,39.96119905,-106.2164815,2476.5,-0.9144,0.67056,0.0,90.0
289.40000000000003,39.96119899,-106.2164808,2476.5,-0.9144,0.67056,0.0,90.0
289.5,39.96119898,-106.2164798,2476.5,-0.9144,0.67056,0.0,90.0
289.6,39.9611989,-106.2164791,2476.5,-0.9144,0.67056,0.0,90.0
289.7,39.9611987,-106.2164787,2476.5,-0.9144,0.67056,0.0,90.0
289.8,39.96119867,-106.2164783,2476.5,-0.9144,0.491744,0.0,90.0
289.90000000000003,39.96119858,-106.2164785,2476.5,-0.9144,0.0,0.0,90.0
290.0,39.96119855,-106.2164783,2476.5,-0.9144,0.0,0.0,90.0
290.1,39.96119879,-106.2164784,2476.5,-0.9144,0.0,0.0,90.0
290.2,39.96119882,-106.2164783,2476.5,-0.9144,0.0,0.0,90.0
290.3,39.96119876,-106.2164783,2476.5,-0.9144,0.0,0.0,0.0
290.40000000000003,39.96119879,-106.2164784,2476.5,-0.9144,0.0,0.0,0.0
290.5,39.96119884,-106.2164785,2476.5,-0.9144,0.0,0.0,0.0
290.6,39.96119889,-106.2164787,2476.5,-0.9144,0.0,0.0,0.0
290.7,39.96119884,-106.216479,2476.5,-0.9144,0.491744,0.0,0.0
290.8,39.96119884,-106.2164791,2476.5,-0.9144,0.0,0.0,0.0
290.90000000000003,39.96119886,-106.2164788,2476.5,-0.9144,0.0,0.0,90.0
291.0,39.9611988,-106.2164786,2476.5,-0.9144,0.0,0.0,90.0
291.1,39.96119859,-106.216478,2476.5,-0.9144,0.0,0.0,105.94539590092285
291.2,39.96119848,-106.2164776,2476.5,-0.9144,0.491744,0.0,102.52880770915152
291.3,39.9611983,-106.2164769,2476.5,-0.9144,0.491744,0.0,102.52880770915152
291.40000000000003,39.9611982,-106.2164764,2476.5,-0.9144,0.491744,0.0,90.0
291.5,39.96119811,-106.216476,2476.5,-0.9144,0.491744,0.0,90.0
291.6,39.96119806,-106.2164758,2476.5,-0.9144,0.0,0.0,90.0
291.7,39.96119797,-106.2164757,2476.5,-0.9144,0.0,0.0,0.0
291.8,39.96119795,-106.2164757,2476.5,-0.9144,0.0,0.0,0.0
291.90000000000003,39.96119803,-106.2164762,2476.5,-0.9144,0.0,0.0,0.0
292.0,39.96119803,-106.2164763,2476.5,-0.9144,0.0,0.0,0.0
292.1,39.96119814,-106.2164763,2476.5,-0.9144,0.0,0.0,270.0
292.2,39.96119818,-106.2164765,2476.5,-0.9144,0.0,0.0,0.0
292.3,39.96119824,-106.2164768,2476.5,-0.9144,0.0,0.0,0.0
292.40000000000003,39.96119826,-106.2164768,2476.5,-0.9144,0.0,0.0,0.0
292.5,39.96119832,-106.2164766,2476.5,-0.9144,0.0,0.0,90.0
292.6,39.96119829,-106.2164764,2476.5,-0.9144,0.0,0.0,90.0
292.7,39.96119824,-106.2164758,2476.5,-0.9144,0.67056,0.0,90.0
292.8,39.96119814,-106.2164754,2476.5,-0.9144,0.0,0.0,105.94539590092285
292.90000000000003,39.96119802,-106.2164748,2476.5,-0.9144,0.0,0.0,102.52880770915152
293.0,39.96119789,-106.2164743,2476.5,-0.9144,0.67056,0.0,105.94539590092285
293.1,39.96119779,-106.2164739,2476.5,-0.9144,0.0,0.0,111.80140948635182
293.2,39.96119772,-106.2164736,2476.5,-0.9144,0.491744,0.0,90.0
293.3,39.96119758,-106.2164736,2476.5,-0.9144,0.0,0.0,0.0
293.40000000000003,39.96119756,-106.2164735,2476.5,-0.9144,0.0,0.0,0.0
293.5,39.96119777,-106.2164739,2476.5,-0.9144,0.0,0.0,0.0
293.6,39.9611978,-106.2164739,2476.5,-0.9144,0.491744,0.0,0.0
293.7,39.96119796,-106.2164742,2476.5,-0.9144,0.0,0.0,0.0
293.8,39.96119801,-106.2164743,2476.5,-0.9144,0.0,0.0,270.0
293.90000000000003,39.96119814,-106.2164746,2476.5,-0.9144,0.0,0.0,270.0
294.0,39.96119821,-106.2164748,2476.5,-0.9144,0.0,0.0,270.0
294.1,39.96119811,-106.2164752,2476.5,-0.9144,0.0,0.0,270.0
294.2,39.96119815,-106.2164754,2476.5,-0.9144,0.491744,0.0,270.0
294.3,39.96119832,-106.2164755,2476.5,-0.9144,0.0,0.0,270.0
294.40000000000003,39.96119837,-106.2164758,2476.5,-0.9144,0.0,0.0,270.0
294.5,39.9611983,-106.216476,2476.5,-0.9144,0.0,0.0,0.0
294.6,39.96119842,-106.2164761,2476.5,-0.9144,0.0,0.0,0.0
294.7,39.96119857,-106.2164761,2476.5,-0.9144,0.0,0.0,0.0
294.8,39.96119861,-106.2164762,2476.5,-0.9144,0.0,0.0,0.0
294.90000000000003,39.96119869,-106.2164761,2476.5,-0.9144,0.0,0.0,0.0
295.0,39.96119864,-106.2164762,2476.5,-0.9144,0.0,0.0,180.0
295.1,39.96119836,-106.2164763,2476.5,-0.9144,0.0,0.0,0.0
295.2,39.96119834,-106.2164764,2476.5,-0.9144,0.0,0.0,0.0
295.3,39.96119824,-106.2164762,2476.5,-0.9144,0.0,0.0,0.0
295.40000000000003,39.96119825,-106.2164762,2476.5,-0.9144,0.0,0.0,0.0
295.5,39.96119838,-106.2164762,2476.5,-0.9144,0.0,0.0,0.0
295.6,39.96119841,-106.2164762,2476.5,-0.9144,0.0,0.0,0.0
295.7,39.96119844,-106.2164763,2476.5,-0.9144,0.0,0.0,0.0
295.8,39.96119848,-106.2164763,2476.5,-0.9144,0.0,0.0,0.0
295.90000000000003,39.96119858,-106.2164763,2476.5,-0.9144,0.0,0.0,0.0
296.0,39.96119862,-106.2164764,2476.5,-0.9144,0.0,0.0,0.0
296.1,39.96119868,-106.2164766,2476.5,-0.9144,0.491744,0.0,0.0
296.2,39.96119875,-106.2164766,2476.5,-0.9144,0.0,0.0,0.0
296.3,39.96119884,-106.2164765,2476.5,-0.9144,0.0,0.0,0.0
296.40000000000003,39.96119886,-106.2164766,2476.5,-0.9144,0.0,0.0,0.0
296.5,39.96119882,-106.2164764,2476.5,-0.9144,0.0,0.0,0.0
296.6,39.96119875,-106.2164765,2476.5,-0.9144,0.0,0.0,0.0
296.7,39.96119849,-106.2164765,2476.5,-0.9144,0.0,0.0,0.0
296.8,39.96119842,-106.2164766,2476.5,-0.9144,0.0,0.0,0.0
296.90000000000003,39.96119834,-106.2164767,2476.5,-0.9144,0.0,0.0,0.0
297.0,39.96119831,-106.2164767,2476.5,-0.9144,0.0,0.0,0.0
297.1,39.96119844,-106.2164768,2476.5,-0.9144,0.0,0.0,0.0
297.2,39.96119845,-106.2164768,2476.5,-0.9144,0.0,0.0,0.0
297.3,39.96119843,-106.2164767,2476.5,-0.9144,0.491744,0.0,0.0
297.40000000000003,39.96119844,-106.2164767,2476.5,-0.9144,0.0,0.0,0.0
297.5,39.96119848,-106.2164765,2476.5,-0.9144,0.0,0.0,0.0
297.6,39.96119849,-106.2164765,2476.5,-0.9144,0.0,0.0,0.0
297.7,39.96119857,-106.2164766,2476.5,-0.9144,0.0,0.089408,0.0
297.8,39.96119854,-106.2164766,2476.5,-0.9144,0.0,0.089408,0.0
297.90000000000003,39.9611984,-106.2164764,2476.5,-0.9144,0.0,0.089408,0.0
298.0,39.96119837,-106.2164764,2476.5,-1.00584,0.0,0.22352,0.0
298.1,39.96119825,-106.2164764,2476.5,-1.00584,0.0,0.22352,0.0
298.2,39.96119824,-106.2164763,2476.5,-1.00584,0.0,0.22352,0.0
298.3,39.9611984,-106.2164763,2476.5,-1.00584,0.0,0.22352,0.0
298.40000000000003,39.9611984,-106.2164763,2476.5,-1.00584,0.0,0.22352,0.0
298.5,39.96119829,-106.2164763,2476.1952,-1.09728,0.0,0.22352,0.0
298.6,39.96119829,-106.2164763,2476.1952,-1.09728,0.0,0.22352,0.0
298.7,39.9611983,-106.2164763,2476.1952,-1.09728,0.0,0.22352,0.0
298.8,39.96119832,-106.2164762,2476.1952,-1.09728,0.0,0.089408,0.0
298.90000000000003,39.96119819,-106.2164761,2476.1952,-1.09728,0.0,0.089408,0.0
299.0,39.96119815,-106.2164761,2476.1952,-1.18872,0.491744,0.089408,0.0
299.1,39.96119813,-106.216476,2476.1952,-1.18872,0.0,0.089408,0.0
299.2,39.96119811,-106.216476,2476.1952,-1.18872,0.0,0.089408,0.0
299.3,39.961198,-106.2164761,2476.1952,-1.18872,0.0,0.22352,0.0
299.40000000000003,39.96119798,-106.216476,2476.1952,-1.18872,0.0,0.22352,0.0
299.5,39.9611981,-106.216476,2476.1952,-1.31064,0.0,0.22352,0.0
299.6,39.96119809,-106.2164761,2476.1952,-1.31064,0.491744,0.089408,0.0
299.7,39.96119808,-106.216476,2476.1952,-1.31064,0.0,0.22352,0.0
299.8,39.96119802,-106.2164761,2476.1952,-1.31064,0.0,0.22352,0.0
299.90000000000003,39.96119782,-106.2164762,2476.1952,-1.31064,0.0,0.22352,0.0
300.0,39.96119777,-106.2164763,2475.8904,-1.40208,0.0,0.22352,0.0
300.1,39.9611977,-106.2164766,2475.8904,-1.40208,0.0,0.089408,0.0
300.2,39.9611977,-106.2164767,2475.8904,-1.40208,0.0,0.089408,0.0
300.3,39.96119797,-106.2164768,2475.8904,-1.40208,0.0,0.089408,0.0
300.40000000000003,39.96119804,-106.2164768,2475.8904,-1.40208,0.0,0.089408,0.0
300.5,39.96119815,-106.2164767,2475.8904,-1.4935200000000002,0.0,0.089408,0.0
300.6,39.96119821,-106.2164768,2475.8904,-1.4935200000000002,0.491744,0.22352,0.0
300.7,39.96119826,-106.2164768,2475.8904,-1.4935200000000002,0.0,0.22352,0.0
300.8,39.96119831,-106.2164768,2475.8904,-1.4935200000000002,0.0,0.089408,0.0
300.90000000000003,39.96119827,-106.2164766,2475.8904,-1.4935200000000002,0.0,0.22352,0.0
301.0,39.96119829,-106.2164766,2475.8904,-1.58496,0.0,0.22352,0.0
301.1,39.96119814,-106.2164763,2475.8904,-1.58496,0.0,0.22352,0.0
301.2,39.9611981,-106.2164763,2475.8904,-1.58496,0.0,0.22352,0.0
301.3,39.96119812,-106.2164763,2475.8904,-1.58496,0.0,0.22352,0.0
301.40000000000003,39.96119804,-106.2164762,2475.5856000000003,-1.70688,0.0,0.22352,0.0
301.5,39.96119812,-106.2164762,2475.5856000000003,-1.70688,0.0,0.22352,0.0
301.6,39.96119807,-106.2164761,2475.5856000000003,-1.70688,0.0,0.22352,0.0
301.7,39.96119801,-106.2164762,2475.5856000000003,-1.70688,0.0,0.22352,0.0
301.8,39.96119797,-106.2164762,2475.5856000000003,-1.70688,0.0,0.089408,0.0
301.90000000000003,39.96119798,-106.2164762,2475.5856000000003,-1.79832,0.0,0.089408,0.0
302.0,39.96119796,-106.2164762,2475.5856000000003,-1.79832,0.0,0.22352,0.0
302.1,39.96119807,-106.2164762,2475.5856000000003,-1.79832,0.491744,0.22352,0.0
302.2,39.96119805,-106.2164762,2475.5856000000003,-1.79832,0.491744,0.089408,0.0
302.3,39.96119809,-106.2164761,2475.5856000000003,-1.79832,0.0,0.22352,0.0
302.40000000000003,39.9611981,-106.2164761,2475.5856000000003,-1.88976,0.0,0.089408,0.0
302.5,39.96119797,-106.216476,2475.5856000000003,-1.88976,0.491744,0.089408,0.0
302.6,39.96119792,-106.216476,2475.5856000000003,-1.88976,0.0,0.089408,0.0
302.7,39.96119787,-106.2164759,2475.5856000000003,-1.88976,0.0,0.089408,180.0
302.8,39.96119776,-106.2164758,2475.5856000000003,-1.88976,0.0,0.089408,180.0
302.90000000000003,39.96119754,-106.2164758,2475.5856000000003,-1.88976,0.0,0.089408,180.0
303.0,39.96119743,-106.2164758,2475.2808,-2.01168,0.0,0.089408,180.0
303.1,39.96119729,-106.2164757,2475.2808,-2.01168,0.0,0.089408,0.0
303.2,39.96119718,-106.2164757,2475.2808,-2.01168,0.491744,0.089408,0.0
303.3,39.96119731,-106.2164757,2475.2808,-2.01168,0.0,0.089408,0.0
303.40000000000003,39.96119722,-106.2164757,2475.2808,-2.01168,0.0,0.0,0.0
303.5,39.96119711,-106.2164756,2475.2808,-2.01168,0.0,0.089408,0.0
303.6,39.96119706,-106.2164756,2475.2808,-2.01168,0.0,0.0,0.0
303.7,39.96119701,-106.2164757,2475.2808,-2.01168,0.0,0.0,0.0
303.8,39.961197,-106.2164757,2475.2808,-2.01168,0.0,0.0,0.0
303.90000000000003,39.9611971,-106.2164756,2475.2808,-2.01168,0.0,0.0,0.0
304.0,39.96119711,-106.2164757,2475.2808,-2.01168,0.0,0.0,0.0
304.1,39.96119732,-106.2164757,2475.2808,-2.01168,0.0,0.0,0.0
304.2,39.96119735,-106.2164757,2475.2808,-2.01168,0.0,0.0,0.0
304.3,39.96119715,-106.2164755,2475.2808,-2.01168,0.0,0.0,0.0
304.40000000000003,39.96119715,-106.2164755,2475.2808,-2.01168,0.0,0.0,0.0
304.5,39.96119714,-106.2164755,2475.2808,-2.01168,0.0,0.0,0.0
304.6,39.96119714,-106.2164755,2475.2808,-2.01168,0.0,0.0,0.0
304.7,39.96119729,-106.2164755,2475.2808,-2.01168,0.0,0.0,0.0
304.8,39.9611973,-106.2164755,2475.2808,-2.01168,0.0,0.0,0.0
304.90000000000003,39.96119727,-106.2164755,2475.2808,-2.01168,0.0,0.0,0.0
305.0,39.96119728,-106.2164755,2475.2808,-2.01168,0.0,0.0,0.0
305.1,39.96119742,-106.2164755,2475.2808,-2.01168,0.0,0.0,0.0
305.2,39.96119744,-106.2164755,2477.4144,0.0,0.0,0.0,0.0
