timestamp,latitude,longitude,altitude,height,ground_speed,vertical_speed,course
0.0,39.96120796,-106.21646259,2477.4144,0.0,0.0,0.0,0.0
0.0999999999999999,39.96120799,-106.21646256,2477.4144,0.0,0.0,0.0,0.0
0.2,39.961208,-106.21646254,2477.4144,0.0,0.0,0.0,0.0
0.2999999999999999,39.96120799,-106.21646252,2477.4144,0.0,0.0,0.0,0.0
0.4,39.96120797,-106.21646251,2477.4144,0.0,0.0,0.0,0.0
0.4999999999999999,39.96120796,-106.21646249,2477.4144,0.0,0.0,0.0,0.0
0.6,39.96120795,-106.21646247,2477.4144,0.0,0.0,0.0,0.0
0.7000000000000001,39.96120795,-106.21646246,2477.4144,0.0,0.0,0.0,0.0
0.7999999999999999,39.96120794,-106.21646245,2477.4144,0.0,0.491744,0.0,0.0
0.9,39.96120794,-106.21646241,2477.4144,0.0,0.491744,0.0,0.0
1.0,39.96120793,-106.21646238,2477.4144,0.0,0.0,0.0,0.0
1.1,39.96120789,-106.21646235,2477.4144,0.0,0.0,0.0,0.0
1.2000000000000002,39.96120785,-106.21646233,2477.4144,0.0,0.0,0.0,0.0
1.3000000000000005,39.96120782,-106.21646233,2477.4144,0.0,0.0,0.0,0.0
1.4,39.9612078,-106.21646232,2477.4144,0.0,0.0,0.0,0.0
1.5,39.96120781,-106.21646228,2477.4144,0.0,0.0,0.0,0.0
1.6,39.96120781,-106.21646226,2477.4144,0.0,0.491744,0.0,0.0
1.7000000000000002,39.96120783,-106.21646226,2477.4144,0.0,0.0,0.0,0.0
1.8000000000000005,39.96120784,-106.21646226,2477.4144,0.0,0.0,0.0,0.0
1.9,39.9612078,-106.21646231,2477.4144,0.0,0.0,0.0,0.0
2.0,39.96120771,-106.21646234,2477.4144,0.0,0.0,-0.089408,180.0
2.1,39.96120759,-106.21646237,2477.4144,0.0,0.0,-0.22352,180.0
2.2,39.96120743,-106.21646241,2477.4144,0.0,0.0,-0.402336,180.0
2.3000000000000003,39.96120714,-106.21646256,2477.4144,0.09144,0.491744,-0.491744,180.0
2.4,39.96120686,-106.21646273,2477.7192,0.21336,0.491744,-0.581152,201.80140948635184
2.5,39.96120653,-106.21646304,2477.7192,0.21336,0.0,-0.581152,201.80140948635184
2.7,39.96120597,-106.2164638,2477.7192,0.39624,0.44704,-0.715264,225.0
2.8000000000000003,39.96120574,-106.21646423,2478.0240000000003,0.48768,0.312928,-0.715264,248.19859051364816
2.9,39.96120559,-106.21646472,2478.0240000000003,0.48768,0.67056,-0.581152,248.19859051364816
3.0,39.96120545,-106.21646515,2478.0240000000003,0.6096,0.491744,-0.491744,248.19859051364816
3.1,39.96120537,-106.21646571,2478.0240000000003,0.6096,0.491744,-0.491744,248.19859051364816
3.2,39.96120526,-106.21646615,2478.0240000000003,0.70104,0.0,-0.402336,254.05460409907715
3.3000000000000003,39.96120518,-106.21646663,2478.0240000000003,0.70104,0.491744,-0.402336,248.19859051364816
3.4,39.96120506,-106.21646705,2478.0240000000003,0.70104,0.0,-0.402336,248.19859051364816
3.5000000000000004,39.96120498,-106.21646741,2478.3288,0.7924800000000001,0.67056,-0.402336,248.19859051364816
3.7,39.96120477,-106.21646797,2478.3288,0.9144,0.312928,-0.312928,248.19859051364816
3.8,39.96120463,-106.2164682,2478.3288,0.9144,0.44704,-0.312928,225.0
3.9,39.9612045,-106.21646837,2478.3288,0.9144,0.0,-0.402336,225.0
4.0,39.96120437,-106.21646854,2478.3288,1.00584,0.0,-0.402336,225.0
4.1,39.9612042,-106.2164687,2478.3288,1.00584,0.0,-0.402336,225.0
4.199999999999999,39.96120404,-106.21646886,2478.6336,1.09728,0.0,-0.402336,225.0
4.3,39.96120393,-106.21646898,2478.6336,1.09728,0.0,-0.22352,225.0
4.4,39.96120383,-106.21646908,2478.6336,1.09728,0.0,-0.089408,225.0
4.5,39.96120374,-106.21646918,2478.6336,1.09728,0.0,0.0,0.0
4.699999999999999,39.96120362,-106.21646934,2478.6336,1.09728,0.0,0.0,0.0
4.8,39.96120357,-106.21646939,2478.6336,1.09728,0.0,0.0,0.0
4.9,39.96120352,-106.21646947,2478.6336,1.09728,0.0,0.0,0.0
5.0,39.96120347,-106.21646952,2478.6336,1.09728,0.0,0.0,0.0
5.1,39.9612034,-106.21646958,2478.6336,1.09728,0.0,0.0,0.0
5.199999999999999,39.96120332,-106.21646961,2478.6336,1.09728,0.0,0.0,0.0
5.3,39.96120321,-106.21646964,2478.6336,1.09728,0.0,0.0,0.0
5.4,39.96120312,-106.21646964,2478.6336,1.09728,0.0,0.0,0.0
5.5,39.96120303,-106.21646968,2478.6336,1.09728,0.0,0.0,0.0
5.699999999999999,39.96120292,-106.21646975,2478.6336,1.09728,0.0,0.0,0.0
5.8,39.96120288,-106.21646977,2478.6336,1.18872,0.0,0.0,0.0
5.9,39.96120286,-106.21646979,2478.6336,1.18872,0.0,0.0,0.0
6.0,39.96120286,-106.21646977,2478.6336,1.18872,0.0,0.0,0.0
6.1,39.96120291,-106.21646975,2478.6336,1.18872,0.0,0.0,0.0
6.199999999999999,39.96120297,-106.21646971,2478.6336,1.18872,0.0,0.0,0.0
6.3,39.96120307,-106.21646963,2478.6336,1.18872,0.0,0.0,0.0
6.4,39.96120315,-106.21646956,2478.6336,1.18872,0.0,0.0,0.0
6.5,39.96120326,-106.21646946,2478.6336,1.18872,0.0,-0.089408,0.0
6.699999999999999,39.96120341,-106.21646928,2478.6336,1.18872,0.0,-0.089408,0.0
6.8,39.96120347,-106.21646922,2478.6336,1.18872,0.0,-0.089408,0.0
6.9,39.96120356,-106.21646914,2478.6336,1.31064,0.0,-0.089408,0.0
7.0,39.96120365,-106.21646908,2478.6336,1.31064,0.0,-0.22352,0.0
7.1,39.96120377,-106.21646905,2478.6336,1.31064,0.0,-0.22352,0.0
7.199999999999999,39.96120386,-106.21646904,2478.6336,1.31064,0.0,-0.312928,0.0
7.299999999999999,39.96120394,-106.21646892,2478.9384,1.40208,0.491744,-0.312928,0.0
7.4,39.96120399,-106.21646885,2478.9384,1.40208,0.0,-0.312928,0.0
7.5,39.96120411,-106.21646877,2478.9384,1.40208,0.491744,-0.312928,0.0
7.699999999999999,39.9612043,-106.21646866,2478.9384,1.4935200000000002,0.0,-0.312928,0.0
7.799999999999999,39.96120436,-106.21646863,2478.9384,1.58496,0.0,-0.312928,0.0
7.9,39.96120445,-106.21646859,2478.9384,1.58496,0.0,-0.312928,0.0
8.0,39.9612045,-106.2164686,2478.9384,1.58496,0.0,-0.312928,0.0
8.1,39.96120455,-106.21646853,2479.2432000000003,1.70688,0.0,-0.312928,0.0
8.2,39.96120458,-106.21646852,2479.2432000000003,1.70688,0.0,-0.22352,0.0
8.299999999999999,39.96120463,-106.21646849,2479.2432000000003,1.70688,0.0,-0.312928,0.0
8.4,39.96120466,-106.21646852,2479.2432000000003,1.79832,0.491744,-0.312928,0.0
8.5,39.96120472,-106.21646849,2479.2432000000003,1.79832,0.0,-0.312928,0.0
8.6,39.96120476,-106.2164685,2479.2432000000003,1.79832,0.0,-0.22352,0.0
8.7,39.96120487,-106.21646849,2479.2432000000003,1.88976,0.0,-0.312928,0.0
8.799999999999999,39.96120495,-106.21646852,2479.2432000000003,1.88976,0.0,-0.312928,0.0
8.9,39.96120501,-106.21646853,2479.2432000000003,1.88976,0.0,-0.312928,0.0
9.0,39.96120505,-106.21646858,2479.2432000000003,1.88976,0.0,-0.22352,0.0
9.1,39.96120517,-106.21646867,2479.548,2.01168,0.0,-0.312928,0.0
9.2,39.96120527,-106.21646878,2479.548,2.01168,0.0,-0.402336,270.0
9.3,39.96120538,-106.21646889,2479.548,2.10312,0.0,-0.491744,270.0
9.4,39.96120545,-106.216469,2479.548,2.10312,0.0,-0.402336,270.0
9.5,39.96120556,-106.21646916,2479.548,2.19456,0.491744,-0.491744,0.0
9.7,39.96120576,-106.21646942,2479.8528,2.286,0.0,-0.581152,0.0
9.9,39.96120592,-106.21646956,2479.8528,2.49936,0.0,-0.491744,0.0
10.0,39.96120598,-106.21646961,2479.8528,2.49936,0.0,-0.581152,0.0
10.1,39.96120601,-106.21646967,2480.1576,2.5908,0.0,-0.491744,0.0
10.2,39.96120603,-106.21646974,2480.1576,2.5908,0.0,-0.491744,0.0
10.3,39.96120609,-106.21646982,2480.1576,2.7127200000000005,0.0,-0.491744,0.0
10.4,39.96120614,-106.21646989,2480.1576,2.80416,0.0,-0.491744,0.0
10.5,39.9612062,-106.21646989,2480.1576,2.80416,0.0,-0.491744,0.0
10.6,39.96120624,-106.21646989,2480.4624000000003,2.8956,0.0,-0.491744,0.0
10.7,39.96120629,-106.2164699,2480.4624000000003,2.8956,0.0,-0.491744,0.0
10.8,39.96120632,-106.21646991,2480.4624000000003,2.9870400000000004,0.0,-0.491744,0.0
10.9,39.96120637,-106.21646983,2480.4624000000003,2.9870400000000004,0.0,-0.491744,0.0
11.0,39.9612064,-106.21646975,2480.4624000000003,3.10896,0.0,-0.402336,0.0
11.1,39.96120639,-106.21646968,2480.4624000000003,3.10896,0.0,-0.491744,0.0
11.2,39.96120637,-106.21646961,2480.7672,3.2004,0.0,-0.491744,0.0
11.3,39.96120638,-106.21646952,2480.7672,3.2004,0.0,-0.491744,0.0
11.4,39.96120637,-106.21646944,2480.7672,3.2918400000000005,0.0,-0.491744,0.0
11.5,39.96120631,-106.21646936,2480.7672,3.2918400000000005,0.0,-0.22352,0.0
11.7,39.9612062,-106.21646921,2480.7672,3.41376,0.0,-0.089408,0.0
11.9,39.96120608,-106.21646913,2480.7672,3.41376,0.0,0.0,0.0
12.0,39.96120601,-106.21646912,2480.7672,3.41376,0.312928,0.0,0.0
12.1,39.96120596,-106.21646913,2480.7672,3.2918400000000005,0.0,0.089408,0.0
12.2,39.96120594,-106.21646918,2480.7672,3.2918400000000005,0.0,0.0,0.0
12.3,39.96120606,-106.21646929,2480.7672,3.2918400000000005,0.0,0.0,270.0
12.4,39.96120621,-106.21646946,2480.7672,3.2918400000000005,0.0,0.0,315.0
12.5,39.96120647,-106.21646971,2480.7672,3.2918400000000005,0.0,0.0,291.8014094863518
12.7,39.96120693,-106.21647023,2480.7672,3.41376,0.44704,0.0,291.8014094863518
12.8,39.96120712,-106.21647046,2480.7672,3.41376,0.44704,0.0,291.8014094863518
12.9,39.96120731,-106.21647067,2480.7672,3.41376,0.0,0.0,291.8014094863518
13.0,39.96120748,-106.21647087,2480.7672,3.41376,0.0,0.0,315.0
13.2,39.96120775,-106.21647121,2480.7672,3.41376,0.0,0.0,315.0
13.3,39.96120779,-106.21647128,2480.7672,3.41376,0.0,0.0,315.0
13.4,39.96120786,-106.21647137,2480.7672,3.41376,0.0,0.0,315.0
13.5,39.96120786,-106.21647135,2480.7672,3.41376,0.0,0.0,0.0
13.6,39.96120788,-106.21647135,2480.7672,3.41376,0.0,0.0,0.0
13.7,39.96120782,-106.21647129,2480.7672,3.41376,0.0,0.0,0.0
13.8,39.96120778,-106.21647124,2480.7672,3.41376,0.491744,0.0,0.0
13.9,39.96120766,-106.21647112,2480.7672,3.41376,0.0,0.0,0.0
14.0,39.96120757,-106.216471,2480.7672,3.41376,0.0,0.0,0.0
14.1,39.96120741,-106.21647087,2480.7672,3.41376,0.0,0.0,0.0
14.2,39.96120729,-106.21647074,2480.7672,3.41376,0.0,0.0,0.0
14.3,39.96120712,-106.2164706,2480.7672,3.41376,0.0,0.0,90.0
14.4,39.96120698,-106.21647044,2480.7672,3.41376,0.0,0.0,90.0
14.5,39.96120684,-106.21647032,2480.7672,3.41376,0.0,0.0,90.0
14.6,39.96120672,-106.21647017,2480.7672,3.41376,0.0,0.0,90.0
14.7,39.96120656,-106.21647005,2481.072,3.5052000000000003,0.0,0.0,90.0
14.8,39.96120641,-106.21646987,2481.072,3.5052000000000003,0.0,0.0,135.0
14.9,39.96120626,-106.21646977,2481.072,3.5052000000000003,0.0,0.0,135.0
15.0,39.96120611,-106.21646963,2481.072,3.5052000000000003,0.0,0.0,135.0
15.1,39.96120589,-106.21646953,2480.7672,3.41376,0.0,0.0,135.0
15.3,39.96120542,-106.21646929,2480.7672,3.41376,0.0,0.0,135.0
15.4,39.96120519,-106.21646915,2480.7672,3.41376,0.44704,0.0,135.0
15.499999999999998,39.96120486,-106.21646907,2480.7672,3.41376,0.0,0.0,158.19859051364824
15.7,39.96120423,-106.21646894,2480.7672,3.41376,0.44704,0.0,158.19859051364824
15.8,39.96120393,-106.21646886,2480.7672,3.41376,0.0,0.0,158.19859051364824
15.9,39.96120352,-106.21646893,2480.7672,3.41376,0.491744,0.0,158.19859051364824
15.999999999999998,39.96120317,-106.21646895,2480.7672,3.41376,0.491744,0.0,180.0
16.1,39.96120278,-106.21646912,2480.7672,3.41376,0.0,0.0,180.0
16.200000000000003,39.96120245,-106.2164692,2480.7672,3.41376,0.0,0.0,180.0
16.400000000000002,39.9612017,-106.21646966,2480.7672,3.41376,0.44704,0.0,180.0
16.5,39.96120137,-106.21647001,2480.7672,3.41376,0.5364479999999999,0.0,180.0
16.700000000000003,39.96120083,-106.21647069,2480.7672,3.41376,0.44704,0.0,180.0
16.8,39.96120061,-106.21647101,2480.7672,3.41376,0.44704,0.0,225.0
16.900000000000002,39.96120041,-106.21647147,2480.7672,3.41376,0.0,0.0,225.0
17.0,39.96120025,-106.21647183,2480.7672,3.41376,0.491744,0.0,225.0
17.1,39.96120011,-106.21647233,2480.7672,3.41376,0.0,0.0,225.0
17.200000000000003,39.9612,-106.21647269,2480.7672,3.2918400000000005,0.67056,0.0,270.0
17.3,39.96119998,-106.21647319,2480.7672,3.2918400000000005,0.67056,0.0,270.0
17.400000000000002,39.96119997,-106.21647352,2480.7672,3.2918400000000005,0.491744,0.0,270.0
17.5,39.96120004,-106.21647395,2480.7672,3.2918400000000005,0.0,0.0,270.0
17.700000000000003,39.96120015,-106.21647461,2480.7672,3.41376,0.312928,0.0,0.0
17.8,39.9612002,-106.21647484,2480.7672,3.41376,0.312928,0.0,0.0
17.900000000000002,39.9612003,-106.2164752,2480.7672,3.41376,0.0,0.0,0.0
18.0,39.96120037,-106.2164754,2480.7672,3.41376,0.0,0.0,0.0
18.1,39.96120048,-106.21647567,2480.7672,3.41376,0.0,0.0,0.0
18.200000000000003,39.96120055,-106.21647579,2480.7672,3.41376,0.0,0.0,0.0
18.3,39.9612007,-106.21647603,2480.7672,3.41376,0.0,0.0,0.0
18.4,39.96120079,-106.21647613,2480.7672,3.2918400000000005,0.0,0.0,0.0
18.5,39.961201,-106.21647638,2480.7672,3.2918400000000005,0.0,0.0,0.0
18.6,39.96120115,-106.21647651,2480.7672,3.2918400000000005,0.0,0.0,0.0
18.700000000000003,39.9612014,-106.2164768,2480.7672,3.2918400000000005,0.0,0.0,0.0
18.8,39.96120158,-106.21647697,2480.7672,3.2918400000000005,0.0,0.0,0.0
18.9,39.96120189,-106.21647727,2480.7672,3.2918400000000005,0.491744,0.0,0.0
19.0,39.96120211,-106.21647746,2480.7672,3.2918400000000005,0.0,0.0,0.0
19.1,39.96120247,-106.21647775,2480.7672,3.2918400000000005,0.0,0.0,0.0
19.3,39.96120321,-106.21647822,2480.7672,3.2918400000000005,0.44704,0.0,0.0
19.4,39.96120353,-106.21647838,2480.7672,3.2918400000000005,0.625856,-0.089408,0.0
19.5,39.96120396,-106.21647852,2480.7672,3.41376,0.0,-0.089408,0.0
19.6,39.96120429,-106.21647858,2480.7672,3.41376,0.0,0.0,0.0
19.700000000000003,39.9612047,-106.21647866,2480.7672,3.41376,0.491744,0.0,0.0
19.8,39.961205,-106.21647869,2480.7672,3.41376,0.0,0.0,0.0
19.9,39.96120548,-106.21647862,2480.7672,3.41376,0.67056,0.0,0.0
20.0,39.96120581,-106.21647854,2480.7672,3.41376,0.0,0.0,0.0
20.1,39.96120631,-106.21647835,2480.7672,3.41376,0.491744,0.0,0.0
20.200000000000003,39.96120669,-106.21647818,2480.7672,3.41376,0.67056,0.0,0.0
20.3,39.96120718,-106.21647794,2480.7672,3.41376,0.0,0.0,0.0
20.4,39.96120751,-106.21647774,2480.7672,3.41376,0.491744,0.0,0.0
20.5,39.96120795,-106.21647745,2480.7672,3.2918400000000005,0.491744,0.0,45.0
20.6,39.96120825,-106.21647722,2480.7672,3.2918400000000005,0.491744,0.0,45.0
20.700000000000003,39.96120867,-106.21647692,2480.7672,3.2918400000000005,0.491744,0.0,45.0
20.8,39.96120895,-106.21647668,2480.7672,3.2918400000000005,0.491744,0.0,45.0
20.9,39.96120938,-106.21647637,2480.7672,3.2918400000000005,0.491744,0.0,45.0
21.0,39.96120968,-106.21647614,2480.7672,3.2918400000000005,0.0,0.0,45.0
21.1,39.96121009,-106.21647583,2480.7672,3.2918400000000005,0.491744,0.0,45.0
21.200000000000003,39.96121036,-106.21647559,2480.7672,3.41376,0.0,0.0,45.0
21.3,39.96121078,-106.21647527,2480.7672,3.41376,0.67056,0.0,45.0
21.4,39.96121104,-106.21647503,2480.7672,3.41376,0.0,-0.089408,45.0
21.5,39.96121144,-106.21647469,2480.7672,3.41376,0.491744,-0.22352,45.0
21.6,39.96121169,-106.21647442,2480.7672,3.41376,0.67056,-0.312928,45.0
21.700000000000003,39.96121204,-106.21647413,2481.072,3.5052000000000003,0.0,-0.312928,45.0
21.8,39.96121226,-106.21647392,2481.072,3.5052000000000003,0.0,-0.402336,45.0
21.9,39.96121259,-106.21647368,2481.072,3.5966400000000003,0.0,-0.402336,0.0
22.0,39.96121279,-106.21647352,2481.072,3.5966400000000003,0.491744,-0.402336,0.0
22.1,39.961213,-106.21647337,2481.072,3.68808,0.0,-0.402336,0.0
22.200000000000003,39.96121312,-106.21647326,2481.072,3.68808,0.0,-0.402336,0.0
22.3,39.96121332,-106.21647311,2481.072,3.68808,0.0,-0.402336,0.0
22.4,39.96121345,-106.21647301,2481.3768,3.81,0.0,-0.491744,0.0
22.5,39.96121371,-106.21647287,2481.3768,3.81,0.0,-0.491744,0.0
22.6,39.96121386,-106.21647276,2481.3768,3.901440000000001,0.491744,-0.491744,0.0
22.700000000000003,39.96121406,-106.21647264,2481.3768,3.99288,0.0,-0.581152,0.0
22.8,39.96121415,-106.21647254,2481.3768,3.99288,0.0,-0.581152,0.0
23.0,39.96121431,-106.21647209,2481.6816000000003,4.20624,0.0,-0.715264,90.0
23.1,39.96121427,-106.21647186,2481.6816000000003,4.29768,0.0,-0.715264,135.0
23.3,39.96121406,-106.2164713,2481.9864,4.38912,0.0,-0.581152,158.19859051364824
23.5,39.96121372,-106.21647059,2481.9864,4.51104,0.0,-0.491744,158.19859051364824
23.700000000000003,39.96121317,-106.21646996,2481.9864,4.60248,0.67056,-0.491744,164.0546040990771
23.8,39.96121281,-106.21646967,2481.9864,4.60248,0.44704,-0.491744,167.47119229084842
23.9,39.96121252,-106.21646938,2481.9864,4.69392,0.491744,-0.491744,167.47119229084842
24.1,39.96121175,-106.21646888,2482.2912,4.78536,0.44704,-0.491744,169.69515353123393
24.3,39.96121081,-106.21646851,2482.2912,4.907280000000001,0.67056,-0.581152,169.69515353123393
24.4,39.96121028,-106.21646833,2482.2912,4.99872,0.625856,-0.491744,171.25383773744477
24.5,39.96120973,-106.21646817,2482.2912,4.99872,0.67056,-0.581152,171.25383773744477
24.700000000000003,39.96120856,-106.21646781,2482.596,5.21208,0.625856,-0.581152,171.25383773744477
24.8,39.96120795,-106.21646761,2482.596,5.21208,0.759968,-0.581152,171.25383773744477
24.9,39.96120739,-106.21646746,2482.596,5.30352,0.67056,-0.491744,171.25383773744477
25.0,39.96120685,-106.21646732,2482.9008000000003,5.39496,0.67056,-0.491744,169.69515353123393
25.1,39.96120644,-106.21646722,2482.9008000000003,5.39496,0.0,-0.491744,180.0
25.200000000000003,39.96120604,-106.21646714,2482.9008000000003,5.39496,0.491744,-0.312928,180.0
25.3,39.96120575,-106.21646706,2482.9008000000003,5.486400000000001,0.491744,-0.312928,180.0
25.4,39.96120549,-106.216467,2482.9008000000003,5.486400000000001,0.0,-0.22352,180.0
25.5,39.96120538,-106.21646693,2482.9008000000003,5.486400000000001,0.0,-0.22352,180.0
25.6,39.96120527,-106.21646688,2482.9008000000003,5.486400000000001,0.0,-0.089408,180.0
25.700000000000003,39.96120522,-106.2164668,2482.9008000000003,5.486400000000001,0.0,-0.089408,180.0
25.8,39.96120517,-106.21646676,2482.9008000000003,5.60832,0.0,0.0,180.0
25.9,39.96120514,-106.21646664,2482.9008000000003,5.60832,0.0,0.0,0.0
26.0,39.96120512,-106.21646658,2482.9008000000003,5.60832,0.0,0.0,0.0
26.1,39.96120512,-106.21646647,2482.9008000000003,5.60832,0.0,0.0,0.0
26.200000000000003,39.96120514,-106.2164664,2482.9008000000003,5.60832,0.0,0.0,0.0
26.3,39.96120511,-106.21646628,2482.9008000000003,5.60832,0.0,0.0,0.0
26.4,39.96120511,-106.21646622,2482.9008000000003,5.60832,0.0,0.0,0.0
26.5,39.96120508,-106.21646609,2482.9008000000003,5.60832,0.0,0.0,0.0
26.700000000000003,39.96120505,-106.21646591,2482.9008000000003,5.60832,0.0,0.0,0.0
26.8,39.96120505,-106.21646586,2482.9008000000003,5.60832,0.0,0.0,0.0
26.9,39.96120502,-106.2164658,2482.9008000000003,5.60832,0.0,0.0,0.0
27.0,39.96120503,-106.21646577,2482.9008000000003,5.60832,0.0,0.0,0.0
27.1,39.96120501,-106.21646576,2482.9008000000003,5.60832,0.0,0.0,0.0
27.200000000000003,39.96120504,-106.21646577,2482.9008000000003,5.60832,0.0,0.0,0.0
27.3,39.96120509,-106.21646578,2482.9008000000003,5.60832,0.0,0.0,0.0
27.4,39.96120516,-106.2164658,2482.9008000000003,5.60832,0.0,0.0,0.0
27.5,39.96120527,-106.21646581,2482.9008000000003,5.60832,0.0,0.0,0.0
27.6,39.96120539,-106.21646581,2482.9008000000003,5.60832,0.0,0.0,0.0
27.700000000000003,39.96120552,-106.21646582,2482.9008000000003,5.60832,0.0,0.0,0.0
27.8,39.96120564,-106.21646585,2482.9008000000003,5.60832,0.0,0.0,0.0
27.9,39.96120576,-106.21646592,2482.9008000000003,5.60832,0.0,0.0,0.0
28.0,39.96120585,-106.21646599,2482.9008000000003,5.60832,0.0,0.0,0.0
28.1,39.961206,-106.21646612,2482.9008000000003,5.60832,0.0,0.0,0.0
28.200000000000003,39.96120611,-106.21646622,2482.9008000000003,5.60832,0.0,0.0,0.0
28.3,39.96120622,-106.21646632,2482.9008000000003,5.60832,0.0,0.0,0.0
28.4,39.96120629,-106.21646639,2482.9008000000003,5.60832,0.0,0.0,0.0
28.5,39.96120642,-106.21646654,2482.9008000000003,5.60832,0.0,0.0,0.0
28.700000000000003,39.96120659,-106.21646679,2482.9008000000003,5.60832,0.0,0.0,0.0
28.8,39.96120664,-106.2164669,2482.9008000000003,5.60832,0.0,0.0,0.0
28.9,39.96120671,-106.21646707,2482.9008000000003,5.60832,0.0,0.0,0.0
29.0,39.96120674,-106.21646719,2482.9008000000003,5.60832,0.0,0.0,0.0
29.1,39.96120686,-106.21646734,2482.9008000000003,5.60832,0.0,0.0,0.0
29.200000000000003,39.96120693,-106.21646744,2482.9008000000003,5.60832,0.0,0.0,0.0
29.3,39.96120706,-106.21646755,2482.9008000000003,5.60832,0.0,0.0,0.0
29.4,39.96120713,-106.21646762,2482.9008000000003,5.60832,0.0,0.0,0.0
29.5,39.96120727,-106.21646771,2482.9008000000003,5.60832,0.0,0.0,0.0
29.6,39.96120734,-106.21646777,2482.9008000000003,5.60832,0.0,0.0,0.0
29.700000000000003,39.96120748,-106.21646792,2482.9008000000003,5.60832,0.0,0.0,0.0
29.8,39.96120754,-106.216468,2482.9008000000003,5.60832,0.0,0.0,0.0
29.9,39.96120765,-106.21646811,2482.9008000000003,5.60832,0.0,0.0,0.0
30.0,39.96120769,-106.21646817,2482.9008000000003,5.60832,0.0,0.0,0.0
30.1,39.96120776,-106.21646827,2482.9008000000003,5.60832,0.0,0.0,0.0
30.200000000000003,39.96120776,-106.21646832,2482.9008000000003,5.60832,0.0,0.0,0.0
30.3,39.9612078,-106.21646842,2482.9008000000003,5.60832,0.0,0.0,0.0
30.4,39.96120779,-106.21646847,2482.9008000000003,5.60832,0.0,0.0,0.0
30.5,39.96120782,-106.2164686,2482.9008000000003,5.60832,0.0,0.0,0.0
30.6,39.96120781,-106.21646867,2482.9008000000003,5.486400000000001,0.0,0.0,0.0
30.700000000000003,39.96120785,-106.21646882,2482.9008000000003,5.486400000000001,0.0,0.0,0.0
30.8,39.96120785,-106.2164689,2482.9008000000003,5.486400000000001,0.0,0.0,0.0
30.9,39.96120787,-106.21646906,2482.9008000000003,5.486400000000001,0.0,0.0,0.0
31.1,39.96120784,-106.21646927,2482.9008000000003,5.486400000000001,0.0,0.0,0.0
31.200000000000003,39.96120781,-106.21646932,2482.9008000000003,5.486400000000001,0.0,0.0,0.0
31.300000000000004,39.96120781,-106.21646941,2482.9008000000003,5.486400000000001,0.0,0.0,0.0
31.4,39.96120777,-106.21646942,2482.9008000000003,5.486400000000001,0.0,0.0,180.0
31.5,39.96120777,-106.21646946,2482.9008000000003,5.486400000000001,0.0,0.0,180.0
31.700000000000003,39.96120768,-106.21646946,2482.9008000000003,5.486400000000001,0.0,0.0,180.0
31.9,39.96120756,-106.21646947,2482.9008000000003,5.486400000000001,0.0,0.0,180.0
32.1,39.96120741,-106.21646946,2482.9008000000003,5.486400000000001,0.0,0.0,180.0
32.2,39.96120732,-106.21646942,2482.9008000000003,5.486400000000001,0.312928,0.0,180.0
32.300000000000004,39.96120727,-106.21646941,2482.9008000000003,5.486400000000001,0.0,0.0,180.0
32.4,39.9612072,-106.21646935,2482.9008000000003,5.486400000000001,0.0,0.0,180.0
32.5,39.96120714,-106.21646932,2482.9008000000003,5.486400000000001,0.0,0.0,180.0
32.6,39.96120707,-106.21646926,2482.9008000000003,5.486400000000001,0.0,0.0,0.0
32.7,39.96120704,-106.21646924,2482.9008000000003,5.486400000000001,0.0,0.0,0.0
32.800000000000004,39.96120701,-106.21646917,2482.9008000000003,5.486400000000001,0.0,0.0,90.0
32.9,39.96120701,-106.21646913,2482.9008000000003,5.486400000000001,0.0,0.0,90.0
33.0,39.961207,-106.21646904,2482.9008000000003,5.486400000000001,0.0,0.0,90.0
33.1,39.961207,-106.21646898,2482.9008000000003,5.486400000000001,0.0,0.0,90.0
33.2,39.96120698,-106.21646886,2482.9008000000003,5.486400000000001,0.0,0.0,90.0
33.300000000000004,39.96120691,-106.21646876,2482.9008000000003,5.486400000000001,0.0,0.0,90.0
33.4,39.96120684,-106.21646862,2482.9008000000003,5.486400000000001,0.0,0.0,90.0
33.5,39.96120679,-106.21646852,2482.9008000000003,5.486400000000001,0.491744,0.0,90.0
33.6,39.96120674,-106.21646843,2482.9008000000003,5.486400000000001,0.491744,0.0,0.0
33.7,39.96120666,-106.21646838,2482.9008000000003,5.486400000000001,0.0,0.0,0.0
33.800000000000004,39.96120657,-106.21646832,2482.9008000000003,5.486400000000001,0.491744,0.0,0.0
33.9,39.96120654,-106.21646829,2482.9008000000003,5.486400000000001,0.0,0.0,0.0
34.0,39.96120651,-106.21646823,2482.9008000000003,5.486400000000001,0.0,0.0,0.0
34.1,39.96120649,-106.21646813,2482.9008000000003,5.486400000000001,0.0,0.0,0.0
34.2,39.96120648,-106.21646801,2482.9008000000003,5.60832,0.0,0.0,90.0
34.300000000000004,39.96120651,-106.21646785,2482.9008000000003,5.60832,0.0,0.0,90.0
34.4,39.96120653,-106.2164677,2482.9008000000003,5.60832,0.0,0.0,90.0
34.5,39.96120658,-106.21646748,2482.9008000000003,5.60832,0.0,0.0,90.0
34.6,39.9612066,-106.21646731,2482.9008000000003,5.60832,0.0,0.0,0.0
34.7,39.96120668,-106.21646712,2482.9008000000003,5.60832,0.0,0.0,0.0
34.800000000000004,39.96120673,-106.21646697,2482.9008000000003,5.60832,0.0,0.0,0.0
34.9,39.96120678,-106.21646682,2482.9008000000003,5.60832,0.0,0.0,0.0
35.0,39.9612068,-106.21646671,2482.9008000000003,5.60832,0.0,0.0,0.0
35.1,39.96120685,-106.21646664,2482.9008000000003,5.60832,0.0,0.0,0.0
35.2,39.96120688,-106.2164666,2482.9008000000003,5.60832,0.0,0.0,0.0
35.300000000000004,39.96120697,-106.21646657,2482.9008000000003,5.60832,0.0,0.0,0.0
35.4,39.96120702,-106.21646655,2482.9008000000003,5.60832,0.0,0.0,0.0
35.5,39.96120709,-106.21646655,2482.9008000000003,5.60832,0.0,0.0,0.0
35.6,39.96120711,-106.21646657,2482.9008000000003,5.60832,0.491744,0.0,0.0
35.7,39.96120712,-106.21646658,2482.9008000000003,5.60832,0.491744,0.0,0.0
35.800000000000004,39.9612071,-106.21646659,2482.9008000000003,5.60832,0.0,0.0,0.0
35.9,39.96120711,-106.21646657,2482.9008000000003,5.60832,0.0,0.0,0.0
36.0,39.96120709,-106.21646657,2482.9008000000003,5.60832,0.0,0.0,0.0
36.1,39.96120713,-106.21646657,2482.9008000000003,5.60832,0.0,0.0,0.0
36.2,39.96120714,-106.21646659,2482.9008000000003,5.60832,0.0,0.0,0.0
36.3,39.96120722,-106.21646665,2482.9008000000003,5.60832,0.0,0.0,0.0
36.4,39.96120725,-106.21646672,2482.9008000000003,5.60832,0.0,0.0,0.0
36.5,39.96120731,-106.21646683,2482.9008000000003,5.60832,0.0,0.0,0.0
36.6,39.96120733,-106.21646693,2482.9008000000003,5.60832,0.0,0.0,0.0
36.7,39.96120739,-106.21646702,2482.9008000000003,5.60832,0.0,0.0,0.0
36.8,39.96120741,-106.21646711,2482.9008000000003,5.60832,0.0,0.0,0.0
36.9,39.96120748,-106.21646721,2482.9008000000003,5.60832,0.0,0.0,0.0
37.0,39.9612075,-106.21646731,2482.9008000000003,5.60832,0.0,0.0,0.0
37.1,39.96120756,-106.21646742,2482.9008000000003,5.60832,0.0,0.0,0.0
37.2,39.96120757,-106.21646751,2482.9008000000003,5.60832,0.0,0.0,0.0
37.3,39.96120758,-106.21646761,2482.9008000000003,5.60832,0.0,0.0,0.0
37.4,39.96120755,-106.21646769,2482.9008000000003,5.60832,0.0,0.0,0.0
37.5,39.9612075,-106.21646781,2482.9008000000003,5.60832,0.0,0.0,0.0
37.6,39.96120742,-106.21646791,2482.9008000000003,5.60832,0.0,0.0,0.0
37.7,39.96120736,-106.21646798,2482.9008000000003,5.60832,0.0,0.0,0.0
37.9,39.96120727,-106.21646812,2482.9008000000003,5.60832,0.0,0.0,0.0
38.0,39.96120721,-106.2164682,2482.9008000000003,5.60832,0.0,0.0,0.0
38.1,39.96120719,-106.21646831,2482.9008000000003,5.60832,0.0,0.0,0.0
38.3,39.96120712,-106.21646848,2482.9008000000003,5.60832,0.0,-0.089408,180.0
38.5,39.96120704,-106.21646862,2482.9008000000003,5.60832,0.0,-0.402336,180.0
38.7,39.96120693,-106.21646876,2483.2056,5.7912,0.0,-0.491744,180.0
38.8,39.96120685,-106.21646882,2483.2056,5.7912,0.0,-0.715264,180.0
38.9,39.9612068,-106.21646895,2483.2056,5.91312,0.0,-0.715264,0.0
39.0,39.96120673,-106.21646905,2483.5104,6.00456,0.0,-0.804672,0.0
39.1,39.96120673,-106.21646921,2483.5104,6.096,0.0,-0.804672,0.0
39.2,39.96120671,-106.21646931,2483.5104,6.1874400000000005,0.0,-0.804672,0.0
39.3,39.96120675,-106.21646943,2483.8152,6.30936,0.0,-0.804672,0.0
39.4,39.96120674,-106.2164695,2483.8152,6.30936,0.0,-0.804672,0.0
39.5,39.96120684,-106.21646956,2483.8152,6.4008,0.0,-0.804672,0.0
39.6,39.96120689,-106.21646958,2483.8152,6.492240000000001,0.0,-0.715264,0.0
39.7,39.96120692,-106.21646969,2483.8152,6.492240000000001,0.0,-0.804672,0.0
39.8,39.96120691,-106.21646977,2484.1200000000003,6.61416,0.0,-0.89408,0.0
39.9,39.96120696,-106.21646986,2484.1200000000003,6.7056,0.0,-0.983488,0.0
40.0,39.96120695,-106.21646991,2484.1200000000003,6.797040000000001,0.0,-0.983488,0.0
40.1,39.96120695,-106.21646999,2484.4248,6.88848,0.0,-0.983488,0.0
40.2,39.96120692,-106.21647002,2484.4248,7.10184,0.0,-1.207008,0.0
40.3,39.96120695,-106.21647007,2484.7296,7.193280000000001,0.0,-1.207008,0.0
40.4,39.96120696,-106.21647008,2484.7296,7.315200000000001,0.0,-1.296416,0.0
40.5,39.96120697,-106.21647016,2484.7296,7.40664,0.0,-1.385824,0.0
40.7,39.96120696,-106.21647032,2485.3392000000003,7.802880000000001,0.0,-1.519936,0.0
40.8,39.96120696,-106.2164704,2485.3392000000003,7.89432,0.0,-1.385824,0.0
40.9,39.961207,-106.21647053,2485.3392000000003,7.98576,0.0,-1.385824,0.0
41.0,39.96120701,-106.21647061,2485.644,8.19912,0.0,-1.385824,0.0
41.1,39.96120709,-106.21647073,2485.644,8.290560000000001,0.0,-1.296416,0.0
41.2,39.96120713,-106.2164708,2485.9488,8.41248,0.0,-1.207008,0.0
41.3,39.96120722,-106.21647095,2485.9488,8.50392,0.0,-0.983488,0.0
41.4,39.96120726,-106.21647105,2485.9488,8.59536,0.0,-0.715264,0.0
41.5,39.96120734,-106.21647115,2486.2536,8.6868,0.491744,-0.312928,0.0
41.7,39.96120739,-106.21647121,2485.9488,8.59536,0.0,0.0,0.0
41.8,39.96120739,-106.21647117,2485.9488,8.59536,0.0,0.089408,0.0
41.9,39.96120743,-106.21647114,2485.9488,8.59536,0.0,0.22352,0.0
42.0,39.96120737,-106.21647106,2485.9488,8.50392,0.0,0.22352,158.19859051364824
42.1,39.9612071,-106.21647093,2485.9488,8.50392,0.0,0.089408,169.69515353123393
42.2,39.9612064,-106.21647068,2485.9488,8.50392,0.491744,0.089408,168.69006752597977
42.3,39.96120483,-106.21647016,2485.9488,8.50392,1.34112,0.089408,168.99645914825055
42.4,39.96120282,-106.21646954,2485.9488,8.50392,2.01168,0.0,169.59228868750995
42.5,39.96119999,-106.21646887,2485.9488,8.59536,2.726944,-0.089408,169.61114218453042
42.6,39.96119677,-106.21646812,2485.9488,8.59536,3.442208,-0.089408,171.31364541876337
42.7,39.9611928,-106.21646742,2485.9488,8.59536,4.068064,-0.22352,171.09828396710805
42.8,39.96118866,-106.21646659,2486.2536,8.6868,4.559807999999999,-0.22352,170.1341930569156
42.9,39.96118381,-106.21646579,2486.2536,8.6868,5.051552,-0.22352,170.99824487743876
43.0,39.96117894,-106.21646482,2486.2536,8.6868,5.453887999999999,-0.089408,170.45086607126404
43.1,39.96117369,-106.21646392,2486.2536,8.6868,5.677408,0.0,170.04937331204837
43.2,39.96116836,-106.21646284,2486.2536,8.6868,5.945632,0.0,169.85920685388714
43.3,39.96116263,-106.21646182,2486.2536,8.6868,6.213856,0.0,170.39479584498713
43.5,39.96115055,-106.21645944,2486.2536,8.6868,6.660896,0.0,169.3077878447159
43.7,39.96113723,-106.2164567,2485.9488,8.59536,7.510272,0.0,169.53466157139928
43.9,39.96112345,-106.2164538,2485.9488,8.59536,7.644384,0.0,169.66549733330623
44.0,39.96111597,-106.21645214,2485.9488,8.59536,8.002016,0.0,169.9546696305033
44.1,39.96110822,-106.21645055,2485.9488,8.59536,8.538464000000001,0.0,169.36123339049325
44.3,39.96109222,-106.21644727,2485.9488,8.59536,8.896096,0.0,170.10939505824194
44.5,39.96107535,-106.21644405,2485.9488,8.59536,9.253728,0.0,170.71644719473863
44.7,39.96105723,-106.21644072,2485.9488,8.59536,10.147808,0.0,170.78897345918335
44.9,39.96103802,-106.21643742,2485.9488,8.59536,10.460736,0.0,171.76752292540414
45.1,39.96101791,-106.21643417,2485.9488,8.59536,11.265408,0.0,172.1309244482095
45.2,39.9610075,-106.21643244,2485.9488,8.50392,11.39952,0.0,171.90160532357731
45.3,39.96099657,-106.21643075,2485.9488,8.50392,11.935968,0.0,172.11686068327026
45.5,39.96097429,-106.21642715,2485.9488,8.50392,12.383008,0.0,172.43305582166693
45.7,39.96095122,-106.2164235,2485.9488,8.50392,12.919455999999998,0.0,172.77568430595466
45.8,39.96093932,-106.21642163,2485.9488,8.50392,13.053568,0.0,172.89938560001167
45.9,39.96092692,-106.21641978,2485.9488,8.50392,13.590016,0.0,173.0423748512244
46.0,39.9609144,-106.21641793,2485.9488,8.50392,13.947648,0.0,173.5765295634435
46.1,39.96090149,-106.21641619,2485.9488,8.50392,14.215872,0.0,174.27104871525512
46.2,39.96088845,-106.21641452,2485.9488,8.50392,14.484096,0.0,174.73997778432908
46.3,39.96087557,-106.21641317,2485.9488,8.50392,14.484096,-0.089408,175.20690789834237
46.4,39.9608618,-106.21641184,2485.9488,8.50392,14.841728000000002,0.0,175.62809341737818
46.5,39.96084892,-106.21641089,2485.9488,8.50392,14.841728000000002,0.0,176.56294080574548
46.6,39.96083511,-106.21640996,2485.9488,8.50392,14.841728000000002,0.0,176.95162505970166
46.7,39.96082102,-106.21640948,2485.9488,8.50392,15.512288000000002,0.0,177.8420495478424
46.8,39.96080676,-106.2164091,2485.9488,8.50392,15.780511999999998,0.0,178.5227858085068
46.9,39.9607923,-106.21640913,2485.9488,8.50392,15.959328,0.0,179.18849931628813
47.0,39.96077767,-106.21640924,2485.9488,8.50392,16.182848,0.0,180.0
47.1,39.96076288,-106.21640974,2485.9488,8.50392,16.361664,0.0,180.31394633479292
47.2,39.96074793,-106.2164103,2485.9488,8.50392,16.54048,0.0,181.09270253565973
47.3,39.96073283,-106.21641122,2485.9488,8.50392,16.719296,0.0,181.3896520155772
47.4,39.96071756,-106.21641218,2485.9488,8.50392,16.898111999999998,-0.089408,181.98018231896597
47.5,39.96070282,-106.21641338,2485.9488,8.50392,16.719296,-0.089408,182.4237713441136
47.7,39.96067249,-106.21641604,2485.9488,8.50392,16.719296,0.0,183.28752882669272
47.8,39.9606568,-106.21641756,2485.9488,8.50392,17.076928000000002,-0.089408,183.7152891054288
47.9,39.9606405,-106.21641924,2485.9488,8.50392,17.836896,-0.089408,184.3076513521684
48.0,39.9606243,-106.21642111,2485.9488,8.50392,18.149824,0.0,184.57980559586795
48.1,39.9606087,-106.21642302,2485.9488,8.50392,17.747488,-0.089408,185.2873767883284
48.2,39.96059301,-106.21642516,2485.9488,8.59536,17.479264,-0.089408,185.5368823624837
48.3,39.96057747,-106.21642733,2485.9488,8.59536,17.479264,-0.089408,186.22844196936344
48.4,39.96056164,-106.21642981,2485.9488,8.59536,17.568672,0.0,186.76859308024436
48.5,39.96054595,-106.21643237,2485.9488,8.59536,17.658079999999998,0.0,187.3386063362362
48.7,39.96051413,-106.21643828,2485.9488,8.59536,17.8816,-0.22352,188.25038722890548
48.8,39.96049802,-106.21644163,2485.9488,8.59536,17.971008,-0.491744,188.9505586562317
48.9,39.960482,-106.21644507,2486.2536,8.6868,18.10512,-0.22352,189.2298862437277
49.0,39.96046589,-106.21644873,2486.2536,8.6868,18.10512,-0.089408,189.7872036646561
49.1,39.96044975,-106.2164525,2486.2536,8.6868,18.194528,-0.089408,190.20397372173167
49.2,39.96043354,-106.2164565,2486.2536,8.80872,18.283936,-0.22352,190.4049044845144
49.3,39.96041737,-106.21646052,2486.2536,8.80872,18.32864,-0.312928,190.95406264339837
49.4,39.96040116,-106.21646481,2486.2536,8.80872,18.32864,-0.312928,191.3646040027644
49.5,39.96038424,-106.21646926,2486.2536,8.80872,18.77568,0.0,191.63764546567847
49.6,39.9603689,-106.21647354,2486.2536,8.80872,18.32864,0.0,191.91015201617867
49.7,39.96035281,-106.21647799,2486.2536,8.80872,17.8816,-0.089408,192.1821129326884
49.8,39.96033666,-106.21648271,2486.2536,8.80872,18.32864,0.0,192.58900813828623
49.9,39.96032063,-106.21648733,2486.2536,8.80872,18.32864,0.0,192.8595589942528
50.0,39.96030454,-106.21649223,2486.2536,8.80872,18.32864,0.0,193.1295278147588
50.1,39.96028847,-106.21649703,2486.2536,8.6868,18.373344,0.0,193.39890452768316
50.2,39.96027235,-106.21650213,2486.2536,8.6868,18.373344,0.0,193.6676792097342
50.3,39.96025628,-106.21650716,2486.2536,8.6868,18.418048,0.0,194.06969108789409
50.4,39.96024018,-106.21651251,2486.2536,8.6868,18.418048,0.0,194.4399651210027
50.5,39.96022254,-106.21651822,2486.2536,8.6868,19.356832,-0.089408,194.6035098777844
50.6,39.96020673,-106.21652359,2486.2536,8.80872,19.178016,-0.089408,194.6035098777844
50.7,39.96019075,-106.21652898,2486.2536,8.80872,18.239232,0.0,194.97598451475668
50.9,39.96015921,-106.21653998,2486.2536,8.80872,18.194528,-0.312928,195.26714804982896
51.1,39.96012721,-106.21655135,2486.2536,8.90016,18.283936,-1.1176,195.7950629444609
51.3,39.96009453,-106.21656331,2486.8632,9.2964,18.641568,-1.78816,196.05799800851847
51.4,39.96007822,-106.2165695,2486.8632,9.50976,18.865088,-2.01168,196.45109903128628
51.5,39.96006097,-106.2165759,2487.168,9.69264,19.401536,-2.279904,196.45109903128628
51.7,39.96002933,-106.21658796,2487.7776000000003,10.2108,18.865088,-2.414016,196.7122867512992
51.8,39.96001324,-106.21659421,2488.0824,10.48512,18.418048,-2.414016,196.7122867512992
51.9,39.95999682,-106.21660047,2488.0824,10.698480000000002,18.865088,-2.279904,196.7122867512992
52.0,39.95998043,-106.21660687,2488.3872,10.91184,18.9992,-2.01168,196.7122867512992
52.1,39.95996401,-106.2166131,2488.3872,11.00328,19.043904,-1.385824,196.8305659832106
52.2,39.95994778,-106.21661941,2488.3872,11.09472,18.909792,-0.804672,196.91032604951013
52.3,39.95993157,-106.21662553,2488.3872,11.09472,18.820384,-0.402336,196.91032604951013
52.4,39.95991542,-106.21663177,2488.3872,11.09472,18.730976,0.0,196.91032604951013
52.5,39.95989929,-106.21663777,2488.3872,11.00328,18.686272,0.22352,196.8305659832106
52.6,39.95988314,-106.21664394,2488.3872,10.91184,18.686272,0.491744,196.8305659832106
52.7,39.95986723,-106.21664986,2488.3872,10.78992,18.55216,0.581152,196.7122867512992
52.8,39.95985122,-106.21665596,2488.0824,10.698480000000002,18.462752,0.491744,196.7122867512992
52.9,39.95983479,-106.21666204,2488.0824,10.698480000000002,18.77568,0.312928,196.63432722176185
53.0,39.95981832,-106.21666824,2488.0824,10.698480000000002,19.043904,0.22352,196.63432722176185
53.1,39.95980133,-106.21667439,2488.0824,10.698480000000002,19.312128,0.0,196.3742206072573
53.2,39.95978457,-106.21668055,2488.0824,10.698480000000002,19.490944,-0.089408,196.2980379691648
53.3,39.95976837,-106.21668631,2488.3872,10.78992,18.9992,-0.312928,195.9082029301567
53.4,39.95975225,-106.21669212,2488.3872,10.78992,18.641568,-0.312928,195.98275864718408
53.5,39.9597358,-106.21669786,2488.3872,10.91184,18.77568,-0.402336,195.7209277858228
53.7,39.95970311,-106.21670936,2488.3872,11.00328,18.865088,-0.402336,195.45842159679503
53.8,39.95968694,-106.21671507,2488.3872,11.00328,18.77568,-0.312928,195.45842159679503
53.9,39.95967049,-106.2167208,2488.3872,11.09472,18.77568,-0.22352,195.45842159679503
54.0,39.95965407,-106.21672659,2488.3872,11.09472,18.909792,-0.089408,195.26714804982896
54.1,39.9596376,-106.21673228,2488.3872,11.00328,18.909792,0.0,195.26714804982896
54.2,39.95962123,-106.21673797,2488.3872,11.00328,18.909792,0.0,195.26714804982896
54.3,39.95960484,-106.21674355,2488.3872,11.00328,18.820384,0.0,194.8694566806485
54.4,39.9595885,-106.21674913,2488.3872,11.00328,18.820384,0.0,194.7992573798166
54.5,39.95957211,-106.21675458,2488.3872,10.91184,18.77568,0.089408,194.7992573798166
54.7,39.95953936,-106.21676536,2488.3872,10.91184,18.77568,0.0,194.2690166832525
54.8,39.959523,-106.2167707,2488.3872,10.91184,18.77568,0.0,194.2690166832525
54.9,39.95950659,-106.2167759,2488.3872,10.91184,18.77568,0.0,194.2690166832525
55.0,39.95949019,-106.21678112,2488.3872,10.91184,18.77568,0.0,193.93682925968756
55.1,39.95947372,-106.21678624,2488.3872,10.91184,18.820384,0.0,193.93682925968756
55.2,39.95945726,-106.21679139,2488.3872,10.91184,18.820384,-0.089408,193.93682925968756
55.3,39.95944106,-106.21679633,2488.3872,10.91184,18.641568,-0.089408,193.5383204917679
55.4,39.95942484,-106.2168013,2488.3872,10.91184,18.507456,-0.089408,193.5383204917679
55.5,39.95940824,-106.21680634,2488.3872,10.91184,18.730976,-0.089408,193.47453813535995
55.7,39.95937426,-106.21681666,2488.3872,10.91184,19.401536,0.0,193.2092832932237
55.8,39.95935719,-106.21682183,2488.3872,10.91184,19.44624,0.0,193.2092832932237
55.9,39.95934071,-106.21682678,2488.3872,10.91184,19.133312,0.0,193.2092832932237
56.0,39.95932431,-106.21683171,2488.3872,10.91184,18.77568,0.0,193.2092832932237
56.1,39.95930804,-106.21683661,2488.3872,10.91184,18.641568,0.0,193.2092832932237
56.2,39.95929167,-106.21684156,2488.3872,10.91184,18.641568,0.0,193.2092832932237
56.3,39.95927564,-106.21684643,2488.3872,10.91184,18.507456,0.0,193.2092832932237
56.4,39.95925949,-106.21685134,2488.3872,10.91184,18.373344,0.0,193.2092832932237
56.5,39.95924339,-106.21685628,2488.3872,10.91184,18.418048,0.0,192.94345072272347
56.7,39.95921084,-106.21686614,2488.3872,10.91184,18.596864,0.0,192.94345072272347
56.8,39.95919448,-106.21687105,2488.3872,10.78992,18.596864,0.0,192.94345072272347
56.9,39.95917834,-106.2168759,2488.3872,10.78992,18.55216,0.0,192.94345072272347
57.0,39.95916215,-106.21688074,2488.3872,10.78992,18.462752,0.0,192.94345072272347
57.1,39.95914561,-106.21688569,2488.3872,10.78992,18.686272,0.0,192.94345072272347
57.3,39.959112,-106.21689575,2488.3872,10.78992,19.088608,0.0,192.94345072272347
57.5,39.95907886,-106.21690574,2488.3872,10.78992,18.909792,0.0,192.94345072272347
57.7,39.95904585,-106.21691578,2488.3872,10.91184,18.865088,-0.089408,192.94345072272347
57.8,39.95902907,-106.21692088,2488.3872,10.91184,18.954496,-0.089408,192.94345072272347
57.9,39.95901225,-106.21692606,2488.3872,10.91184,19.178016,-0.089408,192.94345072272347
58.0,39.95899558,-106.21693115,2488.3872,10.91184,19.133312,-0.089408,192.94345072272347
58.1,39.95897901,-106.2169363,2488.3872,10.91184,18.9992,0.0,192.94345072272347
58.3,39.95894537,-106.21694666,2488.3872,10.91184,19.133312,0.0,193.00489774991007
58.4,39.95892841,-106.21695183,2488.3872,10.91184,19.267424,0.0,193.00489774991007
58.5,39.95891225,-106.21695683,2488.3872,10.91184,18.909792,0.0,193.00489774991007
58.6,39.95889605,-106.21696179,2488.3872,10.91184,18.507456,0.0,193.00489774991007
58.7,39.9588801,-106.21696675,2488.3872,10.91184,18.373344,0.0,193.00489774991007
58.8,39.95886391,-106.21697172,2488.3872,10.91184,18.373344,0.0,193.00489774991007
58.9,39.95884783,-106.21697668,2488.3872,10.91184,18.418048,0.0,193.00489774991007
59.0,39.95883158,-106.21698163,2488.3872,10.91184,18.462752,0.0,193.00489774991007
59.1,39.95881573,-106.21698653,2488.3872,10.91184,18.32864,0.0,193.00489774991007
59.2,39.95879971,-106.21699142,2488.3872,10.91184,18.194528,0.0,193.00489774991007
59.3,39.95878346,-106.21699644,2488.3872,10.91184,18.418048,0.0,192.73731755372845
59.4,39.9587671,-106.21700142,2488.3872,10.91184,18.641568,0.0,192.73731755372845
59.5,39.95875102,-106.21700637,2488.3872,10.91184,18.507456,0.0,192.73731755372845
59.7,39.95871859,-106.21701649,2488.3872,11.00328,18.55216,0.0,193.0669207839284
59.8,39.95870223,-106.21702169,2488.3872,11.00328,18.596864,0.0,193.3351063410459
59.9,39.95868586,-106.21702712,2488.3872,11.00328,18.77568,0.0,193.60269811408108
60.0,39.95866957,-106.2170325,2488.3872,10.91184,18.730976,0.0,193.6676792097342
60.1,39.95865326,-106.21703813,2488.3872,10.91184,18.730976,0.0,194.06969108789409
60.2,39.95863699,-106.21704369,2488.3872,10.91184,18.730976,0.0,194.33691826792457
60.3,39.95862078,-106.21704942,2488.3872,10.91184,18.686272,0.0,194.33691826792457
60.4,39.95860456,-106.21705509,2488.3872,10.91184,18.686272,0.0,194.6035098777844
60.5,39.95858841,-106.21706095,2488.3872,10.91184,18.641568,0.0,194.6035098777844
60.7,39.95855611,-106.21707276,2488.3872,10.91184,18.641568,0.0,194.8694566806485
60.8,39.95853996,-106.21707873,2488.3872,10.91184,18.641568,0.0,195.26714804982896
60.9,39.9585233,-106.21708512,2488.3872,10.91184,18.9992,0.0,195.64224645720876
61.0,39.95850678,-106.21709139,2488.3872,10.91184,19.22272,0.0,195.64224645720876
61.1,39.95849098,-106.21709751,2488.3872,10.91184,18.730976,0.0,195.90755193052584
61.2,39.95847516,-106.21710361,2488.3872,10.91184,18.32864,0.0,195.90755193052584
61.3,39.95845877,-106.2171101,2488.3872,11.00328,18.686272,0.0,196.1721590157825
61.4,39.95844377,-106.21711601,2488.3872,11.00328,18.239232,0.0,196.2491480161464
61.5,39.95842813,-106.21712226,2488.3872,11.00328,17.792192,0.0,196.2491480161464
61.6,39.95841237,-106.21712852,2488.3872,11.00328,18.239232,0.0,196.6464005510172
61.7,39.95839698,-106.21713469,2488.3872,11.00328,18.10512,0.0,196.72578848945523
61.8,39.95838067,-106.2171412,2488.3872,11.00328,18.418048,0.0,196.72578848945523
61.9,39.95836602,-106.21714708,2488.3872,10.91184,18.015712,0.0,196.72578848945523
62.0,39.95835044,-106.21715331,2488.3872,11.00328,17.568672,0.0,196.80591533162328
62.1,39.95833462,-106.21715969,2488.3872,11.00328,18.239232,0.0,196.80591533162328
62.2,39.95831879,-106.2171661,2488.3872,11.00328,18.418048,0.0,197.0720676557932
62.3,39.95830297,-106.21717257,2488.3872,11.00328,18.418048,0.0,197.42057988962875
62.4,39.95828727,-106.21717915,2488.3872,11.00328,18.373344,0.0,197.8141210207572
62.5,39.95827173,-106.21718597,2488.3872,11.00328,18.283936,0.0,198.5680913706724
62.6,39.95825629,-106.21719307,2488.3872,11.00328,18.194528,0.0,199.58780425902617
62.7,39.95824144,-106.21720068,2488.3872,11.00328,17.971008,0.0,200.88580146069305
62.8,39.95822667,-106.21720867,2488.3872,11.00328,17.747488,0.0,202.3801350519596
62.9,39.95821207,-106.21721759,2488.3872,11.00328,17.836896,0.0,203.9480020521276
63.0,39.95819757,-106.21722686,2488.3872,11.00328,17.926304000000002,0.0,205.92490150755444
63.1,39.95818398,-106.21723696,2488.3872,11.00328,17.658079999999998,0.089408,207.53607310815715
63.2,39.95817057,-106.21724737,2488.3872,11.00328,17.345152,0.089408,209.6907265120168
63.3,39.95815775,-106.21725887,2488.3872,10.91184,17.300448,0.089408,211.64611776155664
63.50000000000001,39.95813309,-106.21728332,2488.3872,10.91184,17.255744,0.0,215.93907327467787
63.6,39.95812131,-106.21729619,2488.3872,10.91184,17.076928000000002,0.0,218.02111214822665
63.7,39.95811064,-106.21730974,2488.3872,10.91184,16.808704,0.0,220.2363583092738
63.9,39.95809067,-106.21733713,2488.3872,11.00328,16.272256,0.0,224.2302373786572
64.0,39.95808123,-106.21735114,2488.3872,11.00328,16.048735999999998,0.0,225.77571750661104
64.1,39.95807267,-106.21736502,2488.3872,11.00328,15.556992,0.0,227.683775159469
64.3,39.95805593,-106.21739355,2488.3872,11.00328,15.333472,0.0,231.0915137088542
64.5,39.95804011,-106.21742299,2488.3872,11.00328,15.333472,0.0,234.2565596010429
64.6,39.95803246,-106.21743836,2488.3872,11.00328,15.42288,0.0,235.54961157081232
64.69999999999999,39.95802522,-106.21745342,2488.3872,11.00328,15.378176,0.0,237.20650685355852
64.8,39.95801817,-106.21746914,2488.3872,11.00328,15.333472,0.0,238.3713319698919
64.89999999999999,39.95801153,-106.21748425,2488.3872,11.00328,15.19936,0.0,240.0345200119894
65.0,39.95800508,-106.21750009,2488.3872,11.00328,15.065248,0.0,241.3379341516261
65.1,39.95799884,-106.21751565,2488.3872,11.00328,15.109951999999998,0.0,242.64022857589845
65.19999999999999,39.95799281,-106.21753199,2488.3872,11.00328,15.19936,0.0,243.8662765304597
65.3,39.95798698,-106.21754808,2488.3872,11.00328,15.333472,0.0,244.730361254731
65.39999999999999,39.95798138,-106.21756487,2488.3872,11.00328,15.378176,0.0,246.0863010614684
65.5,39.95797592,-106.21758158,2488.3872,11.00328,15.556992,0.0,246.92687449642384
65.6,39.95797072,-106.21759892,2488.3872,11.00328,15.691104,0.089408,248.2574157286187
65.69999999999999,39.95796562,-106.2176163,2488.3872,11.00328,15.86992,0.089408,249.07549825507883
65.8,39.9579608,-106.21763422,2488.3872,11.00328,16.004032,0.089408,250.3777438613492
65.89999999999999,39.95795616,-106.21765185,2488.3872,10.91184,16.048735999999998,0.0,251.17194736584207
66.0,39.95795176,-106.21766997,2488.3872,10.91184,16.048735999999998,0.0,252.1023360028775
66.1,39.95794722,-106.2176888,2488.3872,10.91184,16.495776,0.0,252.53607310815715
66.19999999999999,39.95794292,-106.21770798,2488.3872,10.91184,16.942816,-0.089408,253.446880875134
66.3,39.95793868,-106.2177271,2488.3872,11.00328,16.98752,-0.402336,254.24136983222763
66.39999999999999,39.9579345,-106.21774744,2488.3872,11.09472,17.43456,-0.804672,254.6923404776365
66.5,39.95793073,-106.21776585,2488.692,11.18616,17.076928000000002,-1.1176,255.316780247604
66.6,39.95792698,-106.21778554,2488.692,11.30808,16.764,-1.609344,255.96375653207352
66.69999999999999,39.95792323,-106.21780535,2488.9968000000003,11.49096,17.345152,-2.01168,256.3209575121723
66.8,39.9579197,-106.21782537,2489.3016,11.79576,17.43456,-2.279904,257.10452981468177
66.89999999999999,39.95791622,-106.21784543,2489.3016,12.00912,17.523968,-2.503424,257.3913932066338
67.0,39.95791289,-106.21786565,2489.6064,12.31392,17.568672,-2.68224,257.7724958545656
67.1,39.95790956,-106.21788547,2489.9112,12.58824,17.479264,-2.68224,257.7724958545656
67.19999999999999,39.95790633,-106.21790549,2490.2160000000003,12.89304,17.345152,-2.68224,258.11884238964103
67.3,39.95790294,-106.21792585,2490.5208,13.1064,17.613376,-2.592832,258.11884238964103
67.39999999999999,39.95789967,-106.21794641,2490.8256,13.4112,17.836896,-2.503424,258.1785116593927
67.5,39.95789621,-106.21796702,2491.1304,13.594080000000002,17.926304000000002,-2.414016,258.1785116593927
67.69999999999999,39.95788952,-106.21800811,2491.4352000000003,13.99032,17.926304000000002,-2.101088,258.3251311902491
67.8,39.95788627,-106.21802862,2491.74,14.20368,17.8816,-2.01168,258.7462949657443
67.89999999999999,39.95788278,-106.21804961,2491.74,14.38656,18.060416,-2.01168,258.801973203046
68.0,39.95787944,-106.21807069,2492.0448,14.59992,18.32864,-2.01168,258.801973203046
68.1,39.95787596,-106.21809188,2492.0448,14.69136,18.418048,-2.01168,258.85711014166066
68.19999999999999,39.95787263,-106.218113,2492.3496,14.90472,18.418048,-2.01168,258.85711014166066
68.3,39.95786915,-106.21813422,2492.6544000000004,15.0876,18.418048,-2.101088,258.9117135364392
68.39999999999999,39.95786581,-106.21815538,2492.9592,15.3924,18.462752,-2.279904,258.9117135364392
68.5,39.9578623,-106.2181766,2492.9592,15.605760000000002,18.462752,-2.414016,258.9117135364392
68.6,39.95785893,-106.21819774,2493.264,15.910560000000002,18.462752,-2.279904,258.9117135364392
68.69999999999999,39.95785535,-106.21821975,2493.5688,16.09344,18.77568,-2.279904,258.9117135364392
68.8,39.95785176,-106.21824255,2493.8736000000004,16.39824,19.490944,-2.101088,258.9117135364392
68.89999999999999,39.95784861,-106.2182619,2494.1784,16.6116,18.32864,-1.78816,258.4964079753938
69.0,39.95784532,-106.21828231,2494.1784,16.79448,17.300448,-1.385824,258.4964079753938
69.1,39.95784177,-106.21830292,2494.4832,16.88592,17.8816,-1.1176,258.1623947035554
69.19999999999999,39.95783821,-106.21832374,2494.4832,16.88592,18.10512,-0.804672,257.88548235142684
69.3,39.9578344,-106.21834446,2494.4832,17.00784,18.194528,-0.402336,257.6091433393191
69.39999999999999,39.95783061,-106.21836515,2494.4832,17.00784,18.149824,-0.089408,256.8567838908082
69.5,39.95782629,-106.21838678,2494.4832,16.88592,18.596864,0.089408,256.58129191893124
69.6,39.95782237,-106.21840635,2494.4832,16.88592,18.149824,0.22352,256.03221023846726
69.69999999999999,39.95781785,-106.21842696,2494.4832,16.88592,17.747488,0.22352,255.3495310865659
69.8,39.95781331,-106.21844752,2494.1784,16.79448,18.239232,0.22352,254.806423463944
69.89999999999999,39.95780835,-106.21846817,2494.1784,16.79448,18.32864,0.089408,254.05460409907715
70.0,39.95780342,-106.21848873,2494.1784,16.79448,18.418048,0.0,253.51554681046437
70.1,39.95779813,-106.21850936,2494.4832,16.88592,18.462752,0.0,253.113208876056
70.19999999999999,39.95779291,-106.21852984,2494.4832,16.88592,18.462752,-0.089408,252.45328667231772
70.3,39.95778751,-106.21855004,2494.4832,16.88592,18.32864,-0.22352,252.1858789792428
70.39999999999999,39.95778214,-106.21857016,2494.4832,17.00784,18.194528,-0.22352,251.78626930374287
70.5,39.95777656,-106.21859036,2494.4832,17.00784,18.239232,-0.22352,251.43190862932764
70.6,39.95777071,-106.21861154,2494.4832,17.09928,18.730976,-0.312928,251.1662470873412
70.69999999999999,39.95776519,-106.21863126,2494.4832,17.09928,18.55216,-0.22352,250.80944855145572
70.8,39.95775942,-106.21865176,2494.4832,17.09928,18.239232,-0.089408,250.41219574097383
70.89999999999999,39.95775355,-106.21867247,2494.4832,17.09928,18.730976,-0.089408,250.14844273027907
71.0,39.95774769,-106.21869286,2494.788,17.19072,18.686272,-0.089408,250.052936110909
71.1,39.95774179,-106.21871329,2494.4832,17.09928,18.596864,0.0,249.78900692371923
71.19999999999999,39.95773587,-106.21873344,2494.4832,17.09928,18.507456,0.0,249.37788876240535
71.39999999999999,39.95772364,-106.21877436,2494.4832,17.09928,18.730976,0.0,248.61794829144813
71.5,39.9577173,-106.21879486,2494.4832,17.09928,18.77568,0.0,248.355564859286
71.69999999999999,39.95770523,-106.21883275,2494.788,17.19072,17.479264,-0.22352,247.72724647066627
71.8,39.95769891,-106.21885229,2494.788,17.19072,17.702784,-0.312928,247.72724647066627
71.89999999999999,39.95769239,-106.21887224,2494.788,17.31264,18.283936,-0.491744,247.33686847191635
72.0,39.95768584,-106.21889212,2494.788,17.40408,18.462752,-0.715264,247.33686847191635
72.1,39.9576792,-106.21891213,2494.788,17.49552,18.507456,-0.715264,246.9680203303421
72.19999999999999,39.9576726,-106.21893193,2494.788,17.49552,18.507456,-0.581152,246.9680203303421
72.3,39.95766602,-106.21895178,2495.0928000000004,17.58696,18.418048,-0.402336,246.80140948635184
72.39999999999999,39.95765947,-106.21897143,2495.0928000000004,17.58696,18.32864,-0.22352,246.80140948635184
72.5,39.95765265,-106.21899208,2495.0928000000004,17.58696,18.730976,-0.089408,246.80140948635184
72.69999999999999,39.95764003,-106.21903019,2495.0928000000004,17.58696,18.194528,0.0,246.6890649646158
72.8,39.95763322,-106.21905061,2495.0928000000004,17.58696,18.10512,0.089408,246.6890649646158
72.89999999999999,39.95762709,-106.21906904,2495.0928000000004,17.58696,18.060416,0.089408,246.6890649646158
73.0,39.9576206,-106.21908841,2494.788,17.49552,17.568672,0.089408,246.6890649646158
73.1,39.95761425,-106.2191074,2494.788,17.49552,17.836896,0.0,246.42766541030147
73.3,39.95760142,-106.21914537,2494.788,17.49552,17.658079999999998,0.0,246.31331832265604
73.5,39.95758842,-106.21918305,2495.0928000000004,17.58696,17.658079999999998,0.0,246.0519979478724
73.69999999999999,39.95757542,-106.21922021,2495.0928000000004,17.58696,17.43456,-0.089408,245.93563903305244
73.89999999999999,39.95756179,-106.21925886,2495.0928000000004,17.70888,17.747488,0.0,245.54421946546591
74.1,39.95754791,-106.21929798,2495.0928000000004,17.70888,18.239232,0.0,245.365536264089
74.19999999999999,39.95754115,-106.21931694,2495.0928000000004,17.58696,18.194528,0.0,245.365536264089
74.3,39.95753436,-106.21933579,2495.0928000000004,17.58696,17.792192,0.0,245.24504821803976
74.39999999999999,39.95752757,-106.21935464,2495.0928000000004,17.58696,17.747488,0.0,244.9831065219
74.5,39.95752077,-106.21937339,2495.0928000000004,17.58696,17.702784,0.0,244.9831065219
74.69999999999999,39.95750718,-106.21941085,2495.0928000000004,17.58696,17.658079999999998,0.0,244.8605676141446
74.8,39.9575004,-106.21942958,2495.0928000000004,17.58696,17.658079999999998,-0.089408,244.8605676141446
74.89999999999999,39.95749387,-106.21944761,2495.0928000000004,17.58696,17.345152,-0.402336,244.9831065219
75.0,39.95748729,-106.2194658,2495.0928000000004,17.70888,17.076928000000002,-0.89408,244.9831065219
75.1,39.95748067,-106.21948425,2495.0928000000004,17.80032,17.255744,-1.385824,244.9831065219
75.19999999999999,39.95747398,-106.21950298,2495.3976,18.01368,17.479264,-1.78816,244.8605676141446
75.3,39.95746738,-106.21952184,2495.7024,18.19656,17.613376,-2.190496,245.1234510777429
75.39999999999999,39.95746082,-106.21954068,2496.0072,18.50136,17.658079999999998,-2.592832,245.51988125667305
75.5,39.95745442,-106.21955965,2496.3120000000004,18.8976,17.658079999999998,-2.68224,245.7855653519221
75.69999999999999,39.95744177,-106.21959793,2496.9216,19.38528,17.747488,-2.414016,246.32026712234332
75.8,39.95743553,-106.21961721,2497.2264,19.69008,17.792192,-2.503424,246.8398372334491
75.89999999999999,39.95742964,-106.21963634,2497.2264,19.90344,17.702784,-2.816352,247.65935204000584
76.0,39.95742383,-106.21965551,2497.5312,20.20824,17.568672,-2.995168,248.03727011540343
76.1,39.95741825,-106.21967506,2497.836,20.51304,17.702784,-3.308096,248.71183459325988
76.19999999999999,39.95741268,-106.21969468,2498.1408,20.787360000000003,17.792192,-3.710432,249.35892103531955
76.3,39.95740753,-106.21971408,2498.7504,21.21408,17.658079999999998,-4.202176,249.63136225202635
76.39999999999999,39.9574024,-106.21973347,2499.0552,21.701760000000004,17.479264,-4.604512000000001,250.31667245355897
76.5,39.95739742,-106.21975352,2499.6648,22.18944,17.702784,-4.783328,250.31667245355897
76.6,39.95739234,-106.21977352,2500.2744,22.707600000000003,17.971008,-5.006848,250.59245958462407
76.69999999999999,39.95738756,-106.21979275,2500.5792,23.19528,17.613376,-5.096256,250.8691852375692
76.8,39.95738271,-106.21981195,2501.1888,23.71344,17.21104,-5.006848,250.8691852375692
76.89999999999999,39.95737781,-106.21983124,2501.4936,24.201120000000003,17.255744,-5.006848,250.8691852375692
77.0,39.95737279,-106.21985075,2502.1032,24.6888,17.43456,-4.91744,250.8691852375692
77.1,39.95736784,-106.21986976,2502.7128,25.20696,17.345152,-4.783328,250.8691852375692
77.19999999999999,39.95736261,-106.21988984,2503.0176,25.6032,17.613376,-4.380992,250.8691852375692
77.3,39.95735784,-106.21990778,2503.3224,25.99944,17.121631999999998,-3.889248,250.77256449115143
77.39999999999999,39.9573528,-106.21992688,2503.932,26.39568,16.719296,-3.397504,250.77256449115143
77.5,39.95734779,-106.21994553,2504.2368,26.70048,17.032224,-3.084576,250.77256449115143
77.6,39.95734279,-106.21996442,2504.2368,26.91384,16.942816,-2.816352,250.8691852375692
77.69999999999999,39.95733766,-106.21998354,2504.5416,27.096720000000005,17.166335999999998,-2.68224,250.8691852375692
77.8,39.95733254,-106.22000297,2504.8464,27.40152,17.389855999999998,-2.68224,250.9648756006096
77.89999999999999,39.95732749,-106.22002216,2505.1512,27.61488,17.389855999999998,-2.592832,251.379928139485
78.0,39.95732249,-106.22004137,2505.456,27.8892,17.300448,-2.190496,251.379928139485
78.1,39.95731719,-106.22006166,2505.456,28.102560000000004,17.792192,-1.6987519999999998,251.28601549589644
78.19999999999999,39.95731196,-106.22008173,2505.7608,28.28544,18.149824,-1.207008,251.28601549589644
78.3,39.95730668,-106.22010186,2505.7608,28.40736,18.10512,-0.804672,251.28601549589644
78.39999999999999,39.95730152,-106.22012164,2505.7608,28.40736,17.971008,-0.312928,251.28601549589644
78.5,39.95729636,-106.22014123,2505.7608,28.40736,17.747488,0.0,251.28601549589644
78.6,39.95729125,-106.22016079,2505.7608,28.40736,17.613376,0.0,251.379928139485
78.69999999999999,39.95728619,-106.22018023,2505.7608,28.40736,17.568672,0.089408,251.379928139485
78.8,39.95728087,-106.22020076,2505.7608,28.28544,17.971008,0.22352,251.51910429076597
78.89999999999999,39.957276,-106.22021962,2505.7608,28.28544,17.702784,0.089408,251.61077804647024
79.0,39.95727085,-106.2202395,2505.7608,28.40736,17.43456,0.0,251.61077804647024
79.1,39.95726558,-106.22025964,2505.7608,28.40736,18.015712,0.0,251.61077804647024
79.3,39.95725525,-106.22029882,2506.0656,28.498800000000003,17.836896,-0.22352,251.20011484134733
79.39999999999999,39.95725014,-106.22031808,2506.0656,28.59024,17.345152,-0.312928,251.20011484134733
79.5,39.95724509,-106.22033713,2506.0656,28.59024,17.255744,-0.312928,251.20011484134733
79.69999999999999,39.95723486,-106.22037576,2506.0656,28.71216,17.345152,-0.22352,250.92744561214465
79.89999999999999,39.9572246,-106.22041466,2506.3704,28.803600000000003,17.523968,-0.089408,250.92744561214465
80.1,39.95721399,-106.22045483,2506.3704,28.803600000000003,17.836896,0.0,251.02112024428652
80.19999999999999,39.95720904,-106.22047356,2506.3704,28.803600000000003,17.702784,0.0,251.02112024428652
80.3,39.95720388,-106.22049332,2506.3704,28.803600000000003,17.345152,0.089408,251.02112024428652
80.39999999999999,39.95719867,-106.22051311,2506.3704,28.803600000000003,17.836896,0.089408,251.02112024428652
80.5,39.95719346,-106.22053298,2506.0656,28.71216,17.8816,0.22352,251.02112024428652
80.69999999999999,39.95718295,-106.2205728,2506.0656,28.71216,17.926304000000002,0.089408,251.1139126302907
80.89999999999999,39.95717246,-106.22061239,2506.0656,28.71216,17.836896,0.089408,250.84438755456037
81.1,39.9571619,-106.22065214,2506.0656,28.71216,17.8816,0.0,250.84438755456037
81.19999999999999,39.95715657,-106.22067225,2506.0656,28.71216,18.015712,0.0,250.84438755456037
81.3,39.95715122,-106.22069245,2506.0656,28.71216,18.194528,0.089408,250.84438755456037
81.39999999999999,39.95714588,-106.22071258,2506.0656,28.71216,18.194528,0.089408,250.98361513874391
81.69999999999999,39.9571298,-106.22077341,2506.0656,28.71216,18.239232,0.0,250.98361513874391
81.8,39.95712433,-106.22079383,2506.0656,28.71216,18.32864,0.089408,250.71661763045708
81.89999999999999,39.95711895,-106.22081395,2506.0656,28.71216,18.283936,0.0,250.71661763045708
82.1,39.95710821,-106.22085403,2506.0656,28.59024,18.10512,0.089408,250.80944855145572
82.3,39.95709759,-106.22089384,2506.0656,28.59024,18.015712,0.089408,250.80944855145572
82.39999999999999,39.9570923,-106.22091373,2506.0656,28.59024,17.971008,0.0,250.80944855145572
82.5,39.95708693,-106.22093397,2506.0656,28.59024,18.10512,0.0,250.80944855145572
82.69999999999999,39.95707626,-106.22097433,2506.0656,28.59024,18.194528,0.089408,250.80944855145572
82.8,39.95707096,-106.22099434,2506.0656,28.59024,18.149824,0.089408,250.80944855145572
82.89999999999999,39.95706566,-106.22101432,2506.0656,28.498800000000003,18.015712,0.089408,250.80944855145572
83.0,39.95706032,-106.22103438,2506.0656,28.498800000000003,18.060416,0.089408,250.80944855145572
83.1,39.95705487,-106.22105478,2506.0656,28.498800000000003,18.239232,0.089408,250.71661763045708
83.19999999999999,39.95704942,-106.22107513,2506.0656,28.498800000000003,18.373344,0.089408,250.71661763045708
83.3,39.95704399,-106.22109546,2506.0656,28.498800000000003,18.373344,0.089408,250.71661763045708
83.39999999999999,39.95703859,-106.22111568,2506.0656,28.498800000000003,18.283936,0.089408,250.71661763045708
83.5,39.95703325,-106.22113545,2506.0656,28.498800000000003,18.060416,0.089408,250.98361513874391
83.6,39.95702792,-106.22115526,2506.0656,28.498800000000003,17.8816,0.089408,250.98361513874391
83.69999999999999,39.95702259,-106.22117496,2506.0656,28.498800000000003,17.836896,0.0,250.98361513874391
83.8,39.95701723,-106.22119481,2505.7608,28.40736,17.8816,0.0,250.98361513874391
83.89999999999999,39.9570118,-106.221215,2505.7608,28.40736,18.10512,0.0,250.71661763045708
84.0,39.95700636,-106.2212352,2505.7608,28.40736,18.239232,0.0,250.71661763045708
84.1,39.9570009,-106.22125544,2505.7608,28.40736,18.283936,0.0,250.71661763045708
84.19999999999999,39.95699545,-106.2212756,2505.7608,28.40736,18.239232,-0.22352,250.71661763045708
84.3,39.95698987,-106.22129615,2506.0656,28.498800000000003,18.373344,-0.804672,250.71661763045708
84.39999999999999,39.95698431,-106.22131658,2506.0656,28.59024,18.507456,-1.519936,250.71661763045708
84.5,39.95697889,-106.22133659,2506.3704,28.803600000000003,18.283936,-2.190496,250.71661763045708
84.6,39.95697351,-106.22135652,2506.6752,29.108400000000003,18.060416,-2.995168,250.84438755456037
84.69999999999999,39.95696818,-106.22137627,2506.98,29.50464,17.926304000000002,-3.79984,250.75047412731828
84.8,39.95696286,-106.22139603,2507.5896,29.992320000000003,17.836896,-4.380992,250.92744561214465
84.89999999999999,39.95695769,-106.22141559,2507.8944,30.601920000000003,17.747488,-5.006848,250.92744561214465
85.0,39.95695257,-106.22143522,2508.504,31.0896,17.658079999999998,-5.409184,251.10669471907755
85.1,39.95694761,-106.22145506,2509.1136,31.6992,17.747488,-5.588,251.7951534721752
85.19999999999999,39.95694273,-106.22147492,2509.7232,32.308800000000005,17.792192,-5.498592,252.34987578006985
85.3,39.95693823,-106.22149433,2510.3328,32.79648,17.523968,-5.498592,252.76817824260297
85.39999999999999,39.95693381,-106.22151389,2510.9424,33.40608,17.345152,-5.409184,253.41266144307255
85.5,39.95692976,-106.22153338,2511.2472,33.80232,17.300448,-5.096256,254.11500019003816
85.6,39.95692557,-106.22155408,2511.8568,34.29,17.747488,-4.783328,254.9643053766653
85.69999999999999,39.95692217,-106.22157282,2512.1616,34.68624,17.345152,-4.604512000000001,256.03510864900267
85.8,39.95691871,-106.22159278,2512.4664,35.11296,16.942816,-4.515104,257.10452981468177
85.89999999999999,39.95691581,-106.22161278,2513.076,35.5092,17.389855999999998,-4.202176,258.0585764896172
86.0,39.95691302,-106.22163286,2513.3808,35.90544,17.389855999999998,-3.486912,258.98031721896547
86.1,39.95691073,-106.22165287,2513.6856,36.21024,17.300448,-2.90576,260.0006218768476
86.19999999999999,39.95690845,-106.22167285,2513.6856,36.39312,17.21104,-2.190496,260.5376777919744
86.3,39.95690659,-106.22169257,2513.9904,36.60648,17.076928000000002,-1.385824,261.2309377468524
86.39999999999999,39.95690473,-106.22171229,2513.9904,36.60648,16.942816,-0.715264,262.27563809065003
86.5,39.95690299,-106.22173255,2513.9904,36.69792,17.166335999999998,-0.312928,263.17525357560896
86.6,39.95690163,-106.22175106,2513.9904,36.69792,16.629888,0.0,264.53090502988806
86.69999999999999,39.9569006,-106.22176971,2513.9904,36.69792,15.914624,0.089408,265.89272539474285
86.8,39.95689995,-106.22178867,2513.9904,36.60648,16.048735999999998,0.312928,267.550337379873
86.89999999999999,39.95689992,-106.22180797,2513.9904,36.60648,16.316959999999998,0.22352,269.6936083777293
87.0,39.95690029,-106.22182751,2513.9904,36.60648,16.54048,0.089408,271.0809241866607
87.1,39.9569014,-106.22184592,2513.9904,36.60648,16.182848,0.0,273.1024266821707
87.19999999999999,39.95690287,-106.22186441,2513.9904,36.69792,15.780511999999998,-0.089408,274.828236679721
87.3,39.95690503,-106.22188262,2513.9904,36.69792,15.780511999999998,-0.22352,276.7741108924289
87.39999999999999,39.95690745,-106.22190106,2514.2952,36.78936,15.825216,-0.491744,278.5777165250165
87.5,39.95691043,-106.22191884,2514.2952,36.91128,15.735808,-0.581152,280.43334413910475
87.6,39.95691369,-106.22193667,2514.6,37.09416,15.556992,-0.715264,282.03836361144977
87.69999999999999,39.95691733,-106.2219537,2514.6,37.1856,15.333472,-0.804672,283.6413787372914
87.8,39.95692129,-106.22197085,2514.6,37.30752,15.154656,-0.89408,285.3128183608063
87.89999999999999,39.95692548,-106.22198717,2514.9048000000003,37.39896,14.97584,-0.804672,286.96883212874843
88.0,39.95693001,-106.22200368,2514.9048000000003,37.4904,14.797024,-0.581152,288.2756467880523
88.19999999999999,39.95693932,-106.22203424,2514.9048000000003,37.61232,14.30528,-0.402336,291.0131298441219
88.3,39.95694426,-106.22204955,2514.9048000000003,37.61232,14.037056,-0.22352,292.37086838868714
88.39999999999999,39.95694973,-106.22206523,2514.9048000000003,37.61232,14.394688,-0.089408,293.5804069908608
88.5,39.95695514,-106.2220805,2514.9048000000003,37.61232,14.484096,0.0,295.02727879238057
88.69999999999999,39.95696694,-106.22211056,2514.9048000000003,37.61232,14.349984,0.0,297.726293085392
88.8,39.95697336,-106.22212535,2514.9048000000003,37.61232,14.439391999999998,0.089408,299.1218921239416
88.89999999999999,39.95697981,-106.22213977,2514.9048000000003,37.61232,14.349984,0.0,300.9043826885461
89.0,39.9569868,-106.22215412,2514.9048000000003,37.61232,14.349984,0.0,302.0053832080835
89.1,39.95699374,-106.22216807,2514.9048000000003,37.61232,14.349984,0.0,303.35218563270337
89.19999999999999,39.95700117,-106.22218195,2515.2096,37.70376,14.30528,0.0,304.4636344199856
89.39999999999999,39.95701649,-106.22220901,2515.2096,37.70376,14.349984,-0.089408,306.73074605662066
89.5,39.95702468,-106.22222279,2515.2096,37.7952,14.841728000000002,-0.089408,308.11827636936306
89.6,39.95703325,-106.22223635,2515.2096,37.7952,14.931136,0.0,309.20365314064514
89.8,39.95705065,-106.22226246,2515.2096,37.7952,14.841728000000002,0.0,311.44658088021856
89.89999999999999,39.95705872,-106.22227404,2515.2096,37.7952,14.260576,0.0,312.32002605989203
90.0,39.9570677,-106.22228632,2515.2096,37.7952,14.439391999999998,0.0,313.05851360908565
90.2,39.95708633,-106.22231088,2515.2096,37.7952,14.618208,-0.089408,315.2448522680443
90.3,39.9570957,-106.22232266,2515.2096,37.88664,14.662912,-0.402336,316.12821743181195
90.5,39.95711344,-106.22234434,2515.5144,38.00856,13.813536,-0.402336,316.48962544554286
90.7,39.9571294,-106.22236428,2515.5144,38.1,12.2936,0.089408,316.7357045889284
90.8,39.95713706,-106.22237383,2515.5144,38.19144,12.114784,0.089408,316.3531919537797
90.9,39.9571438,-106.22238315,2515.5144,38.19144,11.354816,0.22352,316.404792050035
91.0,39.95715069,-106.22239216,2515.5144,38.1,10.907775999999998,0.312928,316.14249942304434
91.1,39.9571566,-106.22240095,2515.5144,38.1,10.416032,0.312928,316.01697803071914
91.3,39.95716794,-106.22241761,2515.5144,38.1,9.656064,0.312928,315.55267526494816
91.4,39.95717336,-106.22242542,2515.5144,38.1,9.343136,0.312928,315.0
91.5,39.95717829,-106.22243356,2515.5144,38.1,8.896096,0.22352,314.59075139196506
91.6,39.95718283,-106.22244039,2515.5144,38.1,8.27024,0.22352,314.56921278299137
91.7,39.95718693,-106.22244761,2515.5144,38.19144,7.689088,0.089408,313.85880074441286
91.8,39.95719107,-106.22245422,2515.5144,38.19144,7.465567999999999,0.089408,313.3223605338465
91.9,39.9571947,-106.22246085,2515.5144,38.19144,7.1079360000000005,0.089408,313.4792303388562
92.0,39.95719832,-106.22246685,2515.5144,38.19144,6.750304,0.089408,312.5575846893429
92.1,39.95720155,-106.22247301,2515.5144,38.19144,6.437376,0.089408,312.3842451245781
92.2,39.95720468,-106.22247845,2515.5144,38.19144,6.079744,0.22352,312.1844433157888
92.3,39.95720736,-106.2224838,2515.5144,38.19144,5.632704,0.22352,310.9143832200251
92.4,39.95720986,-106.22248846,2515.5144,38.19144,5.14096,0.22352,310.9406536352008
92.5,39.957212,-106.22249304,2515.5144,38.19144,4.738624,0.312928,309.65694424142487
92.6,39.95721396,-106.22249696,2515.5144,38.19144,4.291583999999999,0.22352,309.06258390051846
92.7,39.95721556,-106.22250086,2515.5144,38.19144,3.844544,0.22352,307.8749836510982
92.8,39.95721695,-106.22250409,2515.5144,38.19144,3.442208,0.312928,305.5376777919744
92.9,39.95721797,-106.22250727,2515.5144,38.19144,2.995168,0.312928,304.7559125535413
93.0,39.95721878,-106.22250977,2515.5144,38.19144,2.592832,0.312928,302.1249984403875
93.1,39.95721925,-106.22251198,2515.5144,38.1,2.101088,0.312928,299.05460409907715
93.2,39.95721952,-106.2225136,2515.5144,38.1,1.78816,0.312928,294.14554196042167
93.3,39.95721957,-106.22251517,2515.5144,38.1,1.34112,0.312928,294.22774531795415
93.4,39.95721945,-106.22251613,2515.5144,38.1,1.162304,0.312928,277.1250163489018
93.5,39.95721916,-106.2225171,2515.5144,38.00856,0.804672,0.22352,270.0
93.6,39.95721876,-106.22251763,2515.5144,38.00856,0.804672,0.089408,257.4711922908485
93.7,39.95721835,-106.22251839,2515.5144,38.00856,0.67056,0.089408,254.05460409907715
93.8,39.9572179,-106.22251879,2515.5144,38.1,0.67056,0.0,248.19859051364816
93.9,39.95721767,-106.22251946,2515.5144,38.1,0.67056,0.0,248.19859051364816
94.0,39.95721739,-106.22251976,2515.5144,38.1,0.67056,0.0,225.0
94.1,39.95721747,-106.22252039,2515.5144,38.1,0.67056,0.0,270.0
94.2,39.95721745,-106.22252066,2515.5144,38.1,0.0,0.089408,0.0
94.3,39.95721779,-106.22252124,2515.5144,38.1,0.67056,0.089408,0.0
94.4,39.95721791,-106.22252143,2515.5144,38.00856,0.491744,0.089408,0.0
94.5,39.95721828,-106.22252186,2515.5144,38.00856,0.491744,0.089408,0.0
94.6,39.95721847,-106.22252195,2515.5144,38.00856,0.0,0.22352,0.0
94.7,39.95721898,-106.22252234,2515.5144,38.00856,0.0,0.22352,0.0
94.8,39.95721946,-106.22252254,2515.2096,37.88664,0.491744,0.22352,347.4711922908485
94.9,39.95722061,-106.22252333,2515.2096,37.88664,0.938784,0.22352,338.74949449286675
95.0,39.95722194,-106.22252422,2515.2096,37.88664,1.519936,0.22352,335.85445803957833
95.1,39.95722393,-106.2225257,2515.2096,37.88664,2.101088,0.089408,332.24145939894
95.2,39.95722601,-106.22252726,2515.2096,37.88664,2.68224,0.22352,330.1240073083106
95.3,39.95722892,-106.22252944,2515.2096,37.88664,3.173984,0.089408,327.80426606528675
95.4,39.95723188,-106.22253173,2515.2096,37.88664,3.79984,0.089408,328.90268711422056
95.5,39.95723588,-106.22253469,2515.2096,37.7952,4.4704,0.089408,327.9946167919165
95.6,39.95723948,-106.22253745,2515.2096,37.7952,4.872736,0.089408,328.8286509722802
95.7,39.95724401,-106.22254069,2515.2096,37.7952,5.185664,0.089408,328.17255342332686
95.9,39.95725359,-106.22254763,2515.2096,37.7952,6.079744,0.089408,328.5479389880005
96.0,39.95725862,-106.2225514,2515.2096,37.7952,6.213856,0.089408,328.6547858582843
96.2,39.95726939,-106.22255917,2515.2096,37.7952,6.7056,0.0,328.288654134762
96.3,39.95727527,-106.2225632,2515.2096,37.7952,7.018528,0.0,328.07391885825035
96.4,39.95728123,-106.22256762,2515.2096,37.7952,7.510272,0.0,328.79086689736096
96.5,39.95728744,-106.22257186,2515.2096,37.7952,7.733792,0.0,328.6840197522475
96.7,39.95730044,-106.22258097,2515.2096,37.7952,8.04672,0.0,328.6005425166587
96.8,39.95730726,-106.22258593,2515.2096,37.7952,8.359648,0.089408,329.1935050478881
96.9,39.95731422,-106.22259069,2515.2096,37.7952,8.71728,0.089408,328.6822581602569
97.0,39.95732133,-106.22259588,2515.2096,37.7952,8.896096,0.0,329.0852560988396
97.1,39.95732886,-106.22260106,2515.2096,37.7952,9.253728,0.0,329.3227199782036
97.2,39.95733656,-106.22260671,2515.2096,37.7952,9.656064,0.089408,329.41010947985575
97.3,39.95734443,-106.22261226,2515.2096,37.7952,9.879584,0.089408,329.2158534736736
97.5,39.95736084,-106.22262427,2515.2096,37.7952,10.460736,0.0,328.86546668748065
97.7,39.95737699,-106.22263627,2515.2096,37.7952,10.416032,0.0,328.7507864301093
97.8,39.95738556,-106.2226428,2515.2096,37.7952,10.550144,0.0,328.6366977860499
97.9,39.95739426,-106.2226493,2515.2096,37.7952,11.086592,0.0,328.8406954916556
98.0,39.95740319,-106.22265614,2515.2096,37.7952,11.310112,0.0,328.92096036492075
98.1,39.9574124,-106.22266304,2515.2096,37.7952,11.667744,0.0,329.11153354221625
98.2,39.95742179,-106.22267025,2515.2096,37.7952,11.935968,0.0,328.9993022870278
98.3,39.957431,-106.2226772,2515.2096,37.7952,11.980672,0.0,329.1811123868028
98.4,39.95744042,-106.22268442,2515.2096,37.7952,11.980672,0.0,329.2500326978036
98.5,39.95745028,-106.22269182,2515.2096,37.7952,12.383008,0.0,329.1068047370731
98.7,39.95747063,-106.22270714,2515.2096,37.70376,12.919455999999998,0.0,329.17233770013195
98.8,39.95748098,-106.22271497,2515.2096,37.70376,13.142976,0.0,329.3369182679246
98.9,39.95749128,-106.22272261,2515.2096,37.70376,13.232384,0.0,329.2017420819232
99.0,39.95750176,-106.22273048,2515.2096,37.70376,13.321792,0.0,329.6887867733184
99.1,39.95751252,-106.22273845,2515.2096,37.70376,13.590016,0.0,329.74356283647074
99.3,39.9575348,-106.22275502,2515.2096,37.70376,14.08176,0.0,329.59917515251203
99.4,39.95754621,-106.22276351,2515.2096,37.70376,14.394688,0.0,329.96427968070725
99.5,39.95755753,-106.22277187,2515.2096,37.70376,14.5288,0.0,330.10109816138544
99.6,39.95756899,-106.22278041,2515.2096,37.70376,14.573504,0.0,329.9714785473
99.7,39.95758076,-106.2227891,2515.2096,37.70376,14.841728000000002,0.0,329.8682813584982
99.8,39.95759266,-106.22279796,2515.2096,37.7952,15.154656,0.0,329.8299259184788
99.9,39.95760488,-106.22280696,2515.2096,37.7952,15.42288,0.0,330.1709530940957
100.0,39.95761713,-106.22281605,2515.2096,37.7952,15.6464,0.0,330.0463918321985
100.1,39.95762899,-106.22282482,2515.2096,37.7952,15.42288,0.0,330.00726539900563
100.2,39.95764102,-106.22283378,2515.2096,37.7952,15.288768,0.0,330.3369113377359
100.3,39.95765323,-106.2228428,2515.2096,37.70376,15.512288000000002,0.0,330.07277772896185
100.4,39.95766569,-106.22285206,2515.2096,37.70376,15.780511999999998,0.0,330.0345200119894
100.5,39.95767792,-106.22286111,2515.2096,37.70376,15.780511999999998,0.0,330.3544180482013
100.7,39.95770311,-106.22287966,2515.2096,37.70376,16.09344,0.0,330.6681604217525
100.8,39.95771605,-106.22288902,2515.2096,37.70376,16.182848,0.0,331.326853510565
100.9,39.95772913,-106.22289808,2515.2096,37.70376,16.451072,0.0,332.168172435182
101.0,39.95774233,-106.22290691,2515.2096,37.70376,16.451072,-0.089408,333.50507826098874
101.1,39.95775569,-106.22291494,2515.2096,37.7952,16.406368,0.0,334.48935332644385
101.2,39.95776919,-106.2229227,2515.2096,37.7952,16.361664,-0.089408,336.4699842341595
101.3,39.95778284,-106.22292935,2515.2096,37.7952,16.272256,-0.089408,337.93603531702274
101.4,39.95779664,-106.22293583,2515.2096,37.7952,16.227552,0.0,339.37012005387385
101.5,39.95781016,-106.22294105,2515.2096,37.7952,16.004032,0.0,340.8144943807137
101.7,39.95783752,-106.22295041,2515.2096,37.7952,15.735808,0.0,344.22921926746324
101.8,39.95785143,-106.22295462,2515.2096,37.7952,15.780511999999998,0.0,345.53963670484603
101.9,39.95786551,-106.22295801,2515.2096,37.7952,15.86992,-0.22352,347.0053832080835
102.0,39.95787985,-106.22296127,2515.2096,37.7952,16.048735999999998,-0.581152,349.0309253623129
102.1,39.95789387,-106.22296354,2515.2096,37.88664,15.914624,-1.207008,351.10957674263614
102.2,39.95790813,-106.22296553,2515.5144,38.1,15.825216,-1.6987519999999998,352.56178811251783
102.3,39.95792295,-106.22296687,2515.8192,38.31336,16.227552,-1.78816,353.94101227602164
102.4,39.9579365,-106.22296806,2516.1240000000003,38.58768,15.825216,-1.609344,354.2256740973367
102.5,39.95795112,-106.22296913,2516.1240000000003,38.7096,15.691104,-1.207008,354.49839727505235
102.7,39.95797933,-106.22297144,2516.4288,38.89248,15.914624,-0.715264,355.92598390411706
102.8,39.95799317,-106.22297241,2516.4288,38.89248,15.601696,-0.715264,356.43377070064975
102.9,39.95800659,-106.22297369,2516.4288,39.0144,15.19936,-0.983488,357.40480040084094
103.0,39.95802048,-106.22297445,2516.4288,39.0144,15.19936,-1.296416,358.2301878841377
103.1,39.9580345,-106.22297537,2516.7336,39.19728,15.512288000000002,-1.6987519999999998,359.1953369022206
103.2,39.95804874,-106.22297566,2516.7336,39.288720000000005,15.735808,-1.519936,359.6753814931886
103.4,39.95807699,-106.22297588,2517.0384,39.68496,15.735808,-0.89408,0.3264681449914519
103.5,39.95809063,-106.22297587,2517.0384,39.68496,15.19936,-0.581152,0.8208002858949044
103.7,39.95811787,-106.22297483,2517.3432000000003,39.80688,15.154656,-0.89408,2.894512692357523
103.8,39.95813162,-106.22297371,2517.3432000000003,39.898320000000005,15.333472,-0.715264,3.5662292993502547
103.9,39.95814549,-106.22297247,2517.3432000000003,39.898320000000005,15.378176,-0.402336,4.3987053549955135
104.0,39.95815954,-106.22297085,2517.3432000000003,39.98976,15.556992,-0.312928,4.723111789790266
104.2,39.95818815,-106.22296712,2517.3432000000003,39.98976,15.86992,0.0,5.856013585428968
104.3,39.95820214,-106.2229652,2517.3432000000003,39.98976,15.86992,0.0,6.178896577497142
104.4,39.95821614,-106.22296305,2517.3432000000003,39.98976,15.6464,0.089408,6.501386073861852
104.5,39.95823004,-106.22296096,2517.3432000000003,39.898320000000005,15.601696,0.0,6.945155755325459
104.7,39.9582583,-106.22295612,2517.3432000000003,39.98976,15.735808,-0.402336,7.793731779245832
104.8,39.95827264,-106.22295335,2517.3432000000003,39.98976,15.914624,-0.715264,8.530765609948162
104.9,39.95828682,-106.22295055,2517.648,40.11168,16.048735999999998,-0.983488,8.841814560191665
105.0,39.95830112,-106.22294745,2517.648,40.29456,16.048735999999998,-1.385824,9.410981917543095
105.1,39.95831605,-106.22294409,2517.9528,40.507920000000006,16.495776,-1.6987519999999998,9.87248632980078
105.3,39.95834562,-106.22293677,2518.2576,40.90416,16.764,-1.609344,10.542761137434354
105.4,39.95836007,-106.22293302,2518.5624000000003,41.08704000000001,16.629888,-1.296416,10.65851962801247
105.5,39.95837438,-106.22292921,2518.5624000000003,41.20896,16.316959999999998,-0.89408,10.969074637687072
105.6,39.95838867,-106.22292534,2518.8672,41.3004,16.227552,-0.581152,11.060006994765672
105.7,39.95840267,-106.2229216,2518.5624000000003,41.20896,16.048735999999998,-0.089408,11.592175410291077
105.8,39.95841672,-106.22291777,2518.5624000000003,41.20896,15.914624,0.089408,11.592175410291077
105.9,39.95843032,-106.22291416,2518.5624000000003,41.08704000000001,15.691104,0.312928,11.592175410291077
106.1,39.95845801,-106.22290667,2518.2576,40.90416,15.735808,0.491744,11.83956842189832
106.2,39.95847212,-106.2229028,2518.2576,40.90416,15.825216,0.491744,11.83956842189832
106.3,39.95848601,-106.22289907,2518.2576,40.812720000000006,15.86992,0.402336,11.83956842189832
106.4,39.95849996,-106.22289523,2518.2576,40.812720000000006,15.825216,0.312928,11.83956842189832
106.5,39.95851415,-106.22289134,2518.2576,40.812720000000006,16.004032,0.089408,11.83956842189832
106.6,39.95852837,-106.22288734,2518.2576,40.812720000000006,16.138144,-0.089408,11.83956842189832
106.7,39.95854267,-106.22288336,2518.2576,40.812720000000006,16.227552,-0.089408,12.150168838762454
106.8,39.95855688,-106.22287935,2518.2576,40.90416,16.227552,-0.22352,12.150168838762454
106.9,39.95857082,-106.22287536,2518.2576,40.90416,16.004032,-0.312928,12.217326624507564
107.0,39.95858477,-106.22287132,2518.5624000000003,40.9956,15.86992,-0.402336,12.217326624507564
107.1,39.95859867,-106.22286723,2518.5624000000003,41.08704000000001,15.86992,-0.312928,12.217326624507564
107.2,39.95861262,-106.22286308,2518.5624000000003,41.08704000000001,15.86992,-0.22352,12.5983202980525
107.3,39.95862659,-106.22285883,2518.5624000000003,41.08704000000001,15.914624,-0.22352,12.5983202980525
107.4,39.95864061,-106.22285456,2518.5624000000003,41.08704000000001,16.004032,-0.22352,13.06653614265457
107.5,39.95865467,-106.22285015,2518.5624000000003,41.08704000000001,16.048735999999998,-0.089408,13.06653614265457
107.6,39.95866874,-106.22284573,2518.5624000000003,41.08704000000001,16.09344,-0.089408,13.377700290362895
107.7,39.95868312,-106.22284108,2518.5624000000003,41.08704000000001,16.272256,-0.22352,13.45201035713518
107.8,39.95869727,-106.22283646,2518.5624000000003,41.08704000000001,16.361664,-0.312928,13.957378026318793
107.9,39.95871104,-106.22283172,2518.5624000000003,41.08704000000001,16.004032,-0.312928,14.196623117669276
108.0,39.95872447,-106.22282706,2518.5624000000003,41.20896,15.6464,-0.22352,14.486094020479754
108.1,39.95873752,-106.22282237,2518.5624000000003,41.20896,15.244064,-0.312928,14.787346856308886
108.2,39.95875031,-106.22281777,2518.5624000000003,41.20896,14.886432,-0.312928,15.193143844033727
108.3,39.9587622,-106.22281333,2518.8672,41.3004,14.260576,-0.22352,15.12870792192814
108.4,39.95877394,-106.22280896,2518.8672,41.3004,13.63472,0.0,15.464992414625328
108.5,39.9587853,-106.22280468,2518.8672,41.3004,13.366496,0.0,15.453487602939845
108.6,39.95879666,-106.22280041,2518.8672,41.3004,13.142976,0.089408,15.81301217274796
108.7,39.95880768,-106.2227963,2518.8672,41.3004,12.919455999999998,0.312928,15.918746703071008
108.8,39.95881875,-106.22279215,2518.5624000000003,41.20896,12.785344,0.402336,15.461217740441896
108.9,39.95882977,-106.22278812,2518.5624000000003,41.08704000000001,12.785344,0.491744,16.025867448449787
109.0,39.95884088,-106.22278398,2518.5624000000003,41.08704000000001,12.785344,0.402336,16.025867448449787
109.1,39.95885215,-106.22277983,2518.5624000000003,40.9956,12.919455999999998,0.312928,15.918746703071008
109.2,39.9588635,-106.22277558,2518.5624000000003,40.9956,13.098272,0.312928,16.183246017839735
109.3,39.9588752,-106.22277129,2518.5624000000003,40.9956,13.321792,0.22352,15.91938783211765
109.4,39.9588875,-106.2227667,2518.5624000000003,40.9956,13.85824,0.0,15.816176951056548
109.5,39.9588991,-106.22276245,2518.5624000000003,40.9956,13.813536,0.0,16.07357416474639
109.6,39.95891176,-106.22275771,2518.5624000000003,40.9956,14.037056,0.0,15.919998837199216
109.7,39.95892363,-106.22275329,2518.5624000000003,40.9956,14.171168,0.0,15.919998837199216
109.8,39.95893593,-106.22274864,2518.5624000000003,40.9956,13.992352,-0.089408,15.81919394750014
109.9,39.95894861,-106.22274387,2518.5624000000003,41.08704000000001,14.439391999999998,-0.089408,16.07060500998341
110.0,39.9589611,-106.22273916,2518.5624000000003,41.08704000000001,14.573504,-0.089408,15.970285464740869
110.1,39.95897477,-106.22273405,2518.5624000000003,41.08704000000001,15.109951999999998,-0.089408,15.4759713848984
110.2,39.95898694,-106.22272955,2518.5624000000003,41.08704000000001,14.931136,-0.089408,15.380560822305313
110.3,39.95900021,-106.22272472,2518.5624000000003,41.08704000000001,14.707616,-0.22352,15.286291594167494
110.5,39.95902634,-106.2227155,2518.5624000000003,41.20896,15.154656,-0.804672,14.628208317766337
110.7,39.9590523,-106.22270659,2518.8672,41.51376,14.931136,-1.296416,14.454148380172114
110.8,39.95906527,-106.22270218,2519.172,41.6052,14.931136,-1.207008,14.454148380172114
110.9,39.95907831,-106.22269772,2519.172,41.78808,14.931136,-1.296416,14.368630048116016
111.0,39.95909151,-106.22269329,2519.4768,41.91,15.065248,-1.519936,14.242194340492858
111.1,39.95910468,-106.22268883,2519.4768,42.09288,15.109951999999998,-1.385824,14.242194340492858
111.2,39.95911792,-106.22268446,2519.7816000000003,42.2148,15.154656,-1.207008,13.912494676519998
111.3,39.95913117,-106.22268006,2519.7816000000003,42.30624,15.19936,-0.983488,13.912494676519998
111.4,39.95914447,-106.22267575,2519.7816000000003,42.39768,15.19936,-0.715264,13.912494676519998
111.5,39.95915835,-106.22267116,2519.7816000000003,42.39768,15.601696,-0.402336,13.416183481840903
111.6,39.95917098,-106.22266709,2519.7816000000003,42.39768,15.19936,-0.22352,13.33754908494302
111.7,39.95918431,-106.2226628,2519.7816000000003,42.39768,14.886432,-0.312928,13.182965158540869
111.8,39.95919787,-106.2226586,2519.7816000000003,42.39768,15.378176,-0.402336,12.994616791916483
111.9,39.9592115,-106.2226544,2519.7816000000003,42.39768,15.556992,-0.581152,12.920750335831542
112.0,39.9592253,-106.2226503,2520.0864,42.48912000000001,15.6464,-0.804672,12.423258342189342
112.2,39.95925344,-106.22264222,2520.0864,42.79392000000001,15.914624,-1.385824,11.971371681479525
112.3,39.95926775,-106.22263821,2520.3912,43.00728,16.09344,-1.78816,11.905110524319523
112.4,39.95928205,-106.22263431,2520.696,43.31208,16.272256,-2.503424,11.592175410291077
112.5,39.95929624,-106.22263043,2521.0008000000003,43.586400000000005,16.182848,-2.995168,11.656793164822716
112.6,39.95931035,-106.22262667,2521.3056,43.891200000000005,16.048735999999998,-3.710432,11.24641168018536
112.7,39.95932432,-106.22262286,2521.9152,44.40936,15.959328,-4.291583999999999,11.30993247402023
112.8,39.9593382,-106.22261915,2522.2200000000003,44.89704,15.825216,-4.783328,11.47187602104674
112.9,39.95935205,-106.22261526,2522.8296,45.415200000000006,15.735808,-5.185664,11.21210255284825
113.0,39.95936581,-106.2226115,2523.4392000000003,45.99432,15.691104,-5.409184,11.27713580930623
113.1,39.9593787,-106.22260781,2524.0488,46.51248,15.154656,-5.409184,11.443023476254211
113.2,39.95939167,-106.22260423,2524.6584000000003,47.0916,14.707616,-5.498592,11.175907503235806
113.3,39.95940453,-106.22260055,2524.9632,47.60976,14.662912,-5.319776,11.175907503235806
113.4,39.95941764,-106.22259698,2525.5728,48.097440000000006,14.75232,-5.185664,10.905022045234432
113.5,39.95943031,-106.22259346,2525.8776000000003,48.49368,14.662912,-5.006848,10.905022045234432
113.6,39.95944377,-106.22258992,2526.4872,49.01184000000001,14.841728000000002,-4.783328,11.003540851749506
113.7,39.9594558,-106.22258673,2526.792,49.40808,14.439391999999998,-4.515104,10.491477012331586
113.8,39.95946865,-106.22258345,2527.0968000000003,49.80432,14.08176,-4.291583999999999,10.555181432948814
113.9,39.95948143,-106.22258017,2527.7064,50.20056,14.5288,-4.202176,10.555181432948814
114.0,39.95949427,-106.22257696,2528.0112,50.5968,14.5288,-4.380992,10.619655276155129
114.1,39.95950718,-106.22257363,2528.6208,51.11496,14.573504,-4.783328,10.4328457632555
114.2,39.95951973,-106.22257042,2528.9256,51.5112,14.439391999999998,-5.006848,10.87145292585484
114.3,39.95953161,-106.22256714,2529.5352000000003,52.090320000000006,13.85824,-5.185664,10.892829601077665
114.4,39.95954296,-106.22256402,2530.1448,52.60848,13.18768,-5.319776,11.429215673329963
114.5,39.95955361,-106.22256086,2530.7544000000003,53.1876,12.561824,-5.319776,11.56013079421774
114.6,39.95956387,-106.22255789,2531.364,53.7972,11.935968,-5.319776,11.485416701758597
114.7,39.95957285,-106.22255507,2531.9736000000003,54.4068,10.997184,-5.319776,12.045632385265776
114.8,39.95958163,-106.22255239,2532.2784,54.89448,10.147808,-5.185664,12.12907619810278
114.9,39.95958935,-106.22254987,2532.888,55.41264,9.432544,-5.096256,12.331139465988088
115.0,39.95959701,-106.22254743,2533.1928000000003,55.90032000000001,8.806688,-5.006848,12.439562018846573
115.1,39.95960375,-106.22254523,2533.8024,56.388000000000005,8.27024,-4.91744,12.752119750207612
115.2,39.9596104,-106.22254308,2534.4120000000003,56.90616,7.644384,-4.91744,12.596573235818482
115.3,39.95961624,-106.22254121,2534.7168,57.39384,7.15264,-5.006848,12.893744044882167
115.4,39.95962185,-106.22253937,2535.3264,57.912000000000006,6.526784,-5.006848,13.324531261890796
115.5,39.95962699,-106.22253769,2535.936,58.39968,6.169152,-5.006848,13.74491150656968
115.6,39.95963184,-106.22253607,2536.2408,58.88736,5.722112,-4.783328,12.765565781058626
115.7,39.9596357,-106.22253486,2536.8504000000003,59.40552,4.962144,-4.783328,13.324531261890796
115.8,39.95963925,-106.22253379,2537.46,59.8932,4.24688,-4.783328,12.056762533832623
115.9,39.95964228,-106.22253317,2537.7648,60.41136,3.755136,-4.783328,9.865806943084351
116.0,39.95964505,-106.22253266,2538.3744,60.89904000000001,3.218688,-4.783328,7.733598099022856
116.1,39.95964739,-106.22253261,2538.984,61.38672,2.861056,-4.783328,5.792796495032178
116.2,39.95964933,-106.22253262,2539.2888000000003,61.90488,2.369312,-4.91744,2.045408488887233
116.3,39.9596509,-106.22253304,2539.8984,62.39256,1.966976,-4.91744,0.0
116.4,39.95965198,-106.22253352,2540.2032,62.910720000000005,1.654048,-4.91744,351.6341138759674
116.5,39.95965278,-106.22253435,2540.8128,63.3984,1.162304,-4.91744,342.34987578006985
116.6,39.95965314,-106.22253525,2541.4224,63.88608,0.938784,-4.91744,325.304846468766
116.8,39.95965321,-106.2225372,2542.3368,64.89192,0.759968,-4.783328,294.44395478041656
116.9,39.95965319,-106.22253799,2542.9464000000003,65.41008000000001,0.938784,-4.783328,280.304846468766
117.1,39.95965312,-106.22253917,2543.8608,66.38544,0.5364479999999999,-4.783328,270.0
117.2,39.95965304,-106.22253964,2544.4704,66.9036,0.44704,-4.783328,270.0
117.3,39.95965341,-106.22253966,2544.7752,67.39128,0.0,-4.783328,270.0
117.4,39.95965349,-106.2225398,2545.3848000000003,67.90944,0.0,-4.783328,270.0
117.5,39.95965405,-106.22253945,2545.6896,68.39712,0.0,-4.91744,270.0
117.6,39.95965424,-106.22253933,2546.2992,68.8848,0.491744,-4.783328,0.0
117.8,39.95965506,-106.2225383,2547.2136,69.89064,0.67056,-4.91744,0.0
118.0,39.95965567,-106.22253679,2548.4328,70.89648,0.804672,-4.783328,90.0
118.1,39.95965593,-106.22253579,2548.7376,71.41464,0.759968,-4.91744,111.80140948635182
118.2,39.95965593,-106.22253513,2549.3472,71.81088,0.938784,-4.783328,111.80140948635182
118.3,39.95965593,-106.22253429,2549.652,72.29856,0.804672,-4.783328,111.80140948635182
118.4,39.95965584,-106.22253369,2550.2616000000003,72.78624,0.67056,-4.91744,135.0
118.5,39.95965568,-106.22253303,2550.8712,73.39584,0.67056,-4.91744,158.19859051364824
118.7,39.95965521,-106.222532,2551.7856,74.40168,0.491744,-4.91744,158.19859051364824
118.8,39.95965496,-106.22253161,2552.3952,74.88936,0.625856,-4.91744,158.19859051364824
118.9,39.95965466,-106.22253121,2552.7000000000003,75.40752,0.491744,-4.91744,158.19859051364824
119.0,39.95965439,-106.22253092,2553.3096,75.8952,0.67056,-4.91744,158.19859051364824
119.1,39.95965407,-106.22253061,2553.9192000000003,76.41336,0.0,-4.91744,180.0
119.2,39.9596538,-106.22253039,2554.224,76.90104000000001,0.491744,-4.91744,180.0
119.3,39.95965347,-106.22253015,2554.8336,77.38872,0.0,-4.91744,180.0
119.4,39.9596532,-106.22252999,2555.4432,77.90688,0.0,-4.69392,180.0
119.5,39.95965283,-106.22252975,2555.748,78.30311999999999,0.0,-4.112768,180.0
119.6,39.95965252,-106.22252958,2556.0528,78.69936,0.0,-3.486912,180.0
119.7,39.95965214,-106.22252928,2556.3576000000003,79.00416,0.67056,-2.68224,180.0
119.8,39.95965181,-106.22252905,2556.6624,79.18704000000001,0.0,-2.01168,180.0
119.9,39.95965144,-106.22252869,2556.9672,79.4004,0.67056,-1.296416,158.19859051364824
120.1,39.95965091,-106.22252798,2556.9672,79.4004,0.44704,0.0,90.0
120.2,39.95965087,-106.2225277,2556.6624,79.30896,0.44704,0.491744,21.80140948635181
120.3,39.95965132,-106.22252744,2556.6624,79.30896,0.0,0.581152,0.0
120.4,39.95965211,-106.22252732,2556.6624,79.18704000000001,0.67056,0.715264,0.0
120.5,39.95965335,-106.2225272,2556.6624,79.18704000000001,1.162304,0.491744,0.0
120.6,39.95965489,-106.22252721,2556.6624,79.0956,1.519936,0.312928,0.0
120.7,39.95965721,-106.22252726,2556.6624,79.18704000000001,2.190496,0.089408,357.66269414087617
120.8,39.95965966,-106.22252743,2556.6624,79.30896,2.68224,-0.089408,355.072890052351
120.9,39.9596627,-106.22252755,2556.9672,79.4004,3.084576,-0.312928,355.6012946450045
121.0,39.95966581,-106.2225278,2556.9672,79.49184000000001,3.442208,-0.491744,354.4470289669632
121.1,39.95966934,-106.22252794,2556.9672,79.61376,3.665728,-0.581152,354.87180895814714
121.2,39.95967296,-106.22252823,2557.272,79.7052,3.978656,-0.715264,355.1792339219073
121.3,39.95967689,-106.22252832,2557.272,79.79664000000001,4.202176,-0.715264,355.5526151499095
121.4,39.95968093,-106.22252857,2557.272,79.88808000000002,4.425696,-0.491744,355.7411538778297
121.5,39.95968517,-106.2225286,2557.5768000000003,80.01,4.604512000000001,-0.402336,356.0353452771439
121.6,39.95968959,-106.22252881,2557.5768000000003,80.01,4.828032,-0.312928,356.18592516570965
121.7,39.95969415,-106.2225287,2557.5768000000003,80.10144000000001,5.006848,-0.22352,356.4236656250026
121.8,39.95969896,-106.22252879,2557.5768000000003,80.10144000000001,5.230368,-0.089408,357.53188208617144
121.9,39.95970394,-106.22252852,2557.5768000000003,80.10144000000001,5.453887999999999,0.0,357.67218491095883
122.0,39.95970921,-106.2225285,2557.5768000000003,80.01,5.677408,0.0,359.10482628978895
122.1,39.95971445,-106.22252812,2557.5768000000003,80.01,5.856224,0.089408,359.14490260373327
122.2,39.95972002,-106.22252796,2557.5768000000003,80.01,6.03504,0.089408,359.1756571791548
122.3,39.95972564,-106.22252747,2557.5768000000003,80.01,6.213856,0.089408,359.198712669893
122.4,39.95973164,-106.22252724,2557.5768000000003,80.01,6.48208,0.089408,0.0
122.5,39.95973768,-106.22252674,2557.5768000000003,80.01,6.7056,0.0,0.0
122.7,39.95975058,-106.22252593,2557.5768000000003,80.01,7.197344,0.0,0.0
122.8,39.95975743,-106.22252559,2557.5768000000003,80.10144000000001,7.331455999999999,0.0,0.0
122.9,39.95976414,-106.22252503,2557.5768000000003,80.10144000000001,7.554975999999999,0.0,0.0
123.0,39.95977114,-106.22252461,2557.5768000000003,80.10144000000001,7.644384,0.0,0.6473823869418993
123.1,39.95977829,-106.22252395,2557.5768000000003,80.10144000000001,7.867904,0.0,0.6330767714311492
123.2,39.9597858,-106.22252343,2557.5768000000003,80.10144000000001,8.180832,0.0,1.5398382886236277
123.4,39.95980168,-106.22252191,2557.5768000000003,80.19288000000002,8.672576,0.0,2.055888785004697
123.5,39.95980954,-106.22252097,2557.5768000000003,80.19288000000002,8.806688,0.0,2.615754875421885
123.6,39.95981762,-106.22252012,2557.5768000000003,80.19288000000002,8.896096,0.0,3.1324651985680134
123.7,39.95982561,-106.22251911,2557.5768000000003,80.19288000000002,8.985504,0.0,3.0565804481494183
123.8,39.95983392,-106.22251821,2557.5768000000003,80.19288000000002,9.119616,0.089408,2.998467139694469
123.9,39.95984222,-106.22251711,2557.5768000000003,80.19288000000002,9.298432,0.089408,3.4925931608560745
124.0,39.95985087,-106.22251611,2557.5768000000003,80.19288000000002,9.477248,0.089408,3.42836855885497
124.1,39.95985973,-106.22251495,2557.5768000000003,80.19288000000002,9.790176,0.0,3.351331067923752
124.2,39.95986886,-106.22251392,2557.5768000000003,80.19288000000002,10.0584,0.0,4.049581703271372
124.3,39.95987797,-106.22251282,2557.5768000000003,80.19288000000002,10.192512,0.0,4.014175695411041
124.4,39.95988728,-106.22251182,2557.5768000000003,80.19288000000002,10.28192,0.0,3.9283072253977034
124.5,39.95989665,-106.22251078,2557.5768000000003,80.19288000000002,10.416032,0.0,3.894978168706871
124.7,39.95991576,-106.22250887,2557.5768000000003,80.19288000000002,10.594848,0.0,3.782645446596291
124.9,39.95993543,-106.22250707,2557.8816,80.3148,10.818368,0.0,3.000661413462126
125.1,39.95995589,-106.22250538,2557.8816,80.3148,11.39952,0.0,2.9414649939110973
125.3,39.95997677,-106.22250383,2557.8816,80.3148,11.62304,0.0,2.8624052261117754
125.4,39.95998738,-106.22250308,2557.8816,80.3148,11.667744,0.0,2.840590728969346
125.5,39.95999803,-106.22250234,2557.8816,80.3148,11.84656,0.089408,2.8191059488733003
125.6,39.96000882,-106.22250163,2557.5768000000003,80.19288000000002,11.935968,0.089408,2.368025100710895
125.7,39.96001988,-106.2225009,2557.5768000000003,80.19288000000002,12.159488,0.089408,2.350373164548728
125.8,39.96003106,-106.22250021,2557.5768000000003,80.19288000000002,12.383008,0.0,2.307372996962215
125.9,39.96004249,-106.22249948,2557.5768000000003,80.19288000000002,12.606528,0.0,2.290610042638548
126.0,39.96005395,-106.22249881,2557.5768000000003,80.19288000000002,12.74064,0.089408,2.27408876872704
126.1,39.96006504,-106.22249815,2557.5768000000003,80.19288000000002,12.561824,0.089408,2.2497487034576125
126.2,39.96007626,-106.22249751,2557.5768000000003,80.19288000000002,12.427712,0.0,2.233809260142948
126.3,39.96008741,-106.22249682,2557.5768000000003,80.19288000000002,12.427712,0.0,2.2180939773482464
126.4,39.96009885,-106.22249616,2557.5768000000003,80.19288000000002,12.561824,0.0,2.2025981617658204
126.5,39.96011025,-106.22249547,2557.5768000000003,80.19288000000002,12.695936,0.0,2.179755991741501
126.6,39.96012184,-106.22249484,2557.5768000000003,80.19288000000002,12.785344,0.089408,2.179755991741501
126.7,39.96013361,-106.22249416,2557.5768000000003,80.19288000000002,12.96416,0.0,2.164789153453512
126.8,39.96014555,-106.22249354,2557.5768000000003,80.19288000000002,13.18768,0.0,1.7593854222619711
126.9,39.96015748,-106.22249289,2557.5768000000003,80.19288000000002,13.277088,0.0,1.747464806233097
127.0,39.96016949,-106.22249229,2557.5768000000003,80.19288000000002,13.321792,0.0,1.7298836218130873
127.1,39.96018109,-106.22249167,2557.5768000000003,80.19288000000002,13.142976,0.0,1.7183580016554745
127.2,39.96019286,-106.22249108,2557.5768000000003,80.19288000000002,13.008864,0.0,1.7069849023546908
127.29999999999998,39.96020482,-106.2224904,2557.5768000000003,80.19288000000002,13.18768,0.0,2.072298445619083
127.4,39.9602171,-106.22248972,2557.5768000000003,80.19288000000002,13.500608,0.0,2.052065370408684
127.5,39.96022948,-106.2224889,2557.5768000000003,80.19288000000002,13.724128,0.0,2.409081374472237
127.6,39.96024199,-106.22248807,2557.5768000000003,80.19288000000002,13.85824,-0.089408,2.393606967284825
127.7,39.96025483,-106.22248703,2557.5768000000003,80.19288000000002,14.126464,-0.089408,2.926310626092232
127.79999999999998,39.96026769,-106.222486,2557.5768000000003,80.19288000000002,14.30528,0.0,3.291339811813714
127.9,39.96028063,-106.22248471,2557.8816,80.3148,14.394688,0.0,3.6329507394881935
128.0,39.96029358,-106.22248338,2557.8816,80.3148,14.439391999999998,-0.089408,3.957553114127848
128.1,39.96030627,-106.22248177,2557.8816,80.3148,14.30528,0.0,4.853096386992377
128.2,39.96031903,-106.22248013,2557.8816,80.3148,14.215872,0.089408,5.178284704298108
128.29999999999998,39.96033172,-106.22247818,2557.8816,80.3148,14.260576,0.089408,6.064922445447962
128.4,39.96034463,-106.22247614,2557.8816,80.3148,14.349984,0.0,6.379248167613127
128.5,39.96035793,-106.22247372,2557.5768000000003,80.19288000000002,14.707616,0.0,7.037940763184679
128.6,39.96037127,-106.22247127,2557.5768000000003,80.19288000000002,14.97584,0.089408,7.55989057492792
128.7,39.96038409,-106.22246862,2557.5768000000003,80.19288000000002,14.707616,0.089408,7.907162702958431
128.79999999999998,39.96039696,-106.22246595,2557.5768000000003,80.19288000000002,14.484096,0.0,8.179156947917534
128.9,39.96040929,-106.2224632,2557.8816,80.3148,14.171168,0.0,8.179156947917534
129.0,39.96042185,-106.22246045,2557.8816,80.3148,14.037056,0.0,8.522197376198164
129.1,39.96043494,-106.22245759,2557.8816,80.3148,14.439391999999998,0.0,8.522197376198164
129.2,39.96044836,-106.22245471,2557.8816,80.3148,14.931136,-0.089408,8.811583311440302
129.29999999999998,39.96046185,-106.2224519,2557.8816,80.3148,15.154656,-0.089408,8.759169249735407
129.4,39.96047532,-106.22244905,2557.8816,80.3148,15.154656,0.0,8.759169249735407
129.5,39.96048908,-106.22244618,2557.8816,80.3148,15.333472,0.0,9.211026540816649
129.6,39.96050283,-106.22244324,2557.8816,80.3148,15.512288000000002,0.0,9.13017648227867
129.7,39.9605166,-106.22244042,2557.8816,80.3148,15.512288000000002,0.0,9.13017648227867
129.79999999999998,39.96053034,-106.22243752,2557.8816,80.3148,15.512288000000002,0.0,9.407335872206945
129.9,39.96054382,-106.22243479,2557.8816,80.3148,15.333472,0.0,9.407335872206945
130.0,39.9605574,-106.22243197,2557.8816,80.3148,15.244064,0.0,9.352979250093256
130.1,39.9605709,-106.22242923,2557.8816,80.3148,15.244064,0.089408,9.352979250093256
130.2,39.96058457,-106.22242635,2557.8816,80.3148,15.288768,0.089408,9.299241682063382
130.29999999999998,39.96059814,-106.22242351,2557.8816,80.3148,15.333472,0.22352,9.625248156123916
130.4,39.96061183,-106.22242053,2557.8816,80.3148,15.333472,0.089408,9.625248156123916
130.5,39.96062568,-106.22241751,2557.5768000000003,80.19288000000002,15.512288000000002,0.089408,9.543096279767212
130.6,39.9606396,-106.22241438,2557.5768000000003,80.19288000000002,15.6464,0.089408,9.865806943084351
130.79999999999998,39.9606675,-106.22240792,2557.5768000000003,80.19288000000002,15.735808,0.0,10.290315457281224
130.9,39.9606814,-106.22240463,2557.5768000000003,80.19288000000002,15.735808,0.0,10.290315457281224
131.0,39.96069538,-106.22240131,2557.5768000000003,80.19288000000002,15.735808,0.0,10.232594578296414
131.1,39.96070965,-106.22239792,2557.5768000000003,80.19288000000002,15.959328,0.0,10.232594578296414
131.2,39.96072396,-106.22239455,2557.5768000000003,80.19288000000002,16.138144,0.0,10.175510843043185
131.4,39.96075166,-106.22238816,2557.8816,80.3148,15.825216,0.0,10.1190538713671
131.6,39.96077972,-106.22238184,2557.8816,80.3148,15.825216,0.0,10.035521433439442
131.7,39.96079395,-106.22237871,2557.8816,80.3148,15.914624,0.0,9.980587398980276
131.79999999999998,39.96080829,-106.22237552,2557.8816,80.3148,16.09344,0.0,9.980587398980276
131.9,39.96082275,-106.22237236,2557.8816,80.3148,16.227552,0.0,9.462322208025626
132.0,39.96083726,-106.22236915,2557.8816,80.3148,16.316959999999998,0.0,9.926245506651696
132.1,39.9608519,-106.22236592,2557.8816,80.3148,16.451072,0.0,9.926245506651696
132.2,39.96086653,-106.22236265,2557.8816,80.3148,16.495776,0.0,9.87248632980078
132.29999999999998,39.96088129,-106.22235929,2557.5768000000003,80.19288000000002,16.585184,0.0,9.87248632980078
132.4,39.960896,-106.2223559,2557.5768000000003,80.19288000000002,16.629888,0.0,10.17944248233664
132.5,39.96091077,-106.22235246,2557.5768000000003,80.19288000000002,16.629888,0.0,10.097504384075307
132.6,39.96092548,-106.22234903,2557.5768000000003,80.19288000000002,16.629888,0.0,10.097504384075307
132.7,39.96094028,-106.22234554,2557.5768000000003,80.19288000000002,16.674591999999997,0.0,10.097504384075307
132.79999999999998,39.96095506,-106.22234207,2557.8816,80.3148,16.719296,0.0,10.043600424463593
132.9,39.96096992,-106.22233857,2557.8816,80.3148,16.719296,0.0,10.043600424463593
133.0,39.96098476,-106.22233508,2557.5768000000003,80.19288000000002,16.764,0.0,10.043600424463593
133.1,39.9609997,-106.22233157,2557.8816,80.3148,16.808704,0.0,9.99026311075272
133.2,39.96101462,-106.22232806,2557.8816,80.3148,16.853408,0.0,9.99026311075272
133.29999999999998,39.96102959,-106.2223245,2557.8816,80.3148,16.898111999999998,0.0,9.99026311075272
133.4,39.96104453,-106.22232093,2557.8816,80.3148,16.898111999999998,0.0,10.291181842382343
133.5,39.9610595,-106.22231733,2557.5768000000003,80.19288000000002,16.898111999999998,0.0,10.291181842382343
133.6,39.96107444,-106.22231368,2557.8816,80.3148,16.898111999999998,0.0,10.591527747971384
133.7,39.96108968,-106.22230989,2557.5768000000003,80.19288000000002,17.076928000000002,0.0,10.591527747971384
133.79999999999998,39.96110482,-106.22230606,2557.5768000000003,80.19288000000002,17.21104,0.0,11.04094018032373
133.9,39.96111943,-106.22230226,2557.8816,80.3148,16.853408,0.0,11.04094018032373
134.0,39.96113401,-106.2222984,2557.8816,80.3148,16.54048,0.0,11.339789573721532
134.1,39.96114876,-106.22229438,2557.8816,80.3148,16.629888,0.0,11.638015080099764
134.2,39.96116363,-106.22229027,2557.8816,80.3148,16.808704,0.0,11.638015080099764
134.29999999999998,39.96117828,-106.22228607,2557.8816,80.3148,16.808704,0.0,11.935602543267464
134.5,39.96120739,-106.22227741,2557.5768000000003,80.19288000000002,16.629888,0.0,12.971934378409005
134.6,39.96122195,-106.22227293,2557.5768000000003,80.19288000000002,16.629888,0.0,12.971934378409005
134.7,39.96123711,-106.22226814,2557.5768000000003,80.19288000000002,16.98752,0.0,13.266480846583704
134.79999999999998,39.96125229,-106.22226327,2557.5768000000003,80.19288000000002,17.345152,0.0,13.635834754832274
134.9,39.96126691,-106.22225842,2557.5768000000003,80.19288000000002,17.076928000000002,-0.089408,13.927178029520633
135.0,39.96128144,-106.22225349,2557.8816,80.3148,16.719296,-0.089408,14.217788422830663
135.1,39.96129627,-106.22224831,2557.8816,80.3148,16.853408,0.0,14.50765380103121
135.2,39.96131124,-106.22224303,2557.8816,80.3148,17.166335999999998,0.0,14.796762245057325
135.29999999999998,39.96132642,-106.22223765,2557.8816,80.3148,17.389855999999998,0.0,14.873415733958891
135.4,39.96134145,-106.22223227,2557.8816,80.3148,17.43456,0.0,15.307659522363508
135.5,39.96135681,-106.22222678,2557.8816,80.3148,17.523968,0.0,15.307659522363508
135.6,39.96137198,-106.22222128,2557.8816,80.3148,17.613376,0.0,15.307659522363508
135.7,39.96138723,-106.22221577,2557.8816,80.3148,17.568672,0.0,15.6769852036673
135.79999999999998,39.96140227,-106.2222103,2557.8816,80.3148,17.479264,0.0,15.38713639457194
135.9,39.96141704,-106.22220504,2557.8816,80.3148,17.21104,0.089408,15.467422611493362
136.0,39.96143167,-106.22219982,2557.8816,80.3148,16.942816,0.089408,15.02907479536782
136.1,39.96144649,-106.22219475,2557.8816,80.3148,16.942816,0.0,15.02907479536782
136.2,39.96146133,-106.22218959,2557.8816,80.3148,17.076928000000002,0.0,14.735835826468588
136.29999999999998,39.96147639,-106.22218453,2557.8816,80.3148,17.166335999999998,0.0,14.852578865990496
136.4,39.96149132,-106.22217936,2557.8816,80.3148,17.255744,0.0,15.147923730817295
136.5,39.96150606,-106.22217435,2557.8816,80.3148,17.032224,0.0,15.147923730817295
136.7,39.96153525,-106.22216423,2557.8816,80.3148,16.808704,0.0,15.147923730817295
136.79999999999998,39.96155057,-106.22215885,2557.8816,80.3148,17.076928000000002,0.0,15.147923730817295
136.9,39.96156467,-106.22215398,2557.8816,80.3148,16.942816,0.0,15.147923730817295
137.0,39.96157944,-106.2221488,2557.8816,80.3148,16.629888,0.0,14.931417178137565
137.1,39.96159402,-106.22214375,2557.8816,80.3148,16.898111999999998,0.0,14.852578865990496
137.2,39.96160855,-106.22213869,2557.8816,80.3148,16.764,0.0,14.852578865990496
137.29999999999998,39.96162304,-106.22213371,2557.8816,80.3148,16.674591999999997,0.0,14.852578865990496
137.4,39.96163755,-106.22212868,2557.8816,80.3148,16.674591999999997,0.0,14.852578865990496
137.5,39.96165185,-106.22212382,2557.8816,80.3148,16.585184,0.0,14.931417178137565
137.6,39.96166616,-106.22211894,2557.8816,80.3148,16.451072,0.0,14.931417178137565
137.79999999999998,39.96169541,-106.22210915,2557.8816,80.3148,16.674591999999997,0.0,14.556424320074314
138.0,39.96172478,-106.22209935,2557.8816,80.3148,16.808704,0.0,14.556424320074314
138.1,39.96173979,-106.22209434,2557.8816,80.3148,16.98752,0.0,14.63383097156617
138.2,39.96175462,-106.22208933,2557.8816,80.3148,17.121631999999998,0.0,14.63383097156617
138.29999999999998,39.96176904,-106.22208448,2557.8816,80.3148,16.808704,0.0,14.63383097156617
138.4,39.96178336,-106.22207961,2557.8816,80.3148,16.495776,0.0,14.931417178137565
138.5,39.96179818,-106.22207453,2557.8816,80.3148,16.719296,0.0,14.931417178137565
138.6,39.96181302,-106.22206939,2557.8816,80.3148,17.032224,0.0,14.852578865990496
138.7,39.96182774,-106.22206429,2557.8816,80.3148,16.98752,0.0,14.852578865990496
138.79999999999998,39.96184236,-106.22205921,2557.8816,80.3148,16.853408,0.0,14.735835826468588
138.9,39.96185787,-106.22205383,2557.8816,80.3148,17.345152,0.0,15.02907479536782
139.0,39.96187319,-106.22204845,2557.8816,80.3148,17.747488,0.0,15.02907479536782
139.1,39.9618873,-106.22204337,2557.8816,80.3148,16.942816,0.0,15.467422611493362
139.2,39.9619013,-106.22203823,2557.8816,80.3148,16.227552,0.0,15.758630167772369
139.29999999999998,39.96191591,-106.22203268,2557.8816,80.3148,16.54048,0.0,16.049004792533196
139.4,39.96193079,-106.22202694,2557.8816,80.3148,17.076928000000002,0.0,16.46663133484833
139.5,39.96194639,-106.22202066,2557.8816,80.3148,17.702784,0.0,16.902317032564042
139.6,39.96196036,-106.22201497,2557.8816,80.3148,17.21104,0.0,16.902317032564042
139.7,39.96197496,-106.22200876,2557.8816,80.3148,16.674591999999997,0.0,17.281498371816667
139.79999999999998,39.9619895,-106.22200255,2557.8816,80.3148,17.032224,0.0,17.57125877832243
139.9,39.96200394,-106.22199624,2557.8816,80.3148,16.98752,0.0,17.860094070679054
140.0,39.96201838,-106.2219899,2557.8816,80.3148,16.942816,0.0,18.386922195852375
140.1,39.96203272,-106.22198349,2557.8816,80.3148,16.898111999999998,0.0,18.386922195852375
140.2,39.96204711,-106.22197705,2557.8816,80.3148,16.898111999999998,0.0,18.386922195852375
140.29999999999998,39.96206145,-106.2219706,2557.8816,80.3148,16.898111999999998,0.0,18.674678719002884
140.4,39.96207586,-106.22196411,2557.8816,80.3148,16.898111999999998,0.0,18.5780687072168
140.5,39.96209022,-106.2219577,2557.8816,80.3148,16.898111999999998,0.0,18.5780687072168
140.6,39.9621046,-106.22195124,2557.8816,80.3148,16.898111999999998,0.0,18.674678719002884
140.7,39.96211897,-106.22194484,2557.8816,80.3148,16.898111999999998,0.0,18.961461633289844
140.79999999999998,39.96213335,-106.22193837,2557.8816,80.3148,16.898111999999998,0.0,18.961461633289844
140.9,39.96214738,-106.22193208,2557.8816,80.3148,16.719296,0.089408,19.06031872646605
141.0,39.96216143,-106.22192572,2557.8816,80.3148,16.495776,0.089408,19.06031872646605
141.1,39.96217566,-106.22191944,2557.8816,80.3148,16.629888,0.089408,18.77226238301165
141.2,39.96218999,-106.22191309,2557.8816,80.3148,16.764,0.0,18.77226238301165
141.29999999999998,39.96220409,-106.22190707,2557.8816,80.3148,16.674591999999997,0.0,18.483218212945644
141.4,39.9622182,-106.22190102,2557.8816,80.3148,16.495776,0.0,18.483218212945644
141.5,39.96223282,-106.22189492,2557.8816,80.3148,16.808704,0.0,18.6295008069892
141.6,39.96224735,-106.22188866,2557.8816,80.3148,17.032224,0.0,18.6295008069892
141.7,39.9622623,-106.22188211,2557.8816,80.3148,17.255744,0.0,19.0205752377297
141.79999999999998,39.96227637,-106.22187572,2557.8816,80.3148,17.032224,0.0,19.414268477261487
141.9,39.96228957,-106.22186951,2557.8816,80.3148,16.09344,0.0,19.810569370589747
142.0,39.96230344,-106.22186275,2557.8816,80.3148,16.048735999999998,0.0,20.537948006188746
142.1,39.96231711,-106.22185578,2557.8816,80.3148,16.406368,0.0,20.937285274274643
142.2,39.9623308,-106.22184866,2557.8816,80.3148,16.361664,0.0,21.83028840503181
142.29999999999998,39.96234429,-106.22184126,2557.8816,80.3148,16.316959999999998,0.089408,22.11843521208249
142.4,39.96235784,-106.22183378,2557.8816,80.3148,16.316959999999998,0.0,22.40540888336534
142.5,39.96237194,-106.22182569,2557.8816,80.3148,16.764,0.0,22.81104932131302
142.6,39.96238475,-106.22181834,2557.8816,80.3148,16.361664,0.0,23.096821918160856
142.7,39.96239842,-106.22181033,2557.8816,80.3148,16.09344,0.0,23.096821918160856
142.79999999999998,39.9624121,-106.22180237,2557.8816,80.3148,16.674591999999997,0.0,23.21904598565061
142.9,39.96242571,-106.22179436,2557.8816,80.3148,16.629888,0.0,23.64716040529163
143.0,39.96243927,-106.22178638,2557.8816,80.3148,16.585184,0.0,23.64716040529163
143.1,39.96245227,-106.22177871,2557.5768000000003,80.19288000000002,16.227552,0.0,23.772348811364736
143.2,39.96246533,-106.22177097,2557.5768000000003,80.19288000000002,15.914624,0.0,24.057349450011717
143.29999999999998,39.96247848,-106.22176321,2557.5768000000003,80.19288000000002,16.004032,0.0,24.249204410401376
143.4,39.96249177,-106.22175526,2557.5768000000003,80.19288000000002,16.138144,0.089408,24.534633080604976
143.5,39.96250507,-106.22174735,2557.5768000000003,80.19288000000002,16.272256,0.089408,24.534633080604976
143.6,39.96251837,-106.22173935,2557.5768000000003,80.19288000000002,16.272256,0.0,24.665273436927635
143.7,39.96253167,-106.22173142,2557.5768000000003,80.19288000000002,16.272256,0.0,24.665273436927635
143.79999999999998,39.96254496,-106.22172344,2557.5768000000003,80.19288000000002,16.272256,0.0,24.665273436927635
143.9,39.96255854,-106.2217154,2557.5768000000003,80.19288000000002,16.451072,0.0,24.665273436927635
144.0,39.96257206,-106.22170731,2557.5768000000003,80.19288000000002,16.54048,0.0,24.665273436927635
144.1,39.96258564,-106.22169938,2557.5768000000003,80.19288000000002,16.54048,0.0,24.665273436927635
144.2,39.96259914,-106.22169141,2557.5768000000003,80.19288000000002,16.495776,0.0,24.665273436927635
144.29999999999998,39.9626124,-106.22168375,2557.5768000000003,80.19288000000002,16.316959999999998,0.0,24.534633080604976
144.4,39.96262569,-106.22167595,2557.5768000000003,80.19288000000002,16.182848,0.0,24.534633080604976
144.5,39.96263896,-106.22166825,2557.8816,80.3148,16.182848,-0.089408,24.534633080604976
144.6,39.96265106,-106.22166114,2557.8816,80.3148,15.467584,0.0,24.534633080604976
144.7,39.96266416,-106.22165345,2557.8816,80.3148,15.378176,0.0,24.534633080604976
144.9,39.96269107,-106.22163738,2557.8816,80.3148,16.316959999999998,0.0,24.534633080604976
145.0,39.9627045,-106.22162927,2557.8816,80.3148,16.451072,0.0,24.665273436927635
145.1,39.96271773,-106.22162118,2557.8816,80.3148,16.361664,0.0,24.950524079257548
145.29999999999998,39.96274413,-106.22160481,2557.8816,80.3148,16.227552,0.0,25.375932251664608
145.4,39.9627574,-106.22159652,2557.5768000000003,80.19288000000002,16.272256,0.0,25.375932251664608
145.5,39.96277096,-106.22158792,2557.5768000000003,80.19288000000002,16.585184,0.0,25.375932251664608
145.7,39.96279765,-106.22157097,2557.8816,80.3148,16.585184,0.0,25.523424501068007
145.9,39.96282428,-106.22155391,2557.8816,80.3148,16.495776,0.0,25.523424501068007
146.0,39.96283788,-106.22154522,2557.8816,80.3148,16.629888,0.0,25.523424501068007
146.1,39.96285133,-106.22153662,2557.8816,80.3148,16.719296,0.0,25.523424501068007
146.2,39.96286468,-106.22152814,2557.8816,80.3148,16.585184,0.0,25.523424501068007
146.29999999999998,39.96287834,-106.22151945,2557.8816,80.3148,16.719296,0.0,25.523424501068007
146.4,39.96289201,-106.22151081,2557.8816,80.3148,16.898111999999998,-0.089408,25.602187551441773
146.6,39.9629189,-106.22149391,2557.8816,80.3148,16.674591999999997,0.0,25.8029998945442
146.7,39.96293279,-106.22148519,2557.8816,80.3148,16.764,0.0,25.8029998945442
146.79999999999998,39.96294664,-106.22147651,2557.8816,80.40624000000001,17.121631999999998,0.0,25.523424501068007
146.9,39.96295948,-106.22146852,2557.8816,80.40624000000001,16.451072,0.0,25.523424501068007
147.0,39.96297218,-106.22146065,2557.8816,80.40624000000001,15.735808,0.0,25.32418140194721
147.1,39.96298537,-106.22145252,2557.8816,80.40624000000001,15.914624,0.0,25.32418140194721
147.2,39.96299897,-106.22144408,2557.8816,80.40624000000001,16.495776,0.0,25.523424501068007
147.29999999999998,39.96301267,-106.22143551,2557.8816,80.40624000000001,16.808704,0.0,25.523424501068007
147.4,39.96302691,-106.22142662,2557.8816,80.40624000000001,17.21104,0.089408,25.523424501068007
147.5,39.96304012,-106.22141839,2557.8816,80.40624000000001,16.898111999999998,0.089408,25.523424501068007
147.6,39.96305391,-106.22140987,2557.8816,80.3148,16.629888,0.089408,25.044892716552
147.7,39.96306752,-106.22140148,2557.8816,80.3148,16.853408,0.089408,25.044892716552
147.79999999999998,39.96308105,-106.22139322,2557.8816,80.3148,16.674591999999997,0.089408,24.914728960887203
147.9,39.96309458,-106.22138499,2557.8816,80.3148,16.585184,0.089408,24.914728960887203
148.0,39.96310817,-106.22137677,2557.8816,80.3148,16.629888,0.0,24.914728960887203
148.1,39.963122,-106.22136843,2557.8816,80.3148,16.808704,0.0,24.914728960887203
148.2,39.96313581,-106.2213601,2557.8816,80.3148,16.942816,0.0,24.785826092675396
148.29999999999998,39.96314966,-106.22135167,2557.8816,80.3148,16.942816,0.0,24.914728960887203
148.4,39.9631634,-106.22134333,2557.8816,80.3148,16.942816,0.0,24.495020524036875
148.5,39.96317691,-106.22133509,2557.8816,80.3148,16.719296,0.0,24.36772984155561
148.6,39.96319044,-106.22132689,2557.8816,80.3148,16.585184,0.0,24.36772984155561
148.7,39.96320391,-106.22131868,2557.8816,80.3148,16.54048,0.0,24.36772984155561
148.79999999999998,39.96321818,-106.22131005,2557.8816,80.3148,16.98752,0.0,24.36772984155561
148.9,39.96323092,-106.22130235,2557.8816,80.3148,16.54048,0.0,24.36772984155561
149.0,39.96324442,-106.22129425,2557.8816,80.3148,16.048735999999998,0.0,24.65816716515548
149.1,39.96325817,-106.22128593,2557.8816,80.3148,16.674591999999997,0.0,24.65816716515548
149.2,39.96327197,-106.22127757,2557.8816,80.3148,16.898111999999998,0.0,24.785826092675396
149.29999999999998,39.96328638,-106.22126875,2557.8816,80.3148,17.300448,0.0,25.06300306054328
149.4,39.9633006,-106.22126007,2557.8816,80.3148,17.568672,0.0,24.934295102576584
149.5,39.96331465,-106.22125137,2557.8816,80.3148,17.389855999999998,0.0,25.209191200971304
149.6,39.96332849,-106.22124278,2557.8816,80.3148,17.166335999999998,0.0,25.33893156475517
149.7,39.96334233,-106.22123407,2557.8816,80.3148,17.076928000000002,0.0,25.613607309028964
149.79999999999998,39.96335612,-106.22122539,2557.8816,80.3148,17.032224,0.0,25.613607309028964
149.9,39.96336988,-106.22121662,2557.8816,80.3148,17.032224,0.0,25.613607309028964
150.0,39.96338363,-106.22120789,2557.8816,80.3148,16.98752,0.0,25.613607309028964
150.1,39.96339737,-106.22119908,2557.8816,80.3148,16.98752,0.0,26.02326326416562
150.2,39.96341109,-106.22119025,2557.8816,80.3148,17.032224,0.0,26.294790070583872
150.29999999999998,39.96342478,-106.22118132,2557.8816,80.3148,17.032224,0.0,26.42927944184436
150.4,39.96343846,-106.22117234,2557.8816,80.3148,17.032224,0.0,26.70050194013959
150.5,39.96345232,-106.22116301,2557.8816,80.3148,17.166335999999998,0.0,26.970439078650884
150.6,39.9634661,-106.22115362,2557.8816,80.3148,17.300448,0.0,27.779620725021687
150.7,39.96347979,-106.22114393,2557.8816,80.3148,17.300448,0.0,28.25969824561514
150.79999999999998,39.96349332,-106.22113414,2557.8816,80.3148,17.255744,0.0,28.9368933668672
150.9,39.96350638,-106.22112417,2557.8816,80.3148,16.98752,0.0,29.7448812969422
151.0,39.96351935,-106.22111404,2557.8816,80.40624000000001,16.808704,0.0,30.65066795705286
151.1,39.9635321,-106.22110347,2557.8816,80.40624000000001,16.808704,0.0,31.458346614308027
151.2,39.96354484,-106.22109275,2557.8816,80.40624000000001,16.808704,0.0,32.29597638594316
151.29999999999998,39.96355752,-106.2210814,2557.8816,80.40624000000001,16.98752,0.0,33.35079226414683
151.4,39.96357012,-106.22107002,2557.8816,80.40624000000001,17.076928000000002,0.0,33.77501302269383
151.5,39.96358305,-106.22105773,2557.8816,80.40624000000001,17.43456,0.0,34.75334150667243
151.6,39.9635946,-106.22104663,2557.8816,80.40624000000001,16.853408,0.0,35.44784440758508
151.7,39.96360647,-106.22103475,2557.8816,80.40624000000001,16.272256,0.0,36.31214131618543
151.79999999999998,39.96361824,-106.22102278,2557.8816,80.40624000000001,16.585184,0.089408,37.39809756904867
151.9,39.96362992,-106.22101042,2557.8816,80.40624000000001,16.674591999999997,0.089408,38.02565353440133
152.0,39.9636415,-106.22099793,2557.8816,80.3148,16.719296,0.0,39.16919846083982
152.1,39.96365244,-106.22098569,2557.8816,80.3148,16.361664,0.0,39.80557109226521
152.2,39.96366331,-106.22097324,2557.8816,80.3148,16.048735999999998,0.0,40.48312437750064
152.29999999999998,39.96367399,-106.22096063,2557.8816,80.3148,16.048735999999998,0.0,41.37574229329488
152.4,39.96368476,-106.22094762,2557.8816,80.40624000000001,16.182848,0.0,42.04471526606579
152.5,39.96369563,-106.22093425,2557.8816,80.40624000000001,16.451072,0.0,42.82250220732635
152.6,39.96370645,-106.22092063,2557.8816,80.40624000000001,16.674591999999997,0.0,43.57611512512511
152.7,39.96371729,-106.22090681,2557.8816,80.40624000000001,16.764,0.0,44.13194855025444
152.79999999999998,39.96372799,-106.22089285,2557.8816,80.40624000000001,16.853408,0.0,44.56594936786058
152.9,39.96373852,-106.22087907,2557.8816,80.40624000000001,16.719296,0.0,45.0
153.1,39.96375892,-106.22085189,2557.8816,80.40624000000001,16.316959999999998,0.0,45.43405063213942
153.29999999999998,39.96377937,-106.22082446,2557.8816,80.40624000000001,16.316959999999998,0.089408,45.868051449745565
153.4,39.96378991,-106.22081002,2557.8816,80.40624000000001,16.54048,0.089408,46.51885039743519
153.6,39.96381101,-106.22078112,2557.8816,80.40624000000001,16.98752,0.0,46.9674020299193
153.79999999999998,39.96383208,-106.22075179,2557.8816,80.40624000000001,17.076928000000002,0.0,47.40413605375369
153.9,39.96384259,-106.2207372,2557.8816,80.40624000000001,17.121631999999998,0.0,47.40413605375369
154.0,39.96385287,-106.22072261,2557.8816,80.40624000000001,16.98752,0.0,47.74721042012254
154.1,39.96386323,-106.2207081,2557.8816,80.40624000000001,16.898111999999998,0.0,47.74721042012254
154.2,39.96387345,-106.22069352,2557.8816,80.40624000000001,16.853408,0.0,47.612444192659325
154.29999999999998,39.96388358,-106.22067938,2557.8816,80.40624000000001,16.674591999999997,0.0,47.612444192659325
154.4,39.96389367,-106.22066509,2557.8816,80.40624000000001,16.54048,0.0,47.38594403038883
154.5,39.96390496,-106.22064939,2557.8816,80.40624000000001,17.43456,0.0,47.38594403038883
154.6,39.96391502,-106.22063509,2557.8816,80.40624000000001,17.43456,0.0,47.592754640200326
154.7,39.96392512,-106.22062083,2557.8816,80.40624000000001,16.54048,0.0,48.12604250495497
154.79999999999998,39.9639351,-106.22060644,2557.8816,80.40624000000001,16.54048,0.0,48.32864999172119
154.9,39.96394512,-106.22059182,2557.8816,80.40624000000001,16.629888,0.0,48.871256231985626
155.0,39.9639551,-106.22057679,2557.8816,80.40624000000001,16.808704,0.0,49.29986282019206
155.1,39.96396493,-106.22056147,2557.8816,80.40624000000001,16.98752,0.0,50.25257751379877
155.2,39.96397462,-106.22054596,2557.8816,80.40624000000001,17.032224,0.0,50.79588638229188
155.29999999999998,39.96398409,-106.22053013,2557.8816,80.40624000000001,17.076928000000002,0.0,51.74101987832188
155.4,39.9639934,-106.22051415,2557.8816,80.40624000000001,17.121631999999998,0.0,52.707485722964975
155.5,39.96400264,-106.22049724,2557.8816,80.40624000000001,17.389855999999998,0.0,53.88395068722673
155.6,39.96401086,-106.22048175,2557.8816,80.40624000000001,16.898111999999998,0.0,55.09462273746942
155.7,39.96401915,-106.22046506,2557.8816,80.40624000000001,16.495776,0.0,55.933816785755766
155.79999999999998,39.96402777,-106.22044728,2557.8816,80.49768000000002,17.43456,0.0,57.22859073332569
155.9,39.9640352,-106.22043078,2557.8816,80.49768000000002,17.121631999999998,0.0,58.1857613021877
156.0,39.96404293,-106.22041328,2557.8816,80.49768000000002,16.764,0.0,59.344558588029145
156.1,39.96405032,-106.2203954,2557.8816,80.49768000000002,17.255744,0.0,60.55246681920073
156.2,39.96405757,-106.2203774,2557.8816,80.49768000000002,17.300448,0.0,61.56799421975427
156.29999999999998,39.96406465,-106.22035873,2557.8816,80.49768000000002,17.523968,0.089408,62.63645307260833
156.4,39.96407151,-106.22034004,2557.8816,80.49768000000002,17.702784,0.089408,64.16606177774156
156.5,39.9640782,-106.22032041,2557.8816,80.40624000000001,17.971008,0.089408,65.35957524977772
156.6,39.96408427,-106.22030165,2557.8816,80.40624000000001,17.836896,0.089408,66.43025211052475
156.7,39.96408963,-106.2202837,2557.8816,80.40624000000001,16.898111999999998,0.089408,67.95067763021842
156.79999999999998,39.96409506,-106.22026459,2557.8816,80.40624000000001,16.898111999999998,0.0,68.99431406638746
156.9,39.96410022,-106.22024501,2557.8816,80.40624000000001,17.523968,0.0,70.3959118491706
157.0,39.96410513,-106.2202253,2557.8816,80.40624000000001,17.658079999999998,0.0,71.47143070563749
157.1,39.96410981,-106.22020508,2557.8816,80.40624000000001,17.836896,0.0,72.63718227302917
157.2,39.96411417,-106.22018486,2557.8816,80.49768000000002,17.971008,0.0,74.03437253935545
157.29999999999998,39.9641181,-106.22016491,2557.8816,80.49768000000002,17.747488,0.0,75.04028395380806
157.4,39.96412172,-106.22014485,2557.8816,80.49768000000002,17.568672,0.0,76.10575321660667
157.5,39.96412502,-106.22012479,2557.8816,80.49768000000002,17.523968,0.0,77.26650914572758
157.6,39.96412806,-106.22010447,2557.8816,80.49768000000002,17.568672,0.0,78.54704291163978
157.7,39.9641308,-106.22008414,2557.8816,80.40624000000001,17.613376,0.089408,79.46081627137175
157.79999999999998,39.96413322,-106.22006358,2557.8816,80.40624000000001,17.658079999999998,0.0,80.80061027024391
157.9,39.96413543,-106.22004267,2557.8816,80.40624000000001,17.8816,0.0,81.86989764584405
158.0,39.96413727,-106.22002163,2557.8816,80.40624000000001,18.015712,0.089408,83.19736975531674
158.1,39.96413884,-106.2200006,2557.8816,80.40624000000001,18.015712,0.0,84.23211110208587
158.2,39.96414005,-106.21997953,2557.8816,80.40624000000001,18.015712,0.0,85.52385301295982
158.29999999999998,39.96414103,-106.21995852,2557.8816,80.49768000000002,17.971008,0.0,86.40574108952825
158.4,39.9641417,-106.21993741,2557.8816,80.49768000000002,17.971008,0.0,87.12323492969944
158.5,39.9641422,-106.21991684,2557.8816,80.49768000000002,17.792192,0.0,88.1385423695333
158.6,39.96414243,-106.21989607,2557.8816,80.49768000000002,17.613376,0.0,88.71106243981308
158.7,39.96414257,-106.21987554,2557.8816,80.49768000000002,17.613376,0.089408,89.71352348972295
158.79999999999998,39.96414243,-106.21985368,2557.8816,80.49768000000002,18.060416,0.089408,90.0
158.9,39.9641423,-106.21983404,2557.8816,80.49768000000002,17.702784,0.089408,90.7161599454704
159.0,39.96414184,-106.21981318,2557.8816,80.40624000000001,17.255744,0.089408,91.28893756018692
159.1,39.96414136,-106.21979283,2557.8816,80.40624000000001,17.568672,0.089408,92.29061004263856
159.29999999999998,39.96413956,-106.21975105,2557.8816,80.40624000000001,17.658079999999998,0.089408,93.86160740967506
159.4,39.96413817,-106.2197297,2557.8816,80.40624000000001,17.971008,0.0,94.85846291903432
159.5,39.96413657,-106.21970822,2557.8816,80.40624000000001,18.418048,0.0,96.1357333401868
159.6,39.96413456,-106.21968695,2557.8816,80.40624000000001,18.32864,0.0,96.98393746008526
159.79999999999998,39.96412951,-106.21964305,2557.8816,80.40624000000001,18.686272,0.0,99.22988624372772
159.9,39.96412649,-106.21962213,2557.8816,80.40624000000001,18.641568,0.0,100.2039737217317
160.0,39.96412315,-106.21960126,2557.8816,80.40624000000001,18.149824,0.0,101.44759626368555
160.2,39.96411535,-106.21955975,2557.8816,80.40624000000001,18.194528,0.0,103.56105240071724
160.29999999999998,39.9641109,-106.21953868,2557.8816,80.40624000000001,18.32864,0.0,104.50947218358276
160.4,39.96410622,-106.21951762,2557.8816,80.40624000000001,18.641568,0.0,105.44983598065652
160.5,39.96410137,-106.21949708,2557.8816,80.40624000000001,18.507456,0.0,106.326853510565
160.6,39.9640963,-106.21947652,2557.8816,80.40624000000001,18.373344,0.0,106.99082329198616
160.7,39.96409115,-106.2194561,2557.8816,80.40624000000001,18.373344,0.089408,107.5186435756525
160.79999999999998,39.96408575,-106.21943556,2557.8816,80.40624000000001,18.418048,0.089408,108.17412006546908
160.9,39.96408032,-106.21941512,2557.8816,80.40624000000001,18.462752,0.089408,108.78324714358077
161.0,39.96407466,-106.21939463,2557.8816,80.3148,18.507456,0.089408,109.17336756712518
161.1,39.96406919,-106.21937457,2557.8816,80.3148,18.32864,0.089408,109.78334764060946
161.2,39.96406346,-106.2193544,2557.8816,80.3148,18.239232,0.089408,110.04176311434112
161.29999999999998,39.96405776,-106.21933386,2557.8816,80.3148,18.462752,0.0,110.29933103931222
161.4,39.96405174,-106.21931327,2557.8816,80.3148,18.686272,0.089408,110.6840802679468
161.5,39.964046,-106.21929294,2557.8816,80.3148,18.596864,0.0,111.08684438632582
161.6,39.96404,-106.21927269,2557.8816,80.3148,18.462752,0.0,111.34284923249125
161.7,39.96403415,-106.21925246,2557.8816,80.3148,18.462752,0.0,111.69923254694056
161.79999999999998,39.964028,-106.21923225,2557.8816,80.3148,18.462752,0.0,112.08164450145637
162.0,39.96401554,-106.21919181,2557.8816,80.3148,18.55216,0.0,112.69379494509236
162.1,39.96400918,-106.2191716,2557.8816,80.3148,18.596864,0.0,112.9466634584182
162.2,39.96400254,-106.21915148,2557.8816,80.3148,18.641568,0.0,113.5747062019126
162.29999999999998,39.96399562,-106.21913053,2557.8816,80.3148,19.043904,0.0,113.93472266731976
162.4,39.9639885,-106.21910992,2557.8816,80.3148,19.356832,0.0,114.72731438669013
162.5,39.96398154,-106.21909006,2557.8816,80.3148,18.954496,-0.089408,114.975608156298
162.6,39.96397438,-106.2190704,2557.8816,80.3148,18.596864,0.0,115.58677648456644
162.7,39.96396714,-106.21905088,2557.8816,80.3148,18.507456,0.0,116.2001148413474
162.79999999999998,39.96395959,-106.21903132,2557.8816,80.3148,18.55216,0.0,116.80834389534284
162.9,39.9639518,-106.21901187,2557.8816,80.3148,18.686272,0.0,117.7774792670229
163.0,39.96394368,-106.21899247,2557.8816,80.3148,18.77568,0.0,118.80486495786248
163.1,39.96393524,-106.21897323,2557.8816,80.3148,18.865088,0.0,119.40933151967567
163.2,39.96392654,-106.21895407,2557.8816,80.3148,18.954496,0.0,120.36309697849153
163.29999999999998,39.96391754,-106.218935,2557.8816,80.3148,19.043904,0.0,120.96375653207348
163.4,39.96390836,-106.21891604,2557.8816,80.3148,19.088608,0.0,121.976920329395
163.5,39.96389892,-106.21889718,2557.8816,80.3148,19.133312,0.0,122.57405713457251
163.6,39.96388934,-106.21887844,2557.8816,80.3148,19.22272,0.0,123.28187911157868
163.7,39.96387965,-106.21885972,2557.8816,80.3148,19.22272,0.0,123.65291073513612
163.79999999999998,39.96386982,-106.21884113,2557.8816,80.3148,19.267424,0.0,124.20689687977688
163.9,39.96385992,-106.21882253,2557.8816,80.3148,19.267424,0.0,124.65293115161596
164.0,39.96384985,-106.21880409,2557.8816,80.3148,19.312128,0.0,125.24322006231876
164.1,39.96383979,-106.21878566,2557.8816,80.3148,19.312128,0.0,125.72360178896524
164.2,39.96382957,-106.2187674,2557.8816,80.3148,19.267424,0.0,126.09603804262508
164.4,39.96380945,-106.21873147,2557.8816,80.3148,18.954496,0.089408,126.31106196761924
164.5,39.96379931,-106.21871318,2557.5768000000003,80.19288000000002,19.043904,0.22352,126.68344063014943
164.6,39.96378891,-106.218695,2557.5768000000003,80.19288000000002,19.267424,0.402336,126.68344063014943
164.7,39.9637787,-106.21867672,2557.5768000000003,80.10144000000001,19.312128,0.491744,127.2433285374076
164.79999999999998,39.96376829,-106.21865868,2557.5768000000003,80.10144000000001,19.267424,0.581152,127.2433285374076
164.9,39.9637577,-106.21863975,2557.5768000000003,80.01,19.625056,0.804672,127.6174236472711
165.0,39.96374696,-106.21862123,2557.272,79.88808000000002,19.89328,0.89408,127.6174236472711
165.1,39.96373676,-106.21860328,2557.272,79.79664000000001,19.401536,0.89408,127.82828783461292
165.2,39.96372631,-106.21858558,2557.272,79.7052,19.043904,0.89408,128.2021174997137
165.29999999999998,39.963716,-106.21856794,2556.9672,79.61376,18.954496,0.983488,128.88782932763866
165.4,39.96370529,-106.2185504,2556.9672,79.49184000000001,18.9992,1.207008,129.3455791773593
165.5,39.96369436,-106.21853259,2556.9672,79.4004,19.267424,1.519936,129.72033494640704
165.7,39.96367186,-106.21849771,2556.3576000000003,79.00416,19.44624,2.279904,131.03534527714385
165.79999999999998,39.9636604,-106.2184807,2556.0528,78.69936,19.401536,2.592832,131.58905504464428
165.9,39.96364896,-106.21846432,2555.748,78.39456,18.909792,2.90576,132.46145540160126
166.1,39.96362518,-106.21843192,2555.1384000000003,77.78496,19.043904,3.084576,134.1533259761385
166.29999999999998,39.96360017,-106.21840003,2554.5288,77.20584000000001,19.267424,3.084576,136.031400156691
166.4,39.96358736,-106.21838442,2554.224,76.90104000000001,19.44624,2.995168,136.87787744728536
166.5,39.96357431,-106.21836905,2553.9192000000003,76.59624000000001,19.535648,2.90576,137.5220013282784
166.6,39.96356116,-106.21835384,2553.9192000000003,76.41336,19.535648,2.816352,138.26782609835328
166.79999999999998,39.96353386,-106.21832302,2553.3096,75.80376,20.072096,2.68224,139.19852126484523
166.9,39.96352095,-106.21830852,2553.0048,75.5904,19.714464,2.68224,139.5702063030551
167.0,39.96350731,-106.21829354,2552.7000000000003,75.40752,19.356832,2.592832,139.94150627375433
167.1,39.96349425,-106.21827912,2552.3952,75.10272,19.44624,2.592832,140.49766748516947
167.2,39.96348102,-106.21826482,2552.0904,74.79792,19.043904,2.68224,140.49766748516947
167.29999999999998,39.96346775,-106.21825022,2552.0904,74.61504000000001,19.178016,2.68224,140.7013084544642
167.4,39.96345419,-106.21823571,2551.7856,74.31024000000001,19.401536,2.68224,141.0724564072077
167.5,39.96344047,-106.21822078,2551.4808000000003,74.00544000000001,19.66976,2.68224,141.2375848005973
167.6,39.9634266,-106.21820619,2551.176,73.79208,19.848576,2.816352,141.60677720000365
167.7,39.96341305,-106.21819183,2550.8712,73.48728,19.625056,2.90576,142.15952494511845
167.79999999999998,39.9633993,-106.21817775,2550.5664,73.21296,19.401536,2.90576,142.52728702742388
167.9,39.96338566,-106.21816376,2550.2616000000003,72.90816,19.356832,2.995168,142.89442634529843
168.0,39.96337173,-106.21814999,2549.9568,72.60336,19.356832,2.995168,143.47114463301483
168.1,39.96335803,-106.21813665,2549.652,72.20712,19.22272,2.995168,143.94368448256444
168.2,39.96334402,-106.2181235,2549.3472,71.99376,19.088608,2.995168,144.75100176225288
168.29999999999998,39.96332993,-106.21811058,2549.0424000000003,71.68896,19.178016,2.995168,145.43747535111817
168.4,39.96331552,-106.21809781,2548.7376,71.41464,19.267424,2.995168,146.01872390399893
168.5,39.96330096,-106.21808531,2548.4328,71.10984,19.356832,2.995168,146.92677263870428
168.6,39.96328621,-106.21807299,2548.128,70.80504,19.401536,2.995168,147.50871802571356
168.7,39.96327132,-106.21806094,2547.8232000000003,70.50024,19.490944,2.90576,148.20331831976648
168.79999999999998,39.96325628,-106.2180491,2547.5184,70.19544,19.490944,2.995168,148.9914461513995
168.9,39.96324074,-106.21803732,2547.2136,69.89064,19.759168000000003,2.90576,149.57421619803876
169.0,39.96322517,-106.21802581,2546.9088,69.58584,19.937984,2.90576,150.2713590029383
169.1,39.9632097,-106.21801479,2546.6040000000003,69.31152,19.759168000000003,2.90576,150.91999883719922
169.2,39.96319341,-106.21800346,2546.2992,69.00672,20.072096,2.90576,151.61943279890738
169.29999999999998,39.96317889,-106.21799369,2546.2992,68.79336,19.356832,2.90576,152.20486037516469
169.4,39.96316342,-106.21798348,2545.9944,68.48856,18.730976,2.90576,152.67417113213585
169.5,39.96314763,-106.21797325,2545.6896,68.21424,19.44624,2.90576,153.31813801735416
169.7,39.96311569,-106.21795301,2545.08,67.60464,19.759168000000003,2.90576,154.01957934362724
169.79999999999998,39.96309967,-106.21794311,2544.7752,67.29984,19.714464,2.90576,154.36840234958606
169.9,39.96308335,-106.21793304,2544.4704,66.99504,19.89328,2.995168,154.6040881508295
170.0,39.96306705,-106.21792321,2544.1656000000003,66.69024,20.027392,2.995168,154.95159069476324
170.1,39.96305013,-106.21791293,2543.8608,66.38544,20.34032,2.90576,155.3070758950853
170.2,39.96303341,-106.217903,2543.556,66.11112,20.608544,2.90576,155.54519990842903
170.29999999999998,39.96301745,-106.21789348,2543.2512,65.80632,19.982688,2.90576,155.65324814529504
170.4,39.96300145,-106.21788412,2542.9464000000003,65.50152,19.490944,2.90576,155.89148410002463
170.5,39.96298568,-106.21787472,2542.6416,65.19672,19.401536,2.816352,155.89148410002463
170.6,39.96296968,-106.21786533,2542.3368,65.01384,19.401536,2.90576,155.89148410002463
170.7,39.96295311,-106.21785544,2542.032,64.70904,19.89328,2.90576,155.89148410002463
170.79999999999998,39.96293796,-106.21784654,2541.7272000000003,64.40424,19.356832,2.90576,155.78422747040213
170.9,39.96292247,-106.21783728,2541.4224,64.09944,18.730976,2.90576,155.78422747040213
171.0,39.96290679,-106.21782803,2541.1176,63.79464000000001,19.043904,2.90576,155.78422747040213
171.1,39.96289098,-106.21781853,2540.8128,63.48984000000001,19.22272,2.995168,155.78422747040213
171.2,39.96287501,-106.21780906,2540.5080000000003,63.18504000000001,19.44624,2.995168,155.78422747040213
171.29999999999998,39.9628594,-106.21779969,2540.2032,62.910720000000005,19.312128,2.995168,155.67607048195669
171.4,39.96284373,-106.21779032,2539.8984,62.605920000000005,19.133312,2.995168,155.43624809808125
171.5,39.96282784,-106.21778064,2539.5936,62.30112,19.312128,2.995168,155.3263821301133
171.6,39.96281193,-106.21777092,2539.2888000000003,61.90488,19.490944,2.995168,155.08668659730506
171.7,39.9627961,-106.21776091,2538.984,61.60008,19.535648,2.995168,154.61613773624867
171.9,39.96276477,-106.21774073,2538.6792,61.1124,19.44624,2.90576,153.96764216773408
172.0,39.96274921,-106.21773053,2538.3744,60.8076,19.401536,2.90576,153.6128854543324
172.1,39.96273374,-106.21772007,2538.0696000000003,60.5028,19.356832,2.90576,153.25756307538973
172.2,39.96271827,-106.21770956,2537.7648,60.198,19.401536,2.90576,152.90170463777827
172.29999999999998,39.96270318,-106.21769905,2537.46,59.8932,19.22272,2.90576,152.66632090628684
172.4,39.96268806,-106.21768846,2537.1552,59.5884,19.043904,2.995168,152.30932343252584
172.5,39.96267226,-106.2176772,2536.8504000000003,59.31408,19.535648,2.995168,151.77122381863046
172.6,39.96265792,-106.21766692,2536.5456,59.00928,19.088608,2.995168,151.4107845968777
172.7,39.96264233,-106.21765562,2536.2408,58.70448,18.9992,3.084576,151.4107845968777
172.79999999999998,39.96262689,-106.21764433,2535.936,58.39968,19.759168000000003,3.084576,151.0490047925332
172.9,39.9626118,-106.21763314,2535.3264,58.003440000000005,19.490944,3.084576,150.68590592006638
173.0,39.96259685,-106.21762195,2535.0216,57.698640000000005,19.22272,2.995168,150.4885014429097
173.1,39.96258205,-106.21761074,2534.7168,57.39384,19.088608,2.995168,150.1388328503757
173.2,39.96256725,-106.21759944,2534.4120000000003,57.08904,19.043904,2.995168,150.00492038286023
173.29999999999998,39.96255255,-106.2175882,2534.1072,56.81472,18.9992,2.995168,149.6369030215085
173.4,39.96253785,-106.21757685,2534.1072,56.60136,18.954496,2.90576,149.6369030215085
173.6,39.9625085,-106.21755416,2533.4976,55.99176,18.954496,2.90576,149.26764681197324
173.7,39.96249409,-106.21754308,2533.1928000000003,55.68696,18.865088,2.90576,149.26764681197324
173.79999999999998,39.96247968,-106.21753185,2532.888,55.41264,18.641568,2.816352,149.26764681197324
173.9,39.96246531,-106.21752074,2532.5832,55.10784,18.596864,2.816352,148.8272204732039
174.0,39.96245087,-106.21750943,2532.2784,54.80304,18.641568,2.90576,148.8272204732039
174.1,39.96243639,-106.21749823,2531.9736000000003,54.49824,18.730976,2.90576,148.8272204732039
174.2,39.9624219,-106.21748686,2531.6688,54.19344000000001,18.77568,2.90576,148.8272204732039
174.29999999999998,39.962407,-106.21747539,2531.364,53.88864000000001,19.043904,2.90576,148.8272204732039
174.4,39.96239222,-106.21746383,2531.0592,53.614320000000006,19.178016,2.995168,148.8272204732039
174.5,39.96237762,-106.21745252,2530.7544000000003,53.309520000000006,19.043904,2.995168,148.8272204732039
174.6,39.96236312,-106.21744112,2530.4496,53.004720000000006,18.865088,2.995168,148.8272204732039
174.7,39.96234862,-106.2174298,2530.1448,52.699920000000006,18.820384,2.995168,148.8272204732039
174.9,39.96231958,-106.21740692,2529.5352000000003,52.090320000000006,18.865088,2.995168,148.48088981493277
175.0,39.96230507,-106.21739537,2529.2304,51.785520000000005,18.865088,2.995168,148.33924890336343
175.1,39.96229054,-106.21738381,2528.9256,51.5112,18.909792,2.995168,148.33924890336343
175.2,39.96227606,-106.21737216,2528.6208,51.2064,18.909792,2.995168,147.96585385281008
175.29999999999998,39.96226132,-106.2173603,2528.3160000000003,50.81016,19.088608,2.995168,147.96585385281008
175.4,39.96224672,-106.21734841,2528.0112,50.50536,19.178016,2.995168,147.8213437933989
175.5,39.96223246,-106.2173367,2527.7064,50.20056,18.954496,2.995168,147.8213437933989
175.6,39.96221829,-106.21732497,2527.4016,49.89576,18.686272,2.90576,147.60238507773067
175.7,39.96220426,-106.21731326,2527.0968000000003,49.59096,18.596864,2.90576,147.37154612918982
175.79999999999998,39.96219018,-106.21730146,2526.792,49.40808,18.55216,2.90576,147.22354188446803
175.9,39.96217622,-106.21728965,2526.4872,49.10328,18.55216,2.90576,147.22354188446803
176.0,39.96216222,-106.21727776,2526.1824,48.79848,18.55216,2.90576,146.99334872358702
176.1,39.96214801,-106.21726561,2525.8776000000003,48.49368,18.730976,2.995168,146.8436102620999
176.2,39.96213382,-106.21725344,2525.5728,48.097440000000006,18.865088,2.995168,146.8436102620999
176.29999999999998,39.96211997,-106.21724145,2525.268,47.792640000000006,18.686272,2.995168,146.8436102620999
176.4,39.96210614,-106.21722945,2524.9632,47.487840000000006,18.462752,2.995168,146.69266411933762
176.5,39.96209238,-106.21721752,2524.6584000000003,47.21352,18.418048,2.995168,146.46261906664472
176.6,39.96207786,-106.2172049,2524.3536,46.90872,18.865088,2.995168,146.46261906664472
176.7,39.96206477,-106.21719348,2524.0488,46.60392,18.462752,2.995168,146.46261906664472
176.79999999999998,39.96205096,-106.21718139,2523.744,46.29912,18.015712,2.995168,146.30993247402023
176.9,39.96203719,-106.21716934,2523.4392000000003,45.99432,18.462752,2.90576,146.30993247402023
177.0,39.9620234,-106.21715725,2523.1344,45.68952,18.462752,2.90576,146.30993247402023
177.1,39.96200966,-106.21714512,2522.8296,45.415200000000006,18.462752,2.90576,146.07859141821808
177.2,39.96199594,-106.21713295,2522.5248,45.110400000000006,18.462752,2.90576,146.07859141821808
177.29999999999998,39.96198198,-106.21712052,2522.2200000000003,44.805600000000005,18.641568,2.995168,145.57738840042134
177.4,39.9619681,-106.21710813,2521.9152,44.500800000000005,18.730976,2.995168,145.57738840042134
177.5,39.96195451,-106.21709599,2521.6104,44.196000000000005,18.507456,2.995168,145.57738840042134
177.6,39.96194096,-106.21708387,2521.3056,43.891200000000005,18.283936,2.995168,145.57738840042134
177.7,39.96192721,-106.21707164,2521.0008000000003,43.586400000000005,18.373344,2.995168,145.7657555447429
177.79999999999998,39.96191349,-106.21705939,2520.696,43.31208,18.507456,2.995168,145.7657555447429
177.9,39.96189952,-106.21704694,2520.3912,43.00728,18.641568,2.995168,145.7657555447429
178.0,39.96188571,-106.21703458,2520.0864,42.61104,18.730976,2.995168,145.60743087277478
178.1,39.96187246,-106.21702279,2519.7816000000003,42.30624,18.239232,2.995168,145.60743087277478
178.2,39.96185921,-106.21701092,2519.4768,42.00144,17.836896,2.90576,145.60743087277478
178.4,39.96183276,-106.21698721,2518.8672,41.39184000000001,17.836896,2.995168,145.60743087277478
178.5,39.96181949,-106.21697532,2518.5624000000003,41.08704000000001,17.8816,2.995168,145.60743087277478
178.6,39.96180615,-106.21696332,2518.2576,40.812720000000006,17.971008,2.995168,145.60743087277478
178.7,39.96179282,-106.21695134,2517.9528,40.507920000000006,18.015712,2.995168,145.36752349589676
178.79999999999998,39.96177946,-106.21693929,2517.648,40.203120000000006,18.015712,2.995168,145.36752349589676
179.0,39.96175263,-106.21691525,2517.0384,39.593520000000005,18.10512,2.995168,145.36752349589676
179.2,39.96172577,-106.21689124,2516.4288,39.0144,18.10512,2.995168,145.60115486365214
179.29999999999998,39.96171232,-106.21687931,2516.1240000000003,38.7096,18.10512,2.995168,145.60115486365214
179.5,39.96168567,-106.21685591,2515.5144,38.1,17.8816,2.90576,146.07235631170948
179.7,39.96165878,-106.21683305,2514.9048000000003,37.4904,17.836896,2.90576,146.90426571549176
179.79999999999998,39.96164512,-106.21682165,2514.6,37.1856,17.926304000000002,2.90576,147.29905691273922
179.9,39.96163103,-106.21681028,2514.2952,36.91128,18.239232,2.90576,147.53977760745
180.0,39.96161707,-106.21679902,2513.9904,36.60648,18.32864,2.90576,147.93406645301752
180.1,39.96160297,-106.21678803,2513.6856,36.30168,18.239232,2.995168,148.29857033049427
180.2,39.961589,-106.21677713,2513.3808,35.90544,18.194528,2.995168,148.69257110580224
180.3,39.96157523,-106.21676677,2513.076,35.60064,17.8816,2.90576,149.18429424827082
180.4,39.96156157,-106.21675648,2512.7712,35.29584,17.613376,2.816352,149.5122359324115
180.5,39.96154784,-106.21674637,2512.4664,35.11296,17.523968,2.503424,149.5804203972038
180.6,39.96153454,-106.2167365,2512.1616,34.80816,17.255744,2.503424,149.67639313745002
180.7,39.96152211,-106.21672758,2512.1616,34.5948,16.406368,2.68224,150.0768745440215
180.8,39.96150991,-106.21671874,2511.8568,34.29,15.6464,2.90576,150.07277772896185
180.9,39.96149874,-106.21671068,2511.552,34.10712,14.841728000000002,2.90576,150.04639183219854
181.0,39.96148762,-106.21670258,2511.2472,33.80232,14.171168,2.995168,150.3198840630165
181.1,39.96147734,-106.21669496,2510.9424,33.49752,13.679424,3.084576,150.1438649020787
181.2,39.96146699,-106.21668731,2510.6376,33.10128,13.18768,3.218688,150.4396455353193
181.3,39.96145718,-106.2166799,2510.3328,32.79648,12.919455999999998,3.218688,150.35013649242444
181.4,39.96144737,-106.21667261,2510.028,32.49168,12.561824,3.084576,150.67477007500958
181.5,39.96143843,-106.21666581,2509.7232,32.18688,12.025376,3.084576,150.48511836665517
181.6,39.96142958,-106.21665923,2509.4184,31.912560000000003,11.39952,3.084576,150.8411081028897
181.7,39.96142075,-106.21665254,2509.1136,31.607760000000003,11.310112,3.084576,150.83692238509866
181.8,39.96141287,-106.21664672,2508.8088,31.30296,10.684256,2.995168,151.03598203811396
181.9,39.96140509,-106.2166409,2508.504,30.99816,10.013696,2.995168,151.03994330604962
182.0,39.96139751,-106.21663537,2508.1992,30.69336,9.83488,2.995168,151.4915263059139
182.1,39.9613904,-106.21663013,2507.8944,30.38856,9.38784,2.995168,151.28288412902208
182.2,39.9613835,-106.21662517,2507.5896,30.11424,8.9408,2.995168,151.7947689529435
182.3,39.96137683,-106.21662037,2507.2848,29.80944,8.627872,2.995168,151.57879077547312
182.4,39.96137046,-106.21661589,2506.98,29.50464,8.27024,2.995168,152.168172435182
182.5,39.96136459,-106.21661184,2506.6752,29.19984,7.733792,2.995168,152.83501494266807
182.6,39.96135905,-106.21660812,2506.3704,28.89504,7.15264,2.995168,152.9627415515166
182.7,39.96135383,-106.21660476,2506.0656,28.59024,6.7056,2.995168,153.93900426024004
182.8,39.9613489,-106.21660168,2505.7608,28.28544,6.25856,2.995168,154.88516511385546
182.9,39.96134426,-106.21659893,2505.456,28.01112,5.856224,2.995168,155.1648324447351
183.0,39.96133995,-106.21659643,2505.1512,27.70632,5.453887999999999,2.995168,156.37062226934313
183.1,39.96133573,-106.21659414,2504.8464,27.40152,5.14096,2.995168,156.39981013208217
183.2,39.96133192,-106.21659215,2504.5416,27.096720000000005,4.828032,2.995168,158.40468955103233
183.3,39.9613285,-106.21659051,2504.2368,26.70048,4.291583999999999,3.084576,159.30454926593666
183.4,39.96132542,-106.21658917,2503.932,26.39568,3.844544,3.084576,161.56505117707798
183.5,39.9613226,-106.21658818,2503.6272,26.09088,3.442208,3.084576,163.4429286243634
183.6,39.96132009,-106.21658746,2503.0176,25.69464,2.995168,3.084576,166.56897112931836
183.7,39.96131784,-106.21658699,2502.7128,25.38984,2.726944,2.995168,169.26110289909457
183.8,39.9613159,-106.21658675,2502.408,25.08504,2.324608,2.995168,172.18470645323316
183.9,39.96131418,-106.21658671,2502.1032,24.810720000000003,2.01168,2.995168,173.65980825409008
184.0,39.96131277,-106.21658686,2501.7984,24.505920000000003,1.6987519999999998,2.90576,180.0
184.1,39.96131157,-106.21658712,2501.4936,24.201120000000003,1.519936,2.90576,180.0
184.2,39.96131067,-106.21658752,2501.1888,23.896320000000003,1.251712,2.90576,184.57392125990089
184.3,39.96131,-106.21658787,2501.1888,23.591520000000003,1.162304,2.816352,194.03624346792648
184.4,39.96130958,-106.21658834,2500.884,23.286720000000003,0.67056,2.816352,197.3540246362613
184.5,39.96130922,-106.21658865,2500.5792,23.0124,0.67056,2.816352,204.44395478041653
184.7,39.96130891,-106.21658925,2499.9696,22.402800000000003,0.0,2.90576,225.0
184.8,39.9613089,-106.21658959,2499.6648,22.098000000000003,0.44704,2.90576,248.19859051364816
184.9,39.96130877,-106.2165897,2499.36,21.7932,0.0,2.816352,270.0
185.0,39.96130884,-106.21658998,2499.0552,21.4884,0.67056,2.90576,270.0
185.1,39.96130871,-106.21659007,2498.4456,21.092160000000003,0.0,2.90576,270.0
185.2,39.96130879,-106.2165903,2498.1408,20.787360000000003,0.0,2.90576,270.0
185.3,39.96130866,-106.21659037,2497.836,20.51304,0.0,2.90576,291.8014094863518
185.4,39.96130875,-106.21659058,2497.5312,20.20824,0.0,2.995168,291.8014094863518
185.5,39.96130867,-106.21659074,2497.2264,19.90344,0.0,2.995168,291.8014094863518
185.6,39.96130879,-106.21659099,2496.9216,19.59864,0.0,2.995168,315.0
185.7,39.96130875,-106.21659125,2496.6168,19.2024,0.0,2.995168,315.0
185.8,39.96130893,-106.21659154,2496.3120000000004,18.8976,0.0,2.995168,315.0
185.9,39.96130902,-106.21659184,2496.0072,18.5928,0.0,2.995168,324.4623222080256
186.1,39.96130934,-106.21659246,2495.3976,18.01368,0.44704,2.995168,315.0
186.2,39.96130953,-106.21659277,2495.0928000000004,17.70888,0.0,2.995168,315.0
186.4,39.96130978,-106.21659346,2494.4832,17.00784,0.0,2.995168,338.1985905136482
186.5,39.96130989,-106.21659384,2494.1784,16.70304,0.312928,2.995168,338.1985905136482
186.7,39.9613102,-106.21659455,2493.5688,16.09344,0.491744,2.995168,338.1985905136482
186.8,39.96131037,-106.21659487,2493.264,15.78864,0.44704,2.995168,338.1985905136482
186.9,39.96131048,-106.21659524,2492.9592,15.51432,0.67056,2.995168,338.1985905136482
187.0,39.96131063,-106.21659548,2492.6544000000004,15.20952,0.491744,2.90576,338.1985905136482
187.1,39.96131073,-106.21659581,2492.3496,14.90472,0.0,2.90576,0.0
187.2,39.96131086,-106.21659601,2492.0448,14.50848,0.0,2.90576,0.0
187.3,39.96131101,-106.21659627,2491.74,14.20368,0.0,2.90576,0.0
187.4,39.96131117,-106.21659639,2491.4352000000003,13.99032,0.0,2.90576,0.0
187.5,39.9613113,-106.21659658,2491.1304,13.68552,0.0,2.90576,0.0
187.6,39.96131144,-106.21659663,2490.8256,13.4112,0.0,2.90576,0.0
187.8,39.96131176,-106.21659672,2490.2160000000003,12.710160000000002,0.0,2.816352,0.0
187.9,39.96131194,-106.2165968,2489.9112,12.4968,0.0,2.816352,0.0
188.0,39.96131208,-106.21659678,2489.6064,12.192,0.0,2.816352,0.0
188.1,39.9613122,-106.21659687,2489.3016,11.8872,0.0,2.816352,0.0
188.2,39.96131227,-106.21659686,2488.9968000000003,11.61288,0.0,2.90576,90.0
188.3,39.96131236,-106.21659698,2488.692,11.30808,0.0,2.995168,90.0
188.4,39.96131241,-106.21659697,2488.3872,10.91184,0.0,2.995168,90.0
188.5,39.96131244,-106.21659706,2488.0824,10.60704,0.0,2.816352,90.0
188.6,39.96131244,-106.21659704,2487.7776000000003,10.30224,0.0,2.592832,90.0
188.7,39.96131246,-106.21659717,2487.4728,10.08888,0.0,2.414016,0.0
188.8,39.96131241,-106.21659724,2487.168,9.814560000000002,0.0,2.01168,180.0
188.9,39.96131222,-106.21659759,2487.168,9.69264,0.0,1.385824,180.0
189.0,39.9613119,-106.21659792,2487.168,9.6012,0.491744,0.89408,195.94539590092288
189.1,39.96131143,-106.2165985,2486.8632,9.50976,0.67056,0.402336,192.52880770915152
189.2,39.96131091,-106.21659892,2486.8632,9.50976,0.67056,0.089408,190.304846468766
189.3,39.96131038,-106.21659953,2486.8632,9.50976,0.804672,-0.089408,192.52880770915152
189.4,39.96130989,-106.21659999,2487.168,9.6012,0.67056,-0.312928,209.05460409907715
189.5,39.96130949,-106.21660078,2487.168,9.6012,0.67056,-0.312928,217.87498365109815
189.6,39.96130911,-106.21660149,2487.168,9.6012,0.67056,-0.312928,232.1250163489018
189.7,39.96130884,-106.2166025,2487.168,9.6012,0.67056,-0.22352,237.52880770915152
189.8,39.96130857,-106.21660342,2487.168,9.6012,0.67056,0.0,245.55604521958347
189.9,39.96130842,-106.21660463,2486.8632,9.50976,0.938784,0.0,248.96248897457815
190.0,39.96130823,-106.21660578,2486.8632,9.50976,1.0728959999999998,0.089408,254.47588900324573
190.1,39.96130808,-106.21660734,2486.8632,9.38784,1.162304,0.22352,252.34987578006985
190.2,39.96130776,-106.21660901,2486.8632,9.2964,1.34112,0.312928,249.22774531795417
190.3,39.96130719,-106.21661138,2486.5584000000003,9.20496,1.78816,0.312928,247.1663458220825
190.4,39.96130634,-106.21661402,2486.5584000000003,9.20496,2.324608,0.312928,244.91640599380904
190.5,39.96130503,-106.21661756,2486.5584000000003,9.11352,2.90576,0.312928,241.032339353936
190.6,39.96130345,-106.2166213,2486.5584000000003,9.11352,3.486912,0.22352,238.3924977537511
190.7,39.96130132,-106.21662599,2486.5584000000003,9.11352,4.112768,0.089408,236.8643904512811
190.8,39.96129886,-106.21663097,2486.5584000000003,9.11352,4.828032,0.0,235.3416452944789
190.9,39.96129598,-106.21663652,2486.5584000000003,9.11352,5.36448,0.0,234.09027692082236
191.0,39.96129292,-106.21664214,2486.5584000000003,9.11352,5.766816,-0.22352,233.93561384258172
191.1,39.96128944,-106.21664831,2486.5584000000003,9.11352,6.213856,-0.22352,232.9434718105904
191.2,39.96128589,-106.21665441,2486.5584000000003,9.20496,6.526784,-0.312928,231.81821457165188
191.3,39.96128195,-106.2166611,2486.5584000000003,9.20496,6.8397120000000005,-0.22352,231.53663364879708
191.4,39.96127795,-106.21666772,2486.5584000000003,9.20496,7.197344,-0.22352,231.0958615445958
191.5,39.96127353,-106.21667491,2486.5584000000003,9.20496,7.554975999999999,-0.22352,231.10609384728423
191.6,39.96126939,-106.21668146,2486.5584000000003,9.20496,7.554975999999999,-0.089408,230.05724853255916
191.7,39.96126479,-106.2166887,2486.5584000000003,9.20496,7.644384,-0.089408,229.43647448565736
191.8,39.96125998,-106.21669603,2486.5584000000003,9.20496,8.136128,-0.089408,228.75172907052595
191.9,39.96125507,-106.21670345,2486.5584000000003,9.20496,8.27024,-0.089408,227.9184347207816
192.0,39.96124987,-106.21671099,2486.5584000000003,9.20496,8.49376,0.0,228.0355691250556
192.1,39.96124451,-106.21671871,2486.5584000000003,9.20496,8.71728,0.0,226.8881880067409
192.2,39.96123879,-106.21672656,2486.5584000000003,9.20496,9.074912,0.0,225.40348473505875
192.3,39.96123282,-106.21673451,2486.5584000000003,9.11352,9.343136,0.0,224.41337429248944
192.4,39.96122647,-106.21674252,2486.5584000000003,9.11352,9.656064,0.0,223.30979532567864
192.5,39.96121935,-106.21675107,2486.5584000000003,9.11352,10.28192,-0.089408,222.23867784056864
192.6,39.96121259,-106.21675878,2486.5584000000003,9.11352,10.371328,-0.089408,220.71084667118097
192.7,39.96120514,-106.21676678,2486.5584000000003,9.11352,10.371328,-0.089408,219.0094052820752
192.8,39.96119703,-106.21677507,2486.5584000000003,9.20496,11.086592,-0.22352,217.553702273572
192.9,39.96118939,-106.21678231,2486.5584000000003,9.20496,10.95248,-0.22352,216.2926297284796
193.0,39.96118111,-106.21678983,2486.5584000000003,9.20496,10.863072,-0.22352,214.93400896676533
193.1,39.96117273,-106.21679678,2486.5584000000003,9.20496,11.131296,-0.22352,213.0434157568509
193.2,39.9611641,-106.21680361,2486.5584000000003,9.20496,11.131296,-0.22352,211.7594800848128
193.3,39.96115528,-106.21680997,2486.5584000000003,9.20496,11.220704,-0.22352,209.943528572612
193.4,39.96114618,-106.21681622,2486.5584000000003,9.20496,11.310112,-0.089408,207.97947438848016
193.5,39.96113656,-106.21682221,2486.5584000000003,9.20496,11.667744,-0.089408,206.1615664420192
193.6,39.96112677,-106.21682798,2486.5584000000003,9.20496,11.891264,-0.089408,204.25841210156256
193.7,39.96111696,-106.21683307,2486.5584000000003,9.20496,11.84656,-0.089408,202.46519765257983
193.8,39.96110701,-106.21683787,2486.5584000000003,9.20496,11.757152,-0.089408,200.81506596636729
194.0,39.96108677,-106.21684591,2486.5584000000003,9.20496,11.757152,-0.089408,197.03776779562563
194.2,39.96106572,-106.21685222,2486.5584000000003,9.20496,12.025376,-0.089408,192.81397721426376
194.3,39.96105537,-106.21685452,2486.8632,9.2964,11.891264,-0.22352,190.79454206189527
194.4,39.96104489,-106.21685649,2486.8632,9.2964,11.712448,-0.22352,188.7461622625552
194.5,39.96103458,-106.21685787,2486.8632,9.2964,11.667744,-0.22352,186.79932144195848
194.6,39.96102409,-106.21685891,2486.8632,9.2964,11.62304,-0.22352,185.49232455712743
194.7,39.96101372,-106.21685944,2486.8632,9.2964,11.62304,-0.22352,182.86240522611172
194.8,39.96100321,-106.21685955,2486.8632,9.2964,11.62304,-0.22352,181.10170611520635
194.9,39.96099359,-106.21685911,2486.8632,9.2964,11.176,-0.089408,179.55927192723902
195.0,39.96098387,-106.21685821,2486.8632,9.2964,10.773664,0.0,177.54914736222895
195.1,39.9609739,-106.21685698,2486.8632,9.2964,10.997184,0.0,175.96228937902288
195.2,39.96096361,-106.21685526,2486.8632,9.2964,11.310112,0.0,173.46103791703865
195.3,39.96095346,-106.21685317,2486.8632,9.2964,11.488928,0.0,171.3911139755487
195.4,39.96094346,-106.2168505,2486.8632,9.2964,11.354816,0.0,169.18359766464687
195.5,39.96093371,-106.21684746,2486.8632,9.2964,11.220704,0.0,166.97080519205633
195.6,39.9609241,-106.21684387,2486.8632,9.2964,11.131296,0.0,164.66308866226404
195.7,39.9609148,-106.21684001,2486.8632,9.2964,10.997184,0.0,162.82817757090584
195.8,39.96090563,-106.21683564,2486.8632,9.2964,10.863072,0.0,160.44174846300257
195.9,39.96089685,-106.21683104,2486.8632,9.38784,10.684256,0.0,158.60018986791783
196.0,39.96088826,-106.21682591,2486.8632,9.38784,10.50544,-0.089408,156.3846036696301
196.1,39.96087983,-106.21682053,2486.8632,9.38784,10.460736,-0.089408,153.88169048693737
196.2,39.9608717,-106.21681465,2486.8632,9.38784,10.371328,0.0,151.4915263059139
196.3,39.96086456,-106.21680895,2486.8632,9.38784,9.83488,0.0,149.21585347367358
196.4,39.96085769,-106.21680282,2486.8632,9.38784,9.298432,0.0,146.76047977580447
196.5,39.96085149,-106.21679686,2486.8632,9.38784,8.896096,0.0,144.6887865603668
196.6,39.96084544,-106.21679041,2486.8632,9.38784,8.627872,0.0,141.92344891481054
196.7,39.96084003,-106.2167843,2486.8632,9.38784,8.314944,0.0,139.23639479905887
196.8,39.96083486,-106.21677776,2486.8632,9.2964,7.957312,0.0,137.62240146054114
196.9,39.96083035,-106.21677165,2486.8632,9.2964,7.644384,0.0,133.85880074441286
197.0,39.96082614,-106.21676513,2486.8632,9.2964,7.242048,0.0,131.18592516570965
197.1,39.96082253,-106.21675911,2486.8632,9.2964,6.884416,0.0,128.93821121127138
197.2,39.96081927,-106.21675272,2486.8632,9.2964,6.526784,0.0,124.83791680599928
197.3,39.96081646,-106.21674681,2486.8632,9.2964,6.213856,0.0,121.71134586523794
197.4,39.96081405,-106.21674054,2486.8632,9.2964,5.945632,0.0,117.85444908113828
197.5,39.96081214,-106.21673475,2486.8632,9.38784,5.677408,-0.089408,113.70264595096626
197.6,39.96081059,-106.21672836,2486.8632,9.38784,5.543296,-0.089408,109.56378361958264
197.7,39.96080953,-106.21672303,2486.8632,9.38784,5.14096,-0.089408,105.69492414342004
197.8,39.96080883,-106.2167171,2486.8632,9.38784,4.872736,-0.089408,100.4742348282258
197.9,39.96080842,-106.21671147,2486.8632,9.38784,4.962144,-0.089408,96.23448009554124
198.0,39.96080845,-106.21670562,2486.8632,9.38784,4.872736,-0.089408,92.46811791382856
198.1,39.96080867,-106.21669997,2486.8632,9.38784,4.872736,-0.089408,88.99491399474584
198.2,39.96080936,-106.21669419,2486.8632,9.38784,4.872736,0.0,84.48852258397937
198.3,39.96081016,-106.2166885,2486.8632,9.38784,4.962144,0.0,79.87532834460217
198.4,39.96081149,-106.21668279,2486.8632,9.38784,5.006848,0.0,75.23080146970835
198.5,39.96081302,-106.21667702,2486.8632,9.38784,5.14096,0.0,70.44800482675942
198.6,39.96081488,-106.21667184,2486.8632,9.38784,5.006848,0.0,65.88580146069307
198.7,39.96081697,-106.21666615,2486.8632,9.38784,5.14096,0.0,62.33324270771561
198.8,39.96081973,-106.21666034,2486.8632,9.38784,5.588,0.0,58.04563706294863
198.9,39.96082228,-106.21665538,2486.8632,9.38784,5.453887999999999,0.0,54.85132734280808
199.0,39.96082546,-106.21665032,2486.8632,9.38784,5.319776,0.0,50.9061411137705
199.1,39.96082875,-106.21664544,2486.8632,9.38784,5.588,0.0,46.60002471514776
199.2,39.96083256,-106.2166407,2486.8632,9.38784,5.677408,0.0,43.75463573323168
199.3,39.96083653,-106.2166361,2486.8632,9.38784,5.856224,0.0,40.08343399398996
199.4,39.96084098,-106.21663167,2486.8632,9.38784,6.079744,0.0,37.0362129392812
199.5,39.96084547,-106.21662751,2486.8632,9.38784,6.169152,0.0,34.92566726989725
199.6,39.96085066,-106.21662332,2486.8632,9.38784,6.437376,0.0,31.711345865238
199.8,39.960861,-106.21661591,2486.8632,9.38784,6.616192,0.0,27.72405623597137
200.0,39.96087284,-106.21660857,2486.8632,9.38784,7.286752,0.0,23.71056191934821
200.1,39.96087917,-106.2166049,2486.8632,9.38784,7.420864000000001,0.0,22.249023657212376
200.2,39.96088584,-106.21660155,2486.8632,9.38784,7.8232,0.0,20.43895591491304
200.3,39.96089262,-106.21659824,2486.8632,9.38784,8.002016,0.0,18.434948822922024
200.4,39.96089972,-106.21659526,2486.8632,9.38784,8.180832,0.0,17.42986281766781
200.5,39.96090693,-106.21659238,2486.8632,9.38784,8.359648,0.0,15.309273487983203
200.6,39.96091484,-106.21658971,2486.8632,9.38784,8.71728,0.0,13.815025341261617
200.7,39.96092234,-106.21658732,2486.8632,9.38784,8.851392,0.0,11.888658039627956
200.9,39.96093769,-106.21658341,2486.8632,9.38784,8.71728,0.0,9.695609923382449
201.0,39.96094595,-106.21658181,2486.8632,9.38784,8.896096,0.0,8.013251844141564
201.1,39.96095431,-106.2165804,2486.8632,9.38784,9.343136,0.0,6.788974574438782
201.2,39.96096296,-106.21657929,2486.8632,9.38784,9.521952,0.0,5.314545669944778
201.4,39.96098137,-106.21657738,2486.8632,9.38784,10.28192,0.0,2.811373594526515
201.5,39.96099061,-106.21657671,2486.8632,9.38784,10.28192,0.0,2.2605019111412616
201.6,39.96100004,-106.21657635,2486.8632,9.38784,10.416032,0.0,1.22933448647791
201.7,39.96100944,-106.2165761,2486.8632,9.38784,10.50544,0.0,0.4834972108902775
201.8,39.96101959,-106.21657615,2486.8632,9.38784,10.863072,0.0,0.0
201.9,39.96102884,-106.21657622,2486.8632,9.38784,10.773664,0.0,358.83561195987613
202.0,39.96103886,-106.21657659,2486.8632,9.38784,10.72896,0.0,358.38320968932675
202.1,39.96104904,-106.21657698,2486.8632,9.38784,11.220704,0.0,357.5104470780008
202.2,39.96105945,-106.21657768,2486.8632,9.38784,11.444224,0.0,357.10423802653344
202.3,39.96107007,-106.21657842,2486.8632,9.38784,11.712448,0.0,356.50536107274667
202.4,39.96108087,-106.21657948,2486.8632,9.38784,11.935968,0.0,355.70013717980794
202.5,39.9610919,-106.21658057,2486.8632,9.38784,12.159488,0.0,354.729329248359
202.6,39.96110307,-106.216582,2486.8632,9.38784,12.383008,0.0,354.3517526262647
202.7,39.96111422,-106.2165835,2486.8632,9.38784,12.472416,0.0,353.6144074874329
202.8,39.96112552,-106.21658536,2486.8632,9.38784,12.561824,0.0,352.7249950421107
202.9,39.96113692,-106.21658737,2486.8632,9.38784,12.74064,0.0,351.9829069263447
203.0,39.96114849,-106.21658972,2486.8632,9.38784,12.874752,0.0,351.0582384096884
203.1,39.96116021,-106.21659217,2486.8632,9.38784,13.098272,0.0,350.3770058084506
203.2,39.96117208,-106.21659497,2486.8632,9.38784,13.277088,0.0,349.5575476006392
203.3,39.9611841,-106.21659795,2486.8632,9.38784,13.500608,0.0,348.87694155189484
203.4,39.96119617,-106.21660127,2486.8632,9.38784,13.679424,0.0,347.94504086484835
203.5,39.96120817,-106.21660475,2486.8632,9.38784,13.679424,0.0,347.32876699592686
203.6,39.96122025,-106.21660858,2486.8632,9.38784,13.724128,0.0,346.14364849830145
203.7,39.96123283,-106.21661273,2486.8632,9.50976,14.126464,0.0,345.5182306788752
203.8,39.96124541,-106.21661727,2486.8632,9.50976,14.484096,0.0,344.2803743909841
203.9,39.96125864,-106.21662237,2486.8632,9.38784,14.931136,0.0,343.1625273743236
204.0,39.96127157,-106.2166278,2486.8632,9.38784,15.19936,0.0,341.62161165180805
204.1,39.96128399,-106.21663353,2486.8632,9.38784,14.886432,0.0,340.6092730594043
204.2,39.9612963,-106.21663969,2486.8632,9.38784,14.662912,0.0,338.9879198559588
204.3,39.96130816,-106.21664627,2486.8632,9.38784,14.484096,0.0,337.38013505195954
204.4,39.96132006,-106.21665338,2486.8632,9.38784,14.439391999999998,0.0,335.31026619427183
204.5,39.96133169,-106.21666115,2486.8632,9.38784,14.5288,0.0,333.82471001824007
204.6,39.96134334,-106.21666943,2486.8632,9.50976,14.618208,0.0,331.6522997303542
204.7,39.96135494,-106.21667856,2486.8632,9.50976,14.886432,0.0,329.8682813584982
204.8,39.96136642,-106.21668807,2486.8632,9.50976,15.109951999999998,0.0,328.1776113134544
204.9,39.96137759,-106.21669834,2486.8632,9.50976,15.154656,0.0,325.9270089889777
205.0,39.9613885,-106.21670894,2486.8632,9.50976,15.154656,0.0,323.95991681485793
205.1,39.96139873,-106.21672004,2486.8632,9.50976,14.97584,0.0,321.88172363063694
205.2,39.96140871,-106.21673153,2486.8632,9.50976,14.797024,0.0,319.681878236399
205.3,39.96141821,-106.21674358,2486.8632,9.50976,14.75232,0.0,317.7029440378147
205.4,39.96142749,-106.21675604,2486.8632,9.50976,14.75232,0.0,315.3712417561815
205.5,39.96143624,-106.21676901,2486.8632,9.50976,14.75232,0.0,313.1444142636347
205.6,39.96144466,-106.21678238,2486.8632,9.50976,14.75232,0.0,310.65832426735835
205.7,39.96145273,-106.21679643,2486.8632,9.50976,14.841728000000002,0.0,308.24642596446904
205.8,39.96146036,-106.2168108,2486.8632,9.50976,14.931136,0.0,305.74245097125265
205.9,39.96146744,-106.21682557,2486.8632,9.50976,14.886432,0.0,303.15002047351976
206.0,39.96147402,-106.21684061,2486.8632,9.50976,14.797024,0.0,300.93332861166635
206.1,39.9614802,-106.21685623,2486.8632,9.50976,14.886432,0.0,298.1561914482726
206.2,39.96148587,-106.21687202,2486.8632,9.50976,14.931136,0.0,295.6861053828074
206.3,39.96149079,-106.21688756,2486.8632,9.50976,14.573504,-0.089408,293.38973502391934
206.4,39.96149521,-106.21690304,2487.168,9.6012,14.171168,-0.089408,291.73229518994304
206.5,39.96149926,-106.21691853,2487.168,9.6012,14.037056,-0.089408,290.42233302472346
206.6,39.96150298,-106.21693384,2487.168,9.6012,13.813536,-0.089408,289.1148021084218
206.7,39.96150636,-106.2169478,2487.168,9.69264,13.098272,-0.089408,288.37149837320885
206.8,39.96150957,-106.2169624,2487.168,9.69264,12.695936,0.0,287.3294920839121
206.9,39.96151233,-106.21697431,2487.168,9.6012,11.757152,0.0,286.2940474565989
207.0,39.96151489,-106.21698713,2487.168,9.6012,10.95248,0.0,285.1409838350769
207.2,39.96151967,-106.21701098,2487.168,9.6012,10.50544,0.089408,283.0291948079438
207.3,39.96152201,-106.21702246,2487.168,9.6012,10.371328,0.089408,281.8762644037596
207.4,39.96152383,-106.21703404,2486.8632,9.50976,10.103104,0.089408,280.7726476482207
207.5,39.96152563,-106.21704473,2486.8632,9.50976,9.700768,0.089408,279.3349984631382
207.6,39.9615269,-106.21705531,2486.8632,9.50976,9.209024,0.089408,277.7531618745588
207.8,39.96152894,-106.21707555,2486.8632,9.50976,8.71728,0.089408,274.69068445573487
207.9,39.96152957,-106.2170844,2486.8632,9.50976,8.314944,0.089408,272.74079059418256
208.0,39.96152974,-106.21709349,2486.8632,9.50976,7.644384,0.089408,270.6401496695236
208.1,39.96152977,-106.21710217,2486.8632,9.38784,7.554975999999999,0.089408,269.33380002981687
208.2,39.96152934,-106.21711049,2486.8632,9.38784,7.242048,0.089408,266.8396383739544
208.3,39.96152871,-106.21711849,2486.8632,9.38784,6.973824,0.089408,263.45961417180337
208.5,39.96152631,-106.21713321,2486.8632,9.38784,6.571488,0.0,256.06220279174573
208.6,39.96152454,-106.21713978,2486.8632,9.38784,5.990336,0.0,251.43086926896217
208.7,39.96152247,-106.21714592,2486.8632,9.38784,5.81152,-0.089408,247.10013347153443
208.9,39.9615173,-106.21715627,2486.8632,9.38784,5.409184,-0.491744,236.1695019230829
209.0,39.96151429,-106.2171605,2486.8632,9.50976,5.006848,-0.491744,231.0885281541952
209.1,39.96151098,-106.21716436,2486.8632,9.50976,4.91744,-0.491744,225.7848246029919
209.2,39.96150754,-106.21716772,2487.168,9.6012,4.828032,-0.491744,221.39872188277656
209.3,39.96150414,-106.21717065,2487.168,9.6012,4.649216,-0.402336,216.5288553669852
209.5,39.96149691,-106.21717551,2487.168,9.69264,4.515104,-0.402336,207.06110613747325
209.7,39.96148871,-106.21717942,2487.168,9.814560000000002,4.828032,-0.491744,199.61787940811828
209.8,39.96148459,-106.21718082,2487.168,9.814560000000002,4.828032,-0.581152,196.44860812703985
209.9,39.96148024,-106.21718223,2487.4728,9.906,4.828032,-0.581152,192.58296249407687
210.0,39.96147559,-106.21718322,2487.4728,9.906,5.14096,-0.491744,190.92280471986928
210.1,39.96147081,-106.21718435,2487.4728,9.99744,5.36448,-0.491744,188.60138485871488
210.2,39.96146575,-106.21718502,2487.4728,9.99744,5.498592,-0.402336,186.0332530062007
210.3,39.96146062,-106.21718582,2487.4728,10.08888,5.677408,-0.312928,184.1181897039888
210.4,39.96145527,-106.21718612,2487.4728,10.08888,5.856224,-0.402336,182.2025981617658
210.5,39.9614499,-106.21718652,2487.4728,10.08888,5.945632,-0.312928,180.0
210.7,39.96143872,-106.21718636,2487.4728,10.08888,6.213856,-0.22352,177.1578621163444
210.8,39.96143261,-106.21718577,2487.7776000000003,10.2108,6.437376,-0.22352,175.6012946450045
210.9,39.96142706,-106.21718522,2487.7776000000003,10.2108,6.526784,-0.22352,173.82982490497034
211.0,39.96142098,-106.21718417,2487.7776000000003,10.2108,6.48208,-0.22352,172.4053566314086
211.1,39.96141483,-106.217183,2487.7776000000003,10.2108,6.884416,-0.22352,170.77917595936208
211.2,39.96140845,-106.21718141,2487.7776000000003,10.2108,7.018528,-0.22352,169.66344585350066
211.3,39.96140197,-106.21717971,2487.7776000000003,10.2108,7.286752,-0.22352,168.07547606238813
211.4,39.96139529,-106.21717769,2487.7776000000003,10.2108,7.465567999999999,-0.089408,167.76388849058367
211.5,39.96138831,-106.21717556,2487.7776000000003,10.2108,7.778496,-0.089408,166.75948008481282
211.6,39.96138113,-106.21717311,2487.7776000000003,10.30224,8.091424,-0.089408,165.57922687248902
211.7,39.96137358,-106.21717059,2487.7776000000003,10.30224,8.449055999999999,-0.089408,165.287952990666
211.8,39.96136591,-106.21716778,2487.7776000000003,10.2108,8.761984,0.0,164.4274564031898
211.9,39.96135832,-106.217165,2487.7776000000003,10.2108,8.806688,0.0,163.97413255155027
212.0,39.96135057,-106.21716194,2487.7776000000003,10.2108,8.896096,0.0,163.19130837379316
212.1,39.96134271,-106.21715881,2487.7776000000003,10.2108,9.074912,0.0,163.0609143689505
212.2,39.96133461,-106.21715536,2487.7776000000003,10.2108,9.298432,0.0,162.07967008819514
212.3,39.96132622,-106.21715172,2487.7776000000003,10.2108,9.656064,0.0,161.31264849478885
212.4,39.96131767,-106.21714773,2487.7776000000003,10.2108,9.968992,0.0,159.92847413546133
212.5,39.96130894,-106.21714348,2487.7776000000003,10.2108,10.237215999999998,0.0,158.90766049417243
212.6,39.96130014,-106.21713888,2487.7776000000003,10.2108,10.460736,0.0,157.78240573048174
212.7,39.96129151,-106.21713397,2487.7776000000003,10.2108,10.50544,0.0,156.83358004979482
212.8,39.96128279,-106.21712871,2487.7776000000003,10.2108,10.550144,0.0,155.49583951896147
213.0,39.96126554,-106.21711713,2487.7776000000003,10.2108,10.72896,0.0,152.4836303197917
213.1,39.96125728,-106.21711086,2487.7776000000003,10.2108,10.72896,0.0,150.80854318463128
213.3,39.96124072,-106.21709693,2487.4728,10.08888,10.95248,0.0,147.34919770340446
213.4,39.96123241,-106.21708933,2487.4728,10.08888,11.041888,0.0,145.73055669926902
213.5,39.96122423,-106.21708099,2487.4728,10.08888,11.444224,0.0,143.92130165444166
213.6,39.96121684,-106.21707321,2487.4728,10.08888,11.041888,0.0,142.34717017911635
213.7,39.9612095,-106.21706467,2487.4728,10.08888,10.72896,0.0,140.37099469553573
213.8,39.96120206,-106.21705582,2487.4728,10.08888,11.086592,0.0,139.37388049540812
213.9,39.96119504,-106.21704667,2487.4728,10.08888,11.131296,-0.089408,137.5733594631768
214.0,39.96118796,-106.21703717,2487.4728,10.08888,11.176,-0.22352,135.64014966952357
214.1,39.96118117,-106.21702737,2487.7776000000003,10.2108,11.265408,-0.491744,133.57973445360096
214.2,39.96117441,-106.21701718,2487.7776000000003,10.2108,11.354816,-0.804672,132.15338308418393
214.3,39.96116775,-106.21700635,2487.7776000000003,10.30224,11.667744,-1.1176,130.11881527480966
214.4,39.96116121,-106.2169953,2488.0824,10.48512,11.84656,-1.207008,128.69455402273138
214.5,39.96115517,-106.21698425,2488.0824,10.60704,11.757152,-1.296416,126.78079075110094
214.6,39.96114931,-106.21697299,2488.3872,10.78992,11.578335999999998,-1.385824,125.17472295785154
214.7,39.96114398,-106.21696177,2488.3872,10.91184,11.444224,-1.385824,123.25742153496049
214.8,39.96113877,-106.21695023,2488.3872,11.09472,11.310112,-1.385824,121.69580802710686
214.9,39.96113405,-106.21693898,2488.692,11.18616,11.176,-1.519936,119.96674187061171
215.0,39.96112948,-106.21692727,2488.692,11.39952,11.086592,-1.609344,117.7689884090247
215.1,39.96112548,-106.21691589,2488.9968000000003,11.49096,10.907775999999998,-1.6987519999999998,115.96406853823004
215.2,39.96112162,-106.21690404,2488.9968000000003,11.70432,10.818368,-1.6987519999999998,114.2584121015626
215.3,39.96111801,-106.21689214,2489.3016,11.79576,10.95248,-1.6987519999999998,112.63717485068992
215.4,39.96111453,-106.21687975,2489.3016,12.00912,11.041888,-1.78816,111.21549790689907
215.5,39.96111124,-106.21686719,2489.6064,12.192,11.265408,-1.6987519999999998,110.00235266814052
215.7,39.9611052,-106.21684197,2489.9112,12.405360000000002,11.265408,-0.983488,107.4348746947993
215.8,39.96110246,-106.21682937,2489.9112,12.4968,11.220704,-0.715264,107.00285263875736
215.9,39.96109973,-106.2168171,2489.9112,12.4968,11.041888,-0.312928,105.9141209152118
216.0,39.96109722,-106.21680454,2489.9112,12.4968,10.95248,0.0,104.59195620196544
216.1,39.96109474,-106.21679226,2489.9112,12.405360000000002,10.95248,0.22352,102.92599912470598
216.2,39.96109267,-106.21677962,2489.9112,12.405360000000002,10.907775999999998,0.312928,101.3550828031402
216.3,39.96109078,-106.21676702,2489.6064,12.31392,10.997184,0.402336,99.23555909316592
216.4,39.96108943,-106.21675419,2489.6064,12.31392,10.997184,0.312928,96.77794873419909
216.5,39.9610886,-106.21674163,2489.6064,12.192,10.907775999999998,0.312928,94.21909534924843
216.6,39.96108829,-106.21672837,2489.6064,12.192,11.041888,0.089408,91.19848165011848
216.7,39.96108865,-106.21671677,2489.6064,12.192,10.594848,0.0,88.79140756797312
216.8,39.96108944,-106.21670451,2489.6064,12.31392,10.192512,-0.089408,86.0716927746023
216.9,39.96109085,-106.21669257,2489.6064,12.31392,10.416032,-0.312928,83.24642596446904
217.0,39.9610926,-106.21668068,2489.9112,12.405360000000002,10.28192,-0.402336,80.3718438715133
217.1,39.96109495,-106.21666991,2489.9112,12.4968,9.924288,-0.491744,77.88737707401498
217.2,39.96109759,-106.21665911,2489.9112,12.4968,9.61136,-0.402336,75.40082484748797
217.3,39.96110059,-106.21664912,2489.9112,12.58824,9.38784,-0.312928,72.80145877993414
217.4,39.96110385,-106.21663891,2489.9112,12.58824,9.298432,-0.312928,70.55996517182382
217.5,39.96110738,-106.21662913,2489.9112,12.58824,9.298432,-0.089408,67.85194784891564
217.6,39.96111121,-106.21661923,2489.9112,12.58824,9.343136,0.0,65.95577673063218
217.7,39.96111505,-106.2166101,2489.9112,12.58824,9.16432,0.0,62.94940299291386
217.8,39.9611193,-106.21660101,2489.9112,12.58824,8.985504,0.0,60.62738373912106
217.9,39.96112357,-106.21659228,2489.9112,12.58824,8.9408,0.089408,58.14033310926902
218.0,39.96112835,-106.21658364,2489.9112,12.4968,8.9408,0.089408,55.375844920051065
218.1,39.96113309,-106.21657574,2489.9112,12.4968,8.806688,0.089408,52.17432423648228
218.2,39.96113832,-106.21656806,2489.9112,12.4968,8.672576,0.0,49.39870535499551
218.3,39.96114358,-106.216561,2489.9112,12.4968,8.583167999999999,0.0,46.62497635752476
218.4,39.96114934,-106.21655413,2489.9112,12.4968,8.538464000000001,0.0,43.772421167865446
218.5,39.96115512,-106.21654775,2489.9112,12.4968,8.538464000000001,0.0,40.47523152716582
218.6,39.9611617,-106.21654136,2489.9112,12.58824,8.761984,0.0,38.15722658736905
218.7,39.96116751,-106.21653626,2489.9112,12.58824,8.449055999999999,-0.089408,34.824489156956815
218.8,39.96117439,-106.21653096,2489.9112,12.58824,8.314944,-0.089408,31.818853928340275
218.9,39.96118052,-106.2165267,2489.9112,12.58824,8.314944,-0.089408,28.94001269283933
219.0,39.96118742,-106.21652247,2489.9112,12.58824,8.091424,0.0,26.433939782330757
219.1,39.96119419,-106.21651874,2489.9112,12.58824,8.314944,0.0,23.54536638395325
219.2,39.96120138,-106.21651535,2489.9112,12.58824,8.314944,0.0,20.86762040541919
219.3,39.96120843,-106.21651245,2489.9112,12.58824,8.359648,0.0,17.878696595841348
219.4,39.96121587,-106.21650996,2489.9112,12.58824,8.404352,0.0,15.177726882255058
219.5,39.96122345,-106.21650775,2489.9112,12.58824,8.583167999999999,0.0,12.752119750207612
219.6,39.96123135,-106.21650604,2489.9112,12.58824,8.761984,0.0,10.042023635529516
219.7,39.96123895,-106.21650488,2489.9112,12.58824,8.672576,0.0,7.305759533310834
219.8,39.96124721,-106.21650424,2489.9112,12.58824,8.851392,0.0,3.775465824289825
219.9,39.96125435,-106.21650417,2490.2160000000003,12.710160000000002,8.538464000000001,0.0,1.439289627882431
220.0,39.96126219,-106.21650461,2490.2160000000003,12.710160000000002,8.314944,0.0,358.5607103721176
220.1,39.96127006,-106.2165055,2490.2160000000003,12.710160000000002,8.761984,0.0,356.29945694482166
220.2,39.96127819,-106.21650698,2490.2160000000003,12.710160000000002,8.9408,0.0,352.9100698558448
220.3,39.96128591,-106.21650897,2490.2160000000003,12.710160000000002,8.9408,0.0,349.7458353220958
220.5,39.96130132,-106.21651478,2490.2160000000003,12.710160000000002,8.851392,0.0,343.59471474206555
220.6,39.96130904,-106.2165186,2490.2160000000003,12.710160000000002,8.985504,0.0,340.51387042753424
220.8,39.96132381,-106.21652795,2490.2160000000003,12.710160000000002,9.119616,0.0,334.6538240580533
220.9,39.96133081,-106.21653339,2490.2160000000003,12.710160000000002,9.074912,0.0,331.4975639230714
221.0,39.96133791,-106.21653943,2489.9112,12.58824,9.209024,0.0,328.7114935394325
221.1,39.96134456,-106.21654588,2489.9112,12.58824,9.343136,0.0,325.6428707447036
221.2,39.96135124,-106.21655297,2489.9112,12.58824,9.38784,0.0,322.59464336859145
221.3,39.96135739,-106.21656035,2489.9112,12.58824,9.432544,0.0,319.5437576514672
221.4,39.96136349,-106.21656837,2489.9112,12.58824,9.432544,0.0,316.30619209391875
221.5,39.96136907,-106.21657664,2489.9112,12.58824,9.521952,0.089408,313.69380790608125
221.6,39.9613746,-106.21658546,2489.9112,12.58824,9.566656,0.22352,311.2604966370689
221.7,39.96137962,-106.21659445,2489.9112,12.58824,9.566656,0.312928,308.5377293631609
221.8,39.96138455,-106.216604,2489.9112,12.58824,9.656064,0.312928,305.9892904531824
221.9,39.96138922,-106.21661367,2489.9112,12.4968,9.790176,0.402336,303.47276472650424
222.0,39.9613937,-106.21662388,2489.9112,12.405360000000002,9.879584,0.491744,300.9637565320735
222.1,39.96139798,-106.2166348,2489.9112,12.405360000000002,10.237215999999998,0.491744,297.60248711439493
222.2,39.96140155,-106.21664514,2489.6064,12.31392,10.0584,0.581152,295.0636910006474
222.3,39.96140468,-106.21665553,2489.6064,12.192,9.61136,0.715264,292.227568582569
222.4,39.96140751,-106.21666645,2489.6064,12.192,9.700768,0.804672,289.89543133476565
222.5,39.96140992,-106.21667716,2489.6064,12.100560000000002,9.700768,0.983488,287.94940299291386
222.6,39.96141217,-106.21668841,2489.3016,11.8872,9.700768,1.207008,285.45599907031215
222.7,39.96141411,-106.21669939,2489.3016,11.79576,9.745472,1.207008,283.1092081981543
222.8,39.96141566,-106.21671094,2488.9968000000003,11.70432,9.790176,1.1176,280.12467165539783
222.9,39.96141685,-106.21672218,2488.9968000000003,11.61288,9.83488,0.983488,277.3121548652982
223.0,39.96141755,-106.21673385,2488.692,11.39952,9.83488,1.1176,274.55376797915864
223.1,39.96141777,-106.21674522,2488.692,11.39952,9.83488,0.89408,271.2673989852333
223.2,39.96141748,-106.21675695,2488.692,11.30808,9.83488,0.804672,269.49297093908524
223.3,39.96141672,-106.2167684,2488.692,11.18616,9.879584,0.715264,266.707852887004
223.4,39.96141551,-106.21678012,2488.692,11.18616,9.924288,0.804672,263.68763524535194
223.5,39.96141396,-106.21679133,2488.3872,11.09472,9.879584,0.804672,261.3691982114516
223.6,39.96141197,-106.21680276,2488.3872,11.00328,9.83488,0.715264,258.6408866114379
223.7,39.96140964,-106.21681387,2488.3872,10.91184,9.879584,0.804672,256.3286928678042
223.8,39.96140684,-106.21682518,2488.3872,10.78992,9.968992,0.804672,253.4689189965943
223.9,39.96140382,-106.21683616,2488.0824,10.698480000000002,10.0584,0.89408,251.1699141345705
224.0,39.9614003,-106.21684719,2488.0824,10.698480000000002,10.0584,0.804672,248.2449838472444
224.1,39.96139654,-106.21685785,2488.0824,10.60704,10.103104,0.89408,245.68069138881708
224.2,39.96139229,-106.21686846,2487.7776000000003,10.393680000000002,10.103104,0.983488,243.434948822922
224.3,39.96138784,-106.21687882,2487.7776000000003,10.30224,10.147808,1.1176,241.3097134549817
224.4,39.96138292,-106.21688908,2487.7776000000003,10.2108,10.237215999999998,0.983488,238.6061030542493
224.5,39.96137793,-106.21689872,2487.4728,10.08888,10.103104,1.1176,236.65929265352295
224.6,39.96137246,-106.21690822,2487.4728,9.99744,10.013696,1.1176,234.2298862437277
224.7,39.96136671,-106.21691765,2487.4728,9.906,10.192512,1.1176,232.0812122446587
224.8,39.96136052,-106.21692691,2487.168,9.814560000000002,10.371328,1.1176,229.7783216236648
224.9,39.96135449,-106.21693542,2487.168,9.69264,10.147808,1.207008,227.8271245781613
225.0,39.96134808,-106.21694375,2486.8632,9.50976,9.968992,1.296416,226.23387216700004
225.1,39.96134165,-106.21695172,2486.8632,9.38784,9.968992,1.296416,223.76612783299996
225.2,39.96133472,-106.21695956,2486.8632,9.2964,10.013696,1.207008,221.8396383739543
225.3,39.96132778,-106.21696703,2486.5584000000003,9.11352,10.103104,1.207008,219.5844749148451
225.4,39.96132044,-106.21697425,2486.5584000000003,8.9916,10.103104,1.207008,217.61395684873276
225.5,39.96131304,-106.21698101,2486.2536,8.90016,10.103104,1.207008,215.0737544933483
225.6,39.96130524,-106.21698745,2486.2536,8.80872,10.147808,1.207008,213.06580407494144
225.7,39.96129744,-106.21699351,2486.2536,8.6868,10.192512,1.207008,211.13453331251935
225.8,39.9612893,-106.21699922,2485.9488,8.50392,10.192512,1.296416,209.12716097820604
225.9,39.96128115,-106.21700452,2485.9488,8.41248,10.192512,1.385824,206.565051177078
226.0,39.96127267,-106.21700942,2485.644,8.290560000000001,10.192512,1.296416,204.5671713206013
226.1,39.96126416,-106.21701385,2485.644,8.10768,10.237215999999998,1.296416,202.0307748724568
226.2,39.96125537,-106.21701787,2485.3392000000003,7.98576,10.28192,1.385824,199.77082227833708
226.3,39.96124657,-106.21702138,2485.3392000000003,7.802880000000001,10.28192,1.385824,197.969139740157
226.4,39.96123753,-106.21702449,2485.0344,7.71144,10.326624,1.385824,195.70863782901571
226.5,39.96122801,-106.21702726,2485.0344,7.498080000000001,10.639552,1.296416,193.43818815835064
226.7,39.96121008,-106.21703109,2484.7296,7.315200000000001,10.103104,1.296416,188.9726266148964
226.8,39.96120031,-106.21703243,2484.4248,7.10184,10.371328,1.207008,186.6953827769049
226.9,39.96119156,-106.21703311,2484.4248,7.010400000000001,10.371328,0.983488,184.4748965062461
227.0,39.96118223,-106.21703334,2484.4248,6.88848,10.0584,0.804672,181.74324648430576
227.1,39.96117312,-106.217033,2484.1200000000003,6.797040000000001,10.237215999999998,0.715264,179.50178838738634
227.2,39.96116393,-106.21703215,2484.1200000000003,6.797040000000001,10.192512,0.491744,177.23787168662125
227.3,39.96115482,-106.21703065,2484.1200000000003,6.797040000000001,10.237215999999998,0.312928,174.94275146744087
227.4,39.96114565,-106.2170287,2484.1200000000003,6.7056,10.28192,0.22352,172.68784513470175
227.5,39.9611369,-106.21702622,2484.1200000000003,6.7056,10.147808,0.089408,170.3718438715133
227.6,39.96112811,-106.21702337,2484.1200000000003,6.7056,10.013696,0.0,168.04632181180443
227.8,39.96111064,-106.21701629,2484.1200000000003,6.7056,10.147808,0.0,163.66818839153177
228.0,39.96109436,-106.21700803,2484.1200000000003,6.7056,9.700768,0.0,159.44395478041656
228.1,39.96108653,-106.21700342,2484.1200000000003,6.7056,9.656064,0.0,157.38013505195954
228.2,39.96107875,-106.21699837,2484.1200000000003,6.7056,9.61136,0.0,154.96718660580143
228.3,39.96107148,-106.2169931,2484.1200000000003,6.7056,9.432544,0.089408,152.95947609047414
228.4,39.96106425,-106.21698736,2484.1200000000003,6.7056,9.343136,0.0,150.5545712700744
228.5,39.96105735,-106.21698133,2484.1200000000003,6.61416,9.209024,0.0,147.6756658483959
228.7,39.96104459,-106.21696835,2484.1200000000003,6.61416,9.074912,0.0,142.17432423648228
228.9,39.96103349,-106.21695432,2484.1200000000003,6.61416,8.583167999999999,0.0,136.22757883213455
229.0,39.96102833,-106.21694682,2484.1200000000003,6.61416,8.583167999999999,0.0,133.54187684410277
229.1,39.96102374,-106.21693928,2484.1200000000003,6.61416,8.404352,0.0,131.43673193709384
229.2,39.96101928,-106.21693136,2484.1200000000003,6.61416,8.314944,0.0,128.8011626864943
229.3,39.96101528,-106.21692344,2484.1200000000003,6.61416,8.225536,0.0,125.8926656877456
229.4,39.96101146,-106.21691516,2484.1200000000003,6.61416,8.136128,0.0,122.75366714031964
229.5,39.9610081,-106.21690694,2484.1200000000003,6.61416,8.091424,0.0,120.59136580864492
229.6,39.96100496,-106.21689838,2484.1200000000003,6.61416,8.002016,0.0,117.5407973643728
229.7,39.96100211,-106.21688977,2484.1200000000003,6.61416,8.04672,0.0,114.59979060515748
229.8,39.96099942,-106.21688041,2484.1200000000003,6.61416,8.27024,0.0,111.7425842713813
229.9,39.96099726,-106.21687183,2484.1200000000003,6.61416,8.091424,0.0,109.44003482817618
230.0,39.96099531,-106.21686261,2484.1200000000003,6.61416,7.912608,0.0,106.5157025889531
230.1,39.96099367,-106.2168535,2484.1200000000003,6.61416,8.091424,0.0,104.66154774860922
230.2,39.96099237,-106.21684422,2484.1200000000003,6.61416,8.002016,0.0,101.62439572434891
230.3,39.96099135,-106.21683527,2484.1200000000003,6.61416,7.867904,0.0,99.40922140811016
230.4,39.96099067,-106.21682611,2484.1200000000003,6.61416,7.778496,0.0,96.51980175165698
230.5,39.96099022,-106.21681718,2484.1200000000003,6.61416,7.733792,0.089408,94.24845452936133
230.7,39.96099032,-106.21679924,2483.8152,6.492240000000001,7.644384,0.0,90.0
230.8,39.96099091,-106.2167903,2483.8152,6.492240000000001,7.644384,0.089408,86.96952315413944
230.9,39.96099181,-106.21678168,2483.8152,6.492240000000001,7.554975999999999,0.0,83.88449643371462
231.0,39.96099312,-106.21677298,2483.8152,6.492240000000001,7.465567999999999,0.0,80.76170706870687
231.1,39.96099471,-106.21676475,2483.8152,6.492240000000001,7.37616,0.0,77.54565070184145
231.2,39.96099671,-106.21675651,2483.8152,6.492240000000001,7.286752,0.0,74.19748604606445
231.3,39.96099901,-106.21674877,2483.8152,6.492240000000001,7.197344,0.0,70.6768156818382
231.4,39.96100172,-106.21674104,2483.8152,6.492240000000001,7.15264,0.0,67.21759426951832
231.5,39.96100474,-106.21673381,2483.8152,6.492240000000001,7.1079360000000005,0.0,63.59322405433613
231.6,39.96100815,-106.21672662,2483.8152,6.492240000000001,7.1079360000000005,0.0,61.0490047925332
231.7,39.96101175,-106.21672004,2484.1200000000003,6.61416,7.018528,0.0,57.00620107409213
231.8,39.96101574,-106.21671349,2484.1200000000003,6.61416,7.018528,0.0,54.13017648227867
231.9,39.96101991,-106.21670743,2484.1200000000003,6.61416,7.018528,0.0,51.06178878872862
232.0,39.96102445,-106.21670139,2484.1200000000003,6.61416,7.063232,0.0,47.72631099390628
232.1,39.96102907,-106.21669576,2483.8152,6.492240000000001,7.1079360000000005,0.0,45.49821161261366
232.2,39.96103405,-106.21669017,2483.8152,6.492240000000001,7.15264,0.0,42.78795799795165
232.3,39.96103914,-106.21668485,2483.8152,6.492240000000001,7.242048,0.0,39.893515427671616
232.4,39.9610446,-106.21667966,2483.8152,6.492240000000001,7.37616,0.0,37.965024089568885
232.5,39.96105024,-106.21667455,2483.8152,6.492240000000001,7.59968,0.0,34.63080038025703
232.6,39.96105623,-106.21666972,2483.8152,6.492240000000001,7.733792,0.0,32.75547212975016
232.7,39.96106197,-106.21666538,2483.8152,6.492240000000001,7.59968,0.0,29.869799222952
232.8,39.96106806,-106.21666137,2483.8152,6.492240000000001,7.465567999999999,0.0,27.164985057331933
232.9,39.96107402,-106.21665777,2483.8152,6.492240000000001,7.465567999999999,0.0,25.057615418303044
233.0,39.96108032,-106.21665444,2483.8152,6.492240000000001,7.465567999999999,0.0,23.110443230095317
233.1,39.96108633,-106.21665144,2483.8152,6.492240000000001,7.331455999999999,-0.089408,20.91513662903316
233.2,39.96109257,-106.2166487,2483.8152,6.492240000000001,7.242048,0.0,19.323184318161797
233.3,39.96109835,-106.21664619,2483.8152,6.492240000000001,7.018528,0.0,17.867682413064074
233.4,39.96110431,-106.21664393,2483.8152,6.492240000000001,6.8397120000000005,0.0,16.699244233993625
233.5,39.96110993,-106.2166418,2483.8152,6.492240000000001,6.7056,0.0,15.422161318738688
233.6,39.96111518,-106.21664007,2483.8152,6.492240000000001,6.25856,0.0,15.083059822329917
233.7,39.96112001,-106.21663825,2483.8152,6.492240000000001,5.766816,0.22352,14.72297506175022
233.8,39.96112504,-106.21663666,2483.8152,6.4008,5.677408,0.312928,13.216324063790635
233.9,39.96112937,-106.21663512,2483.8152,6.4008,5.36448,0.312928,12.765565781058626
234.0,39.96113387,-106.21663382,2483.8152,6.30936,5.051552,0.312928,12.578935237493056
234.1,39.96113774,-106.21663244,2483.8152,6.30936,4.783328,0.402336,10.738897100905431
234.2,39.9611418,-106.21663132,2483.5104,6.1874400000000005,4.515104,0.491744,10.304846468766016
234.4,39.96114896,-106.21662922,2483.5104,6.096,4.24688,0.581152,9.001755122561292
234.6,39.96115552,-106.21662765,2483.5104,6.00456,3.710432,0.581152,6.818214571651879
234.7,39.96115862,-106.21662698,2483.2056,5.91312,3.621024,0.581152,4.6000956662632575
234.9,39.96116448,-106.21662623,2483.2056,5.7912,3.3528,0.581152,1.46880071438585
235.0,39.96116717,-106.21662609,2483.2056,5.69976,2.995168,0.581152,0.0
235.2,39.96117235,-106.21662607,2482.9008000000003,5.60832,2.90576,0.581152,0.0
235.3,39.96117468,-106.21662615,2482.9008000000003,5.486400000000001,2.816352,0.402336,358.1816970355481
235.4,39.96117687,-106.21662636,2482.9008000000003,5.486400000000001,2.503424,0.22352,358.02506598911805
235.5,39.96117882,-106.21662655,2482.9008000000003,5.486400000000001,2.279904,0.089408,354.4006606634794
235.6,39.96118057,-106.21662683,2482.9008000000003,5.486400000000001,2.01168,0.0,353.6598082540901
235.7,39.96118197,-106.21662701,2482.9008000000003,5.486400000000001,1.78816,-0.089408,352.5041423602701
235.8,39.96118308,-106.21662725,2482.9008000000003,5.486400000000001,1.430528,-0.089408,356.0548137709624
235.9,39.9611838,-106.21662737,2482.9008000000003,5.486400000000001,0.938784,-0.089408,354.2894068625004
236.0,39.96118425,-106.21662752,2482.9008000000003,5.486400000000001,0.67056,0.0,0.0
236.1,39.96118422,-106.21662728,2482.9008000000003,5.486400000000001,0.0,0.0,0.0
236.2,39.961184,-106.21662707,2482.9008000000003,5.486400000000001,0.0,0.0,0.0
236.3,39.96118345,-106.21662658,2482.9008000000003,5.486400000000001,0.67056,0.0,180.0
236.4,39.96118289,-106.21662632,2482.9008000000003,5.486400000000001,0.67056,0.0,180.0
236.5,39.96118232,-106.21662612,2482.9008000000003,5.486400000000001,0.67056,0.0,180.0
236.6,39.96118163,-106.21662603,2482.9008000000003,5.486400000000001,0.67056,0.0,180.0
236.7,39.9611807,-106.21662566,2482.9008000000003,5.486400000000001,0.938784,0.22352,165.9637565320735
236.8,39.96117935,-106.21662516,2482.9008000000003,5.39496,1.430528,0.312928,165.17352002964435
236.9,39.96117753,-106.21662425,2482.9008000000003,5.39496,1.877568,0.22352,161.2001148413474
237.0,39.96117517,-106.21662313,2482.9008000000003,5.39496,2.503424,0.22352,160.97439396243135
237.1,39.9611723,-106.21662164,2482.596,5.30352,3.12928,0.22352,160.08359400619088
237.2,39.96116897,-106.21662005,2482.596,5.30352,3.665728,0.089408,161.56505117707798
237.3,39.96116488,-106.21661816,2482.596,5.30352,4.380992,0.0,162.139905929321
237.4,39.96116047,-106.21661628,2482.596,5.30352,4.962144,0.0,162.93714282653866
237.5,39.9611555,-106.21661424,2482.596,5.30352,5.453887999999999,0.0,164.52867183447984
237.6,39.96114998,-106.2166122,2482.596,5.30352,6.079744,-0.089408,165.85420450589697
237.7,39.96114424,-106.21661042,2482.9008000000003,5.39496,6.48208,-0.089408,167.60914333931908
237.8,39.96113799,-106.2166087,2482.9008000000003,5.39496,6.795007999999999,-0.089408,169.3077878447159
237.9,39.96113142,-106.21660744,2482.9008000000003,5.39496,7.242048,-0.089408,171.76438067579056
238.0,39.96112459,-106.21660636,2482.9008000000003,5.39496,7.510272,-0.089408,173.62075183238687
238.1,39.96111756,-106.21660599,2482.9008000000003,5.39496,7.733792,-0.089408,176.25383795039636
238.2,39.96111025,-106.21660582,2482.9008000000003,5.39496,7.957312,0.0,179.34521959773235
238.3,39.96110293,-106.21660665,2482.9008000000003,5.39496,8.136128,0.0,181.60002471514773
238.4,39.96109538,-106.2166077,2482.9008000000003,5.39496,8.314944,0.0,185.05168934376243
238.5,39.96108797,-106.2166099,2482.9008000000003,5.486400000000001,8.449055999999999,-0.089408,189.10262248829196
238.6,39.96108008,-106.21661252,2482.9008000000003,5.486400000000001,8.761984,-0.089408,193.507838875273
238.7,39.96107354,-106.21661613,2482.9008000000003,5.486400000000001,8.449055999999999,-0.089408,197.1487311908119
238.8,39.96106667,-106.21662008,2482.9008000000003,5.486400000000001,8.091424,-0.089408,201.38363516476173
238.9,39.96106082,-106.21662524,2482.9008000000003,5.486400000000001,8.04672,-0.089408,206.2666383570831
239.0,39.96105507,-106.21663042,2482.9008000000003,5.486400000000001,7.8232,-0.089408,211.08312256669876
239.1,39.96105064,-106.2166364,2482.9008000000003,5.486400000000001,7.37616,0.0,215.75388725443676
239.2,39.96104628,-106.21664214,2482.9008000000003,5.486400000000001,6.973824,0.0,219.90788487550105
239.3,39.96104374,-106.21664771,2482.9008000000003,5.486400000000001,6.169152,0.0,225.0
239.4,39.96104125,-106.216653,2482.9008000000003,5.60832,5.409184,0.0,228.86073262488327
239.5,39.96104046,-106.2166575,2482.9008000000003,5.60832,4.559807999999999,0.0,232.8001878841817
239.6,39.96103946,-106.21666179,2482.9008000000003,5.60832,3.844544,0.0,236.4889812021592
239.7,39.96103974,-106.21666463,2482.9008000000003,5.60832,3.084576,0.0,239.6887867733184
239.8,39.96103952,-106.21666745,2482.9008000000003,5.60832,2.414016,0.0,240.1409838350769
239.9,39.96104,-106.21666821,2482.9008000000003,5.60832,1.519936,0.0,235.98065001017352
240.0,39.96104001,-106.21666917,2482.9008000000003,5.60832,0.67056,0.0,229.2363947990588
240.1,39.96104001,-106.21666788,2482.9008000000003,5.60832,0.0,0.0,210.6506679570529
240.2,39.96103956,-106.21666709,2482.9008000000003,5.60832,0.938784,-0.089408,189.1623470457217
240.3,39.96103829,-106.21666416,2482.9008000000003,5.60832,1.78816,-0.089408,177.13759477388828
240.4,39.96103672,-106.21666221,2482.9008000000003,5.60832,2.592832,-0.089408,167.34744349944208
240.5,39.96103379,-106.2166589,2482.9008000000003,5.60832,3.3528,0.0,168.34070734647707
240.6,39.96103074,-106.2166565,2482.9008000000003,5.60832,4.112768,0.0,170.03619581009286
240.7,39.96102591,-106.21665368,2482.9008000000003,5.60832,4.91744,0.0,174.09385888622955
240.8,39.96102142,-106.21665213,2482.9008000000003,5.60832,5.498592,0.0,180.0
240.9,39.96101551,-106.21665138,2482.9008000000003,5.60832,5.856224,0.0,184.9937439858234
241.0,39.96101023,-106.21665163,2482.9008000000003,5.60832,6.213856,0.0,191.61852435279465
241.1,39.96100412,-106.21665348,2482.9008000000003,5.60832,6.392672,0.0,198.9246444160512
241.2,39.96099892,-106.21665588,2482.9008000000003,5.60832,6.526784,0.0,205.88027367006885
241.3,39.96099378,-106.21666017,2482.9008000000003,5.60832,6.437376,0.0,212.5500034921934
241.4,39.96098953,-106.2166644,2483.2056,5.69976,6.347968,-0.089408,219.7376046004049
241.5,39.96098609,-106.21667014,2483.2056,5.69976,6.03504,-0.089408,226.54815769897797
241.6,39.96098326,-106.21667532,2483.2056,5.69976,5.81152,-0.089408,234.39546601956687
241.7,39.96098178,-106.21668127,2483.2056,5.69976,5.275072000000001,-0.22352,239.8756820016388
241.9,39.96098072,-106.21669159,2483.2056,5.7912,4.69392,-0.22352,253.85566121971647
242.0,39.96098075,-106.216696,2483.2056,5.7912,4.202176,-0.22352,259.33021719550334
242.1,39.96098203,-106.2166994,2483.2056,5.91312,3.397504,-0.22352,265.23635830927384
242.3,39.9609844,-106.21670366,2483.2056,5.91312,2.324608,-0.22352,270.0
242.5,39.96098652,-106.21670422,2483.2056,5.91312,1.162304,-0.089408,270.0
242.6,39.96098728,-106.21670383,2483.2056,5.91312,1.1176,0.0,285.94539590092285
242.7,39.96098796,-106.21670155,2483.2056,5.91312,1.34112,0.0,0.0
242.8,39.96098861,-106.21669985,2483.2056,5.91312,1.877568,0.089408,57.52880770915152
242.9,39.96098895,-106.21669643,2483.2056,5.91312,2.2352,0.089408,58.57043438516149
243.0,39.96098961,-106.21669374,2483.2056,5.91312,2.68224,0.089408,59.34933204294714
243.1,39.96098992,-106.21668988,2483.2056,5.7912,2.861056,0.089408,59.53445508054011
243.2,39.96099069,-106.2166865,2483.2056,5.7912,3.12928,0.089408,57.994616791916485
243.3,39.96099116,-106.21668214,2483.2056,5.7912,3.3528,0.0,58.3245312618908
243.4,39.96099223,-106.21667818,2483.2056,5.7912,3.665728,0.0,57.804266065286754
243.5,39.96099312,-106.21667371,2483.2056,5.7912,3.755136,0.0,56.76828893202065
243.6,39.96099457,-106.21666946,2483.2056,5.7912,3.933952,0.0,55.6849124000027
243.7,39.96099607,-106.21666505,2483.2056,5.7912,4.068064,-0.089408,52.989326766396914
243.8,39.96099824,-106.2166606,2483.2056,5.91312,4.291583999999999,-0.089408,49.25383643611917
243.9,39.96100035,-106.21665663,2483.2056,5.91312,4.291583999999999,-0.089408,45.895173710211054
244.0,39.96100306,-106.21665259,2483.2056,5.91312,4.336288,0.0,43.29018595585848
244.1,39.96100594,-106.2166491,2483.2056,5.91312,4.4704,0.0,38.92754359279229
244.2,39.96100925,-106.21664565,2483.2056,5.91312,4.559807999999999,0.0,35.21759296819272
244.3,39.9610129,-106.21664267,2483.2056,5.91312,4.738624,0.0,31.328692867804197
244.4,39.96101693,-106.21663962,2483.2056,5.91312,4.962144,0.0,28.855661219716524
244.5,39.96102121,-106.21663718,2483.2056,5.91312,5.14096,0.0,25.90650799951436
244.6,39.96102581,-106.2166347,2483.2056,5.91312,5.36448,0.0,22.765009107511503
244.7,39.96103078,-106.21663268,2483.2056,5.91312,5.677408,0.0,20.40020939484253
244.8,39.96103631,-106.21663045,2483.2056,5.91312,6.124447999999999,0.0,18.56913073103783
244.9,39.96104155,-106.21662884,2483.2056,5.7912,6.213856,0.0,16.62075691389208
245.0,39.96104732,-106.21662702,2483.2056,5.7912,6.303264,0.0,15.083059822329917
245.1,39.96105338,-106.21662523,2483.2056,5.7912,6.750304,0.0,14.685197037121496
245.2,39.96105971,-106.21662331,2483.2056,5.7912,7.018528,0.0,14.743562836470744
245.3,39.96106631,-106.21662112,2483.2056,5.7912,7.420864000000001,0.0,15.316859820876688
245.4,39.96107311,-106.21661882,2483.2056,5.7912,7.689088,0.0,15.43342449522288
245.5,39.96108034,-106.21661577,2483.2056,5.7912,8.091424,0.0,16.445584443496614
245.6,39.96108765,-106.21661272,2483.2056,5.7912,8.49376,0.0,18.232491080703824
245.7,39.96109464,-106.21660893,2483.2056,5.7912,8.49376,0.0,18.92464441605125
245.8,39.96110179,-106.2166051,2483.2056,5.7912,8.49376,0.0,20.52095901483688
245.9,39.96110937,-106.21659998,2483.2056,5.7912,9.074912,0.0,22.01700876795257
246.0,39.96111653,-106.21659548,2483.2056,5.7912,9.16432,0.0,23.532348560901028
246.1,39.96112392,-106.21658997,2483.2056,5.7912,9.16432,0.0,23.59773134916736
246.2,39.96113166,-106.21658477,2483.2056,5.7912,9.566656,0.0,23.33884917965338
246.3,39.9611396,-106.21657906,2483.2056,5.7912,9.879584,-0.089408,22.92280068446365
246.4,39.96114794,-106.21657396,2483.2056,5.7912,10.147808,-0.089408,21.27708670657768
246.5,39.96115663,-106.21656895,2483.2056,5.91312,10.371328,-0.089408,19.15813904858277
246.6,39.96116557,-106.2165647,2483.2056,5.91312,10.550144,-0.22352,16.67501769018878
246.7,39.96117469,-106.21656146,2483.2056,5.91312,10.550144,-0.22352,13.109208198154306
246.8,39.96118429,-106.21655884,2483.2056,5.91312,10.72896,-0.089408,9.84372339069438
246.9,39.96119278,-106.21655806,2483.5104,6.00456,10.147808,-0.22352,6.6325146151384615
247.0,39.96120156,-106.21655762,2483.5104,6.00456,9.61136,-0.22352,2.454031674527073
247.1,39.96120972,-106.21655896,2483.5104,6.00456,9.432544,-0.22352,359.4299115550011
247.2,39.96121763,-106.21656039,2483.5104,6.00456,8.985504,-0.089408,355.1864491062935
247.3,39.96122449,-106.21656344,2483.5104,6.096,8.449055999999999,0.0,351.96055544916334
247.4,39.9612311,-106.21656624,2483.5104,6.096,7.867904,0.0,348.2176748655377
247.5,39.96123643,-106.21657007,2483.5104,6.096,7.197344,0.0,344.8759926916894
247.6,39.96124158,-106.21657353,2483.5104,6.096,6.616192,0.089408,341.17528998176
247.7,39.96124528,-106.21657727,2483.5104,6.096,5.81152,0.22352,337.94356647296064
247.8,39.96124889,-106.21658066,2483.5104,6.00456,5.051552,0.312928,335.045249425421
247.9,39.96125115,-106.21658372,2483.5104,6.00456,4.24688,0.312928,332.10272896905235
248.0,39.96125333,-106.21658657,2483.5104,6.00456,3.486912,0.22352,328.0693178962822
248.1,39.96125456,-106.21658873,2483.5104,6.00456,2.861056,0.22352,324.86580694308435
248.2,39.96125566,-106.21659097,2483.5104,6.00456,2.324608,0.312928,316.54815769897795
248.4,39.96125577,-106.21659394,2483.2056,5.91312,1.56464,0.491744,297.89727103094765
248.5,39.9612555,-106.21659484,2483.2056,5.91312,1.1176,0.581152,289.5366549381284
248.6,39.9612552,-106.21659609,2483.2056,5.91312,1.34112,0.581152,283.5704343851615
248.7,39.96125503,-106.21659684,2483.2056,5.7912,0.938784,0.581152,280.4914770123316
248.8,39.96125468,-106.21659787,2483.2056,5.69976,0.67056,0.581152,270.0
249.0,39.96125447,-106.21659948,2482.9008000000003,5.60832,0.759968,0.402336,264.2894068625004
249.1,39.9612548,-106.21660012,2482.9008000000003,5.60832,0.715264,0.22352,254.47588900324573
249.3,39.96125522,-106.21660142,2482.9008000000003,5.60832,0.67056,0.0,248.96248897457815
249.4,39.96125525,-106.21660201,2482.9008000000003,5.60832,0.625856,-0.089408,261.2538377374448
249.5,39.96125594,-106.21660253,2483.2056,5.69976,0.67056,-0.22352,259.695153531234
249.6,39.96125621,-106.216603,2483.2056,5.69976,0.67056,-0.089408,270.0
249.7,39.96125705,-106.21660351,2483.2056,5.69976,0.938784,-0.22352,270.0
249.8,39.96125744,-106.21660394,2483.2056,5.69976,0.804672,-0.089408,270.0
249.9,39.96125834,-106.21660444,2483.2056,5.69976,0.938784,0.0,270.0
250.0,39.96125883,-106.21660482,2483.2056,5.69976,0.938784,0.0,270.0
250.1,39.96125961,-106.21660531,2483.2056,5.69976,0.938784,0.089408,285.94539590092285
250.2,39.96126006,-106.2166057,2483.2056,5.69976,0.938784,0.089408,285.94539590092285
250.3,39.96126077,-106.21660625,2482.9008000000003,5.60832,0.67056,0.089408,270.0
250.4,39.96126114,-106.21660666,2482.9008000000003,5.60832,0.804672,0.22352,270.0
250.5,39.9612616,-106.21660721,2482.9008000000003,5.60832,0.67056,0.089408,270.0
250.6,39.96126184,-106.21660761,2482.9008000000003,5.486400000000001,0.67056,0.089408,270.0
250.7,39.96126211,-106.21660811,2482.9008000000003,5.486400000000001,0.67056,0.0,270.0
250.8,39.96126224,-106.21660849,2482.9008000000003,5.486400000000001,0.0,0.0,270.0
250.9,39.96126237,-106.21660889,2482.9008000000003,5.486400000000001,0.0,0.0,270.0
251.0,39.96126239,-106.21660915,2482.9008000000003,5.486400000000001,0.67056,0.0,225.0
251.1,39.96126222,-106.21660921,2482.9008000000003,5.486400000000001,0.0,0.0,164.0546040990771
251.2,39.96126177,-106.21660889,2482.9008000000003,5.486400000000001,0.0,0.0,145.30484646876602
251.3,39.96126088,-106.21660788,2482.9008000000003,5.486400000000001,0.804672,0.0,140.7105931374997
251.4,39.96125972,-106.2166065,2482.9008000000003,5.486400000000001,1.56464,0.0,139.23639479905887
251.5,39.96125792,-106.21660434,2482.9008000000003,5.486400000000001,2.2352,0.0,136.63657704161676
251.6,39.96125613,-106.2166022,2482.9008000000003,5.486400000000001,2.68224,0.0,138.53229458389092
251.7,39.96125367,-106.21659925,2482.9008000000003,5.486400000000001,3.173984,0.0,137.43664824681014
251.8,39.96125116,-106.21659621,2482.9008000000003,5.486400000000001,3.79984,0.0,136.63657704161676
251.9,39.96124824,-106.21659264,2482.9008000000003,5.486400000000001,4.112768,0.0,136.00508600525416
252.0,39.96124535,-106.21658906,2482.9008000000003,5.486400000000001,4.4704,0.089408,136.39718102729637
252.1,39.96124217,-106.21658522,2482.9008000000003,5.486400000000001,4.649216,0.402336,136.76239102366048
252.2,39.96123902,-106.21658134,2482.9008000000003,5.39496,4.828032,0.581152,135.84252426074045
252.3,39.96123571,-106.2165773,2482.596,5.30352,4.91744,0.491744,135.0
252.4,39.9612323,-106.21657297,2482.596,5.30352,5.14096,0.402336,135.0
252.5,39.9612286,-106.21656829,2482.596,5.21208,5.498592,0.312928,133.61964592655556
252.6,39.96122519,-106.21656371,2482.596,5.21208,5.588,0.312928,132.68293761412866
252.7,39.96122164,-106.21655863,2482.596,5.09016,5.677408,0.22352,130.84614691304887
252.8,39.96121804,-106.21655314,2482.596,5.09016,5.990336,0.089408,128.862744050738
252.9,39.96121462,-106.21654736,2482.596,5.09016,6.169152,0.0,127.0362129392812
253.0,39.96121118,-106.21654118,2482.596,5.21208,6.347968,0.0,125.39479584498709
253.1,39.96120805,-106.21653481,2482.596,5.21208,6.48208,-0.22352,123.91743053697036
253.2,39.96120496,-106.21652853,2482.596,5.21208,6.437376,-0.22352,123.92979742206064
253.3,39.96120239,-106.21652299,2482.596,5.21208,5.945632,-0.22352,122.76388849058368
253.4,39.96119993,-106.21651784,2482.596,5.30352,5.36448,-0.089408,122.79953127261922
253.5,39.96119828,-106.21651405,2482.596,5.21208,4.4704,0.0,123.86369056881824
253.6,39.96119669,-106.21651055,2482.596,5.21208,3.57632,0.089408,123.486168815513
253.7,39.9611959,-106.21650864,2482.596,5.21208,2.68224,0.312928,123.69006752597976
253.8,39.96119499,-106.21650668,2482.596,5.09016,1.877568,0.491744,123.9964591482505
253.9,39.96119478,-106.21650639,2482.596,5.09016,1.0728959999999998,0.715264,126.3268259521202
254.0,39.96119443,-106.21650579,2482.2912,4.99872,0.67056,0.89408,125.7538872544368
254.2,39.96119466,-106.21650679,2482.2912,4.78536,0.0,0.983488,135.0
254.4,39.96119507,-106.21650877,2481.9864,4.60248,0.938784,0.581152,180.0
254.5,39.9611952,-106.21650999,2481.9864,4.51104,0.938784,0.402336,195.94539590092288
254.6,39.96119525,-106.21651091,2481.9864,4.51104,0.938784,0.22352,201.80140948635184
254.7,39.9611951,-106.21651182,2481.9864,4.51104,1.34112,0.0,201.80140948635184
254.9,39.96119467,-106.21651287,2481.9864,4.60248,0.5364479999999999,-0.22352,180.0
255.1,39.96119395,-106.2165129,2481.9864,4.69392,0.0,-0.312928,180.0
255.2,39.96119364,-106.2165128,2481.9864,4.69392,0.0,-0.22352,180.0
255.4,39.96119275,-106.21651175,2482.2912,4.78536,0.625856,0.0,135.0
255.5,39.96119219,-106.21651096,2481.9864,4.69392,0.759968,0.0,135.0
255.6,39.96119187,-106.21651052,2481.9864,4.69392,0.67056,0.089408,135.0
255.7,39.96119137,-106.21650983,2481.9864,4.69392,0.491744,0.22352,135.0
255.8,39.9611911,-106.21650943,2481.9864,4.60248,0.67056,0.22352,135.0
255.9,39.9611907,-106.21650889,2481.9864,4.60248,0.67056,0.312928,90.0
256.0,39.9611905,-106.21650862,2481.9864,4.51104,0.67056,0.22352,0.0
256.1,39.96119016,-106.21650844,2481.9864,4.51104,0.0,0.22352,0.0
256.20000000000005,39.96118996,-106.21650839,2481.9864,4.38912,0.0,0.22352,0.0
256.3,39.96118972,-106.21650849,2481.9864,4.38912,0.0,0.089408,0.0
256.40000000000003,39.96118959,-106.21650861,2481.9864,4.38912,0.0,0.0,0.0
256.5,39.96118936,-106.21650887,2481.9864,4.38912,0.0,0.0,0.0
256.6,39.96118921,-106.21650908,2481.9864,4.51104,0.0,0.0,0.0
256.70000000000005,39.96118895,-106.21650939,2481.9864,4.51104,0.0,0.0,0.0
256.8,39.96118878,-106.21650962,2481.9864,4.51104,0.0,0.0,270.0
256.90000000000003,39.96118852,-106.21651001,2481.9864,4.51104,0.67056,-0.089408,270.0
257.0,39.96118838,-106.21651033,2481.9864,4.51104,0.491744,0.0,270.0
257.1,39.96118814,-106.2165108,2481.9864,4.51104,0.67056,0.0,270.0
257.20000000000005,39.96118801,-106.21651118,2481.9864,4.51104,0.491744,0.0,270.0
257.3,39.9611878,-106.21651164,2481.9864,4.51104,0.67056,0.0,270.0
257.40000000000003,39.96118768,-106.216512,2481.9864,4.51104,0.491744,0.0,270.0
257.5,39.96118749,-106.21651243,2481.9864,4.51104,0.67056,0.0,270.0
257.6,39.9611874,-106.21651275,2481.9864,4.51104,0.491744,0.0,270.0
257.70000000000005,39.96118722,-106.2165131,2481.9864,4.51104,0.67056,0.0,270.0
257.8,39.96118712,-106.21651336,2481.9864,4.51104,0.0,0.0,270.0
257.90000000000003,39.96118695,-106.21651362,2481.9864,4.51104,0.0,0.0,270.0
258.0,39.96118685,-106.21651384,2481.9864,4.51104,0.0,0.0,270.0
258.1,39.96118665,-106.21651409,2481.9864,4.51104,0.0,0.0,0.0
258.20000000000005,39.96118654,-106.21651428,2481.9864,4.51104,0.0,0.0,0.0
258.3,39.9611863,-106.21651449,2481.9864,4.51104,0.0,0.0,0.0
258.40000000000003,39.96118616,-106.21651464,2481.9864,4.51104,0.0,0.0,0.0
258.5,39.96118594,-106.21651481,2481.9864,4.51104,0.0,0.0,0.0
258.6,39.96118584,-106.21651492,2481.9864,4.51104,0.0,0.0,0.0
258.70000000000005,39.9611857,-106.21651506,2481.9864,4.51104,0.0,0.0,0.0
258.8,39.96118564,-106.21651514,2481.9864,4.51104,0.0,0.0,0.0
258.90000000000003,39.96118554,-106.21651524,2481.9864,4.51104,0.0,0.0,0.0
259.0,39.96118549,-106.21651529,2481.9864,4.51104,0.0,0.0,0.0
259.1,39.96118539,-106.21651534,2481.9864,4.38912,0.0,0.0,0.0
259.20000000000005,39.96118537,-106.21651533,2481.9864,4.38912,0.491744,0.0,0.0
259.3,39.96118528,-106.21651533,2481.9864,4.38912,0.0,0.0,0.0
259.40000000000003,39.96118528,-106.21651529,2481.9864,4.38912,0.491744,0.0,0.0
259.5,39.96118523,-106.2165153,2481.9864,4.38912,0.0,0.0,0.0
259.6,39.96118525,-106.21651527,2481.9864,4.38912,0.0,0.0,0.0
259.70000000000005,39.96118525,-106.21651528,2481.9864,4.51104,0.0,0.0,0.0
259.8,39.96118531,-106.21651525,2481.9864,4.51104,0.0,0.0,0.0
259.90000000000003,39.96118535,-106.21651528,2481.9864,4.51104,0.0,0.0,0.0
260.0,39.96118545,-106.21651527,2481.9864,4.51104,0.0,0.0,0.0
260.1,39.96118549,-106.21651529,2481.9864,4.51104,0.0,0.0,0.0
260.20000000000005,39.96118559,-106.21651525,2481.9864,4.51104,0.0,0.0,0.0
260.3,39.9611856,-106.21651522,2481.9864,4.51104,0.0,0.0,0.0
260.40000000000003,39.96118567,-106.21651513,2481.9864,4.51104,0.0,0.0,45.0
260.5,39.96118571,-106.21651496,2481.9864,4.51104,0.0,0.0,54.462322208025626
260.6,39.96118593,-106.21651442,2481.9864,4.51104,0.67056,0.0,61.699244233993625
260.70000000000005,39.96118631,-106.21651314,2481.9864,4.51104,0.938784,0.0,63.43494882292202
260.8,39.96118687,-106.21651144,2481.9864,4.51104,1.34112,0.0,64.79887635452491
260.90000000000003,39.96118751,-106.216509,2481.9864,4.51104,1.966976,0.0,67.28558764683277
261.0,39.9611883,-106.21650631,2481.9864,4.51104,2.324608,-0.089408,66.948699083527
261.1,39.96118919,-106.21650295,2481.9864,4.51104,2.68224,-0.089408,66.948699083527
261.20000000000005,39.96118999,-106.2165001,2481.9864,4.51104,2.816352,-0.089408,68.19859051364818
261.3,39.96119032,-106.21649788,2481.9864,4.51104,2.2352,0.0,73.81079374297303
261.40000000000003,39.96119051,-106.2164963,2481.9864,4.38912,1.654048,0.089408,84.28940686250036
261.5,39.96119018,-106.2164955,2481.9864,4.38912,0.938784,0.089408,102.52880770915152
261.6,39.96118972,-106.21649517,2481.9864,4.38912,0.67056,0.089408,180.0
261.70000000000005,39.96118848,-106.21649636,2481.9864,4.38912,1.0728959999999998,0.089408,206.565051177078
261.8,39.9611872,-106.21649766,2481.9864,4.38912,1.654048,0.089408,216.5288553669852
262.0,39.96118346,-106.21650245,2481.9864,4.38912,2.548128,0.0,214.59228868750995
262.1,39.9611816,-106.21650467,2481.9864,4.38912,2.861056,-0.089408,203.74949449286677
262.20000000000005,39.96118023,-106.21650578,2481.9864,4.51104,2.2352,-0.312928,180.0
262.3,39.96117921,-106.21650606,2481.9864,4.60248,1.519936,-0.312928,139.76364169072622
262.40000000000003,39.96117853,-106.21650555,2481.9864,4.60248,0.938784,-0.22352,109.29004621918877
262.5,39.96117839,-106.2165038,2481.9864,4.60248,1.0728959999999998,-0.22352,93.94518622903756
262.6,39.96117833,-106.21650194,2481.9864,4.60248,1.654048,-0.312928,90.0
262.70000000000005,39.96117861,-106.21649957,2481.9864,4.60248,1.832864,-0.089408,94.57392125990089
262.8,39.96117861,-106.2164979,2481.9864,4.60248,1.78816,0.0,113.6293777306568
262.90000000000003,39.96117851,-106.21649645,2481.9864,4.60248,1.34112,0.089408,147.52880770915152
263.0,39.96117802,-106.21649587,2481.9864,4.51104,0.938784,0.312928,180.0
263.1,39.96117712,-106.2164962,2481.9864,4.38912,0.804672,0.312928,203.74949449286677
263.20000000000005,39.96117601,-106.21649705,2481.9864,4.38912,1.162304,0.312928,215.36246188706903
263.3,39.96117426,-106.21649928,2481.9864,4.38912,2.056384,0.22352,218.85337434035333
263.40000000000003,39.96117252,-106.21650144,2481.6816000000003,4.29768,2.68224,0.089408,220.7321066997092
263.5,39.96117061,-106.2165041,2481.9864,4.38912,2.861056,0.0,216.32682595212023
263.6,39.96116904,-106.21650588,2481.9864,4.38912,2.726944,0.0,204.14554196042164
263.70000000000005,39.96116772,-106.21650701,2481.9864,4.38912,2.01168,-0.22352,185.1944289077348
263.8,39.96116676,-106.2165072,2481.9864,4.51104,1.34112,-0.312928,156.37062226934313
263.90000000000003,39.96116622,-106.2165063,2481.9864,4.51104,0.938784,-0.312928,121.42956561483852
264.0,39.96116585,-106.216505,2481.9864,4.60248,0.938784,-0.312928,105.64224645720871
264.1,39.96116585,-106.2165027,2481.9864,4.60248,1.56464,-0.312928,105.64224645720871
264.20000000000005,39.96116567,-106.21650098,2481.9864,4.60248,1.654048,-0.089408,116.56505117707798
264.3,39.96116529,-106.21649958,2481.9864,4.60248,1.34112,0.0,145.30484646876602
264.40000000000003,39.96116462,-106.21649902,2481.9864,4.51104,0.938784,0.089408,180.0
264.5,39.96116364,-106.21649908,2481.9864,4.51104,0.938784,0.22352,202.16634582208243
264.6,39.96116237,-106.21649977,2481.9864,4.38912,1.34112,0.312928,209.05460409907715
264.70000000000005,39.96116038,-106.21650184,2481.9864,4.38912,2.2352,0.22352,215.78897345918327
264.8,39.96115829,-106.21650406,2481.9864,4.38912,2.90576,0.089408,217.45057823173676
264.90000000000003,39.96115574,-106.21650721,2481.9864,4.38912,3.442208,0.089408,213.40782458970887
265.0,39.96115353,-106.21650954,2481.9864,4.38912,3.531616,0.0,210.17352002964432
265.1,39.96115135,-106.21651163,2481.9864,4.38912,3.084576,-0.089408,199.85521436932103
265.20000000000005,39.96114965,-106.2165126,2481.9864,4.51104,2.592832,-0.312928,180.0
265.3,39.96114827,-106.2165127,2481.9864,4.60248,1.78816,-0.312928,160.20112364547504
265.40000000000003,39.96114719,-106.21651215,2481.9864,4.60248,1.430528,-0.312928,138.0127875041834
265.5,39.96114662,-106.21651035,2481.9864,4.60248,1.430528,-0.312928,126.0273733851036
265.70000000000005,39.96114536,-106.21650698,2481.9864,4.60248,1.654048,-0.089408,143.9726266148964
265.8,39.96114439,-106.21650596,2481.9864,4.60248,1.475232,0.0,166.42956561483857
265.90000000000003,39.96114314,-106.21650522,2481.9864,4.60248,1.34112,0.22352,180.0
266.0,39.96114157,-106.21650523,2481.9864,4.51104,1.654048,0.312928,194.34933204294717
266.1,39.9611395,-106.21650639,2481.9864,4.38912,2.101088,0.312928,200.95577673063215
266.20000000000005,39.96113739,-106.21650779,2481.9864,4.38912,2.592832,0.312928,204.1791071466892
266.3,39.96113488,-106.21651024,2481.9864,4.38912,3.084576,0.22352,209.05460409907715
266.40000000000003,39.96113277,-106.21651213,2481.9864,4.38912,3.12928,0.089408,208.81079374297303
266.5,39.96113101,-106.21651431,2481.9864,4.38912,2.771648,0.0,210.46554491945983
266.6,39.96112958,-106.21651597,2481.9864,4.38912,2.414016,0.0,211.82744657667308
266.70000000000005,39.9611285,-106.21651754,2481.9864,4.51104,1.966976,-0.089408,210.579226872489
266.8,39.96112761,-106.2165187,2481.9864,4.51104,1.654048,-0.22352,211.4295656148385
266.90000000000003,39.96112722,-106.21651935,2481.9864,4.51104,0.938784,-0.089408,214.695153531234
267.0,39.96112691,-106.21651983,2481.9864,4.51104,0.67056,0.0,215.5376777919744
267.1,39.96112716,-106.21651986,2481.9864,4.51104,0.0,0.0,0.0
267.20000000000005,39.96112758,-106.21651974,2481.9864,4.51104,0.491744,0.0,15.945395900922849
267.3,39.96112859,-106.21651908,2481.9864,4.51104,0.938784,0.0,23.629377730656813
267.40000000000003,39.96112974,-106.21651839,2481.9864,4.38912,1.34112,0.089408,19.798876354524907
267.5,39.96113146,-106.21651725,2481.9864,4.38912,1.832864,0.089408,22.750976342787624
267.6,39.96113332,-106.21651615,2481.9864,4.38912,2.2352,0.0,21.80140948635181
267.70000000000005,39.96113565,-106.21651475,2481.9864,4.38912,2.503424,0.089408,20.95577673063218
267.8,39.96113828,-106.2165133,2481.9864,4.38912,2.995168,0.089408,19.65382405805332
267.90000000000003,39.96114101,-106.21651178,2481.9864,4.38912,3.218688,0.0,19.24952587268172
268.0,39.96114407,-106.21651019,2481.9864,4.38912,3.486912,0.0,19.916405993809065
268.1,39.96114736,-106.2165085,2481.9864,4.38912,3.79984,0.0,19.55825153699743
268.20000000000005,39.9611509,-106.21650676,2481.9864,4.38912,4.068064,0.0,19.259291643767146
268.40000000000003,39.96115853,-106.21650294,2481.9864,4.38912,4.425696,-0.089408,20.95577673063218
268.5,39.96116257,-106.21650078,2481.9864,4.38912,4.649216,-0.089408,22.20347853205737
268.6,39.96116687,-106.21649845,2481.9864,4.38912,5.006848,-0.22352,21.60552724263846
268.70000000000005,39.96117077,-106.21649621,2481.9864,4.51104,4.738624,-0.402336,22.61986494804046
268.90000000000003,39.96117752,-106.21649218,2481.9864,4.51104,4.336288,-0.22352,22.77037890876221
269.0,39.96118045,-106.21649042,2481.9864,4.51104,3.933952,0.0,22.796521467942625
269.1,39.96118213,-106.21648921,2481.9864,4.51104,2.861056,0.089408,22.6198649480404
269.20000000000005,39.9611838,-106.21648809,2481.9864,4.51104,2.101088,0.22352,22.20347853205737
269.3,39.9611841,-106.21648773,2481.9864,4.51104,1.34112,0.22352,23.962488974578207
269.40000000000003,39.96118467,-106.21648729,2481.9864,4.38912,0.67056,0.312928,23.749494492866745
269.5,39.96118386,-106.21648759,2481.9864,4.38912,0.0,0.312928,29.357753542791272
269.6,39.96118344,-106.2164876,2481.9864,4.38912,0.67056,0.22352,45.0
269.70000000000005,39.9611819,-106.21648795,2481.9864,4.38912,1.0728959999999998,0.089408,90.0
269.8,39.96118078,-106.21648802,2481.9864,4.38912,1.34112,0.0,105.94539590092285
269.90000000000003,39.96117913,-106.21648838,2481.9864,4.38912,1.56464,0.0,144.46232220802565
270.0,39.96117793,-106.21648854,2481.9864,4.38912,1.519936,-0.089408,164.0546040990771
270.1,39.96117671,-106.21648885,2481.9864,4.38912,1.430528,-0.089408,164.0546040990771
270.20000000000005,39.96117582,-106.21648904,2481.9864,4.51104,1.162304,-0.22352,158.19859051364824
270.3,39.96117532,-106.2164892,2481.9864,4.51104,0.938784,-0.22352,180.0
270.40000000000003,39.96117495,-106.21648936,2481.9864,4.51104,0.67056,-0.089408,0.0
270.5,39.96117512,-106.21648952,2481.9864,4.51104,0.0,-0.089408,0.0
270.6,39.96117522,-106.21648973,2481.9864,4.51104,0.0,0.0,0.0
270.70000000000005,39.96117592,-106.21648989,2481.9864,4.51104,0.0,0.0,0.0
270.8,39.96117643,-106.21649012,2481.9864,4.51104,0.67056,0.089408,347.4711922908485
270.90000000000003,39.96117742,-106.2164903,2481.9864,4.38912,0.804672,0.089408,349.695153531234
271.0,39.96117821,-106.21649057,2481.9864,4.38912,0.938784,0.089408,351.2538377374448
271.1,39.96117941,-106.21649084,2481.9864,4.38912,1.162304,0.089408,338.9624889745782
271.20000000000005,39.96118039,-106.21649118,2481.9864,4.38912,1.251712,0.089408,342.64597536373867
271.3,39.96118163,-106.21649154,2481.9864,4.38912,1.34112,0.0,338.74949449286675
271.40000000000003,39.96118269,-106.21649196,2481.9864,4.38912,1.34112,0.0,340.70995378081125
271.6,39.96118503,-106.21649289,2481.9864,4.38912,1.34112,0.0,337.7509763427876
271.70000000000005,39.96118618,-106.21649344,2481.9864,4.38912,1.385824,0.0,337.7509763427876
271.8,39.9611873,-106.21649402,2481.9864,4.38912,1.34112,0.0,337.7509763427876
271.90000000000003,39.96118837,-106.21649478,2481.9864,4.38912,1.34112,0.0,336.25050550713325
272.0,39.96118948,-106.21649555,2481.9864,4.38912,1.430528,0.0,332.5255683737229
272.1,39.96119058,-106.21649653,2481.9864,4.38912,1.34112,0.0,332.5255683737229
272.20000000000005,39.96119168,-106.21649745,2481.9864,4.38912,1.519936,0.0,329.420773127511
272.40000000000003,39.96119318,-106.21649934,2481.9864,4.38912,1.207008,0.0,324.16234704572173
272.5,39.96119355,-106.21650036,2481.9864,4.38912,1.34112,0.0,315.0
272.70000000000005,39.96119384,-106.21650196,2481.9864,4.38912,0.759968,0.0,299.05460409907715
272.8,39.96119375,-106.21650251,2481.9864,4.38912,0.625856,0.0,270.0
272.90000000000003,39.96119314,-106.21650282,2481.9864,4.38912,0.67056,0.0,270.0
273.0,39.9611927,-106.21650295,2481.9864,4.38912,0.67056,0.0,180.0
273.1,39.96119205,-106.2165027,2481.9864,4.38912,0.67056,0.089408,111.80140948635182
273.20000000000005,39.96119163,-106.21650212,2481.9864,4.38912,0.67056,0.089408,90.0
273.3,39.96119122,-106.21650075,2481.6816000000003,4.29768,1.654048,0.0,90.0
273.40000000000003,39.96119105,-106.21649909,2481.9864,4.38912,1.34112,0.0,90.0
273.5,39.96119101,-106.2164969,2481.9864,4.38912,1.654048,-0.089408,86.63353933657021
273.6,39.96119106,-106.21649475,2481.9864,4.38912,1.78816,-0.089408,81.63411387596739
273.70000000000005,39.96119133,-106.21649245,2481.9864,4.38912,1.877568,-0.089408,80.83765295427827
273.8,39.96119154,-106.21649043,2481.9864,4.38912,1.832864,-0.089408,80.21759296819272
273.90000000000003,39.96119188,-106.21648874,2481.9864,4.38912,1.519936,0.0,78.69006752597977
274.0,39.9611921,-106.21648732,2481.9864,4.38912,1.519936,0.0,84.28940686250036
274.1,39.96119244,-106.21648666,2481.9864,4.38912,0.938784,0.0,81.25383773744477
274.20000000000005,39.96119267,-106.21648604,2481.9864,4.38912,0.67056,0.0,77.47119229084848
274.40000000000003,39.96119312,-106.2164865,2481.9864,4.38912,0.0,0.0,0.0
274.5,39.96119347,-106.2164876,2481.9864,4.38912,0.0,0.0,347.4711922908485
274.70000000000005,39.96119448,-106.21649006,2481.9864,4.38912,1.1176,0.0,325.304846468766
274.8,39.96119507,-106.2164913,2481.9864,4.38912,1.207008,0.0,319.76364169072616
275.0,39.96119609,-106.21649411,2481.9864,4.38912,1.34112,-0.089408,304.695153531234
275.1,39.96119643,-106.21649548,2481.9864,4.38912,1.296416,-0.089408,298.3007557660064
275.20000000000005,39.96119672,-106.21649659,2481.9864,4.38912,1.0728959999999998,0.0,302.4711922908485
275.3,39.96119682,-106.21649767,2481.9864,4.38912,0.938784,0.0,299.05460409907715
275.40000000000003,39.96119696,-106.21649841,2481.9864,4.38912,0.804672,0.0,315.0
275.5,39.96119689,-106.21649859,2481.9864,4.38912,0.491744,0.0,0.0
275.6,39.96119689,-106.21649853,2481.9864,4.38912,0.0,0.0,68.19859051364818
275.70000000000005,39.96119663,-106.21649788,2481.9864,4.38912,0.67056,0.0,90.0
275.8,39.96119649,-106.21649718,2481.9864,4.38912,0.491744,0.089408,90.0
275.90000000000003,39.96119624,-106.21649593,2481.6816000000003,4.29768,0.938784,0.0,90.0
276.0,39.96119612,-106.21649476,2481.6816000000003,4.29768,1.162304,0.0,90.0
276.1,39.96119598,-106.21649323,2481.6816000000003,4.29768,1.162304,0.0,90.0
276.20000000000005,39.96119594,-106.21649181,2481.6816000000003,4.29768,1.34112,0.0,90.0
276.3,39.96119585,-106.21649017,2481.6816000000003,4.29768,1.34112,0.0,90.0
276.40000000000003,39.96119583,-106.21648862,2481.6816000000003,4.29768,1.34112,0.0,85.42607874009911
276.5,39.96119581,-106.21648709,2481.6816000000003,4.29768,1.34112,0.0,85.42607874009911
276.70000000000005,39.96119591,-106.21648402,2481.6816000000003,4.29768,1.251712,0.0,85.76360520094113
276.8,39.96119601,-106.2164824,2481.9864,4.38912,1.34112,0.0,86.05481377096243
276.90000000000003,39.96119613,-106.21648096,2481.9864,4.38912,1.34112,0.0,86.05481377096243
277.0,39.96119626,-106.21647936,2481.9864,4.38912,1.34112,0.0,86.30861401354872
277.1,39.96119637,-106.21647798,2481.9864,4.38912,1.34112,0.0,86.30861401354872
277.20000000000005,39.96119648,-106.21647643,2481.9864,4.38912,1.251712,0.0,86.30861401354872
277.3,39.9611965,-106.21647514,2481.9864,4.38912,1.0728959999999998,0.0,86.05481377096243
277.40000000000003,39.96119655,-106.21647368,2481.9864,4.38912,1.162304,0.0,86.05481377096243
277.5,39.96119655,-106.21647251,2481.9864,4.38912,0.938784,0.0,85.76360520094113
277.6,39.96119657,-106.21647126,2481.9864,4.38912,1.162304,0.0,90.0
277.70000000000005,39.96119646,-106.21647044,2481.9864,4.38912,0.938784,0.0,90.0
277.8,39.96119639,-106.21646957,2481.9864,4.38912,0.804672,0.0,90.0
277.90000000000003,39.96119616,-106.21646925,2481.9864,4.38912,0.0,0.0,90.0
278.0,39.96119599,-106.21646889,2481.9864,4.38912,0.491744,0.0,90.0
278.1,39.96119571,-106.21646905,2481.9864,4.38912,0.0,0.0,90.0
278.20000000000005,39.96119551,-106.21646904,2481.9864,4.38912,0.0,0.0,111.80140948635182
278.3,39.96119518,-106.21646944,2481.9864,4.38912,0.491744,0.0,135.0
278.40000000000003,39.96119493,-106.21646966,2481.9864,4.38912,0.0,0.0,135.0
278.5,39.96119457,-106.21647018,2481.9864,4.38912,0.804672,0.0,180.0
278.6,39.9611943,-106.21647053,2481.9864,4.38912,0.491744,0.0,180.0
278.70000000000005,39.96119394,-106.21647097,2481.9864,4.38912,0.67056,0.0,180.0
278.8,39.96119368,-106.21647128,2481.9864,4.38912,0.491744,0.0,180.0
278.90000000000003,39.96119337,-106.21647157,2481.9864,4.38912,0.0,0.0,180.0
279.0,39.96119313,-106.21647179,2481.9864,4.38912,0.0,0.0,180.0
279.1,39.96119282,-106.21647194,2481.9864,4.38912,0.0,0.0,180.0
279.20000000000005,39.96119259,-106.21647207,2481.9864,4.38912,0.0,0.0,180.0
279.3,39.96119227,-106.21647213,2481.9864,4.38912,0.0,0.0,180.0
279.40000000000003,39.96119204,-106.21647222,2481.9864,4.38912,0.0,0.0,180.0
279.5,39.96119178,-106.21647219,2481.9864,4.38912,0.0,0.0,0.0
279.6,39.96119159,-106.21647219,2481.9864,4.38912,0.67056,0.0,0.0
279.70000000000005,39.96119136,-106.21647215,2481.9864,4.38912,0.0,0.0,0.0
279.8,39.96119119,-106.21647212,2481.9864,4.38912,0.491744,0.0,0.0
279.90000000000003,39.96119098,-106.21647205,2481.9864,4.38912,0.0,0.0,0.0
280.0,39.96119084,-106.21647199,2481.9864,4.38912,0.0,0.0,0.0
280.1,39.96119065,-106.21647195,2481.9864,4.38912,0.0,0.0,0.0
280.20000000000005,39.96119054,-106.2164719,2481.9864,4.38912,0.0,0.0,0.0
280.3,39.96119032,-106.21647194,2481.9864,4.38912,0.0,0.0,0.0
280.40000000000003,39.96119017,-106.21647197,2481.9864,4.38912,0.0,0.0,0.0
280.5,39.96118994,-106.21647207,2481.9864,4.38912,0.0,0.0,0.0
280.6,39.96118981,-106.21647212,2481.9864,4.38912,0.0,0.0,0.0
280.70000000000005,39.96118963,-106.21647216,2481.9864,4.38912,0.0,0.0,0.0
280.8,39.96118954,-106.21647215,2481.6816000000003,4.29768,0.0,0.0,0.0
280.90000000000003,39.96118932,-106.21647216,2481.6816000000003,4.29768,0.0,0.0,0.0
281.0,39.96118921,-106.21647216,2481.6816000000003,4.29768,0.0,0.0,0.0
281.1,39.961189,-106.21647233,2481.6816000000003,4.29768,0.0,0.0,0.0
281.20000000000005,39.9611889,-106.21647248,2481.6816000000003,4.29768,0.0,0.0,0.0
281.3,39.9611887,-106.21647279,2481.9864,4.38912,0.0,0.0,270.0
281.5,39.9611885,-106.21647331,2481.9864,4.38912,0.44704,0.0,315.0
281.6,39.96118856,-106.2164735,2481.9864,4.38912,0.0,0.0,0.0
281.8,39.96118911,-106.21647372,2481.9864,4.38912,0.0,0.0,0.0
281.90000000000003,39.96118969,-106.21647365,2481.9864,4.38912,0.44704,0.0,6.34019174590992
282.0,39.96119055,-106.21647344,2481.9864,4.38912,0.804672,0.0,12.804266065286754
282.1,39.96119173,-106.21647299,2481.9864,4.38912,1.251712,0.0,13.57043438516149
282.20000000000005,39.96119318,-106.21647244,2481.9864,4.38912,1.519936,0.0,14.036243467926454
282.3,39.961195,-106.21647159,2481.9864,4.38912,1.877568,0.0,16.821409890040854
282.40000000000003,39.96119704,-106.21647065,2481.9864,4.38912,2.2352,0.0,18.083445383048684
282.5,39.96119957,-106.21646928,2481.9864,4.38912,2.726944,0.0,20.32313682966293
282.6,39.96120198,-106.21646796,2481.9864,4.38912,2.950464,0.0,20.77225468204585
282.70000000000005,39.96120478,-106.21646624,2481.9864,4.38912,3.218688,0.0,22.6198649480404
282.8,39.96120737,-106.21646469,2481.9864,4.38912,3.308096,0.0,23.198590513648185
282.90000000000003,39.96120993,-106.21646304,2481.9864,4.38912,3.218688,0.0,24.227745317954145
283.0,39.96121244,-106.2164615,2481.9864,4.38912,3.12928,-0.089408,24.057349450011717
283.1,39.96121438,-106.21646023,2481.9864,4.38912,2.771648,-0.089408,24.179107146689205
283.20000000000005,39.96121622,-106.21645905,2481.9864,4.38912,2.324608,0.0,24.9439052634246
283.3,39.9612172,-106.21645807,2481.9864,4.38912,1.832864,0.0,27.89727103094765
283.40000000000003,39.96121815,-106.21645712,2481.9864,4.38912,1.34112,0.0,32.61924307119284
283.5,39.96121814,-106.21645664,2481.9864,4.38912,0.938784,0.0,31.42956561483851
283.70000000000005,39.96121761,-106.21645636,2481.6816000000003,4.29768,0.44704,0.089408,45.0
283.8,39.9612172,-106.21645644,2481.6816000000003,4.29768,0.44704,0.0,90.0
283.90000000000003,39.9612162,-106.21645677,2481.6816000000003,4.29768,0.67056,0.0,158.19859051364824
284.0,39.96121536,-106.21645685,2481.6816000000003,4.29768,0.938784,0.0,167.47119229084842
284.1,39.96121382,-106.21645695,2481.9864,4.38912,1.34112,0.0,158.96248897457815
284.20000000000005,39.96121251,-106.21645688,2481.9864,4.38912,1.654048,0.0,162.64597536373867
284.3,39.96121099,-106.2164569,2481.9864,4.38912,1.56464,0.0,173.65980825409008
284.40000000000003,39.96120973,-106.21645684,2481.9864,4.38912,1.654048,0.0,172.8749836510982
284.5,39.96120851,-106.21645669,2481.9864,4.38912,1.34112,0.0,172.8749836510982
284.6,39.9612076,-106.21645657,2481.9864,4.38912,1.251712,0.0,171.25383773744477
284.70000000000005,39.9612071,-106.21645633,2481.9864,4.38912,0.804672,0.0,169.69515353123393
284.8,39.9612066,-106.21645614,2481.9864,4.38912,0.491744,0.0,167.47119229084842
284.90000000000003,39.96120658,-106.21645589,2481.9864,4.38912,0.0,0.0,164.0546040990771
285.0,39.96120641,-106.21645573,2481.9864,4.38912,0.0,0.0,180.0
285.1,39.96120676,-106.21645546,2481.9864,4.38912,0.0,0.0,180.0
285.20000000000005,39.96120684,-106.21645529,2481.9864,4.38912,0.0,0.0,180.0
285.3,39.96120731,-106.21645499,2481.9864,4.38912,0.0,0.0,180.0
285.40000000000003,39.96120745,-106.21645481,2481.9864,4.38912,0.67056,0.0,180.0
285.5,39.96120785,-106.21645452,2481.9864,4.38912,0.0,0.0,180.0
285.70000000000005,39.96120828,-106.21645412,2481.9864,4.38912,0.0,0.0,180.0
285.8,39.9612084,-106.21645397,2481.9864,4.38912,0.0,0.0,0.0
285.90000000000003,39.96120863,-106.21645377,2481.9864,4.38912,0.491744,0.0,0.0
286.0,39.96120873,-106.21645366,2481.9864,4.38912,0.0,0.0,0.0
286.1,39.96120887,-106.21645353,2481.9864,4.38912,0.67056,0.0,180.0
286.20000000000005,39.96120889,-106.21645356,2481.9864,4.38912,0.0,0.0,225.0
286.3,39.96120884,-106.21645371,2481.9864,4.38912,0.0,0.0,225.0
286.40000000000003,39.96120869,-106.21645398,2481.9864,4.38912,0.0,0.0,225.0
286.5,39.96120852,-106.21645428,2481.9864,4.38912,0.0,0.0,225.0
286.6,39.96120829,-106.21645467,2481.9864,4.38912,0.0,0.0,225.0
286.70000000000005,39.961208,-106.21645516,2481.9864,4.38912,0.0,0.0,232.1250163489018
286.8,39.96120767,-106.21645569,2481.9864,4.38912,0.67056,0.0,232.1250163489018
286.90000000000003,39.96120733,-106.21645627,2481.9864,4.38912,0.0,0.0,230.71059313749964
287.0,39.96120694,-106.2164569,2481.9864,4.38912,0.67056,0.0,230.71059313749964
287.1,39.96120656,-106.21645755,2481.9864,4.38912,0.67056,0.0,230.71059313749964
287.20000000000005,39.96120616,-106.21645819,2481.9864,4.38912,0.67056,0.0,225.0
287.3,39.96120586,-106.21645865,2481.9864,4.38912,0.491744,0.0,225.0
287.40000000000003,39.96120555,-106.21645911,2481.9864,4.38912,0.67056,0.0,232.1250163489018
287.5,39.96120536,-106.21645945,2481.9864,4.38912,0.0,0.0,232.1250163489018
287.6,39.96120514,-106.21645984,2481.9864,4.38912,0.67056,0.0,234.46232220802565
287.70000000000005,39.96120515,-106.21646006,2481.9864,4.38912,0.0,0.0,234.46232220802565
287.8,39.96120511,-106.21646035,2481.9864,4.38912,0.0,0.0,254.05460409907715
287.90000000000003,39.9612053,-106.21646048,2481.9864,4.38912,0.0,0.0,270.0
288.0,39.96120542,-106.21646068,2481.9864,4.38912,0.0,0.0,270.0
288.1,39.9612057,-106.21646073,2481.9864,4.38912,0.491744,0.0,270.0
288.20000000000005,39.96120589,-106.21646085,2481.9864,4.38912,0.0,0.0,270.0
288.3,39.96120625,-106.21646088,2481.9864,4.38912,0.491744,0.0,270.0
288.40000000000003,39.96120652,-106.21646097,2481.9864,4.38912,0.491744,0.0,315.0
288.6,39.96120721,-106.21646111,2481.9864,4.38912,0.44704,0.0,315.0
288.70000000000005,39.96120753,-106.21646113,2481.9864,4.38912,0.44704,0.0,315.0
288.90000000000003,39.96120808,-106.21646131,2481.9864,4.38912,0.0,0.0,315.0
289.1,39.96120858,-106.21646165,2481.9864,4.38912,0.22352,0.0,315.0
289.20000000000005,39.96120879,-106.21646182,2481.9864,4.38912,0.312928,0.0,315.0
289.3,39.96120899,-106.21646203,2481.9864,4.38912,0.491744,0.0,270.0
289.40000000000003,39.96120914,-106.21646219,2481.9864,4.38912,0.491744,0.0,270.0
289.5,39.96120924,-106.21646237,2481.9864,4.38912,0.0,0.0,0.0
289.6,39.96120931,-106.21646248,2481.9864,4.38912,0.0,0.0,0.0
289.70000000000005,39.96120937,-106.21646263,2481.9864,4.38912,0.0,0.0,0.0
289.8,39.9612094,-106.21646269,2481.9864,4.38912,0.0,0.0,0.0
289.90000000000003,39.96120946,-106.21646279,2481.9864,4.38912,0.0,0.0,0.0
290.0,39.96120951,-106.21646283,2481.9864,4.38912,0.0,0.0,0.0
290.1,39.96120959,-106.21646292,2481.9864,4.38912,0.0,0.0,0.0
290.20000000000005,39.96120965,-106.21646296,2481.9864,4.38912,0.0,0.0,0.0
290.3,39.96120979,-106.21646302,2481.9864,4.38912,0.0,0.0,0.0
290.40000000000003,39.96120988,-106.21646304,2481.9864,4.38912,0.0,0.0,0.0
290.5,39.96121006,-106.21646314,2481.9864,4.38912,0.0,0.0,0.0
290.6,39.96121015,-106.21646324,2481.9864,4.38912,0.0,0.0,0.0
290.70000000000005,39.96121028,-106.21646353,2481.9864,4.38912,0.0,0.0,270.0
290.8,39.96121034,-106.21646379,2481.9864,4.38912,0.0,0.0,270.0
290.90000000000003,39.9612105,-106.21646417,2481.9864,4.38912,0.0,0.0,270.0
291.0,39.96121062,-106.21646448,2481.9864,4.38912,0.67056,0.0,270.0
291.1,39.96121085,-106.21646489,2481.9864,4.38912,0.491744,0.0,270.0
291.20000000000005,39.96121102,-106.21646524,2481.9864,4.38912,0.67056,0.0,291.8014094863518
291.3,39.96121135,-106.21646563,2481.9864,4.38912,0.491744,0.0,315.0
291.40000000000003,39.96121162,-106.21646593,2481.9864,4.38912,0.67056,0.0,315.0
291.5,39.96121199,-106.21646623,2481.9864,4.38912,0.67056,0.0,338.1985905136482
291.6,39.96121229,-106.21646646,2481.9864,4.38912,0.0,0.0,338.1985905136482
291.70000000000005,39.96121268,-106.21646668,2481.9864,4.38912,0.67056,0.0,338.1985905136482
291.8,39.96121299,-106.21646688,2481.6816000000003,4.29768,0.0,0.0,338.1985905136482
291.90000000000003,39.96121333,-106.21646704,2481.6816000000003,4.29768,0.0,0.0,315.0
292.0,39.96121356,-106.21646718,2481.6816000000003,4.29768,0.0,0.0,315.0
292.1,39.96121372,-106.21646729,2481.6816000000003,4.29768,0.0,0.0,0.0
292.20000000000005,39.9612138,-106.21646737,2481.6816000000003,4.29768,0.0,0.0,0.0
292.3,39.96121382,-106.21646744,2481.6816000000003,4.29768,0.0,0.0,0.0
292.40000000000003,39.96121376,-106.21646745,2481.6816000000003,4.29768,0.0,0.0,180.0
292.5,39.96121357,-106.21646742,2481.6816000000003,4.29768,0.0,0.0,180.0
292.6,39.96121334,-106.21646736,2481.6816000000003,4.29768,0.0,0.0,180.0
292.70000000000005,39.96121312,-106.21646739,2481.6816000000003,4.29768,0.0,0.0,180.0
292.8,39.96121292,-106.21646742,2481.6816000000003,4.29768,0.0,0.0,180.0
292.90000000000003,39.96121278,-106.21646753,2481.6816000000003,4.29768,0.0,0.0,180.0
293.0,39.96121266,-106.21646762,2481.6816000000003,4.29768,0.0,0.0,180.0
293.1,39.9612127,-106.21646787,2481.6816000000003,4.29768,0.491744,0.0,270.0
293.20000000000005,39.9612127,-106.21646809,2481.6816000000003,4.29768,0.0,0.0,270.0
293.3,39.96121281,-106.21646841,2481.6816000000003,4.29768,0.0,0.0,225.0
293.40000000000003,39.96121277,-106.21646861,2481.6816000000003,4.29768,0.491744,0.0,180.0
293.5,39.96121271,-106.21646871,2481.6816000000003,4.29768,0.0,0.0,180.0
293.6,39.96121245,-106.21646864,2481.6816000000003,4.29768,0.0,0.0,167.47119229084842
293.70000000000005,39.9612121,-106.21646851,2481.6816000000003,4.29768,0.0,0.0,169.69515353123393
293.8,39.96121164,-106.21646829,2481.9864,4.38912,0.67056,0.0,155.55604521958344
293.90000000000003,39.96121119,-106.21646808,2481.9864,4.38912,0.0,0.0,169.69515353123393
294.1,39.96121043,-106.21646772,2481.6816000000003,4.29768,0.5364479999999999,0.0,164.0546040990771
294.20000000000005,39.96121016,-106.21646759,2481.6816000000003,4.29768,0.44704,0.0,180.0
294.3,39.96121008,-106.21646762,2481.6816000000003,4.29768,0.67056,0.0,180.0
294.40000000000003,39.96121001,-106.21646762,2481.6816000000003,4.29768,0.0,0.0,180.0
294.5,39.96121012,-106.21646786,2481.6816000000003,4.29768,0.0,0.0,0.0
294.6,39.9612102,-106.21646801,2481.6816000000003,4.29768,0.491744,0.0,0.0
294.8,39.96121052,-106.21646848,2481.9864,4.38912,0.44704,0.0,180.0
294.90000000000003,39.96121057,-106.21646868,2481.9864,4.38912,0.0,0.0,180.0
295.0,39.96121046,-106.21646868,2481.9864,4.38912,0.0,0.0,158.19859051364824
295.1,39.96121021,-106.21646863,2481.9864,4.38912,0.0,0.0,144.46232220802565
295.3,39.96120943,-106.2164681,2481.9864,4.38912,0.312928,0.0,142.1250163489018
295.40000000000003,39.96120895,-106.21646759,2481.9864,4.38912,0.5364479999999999,0.0,135.0
295.5,39.9612083,-106.21646677,2481.9864,4.38912,0.67056,0.0,130.23635830927378
295.6,39.96120772,-106.21646586,2481.9864,4.38912,0.938784,0.0,125.83765295427828
295.70000000000005,39.96120704,-106.21646471,2481.9864,4.38912,1.162304,0.0,123.02386755579664
295.8,39.96120638,-106.21646341,2481.9864,4.38912,1.251712,0.0,117.47443162627712
295.90000000000003,39.9612057,-106.21646184,2481.9864,4.38912,1.34112,0.0,115.70995378081123
296.0,39.96120506,-106.21646009,2481.9864,4.38912,1.519936,0.0,112.75097634278762
296.1,39.96120454,-106.21645814,2481.9864,4.38912,1.6987519999999998,0.0,107.92791976200726
296.20000000000005,39.96120407,-106.21645611,2481.6816000000003,4.29768,1.78816,0.0,104.03624346792652
296.3,39.96120375,-106.21645417,2481.6816000000003,4.29768,1.78816,0.0,104.82647997035563
296.40000000000003,39.96120344,-106.21645234,2481.9864,4.38912,1.56464,0.0,103.57043438516148
296.5,39.96120333,-106.21645094,2481.9864,4.38912,1.34112,0.0,101.30993247402024
296.6,39.96120318,-106.2164496,2481.6816000000003,4.29768,1.162304,0.0,104.03624346792652
296.70000000000005,39.96120318,-106.21644899,2481.6816000000003,4.29768,0.67056,0.0,107.35402463626131
296.8,39.96120309,-106.21644833,2481.6816000000003,4.29768,0.491744,0.0,98.74616226255525
296.90000000000003,39.96120312,-106.21644839,2481.9864,4.38912,0.0,0.0,102.52880770915152
297.0,39.96120308,-106.21644832,2481.9864,4.38912,0.0,0.0,111.80140948635182
297.1,39.96120316,-106.21644889,2481.9864,4.38912,0.0,0.0,135.0
297.20000000000005,39.96120317,-106.21644921,2481.9864,4.38912,0.67056,0.0,0.0
297.3,39.96120324,-106.21645003,2481.9864,4.38912,0.0,0.0,0.0
297.40000000000003,39.96120326,-106.21645055,2481.9864,4.38912,0.491744,0.0,0.0
297.5,39.96120332,-106.21645136,2481.9864,4.38912,0.0,0.0,0.0
297.6,39.96120334,-106.21645192,2481.9864,4.38912,0.67056,0.0,270.0
297.70000000000005,39.96120333,-106.21645256,2481.9864,4.38912,0.0,0.0,270.0
297.8,39.9612033,-106.21645308,2481.9864,4.38912,0.0,0.0,270.0
297.90000000000003,39.96120329,-106.21645363,2481.9864,4.38912,0.491744,0.0,270.0
298.0,39.96120326,-106.2164541,2481.9864,4.38912,0.0,0.0,270.0
298.1,39.96120322,-106.21645451,2481.9864,4.38912,0.491744,0.0,270.0
298.20000000000005,39.96120316,-106.21645489,2481.9864,4.38912,0.491744,0.0,270.0
298.3,39.9612031,-106.21645519,2481.9864,4.38912,0.491744,0.0,270.0
298.40000000000003,39.96120304,-106.21645548,2481.9864,4.38912,0.0,0.0,270.0
298.5,39.96120297,-106.21645574,2481.9864,4.38912,0.0,0.0,270.0
298.6,39.9612029,-106.216456,2481.9864,4.38912,0.0,0.0,270.0
298.70000000000005,39.96120287,-106.21645625,2481.9864,4.38912,0.0,0.0,270.0
298.8,39.96120282,-106.21645651,2481.9864,4.38912,0.0,0.0,270.0
298.90000000000003,39.96120285,-106.21645672,2481.9864,4.38912,0.0,0.0,270.0
299.0,39.96120285,-106.21645691,2481.9864,4.38912,0.0,0.0,270.0
299.1,39.96120292,-106.21645711,2481.9864,4.38912,0.0,0.0,0.0
299.20000000000005,39.96120295,-106.21645726,2481.9864,4.38912,0.0,0.0,0.0
299.3,39.96120308,-106.21645744,2481.9864,4.38912,0.0,0.0,0.0
299.40000000000003,39.96120316,-106.21645756,2481.9864,4.38912,0.0,0.0,0.0
299.5,39.96120331,-106.21645769,2481.9864,4.38912,0.0,0.0,0.0
299.6,39.96120339,-106.21645774,2481.9864,4.38912,0.0,0.0,0.0
299.70000000000005,39.9612035,-106.2164578,2481.9864,4.38912,0.0,0.0,0.0
299.8,39.96120357,-106.21645781,2481.9864,4.38912,0.0,0.0,0.0
299.90000000000003,39.96120366,-106.21645786,2481.9864,4.38912,0.0,0.0,0.0
300.0,39.96120371,-106.21645785,2481.9864,4.38912,0.0,0.0,0.0
300.1,39.9612038,-106.2164579,2481.9864,4.38912,0.0,0.0,0.0
300.20000000000005,39.96120386,-106.21645789,2481.6816000000003,4.29768,0.0,0.0,0.0
300.3,39.96120392,-106.21645795,2481.6816000000003,4.29768,0.0,0.0,0.0
300.40000000000003,39.96120394,-106.21645794,2481.6816000000003,4.29768,0.0,0.0,0.0
300.5,39.96120398,-106.21645804,2481.6816000000003,4.29768,0.0,0.0,0.0
300.6,39.96120399,-106.21645804,2481.9864,4.38912,0.0,0.0,0.0
300.70000000000005,39.96120403,-106.21645816,2481.9864,4.38912,0.0,0.0,0.0
300.8,39.96120404,-106.21645816,2481.9864,4.38912,0.0,0.0,0.0
300.90000000000003,39.9612041,-106.2164583,2481.9864,4.38912,0.0,0.0,0.0
301.1,39.96120419,-106.21645847,2481.9864,4.38912,0.0,0.0,0.0
301.20000000000005,39.96120425,-106.21645851,2481.9864,4.38912,0.0,0.0,0.0
301.3,39.96120435,-106.21645868,2481.9864,4.38912,0.0,0.0,0.0
301.40000000000003,39.96120443,-106.21645871,2481.9864,4.38912,0.0,0.0,0.0
301.5,39.96120461,-106.21645884,2481.9864,4.38912,0.491744,0.0,0.0
301.6,39.96120474,-106.21645885,2481.9864,4.38912,0.0,0.0,0.0
301.70000000000005,39.96120492,-106.21645899,2481.9864,4.38912,0.0,0.0,90.0
301.90000000000003,39.96120515,-106.21645908,2481.9864,4.38912,0.0,0.0,0.0
302.0,39.96120523,-106.21645905,2481.9864,4.38912,0.0,0.0,0.0
302.20000000000005,39.96120541,-106.21645919,2481.9864,4.38912,0.0,0.0,0.0
302.40000000000003,39.96120558,-106.21645932,2481.9864,4.38912,0.0,0.0,0.0
302.5,39.96120569,-106.21645941,2481.9864,4.38912,0.0,0.0,90.0
302.6,39.96120575,-106.2164594,2481.9864,4.38912,0.0,0.0,90.0
302.70000000000005,39.96120587,-106.21645944,2481.9864,4.38912,0.0,0.0,90.0
302.8,39.96120593,-106.21645937,2481.9864,4.38912,0.0,0.0,90.0
302.90000000000003,39.96120603,-106.2164594,2481.9864,4.38912,0.0,0.0,90.0
303.0,39.96120608,-106.21645936,2481.9864,4.38912,0.491744,0.0,90.0
303.1,39.96120618,-106.2164594,2481.9864,4.38912,0.491744,0.0,90.0
303.20000000000005,39.96120622,-106.21645936,2481.9864,4.38912,0.0,0.0,90.0
303.3,39.96120625,-106.21645946,2481.9864,4.38912,0.0,0.0,90.0
303.40000000000003,39.96120622,-106.21645944,2481.9864,4.38912,0.0,0.0,135.0
303.5,39.96120615,-106.21645955,2481.9864,4.38912,0.0,0.0,135.0
303.6,39.96120603,-106.21645952,2481.9864,4.38912,0.0,0.0,135.0
303.70000000000005,39.96120592,-106.21645959,2481.9864,4.38912,0.0,0.0,158.19859051364824
303.8,39.96120578,-106.21645952,2481.9864,4.38912,0.0,0.0,158.19859051364824
303.90000000000003,39.96120567,-106.21645958,2481.9864,4.38912,0.0,0.0,135.0
304.0,39.96120555,-106.21645954,2481.9864,4.38912,0.0,0.0,135.0
304.1,39.96120552,-106.21645962,2481.9864,4.38912,0.0,0.0,135.0
304.20000000000005,39.96120547,-106.21645959,2481.9864,4.38912,0.0,0.0,135.0
304.3,39.96120551,-106.21645968,2481.9864,4.38912,0.0,0.0,180.0
304.40000000000003,39.96120551,-106.21645968,2481.9864,4.38912,0.0,0.0,0.0
304.5,39.9612056,-106.21645978,2481.9864,4.38912,0.0,0.0,0.0
304.6,39.96120562,-106.21645976,2481.9864,4.38912,0.0,0.0,135.0
304.70000000000005,39.96120566,-106.21645975,2481.9864,4.38912,0.0,0.0,135.0
304.8,39.96120562,-106.21645964,2481.9864,4.38912,0.0,0.0,135.0
304.90000000000003,39.96120565,-106.21645961,2481.9864,4.38912,0.0,0.0,135.0
305.0,39.96120564,-106.2164595,2481.9864,4.38912,0.0,0.0,135.0
305.1,39.96120569,-106.21645947,2481.9864,4.38912,0.0,0.0,90.0
305.20000000000005,39.96120571,-106.21645936,2481.9864,4.38912,0.0,0.0,90.0
305.3,39.9612058,-106.21645934,2481.9864,4.38912,0.0,0.089408,90.0
305.40000000000003,39.96120586,-106.21645925,2481.9864,4.38912,0.0,0.22352,90.0
305.5,39.96120601,-106.21645933,2481.9864,4.38912,0.0,0.312928,0.0
305.6,39.96120613,-106.21645934,2481.6816000000003,4.29768,0.0,0.402336,0.0
305.70000000000005,39.96120631,-106.21645959,2481.6816000000003,4.20624,0.0,0.491744,0.0
305.8,39.96120645,-106.21645974,2481.6816000000003,4.20624,0.0,0.491744,0.0
305.90000000000003,39.96120665,-106.2164601,2481.6816000000003,4.1148,0.491744,0.581152,0.0
306.0,39.96120679,-106.2164603,2481.6816000000003,4.1148,0.0,0.581152,0.0
306.1,39.96120687,-106.21646069,2481.3768,3.99288,0.0,0.581152,0.0
306.20000000000005,39.96120685,-106.21646088,2481.3768,3.901440000000001,0.0,0.491744,180.0
306.3,39.9612067,-106.21646105,2481.3768,3.901440000000001,0.0,0.402336,180.0
306.40000000000003,39.96120644,-106.21646101,2481.3768,3.901440000000001,0.0,0.402336,164.0546040990771
306.5,39.96120595,-106.21646096,2481.3768,3.81,0.0,0.402336,150.94539590092285
306.6,39.96120539,-106.21646075,2481.3768,3.81,0.491744,0.312928,155.55604521958344
306.70000000000005,39.96120466,-106.21646046,2481.3768,3.81,0.67056,0.312928,151.69924423399362
306.8,39.96120393,-106.21646009,2481.072,3.68808,0.938784,0.402336,156.37062226934313
306.90000000000003,39.96120307,-106.21645985,2481.072,3.68808,1.0728959999999998,0.402336,156.37062226934313
307.0,39.96120226,-106.21645957,2481.072,3.5966400000000003,0.938784,0.402336,162.64597536373867
307.1,39.96120151,-106.21645947,2481.072,3.5966400000000003,0.938784,0.402336,162.64597536373867
307.20000000000005,39.96120079,-106.21645931,2481.072,3.5966400000000003,0.804672,0.402336,158.96248897457815
307.3,39.9612002,-106.21645944,2481.072,3.5052000000000003,0.67056,0.402336,171.25383773744477
307.40000000000003,39.96119964,-106.2164595,2481.072,3.5052000000000003,0.67056,0.491744,180.0
307.5,39.96119934,-106.2164598,2480.7672,3.41376,0.491744,0.491744,180.0
307.6,39.96119902,-106.21645998,2480.7672,3.41376,0.0,0.402336,180.0
307.70000000000005,39.96119899,-106.21646042,2480.7672,3.2918400000000005,0.67056,0.491744,180.0
307.8,39.96119888,-106.21646071,2480.7672,3.2918400000000005,0.67056,0.491744,180.0
307.90000000000003,39.96119905,-106.21646122,2480.7672,3.2004,0.491744,0.402336,180.0
308.0,39.96119909,-106.21646156,2480.7672,3.2004,0.67056,0.402336,225.0
308.1,39.9611993,-106.21646209,2480.7672,3.2004,0.67056,0.402336,270.0
308.20000000000005,39.96119943,-106.21646246,2480.4624000000003,3.10896,0.67056,0.402336,270.0
308.3,39.9611997,-106.21646294,2480.4624000000003,3.10896,0.491744,0.402336,270.0
308.40000000000003,39.96119988,-106.21646327,2480.4624000000003,2.9870400000000004,0.67056,0.402336,270.0
308.5,39.96120013,-106.21646372,2480.4624000000003,2.9870400000000004,0.491744,0.402336,270.0
308.70000000000005,39.96120052,-106.21646438,2480.4624000000003,2.8956,0.312928,0.491744,270.0
308.8,39.96120068,-106.21646463,2480.1576,2.80416,0.0,0.402336,0.0
309.0,39.96120098,-106.21646514,2480.1576,2.7127200000000005,0.0,0.491744,0.0
309.1,39.96120105,-106.21646541,2480.1576,2.7127200000000005,0.44704,0.402336,0.0
309.20000000000005,39.9612011,-106.21646559,2480.1576,2.5908,0.0,0.491744,0.0
309.3,39.9612011,-106.21646585,2480.1576,2.5908,0.0,0.491744,0.0
309.40000000000003,39.9612011,-106.21646602,2479.8528,2.49936,0.0,0.491744,0.0
309.5,39.96120102,-106.2164663,2479.8528,2.49936,0.0,0.491744,0.0
309.6,39.96120096,-106.21646647,2479.8528,2.4079200000000003,0.0,0.491744,0.0
309.70000000000005,39.96120091,-106.21646675,2479.8528,2.4079200000000003,0.67056,0.491744,0.0
309.8,39.96120088,-106.21646691,2479.8528,2.286,0.0,0.491744,0.0
309.90000000000003,39.96120084,-106.21646719,2479.8528,2.286,0.0,0.491744,0.0
310.0,39.96120082,-106.21646734,2479.548,2.19456,0.0,0.491744,0.0
310.1,39.96120088,-106.21646754,2479.548,2.19456,0.0,0.491744,0.0
310.20000000000005,39.96120091,-106.21646761,2479.548,2.10312,0.0,0.491744,0.0
310.3,39.96120099,-106.21646781,2479.548,2.10312,0.0,0.491744,0.0
310.40000000000003,39.96120103,-106.21646789,2479.548,2.01168,0.0,0.402336,0.0
310.5,39.96120112,-106.21646811,2479.548,2.01168,0.0,0.402336,0.0
310.6,39.96120118,-106.21646817,2479.548,2.01168,0.0,0.402336,0.0
310.70000000000005,39.9612013,-106.21646837,2479.2432000000003,1.88976,0.0,0.402336,90.0
310.8,39.96120143,-106.21646839,2479.2432000000003,1.88976,0.0,0.402336,45.0
310.90000000000003,39.96120174,-106.21646842,2479.2432000000003,1.79832,0.0,0.402336,21.80140948635181
311.0,39.96120204,-106.21646829,2479.2432000000003,1.79832,0.0,0.402336,45.0
311.1,39.96120245,-106.21646833,2479.2432000000003,1.70688,0.0,0.491744,35.537677791974374
311.20000000000005,39.96120279,-106.21646826,2479.2432000000003,1.70688,0.0,0.491744,35.537677791974374
311.3,39.96120323,-106.21646832,2478.9384,1.58496,0.491744,0.402336,15.945395900922849
311.40000000000003,39.96120363,-106.21646827,2478.9384,1.58496,0.0,0.491744,15.945395900922849
311.5,39.96120415,-106.21646835,2478.9384,1.4935200000000002,0.491744,0.491744,12.528807709151522
311.6,39.96120469,-106.21646824,2478.9384,1.4935200000000002,0.67056,0.402336,24.44395478041656
311.70000000000005,39.96120531,-106.21646816,2478.9384,1.40208,0.67056,0.402336,24.44395478041656
311.8,39.96120591,-106.21646792,2478.9384,1.40208,0.67056,0.402336,24.44395478041656
311.90000000000003,39.96120655,-106.21646789,2478.6336,1.31064,0.67056,0.491744,24.44395478041656
312.0,39.96120713,-106.21646776,2478.6336,1.31064,0.67056,0.491744,24.44395478041656
312.1,39.96120777,-106.21646784,2478.6336,1.18872,0.491744,0.491744,10.304846468766016
312.20000000000005,39.96120835,-106.21646783,2478.6336,1.18872,0.67056,0.491744,10.304846468766016
312.3,39.96120886,-106.21646804,2478.6336,1.09728,0.491744,0.491744,10.304846468766016
312.40000000000003,39.96120935,-106.21646812,2478.6336,1.09728,0.67056,0.491744,0.0
312.5,39.96120979,-106.21646843,2478.3288,1.00584,0.67056,0.491744,0.0
312.6,39.96121022,-106.21646858,2478.3288,0.9144,0.0,0.491744,0.0
312.70000000000005,39.9612106,-106.21646892,2478.3288,0.9144,0.491744,0.089408,0.0
312.8,39.96121077,-106.21646919,2478.3288,0.9144,0.67056,0.0,0.0
312.90000000000003,39.96121084,-106.21646957,2478.3288,0.9144,0.67056,0.0,0.0
313.0,39.96121082,-106.21646981,2478.3288,0.9144,0.491744,0.0,0.0
313.1,39.96121052,-106.21647031,2478.3288,0.9144,0.491744,0.0,180.0
313.20000000000005,39.96121023,-106.21647054,2478.3288,1.00584,0.491744,-0.22352,135.0
313.3,39.96120978,-106.21647067,2478.3288,1.00584,0.491744,-0.22352,111.80140948635182
313.40000000000003,39.96120942,-106.21647058,2478.3288,1.00584,0.491744,-0.089408,111.80140948635182
313.5,39.96120898,-106.21647028,2478.3288,1.00584,0.67056,-0.089408,135.0
313.6,39.9612086,-106.21647001,2478.3288,1.00584,0.491744,-0.089408,135.0
313.70000000000005,39.9612084,-106.21646975,2478.3288,1.00584,0.491744,-0.089408,135.0
313.8,39.96120827,-106.21646948,2478.3288,1.00584,0.491744,0.0,90.0
313.90000000000003,39.96120829,-106.21646952,2478.3288,1.00584,0.0,0.0,90.0
314.0,39.96120824,-106.2164695,2478.3288,1.00584,0.0,0.0,90.0
314.1,39.96120843,-106.21646954,2478.3288,1.00584,0.0,0.0,90.0
314.20000000000005,39.96120848,-106.21646946,2478.3288,1.00584,0.0,0.0,90.0
314.3,39.9612086,-106.21646954,2478.3288,0.9144,0.0,0.0,90.0
314.40000000000003,39.9612086,-106.21646948,2478.3288,0.9144,0.0,0.0,135.0
314.5,39.96120866,-106.21646953,2478.3288,0.9144,0.0,0.0,135.0
314.70000000000005,39.96120862,-106.21646946,2478.3288,0.9144,0.0,0.0,135.0
314.8,39.96120855,-106.21646935,2478.3288,0.9144,0.0,0.0,135.0
314.90000000000003,39.96120855,-106.21646934,2478.3288,0.9144,0.0,0.0,135.0
315.0,39.96120852,-106.21646924,2478.3288,0.9144,0.0,0.0,90.0
315.1,39.96120855,-106.21646929,2478.3288,0.9144,0.0,0.0,90.0
315.20000000000005,39.96120853,-106.21646923,2478.3288,0.9144,0.0,0.0,90.0
315.3,39.96120859,-106.21646926,2478.3288,0.9144,0.0,0.0,90.0
