timestamp,latitude,longitude,altitude,height,ground_speed,vertical_speed,course
0.0,40.01214027,-104.9512731,1560.2712,0.0,0.0,0.0,0.0
0.2999999999999545,40.01214027,-104.9512731,1560.2712,0.0,0.0,0.0,0.0
0.3999999999999772,40.0121403,-104.9512731,1560.2712,0.0,0.0,0.0,0.0
0.5,40.01214029,-104.9512731,1560.2712,0.0,0.0,0.0,0.0
0.7999999999999545,40.01214032,-104.9512731,1560.2712,0.0,0.0,0.0,0.0
0.8999999999999773,40.01214032,-104.9512731,1560.2712,0.0,0.0,0.0,0.0
1.0,40.01214033,-104.9512731,1560.2712,0.0,0.0,0.0,0.0
1.1000000000000227,40.01214032,-104.9512731,1560.2712,0.0,0.0,0.0,0.0
1.2000000000000457,40.01214033,-104.9512731,1560.2712,0.0,0.0,0.0,0.0
1.2999999999999543,40.01214033,-104.9512731,1560.2712,0.0,0.0,0.0,0.0
1.3999999999999773,40.01214034,-104.9512731,1560.2712,0.0,0.0,0.0,0.0
1.5,40.01214034,-104.9512731,1560.2712,0.0,0.0,0.0,0.0
1.6000000000000227,40.01214034,-104.951273,1560.2712,0.0,0.0,0.0,0.0
1.7000000000000457,40.01214034,-104.951273,1560.2712,0.0,0.0,0.0,0.0
1.7999999999999543,40.01214034,-104.951273,1560.2712,0.0,0.0,0.0,0.0
1.8999999999999773,40.01214034,-104.951273,1560.2712,0.0,0.0,0.0,0.0
2.0,40.01214034,-104.951273,1560.2712,0.0,0.0,0.0,0.0
2.1000000000000227,40.01214034,-104.951273,1560.2712,0.0,0.0,0.0,0.0
2.200000000000045,40.01214034,-104.951273,1560.2712,0.0,0.0,0.0,0.0
2.2999999999999545,40.01214035,-104.951273,1560.2712,0.0,0.0,0.0,0.0
2.3999999999999773,40.01214035,-104.951273,1560.2712,0.0,0.0,0.0,0.0
2.5,40.01214035,-104.951273,1560.2712,0.0,0.0,0.0,0.0
2.6000000000000227,40.0121405,-104.951273,1560.2712,0.0,0.0,0.0,0.0
2.7999999999999545,40.01214034,-104.951273,1560.2712,0.0,0.0,0.0,0.0
2.8999999999999773,40.01214035,-104.951273,1560.2712,0.0,0.0,0.0,0.0
3.0,40.01214034,-104.951273,1560.2712,0.0,0.0,0.0,0.0
3.1000000000000227,40.01214035,-104.951273,1560.2712,0.0,0.0,0.0,0.0
3.200000000000045,40.01214034,-104.9512732,1560.2712,0.0,0.0,0.0,0.0
3.2999999999999545,40.01214035,-104.9512732,1560.2712,0.0,0.0,0.0,0.0
3.3999999999999773,40.01214034,-104.951273,1560.2712,0.0,0.0,0.0,0.0
3.5,40.01214035,-104.951273,1560.2712,0.0,0.0,0.0,0.0
3.6000000000000227,40.01214034,-104.9512732,1560.2712,0.0,0.0,0.0,0.0
3.7000000000000455,40.01214035,-104.9512732,1560.2712,0.0,0.0,0.0,0.0
3.7999999999999545,40.01214034,-104.951273,1560.2712,0.0,0.0,0.0,0.0
3.899999999999977,40.01214035,-104.951273,1560.2712,0.0,0.0,0.0,0.0
4.0,40.01214049,-104.9512732,1560.2712,0.0,0.0,0.0,0.0
4.100000000000023,40.01214051,-104.9512732,1560.2712,0.0,0.0,0.0,0.0
4.2000000000000455,40.01214048,-104.9512732,1560.2712,0.0,0.0,0.0,0.0
4.2999999999999545,40.01214049,-104.9512732,1560.2712,0.0,0.0,0.0,0.0
4.399999999999977,40.01214047,-104.9512732,1560.2712,0.0,0.0,0.0,0.0
4.5,40.01214048,-104.9512732,1560.2712,0.0,0.0,0.0,0.0
4.7999999999999545,40.01214046,-104.9512732,1560.2712,0.0,0.0,0.0,0.0
4.899999999999977,40.01214047,-104.9512732,1560.2712,0.0,0.0,0.0,0.0
5.0,40.01214046,-104.9512732,1560.2712,0.0,0.0,0.0,0.0
5.100000000000023,40.01214046,-104.9512732,1560.2712,0.0,0.0,0.0,0.0
5.2999999999999545,40.01214045,-104.9512732,1560.2712,0.0,0.0,0.0,0.0
5.5,40.01214044,-104.9512732,1560.2712,0.0,0.0,0.0,0.0
6.0,40.01214043,-104.9512733,1560.2712,0.0,0.0,0.0,0.0
6.100000000000023,40.01214043,-104.9512733,1560.2712,0.0,0.178816,0.0,0.0
6.399999999999977,40.01214043,-104.9512733,1560.2712,0.0,0.0,0.0,0.0
6.5,40.01214043,-104.9512733,1560.2712,0.0,0.0,0.0,0.0
6.7000000000000455,40.01214044,-104.9512733,1560.2712,0.0,0.312928,0.0,0.0
6.7999999999999545,40.01214044,-104.9512733,1560.2712,0.0,0.312928,0.0,0.0
6.899999999999977,40.01214044,-104.9512733,1560.2712,0.0,0.0,0.0,0.0
7.2000000000000455,40.01214043,-104.9512733,1560.2712,0.0,0.22352,0.0,0.0
7.399999999999977,40.01214058,-104.9512733,1560.2712,0.0,0.2682239999999999,0.0,0.0
7.5,40.01214059,-104.9512733,1560.2712,0.0,0.0,0.0,0.0
7.600000000000023,40.01214057,-104.9512733,1560.2712,0.0,0.0,0.0,0.0
7.700000000000045,40.01214058,-104.9512733,1560.2712,0.0,0.0,0.0,0.0
7.799999999999954,40.01214056,-104.9512733,1560.2712,0.0,0.0,0.0,0.0
7.899999999999977,40.01214057,-104.9512733,1560.2712,0.0,0.0,0.0,0.0
8.0,40.01214055,-104.9512733,1560.2712,0.0,0.0,0.0,0.0
8.100000000000023,40.01214056,-104.9512733,1560.2712,0.0,0.0,0.0,0.0
8.200000000000045,40.01214055,-104.9512732,1560.2712,0.0,0.0,0.0,0.0
8.299999999999955,40.01214056,-104.9512732,1560.2712,0.0,0.0,0.0,0.0
8.399999999999977,40.01214074,-104.9512733,1560.2712,0.0,0.0,-0.089408,0.0
8.5,40.01214086,-104.9512733,1560.2712,0.0,0.491744,-0.312928,0.0
8.700000000000045,40.01214117,-104.9512732,1560.576,0.09144,0.0,-0.804672,0.0
8.899999999999977,40.0121413,-104.9512732,1560.576,0.3048,0.0,-1.296416,45.0
9.0,40.01214144,-104.9512727,1560.8808,0.48768,0.0,-1.609344,45.0
9.200000000000044,40.01214142,-104.9512724,1561.1856,0.9144,0.312928,-2.279904,0.0
9.299999999999956,40.0121415,-104.9512724,1561.4904,1.09728,0.0,-2.592832,0.0
9.399999999999975,40.01214174,-104.9512726,1561.7952,1.40208,0.0,-2.816352,0.0
9.5,40.01214183,-104.9512726,1562.1,1.70688,0.0,-2.816352,0.0
9.700000000000044,40.01214187,-104.9512725,1562.7096,2.286,0.0,-2.816352,45.0
9.799999999999956,40.01214225,-104.9512716,1563.0144,2.49936,0.44704,-2.68224,45.0
9.899999999999975,40.01214229,-104.9512716,1563.3192,2.80416,0.67056,-2.503424,0.0
10.0,40.01214217,-104.9512722,1563.624,3.10896,0.491744,-2.279904,0.0
10.100000000000025,40.01214215,-104.9512722,1563.624,3.2918400000000005,0.491744,-2.101088,0.0
10.200000000000044,40.01214213,-104.9512725,1563.9288,3.5052000000000003,0.0,-2.01168,0.0
10.299999999999956,40.0121421,-104.9512725,1564.2336,3.68808,0.0,-1.6987519999999998,0.0
10.399999999999975,40.01214205,-104.9512727,1564.2336,3.901440000000001,0.0,-1.385824,0.0
10.5,40.01214202,-104.9512727,1564.5384,3.99288,0.0,-0.983488,0.0
10.600000000000025,40.01214191,-104.9512727,1564.5384,4.1148,0.0,-0.581152,0.0
10.700000000000044,40.01214189,-104.9512728,1564.5384,4.1148,0.0,-0.312928,0.0
10.799999999999956,40.01214198,-104.9512729,1564.5384,4.20624,0.0,-0.089408,0.0
10.899999999999975,40.01214199,-104.9512729,1564.5384,4.20624,0.0,0.0,0.0
11.0,40.01214192,-104.9512729,1564.5384,4.20624,0.491744,0.0,0.0
11.100000000000025,40.01214194,-104.9512729,1564.5384,4.20624,0.0,0.0,0.0
11.200000000000044,40.01214185,-104.9512731,1564.5384,4.20624,0.0,0.0,0.0
11.299999999999956,40.01214187,-104.951273,1564.5384,4.20624,0.0,0.0,0.0
11.399999999999975,40.01214191,-104.9512729,1564.5384,4.1148,0.0,0.0,0.0
11.5,40.01214193,-104.9512728,1564.5384,4.1148,0.0,0.0,0.0
11.600000000000025,40.0121419,-104.9512728,1564.5384,4.1148,0.0,0.0,0.0
11.700000000000044,40.01214191,-104.9512727,1564.5384,4.1148,0.0,0.0,0.0
11.799999999999956,40.01214184,-104.9512724,1564.5384,4.1148,0.0,0.0,0.0
12.0,40.01214189,-104.9512724,1564.5384,4.1148,0.0,0.0,0.0
12.5,40.01214169,-104.9512719,1564.5384,4.1148,0.0,0.0,0.0
12.600000000000025,40.01214178,-104.951272,1564.5384,4.1148,0.0,0.0,0.0
12.700000000000044,40.01214178,-104.9512719,1564.5384,4.1148,0.0,0.0,0.0
12.799999999999956,40.01214167,-104.9512719,1564.5384,4.1148,0.0,0.0,0.0
12.899999999999975,40.01214166,-104.9512719,1564.5384,4.1148,0.0,0.0,0.0
13.100000000000025,40.0121417,-104.9512718,1564.5384,4.1148,0.0,0.0,0.0
13.200000000000044,40.01214172,-104.9512718,1564.5384,4.20624,0.0,-0.089408,0.0
13.299999999999956,40.01214171,-104.9512718,1564.5384,4.20624,0.0,-0.22352,0.0
13.399999999999975,40.01214173,-104.9512717,1564.5384,4.20624,0.491744,-0.312928,0.0
13.5,40.01214173,-104.9512717,1564.8432,4.29768,0.0,-0.402336,0.0
13.600000000000025,40.01214175,-104.9512718,1564.8432,4.29768,0.0,-0.402336,0.0
13.700000000000044,40.01214175,-104.9512718,1564.8432,4.29768,0.0,-0.491744,0.0
13.799999999999956,40.01214175,-104.9512718,1564.8432,4.38912,0.0,-0.581152,0.0
13.899999999999975,40.01214175,-104.9512718,1564.8432,4.51104,0.0,-0.89408,0.0
14.0,40.01214189,-104.9512718,1565.148,4.60248,0.0,-1.296416,0.0
14.100000000000025,40.01214189,-104.9512718,1565.148,4.69392,0.0,-1.519936,0.0
14.200000000000044,40.01214185,-104.9512719,1565.4528,4.907280000000001,0.0,-1.6987519999999998,0.0
14.299999999999956,40.01214183,-104.9512719,1565.4528,5.09016,0.0,-1.922272,0.0
14.399999999999975,40.01214194,-104.9512719,1565.7576,5.30352,0.0,-2.101088,0.0
14.5,40.01214192,-104.9512719,1566.0624,5.486400000000001,0.0,-2.101088,0.0
14.600000000000025,40.01214189,-104.9512722,1566.0624,5.69976,0.0,-2.190496,0.0
14.700000000000044,40.01214186,-104.9512722,1566.3672,6.00456,0.0,-2.190496,0.0
14.799999999999956,40.01214188,-104.9512724,1566.672,6.1874400000000005,0.0,-2.101088,0.0
14.899999999999975,40.01214186,-104.9512725,1566.672,6.4008,0.0,-2.101088,0.0
15.0,40.01214174,-104.9512724,1566.9768,6.61416,0.0,-2.101088,0.0
15.100000000000025,40.01214172,-104.9512724,1567.2816,6.797040000000001,0.491744,-2.101088,0.0
15.200000000000044,40.01214163,-104.9512723,1567.5864,7.10184,0.0,-2.101088,0.0
15.299999999999956,40.01214162,-104.9512724,1567.5864,7.315200000000001,0.0,-2.01168,0.0
15.399999999999975,40.01214171,-104.9512725,1567.8912,7.498080000000001,0.0,-2.01168,0.0
15.5,40.01214171,-104.9512725,1568.196,7.71144,0.0,-2.101088,0.0
15.700000000000044,40.01214176,-104.9512728,1568.5008,8.10768,0.0,-2.101088,0.0
15.799999999999956,40.01214162,-104.9512728,1568.8056,8.290560000000001,0.0,-2.101088,0.0
15.899999999999975,40.01214161,-104.9512728,1568.8056,8.50392,0.0,-2.101088,0.0
16.0,40.01214162,-104.951273,1569.1104,8.6868,0.0,-2.101088,0.0
16.200000000000045,40.01214159,-104.951273,1569.72,9.20496,0.0,-2.01168,0.0
16.5,40.01214137,-104.951273,1570.3296,9.814560000000002,0.0,-2.01168,0.0
16.600000000000023,40.01214142,-104.9512731,1570.3296,9.99744,0.0,-2.01168,0.0
17.299999999999955,40.01214111,-104.9512727,1571.8536,11.49096,0.0,-2.101088,0.0
17.5,40.01214136,-104.9512726,1572.4632,11.8872,0.0,-2.503424,0.0
17.600000000000023,40.01214123,-104.9512727,1572.4632,12.192,0.0,-2.816352,0.0
17.700000000000045,40.01214122,-104.9512727,1572.768,12.4968,0.0,-3.218688,0.0
17.799999999999955,40.01214119,-104.9512728,1573.0728,12.8016,0.0,-3.486912,0.0
17.899999999999977,40.01214113,-104.9512728,1573.6824,13.19784,0.0,-3.710432,0.0
18.0,40.01214107,-104.9512728,1573.9872,13.594080000000002,0.491744,-3.79984,0.0
18.100000000000023,40.012141,-104.9512728,1574.292,13.898880000000002,0.491744,-3.889248,0.0
18.200000000000045,40.01214074,-104.9512728,1574.5968,14.29512,0.491744,-4.02336,0.0
18.299999999999955,40.01214066,-104.9512728,1575.2064,14.69136,0.491744,-4.02336,0.0
18.399999999999977,40.01214082,-104.9512728,1575.5112,15.20952,0.0,-4.02336,0.0
18.5,40.01214077,-104.9512728,1576.1208,15.605760000000002,0.0,-4.02336,0.0
18.600000000000023,40.01214076,-104.9512728,1576.4256,16.002000000000002,0.0,-4.02336,0.0
18.700000000000045,40.01214072,-104.9512729,1576.7304,16.39824,0.0,-3.889248,0.0
18.799999999999955,40.01214068,-104.951273,1577.0352,16.70304,0.0,-3.710432,0.0
18.899999999999977,40.01214064,-104.9512731,1577.6448,17.09928,0.0,-3.308096,0.0
19.0,40.01214058,-104.9512732,1577.9496,17.40408,0.0,-2.90576,0.0
19.100000000000023,40.01214054,-104.9512732,1578.2544,17.70888,0.0,-2.503424,0.0
19.200000000000045,40.01214049,-104.9512733,1578.2544,17.89176,0.491744,-2.101088,0.0
19.299999999999955,40.01214045,-104.9512734,1578.5592,18.10512,0.0,-1.6987519999999998,0.0
19.399999999999977,40.01214041,-104.9512735,1578.5592,18.19656,0.0,-1.207008,0.0
19.5,40.01214038,-104.9512736,1578.864,18.288,0.0,-0.804672,0.0
19.600000000000023,40.01214032,-104.9512736,1578.864,18.40992,0.0,-0.402336,0.0
19.700000000000045,40.0121403,-104.9512736,1578.864,18.40992,0.0,-0.089408,0.0
19.799999999999955,40.01214024,-104.9512736,1578.864,18.40992,0.0,0.0,0.0
19.899999999999977,40.01214022,-104.9512736,1578.864,18.40992,0.0,0.0,0.0
20.0,40.01214031,-104.9512738,1578.864,18.40992,0.0,0.0,0.0
20.200000000000045,40.01214025,-104.9512739,1578.864,18.40992,0.0,0.0,0.0
20.299999999999955,40.01214028,-104.9512738,1578.864,18.288,0.0,0.0,0.0
20.399999999999977,40.01214031,-104.9512735,1578.864,18.288,0.0,0.0,0.0
20.5,40.01214034,-104.9512734,1578.864,18.288,0.0,0.0,0.0
20.600000000000023,40.01214046,-104.9512731,1578.864,18.288,0.0,0.0,0.0
20.700000000000045,40.0121405,-104.9512729,1578.864,18.288,0.0,0.0,0.0
20.799999999999955,40.01214043,-104.9512729,1578.864,18.288,0.491744,0.0,0.0
20.899999999999977,40.01214045,-104.9512727,1578.864,18.288,0.0,0.0,0.0
21.0,40.0121404,-104.9512725,1578.864,18.288,0.0,0.0,90.0
21.100000000000023,40.01214043,-104.9512724,1578.864,18.288,0.0,0.0,90.0
21.600000000000023,40.01214067,-104.9512714,1578.5592,18.19656,0.0,-0.22352,0.0
21.700000000000045,40.0121407,-104.9512714,1578.5592,18.19656,0.0,-0.312928,0.0
21.799999999999955,40.01214077,-104.9512711,1578.864,18.288,0.0,-0.491744,0.0
21.899999999999977,40.01214081,-104.9512711,1578.864,18.288,0.0,-0.804672,0.0
22.0,40.01214087,-104.9512711,1578.864,18.40992,0.0,-1.1176,0.0
22.100000000000023,40.0121409,-104.9512711,1578.864,18.5928,0.0,-1.519936,0.0
22.200000000000045,40.01214095,-104.9512712,1579.1688,18.71472,0.0,-2.01168,0.0
22.299999999999955,40.01214094,-104.9512712,1579.1688,18.8976,0.0,-2.279904,0.0
22.399999999999977,40.01214094,-104.9512711,1579.4736,19.2024,0.0,-2.503424,0.0
22.5,40.0121409,-104.9512711,1579.7784,19.38528,0.0,-2.68224,0.0
22.600000000000023,40.01214079,-104.9512712,1580.0832,19.69008,0.0,-2.90576,0.0
22.700000000000045,40.01214073,-104.9512712,1580.388,19.99488,0.491744,-3.218688,0.0
22.799999999999955,40.01214075,-104.9512715,1580.6928,20.29968,0.0,-3.308096,0.0
22.899999999999977,40.01214069,-104.9512716,1580.9976,20.60448,0.0,-3.486912,0.0
23.0,40.01214063,-104.9512717,1581.3024,21.00072,0.0,-3.486912,0.0
23.100000000000023,40.01214055,-104.9512719,1581.912,21.396960000000004,0.0,-3.621024,0.0
23.200000000000045,40.01214049,-104.951272,1582.2168,21.701760000000004,0.0,-3.710432,0.0
23.299999999999955,40.0121404,-104.9512722,1582.5216,22.098000000000003,0.0,-3.710432,0.0
23.399999999999977,40.01214036,-104.9512724,1582.8264,22.49424,0.0,-3.79984,0.0
23.5,40.01214029,-104.9512726,1583.436,22.89048,0.0,-3.889248,0.0
23.600000000000023,40.01214014,-104.9512729,1583.7408,23.286720000000003,0.0,-3.889248,0.0
23.899999999999977,40.01213984,-104.9512734,1584.96,24.505920000000003,0.0,-4.02336,0.0
24.0,40.01213986,-104.9512737,1585.2648000000002,24.90216,0.0,-3.889248,0.0
24.100000000000023,40.01213979,-104.9512739,1585.5696,25.2984,0.0,-3.889248,0.0
24.299999999999955,40.01213959,-104.9512744,1586.4840000000002,26.09088,0.0,-3.889248,0.0
24.600000000000023,40.01213945,-104.9512749,1587.7032000000002,27.31008,0.178816,-4.02336,0.0
24.700000000000045,40.0121394,-104.951275,1588.008,27.70632,0.357632,-4.02336,0.0
24.799999999999955,40.01213924,-104.9512751,1588.3128000000002,28.01112,0.0,-3.889248,0.0
24.899999999999977,40.01213919,-104.9512752,1588.9224000000002,28.40736,0.0,-3.889248,0.0
25.0,40.01213917,-104.9512753,1589.2272,28.803600000000003,0.0,-3.889248,0.0
25.100000000000023,40.01213912,-104.9512754,1589.5320000000002,29.19984,0.0,-3.889248,0.0
25.200000000000045,40.01213893,-104.9512754,1590.1416000000002,29.59608,0.0,-4.02336,0.0
25.299999999999955,40.01213888,-104.9512755,1590.4464,29.992320000000003,0.0,-4.02336,0.0
25.399999999999977,40.01213902,-104.9512756,1590.7512000000002,30.38856,0.0,-4.02336,0.0
25.5,40.012139,-104.9512756,1591.3608000000002,30.7848,0.0,-3.889248,0.0
25.600000000000023,40.01213881,-104.9512754,1591.6656,31.211520000000004,0.0,-4.02336,0.0
25.700000000000045,40.01213879,-104.9512754,1591.9704000000002,31.607760000000003,0.0,-3.889248,0.0
25.799999999999955,40.0121389,-104.9512755,1592.2752,32.004000000000005,0.0,-3.889248,0.0
25.899999999999977,40.01213891,-104.9512755,1592.8848,32.400240000000004,0.0,-3.889248,0.0
26.0,40.01213882,-104.9512755,1593.1896000000002,32.705040000000004,0.0,-3.889248,0.0
26.100000000000023,40.01213883,-104.9512755,1593.4944,33.10128,0.0,-3.889248,0.0
26.200000000000045,40.01213885,-104.9512755,1593.7992000000002,33.49752,0.0,-3.889248,0.0
26.299999999999955,40.01213886,-104.9512755,1594.4088000000002,33.89376,0.0,-3.889248,0.0
26.399999999999977,40.01213902,-104.9512754,1594.7136,34.29,0.0,-3.889248,0.0
26.5,40.01213905,-104.9512754,1595.0184000000002,34.68624,0.0,-3.889248,0.0
26.600000000000023,40.01213918,-104.9512754,1595.3232,34.99104,0.67056,-3.889248,0.0
26.700000000000045,40.01213921,-104.9512753,1595.9328,35.38728,0.491744,-3.889248,0.0
26.799999999999955,40.01213912,-104.9512754,1596.2376000000002,35.814,0.0,-4.02336,0.0
26.899999999999977,40.01213915,-104.9512753,1596.5424,36.21024,0.0,-4.02336,0.0
27.0,40.01213923,-104.9512752,1597.152,36.60648,0.0,-4.02336,0.0
27.100000000000023,40.01213926,-104.9512752,1597.4568000000002,37.00272,0.0,-3.79984,0.0
27.299999999999955,40.01213937,-104.9512751,1598.0664000000002,37.70376,0.0,-3.084576,0.0
27.600000000000023,40.01213938,-104.9512751,1598.6760000000002,38.4048,0.0,-1.78816,0.0
27.700000000000045,40.01213939,-104.9512751,1598.9808,38.58768,0.0,-1.385824,0.0
27.799999999999955,40.01213952,-104.951275,1598.9808,38.7096,0.0,-0.983488,0.0
27.899999999999977,40.01213954,-104.951275,1599.2856000000002,38.80104,0.0,-0.491744,0.0
28.0,40.01213951,-104.9512749,1599.2856000000002,38.80104,0.0,-0.22352,0.0
28.100000000000023,40.01213954,-104.9512749,1599.2856000000002,38.80104,0.0,0.0,0.0
28.200000000000045,40.01213951,-104.951275,1599.2856000000002,38.80104,0.0,0.0,0.0
28.299999999999955,40.01213955,-104.951275,1599.2856000000002,38.80104,0.0,0.0,0.0
28.399999999999977,40.01213969,-104.9512749,1599.2856000000002,38.80104,0.0,0.0,0.0
28.5,40.01213975,-104.9512749,1599.2856000000002,38.80104,0.0,0.0,0.0
28.600000000000023,40.0121397,-104.9512748,1599.2856000000002,38.80104,0.0,0.0,0.0
28.700000000000045,40.01213977,-104.9512747,1599.2856000000002,38.80104,0.0,0.0,0.0
28.799999999999955,40.01213986,-104.9512745,1599.2856000000002,38.80104,0.0,0.0,0.0
29.0,40.01214,-104.9512741,1599.2856000000002,38.80104,0.0,0.0,0.0
29.100000000000023,40.0121401,-104.9512739,1599.2856000000002,38.80104,0.0,0.0,0.0
29.200000000000045,40.01214014,-104.9512737,1598.9808,38.7096,0.491744,0.0,0.0
29.299999999999955,40.01214024,-104.9512735,1598.9808,38.7096,0.0,0.0,0.0
29.399999999999977,40.01214041,-104.9512733,1598.9808,38.7096,0.0,0.0,0.0
29.5,40.01214051,-104.9512731,1598.9808,38.7096,0.0,0.0,0.0
29.600000000000023,40.01214076,-104.9512731,1598.9808,38.7096,0.0,0.0,0.0
29.700000000000045,40.01214087,-104.951273,1598.9808,38.7096,0.0,0.0,0.0
29.799999999999955,40.01214093,-104.9512728,1598.9808,38.7096,0.0,0.0,0.0
29.899999999999977,40.01214103,-104.9512727,1598.9808,38.7096,0.0,0.0,0.0
30.0,40.01214108,-104.9512727,1598.9808,38.7096,0.0,0.0,0.0
30.100000000000023,40.01214116,-104.9512727,1598.9808,38.7096,0.0,0.0,0.0
30.200000000000045,40.01214123,-104.9512726,1598.9808,38.7096,0.0,0.0,0.0
30.299999999999955,40.0121413,-104.9512726,1598.9808,38.7096,0.0,0.0,0.0
30.399999999999977,40.01214155,-104.9512726,1598.9808,38.7096,0.0,0.0,0.0
30.5,40.01214162,-104.9512726,1598.9808,38.7096,0.0,0.0,0.0
30.600000000000023,40.01214172,-104.9512725,1598.9808,38.7096,0.491744,0.0,0.0
30.700000000000045,40.01214178,-104.9512725,1598.9808,38.7096,0.0,0.0,0.0
30.799999999999955,40.01214174,-104.9512726,1598.9808,38.7096,0.0,0.0,0.0
30.899999999999977,40.01214179,-104.9512727,1598.9808,38.7096,0.0,0.0,0.0
31.0,40.01214179,-104.9512726,1598.9808,38.7096,0.0,0.0,0.0
31.100000000000023,40.01214182,-104.9512726,1598.9808,38.7096,0.0,0.0,0.0
31.200000000000045,40.01214186,-104.9512726,1598.9808,38.7096,0.0,0.0,0.0
31.299999999999955,40.01214187,-104.9512726,1598.9808,38.7096,0.0,0.0,0.0
31.399999999999977,40.01214193,-104.9512726,1598.9808,38.7096,0.491744,0.0,0.0
31.5,40.01214193,-104.9512726,1598.9808,38.7096,0.0,0.0,0.0
31.600000000000023,40.01214185,-104.9512727,1598.9808,38.58768,0.0,0.0,0.0
31.700000000000045,40.01214184,-104.9512727,1598.9808,38.7096,0.0,0.0,0.0
31.799999999999955,40.01214181,-104.9512726,1598.9808,38.7096,0.0,0.0,0.0
31.899999999999977,40.0121418,-104.9512725,1598.9808,38.7096,0.0,0.0,0.0
32.0,40.01214182,-104.9512725,1598.9808,38.58768,0.0,0.0,0.0
32.10000000000002,40.01214182,-104.9512724,1598.9808,38.58768,0.0,0.0,0.0
32.200000000000045,40.0121417,-104.9512725,1598.9808,38.58768,0.0,0.0,0.0
32.299999999999955,40.01214169,-104.9512725,1598.9808,38.58768,0.0,0.0,0.0
32.39999999999998,40.01214156,-104.9512726,1598.9808,38.7096,0.0,0.0,0.0
32.700000000000045,40.01214141,-104.9512724,1599.2856000000002,38.80104,0.0,-1.1176,0.0
32.799999999999955,40.01214147,-104.9512725,1599.2856000000002,38.89248,0.0,-1.519936,0.0
33.0,40.01214145,-104.9512726,1599.5904,39.288720000000005,0.0,-2.503424,0.0
33.299999999999955,40.01214117,-104.9512726,1600.5048000000002,40.203120000000006,0.0,-3.710432,0.0
33.39999999999998,40.01214109,-104.9512727,1601.1144000000002,40.59936,0.0,-3.79984,0.0
33.5,40.01214102,-104.9512728,1601.4192,40.9956,0.0,-3.889248,0.0
33.700000000000045,40.01214075,-104.9512728,1602.3336000000002,41.91,0.0,-4.02336,0.0
33.89999999999998,40.01214045,-104.951273,1603.248,42.70248,0.0,-4.02336,0.0
34.10000000000002,40.01214036,-104.9512735,1603.8576,43.40352000000001,0.357632,-3.889248,0.0
34.39999999999998,40.01214008,-104.9512739,1605.0768,44.71416,0.2682239999999999,-3.889248,0.0
34.60000000000002,40.01213987,-104.9512744,1605.9912000000002,45.50664,0.2682239999999999,-4.02336,0.0
34.700000000000045,40.01213979,-104.9512746,1606.296,45.90288,0.312928,-4.02336,0.0
34.799999999999955,40.0121399,-104.9512749,1606.6008000000002,46.29912,0.67056,-4.02336,0.0
34.89999999999998,40.01213986,-104.9512751,1606.9056,46.60392,0.0,-4.02336,0.0
35.0,40.01213961,-104.9512752,1607.5152,47.00016,0.491744,-4.02336,0.0
35.10000000000002,40.01213956,-104.9512754,1607.8200000000002,47.3964,0.0,-3.889248,0.0
35.200000000000045,40.01213957,-104.9512754,1608.1248,47.792640000000006,0.0,-4.02336,0.0
35.299999999999955,40.01213954,-104.9512755,1608.7344,48.18888,0.0,-3.889248,0.0
35.39999999999998,40.01213964,-104.9512758,1609.0392000000002,48.58512,0.0,-3.889248,0.0
35.5,40.0121396,-104.9512758,1609.344,49.01184000000001,0.0,-3.889248,0.0
35.60000000000002,40.01213964,-104.9512761,1609.9536,49.40808,0.0,-3.889248,0.0
35.700000000000045,40.01213961,-104.9512761,1610.2584000000002,49.80432,0.0,-3.889248,0.0
35.799999999999955,40.01213952,-104.9512761,1610.5632,50.20056,0.0,-3.889248,0.0
35.89999999999998,40.01213951,-104.9512761,1610.8680000000002,50.5968,0.0,-3.889248,0.0
36.0,40.01213961,-104.9512761,1611.4776000000002,50.99304000000001,0.0,-3.889248,0.0
36.10000000000002,40.01213961,-104.9512761,1611.7824,51.38928,0.0,-3.889248,0.0
36.200000000000045,40.01213967,-104.9512761,1612.0872000000002,51.69408,0.0,-3.710432,0.0
36.29999999999996,40.01213968,-104.9512761,1612.392,52.090320000000006,0.0,-3.397504,0.0
36.39999999999998,40.01213969,-104.9512761,1612.6968000000002,52.395120000000006,0.0,-3.084576,0.0
36.5,40.01213971,-104.951276,1613.0016,52.699920000000006,0.0,-2.68224,0.0
36.60000000000002,40.01213985,-104.951276,1613.3064000000002,53.004720000000006,0.0,-2.279904,0.0
36.700000000000045,40.01213989,-104.951276,1613.6112,53.1876,0.0,-1.922272,0.0
36.79999999999996,40.01213985,-104.9512761,1613.9160000000002,53.40096,0.0,-1.519936,0.0
36.89999999999998,40.0121399,-104.9512761,1613.9160000000002,53.4924,0.491744,-0.983488,0.0
37.0,40.01213987,-104.9512759,1613.9160000000002,53.614320000000006,0.491744,-0.581152,0.0
37.10000000000002,40.01213992,-104.9512759,1613.9160000000002,53.614320000000006,0.0,-0.312928,0.0
37.29999999999996,40.01214015,-104.9512759,1613.9160000000002,53.614320000000006,0.0,0.0,0.0
37.60000000000002,40.01214012,-104.9512757,1613.9160000000002,53.614320000000006,0.0,0.0,0.0
37.700000000000045,40.01214021,-104.9512756,1613.9160000000002,53.614320000000006,0.0,0.0,0.0
37.79999999999996,40.01214039,-104.9512754,1613.9160000000002,53.614320000000006,0.0,0.0,0.0
38.0,40.01214067,-104.9512752,1613.9160000000002,53.614320000000006,0.0,0.0,0.0
38.10000000000002,40.01214082,-104.9512751,1613.9160000000002,53.4924,0.0,0.0,0.0
38.29999999999996,40.01214127,-104.9512749,1613.9160000000002,53.4924,0.0,0.0,0.0
38.39999999999998,40.0121416,-104.9512748,1613.9160000000002,53.4924,0.312928,0.0,0.0
38.60000000000002,40.01214202,-104.9512746,1613.9160000000002,53.4924,0.0,0.0,0.0
38.700000000000045,40.0121422,-104.9512745,1613.9160000000002,53.4924,0.312928,0.0,0.0
38.79999999999996,40.01214238,-104.9512744,1613.9160000000002,53.4924,0.0,0.0,0.0
39.0,40.01214286,-104.9512741,1613.9160000000002,53.4924,0.312928,0.0,0.0
39.200000000000045,40.01214317,-104.9512739,1613.9160000000002,53.4924,0.22352,0.0,0.0
39.39999999999998,40.01214334,-104.9512738,1613.9160000000002,53.4924,0.0,0.0,0.0
39.5,40.01214341,-104.9512737,1613.9160000000002,53.4924,0.0,0.0,0.0
39.60000000000002,40.0121434,-104.9512736,1613.9160000000002,53.4924,0.0,0.0,0.0
39.700000000000045,40.01214344,-104.9512736,1613.9160000000002,53.4924,0.491744,0.0,0.0
39.79999999999996,40.01214351,-104.9512735,1613.9160000000002,53.4924,0.0,0.0,0.0
39.89999999999998,40.01214353,-104.9512734,1613.9160000000002,53.4924,0.0,0.0,0.0
40.0,40.01214352,-104.9512734,1613.9160000000002,53.4924,0.491744,0.0,0.0
40.10000000000002,40.01214352,-104.9512734,1613.9160000000002,53.4924,0.0,0.0,0.0
40.200000000000045,40.01214358,-104.9512734,1613.9160000000002,53.4924,0.0,0.0,0.0
40.29999999999996,40.01214358,-104.9512733,1613.9160000000002,53.4924,0.0,0.0,0.0
40.39999999999998,40.01214338,-104.9512734,1613.9160000000002,53.4924,0.0,0.0,0.0
40.5,40.01214335,-104.9512734,1613.9160000000002,53.4924,0.67056,0.0,0.0
40.60000000000002,40.01214321,-104.9512734,1613.9160000000002,53.4924,0.0,0.0,0.0
40.700000000000045,40.01214316,-104.9512734,1613.9160000000002,53.4924,0.491744,0.0,0.0
40.89999999999998,40.01214301,-104.9512736,1613.9160000000002,53.4924,0.0,0.0,0.0
41.0,40.0121428,-104.9512736,1613.9160000000002,53.4924,0.0,0.0,0.0
41.10000000000002,40.01214274,-104.9512735,1613.9160000000002,53.4924,0.0,0.0,0.0
41.200000000000045,40.01214261,-104.9512732,1613.9160000000002,53.4924,0.0,0.0,90.0
41.29999999999996,40.01214262,-104.9512725,1613.9160000000002,53.4924,0.491744,0.0,90.0
41.39999999999998,40.01214274,-104.9512716,1613.9160000000002,53.4924,0.67056,0.0,85.42607874009911
41.60000000000002,40.01214316,-104.9512679,1613.9160000000002,53.4924,1.34112,0.0,83.36748538486154
41.700000000000045,40.01214342,-104.9512653,1613.9160000000002,53.4924,1.78816,0.0,82.1847064532331
41.79999999999996,40.01214363,-104.9512626,1613.9160000000002,53.4924,2.2352,0.0,83.11827636936306
41.89999999999998,40.01214396,-104.9512593,1613.9160000000002,53.4924,2.548128,-0.089408,83.65980825409008
42.0,40.01214414,-104.9512564,1613.9160000000002,53.614320000000006,2.6375360000000003,-0.089408,82.8749836510982
42.10000000000002,40.0121444,-104.9512535,1613.9160000000002,53.614320000000006,2.414016,0.0,81.86989764584405
42.200000000000045,40.01214439,-104.9512514,1613.9160000000002,53.614320000000006,2.101088,0.0,82.50414236027012
42.29999999999996,40.01214455,-104.9512496,1613.9160000000002,53.614320000000006,1.6987519999999998,0.0,80.21759296819272
42.39999999999998,40.01214446,-104.9512481,1613.9160000000002,53.614320000000006,1.34112,0.0,84.28940686250036
42.5,40.01214451,-104.9512471,1613.9160000000002,53.614320000000006,1.0728959999999998,0.0,90.0
42.700000000000045,40.01214472,-104.9512453,1613.9160000000002,53.614320000000006,0.759968,0.0,90.0
42.79999999999996,40.01214482,-104.9512445,1613.9160000000002,53.614320000000006,0.759968,0.0,90.0
42.89999999999998,40.0121448,-104.9512442,1613.9160000000002,53.614320000000006,0.67056,0.0,90.0
43.0,40.01214495,-104.9512437,1613.9160000000002,53.614320000000006,0.0,0.0,90.0
43.10000000000002,40.01214494,-104.9512435,1613.9160000000002,53.614320000000006,0.67056,0.0,90.0
43.200000000000045,40.01214505,-104.9512435,1613.9160000000002,53.614320000000006,0.0,0.0,90.0
43.29999999999996,40.01214505,-104.9512434,1613.9160000000002,53.614320000000006,0.0,0.0,0.0
43.39999999999998,40.01214518,-104.9512432,1613.9160000000002,53.614320000000006,0.0,0.0,0.0
43.5,40.01214519,-104.9512432,1613.9160000000002,53.614320000000006,0.0,0.0,0.0
43.60000000000002,40.01214517,-104.9512433,1613.9160000000002,53.614320000000006,0.0,0.0,0.0
43.700000000000045,40.01214517,-104.9512433,1613.9160000000002,53.614320000000006,0.0,0.0,0.0
43.79999999999996,40.01214531,-104.9512434,1613.9160000000002,53.614320000000006,0.0,0.0,0.0
43.89999999999998,40.01214533,-104.9512434,1613.9160000000002,53.614320000000006,0.0,0.0,0.0
44.0,40.01214534,-104.9512434,1613.9160000000002,53.614320000000006,0.0,0.0,0.0
44.10000000000002,40.01214536,-104.9512434,1613.9160000000002,53.614320000000006,0.491744,0.0,0.0
44.200000000000045,40.01214552,-104.9512435,1613.9160000000002,53.614320000000006,0.0,0.0,0.0
44.29999999999996,40.01214555,-104.9512435,1613.9160000000002,53.614320000000006,0.491744,0.0,0.0
44.39999999999998,40.01214565,-104.9512434,1613.9160000000002,53.614320000000006,0.0,0.0,0.0
44.5,40.01214569,-104.9512434,1613.9160000000002,53.614320000000006,0.0,0.0,0.0
44.60000000000002,40.01214575,-104.9512434,1613.9160000000002,53.614320000000006,0.0,0.089408,0.0
44.700000000000045,40.01214578,-104.9512434,1613.9160000000002,53.4924,0.0,0.312928,0.0
45.0,40.01214581,-104.9512432,1613.9160000000002,53.40096,0.0,0.402336,0.0
45.10000000000002,40.01214582,-104.9512431,1613.6112,53.309520000000006,0.0,0.402336,0.0
45.200000000000045,40.01214566,-104.9512432,1613.6112,53.309520000000006,0.0,0.402336,0.0
45.29999999999996,40.01214566,-104.9512431,1613.6112,53.1876,0.0,0.312928,0.0
45.39999999999998,40.01214556,-104.9512432,1613.6112,53.1876,0.0,0.312928,0.0
45.5,40.01214555,-104.9512432,1613.6112,53.1876,0.0,0.22352,0.0
45.60000000000002,40.01214547,-104.951243,1613.6112,53.1876,0.0,0.22352,0.0
45.700000000000045,40.01214544,-104.951243,1613.6112,53.09616,0.0,0.22352,0.0
45.79999999999996,40.01214537,-104.951243,1613.6112,53.09616,0.0,0.22352,0.0
45.89999999999998,40.01214534,-104.951243,1613.3064000000002,53.004720000000006,0.0,0.22352,0.0
46.10000000000002,40.01214542,-104.9512429,1613.3064000000002,53.004720000000006,0.0,0.22352,0.0
46.200000000000045,40.01214567,-104.9512428,1613.3064000000002,52.91328,0.0,0.22352,0.0
46.29999999999996,40.01214567,-104.9512428,1613.3064000000002,52.91328,0.0,0.22352,0.0
46.39999999999998,40.01214573,-104.9512427,1613.3064000000002,52.91328,0.0,0.22352,0.0
46.5,40.01214573,-104.9512427,1613.3064000000002,52.79136,0.0,0.22352,0.0
46.60000000000002,40.01214578,-104.9512424,1613.3064000000002,52.79136,0.0,0.22352,0.0
46.700000000000045,40.0121458,-104.9512424,1613.3064000000002,52.79136,0.0,0.22352,0.0
46.79999999999996,40.0121457,-104.9512425,1613.0016,52.699920000000006,0.0,0.22352,0.0
46.89999999999998,40.01214571,-104.9512425,1613.0016,52.699920000000006,0.0,0.22352,0.0
47.0,40.01214575,-104.9512425,1613.0016,52.699920000000006,0.0,0.22352,0.0
47.10000000000002,40.01214575,-104.9512425,1613.0016,52.699920000000006,0.0,0.22352,0.0
47.200000000000045,40.01214578,-104.9512423,1613.0016,52.60848,0.0,0.22352,0.0
47.29999999999996,40.01214579,-104.9512423,1613.0016,52.60848,0.0,0.312928,0.0
47.39999999999998,40.01214553,-104.9512423,1613.0016,52.48656,0.0,0.312928,0.0
47.5,40.01214553,-104.9512423,1613.0016,52.48656,0.0,0.312928,0.0
47.60000000000002,40.01214565,-104.9512422,1613.0016,52.48656,0.0,0.22352,0.0
47.700000000000045,40.01214566,-104.9512422,1613.0016,52.48656,0.0,0.22352,0.0
47.79999999999996,40.01214573,-104.9512423,1613.0016,52.48656,0.0,0.22352,0.0
48.0,40.01214572,-104.9512422,1612.6968000000002,52.395120000000006,0.0,0.22352,0.0
48.10000000000002,40.01214571,-104.9512422,1612.6968000000002,52.395120000000006,0.0,0.312928,0.0
48.200000000000045,40.01214583,-104.951242,1612.6968000000002,52.30368,0.0,0.312928,0.0
48.29999999999996,40.0121458,-104.951242,1612.6968000000002,52.30368,0.0,0.312928,0.0
48.39999999999998,40.0121456,-104.9512421,1612.6968000000002,52.21224000000001,0.0,0.312928,0.0
48.5,40.01214552,-104.9512421,1612.6968000000002,52.21224000000001,0.0,0.312928,0.0
48.79999999999996,40.01214569,-104.9512421,1612.392,52.090320000000006,0.0,0.312928,0.0
48.89999999999998,40.01214562,-104.9512421,1612.392,51.99888,0.0,0.312928,0.0
49.0,40.01214541,-104.9512422,1612.392,51.99888,0.0,0.312928,0.0
49.29999999999996,40.01214532,-104.9512424,1612.392,51.90744000000001,0.0,0.0,0.0
49.39999999999998,40.0121453,-104.9512423,1612.392,51.90744000000001,0.0,0.0,0.0
49.60000000000002,40.01214506,-104.9512422,1612.0872000000002,51.785520000000005,0.0,0.0,0.0
49.89999999999998,40.0121449,-104.9512422,1612.0872000000002,51.785520000000005,0.178816,0.0,0.0
50.0,40.01214477,-104.9512423,1612.0872000000002,51.785520000000005,0.22352,0.0,0.0
50.10000000000002,40.01214468,-104.9512422,1612.0872000000002,51.785520000000005,0.0,0.0,0.0
50.200000000000045,40.01214457,-104.9512421,1612.0872000000002,51.785520000000005,0.0,0.0,0.0
50.29999999999996,40.01214449,-104.9512421,1612.0872000000002,51.785520000000005,0.0,0.0,0.0
50.5,40.01214446,-104.9512422,1612.0872000000002,51.785520000000005,0.0,0.0,0.0
50.700000000000045,40.01214422,-104.9512422,1612.392,51.90744000000001,0.0,-0.22352,0.0
50.89999999999998,40.01214396,-104.9512422,1612.392,51.99888,0.0,-0.983488,0.0
51.0,40.01214396,-104.9512424,1612.392,52.090320000000006,0.0,-1.385824,0.0
51.10000000000002,40.01214386,-104.9512423,1612.6968000000002,52.21224000000001,0.0,-1.922272,0.0
51.200000000000045,40.01214359,-104.9512423,1613.0016,52.48656,0.0,-2.414016,0.0
51.29999999999996,40.01214349,-104.9512422,1613.3064000000002,52.79136,0.0,-2.90576,0.0
51.39999999999998,40.01214375,-104.9512425,1613.3064000000002,53.004720000000006,0.0,-3.308096,0.0
51.5,40.01214371,-104.9512425,1613.9160000000002,53.40096,0.0,-3.621024,0.0
51.60000000000002,40.01214345,-104.9512424,1614.2208,53.7972,0.0,-3.79984,0.0
51.700000000000045,40.01214339,-104.9512424,1614.5256000000002,54.19344000000001,0.0,-3.889248,0.0
51.79999999999996,40.01214366,-104.9512428,1614.8304,54.49824,0.0,-3.889248,0.0
51.89999999999998,40.01214362,-104.9512429,1615.44,54.89448,0.0,-4.02336,0.0
52.0,40.01214366,-104.9512431,1615.7448000000002,55.29072000000001,0.0,-4.02336,0.0
52.10000000000002,40.0121436,-104.9512432,1616.0496,55.68696,0.0,-4.02336,0.0
52.200000000000045,40.01214333,-104.9512434,1616.6592,56.20512000000001,0.0,-4.02336,0.0
52.39999999999998,40.01214332,-104.9512439,1617.2688,56.90616,0.312928,-3.889248,0.0
52.5,40.01214323,-104.9512441,1617.8784,57.39384,0.312928,-3.889248,0.0
52.60000000000002,40.01214306,-104.9512442,1618.1832000000002,57.79008,0.0,-4.02336,0.0
52.700000000000045,40.01214296,-104.9512444,1618.488,58.18632,0.0,-4.02336,0.0
52.89999999999998,40.0121426,-104.9512444,1619.4024000000002,59.00928,0.312928,-4.02336,180.0
53.0,40.01214236,-104.9512446,1619.7072,59.40552,0.0,-3.889248,180.0
53.29999999999996,40.01214171,-104.9512448,1620.9264,60.594240000000006,0.22352,-3.889248,180.0
53.700000000000045,40.01214124,-104.9512451,1622.7552,62.20968,0.178816,-4.02336,0.0
53.79999999999996,40.01214128,-104.9512452,1623.0600000000002,62.605920000000005,0.0,-3.889248,0.0
54.0,40.01214116,-104.951245,1623.6696000000002,63.3984,0.0,-3.889248,0.0
54.10000000000002,40.01214115,-104.951245,1623.9744,63.7032,0.0,-3.889248,0.0
54.200000000000045,40.0121411,-104.951245,1624.584,64.09944,0.0,-3.710432,0.0
54.29999999999996,40.0121411,-104.951245,1624.8888000000002,64.49568000000001,0.0,-3.621024,0.0
54.39999999999998,40.01214132,-104.9512451,1625.1936,64.80048000000001,0.0,-3.308096,0.0
54.5,40.01214136,-104.9512451,1625.4984000000002,65.19672,0.0,-2.995168,0.0
54.60000000000002,40.01214138,-104.9512451,1625.8032,65.41008000000001,0.0,-2.592832,0.0
54.700000000000045,40.01214143,-104.9512451,1626.1080000000002,65.59296,0.491744,-2.190496,0.0
54.79999999999996,40.01214157,-104.9512451,1626.1080000000002,65.80632,0.0,-1.78816,0.0
54.89999999999998,40.01214164,-104.9512451,1626.4128,65.9892,0.491744,-1.296416,0.0
55.0,40.01214171,-104.9512453,1626.4128,65.9892,0.0,-0.89408,0.0
55.10000000000002,40.01214182,-104.9512453,1626.4128,66.11112,0.0,-0.491744,0.0
55.200000000000045,40.01214183,-104.9512452,1626.4128,66.11112,0.0,-0.22352,0.0
55.29999999999996,40.01214222,-104.9512451,1626.4128,66.11112,0.0,0.0,0.0
55.39999999999998,40.01214303,-104.9512449,1626.4128,66.11112,0.67056,0.0,0.0
55.5,40.01214413,-104.9512448,1626.4128,66.11112,0.938784,0.089408,0.0
55.60000000000002,40.01214602,-104.9512449,1626.4128,66.11112,1.654048,0.089408,0.0
55.700000000000045,40.01214799,-104.9512447,1626.4128,65.9892,2.101088,0.0,0.0
55.79999999999996,40.01215037,-104.9512443,1626.4128,65.9892,2.414016,0.0,1.9091524329963927
56.0,40.01215498,-104.9512437,1626.4128,65.9892,2.6375360000000003,0.0,2.1210963966614718
56.200000000000045,40.01215864,-104.9512431,1626.4128,65.9892,2.324608,0.0,0.0
56.29999999999996,40.01215991,-104.9512429,1626.4128,65.9892,1.877568,0.0,0.0
56.39999999999998,40.01216075,-104.9512424,1626.4128,65.9892,1.251712,0.0,0.0
56.60000000000002,40.01216218,-104.951242,1626.4128,65.9892,0.938784,0.0,0.0
56.700000000000045,40.01216262,-104.9512418,1626.4128,65.9892,0.759968,0.0,0.0
56.79999999999996,40.01216315,-104.9512417,1626.4128,65.9892,0.67056,0.0,0.0
56.89999999999998,40.01216342,-104.9512416,1626.4128,65.9892,0.0,-0.089408,0.0
57.0,40.01216398,-104.9512413,1626.4128,65.9892,0.67056,-0.089408,0.0
57.10000000000002,40.01216416,-104.9512412,1626.4128,65.9892,0.0,-0.089408,0.0
57.200000000000045,40.01216431,-104.9512413,1626.4128,65.9892,0.0,0.0,0.0
57.29999999999996,40.01216442,-104.9512412,1626.4128,65.9892,0.0,0.0,0.0
57.39999999999998,40.01216454,-104.9512412,1626.4128,65.89776,0.0,0.0,0.0
57.5,40.01216461,-104.9512412,1626.4128,65.89776,0.0,-0.089408,0.0
57.60000000000002,40.01216466,-104.9512413,1626.4128,65.89776,0.0,-0.089408,0.0
57.700000000000045,40.0121647,-104.9512412,1626.4128,65.89776,0.0,-0.089408,0.0
57.79999999999996,40.01216461,-104.9512412,1626.4128,65.89776,0.0,0.0,0.0
57.89999999999998,40.01216462,-104.9512411,1626.4128,65.89776,0.0,0.0,0.0
58.0,40.01216465,-104.951241,1626.4128,65.89776,0.0,-0.089408,0.0
58.10000000000002,40.01216466,-104.9512409,1626.4128,65.89776,0.0,0.0,0.0
58.29999999999996,40.01216459,-104.951241,1626.4128,65.89776,0.0,0.0,0.0
58.39999999999998,40.01216456,-104.9512411,1626.4128,65.89776,0.0,-0.089408,0.0
58.5,40.01216455,-104.9512411,1626.4128,65.9892,0.0,-0.089408,0.0
58.60000000000002,40.0121647,-104.951241,1626.4128,65.89776,0.0,0.0,0.0
58.700000000000045,40.01216472,-104.951241,1626.4128,65.89776,0.0,0.0,0.0
58.79999999999996,40.01216473,-104.951241,1626.4128,65.89776,0.0,0.0,0.0
58.89999999999998,40.01216476,-104.951241,1626.4128,65.89776,0.0,-0.089408,0.0
59.0,40.01216477,-104.9512409,1626.4128,65.89776,0.0,0.0,0.0
59.200000000000045,40.01216465,-104.951241,1626.4128,65.9892,0.0,-0.089408,0.0
59.29999999999996,40.01216468,-104.951241,1626.4128,65.9892,0.0,0.0,0.0
59.39999999999998,40.01216464,-104.9512411,1626.4128,65.9892,0.0,-0.089408,0.0
59.79999999999996,40.01216459,-104.9512409,1626.4128,65.9892,0.0,0.0,0.0
59.89999999999998,40.01216461,-104.9512409,1626.4128,65.9892,0.0,0.0,0.0
60.0,40.01216463,-104.9512408,1626.4128,65.89776,0.0,0.0,0.0
60.10000000000002,40.01216466,-104.9512408,1626.4128,65.9892,0.0,0.0,0.0
60.200000000000045,40.01216467,-104.9512409,1626.4128,65.9892,0.0,0.0,0.0
60.29999999999996,40.01216471,-104.9512409,1626.4128,65.9892,0.0,0.0,0.0
60.39999999999998,40.01216468,-104.951241,1626.4128,65.9892,0.0,0.0,0.0
60.700000000000045,40.01216468,-104.9512411,1626.4128,65.9892,0.0,0.0,0.0
60.89999999999998,40.01216464,-104.9512411,1626.4128,65.9892,0.0,0.0,0.0
61.10000000000002,40.01216477,-104.9512412,1626.4128,65.9892,0.0,0.0,0.0
61.29999999999996,40.01216471,-104.9512413,1626.4128,65.9892,0.0,0.0,0.0
61.39999999999998,40.01216482,-104.9512416,1626.4128,65.9892,0.0,0.0,270.0
61.60000000000002,40.0121649,-104.9512433,1626.4128,65.9892,0.44704,0.0,274.5739212599009
61.700000000000045,40.012165,-104.9512449,1626.4128,65.9892,0.89408,0.0,273.3664606634298
61.79999999999996,40.01216511,-104.951247,1626.4128,65.9892,1.56464,0.0,272.6630007660672
62.10000000000002,40.01216566,-104.9512557,1626.4128,65.89776,2.279904,0.0,274.2678933002908
62.29999999999996,40.01216616,-104.9512629,1626.4128,65.9892,2.726944,-0.089408,274.3987053549955
62.5,40.01216634,-104.9512684,1626.4128,65.9892,2.726944,0.0,272.5448043798131
62.700000000000045,40.01216694,-104.951272,1626.4128,65.9892,1.966976,0.0,274.5739212599009
62.89999999999998,40.01216705,-104.9512746,1626.4128,65.9892,1.34112,-0.089408,270.0
63.0,40.01216709,-104.9512758,1626.4128,65.9892,0.983488,0.0,270.0
63.10000000000002,40.01216709,-104.9512764,1626.4128,65.89776,0.67056,0.0,270.0
63.200000000000045,40.01216698,-104.9512773,1626.4128,65.89776,0.67056,0.0,270.0
63.29999999999996,40.01216696,-104.9512777,1626.4128,65.89776,0.67056,0.0,270.0
63.39999999999998,40.01216688,-104.9512782,1626.4128,65.89776,0.67056,0.0,270.0
63.5,40.01216684,-104.9512785,1626.4128,65.9892,0.0,0.0,270.0
63.60000000000002,40.01216686,-104.9512788,1626.4128,65.9892,0.491744,0.0,270.0
63.700000000000045,40.01216682,-104.9512789,1626.4128,65.89776,0.0,0.0,90.0
63.89999999999998,40.01216663,-104.9512776,1626.4128,65.89776,0.312928,0.0,90.0
64.0,40.01216665,-104.9512764,1626.4128,65.89776,0.625856,0.0,90.0
64.10000000000002,40.01216655,-104.9512746,1626.4128,65.89776,1.34112,0.0,93.17983011986422
64.20000000000005,40.01216644,-104.9512725,1626.4128,65.89776,1.654048,0.0,92.54480437981312
64.29999999999995,40.01216631,-104.9512699,1626.4128,65.9892,2.01168,-0.089408,92.12109639666149
64.39999999999998,40.01216611,-104.9512672,1626.4128,65.9892,2.324608,-0.089408,91.9091524329964
64.89999999999998,40.01216505,-104.9512482,1626.4128,66.11112,3.084576,0.0,91.9091524329964
65.10000000000002,40.01216488,-104.9512432,1626.4128,66.11112,2.90576,0.0,92.86240522611172
65.20000000000005,40.0121645,-104.9512409,1626.4128,66.11112,2.101088,0.0,90.0
65.29999999999995,40.01216442,-104.9512396,1626.4128,66.11112,1.56464,0.0,90.0
65.39999999999998,40.012164,-104.9512378,1626.4128,66.11112,1.34112,0.0,90.0
65.5,40.01216391,-104.951237,1626.7176000000002,66.20256,1.162304,0.0,90.0
65.60000000000002,40.01216379,-104.9512357,1626.7176000000002,66.20256,0.938784,-0.089408,90.0
65.70000000000005,40.01216369,-104.9512352,1626.7176000000002,66.20256,0.804672,-0.312928,90.0
65.79999999999995,40.01216358,-104.9512345,1626.7176000000002,66.20256,0.0,-0.715264,90.0
65.89999999999998,40.01216346,-104.9512342,1626.7176000000002,66.294,0.0,-1.207008,90.0
66.0,40.01216333,-104.9512339,1626.7176000000002,66.38544,0.0,-1.609344,90.0
66.10000000000002,40.0121632,-104.9512337,1627.0224,66.5988,0.0,-2.101088,90.0
66.20000000000005,40.01216309,-104.9512333,1627.3272000000002,66.9036,0.0,-2.68224,90.0
66.29999999999995,40.01216296,-104.9512331,1627.632,67.2084,0.0,-3.218688,90.0
66.39999999999998,40.01216274,-104.9512331,1627.9368000000002,67.5132,0.0,-3.486912,90.0
66.5,40.0121626,-104.9512329,1628.2416,67.78752,0.0,-3.710432,0.0
66.60000000000002,40.01216303,-104.9512334,1628.5464000000002,68.21424,0.0,-3.79984,0.0
66.70000000000005,40.01216292,-104.9512333,1628.8512,68.48856,0.0,-3.889248,0.0
66.89999999999998,40.01216336,-104.9512335,1629.7656000000002,69.1896,0.312928,-3.889248,90.0
67.0,40.01216325,-104.9512336,1630.0704,69.58584,0.0,-3.889248,90.0
67.10000000000002,40.01216311,-104.9512331,1630.3752000000002,70.01256,0.0,-3.889248,90.0
67.20000000000005,40.01216309,-104.9512324,1630.68,70.4088,0.0,-3.889248,95.1944289077348
67.29999999999995,40.01216286,-104.9512311,1631.2896,70.80504,0.804672,-3.889248,93.94518622903756
67.5,40.01216184,-104.9512282,1631.8992,71.59752,1.296416,-3.889248,98.84181456019166
67.60000000000002,40.01216109,-104.9512261,1632.5088,71.99376,1.56464,-3.889248,99.46232220802564
67.70000000000005,40.01216053,-104.9512231,1632.8136000000002,72.39,2.324608,-3.889248,99.90418321297386
67.79999999999995,40.01215974,-104.9512197,1633.1184,72.78624,2.861056,-3.889248,100.2348027634232
67.89999999999998,40.01215904,-104.9512157,1633.728,73.21296,3.218688,-3.889248,101.17383824181474
68.0,40.01215856,-104.9512113,1634.0328000000002,73.6092,3.621024,-3.889248,100.4207123967945
68.10000000000002,40.01215777,-104.9512065,1634.3376,74.00544000000001,3.978656,-3.889248,100.61965527615511
68.20000000000005,40.01215677,-104.9512011,1634.9472,74.40168,4.425696,-3.889248,100.7842978675626
68.39999999999998,40.01215485,-104.9511894,1635.5568,75.19416,4.962144,-3.486912,100.73889710090543
68.60000000000002,40.01215268,-104.9511767,1636.1664,75.8952,5.319776,-3.084576,101.1130405359483
68.70000000000005,40.01215173,-104.9511709,1636.4712000000002,76.2,5.36448,-2.68224,100.98865109649398
68.79999999999995,40.01215097,-104.9511657,1636.776,76.41336,4.783328,-2.414016,100.61965527615511
68.89999999999998,40.01215019,-104.9511608,1637.0808000000002,76.59624000000001,4.380992,-1.922272,101.6893691754392
69.0,40.01214948,-104.9511564,1637.0808000000002,76.68768,3.978656,-1.519936,101.17383824181474
69.10000000000002,40.01214884,-104.9511524,1637.0808000000002,76.8096,3.665728,-0.983488,99.9638041899072
69.20000000000005,40.01214821,-104.9511487,1637.3856,76.90104000000001,3.3528,-0.581152,100.98065001017358
69.29999999999995,40.01214768,-104.9511454,1637.3856,76.90104000000001,3.039872,-0.22352,100.38885781546963
69.39999999999998,40.01214721,-104.9511417,1637.3856,76.90104000000001,3.039872,0.0,102.17145820858748
69.5,40.0121468,-104.9511393,1637.0808000000002,76.8096,2.68224,0.089408,102.68038349181984
69.60000000000002,40.01214615,-104.9511368,1637.3856,76.90104000000001,2.190496,0.22352,102.72435568542238
69.70000000000005,40.01214591,-104.9511354,1637.3856,76.90104000000001,1.654048,0.089408,104.03624346792652
69.79999999999995,40.01214561,-104.951134,1637.3856,76.90104000000001,1.162304,0.0,111.03751102542184
69.89999999999998,40.0121455,-104.9511332,1637.3856,76.99248,0.938784,0.0,102.52880770915152
70.0,40.0121456,-104.9511326,1637.3856,77.1144,0.0,0.0,105.94539590092285
70.10000000000002,40.01214553,-104.9511321,1637.3856,77.1144,0.491744,0.0,111.80140948635182
70.20000000000005,40.01214552,-104.9511316,1637.3856,76.99248,0.67056,0.0,111.80140948635182
70.29999999999995,40.01214549,-104.9511313,1637.3856,76.99248,0.0,0.0,135.0
70.39999999999998,40.01214553,-104.951131,1637.3856,76.90104000000001,0.0,0.0,135.0
70.5,40.01214553,-104.9511308,1637.3856,76.90104000000001,0.0,0.0,90.0
70.60000000000002,40.01214552,-104.9511306,1637.0808000000002,76.8096,0.0,0.0,90.0
70.70000000000005,40.01214554,-104.9511303,1637.0808000000002,76.8096,0.0,0.0,0.0
70.79999999999995,40.01214579,-104.9511303,1637.0808000000002,76.8096,0.0,0.0,0.0
70.89999999999998,40.01214584,-104.9511301,1637.0808000000002,76.68768,0.0,0.0,0.0
71.0,40.01214597,-104.9511302,1637.0808000000002,76.68768,0.0,0.0,0.0
71.20000000000005,40.01214622,-104.9511301,1637.0808000000002,76.68768,0.312928,0.0,0.0
71.29999999999995,40.01214628,-104.95113,1637.0808000000002,76.68768,0.0,0.0,0.0
71.39999999999998,40.01214627,-104.95113,1637.0808000000002,76.68768,0.0,0.0,0.0
71.5,40.01214631,-104.9511299,1637.0808000000002,76.68768,0.0,0.0,0.0
71.70000000000005,40.0121465,-104.9511299,1637.0808000000002,76.68768,0.0,0.0,0.0
71.79999999999995,40.0121465,-104.9511298,1637.0808000000002,76.68768,0.0,-0.089408,0.0
72.0,40.01214641,-104.9511298,1637.0808000000002,76.68768,0.0,-0.089408,0.0
72.60000000000002,40.01214614,-104.9511299,1637.0808000000002,76.59624000000001,0.0,-0.089408,0.0
72.79999999999995,40.01214601,-104.9511299,1637.0808000000002,76.68768,0.1341119999999999,-0.089408,0.0
72.89999999999998,40.01214597,-104.9511299,1637.0808000000002,76.68768,0.0,-0.089408,0.0
73.0,40.01214575,-104.9511299,1637.0808000000002,76.68768,0.0,-0.089408,0.0
73.10000000000002,40.0121457,-104.9511299,1637.0808000000002,76.68768,0.0,-0.089408,0.0
73.20000000000005,40.01214552,-104.9511299,1637.0808000000002,76.68768,0.0,-0.089408,0.0
73.29999999999995,40.01214545,-104.9511298,1637.0808000000002,76.68768,0.0,-0.089408,0.0
73.39999999999998,40.01214527,-104.9511297,1637.0808000000002,76.68768,0.0,-0.089408,0.0
73.5,40.01214518,-104.9511296,1637.0808000000002,76.68768,0.0,-0.089408,0.0
73.60000000000002,40.01214504,-104.9511296,1637.0808000000002,76.68768,0.0,-0.089408,0.0
73.70000000000005,40.01214495,-104.9511296,1637.0808000000002,76.68768,0.0,0.0,0.0
73.79999999999995,40.01214498,-104.9511294,1637.0808000000002,76.68768,0.0,-0.089408,0.0
73.89999999999998,40.01214488,-104.9511293,1637.0808000000002,76.8096,0.0,0.0,180.0
74.0,40.01214459,-104.9511293,1637.0808000000002,76.8096,0.0,0.0,180.0
74.20000000000005,40.01214335,-104.9511296,1637.0808000000002,76.8096,0.625856,0.0,185.1944289077348
74.39999999999998,40.01214058,-104.9511301,1637.0808000000002,76.8096,1.162304,-0.089408,189.9262455066517
74.5,40.01213867,-104.9511306,1637.0808000000002,76.8096,1.743456,-0.089408,190.40771131249005
74.60000000000002,40.01213667,-104.9511312,1637.0808000000002,76.8096,2.279904,-0.089408,191.1130405359483
74.70000000000005,40.01213412,-104.9511318,1637.0808000000002,76.8096,2.592832,0.0,189.60520415501293
74.79999999999995,40.01213151,-104.9511325,1637.0808000000002,76.8096,2.90576,0.0,190.2348027634232
74.89999999999998,40.01212836,-104.9511333,1637.0808000000002,76.8096,3.308096,0.0,191.59217541029105
75.0,40.0121252,-104.951134,1637.0808000000002,76.8096,3.531616,0.0,191.6893691754392
75.10000000000002,40.01212148,-104.951135,1637.0808000000002,76.8096,3.889248,0.0,190.84030545433052
75.29999999999995,40.0121129,-104.9511374,1637.0808000000002,76.8096,4.649216,0.0,191.61852435279465
75.60000000000002,40.01209841,-104.9511411,1637.0808000000002,76.8096,5.230368,0.0,191.73308415641225
75.70000000000005,40.01209295,-104.9511426,1637.3856,76.90104000000001,5.677408,0.0,191.1489896964418
75.79999999999995,40.01208717,-104.9511441,1637.0808000000002,76.8096,6.347968,0.0,191.4639530156925
75.89999999999998,40.01208118,-104.9511457,1637.0808000000002,76.8096,6.660896,0.0,191.676737830954
76.0,40.01207496,-104.9511475,1637.0808000000002,76.8096,6.92912,0.0,191.1695019230829
76.10000000000002,40.01206845,-104.9511493,1637.0808000000002,76.8096,7.242048,0.0,191.78232513446235
76.20000000000005,40.01206175,-104.9511511,1637.0808000000002,76.8096,7.510272,0.0,192.09475707701208
76.29999999999995,40.01205493,-104.9511529,1637.0808000000002,76.8096,7.689088,-0.22352,192.09475707701208
76.39999999999998,40.01204813,-104.9511548,1637.0808000000002,76.8096,7.733792,-0.22352,192.0701454893879
76.5,40.01204194,-104.9511565,1637.0808000000002,76.8096,7.37616,-0.22352,191.83011332616803
76.60000000000002,40.01203608,-104.9511581,1637.0808000000002,76.8096,6.8397120000000005,-0.089408,191.1489896964418
76.70000000000005,40.01203079,-104.9511595,1637.0808000000002,76.8096,6.303264,0.0,191.3099324740202
76.79999999999995,40.0120257,-104.9511613,1637.0808000000002,76.8096,5.945632,0.0,190.92280471986928
76.89999999999998,40.01202132,-104.9511625,1637.0808000000002,76.68768,5.409184,0.0,190.988651096494
77.0,40.01201684,-104.9511637,1637.0808000000002,76.68768,5.006848,0.0,191.07020257793937
77.10000000000002,40.01201338,-104.9511646,1637.0808000000002,76.59624000000001,4.515104,0.0,191.17383824181476
77.20000000000005,40.0120099,-104.9511655,1637.0808000000002,76.59624000000001,3.933952,0.0,190.6697828044967
77.29999999999995,40.01200732,-104.9511662,1637.0808000000002,76.59624000000001,3.442208,0.0,192.63336193527505
77.39999999999998,40.01200492,-104.951167,1637.0808000000002,76.59624000000001,2.861056,0.0,192.652556500558
77.5,40.01200314,-104.9511676,1637.0808000000002,76.59624000000001,2.414016,-0.089408,193.3245312618908
77.60000000000002,40.01200157,-104.9511679,1637.0808000000002,76.68768,1.966976,-0.089408,192.72435568542235
77.70000000000005,40.01200048,-104.9511683,1637.0808000000002,76.8096,1.56464,-0.089408,192.80426606528675
77.79999999999995,40.01199941,-104.9511686,1637.0808000000002,76.8096,1.251712,-0.089408,186.3401917459099
77.89999999999998,40.01199871,-104.9511688,1637.0808000000002,76.8096,0.938784,-0.089408,188.7461622625552
78.0,40.01199821,-104.9511689,1637.3856,76.90104000000001,0.67056,-0.089408,190.304846468766
78.10000000000002,40.01199773,-104.951169,1637.3856,76.90104000000001,0.67056,0.0,180.0
78.20000000000005,40.01199734,-104.9511693,1637.3856,76.90104000000001,0.0,0.0,180.0
78.29999999999995,40.01199698,-104.9511693,1637.3856,76.90104000000001,0.0,0.0,180.0
78.39999999999998,40.01199693,-104.9511694,1637.3856,76.90104000000001,0.0,0.0,180.0
78.5,40.01199668,-104.9511694,1637.3856,76.90104000000001,0.0,0.0,180.0
78.60000000000002,40.01199675,-104.9511695,1637.3856,76.90104000000001,0.491744,0.0,180.0
78.70000000000005,40.01199656,-104.9511695,1637.3856,76.90104000000001,0.0,0.0,180.0
78.79999999999995,40.01199661,-104.9511695,1637.3856,76.90104000000001,0.0,0.0,180.0
78.89999999999998,40.01199646,-104.9511695,1637.3856,76.90104000000001,0.0,0.0,180.0
79.10000000000002,40.01199647,-104.9511695,1637.3856,76.90104000000001,0.0,0.0,0.0
79.29999999999995,40.01199636,-104.9511695,1637.3856,76.90104000000001,0.0,0.0,0.0
79.39999999999998,40.01199644,-104.9511695,1637.3856,76.90104000000001,0.0,0.0,0.0
79.60000000000002,40.01199638,-104.9511694,1637.3856,76.90104000000001,0.0,0.0,0.0
79.70000000000005,40.01199629,-104.9511694,1637.0808000000002,76.8096,0.0,0.0,0.0
79.79999999999995,40.01199631,-104.9511692,1637.0808000000002,76.8096,0.0,0.0,0.0
79.89999999999998,40.01199623,-104.9511692,1637.0808000000002,76.8096,0.0,0.0,0.0
80.0,40.01199623,-104.9511691,1637.0808000000002,76.8096,0.0,0.0,0.0
80.39999999999998,40.01199591,-104.9511689,1637.0808000000002,76.8096,0.0,0.0,0.0
80.5,40.01199584,-104.9511689,1637.0808000000002,76.8096,0.0,0.0,0.0
80.60000000000002,40.0119957,-104.9511689,1637.0808000000002,76.8096,0.0,0.0,0.0
80.70000000000005,40.01199562,-104.9511689,1637.0808000000002,76.8096,0.0,0.0,0.0
80.79999999999995,40.01199548,-104.9511689,1637.0808000000002,76.8096,0.0,0.0,0.0
81.0,40.01199527,-104.9511689,1637.0808000000002,76.8096,0.0,0.0,0.0
81.10000000000002,40.01199518,-104.9511688,1637.0808000000002,76.8096,0.0,0.0,0.0
81.20000000000005,40.01199506,-104.9511688,1637.0808000000002,76.8096,0.0,0.0,0.0
81.39999999999998,40.01199502,-104.9511688,1637.0808000000002,76.8096,0.0,0.0,0.0
81.5,40.01199496,-104.9511687,1637.0808000000002,76.8096,0.0,0.0,0.0
81.70000000000005,40.01199478,-104.9511686,1637.0808000000002,76.8096,0.0,0.0,0.0
81.89999999999998,40.01199475,-104.9511687,1637.0808000000002,76.8096,0.0,0.0,0.0
82.0,40.01199472,-104.9511686,1637.0808000000002,76.8096,0.312928,0.0,0.0
82.20000000000005,40.01199449,-104.9511686,1637.0808000000002,76.8096,0.0,0.0,0.0
82.60000000000002,40.0119943,-104.9511685,1637.0808000000002,76.8096,0.0,0.0,0.0
82.70000000000005,40.01199425,-104.9511685,1637.0808000000002,76.8096,0.178816,0.0,0.0
82.79999999999995,40.0119942,-104.9511684,1637.0808000000002,76.8096,0.0,0.0,0.0
82.89999999999998,40.01199415,-104.9511684,1637.0808000000002,76.8096,0.0,0.0,0.0
83.10000000000002,40.01199422,-104.9511685,1637.0808000000002,76.8096,0.0,0.0,0.0
83.20000000000005,40.01199415,-104.9511685,1637.0808000000002,76.8096,0.0,0.0,0.0
83.29999999999995,40.01199413,-104.9511685,1637.0808000000002,76.8096,0.491744,0.0,0.0
83.39999999999998,40.01199405,-104.9511683,1637.0808000000002,76.8096,0.0,0.0,0.0
83.5,40.01199402,-104.9511683,1637.0808000000002,76.8096,0.0,0.0,0.0
83.60000000000002,40.01199394,-104.9511683,1637.0808000000002,76.8096,0.0,0.0,0.0
83.70000000000005,40.0119939,-104.9511683,1637.0808000000002,76.8096,0.0,0.0,0.0
83.79999999999995,40.01199398,-104.9511683,1637.0808000000002,76.8096,0.0,0.0,0.0
83.89999999999998,40.01199396,-104.9511683,1637.0808000000002,76.8096,0.0,0.0,0.0
84.0,40.01199387,-104.9511683,1637.0808000000002,76.8096,0.0,0.0,0.0
84.10000000000002,40.01199385,-104.9511683,1637.0808000000002,76.8096,0.0,0.0,0.0
84.20000000000005,40.01199392,-104.9511683,1637.0808000000002,76.8096,0.0,0.0,0.0
84.29999999999995,40.01199391,-104.9511684,1637.0808000000002,76.8096,0.0,0.0,0.0
84.39999999999998,40.01199382,-104.9511684,1637.0808000000002,76.8096,0.0,0.0,0.0
84.5,40.01199381,-104.9511684,1637.0808000000002,76.8096,0.0,0.0,0.0
84.70000000000005,40.01199385,-104.9511685,1637.0808000000002,76.8096,0.0,0.0,0.0
84.79999999999995,40.01199387,-104.9511684,1637.0808000000002,76.8096,0.0,0.0,0.0
84.89999999999998,40.01199387,-104.9511685,1637.0808000000002,76.8096,0.0,0.0,0.0
85.0,40.01199402,-104.9511686,1637.0808000000002,76.8096,0.0,0.0,0.0
85.10000000000002,40.01199403,-104.9511686,1637.0808000000002,76.8096,0.0,0.0,0.0
85.29999999999995,40.01199402,-104.9511685,1637.0808000000002,76.8096,0.0,0.0,0.0
85.70000000000005,40.01199418,-104.9511686,1637.0808000000002,76.8096,0.0,0.0,0.0
85.79999999999995,40.01199417,-104.9511685,1637.0808000000002,76.8096,0.0,0.0,0.0
85.89999999999998,40.0119942,-104.9511685,1637.0808000000002,76.8096,0.0,0.0,0.0
86.0,40.0119943,-104.9511686,1637.0808000000002,76.8096,0.0,0.0,0.0
86.10000000000002,40.01199432,-104.9511686,1637.0808000000002,76.8096,0.0,0.0,0.0
86.20000000000005,40.01199437,-104.9511686,1637.0808000000002,76.8096,0.0,0.0,0.0
86.29999999999995,40.01199439,-104.9511685,1637.0808000000002,76.8096,0.0,0.0,0.0
86.39999999999998,40.01199446,-104.9511685,1637.0808000000002,76.8096,0.0,0.0,0.0
86.5,40.01199448,-104.9511685,1637.3856,76.90104000000001,0.0,0.0,0.0
86.60000000000002,40.01199442,-104.9511687,1637.3856,76.90104000000001,0.0,0.0,0.0
86.79999999999995,40.01199442,-104.9511686,1637.0808000000002,76.8096,0.0,0.0,0.0
86.89999999999998,40.01199447,-104.9511686,1637.0808000000002,76.8096,0.0,0.0,0.0
87.0,40.01199448,-104.9511686,1637.0808000000002,76.8096,0.0,0.0,0.0
87.20000000000005,40.01199465,-104.9511685,1637.0808000000002,76.8096,0.0,0.0,0.0
87.29999999999995,40.0119947,-104.9511684,1637.3856,76.90104000000001,0.0,0.0,0.0
87.60000000000002,40.01199474,-104.9511685,1637.3856,76.90104000000001,0.0,0.0,0.0
87.70000000000005,40.01199479,-104.9511685,1637.3856,76.90104000000001,0.0,0.0,0.0
87.89999999999998,40.01199491,-104.9511685,1637.3856,76.90104000000001,0.0,0.0,0.0
88.0,40.01199495,-104.9511686,1637.3856,76.90104000000001,0.0,0.0,0.0
88.20000000000005,40.01199487,-104.9511685,1637.3856,76.90104000000001,0.0,0.0,90.0
88.29999999999995,40.01199484,-104.9511681,1637.3856,76.90104000000001,0.0,0.0,90.0
88.39999999999998,40.01199476,-104.9511673,1637.3856,76.90104000000001,0.0,0.0,95.71059313749964
88.5,40.01199456,-104.951166,1637.3856,76.90104000000001,0.938784,0.0,99.78240703180728
88.70000000000005,40.01199403,-104.9511617,1637.3856,76.90104000000001,1.609344,0.0,100.40771131249004
88.89999999999998,40.0119931,-104.9511559,1637.3856,76.90104000000001,2.190496,0.0,99.60520415501298
89.10000000000002,40.01199193,-104.9511483,1637.3856,76.90104000000001,2.90576,0.0,101.17383824181474
89.20000000000005,40.01199126,-104.9511439,1637.3856,76.90104000000001,3.486912,0.0,101.30993247402024
89.29999999999995,40.01199047,-104.951139,1637.3856,76.90104000000001,4.02336,0.0,101.76828893202064
89.39999999999998,40.01198946,-104.9511335,1637.3856,76.90104000000001,4.559807999999999,0.0,100.7842978675626
89.5,40.01198853,-104.9511277,1637.3856,76.99248,4.91744,0.0,101.1130405359483
89.60000000000002,40.01198761,-104.9511215,1637.3856,76.99248,5.14096,0.0,101.86439045128112
89.70000000000005,40.01198656,-104.951115,1637.3856,76.99248,5.498592,0.0,101.05145702666545
89.79999999999995,40.01198548,-104.951108,1637.3856,76.99248,5.856224,0.0,101.39213583155276
89.89999999999998,40.0119843,-104.9511008,1637.3856,76.99248,6.169152,0.0,101.62216796356957
90.0,40.01198312,-104.951093,1637.3856,76.99248,6.526784,0.0,102.06776895865336
90.10000000000002,40.01198176,-104.9510851,1637.3856,76.99248,6.8397120000000005,0.089408,102.60860679336622
90.29999999999995,40.01197878,-104.9510683,1637.3856,77.1144,7.197344,0.089408,102.89374404488215
90.39999999999998,40.01197736,-104.9510593,1637.3856,76.99248,7.510272,0.089408,103.09189306434683
90.5,40.01197571,-104.95105,1637.3856,76.99248,7.957312,0.089408,102.59657323581848
90.60000000000002,40.01197406,-104.951041,1637.3856,76.99248,8.04672,0.089408,103.22306765270132
90.70000000000005,40.01197233,-104.9510311,1637.3856,76.90104000000001,8.27024,0.0,102.7521197502076
90.79999999999995,40.01197037,-104.95102,1637.3856,76.99248,9.16432,0.0,102.86710414001908
91.0,40.0119668,-104.9509992,1637.3856,76.99248,9.298432,0.0,102.20758091447352
91.10000000000002,40.0119649,-104.9509881,1637.3856,76.99248,9.298432,0.0,102.44333420789326
91.20000000000005,40.01196275,-104.9509765,1637.3856,76.99248,9.924288,0.0,102.11262292598502
91.29999999999995,40.01196076,-104.9509648,1637.3856,76.99248,10.192512,0.0,102.3390872783262
91.39999999999998,40.01195866,-104.950952,1637.3856,76.99248,10.639552,0.0,102.02668965490534
91.5,40.01195659,-104.9509397,1637.3856,76.99248,10.907775999999998,0.0,102.24452787024984
91.60000000000002,40.01195465,-104.9509279,1637.3856,76.99248,10.50544,0.0,102.04563238526578
91.70000000000005,40.01195252,-104.9509151,1637.3856,76.99248,10.72896,0.0,101.80579230058902
91.79999999999995,40.01195026,-104.950902,1637.3856,76.99248,11.265408,0.0,102.2839554411072
92.0,40.01194555,-104.9508745,1637.3856,77.1144,11.801856,0.0,102.0483512182234
92.20000000000005,40.01194112,-104.9508474,1637.3856,76.99248,11.935968,0.0,102.15494169722224
92.29999999999995,40.01193883,-104.9508337,1637.3856,76.99248,11.84656,0.0,102.29253779267763
92.39999999999998,40.01193687,-104.9508215,1637.3856,77.1144,11.265408,-0.312928,102.38075692880716
92.5,40.01193477,-104.950809,1637.3856,77.1144,10.773664,-0.312928,101.8762644037596
92.60000000000002,40.01193246,-104.9507959,1637.3856,77.1144,11.131296,-0.089408,101.95367818819562
92.70000000000005,40.01193053,-104.9507846,1637.3856,77.1144,10.639552,0.0,102.0947570770121
92.79999999999995,40.01192849,-104.9507737,1637.3856,76.99248,9.700768,0.089408,102.31306345898946
93.0,40.01192517,-104.9507539,1637.3856,76.90104000000001,8.9408,0.089408,101.95658424314912
93.10000000000002,40.01192367,-104.9507452,1637.3856,76.90104000000001,8.27024,0.089408,102.07014548938793
93.20000000000005,40.01192229,-104.950737,1637.3856,76.90104000000001,7.37616,0.089408,102.06776895865336
93.29999999999995,40.01192101,-104.9507297,1637.3856,76.90104000000001,6.795007999999999,0.089408,102.39085666068092
93.39999999999998,40.01191974,-104.9507228,1637.3856,76.90104000000001,6.169152,0.089408,102.78345394142434
93.5,40.01191866,-104.9507168,1637.3856,76.90104000000001,5.677408,0.089408,103.15094868094468
93.60000000000002,40.01191756,-104.9507114,1637.3856,76.99248,5.006848,0.0,102.90740867126584
93.70000000000005,40.01191672,-104.9507067,1637.3856,76.99248,4.380992,0.0,102.23611150941632
93.79999999999995,40.01191602,-104.9507025,1637.3856,76.99248,3.889248,0.0,102.52880770915152
94.0,40.01191487,-104.9506963,1637.3856,77.1144,3.039872,0.0,100.40771131249004
94.10000000000002,40.01191449,-104.9506939,1637.3856,77.1144,2.548128,0.0,100.43747535111822
94.20000000000005,40.01191418,-104.9506925,1637.3856,77.1144,1.654048,0.0,99.78240703180728
94.29999999999995,40.01191394,-104.9506911,1637.3856,77.1144,1.162304,0.0,100.4914770123316
94.39999999999998,40.01191362,-104.9506896,1637.3856,77.1144,1.34112,0.0,103.57043438516148
94.60000000000002,40.01191294,-104.9506857,1637.3856,76.99248,1.519936,0.089408,101.30993247402024
94.79999999999995,40.01191206,-104.9506802,1637.3856,76.99248,2.056384,0.089408,101.30993247402024
95.39999999999998,40.01190742,-104.950654,1637.3856,76.99248,3.442208,0.0,102.80426606528675
95.5,40.01190635,-104.950648,1637.3856,76.99248,4.02336,0.0,103.10278994126249
95.60000000000002,40.0119053,-104.950642,1637.3856,76.99248,5.230368,0.0,103.2664808465837
95.70000000000005,40.01190409,-104.9506353,1637.3856,77.1144,5.588,0.0,102.57546549974444
95.79999999999995,40.01190276,-104.9506285,1637.3856,77.1144,5.900928,0.0,101.95187513002476
95.89999999999998,40.01190147,-104.9506212,1637.3856,77.1144,6.213856,0.0,102.23150092123018
96.0,40.01190003,-104.950613,1637.3856,77.1144,6.795007999999999,0.0,101.83011332616805
96.10000000000002,40.01189863,-104.9506049,1637.3856,77.1144,7.1079360000000005,0.0,102.4499965078066
96.20000000000005,40.01189731,-104.950597,1637.6904000000002,77.20584000000001,6.973824,0.0,101.92452393761192
96.29999999999995,40.01189583,-104.9505883,1637.3856,77.1144,7.242048,0.089408,102.0947570770121
96.39999999999998,40.01189429,-104.9505792,1637.3856,77.1144,7.778496,0.089408,101.62439572434891
96.5,40.01189271,-104.9505698,1637.3856,77.1144,8.091424,0.089408,101.85674727739524
96.60000000000002,40.01189104,-104.95056,1637.3856,77.1144,8.314944,0.0,101.54669054592732
96.79999999999995,40.01188776,-104.9505397,1637.3856,77.1144,8.71728,0.089408,101.4776269596078
96.89999999999998,40.01188601,-104.9505291,1637.3856,77.1144,8.985504,0.089408,101.90281213506957
97.0,40.01188415,-104.9505173,1637.3856,77.1144,9.745472,0.089408,101.68026014856632
97.20000000000005,40.01188068,-104.9504954,1637.3856,76.99248,9.790176,0.089408,101.4587523458772
97.29999999999995,40.01187876,-104.9504836,1637.3856,76.99248,9.745472,0.089408,101.74803949673964
97.39999999999998,40.01187688,-104.9504714,1637.3856,76.99248,10.416032,0.0,101.54926182355932
97.5,40.01187488,-104.9504591,1637.3856,76.99248,10.639552,0.0,101.77802483328855
97.60000000000002,40.01187305,-104.9504464,1637.3856,76.99248,10.863072,0.0,101.5862765346285
97.70000000000005,40.01187103,-104.9504336,1637.3856,76.99248,11.041888,0.0,101.3550828031402
97.79999999999995,40.01186881,-104.9504197,1637.3856,76.99248,11.62304,0.0,101.176583344319
97.89999999999998,40.01186675,-104.9504065,1637.3856,76.99248,11.801856,0.089408,101.4854167017586
98.0,40.01186487,-104.9503941,1637.3856,76.99248,11.131296,0.0,101.30993247402024
98.39999999999998,40.01185631,-104.9503382,1637.3856,76.99248,11.84656,0.0,101.5601307942178
98.5,40.01185414,-104.9503242,1637.3856,76.99248,12.159488,0.0,101.47552675142305
98.60000000000002,40.01185195,-104.95031,1637.3856,76.99248,12.248895999999998,0.0,101.39213583155276
98.89999999999998,40.01184532,-104.9502672,1637.3856,76.99248,12.383008,0.0,101.1887999282518
99.0,40.0118432,-104.9502529,1637.3856,76.99248,12.383008,0.0,101.51012655630694
99.10000000000002,40.01184096,-104.9502384,1637.3856,76.99248,12.51712,0.0,101.51012655630694
99.20000000000005,40.01183868,-104.9502237,1637.3856,76.99248,12.695936,0.0,101.42921567332996
99.29999999999995,40.01183638,-104.950209,1637.3856,76.99248,12.785344,0.0,101.7029014802214
99.39999999999998,40.01183395,-104.9501943,1637.3856,76.99248,12.785344,0.0,101.7029014802214
99.70000000000005,40.01182747,-104.9501521,1637.3856,76.99248,12.338304,-0.22352,101.4854167017586
99.79999999999995,40.01182537,-104.9501392,1637.3856,77.1144,11.980672,0.0,101.5862765346285
99.89999999999998,40.01182348,-104.9501269,1637.3856,76.99248,10.95248,0.0,101.64781436729665
100.0,40.01182154,-104.9501154,1637.3856,76.90104000000001,10.326624,0.0,101.82148834060727
100.10000000000002,40.01181984,-104.9501044,1637.3856,76.90104000000001,9.790176,0.089408,101.90281213506957
100.20000000000005,40.01181798,-104.9500934,1637.3856,76.90104000000001,9.566656,0.089408,101.1951114263
100.39999999999998,40.01181502,-104.9500742,1637.0808000000002,76.8096,8.761984,0.089408,101.44104386876744
100.5,40.01181372,-104.9500657,1637.0808000000002,76.68768,8.04672,0.089408,101.16950192308292
100.60000000000002,40.01181232,-104.9500575,1637.0808000000002,76.68768,7.242048,0.0,101.46395301569254
100.70000000000005,40.01181122,-104.9500503,1637.0808000000002,76.68768,6.7056,0.0,101.73308415641225
100.79999999999995,40.01181018,-104.9500437,1637.0808000000002,76.8096,5.990336,0.0,100.4742348282258
100.89999999999998,40.01180929,-104.9500378,1637.0808000000002,76.8096,5.453887999999999,0.0,100.7842978675626
101.0,40.01180826,-104.9500324,1637.3856,76.90104000000001,4.91744,0.0,100.61965527615511
101.10000000000002,40.01180754,-104.9500277,1637.3856,76.90104000000001,4.4704,0.0,100.66034829453532
101.20000000000005,40.01180683,-104.9500238,1637.3856,76.90104000000001,3.755136,0.0,100.2348027634232
101.60000000000002,40.01180529,-104.9500132,1637.6904000000002,77.20584000000001,2.503424,0.0,93.94518622903756
101.70000000000005,40.01180516,-104.9500119,1637.6904000000002,77.20584000000001,2.056384,0.0,95.71059313749964
101.79999999999995,40.01180504,-104.9500113,1637.6904000000002,77.20584000000001,0.938784,0.0,90.0
101.89999999999998,40.01180496,-104.9500105,1637.6904000000002,77.20584000000001,0.67056,0.0,90.0
102.10000000000002,40.0118047,-104.9500098,1637.6904000000002,77.20584000000001,0.44704,0.0,90.0
102.20000000000005,40.0118048,-104.9500097,1637.6904000000002,77.20584000000001,0.312928,0.089408,90.0
102.29999999999995,40.01180474,-104.9500094,1637.3856,77.1144,0.0,0.089408,90.0
102.39999999999998,40.01180491,-104.9500095,1637.3856,77.1144,0.491744,0.089408,90.0
102.60000000000002,40.01180498,-104.9500097,1637.3856,76.99248,0.0,0.089408,90.0
102.70000000000005,40.01180496,-104.9500095,1637.3856,76.99248,0.0,0.089408,0.0
102.79999999999995,40.01180502,-104.9500097,1637.3856,76.99248,0.0,0.0,0.0
103.0,40.01180504,-104.9500099,1637.3856,76.99248,0.0,0.0,0.0
103.20000000000005,40.01180519,-104.9500101,1637.3856,76.99248,0.0,0.0,0.0
103.29999999999995,40.01180518,-104.9500101,1637.3856,76.99248,0.0,0.0,0.0
103.39999999999998,40.01180516,-104.9500101,1637.3856,76.99248,0.0,0.0,0.0
103.60000000000002,40.01180529,-104.9500101,1637.3856,76.90104000000001,0.0,0.0,0.0
103.70000000000005,40.01180529,-104.9500101,1637.3856,76.90104000000001,0.0,0.0,0.0
103.79999999999995,40.01180528,-104.9500102,1637.3856,76.99248,0.0,0.0,0.0
103.89999999999998,40.01180528,-104.9500102,1637.3856,76.90104000000001,0.0,0.0,0.0
104.0,40.01180527,-104.9500102,1637.3856,76.99248,0.0,0.0,0.0
104.10000000000002,40.01180528,-104.9500102,1637.3856,76.99248,0.0,0.0,0.0
104.20000000000005,40.01180527,-104.9500102,1637.3856,76.99248,0.0,0.0,0.0
104.29999999999995,40.01180527,-104.9500102,1637.3856,76.99248,0.0,0.0,0.0
104.39999999999998,40.01180527,-104.9500102,1637.3856,76.99248,0.0,0.0,0.0
104.5,40.01180526,-104.9500103,1637.3856,76.99248,0.0,0.0,0.0
104.60000000000002,40.01180526,-104.9500101,1637.3856,76.99248,0.0,0.0,0.0
104.70000000000005,40.01180526,-104.9500101,1637.3856,76.99248,0.0,0.0,0.0
104.79999999999995,40.01180527,-104.9500101,1637.3856,76.99248,0.0,0.0,0.0
104.89999999999998,40.01180527,-104.9500101,1637.3856,76.99248,0.0,0.0,0.0
105.0,40.01180527,-104.95001,1637.3856,76.99248,0.0,0.0,0.0
105.10000000000002,40.01180527,-104.95001,1637.3856,76.99248,0.0,0.0,0.0
105.20000000000005,40.01180526,-104.9500099,1637.3856,76.99248,0.0,0.0,0.0
105.29999999999995,40.01180526,-104.9500099,1637.3856,76.90104000000001,0.0,0.0,0.0
105.39999999999998,40.01180526,-104.9500098,1637.3856,76.90104000000001,0.0,0.0,0.0
105.5,40.01180526,-104.9500098,1637.3856,76.99248,0.0,0.0,0.0
105.60000000000002,40.01180527,-104.9500098,1637.3856,76.99248,0.0,0.0,0.0
105.70000000000005,40.01180526,-104.9500098,1637.3856,76.99248,0.0,0.0,0.0
105.79999999999995,40.01180526,-104.9500097,1637.3856,76.99248,0.0,0.0,0.0
105.89999999999998,40.01180525,-104.9500097,1637.3856,76.99248,0.0,0.0,0.0
106.10000000000002,40.01180541,-104.9500095,1637.3856,76.99248,0.0,0.0,0.0
106.20000000000005,40.0118054,-104.9500094,1637.3856,76.90104000000001,0.0,0.0,0.0
106.29999999999995,40.01180541,-104.9500094,1637.3856,76.90104000000001,0.0,0.0,0.0
106.39999999999998,40.0118054,-104.9500095,1637.3856,76.99248,0.0,0.0,0.0
106.5,40.01180542,-104.9500095,1637.3856,76.90104000000001,0.0,0.0,0.0
106.60000000000002,40.01180541,-104.9500094,1637.3856,76.90104000000001,0.0,0.0,0.0
106.70000000000005,40.01180543,-104.9500094,1637.3856,76.90104000000001,0.0,0.0,0.0
106.79999999999995,40.01180542,-104.9500094,1637.3856,76.90104000000001,0.0,0.0,0.0
107.0,40.01180542,-104.9500093,1637.3856,76.90104000000001,0.0,0.0,0.0
107.29999999999995,40.01180544,-104.9500093,1637.3856,76.90104000000001,0.0,0.0,0.0
107.39999999999998,40.01180541,-104.9500093,1637.3856,76.90104000000001,0.0,0.0,0.0
107.5,40.01180543,-104.9500093,1637.3856,76.90104000000001,0.0,0.0,0.0
107.60000000000002,40.0118054,-104.9500093,1637.3856,76.90104000000001,0.0,0.0,0.0
107.70000000000005,40.01180541,-104.9500093,1637.3856,76.90104000000001,0.0,0.0,0.0
107.79999999999995,40.01180539,-104.9500093,1637.3856,76.90104000000001,0.0,0.0,0.0
107.89999999999998,40.0118054,-104.9500093,1637.3856,76.90104000000001,0.0,0.0,0.0
108.0,40.01180536,-104.9500092,1637.3856,76.90104000000001,0.0,0.0,90.0
108.10000000000002,40.0118053,-104.9500087,1637.3856,76.99248,0.0,0.0,100.30484646876602
108.29999999999995,40.01180507,-104.9500063,1637.3856,76.90104000000001,0.8493759999999999,0.0,99.78240703180728
108.39999999999998,40.0118048,-104.9500046,1637.3856,76.90104000000001,1.207008,0.0,100.43747535111822
108.5,40.01180444,-104.9500023,1637.3856,76.90104000000001,1.78816,0.0,101.30993247402024
108.60000000000002,40.01180409,-104.9499999,1637.3856,76.99248,2.101088,0.0,101.513831184487
108.70000000000005,40.01180362,-104.9499968,1637.3856,76.99248,2.414016,0.0,100.38885781546963
108.79999999999995,40.01180315,-104.9499934,1637.3856,76.90104000000001,2.816352,0.0,100.66978280449666
108.89999999999998,40.01180256,-104.9499895,1637.3856,76.99248,3.12928,0.0,101.888658039628
109.0,40.01180191,-104.9499855,1637.3856,76.99248,3.442208,0.0,100.91112838428342
109.10000000000002,40.01180119,-104.9499809,1637.3856,76.99248,3.755136,0.0,101.30993247402024
109.20000000000005,40.01180033,-104.949976,1637.3856,76.99248,4.157472,0.0,101.76828893202064
109.29999999999995,40.01179949,-104.9499706,1637.3856,76.99248,4.4704,0.0,100.7842978675626
109.39999999999998,40.01179864,-104.9499648,1637.3856,76.99248,4.872736,0.0,101.1130405359483
109.5,40.01179773,-104.9499587,1637.3856,77.1144,5.185664,0.0,100.4742348282258
109.60000000000002,40.01179671,-104.9499524,1637.3856,76.99248,5.409184,0.0,99.98182928773316
109.70000000000005,40.0117957,-104.9499456,1637.3856,76.99248,5.722112,0.089408,100.72444853747118
109.79999999999995,40.01179456,-104.9499385,1637.3856,76.99248,5.990336,0.089408,101.14898969644184
109.89999999999998,40.01179344,-104.9499311,1637.3856,76.99248,6.303264,0.0,100.69221215528404
110.0,40.01179231,-104.9499232,1637.3856,76.99248,6.660896,0.089408,100.94218540900935
110.20000000000005,40.01178965,-104.9499066,1637.3856,76.90104000000001,7.063232,0.089408,100.89872580575286
110.29999999999995,40.01178828,-104.9498979,1637.3856,76.99248,7.331455999999999,0.0,101.44104386876744
110.39999999999998,40.0117868,-104.9498888,1637.3856,76.90104000000001,7.778496,0.0,101.62439572434891
110.5,40.01178531,-104.9498794,1637.3856,76.90104000000001,8.04672,0.0,101.37147464102202
110.60000000000002,40.01178379,-104.94987,1637.3856,76.90104000000001,8.136128,0.0,101.7307753322874
110.70000000000005,40.0117822,-104.9498602,1637.3856,76.90104000000001,8.404352,0.0,101.30993247402024
110.79999999999995,40.01178061,-104.9498506,1637.3856,76.90104000000001,8.449055999999999,0.0,101.59217541029108
110.89999999999998,40.01177892,-104.9498403,1637.3856,76.90104000000001,8.672576,0.0,101.36529069786984
111.0,40.01177715,-104.9498294,1637.3856,76.99248,9.253728,0.0,101.90281213506957
111.10000000000002,40.01177536,-104.9498185,1637.3856,76.90104000000001,9.477248,0.0,101.68026014856632
111.20000000000005,40.01177351,-104.9498073,1637.3856,76.90104000000001,9.61136,0.0,101.9293221772383
111.29999999999995,40.01177165,-104.949796,1637.3856,76.99248,9.83488,0.0,101.71555953450786
111.5,40.01176796,-104.9497727,1637.3856,76.99248,10.013696,0.0,101.84997952648024
111.60000000000002,40.01176577,-104.9497596,1637.3856,76.99248,10.550144,0.0,101.64781436729665
111.70000000000005,40.01176378,-104.9497473,1637.3856,76.99248,11.041888,0.0,101.404479879147
111.79999999999995,40.01176192,-104.9497358,1637.3856,76.99248,10.326624,0.0,101.681374787391
111.89999999999998,40.01175988,-104.9497233,1637.3856,76.99248,10.460736,0.0,101.5862765346285
112.10000000000002,40.01175587,-104.9496975,1637.3856,76.99248,11.086592,0.0,101.71247231108748
112.29999999999995,40.01175138,-104.9496712,1637.3856,76.90104000000001,11.310112,0.0,102.0483512182234
112.70000000000005,40.01174238,-104.9496163,1637.3856,76.90104000000001,11.801856,0.0,101.888658039628
112.79999999999995,40.01173993,-104.9496023,1637.3856,76.90104000000001,12.025376,0.0,101.80243420778356
112.89999999999998,40.01173756,-104.9495881,1637.3856,76.90104000000001,12.2936,0.0,101.67538606906322
113.0,40.01173514,-104.9495736,1637.3856,76.90104000000001,12.51712,0.0,101.99438919754608
113.10000000000002,40.01173273,-104.9495592,1637.3856,76.90104000000001,12.651232,0.0,101.90965704162454
113.29999999999995,40.01172785,-104.9495297,1637.3856,76.90104000000001,12.74064,0.0,101.7029014802214
113.39999999999998,40.0117255,-104.9495148,1637.3856,76.90104000000001,12.874752,0.0,101.62216796356957
113.60000000000002,40.01172048,-104.949485,1637.3856,76.90104000000001,13.008864,0.0,101.9293221772383
113.70000000000005,40.011718,-104.9494699,1637.3856,76.90104000000001,13.008864,0.0,101.84826623841444
113.79999999999995,40.01171537,-104.9494548,1637.3856,76.90104000000001,13.18768,0.0,101.84826623841444
113.89999999999998,40.01171286,-104.9494396,1637.0808000000002,76.8096,13.232384,0.0,101.72869815645812
114.0,40.01171031,-104.9494243,1637.3856,76.90104000000001,13.277088,0.0,101.72869815645812
114.10000000000002,40.01170781,-104.9494091,1637.3856,76.90104000000001,13.321792,0.0,101.65029943753768
114.20000000000005,40.01170514,-104.9493926,1637.3856,76.90104000000001,13.813536,0.0,101.65029943753768
114.29999999999995,40.0117026,-104.9493771,1637.3856,76.90104000000001,13.902944,0.0,101.57292764767824
114.39999999999998,40.01169995,-104.9493616,1637.3856,76.90104000000001,13.545312,0.0,101.57292764767824
114.5,40.0116974,-104.949346,1637.3856,76.90104000000001,13.545312,0.0,101.4965630175858
114.60000000000002,40.01169494,-104.9493309,1637.3856,76.90104000000001,13.366496,0.0,101.4965630175858
114.70000000000005,40.01169238,-104.9493152,1637.0808000000002,76.8096,13.4112,0.0,101.4965630175858
114.79999999999995,40.01168979,-104.9492995,1637.0808000000002,76.8096,13.63472,0.0,101.38386247107212
114.89999999999998,40.01168721,-104.9492838,1637.0808000000002,76.8096,13.679424,0.0,101.38386247107212
115.0,40.01168478,-104.9492682,1637.0808000000002,76.8096,13.63472,0.0,101.38386247107212
115.10000000000002,40.01168221,-104.9492525,1637.0808000000002,76.8096,13.63472,0.0,101.38386247107212
115.20000000000005,40.01167965,-104.949237,1637.3856,76.90104000000001,13.590016,0.0,101.85977912094802
115.29999999999995,40.01167706,-104.9492212,1637.3856,76.90104000000001,13.590016,0.0,101.85977912094802
115.60000000000002,40.01166942,-104.949174,1637.3856,76.90104000000001,13.724128,0.0,101.78344053275517
115.70000000000005,40.01166683,-104.9491582,1637.3856,76.90104000000001,13.724128,0.0,101.78344053275517
115.79999999999995,40.01166433,-104.9491423,1637.3856,76.90104000000001,13.813536,0.0,101.78344053275517
115.89999999999998,40.01166174,-104.9491264,1637.3856,76.90104000000001,13.85824,0.0,101.78344053275517
116.0,40.01165911,-104.9491107,1637.3856,76.90104000000001,13.724128,0.0,101.78344053275517
116.20000000000005,40.0116541,-104.9490789,1637.3856,76.90104000000001,13.768832,0.0,101.16488017754858
116.5,40.01164656,-104.9490309,1637.3856,76.90104000000001,13.85824,0.0,101.70806477392068
116.60000000000002,40.01164398,-104.9490149,1637.3856,76.90104000000001,13.902944,0.0,101.70806477392068
116.70000000000005,40.0116414,-104.9489989,1637.3856,76.90104000000001,13.947648,0.0,101.70806477392068
116.79999999999995,40.0116386,-104.9489829,1637.3856,76.99248,13.947648,0.0,101.70806477392068
116.89999999999998,40.01163599,-104.9489669,1637.3856,76.99248,13.947648,-0.089408,101.78344053275517
117.0,40.01163351,-104.9489512,1637.3856,76.99248,13.813536,-0.22352,101.93709882916266
117.10000000000002,40.01163101,-104.9489358,1637.3856,76.99248,13.545312,-0.312928,101.72869815645812
117.20000000000005,40.01162864,-104.948922,1637.3856,77.1144,12.695936,-0.22352,101.62216796356957
117.29999999999995,40.0116263,-104.9489077,1637.3856,77.1144,12.248895999999998,-0.089408,101.67538606906322
117.39999999999998,40.0116237,-104.9488921,1637.3856,77.1144,13.008864,0.0,102.06488441052544
117.5,40.01162147,-104.9488786,1637.3856,76.99248,12.695936,0.0,101.95658424314912
117.60000000000002,40.01161913,-104.948865,1637.3856,76.99248,11.801856,0.089408,101.4854167017586
117.70000000000005,40.01161698,-104.9488518,1637.3856,77.1144,11.667744,0.22352,101.62059593351228
117.79999999999995,40.01161505,-104.9488385,1637.3856,76.99248,11.488928,0.22352,101.62059593351228
117.89999999999998,40.01161297,-104.9488255,1637.3856,77.1144,11.444224,0.089408,101.71247231108748
118.0,40.01161086,-104.9488124,1637.3856,77.1144,11.354816,0.0,101.3550828031402
118.10000000000002,40.01160881,-104.9487998,1637.3856,77.1144,11.176,0.0,101.681374787391
118.20000000000005,40.01160685,-104.9487886,1637.6904000000002,77.20584000000001,10.416032,-0.089408,101.64781436729665
118.29999999999995,40.01160494,-104.9487771,1637.6904000000002,77.20584000000001,9.879584,-0.22352,101.82148834060727
118.39999999999998,40.01160317,-104.9487662,1637.6904000000002,77.20584000000001,9.745472,0.0,102.43956201884656
118.5,40.01160143,-104.9487558,1637.6904000000002,77.20584000000001,9.253728,0.089408,102.62356359770264
118.60000000000002,40.0115996,-104.9487459,1637.6904000000002,77.20584000000001,8.851392,0.089408,102.4617559205538
118.70000000000005,40.01159802,-104.9487368,1637.3856,77.1144,8.314944,0.089408,102.74528947313286
118.79999999999995,40.01159646,-104.948728,1637.3856,77.1144,7.8232,0.089408,102.914632042321
119.0,40.01159314,-104.9487125,1637.3856,76.99248,7.15264,0.22352,105.8323866204222
119.10000000000002,40.01159144,-104.9487058,1637.3856,76.99248,6.571488,0.22352,109.2692943984688
119.20000000000005,40.01158961,-104.9486994,1637.3856,76.99248,5.900928,0.22352,112.7650091075115
119.29999999999995,40.01158756,-104.9486939,1637.3856,76.99248,5.543296,0.22352,116.79151552941914
119.39999999999998,40.0115853,-104.9486883,1637.3856,76.99248,5.319776,0.089408,121.3286928678042
119.5,40.01158283,-104.9486837,1637.3856,76.99248,5.051552,0.089408,127.8749836510982
119.70000000000005,40.01157748,-104.9486766,1637.3856,77.1144,4.425696,0.0,138.70462744207714
119.79999999999995,40.01157453,-104.9486735,1637.6904000000002,77.20584000000001,4.202176,0.0,144.39546601956692
119.89999999999998,40.0115711,-104.9486706,1637.6904000000002,77.20584000000001,4.336288,0.0,149.62087398863162
120.10000000000002,40.01156371,-104.9486661,1637.6904000000002,77.20584000000001,4.515104,0.0,158.80594351845775
120.20000000000005,40.01155958,-104.9486645,1637.6904000000002,77.29728,4.604512000000001,0.0,161.73209379275886
120.29999999999995,40.01155522,-104.9486629,1637.6904000000002,77.29728,4.872736,0.089408,165.23080146970835
120.39999999999998,40.01155081,-104.9486618,1637.6904000000002,77.29728,5.006848,0.089408,167.63093847407447
120.5,40.01154602,-104.9486606,1637.6904000000002,77.20584000000001,5.185664,0.089408,171.53871185742867
120.79999999999995,40.01153031,-104.9486591,1637.3856,77.1144,5.722112,0.089408,177.93988897627685
120.89999999999998,40.01152459,-104.9486589,1637.3856,77.1144,5.945632,0.089408,179.19871266989298
121.0,40.01151849,-104.9486593,1637.3856,77.1144,6.571488,0.089408,180.0
121.20000000000005,40.01150584,-104.9486599,1637.3856,76.99248,6.973824,0.22352,182.48955292199915
121.39999999999998,40.0114922,-104.9486611,1637.3856,76.99248,7.331455999999999,0.089408,182.33051886797892
121.70000000000005,40.01147109,-104.9486607,1637.3856,76.99248,7.733792,0.0,174.68545433005522
121.79999999999995,40.01146414,-104.9486598,1637.3856,76.99248,7.8232,0.0,171.53595433603732
121.89999999999998,40.01145736,-104.9486582,1637.3856,76.90104000000001,7.733792,0.0,168.42481118260378
122.0,40.01145014,-104.9486567,1637.3856,76.90104000000001,7.912608,0.0,165.2218382670626
122.10000000000002,40.01144357,-104.9486542,1637.3856,76.90104000000001,7.867904,0.0,162.2161115573075
122.20000000000005,40.01143746,-104.9486518,1637.3856,76.90104000000001,7.331455999999999,0.0,159.72442139100906
122.29999999999995,40.0114312,-104.9486485,1637.3856,76.90104000000001,7.286752,0.0,156.21261983080785
122.39999999999998,40.01142486,-104.9486451,1637.0808000000002,76.8096,7.59968,0.0,153.7413404451927
122.5,40.01141887,-104.9486409,1637.0808000000002,76.8096,7.59968,0.0,150.71582045145692
122.60000000000002,40.01141278,-104.9486365,1637.3856,76.90104000000001,7.644384,0.0,147.81489410810923
122.70000000000005,40.01140702,-104.9486315,1637.3856,76.90104000000001,7.689088,0.0,145.19932949871253
122.79999999999995,40.01140126,-104.9486263,1637.3856,76.90104000000001,7.733792,0.0,142.93275831417208
122.89999999999998,40.01139574,-104.9486206,1637.3856,76.90104000000001,7.8232,0.0,139.6106493186606
123.0,40.01138991,-104.9486142,1637.3856,76.90104000000001,8.136128,0.0,137.48955292199918
123.20000000000005,40.01137971,-104.9486009,1637.3856,76.99248,8.136128,0.0,133.0098277502451
123.29999999999995,40.01137469,-104.9485937,1637.3856,77.1144,8.091424,0.0,130.6347422649721
123.39999999999998,40.01136985,-104.948586,1637.3856,77.1144,8.404352,0.0,128.8011626864943
123.70000000000005,40.01135643,-104.9485619,1637.6904000000002,77.20584000000001,8.449055999999999,-0.22352,123.7758395869269
123.79999999999995,40.01135255,-104.9485539,1637.6904000000002,77.20584000000001,8.359648,-0.089408,124.05326887025495
123.89999999999998,40.01134868,-104.9485465,1637.6904000000002,77.29728,7.8232,0.0,124.06887707758858
124.0,40.01134505,-104.9485394,1637.6904000000002,77.29728,7.465567999999999,0.0,123.79165568107352
124.10000000000002,40.0113416,-104.9485329,1637.6904000000002,77.20584000000001,6.973824,0.089408,124.01134890350602
124.20000000000005,40.01133841,-104.9485264,1637.3856,77.1144,6.660896,0.22352,124.15969454566942
124.5,40.01133023,-104.9485106,1637.3856,76.90104000000001,5.722112,0.22352,123.37783203643043
124.60000000000002,40.01132828,-104.948506,1637.3856,76.90104000000001,5.185664,0.22352,124.5741914741152
124.70000000000005,40.01132637,-104.9485024,1637.3856,76.90104000000001,4.068064,0.089408,124.69515353123398
124.79999999999995,40.01132462,-104.948499,1637.3856,76.90104000000001,3.621024,0.089408,122.73522627210758
125.20000000000005,40.01132087,-104.9484909,1637.3856,76.99248,2.324608,0.0,112.24902365721238
125.29999999999995,40.01132058,-104.9484899,1637.3856,76.99248,1.78816,0.0,107.35402463626131
125.39999999999998,40.01132036,-104.9484892,1637.3856,76.99248,0.804672,0.0,100.30484646876602
125.5,40.0113203,-104.9484887,1637.3856,76.99248,0.0,0.0,90.0
125.60000000000002,40.01132039,-104.9484883,1637.3856,77.1144,0.0,0.0,90.0
125.70000000000005,40.01132043,-104.948488,1637.3856,77.1144,0.491744,0.0,90.0
125.79999999999995,40.01132054,-104.9484879,1637.3856,77.1144,0.0,0.0,90.0
126.0,40.01132084,-104.9484877,1637.3856,76.99248,0.0,0.0,90.0
126.10000000000002,40.01132094,-104.9484876,1637.3856,76.99248,0.0,0.0,90.0
126.20000000000005,40.01132099,-104.9484879,1637.3856,76.99248,0.0,0.0,0.0
126.29999999999995,40.01132111,-104.9484879,1637.3856,76.99248,0.0,0.0,0.0
126.39999999999998,40.01132141,-104.948488,1637.3856,76.99248,0.0,0.0,0.0
126.5,40.01132155,-104.948488,1637.3856,76.99248,0.0,0.0,0.0
126.60000000000002,40.01132177,-104.9484883,1637.3856,76.90104000000001,0.0,0.0,0.0
126.89999999999998,40.01132232,-104.9484884,1637.3856,76.90104000000001,0.357632,0.0,0.0
127.10000000000002,40.01132251,-104.9484885,1637.3856,76.99248,0.0,0.0,0.0
127.20000000000005,40.01132264,-104.9484886,1637.3856,76.90104000000001,0.0,0.0,0.0
127.29999999999995,40.01132272,-104.9484885,1637.3856,76.90104000000001,0.0,0.0,0.0
127.39999999999998,40.01132291,-104.9484885,1637.3856,76.90104000000001,0.0,0.0,0.0
127.5,40.01132298,-104.9484885,1637.3856,76.90104000000001,0.0,0.0,0.0
127.60000000000002,40.01132306,-104.9484885,1637.3856,76.99248,0.0,0.0,0.0
127.70000000000005,40.01132313,-104.9484885,1637.3856,76.99248,0.0,0.0,0.0
127.79999999999995,40.01132308,-104.9484885,1637.3856,76.99248,0.0,0.0,0.0
128.10000000000002,40.01132331,-104.9484883,1637.3856,76.99248,0.0,0.0,0.0
128.20000000000005,40.01132332,-104.9484882,1637.3856,76.99248,0.22352,0.0,0.0
128.29999999999995,40.01132335,-104.9484882,1637.3856,76.99248,0.0,0.0,0.0
128.39999999999998,40.01132324,-104.9484882,1637.3856,76.99248,0.491744,0.0,0.0
128.5,40.01132325,-104.9484881,1637.3856,76.99248,0.491744,0.0,0.0
128.60000000000002,40.01132334,-104.9484881,1637.3856,76.99248,0.0,0.0,0.0
128.70000000000005,40.01132335,-104.948488,1637.3856,76.99248,0.491744,0.0,0.0
129.0,40.01132315,-104.9484878,1637.3856,76.90104000000001,0.0,0.0,0.0
129.10000000000002,40.01132314,-104.9484878,1637.3856,76.90104000000001,0.357632,0.0,0.0
129.20000000000005,40.011323,-104.9484877,1637.3856,76.90104000000001,0.0,0.0,0.0
129.29999999999995,40.01132299,-104.9484877,1637.3856,76.90104000000001,0.0,0.0,0.0
129.39999999999998,40.01132287,-104.9484875,1637.3856,76.90104000000001,0.0,0.0,0.0
129.5,40.01132285,-104.9484874,1637.3856,76.90104000000001,0.491744,0.0,0.0
129.60000000000002,40.0113229,-104.9484874,1637.3856,76.90104000000001,0.0,0.0,0.0
129.70000000000005,40.01132287,-104.9484873,1637.3856,76.90104000000001,0.491744,0.0,0.0
129.89999999999998,40.01132272,-104.9484872,1637.3856,76.90104000000001,0.0,0.0,0.0
130.0,40.01132262,-104.9484872,1637.3856,76.90104000000001,0.0,0.0,0.0
130.10000000000002,40.01132258,-104.9484872,1637.3856,76.90104000000001,0.0,0.0,0.0
130.20000000000005,40.01132251,-104.9484871,1637.3856,76.90104000000001,0.0,0.0,0.0
130.29999999999995,40.01132247,-104.9484871,1637.3856,76.90104000000001,0.0,0.0,0.0
130.60000000000002,40.01132229,-104.9484869,1637.3856,76.90104000000001,0.0,0.0,0.0
130.70000000000005,40.01132224,-104.9484869,1637.3856,76.90104000000001,0.0,0.0,0.0
130.89999999999998,40.01132196,-104.9484869,1637.3856,76.90104000000001,0.0,0.0,0.0
131.0,40.01132193,-104.948487,1637.3856,76.90104000000001,0.0,0.0,0.0
131.10000000000002,40.01132187,-104.9484869,1637.3856,76.90104000000001,0.0,0.0,0.0
131.20000000000005,40.01132185,-104.9484868,1637.3856,76.90104000000001,0.0,0.0,0.0
131.29999999999995,40.01132181,-104.9484868,1637.3856,76.90104000000001,0.0,0.0,0.0
131.39999999999998,40.01132178,-104.9484869,1637.3856,76.90104000000001,0.0,0.0,0.0
131.5,40.01132174,-104.9484869,1637.3856,76.90104000000001,0.0,0.0,0.0
131.60000000000002,40.01132169,-104.9484869,1637.3856,76.90104000000001,0.0,0.0,0.0
131.70000000000005,40.01132164,-104.9484869,1637.3856,76.90104000000001,0.0,0.0,0.0
131.79999999999995,40.01132157,-104.9484868,1637.3856,76.90104000000001,0.0,0.0,0.0
131.89999999999998,40.01132151,-104.9484867,1637.3856,76.90104000000001,0.0,0.0,0.0
132.0,40.0113216,-104.9484868,1637.3856,76.99248,0.0,0.0,0.0
132.10000000000002,40.01132156,-104.9484868,1637.3856,76.90104000000001,0.0,0.0,0.0
132.20000000000005,40.01132149,-104.9484868,1637.3856,76.90104000000001,0.491744,0.0,0.0
132.29999999999995,40.01132145,-104.9484868,1637.3856,76.90104000000001,0.0,0.0,0.0
132.39999999999998,40.01132138,-104.9484867,1637.3856,76.90104000000001,0.491744,0.0,0.0
132.60000000000002,40.01132126,-104.9484866,1637.3856,76.99248,0.0,0.0,90.0
132.70000000000005,40.01132116,-104.9484861,1637.3856,76.99248,0.44704,0.0,90.0
132.79999999999995,40.011321,-104.9484854,1637.3856,76.99248,0.0,0.0,96.34019174590992
132.89999999999998,40.01132075,-104.9484842,1637.3856,76.99248,0.67056,0.0,100.4914770123316
133.10000000000002,40.01132024,-104.9484803,1637.3856,76.99248,1.475232,0.0,101.30993247402024
133.39999999999998,40.011319,-104.9484716,1637.3856,76.99248,2.145792,0.0,100.98065001017358
133.5,40.0113184,-104.9484678,1637.3856,76.99248,2.68224,0.0,99.9638041899072
133.60000000000002,40.01131795,-104.9484639,1637.3856,76.99248,3.308096,0.0,101.17383824181474
133.70000000000005,40.01131725,-104.9484593,1637.3856,77.1144,3.665728,0.0,100.08059798754232
133.79999999999995,40.01131657,-104.9484545,1637.3856,77.1144,4.068064,0.0,100.61965527615511
133.89999999999998,40.01131578,-104.9484492,1637.3856,77.1144,4.380992,0.0,99.91275144672386
134.20000000000005,40.01131324,-104.9484312,1637.3856,76.99248,5.051552,0.0,100.1407931461128
134.29999999999995,40.01131228,-104.9484245,1637.3856,76.99248,5.36448,0.089408,99.60520415501298
134.39999999999998,40.01131134,-104.9484174,1637.3856,76.99248,5.945632,0.089408,100.3416452944789
134.5,40.01131029,-104.94841,1637.3856,76.99248,6.25856,0.0,100.69221215528404
134.60000000000002,40.01130926,-104.9484028,1637.3856,76.99248,6.303264,0.0,100.33891054294104
134.79999999999995,40.01130689,-104.9483864,1637.3856,76.90104000000001,6.795007999999999,0.089408,100.89872580575286
134.89999999999998,40.01130561,-104.9483778,1637.0808000000002,76.8096,7.242048,0.0,100.5779704675673
135.0,40.01130433,-104.948368,1637.0808000000002,76.8096,7.957312,0.0,101.18175421019669
135.10000000000002,40.01130297,-104.9483588,1637.0808000000002,76.8096,8.27024,0.0,100.75487770095026
135.20000000000005,40.01130167,-104.9483499,1637.0808000000002,76.8096,7.867904,0.0,101.1291892896112
135.29999999999995,40.01130021,-104.9483401,1637.0808000000002,76.8096,8.091424,0.0,100.7288592980101
135.39999999999998,40.01129856,-104.9483299,1637.0808000000002,76.68768,8.71728,0.0,101.02713230506072
135.5,40.01129696,-104.9483195,1637.0808000000002,76.8096,8.9408,0.0,101.36529069786984
135.60000000000002,40.01129546,-104.9483088,1637.0808000000002,76.68768,9.16432,0.0,100.98865109649398
135.70000000000005,40.01129375,-104.9482978,1637.0808000000002,76.8096,9.38784,0.0,101.57203393718834
135.79999999999995,40.01129164,-104.9482857,1637.0808000000002,76.68768,10.013696,0.0,101.30993247402024
136.0,40.01128819,-104.9482632,1637.0808000000002,76.8096,10.0584,-0.089408,101.3591133885621
136.10000000000002,40.01128634,-104.9482513,1637.0808000000002,76.8096,9.968992,0.0,101.16488017754858
136.20000000000005,40.01128434,-104.9482392,1637.0808000000002,76.8096,10.416032,0.0,101.404479879147
136.39999999999998,40.01128038,-104.9482144,1637.0808000000002,76.8096,10.72896,0.0,101.5862765346285
136.5,40.01127836,-104.9482018,1637.3856,76.90104000000001,10.863072,0.0,101.44645909293854
136.60000000000002,40.01127629,-104.9481888,1637.3856,76.90104000000001,11.131296,0.0,101.80579230058902
136.70000000000005,40.01127417,-104.9481758,1637.3856,76.90104000000001,11.310112,0.0,101.62059593351228
136.79999999999995,40.01127194,-104.9481626,1637.3856,76.90104000000001,11.39952,0.0,102.14151640790948
136.89999999999998,40.01126974,-104.9481493,1637.3856,76.90104000000001,11.578335999999998,0.0,101.95658424314912
137.0,40.0112674,-104.9481358,1637.3856,76.90104000000001,11.667744,0.0,102.29253779267763
137.10000000000002,40.0112651,-104.9481222,1637.3856,76.90104000000001,11.801856,0.0,102.15494169722224
137.20000000000005,40.0112625,-104.9481072,1637.3856,76.90104000000001,12.472416,0.0,102.39085666068092
137.29999999999995,40.01126012,-104.9480932,1637.3856,76.90104000000001,12.695936,0.0,102.30053887899813
137.39999999999998,40.01125765,-104.9480791,1637.3856,76.90104000000001,12.248895999999998,0.0,102.211508376476
137.5,40.0112552,-104.9480648,1637.3856,76.90104000000001,12.383008,0.0,102.39540683375844
137.60000000000002,40.01125274,-104.9480505,1637.3856,76.90104000000001,12.472416,0.0,102.30801581742791
137.70000000000005,40.01125024,-104.9480359,1637.3856,76.90104000000001,12.606528,0.0,102.2218298148478
137.79999999999995,40.01124774,-104.9480212,1637.3856,76.90104000000001,12.785344,0.0,102.0947570770121
137.89999999999998,40.0112452,-104.9480064,1637.0808000000002,76.8096,12.874752,0.0,102.5933299561031
138.0,40.01124258,-104.9479916,1637.0808000000002,76.8096,12.919455999999998,0.0,102.5933299561031
138.10000000000002,40.01124001,-104.9479767,1637.0808000000002,76.8096,12.96416,0.0,102.50744463053184
138.20000000000005,40.01123766,-104.9479617,1637.0808000000002,76.8096,13.053568,0.0,102.42270453504528
138.70000000000005,40.0112246,-104.9478857,1637.0808000000002,76.8096,13.232384,0.0,102.5913349082432
138.79999999999995,40.01122208,-104.9478703,1637.0808000000002,76.8096,13.277088,0.0,102.5913349082432
138.89999999999998,40.01121946,-104.947855,1637.0808000000002,76.8096,13.4112,0.0,102.50810088695472
139.0,40.01121679,-104.9478394,1637.0808000000002,76.8096,13.455904,-0.089408,102.5913349082432
139.10000000000002,40.01121418,-104.9478241,1637.0808000000002,76.8096,13.455904,-0.089408,102.29769287366004
139.20000000000005,40.01121163,-104.9478091,1637.3856,76.90104000000001,13.232384,-0.089408,102.42270453504528
139.29999999999995,40.01120911,-104.9477943,1637.3856,76.90104000000001,13.008864,-0.089408,102.0947570770121
139.39999999999998,40.01120673,-104.9477797,1637.3856,76.90104000000001,12.830048,0.0,102.39540683375844
139.5,40.01120435,-104.9477656,1637.3856,76.90104000000001,12.472416,0.0,102.39085666068092
139.60000000000002,40.01120181,-104.9477519,1637.3856,76.90104000000001,12.159488,-0.089408,102.480841391757
139.70000000000005,40.01119959,-104.947739,1637.3856,76.90104000000001,11.62304,0.0,102.73171356126647
139.79999999999995,40.01119741,-104.9477265,1637.3856,76.90104000000001,11.131296,0.0,102.60860679336622
139.89999999999998,40.01119538,-104.9477148,1637.3856,76.90104000000001,10.594848,0.0,102.72435568542238
140.0,40.01119323,-104.9477034,1637.0808000000002,76.8096,10.103104,0.0,102.85234306639096
140.10000000000002,40.01119139,-104.947693,1637.0808000000002,76.8096,9.521952,0.0,102.62356359770264
140.20000000000005,40.01118966,-104.947683,1637.0808000000002,76.8096,8.9408,0.0,102.4617559205538
140.39999999999998,40.01118639,-104.9476651,1637.0808000000002,76.68768,8.136128,0.0,102.914632042321
140.5,40.01118497,-104.9476572,1637.0808000000002,76.8096,7.510272,0.0,103.37444046487116
140.60000000000002,40.01118365,-104.94765,1637.0808000000002,76.8096,6.571488,0.0,102.57546549974444
140.79999999999995,40.01118128,-104.9476376,1637.3856,76.90104000000001,5.722112,0.0,103.39249775375112
141.10000000000002,40.01117849,-104.9476239,1637.3856,76.99248,4.604512000000001,0.0,104.03624346792652
141.20000000000005,40.01117766,-104.9476209,1637.3856,76.99248,3.710432,0.0,102.22512267573576
141.29999999999995,40.0111771,-104.9476181,1637.3856,77.1144,2.592832,0.0,102.65255650055798
141.39999999999998,40.01117667,-104.9476156,1637.3856,77.1144,2.324608,0.0,101.0035408517495
141.5,40.01117636,-104.9476139,1637.6904000000002,77.20584000000001,1.832864,0.0,100.4914770123316
141.60000000000002,40.01117614,-104.947613,1637.6904000000002,77.20584000000001,1.162304,0.0,96.34019174590992
141.79999999999995,40.01117581,-104.9476119,1637.6904000000002,77.29728,0.715264,0.0,105.94539590092285
141.89999999999998,40.01117569,-104.9476115,1637.6904000000002,77.29728,0.44704,0.0,111.80140948635182
142.0,40.01117584,-104.9476114,1637.6904000000002,77.29728,0.491744,0.089408,90.0
142.29999999999995,40.01117568,-104.9476112,1637.3856,77.1144,0.0,0.089408,0.0
142.39999999999998,40.01117573,-104.9476115,1637.3856,77.1144,0.0,0.089408,0.0
142.5,40.01117567,-104.9476115,1637.3856,77.1144,0.0,0.089408,0.0
142.60000000000002,40.01117567,-104.9476118,1637.3856,77.1144,0.0,0.089408,0.0
142.70000000000005,40.01117563,-104.9476118,1637.3856,77.1144,0.0,0.089408,0.0
142.79999999999995,40.01117575,-104.9476121,1637.3856,77.1144,0.0,0.089408,0.0
143.0,40.01117582,-104.9476125,1637.3856,77.1144,0.312928,0.0,0.0
143.10000000000002,40.0111758,-104.9476125,1637.3856,77.1144,0.0,0.0,0.0
143.20000000000005,40.01117598,-104.9476126,1637.3856,77.1144,0.491744,0.0,0.0
143.29999999999995,40.01117598,-104.9476126,1637.3856,76.99248,0.0,0.089408,0.0
143.39999999999998,40.01117597,-104.9476126,1637.3856,76.99248,0.491744,0.0,0.0
143.5,40.01117597,-104.9476126,1637.3856,77.1144,0.491744,0.0,0.0
143.60000000000002,40.01117582,-104.9476127,1637.3856,77.1144,0.0,0.0,0.0
143.70000000000005,40.01117582,-104.9476127,1637.3856,76.99248,0.0,0.0,0.0
143.79999999999995,40.01117585,-104.9476127,1637.3856,77.1144,0.0,0.0,0.0
143.89999999999998,40.01117585,-104.9476127,1637.3856,77.1144,0.0,0.0,0.0
144.20000000000005,40.01117587,-104.9476123,1637.3856,77.1144,0.0,0.0,0.0
144.29999999999995,40.01117587,-104.9476122,1637.3856,77.1144,0.0,0.0,0.0
144.39999999999998,40.01117586,-104.947612,1637.3856,77.1144,0.0,0.0,0.0
144.60000000000002,40.01117583,-104.9476116,1637.3856,77.1144,0.0,0.089408,90.0
144.89999999999998,40.01117539,-104.9476088,1637.3856,76.99248,0.581152,0.0,99.78240703180728
145.0,40.01117517,-104.9476069,1637.3856,76.99248,1.028192,0.0,100.43747535111822
145.10000000000002,40.01117481,-104.9476046,1637.3856,76.99248,1.78816,0.0,100.84030545433058
145.20000000000005,40.01117433,-104.9476021,1637.3856,76.99248,2.101088,0.0,101.513831184487
145.29999999999995,40.01117384,-104.9475989,1637.3856,77.1144,2.503424,0.0,99.90418321297386
145.70000000000005,40.01117143,-104.9475829,1637.3856,77.1144,3.308096,0.0,101.07020257793936
145.79999999999995,40.0111706,-104.9475779,1637.3856,77.1144,3.665728,0.0,101.53462065364472
145.89999999999998,40.01116974,-104.9475724,1637.3856,77.1144,4.559807999999999,0.0,101.61852435279462
146.0,40.01116885,-104.9475667,1637.3856,77.1144,4.872736,0.0,100.92280471986923
146.10000000000002,40.01116785,-104.9475605,1637.3856,77.1144,5.185664,0.0,101.6737103128848
146.20000000000005,40.01116676,-104.9475539,1637.3856,77.1144,5.543296,0.0,101.91121543197158
146.29999999999995,40.01116566,-104.947547,1637.3856,77.1144,5.856224,0.089408,101.5601307942178
146.39999999999998,40.01116461,-104.9475398,1637.3856,77.1144,6.124447999999999,0.089408,100.99250758026773
146.5,40.01116344,-104.9475323,1637.3856,77.1144,6.437376,0.089408,101.30993247402024
146.79999999999995,40.01115957,-104.9475074,1637.3856,76.99248,7.018528,0.089408,100.5779704675673
146.89999999999998,40.0111582,-104.9474985,1637.3856,76.99248,7.331455999999999,0.089408,101.18175421019669
147.0,40.01115669,-104.9474891,1637.3856,76.90104000000001,7.957312,0.089408,101.4965630175858
147.20000000000005,40.01115375,-104.9474697,1637.3856,76.99248,8.359648,0.0,101.42710159394515
147.29999999999995,40.01115218,-104.9474596,1637.3856,76.99248,8.583167999999999,0.0,101.02713230506072
147.5,40.01114907,-104.9474393,1637.3856,76.90104000000001,8.806688,0.0,101.90281213506957
147.60000000000002,40.01114709,-104.9474275,1637.3856,76.90104000000001,9.298432,0.0,101.68026014856632
147.70000000000005,40.01114531,-104.9474163,1637.3856,76.90104000000001,10.0584,0.0,101.82148834060727
148.0,40.01113969,-104.9473811,1637.3856,76.90104000000001,10.0584,0.0,101.64781436729665
148.10000000000002,40.01113773,-104.9473689,1637.3856,76.90104000000001,10.326624,0.0,101.30993247402024
148.20000000000005,40.01113567,-104.9473564,1637.3856,76.90104000000001,10.773664,0.0,101.5862765346285
148.29999999999995,40.01113363,-104.9473437,1637.3856,76.90104000000001,10.95248,0.0,101.3550828031402
148.39999999999998,40.01113148,-104.9473308,1637.3856,76.90104000000001,11.131296,0.0,101.71247231108748
148.5,40.01112939,-104.9473178,1637.3856,76.90104000000001,11.265408,-0.089408,101.71247231108748
148.60000000000002,40.01112735,-104.9473048,1637.3856,76.90104000000001,11.310112,-0.089408,101.26513515749326
148.70000000000005,40.01112531,-104.9472918,1637.3856,76.90104000000001,11.310112,0.0,101.26513515749326
148.79999999999995,40.01112319,-104.9472787,1637.3856,76.90104000000001,11.354816,0.0,101.26513515749326
148.89999999999998,40.01112113,-104.9472657,1637.3856,76.90104000000001,11.39952,0.0,101.176583344319
149.0,40.01111882,-104.9472524,1637.3856,76.90104000000001,11.488928,0.0,101.39700805973736
149.10000000000002,40.01111667,-104.9472391,1637.3856,76.90104000000001,11.62304,0.0,101.30993247402024
149.20000000000005,40.01111452,-104.9472254,1637.3856,76.90104000000001,11.757152,0.0,101.73308415641225
149.29999999999995,40.01111231,-104.9472117,1637.3856,76.90104000000001,11.891264,0.0,101.64597424848324
149.39999999999998,40.01111007,-104.9471979,1637.3856,76.90104000000001,11.980672,0.0,101.5601307942178
149.60000000000002,40.01110562,-104.9471699,1637.3856,76.90104000000001,12.159488,0.0,101.80243420778356
149.70000000000005,40.01110332,-104.9471557,1637.3856,76.90104000000001,12.248895999999998,0.0,101.80243420778356
149.79999999999995,40.01110109,-104.9471415,1637.3856,76.90104000000001,12.338304,0.0,101.67538606906322
149.89999999999998,40.01109876,-104.9471272,1637.3856,76.90104000000001,12.383008,0.0,101.59217541029108
150.0,40.0110963,-104.9471129,1637.0808000000002,76.8096,12.472416,0.0,101.90965704162454
150.10000000000002,40.01109391,-104.9470984,1637.0808000000002,76.8096,12.561824,0.0,101.90965704162454
150.39999999999998,40.01108685,-104.9470546,1637.3856,76.90104000000001,12.695936,0.0,101.7029014802214
150.5,40.01108447,-104.9470398,1637.0808000000002,76.8096,12.74064,0.0,101.62216796356957
150.70000000000005,40.01107965,-104.94701,1637.0808000000002,76.8096,12.919455999999998,0.0,101.62216796356957
150.89999999999998,40.01107502,-104.9469809,1637.0808000000002,76.8096,12.830048,-0.22352,101.59217541029108
151.0,40.01107266,-104.9469668,1637.3856,76.90104000000001,12.51712,-0.22352,101.888658039628
151.29999999999995,40.01106617,-104.9469276,1637.0808000000002,76.8096,11.62304,0.0,101.8762644037596
151.5,40.01106222,-104.9469044,1637.0808000000002,76.8096,10.863072,0.0,102.20758091447352
151.60000000000002,40.01106019,-104.9468936,1637.0808000000002,76.8096,9.924288,0.0,102.31306345898946
151.70000000000005,40.0110585,-104.9468836,1637.0808000000002,76.68768,9.074912,0.0,101.7307753322874
151.79999999999995,40.0110569,-104.946874,1637.0808000000002,76.68768,8.538464000000001,0.0,101.82148834060727
151.89999999999998,40.0110554,-104.9468653,1637.0808000000002,76.68768,8.002016,0.0,101.92452393761192
152.0,40.01105399,-104.9468569,1637.0808000000002,76.68768,7.465567999999999,0.0,101.67673783095398
152.10000000000002,40.0110527,-104.9468494,1637.0808000000002,76.68768,6.92912,0.0,101.95187513002476
152.20000000000005,40.01105151,-104.9468424,1637.0808000000002,76.68768,6.347968,0.0,102.1886332019319
152.29999999999995,40.01105043,-104.9468361,1637.0808000000002,76.68768,5.81152,0.0,102.36906152592552
152.39999999999998,40.01104946,-104.9468305,1637.0808000000002,76.8096,5.185664,0.0,101.20079778788444
152.5,40.01104859,-104.9468255,1637.0808000000002,76.8096,4.649216,0.0,101.30993247402024
152.60000000000002,40.01104782,-104.9468211,1637.3856,76.90104000000001,4.157472,0.0,101.59217541029108
152.70000000000005,40.01104716,-104.9468172,1637.3856,76.90104000000001,3.621024,0.0,100.98065001017358
152.89999999999998,40.01104626,-104.9468112,1637.3856,76.99248,2.861056,0.0,98.47114463301484
153.0,40.011046,-104.9468091,1637.3856,76.99248,2.324608,0.0,97.49585763972988
153.20000000000005,40.01104579,-104.9468063,1637.6904000000002,77.20584000000001,1.430528,0.0,90.0
153.39999999999998,40.01104611,-104.9468058,1637.6904000000002,77.20584000000001,0.715264,0.0,0.0
153.5,40.01104626,-104.9468061,1637.6904000000002,77.20584000000001,0.312928,0.0,285.94539590092285
153.60000000000002,40.01104642,-104.9468069,1637.3856,77.1144,0.0,0.0,282.5288077091515
153.70000000000005,40.01104655,-104.9468074,1637.3856,77.1144,0.491744,0.089408,282.5288077091515
153.89999999999998,40.01104671,-104.9468085,1637.3856,76.99248,0.44704,0.089408,270.0
154.0,40.01104706,-104.9468092,1637.3856,76.99248,0.5364479999999999,0.089408,270.0
154.10000000000002,40.01104711,-104.9468094,1637.3856,76.90104000000001,0.491744,0.0,270.0
154.20000000000005,40.01104719,-104.9468101,1637.3856,76.90104000000001,0.67056,0.0,270.0
154.29999999999995,40.01104721,-104.9468103,1637.3856,76.90104000000001,0.67056,0.0,0.0
154.39999999999998,40.01104728,-104.9468106,1637.3856,76.90104000000001,0.0,0.0,0.0
154.5,40.01104728,-104.9468106,1637.3856,76.90104000000001,0.0,0.0,0.0
154.60000000000002,40.01104746,-104.946811,1637.3856,76.90104000000001,0.0,0.0,0.0
154.70000000000005,40.01104747,-104.946811,1637.3856,76.90104000000001,0.0,0.0,0.0
154.79999999999995,40.01104739,-104.9468114,1637.0808000000002,76.8096,0.0,0.0,0.0
154.89999999999998,40.01104739,-104.9468113,1637.3856,76.90104000000001,0.0,0.0,0.0
155.0,40.01104751,-104.9468114,1637.3856,76.90104000000001,0.0,0.0,0.0
155.20000000000005,40.01104765,-104.9468113,1637.0808000000002,76.8096,0.0,0.0,0.0
155.5,40.01104766,-104.9468112,1637.0808000000002,76.8096,0.0,0.0,90.0
155.60000000000002,40.01104761,-104.946811,1637.3856,76.90104000000001,0.0,0.0,90.0
155.70000000000005,40.01104761,-104.9468109,1637.3856,76.90104000000001,0.0,0.0,90.0
155.89999999999998,40.01104758,-104.9468108,1637.3856,76.90104000000001,0.0,0.0,90.0
156.0,40.01104757,-104.9468105,1637.3856,76.90104000000001,0.0,0.0,90.0
156.10000000000002,40.01104757,-104.9468105,1637.3856,76.90104000000001,0.0,0.0,90.0
156.20000000000005,40.01104756,-104.9468102,1637.3856,76.90104000000001,0.0,0.0,90.0
156.29999999999995,40.01104757,-104.9468101,1637.3856,76.90104000000001,0.0,0.0,90.0
156.39999999999998,40.01104758,-104.94681,1637.3856,76.90104000000001,0.0,0.0,90.0
156.5,40.01104761,-104.94681,1637.3856,76.90104000000001,0.0,0.0,90.0
156.60000000000002,40.01104764,-104.9468097,1637.0808000000002,76.8096,0.0,0.0,0.0
156.70000000000005,40.01104768,-104.9468097,1637.0808000000002,76.8096,0.0,0.0,0.0
156.79999999999995,40.01104766,-104.9468095,1637.3856,76.90104000000001,0.0,0.0,0.0
156.89999999999998,40.01104767,-104.9468095,1637.3856,76.90104000000001,0.0,0.0,0.0
157.0,40.01104773,-104.9468092,1637.3856,76.90104000000001,0.0,0.0,0.0
157.20000000000005,40.01104765,-104.9468092,1637.3856,76.90104000000001,0.0,0.0,0.0
157.29999999999995,40.01104767,-104.9468092,1637.3856,76.90104000000001,0.0,0.0,0.0
157.39999999999998,40.01104754,-104.946809,1637.3856,76.90104000000001,0.0,0.0,0.0
157.5,40.01104755,-104.946809,1637.3856,76.90104000000001,0.0,0.0,0.0
157.60000000000002,40.01104758,-104.9468089,1637.3856,76.90104000000001,0.0,0.0,0.0
157.70000000000005,40.01104758,-104.9468089,1637.3856,76.90104000000001,0.0,0.0,0.0
157.79999999999995,40.01104755,-104.9468088,1637.3856,76.90104000000001,0.0,0.0,0.0
158.0,40.0110475,-104.9468088,1637.3856,76.90104000000001,0.312928,0.0,0.0
158.10000000000002,40.01104747,-104.9468087,1637.3856,76.90104000000001,0.0,0.0,0.0
158.20000000000005,40.01104748,-104.9468088,1637.3856,76.90104000000001,0.0,0.0,0.0
158.5,40.01104736,-104.9468086,1637.3856,76.90104000000001,0.0,0.0,0.0
158.60000000000002,40.01104744,-104.9468087,1637.3856,76.90104000000001,0.0,0.0,0.0
158.70000000000005,40.01104744,-104.9468086,1637.3856,76.90104000000001,0.0,0.0,0.0
158.79999999999995,40.01104732,-104.9468085,1637.3856,76.90104000000001,0.0,0.0,0.0
158.89999999999998,40.01104731,-104.9468085,1637.3856,76.90104000000001,0.0,0.0,0.0
159.0,40.01104733,-104.9468085,1637.3856,76.90104000000001,0.491744,0.0,0.0
159.10000000000002,40.01104732,-104.9468085,1637.3856,76.90104000000001,0.0,0.0,0.0
159.20000000000005,40.01104717,-104.9468086,1637.3856,76.90104000000001,0.491744,0.0,0.0
159.29999999999995,40.01104716,-104.9468086,1637.3856,76.90104000000001,0.0,0.0,0.0
159.39999999999998,40.01104722,-104.9468085,1637.3856,76.90104000000001,0.0,0.0,0.0
159.5,40.01104723,-104.9468085,1637.3856,76.90104000000001,0.0,0.0,0.0
159.60000000000002,40.01104713,-104.9468085,1637.3856,76.90104000000001,0.0,0.0,0.0
159.70000000000005,40.01104713,-104.9468085,1637.3856,76.90104000000001,0.0,0.0,0.0
159.89999999999998,40.01104717,-104.9468087,1637.3856,76.90104000000001,0.0,0.0,0.0
160.0,40.01104732,-104.9468087,1637.3856,76.90104000000001,0.0,0.0,0.0
160.10000000000002,40.01104735,-104.9468087,1637.3856,76.90104000000001,0.0,0.0,0.0
160.20000000000005,40.01104731,-104.9468087,1637.3856,76.90104000000001,0.0,0.0,0.0
160.29999999999995,40.01104732,-104.9468088,1637.3856,76.90104000000001,0.0,0.0,0.0
160.60000000000002,40.01104739,-104.9468087,1637.3856,76.99248,0.0,0.0,0.0
160.70000000000005,40.01104738,-104.9468087,1637.3856,76.99248,0.0,0.0,0.0
160.79999999999995,40.01104748,-104.9468088,1637.3856,76.99248,0.0,0.0,0.0
160.89999999999998,40.01104746,-104.9468088,1637.3856,76.99248,0.0,0.0,0.0
161.0,40.01104741,-104.9468088,1637.3856,76.99248,0.0,0.0,0.0
161.20000000000005,40.01104755,-104.9468089,1637.3856,76.99248,0.0,0.0,0.0
161.29999999999995,40.01104757,-104.9468089,1637.3856,76.99248,0.0,0.0,0.0
161.5,40.01104759,-104.946809,1637.3856,77.1144,0.0,0.0,0.0
161.60000000000002,40.01104757,-104.9468089,1637.3856,77.1144,0.0,0.0,0.0
161.70000000000005,40.01104759,-104.9468088,1637.3856,77.1144,0.491744,0.0,0.0
161.79999999999995,40.01104759,-104.9468086,1637.3856,76.99248,0.0,0.0,0.0
161.89999999999998,40.01104762,-104.9468086,1637.3856,76.99248,0.0,0.089408,0.0
162.0,40.01104765,-104.9468085,1637.3856,76.99248,0.0,0.089408,0.0
162.20000000000005,40.01104767,-104.9468083,1637.3856,76.99248,0.0,0.0,0.0
162.29999999999995,40.01104771,-104.9468083,1637.3856,76.99248,0.0,0.0,0.0
162.5,40.01104785,-104.9468082,1637.3856,76.99248,0.0,0.0,0.0
162.60000000000002,40.01104791,-104.9468081,1637.3856,76.99248,0.0,0.0,0.0
162.70000000000005,40.01104796,-104.9468081,1637.3856,76.99248,0.67056,0.0,0.0
162.79999999999995,40.01104801,-104.9468081,1637.3856,76.99248,0.491744,0.0,0.0
163.0,40.01104787,-104.9468074,1637.3856,76.99248,0.44704,0.0,90.0
163.20000000000005,40.01104764,-104.9468052,1637.3856,76.99248,0.67056,0.0,99.78240703180728
163.29999999999995,40.01104739,-104.9468033,1637.3856,76.99248,1.162304,0.0,101.0035408517495
163.5,40.01104665,-104.9467985,1637.3856,76.90104000000001,1.922272,0.0,100.00797980144137
163.60000000000002,40.01104629,-104.9467958,1637.3856,76.90104000000001,2.190496,0.0,100.73889710090543
163.70000000000005,40.01104579,-104.9467924,1637.3856,76.99248,2.592832,0.0,100.98065001017358
164.10000000000002,40.01104351,-104.9467787,1637.3856,76.99248,2.950464,0.0,102.17145820858748
164.29999999999995,40.01104265,-104.9467745,1637.3856,76.99248,2.592832,0.089408,102.72435568542238
164.39999999999998,40.01104221,-104.9467729,1637.3856,76.90104000000001,1.743456,0.22352,104.03624346792652
164.5,40.01104205,-104.946772,1637.3856,76.90104000000001,1.0728959999999998,0.22352,102.52880770915152
164.60000000000002,40.011042,-104.9467713,1637.0808000000002,76.8096,0.67056,0.089408,0.0
164.70000000000005,40.01104205,-104.9467716,1637.0808000000002,76.8096,0.0,0.0,282.5288077091515
164.79999999999995,40.01104208,-104.9467719,1637.3856,76.90104000000001,0.491744,0.0,285.52411099675425
164.89999999999998,40.0110423,-104.9467732,1637.3856,76.90104000000001,0.67056,0.0,284.5344550805401
165.0,40.01104251,-104.9467746,1637.3856,76.99248,1.162304,0.0,281.0035408517495
165.10000000000002,40.01104288,-104.9467767,1637.3856,76.90104000000001,1.56464,0.0,281.30993247402023
165.20000000000005,40.0110434,-104.9467792,1637.3856,76.90104000000001,2.01168,0.0,282.17145820858747
165.29999999999995,40.01104392,-104.9467823,1637.3856,76.90104000000001,2.45872,0.0,282.22512267573575
165.5,40.01104506,-104.9467895,1637.0808000000002,76.8096,2.950464,0.0,283.3245312618908
165.60000000000002,40.01104586,-104.9467938,1637.0808000000002,76.8096,3.3528,0.0,281.9565842431491
165.79999999999995,40.01104757,-104.9468036,1637.0808000000002,76.8096,4.112768,0.0,282.2883231632753
165.89999999999998,40.0110485,-104.9468091,1637.0808000000002,76.8096,4.4704,0.0,281.6185243527946
166.0,40.01104952,-104.9468152,1637.3856,76.90104000000001,5.051552,0.0,282.3690615259256
166.10000000000002,40.01105059,-104.9468215,1637.3856,76.90104000000001,5.409184,0.0,282.57893523749306
166.20000000000005,40.01105182,-104.9468281,1637.3856,76.90104000000001,5.632704,0.0,282.7655657810586
166.29999999999995,40.01105304,-104.946835,1637.3856,76.90104000000001,5.900928,0.0,283.02584064687085
166.79999999999995,40.01105896,-104.9468694,1637.3856,76.99248,6.03504,0.0,282.80426606528675
166.89999999999998,40.01105988,-104.9468749,1637.3856,76.99248,5.81152,0.089408,282.2883231632753
167.0,40.01106099,-104.9468804,1637.3856,76.90104000000001,4.828032,0.22352,282.5288077091515
167.10000000000002,40.01106176,-104.9468849,1637.0808000000002,76.8096,4.380992,0.22352,282.9946167919165
167.29999999999995,40.01106323,-104.9468929,1637.0808000000002,76.8096,3.621024,0.089408,282.633361935275
167.39999999999998,40.01106385,-104.9468964,1637.0808000000002,76.8096,3.3528,0.0,283.1725534233269
167.5,40.01106432,-104.9468986,1637.0808000000002,76.8096,2.503424,0.0,283.3245312618908
167.60000000000002,40.01106458,-104.946901,1637.3856,76.90104000000001,2.01168,-0.089408,283.5704343851615
167.70000000000005,40.01106485,-104.9469023,1637.3856,76.99248,1.654048,-0.089408,284.03624346792645
167.79999999999995,40.01106505,-104.9469034,1637.3856,76.99248,0.938784,-0.089408,278.74616226255523
167.89999999999998,40.01106516,-104.9469041,1637.3856,76.90104000000001,0.938784,0.0,282.5288077091515
168.0,40.01106526,-104.9469047,1637.3856,76.90104000000001,0.0,0.0,270.0
168.20000000000005,40.01106518,-104.9469053,1637.3856,76.90104000000001,0.312928,0.0,270.0
168.29999999999995,40.01106517,-104.9469055,1637.0808000000002,76.8096,0.0,0.0,0.0
168.39999999999998,40.01106512,-104.9469054,1637.0808000000002,76.8096,0.0,0.0,0.0
168.60000000000002,40.01106507,-104.9469053,1637.0808000000002,76.8096,0.0,0.0,0.0
168.70000000000005,40.01106504,-104.9469052,1637.0808000000002,76.8096,0.0,0.0,0.0
168.89999999999998,40.01106491,-104.9469047,1637.0808000000002,76.8096,0.0,0.0,90.0
169.0,40.01106498,-104.9469043,1637.0808000000002,76.8096,0.44704,0.0,90.0
169.20000000000005,40.01106486,-104.9469037,1637.0808000000002,76.8096,0.0,0.0,0.0
169.29999999999995,40.01106484,-104.9469037,1637.0808000000002,76.8096,0.0,0.0,0.0
169.39999999999998,40.01106474,-104.9469033,1637.0808000000002,76.8096,0.0,0.0,0.0
169.5,40.01106471,-104.9469032,1637.0808000000002,76.8096,0.0,0.0,0.0
169.60000000000002,40.01106477,-104.9469029,1637.0808000000002,76.8096,0.0,0.0,0.0
169.70000000000005,40.01106475,-104.9469028,1637.0808000000002,76.8096,0.0,0.0,0.0
169.79999999999995,40.01106466,-104.9469026,1637.0808000000002,76.8096,0.0,0.0,0.0
169.89999999999998,40.01106465,-104.9469025,1637.0808000000002,76.8096,0.0,0.0,0.0
170.0,40.01106457,-104.9469025,1637.0808000000002,76.8096,0.0,0.0,0.0
170.29999999999995,40.01106465,-104.9469024,1637.0808000000002,76.8096,0.0,0.0,0.0
170.39999999999998,40.01106482,-104.9469023,1637.0808000000002,76.8096,0.22352,0.0,0.0
170.5,40.01106484,-104.9469023,1637.0808000000002,76.8096,0.0,0.0,0.0
170.70000000000005,40.01106497,-104.9469023,1637.0808000000002,76.8096,0.0,0.0,0.0
170.79999999999995,40.01106505,-104.9469021,1637.0808000000002,76.8096,0.0,0.0,0.0
170.89999999999998,40.01106506,-104.9469021,1637.0808000000002,76.8096,0.0,0.0,0.0
171.0,40.011065,-104.9469021,1637.0808000000002,76.8096,0.0,0.0,0.0
171.10000000000002,40.011065,-104.9469021,1637.0808000000002,76.8096,0.0,0.0,0.0
171.20000000000005,40.0110651,-104.9469022,1637.3856,76.90104000000001,0.0,0.0,0.0
171.29999999999995,40.01106511,-104.9469022,1637.3856,76.90104000000001,0.0,0.0,0.0
171.39999999999998,40.01106507,-104.9469022,1637.3856,76.90104000000001,0.0,0.0,0.0
171.5,40.01106507,-104.9469022,1637.3856,76.90104000000001,0.0,0.0,0.0
171.79999999999995,40.01106506,-104.9469024,1637.3856,76.90104000000001,0.0,0.0,0.0
171.89999999999998,40.01106506,-104.9469024,1637.3856,76.90104000000001,0.0,0.0,0.0
172.0,40.01106493,-104.9469025,1637.3856,76.90104000000001,0.0,0.0,0.0
172.20000000000005,40.01106495,-104.9469026,1637.3856,76.90104000000001,0.0,0.0,0.0
172.29999999999995,40.01106496,-104.9469026,1637.3856,76.90104000000001,0.0,0.0,0.0
172.39999999999998,40.01106497,-104.9469027,1637.3856,76.90104000000001,0.0,0.0,0.0
172.5,40.01106499,-104.9469027,1637.3856,76.90104000000001,0.0,0.0,0.0
172.60000000000002,40.01106485,-104.9469028,1637.3856,76.90104000000001,0.0,0.0,0.0
172.70000000000005,40.01106485,-104.9469028,1637.3856,76.90104000000001,0.0,0.0,0.0
172.79999999999995,40.01106487,-104.9469029,1637.3856,76.90104000000001,0.0,0.0,0.0
172.89999999999998,40.01106488,-104.9469028,1637.3856,76.90104000000001,0.0,0.0,0.0
173.0,40.01106488,-104.946903,1637.3856,76.90104000000001,0.0,0.0,0.0
173.10000000000002,40.01106489,-104.946903,1637.3856,76.90104000000001,0.0,0.0,0.0
173.20000000000005,40.01106487,-104.9469031,1637.3856,76.90104000000001,0.0,0.0,0.0
173.29999999999995,40.01106487,-104.9469031,1637.3856,76.90104000000001,0.0,0.0,0.0
173.39999999999998,40.011065,-104.9469031,1637.3856,76.90104000000001,0.0,0.0,0.0
173.5,40.01106501,-104.9469031,1637.3856,76.90104000000001,0.0,0.0,0.0
173.60000000000002,40.01106499,-104.9469031,1637.3856,76.90104000000001,0.0,0.0,0.0
173.70000000000005,40.011065,-104.9469031,1637.3856,76.90104000000001,0.0,0.0,0.0
173.79999999999995,40.01106498,-104.9469032,1637.3856,76.90104000000001,0.0,0.0,0.0
173.89999999999998,40.01106499,-104.9469032,1637.3856,76.90104000000001,0.0,0.0,0.0
174.0,40.01106512,-104.9469032,1637.3856,76.90104000000001,0.0,0.0,0.0
174.10000000000002,40.01106514,-104.9469033,1637.3856,76.90104000000001,0.0,0.0,0.0
174.20000000000005,40.01106509,-104.9469032,1637.3856,76.90104000000001,0.0,0.0,0.0
174.39999999999998,40.01106522,-104.9469033,1637.3856,76.90104000000001,0.0,0.0,0.0
174.89999999999998,40.01106546,-104.9469033,1637.3856,76.90104000000001,0.0,0.0,0.0
175.0,40.01106549,-104.9469032,1637.3856,76.99248,0.0,0.0,0.0
175.10000000000002,40.01106553,-104.9469032,1637.3856,76.99248,0.0,0.0,0.0
175.20000000000005,40.01106553,-104.9469032,1637.3856,76.99248,0.0,0.0,0.0
175.29999999999995,40.01106557,-104.9469032,1637.3856,76.99248,0.0,0.0,0.0
175.39999999999998,40.0110657,-104.9469031,1637.3856,76.90104000000001,0.491744,0.0,0.0
175.5,40.01106574,-104.9469031,1637.3856,76.90104000000001,0.0,0.0,0.0
176.0,40.01106605,-104.9469031,1637.3856,76.90104000000001,0.178816,0.0,0.0
176.10000000000002,40.01106613,-104.946903,1637.3856,76.90104000000001,0.0,0.0,0.0
176.20000000000005,40.01106611,-104.9469029,1637.3856,76.90104000000001,0.0,0.0,0.0
176.29999999999995,40.01106618,-104.9469029,1637.3856,76.90104000000001,0.0,0.0,0.0
176.39999999999998,40.01106619,-104.9469028,1637.3856,76.90104000000001,0.0,0.0,0.0
176.5,40.01106627,-104.9469027,1637.3856,76.90104000000001,0.0,0.0,0.0
176.60000000000002,40.0110663,-104.9469027,1637.3856,76.90104000000001,0.0,0.0,0.0
176.70000000000005,40.01106637,-104.9469026,1637.3856,76.90104000000001,0.0,0.0,0.0
176.79999999999995,40.0110664,-104.9469027,1637.3856,76.90104000000001,0.0,0.0,0.0
176.89999999999998,40.01106647,-104.9469027,1637.3856,76.90104000000001,0.0,0.0,0.0
177.0,40.01106633,-104.9469026,1637.3856,76.90104000000001,0.0,0.0,0.0
177.10000000000002,40.01106639,-104.9469026,1637.3856,76.90104000000001,0.0,0.0,0.0
177.29999999999995,40.0110665,-104.9469025,1637.3856,76.90104000000001,0.0,0.0,0.0
177.39999999999998,40.0110664,-104.9469026,1637.3856,76.90104000000001,0.0,0.0,0.0
177.5,40.01106644,-104.9469025,1637.3856,76.99248,0.0,0.0,0.0
177.60000000000002,40.0110665,-104.9469026,1637.3856,76.99248,0.0,0.0,0.0
177.70000000000005,40.01106654,-104.9469026,1637.3856,76.99248,0.0,0.0,0.0
177.79999999999995,40.01106646,-104.9469025,1637.3856,76.90104000000001,0.0,0.0,0.0
178.10000000000002,40.01106662,-104.9469024,1637.3856,76.90104000000001,0.0,0.0,0.0
178.20000000000005,40.01106654,-104.9469024,1637.3856,76.99248,0.0,0.0,0.0
178.29999999999995,40.01106656,-104.9469024,1637.3856,76.99248,0.0,0.0,0.0
178.5,40.01106665,-104.9469025,1637.3856,76.90104000000001,0.0,0.0,0.0
178.60000000000002,40.01106658,-104.9469025,1637.3856,76.90104000000001,0.0,0.0,0.0
178.70000000000005,40.0110666,-104.9469025,1637.3856,76.90104000000001,0.0,0.0,0.0
178.79999999999995,40.01106658,-104.9469025,1637.3856,76.90104000000001,0.0,0.0,0.0
178.89999999999998,40.01106661,-104.9469026,1637.3856,76.90104000000001,0.0,0.0,0.0
179.0,40.01106677,-104.9469027,1637.3856,76.90104000000001,0.0,0.0,0.0
179.10000000000002,40.0110668,-104.9469028,1637.3856,76.99248,0.0,0.0,0.0
179.20000000000005,40.01106674,-104.9469027,1637.3856,76.99248,0.0,0.0,0.0
179.39999999999998,40.01106684,-104.9469029,1637.3856,76.99248,0.0,0.0,0.0
179.60000000000002,40.01106679,-104.946903,1637.3856,76.99248,0.0,0.0,0.0
179.70000000000005,40.0110668,-104.946903,1637.3856,76.99248,0.0,0.0,0.0
179.79999999999995,40.01106694,-104.946903,1637.3856,76.99248,0.0,0.0,0.0
179.89999999999998,40.01106696,-104.9469031,1637.3856,76.99248,0.0,0.0,0.0
180.0,40.01106691,-104.9469031,1637.3856,76.99248,0.0,0.0,0.0
180.10000000000002,40.01106693,-104.9469031,1637.3856,76.99248,0.0,0.0,0.0
180.20000000000005,40.01106688,-104.9469032,1637.3856,76.99248,0.0,0.0,0.0
180.4,40.01106699,-104.9469031,1637.3856,76.99248,0.0,0.0,0.0
180.6,40.01106694,-104.9469031,1637.3856,76.99248,0.0,0.0,0.0
180.79999999999995,40.01106693,-104.9469032,1637.3856,76.99248,0.0,0.0,0.0
180.9,40.01106691,-104.9469033,1637.3856,76.99248,0.0,0.0,0.0
181.0,40.0110669,-104.9469032,1637.3856,76.99248,0.0,0.0,0.0
181.1,40.01106687,-104.9469033,1637.3856,76.99248,0.0,0.0,0.0
181.20000000000005,40.01106698,-104.9469032,1637.3856,76.99248,0.0,0.0,0.0
181.29999999999995,40.01106697,-104.9469033,1637.3856,76.99248,0.0,0.0,0.0
181.4,40.01106705,-104.9469033,1637.3856,76.99248,0.0,0.0,0.0
181.5,40.01106705,-104.9469033,1637.3856,76.99248,0.0,0.0,0.0
181.6,40.01106696,-104.9469033,1637.3856,76.90104000000001,0.0,0.0,0.0
181.70000000000005,40.01106695,-104.9469033,1637.3856,76.90104000000001,0.0,0.0,0.0
181.9,40.01106703,-104.9469033,1637.3856,76.90104000000001,0.0,0.0,0.0
182.0,40.011067,-104.9469033,1637.3856,76.90104000000001,0.0,0.0,0.0
182.20000000000005,40.01106715,-104.9469033,1637.0808000000002,76.8096,0.0,0.0,0.0
182.29999999999995,40.01106717,-104.9469033,1637.0808000000002,76.8096,0.0,0.0,0.0
182.6,40.0110671,-104.9469039,1637.0808000000002,76.8096,0.22352,0.0,270.0
183.1,40.01106696,-104.9469047,1637.3856,76.90104000000001,0.178816,0.0,0.0
183.20000000000005,40.01106702,-104.9469049,1637.3856,76.90104000000001,0.22352,0.0,0.0
183.4,40.01106702,-104.9469052,1637.3856,76.90104000000001,0.0,0.0,0.0
183.5,40.01106704,-104.9469052,1637.3856,76.90104000000001,0.0,0.0,0.0
183.6,40.01106699,-104.9469053,1637.3856,76.90104000000001,0.0,0.0,0.0
183.70000000000005,40.01106702,-104.9469053,1637.3856,76.90104000000001,0.0,0.0,0.0
183.79999999999995,40.01106713,-104.9469053,1637.3856,76.90104000000001,0.0,0.0,0.0
183.9,40.01106718,-104.9469053,1637.3856,76.90104000000001,0.0,0.0,0.0
184.0,40.01106712,-104.9469054,1637.3856,76.90104000000001,0.0,0.0,0.0
184.1,40.01106715,-104.9469054,1637.3856,76.90104000000001,0.0,0.0,0.0
184.20000000000005,40.01106724,-104.9469055,1637.3856,76.90104000000001,0.0,0.0,0.0
184.29999999999995,40.01106727,-104.9469055,1637.3856,76.90104000000001,0.0,0.0,0.0
184.4,40.01106719,-104.9469054,1637.3856,76.90104000000001,0.0,0.0,0.0
184.5,40.0110672,-104.9469054,1637.3856,76.90104000000001,0.0,0.0,0.0
184.6,40.01106745,-104.9469053,1637.3856,76.90104000000001,0.491744,0.0,0.0
184.70000000000005,40.01106747,-104.9469053,1637.3856,76.90104000000001,0.0,0.0,0.0
184.79999999999995,40.01106741,-104.9469054,1637.3856,76.90104000000001,0.0,0.0,0.0
184.9,40.0110674,-104.9469055,1637.3856,76.90104000000001,0.0,0.0,0.0
185.0,40.01106733,-104.9469054,1637.0808000000002,76.8096,0.0,0.0,0.0
185.1,40.01106729,-104.9469054,1637.0808000000002,76.8096,0.0,0.0,0.0
185.20000000000005,40.01106711,-104.9469054,1637.0808000000002,76.8096,0.0,0.0,0.0
185.29999999999995,40.01106707,-104.9469054,1637.0808000000002,76.8096,0.0,0.0,0.0
185.4,40.01106698,-104.9469054,1637.0808000000002,76.8096,0.0,0.0,0.0
185.5,40.01106693,-104.9469054,1637.0808000000002,76.8096,0.0,0.0,0.0
185.6,40.01106688,-104.9469052,1637.0808000000002,76.8096,0.0,0.0,0.0
185.70000000000005,40.01106683,-104.9469052,1637.0808000000002,76.8096,0.0,0.0,0.0
185.79999999999995,40.01106679,-104.9469052,1637.0808000000002,76.8096,0.0,0.0,0.0
185.9,40.01106675,-104.9469052,1637.0808000000002,76.8096,0.0,0.0,0.0
186.0,40.01106675,-104.9469054,1637.0808000000002,76.8096,0.0,0.0,0.0
186.20000000000005,40.01106673,-104.9469054,1637.0808000000002,76.8096,0.0,0.0,0.0
186.29999999999995,40.01106671,-104.9469055,1637.0808000000002,76.8096,0.0,0.0,0.0
186.4,40.01106656,-104.9469054,1637.0808000000002,76.8096,0.0,0.0,0.0
186.5,40.01106652,-104.9469054,1637.0808000000002,76.8096,0.0,0.0,0.0
186.6,40.01106647,-104.9469055,1637.0808000000002,76.8096,0.0,0.0,0.0
186.70000000000005,40.01106645,-104.9469055,1637.0808000000002,76.8096,0.0,0.0,0.0
186.79999999999995,40.01106653,-104.9469055,1637.0808000000002,76.8096,0.0,0.0,0.0
186.9,40.01106651,-104.9469055,1637.0808000000002,76.8096,0.0,0.0,0.0
187.0,40.01106655,-104.9469055,1637.0808000000002,76.8096,0.0,0.0,0.0
187.1,40.01106653,-104.9469055,1637.0808000000002,76.8096,0.0,0.0,0.0
187.20000000000005,40.01106653,-104.9469055,1637.0808000000002,76.8096,0.0,0.0,0.0
187.29999999999995,40.01106649,-104.9469055,1637.0808000000002,76.8096,0.0,0.0,0.0
187.4,40.01106648,-104.9469055,1637.0808000000002,76.8096,0.0,0.0,0.0
187.5,40.01106643,-104.9469056,1637.0808000000002,76.8096,0.0,0.0,0.0
187.6,40.01106639,-104.9469056,1637.0808000000002,76.8096,0.0,0.0,0.0
187.70000000000005,40.01106632,-104.9469057,1637.0808000000002,76.8096,0.0,0.0,0.0
187.79999999999995,40.01106645,-104.9469057,1637.0808000000002,76.8096,0.0,0.0,0.0
188.0,40.01106625,-104.9469057,1637.0808000000002,76.8096,0.0,0.0,0.0
188.1,40.0110662,-104.9469057,1637.0808000000002,76.8096,0.0,0.0,0.0
188.20000000000005,40.01106614,-104.9469057,1637.0808000000002,76.8096,0.0,0.0,0.0
188.29999999999995,40.01106611,-104.9469058,1637.0808000000002,76.8096,0.0,0.0,0.0
188.4,40.01106611,-104.9469057,1637.0808000000002,76.8096,0.0,-0.089408,0.0
188.5,40.01106611,-104.9469057,1637.0808000000002,76.8096,0.0,-0.312928,0.0
188.6,40.01106609,-104.9469059,1637.0808000000002,76.8096,0.491744,-0.22352,0.0
188.70000000000005,40.0110661,-104.9469059,1637.3856,76.90104000000001,0.0,-0.089408,0.0
188.79999999999995,40.011066,-104.946906,1637.3856,76.90104000000001,0.0,0.0,0.0
188.9,40.01106599,-104.946906,1637.3856,76.90104000000001,0.0,0.0,0.0
189.0,40.01106616,-104.9469062,1637.3856,76.90104000000001,0.0,0.0,0.0
189.1,40.01106615,-104.9469062,1637.3856,76.90104000000001,0.0,0.0,0.0
189.20000000000005,40.01106618,-104.9469063,1637.3856,76.90104000000001,0.0,0.0,0.0
189.29999999999995,40.01106617,-104.9469063,1637.0808000000002,76.8096,0.67056,0.0,0.0
189.4,40.01106608,-104.9469065,1637.0808000000002,76.8096,0.0,0.0,0.0
189.5,40.01106606,-104.9469065,1637.3856,76.90104000000001,0.0,-0.312928,0.0
189.9,40.01106585,-104.9469067,1637.6904000000002,77.20584000000001,0.0,-1.1176,0.0
190.0,40.01106586,-104.9469065,1637.6904000000002,77.38872,0.0,-1.609344,0.0
190.29999999999995,40.01106616,-104.9469069,1638.3000000000002,77.99832,0.0,-2.816352,335.55604521958344
190.4,40.01106704,-104.9469073,1638.6048,78.30311999999999,0.357632,-2.68224,335.77225468204585
190.5,40.0110681,-104.9469079,1638.9096000000002,78.60792,1.162304,-2.503424,337.83365417791754
190.6,40.01106946,-104.9469087,1639.2144,78.7908,1.519936,-2.101088,334.7988763545249
190.70000000000005,40.01107102,-104.9469097,1639.5192000000002,79.00416,1.6987519999999998,-1.6987519999999998,335.77225468204585
190.79999999999995,40.0110725,-104.9469105,1639.5192000000002,79.0956,1.78816,-1.296416,338.1985905136482
190.9,40.01107445,-104.9469116,1639.5192000000002,79.18704000000001,2.01168,-0.89408,336.948699083527
191.0,40.01107628,-104.9469127,1639.824,79.30896,2.324608,-0.491744,337.83365417791754
191.20000000000005,40.011081,-104.9469158,1639.824,79.30896,2.68224,0.0,335.9557767306322
191.5,40.01109051,-104.9469221,1639.824,79.4004,3.531616,-0.491744,333.9353359217142
191.6,40.01109408,-104.9469247,1639.824,79.49184000000001,4.068064,-0.89408,334.55825153699743
191.70000000000005,40.01109851,-104.9469275,1640.1288000000002,79.61376,5.006848,-1.385824,333.83843355798075
191.79999999999995,40.01110344,-104.9469307,1640.1288000000002,79.79664000000001,5.81152,-1.922272,334.3589941756947
191.9,40.01110877,-104.9469341,1640.4336,80.01,6.347968,-2.414016,334.61787940811826
192.0,40.01111463,-104.9469376,1640.7384000000002,80.3148,6.8397120000000005,-2.90576,335.004303627671
192.1,40.01112088,-104.9469413,1641.0432,80.58912,7.37616,-3.308096,335.6375469846878
192.20000000000005,40.01112803,-104.9469456,1641.3480000000002,80.98536,8.225536,-3.621024,335.9125476913677
192.29999999999995,40.01113509,-104.9469498,1641.9576000000002,81.41208000000002,8.672576,-3.79984,336.7623530646485
192.4,40.01114284,-104.946954,1642.2624,81.80832,8.985504,-3.889248,336.1247191460725
192.5,40.01115041,-104.9469584,1642.5672000000002,82.20456,9.253728,-4.02336,336.6911547548732
192.6,40.01115826,-104.9469629,1642.872,82.6008,9.343136,-4.02336,336.62157398301923
192.70000000000005,40.01116618,-104.9469675,1643.4816,82.99704000000001,9.566656,-4.02336,336.6611508203466
192.79999999999995,40.01117366,-104.9469719,1643.7864000000002,83.39328,9.38784,-4.112768,336.8709431652166
192.9,40.01118161,-104.9469765,1644.0912,83.78952,9.38784,-4.202176,336.44773632710536
193.0,40.01118949,-104.9469812,1644.7008,84.18576,9.656064,-4.202176,336.40226865083264
193.1,40.01119692,-104.9469858,1645.0056000000002,84.61248,9.38784,-4.202176,335.365536264089
193.20000000000005,40.01120443,-104.9469904,1645.3104,85.00872,9.209024,-4.202176,334.7828361031206
193.29999999999995,40.01121124,-104.9469949,1645.92,85.40496,8.851392,-4.112768,333.9898542766322
193.4,40.01121799,-104.9469996,1646.2248000000002,85.80120000000001,8.538464000000001,-4.02336,332.70972452386275
193.6,40.01123039,-104.9470087,1646.8344000000002,86.50224000000001,8.091424,-3.79984,330.1240073083106
193.70000000000005,40.01123594,-104.9470131,1647.1392,86.80704000000001,7.689088,-3.79984,328.84797761916
194.0,40.01125236,-104.9470268,1648.3584,87.99576,7.242048,-3.79984,320.09211512449895
194.1,40.01125664,-104.947032,1648.6632000000002,88.39200000000001,7.018528,-3.889248,315.8636900445996
194.20000000000005,40.01126072,-104.9470372,1649.2728000000002,88.91016,6.392672,-3.889248,311.14651954639794
194.4,40.01126711,-104.9470485,1650.1872,89.70264,6.079744,-4.02336,301.3452141417157
194.5,40.01126973,-104.9470544,1650.4920000000002,90.19032,5.900928,-4.02336,297.80145877993414
194.79999999999995,40.01127512,-104.9470722,1651.7112000000002,91.40952,5.498592,-4.02336,284.2725133844003
194.9,40.01127617,-104.9470783,1652.3208000000002,91.80576,5.36448,-4.02336,278.9726266148964
195.4,40.01127478,-104.94711,1654.1496000000002,93.78696,5.36448,-3.889248,258.3262896871152
195.5,40.01127356,-104.9471165,1654.7592000000002,94.21368,5.453887999999999,-3.889248,254.54798935887032
195.6,40.01127197,-104.9471229,1655.064,94.60992,5.677408,-3.710432,251.9853060817948
195.70000000000005,40.01127019,-104.9471295,1655.3688000000002,95.00616,5.81152,-3.397504,249.3937393861632
195.79999999999995,40.01126852,-104.9471358,1655.6736,95.31096,5.81152,-3.084576,248.59482056988145
195.9,40.01126638,-104.9471425,1655.9784000000002,95.58528,5.900928,-2.68224,246.6356555239404
196.0,40.01126401,-104.9471491,1656.2832,95.89008,6.169152,-2.190496,245.10869987513416
196.1,40.01126153,-104.9471558,1656.5880000000002,96.10344,6.303264,-1.78816,243.7941653044725
196.20000000000005,40.01125858,-104.9471626,1656.5880000000002,96.19488,6.526784,-1.296416,242.37075333053428
196.29999999999995,40.01125576,-104.9471694,1656.5880000000002,96.28632,6.616192,-0.89408,240.64224645720876
196.4,40.01125259,-104.9471762,1656.5880000000002,96.28632,6.660896,-0.402336,239.3002774491856
196.5,40.01124943,-104.947183,1656.5880000000002,96.28632,6.795007999999999,-0.089408,238.07391885825035
196.6,40.01124582,-104.9471897,1656.5880000000002,96.28632,6.884416,0.0,236.2083443189265
196.70000000000005,40.01124219,-104.9471965,1656.5880000000002,96.28632,7.018528,0.0,234.13017648227867
196.79999999999995,40.01123799,-104.9472035,1656.5880000000002,96.19488,7.331455999999999,0.089408,232.1555415348859
196.9,40.01123379,-104.9472102,1656.5880000000002,96.19488,7.465567999999999,0.0,230.1064845723284
197.0,40.01122928,-104.9472168,1656.5880000000002,96.19488,7.465567999999999,0.0,228.51375026060492
197.1,40.01122506,-104.9472228,1656.5880000000002,96.10344,7.242048,0.0,227.3970285300596
197.20000000000005,40.01122093,-104.9472282,1656.5880000000002,96.10344,6.7056,0.22352,226.974934010882
197.29999999999995,40.01121711,-104.9472335,1656.5880000000002,96.10344,6.347968,0.581152,227.05588878500467
197.4,40.01121339,-104.9472391,1656.2832,96.012,6.25856,0.983488,226.24536426676835
197.5,40.01120987,-104.947244,1656.2832,95.79864,6.03504,1.519936,226.63657704161676
197.6,40.01120584,-104.9472485,1655.9784000000002,95.58528,5.766816,2.01168,226.3478872801986
197.70000000000005,40.01120256,-104.9472529,1655.6736,95.31096,5.632704,2.414016,225.69869438298343
197.79999999999995,40.01119912,-104.9472576,1655.3688000000002,95.00616,5.36448,2.816352,226.50743575877496
198.1,40.0111911,-104.9472685,1654.4544,94.09176,4.604512000000001,3.084576,228.0127875041833
198.29999999999995,40.01118726,-104.9472747,1653.8448,93.39072,3.933952,3.218688,236.30993247402023
198.4,40.01118579,-104.9472773,1653.5400000000002,93.20784,3.173984,3.218688,242.10272896905235
198.5,40.01118483,-104.94728,1653.2352,92.90304,2.68224,3.218688,250.5599651718238
198.79999999999995,40.01118411,-104.9472874,1652.6256,92.11056,2.190496,2.995168,278.47114463301483
198.9,40.01118464,-104.9472899,1652.3208000000002,91.80576,2.101088,2.90576,290.1706534118504
199.0,40.01118583,-104.9472922,1652.016,91.50096,2.279904,2.816352,297.89727103094765
199.1,40.01118715,-104.9472949,1651.7112000000002,91.2876,2.592832,2.68224,305.2175929681927
199.20000000000005,40.01118894,-104.9472974,1651.4064,91.01328,2.771648,2.68224,311.4236656250026
199.29999999999995,40.01119099,-104.9473001,1651.1016000000002,90.70848,3.084576,2.816352,316.6365770416167
199.4,40.01119363,-104.9473026,1650.7968,90.31224,3.442208,2.816352,321.00900595749454
199.5,40.01119638,-104.9473055,1650.4920000000002,90.00744,3.755136,2.90576,323.13010235415595
199.79999999999995,40.01120679,-104.947314,1649.2728000000002,89.00160000000001,4.380992,3.084576,328.6713071321958
199.9,40.01121069,-104.9473171,1648.968,88.69680000000001,4.69392,3.084576,329.3813945910906
200.0,40.01121506,-104.9473202,1648.6632000000002,88.30056,5.275072000000001,3.084576,330.7185729389409
200.4,40.0112355,-104.9473341,1647.4440000000002,87.11184,6.213856,2.995168,333.92464441605125
200.5,40.01124137,-104.9473379,1647.1392,86.68512,6.571488,2.995168,334.0577045101283
200.6,40.0112476,-104.9473418,1646.8344000000002,86.41080000000001,7.510272,2.995168,334.7637363530964
200.70000000000005,40.01125409,-104.9473459,1646.5296,86.01456,7.8232,2.995168,335.00235266814053
200.79999999999995,40.01126096,-104.9473502,1646.2248000000002,85.70976,8.225536,2.995168,335.35322914806886
200.9,40.01126806,-104.9473545,1645.6152000000002,85.31352,8.583167999999999,2.995168,334.8768721946033
201.0,40.01127525,-104.9473591,1645.3104,85.00872,8.806688,3.084576,335.08603296120634
201.1,40.01128291,-104.9473638,1645.0056000000002,84.61248,9.16432,3.084576,335.6235313833252
201.20000000000005,40.0112911,-104.9473686,1644.7008,84.18576,9.700768,3.084576,335.6646009432563
201.29999999999995,40.01129934,-104.9473735,1644.3960000000002,83.91144000000001,10.013696,3.084576,335.4722795197419
201.4,40.01130781,-104.9473784,1644.0912,83.60664000000001,10.192512,2.995168,335.73870914752223
201.5,40.01131658,-104.9473836,1643.7864000000002,83.30184000000001,10.550144,2.995168,335.89202903715267
201.6,40.0113256,-104.947389,1643.4816,82.99704000000001,10.863072,2.995168,335.7297267406905
201.70000000000005,40.01133477,-104.9473944,1643.1768000000002,82.69224000000001,11.086592,2.995168,336.1074976919734
201.79999999999995,40.01134414,-104.9474001,1642.5672000000002,82.296,11.310112,2.90576,336.1516913834648
201.9,40.01135363,-104.9474056,1642.2624,81.9912,11.533632,2.90576,335.92450174492114
202.0,40.01136348,-104.9474113,1642.2624,81.6864,11.757152,2.90576,336.282648998579
202.1,40.01137323,-104.947417,1641.9576000000002,81.41208000000002,11.935968,2.90576,336.14744139611867
202.20000000000005,40.01138291,-104.9474229,1641.6528,81.10728000000002,11.891264,2.90576,335.7332115674668
202.29999999999995,40.01139284,-104.9474288,1641.3480000000002,80.80248000000002,11.980672,2.90576,335.90798047100964
202.4,40.01140282,-104.9474348,1640.7384000000002,80.40624000000001,12.159488,2.90576,335.6954507340633
202.5,40.0114129,-104.9474408,1640.4336,80.10144000000001,12.248895999999998,2.90576,335.9528479477531
202.9,40.0114541,-104.9474652,1639.2144,78.91272,12.51712,2.90576,335.70739855570497
203.20000000000005,40.01148573,-104.947484,1638.3000000000002,77.99832,12.695936,2.90576,335.572523729199
203.29999999999995,40.01149636,-104.9474904,1637.9952,77.60208,12.919455999999998,2.90576,335.2109930762807
203.4,40.01150699,-104.9474968,1637.6904000000002,77.29728,13.008864,2.90576,335.018760393784
203.5,40.01151769,-104.9475033,1637.3856,76.99248,13.098272,2.90576,335.018760393784
203.6,40.01152835,-104.9475098,1637.0808000000002,76.68768,13.098272,2.90576,334.6631540986015
203.70000000000005,40.0115391,-104.9475165,1636.776,76.41336,13.18768,2.90576,334.8300040839034
203.79999999999995,40.01155001,-104.9475232,1636.4712000000002,76.10856,13.321792,2.90576,334.30300027266753
204.0,40.01157156,-104.9475367,1635.8616000000002,75.49896,13.321792,2.90576,334.1231533159617
204.1,40.01158242,-104.9475436,1635.5568,75.19416,13.321792,2.995168,334.1231533159617
204.20000000000005,40.01159321,-104.9475506,1635.2520000000002,74.88936,13.4112,2.995168,334.1231533159617
204.5,40.01162622,-104.9475714,1634.3376,73.79208,13.545312,2.995168,334.02998745374987
204.6,40.01163694,-104.9475784,1634.0328000000002,73.48728,13.545312,2.995168,333.6892183645345
204.70000000000005,40.01164792,-104.9475856,1633.728,73.21296,13.500608,2.995168,333.6892183645345
204.79999999999995,40.01165806,-104.947592,1633.4232000000002,72.90816,13.098272,2.995168,333.8562337270906
204.9,40.011669,-104.9475992,1633.1184,72.60336,13.098272,2.995168,333.3510604794784
205.0,40.01168096,-104.9476069,1632.5088,72.20712,14.215872,2.995168,333.3510604794784
205.1,40.011692,-104.9476141,1632.2040000000002,71.90232,14.30528,2.995168,333.3510604794784
205.4,40.01172419,-104.9476352,1631.2896,70.98792,13.455904,2.995168,333.3510604794784
205.5,40.01173517,-104.9476425,1630.9848000000002,70.7136,13.4112,2.995168,333.01673888142494
205.6,40.01174642,-104.9476498,1630.68,70.28688,13.813536,2.995168,333.01673888142494
205.79999999999995,40.01176853,-104.9476645,1630.0704,69.70776,13.85824,2.995168,333.1854767586124
205.9,40.0117796,-104.9476718,1629.7656000000002,69.40296,13.813536,2.995168,333.1854767586124
206.0,40.01179075,-104.9476794,1629.4608,69.09816,13.902944,2.995168,332.85454833391924
206.20000000000005,40.01181389,-104.9476947,1628.8512,68.39712,14.260576,2.995168,332.85454833391924
206.29999999999995,40.01182508,-104.9477021,1628.5464000000002,68.09232,14.260576,2.995168,332.85454833391924
206.4,40.01183541,-104.947709,1628.2416,67.78752,13.455904,2.995168,332.85454833391924
206.5,40.01184653,-104.9477165,1627.9368000000002,67.5132,13.4112,2.995168,332.5255683737229
206.6,40.01185862,-104.9477246,1627.632,67.2084,14.5288,2.995168,332.5255683737229
206.70000000000005,40.01186984,-104.9477322,1627.3272000000002,66.81216,14.573504,2.995168,332.5255683737229
206.79999999999995,40.01188079,-104.9477398,1627.0224,66.50736,13.902944,3.084576,332.5255683737229
206.9,40.01189199,-104.9477474,1626.7176000000002,66.20256,13.902944,2.995168,332.5255683737229
207.0,40.01190237,-104.9477541,1626.4128,65.89776,13.455904,2.995168,332.5255683737229
207.1,40.0119135,-104.9477617,1626.1080000000002,65.59296,13.4112,2.995168,332.5255683737229
207.20000000000005,40.01192454,-104.9477696,1625.4984000000002,65.19672,13.992352,2.995168,332.5255683737229
207.29999999999995,40.01193567,-104.9477772,1625.1936,64.89192,13.992352,2.995168,332.5255683737229
207.4,40.01194692,-104.9477848,1624.8888000000002,64.58712,14.037056,2.995168,332.69515921125554
207.5,40.01195808,-104.9477924,1624.584,64.31280000000001,14.037056,2.995168,332.36948491098406
207.6,40.01197014,-104.9478006,1624.2792000000002,63.88608,14.573504,2.995168,332.36948491098406
207.70000000000005,40.01198141,-104.9478083,1623.9744,63.7032,14.618208,2.995168,332.36948491098406
207.9,40.01200405,-104.9478235,1623.3648,63.0936,14.171168,2.995168,332.36948491098406
208.0,40.01201501,-104.9478312,1623.0600000000002,62.69736,14.037056,2.90576,332.36948491098406
208.1,40.01202629,-104.9478389,1623.0600000000002,62.51448,13.992352,2.90576,332.36948491098406
208.20000000000005,40.0120374,-104.9478469,1622.4504000000002,62.08776,14.126464,2.90576,332.36948491098406
208.29999999999995,40.01204868,-104.9478547,1622.4504000000002,61.90488,14.126464,2.90576,332.36948491098406
208.4,40.01206013,-104.9478622,1622.1456,61.60008,14.215872,2.90576,332.1403493047577
208.5,40.01207146,-104.94787,1621.8408000000002,61.29528,14.260576,2.90576,332.1403493047577
208.6,40.01208258,-104.9478779,1621.536,60.99048,14.126464,2.90576,332.1403493047577
209.0,40.01212768,-104.9479091,1620.0120000000002,59.71032,14.171168,2.995168,331.8845868466584
209.4,40.01217277,-104.9479401,1618.7928000000002,58.49112,14.171168,2.816352,331.8845868466584
209.5,40.01218402,-104.9479479,1618.488,58.18632,14.171168,2.68224,331.8845868466584
209.6,40.0121954,-104.9479558,1618.1832000000002,57.912000000000006,14.260576,2.816352,331.8845868466584
209.70000000000005,40.01220664,-104.9479636,1617.8784,57.607200000000006,14.215872,2.816352,331.8845868466584
209.79999999999995,40.01221786,-104.9479714,1617.5736000000002,57.302400000000006,14.171168,2.816352,331.8845868466584
209.9,40.01222908,-104.9479793,1617.2688,56.997600000000006,14.171168,2.816352,331.8845868466584
210.0,40.01224029,-104.9479872,1616.9640000000002,56.692800000000005,14.171168,2.816352,331.8845868466584
210.1,40.01225151,-104.9479951,1616.9640000000002,56.50992,14.171168,2.68224,331.56373522528247
210.20000000000005,40.01226265,-104.948003,1616.6592,56.20512000000001,14.126464,2.68224,331.56373522528247
210.4,40.01228524,-104.9480188,1616.0496,55.59552000000001,14.215872,2.68224,331.56373522528247
210.5,40.01229649,-104.9480267,1615.7448000000002,55.29072000000001,14.215872,2.592832,331.56373522528247
210.6,40.01230764,-104.9480348,1615.44,54.98592000000001,14.215872,2.592832,331.56373522528247
210.70000000000005,40.01231887,-104.9480428,1615.1352000000002,54.80304,14.171168,2.592832,331.56373522528247
210.79999999999995,40.01233012,-104.9480506,1614.8304,54.49824,14.215872,2.592832,331.56373522528247
211.0,40.01235244,-104.9480667,1614.5256000000002,54.01056,14.171168,2.414016,331.56373522528247
211.1,40.01236364,-104.9480747,1614.2208,53.70576,14.171168,2.279904,331.56373522528247
211.20000000000005,40.01237494,-104.9480825,1613.9160000000002,53.4924,14.171168,2.279904,331.56373522528247
211.29999999999995,40.01238613,-104.9480904,1613.6112,53.1876,14.171168,2.279904,331.56373522528247
211.4,40.01239741,-104.9480986,1613.3064000000002,52.91328,14.260576,2.279904,331.56373522528247
211.5,40.01240859,-104.9481065,1613.0016,52.699920000000006,14.260576,2.279904,331.3895403340348
211.6,40.01241975,-104.9481144,1612.6968000000002,52.395120000000006,14.126464,2.279904,331.8845868466584
211.70000000000005,40.01243092,-104.9481223,1612.6968000000002,52.21224000000001,14.126464,2.190496,331.7116701239556
211.79999999999995,40.01244197,-104.9481302,1612.392,51.99888,14.08176,2.101088,331.7116701239556
211.9,40.01245311,-104.9481381,1612.0872000000002,51.785520000000005,14.08176,2.101088,331.7116701239556
212.0,40.01246334,-104.9481454,1611.7824,51.5112,13.545312,2.101088,331.7116701239556
212.20000000000005,40.01248661,-104.9481617,1611.4776000000002,51.11496,14.126464,1.78816,331.3895403340348
212.29999999999995,40.01249777,-104.9481697,1611.1728,50.9016,14.484096,1.6987519999999998,331.3895403340348
212.4,40.0125088,-104.9481775,1611.1728,50.68824000000001,14.037056,1.609344,331.3895403340348
212.5,40.01251998,-104.9481854,1610.8680000000002,50.5968,14.08176,1.207008,331.56373522528247
212.6,40.01253119,-104.9481935,1610.8680000000002,50.413920000000005,14.215872,0.804672,331.56373522528247
212.70000000000005,40.01254238,-104.9482015,1610.5632,50.292,14.215872,0.402336,331.56373522528247
212.79999999999995,40.01255356,-104.9482094,1610.5632,50.20056,14.171168,0.312928,331.56373522528247
212.9,40.01256475,-104.9482173,1610.5632,50.20056,14.126464,0.22352,331.56373522528247
213.0,40.01257599,-104.9482254,1610.5632,50.10912,14.215872,0.089408,331.56373522528247
213.1,40.01258716,-104.9482333,1610.5632,50.10912,14.171168,0.089408,331.7116701239556
213.20000000000005,40.01259831,-104.9482411,1610.5632,50.10912,14.08176,0.089408,331.7116701239556
213.29999999999995,40.01260943,-104.948249,1610.5632,50.10912,14.08176,0.089408,331.7116701239556
213.4,40.01262072,-104.9482569,1610.5632,49.9872,14.171168,0.089408,331.7116701239556
213.5,40.01263182,-104.9482649,1610.5632,49.9872,14.171168,0.089408,331.7116701239556
213.6,40.01264287,-104.9482727,1610.5632,49.9872,14.037056,0.089408,331.5367920774581
213.70000000000005,40.01265394,-104.9482806,1610.5632,49.9872,14.037056,0.089408,331.5367920774581
213.79999999999995,40.01266495,-104.9482885,1610.2584000000002,49.89576,13.992352,0.089408,331.5367920774581
213.9,40.012676,-104.9482965,1610.2584000000002,49.89576,13.992352,0.089408,331.213381689986
214.20000000000005,40.01270896,-104.9483204,1610.2584000000002,49.89576,13.992352,0.0,331.0352292853122
214.29999999999995,40.01271995,-104.9483284,1610.2584000000002,49.89576,13.992352,0.0,331.0352292853122
214.4,40.01273084,-104.9483364,1610.2584000000002,49.80432,13.947648,0.0,331.0352292853122
214.5,40.0127418,-104.9483444,1610.2584000000002,49.80432,13.947648,0.0,330.7125603168246
214.6,40.01275291,-104.9483525,1610.2584000000002,49.80432,14.037056,0.0,330.7125603168246
214.70000000000005,40.01276388,-104.9483606,1610.2584000000002,49.80432,14.08176,0.0,330.7125603168246
214.9,40.01278558,-104.9483769,1610.2584000000002,49.80432,13.947648,0.0,330.7125603168246
215.0,40.01279653,-104.9483851,1610.2584000000002,49.71288,13.947648,0.0,330.7125603168246
215.4,40.01284048,-104.9484177,1610.2584000000002,49.71288,14.037056,0.0,330.39191696165096
215.6,40.01286236,-104.948434,1610.2584000000002,49.71288,14.037056,0.0,330.39191696165096
215.79999999999995,40.01288421,-104.9484505,1610.2584000000002,49.71288,14.037056,-0.089408,330.39191696165096
215.9,40.01289516,-104.9484587,1610.2584000000002,49.71288,14.037056,-0.22352,330.39191696165096
216.0,40.01290611,-104.9484668,1610.2584000000002,49.71288,14.037056,-0.089408,330.39191696165096
216.1,40.01291705,-104.948475,1610.2584000000002,49.71288,14.037056,0.0,330.39191696165096
216.20000000000005,40.01292798,-104.9484833,1609.9536,49.59096,14.037056,0.0,330.39191696165096
216.29999999999995,40.01293888,-104.9484914,1609.9536,49.59096,14.037056,0.0,330.39191696165096
216.5,40.01296081,-104.9485079,1610.2584000000002,49.71288,14.037056,-0.089408,330.39191696165096
216.6,40.01297175,-104.9485161,1610.2584000000002,49.71288,14.037056,-0.089408,330.43964553531924
216.70000000000005,40.01298265,-104.9485242,1610.2584000000002,49.71288,13.992352,-0.089408,330.43964553531924
216.79999999999995,40.01299353,-104.9485322,1610.2584000000002,49.71288,13.947648,-0.089408,330.7125603168246
216.9,40.01300443,-104.9485403,1610.2584000000002,49.71288,13.947648,0.0,330.7125603168246
217.0,40.01301533,-104.9485485,1610.2584000000002,49.71288,13.947648,0.0,330.7125603168246
217.1,40.01302624,-104.9485566,1609.9536,49.59096,13.947648,0.0,330.7125603168246
217.20000000000005,40.01303731,-104.9485647,1609.9536,49.59096,14.037056,0.0,330.7125603168246
217.29999999999995,40.01304825,-104.9485728,1610.2584000000002,49.71288,14.037056,-0.089408,330.7125603168246
217.4,40.01305915,-104.948581,1610.2584000000002,49.71288,13.992352,-0.089408,330.7125603168246
217.5,40.01307009,-104.9485891,1610.2584000000002,49.71288,13.992352,-0.089408,330.7125603168246
217.6,40.01308111,-104.9485972,1610.2584000000002,49.71288,14.037056,-0.089408,330.7125603168246
217.70000000000005,40.01309204,-104.9486053,1610.2584000000002,49.71288,13.992352,-0.089408,330.7125603168246
217.79999999999995,40.01310298,-104.9486133,1610.2584000000002,49.71288,13.947648,0.0,330.7125603168246
217.9,40.0131139,-104.9486214,1610.2584000000002,49.71288,13.947648,0.0,330.7125603168246
218.0,40.01312484,-104.9486294,1610.2584000000002,49.71288,13.947648,0.0,330.7125603168246
218.1,40.01313575,-104.9486375,1610.2584000000002,49.71288,13.947648,0.0,330.7125603168246
218.20000000000005,40.0131467,-104.9486455,1610.2584000000002,49.71288,13.947648,0.0,330.43964553531924
218.29999999999995,40.01315762,-104.9486536,1610.2584000000002,49.71288,13.947648,-0.089408,330.7125603168246
218.4,40.01316846,-104.9486616,1610.2584000000002,49.71288,13.902944,0.0,330.43964553531924
218.5,40.01317936,-104.9486696,1610.2584000000002,49.71288,13.85824,0.0,330.43964553531924
218.6,40.01319026,-104.9486775,1610.2584000000002,49.71288,13.902944,0.0,330.7125603168246
218.70000000000005,40.01320119,-104.9486855,1610.2584000000002,49.71288,13.902944,-0.089408,330.7125603168246
218.79999999999995,40.01321228,-104.9486935,1610.2584000000002,49.71288,13.992352,-0.089408,331.0352292853122
218.9,40.01322326,-104.9487015,1610.2584000000002,49.80432,14.037056,-0.22352,331.0352292853122
219.0,40.01323433,-104.9487094,1610.2584000000002,49.80432,13.992352,-0.089408,331.0352292853122
219.1,40.01324533,-104.9487173,1610.2584000000002,49.80432,14.037056,-0.089408,331.0352292853122
219.20000000000005,40.01325628,-104.9487253,1610.2584000000002,49.71288,13.947648,0.0,331.0352292853122
219.5,40.01328821,-104.9487484,1610.2584000000002,49.71288,13.63472,0.0,331.3599224615046
219.70000000000005,40.01331022,-104.948764,1609.9536,49.59096,13.679424,0.0,331.85075321407226
219.79999999999995,40.01332133,-104.9487717,1609.9536,49.59096,13.947648,-0.089408,331.85075321407226
220.0,40.01334325,-104.9487872,1610.2584000000002,49.71288,13.902944,-0.089408,331.85075321407226
220.1,40.01335416,-104.9487948,1610.2584000000002,49.71288,13.813536,-0.089408,331.85075321407226
220.29999999999995,40.01337719,-104.9488109,1610.2584000000002,49.71288,14.260576,-0.089408,332.025640849388
220.5,40.01339818,-104.9488256,1610.2584000000002,49.71288,13.902944,-0.089408,331.85075321407226
220.6,40.01341026,-104.9488339,1610.2584000000002,49.71288,13.902944,0.0,331.85075321407226
220.70000000000005,40.01342128,-104.9488417,1610.2584000000002,49.71288,14.573504,0.0,331.85075321407226
220.79999999999995,40.01343217,-104.9488493,1610.2584000000002,49.71288,13.813536,0.0,331.85075321407226
220.9,40.0134432,-104.9488571,1610.2584000000002,49.71288,13.85824,-0.089408,331.85075321407226
221.0,40.01345405,-104.9488648,1610.2584000000002,49.80432,13.85824,-0.089408,331.85075321407226
221.1,40.01346506,-104.9488725,1610.2584000000002,49.80432,13.813536,0.0,331.85075321407226
221.20000000000005,40.01347526,-104.9488797,1610.2584000000002,49.80432,13.4112,-0.089408,331.3599224615046
221.29999999999995,40.01348622,-104.9488875,1610.2584000000002,49.80432,13.366496,-0.089408,331.3599224615046
221.5,40.01350933,-104.9489038,1610.2584000000002,49.80432,14.349984,-0.089408,331.3599224615046
221.6,40.01352026,-104.9489114,1610.2584000000002,49.80432,14.349984,-0.22352,331.5367920774581
221.70000000000005,40.01353133,-104.9489193,1610.2584000000002,49.80432,13.902944,-0.22352,331.5367920774581
221.79999999999995,40.01354216,-104.9489272,1610.2584000000002,49.80432,13.902944,-0.089408,331.5367920774581
221.9,40.01355322,-104.948935,1610.2584000000002,49.80432,13.902944,0.0,331.5367920774581
222.0,40.01356437,-104.9489427,1610.2584000000002,49.71288,13.992352,-0.089408,331.5367920774581
222.1,40.01357546,-104.9489505,1610.2584000000002,49.71288,14.037056,-0.089408,331.5367920774581
222.5,40.01361861,-104.9489815,1609.9536,49.59096,13.768832,-0.089408,331.213381689986
222.70000000000005,40.0136418,-104.9489979,1609.9536,49.59096,13.992352,-0.089408,331.213381689986
222.79999999999995,40.01365277,-104.9490057,1609.9536,49.49952,14.394688,-0.089408,331.213381689986
222.9,40.01366382,-104.9490137,1609.9536,49.49952,13.947648,-0.089408,331.213381689986
223.0,40.01367477,-104.9490217,1609.9536,49.49952,13.992352,-0.089408,331.213381689986
223.1,40.0136858,-104.9490297,1609.9536,49.49952,13.992352,-0.089408,331.213381689986
223.20000000000005,40.01369681,-104.9490377,1609.9536,49.49952,14.037056,-0.089408,331.213381689986
223.29999999999995,40.01370781,-104.9490457,1609.9536,49.49952,13.992352,-0.089408,331.0352292853122
223.4,40.0137187,-104.9490538,1609.9536,49.49952,13.947648,-0.089408,331.0352292853122
223.5,40.01372968,-104.9490617,1609.9536,49.49952,13.947648,-0.22352,331.0352292853122
223.6,40.01374065,-104.9490698,1609.9536,49.49952,13.947648,-0.089408,331.0352292853122
223.70000000000005,40.01375164,-104.9490777,1609.9536,49.49952,13.992352,-0.22352,331.213381689986
223.79999999999995,40.01376269,-104.9490856,1609.9536,49.49952,13.992352,-0.22352,331.213381689986
223.9,40.0137737,-104.9490936,1609.9536,49.49952,13.992352,-0.22352,331.213381689986
224.0,40.01378476,-104.9491015,1609.9536,49.49952,14.037056,-0.22352,331.213381689986
224.1,40.01379577,-104.9491095,1609.9536,49.49952,14.037056,-0.22352,331.213381689986
224.29999999999995,40.01381761,-104.9491254,1609.9536,49.49952,13.947648,-0.22352,330.8919649749942
224.4,40.01382859,-104.9491335,1609.9536,49.49952,13.947648,-0.312928,330.8919649749942
224.5,40.01383958,-104.9491416,1609.9536,49.49952,14.037056,-0.312928,330.8919649749942
224.6,40.01385071,-104.9491496,1609.9536,49.49952,14.08176,-0.22352,330.7125603168246
224.79999999999995,40.01387264,-104.9491659,1609.9536,49.49952,14.08176,-0.089408,330.11716765458715
224.9,40.0138834,-104.9491739,1609.9536,49.49952,13.947648,-0.312928,330.06848815949223
225.0,40.01389371,-104.9491818,1609.9536,49.59096,13.545312,-0.581152,329.67320950798654
225.1,40.01390365,-104.9491895,1609.9536,49.59096,13.053568,-0.312928,329.420773127511
225.20000000000005,40.01391335,-104.9491972,1609.9536,49.59096,12.74064,0.0,328.8197617039451
225.29999999999995,40.01392249,-104.9492045,1609.9536,49.49952,12.248895999999998,0.0,328.3205543215548
225.4,40.01393146,-104.9492117,1609.9536,49.49952,11.84656,0.089408,328.2405199151872
225.5,40.01393968,-104.9492185,1609.9536,49.49952,11.310112,0.089408,327.8653978420502
225.6,40.01394774,-104.9492254,1609.9536,49.49952,10.773664,0.089408,327.2339778267929
225.70000000000005,40.01395508,-104.9492316,1609.9536,49.49952,10.192512,0.0,326.76047977580447
225.79999999999995,40.01396227,-104.9492377,1609.9536,49.49952,9.656064,0.0,326.4695303328669
225.9,40.01396877,-104.9492435,1609.9536,49.49952,9.119616,0.0,326.2257977628144
226.0,40.01397502,-104.9492491,1609.9536,49.49952,8.583167999999999,0.0,325.68910467185543
226.1,40.01398076,-104.9492543,1609.9536,49.49952,8.091424,0.0,325.369199619743
226.20000000000005,40.01398641,-104.9492594,1609.9536,49.49952,7.733792,0.0,324.54452556555816
226.29999999999995,40.0139916,-104.9492645,1609.9536,49.59096,7.420864000000001,0.0,323.05683413384656
226.5,40.01400137,-104.9492745,1609.9536,49.59096,7.018528,0.0,320.49232455712746
226.6,40.01400589,-104.9492794,1609.9536,49.59096,6.795007999999999,0.0,318.10166402986846
226.70000000000005,40.01401015,-104.9492845,1609.9536,49.59096,6.526784,0.0,317.01459878787057
226.79999999999995,40.01401411,-104.9492895,1609.9536,49.59096,6.303264,0.0,314.4093427853533
226.9,40.0140179,-104.9492947,1609.9536,49.59096,6.169152,0.0,312.56335175318986
227.0,40.01402127,-104.9492999,1609.9536,49.59096,5.945632,0.0,310.08343399399
227.1,40.01402459,-104.9493053,1609.9536,49.59096,5.856224,0.0,308.1817854283481
227.29999999999995,40.01403078,-104.9493162,1609.9536,49.59096,5.856224,0.089408,304.6409475119163
227.4,40.01403374,-104.9493218,1609.9536,49.59096,5.766816,0.089408,303.69006752597977
227.5,40.01403688,-104.949328,1610.2584000000002,49.71288,6.03504,0.0,303.2433258619644
227.6,40.01403997,-104.9493344,1610.2584000000002,49.71288,6.392672,0.0,301.9641632299337
227.70000000000005,40.01404326,-104.9493413,1609.9536,49.59096,6.660896,0.0,301.5347919051883
227.79999999999995,40.01404635,-104.9493481,1609.9536,49.59096,6.8397120000000005,0.0,300.8423673503228
227.9,40.01404979,-104.9493556,1609.9536,49.59096,7.1079360000000005,0.0,300.3791260113683
228.0,40.01405288,-104.9493628,1609.9536,49.59096,7.242048,0.0,300.11373315098245
228.20000000000005,40.01406021,-104.9493795,1610.2584000000002,49.71288,7.8232,0.0,299.7448812969422
228.4,40.01406759,-104.9493968,1610.2584000000002,49.71288,8.314944,0.0,299.45367272692096
228.5,40.01407152,-104.9494059,1610.2584000000002,49.71288,8.583167999999999,0.0,299.248826336547
228.6,40.01407538,-104.949415,1610.2584000000002,49.71288,8.896096,0.0,299.4336821751432
228.70000000000005,40.01407948,-104.9494245,1610.2584000000002,49.71288,9.074912,0.0,298.8948579158512
228.79999999999995,40.01408343,-104.9494337,1609.9536,49.59096,9.16432,0.089408,298.7171158709779
228.9,40.01408767,-104.9494436,1609.9536,49.59096,9.343136,0.0,298.9264258352536
229.0,40.0140917,-104.9494539,1609.9536,49.59096,9.745472,0.0,298.7543669545257
229.1,40.01409606,-104.9494642,1609.9536,49.49952,9.924288,0.0,298.93222970268846
229.20000000000005,40.01410056,-104.9494749,1609.9536,49.49952,10.192512,0.0,299.12716097820606
229.29999999999995,40.01410507,-104.9494855,1609.9536,49.49952,10.371328,0.0,298.5324532069973
229.4,40.01410984,-104.9494964,1609.9536,49.40808,10.550144,0.0,298.7261306653044
229.5,40.01411452,-104.9495074,1609.9536,49.40808,10.684256,0.0,298.9154243416267
229.6,40.01411962,-104.9495196,1609.9536,49.40808,11.265408,0.0,298.96401796188604
229.70000000000005,40.01412447,-104.949531,1609.9536,49.40808,11.444224,0.0,299.1441986773614
229.79999999999995,40.01412945,-104.9495424,1609.6488000000002,49.28616,11.131296,0.0,299.32047587758075
230.0,40.01413915,-104.9495652,1609.6488000000002,49.28616,11.131296,0.0,298.9468648888816
230.1,40.01414422,-104.949577,1609.6488000000002,49.19472,11.220704,0.0,299.31000707091613
230.20000000000005,40.01414953,-104.9495891,1609.6488000000002,49.19472,11.712448,0.0,299.31000707091613
230.29999999999995,40.01415472,-104.9496012,1609.6488000000002,49.19472,11.801856,0.0,299.4758890032457
230.5,40.01416531,-104.949626,1609.6488000000002,49.10328,11.980672,-0.089408,299.3230147963327
230.6,40.01417134,-104.9496395,1609.6488000000002,49.10328,12.51712,-0.089408,299.11614626607894
230.70000000000005,40.01417676,-104.9496521,1609.6488000000002,49.10328,12.830048,-0.089408,299.27801791701086
230.9,40.01418756,-104.9496776,1609.6488000000002,49.10328,12.383008,-0.089408,298.9741325515502
231.1,40.01419855,-104.9497034,1609.6488000000002,49.10328,12.472416,-0.089408,299.3131393571317
231.29999999999995,40.01420976,-104.9497295,1609.6488000000002,49.10328,12.651232,-0.22352,299.26992716281364
231.4,40.01421537,-104.9497426,1609.6488000000002,49.10328,12.74064,-0.22352,299.26992716281364
231.5,40.01422103,-104.9497558,1609.6488000000002,49.19472,12.785344,-0.22352,298.9770201525715
231.6,40.0142268,-104.9497689,1609.6488000000002,49.19472,12.874752,-0.22352,299.3252299249904
231.70000000000005,40.01423252,-104.9497822,1609.6488000000002,49.19472,12.96416,-0.22352,299.1314595587001
231.79999999999995,40.01423832,-104.9497956,1609.6488000000002,49.19472,13.053568,-0.089408,299.1314595587001
231.9,40.01424409,-104.949809,1609.6488000000002,49.19472,13.098272,-0.089408,299.2830246012653
232.0,40.01424976,-104.9498224,1609.6488000000002,49.19472,13.053568,-0.089408,299.2830246012653
232.1,40.01425557,-104.9498359,1609.6488000000002,49.19472,13.098272,-0.089408,299.2830246012653
232.20000000000005,40.01426144,-104.9498495,1609.6488000000002,49.19472,13.232384,-0.089408,299.09244806947413
232.29999999999995,40.01426729,-104.949863,1609.6488000000002,49.19472,13.277088,-0.089408,299.09244806947413
232.4,40.01427318,-104.9498765,1609.6488000000002,49.10328,13.277088,-0.089408,299.4317927219216
232.5,40.01427906,-104.9498902,1609.6488000000002,49.19472,13.277088,-0.089408,299.14807184571305
232.6,40.01428487,-104.9499038,1609.6488000000002,49.19472,13.277088,-0.089408,299.14807184571305
232.70000000000005,40.01429079,-104.9499175,1609.6488000000002,49.19472,13.321792,-0.22352,299.14807184571305
232.79999999999995,40.01429685,-104.9499311,1609.6488000000002,49.19472,13.4112,-0.22352,298.961682060025
232.9,40.01430281,-104.9499448,1609.6488000000002,49.19472,13.4112,-0.22352,299.4614749709679
233.0,40.01430847,-104.9499585,1609.6488000000002,49.19472,13.366496,-0.22352,298.961682060025
233.1,40.01431438,-104.9499724,1609.6488000000002,49.19472,13.4112,-0.22352,298.7774580204724
233.20000000000005,40.01432011,-104.9499862,1609.6488000000002,49.19472,13.455904,-0.22352,298.7774580204724
233.29999999999995,40.01432598,-104.9500002,1609.6488000000002,49.19472,13.455904,-0.089408,298.59536594146897
233.4,40.01433208,-104.9500144,1609.6488000000002,49.19472,13.768832,-0.089408,298.083582167998
233.5,40.01433794,-104.9500285,1609.6488000000002,49.19472,13.768832,-0.089408,298.083582167998
233.6,40.0143439,-104.9500427,1609.6488000000002,49.19472,13.724128,-0.089408,297.8195027997595
233.70000000000005,40.01434971,-104.9500569,1609.6488000000002,49.19472,13.768832,-0.089408,297.8195027997595
233.9,40.01436129,-104.9500854,1609.6488000000002,49.19472,13.724128,-0.089408,297.31560797344224
234.1,40.01437275,-104.9501144,1609.6488000000002,49.19472,13.813536,-0.089408,297.31560797344224
234.20000000000005,40.01437862,-104.9501288,1609.6488000000002,49.19472,13.85824,-0.089408,296.81452324138763
234.29999999999995,40.01438425,-104.9501433,1609.6488000000002,49.19472,13.85824,-0.22352,296.4816512658009
234.4,40.01438984,-104.9501578,1609.6488000000002,49.19472,13.85824,-0.22352,295.8155851817628
234.5,40.01439529,-104.9501724,1609.6488000000002,49.19472,13.85824,-0.22352,295.2405292647868
234.6,40.01440053,-104.9501872,1609.6488000000002,49.19472,13.85824,-0.22352,294.9047688080952
234.70000000000005,40.01440578,-104.9502019,1609.6488000000002,49.19472,13.85824,-0.089408,294.41333170502514
234.79999999999995,40.01441096,-104.9502169,1609.6488000000002,49.19472,13.902944,-0.089408,293.9059098821924
234.9,40.01441601,-104.9502318,1609.6488000000002,49.19472,13.947648,-0.089408,293.4173684132978
235.1,40.01442581,-104.9502615,1609.6488000000002,49.19472,13.813536,-0.089408,292.73437047536163
235.20000000000005,40.01443031,-104.9502754,1609.6488000000002,49.19472,13.455904,-0.089408,292.0771993155363
235.29999999999995,40.01443494,-104.9502903,1609.6488000000002,49.19472,13.277088,-0.089408,291.73229518994304
235.5,40.01444439,-104.9503219,1609.6488000000002,49.19472,14.215872,-0.089408,290.8379676732145
235.6,40.01444892,-104.9503369,1609.6488000000002,49.19472,14.215872,-0.089408,290.31667951203974
235.70000000000005,40.01445329,-104.9503521,1609.6488000000002,49.19472,13.768832,0.0,289.96718660580143
235.79999999999995,40.01445746,-104.9503674,1609.6488000000002,49.19472,13.813536,0.0,289.4915135021166
235.9,40.01446163,-104.9503827,1609.6488000000002,49.19472,13.85824,0.0,289.14081593740445
236.0,40.01446561,-104.950398,1609.6488000000002,49.19472,13.813536,0.0,288.1411268882713
236.1,40.0144695,-104.9504135,1609.6488000000002,49.19472,13.813536,0.0,287.7872337909408
236.20000000000005,40.01447321,-104.9504289,1609.6488000000002,49.19472,13.813536,0.0,286.9661481085362
236.29999999999995,40.0144768,-104.9504444,1609.6488000000002,49.19472,13.768832,0.0,286.2749697587551
236.4,40.01448029,-104.9504601,1609.6488000000002,49.10328,13.85824,0.0,285.5637689101394
236.5,40.0144836,-104.9504758,1609.6488000000002,49.10328,13.85824,0.0,284.6678249037001
236.6,40.01448675,-104.9504914,1609.6488000000002,49.10328,13.813536,0.0,284.3073571204103
236.70000000000005,40.01448978,-104.9505071,1609.6488000000002,49.10328,13.768832,0.0,283.49573328079583
236.79999999999995,40.01449264,-104.9505228,1609.6488000000002,49.10328,13.768832,0.0,282.95276451337554
236.9,40.01449541,-104.9505386,1609.6488000000002,49.10328,13.724128,0.0,282.5894595349577
237.0,40.01449816,-104.9505545,1609.6488000000002,49.10328,13.813536,0.0,282.22512267573575
237.1,40.01450073,-104.9505702,1609.6488000000002,49.10328,13.813536,0.0,281.30993247402023
237.20000000000005,40.01450312,-104.9505846,1609.6488000000002,49.10328,13.142976,0.0,280.94218540900937
237.5,40.01451012,-104.9506333,1609.6488000000002,49.10328,13.679424,0.0,279.5853403324919
237.6,40.01451224,-104.9506493,1609.6488000000002,49.10328,13.992352,0.0,279.21602268481456
237.70000000000005,40.01451417,-104.9506652,1609.6488000000002,49.10328,13.768832,0.0,278.4750936149862
237.79999999999995,40.01451581,-104.9506799,1609.6488000000002,49.10328,13.18768,0.0,277.4958576397299
237.9,40.01451744,-104.9506957,1609.6488000000002,49.10328,13.142976,0.0,277.1250163489018
238.0,40.0145189,-104.9507131,1609.6488000000002,49.10328,14.260576,0.0,276.3815605325934
238.1,40.01452027,-104.9507291,1609.6488000000002,49.10328,14.30528,0.0,275.8225352539642
238.29999999999995,40.01452289,-104.950761,1609.6488000000002,49.10328,13.679424,0.0,274.70124500478823
238.4,40.01452387,-104.9507771,1609.344,49.01184000000001,13.679424,0.0,274.0988796916623
238.5,40.01452481,-104.9507932,1609.6488000000002,49.10328,13.724128,0.0,273.7273569639455
238.6,40.01452558,-104.9508092,1609.344,49.01184000000001,13.724128,0.0,273.3555200908087
238.70000000000005,40.01452632,-104.9508253,1609.344,49.01184000000001,13.724128,0.0,272.98340003222813
238.79999999999995,40.01452698,-104.9508414,1609.344,49.01184000000001,13.724128,0.0,272.424757044038
239.0,40.01452801,-104.9508737,1609.344,49.01184000000001,13.724128,0.0,271.679199893723
239.1,40.0145284,-104.9508898,1609.344,49.01184000000001,13.768832,0.0,271.30619209391875
239.5,40.01452895,-104.9509545,1609.344,49.01184000000001,13.768832,0.0,269.6267428731287
239.6,40.01452867,-104.9509706,1609.344,49.01184000000001,13.768832,0.0,269.06692647678153
239.70000000000005,40.01452839,-104.9509867,1609.344,49.01184000000001,13.724128,0.0,268.69380790608125
239.79999999999995,40.01452801,-104.9510028,1609.344,49.01184000000001,13.724128,0.0,267.9479346295913
240.0,40.01452689,-104.9510351,1609.344,49.01184000000001,13.768832,0.0,267.01659996777187
240.1,40.01452616,-104.9510513,1609.344,49.01184000000001,13.768832,0.0,266.6444799091913
240.20000000000005,40.01452528,-104.9510675,1609.344,49.01184000000001,13.813536,0.0,265.9011203083377
240.29999999999995,40.01452433,-104.9510837,1609.344,49.01184000000001,13.813536,0.0,265.3444925719864
240.4,40.0145233,-104.9510997,1609.344,49.01184000000001,13.724128,0.0,264.97388958430173
240.5,40.01452208,-104.9511158,1609.344,49.01184000000001,13.768832,0.0,264.2339772317635
240.6,40.01452079,-104.951132,1609.344,49.01184000000001,13.85824,0.0,263.3118210175253
240.70000000000005,40.01451919,-104.9511481,1609.344,49.01184000000001,13.813536,0.0,261.9490718646981
240.79999999999995,40.01451716,-104.951164,1609.344,49.01184000000001,13.768832,0.0,261.21135446828043
240.9,40.01451516,-104.9511799,1609.344,49.01184000000001,13.724128,0.0,260.4146596675081
241.0,40.01451286,-104.951196,1609.344,49.01184000000001,13.813536,0.0,259.49493613008264
241.1,40.01451049,-104.9512118,1609.344,48.88992,13.768832,0.0,258.69006752597977
241.20000000000005,40.01450813,-104.9512275,1609.344,49.01184000000001,13.679424,0.0,257.77487732426425
241.29999999999995,40.01450543,-104.9512432,1609.344,48.88992,13.679424,0.0,257.3287669959269
241.4,40.01450246,-104.9512589,1609.344,48.88992,13.724128,0.0,256.4170364701633
241.5,40.01449944,-104.9512745,1609.344,48.88992,13.724128,0.0,255.55320462906383
241.6,40.01449623,-104.9512901,1609.344,48.88992,13.724128,0.089408,255.18953636714548
241.79999999999995,40.01448952,-104.951321,1609.344,48.88992,13.724128,0.089408,253.46235421423205
241.9,40.01448584,-104.9513363,1609.344,48.88992,13.679424,0.0,252.45558743043856
242.0,40.01448195,-104.9513515,1609.344,48.88992,13.63472,0.0,251.08559977828145
242.20000000000005,40.0144732,-104.9513806,1609.344,48.88992,13.4112,-0.22352,247.1663458220825
242.29999999999995,40.01446855,-104.9513943,1609.344,48.88992,13.142976,-0.22352,245.5391188450351
242.5,40.01445897,-104.9514201,1609.344,49.01184000000001,12.383008,0.0,242.55654743505283
242.6,40.01445392,-104.9514323,1609.344,49.01184000000001,12.07008,0.0,241.2284970305787
242.70000000000005,40.01444894,-104.9514437,1609.344,48.88992,11.488928,0.0,240.4001709995294
242.79999999999995,40.01444412,-104.9514547,1609.344,48.88992,10.95248,0.0,239.37277868446185
242.9,40.01443941,-104.951465,1609.344,48.88992,10.50544,0.0,239.03624346792648
243.0,40.01443464,-104.9514751,1609.344,48.88992,10.147808,0.0,237.96585385281008
243.1,40.01443005,-104.9514843,1609.344,49.01184000000001,9.745472,0.0,236.62216796356955
243.20000000000005,40.01442533,-104.951493,1609.344,49.01184000000001,9.209024,0.0,234.3601908019133
243.29999999999995,40.01442063,-104.951501,1609.344,49.01184000000001,8.851392,0.089408,231.91122711902463
243.4,40.01441587,-104.9515085,1609.344,49.01184000000001,8.449055999999999,0.089408,229.0219901770201
243.5,40.01441099,-104.9515154,1609.344,49.01184000000001,8.136128,0.089408,226.61030060249897
243.6,40.01440613,-104.9515218,1609.344,49.01184000000001,7.8232,0.0,223.3223605338465
243.70000000000005,40.01440104,-104.9515276,1609.344,49.01184000000001,7.59968,0.0,219.3624571155401
243.79999999999995,40.01439602,-104.9515329,1609.344,49.01184000000001,7.331455999999999,0.0,216.44444175658708
243.9,40.01439063,-104.9515377,1609.344,49.01184000000001,7.197344,0.0,212.99379892590784
244.0,40.01438537,-104.9515418,1609.6488000000002,49.10328,7.018528,0.0,209.29900874500973
244.20000000000005,40.01437391,-104.951549,1609.6488000000002,49.10328,6.973824,0.0,203.0582745994368
244.29999999999995,40.01436786,-104.9515521,1609.6488000000002,49.19472,7.1079360000000005,0.0,199.55825153699743
244.4,40.01436211,-104.9515543,1609.6488000000002,49.19472,6.92912,0.0,196.97191691434764
244.5,40.01435577,-104.9515565,1609.6488000000002,49.19472,6.973824,0.0,194.1210004763876
244.6,40.01434937,-104.9515582,1609.6488000000002,49.28616,7.286752,0.0,190.76814456110785
244.70000000000005,40.01434272,-104.9515597,1609.9536,49.40808,7.37616,0.0,188.46404566396268
244.79999999999995,40.01433595,-104.9515606,1609.9536,49.40808,7.554975999999999,0.0,186.0440921622411
245.0,40.01432132,-104.9515617,1609.9536,49.40808,7.957312,0.0,181.60002471514773
245.1,40.01431398,-104.9515617,1609.9536,49.40808,8.136128,0.0,180.0
245.29999999999995,40.01429952,-104.9515604,1609.9536,49.40808,8.091424,0.0,176.0858627813875
245.4,40.0142911,-104.9515593,1609.9536,49.40808,8.49376,0.089408,174.14398641457103
245.5,40.01428312,-104.9515579,1609.9536,49.40808,9.16432,0.089408,172.8395502731089
245.6,40.01427565,-104.9515562,1609.9536,49.40808,8.71728,0.089408,171.23241875544704
245.70000000000005,40.01426741,-104.9515543,1609.9536,49.40808,8.896096,0.089408,170.08724855327614
245.79999999999995,40.01425845,-104.9515519,1609.9536,49.40808,9.745472,0.089408,169.2157021324374
245.9,40.01424985,-104.9515494,1609.9536,49.40808,9.968992,0.089408,167.66886053401197
246.0,40.01424113,-104.9515466,1609.9536,49.49952,9.879584,0.089408,166.77419772628537
246.1,40.01423221,-104.9515437,1609.9536,49.49952,10.103104,0.089408,166.3286928678042
246.20000000000005,40.01422323,-104.9515404,1609.9536,49.49952,10.28192,0.089408,165.60640703150943
246.29999999999995,40.014214,-104.9515371,1609.9536,49.49952,10.50544,0.089408,165.37912601136838
246.4,40.01420472,-104.9515337,1609.9536,49.49952,10.684256,0.089408,164.4124947167527
246.5,40.01419519,-104.9515301,1609.9536,49.49952,10.863072,0.089408,164.2143799802684
246.6,40.01418565,-104.9515264,1609.9536,49.49952,11.041888,0.089408,164.0858790847882
246.70000000000005,40.01417582,-104.9515225,1609.9536,49.59096,11.265408,0.089408,163.6861475737394
246.79999999999995,40.01416586,-104.9515185,1609.9536,49.59096,11.488928,0.089408,163.38557551087365
246.9,40.01415575,-104.9515143,1609.9536,49.59096,11.667744,0.089408,163.27998137260454
247.0,40.01414536,-104.9515104,1609.9536,49.49952,11.891264,0.22352,163.1168541095103
247.1,40.01413495,-104.951506,1609.9536,49.49952,12.114784,0.22352,162.6961797579113
247.20000000000005,40.01412431,-104.9515014,1609.9536,49.49952,12.2936,0.22352,162.42211628333473
247.29999999999995,40.01411366,-104.9514969,1609.9536,49.49952,12.472416,0.089408,162.27877821518064
247.4,40.01410282,-104.9514924,1609.9536,49.40808,12.561824,0.089408,162.4028375084888
247.5,40.01409199,-104.9514877,1609.9536,49.40808,12.651232,0.089408,162.01517710890812
247.6,40.01408104,-104.9514829,1609.9536,49.40808,12.74064,0.089408,162.20164475304148
247.70000000000005,40.01407007,-104.9514781,1609.6488000000002,49.28616,12.874752,0.089408,161.75414547242178
247.79999999999995,40.01405887,-104.9514734,1609.6488000000002,49.28616,12.96416,0.089408,161.37637201439452
247.9,40.01404776,-104.9514685,1609.6488000000002,49.28616,13.053568,0.089408,161.50256943574675
248.0,40.01403652,-104.9514632,1609.6488000000002,49.19472,13.142976,0.089408,161.12863909831287
248.1,40.0140254,-104.9514582,1609.6488000000002,49.19472,13.18768,0.0,161.12863909831287
248.20000000000005,40.01401407,-104.9514534,1609.6488000000002,49.19472,13.142976,0.0,161.75414547242178
248.29999999999995,40.01400308,-104.9514488,1609.6488000000002,49.10328,13.008864,0.0,162.97158458138142
248.4,40.01399199,-104.9514446,1609.6488000000002,49.10328,12.830048,0.0,164.72699313657654
248.5,40.01398098,-104.9514409,1609.6488000000002,49.10328,12.74064,0.0,166.51226333876332
248.6,40.01396975,-104.9514377,1609.344,49.01184000000001,12.74064,0.0,168.8112000717482
248.79999999999995,40.01394752,-104.9514327,1609.344,48.88992,12.606528,0.0,172.48785589694728
248.9,40.01393645,-104.951431,1609.344,48.79848,12.472416,0.0,174.35175262626478
249.0,40.01392522,-104.9514297,1609.344,48.79848,12.472416,0.0,176.22771639062012
249.20000000000005,40.01390321,-104.9514284,1609.344,48.88992,12.338304,-0.089408,179.58025820866465
249.4,40.01388121,-104.9514288,1609.344,48.88992,12.248895999999998,-0.089408,182.3243829709481
249.6,40.01385903,-104.9514307,1609.344,49.01184000000001,12.2936,0.0,185.27067075164092
249.70000000000005,40.01384803,-104.9514322,1609.344,49.01184000000001,12.338304,-0.089408,186.10803831818265
249.79999999999995,40.01383714,-104.9514341,1609.6488000000002,49.10328,12.248895999999998,-0.089408,187.56694417833307
249.9,40.01382616,-104.9514362,1609.6488000000002,49.10328,12.248895999999998,-0.089408,189.01604894801025
250.0,40.01381533,-104.9514388,1609.6488000000002,49.10328,12.2936,-0.089408,189.83903738600105
250.20000000000005,40.01379349,-104.9514445,1609.6488000000002,49.10328,12.338304,-0.089408,191.80243420778356
250.29999999999995,40.01378255,-104.9514477,1609.6488000000002,49.10328,12.427712,0.0,193.22860315589293
250.4,40.0137717,-104.9514513,1609.6488000000002,49.10328,12.427712,-0.089408,194.03624346792648
250.5,40.01376088,-104.9514551,1609.6488000000002,49.10328,12.427712,0.0,195.54632727307904
250.6,40.0137504,-104.9514595,1609.6488000000002,49.10328,12.338304,0.0,197.05696557661705
250.70000000000005,40.01373977,-104.951464,1609.6488000000002,49.10328,12.338304,0.0,198.36931794725925
250.79999999999995,40.01372939,-104.951469,1609.6488000000002,49.10328,12.383008,0.0,199.8768721946033
250.9,40.01371894,-104.9514742,1609.6488000000002,49.10328,12.338304,0.0,200.8729973625078
251.0,40.0137086,-104.9514799,1609.6488000000002,49.10328,12.427712,0.0,202.3801350519596
251.1,40.01369832,-104.9514856,1609.6488000000002,49.10328,12.472416,0.0,203.49856567595208
251.20000000000005,40.01368822,-104.9514917,1609.6488000000002,49.10328,12.383008,0.0,204.80408513798525
251.29999999999995,40.01367808,-104.951498,1609.6488000000002,49.10328,12.427712,0.0,205.737400858718
251.4,40.01366787,-104.9515046,1609.6488000000002,49.10328,12.561824,0.0,206.74957800933947
251.5,40.0136578,-104.9515114,1609.6488000000002,49.10328,12.651232,0.0,207.663238327818
251.79999999999995,40.01362793,-104.951533,1609.6488000000002,49.10328,12.651232,0.0,209.82007256547377
251.9,40.01361797,-104.9515405,1609.6488000000002,49.10328,12.695936,0.0,210.1694717162537
252.29999999999995,40.01357794,-104.9515716,1609.6488000000002,49.10328,12.919455999999998,0.0,210.827662299868
252.4,40.01356788,-104.9515795,1609.6488000000002,49.10328,12.96416,0.0,210.86294294781848
252.5,40.01355777,-104.9515874,1609.6488000000002,49.10328,13.098272,0.0,210.86294294781848
252.6,40.01354767,-104.9515955,1609.6488000000002,49.10328,13.142976,0.0,211.19816227079176
252.79999999999995,40.0135282,-104.9516111,1609.6488000000002,49.10328,12.874752,0.089408,211.19816227079176
253.0,40.01350712,-104.9516279,1609.344,49.01184000000001,13.18768,0.089408,210.9970486721461
253.20000000000005,40.01348641,-104.9516441,1609.6488000000002,49.10328,13.590016,0.0,210.79825791807684
253.29999999999995,40.01347601,-104.9516521,1609.6488000000002,49.10328,13.4112,0.0,210.2702968099723
253.4,40.01346574,-104.95166,1609.6488000000002,49.10328,13.321792,0.0,209.98163936884933
253.5,40.01345524,-104.9516678,1609.6488000000002,49.10328,13.321792,0.0,209.6498635075756
253.6,40.01344553,-104.951675,1609.6488000000002,49.10328,12.919455999999998,0.0,209.4614749709679
253.70000000000005,40.01343501,-104.9516827,1609.6488000000002,49.10328,12.919455999999998,0.0,208.961682060025
253.79999999999995,40.01342436,-104.9516907,1609.6488000000002,49.10328,13.545312,0.0,208.7774580204724
253.9,40.01341375,-104.9516983,1609.6488000000002,49.10328,13.545312,0.0,208.44292862436336
254.0,40.01340208,-104.9517064,1609.6488000000002,49.10328,14.08176,0.0,208.26220736667827
254.1,40.01339128,-104.951714,1609.6488000000002,49.10328,14.171168,0.0,207.74972857721176
254.20000000000005,40.01338057,-104.9517214,1609.6488000000002,49.10328,13.545312,0.0,207.74972857721176
254.29999999999995,40.01336969,-104.9517289,1609.344,49.01184000000001,13.590016,0.0,207.4138154486316
254.4,40.01335872,-104.9517363,1609.344,49.01184000000001,13.679424,0.0,207.1539738379739
254.5,40.01334778,-104.9517436,1609.344,49.01184000000001,13.724128,0.0,206.81819730385132
254.6,40.01333693,-104.9517509,1609.344,49.01184000000001,13.63472,0.0,206.81819730385132
254.70000000000005,40.01332592,-104.9517581,1609.344,49.01184000000001,13.63472,0.0,206.14376627290935
254.79999999999995,40.0133149,-104.9517653,1609.344,49.01184000000001,13.679424,0.0,205.80453239994716
254.9,40.0133038,-104.9517723,1609.344,49.01184000000001,13.724128,0.0,205.3013786254197
255.0,40.0132927,-104.9517791,1609.344,49.01184000000001,13.679424,0.0,204.9598373532505
255.20000000000005,40.01327041,-104.9517924,1609.344,49.01184000000001,13.63472,0.0,203.9432944092952
255.29999999999995,40.01325914,-104.9517989,1609.344,49.01184000000001,13.63472,0.0,203.3712419310647
255.4,40.01324774,-104.9518053,1609.344,49.01184000000001,13.768832,0.0,203.02549200852803
255.5,40.01323638,-104.9518115,1609.344,49.01184000000001,13.768832,0.0,202.35969417536936
255.6,40.01322507,-104.9518177,1609.344,49.01184000000001,13.679424,0.0,202.01128319791937
255.70000000000005,40.01321365,-104.9518237,1609.344,49.01184000000001,13.63472,0.0,201.52260010790707
255.79999999999995,40.01320221,-104.9518296,1609.344,49.01184000000001,13.679424,0.0,201.1725786194296
256.1,40.01316821,-104.951846,1609.6488000000002,49.10328,13.500608,-0.089408,198.87136090168715
256.20000000000005,40.01315732,-104.9518508,1609.6488000000002,49.10328,13.277088,0.0,198.3714983732088
256.29999999999995,40.01314642,-104.9518553,1609.6488000000002,49.10328,12.74064,0.0,197.20783117207412
256.4,40.01313539,-104.9518596,1609.344,49.01184000000001,12.74064,0.0,195.54632727307904
256.5,40.0131247,-104.9518632,1609.344,49.01184000000001,12.561824,0.0,193.5205438073252
256.6,40.01311484,-104.9518661,1609.344,49.01184000000001,11.757152,0.0,191.73308415641225
256.70000000000005,40.01310448,-104.9518687,1609.344,49.01184000000001,11.488928,0.0,189.57159565375665
256.79999999999995,40.01309413,-104.9518709,1609.344,49.01184000000001,11.712448,0.0,187.6539711025141
256.9,40.01308406,-104.9518724,1609.344,49.01184000000001,11.444224,0.0,185.0694201326125
257.0,40.0130737,-104.9518737,1609.344,49.01184000000001,11.39952,0.0,183.02501190756368
257.1,40.01306384,-104.9518742,1609.344,49.01184000000001,11.265408,0.0,181.17392954439265
257.4,40.01303399,-104.9518734,1609.344,49.01184000000001,11.041888,0.0,175.13548556223952
257.5,40.01302453,-104.9518721,1609.344,49.01184000000001,10.95248,0.0,173.39005610637005
257.6,40.01301611,-104.9518703,1609.344,49.01184000000001,10.013696,0.0,171.0273733851036
257.70000000000005,40.01300695,-104.9518682,1609.344,49.01184000000001,9.924288,0.0,169.22735235177925
257.79999999999995,40.01299703,-104.9518656,1609.344,49.01184000000001,10.818368,0.0,167.17362481772727
257.9,40.01298802,-104.9518626,1609.344,49.01184000000001,10.773664,0.0,164.87599269168936
258.0,40.01297925,-104.9518592,1609.344,49.01184000000001,10.237215999999998,0.0,162.84162606995778
258.1,40.01297047,-104.9518553,1609.6488000000002,49.10328,10.237215999999998,0.0,160.53209079819567
258.20000000000005,40.01296173,-104.9518509,1609.6488000000002,49.10328,10.371328,0.0,158.24498384724438
258.29999999999995,40.01295317,-104.9518463,1609.6488000000002,49.10328,10.371328,0.0,156.13982480865764
258.4,40.01294491,-104.9518413,1609.6488000000002,49.10328,10.237215999999998,0.0,154.55825153699743
258.5,40.01293661,-104.9518359,1609.6488000000002,49.10328,10.237215999999998,0.0,152.41797079220282
258.9,40.01290576,-104.9518112,1609.6488000000002,49.19472,10.103104,-0.402336,145.33891054294105
259.0,40.01289896,-104.9518048,1609.6488000000002,49.28616,9.924288,-0.312928,145.05433559999437
259.29999999999995,40.01288052,-104.9517884,1609.6488000000002,49.10328,8.538464000000001,0.089408,145.57658654496873
259.4,40.01287417,-104.9517824,1609.344,49.01184000000001,8.359648,0.089408,145.5277861199636
259.6,40.01286405,-104.951773,1609.344,48.88992,7.510272,0.089408,145.61965527615513
259.9,40.01285179,-104.951762,1609.344,48.88992,6.079744,0.0,146.6221679635696
260.0,40.01284847,-104.9517587,1609.344,48.88992,5.275072000000001,0.0,145.4258085258848
260.1,40.01284565,-104.9517562,1609.344,48.88992,4.202176,0.0,145.30484646876602
260.29999999999995,40.01284116,-104.9517517,1609.344,49.01184000000001,3.397504,0.0,141.34019174590992
260.4,40.01283958,-104.9517498,1609.344,49.01184000000001,2.861056,0.0,141.1466256596467
260.5,40.0128383,-104.9517484,1609.344,49.01184000000001,2.190496,0.0,137.20259816176582
260.6,40.0128374,-104.9517471,1609.344,49.01184000000001,1.6987519999999998,0.089408,138.0127875041834
260.70000000000005,40.01283672,-104.9517461,1609.6488000000002,49.10328,1.34112,0.402336,129.0938588862295
260.79999999999995,40.01283635,-104.9517454,1609.344,49.01184000000001,0.938784,0.804672,130.23635830927378
260.9,40.01283597,-104.9517447,1609.344,49.01184000000001,0.938784,1.207008,122.47119229084848
261.0,40.01283585,-104.951744,1609.0392000000002,48.707040000000006,0.491744,1.519936,119.05460409907715
261.1,40.01283572,-104.9517435,1609.0392000000002,48.58512,0.491744,1.385824,105.94539590092285
261.20000000000005,40.0128359,-104.9517434,1608.7344,48.402240000000006,0.0,0.983488,90.0
261.29999999999995,40.01283601,-104.951743,1608.7344,48.3108,0.0,0.581152,68.19859051364818
261.4,40.01283632,-104.9517428,1608.7344,48.3108,0.67056,0.312928,68.19859051364818
261.6,40.01283682,-104.9517422,1608.7344,48.18888,0.44704,0.0,45.0
261.70000000000005,40.01283703,-104.9517419,1608.7344,48.18888,0.44704,0.0,45.0
262.20000000000005,40.01283842,-104.9517413,1608.7344,48.18888,0.402336,-0.715264,45.0
262.29999999999995,40.01283862,-104.951741,1608.7344,48.3108,0.312928,-0.491744,45.0
262.6,40.01283932,-104.9517409,1608.7344,48.402240000000006,0.22352,-0.089408,45.0
262.70000000000005,40.01283952,-104.9517407,1609.0392000000002,48.49368,0.0,0.0,45.0
262.9,40.0128399,-104.9517402,1609.0392000000002,48.49368,0.44704,0.0,21.80140948635181
263.1,40.01284026,-104.9517399,1609.0392000000002,48.49368,0.357632,0.0,45.0
263.20000000000005,40.01284044,-104.9517396,1609.0392000000002,48.49368,0.312928,0.0,45.0
263.29999999999995,40.01284061,-104.9517394,1609.0392000000002,48.58512,0.0,0.0,45.0
263.4,40.01284066,-104.9517393,1609.0392000000002,48.58512,0.0,0.0,45.0
263.5,40.01284082,-104.9517391,1609.0392000000002,48.58512,0.0,0.0,45.0
263.6,40.01284093,-104.9517389,1609.0392000000002,48.58512,0.0,0.0,45.0
263.70000000000005,40.01284107,-104.9517387,1609.0392000000002,48.58512,0.491744,0.0,45.0
263.79999999999995,40.01284121,-104.9517384,1609.0392000000002,48.58512,0.0,0.0,45.0
263.9,40.01284135,-104.9517383,1609.0392000000002,48.58512,0.491744,0.0,45.0
264.0,40.01284149,-104.951738,1609.0392000000002,48.707040000000006,0.67056,0.0,45.0
264.1,40.01284163,-104.9517378,1609.0392000000002,48.707040000000006,0.0,0.0,45.0
264.20000000000005,40.01284162,-104.9517376,1609.0392000000002,48.707040000000006,0.491744,0.0,45.0
264.29999999999995,40.01284174,-104.9517374,1609.0392000000002,48.707040000000006,0.0,0.0,45.0
264.4,40.01284192,-104.9517372,1609.0392000000002,48.707040000000006,0.491744,0.0,45.0
264.5,40.01284204,-104.9517371,1609.0392000000002,48.707040000000006,0.0,0.0,45.0
264.6,40.01284223,-104.9517369,1609.0392000000002,48.707040000000006,0.0,0.0,45.0
264.79999999999995,40.01284238,-104.9517365,1609.0392000000002,48.707040000000006,0.0,0.0,45.0
264.9,40.01284248,-104.9517363,1609.0392000000002,48.707040000000006,0.0,0.0,45.0
265.0,40.01284268,-104.951736,1609.0392000000002,48.707040000000006,0.0,0.0,45.0
265.29999999999995,40.01284291,-104.9517355,1609.0392000000002,48.707040000000006,0.22352,0.089408,45.0
265.4,40.01284301,-104.9517353,1609.0392000000002,48.707040000000006,0.22352,0.089408,45.0
265.5,40.01284311,-104.9517351,1609.0392000000002,48.707040000000006,0.0,0.089408,45.0
265.70000000000005,40.01284335,-104.9517348,1609.0392000000002,48.707040000000006,0.0,0.089408,45.0
265.79999999999995,40.01284347,-104.9517347,1609.0392000000002,48.707040000000006,0.0,0.089408,45.0
265.9,40.01284358,-104.9517346,1609.0392000000002,48.707040000000006,0.0,0.089408,45.0
266.0,40.01284365,-104.9517346,1609.0392000000002,48.707040000000006,0.0,0.089408,45.0
266.29999999999995,40.01284391,-104.9517343,1609.0392000000002,48.707040000000006,0.0,0.0,0.0
266.6,40.01284416,-104.951734,1609.0392000000002,48.707040000000006,0.0,0.0,0.0
266.70000000000005,40.01284422,-104.951734,1609.0392000000002,48.707040000000006,0.0,0.0,0.0
266.79999999999995,40.01284417,-104.951734,1609.0392000000002,48.707040000000006,0.0,0.0,0.0
266.9,40.0128442,-104.951734,1609.0392000000002,48.707040000000006,0.0,0.089408,0.0
267.0,40.01284418,-104.9517338,1609.0392000000002,48.707040000000006,0.0,0.089408,0.0
267.1,40.0128442,-104.9517338,1609.0392000000002,48.707040000000006,0.491744,0.089408,0.0
267.20000000000005,40.01284424,-104.9517336,1609.0392000000002,48.707040000000006,0.0,0.089408,0.0
267.29999999999995,40.01284425,-104.9517336,1609.0392000000002,48.707040000000006,0.0,0.089408,0.0
267.4,40.01284419,-104.9517336,1609.0392000000002,48.707040000000006,0.0,0.089408,0.0
267.5,40.01284419,-104.9517336,1609.0392000000002,48.707040000000006,0.0,0.0,0.0
267.79999999999995,40.01284414,-104.9517334,1609.0392000000002,48.707040000000006,0.0,0.089408,0.0
267.9,40.01284412,-104.9517334,1609.0392000000002,48.707040000000006,0.0,0.0,0.0
268.20000000000005,40.01284394,-104.9517333,1609.0392000000002,48.707040000000006,0.0,0.0,0.0
268.29999999999995,40.01284379,-104.9517332,1609.0392000000002,48.707040000000006,0.0,0.089408,180.0
268.4,40.01284334,-104.9517334,1609.0392000000002,48.707040000000006,0.0,0.089408,190.304846468766
268.5,40.01284258,-104.9517336,1609.0392000000002,48.707040000000006,0.67056,0.089408,185.71059313749964
268.79999999999995,40.01283835,-104.9517345,1609.0392000000002,48.707040000000006,1.385824,0.089408,190.40771131249005
268.9,40.01283613,-104.9517351,1609.0392000000002,48.707040000000006,1.78816,0.0,191.1130405359483
269.0,40.01283367,-104.9517357,1609.0392000000002,48.707040000000006,2.68224,0.0,189.60520415501293
269.20000000000005,40.01282762,-104.9517373,1609.0392000000002,48.707040000000006,3.218688,0.0,191.17383824181476
269.29999999999995,40.01282407,-104.9517382,1609.0392000000002,48.707040000000006,3.621024,0.0,191.3099324740202
269.4,40.0128203,-104.9517391,1609.0392000000002,48.707040000000006,4.112768,0.089408,190.61965527615516
269.5,40.01281613,-104.9517402,1609.0392000000002,48.707040000000006,4.515104,0.089408,190.78429786756257
269.6,40.01281179,-104.9517414,1609.0392000000002,48.707040000000006,4.828032,0.089408,191.1130405359483
269.70000000000005,40.01280706,-104.9517426,1609.344,48.79848,5.14096,0.0,190.4742348282258
269.79999999999995,40.01280208,-104.9517436,1609.344,48.79848,5.498592,0.0,189.9506266879516
269.9,40.01279762,-104.9517447,1609.344,48.79848,5.36448,0.0,189.7275785514016
270.0,40.01279373,-104.9517457,1609.344,48.79848,4.738624,0.089408,189.6598930784423
270.20000000000005,40.01278688,-104.9517476,1609.0392000000002,48.707040000000006,4.068064,0.089408,189.0578881286177
270.5,40.01277979,-104.9517489,1609.0392000000002,48.58512,3.12928,0.089408,187.1250163489018
270.6,40.01277813,-104.9517492,1609.0392000000002,48.58512,2.45872,0.0,183.94518622903755
270.79999999999995,40.01277597,-104.9517494,1609.0392000000002,48.707040000000006,1.430528,0.0,180.0
271.0,40.01277479,-104.9517494,1609.0392000000002,48.707040000000006,0.938784,0.0,180.0
271.1,40.0127744,-104.9517494,1609.0392000000002,48.707040000000006,0.44704,0.0,180.0
271.5,40.01277355,-104.9517491,1609.0392000000002,48.707040000000006,0.2682239999999999,0.089408,180.0
271.6,40.01277364,-104.9517491,1609.0392000000002,48.707040000000006,0.0,0.089408,0.0
271.70000000000005,40.01277357,-104.951749,1609.0392000000002,48.707040000000006,0.0,0.0,0.0
271.79999999999995,40.01277374,-104.951749,1609.0392000000002,48.707040000000006,0.0,0.0,0.0
271.9,40.01277371,-104.951749,1609.0392000000002,48.707040000000006,0.0,0.089408,0.0
272.0,40.01277393,-104.9517489,1609.0392000000002,48.707040000000006,0.0,0.089408,0.0
272.1,40.01277394,-104.9517489,1609.0392000000002,48.58512,0.0,0.089408,0.0
272.20000000000005,40.01277415,-104.9517488,1609.0392000000002,48.58512,0.0,0.089408,0.0
272.29999999999995,40.01277416,-104.9517488,1609.0392000000002,48.58512,0.0,0.0,0.0
272.4,40.01277441,-104.9517488,1609.0392000000002,48.58512,0.0,0.0,0.0
272.5,40.01277444,-104.9517488,1609.0392000000002,48.58512,0.0,0.0,0.0
272.6,40.01277465,-104.9517487,1609.0392000000002,48.58512,0.0,0.0,0.0
272.70000000000005,40.01277469,-104.9517487,1609.0392000000002,48.58512,0.0,0.0,0.0
272.79999999999995,40.01277488,-104.9517486,1609.0392000000002,48.58512,0.0,0.0,0.0
272.9,40.01277491,-104.9517485,1609.0392000000002,48.58512,0.0,0.0,0.0
273.1,40.01277495,-104.9517484,1609.0392000000002,48.58512,0.0,0.0,0.0
273.20000000000005,40.01277513,-104.9517483,1609.0392000000002,48.58512,0.0,0.0,0.0
273.29999999999995,40.01277516,-104.9517483,1609.0392000000002,48.58512,0.0,0.0,0.0
273.5,40.01277522,-104.9517482,1609.0392000000002,48.58512,0.0,0.0,0.0
273.6,40.01277514,-104.9517482,1609.0392000000002,48.58512,0.0,0.0,0.0
273.70000000000005,40.01277514,-104.9517482,1609.0392000000002,48.58512,0.0,0.0,0.0
273.9,40.01277508,-104.9517481,1609.0392000000002,48.58512,0.0,0.0,0.0
274.0,40.01277505,-104.951748,1609.0392000000002,48.58512,0.0,0.0,0.0
274.1,40.01277502,-104.951748,1609.0392000000002,48.58512,0.0,0.0,0.0
274.20000000000005,40.01277475,-104.9517481,1609.0392000000002,48.58512,0.0,0.0,180.0
274.29999999999995,40.01277438,-104.9517482,1609.0392000000002,48.58512,0.491744,0.0,180.0
274.4,40.0127736,-104.9517483,1609.0392000000002,48.58512,0.491744,0.0,185.71059313749964
274.6,40.01277093,-104.9517487,1609.0392000000002,48.58512,1.251712,0.0,187.1250163489018
274.70000000000005,40.01276909,-104.951749,1609.0392000000002,48.58512,1.654048,0.0,188.47114463301483
274.9,40.01276467,-104.9517498,1609.0392000000002,48.58512,2.369312,0.0,187.8831393167297
275.0,40.01276202,-104.9517505,1609.0392000000002,48.58512,2.68224,0.0,188.68635458123663
275.20000000000005,40.01275533,-104.9517518,1609.0392000000002,48.707040000000006,3.531616,0.0,188.4985588794937
275.29999999999995,40.01275154,-104.9517526,1609.0392000000002,48.707040000000006,3.933952,0.0,189.46232220802565
275.4,40.01274735,-104.9517534,1609.0392000000002,48.707040000000006,4.4704,0.0,188.82974466790907
275.5,40.01274294,-104.9517543,1609.0392000000002,48.58512,4.828032,0.0,189.2933085993971
275.6,40.01273831,-104.9517554,1609.0392000000002,48.58512,5.096256,0.0,189.78240703180728
275.70000000000005,40.01273335,-104.9517565,1609.0392000000002,48.58512,5.453887999999999,0.0,189.09027692082236
275.79999999999995,40.01272804,-104.9517576,1609.0392000000002,48.58512,5.81152,0.0,189.46232220802565
275.9,40.0127225,-104.9517588,1609.0392000000002,48.58512,6.124447999999999,0.0,188.9937923987556
276.0,40.0127166,-104.9517603,1609.0392000000002,48.58512,6.437376,0.0,189.78240703180728
276.1,40.01271051,-104.9517617,1609.0392000000002,48.49368,6.750304,0.0,190.07247783743887
276.20000000000005,40.01270411,-104.9517631,1609.0392000000002,48.49368,7.018528,0.0,189.6375381129309
276.29999999999995,40.01269747,-104.9517647,1609.0392000000002,48.49368,7.331455999999999,0.0,189.9094996998764
276.4,40.01269042,-104.9517666,1609.0392000000002,48.49368,7.778496,0.0,190.21687962972672
276.5,40.01268326,-104.9517683,1609.0392000000002,48.49368,8.04672,0.089408,190.75487770095023
276.6,40.01267586,-104.9517701,1608.7344,48.402240000000006,8.27024,0.0,190.3590524880837
276.70000000000005,40.01266819,-104.951772,1608.7344,48.402240000000006,8.538464000000001,0.0,190.72885929801004
276.79999999999995,40.01266024,-104.9517739,1608.7344,48.402240000000006,8.851392,0.0,190.35602624927
276.9,40.01265211,-104.951776,1608.7344,48.402240000000006,9.074912,0.0,190.7056849104723
277.0,40.01264362,-104.951778,1608.7344,48.402240000000006,9.38784,0.0,190.35332004392944
277.1,40.01263504,-104.9517802,1608.7344,48.402240000000006,9.656064,0.0,190.6358955760357
277.20000000000005,40.01262625,-104.9517824,1608.7344,48.402240000000006,9.83488,0.0,191.10854216275249
277.5,40.01259843,-104.9517895,1608.7344,48.402240000000006,10.371328,-0.089408,190.93112292241145
277.6,40.01258894,-104.9517918,1608.7344,48.402240000000006,10.550144,-0.089408,190.75096699318803
277.70000000000005,40.01257926,-104.9517943,1608.7344,48.402240000000006,10.863072,-0.089408,191.12540564175876
277.9,40.01255966,-104.9517993,1608.7344,48.402240000000006,11.041888,-0.089408,191.12540564175876
278.0,40.01254999,-104.9518019,1608.7344,48.402240000000006,11.086592,-0.089408,191.12540564175876
278.1,40.01254041,-104.9518044,1608.7344,48.402240000000006,10.907775999999998,-0.22352,190.93112292241145
278.20000000000005,40.01253101,-104.9518067,1608.7344,48.402240000000006,10.72896,-0.312928,190.9620872623253
278.29999999999995,40.01252217,-104.951809,1608.7344,48.402240000000006,10.326624,-0.22352,190.6358955760357
278.4,40.01251362,-104.9518113,1608.7344,48.3108,9.879584,-0.089408,191.09372301155784
278.5,40.01250555,-104.9518134,1608.7344,48.3108,9.432544,-0.089408,191.0271323050607
278.6,40.01249766,-104.9518159,1608.7344,48.3108,9.074912,0.0,191.5466905459273
278.70000000000005,40.01249036,-104.9518179,1608.7344,48.3108,8.672576,0.0,191.6243957243489
278.79999999999995,40.01248305,-104.9518196,1608.7344,48.3108,8.27024,0.0,191.5751888173962
278.9,40.01247659,-104.9518214,1608.7344,48.3108,7.8232,0.0,191.3814627483598
279.0,40.01247031,-104.951823,1608.7344,48.3108,7.242048,0.0,191.4639530156925
279.1,40.01246474,-104.9518245,1608.7344,48.3108,6.750304,0.0,191.56013079421777
279.20000000000005,40.01245951,-104.9518259,1608.7344,48.3108,6.124447999999999,0.0,191.6737103128848
279.29999999999995,40.01245483,-104.9518271,1608.7344,48.3108,5.632704,0.0,191.3099324740202
279.4,40.01245065,-104.9518281,1608.7344,48.402240000000006,5.006848,0.0,191.5346206536447
279.5,40.01244682,-104.9518291,1608.7344,48.402240000000006,4.559807999999999,0.0,191.3099324740202
279.6,40.01244378,-104.9518299,1608.7344,48.402240000000006,3.933952,0.0,191.59217541029105
279.70000000000005,40.01244082,-104.9518306,1608.7344,48.402240000000006,3.442208,0.0,190.6697828044967
280.1,40.01243264,-104.9518331,1609.0392000000002,48.58512,2.548128,0.0,189.1623470457217
280.20000000000005,40.0124317,-104.9518332,1609.0392000000002,48.707040000000006,2.056384,-0.089408,192.80426606528675
280.29999999999995,40.01243088,-104.9518334,1609.0392000000002,48.707040000000006,1.162304,-0.089408,186.3401917459099
280.79999999999995,40.01242928,-104.9518338,1608.7344,48.402240000000006,0.44704,1.1176,180.0
280.9,40.01242908,-104.9518338,1608.7344,48.3108,0.312928,1.296416,180.0
281.0,40.01242908,-104.9518336,1608.4296000000002,48.097440000000006,0.0,1.296416,180.0
281.1,40.01242897,-104.9518336,1608.4296000000002,48.006,0.0,1.1176,0.0
281.20000000000005,40.01242926,-104.9518336,1608.4296000000002,47.91456,0.0,0.804672,0.0
281.29999999999995,40.01242922,-104.9518336,1608.1248,47.792640000000006,0.0,0.402336,0.0
281.4,40.01242949,-104.9518337,1608.1248,47.792640000000006,0.0,0.312928,0.0
281.5,40.01242949,-104.9518336,1608.1248,47.792640000000006,0.0,0.402336,0.0
281.6,40.01242971,-104.9518334,1608.1248,47.7012,0.0,0.581152,0.0
281.70000000000005,40.01242974,-104.9518333,1608.1248,47.7012,0.0,0.491744,0.0
281.79999999999995,40.01242999,-104.9518333,1608.1248,47.60976,0.491744,0.22352,0.0
281.9,40.01243006,-104.9518332,1608.1248,47.60976,0.0,0.089408,0.0
282.0,40.0124302,-104.9518332,1608.1248,47.60976,0.0,0.089408,0.0
282.1,40.01243024,-104.9518332,1608.1248,47.60976,0.0,0.0,0.0
282.20000000000005,40.01243034,-104.9518334,1608.1248,47.60976,0.0,0.0,0.0
282.29999999999995,40.01243034,-104.9518334,1608.1248,47.60976,0.0,0.0,0.0
282.5,40.01243057,-104.9518333,1608.1248,47.60976,0.0,0.0,0.0
282.6,40.01243044,-104.9518334,1608.1248,47.60976,0.0,0.0,0.0
282.70000000000005,40.01243042,-104.9518335,1608.1248,47.60976,0.0,0.0,0.0
282.79999999999995,40.0124304,-104.9518337,1608.1248,47.60976,0.0,0.0,0.0
282.9,40.01243037,-104.9518338,1608.1248,47.60976,0.0,0.0,0.0
283.0,40.01243023,-104.9518338,1608.1248,47.60976,0.0,0.0,0.0
283.1,40.01243019,-104.9518339,1608.1248,47.60976,0.0,0.0,180.0
283.70000000000005,40.01242965,-104.9518341,1608.1248,47.60976,0.0,0.0,0.0
283.79999999999995,40.0124295,-104.9518343,1608.1248,47.60976,0.1341119999999999,0.0,0.0
284.1,40.01242933,-104.9518341,1608.1248,47.7012,0.0,0.0,0.0
284.20000000000005,40.01242928,-104.9518342,1608.1248,47.7012,0.0,0.0,0.0
284.4,40.01242935,-104.9518342,1608.1248,47.7012,0.312928,0.0,0.0
284.5,40.01242937,-104.9518342,1608.1248,47.60976,0.0,0.0,0.0
284.6,40.01242938,-104.9518341,1608.1248,47.60976,0.0,0.0,0.0
284.70000000000005,40.0124294,-104.951834,1608.1248,47.60976,0.0,0.0,0.0
284.79999999999995,40.01242938,-104.951834,1608.1248,47.60976,0.491744,0.0,0.0
284.9,40.01242941,-104.9518339,1608.1248,47.7012,0.0,0.0,0.0
285.0,40.01242939,-104.951834,1608.1248,47.60976,0.0,0.0,0.0
285.1,40.01242942,-104.951834,1608.1248,47.60976,0.0,0.0,0.0
285.20000000000005,40.0124294,-104.9518339,1608.1248,47.7012,0.0,0.0,0.0
285.29999999999995,40.01242943,-104.9518339,1608.1248,47.7012,0.0,0.0,0.0
285.5,40.01242941,-104.9518339,1608.1248,47.7012,0.0,0.0,0.0
285.6,40.01242953,-104.951834,1608.1248,47.7012,0.0,0.0,0.0
285.70000000000005,40.01242957,-104.9518339,1608.1248,47.7012,0.0,0.0,0.0
285.79999999999995,40.01242952,-104.951834,1608.1248,47.7012,0.0,0.0,0.0
285.9,40.01242955,-104.951834,1608.1248,47.7012,0.0,0.0,0.0
286.0,40.01242965,-104.951834,1608.1248,47.7012,0.0,0.0,0.0
286.1,40.01242969,-104.951834,1608.1248,47.7012,0.0,0.0,0.0
286.20000000000005,40.01242961,-104.9518341,1608.1248,47.7012,0.0,0.0,0.0
286.29999999999995,40.01242964,-104.9518341,1608.1248,47.7012,0.0,0.0,0.0
286.4,40.01242972,-104.9518339,1608.1248,47.7012,0.0,0.0,0.0
286.6,40.01242983,-104.951834,1608.1248,47.7012,0.0,0.0,0.0
286.70000000000005,40.01242986,-104.951834,1608.1248,47.7012,0.0,0.0,0.0
286.9,40.01242996,-104.951834,1608.1248,47.7012,0.0,0.0,0.0
287.0,40.01242989,-104.951834,1608.1248,47.7012,0.312928,0.0,0.0
287.1,40.01242991,-104.951834,1608.1248,47.7012,0.0,0.0,0.0
287.20000000000005,40.01243003,-104.951834,1608.1248,47.7012,0.0,0.0,0.0
287.29999999999995,40.01243007,-104.951834,1608.1248,47.7012,0.0,0.0,0.0
287.4,40.01243004,-104.9518341,1608.1248,47.7012,0.0,0.0,0.0
287.5,40.01243009,-104.9518341,1608.1248,47.7012,0.0,0.0,0.0
287.6,40.01243021,-104.9518341,1608.1248,47.7012,0.0,0.0,0.0
287.70000000000005,40.01243027,-104.9518341,1608.1248,47.7012,0.0,0.0,0.0
287.79999999999995,40.01243032,-104.951834,1608.1248,47.7012,0.0,0.0,0.0
287.9,40.01243038,-104.951834,1608.1248,47.7012,0.0,0.0,0.0
288.0,40.0124304,-104.951834,1608.1248,47.7012,0.0,0.0,0.0
288.1,40.01243046,-104.951834,1608.1248,47.7012,0.0,0.0,0.0
288.20000000000005,40.01243049,-104.951834,1608.1248,47.7012,0.0,0.0,0.0
288.29999999999995,40.01243054,-104.951834,1608.1248,47.7012,0.0,0.0,0.0
288.6,40.01243064,-104.951834,1608.1248,47.7012,0.0,0.0,0.0
288.79999999999995,40.01243071,-104.9518339,1608.1248,47.7012,0.0,0.0,0.0
288.9,40.01243074,-104.9518339,1608.1248,47.7012,0.0,0.0,0.0
289.0,40.01243083,-104.9518339,1608.1248,47.7012,0.0,0.0,0.0
289.20000000000005,40.01243099,-104.9518339,1608.1248,47.7012,0.0,0.0,0.0
289.4,40.01243124,-104.9518339,1608.1248,47.7012,0.0,0.0,0.0
289.6,40.01243129,-104.9518339,1608.1248,47.7012,0.0,0.0,0.0
289.9,40.01243158,-104.9518338,1608.1248,47.7012,0.0,0.0,0.0
290.0,40.01243163,-104.9518336,1608.1248,47.7012,0.0,0.0,0.0
290.1,40.0124317,-104.9518336,1608.1248,47.7012,0.0,0.0,0.0
290.20000000000005,40.01243174,-104.9518337,1608.1248,47.7012,0.0,0.0,0.0
290.29999999999995,40.0124318,-104.9518336,1608.1248,47.7012,0.0,0.0,0.0
290.4,40.01243182,-104.9518335,1608.1248,47.7012,0.0,0.0,0.0
290.5,40.01243187,-104.9518335,1608.1248,47.7012,0.0,0.0,0.0
290.6,40.01243191,-104.9518335,1608.1248,47.7012,0.0,0.0,0.0
290.70000000000005,40.01243198,-104.9518335,1608.1248,47.7012,0.0,0.0,0.0
290.79999999999995,40.01243203,-104.9518334,1608.1248,47.7012,0.0,0.0,0.0
290.9,40.0124321,-104.9518333,1608.1248,47.7012,0.0,0.0,0.0
291.0,40.01243215,-104.9518334,1608.1248,47.7012,0.0,0.0,0.0
291.1,40.01243221,-104.9518334,1608.1248,47.7012,0.0,0.0,0.0
291.20000000000005,40.01243223,-104.9518333,1608.1248,47.7012,0.0,0.0,0.0
291.29999999999995,40.01243229,-104.9518333,1608.1248,47.7012,0.0,0.0,0.0
291.5,40.01243234,-104.9518332,1608.1248,47.7012,0.0,0.0,0.0
291.6,40.01243237,-104.9518332,1608.1248,47.7012,0.0,0.0,0.0
291.70000000000005,40.01243242,-104.9518332,1608.1248,47.7012,0.0,0.0,0.0
291.79999999999995,40.01243234,-104.9518332,1608.1248,47.7012,0.0,0.0,0.0
291.9,40.01243237,-104.9518332,1608.1248,47.7012,0.0,0.0,0.0
292.0,40.01243246,-104.951833,1608.1248,47.7012,0.0,0.0,0.0
292.1,40.0124325,-104.951833,1608.1248,47.7012,0.0,0.0,0.0
292.20000000000005,40.01243256,-104.951833,1608.1248,47.7012,0.0,0.0,0.0
292.5,40.01243253,-104.9518329,1608.1248,47.7012,0.22352,0.0,0.0
292.70000000000005,40.01243263,-104.9518328,1608.1248,47.7012,0.0,0.0,0.0
292.79999999999995,40.01243255,-104.9518329,1608.1248,47.7012,0.0,0.0,0.0
293.0,40.01243269,-104.9518328,1608.1248,47.7012,0.0,0.0,0.0
293.1,40.01243273,-104.9518328,1608.1248,47.7012,0.0,0.0,0.0
293.20000000000005,40.01243271,-104.9518328,1608.1248,47.7012,0.0,0.0,0.0
293.29999999999995,40.01243274,-104.9518327,1608.1248,47.7012,0.0,0.0,0.0
293.4,40.01243285,-104.9518327,1608.1248,47.7012,0.0,0.0,0.0
293.5,40.01243288,-104.9518327,1608.1248,47.7012,0.0,0.0,0.0
293.6,40.01243294,-104.9518326,1608.1248,47.7012,0.0,0.0,0.0
293.70000000000005,40.01243296,-104.9518325,1608.1248,47.7012,0.0,0.0,0.0
293.79999999999995,40.01243302,-104.9518326,1608.1248,47.7012,0.0,0.0,0.0
293.9,40.01243304,-104.9518326,1608.1248,47.7012,0.0,0.0,0.0
294.0,40.01243296,-104.9518325,1608.1248,47.7012,0.0,0.0,0.0
294.1,40.01243298,-104.9518324,1608.1248,47.7012,0.0,0.0,0.0
294.20000000000005,40.0124331,-104.9518324,1608.1248,47.7012,0.0,0.0,0.0
294.29999999999995,40.01243313,-104.9518323,1608.1248,47.7012,0.0,0.0,0.0
294.4,40.01243308,-104.9518324,1608.1248,47.7012,0.0,0.0,0.0
294.5,40.0124331,-104.9518324,1608.1248,47.7012,0.0,0.0,0.0
294.70000000000005,40.01243323,-104.9518323,1608.1248,47.7012,0.0,0.0,0.0
294.79999999999995,40.01243317,-104.9518324,1608.1248,47.7012,0.0,0.0,0.0
294.9,40.01243319,-104.9518324,1608.1248,47.7012,0.0,0.0,0.0
295.1,40.01243317,-104.9518325,1608.1248,47.7012,0.312928,0.0,0.0
295.20000000000005,40.0124333,-104.9518325,1608.1248,47.7012,0.0,0.0,0.0
295.29999999999995,40.01243332,-104.9518325,1608.1248,47.7012,0.0,0.0,0.0
295.4,40.01243327,-104.9518325,1608.1248,47.7012,0.0,0.0,0.0
295.6,40.0124334,-104.9518325,1608.1248,47.7012,0.0,0.0,0.0
295.70000000000005,40.01243343,-104.9518325,1608.1248,47.7012,0.0,0.0,0.0
295.79999999999995,40.0124334,-104.9518326,1608.1248,47.7012,0.0,0.0,0.0
295.9,40.01243343,-104.9518326,1608.1248,47.7012,0.0,0.0,0.0
296.0,40.01243355,-104.9518326,1608.1248,47.7012,0.0,0.0,0.0
296.1,40.01243359,-104.9518326,1608.1248,47.7012,0.0,0.0,0.0
296.20000000000005,40.01243366,-104.9518326,1608.1248,47.7012,0.0,0.0,0.0
296.29999999999995,40.0124337,-104.9518326,1608.1248,47.7012,0.491744,0.0,0.0
296.4,40.01243375,-104.9518326,1608.1248,47.7012,0.0,0.0,0.0
296.5,40.01243378,-104.9518326,1608.1248,47.7012,0.0,0.0,0.0
296.6,40.01243385,-104.9518326,1608.1248,47.7012,0.0,0.0,0.0
296.70000000000005,40.01243387,-104.9518326,1608.1248,47.7012,0.0,0.0,0.0
296.79999999999995,40.01243378,-104.9518326,1608.1248,47.7012,0.0,0.0,0.0
296.9,40.01243379,-104.9518326,1608.1248,47.7012,0.0,0.0,0.0
297.0,40.01243388,-104.9518326,1608.1248,47.7012,0.0,0.0,0.0
297.1,40.01243389,-104.9518326,1608.1248,47.7012,0.0,0.0,0.0
297.20000000000005,40.012434,-104.9518326,1608.1248,47.7012,0.0,0.0,0.0
297.29999999999995,40.01243402,-104.9518326,1608.1248,47.7012,0.0,0.0,0.0
297.4,40.01243397,-104.9518326,1608.1248,47.7012,0.0,0.0,0.0
297.5,40.01243398,-104.9518326,1608.1248,47.7012,0.0,0.0,0.0
297.6,40.01243409,-104.9518326,1608.1248,47.7012,0.0,0.0,0.0
297.70000000000005,40.0124341,-104.9518326,1608.1248,47.7012,0.0,0.0,0.0
297.79999999999995,40.01243404,-104.9518326,1608.1248,47.7012,0.0,0.0,0.0
297.9,40.01243405,-104.9518327,1608.1248,47.7012,0.0,0.0,0.0
298.1,40.01243419,-104.9518326,1608.1248,47.7012,0.0,0.0,0.0
298.29999999999995,40.01243418,-104.9518326,1608.1248,47.7012,0.0,0.0,0.0
298.70000000000005,40.01243436,-104.9518324,1608.1248,47.7012,0.0,0.0,0.0
298.79999999999995,40.01243448,-104.9518324,1608.1248,47.7012,0.0,0.0,0.0
298.9,40.01243452,-104.9518324,1608.1248,47.7012,0.0,0.0,0.0
299.1,40.0124346,-104.9518325,1608.1248,47.7012,0.0,0.0,0.0
299.20000000000005,40.0124348,-104.9518324,1608.1248,47.7012,0.312928,0.0,0.0
299.29999999999995,40.01243486,-104.9518324,1608.1248,47.7012,0.491744,0.0,0.0
299.4,40.01243489,-104.9518324,1608.1248,47.792640000000006,0.0,0.0,0.0
299.5,40.01243496,-104.9518324,1608.1248,47.792640000000006,0.491744,0.0,0.0
299.6,40.01243512,-104.9518323,1608.1248,47.7012,0.0,0.0,0.0
299.9,40.0124351,-104.9518322,1608.1248,47.792640000000006,0.22352,0.0,0.0
300.0,40.01243513,-104.9518324,1608.1248,47.792640000000006,0.0,0.0,0.0
300.1,40.01243517,-104.9518324,1608.1248,47.792640000000006,0.491744,0.0,0.0
300.20000000000005,40.0124352,-104.9518324,1608.1248,47.792640000000006,0.0,0.0,0.0
300.29999999999995,40.01243524,-104.9518324,1608.1248,47.792640000000006,0.491744,0.0,0.0
300.4,40.01243528,-104.9518324,1608.1248,47.792640000000006,0.0,0.0,0.0
300.5,40.01243532,-104.9518324,1608.1248,47.792640000000006,0.0,0.0,0.0
300.70000000000005,40.01243535,-104.9518325,1608.1248,47.792640000000006,0.0,0.0,0.0
300.79999999999995,40.01243534,-104.9518325,1608.1248,47.792640000000006,0.0,0.0,0.0
300.9,40.01243539,-104.9518325,1608.1248,47.792640000000006,0.0,0.0,0.0
301.0,40.01243523,-104.9518326,1608.1248,47.792640000000006,0.0,0.0,0.0
301.1,40.01243526,-104.9518326,1608.1248,47.792640000000006,0.0,0.0,0.0
301.29999999999995,40.01243529,-104.9518327,1608.1248,47.792640000000006,0.0,0.0,0.0
301.4,40.01243546,-104.9518327,1608.1248,47.792640000000006,0.0,0.0,0.0
301.6,40.01243554,-104.9518329,1608.1248,47.792640000000006,0.0,0.0,0.0
301.9,40.01243565,-104.9518331,1608.4296000000002,47.91456,0.0,0.0,0.0
302.0,40.01243552,-104.9518332,1608.4296000000002,47.91456,0.0,0.0,0.0
302.1,40.01243555,-104.9518333,1608.4296000000002,47.91456,0.0,0.0,0.0
302.20000000000005,40.01243547,-104.9518332,1608.4296000000002,47.91456,0.0,0.0,0.0
302.29999999999995,40.01243549,-104.9518333,1608.4296000000002,47.91456,0.0,0.0,0.0
302.4,40.01243543,-104.9518333,1608.4296000000002,47.91456,0.0,0.0,0.0
302.5,40.01243544,-104.9518333,1608.4296000000002,47.91456,0.0,0.0,0.0
302.70000000000005,40.01243543,-104.9518333,1608.4296000000002,47.91456,0.0,0.0,0.0
302.79999999999995,40.01243542,-104.9518333,1608.4296000000002,47.91456,0.0,0.0,0.0
302.9,40.01243543,-104.9518333,1608.4296000000002,47.91456,0.0,0.0,0.0
303.0,40.01243527,-104.9518332,1608.4296000000002,47.91456,0.0,0.0,0.0
303.1,40.01243527,-104.9518332,1608.4296000000002,47.91456,0.0,0.0,0.0
303.20000000000005,40.01243528,-104.9518332,1608.4296000000002,47.91456,0.0,0.0,0.0
303.29999999999995,40.01243527,-104.9518332,1608.4296000000002,48.006,0.0,0.0,0.0
303.4,40.01243528,-104.9518331,1608.4296000000002,48.006,0.0,0.0,0.0
303.5,40.01243527,-104.9518331,1608.4296000000002,48.006,0.0,0.0,0.0
303.6,40.01243528,-104.9518331,1608.4296000000002,48.006,0.0,0.0,0.0
303.70000000000005,40.01243527,-104.9518331,1608.4296000000002,48.006,0.0,0.0,0.0
303.79999999999995,40.01243514,-104.951833,1608.4296000000002,47.91456,0.0,0.0,0.0
304.0,40.01243516,-104.9518329,1608.4296000000002,47.91456,0.0,0.0,0.0
304.1,40.01243516,-104.9518328,1608.4296000000002,47.91456,0.0,0.0,0.0
304.20000000000005,40.01243519,-104.9518329,1608.4296000000002,48.006,0.0,0.0,0.0
304.29999999999995,40.0124352,-104.9518329,1608.4296000000002,48.006,0.0,0.0,0.0
304.4,40.01243507,-104.9518328,1608.4296000000002,48.006,0.0,0.0,0.0
304.5,40.01243506,-104.9518328,1608.4296000000002,48.006,0.0,0.0,0.0
304.6,40.01243508,-104.9518328,1608.4296000000002,48.006,0.0,0.0,0.0
304.70000000000005,40.01243508,-104.9518328,1608.4296000000002,48.006,0.0,0.0,0.0
304.79999999999995,40.01243509,-104.9518328,1608.4296000000002,48.006,0.0,0.0,0.0
304.9,40.0124351,-104.9518329,1608.4296000000002,48.006,0.0,0.0,0.0
305.0,40.01243511,-104.9518329,1608.4296000000002,48.006,0.491744,0.0,0.0
305.1,40.01243511,-104.9518329,1608.4296000000002,48.006,0.67056,0.0,0.0
305.20000000000005,40.01243511,-104.9518328,1608.4296000000002,48.006,0.491744,0.0,0.0
305.29999999999995,40.01243511,-104.9518328,1608.4296000000002,48.006,0.491744,0.0,0.0
305.4,40.01243512,-104.9518327,1608.4296000000002,48.006,0.491744,0.0,0.0
305.6,40.01243512,-104.9518326,1608.4296000000002,48.006,0.312928,0.0,0.0
305.70000000000005,40.01243508,-104.9518326,1608.4296000000002,48.006,0.0,0.0,0.0
305.79999999999995,40.01243498,-104.9518328,1608.4296000000002,48.006,0.0,0.0,0.0
305.9,40.01243494,-104.9518328,1608.4296000000002,48.006,0.0,0.0,0.0
306.20000000000005,40.01243493,-104.9518329,1608.4296000000002,48.006,0.22352,0.0,0.0
306.29999999999995,40.01243491,-104.9518329,1608.4296000000002,48.006,0.0,0.0,0.0
306.4,40.01243498,-104.9518331,1608.4296000000002,48.006,0.491744,0.0,0.0
306.5,40.01243499,-104.9518331,1608.4296000000002,48.006,0.0,0.0,0.0
306.6,40.01243488,-104.9518333,1608.4296000000002,48.006,0.0,0.0,0.0
306.70000000000005,40.01243489,-104.9518334,1608.4296000000002,48.006,0.0,0.089408,0.0
306.79999999999995,40.01243494,-104.9518334,1608.4296000000002,48.006,0.0,0.089408,0.0
306.9,40.01243494,-104.9518335,1608.4296000000002,48.006,0.0,0.089408,0.0
307.20000000000005,40.01243487,-104.9518336,1608.4296000000002,48.006,0.0,0.0,0.0
307.29999999999995,40.01243484,-104.9518337,1608.4296000000002,48.006,0.0,0.0,0.0
307.4,40.01243479,-104.9518338,1608.4296000000002,48.006,0.491744,0.0,0.0
307.5,40.01243477,-104.9518338,1608.4296000000002,48.006,0.0,0.0,0.0
307.70000000000005,40.01243465,-104.9518339,1608.4296000000002,48.006,0.312928,0.0,0.0
307.79999999999995,40.01243473,-104.9518339,1608.4296000000002,48.006,0.0,0.0,0.0
307.9,40.01243474,-104.9518338,1608.4296000000002,48.006,0.0,0.0,0.0
308.0,40.01243476,-104.951834,1608.4296000000002,47.91456,0.491744,0.0,0.0
308.1,40.01243478,-104.951834,1608.4296000000002,47.91456,0.0,0.0,0.0
308.20000000000005,40.01243489,-104.951834,1608.4296000000002,47.91456,0.0,0.0,0.0
308.29999999999995,40.01243492,-104.951834,1608.4296000000002,47.91456,0.0,0.0,0.0
308.4,40.01243497,-104.9518341,1608.4296000000002,47.91456,0.0,0.0,0.0
308.5,40.01243499,-104.9518342,1608.4296000000002,47.91456,0.0,0.0,0.0
308.70000000000005,40.01243517,-104.9518344,1608.4296000000002,47.91456,0.0,0.0,0.0
308.79999999999995,40.01243512,-104.9518343,1608.4296000000002,47.91456,0.312928,0.0,0.0
308.9,40.01243512,-104.9518344,1608.4296000000002,47.91456,0.491744,0.0,0.0
309.0,40.01243522,-104.9518344,1608.4296000000002,47.91456,0.0,0.0,0.0
309.1,40.01243523,-104.9518345,1608.4296000000002,47.91456,0.0,0.0,0.0
309.20000000000005,40.01243517,-104.9518346,1608.4296000000002,47.91456,0.0,0.0,0.0
309.29999999999995,40.01243518,-104.9518347,1608.4296000000002,47.91456,0.0,0.0,0.0
309.4,40.01243516,-104.9518346,1608.4296000000002,47.91456,0.0,0.0,0.0
309.5,40.01243516,-104.9518347,1608.4296000000002,47.91456,0.0,0.0,0.0
309.6,40.01243515,-104.9518347,1608.4296000000002,47.91456,0.0,0.0,0.0
309.79999999999995,40.01243513,-104.9518347,1608.4296000000002,47.91456,0.0,0.0,0.0
310.0,40.01243512,-104.9518347,1608.4296000000002,47.91456,0.22352,0.0,0.0
310.1,40.0124351,-104.9518347,1608.4296000000002,47.91456,0.0,0.0,0.0
310.20000000000005,40.0124351,-104.9518347,1608.4296000000002,47.91456,0.0,0.0,0.0
310.4,40.0124351,-104.9518347,1608.4296000000002,47.91456,0.0,0.0,0.0
310.6,40.01243496,-104.9518346,1608.4296000000002,47.91456,0.22352,0.0,0.0
310.70000000000005,40.01243492,-104.9518346,1608.4296000000002,47.91456,0.0,0.0,0.0
310.79999999999995,40.01243497,-104.9518347,1608.4296000000002,47.91456,0.0,0.0,0.0
310.9,40.01243494,-104.9518347,1608.4296000000002,47.91456,0.0,0.0,0.0
311.0,40.01243482,-104.9518345,1608.4296000000002,47.91456,0.0,0.0,0.0
311.1,40.01243478,-104.9518345,1608.4296000000002,47.91456,0.0,0.0,0.0
311.20000000000005,40.01243485,-104.9518346,1608.4296000000002,47.91456,0.0,0.0,0.0
311.4,40.01243472,-104.9518346,1608.4296000000002,47.91456,0.0,0.0,0.0
311.70000000000005,40.01243471,-104.9518347,1608.4296000000002,47.91456,0.178816,0.0,0.0
312.1,40.01243445,-104.9518347,1608.4296000000002,47.91456,0.0,0.0,0.0
312.20000000000005,40.01243454,-104.9518347,1608.4296000000002,47.91456,0.2682239999999999,0.0,0.0
312.4,40.01243442,-104.9518346,1608.4296000000002,47.91456,0.0,0.0,0.0
312.5,40.01243437,-104.9518346,1608.4296000000002,47.91456,0.0,0.0,0.0
312.6,40.01243429,-104.9518346,1608.4296000000002,47.91456,0.0,0.0,0.0
312.70000000000005,40.01243424,-104.9518346,1608.4296000000002,47.91456,0.0,0.0,0.0
312.79999999999995,40.01243418,-104.9518346,1608.4296000000002,47.91456,0.0,0.0,0.0
312.9,40.01243413,-104.9518346,1608.4296000000002,47.91456,0.0,0.0,0.0
313.0,40.01243409,-104.9518345,1608.4296000000002,47.91456,0.0,0.0,0.0
313.1,40.01243404,-104.9518345,1608.4296000000002,47.91456,0.0,0.0,0.0
313.20000000000005,40.012434,-104.9518345,1608.4296000000002,47.91456,0.0,0.0,0.0
313.29999999999995,40.01243395,-104.9518345,1608.4296000000002,47.91456,0.0,0.0,0.0
313.4,40.01243405,-104.9518345,1608.4296000000002,47.91456,0.0,0.0,0.0
313.5,40.01243402,-104.9518344,1608.4296000000002,47.91456,0.0,0.0,0.0
313.6,40.01243394,-104.9518345,1608.4296000000002,48.006,0.0,0.0,0.0
313.70000000000005,40.01243391,-104.9518344,1608.4296000000002,47.91456,0.0,0.0,0.0
313.79999999999995,40.01243398,-104.9518343,1608.4296000000002,48.006,0.0,0.0,0.0
313.9,40.01243395,-104.9518342,1608.4296000000002,48.006,0.0,0.0,0.0
314.0,40.012434,-104.9518343,1608.4296000000002,47.91456,0.0,0.0,0.0
314.4,40.01243391,-104.9518344,1608.4296000000002,48.006,0.0,0.0,0.0
314.5,40.01243389,-104.9518343,1608.4296000000002,48.006,0.0,0.0,0.0
314.6,40.01243393,-104.9518344,1608.4296000000002,48.006,0.0,0.0,0.0
314.70000000000005,40.01243392,-104.9518344,1608.4296000000002,48.006,0.0,0.0,0.0
315.0,40.01243382,-104.9518344,1608.4296000000002,48.006,0.0,0.0,0.0
315.1,40.01243381,-104.9518344,1608.4296000000002,48.006,0.0,0.0,0.0
315.20000000000005,40.01243384,-104.9518344,1608.4296000000002,48.006,0.0,0.0,0.0
315.29999999999995,40.01243384,-104.9518344,1608.4296000000002,47.91456,0.0,0.0,0.0
315.4,40.01243387,-104.9518344,1608.4296000000002,47.91456,0.0,0.0,0.0
315.6,40.01243389,-104.9518344,1608.4296000000002,47.91456,0.0,0.0,0.0
315.79999999999995,40.01243375,-104.9518345,1608.4296000000002,47.91456,0.22352,0.0,0.0
315.9,40.01243374,-104.9518345,1608.4296000000002,47.91456,0.0,0.0,0.0
316.0,40.01243375,-104.9518345,1608.4296000000002,47.91456,0.0,0.0,0.0
316.1,40.01243374,-104.9518345,1608.4296000000002,47.91456,0.0,0.0,0.0
316.20000000000005,40.01243374,-104.9518344,1608.4296000000002,47.91456,0.0,0.0,0.0
316.29999999999995,40.01243373,-104.9518344,1608.4296000000002,47.91456,0.0,0.0,0.0
316.4,40.01243374,-104.9518342,1608.4296000000002,47.91456,0.0,0.0,0.0
316.6,40.01243372,-104.9518342,1608.4296000000002,47.91456,0.0,0.0,0.0
316.70000000000005,40.0124337,-104.9518342,1608.4296000000002,47.91456,0.0,0.0,0.0
316.79999999999995,40.01243356,-104.9518341,1608.4296000000002,47.91456,0.0,0.0,0.0
317.0,40.01243358,-104.951834,1608.4296000000002,47.91456,0.0,0.0,0.0
317.1,40.01243356,-104.951834,1608.4296000000002,47.91456,0.0,0.0,0.0
317.5,40.01243345,-104.9518339,1608.4296000000002,47.91456,0.0,0.0,0.0
317.6,40.0124335,-104.9518339,1608.4296000000002,47.91456,0.0,0.0,0.0
317.70000000000005,40.01243348,-104.9518339,1608.4296000000002,47.91456,0.0,0.0,0.0
317.79999999999995,40.01243353,-104.9518338,1608.4296000000002,47.91456,0.0,0.0,0.0
317.9,40.01243352,-104.9518338,1608.4296000000002,47.91456,0.0,0.0,0.0
318.1,40.01243357,-104.9518339,1608.4296000000002,47.91456,0.312928,0.0,0.0
318.20000000000005,40.01243343,-104.9518339,1608.4296000000002,47.91456,0.312928,0.0,0.0
318.29999999999995,40.01243342,-104.951834,1608.4296000000002,47.91456,0.0,0.0,0.0
318.4,40.01243345,-104.951834,1608.4296000000002,47.91456,0.0,0.0,0.0
318.5,40.01243344,-104.951834,1608.4296000000002,47.91456,0.0,0.0,0.0
318.6,40.01243345,-104.951834,1608.4296000000002,47.91456,0.0,0.0,0.0
318.70000000000005,40.01243345,-104.951834,1608.4296000000002,47.91456,0.0,0.0,0.0
318.79999999999995,40.01243361,-104.9518339,1608.4296000000002,47.91456,0.0,0.0,0.0
319.20000000000005,40.0124336,-104.951834,1608.4296000000002,47.91456,0.0,0.0,0.0
319.29999999999995,40.01243361,-104.951834,1608.4296000000002,47.91456,0.0,0.0,0.0
319.5,40.01243363,-104.9518342,1608.4296000000002,47.91456,0.0,0.0,0.0
319.6,40.01243362,-104.9518342,1608.4296000000002,47.91456,0.0,0.0,0.0
319.70000000000005,40.01243365,-104.9518342,1608.4296000000002,47.91456,0.0,0.0,0.0
319.79999999999995,40.01243348,-104.9518343,1608.4296000000002,48.006,0.0,0.0,0.0
320.0,40.01243333,-104.9518343,1608.4296000000002,48.006,0.0,0.0,0.0
320.1,40.01243331,-104.9518344,1608.4296000000002,48.006,0.0,0.0,0.0
320.20000000000005,40.01243332,-104.9518345,1608.4296000000002,48.006,0.0,0.0,0.0
320.29999999999995,40.0124333,-104.9518345,1608.4296000000002,48.006,0.0,0.0,0.0
320.6,40.0124333,-104.9518345,1608.4296000000002,48.006,0.0,0.0,0.0
320.70000000000005,40.01243328,-104.9518346,1608.4296000000002,48.006,0.0,0.0,0.0
320.9,40.01243328,-104.9518345,1608.4296000000002,47.91456,0.0,0.0,0.0
321.0,40.01243331,-104.9518345,1608.4296000000002,48.006,0.0,0.0,0.0
321.20000000000005,40.01243331,-104.9518345,1608.4296000000002,48.006,0.0,0.0,0.0
321.29999999999995,40.01243329,-104.9518345,1608.4296000000002,48.006,0.0,0.0,0.0
321.4,40.01243331,-104.9518345,1608.4296000000002,48.006,0.0,0.0,0.0
321.5,40.01243329,-104.9518345,1608.4296000000002,48.006,0.0,0.0,0.0
321.6,40.01243331,-104.9518345,1608.4296000000002,48.006,0.0,0.0,0.0
321.70000000000005,40.01243329,-104.9518345,1608.4296000000002,48.006,0.0,0.0,0.0
321.79999999999995,40.01243331,-104.9518345,1608.4296000000002,48.006,0.0,0.0,0.0
321.9,40.01243329,-104.9518345,1608.4296000000002,48.006,0.0,0.0,0.0
322.0,40.01243347,-104.9518346,1608.4296000000002,48.006,0.0,0.0,0.0
322.1,40.01243347,-104.9518346,1608.4296000000002,48.006,0.0,0.0,0.0
322.20000000000005,40.01243332,-104.9518346,1608.4296000000002,48.006,0.0,0.0,0.0
322.29999999999995,40.01243331,-104.9518346,1608.4296000000002,48.006,0.0,0.0,0.0
322.4,40.01243349,-104.9518346,1608.4296000000002,48.006,0.0,0.0,0.0
322.5,40.01243351,-104.9518346,1608.4296000000002,48.006,0.0,0.0,0.0
322.6,40.01243352,-104.9518346,1608.4296000000002,48.006,0.0,0.0,0.0
322.70000000000005,40.01243353,-104.9518347,1608.4296000000002,48.006,0.491744,0.0,0.0
322.79999999999995,40.01243352,-104.9518346,1608.4296000000002,48.006,0.0,0.0,0.0
322.9,40.01243353,-104.9518347,1608.4296000000002,47.91456,0.491744,0.0,0.0
323.0,40.01243351,-104.9518348,1608.4296000000002,47.91456,0.0,0.0,0.0
323.1,40.01243352,-104.9518348,1608.4296000000002,47.91456,0.0,0.0,0.0
323.29999999999995,40.01243367,-104.9518349,1608.4296000000002,47.91456,0.0,0.0,0.0
323.5,40.01243365,-104.9518349,1608.4296000000002,48.006,0.0,0.0,0.0
323.70000000000005,40.01243364,-104.951835,1608.4296000000002,48.006,0.0,0.0,0.0
323.79999999999995,40.01243361,-104.951835,1608.4296000000002,48.006,0.0,0.0,0.0
323.9,40.01243363,-104.951835,1608.4296000000002,48.006,0.0,0.0,0.0
324.0,40.01243361,-104.9518351,1608.4296000000002,48.006,0.0,0.0,0.0
324.1,40.01243363,-104.9518351,1608.4296000000002,48.006,0.0,0.0,0.0
324.29999999999995,40.01243363,-104.9518352,1608.4296000000002,48.006,0.0,0.0,0.0
324.4,40.01243345,-104.9518352,1608.4296000000002,48.006,0.0,0.0,0.0
324.5,40.01243344,-104.9518352,1608.4296000000002,48.006,0.0,0.0,0.0
324.6,40.01243344,-104.9518352,1608.4296000000002,48.006,0.0,0.0,0.0
324.70000000000005,40.01243343,-104.9518352,1608.4296000000002,48.006,0.0,0.0,0.0
324.9,40.01243359,-104.9518353,1608.4296000000002,48.006,0.0,0.0,0.0
325.0,40.01243343,-104.9518352,1608.4296000000002,48.006,0.0,0.0,0.0
325.29999999999995,40.01243338,-104.951835,1608.4296000000002,48.006,0.0,0.0,0.0
325.4,40.01243339,-104.9518351,1608.4296000000002,48.006,0.0,0.0,0.0
325.70000000000005,40.01243335,-104.9518351,1608.4296000000002,48.006,0.0,0.0,0.0
325.79999999999995,40.01243324,-104.9518353,1608.4296000000002,48.006,0.0,0.0,0.0
325.9,40.01243319,-104.9518353,1608.4296000000002,48.006,0.0,0.0,0.0
326.0,40.01243326,-104.9518353,1608.4296000000002,48.006,0.0,0.0,0.0
326.1,40.01243322,-104.9518353,1608.4296000000002,48.006,0.0,0.0,0.0
326.20000000000005,40.01243327,-104.9518353,1608.4296000000002,48.006,0.0,0.0,0.0
326.5,40.01243311,-104.9518353,1608.4296000000002,48.006,0.0,0.0,0.0
326.6,40.01243318,-104.9518353,1608.4296000000002,48.006,0.0,0.0,0.0
326.70000000000005,40.01243317,-104.9518353,1608.4296000000002,48.006,0.0,0.0,0.0
326.79999999999995,40.01243324,-104.9518353,1608.4296000000002,48.006,0.0,0.0,0.0
326.9,40.01243324,-104.9518353,1608.4296000000002,48.006,0.0,0.0,0.0
327.1,40.01243328,-104.9518353,1608.4296000000002,48.006,0.0,0.0,0.0
327.20000000000005,40.01243341,-104.9518354,1608.4296000000002,48.006,0.0,0.0,0.0
327.29999999999995,40.01243342,-104.9518354,1608.4296000000002,48.006,0.0,0.0,0.0
327.4,40.01243354,-104.9518353,1608.4296000000002,48.006,0.491744,0.0,0.0
327.5,40.01243357,-104.9518353,1608.4296000000002,48.006,0.0,0.0,0.0
327.6,40.01243367,-104.9518353,1608.4296000000002,48.006,0.0,0.0,0.0
327.70000000000005,40.01243372,-104.9518352,1608.4296000000002,48.097440000000006,0.0,0.0,90.0
327.79999999999995,40.01243386,-104.9518351,1608.4296000000002,48.006,0.0,0.0,77.47119229084848
327.9,40.01243405,-104.9518343,1608.4296000000002,48.006,0.67056,0.0,82.8749836510982
328.0,40.01243433,-104.951833,1608.4296000000002,48.006,1.0728959999999998,0.0,79.50852298766841
328.20000000000005,40.01243497,-104.9518294,1608.4296000000002,48.006,1.475232,0.0,87.33699923393283
328.4,40.0124352,-104.9518242,1608.4296000000002,48.006,1.877568,0.0,91.97493401088197
328.5,40.01243501,-104.9518209,1608.4296000000002,48.006,2.414016,0.0,96.1466256596467
328.70000000000005,40.01243399,-104.9518135,1608.4296000000002,48.006,3.084576,0.0,101.59217541029108
328.79999999999995,40.01243351,-104.9518093,1608.4296000000002,48.006,3.3528,0.0,101.95658424314912
329.0,40.01243165,-104.9517997,1608.4296000000002,48.097440000000006,4.02336,0.0,105.70863782901574
329.20000000000005,40.0124298,-104.9517901,1608.4296000000002,48.097440000000006,4.202176,0.0,106.3895403340348
329.29999999999995,40.01242893,-104.951786,1608.7344,48.18888,4.02336,0.0,105.12400730831058
329.4,40.01242824,-104.9517826,1608.7344,48.18888,3.308096,0.0,105.94539590092285
329.5,40.01242759,-104.9517796,1608.4296000000002,48.097440000000006,2.861056,0.0,106.50436138175502
329.6,40.01242663,-104.9517767,1608.4296000000002,48.097440000000006,2.68224,0.089408,113.051300916473
329.70000000000005,40.01242569,-104.9517744,1608.4296000000002,48.097440000000006,2.45872,0.089408,124.01934998982648
329.79999999999995,40.01242403,-104.9517715,1608.4296000000002,48.097440000000006,2.592832,0.089408,133.5311992856142
330.0,40.0124203,-104.9517665,1608.4296000000002,48.097440000000006,2.995168,0.0,144.46232220802565
330.20000000000005,40.01241524,-104.9517618,1608.4296000000002,48.097440000000006,3.218688,0.0,149.1534125878514
330.29999999999995,40.01241216,-104.9517595,1608.4296000000002,48.097440000000006,3.621024,0.0,150.0183606311507
330.4,40.01240897,-104.9517573,1608.4296000000002,48.097440000000006,3.978656,0.0,152.65012421993015
330.5,40.01240529,-104.9517548,1608.4296000000002,48.097440000000006,4.291583999999999,0.0,153.43494882292202
330.6,40.01240117,-104.9517524,1608.4296000000002,48.097440000000006,4.828032,0.0,155.47227951974196
330.70000000000005,40.01239688,-104.9517498,1608.4296000000002,48.097440000000006,5.14096,0.0,155.98920093610036
330.79999999999995,40.01239233,-104.9517472,1608.4296000000002,48.097440000000006,5.409184,0.0,157.1001334715345
330.9,40.01238746,-104.9517445,1608.4296000000002,48.097440000000006,5.677408,0.0,157.4794343971031
331.0,40.01238253,-104.9517421,1608.4296000000002,48.097440000000006,5.856224,0.0,158.5795408807901
331.1,40.01237713,-104.9517393,1608.4296000000002,48.097440000000006,6.169152,0.0,158.4875957776536
331.4,40.01236181,-104.9517316,1608.4296000000002,48.097440000000006,6.169152,0.0,159.33387656904677
331.5,40.0123575,-104.9517294,1608.4296000000002,48.006,5.856224,0.0,158.77634349723382
331.6,40.01235316,-104.9517276,1608.4296000000002,48.006,5.096256,0.0,158.62937773065687
331.70000000000005,40.01234971,-104.9517258,1608.4296000000002,48.006,4.604512000000001,0.089408,159.05734945001177
331.79999999999995,40.01234581,-104.9517237,1608.4296000000002,47.91456,4.380992,0.089408,158.62937773065687
331.9,40.01234321,-104.9517224,1608.4296000000002,47.91456,3.933952,0.089408,160.97439396243135
332.0,40.01234076,-104.9517215,1608.4296000000002,47.91456,2.90576,0.089408,161.2001148413474
332.20000000000005,40.0123371,-104.95172,1608.4296000000002,47.91456,2.369312,0.0,162.75854060106008
332.29999999999995,40.01233598,-104.9517195,1608.4296000000002,47.91456,1.832864,0.0,164.35775354279122
332.4,40.01233479,-104.9517191,1608.4296000000002,47.91456,1.430528,0.0,165.9637565320735
332.6,40.0123336,-104.9517187,1608.4296000000002,48.006,0.938784,0.0,169.69515353123393
332.79999999999995,40.0123327,-104.9517185,1608.4296000000002,48.006,0.581152,0.0,180.0
332.9,40.01233236,-104.9517185,1608.4296000000002,48.006,0.44704,0.0,180.0
333.0,40.01233229,-104.9517187,1608.4296000000002,48.006,0.0,0.0,135.0
333.1,40.01233218,-104.9517184,1608.4296000000002,48.006,0.0,0.0,90.0
333.20000000000005,40.0123327,-104.9517178,1608.4296000000002,48.006,0.0,0.0,72.64597536373867
333.29999999999995,40.01233297,-104.9517167,1608.4296000000002,48.006,0.67056,0.0,67.75097634278762
333.4,40.01233373,-104.9517155,1608.4296000000002,48.006,0.938784,0.0,65.85445803957833
333.5,40.01233439,-104.9517136,1608.4296000000002,48.006,1.519936,0.0,64.65382405805332
333.6,40.01233533,-104.9517116,1608.4296000000002,48.006,1.832864,0.0,62.904447506248175
333.70000000000005,40.01233623,-104.9517093,1608.4296000000002,48.006,2.101088,0.0,62.904447506248175
333.79999999999995,40.01233729,-104.9517076,1608.4296000000002,48.006,2.01168,0.0,63.43494882292202
333.9,40.01233802,-104.9517059,1608.4296000000002,48.006,1.654048,0.089408,61.113418233089305
334.0,40.01233855,-104.9517048,1608.4296000000002,48.006,1.34112,0.089408,63.43494882292202
334.1,40.01233899,-104.9517038,1608.4296000000002,48.006,1.0728959999999998,0.0,60.64224645720873
334.20000000000005,40.0123395,-104.951703,1608.4296000000002,48.097440000000006,0.938784,0.0,57.52880770915152
334.29999999999995,40.01233975,-104.9517025,1608.4296000000002,48.097440000000006,0.67056,0.0,54.462322208025626
334.4,40.01234021,-104.951702,1608.4296000000002,48.097440000000006,0.67056,0.0,68.19859051364818
334.5,40.01234036,-104.9517017,1608.4296000000002,48.006,0.67056,0.0,68.19859051364818
334.6,40.0123407,-104.9517014,1608.4296000000002,48.006,0.0,0.0,45.0
334.70000000000005,40.01234081,-104.9517013,1608.4296000000002,48.006,0.0,0.0,45.0
334.79999999999995,40.01234109,-104.9517011,1608.4296000000002,48.006,0.0,0.0,0.0
334.9,40.01234116,-104.9517011,1608.4296000000002,47.91456,0.0,0.0,0.0
335.0,40.01234134,-104.9517011,1608.4296000000002,47.91456,0.0,0.0,0.0
335.1,40.01234138,-104.9517011,1608.4296000000002,47.91456,0.491744,0.0,0.0
335.29999999999995,40.01234141,-104.9517011,1608.4296000000002,47.91456,0.0,0.0,0.0
335.4,40.0123414,-104.9517011,1608.4296000000002,47.91456,0.0,0.0,0.0
335.5,40.01234141,-104.9517011,1608.4296000000002,47.91456,0.0,0.0,0.0
335.6,40.01234132,-104.9517011,1608.4296000000002,47.91456,0.491744,0.0,0.0
335.70000000000005,40.01234131,-104.9517012,1608.4296000000002,47.91456,0.0,0.0,0.0
335.9,40.01234126,-104.9517013,1608.4296000000002,47.91456,0.0,0.0,0.0
336.0,40.01234127,-104.9517013,1608.4296000000002,47.91456,0.0,0.0,0.0
336.1,40.01234124,-104.9517014,1608.4296000000002,47.91456,0.0,0.0,180.0
336.29999999999995,40.01234051,-104.9517012,1608.4296000000002,47.91456,0.0,0.0,162.64597536373867
336.4,40.01233979,-104.9517007,1608.4296000000002,47.91456,0.625856,0.0,157.75097634278768
336.6,40.01233738,-104.9516992,1608.4296000000002,47.91456,1.34112,0.0,154.65382405805326
336.70000000000005,40.01233568,-104.9516981,1608.4296000000002,47.91456,1.6987519999999998,0.0,154.91640599380912
336.79999999999995,40.01233377,-104.9516969,1608.4296000000002,47.91456,2.2352,0.0,155.15761089454486
337.0,40.01232898,-104.9516938,1608.4296000000002,47.91456,2.771648,0.0,155.17065341185048
337.20000000000005,40.01232309,-104.95169,1608.4296000000002,48.006,3.308096,0.0,153.7185889786798
337.6,40.01230793,-104.95168,1608.4296000000002,48.006,4.380992,0.0,152.7838884426925
337.70000000000005,40.01230352,-104.951677,1608.4296000000002,48.006,4.872736,0.0,152.62229722866823
337.9,40.01229405,-104.9516706,1608.4296000000002,47.91456,5.766816,0.0,152.14555091886177
338.0,40.01228873,-104.9516671,1608.4296000000002,47.91456,6.169152,0.0,152.73411797265965
338.1,40.01228334,-104.9516634,1608.4296000000002,47.91456,6.7056,0.0,152.27594376402865
338.20000000000005,40.01227769,-104.9516597,1608.4296000000002,47.91456,6.884416,0.0,152.6392252701828
338.29999999999995,40.01227182,-104.9516557,1608.4296000000002,47.91456,7.197344,0.0,152.81888891452286
338.4,40.01226566,-104.9516515,1608.4296000000002,47.91456,7.554975999999999,0.0,153.13808215559732
338.5,40.01225935,-104.9516472,1608.1248,47.792640000000006,7.8232,0.0,152.4348746947993
338.6,40.01225277,-104.9516428,1608.1248,47.792640000000006,8.091424,0.0,152.4592026356272
338.70000000000005,40.01224606,-104.9516383,1608.1248,47.792640000000006,8.314944,0.0,152.62229722866823
338.79999999999995,40.01223926,-104.9516335,1608.1248,47.7012,8.49376,0.0,152.37892501692454
338.9,40.01223218,-104.9516286,1608.1248,47.7012,8.71728,0.0,152.02841541861858
339.0,40.01222472,-104.9516236,1608.1248,47.7012,9.119616,0.0,152.31893843151477
339.1,40.01221724,-104.9516184,1608.1248,47.7012,9.38784,0.0,152.4680232512777
339.20000000000005,40.01220957,-104.9516132,1608.1248,47.7012,9.521952,0.0,152.25375990959537
339.29999999999995,40.01220173,-104.9516078,1608.1248,47.7012,9.745472,0.0,152.397512885605
339.4,40.01219364,-104.9516022,1608.1248,47.7012,10.013696,0.0,152.41797079220282
339.5,40.01218546,-104.9515965,1608.1248,47.7012,10.237215999999998,0.0,151.66575751687537
339.6,40.01217771,-104.9515911,1608.1248,47.7012,10.0584,-0.089408,151.69924423399362
339.70000000000005,40.01216948,-104.9515854,1608.1248,47.7012,10.0584,-0.402336,151.3097134549817
339.9,40.01215305,-104.9515738,1608.1248,47.792640000000006,10.371328,-0.402336,151.49756392307145
340.0,40.01214565,-104.9515687,1608.1248,47.792640000000006,10.013696,-0.312928,151.52579638992563
340.1,40.01213866,-104.9515638,1608.1248,47.792640000000006,9.074912,-0.089408,151.57879077547312
340.20000000000005,40.01213141,-104.9515591,1608.1248,47.792640000000006,8.896096,-0.089408,152.168172435182
340.4,40.01211883,-104.9515502,1608.1248,47.792640000000006,8.314944,0.0,152.01076150467622
340.6,40.01210816,-104.9515429,1608.1248,47.7012,7.331455999999999,0.0,151.80869162620684
340.70000000000005,40.01210337,-104.9515396,1608.1248,47.7012,6.48208,0.0,152.24145939893992
340.79999999999995,40.01209874,-104.9515364,1608.1248,47.7012,5.945632,0.0,151.9275130641471
340.9,40.01209476,-104.9515336,1608.1248,47.7012,5.409184,0.0,152.4680232512777
341.1,40.0120872,-104.9515285,1608.1248,47.792640000000006,4.828032,0.0,151.60698057861703
341.29999999999995,40.01208188,-104.9515247,1608.1248,47.792640000000006,4.068064,0.0,151.03233935393598
341.4,40.01207967,-104.9515233,1608.1248,47.792640000000006,3.173984,0.0,150.12400730831058
341.5,40.01207785,-104.951522,1608.1248,47.792640000000006,2.503424,0.0,151.18920625702697
341.6,40.01207642,-104.9515209,1608.4296000000002,47.91456,2.01168,0.0,149.85861444792465
341.70000000000005,40.01207524,-104.9515201,1608.4296000000002,47.91456,1.654048,0.0,152.52556837372288
341.79999999999995,40.01207451,-104.9515197,1608.4296000000002,47.91456,1.0728959999999998,0.0,153.43494882292202
341.9,40.01207384,-104.9515192,1608.4296000000002,47.91456,0.938784,0.0,151.69924423399362
342.0,40.01207349,-104.9515189,1608.4296000000002,47.91456,0.67056,0.0,142.1250163489018
342.1,40.01207307,-104.9515185,1608.4296000000002,48.097440000000006,0.67056,-0.089408,144.46232220802565
342.20000000000005,40.01207307,-104.9515184,1608.4296000000002,48.097440000000006,0.0,-0.089408,144.46232220802565
342.29999999999995,40.01207275,-104.9515181,1608.4296000000002,48.097440000000006,0.0,0.0,144.46232220802565
342.5,40.01207252,-104.9515179,1608.4296000000002,47.91456,0.0,0.0,158.19859051364824
342.6,40.0120725,-104.951518,1608.4296000000002,47.91456,0.0,0.0,158.19859051364824
342.70000000000005,40.0120723,-104.9515178,1608.4296000000002,47.91456,0.0,0.0,135.0
342.79999999999995,40.01207243,-104.9515178,1608.4296000000002,47.91456,0.0,0.0,135.0
342.9,40.01207229,-104.9515177,1608.4296000000002,47.91456,0.0,0.0,180.0
343.0,40.01207245,-104.9515179,1608.1248,47.792640000000006,0.0,0.0,180.0
343.20000000000005,40.01207239,-104.9515179,1608.4296000000002,47.91456,0.0,0.0,0.0
343.70000000000005,40.01207259,-104.9515177,1608.4296000000002,47.91456,0.0,0.0,90.0
343.79999999999995,40.01207252,-104.9515177,1608.1248,47.792640000000006,0.0,0.402336,90.0
344.1,40.01207257,-104.9515176,1607.8200000000002,47.487840000000006,0.0,1.609344,0.0
344.4,40.01207246,-104.9515175,1607.2104000000002,46.7868,0.0,2.816352,0.0
344.5,40.01207241,-104.9515174,1606.9056,46.51248,0.0,2.90576,180.0
344.6,40.01207219,-104.9515173,1606.6008000000002,46.20768,0.0,2.995168,180.0
344.70000000000005,40.01207207,-104.9515172,1606.296,45.90288,0.0,3.084576,180.0
344.79999999999995,40.01207204,-104.9515173,1605.9912000000002,45.59808,0.0,3.084576,180.0
344.9,40.01207189,-104.9515172,1605.6864,45.29328,0.491744,3.084576,180.0
345.0,40.0120717,-104.951517,1605.3816000000002,44.98848,0.0,3.218688,180.0
345.1,40.01207156,-104.9515169,1605.0768,44.71416,0.0,3.084576,158.19859051364824
345.20000000000005,40.01207141,-104.9515164,1604.7720000000002,44.40936,0.0,2.995168,135.0
345.29999999999995,40.01207135,-104.9515162,1604.4672,44.10456,0.0,2.816352,135.0
345.4,40.01207119,-104.9515161,1604.1624000000002,43.891200000000005,0.0,2.279904,0.0
345.5,40.01207126,-104.9515161,1604.1624000000002,43.70832,0.0,1.6987519999999998,0.0
345.6,40.01207143,-104.951516,1604.1624000000002,43.586400000000005,0.0,1.296416,0.0
345.70000000000005,40.01207157,-104.951516,1603.8576,43.49496,0.0,1.1176,0.0
345.79999999999995,40.01207144,-104.9515159,1603.5528000000002,43.19016,0.0,1.1176,0.0
345.9,40.01207153,-104.9515158,1603.5528000000002,43.00728,0.0,1.1176,0.0
346.0,40.01207177,-104.9515157,1603.248,42.79392000000001,0.0,0.983488,0.0
346.20000000000005,40.01207186,-104.9515156,1602.9432000000002,42.48912000000001,0.0,0.804672,0.0
346.29999999999995,40.01207193,-104.9515156,1602.9432000000002,42.48912000000001,0.0,0.89408,0.0
346.4,40.01207204,-104.9515157,1602.9432000000002,42.39768,0.0,1.207008,0.0
346.5,40.0120721,-104.9515157,1602.6384,42.2148,0.0,1.519936,0.0
346.6,40.01207208,-104.9515156,1602.3336000000002,42.00144,0.0,1.6987519999999998,0.0
346.70000000000005,40.01207211,-104.9515156,1602.3336000000002,41.91,0.0,1.609344,0.0
347.1,40.01207215,-104.9515161,1601.7240000000002,41.20896,0.0,2.503424,0.0
347.20000000000005,40.01207209,-104.9515163,1601.4192,40.9956,0.178816,2.68224,0.0
347.29999999999995,40.01207203,-104.9515163,1601.1144000000002,40.6908,0.0,2.90576,0.0
347.4,40.01207188,-104.9515164,1600.8096,40.29456,0.0,2.90576,180.0
347.5,40.01207169,-104.9515164,1600.5048000000002,39.98976,0.0,2.68224,180.0
347.6,40.01207155,-104.9515165,1600.2,39.68496,0.0,2.503424,180.0
347.70000000000005,40.01207142,-104.9515166,1599.8952000000002,39.50208,0.0,1.922272,0.0
347.79999999999995,40.01207146,-104.9515167,1599.8952000000002,39.41064000000001,0.0,1.296416,0.0
347.9,40.01207155,-104.9515167,1599.8952000000002,39.41064000000001,0.0,0.715264,0.0
348.0,40.01207161,-104.9515166,1599.8952000000002,39.41064000000001,0.0,0.22352,0.0
348.20000000000005,40.01207158,-104.9515168,1599.5904,39.19728,0.0,0.0,0.0
348.4,40.01207159,-104.951517,1599.5904,39.10584000000001,0.0,0.0,0.0
348.5,40.01207163,-104.9515171,1599.5904,39.10584000000001,0.0,0.0,0.0
348.6,40.01207187,-104.9515172,1599.2856000000002,39.0144,0.0,0.0,0.0
348.70000000000005,40.0120719,-104.9515173,1599.2856000000002,39.0144,0.0,0.0,0.0
348.9,40.01207194,-104.9515175,1599.2856000000002,39.0144,0.0,0.0,0.0
349.0,40.0120718,-104.9515177,1599.5904,39.10584000000001,0.0,0.0,0.0
349.1,40.01207179,-104.9515178,1599.5904,39.10584000000001,0.491744,0.0,0.0
349.20000000000005,40.01207173,-104.9515179,1599.5904,39.10584000000001,0.0,0.0,0.0
349.29999999999995,40.01207171,-104.951518,1599.5904,39.10584000000001,0.491744,0.0,0.0
349.4,40.01207186,-104.9515181,1599.5904,39.10584000000001,0.0,0.0,0.0
349.5,40.01207185,-104.9515183,1599.5904,39.10584000000001,0.0,0.0,0.0
349.6,40.01207169,-104.9515185,1599.5904,39.19728,0.0,0.0,0.0
349.70000000000005,40.01207166,-104.9515186,1599.5904,39.19728,0.0,0.0,0.0
349.79999999999995,40.01207169,-104.9515186,1599.5904,39.19728,0.0,0.0,0.0
349.9,40.01207166,-104.9515187,1599.5904,39.19728,0.0,0.089408,0.0
350.0,40.0120717,-104.9515188,1599.5904,39.10584000000001,0.491744,0.491744,0.0
350.1,40.01207168,-104.9515189,1599.5904,39.10584000000001,0.0,0.89408,0.0
350.20000000000005,40.01207157,-104.9515189,1599.2856000000002,38.89248,0.0,1.296416,0.0
350.29999999999995,40.01207155,-104.951519,1599.2856000000002,38.80104,0.0,1.609344,0.0
350.4,40.01207146,-104.9515192,1598.9808,38.58768,0.0,1.519936,0.0
350.5,40.01207144,-104.9515193,1598.9808,38.49624,0.0,1.296416,0.0
350.6,40.01207156,-104.951519,1598.6760000000002,38.4048,0.0,0.804672,0.0
350.70000000000005,40.01207162,-104.951519,1598.6760000000002,38.4048,0.491744,0.402336,0.0
350.79999999999995,40.01207158,-104.951519,1598.6760000000002,38.4048,0.0,0.089408,0.0
350.9,40.01207159,-104.951519,1598.9808,38.49624,0.0,0.0,0.0
351.0,40.01207168,-104.951519,1598.6760000000002,38.4048,0.0,-0.089408,0.0
351.1,40.01207167,-104.951519,1598.6760000000002,38.4048,0.0,0.0,0.0
351.20000000000005,40.01207154,-104.9515191,1598.6760000000002,38.4048,0.0,-0.089408,0.0
351.29999999999995,40.01207153,-104.9515191,1598.6760000000002,38.31336,0.0,0.0,0.0
351.4,40.01207169,-104.9515189,1598.6760000000002,38.31336,0.0,0.0,0.0
351.5,40.0120717,-104.9515188,1598.6760000000002,38.31336,0.0,0.0,0.0
351.6,40.01207172,-104.9515188,1598.6760000000002,38.31336,0.0,0.089408,0.0
351.70000000000005,40.01207173,-104.9515188,1598.6760000000002,38.31336,0.0,0.312928,0.0
351.79999999999995,40.01207187,-104.9515186,1598.6760000000002,38.31336,0.0,0.312928,0.0
351.9,40.01207189,-104.9515185,1598.6760000000002,38.31336,0.0,0.089408,0.0
352.0,40.01207198,-104.9515185,1598.6760000000002,38.19144,0.0,0.0,0.0
352.1,40.01207199,-104.9515185,1598.6760000000002,38.19144,0.0,0.0,0.0
352.20000000000005,40.01207193,-104.9515185,1598.6760000000002,38.31336,0.0,0.0,0.0
352.29999999999995,40.01207194,-104.9515185,1598.6760000000002,38.31336,0.0,0.0,0.0
352.4,40.01207206,-104.9515184,1598.6760000000002,38.31336,0.0,0.0,0.0
352.5,40.01207209,-104.9515184,1598.6760000000002,38.31336,0.0,0.0,0.0
352.70000000000005,40.01207209,-104.9515185,1598.6760000000002,38.31336,0.0,0.0,0.0
352.9,40.01207226,-104.9515184,1598.6760000000002,38.31336,0.0,0.0,0.0
353.0,40.01207221,-104.9515184,1598.6760000000002,38.31336,0.0,0.0,0.0
353.1,40.01207226,-104.9515185,1598.6760000000002,38.31336,0.0,0.0,0.0
353.20000000000005,40.01207235,-104.9515184,1598.6760000000002,38.31336,0.0,0.0,0.0
353.29999999999995,40.0120724,-104.9515184,1598.6760000000002,38.31336,0.0,0.312928,0.0
353.4,40.01207248,-104.9515184,1598.6760000000002,38.31336,0.0,0.715264,0.0
353.5,40.01207253,-104.9515184,1598.6760000000002,38.19144,0.491744,1.1176,0.0
353.9,40.01207258,-104.9515184,1598.0664000000002,37.4904,0.0,2.190496,0.0
354.0,40.01207279,-104.9515184,1597.7616,37.30752,0.178816,1.78816,0.0
354.20000000000005,40.01207289,-104.9515182,1597.4568000000002,37.00272,0.0,0.804672,0.0
354.5,40.01207319,-104.9515182,1597.4568000000002,37.00272,0.0,0.0,0.0
354.6,40.01207322,-104.9515183,1597.4568000000002,36.91128,0.0,0.0,0.0
354.70000000000005,40.0120733,-104.9515182,1597.4568000000002,36.91128,0.0,0.0,0.0
354.79999999999995,40.01207324,-104.951518,1597.4568000000002,36.91128,0.0,0.0,0.0
354.9,40.01207329,-104.9515178,1597.4568000000002,36.91128,0.0,0.0,0.0
355.0,40.0120734,-104.9515177,1597.4568000000002,36.91128,0.0,0.0,0.0
355.1,40.01207343,-104.9515177,1597.4568000000002,36.91128,0.0,0.0,0.0
355.20000000000005,40.0120734,-104.9515178,1597.4568000000002,36.91128,0.0,0.0,0.0
355.29999999999995,40.01207342,-104.9515177,1597.4568000000002,37.00272,0.0,0.0,0.0
355.4,40.01207345,-104.951518,1597.4568000000002,37.00272,0.0,0.0,0.0
355.5,40.01207345,-104.951518,1597.4568000000002,37.00272,0.0,0.0,0.0
355.6,40.01207339,-104.9515181,1597.4568000000002,37.00272,0.0,0.0,0.0
355.70000000000005,40.01207339,-104.9515182,1597.4568000000002,37.00272,0.0,0.0,0.0
355.79999999999995,40.01207338,-104.9515182,1597.4568000000002,37.09416,0.0,0.0,0.0
355.9,40.01207338,-104.9515183,1597.4568000000002,37.09416,0.0,0.0,0.0
356.1,40.01207338,-104.9515182,1597.4568000000002,37.09416,0.0,0.0,0.0
356.20000000000005,40.01207339,-104.9515183,1597.4568000000002,37.09416,0.0,0.0,0.0
356.5,40.0120734,-104.9515186,1597.4568000000002,37.09416,0.0,0.0,0.0
356.6,40.01207339,-104.9515186,1597.4568000000002,37.09416,0.0,0.0,0.0
356.70000000000005,40.0120734,-104.9515187,1597.4568000000002,37.09416,0.0,0.0,0.0
356.79999999999995,40.0120734,-104.9515185,1597.4568000000002,37.09416,0.0,0.0,0.0
356.9,40.0120734,-104.9515186,1597.4568000000002,37.09416,0.0,0.0,0.0
357.1,40.0120734,-104.9515186,1597.4568000000002,37.09416,0.0,0.0,0.0
357.29999999999995,40.01207339,-104.9515187,1597.7616,37.1856,0.0,0.0,0.0
357.5,40.01207353,-104.9515186,1597.7616,37.1856,0.0,0.0,0.0
357.6,40.01207351,-104.9515186,1597.7616,37.1856,0.0,0.0,0.0
357.70000000000005,40.01207352,-104.9515186,1597.7616,37.1856,0.491744,0.0,0.0
357.79999999999995,40.01207352,-104.9515187,1597.7616,37.1856,0.491744,0.0,0.0
357.9,40.01207354,-104.9515187,1597.7616,37.1856,0.0,0.0,0.0
358.0,40.01207354,-104.9515187,1597.7616,37.1856,0.0,0.089408,0.0
358.1,40.01207357,-104.9515187,1597.7616,37.1856,0.0,0.0,0.0
358.20000000000005,40.01207355,-104.9515187,1597.7616,37.1856,0.0,0.089408,0.0
358.29999999999995,40.01207358,-104.9515187,1597.7616,37.1856,0.0,0.089408,0.0
358.4,40.01207354,-104.9515187,1597.7616,37.1856,0.0,0.0,0.0
358.5,40.01207356,-104.9515186,1597.4568000000002,37.09416,0.491744,0.0,0.0
358.6,40.01207368,-104.9515186,1597.4568000000002,37.09416,0.0,0.22352,0.0
358.70000000000005,40.0120737,-104.9515186,1597.4568000000002,37.09416,0.0,0.491744,0.0
358.79999999999995,40.01207364,-104.9515186,1597.4568000000002,37.00272,0.0,0.89408,0.0
358.9,40.01207365,-104.9515186,1597.4568000000002,36.91128,0.0,1.385824,0.0
359.0,40.01207359,-104.9515185,1597.152,36.69792,0.0,1.78816,0.0
359.1,40.01207359,-104.9515185,1596.8472000000002,36.51504,0.0,2.279904,0.0
359.29999999999995,40.01207354,-104.9515186,1596.5424,35.99688,0.0,2.90576,0.0
359.4,40.01207353,-104.9515186,1596.2376000000002,35.814,0.312928,2.995168,0.0
359.6,40.01207333,-104.9515182,1595.6280000000002,35.2044,0.0,3.084576,0.0
359.70000000000005,40.01207329,-104.951518,1595.3232,34.8996,0.0,2.995168,0.0
359.79999999999995,40.01207332,-104.951518,1595.0184000000002,34.68624,0.0,2.90576,180.0
360.1,40.01207313,-104.9515183,1594.4088000000002,33.89376,0.0,2.816352,270.0
360.20000000000005,40.01207315,-104.9515183,1594.104,33.58896,0.0,2.90576,0.0
360.3,40.01207318,-104.9515181,1593.4944,33.19272,0.0,2.90576,0.0
360.4,40.01207337,-104.9515179,1593.1896000000002,32.88792,0.0,2.90576,90.0
360.6,40.0120734,-104.9515174,1592.5800000000002,32.308800000000005,0.44704,2.90576,90.0
360.8,40.0120735,-104.9515173,1591.9704000000002,31.607760000000003,0.22352,2.995168,0.0
360.9,40.01207353,-104.9515172,1591.6656,31.30296,0.0,2.995168,0.0
361.0,40.01207359,-104.9515172,1591.3608000000002,30.99816,0.0,2.995168,0.0
361.1,40.01207361,-104.9515172,1591.056,30.69336,0.491744,2.90576,0.0
361.2000000000001,40.01207364,-104.951517,1591.056,30.51048,0.0,2.503424,0.0
361.3,40.01207364,-104.9515169,1590.7512000000002,30.297120000000003,0.0,2.101088,0.0
361.4,40.01207372,-104.9515169,1590.4464,30.11424,0.491744,2.101088,90.0
361.5,40.01207376,-104.9515167,1590.1416000000002,29.80944,0.491744,2.414016,90.0
361.6,40.01207376,-104.9515166,1589.8368,29.50464,0.0,2.592832,90.0
361.7000000000001,40.01207383,-104.9515165,1589.8368,29.29128,0.0,2.816352,90.0
361.8,40.01207385,-104.9515163,1589.5320000000002,28.98648,0.0,2.90576,90.0
362.1,40.01207419,-104.9515159,1588.6176,28.102560000000004,0.22352,3.084576,0.0
362.2000000000001,40.01207428,-104.9515158,1588.3128000000002,27.797760000000004,0.0,2.995168,0.0
362.3,40.01207427,-104.9515159,1588.008,27.492960000000004,0.0,2.90576,0.0
362.4,40.01207409,-104.9515159,1587.7032000000002,27.188160000000003,0.0,2.90576,0.0
362.5,40.0120741,-104.951516,1587.3984,27.00528,0.0,2.90576,0.0
362.8,40.01207429,-104.9515162,1586.4840000000002,25.99944,0.0,2.90576,0.0
362.9,40.01207429,-104.9515162,1586.1792,25.78608,0.0,2.90576,0.0
363.1,40.01207414,-104.9515163,1585.5696,25.20696,0.0,2.90576,0.0
363.3,40.01207414,-104.9515162,1584.96,24.59736,0.0,2.995168,0.0
363.4,40.01207398,-104.9515164,1584.6552,24.29256,0.0,2.995168,0.0
363.5,40.01207396,-104.9515163,1584.3504,23.98776,0.491744,2.995168,0.0
363.6,40.01207412,-104.9515162,1584.0456,23.71344,0.0,2.90576,0.0
363.7000000000001,40.01207409,-104.9515163,1583.7408,23.40864,0.0,2.816352,0.0
364.0,40.012074,-104.9515166,1583.1312,22.58568,0.0,2.90576,0.0
364.1,40.01207403,-104.9515166,1582.8264,22.31136,0.0,2.90576,0.0
364.3,40.01207404,-104.9515166,1582.2168,21.701760000000004,0.0,2.995168,0.0
364.5,40.0120741,-104.9515166,1581.6072,21.092160000000003,0.0,2.90576,0.0
364.6,40.01207415,-104.9515168,1581.3024,20.787360000000003,0.0,2.90576,270.0
364.7000000000001,40.01207415,-104.951517,1580.9976,20.60448,0.0,2.90576,270.0
364.9,40.01207427,-104.9515172,1580.388,20.086320000000004,0.0,2.816352,270.0
365.2000000000001,40.01207437,-104.9515176,1579.4736,19.2024,0.2682239999999999,2.995168,0.0
365.3,40.01207436,-104.9515176,1579.1688,18.8976,0.0,2.995168,0.0
365.4,40.01207426,-104.9515175,1578.864,18.50136,0.0,2.995168,0.0
365.5,40.01207423,-104.9515175,1578.5592,18.19656,0.0,2.90576,0.0
365.6,40.01207403,-104.9515177,1578.2544,17.89176,0.0,2.90576,0.0
365.7000000000001,40.01207395,-104.9515177,1577.9496,17.58696,0.0,2.90576,0.0
365.8,40.01207395,-104.9515178,1577.6448,17.31264,0.0,2.816352,0.0
365.9,40.01207387,-104.9515178,1577.6448,17.09928,0.0,2.816352,0.0
366.0,40.01207381,-104.9515179,1577.34,16.79448,0.0,2.816352,0.0
366.1,40.01207374,-104.951518,1577.0352,16.48968,0.0,2.90576,0.0
366.2000000000001,40.01207345,-104.9515182,1576.4256,16.09344,0.0,2.90576,0.0
366.3,40.01207338,-104.9515183,1576.1208,15.78864,0.491744,2.90576,0.0
366.4,40.01207329,-104.9515183,1575.816,15.51432,0.0,2.90576,0.0
366.5,40.01207325,-104.9515183,1575.5112,15.20952,0.0,2.90576,0.0
366.6,40.01207332,-104.9515182,1575.2064,14.90472,0.0,2.816352,0.0
366.7000000000001,40.01207329,-104.9515181,1575.2064,14.69136,0.0,2.816352,0.0
366.8,40.01207311,-104.9515181,1574.9016,14.50848,0.0,2.816352,0.0
366.9,40.01207306,-104.9515181,1574.5968,14.20368,0.0,2.68224,0.0
367.2000000000001,40.01207317,-104.9515181,1573.6824,13.4112,0.0,2.68224,0.0
367.3,40.01207315,-104.9515181,1573.6824,13.19784,0.0,2.816352,0.0
367.4,40.01207308,-104.951518,1573.3776,12.89304,0.0,2.816352,0.0
367.5,40.01207306,-104.9515179,1573.0728,12.58824,0.0,2.816352,0.0
367.6,40.01207315,-104.951518,1572.768,12.31392,0.0,2.816352,0.0
367.7000000000001,40.01207319,-104.9515179,1572.4632,12.00912,0.491744,2.816352,0.0
367.8,40.01207329,-104.9515179,1572.1584,11.79576,0.0,2.816352,0.0
367.9,40.01207334,-104.9515179,1571.8536,11.49096,0.0,2.816352,0.0
368.1,40.01207336,-104.9515178,1571.244,10.91184,0.0,2.816352,0.0
368.2000000000001,40.01207339,-104.9515176,1570.9392,10.60704,0.0,2.816352,0.0
368.3,40.01207342,-104.9515175,1570.6344,10.30224,0.0,2.816352,0.0
368.5,40.01207355,-104.9515175,1570.3296,9.814560000000002,0.0,2.816352,0.0
368.6,40.01207355,-104.9515174,1570.0248,9.50976,0.312928,2.816352,0.0
368.7000000000001,40.01207367,-104.9515172,1569.72,9.20496,0.0,2.816352,0.0
368.8,40.01207384,-104.9515171,1569.4152,8.90016,0.0,2.816352,45.0
368.9,40.01207398,-104.9515169,1569.1104,8.59536,0.0,2.816352,45.0
369.0,40.01207401,-104.9515168,1568.8056,8.290560000000001,0.0,2.816352,90.0
369.1,40.01207411,-104.9515166,1568.5008,7.98576,0.0,2.816352,90.0
369.2000000000001,40.01207412,-104.9515166,1568.196,7.71144,0.0,2.816352,0.0
369.3,40.01207418,-104.9515165,1567.8912,7.40664,0.0,2.816352,0.0
369.4,40.0120742,-104.9515164,1567.5864,7.10184,0.0,2.816352,0.0
369.5,40.01207425,-104.9515164,1567.2816,6.797040000000001,0.491744,2.816352,0.0
369.6,40.01207454,-104.9515163,1566.9768,6.61416,0.491744,2.68224,0.0
369.7000000000001,40.01207463,-104.9515162,1566.672,6.30936,0.0,2.503424,0.0
369.8,40.01207466,-104.9515163,1566.3672,6.00456,0.491744,2.279904,0.0
369.9,40.01207474,-104.9515163,1566.0624,5.7912,0.0,2.190496,0.0
370.0,40.01207459,-104.9515162,1566.0624,5.60832,0.0,2.01168,0.0
370.1,40.01207462,-104.9515162,1565.7576,5.39496,0.0,1.78816,0.0
370.2000000000001,40.01207472,-104.951516,1565.7576,5.21208,0.0,1.6987519999999998,0.0
370.3,40.01207471,-104.951516,1565.4528,4.99872,0.0,1.609344,0.0
370.5,40.01207464,-104.9515162,1565.148,4.60248,0.0,1.385824,0.0
370.7000000000001,40.01207454,-104.9515162,1564.8432,4.38912,0.0,1.207008,0.0
370.8,40.01207475,-104.9515162,1564.5384,4.20624,0.0,1.1176,0.0
370.9,40.01207477,-104.9515162,1564.5384,4.1148,0.67056,0.983488,0.0
371.0,40.01207454,-104.9515164,1564.5384,3.99288,0.0,0.89408,0.0
371.1,40.01207457,-104.9515164,1564.2336,3.901440000000001,0.0,0.89408,0.0
371.2000000000001,40.01207449,-104.9515166,1564.2336,3.81,0.0,0.804672,0.0
371.3,40.01207452,-104.9515167,1564.2336,3.68808,0.0,0.715264,0.0
371.4,40.01207453,-104.9515166,1563.9288,3.5966400000000003,0.0,0.715264,0.0
371.5,40.01207456,-104.9515167,1563.9288,3.5052000000000003,0.491744,0.715264,0.0
371.8,40.0120748,-104.9515172,1563.624,3.2918400000000005,0.0,0.491744,0.0
371.9,40.01207484,-104.9515173,1563.624,3.2918400000000005,0.0,0.491744,0.0
372.1,40.01207478,-104.9515174,1563.624,3.10896,0.0,0.402336,0.0
372.2000000000001,40.01207471,-104.9515176,1563.624,3.10896,0.0,0.402336,0.0
372.3,40.01207472,-104.9515177,1563.3192,2.9870400000000004,0.0,0.402336,0.0
372.5,40.01207483,-104.9515176,1563.3192,2.9870400000000004,0.0,0.312928,0.0
372.6,40.01207478,-104.9515176,1563.3192,2.8956,0.0,0.312928,0.0
372.7000000000001,40.01207478,-104.9515176,1563.3192,2.8956,0.0,0.312928,0.0
372.8,40.0120746,-104.9515178,1563.3192,2.80416,0.0,0.312928,0.0
372.9,40.01207458,-104.9515179,1563.3192,2.80416,0.0,0.22352,0.0
373.0,40.01207475,-104.9515177,1563.3192,2.80416,0.0,0.22352,0.0
373.1,40.01207476,-104.9515177,1563.0144,2.7127200000000005,0.0,0.22352,0.0
373.3,40.0120746,-104.9515176,1563.0144,2.7127200000000005,0.0,0.22352,0.0
373.4,40.01207463,-104.9515177,1563.0144,2.7127200000000005,0.0,0.22352,0.0
373.5,40.01207462,-104.9515178,1563.0144,2.5908,0.0,0.22352,0.0
373.6,40.01207464,-104.9515177,1563.0144,2.5908,0.0,0.22352,0.0
373.7000000000001,40.01207464,-104.9515177,1563.0144,2.5908,0.0,0.22352,0.0
373.8,40.01207451,-104.9515176,1563.0144,2.5908,0.0,0.22352,0.0
374.0,40.01207469,-104.9515175,1563.0144,2.49936,0.0,0.089408,0.0
374.1,40.01207471,-104.9515174,1563.0144,2.49936,0.0,0.089408,0.0
374.2000000000001,40.01207471,-104.9515175,1563.0144,2.49936,0.0,0.089408,0.0
374.3,40.01207472,-104.9515175,1563.0144,2.49936,0.0,0.089408,0.0
374.4,40.01207471,-104.9515175,1563.0144,2.49936,0.0,0.089408,0.0
374.7000000000001,40.0120747,-104.9515177,1562.7096,2.4079200000000003,0.0,0.0,0.0
374.8,40.01207469,-104.9515175,1562.7096,2.4079200000000003,0.0,0.0,0.0
374.9,40.01207469,-104.9515175,1562.7096,2.4079200000000003,0.0,0.0,0.0
375.1,40.01207469,-104.9515175,1562.7096,2.4079200000000003,0.0,0.089408,0.0
375.2000000000001,40.01207467,-104.9515175,1562.7096,2.4079200000000003,0.0,0.22352,0.0
375.3,40.01207467,-104.9515175,1562.7096,2.286,0.0,0.312928,0.0
375.4,40.01207478,-104.9515175,1562.7096,2.286,0.0,0.312928,0.0
375.5,40.01207478,-104.9515176,1562.7096,2.286,0.0,0.312928,0.0
375.7000000000001,40.01207473,-104.9515176,1562.7096,2.19456,0.0,0.312928,0.0
375.9,40.01207471,-104.9515176,1562.4048,2.10312,0.0,0.312928,0.0
376.1,40.0120747,-104.9515177,1562.4048,2.01168,0.0,0.22352,0.0
376.2000000000001,40.01207472,-104.9515176,1562.4048,2.01168,0.0,0.22352,0.0
376.3,40.01207471,-104.9515176,1562.4048,2.01168,0.0,0.22352,0.0
376.4,40.01207457,-104.9515176,1562.4048,2.01168,0.0,0.22352,0.0
376.5,40.01207454,-104.9515176,1562.4048,1.88976,0.0,0.22352,0.0
376.6,40.01207456,-104.9515176,1562.4048,1.88976,0.0,0.089408,0.0
376.7000000000001,40.01207454,-104.9515176,1562.4048,1.88976,0.491744,0.089408,0.0
376.8,40.01207444,-104.9515176,1562.4048,1.88976,0.491744,0.089408,0.0
376.9,40.01207442,-104.9515176,1562.4048,1.88976,0.0,0.089408,0.0
377.0,40.01207436,-104.9515176,1562.1,1.79832,0.0,0.089408,0.0
377.1,40.01207434,-104.9515176,1562.1,1.79832,0.0,0.089408,0.0
377.2000000000001,40.01207431,-104.9515177,1562.1,1.79832,0.0,0.0,0.0
377.3,40.01207434,-104.9515176,1562.1,1.79832,0.0,0.0,0.0
377.4,40.01207429,-104.9515177,1562.1,1.79832,0.0,0.0,0.0
377.5,40.01207431,-104.9515177,1562.1,1.79832,0.0,0.0,0.0
377.6,40.0120743,-104.9515177,1562.1,1.79832,0.0,0.0,0.0
377.8,40.01207426,-104.9515178,1562.1,1.79832,0.0,0.0,0.0
377.9,40.01207426,-104.9515178,1562.1,1.79832,0.0,0.0,0.0
378.0,40.01207439,-104.9515179,1562.1,1.79832,0.0,0.0,0.0
378.1,40.0120744,-104.9515179,1562.1,1.79832,0.0,0.0,0.0
378.2000000000001,40.01207437,-104.9515179,1562.1,1.79832,0.491744,0.0,0.0
378.3,40.01207437,-104.9515179,1562.1,1.79832,0.0,0.0,0.0
378.4,40.01207435,-104.9515179,1560.2712,0.0,0.491744,0.0,0.0
