timestamp,latitude,longitude,altitude,height,ground_speed,vertical_speed,course
0.0,39.9612655,-106.2165164,2477.4144,0.0,0.0,0.0,0.0
0.1,39.96126555,-106.2165164,2477.4144,0.0,0.0,0.0,0.0
0.1999999999999997,39.96126562,-106.2165164,2477.4144,0.0,0.0,0.0,0.0
0.3000000000000002,39.9612655,-106.2165163,2477.4144,0.0,0.0,0.0,0.0
0.3999999999999999,39.96126555,-106.2165163,2477.4144,0.0,0.0,0.0,0.0
0.5000000000000004,39.96126561,-106.2165162,2477.4144,0.0,0.0,0.0,0.0
0.6000000000000001,39.96126567,-106.2165163,2477.4144,0.0,0.0,0.0,0.0
0.6999999999999997,39.96126602,-106.216516,2477.4144,0.0,0.0,0.0,0.0
0.8000000000000003,39.96126611,-106.216516,2477.4144,0.0,0.0,0.0,0.0
0.8999999999999999,39.96126611,-106.2165162,2477.4144,0.0,0.0,0.0,0.0
1.0000000000000004,39.9612662,-106.2165162,2477.4144,0.0,0.0,0.0,0.0
1.1,39.9612662,-106.2165163,2477.4144,0.0,0.0,0.0,0.0
1.1999999999999995,39.96126628,-106.2165163,2477.4144,0.0,0.0,0.0,0.0
1.3000000000000005,39.96126598,-106.2165163,2477.4144,0.0,0.0,0.0,0.0
1.4,39.96126603,-106.2165163,2477.4144,0.0,0.0,0.0,0.0
1.5000000000000004,39.96126608,-106.2165164,2477.4144,0.0,0.0,0.0,0.0
1.6,39.96126613,-106.2165164,2477.4144,0.0,0.0,0.0,0.0
1.6999999999999995,39.96126602,-106.2165165,2477.4144,0.0,0.0,0.0,0.0
1.8000000000000005,39.96126606,-106.2165165,2477.4144,0.0,0.0,0.0,0.0
1.9,39.96126598,-106.2165165,2477.4144,0.0,0.0,0.0,0.0
2.0000000000000004,39.961266,-106.2165165,2477.4144,0.0,0.0,0.0,0.0
2.1,39.96126579,-106.2165166,2477.4144,0.0,0.0,0.0,0.0
2.2,39.96126579,-106.2165166,2477.4144,0.0,0.491744,0.0,0.0
2.3000000000000003,39.96126546,-106.2165167,2477.4144,0.0,0.0,0.0,0.0
2.4,39.96126542,-106.2165168,2477.4144,0.0,0.491744,0.0,0.0
2.5000000000000004,39.96126562,-106.2165169,2477.4144,0.0,0.0,0.0,0.0
2.6,39.96126561,-106.2165169,2477.4144,0.0,0.0,0.0,0.0
2.7,39.96126568,-106.2165168,2477.4144,0.0,0.0,0.0,0.0
2.8000000000000003,39.96126582,-106.2165167,2477.4144,0.0,0.0,-0.089408,21.80140948635181
2.9,39.96126626,-106.2165166,2477.4144,0.0,0.0,-0.312928,15.945395900922849
3.0000000000000004,39.96126658,-106.2165166,2477.4144,0.09144,0.0,-0.491744,15.945395900922849
3.1,39.96126716,-106.2165164,2477.4144,0.09144,0.0,-0.715264,0.0
3.2,39.96126741,-106.2165164,2477.7192,0.21336,0.0,-0.89408,0.0
3.3000000000000003,39.9612677,-106.2165164,2477.7192,0.3048,0.0,-1.207008,0.0
3.4,39.96126792,-106.2165164,2477.7192,0.39624,0.0,-1.385824,0.0
3.5000000000000004,39.96126789,-106.2165165,2478.0240000000003,0.6096,0.0,-1.609344,0.0
3.6,39.96126804,-106.2165165,2478.3288,0.7924800000000001,0.0,-1.78816,0.0
3.8,39.9612681,-106.2165168,2478.6336,1.18872,0.0,-2.01168,0.0
3.9,39.96126829,-106.2165166,2478.9384,1.40208,0.0,-2.101088,0.0
4.0,39.96126837,-106.2165167,2478.9384,1.58496,0.0,-2.101088,0.0
4.1,39.96126848,-106.2165171,2479.2432000000003,1.79832,0.0,-2.101088,0.0
4.199999999999999,39.96126856,-106.2165172,2479.548,2.01168,0.0,-2.101088,0.0
4.299999999999999,39.96126877,-106.2165171,2479.548,2.19456,0.0,-2.01168,0.0
4.4,39.96126881,-106.2165173,2479.8528,2.4079200000000003,0.0,-1.6987519999999998,0.0
4.5,39.96126885,-106.2165173,2480.1576,2.5908,0.0,-1.385824,0.0
4.6,39.96126886,-106.2165174,2480.1576,2.7127200000000005,0.0,-0.983488,0.0
4.699999999999999,39.96126893,-106.2165176,2480.1576,2.80416,0.0,-0.581152,0.0
4.799999999999999,39.96126894,-106.2165178,2480.1576,2.80416,0.0,-0.312928,0.0
4.9,39.9612693,-106.216518,2480.1576,2.80416,0.67056,0.0,270.0
5.0,39.96126934,-106.2165182,2480.1576,2.80416,0.0,0.0,270.0
5.1,39.96126956,-106.2165184,2480.1576,2.80416,0.491744,0.089408,270.0
5.199999999999999,39.96126963,-106.2165185,2480.1576,2.80416,0.0,0.089408,270.0
5.299999999999999,39.96126938,-106.2165184,2480.1576,2.80416,0.0,0.089408,270.0
5.4,39.96126941,-106.2165185,2480.1576,2.7127200000000005,0.0,0.089408,0.0
5.5,39.96126935,-106.2165185,2480.1576,2.7127200000000005,0.0,0.0,0.0
5.6,39.96126938,-106.2165186,2480.1576,2.7127200000000005,0.0,0.0,0.0
5.699999999999999,39.96126934,-106.2165187,2480.1576,2.7127200000000005,0.0,0.0,0.0
5.799999999999999,39.96126938,-106.2165186,2480.1576,2.7127200000000005,0.0,0.0,0.0
5.9,39.96126937,-106.2165186,2480.1576,2.7127200000000005,0.0,0.0,0.0
6.199999999999999,39.96126944,-106.2165184,2480.1576,2.80416,0.0,-0.089408,90.0
6.299999999999999,39.96126949,-106.2165182,2480.1576,2.80416,0.0,-0.089408,90.0
6.4,39.96126955,-106.2165181,2480.1576,2.80416,0.0,0.0,90.0
6.5,39.96126941,-106.2165176,2480.1576,2.80416,0.0,0.0,0.0
6.6,39.96126947,-106.2165175,2480.1576,2.80416,0.0,0.0,90.0
6.699999999999999,39.96126935,-106.2165173,2480.1576,2.80416,0.0,0.0,90.0
6.799999999999999,39.96126941,-106.2165171,2480.1576,2.80416,0.0,0.0,90.0
6.9,39.9612697,-106.2165171,2480.1576,2.80416,0.0,0.0,90.0
7.0,39.96126975,-106.2165169,2480.1576,2.80416,0.0,0.0,90.0
7.1,39.96127003,-106.2165171,2480.1576,2.80416,0.0,0.0,0.0
7.199999999999999,39.96127007,-106.2165171,2480.1576,2.80416,0.0,0.0,0.0
7.299999999999999,39.9612703,-106.2165173,2480.1576,2.80416,0.0,0.0,0.0
7.4,39.96127036,-106.2165174,2480.1576,2.80416,0.0,0.0,0.0
7.5,39.96127049,-106.216518,2480.1576,2.80416,0.491744,0.0,0.0
7.6,39.96127055,-106.2165181,2480.1576,2.80416,0.491744,0.0,0.0
7.699999999999999,39.96127087,-106.2165184,2480.1576,2.80416,0.0,0.0,0.0
7.799999999999999,39.96127094,-106.2165185,2480.1576,2.80416,0.0,0.0,0.0
7.9,39.96127108,-106.2165187,2480.1576,2.80416,0.0,0.0,0.0
8.0,39.96127112,-106.2165188,2480.1576,2.80416,0.0,0.0,0.0
8.1,39.96127118,-106.2165189,2480.1576,2.80416,0.0,0.0,0.0
8.2,39.96127122,-106.2165191,2480.1576,2.80416,0.0,0.0,0.0
8.299999999999999,39.96127134,-106.2165192,2480.1576,2.80416,0.0,0.0,0.0
8.4,39.96127139,-106.2165193,2480.1576,2.80416,0.491744,0.0,0.0
8.5,39.9612716,-106.2165196,2480.1576,2.80416,0.0,0.0,0.0
8.6,39.96127166,-106.2165197,2480.1576,2.80416,0.491744,0.0,0.0
8.7,39.96127169,-106.2165199,2480.1576,2.80416,0.0,0.0,0.0
8.799999999999999,39.96127175,-106.21652,2480.1576,2.80416,0.0,0.0,0.0
9.0,39.9612717,-106.2165201,2480.1576,2.80416,0.0,0.0,0.0
9.1,39.9612718,-106.21652,2480.1576,2.80416,0.0,0.0,0.0
9.2,39.96127186,-106.2165201,2480.1576,2.80416,0.0,0.0,0.0
9.3,39.96127178,-106.21652,2480.1576,2.80416,0.0,0.0,0.0
9.4,39.96127186,-106.2165201,2480.4624000000003,2.8956,0.0,0.0,0.0
9.5,39.96127194,-106.21652,2480.4624000000003,2.8956,0.0,0.0,0.0
9.6,39.96127204,-106.2165201,2480.4624000000003,2.8956,0.0,0.0,0.0
9.7,39.96127213,-106.2165201,2480.4624000000003,2.8956,0.0,0.0,0.0
9.8,39.96127223,-106.2165201,2480.4624000000003,2.8956,0.0,0.0,0.0
9.9,39.9612724,-106.2165202,2480.4624000000003,2.8956,0.491744,0.0,0.0
10.0,39.96127252,-106.2165202,2480.4624000000003,2.8956,0.0,0.0,0.0
10.1,39.96127245,-106.2165202,2480.4624000000003,2.8956,0.0,-0.312928,0.0
10.2,39.96127256,-106.2165202,2480.4624000000003,2.8956,0.0,-0.715264,0.0
10.3,39.96127251,-106.2165202,2480.4624000000003,2.9870400000000004,0.0,-1.207008,0.0
10.4,39.9612726,-106.2165203,2480.7672,3.2004,0.0,-1.6987519999999998,0.0
10.5,39.96127251,-106.2165202,2480.7672,3.41376,0.0,-2.279904,0.0
10.6,39.96127254,-106.2165203,2481.072,3.5966400000000003,0.0,-2.816352,0.0
10.7,39.96127247,-106.21652,2481.3768,3.99288,0.0,-3.218688,90.0
10.8,39.96127248,-106.2165198,2481.6816000000003,4.29768,0.0,-3.397504,90.0
10.9,39.96127221,-106.2165196,2481.9864,4.69392,0.0,-3.218688,90.0
11.0,39.96127223,-106.2165194,2482.2912,4.99872,0.0,-2.816352,90.0
11.1,39.96127199,-106.2165194,2482.596,5.21208,0.0,-2.414016,90.0
11.2,39.96127201,-106.2165192,2482.9008000000003,5.486400000000001,0.0,-1.922272,90.0
11.3,39.96127196,-106.2165189,2482.9008000000003,5.60832,0.491744,-1.385824,90.0
11.4,39.96127201,-106.2165187,2483.2056,5.7912,0.0,-0.89408,90.0
11.5,39.9612722,-106.216518,2483.2056,5.91312,0.67056,-0.491744,90.0
11.6,39.96127225,-106.2165178,2483.2056,5.91312,0.67056,-0.22352,0.0
11.7,39.96127248,-106.2165175,2483.2056,5.91312,0.0,0.0,0.0
11.8,39.96127252,-106.2165175,2483.2056,5.91312,0.491744,0.0,0.0
11.9,39.96127233,-106.216518,2483.2056,5.91312,0.0,0.089408,0.0
12.0,39.9612723,-106.216518,2483.2056,5.91312,0.0,0.089408,0.0
12.1,39.96127196,-106.2165184,2483.2056,5.91312,0.0,0.089408,0.0
12.2,39.96127188,-106.2165184,2483.2056,5.7912,0.0,0.0,0.0
12.3,39.96127153,-106.2165186,2483.2056,5.7912,0.491744,0.0,0.0
12.4,39.96127149,-106.2165186,2483.2056,5.7912,0.0,0.0,0.0
12.499999999999998,39.96127161,-106.2165183,2483.2056,5.7912,0.0,0.0,0.0
12.6,39.96127164,-106.2165182,2483.2056,5.7912,0.0,0.0,0.0
12.7,39.96127192,-106.2165181,2483.2056,5.7912,0.0,0.0,0.0
12.8,39.96127198,-106.216518,2483.2056,5.7912,0.0,0.0,0.0
12.9,39.96127214,-106.2165179,2483.2056,5.7912,0.0,0.0,0.0
12.999999999999998,39.9612722,-106.2165179,2483.2056,5.7912,0.0,0.0,0.0
13.1,39.96127237,-106.216518,2483.2056,5.7912,0.0,0.0,0.0
13.2,39.96127241,-106.216518,2483.2056,5.7912,0.0,0.0,0.0
13.3,39.96127239,-106.2165178,2483.2056,5.7912,0.0,0.0,0.0
13.4,39.96127243,-106.2165178,2483.2056,5.7912,0.0,0.0,0.0
13.499999999999998,39.9612723,-106.2165178,2483.2056,5.7912,0.0,0.0,0.0
13.6,39.9612723,-106.2165177,2483.2056,5.7912,0.0,0.0,0.0
13.7,39.96127238,-106.2165175,2483.2056,5.7912,0.0,0.0,0.0
13.8,39.96127242,-106.2165175,2483.2056,5.91312,0.0,0.0,0.0
13.9,39.96127239,-106.2165174,2483.2056,5.91312,0.0,0.0,0.0
13.999999999999998,39.96127246,-106.2165174,2483.2056,5.91312,0.0,0.0,0.0
14.1,39.96127265,-106.2165172,2483.2056,5.91312,0.0,0.0,0.0
14.2,39.96127272,-106.2165171,2483.2056,5.91312,0.0,0.0,0.0
14.3,39.96127291,-106.216517,2483.2056,5.91312,0.0,0.0,0.0
14.4,39.96127294,-106.216517,2483.2056,5.91312,0.0,0.0,0.0
14.499999999999998,39.961273,-106.2165168,2483.2056,5.91312,0.0,0.0,0.0
14.6,39.961273,-106.2165168,2483.2056,5.91312,0.0,0.0,0.0
14.7,39.96127308,-106.2165167,2483.2056,5.91312,0.0,0.0,0.0
14.8,39.96127309,-106.2165167,2483.2056,5.91312,0.0,0.0,0.0
14.9,39.961273,-106.2165169,2483.2056,5.91312,0.0,0.0,0.0
14.999999999999998,39.96127299,-106.2165169,2483.2056,5.91312,0.0,0.0,0.0
15.1,39.96127314,-106.2165166,2483.2056,5.91312,0.0,0.0,0.0
15.2,39.96127313,-106.2165166,2483.2056,5.91312,0.0,-0.089408,0.0
15.3,39.96127309,-106.2165166,2483.2056,5.91312,0.0,-0.089408,0.0
15.4,39.9612731,-106.2165166,2483.2056,5.91312,0.0,-0.089408,0.0
15.499999999999998,39.96127314,-106.2165165,2483.2056,5.91312,0.0,-0.089408,0.0
15.6,39.96127316,-106.2165165,2483.2056,5.91312,0.0,0.0,0.0
15.7,39.96127321,-106.2165165,2483.2056,5.91312,0.0,0.0,0.0
15.8,39.96127326,-106.2165164,2483.2056,5.91312,0.0,0.0,0.0
15.9,39.96127311,-106.2165164,2483.2056,5.91312,0.0,0.0,0.0
16.200000000000003,39.96127308,-106.2165161,2483.2056,5.91312,0.0,0.0,180.0
16.3,39.96127275,-106.2165161,2483.2056,5.91312,0.0,0.0,0.0
16.400000000000002,39.96127268,-106.2165161,2483.2056,5.91312,0.0,0.0,0.0
16.5,39.96127263,-106.2165162,2483.2056,5.91312,0.0,0.0,0.0
16.6,39.96127261,-106.2165163,2483.2056,5.91312,0.0,0.0,0.0
16.700000000000003,39.96127273,-106.2165167,2483.2056,5.91312,0.0,0.0,0.0
16.8,39.96127272,-106.2165168,2483.2056,5.91312,0.0,0.0,0.0
17.0,39.96127283,-106.2165168,2483.2056,5.91312,0.0,0.0,0.0
17.1,39.96127283,-106.2165169,2483.2056,5.91312,0.0,0.0,0.0
17.200000000000003,39.96127283,-106.216517,2483.2056,5.91312,0.0,0.0,0.0
17.3,39.96127282,-106.2165172,2483.2056,5.91312,0.0,0.0,0.0
17.400000000000002,39.9612728,-106.2165172,2483.2056,5.91312,0.0,0.0,0.0
17.5,39.96127276,-106.2165172,2483.2056,5.91312,0.0,0.0,0.0
17.6,39.96127261,-106.2165172,2483.2056,5.91312,0.0,0.089408,180.0
17.700000000000003,39.96127231,-106.2165173,2483.2056,5.91312,0.0,0.22352,180.0
17.8,39.96127141,-106.2165174,2483.2056,5.91312,0.67056,0.089408,184.2363947990588
17.900000000000002,39.96126948,-106.2165174,2483.2056,5.7912,1.654048,0.089408,183.0127875041833
18.0,39.96126765,-106.2165177,2483.2056,5.7912,2.01168,0.0,186.07245640720768
18.1,39.96126484,-106.2165182,2483.2056,5.7912,2.592832,0.0,184.927109947649
18.3,39.96125816,-106.2165187,2483.2056,5.7912,3.531616,0.0,185.2623953995951
18.4,39.96125466,-106.2165191,2483.2056,5.7912,3.79984,0.0,184.70785224437225
18.700000000000003,39.9612413,-106.2165201,2483.2056,5.7912,4.69392,0.0,183.64118525790133
18.8,39.96123638,-106.2165205,2483.2056,5.7912,5.096256,0.0,184.32506043473848
18.9,39.96123131,-106.2165206,2483.2056,5.7912,5.543296,0.0,184.1181897039888
19.1,39.96122018,-106.2165212,2483.2056,5.7912,5.990336,0.0,183.7046274420771
19.200000000000003,39.96121419,-106.2165218,2483.2056,5.7912,6.347968,0.0,183.60127811722344
19.3,39.96120831,-106.2165222,2483.2056,5.7912,6.616192,0.0,184.1941827883909
19.4,39.96120179,-106.2165228,2483.2056,5.7912,6.92912,0.0,184.00780454237236
19.5,39.96119547,-106.2165229,2483.2056,5.91312,7.15264,0.0,183.86073262488327
19.6,39.96118848,-106.2165235,2483.2056,5.91312,7.420864000000001,-0.089408,184.37293127688116
19.700000000000003,39.96118132,-106.2165244,2483.2056,5.91312,7.867904,0.0,184.24845452936128
19.8,39.96117387,-106.216525,2483.2056,5.91312,8.136128,-0.089408,184.1081121771359
19.9,39.96116622,-106.2165257,2483.2056,5.91312,8.404352,0.0,183.9980420992034
20.0,39.96115837,-106.2165264,2483.2056,5.91312,8.627872,0.0,184.8135508937065
20.1,39.96115052,-106.2165276,2483.2056,5.91312,8.761984,0.0,184.69068445573484
20.200000000000003,39.96114238,-106.2165284,2483.2056,5.91312,8.9408,0.089408,185.2206512306239
20.3,39.96113453,-106.2165293,2483.2056,5.91312,8.9408,0.089408,185.11731484997264
20.4,39.9611261,-106.2165303,2483.2056,5.7912,9.074912,0.0,184.9937439858234
20.5,39.9611179,-106.2165311,2483.2056,5.7912,9.298432,0.0,184.89909245378772
20.6,39.9611092,-106.2165321,2483.2056,5.7912,9.432544,0.0,185.31454566994475
20.700000000000003,39.96110058,-106.2165334,2483.2056,5.7912,9.700768,0.0,185.78900884517236
20.8,39.96109165,-106.2165346,2483.2056,5.7912,9.790176,0.0,185.7364953868712
20.9,39.96108289,-106.216536,2483.2056,5.7912,9.879584,0.0,186.42515823752564
21.0,39.9610738,-106.2165373,2483.2056,5.7912,9.968992,0.0,186.36826414910848
21.1,39.96106502,-106.2165385,2483.2056,5.7912,9.968992,0.0,186.3123647546481
21.200000000000003,39.96105581,-106.2165399,2483.2056,5.7912,10.0584,0.0,186.25743429814625
21.3,39.96104616,-106.2165413,2483.2056,5.7912,10.550144,-0.089408,186.753574035531
21.4,39.96103685,-106.2165427,2483.2056,5.91312,10.594848,0.0,186.753574035531
21.5,39.96102815,-106.2165445,2483.2056,5.7912,10.103104,0.22352,186.8127808593524
21.6,39.96101905,-106.216546,2483.2056,5.7912,10.013696,0.22352,186.8127808593524
21.700000000000003,39.96101019,-106.2165476,2483.2056,5.7912,10.0584,0.089408,186.8127808593524
21.8,39.96100107,-106.216549,2483.2056,5.7912,10.103104,-0.089408,186.25743429814625
21.9,39.96099264,-106.2165501,2483.2056,5.7912,9.790176,-0.22352,186.3123647546481
22.0,39.96098361,-106.2165514,2483.2056,5.7912,9.745472,-0.089408,186.3123647546481
22.1,39.96097444,-106.2165527,2483.2056,5.7912,10.192512,0.0,186.36826414910848
22.200000000000003,39.96096553,-106.216554,2483.2056,5.7912,10.103104,0.0,186.36826414910848
22.3,39.96095647,-106.2165551,2483.2056,5.7912,10.0584,0.0,186.42515823752564
22.4,39.96094763,-106.2165564,2483.2056,5.7912,10.013696,0.0,186.42515823752564
22.5,39.96093911,-106.2165575,2483.2056,5.7912,9.700768,-0.22352,186.42515823752564
22.6,39.96093029,-106.2165589,2483.2056,5.91312,9.700768,-0.402336,186.93434890126957
22.700000000000003,39.96092139,-106.2165606,2483.2056,5.91312,9.924288,-0.581152,187.4424412426543
22.8,39.96091257,-106.2165621,2483.5104,6.00456,9.924288,-0.804672,187.4424412426543
22.9,39.96090364,-106.2165639,2483.5104,6.096,9.968992,-0.89408,187.4424412426543
23.0,39.96089478,-106.2165655,2483.5104,6.1874400000000005,9.968992,-1.296416,187.87927815496505
23.1,39.96088565,-106.216567,2483.8152,6.4008,10.103104,-1.922272,187.31215486529825
23.200000000000003,39.96087667,-106.2165687,2484.1200000000003,6.61416,10.147808,-2.414016,187.31215486529825
23.3,39.96086676,-106.2165707,2484.1200000000003,6.797040000000001,10.594848,-2.68224,187.8104144035007
23.4,39.96085761,-106.2165724,2484.4248,7.10184,10.72896,-2.816352,187.24869835757383
23.5,39.9608485,-106.2165738,2484.7296,7.40664,10.237215999999998,-2.90576,187.24869835757383
23.8,39.9608211,-106.2165785,2485.9488,8.41248,10.237215999999998,-3.308096,186.42515823752564
23.9,39.96081224,-106.2165797,2486.2536,8.80872,10.147808,-3.621024,186.5719226543159
24.0,39.96080352,-106.2165811,2486.5584000000003,9.20496,9.83488,-3.79984,185.8969635102108
24.1,39.96079585,-106.2165826,2487.168,9.6012,9.16432,-3.889248,186.03768252142288
24.200000000000003,39.96078751,-106.2165839,2487.4728,9.906,8.985504,-3.889248,186.0958615445958
24.3,39.96077913,-106.216585,2487.7776000000003,10.393680000000002,9.343136,-4.02336,186.30858900255487
24.4,39.96077104,-106.2165862,2488.0824,10.78992,9.209024,-3.889248,186.3721113969325
24.6,39.96075593,-106.2165883,2488.9968000000003,11.49096,8.672576,-4.02336,185.3558250428552
24.700000000000003,39.96074807,-106.2165894,2489.3016,11.8872,8.583167999999999,-3.889248,185.4690949701119
24.8,39.96074044,-106.2165904,2489.6064,12.31392,8.672576,-4.02336,185.4690949701119
24.9,39.96073226,-106.2165908,2490.2160000000003,12.710160000000002,8.806688,-4.02336,184.91656600601
25.0,39.96072466,-106.2165916,2490.5208,13.1064,8.806688,-4.112768,184.91656600601
25.200000000000003,39.96070915,-106.2165928,2491.4352000000003,13.898880000000002,8.583167999999999,-3.79984,184.1081121771359
25.3,39.96070137,-106.216593,2491.74,14.20368,8.627872,-3.79984,183.47778651979817
25.4,39.96069399,-106.2165936,2492.0448,14.50848,8.449055999999999,-3.79984,183.51654749633545
25.5,39.96068646,-106.2165941,2492.3496,14.90472,8.314944,-3.79984,183.55618109425512
25.6,39.96067923,-106.2165946,2492.6544000000004,15.20952,8.225536,-3.79984,182.91083782616772
25.700000000000003,39.9606722,-106.2165956,2492.9592,15.605760000000002,7.957312,-3.710432,182.9440463499876
25.8,39.96066513,-106.2165961,2493.264,15.910560000000002,7.867904,-3.79984,182.99530328760275
25.9,39.96065805,-106.2165965,2493.5688,16.18488,7.867904,-3.79984,182.3579059707169
26.0,39.96065111,-106.2165969,2494.1784,16.6116,7.8232,-3.79984,182.3579059707169
26.1,39.96064432,-106.2165972,2494.4832,17.00784,7.644384,-3.79984,182.3859440303888
26.200000000000003,39.96063754,-106.2165975,2494.788,17.31264,7.554975999999999,-3.79984,181.72525487547264
26.3,39.96063007,-106.2165978,2495.0928000000004,17.70888,7.912608,-3.889248,181.7569883099082
26.4,39.96062336,-106.216598,2495.3976,18.01368,7.867904,-3.889248,181.7569883099082
26.5,39.96061752,-106.2165978,2495.7024,18.40992,6.973824,-3.79984,180.71171220603568
26.6,39.96061098,-106.2165979,2496.3120000000004,18.80616,6.884416,-3.79984,180.71171220603568
26.9,39.96059131,-106.2165986,2497.2264,19.812,7.286752,-3.79984,180.7206636225177
27.0,39.96058492,-106.2165987,2497.5312,20.20824,7.242048,-3.710432,180.7298430640241
27.1,39.96057858,-106.216599,2497.836,20.51304,7.063232,-3.621024,180.7440592028887
27.200000000000003,39.96057234,-106.2165992,2498.4456,20.90928,6.973824,-3.79984,180.7538483330708
27.3,39.96056677,-106.2165996,2498.7504,21.21408,6.571488,-3.889248,181.9091524329964
27.4,39.9605608,-106.2165999,2499.0552,21.61032,6.437376,-4.02336,181.974934010882
27.5,39.96055427,-106.2166004,2499.36,22.00656,6.973824,-3.889248,182.00253313182688
27.6,39.96054845,-106.2166007,2499.9696,22.402800000000003,6.884416,-3.889248,182.0309142368531
27.700000000000003,39.96054276,-106.2166012,2500.2744,22.707600000000003,6.437376,-3.889248,182.0309142368531
27.8,39.96053708,-106.2166015,2500.5792,23.19528,6.347968,-4.02336,182.06011102372312
27.9,39.96053128,-106.2166013,2500.884,23.50008,6.347968,-4.112768,180.8363753254224
28.0,39.96052572,-106.2166015,2501.4936,23.98776,6.347968,-4.112768,180.8363753254224
28.1,39.96051982,-106.2166015,2501.7984,24.41448,6.347968,-4.02336,180.8550973962667
28.200000000000003,39.96051429,-106.2166018,2502.1032,24.810720000000003,6.347968,-4.02336,182.13691085375729
28.300000000000004,39.96050885,-106.2166025,2502.408,25.08504,6.124447999999999,-3.889248,182.13691085375729
28.4,39.96050332,-106.2166028,2503.0176,25.51176,6.124447999999999,-4.02336,182.99034497516536
28.5,39.96049797,-106.2166034,2503.3224,25.78608,6.03504,-3.710432,182.99034497516536
28.6,39.96049248,-106.2166038,2503.6272,26.2128,6.03504,-3.308096,182.99034497516536
28.700000000000003,39.96048705,-106.2166043,2503.932,26.487120000000004,6.079744,-2.68224,183.0355691250556
28.800000000000004,39.96048168,-106.2166047,2504.2368,26.70048,6.03504,-2.190496,183.0821808245281
28.9,39.96047672,-106.2166051,2504.2368,26.791920000000005,5.766816,-1.6987519999999998,183.1302448622191
29.0,39.9604715,-106.2166055,2504.5416,27.00528,5.677408,-1.1176,183.1302448622191
29.1,39.96046658,-106.2166057,2504.5416,27.096720000000005,5.677408,-0.715264,183.1302448622191
29.200000000000003,39.96046143,-106.2166061,2504.5416,27.188160000000003,5.588,-0.402336,183.1302448622191
29.300000000000004,39.96045606,-106.2166062,2504.5416,27.188160000000003,5.856224,-0.089408,182.2025981617658
29.4,39.96045074,-106.2166065,2504.8464,27.31008,5.945632,0.0,182.13691085375729
29.5,39.96044545,-106.2166068,2504.8464,27.31008,5.945632,0.0,182.88296345253957
29.6,39.96043987,-106.2166072,2504.8464,27.40152,6.03504,0.0,182.8024515198668
29.700000000000003,39.96043409,-106.2166078,2504.8464,27.40152,6.347968,0.0,182.70791748586615
29.800000000000004,39.96042819,-106.2166082,2504.8464,27.492960000000004,6.526784,0.0,182.63675842614043
29.9,39.96042187,-106.2166088,2505.1512,27.61488,6.795007999999999,0.0,183.2808807726094
30.0,39.96041565,-106.2166093,2505.1512,27.797760000000004,7.018528,0.0,183.19953970956252
30.1,39.96040918,-106.2166092,2505.1512,27.797760000000004,7.018528,0.0,182.45904399010465
30.200000000000003,39.96040271,-106.2166097,2505.456,28.01112,7.197344,-0.22352,183.16036162604567
30.300000000000004,39.96039615,-106.2166105,2505.456,28.102560000000004,7.242048,-0.491744,183.38855699072352
30.4,39.96039046,-106.216611,2505.7608,28.28544,6.8397120000000005,-0.581152,183.7046274420771
30.5,39.96038582,-106.2166121,2505.7608,28.40736,5.81152,-0.312928,184.1181897039888
30.6,39.96038115,-106.2166125,2506.0656,28.498800000000003,5.230368,-0.089408,183.51375026060492
30.700000000000003,39.96037819,-106.2166137,2505.7608,28.194000000000003,4.291583999999999,0.089408,184.08561677997488
30.800000000000004,39.9603747,-106.216614,2505.456,27.8892,3.665728,0.312928,184.82076607809265
30.9,39.96037276,-106.2166141,2505.1512,27.70632,3.084576,0.402336,184.2678933002908
31.0,39.96037067,-106.2166142,2504.8464,27.492960000000004,2.2352,0.402336,182.3373058591238
31.1,39.96037075,-106.216614,2504.8464,27.31008,1.162304,0.312928,180.0
31.200000000000003,39.96037008,-106.216614,2504.8464,27.31008,0.0,0.22352,180.0
31.300000000000004,39.96037051,-106.2166139,2504.5416,27.188160000000003,0.0,0.22352,180.0
31.4,39.96037056,-106.2166139,2504.5416,27.188160000000003,0.0,0.089408,180.0
31.5,39.96037131,-106.2166137,2504.5416,27.188160000000003,0.67056,0.089408,180.0
31.6,39.96037173,-106.2166137,2504.8464,27.40152,0.804672,0.0,180.0
31.700000000000003,39.96037164,-106.2166136,2504.8464,27.492960000000004,0.0,0.0,180.0
31.800000000000004,39.96037212,-106.2166136,2505.1512,27.70632,0.0,0.0,180.0
31.9,39.96037163,-106.2166135,2505.1512,27.797760000000004,0.0,0.0,0.0
32.0,39.96037208,-106.2166134,2505.456,27.8892,0.0,0.0,0.0
32.1,39.96037132,-106.2166135,2505.456,28.102560000000004,0.0,0.0,0.0
32.2,39.96037168,-106.2166134,2505.7608,28.28544,0.0,0.0,0.0
32.300000000000004,39.96037137,-106.2166133,2505.7608,28.40736,0.0,0.089408,0.0
32.4,39.96037167,-106.2166133,2506.0656,28.498800000000003,0.0,0.22352,0.0
32.5,39.9603715,-106.216613,2506.0656,28.59024,0.0,0.312928,0.0
32.6,39.96037173,-106.216613,2506.0656,28.59024,0.0,0.402336,0.0
32.7,39.96037188,-106.2166131,2506.0656,28.71216,0.491744,0.491744,0.0
32.800000000000004,39.96037206,-106.2166131,2506.0656,28.71216,0.491744,0.491744,0.0
32.9,39.96037191,-106.2166131,2506.0656,28.71216,0.0,0.491744,0.0
33.0,39.96037203,-106.2166131,2506.0656,28.71216,0.0,0.581152,0.0
33.1,39.96037201,-106.2166128,2506.0656,28.71216,0.0,0.581152,0.0
33.2,39.9603721,-106.2166128,2506.0656,28.71216,0.0,0.581152,180.0
33.300000000000004,39.96037209,-106.2166128,2506.0656,28.71216,0.0,0.581152,0.0
33.4,39.96037216,-106.2166128,2506.0656,28.71216,0.0,0.581152,0.0
33.5,39.9603721,-106.2166129,2506.0656,28.71216,0.0,0.581152,0.0
33.6,39.96037214,-106.216613,2506.0656,28.71216,0.0,0.581152,0.0
33.7,39.96037198,-106.2166132,2506.0656,28.71216,0.0,0.581152,270.0
33.800000000000004,39.96037198,-106.2166133,2506.0656,28.71216,0.0,0.581152,270.0
33.9,39.96037202,-106.2166133,2506.0656,28.59024,0.491744,0.581152,0.0
34.2,39.96037205,-106.2166137,2506.0656,28.59024,0.0,0.581152,0.0
34.300000000000004,39.96037214,-106.2166137,2506.0656,28.59024,0.22352,0.491744,0.0
34.4,39.9603721,-106.2166138,2506.0656,28.59024,0.0,0.491744,0.0
34.5,39.96037207,-106.2166139,2506.0656,28.498800000000003,0.0,0.491744,0.0
34.6,39.96037202,-106.2166139,2506.0656,28.498800000000003,0.0,0.491744,0.0
34.7,39.96037204,-106.2166142,2506.0656,28.498800000000003,0.0,0.491744,0.0
35.0,39.96037201,-106.2166144,2506.0656,28.498800000000003,0.0,0.491744,270.0
35.1,39.96037179,-106.2166145,2506.0656,28.498800000000003,0.0,0.491744,270.0
35.2,39.96037173,-106.2166146,2506.0656,28.498800000000003,0.0,0.491744,270.0
35.300000000000004,39.96037167,-106.2166153,2505.7608,28.40736,0.0,0.491744,270.0
35.6,39.96037144,-106.2166157,2505.7608,28.40736,0.357632,0.491744,270.0
35.7,39.96037154,-106.2166156,2505.7608,28.40736,0.0,0.491744,270.0
35.800000000000004,39.96037146,-106.2166158,2505.7608,28.40736,0.0,0.491744,270.0
36.1,39.96037149,-106.2166161,2505.7608,28.28544,0.0,0.491744,0.0
36.2,39.9603714,-106.2166161,2505.7608,28.28544,0.0,0.491744,180.0
36.3,39.96037116,-106.2166159,2505.7608,28.28544,0.491744,0.402336,180.0
36.4,39.96037104,-106.2166159,2505.7608,28.28544,0.0,0.402336,180.0
36.5,39.96037102,-106.2166157,2505.7608,28.28544,0.0,0.402336,180.0
36.6,39.9603709,-106.2166156,2505.7608,28.28544,0.0,0.402336,180.0
36.7,39.96037064,-106.2166158,2505.7608,28.28544,0.0,0.402336,0.0
36.8,39.96037051,-106.2166158,2505.7608,28.28544,0.0,0.402336,0.0
36.9,39.96037061,-106.2166156,2505.7608,28.28544,0.0,0.402336,0.0
37.0,39.9603705,-106.2166156,2505.7608,28.194000000000003,0.0,0.402336,0.0
37.1,39.96037028,-106.2166156,2505.7608,28.194000000000003,0.0,0.402336,0.0
37.2,39.96037017,-106.2166156,2505.7608,28.194000000000003,0.0,0.402336,0.0
37.3,39.96037013,-106.2166157,2505.456,28.102560000000004,0.0,0.402336,0.0
37.4,39.96037003,-106.2166157,2505.456,28.102560000000004,0.0,0.402336,0.0
37.5,39.96036996,-106.2166157,2505.456,28.102560000000004,0.0,0.312928,0.0
37.6,39.96036988,-106.2166158,2505.456,28.01112,0.0,0.312928,0.0
37.7,39.96036997,-106.2166155,2505.456,28.01112,0.0,0.312928,0.0
37.8,39.96036991,-106.2166155,2505.456,27.8892,0.0,0.312928,0.0
37.9,39.96036994,-106.2166155,2505.456,27.8892,0.491744,0.312928,0.0
38.0,39.9603699,-106.2166155,2505.456,27.8892,0.0,0.312928,0.0
38.1,39.96037004,-106.2166155,2505.1512,27.797760000000004,0.0,0.312928,0.0
38.2,39.96037003,-106.2166155,2505.1512,27.797760000000004,0.0,0.22352,0.0
38.3,39.96036981,-106.2166155,2505.1512,27.70632,0.0,0.22352,0.0
38.4,39.96036978,-106.2166156,2505.1512,27.70632,0.0,0.22352,0.0
38.5,39.96036955,-106.2166156,2505.1512,27.70632,0.0,0.22352,0.0
38.6,39.96036949,-106.2166156,2505.1512,27.61488,0.0,0.22352,0.0
38.7,39.96036957,-106.216616,2505.1512,27.61488,0.0,0.22352,0.0
39.0,39.96036903,-106.2166161,2504.8464,27.40152,0.0,0.089408,0.0
39.1,39.96036918,-106.216616,2504.8464,27.40152,0.0,0.089408,0.0
39.2,39.96036912,-106.2166161,2504.8464,27.40152,0.0,0.0,0.0
39.3,39.96036911,-106.2166159,2504.8464,27.40152,0.0,0.0,0.0
39.4,39.96036905,-106.2166159,2504.8464,27.40152,0.0,0.0,0.0
39.5,39.96036889,-106.2166159,2504.8464,27.40152,0.0,0.0,0.0
39.6,39.96036884,-106.2166159,2504.8464,27.31008,0.491744,0.0,0.0
39.7,39.96036884,-106.2166157,2504.8464,27.31008,0.0,0.0,0.0
39.8,39.96036878,-106.2166157,2504.8464,27.31008,0.0,0.0,0.0
39.9,39.96036873,-106.2166155,2504.8464,27.31008,0.0,0.0,0.0
40.0,39.96036865,-106.2166155,2504.8464,27.31008,0.491744,0.0,270.0
40.3,39.96036808,-106.2166163,2504.5416,27.096720000000005,0.357632,0.0,270.0
40.4,39.96036799,-106.2166165,2504.5416,27.096720000000005,0.357632,0.0,270.0
40.5,39.96036781,-106.2166167,2504.5416,27.096720000000005,0.491744,0.0,270.0
40.6,39.96036772,-106.2166168,2504.5416,27.096720000000005,0.0,0.0,270.0
40.7,39.96036751,-106.2166172,2504.5416,27.096720000000005,0.0,0.0,270.0
40.8,39.96036739,-106.2166173,2504.5416,27.00528,0.0,0.0,0.0
40.9,39.96036726,-106.2166176,2504.5416,27.00528,0.0,0.0,270.0
41.0,39.96036712,-106.2166178,2504.5416,27.00528,0.491744,0.0,270.0
41.1,39.960367,-106.2166178,2504.5416,27.00528,0.491744,0.0,270.0
41.2,39.96036686,-106.2166179,2504.5416,27.00528,0.0,-0.089408,270.0
41.3,39.96036683,-106.216618,2504.5416,27.00528,0.0,-0.089408,270.0
41.4,39.96036672,-106.2166181,2504.5416,27.00528,0.0,-0.089408,0.0
41.5,39.96036688,-106.2166184,2504.5416,27.00528,0.0,-0.089408,0.0
41.6,39.9603668,-106.2166185,2504.5416,27.00528,0.0,-0.089408,0.0
41.7,39.96036686,-106.2166185,2504.5416,27.00528,0.0,-0.089408,270.0
41.8,39.96036679,-106.2166186,2504.5416,27.00528,0.0,-0.089408,0.0
41.9,39.96036681,-106.2166186,2504.5416,27.00528,0.0,-0.089408,0.0
42.0,39.96036679,-106.2166186,2504.5416,27.00528,0.0,-0.089408,0.0
42.1,39.96036697,-106.2166186,2504.5416,27.00528,0.0,-0.089408,0.0
42.2,39.96036695,-106.2166185,2504.5416,27.00528,0.0,-0.089408,90.0
42.3,39.96036705,-106.2166182,2504.5416,27.096720000000005,0.0,-0.089408,90.0
42.4,39.96036702,-106.2166181,2504.5416,27.00528,0.67056,-0.089408,0.0
42.5,39.96036685,-106.2166179,2504.5416,27.00528,0.0,0.0,0.0
42.6,39.96036681,-106.2166178,2504.5416,27.00528,0.0,0.0,0.0
42.7,39.96036686,-106.2166181,2504.5416,27.00528,0.0,0.0,0.0
42.8,39.96036683,-106.2166181,2504.5416,27.00528,0.0,0.0,0.0
42.9,39.96036679,-106.2166183,2504.5416,27.00528,0.0,0.0,0.0
43.0,39.96036679,-106.2166184,2504.5416,27.00528,0.0,-0.089408,0.0
43.1,39.96036674,-106.2166186,2504.5416,27.096720000000005,0.0,0.0,0.0
43.2,39.96036675,-106.2166187,2504.5416,27.00528,0.0,0.0,0.0
43.3,39.96036684,-106.2166189,2504.5416,27.096720000000005,0.0,-0.089408,0.0
43.4,39.96036688,-106.216619,2504.5416,27.096720000000005,0.0,-0.089408,0.0
43.5,39.96036676,-106.2166192,2504.5416,27.096720000000005,0.0,-0.089408,0.0
43.6,39.96036682,-106.2166193,2504.5416,27.096720000000005,0.0,-0.089408,0.0
43.7,39.96036687,-106.2166195,2504.5416,27.096720000000005,0.0,-0.089408,0.0
43.8,39.96036695,-106.2166197,2504.5416,27.096720000000005,0.0,-0.089408,0.0
43.9,39.96036704,-106.2166197,2504.5416,27.096720000000005,0.0,-0.089408,0.0
44.0,39.96036712,-106.2166198,2504.5416,27.096720000000005,0.0,-0.089408,0.0
44.1,39.96036695,-106.2166202,2504.5416,27.096720000000005,0.0,-0.089408,270.0
44.2,39.960367,-106.2166204,2504.5416,27.096720000000005,0.491744,-0.089408,0.0
44.3,39.960367,-106.2166204,2504.5416,27.096720000000005,0.491744,0.0,0.0
44.4,39.96036703,-106.2166205,2504.5416,27.096720000000005,0.0,0.0,0.0
44.5,39.9603669,-106.2166205,2504.5416,27.096720000000005,0.0,0.0,0.0
44.6,39.96036692,-106.2166206,2504.5416,27.096720000000005,0.0,0.0,0.0
44.7,39.96036668,-106.2166206,2504.5416,27.096720000000005,0.0,0.0,0.0
44.8,39.96036666,-106.2166207,2504.5416,27.188160000000003,0.0,0.0,0.0
44.9,39.9603668,-106.2166206,2504.5416,27.096720000000005,0.0,0.0,0.0
45.0,39.96036677,-106.2166207,2504.5416,27.096720000000005,0.0,0.0,0.0
45.1,39.96036704,-106.2166204,2504.5416,27.096720000000005,0.0,0.0,0.0
45.2,39.96036704,-106.2166205,2504.5416,27.188160000000003,0.0,-0.089408,0.0
45.3,39.96036699,-106.2166203,2504.5416,27.188160000000003,0.0,-0.089408,0.0
45.4,39.96036699,-106.2166203,2504.5416,27.188160000000003,0.0,-0.089408,0.0
45.5,39.96036715,-106.2166202,2504.5416,27.188160000000003,0.0,0.0,0.0
45.6,39.96036716,-106.2166202,2504.5416,27.188160000000003,0.0,0.0,0.0
45.7,39.96036731,-106.2166203,2504.5416,27.188160000000003,0.0,0.0,0.0
45.8,39.96036733,-106.2166202,2504.5416,27.188160000000003,0.0,0.0,0.0
45.9,39.96036727,-106.2166199,2504.5416,27.188160000000003,0.0,0.0,0.0
46.0,39.96036727,-106.2166198,2504.5416,27.188160000000003,0.0,0.0,0.0
46.3,39.96036735,-106.2166196,2504.5416,27.188160000000003,0.22352,0.0,0.0
46.4,39.96036736,-106.2166195,2504.5416,27.188160000000003,0.0,0.0,0.0
46.5,39.96036733,-106.2166195,2504.5416,27.188160000000003,0.491744,0.0,0.0
46.6,39.96036733,-106.2166195,2504.5416,27.188160000000003,0.0,0.0,0.0
46.7,39.96036732,-106.2166197,2504.5416,27.188160000000003,0.0,0.0,0.0
46.8,39.96036732,-106.2166197,2504.5416,27.188160000000003,0.0,0.0,0.0
46.9,39.96036732,-106.2166199,2504.5416,27.188160000000003,0.0,0.0,0.0
47.0,39.96036732,-106.2166199,2504.5416,27.188160000000003,0.0,0.0,0.0
47.1,39.96036733,-106.21662,2504.5416,27.188160000000003,0.0,0.0,0.0
47.2,39.96036733,-106.21662,2504.5416,27.188160000000003,0.0,0.0,0.0
47.3,39.96036734,-106.2166199,2504.5416,27.188160000000003,0.0,0.0,0.0
47.4,39.96036735,-106.2166199,2504.5416,27.188160000000003,0.491744,-0.089408,0.0
47.5,39.96036736,-106.2166198,2504.8464,27.31008,0.0,0.0,0.0
47.6,39.96036739,-106.2166198,2504.8464,27.31008,0.491744,0.0,0.0
47.7,39.96036744,-106.2166201,2504.8464,27.31008,0.0,0.0,0.0
47.8,39.96036752,-106.2166201,2504.5416,27.188160000000003,0.0,0.0,0.0
47.9,39.96036739,-106.2166201,2504.5416,27.188160000000003,0.0,0.0,0.0
48.0,39.96036744,-106.2166201,2504.5416,27.188160000000003,0.0,0.0,0.0
48.1,39.96036752,-106.2166203,2504.5416,27.188160000000003,0.0,0.0,0.0
48.2,39.96036755,-106.2166204,2504.8464,27.31008,0.0,0.0,0.0
48.3,39.96036739,-106.2166204,2504.8464,27.31008,0.0,0.0,0.0
48.4,39.96036739,-106.2166205,2504.8464,27.31008,0.0,0.0,0.0
48.5,39.96036727,-106.2166205,2504.8464,27.31008,0.0,0.0,0.0
48.6,39.96036723,-106.2166205,2504.8464,27.31008,0.0,0.0,0.0
48.7,39.96036705,-106.2166208,2504.8464,27.31008,0.0,0.0,0.0
48.8,39.960367,-106.2166208,2504.8464,27.31008,0.0,0.0,0.0
48.9,39.96036675,-106.216621,2504.8464,27.31008,0.0,0.0,0.0
49.0,39.96036669,-106.2166211,2504.8464,27.31008,0.0,0.0,0.0
49.1,39.96036651,-106.2166212,2504.8464,27.31008,0.0,0.0,0.0
49.2,39.96036643,-106.2166212,2504.8464,27.31008,0.0,0.0,0.0
49.3,39.96036639,-106.2166212,2504.8464,27.31008,0.0,0.0,0.0
49.4,39.96036628,-106.2166212,2504.8464,27.40152,0.0,-0.089408,0.0
49.5,39.96036608,-106.2166212,2504.8464,27.40152,0.0,0.0,0.0
49.6,39.96036596,-106.2166213,2504.8464,27.40152,0.0,0.0,0.0
49.7,39.96036568,-106.2166215,2504.8464,27.40152,0.0,0.0,0.0
49.8,39.96036558,-106.2166217,2504.8464,27.40152,0.491744,0.0,270.0
49.9,39.96036546,-106.2166219,2504.8464,27.40152,0.0,0.0,270.0
50.0,39.96036539,-106.2166221,2504.8464,27.40152,0.0,0.0,0.0
50.1,39.96036541,-106.2166222,2504.8464,27.40152,0.0,0.0,0.0
50.2,39.96036533,-106.2166224,2504.8464,27.40152,0.67056,0.0,0.0
50.3,39.96036547,-106.2166224,2504.8464,27.40152,0.0,0.0,0.0
50.4,39.96036537,-106.2166225,2504.8464,27.40152,0.491744,0.0,0.0
50.5,39.9603654,-106.2166225,2504.8464,27.40152,0.0,0.0,0.0
50.6,39.96036527,-106.2166226,2504.8464,27.40152,0.0,0.0,0.0
50.7,39.96036516,-106.2166227,2504.8464,27.40152,0.0,0.0,0.0
50.8,39.96036502,-106.2166228,2504.8464,27.40152,0.0,0.0,0.0
50.9,39.96036503,-106.2166228,2504.8464,27.40152,0.0,0.0,0.0
51.0,39.96036489,-106.216623,2504.8464,27.31008,0.0,0.0,0.0
51.1,39.96036513,-106.2166228,2504.8464,27.31008,0.0,0.0,0.0
51.2,39.96036502,-106.2166228,2504.8464,27.31008,0.0,0.0,0.0
51.3,39.96036522,-106.2166226,2504.5416,27.188160000000003,0.0,0.0,0.0
51.4,39.96036514,-106.2166225,2504.5416,27.188160000000003,0.0,0.0,0.0
51.5,39.96036516,-106.2166222,2504.5416,27.188160000000003,0.0,0.0,0.0
51.6,39.96036508,-106.2166221,2504.5416,27.188160000000003,0.0,0.0,0.0
51.7,39.96036492,-106.2166218,2504.5416,27.188160000000003,0.0,0.0,180.0
51.8,39.96036485,-106.2166217,2504.5416,27.188160000000003,0.0,0.0,0.0
51.9,39.96036474,-106.2166216,2504.5416,27.188160000000003,0.491744,0.0,0.0
52.0,39.9603647,-106.2166215,2504.5416,27.188160000000003,0.0,0.0,0.0
52.1,39.96036448,-106.2166218,2504.5416,27.188160000000003,0.0,0.0,0.0
52.2,39.96036442,-106.2166218,2504.5416,27.188160000000003,0.0,0.0,0.0
52.3,39.96036444,-106.2166219,2504.5416,27.188160000000003,0.0,0.0,0.0
52.4,39.96036439,-106.2166219,2504.5416,27.188160000000003,0.0,0.0,0.0
52.5,39.96036433,-106.2166218,2504.5416,27.188160000000003,0.0,0.0,0.0
52.6,39.96036428,-106.2166218,2504.5416,27.188160000000003,0.0,0.0,0.0
52.7,39.9603641,-106.2166219,2504.5416,27.188160000000003,0.0,0.0,0.0
52.8,39.96036404,-106.2166219,2504.5416,27.188160000000003,0.0,0.0,0.0
52.9,39.96036404,-106.2166218,2504.5416,27.188160000000003,0.0,0.0,0.0
53.0,39.960364,-106.2166218,2504.5416,27.188160000000003,0.0,0.0,0.0
53.1,39.96036384,-106.216622,2504.5416,27.188160000000003,0.0,0.0,0.0
53.2,39.9603638,-106.216622,2504.5416,27.188160000000003,0.0,-0.089408,0.0
53.3,39.96036378,-106.2166221,2504.8464,27.31008,0.0,0.0,0.0
53.4,39.96036376,-106.2166221,2504.8464,27.31008,0.491744,0.0,0.0
53.5,39.96036359,-106.2166221,2504.8464,27.31008,0.0,0.0,0.0
53.8,39.96036359,-106.2166222,2504.8464,27.31008,0.0,0.0,0.0
53.9,39.9603637,-106.2166222,2504.8464,27.31008,0.0,0.0,0.0
54.0,39.96036376,-106.2166222,2504.8464,27.31008,0.0,0.0,0.0
54.1,39.96036381,-106.2166224,2504.8464,27.31008,0.0,0.0,0.0
54.2,39.96036389,-106.2166224,2504.8464,27.31008,0.0,0.0,0.0
54.3,39.96036384,-106.2166223,2504.8464,27.31008,0.0,0.0,0.0
54.4,39.96036387,-106.2166222,2504.8464,27.31008,0.0,0.0,0.0
54.5,39.9603637,-106.2166222,2504.8464,27.31008,0.0,0.0,0.0
54.6,39.96036365,-106.2166222,2504.8464,27.31008,0.0,0.0,0.0
54.7,39.96036356,-106.2166221,2504.8464,27.31008,0.0,0.0,0.0
54.8,39.96036346,-106.216622,2504.8464,27.31008,0.0,0.0,0.0
54.9,39.96036308,-106.2166219,2504.8464,27.31008,0.491744,0.089408,0.0
55.0,39.96036295,-106.2166219,2504.8464,27.31008,0.0,0.0,0.0
55.1,39.96036281,-106.2166221,2504.8464,27.31008,0.0,0.0,0.0
55.2,39.96036274,-106.2166221,2504.8464,27.31008,0.0,0.0,0.0
55.3,39.96036251,-106.2166227,2504.8464,27.31008,0.67056,0.0,0.0
55.4,39.96036247,-106.2166228,2504.8464,27.31008,0.67056,0.0,0.0
55.5,39.96036237,-106.216623,2504.8464,27.31008,0.0,-0.089408,0.0
55.6,39.96036228,-106.2166229,2504.8464,27.31008,0.0,0.0,90.0
55.7,39.96036239,-106.2166229,2504.8464,27.31008,0.0,0.0,90.0
55.8,39.96036231,-106.2166229,2504.8464,27.31008,0.0,0.0,90.0
55.9,39.9603622,-106.2166224,2504.8464,27.31008,0.491744,0.0,90.0
56.0,39.96036212,-106.2166223,2504.8464,27.31008,0.0,0.0,90.0
56.1,39.96036226,-106.2166219,2504.8464,27.31008,0.0,0.0,90.0
56.2,39.96036219,-106.2166219,2504.8464,27.31008,0.0,0.0,0.0
56.3,39.96036232,-106.2166217,2504.8464,27.31008,0.0,0.0,0.0
56.4,39.96036228,-106.2166217,2504.8464,27.31008,0.0,0.0,0.0
56.5,39.96036238,-106.2166218,2504.8464,27.31008,0.0,0.0,0.0
56.6,39.96036233,-106.2166218,2504.8464,27.31008,0.0,0.0,0.0
56.7,39.9603624,-106.2166218,2504.8464,27.31008,0.491744,0.0,0.0
56.8,39.96036236,-106.2166219,2504.8464,27.31008,0.0,0.0,0.0
56.9,39.96036258,-106.2166218,2504.8464,27.31008,0.0,0.0,0.0
57.0,39.96036256,-106.2166218,2504.8464,27.31008,0.0,0.0,0.0
57.1,39.96036275,-106.216622,2504.8464,27.31008,0.0,0.0,0.0
57.2,39.96036277,-106.2166221,2504.8464,27.31008,0.0,0.0,0.0
57.3,39.96036276,-106.2166223,2504.8464,27.31008,0.0,0.0,270.0
57.4,39.96036277,-106.2166224,2504.8464,27.31008,0.0,0.0,0.0
57.5,39.96036291,-106.2166223,2504.8464,27.31008,0.0,0.0,0.0
57.6,39.96036292,-106.2166223,2504.8464,27.31008,0.0,0.0,0.0
57.7,39.96036287,-106.2166225,2504.8464,27.31008,0.0,0.0,0.0
58.1,39.96036265,-106.2166224,2504.8464,27.40152,0.0,0.0,0.0
58.2,39.96036265,-106.2166225,2504.8464,27.40152,0.0,0.0,0.0
58.3,39.96036261,-106.2166224,2504.8464,27.40152,0.0,0.0,0.0
58.4,39.9603626,-106.2166225,2504.8464,27.40152,0.0,0.0,0.0
58.5,39.96036231,-106.2166227,2504.8464,27.40152,0.0,0.0,0.0
58.6,39.96036228,-106.2166228,2504.8464,27.40152,0.0,0.0,0.0
58.7,39.96036217,-106.216623,2504.8464,27.40152,0.0,0.0,0.0
58.8,39.96036211,-106.2166231,2504.8464,27.40152,0.0,0.0,0.0
58.9,39.96036187,-106.2166233,2504.8464,27.40152,0.0,0.0,0.0
59.0,39.96036178,-106.2166234,2504.8464,27.40152,0.491744,0.0,0.0
59.1,39.96036152,-106.2166235,2504.8464,27.40152,0.491744,0.0,0.0
59.2,39.9603614,-106.2166236,2504.8464,27.40152,0.67056,0.089408,0.0
59.3,39.96036115,-106.2166238,2504.8464,27.40152,0.0,0.089408,0.0
59.4,39.96036109,-106.2166239,2504.8464,27.40152,0.0,0.089408,0.0
59.5,39.96036085,-106.2166241,2504.8464,27.40152,0.0,0.089408,0.0
59.6,39.96036087,-106.2166242,2504.8464,27.40152,0.0,0.0,0.0
59.7,39.96036101,-106.2166246,2504.8464,27.40152,0.0,0.0,0.0
59.8,39.96036108,-106.2166247,2504.8464,27.40152,0.0,0.0,0.0
59.9,39.96036106,-106.2166249,2504.8464,27.40152,0.0,0.0,0.0
60.0,39.96036109,-106.2166251,2504.8464,27.40152,0.0,0.089408,0.0
60.1,39.9603613,-106.2166251,2504.8464,27.40152,0.0,0.089408,0.0
60.2,39.9603613,-106.2166252,2504.8464,27.31008,0.491744,0.0,0.0
60.3,39.96036139,-106.2166248,2504.8464,27.31008,0.0,0.089408,0.0
60.4,39.96036138,-106.2166248,2504.8464,27.31008,0.0,0.089408,0.0
60.50000000000001,39.96036155,-106.2166245,2504.8464,27.31008,0.0,0.0,0.0
60.6,39.96036155,-106.2166245,2504.8464,27.31008,0.0,0.0,0.0
60.7,39.96036181,-106.2166241,2504.8464,27.31008,0.0,0.0,0.0
60.8,39.96036182,-106.216624,2504.8464,27.31008,0.0,0.0,0.0
60.9,39.96036173,-106.216624,2504.8464,27.31008,0.0,0.0,0.0
61.00000000000001,39.9603617,-106.2166239,2504.8464,27.31008,0.0,0.0,0.0
61.1,39.96036178,-106.2166239,2504.8464,27.31008,0.491744,0.0,0.0
61.2,39.96036177,-106.2166239,2504.8464,27.31008,0.0,0.0,0.0
61.3,39.96036163,-106.2166239,2504.8464,27.40152,0.67056,0.0,0.0
61.4,39.96036164,-106.2166239,2504.8464,27.40152,0.0,0.0,0.0
61.50000000000001,39.96036173,-106.216624,2504.8464,27.40152,0.0,0.0,0.0
61.6,39.96036174,-106.216624,2504.8464,27.40152,0.0,0.0,0.0
61.7,39.96036174,-106.2166242,2504.8464,27.40152,0.0,0.0,0.0
61.8,39.96036173,-106.2166242,2504.8464,27.40152,0.0,0.0,0.0
61.9,39.96036168,-106.2166241,2504.8464,27.40152,0.0,0.0,0.0
62.00000000000001,39.96036166,-106.2166241,2504.8464,27.40152,0.0,0.0,0.0
62.1,39.96036164,-106.2166241,2504.8464,27.40152,0.0,-0.089408,0.0
62.2,39.96036162,-106.2166242,2504.8464,27.40152,0.0,0.0,0.0
62.3,39.96036136,-106.2166245,2504.8464,27.40152,0.0,0.0,270.0
62.4,39.9603613,-106.2166246,2504.8464,27.40152,0.0,0.0,270.0
62.50000000000001,39.96036118,-106.2166249,2504.8464,27.40152,0.0,0.0,270.0
62.6,39.96036108,-106.216625,2504.8464,27.40152,0.0,0.0,0.0
62.7,39.96036097,-106.2166252,2504.8464,27.31008,0.0,0.0,0.0
62.8,39.96036086,-106.2166253,2504.8464,27.31008,0.0,0.0,0.0
62.9,39.96036085,-106.2166254,2504.8464,27.31008,0.0,0.0,270.0
63.00000000000001,39.9603608,-106.2166256,2504.8464,27.31008,0.0,0.0,270.0
63.1,39.96036078,-106.2166256,2504.8464,27.31008,0.0,0.0,0.0
63.2,39.96036073,-106.2166257,2504.8464,27.31008,0.0,0.0,0.0
63.3,39.96036077,-106.2166256,2504.8464,27.31008,0.0,0.0,0.0
63.4,39.96036074,-106.2166256,2504.5416,27.188160000000003,0.0,0.0,0.0
63.50000000000001,39.96036086,-106.2166255,2504.5416,27.188160000000003,0.0,0.0,0.0
63.6,39.96036091,-106.2166255,2504.5416,27.188160000000003,0.0,0.0,0.0
63.7,39.96036111,-106.2166256,2504.5416,27.188160000000003,0.0,0.0,0.0
63.8,39.96036121,-106.2166256,2504.5416,27.188160000000003,0.491744,0.0,0.0
63.9,39.96036127,-106.2166255,2504.5416,27.188160000000003,0.0,0.0,0.0
64.0,39.96036139,-106.2166255,2504.5416,27.188160000000003,0.491744,0.0,0.0
64.1,39.96036159,-106.2166255,2504.5416,27.188160000000003,0.0,0.0,0.0
64.19999999999999,39.9603617,-106.2166255,2504.5416,27.188160000000003,0.491744,0.0,0.0
64.3,39.96036206,-106.2166252,2504.5416,27.188160000000003,0.0,0.0,0.0
64.39999999999999,39.9603622,-106.2166252,2504.5416,27.188160000000003,0.491744,0.0,0.0
64.5,39.96036218,-106.2166249,2504.5416,27.188160000000003,0.0,0.0,0.0
64.6,39.96036227,-106.2166248,2504.5416,27.096720000000005,0.0,0.0,0.0
64.69999999999999,39.96036242,-106.2166247,2504.5416,27.188160000000003,0.0,-0.089408,0.0
64.8,39.96036249,-106.2166246,2504.5416,27.188160000000003,0.0,0.0,0.0
64.89999999999999,39.96036234,-106.2166245,2504.5416,27.188160000000003,0.0,-0.089408,0.0
65.0,39.9603624,-106.2166243,2504.5416,27.188160000000003,0.0,0.0,0.0
65.1,39.96036242,-106.2166241,2504.5416,27.188160000000003,0.0,0.0,0.0
65.19999999999999,39.9603625,-106.216624,2504.5416,27.188160000000003,0.0,0.0,0.0
65.3,39.96036241,-106.216624,2504.5416,27.188160000000003,0.0,0.0,0.0
65.39999999999999,39.96036243,-106.2166239,2504.5416,27.188160000000003,0.0,0.0,0.0
65.5,39.9603626,-106.2166239,2504.5416,27.188160000000003,0.0,0.0,0.0
65.6,39.96036264,-106.2166238,2504.5416,27.188160000000003,0.0,0.0,0.0
65.69999999999999,39.96036248,-106.2166237,2504.5416,27.188160000000003,0.0,0.0,0.0
65.8,39.96036248,-106.2166237,2504.5416,27.188160000000003,0.0,0.0,0.0
65.89999999999999,39.96036253,-106.2166235,2504.5416,27.188160000000003,0.0,0.0,0.0
66.0,39.96036249,-106.2166234,2504.5416,27.188160000000003,0.0,0.0,0.0
66.1,39.96036254,-106.2166232,2504.5416,27.188160000000003,0.0,0.0,0.0
66.19999999999999,39.9603625,-106.2166231,2504.5416,27.188160000000003,0.0,0.0,0.0
66.3,39.96036233,-106.2166231,2504.5416,27.188160000000003,0.0,0.0,0.0
66.39999999999999,39.9603623,-106.216623,2504.5416,27.188160000000003,0.0,0.0,0.0
66.5,39.96036228,-106.2166232,2504.5416,27.188160000000003,0.0,0.0,0.0
66.6,39.96036226,-106.2166232,2504.5416,27.188160000000003,0.0,0.0,0.0
66.69999999999999,39.96036224,-106.2166233,2504.5416,27.188160000000003,0.0,0.0,0.0
66.8,39.96036224,-106.2166233,2504.5416,27.188160000000003,0.0,-0.089408,0.0
66.89999999999999,39.96036233,-106.2166235,2504.5416,27.188160000000003,0.0,-0.089408,0.0
67.0,39.96036234,-106.2166236,2504.8464,27.31008,0.0,0.0,270.0
67.1,39.96036237,-106.2166238,2504.8464,27.31008,0.0,0.0,270.0
67.19999999999999,39.96036242,-106.2166239,2504.8464,27.31008,0.0,0.0,0.0
67.3,39.96036229,-106.2166242,2504.5416,27.188160000000003,0.0,0.0,0.0
67.39999999999999,39.96036234,-106.2166243,2504.8464,27.31008,0.0,0.0,0.0
67.5,39.9603622,-106.2166243,2504.5416,27.188160000000003,0.491744,0.0,0.0
67.6,39.9603622,-106.2166243,2504.5416,27.188160000000003,0.0,0.0,0.0
67.69999999999999,39.96036244,-106.2166242,2504.5416,27.188160000000003,0.0,0.0,0.0
67.8,39.96036247,-106.2166242,2504.5416,27.188160000000003,0.0,0.0,0.0
68.0,39.9603626,-106.216624,2504.5416,27.188160000000003,0.0,0.0,0.0
68.1,39.96036257,-106.216624,2504.5416,27.188160000000003,0.0,0.0,0.0
68.19999999999999,39.96036261,-106.216624,2504.5416,27.188160000000003,0.0,0.0,0.0
68.3,39.96036269,-106.2166241,2504.5416,27.188160000000003,0.0,0.0,0.0
68.39999999999999,39.96036273,-106.2166242,2504.5416,27.188160000000003,0.0,0.0,0.0
68.5,39.96036262,-106.2166244,2504.5416,27.188160000000003,0.0,0.0,0.0
68.6,39.96036263,-106.2166245,2504.5416,27.188160000000003,0.0,-0.089408,0.0
68.69999999999999,39.96036267,-106.2166246,2504.5416,27.188160000000003,0.0,0.0,0.0
68.8,39.96036264,-106.2166247,2504.5416,27.188160000000003,0.0,-0.089408,0.0
68.89999999999999,39.96036283,-106.2166246,2504.5416,27.188160000000003,0.0,0.0,0.0
69.0,39.96036281,-106.2166247,2504.5416,27.188160000000003,0.0,-0.089408,0.0
69.1,39.96036273,-106.2166246,2504.5416,27.188160000000003,0.0,0.0,0.0
69.19999999999999,39.9603627,-106.2166246,2504.5416,27.188160000000003,0.0,0.0,0.0
69.3,39.96036256,-106.2166248,2504.5416,27.188160000000003,0.0,0.0,0.0
69.39999999999999,39.9603625,-106.2166248,2504.5416,27.188160000000003,0.0,0.0,0.0
69.5,39.96036239,-106.216625,2504.5416,27.188160000000003,0.0,0.0,0.0
69.6,39.96036233,-106.216625,2504.5416,27.188160000000003,0.0,0.0,0.0
69.69999999999999,39.96036243,-106.2166251,2504.5416,27.188160000000003,0.0,0.0,0.0
69.8,39.96036237,-106.2166251,2504.5416,27.188160000000003,0.0,0.0,0.0
69.89999999999999,39.96036232,-106.2166251,2504.5416,27.188160000000003,0.0,0.0,0.0
70.0,39.96036226,-106.2166252,2504.5416,27.188160000000003,0.0,0.0,0.0
70.1,39.96036206,-106.2166252,2504.5416,27.188160000000003,0.0,0.0,0.0
70.19999999999999,39.96036198,-106.2166252,2504.5416,27.188160000000003,0.0,0.0,0.0
70.3,39.96036211,-106.2166252,2504.5416,27.096720000000005,0.0,0.0,0.0
70.39999999999999,39.96036206,-106.2166252,2504.5416,27.096720000000005,0.0,0.0,0.0
70.5,39.96036186,-106.2166254,2504.5416,27.096720000000005,0.0,0.0,0.0
70.6,39.96036178,-106.2166254,2504.5416,27.096720000000005,0.0,0.0,0.0
70.69999999999999,39.9603619,-106.2166252,2504.5416,27.096720000000005,0.0,0.0,0.0
70.8,39.96036184,-106.2166251,2504.5416,27.096720000000005,0.0,-0.089408,0.0
70.89999999999999,39.96036182,-106.2166249,2504.5416,27.096720000000005,0.0,0.0,0.0
71.0,39.96036178,-106.2166248,2504.5416,27.096720000000005,0.0,0.0,0.0
71.1,39.96036163,-106.2166248,2504.5416,27.096720000000005,0.0,0.0,0.0
71.19999999999999,39.96036162,-106.2166248,2504.5416,27.096720000000005,0.0,0.0,0.0
71.3,39.96036165,-106.2166251,2504.5416,27.096720000000005,0.0,0.0,0.0
71.39999999999999,39.96036167,-106.2166251,2504.5416,27.188160000000003,0.0,0.0,0.0
71.5,39.96036151,-106.2166254,2504.5416,27.188160000000003,0.0,0.0,0.0
71.6,39.96036152,-106.2166254,2504.5416,27.188160000000003,0.0,0.0,0.0
71.69999999999999,39.96036142,-106.2166252,2504.5416,27.188160000000003,0.0,0.0,0.0
71.8,39.96036143,-106.2166253,2504.5416,27.188160000000003,0.0,0.0,0.0
71.89999999999999,39.96036159,-106.2166252,2504.5416,27.188160000000003,0.0,0.0,0.0
72.1,39.96036174,-106.2166251,2504.5416,27.188160000000003,0.0,0.0,0.0
72.19999999999999,39.9603618,-106.2166251,2504.5416,27.188160000000003,0.0,-0.089408,0.0
72.3,39.96036196,-106.2166255,2504.5416,27.188160000000003,0.0,-0.089408,270.0
72.39999999999999,39.96036206,-106.2166257,2504.5416,27.188160000000003,0.0,0.0,270.0
72.5,39.96036219,-106.2166257,2504.5416,27.188160000000003,0.0,0.0,270.0
72.6,39.9603623,-106.2166258,2504.5416,27.188160000000003,0.0,0.0,0.0
72.69999999999999,39.96036245,-106.2166258,2504.5416,27.188160000000003,0.0,0.0,0.0
72.8,39.96036254,-106.2166258,2504.5416,27.188160000000003,0.0,0.0,0.0
72.89999999999999,39.96036245,-106.2166258,2504.5416,27.188160000000003,0.0,0.0,0.0
73.0,39.96036251,-106.2166258,2504.5416,27.188160000000003,0.0,0.0,0.0
73.1,39.96036256,-106.2166257,2504.5416,27.188160000000003,0.0,0.0,0.0
73.5,39.96036262,-106.2166256,2504.5416,27.188160000000003,0.0,0.0,0.0
73.6,39.96036264,-106.2166256,2504.5416,27.188160000000003,0.0,-0.089408,0.0
73.69999999999999,39.96036255,-106.2166255,2504.5416,27.188160000000003,0.0,0.0,0.0
73.8,39.96036256,-106.2166255,2504.5416,27.188160000000003,0.0,0.0,0.0
73.89999999999999,39.96036254,-106.2166256,2504.5416,27.188160000000003,0.0,0.0,0.0
74.0,39.96036256,-106.2166256,2504.5416,27.188160000000003,0.0,0.0,0.0
74.1,39.96036273,-106.2166257,2504.5416,27.188160000000003,0.0,0.0,0.0
74.19999999999999,39.96036276,-106.2166257,2504.5416,27.188160000000003,0.0,0.0,0.0
74.3,39.96036271,-106.2166256,2504.5416,27.188160000000003,0.0,0.0,0.0
74.39999999999999,39.96036273,-106.2166256,2504.5416,27.188160000000003,0.0,-0.089408,0.0
74.5,39.96036269,-106.2166255,2504.5416,27.188160000000003,0.0,-0.089408,0.0
74.6,39.96036272,-106.2166255,2504.5416,27.188160000000003,0.0,-0.089408,0.0
74.69999999999999,39.960363,-106.2166253,2504.8464,27.31008,0.0,-0.089408,0.0
74.8,39.96036304,-106.2166253,2504.8464,27.31008,0.0,-0.089408,0.0
74.89999999999999,39.96036309,-106.2166252,2504.8464,27.31008,0.0,0.0,0.0
75.0,39.96036312,-106.2166252,2504.8464,27.31008,0.0,0.0,0.0
75.1,39.96036314,-106.2166255,2504.8464,27.31008,0.0,0.0,0.0
75.19999999999999,39.96036317,-106.2166255,2504.8464,27.31008,0.0,0.0,0.0
75.3,39.96036293,-106.2166256,2504.8464,27.31008,0.0,0.0,0.0
75.39999999999999,39.96036292,-106.2166256,2504.8464,27.31008,0.0,0.0,0.0
75.69999999999999,39.96036307,-106.2166258,2504.8464,27.31008,0.0,0.0,0.0
75.8,39.9603631,-106.2166259,2504.8464,27.31008,0.0,0.0,0.0
75.89999999999999,39.96036306,-106.216626,2504.8464,27.31008,0.0,0.0,0.0
76.19999999999999,39.96036084,-106.2166265,2504.8464,27.31008,0.67056,0.0,183.36646066342985
76.3,39.96035879,-106.2166265,2504.8464,27.31008,1.207008,0.0,180.0
76.39999999999999,39.96035665,-106.2166267,2504.8464,27.31008,2.324608,0.0,180.0
76.5,39.96035335,-106.2166263,2504.8464,27.31008,2.995168,0.0,180.0
76.6,39.96035046,-106.2166265,2504.8464,27.31008,3.442208,0.0,181.6602823689828
76.69999999999999,39.96034712,-106.2166267,2504.8464,27.40152,3.442208,-0.22352,184.7636416907262
76.8,39.96034475,-106.2166269,2504.8464,27.40152,3.12928,-0.402336,182.3373058591238
76.89999999999999,39.96034264,-106.2166275,2504.8464,27.492960000000004,2.503424,-0.312928,182.86240522611172
77.0,39.96034091,-106.2166277,2504.8464,27.492960000000004,2.101088,-0.089408,183.36646066342985
77.1,39.96034101,-106.2166283,2504.8464,27.492960000000004,0.938784,0.0,184.2363947990588
77.19999999999999,39.96033978,-106.2166286,2504.8464,27.492960000000004,0.804672,0.089408,184.2363947990588
77.3,39.96033927,-106.2166289,2504.8464,27.40152,0.804672,0.402336,183.36646066342985
77.39999999999999,39.96033768,-106.2166291,2504.8464,27.40152,1.162304,0.402336,182.66300076606717
77.5,39.96033583,-106.2166285,2504.8464,27.40152,1.877568,0.312928,180.0
77.6,39.9603335,-106.2166286,2504.8464,27.31008,2.324608,0.22352,180.0
77.69999999999999,39.96033002,-106.2166287,2504.8464,27.31008,3.218688,0.22352,180.0
77.8,39.96032693,-106.2166288,2504.8464,27.31008,3.665728,0.089408,180.0
77.89999999999999,39.96032233,-106.2166288,2504.8464,27.31008,4.291583999999999,0.089408,180.0
78.0,39.96031846,-106.2166288,2504.8464,27.31008,4.69392,0.0,180.0
78.3,39.96030463,-106.2166285,2504.8464,27.31008,4.91744,0.0,180.0
78.39999999999999,39.96029972,-106.2166286,2504.8464,27.31008,5.185664,0.0,180.98776039963985
78.5,39.9602949,-106.2166289,2504.8464,27.31008,5.409184,-0.402336,182.77916686407207
78.6,39.96029099,-106.2166291,2504.8464,27.40152,4.828032,-0.715264,181.3478872801986
78.69999999999999,39.96028783,-106.2166297,2504.8464,27.492960000000004,3.978656,-0.402336,181.59114027119455
78.8,39.96028498,-106.2166299,2505.1512,27.61488,3.3528,-0.312928,181.974934010882
78.89999999999999,39.96028451,-106.2166307,2505.1512,27.61488,1.966976,-0.089408,182.66300076606717
79.0,39.96028287,-106.2166309,2505.1512,27.61488,1.162304,0.0,183.69138598645128
79.1,39.96028204,-106.2166314,2504.8464,27.492960000000004,1.519936,0.089408,184.57392125990089
79.19999999999999,39.96028118,-106.2166315,2504.8464,27.492960000000004,0.938784,0.089408,187.1250163489018
79.3,39.96028157,-106.2166318,2504.8464,27.492960000000004,0.491744,0.22352,188.7461622625552
79.39999999999999,39.96028126,-106.216632,2504.8464,27.492960000000004,0.0,0.089408,195.94539590092288
79.5,39.9602812,-106.2166324,2504.8464,27.492960000000004,0.491744,0.089408,195.94539590092288
79.8,39.96028095,-106.2166333,2504.8464,27.40152,0.357632,0.089408,225.0
79.89999999999999,39.9602808,-106.2166336,2504.8464,27.40152,0.357632,0.089408,270.0
80.0,39.96028094,-106.2166338,2504.8464,27.40152,0.0,0.0,270.0
80.1,39.96028053,-106.216634,2504.8464,27.40152,0.0,0.089408,0.0
80.19999999999999,39.96028067,-106.2166342,2504.8464,27.40152,0.0,0.0,0.0
80.3,39.9602805,-106.2166342,2504.8464,27.40152,0.0,0.0,0.0
80.39999999999999,39.96028065,-106.2166343,2504.8464,27.40152,0.0,0.0,0.0
80.5,39.9602804,-106.2166343,2504.8464,27.40152,0.0,0.0,0.0
80.6,39.96028054,-106.2166344,2504.8464,27.40152,0.0,0.0,0.0
80.69999999999999,39.96028025,-106.2166347,2504.8464,27.40152,0.0,0.0,0.0
80.8,39.96028036,-106.2166347,2504.8464,27.40152,0.0,0.0,0.0
80.89999999999999,39.96028004,-106.216635,2504.8464,27.40152,0.0,0.0,0.0
81.0,39.9602801,-106.2166351,2504.8464,27.40152,0.0,0.0,0.0
81.1,39.96027962,-106.2166355,2504.8464,27.40152,0.0,0.0,0.0
81.19999999999999,39.9602796,-106.2166356,2504.8464,27.40152,0.0,0.0,0.0
81.3,39.96027963,-106.2166354,2504.8464,27.40152,0.0,0.0,0.0
81.39999999999999,39.96027957,-106.2166355,2504.8464,27.40152,0.0,0.0,0.0
81.5,39.96027962,-106.2166355,2504.8464,27.40152,0.0,0.0,0.0
81.6,39.96027954,-106.2166356,2504.8464,27.40152,0.0,0.0,0.0
81.69999999999999,39.96027964,-106.2166352,2504.8464,27.40152,0.0,0.0,0.0
81.8,39.96027955,-106.2166353,2504.8464,27.40152,0.0,0.0,0.0
81.89999999999999,39.9602796,-106.2166354,2504.8464,27.40152,0.0,0.0,0.0
82.0,39.96027951,-106.2166355,2504.8464,27.40152,0.0,0.089408,0.0
82.1,39.96027965,-106.2166354,2504.8464,27.40152,0.0,0.089408,0.0
82.19999999999999,39.96027958,-106.2166356,2504.8464,27.40152,0.0,0.0,0.0
82.3,39.96027972,-106.2166358,2504.8464,27.40152,0.0,0.089408,0.0
82.39999999999999,39.96027971,-106.2166359,2504.8464,27.40152,0.0,0.089408,0.0
82.5,39.96027972,-106.216636,2504.8464,27.31008,0.0,0.0,0.0
82.6,39.96027962,-106.2166362,2504.8464,27.31008,0.0,0.22352,180.0
82.69999999999999,39.96027952,-106.2166364,2504.8464,27.31008,0.0,0.312928,190.304846468766
82.8,39.96027873,-106.2166366,2504.8464,27.31008,0.67056,0.22352,185.1944289077348
83.0,39.96027562,-106.2166365,2504.5416,27.188160000000003,1.430528,0.0,182.66300076606717
83.1,39.960273,-106.2166365,2504.8464,27.31008,2.101088,0.0,180.0
83.19999999999999,39.96027062,-106.2166367,2504.8464,27.31008,2.771648,0.0,180.0
83.3,39.9602674,-106.2166367,2504.8464,27.31008,3.12928,0.0,180.0
83.39999999999999,39.96026432,-106.2166369,2504.8464,27.31008,3.486912,0.0,180.0
83.5,39.96026063,-106.2166367,2504.8464,27.31008,3.755136,0.0,180.0
83.6,39.96025694,-106.2166368,2504.8464,27.31008,4.112768,0.0,180.0
83.8,39.96024846,-106.2166372,2504.8464,27.31008,4.515104,0.0,180.0
83.89999999999999,39.96024408,-106.216637,2504.8464,27.31008,4.783328,0.0,180.0
84.0,39.96023938,-106.2166371,2504.8464,27.31008,5.006848,0.089408,180.0
84.1,39.96023472,-106.2166367,2504.8464,27.31008,5.230368,0.0,180.0
84.19999999999999,39.96022958,-106.2166367,2504.8464,27.31008,5.453887999999999,0.0,180.0
84.3,39.96022485,-106.2166368,2504.8464,27.31008,5.498592,0.0,180.0
84.39999999999999,39.96021936,-106.2166368,2504.8464,27.492960000000004,5.677408,-0.089408,180.0
84.5,39.96021363,-106.2166368,2505.1512,27.61488,6.25856,-0.089408,180.0
84.6,39.96020782,-106.2166369,2505.1512,27.797760000000004,6.392672,0.0,180.0
84.69999999999999,39.96020142,-106.2166373,2505.456,27.8892,6.795007999999999,0.0,180.801287330107
84.8,39.96019525,-106.2166375,2505.456,28.01112,6.973824,0.0,180.7902365024292
84.89999999999999,39.96018957,-106.2166378,2505.456,28.01112,6.571488,0.089408,180.76389846093
85.0,39.96018319,-106.2166381,2505.456,28.102560000000004,6.7056,0.089408,181.8840502310918
85.39999999999999,39.9601578,-106.2166404,2505.456,28.01112,7.063232,0.312928,183.7911656873652
85.5,39.96015098,-106.2166413,2505.456,28.01112,7.197344,0.402336,184.424784451744
85.6,39.96014397,-106.2166423,2505.456,27.8892,7.733792,0.312928,186.0440921622411
85.69999999999999,39.96013626,-106.2166437,2505.456,27.8892,8.27024,0.0,188.71974650623733
85.8,39.96012991,-106.2166452,2505.456,27.8892,7.912608,-0.491744,190.54806541814213
85.89999999999999,39.96012444,-106.2166467,2505.456,28.01112,6.7056,-0.402336,191.56013079421777
86.0,39.96011929,-106.2166481,2505.456,28.01112,6.03504,-0.089408,191.8643904512811
86.1,39.96011585,-106.2166508,2505.1512,27.70632,5.096256,0.0,192.2883231632753
86.19999999999999,39.96011196,-106.2166521,2504.8464,27.40152,4.4704,0.089408,194.191096549024
86.3,39.96010873,-106.2166531,2504.5416,27.188160000000003,4.068064,0.089408,194.03624346792648
86.39999999999999,39.96010618,-106.2166541,2504.2368,26.91384,3.308096,0.22352,195.94539590092288
86.5,39.96010631,-106.216655,2503.932,26.60904,1.519936,0.089408,198.00416160591337
86.6,39.96010521,-106.2166557,2503.932,26.39568,0.938784,0.0,202.16634582208243
86.69999999999999,39.9601045,-106.2166565,2503.6272,26.2128,1.162304,0.0,213.02386755579664
86.8,39.96010417,-106.2166572,2503.6272,26.09088,0.938784,0.0,225.0
86.89999999999999,39.96010465,-106.2166576,2503.3224,25.908,0.67056,-0.089408,225.0
87.0,39.96010476,-106.216658,2503.3224,25.99944,0.491744,-0.22352,232.1250163489018
87.1,39.96010434,-106.2166584,2503.3224,25.99944,0.491744,-0.312928,225.0
87.19999999999999,39.96010448,-106.2166588,2503.6272,26.09088,0.67056,-0.491744,215.5376777919744
87.3,39.96010368,-106.2166593,2503.6272,26.2128,0.67056,-0.491744,225.0
87.39999999999999,39.96010381,-106.2166597,2503.6272,26.30424,0.67056,-0.581152,234.46232220802565
87.5,39.96010326,-106.2166597,2503.932,26.39568,0.0,-0.581152,234.46232220802565
87.6,39.96010338,-106.2166601,2503.932,26.487120000000004,0.0,-0.491744,254.05460409907715
87.8,39.96010267,-106.216661,2504.2368,26.70048,0.312928,-0.402336,254.05460409907715
88.1,39.96010198,-106.2166626,2504.2368,26.791920000000005,0.491744,-0.312928,248.19859051364816
88.39999999999999,39.96010161,-106.2166635,2504.5416,27.096720000000005,0.402336,-0.22352,248.19859051364816
88.5,39.96010105,-106.2166637,2504.5416,27.096720000000005,0.357632,-0.089408,248.19859051364816
88.6,39.96010092,-106.2166641,2504.5416,27.188160000000003,0.67056,-0.089408,248.19859051364816
88.69999999999999,39.96010046,-106.2166646,2504.8464,27.31008,0.0,-0.089408,254.05460409907715
88.8,39.96010028,-106.216665,2504.8464,27.31008,0.0,-0.089408,254.05460409907715
88.89999999999999,39.96010039,-106.2166652,2504.8464,27.40152,0.491744,0.0,254.05460409907715
89.0,39.96010023,-106.2166657,2504.8464,27.40152,0.0,0.0,254.05460409907715
89.1,39.96010003,-106.216666,2504.8464,27.40152,0.0,0.0,254.05460409907715
89.19999999999999,39.96009982,-106.2166664,2504.8464,27.492960000000004,0.0,0.0,225.0
89.3,39.96009979,-106.2166666,2504.8464,27.492960000000004,0.491744,0.0,225.0
89.39999999999999,39.9600996,-106.2166669,2504.8464,27.492960000000004,0.0,0.0,248.19859051364816
89.5,39.96009948,-106.2166671,2505.1512,27.61488,0.0,0.0,248.19859051364816
89.6,39.96009931,-106.2166674,2505.1512,27.61488,0.0,0.0,248.19859051364816
89.69999999999999,39.96009929,-106.2166676,2505.1512,27.61488,0.0,0.0,248.19859051364816
89.8,39.96009913,-106.2166679,2505.1512,27.61488,0.0,0.0,248.19859051364816
89.89999999999999,39.96009895,-106.2166681,2505.1512,27.61488,0.491744,0.089408,248.19859051364816
90.0,39.96009877,-106.2166683,2505.1512,27.70632,0.0,0.089408,248.19859051364816
90.1,39.96009866,-106.2166685,2505.1512,27.61488,0.0,0.089408,225.0
90.2,39.96009849,-106.2166687,2505.1512,27.61488,0.491744,0.089408,225.0
90.3,39.96009851,-106.2166687,2505.1512,27.70632,0.0,0.089408,225.0
90.4,39.96009836,-106.2166688,2505.1512,27.70632,0.0,0.089408,225.0
90.5,39.96009826,-106.2166687,2505.1512,27.70632,0.0,0.089408,180.0
90.6,39.96009813,-106.2166687,2505.1512,27.61488,0.0,0.089408,180.0
90.7,39.96009847,-106.2166686,2505.1512,27.70632,0.0,0.089408,0.0
90.8,39.9600984,-106.2166687,2505.1512,27.61488,0.0,0.089408,0.0
90.9,39.96009832,-106.216669,2505.1512,27.70632,0.0,0.089408,180.0
91.0,39.96009823,-106.2166689,2505.1512,27.70632,0.0,0.089408,0.0
91.1,39.96009827,-106.2166688,2505.1512,27.70632,0.0,0.089408,0.0
91.2,39.96009823,-106.2166687,2505.1512,27.797760000000004,0.0,0.089408,0.0
91.3,39.96009825,-106.2166686,2505.1512,27.797760000000004,0.0,0.089408,0.0
91.4,39.96009822,-106.2166685,2505.1512,27.797760000000004,0.0,0.089408,0.0
91.5,39.9600982,-106.2166684,2505.1512,27.797760000000004,0.0,0.089408,0.0
91.6,39.96009816,-106.2166683,2505.1512,27.797760000000004,0.0,0.089408,0.0
91.7,39.96009807,-106.2166685,2505.1512,27.797760000000004,0.0,0.089408,0.0
91.8,39.960098,-106.2166686,2505.1512,27.797760000000004,0.0,0.22352,0.0
91.9,39.96009803,-106.2166687,2505.1512,27.70632,0.0,0.22352,0.0
92.0,39.96009797,-106.2166687,2505.1512,27.70632,0.67056,0.22352,0.0
92.1,39.96009774,-106.2166688,2505.1512,27.70632,0.491744,0.089408,0.0
92.2,39.96009769,-106.2166688,2505.1512,27.61488,0.0,0.089408,0.0
92.3,39.96009775,-106.2166689,2505.1512,27.61488,0.0,0.089408,0.0
92.4,39.96009775,-106.2166689,2505.1512,27.61488,0.0,0.089408,0.0
92.5,39.96009764,-106.2166691,2505.1512,27.61488,0.0,0.089408,0.0
92.6,39.96009764,-106.2166691,2505.1512,27.61488,0.0,0.22352,0.0
92.7,39.96009777,-106.2166692,2504.8464,27.492960000000004,0.0,0.089408,0.0
92.8,39.96009782,-106.2166692,2504.8464,27.492960000000004,0.0,0.089408,0.0
92.9,39.96009786,-106.2166692,2504.8464,27.492960000000004,0.0,0.089408,0.0
93.0,39.96009792,-106.2166692,2504.8464,27.40152,0.0,0.089408,0.0
93.1,39.96009807,-106.2166693,2504.8464,27.40152,0.0,0.0,0.0
93.2,39.96009817,-106.2166694,2504.8464,27.40152,0.0,0.0,0.0
93.3,39.96009823,-106.2166695,2504.8464,27.40152,0.0,0.0,0.0
93.4,39.9600983,-106.2166696,2504.8464,27.31008,0.0,0.0,0.0
93.5,39.96009829,-106.2166697,2504.8464,27.31008,0.0,0.0,0.0
93.6,39.96009835,-106.2166698,2504.8464,27.31008,0.491744,0.0,0.0
93.7,39.9600986,-106.21667,2504.8464,27.31008,0.491744,0.0,0.0
93.8,39.96009865,-106.2166702,2504.5416,27.188160000000003,0.0,0.0,0.0
93.9,39.96009857,-106.2166703,2504.5416,27.188160000000003,0.0,0.0,0.0
94.0,39.96009856,-106.2166704,2504.5416,27.188160000000003,0.0,0.0,0.0
94.1,39.96009851,-106.2166702,2504.5416,27.188160000000003,0.0,0.0,0.0
94.2,39.96009849,-106.2166703,2504.5416,27.188160000000003,0.491744,0.0,0.0
94.3,39.96009828,-106.2166704,2504.5416,27.096720000000005,0.0,0.0,0.0
94.4,39.96009825,-106.2166705,2504.5416,27.096720000000005,0.0,0.0,0.0
94.5,39.96009816,-106.2166705,2504.5416,27.096720000000005,0.0,0.0,0.0
94.6,39.9600981,-106.2166706,2504.5416,27.096720000000005,0.0,0.0,0.0
94.7,39.96009802,-106.2166707,2504.5416,27.188160000000003,0.0,0.0,0.0
94.8,39.96009798,-106.2166707,2504.8464,27.31008,0.491744,-0.089408,0.0
94.9,39.96009796,-106.2166707,2504.8464,27.31008,0.0,-0.089408,0.0
95.0,39.96009797,-106.2166708,2504.8464,27.31008,0.491744,0.0,0.0
95.1,39.960098,-106.2166711,2504.8464,27.40152,0.491744,0.0,0.0
95.4,39.96009799,-106.2166718,2504.8464,27.40152,0.357632,0.0,0.0
95.5,39.96009794,-106.2166721,2504.8464,27.40152,0.357632,0.0,0.0
95.6,39.96009793,-106.2166722,2504.8464,27.40152,0.0,0.0,0.0
95.7,39.96009768,-106.2166725,2504.8464,27.40152,0.0,0.0,0.0
95.8,39.96009763,-106.2166727,2504.8464,27.40152,0.0,0.0,0.0
95.9,39.96009763,-106.2166726,2504.8464,27.40152,0.0,0.0,0.0
96.0,39.96009757,-106.2166728,2504.8464,27.40152,0.0,0.0,0.0
96.1,39.96009779,-106.2166727,2504.8464,27.40152,0.0,0.0,0.0
96.2,39.96009778,-106.2166729,2504.8464,27.40152,0.0,0.089408,0.0
96.3,39.96009789,-106.216673,2504.8464,27.40152,0.0,0.089408,0.0
96.4,39.96009792,-106.2166731,2504.8464,27.31008,0.0,0.089408,0.0
96.5,39.96009817,-106.216673,2504.8464,27.31008,0.0,0.0,0.0
96.6,39.9600982,-106.2166731,2504.8464,27.31008,0.0,0.0,0.0
96.7,39.96009843,-106.2166727,2504.8464,27.31008,0.0,0.0,0.0
96.8,39.96009846,-106.2166727,2504.8464,27.31008,0.0,0.0,0.0
96.9,39.96009831,-106.2166724,2504.8464,27.40152,0.0,0.0,180.0
97.0,39.96009792,-106.2166725,2504.8464,27.31008,0.0,0.089408,188.7461622625552
97.1,39.96009719,-106.2166729,2504.8464,27.31008,0.67056,0.089408,192.80426606528675
97.2,39.96009608,-106.2166734,2504.8464,27.31008,1.162304,0.0,196.1892062570269
97.3,39.96009399,-106.216674,2504.8464,27.31008,1.832864,0.089408,196.14433878028348
97.4,39.96009218,-106.2166747,2504.8464,27.31008,2.279904,0.089408,195.4612177404419
97.5,39.96008922,-106.216676,2504.8464,27.31008,2.771648,0.0,195.94539590092288
97.6,39.96008667,-106.2166771,2504.8464,27.31008,3.218688,0.0,195.94539590092288
97.7,39.96008357,-106.2166782,2504.8464,27.31008,3.263392,0.0,195.52411099675425
97.8,39.96008039,-106.2166794,2504.8464,27.31008,3.665728,0.0,194.3813945910906
97.9,39.96007661,-106.2166807,2504.8464,27.31008,4.02336,0.0,194.51105950016907
98.0,39.96007284,-106.2166821,2504.8464,27.31008,4.336288,0.0,195.20240870917613
98.1,39.96006869,-106.2166834,2504.8464,27.31008,4.559807999999999,0.0,195.4034249624696
98.2,39.96006438,-106.216685,2504.8464,27.31008,4.828032,0.0,195.43964553531927
98.3,39.96005973,-106.2166868,2504.8464,27.31008,5.185664,0.0,194.7691985302916
98.4,39.96005492,-106.2166885,2504.8464,27.31008,5.453887999999999,0.0,194.96215525432652
98.5,39.96004968,-106.2166902,2504.8464,27.31008,5.766816,0.0,194.3700015151793
98.6,39.96004436,-106.216692,2504.8464,27.31008,6.079744,0.0,193.61418274482932
98.7,39.96003888,-106.2166936,2504.8464,27.31008,6.169152,0.0,194.44403572449224
98.8,39.96003314,-106.2166955,2504.8464,27.31008,6.392672,0.089408,193.74491150656968
98.9,39.96002729,-106.2166973,2504.8464,27.31008,6.616192,0.0,193.37444046487116
99.0,39.96002111,-106.2166993,2504.8464,27.31008,6.884416,0.089408,193.67130713219584
99.1,39.9600149,-106.2167011,2504.8464,27.31008,7.063232,0.0,193.1575427400148
99.2,39.96000834,-106.2167031,2504.8464,27.31008,7.286752,0.089408,193.4412048370986
99.3,39.9600017,-106.2167051,2504.8464,27.31008,7.510272,0.0,193.12290985899628
99.4,39.95999475,-106.2167072,2504.5416,27.188160000000003,7.733792,0.0,193.3924977537511
99.5,39.95998799,-106.2167093,2504.8464,27.31008,7.8232,-0.089408,194.19473761279087
99.6,39.95998106,-106.2167117,2504.8464,27.31008,7.867904,-0.402336,194.9535647531895
99.7,39.95997471,-106.2167141,2504.8464,27.40152,7.644384,-0.804672,195.42216131873863
99.8,39.95996894,-106.2167161,2504.8464,27.492960000000004,7.018528,-0.581152,195.25511870305775
99.9,39.95996455,-106.2167188,2505.1512,27.61488,5.990336,-0.402336,196.33604288971847
100.0,39.95995996,-106.2167205,2505.1512,27.61488,5.319776,-0.22352,195.7247457227474
100.1,39.95995749,-106.2167219,2504.8464,27.492960000000004,4.157472,0.0,196.032339353936
100.2,39.95995422,-106.2167232,2504.8464,27.492960000000004,3.397504,0.0,196.99082329198612
100.3,39.95995232,-106.2167241,2504.8464,27.40152,2.995168,0.089408,197.24145939893995
100.4,39.95995036,-106.2167249,2504.8464,27.40152,2.279904,0.089408,196.11341823308928
100.5,39.9599495,-106.2167252,2504.8464,27.40152,1.654048,0.089408,197.92791976200724
100.6,39.95994855,-106.2167257,2504.8464,27.31008,1.162304,0.22352,195.64224645720876
100.7,39.95994839,-106.2167257,2504.8464,27.31008,0.67056,0.22352,201.25050550713323
100.8,39.95994807,-106.216726,2504.8464,27.31008,0.0,0.22352,201.03751102542185
100.9,39.95994783,-106.2167263,2504.5416,27.188160000000003,0.491744,0.312928,203.6293777306568
101.0,39.95994747,-106.2167267,2504.5416,27.188160000000003,0.0,0.402336,204.22774531795412
101.1,39.95994584,-106.2167275,2504.5416,27.188160000000003,1.162304,0.312928,202.75097634278765
101.2,39.95994466,-106.2167282,2504.5416,27.096720000000005,1.6987519999999998,0.089408,200.409882833804
101.3,39.9599417,-106.2167293,2504.5416,27.096720000000005,2.45872,-0.089408,199.5731258304102
101.4,39.9599403,-106.21673,2504.5416,27.188160000000003,2.548128,-0.402336,198.8860873697093
101.5,39.95993764,-106.2167311,2504.8464,27.31008,2.414016,-0.402336,194.82647997035568
101.6,39.95993651,-106.2167316,2504.8464,27.40152,2.2352,-0.312928,197.24145939893995
101.7,39.95993557,-106.2167324,2504.8464,27.40152,1.34112,-0.22352,197.6501242199301
101.8,39.9599348,-106.2167328,2504.8464,27.40152,1.0728959999999998,-0.089408,195.52411099675425
101.9,39.95993401,-106.2167332,2504.8464,27.40152,0.938784,0.0,201.03751102542185
102.0,39.9599335,-106.2167335,2504.8464,27.40152,0.804672,0.0,204.44395478041653
102.2,39.95993274,-106.2167339,2504.8464,27.31008,0.5364479999999999,0.089408,195.94539590092288
102.3,39.9599326,-106.2167343,2504.8464,27.31008,0.44704,0.089408,195.94539590092288
102.4,39.95993241,-106.2167345,2504.8464,27.31008,0.0,0.089408,201.80140948635184
102.5,39.95993243,-106.2167345,2504.8464,27.31008,0.0,0.0,201.80140948635184
102.6,39.95993232,-106.2167347,2504.8464,27.31008,0.0,0.0,201.80140948635184
102.7,39.95993219,-106.2167348,2504.8464,27.31008,0.0,0.0,225.0
102.8,39.95993209,-106.216735,2504.8464,27.31008,0.0,0.0,225.0
102.9,39.959932,-106.2167352,2504.8464,27.31008,0.0,0.0,225.0
103.0,39.95993195,-106.2167354,2504.8464,27.31008,0.0,0.0,225.0
103.1,39.95993196,-106.2167355,2504.8464,27.31008,0.0,0.0,270.0
103.2,39.95993196,-106.2167357,2504.8464,27.31008,0.0,0.0,270.0
103.3,39.95993207,-106.2167359,2504.8464,27.31008,0.0,0.0,270.0
103.4,39.95993208,-106.216736,2504.8464,27.31008,0.0,0.0,0.0
103.5,39.95993228,-106.2167359,2504.8464,27.31008,0.67056,0.0,0.0
103.6,39.9599323,-106.216736,2504.8464,27.31008,0.0,0.0,0.0
103.7,39.95993224,-106.2167358,2504.8464,27.31008,0.0,0.0,0.0
103.8,39.95993226,-106.216736,2504.8464,27.31008,0.491744,0.0,0.0
103.9,39.9599321,-106.2167358,2504.8464,27.31008,0.0,0.0,0.0
104.0,39.95993212,-106.2167358,2504.5416,27.188160000000003,0.0,0.089408,0.0
104.1,39.95993197,-106.2167358,2504.5416,27.188160000000003,0.0,0.0,0.0
104.2,39.95993196,-106.2167357,2504.8464,27.31008,0.0,0.0,0.0
104.3,39.95993168,-106.2167356,2504.8464,27.31008,0.0,0.0,0.0
104.4,39.95993166,-106.2167356,2504.8464,27.31008,0.0,-0.089408,0.0
104.5,39.95993158,-106.2167356,2504.8464,27.31008,0.0,-0.089408,0.0
104.6,39.95993159,-106.2167355,2504.8464,27.31008,0.0,-0.089408,0.0
104.7,39.95993136,-106.2167355,2504.8464,27.40152,0.0,0.0,0.0
104.8,39.95993134,-106.2167355,2504.8464,27.40152,0.491744,0.0,0.0
104.9,39.95993125,-106.2167359,2504.8464,27.31008,0.491744,0.0,0.0
105.0,39.9599312,-106.2167359,2504.8464,27.31008,0.0,0.0,0.0
105.1,39.95993119,-106.216736,2504.8464,27.31008,0.67056,0.0,0.0
105.2,39.95993112,-106.216736,2504.8464,27.31008,0.0,0.0,0.0
105.3,39.95993102,-106.2167361,2504.8464,27.31008,0.0,0.0,0.0
105.4,39.95993094,-106.2167362,2504.8464,27.31008,0.0,0.0,0.0
105.5,39.9599309,-106.2167362,2504.8464,27.31008,0.0,0.0,0.0
105.6,39.95993083,-106.2167362,2504.8464,27.31008,0.0,0.0,0.0
105.7,39.95993097,-106.2167362,2504.8464,27.31008,0.0,0.0,0.0
105.8,39.95993093,-106.2167364,2504.8464,27.31008,0.0,0.0,0.0
105.9,39.95993092,-106.2167365,2504.8464,27.31008,0.0,0.0,0.0
106.0,39.95993087,-106.2167367,2504.8464,27.31008,0.0,0.0,0.0
106.1,39.95993109,-106.2167367,2504.8464,27.31008,0.0,0.0,0.0
106.2,39.95993102,-106.2167368,2504.8464,27.31008,0.0,0.0,0.0
106.3,39.95993101,-106.2167367,2504.8464,27.31008,0.0,0.0,0.0
106.4,39.95993095,-106.2167368,2504.8464,27.31008,0.0,0.0,0.0
106.5,39.95993099,-106.2167367,2504.8464,27.31008,0.0,0.0,0.0
106.6,39.95993091,-106.2167368,2504.8464,27.31008,0.0,0.0,0.0
106.7,39.95993084,-106.2167366,2504.8464,27.31008,0.0,0.0,0.0
106.8,39.95993078,-106.2167367,2504.8464,27.31008,0.0,0.0,0.0
106.9,39.95993092,-106.2167366,2504.8464,27.31008,0.0,0.0,0.0
107.0,39.95993087,-106.2167366,2504.8464,27.31008,0.0,0.0,0.0
107.1,39.95993099,-106.2167367,2504.8464,27.31008,0.0,0.0,0.0
107.2,39.95993097,-106.2167367,2504.8464,27.31008,0.0,0.0,0.0
107.3,39.9599309,-106.2167366,2504.8464,27.31008,0.0,0.0,0.0
107.4,39.95993091,-106.2167367,2504.8464,27.31008,0.0,0.0,0.0
107.5,39.95993107,-106.2167367,2504.8464,27.31008,0.0,0.0,0.0
107.6,39.95993111,-106.2167368,2504.8464,27.31008,0.0,0.0,0.0
107.7,39.95993119,-106.2167369,2504.8464,27.31008,0.0,0.0,0.0
107.8,39.95993123,-106.2167369,2504.8464,27.31008,0.0,0.0,0.0
107.9,39.95993129,-106.216737,2504.8464,27.31008,0.0,0.0,0.0
108.0,39.9599313,-106.216737,2504.8464,27.31008,0.0,0.0,0.0
108.1,39.95993117,-106.2167369,2504.8464,27.31008,0.0,0.0,0.0
108.2,39.95993119,-106.216737,2504.8464,27.40152,0.0,0.0,0.0
108.3,39.959931,-106.2167372,2504.8464,27.40152,0.0,0.0,270.0
108.4,39.95993101,-106.2167373,2504.8464,27.31008,0.491744,0.0,270.0
108.5,39.95993107,-106.2167378,2504.8464,27.31008,0.0,0.0,270.0
108.6,39.95993111,-106.216738,2504.8464,27.31008,0.67056,0.0,270.0
108.7,39.95993113,-106.2167382,2504.8464,27.31008,0.0,0.0,270.0
108.8,39.95993119,-106.2167383,2504.8464,27.31008,0.0,0.0,270.0
108.9,39.95993134,-106.2167384,2504.8464,27.31008,0.0,0.0,0.0
109.0,39.95993138,-106.2167384,2504.8464,27.31008,0.0,0.0,0.0
109.1,39.95993125,-106.2167383,2504.8464,27.31008,0.491744,0.0,0.0
109.2,39.95993127,-106.2167382,2504.8464,27.31008,0.0,0.0,0.0
109.3,39.95993114,-106.2167382,2504.8464,27.31008,0.0,0.0,0.0
109.4,39.95993115,-106.2167381,2504.8464,27.31008,0.0,0.0,0.0
109.5,39.95993111,-106.2167381,2504.8464,27.31008,0.0,0.0,0.0
109.6,39.95993112,-106.2167381,2504.8464,27.31008,0.0,0.0,0.0
109.7,39.95993111,-106.216738,2504.8464,27.40152,0.0,0.0,0.0
109.8,39.95993111,-106.2167379,2504.8464,27.31008,0.0,0.0,0.0
109.9,39.95993111,-106.2167379,2504.8464,27.31008,0.0,0.0,0.0
110.0,39.95993112,-106.2167379,2504.8464,27.31008,0.0,0.0,0.0
110.1,39.95993111,-106.2167379,2504.8464,27.31008,0.0,0.0,0.0
110.2,39.95993111,-106.2167379,2504.8464,27.31008,0.0,0.0,0.0
110.5,39.9599312,-106.216738,2504.8464,27.31008,0.0,0.0,0.0
110.6,39.9599312,-106.2167381,2504.8464,27.40152,0.0,0.0,0.0
110.7,39.95993117,-106.216738,2504.8464,27.31008,0.0,0.0,0.0
110.8,39.95993115,-106.2167381,2504.8464,27.31008,0.0,0.0,0.0
110.9,39.95993114,-106.2167382,2504.8464,27.31008,0.0,0.0,0.0
111.0,39.95993111,-106.2167382,2504.8464,27.31008,0.0,0.0,0.0
111.1,39.95993098,-106.2167381,2504.8464,27.31008,0.0,0.0,0.0
111.2,39.95993095,-106.2167381,2504.8464,27.31008,0.0,0.0,0.0
111.3,39.95993088,-106.2167382,2504.8464,27.31008,0.0,0.0,0.0
111.4,39.95993086,-106.2167383,2504.8464,27.31008,0.0,0.0,0.0
111.5,39.95993078,-106.2167383,2504.8464,27.31008,0.0,0.0,0.0
111.6,39.95993074,-106.2167384,2504.8464,27.31008,0.0,0.0,0.0
111.7,39.9599308,-106.2167383,2504.8464,27.31008,0.491744,0.0,0.0
111.8,39.95993076,-106.2167383,2504.8464,27.31008,0.0,0.0,0.0
112.1,39.95993038,-106.2167384,2504.8464,27.31008,0.357632,0.0,0.0
112.2,39.95993032,-106.2167384,2504.8464,27.31008,0.22352,0.0,0.0
112.3,39.95993029,-106.2167383,2504.8464,27.31008,0.0,0.0,0.0
112.4,39.95993024,-106.2167383,2504.8464,27.31008,0.0,0.0,0.0
112.5,39.95993036,-106.2167385,2504.8464,27.31008,0.0,0.0,0.0
112.6,39.95993033,-106.2167385,2504.8464,27.31008,0.0,0.0,0.0
112.7,39.95993027,-106.2167385,2504.8464,27.31008,0.491744,0.0,0.0
112.8,39.95993024,-106.2167385,2504.8464,27.31008,0.0,0.0,0.0
112.9,39.95993017,-106.2167385,2504.8464,27.31008,0.0,0.0,0.0
113.0,39.95993014,-106.2167385,2504.8464,27.31008,0.0,0.0,0.0
113.1,39.95993005,-106.2167384,2504.8464,27.31008,0.0,0.0,0.0
113.2,39.95992998,-106.2167384,2504.8464,27.31008,0.0,0.0,0.0
113.3,39.95992984,-106.2167386,2504.8464,27.31008,0.0,0.0,0.0
113.4,39.95992971,-106.2167387,2504.8464,27.31008,0.0,0.0,0.0
113.5,39.95992941,-106.2167387,2504.8464,27.31008,0.0,0.0,0.0
113.6,39.9599293,-106.2167387,2504.8464,27.31008,0.0,0.0,0.0
113.7,39.95992927,-106.2167389,2504.8464,27.31008,0.0,0.0,0.0
113.8,39.95992919,-106.2167389,2504.8464,27.31008,0.0,0.0,0.0
113.9,39.95992937,-106.2167389,2504.8464,27.31008,0.0,0.0,0.0
114.0,39.95992934,-106.2167389,2504.8464,27.31008,0.0,0.0,0.0
114.1,39.95992956,-106.2167387,2504.8464,27.31008,0.0,0.0,0.0
114.2,39.95992955,-106.2167387,2504.8464,27.31008,0.0,0.0,0.0
114.3,39.95992946,-106.2167386,2504.8464,27.31008,0.0,0.0,0.0
114.4,39.95992944,-106.2167386,2504.8464,27.31008,0.491744,0.0,0.0
114.5,39.9599296,-106.2167385,2504.8464,27.31008,0.0,0.0,0.0
114.6,39.95992959,-106.2167385,2504.8464,27.31008,0.0,0.0,0.0
114.7,39.9599296,-106.2167384,2504.8464,27.31008,0.0,0.0,0.0
114.8,39.95992961,-106.2167383,2504.8464,27.31008,0.0,0.0,0.0
114.9,39.95992963,-106.2167381,2504.8464,27.31008,0.0,0.0,0.0
115.1,39.95992967,-106.216738,2504.8464,27.31008,0.312928,0.0,0.0
115.2,39.95992968,-106.216738,2504.8464,27.31008,0.0,0.0,0.0
115.3,39.95992966,-106.2167378,2504.8464,27.31008,0.0,0.0,0.0
115.4,39.95992968,-106.2167378,2504.8464,27.31008,0.0,0.0,0.0
115.5,39.95992966,-106.2167378,2504.8464,27.31008,0.0,0.0,0.0
115.6,39.95992968,-106.2167377,2504.8464,27.31008,0.0,0.0,0.0
115.7,39.95992969,-106.2167377,2504.8464,27.31008,0.0,0.0,0.0
115.8,39.95992975,-106.2167377,2504.8464,27.31008,0.0,0.0,0.0
115.9,39.95992963,-106.2167375,2504.8464,27.31008,0.0,0.0,0.0
116.0,39.95992969,-106.2167375,2504.8464,27.31008,0.0,0.0,0.0
116.1,39.95992985,-106.2167375,2504.8464,27.31008,0.0,0.0,0.0
116.2,39.95992992,-106.2167375,2504.8464,27.31008,0.0,0.0,0.0
116.3,39.95992994,-106.2167374,2504.8464,27.31008,0.0,0.0,0.0
116.4,39.95992998,-106.2167374,2504.8464,27.31008,0.0,0.0,0.0
116.5,39.95992996,-106.2167374,2504.8464,27.31008,0.0,0.0,0.0
116.6,39.95992996,-106.2167374,2504.8464,27.31008,0.0,0.0,0.0
116.7,39.95992979,-106.2167373,2504.8464,27.31008,0.491744,0.0,0.0
116.8,39.95992978,-106.2167373,2504.8464,27.31008,0.0,0.0,0.0
116.9,39.95993005,-106.2167374,2504.8464,27.31008,0.0,0.0,0.0
117.0,39.95993006,-106.2167373,2504.8464,27.31008,0.0,0.0,0.0
117.3,39.95993003,-106.2167369,2504.8464,27.31008,0.0,0.0,0.0
117.4,39.95993005,-106.2167368,2504.8464,27.31008,0.0,0.0,0.0
117.5,39.95993005,-106.2167367,2504.8464,27.31008,0.0,0.0,0.0
117.6,39.95993009,-106.2167366,2504.8464,27.31008,0.0,0.0,0.0
117.7,39.95993028,-106.2167364,2504.8464,27.31008,0.0,0.0,0.0
117.8,39.95993035,-106.2167363,2504.8464,27.31008,0.0,0.0,0.0
117.9,39.95993049,-106.2167363,2504.8464,27.31008,0.0,0.0,0.0
118.0,39.95993056,-106.2167362,2504.8464,27.31008,0.0,0.0,0.0
118.1,39.95993071,-106.2167362,2504.8464,27.31008,0.0,0.0,0.0
118.4,39.95993077,-106.2167357,2504.8464,27.31008,0.0,0.0,0.0
118.5,39.95993084,-106.2167355,2504.8464,27.31008,0.0,0.0,0.0
118.7,39.95993105,-106.2167354,2504.8464,27.31008,0.0,0.0,0.0
118.8,39.95993114,-106.2167353,2504.8464,27.31008,0.0,0.0,0.0
118.9,39.9599311,-106.2167353,2504.8464,27.31008,0.0,0.0,0.0
119.0,39.95993115,-106.2167352,2504.8464,27.31008,0.0,0.0,0.0
119.1,39.95993106,-106.2167353,2504.8464,27.31008,0.0,0.0,0.0
119.2,39.95993107,-106.2167352,2504.8464,27.31008,0.0,0.0,0.0
119.3,39.95993091,-106.2167351,2504.8464,27.31008,0.0,0.0,0.0
119.4,39.95993091,-106.2167351,2504.8464,27.31008,0.0,0.0,0.0
119.5,39.95993091,-106.2167351,2504.8464,27.31008,0.0,0.0,0.0
119.6,39.95993096,-106.2167351,2504.8464,27.31008,0.0,0.0,0.0
119.7,39.95993075,-106.2167353,2504.8464,27.31008,0.0,0.0,0.0
119.8,39.95993079,-106.2167353,2504.8464,27.31008,0.0,0.0,0.0
119.9,39.95993082,-106.2167354,2504.8464,27.31008,0.0,0.0,0.0
120.0,39.95993086,-106.2167354,2504.8464,27.31008,0.0,0.0,0.0
120.1,39.95993081,-106.2167355,2504.8464,27.40152,0.0,0.0,0.0
120.2,39.95993086,-106.2167356,2504.8464,27.40152,0.0,0.0,0.0
120.3,39.95993081,-106.2167358,2504.8464,27.40152,0.0,0.0,0.0
120.4,39.95993085,-106.2167358,2504.8464,27.40152,0.0,0.0,0.0
120.5,39.95993065,-106.2167362,2504.8464,27.40152,0.491744,0.0,0.0
120.6,39.95993067,-106.2167363,2504.8464,27.40152,0.0,0.0,0.0
120.7,39.95993045,-106.2167365,2504.8464,27.40152,0.0,0.0,0.0
120.8,39.95993044,-106.2167366,2504.8464,27.40152,0.0,0.0,0.0
120.9,39.9599304,-106.2167366,2504.8464,27.40152,0.0,0.0,0.0
121.0,39.95993037,-106.2167367,2504.8464,27.40152,0.0,0.0,0.0
121.1,39.95993024,-106.2167369,2504.8464,27.40152,0.0,0.0,0.0
121.2,39.95993022,-106.216737,2504.8464,27.40152,0.0,0.0,0.0
121.3,39.95993032,-106.2167372,2504.8464,27.40152,0.0,0.0,0.0
121.4,39.9599303,-106.2167374,2504.8464,27.40152,0.0,0.0,270.0
121.5,39.95993036,-106.2167376,2504.8464,27.40152,0.0,0.0,0.0
121.6,39.95993037,-106.2167378,2504.8464,27.40152,0.0,0.0,0.0
121.7,39.95993037,-106.2167378,2504.8464,27.40152,0.491744,0.0,0.0
121.8,39.95993036,-106.2167379,2504.8464,27.40152,0.491744,0.0,0.0
121.9,39.95993054,-106.2167382,2504.8464,27.40152,0.67056,0.0,0.0
122.0,39.95993053,-106.2167384,2504.8464,27.40152,0.0,0.0,0.0
122.1,39.95993045,-106.2167384,2504.8464,27.40152,0.0,0.0,270.0
122.2,39.95993042,-106.2167386,2504.8464,27.40152,0.0,0.0,270.0
122.3,39.95993051,-106.2167386,2504.8464,27.40152,0.0,0.0,0.0
122.4,39.95993049,-106.2167387,2504.8464,27.40152,0.0,0.0,0.0
122.5,39.95993067,-106.2167386,2504.8464,27.40152,0.0,0.0,0.0
122.6,39.95993069,-106.2167387,2504.8464,27.40152,0.0,0.0,0.0
122.7,39.95993092,-106.2167384,2504.8464,27.40152,0.0,0.0,0.0
122.8,39.95993097,-106.2167384,2504.8464,27.40152,0.0,0.0,0.0
122.9,39.95993108,-106.2167382,2504.8464,27.40152,0.0,0.0,0.0
123.0,39.95993112,-106.2167381,2504.8464,27.40152,0.0,0.0,0.0
123.1,39.95993132,-106.2167379,2504.8464,27.40152,0.0,0.0,0.0
123.2,39.95993136,-106.2167379,2504.8464,27.31008,0.0,0.0,0.0
123.3,39.95993136,-106.2167378,2504.8464,27.31008,0.491744,0.0,0.0
123.4,39.95993137,-106.2167377,2504.8464,27.31008,0.0,0.0,0.0
123.5,39.95993153,-106.2167377,2504.8464,27.31008,0.0,0.0,0.0
123.6,39.95993155,-106.2167376,2504.8464,27.31008,0.0,0.0,0.0
123.7,39.95993144,-106.2167377,2504.8464,27.31008,0.0,0.0,0.0
123.8,39.95993145,-106.2167377,2504.8464,27.31008,0.0,0.0,0.0
123.9,39.95993163,-106.216738,2504.8464,27.31008,0.0,0.0,0.0
124.0,39.95993167,-106.216738,2504.8464,27.31008,0.0,0.0,0.0
124.1,39.95993165,-106.2167381,2504.8464,27.31008,0.0,0.0,0.0
124.2,39.95993169,-106.2167382,2504.8464,27.31008,0.0,0.0,0.0
124.29999999999998,39.95993147,-106.2167383,2504.8464,27.31008,0.0,0.0,0.0
124.4,39.95993146,-106.2167384,2504.8464,27.31008,0.0,0.0,0.0
124.5,39.95993138,-106.2167386,2504.8464,27.31008,0.0,0.0,0.0
124.6,39.95993138,-106.2167387,2504.8464,27.31008,0.0,0.0,0.0
124.7,39.95993138,-106.216739,2504.8464,27.31008,0.0,0.0,0.0
124.79999999999998,39.9599314,-106.2167391,2504.8464,27.31008,0.0,0.0,0.0
124.9,39.95993132,-106.216739,2504.8464,27.31008,0.0,0.0,0.0
125.0,39.95993129,-106.2167391,2504.8464,27.31008,0.0,0.0,0.0
125.1,39.95993123,-106.2167393,2504.8464,27.31008,0.0,0.0,0.0
125.2,39.95993119,-106.2167394,2504.8464,27.31008,0.0,0.0,0.0
125.29999999999998,39.959931,-106.2167393,2504.8464,27.31008,0.0,0.0,0.0
125.4,39.95993097,-106.2167394,2504.8464,27.31008,0.0,0.0,0.0
125.5,39.95993111,-106.2167393,2504.8464,27.31008,0.0,0.0,0.0
125.6,39.95993109,-106.2167394,2504.8464,27.31008,0.0,0.0,0.0
125.7,39.95993084,-106.2167393,2504.8464,27.31008,0.0,0.0,0.0
125.79999999999998,39.95993082,-106.2167394,2504.8464,27.31008,0.0,0.0,0.0
125.9,39.95993093,-106.2167395,2504.8464,27.31008,0.0,0.0,0.0
126.0,39.95993099,-106.2167396,2504.8464,27.31008,0.0,0.0,0.0
126.1,39.95993102,-106.2167397,2504.8464,27.31008,0.0,0.0,0.0
126.2,39.95993108,-106.2167398,2504.8464,27.31008,0.491744,0.0,0.0
126.29999999999998,39.95993128,-106.2167396,2504.8464,27.31008,0.0,0.0,0.0
126.4,39.95993138,-106.2167396,2504.8464,27.31008,0.0,0.0,0.0
126.5,39.95993142,-106.2167396,2504.8464,27.31008,0.0,0.0,0.0
126.6,39.95993151,-106.2167397,2504.8464,27.31008,0.0,0.0,0.0
126.7,39.95993167,-106.2167398,2504.8464,27.31008,0.491744,0.0,0.0
126.79999999999998,39.95993175,-106.2167399,2504.8464,27.31008,0.491744,0.0,0.0
126.9,39.95993168,-106.21674,2504.8464,27.31008,0.0,0.0,0.0
127.0,39.95993175,-106.21674,2504.8464,27.31008,0.0,0.0,0.0
127.1,39.95993171,-106.2167401,2504.8464,27.31008,0.0,0.0,0.0
127.2,39.95993176,-106.2167402,2504.8464,27.31008,0.0,0.0,0.0
127.29999999999998,39.95993191,-106.2167401,2504.8464,27.31008,0.0,0.0,0.0
127.4,39.95993196,-106.2167401,2504.8464,27.31008,0.0,0.0,0.0
127.5,39.95993197,-106.21674,2504.8464,27.31008,0.0,0.0,0.0
127.6,39.95993204,-106.2167399,2504.8464,27.31008,0.0,0.0,0.0
127.7,39.95993214,-106.2167396,2504.8464,27.31008,0.0,0.0,0.0
127.79999999999998,39.95993222,-106.2167395,2504.8464,27.31008,0.0,0.0,0.0
127.9,39.9599323,-106.2167394,2504.8464,27.31008,0.0,0.0,0.0
128.0,39.95993237,-106.2167394,2504.8464,27.31008,0.0,0.0,0.0
128.1,39.95993234,-106.2167393,2504.8464,27.31008,0.0,0.0,0.0
128.2,39.9599324,-106.2167393,2504.8464,27.31008,0.0,0.0,0.0
128.29999999999998,39.95993257,-106.2167392,2504.8464,27.40152,0.0,0.0,0.0
128.4,39.95993265,-106.2167391,2504.8464,27.40152,0.0,0.0,0.0
128.5,39.9599327,-106.216739,2504.8464,27.40152,0.0,0.0,0.0
128.6,39.95993281,-106.2167389,2504.8464,27.40152,0.0,0.0,0.0
128.7,39.95993302,-106.2167387,2504.8464,27.40152,0.0,0.0,0.0
128.79999999999998,39.95993315,-106.2167386,2504.8464,27.492960000000004,0.0,0.0,0.0
128.9,39.95993329,-106.2167386,2504.8464,27.492960000000004,0.0,0.0,0.0
129.0,39.95993342,-106.2167384,2504.8464,27.492960000000004,0.0,0.0,0.0
129.1,39.95993331,-106.2167383,2504.8464,27.492960000000004,0.0,0.0,0.0
129.2,39.95993341,-106.2167382,2504.8464,27.492960000000004,0.0,0.0,0.0
129.29999999999998,39.95993359,-106.2167382,2504.8464,27.492960000000004,0.0,0.0,0.0
129.4,39.95993367,-106.2167381,2504.8464,27.492960000000004,0.0,0.0,0.0
129.5,39.95993368,-106.216738,2504.8464,27.492960000000004,0.0,0.0,0.0
129.6,39.95993371,-106.2167379,2504.8464,27.492960000000004,0.0,0.0,0.0
129.7,39.95993347,-106.2167379,2504.8464,27.492960000000004,0.0,0.089408,0.0
129.79999999999998,39.95993346,-106.2167378,2504.8464,27.492960000000004,0.0,0.089408,0.0
129.9,39.95993332,-106.2167379,2504.8464,27.40152,0.0,0.089408,0.0
130.0,39.95993326,-106.2167379,2504.8464,27.40152,0.0,0.089408,0.0
130.1,39.95993336,-106.2167378,2504.8464,27.40152,0.0,0.0,0.0
130.2,39.95993334,-106.2167378,2504.8464,27.40152,0.0,0.0,0.0
130.29999999999998,39.95993342,-106.2167379,2504.8464,27.40152,0.0,0.0,0.0
130.4,39.95993342,-106.2167379,2504.8464,27.40152,0.0,0.0,0.0
130.5,39.95993353,-106.2167379,2504.8464,27.40152,0.0,0.0,0.0
130.6,39.95993355,-106.2167379,2504.8464,27.40152,0.0,0.0,0.0
130.9,39.95993335,-106.2167379,2504.8464,27.40152,0.0,0.0,0.0
131.2,39.95993377,-106.216738,2504.8464,27.40152,0.0,0.0,0.0
131.29999999999998,39.95993364,-106.2167382,2504.8464,27.40152,0.0,0.0,0.0
131.4,39.95993367,-106.2167383,2504.8464,27.40152,0.0,0.0,0.0
131.7,39.9599335,-106.2167384,2504.8464,27.31008,0.0,0.0,270.0
131.79999999999998,39.95993349,-106.2167386,2504.8464,27.31008,0.0,0.0,270.0
131.9,39.9599336,-106.2167389,2504.8464,27.31008,0.0,0.0,270.0
132.0,39.95993359,-106.2167391,2504.8464,27.31008,0.0,0.0,270.0
132.1,39.95993354,-106.2167394,2504.8464,27.31008,0.0,0.0,270.0
132.2,39.95993352,-106.2167395,2504.8464,27.31008,0.0,0.0,0.0
132.29999999999998,39.95993354,-106.2167393,2504.8464,27.31008,0.0,0.0,0.0
132.7,39.95993354,-106.216739,2504.8464,27.31008,0.0,0.0,0.0
132.79999999999998,39.95993361,-106.2167389,2504.8464,27.31008,0.0,0.0,0.0
132.9,39.9599337,-106.2167388,2504.8464,27.31008,0.0,0.0,0.0
133.0,39.95993376,-106.2167387,2504.5416,27.188160000000003,0.0,0.0,0.0
133.1,39.95993386,-106.2167386,2504.5416,27.188160000000003,0.0,0.0,0.0
133.2,39.95993395,-106.2167386,2504.5416,27.188160000000003,0.0,0.0,0.0
133.29999999999998,39.95993397,-106.2167387,2504.5416,27.188160000000003,0.0,0.0,0.0
133.4,39.95993404,-106.2167386,2504.8464,27.31008,0.0,0.0,0.0
133.5,39.9599342,-106.2167385,2504.8464,27.31008,0.0,0.0,0.0
133.6,39.95993428,-106.2167385,2504.8464,27.31008,0.0,0.0,0.0
133.7,39.95993426,-106.2167383,2504.8464,27.31008,0.0,0.0,0.0
133.79999999999998,39.95993433,-106.2167383,2504.8464,27.31008,0.491744,0.0,0.0
133.9,39.95993449,-106.2167384,2504.8464,27.40152,0.0,0.0,0.0
134.0,39.95993456,-106.2167384,2504.8464,27.40152,0.0,0.0,0.0
134.1,39.95993471,-106.2167383,2504.8464,27.40152,0.0,0.0,0.0
134.2,39.9599348,-106.2167383,2504.8464,27.40152,0.0,0.0,0.0
134.29999999999998,39.95993495,-106.2167384,2504.8464,27.40152,0.0,0.0,0.0
134.4,39.95993501,-106.2167383,2504.8464,27.40152,0.0,0.0,0.0
134.5,39.95993506,-106.2167382,2504.8464,27.40152,0.491744,0.0,0.0
134.6,39.95993508,-106.2167382,2504.8464,27.40152,0.0,0.0,0.0
134.7,39.95993497,-106.2167382,2504.8464,27.40152,0.0,0.0,0.0
134.79999999999998,39.95993495,-106.2167381,2504.8464,27.40152,0.0,0.0,0.0
134.9,39.95993482,-106.2167381,2504.8464,27.40152,0.0,0.0,0.0
135.0,39.9599348,-106.2167381,2504.8464,27.31008,0.0,0.0,0.0
135.1,39.95993482,-106.2167383,2504.8464,27.31008,0.0,0.0,0.0
135.2,39.95993479,-106.2167382,2504.8464,27.31008,0.0,0.0,0.0
135.5,39.95993451,-106.2167381,2504.8464,27.31008,0.0,0.0,0.0
135.6,39.95993448,-106.2167381,2504.8464,27.31008,0.0,0.0,0.0
135.7,39.95993429,-106.216738,2504.8464,27.31008,0.0,0.0,0.0
135.79999999999998,39.95993425,-106.2167379,2504.8464,27.31008,0.0,0.0,0.0
135.9,39.95993425,-106.2167379,2504.8464,27.31008,0.0,0.0,0.0
136.0,39.95993422,-106.2167378,2504.8464,27.31008,0.0,0.0,0.0
136.1,39.95993417,-106.2167378,2504.8464,27.31008,0.0,0.0,0.0
136.2,39.95993416,-106.2167378,2504.8464,27.31008,0.0,0.0,0.0
136.29999999999998,39.95993415,-106.2167378,2504.8464,27.31008,0.0,0.0,0.0
136.4,39.95993419,-106.2167379,2504.8464,27.31008,0.0,0.0,0.0
136.5,39.95993433,-106.2167377,2504.8464,27.31008,0.491744,0.0,0.0
136.6,39.95993439,-106.2167378,2504.8464,27.31008,0.0,0.0,0.0
136.7,39.95993454,-106.2167378,2504.8464,27.31008,0.0,0.0,0.0
136.79999999999998,39.95993461,-106.2167378,2504.8464,27.31008,0.0,0.0,0.0
136.9,39.95993464,-106.2167376,2504.8464,27.31008,0.0,0.0,0.0
137.0,39.95993471,-106.2167376,2504.8464,27.31008,0.0,0.0,0.0
137.1,39.95993489,-106.2167375,2504.8464,27.31008,0.0,0.0,0.0
137.2,39.95993494,-106.2167374,2504.8464,27.31008,0.0,0.0,0.0
137.29999999999998,39.95993489,-106.2167373,2504.8464,27.31008,0.0,0.0,0.0
137.4,39.95993494,-106.2167373,2504.5416,27.188160000000003,0.0,0.0,0.0
137.5,39.9599348,-106.2167372,2504.5416,27.188160000000003,0.0,0.0,0.0
137.6,39.95993483,-106.2167372,2504.5416,27.188160000000003,0.0,0.0,0.0
137.7,39.95993493,-106.2167372,2504.5416,27.188160000000003,0.0,0.0,0.0
138.0,39.95993493,-106.2167373,2504.5416,27.188160000000003,0.0,0.0,0.0
138.1,39.95993499,-106.2167374,2504.5416,27.188160000000003,0.0,0.0,0.0
138.2,39.959935,-106.2167374,2504.5416,27.188160000000003,0.0,0.0,0.0
138.29999999999998,39.95993491,-106.2167378,2504.5416,27.188160000000003,0.0,0.0,0.0
138.4,39.9599349,-106.2167378,2504.5416,27.188160000000003,0.0,0.0,0.0
138.5,39.95993502,-106.2167381,2504.5416,27.188160000000003,0.0,0.0,0.0
138.6,39.95993501,-106.2167382,2504.5416,27.096720000000005,0.0,0.0,0.0
138.7,39.95993499,-106.2167383,2504.5416,27.096720000000005,0.0,0.0,0.0
138.79999999999998,39.95993501,-106.2167385,2504.5416,27.096720000000005,0.0,0.0,270.0
138.9,39.9599352,-106.2167384,2504.5416,27.096720000000005,0.491744,0.0,0.0
139.0,39.95993522,-106.2167385,2504.5416,27.096720000000005,0.0,0.0,0.0
139.1,39.95993502,-106.2167386,2504.5416,27.096720000000005,0.0,0.0,0.0
139.2,39.95993502,-106.2167387,2504.5416,27.096720000000005,0.0,0.0,0.0
139.29999999999998,39.95993482,-106.2167389,2504.5416,27.096720000000005,0.0,0.0,0.0
139.4,39.9599348,-106.2167389,2504.5416,27.096720000000005,0.0,0.0,0.0
139.5,39.95993485,-106.216739,2504.5416,27.096720000000005,0.0,0.0,0.0
139.79999999999998,39.9599348,-106.2167388,2504.5416,27.188160000000003,0.0,0.0,0.0
139.9,39.95993506,-106.2167387,2504.5416,27.188160000000003,0.0,0.0,0.0
140.0,39.95993513,-106.2167387,2504.5416,27.188160000000003,0.0,0.0,0.0
140.1,39.95993525,-106.2167388,2504.5416,27.188160000000003,0.0,0.0,0.0
140.2,39.95993532,-106.2167389,2504.5416,27.188160000000003,0.0,0.0,0.0
140.29999999999998,39.95993536,-106.2167387,2504.5416,27.188160000000003,0.0,0.0,0.0
140.4,39.95993542,-106.2167387,2504.5416,27.188160000000003,0.0,0.0,0.0
140.5,39.95993525,-106.2167391,2504.5416,27.188160000000003,0.0,0.0,0.0
140.6,39.95993528,-106.2167391,2504.5416,27.188160000000003,0.0,0.0,0.0
140.7,39.95993532,-106.216739,2504.5416,27.188160000000003,0.0,0.0,0.0
140.79999999999998,39.95993536,-106.2167391,2504.5416,27.188160000000003,0.0,0.0,0.0
140.9,39.95993545,-106.2167391,2504.5416,27.188160000000003,0.0,-0.089408,0.0
141.0,39.9599355,-106.2167391,2504.8464,27.31008,0.0,0.0,0.0
141.1,39.95993575,-106.216739,2504.8464,27.31008,0.0,0.0,0.0
141.2,39.95993584,-106.2167391,2504.8464,27.31008,0.0,0.0,0.0
141.29999999999998,39.95993592,-106.2167392,2504.8464,27.31008,0.0,0.0,0.0
141.4,39.95993605,-106.2167392,2504.8464,27.31008,0.0,0.0,0.0
141.5,39.95993626,-106.216739,2504.8464,27.31008,0.0,0.0,0.0
141.6,39.95993637,-106.2167391,2504.8464,27.31008,0.491744,0.0,0.0
141.7,39.95993644,-106.2167392,2504.8464,27.31008,0.0,0.0,0.0
141.79999999999998,39.95993654,-106.2167392,2504.5416,27.188160000000003,0.0,0.0,0.0
141.9,39.95993672,-106.2167392,2504.5416,27.188160000000003,0.0,0.0,0.0
142.0,39.95993681,-106.2167392,2504.5416,27.188160000000003,0.0,0.0,0.0
142.1,39.95993684,-106.2167391,2504.5416,27.188160000000003,0.0,0.0,0.0
142.2,39.95993689,-106.2167391,2504.5416,27.188160000000003,0.0,0.0,0.0
142.29999999999998,39.95993679,-106.2167392,2504.5416,27.188160000000003,0.0,0.0,0.0
142.4,39.95993683,-106.2167392,2504.5416,27.188160000000003,0.0,0.0,0.0
142.5,39.95993682,-106.2167393,2504.5416,27.188160000000003,0.0,0.0,0.0
142.6,39.95993687,-106.2167394,2504.5416,27.188160000000003,0.0,0.0,0.0
142.7,39.95993669,-106.2167397,2504.5416,27.188160000000003,0.0,0.0,0.0
142.79999999999998,39.95993676,-106.2167398,2504.8464,27.31008,0.0,0.0,0.0
142.9,39.95993697,-106.2167399,2504.8464,27.31008,0.0,0.0,0.0
143.0,39.95993707,-106.2167399,2504.8464,27.31008,0.0,0.0,0.0
143.1,39.95993714,-106.2167395,2504.8464,27.31008,0.0,0.0,0.0
143.2,39.95993723,-106.2167395,2504.8464,27.31008,0.0,0.0,0.0
143.29999999999998,39.95993753,-106.2167395,2504.8464,27.31008,0.0,0.0,0.0
143.4,39.95993765,-106.2167395,2504.8464,27.31008,0.0,0.0,0.0
143.5,39.95993772,-106.2167393,2504.8464,27.31008,0.0,0.0,0.0
143.6,39.95993782,-106.2167392,2504.8464,27.31008,0.0,0.0,0.0
143.7,39.95993787,-106.2167393,2504.8464,27.31008,0.0,0.0,0.0
143.79999999999998,39.95993796,-106.2167393,2504.8464,27.31008,0.0,0.0,0.0
143.9,39.95993786,-106.2167393,2504.8464,27.31008,0.0,0.0,0.0
144.0,39.95993791,-106.2167393,2504.8464,27.31008,0.0,0.0,0.0
144.1,39.95993785,-106.2167392,2504.8464,27.31008,0.491744,0.0,0.0
144.2,39.95993788,-106.2167392,2504.8464,27.31008,0.0,0.0,0.0
144.29999999999998,39.9599376,-106.2167395,2504.8464,27.31008,0.491744,0.0,0.0
144.4,39.9599376,-106.2167395,2504.8464,27.40152,0.0,0.0,0.0
144.5,39.9599374,-106.2167398,2504.8464,27.40152,0.0,0.0,0.0
144.6,39.95993736,-106.2167399,2504.8464,27.40152,0.0,0.0,0.0
144.7,39.95993705,-106.2167402,2504.8464,27.40152,0.0,0.0,0.0
144.79999999999998,39.95993699,-106.2167403,2504.8464,27.40152,0.0,0.0,0.0
144.9,39.95993677,-106.2167404,2504.8464,27.40152,0.0,0.0,0.0
145.0,39.95993669,-106.2167405,2504.8464,27.40152,0.0,0.0,0.0
145.1,39.95993655,-106.2167406,2504.8464,27.40152,0.0,0.0,0.0
145.2,39.95993646,-106.2167407,2504.8464,27.40152,0.0,0.0,0.0
145.29999999999998,39.95993646,-106.216741,2504.8464,27.492960000000004,0.0,0.0,0.0
145.4,39.95993638,-106.2167411,2504.8464,27.492960000000004,0.0,0.0,0.0
145.5,39.95993638,-106.2167412,2504.8464,27.492960000000004,0.0,0.0,0.0
145.6,39.9599363,-106.2167414,2504.8464,27.492960000000004,0.0,0.0,0.0
145.7,39.95993617,-106.2167413,2504.8464,27.492960000000004,0.0,0.0,0.0
145.79999999999998,39.9599361,-106.2167414,2504.8464,27.492960000000004,0.0,0.0,0.0
145.9,39.95993599,-106.2167416,2504.8464,27.40152,0.0,0.0,0.0
146.0,39.95993593,-106.2167417,2504.8464,27.40152,0.0,0.0,0.0
146.1,39.95993596,-106.2167418,2504.8464,27.40152,0.0,0.0,0.0
146.2,39.9599359,-106.2167419,2504.8464,27.40152,0.0,0.0,0.0
146.29999999999998,39.95993586,-106.2167419,2504.8464,27.40152,0.0,0.0,0.0
146.4,39.9599358,-106.216742,2504.8464,27.40152,0.0,0.0,0.0
146.5,39.95993589,-106.2167421,2504.8464,27.40152,0.0,0.0,0.0
146.6,39.95993585,-106.2167423,2504.8464,27.40152,0.491744,0.0,0.0
146.7,39.95993596,-106.2167421,2504.8464,27.40152,0.0,0.0,0.0
146.79999999999998,39.95993592,-106.2167422,2504.8464,27.40152,0.0,0.0,0.0
146.9,39.95993599,-106.2167421,2504.8464,27.40152,0.0,0.0,0.0
147.0,39.95993596,-106.2167422,2504.8464,27.492960000000004,0.0,0.0,0.0
147.1,39.95993603,-106.2167422,2504.8464,27.492960000000004,0.0,0.0,0.0
147.2,39.95993602,-106.2167422,2504.8464,27.492960000000004,0.0,0.0,0.0
147.29999999999998,39.95993625,-106.2167421,2504.8464,27.492960000000004,0.491744,0.0,0.0
147.4,39.95993625,-106.2167421,2504.8464,27.492960000000004,0.0,0.0,0.0
147.5,39.95993639,-106.2167419,2504.8464,27.40152,0.0,0.0,0.0
147.6,39.95993641,-106.2167418,2504.8464,27.40152,0.0,0.0,0.0
147.7,39.95993636,-106.2167416,2504.8464,27.40152,0.0,0.0,0.0
147.79999999999998,39.95993638,-106.2167415,2504.8464,27.40152,0.0,0.0,0.0
147.9,39.95993636,-106.2167415,2504.8464,27.40152,0.0,0.0,0.0
148.0,39.95993639,-106.2167415,2504.8464,27.31008,0.0,0.0,0.0
148.1,39.95993654,-106.2167414,2504.8464,27.31008,0.0,0.0,0.0
148.2,39.95993656,-106.2167413,2504.8464,27.31008,0.0,0.0,0.0
148.29999999999998,39.95993661,-106.2167413,2504.8464,27.31008,0.0,0.0,0.0
148.4,39.95993659,-106.2167411,2504.8464,27.31008,0.0,0.0,0.0
148.5,39.95993643,-106.2167411,2504.8464,27.31008,0.0,0.0,0.0
148.6,39.95993639,-106.2167409,2504.8464,27.31008,0.0,0.0,0.0
148.7,39.95993607,-106.2167409,2504.8464,27.31008,0.0,0.0,0.0
148.79999999999998,39.95993604,-106.2167408,2504.8464,27.31008,0.0,0.0,0.0
149.1,39.95993573,-106.2167412,2504.8464,27.31008,0.0,0.0,0.0
149.2,39.95993571,-106.2167412,2504.8464,27.31008,0.0,0.0,0.0
149.29999999999998,39.95993568,-106.2167413,2504.8464,27.31008,0.0,0.0,0.0
149.4,39.95993564,-106.2167414,2504.8464,27.31008,0.491744,0.0,0.0
149.5,39.95993554,-106.2167417,2504.8464,27.31008,0.0,0.0,0.0
149.6,39.95993551,-106.2167417,2504.8464,27.31008,0.0,0.0,0.0
149.7,39.95993542,-106.2167418,2504.8464,27.31008,0.0,0.0,0.0
149.79999999999998,39.95993538,-106.2167418,2504.8464,27.31008,0.0,0.0,0.0
149.9,39.95993532,-106.2167421,2504.8464,27.31008,0.0,0.0,0.0
150.0,39.95993528,-106.2167422,2504.8464,27.31008,0.0,0.0,0.0
150.1,39.95993522,-106.2167422,2504.8464,27.31008,0.0,0.0,0.0
150.2,39.95993521,-106.2167423,2504.8464,27.31008,0.0,0.0,0.0
150.29999999999998,39.95993533,-106.2167423,2504.8464,27.31008,0.0,0.0,0.0
150.4,39.95993533,-106.2167425,2504.8464,27.31008,0.0,0.0,0.0
150.5,39.95993541,-106.2167424,2504.8464,27.31008,0.0,0.0,0.0
150.6,39.95993544,-106.2167425,2504.8464,27.31008,0.0,0.0,0.0
150.7,39.95993547,-106.2167426,2504.8464,27.31008,0.0,0.0,0.0
150.79999999999998,39.9599355,-106.2167426,2504.8464,27.31008,0.0,0.0,0.0
150.9,39.95993566,-106.2167426,2504.8464,27.31008,0.0,0.0,0.0
151.0,39.9599357,-106.2167426,2504.8464,27.31008,0.0,0.0,0.0
151.1,39.9599356,-106.2167426,2504.8464,27.31008,0.0,0.0,0.0
151.2,39.95993561,-106.2167427,2504.8464,27.31008,0.0,0.0,0.0
151.29999999999998,39.9599358,-106.2167426,2504.8464,27.31008,0.0,0.0,0.0
151.4,39.95993581,-106.2167426,2504.8464,27.31008,0.0,0.0,0.0
151.5,39.95993569,-106.2167429,2504.8464,27.31008,0.0,0.0,0.0
151.6,39.95993567,-106.2167429,2504.8464,27.31008,0.0,0.0,0.0
151.7,39.95993548,-106.216743,2504.8464,27.31008,0.491744,0.0,0.0
151.79999999999998,39.95993542,-106.216743,2504.8464,27.31008,0.0,0.0,0.0
151.9,39.95993528,-106.216743,2504.8464,27.31008,0.0,0.0,0.0
152.0,39.95993522,-106.2167431,2504.8464,27.31008,0.0,0.0,0.0
152.1,39.95993514,-106.216743,2504.8464,27.31008,0.0,0.0,0.0
152.2,39.95993505,-106.216743,2504.8464,27.40152,0.0,0.0,180.0
152.29999999999998,39.95993486,-106.2167433,2504.8464,27.40152,0.491744,0.0,180.0
152.4,39.95993475,-106.2167434,2504.8464,27.40152,0.0,-0.089408,180.0
152.5,39.95993455,-106.2167434,2504.8464,27.40152,0.0,0.0,180.0
152.6,39.95993442,-106.2167435,2504.8464,27.40152,0.0,0.0,180.0
152.9,39.95993416,-106.2167435,2504.8464,27.40152,0.0,0.089408,0.0
153.0,39.95993416,-106.2167435,2504.8464,27.40152,0.0,0.089408,0.0
153.1,39.95993424,-106.2167435,2504.8464,27.40152,0.0,0.089408,0.0
153.2,39.9599343,-106.2167435,2504.8464,27.40152,0.0,0.089408,0.0
153.29999999999998,39.95993438,-106.2167434,2504.8464,27.40152,0.0,0.089408,0.0
153.4,39.95993447,-106.2167435,2504.8464,27.31008,0.0,0.0,0.0
153.5,39.95993464,-106.2167436,2504.8464,27.40152,0.0,0.0,0.0
153.6,39.9599347,-106.2167437,2504.8464,27.40152,0.0,0.0,0.0
153.7,39.95993478,-106.2167439,2504.8464,27.40152,0.0,0.0,0.0
153.79999999999998,39.95993485,-106.2167439,2504.8464,27.40152,0.0,0.0,0.0
153.9,39.95993478,-106.2167441,2504.8464,27.40152,0.0,0.0,0.0
154.0,39.95993479,-106.2167442,2504.8464,27.40152,0.0,0.0,0.0
154.1,39.95993478,-106.2167443,2504.8464,27.40152,0.0,0.0,0.0
154.2,39.95993477,-106.2167444,2504.8464,27.40152,0.0,0.0,0.0
154.29999999999998,39.95993465,-106.2167445,2504.8464,27.40152,0.0,0.0,0.0
154.4,39.95993467,-106.2167446,2504.8464,27.40152,0.0,0.0,0.0
154.5,39.95993491,-106.2167445,2504.8464,27.40152,0.0,0.089408,0.0
154.6,39.95993498,-106.2167445,2504.8464,27.31008,0.0,0.089408,0.0
154.7,39.95993517,-106.2167441,2504.8464,27.31008,0.0,0.089408,0.0
154.79999999999998,39.95993524,-106.216744,2504.8464,27.31008,0.0,0.0,0.0
154.9,39.95993528,-106.2167439,2504.8464,27.31008,0.0,0.0,0.0
155.0,39.95993533,-106.2167438,2504.8464,27.31008,0.0,0.0,0.0
155.1,39.95993542,-106.2167436,2504.8464,27.31008,0.0,0.0,0.0
155.2,39.95993547,-106.2167435,2504.8464,27.31008,0.0,0.0,0.0
155.29999999999998,39.95993549,-106.2167434,2504.8464,27.31008,0.0,0.0,0.0
155.4,39.95993553,-106.2167432,2504.8464,27.31008,0.0,0.0,0.0
155.5,39.95993559,-106.2167433,2504.8464,27.31008,0.0,0.0,0.0
155.6,39.95993565,-106.2167432,2504.8464,27.31008,0.0,0.0,0.0
155.7,39.9599357,-106.2167431,2504.8464,27.31008,0.0,0.0,0.0
155.79999999999998,39.95993575,-106.216743,2504.8464,27.31008,0.0,0.0,0.0
155.9,39.9599358,-106.2167429,2504.8464,27.31008,0.0,0.0,0.0
156.0,39.95993584,-106.2167428,2504.8464,27.31008,0.0,0.0,0.0
156.1,39.95993587,-106.2167426,2504.8464,27.31008,0.0,0.0,0.0
156.2,39.9599359,-106.2167425,2504.8464,27.31008,0.0,0.0,0.0
156.29999999999998,39.95993595,-106.2167425,2504.8464,27.31008,0.0,0.0,0.0
156.4,39.95993599,-106.2167424,2504.8464,27.31008,0.0,0.0,0.0
156.5,39.95993608,-106.2167423,2504.8464,27.31008,0.0,0.0,0.0
156.6,39.95993614,-106.2167422,2504.8464,27.31008,0.0,0.0,0.0
156.7,39.95993607,-106.2167422,2504.8464,27.31008,0.0,0.0,0.0
156.79999999999998,39.9599361,-106.2167421,2504.8464,27.31008,0.0,0.0,0.0
156.9,39.95993617,-106.2167421,2504.8464,27.31008,0.0,0.0,0.0
157.0,39.95993624,-106.2167421,2504.8464,27.31008,0.0,0.0,0.0
157.1,39.95993631,-106.2167421,2504.8464,27.31008,0.0,0.0,0.0
157.2,39.95993636,-106.2167421,2504.8464,27.31008,0.0,0.0,0.0
157.29999999999998,39.95993642,-106.2167423,2504.5416,27.188160000000003,0.67056,0.0,0.0
157.4,39.95993643,-106.2167423,2504.5416,27.188160000000003,0.0,0.0,0.0
157.5,39.9599364,-106.2167424,2504.8464,27.31008,0.0,0.0,0.0
157.6,39.95993642,-106.2167424,2504.8464,27.31008,0.0,0.0,0.0
157.7,39.95993637,-106.2167424,2504.8464,27.31008,0.0,0.0,0.0
157.79999999999998,39.95993643,-106.2167424,2504.8464,27.31008,0.0,0.0,0.0
157.9,39.95993651,-106.2167424,2504.8464,27.31008,0.491744,0.0,0.0
158.0,39.9599366,-106.2167424,2504.8464,27.31008,0.0,0.0,0.0
158.1,39.95993661,-106.2167427,2504.8464,27.31008,0.0,0.0,0.0
158.2,39.95993674,-106.2167428,2504.8464,27.31008,0.0,0.0,0.0
158.29999999999998,39.95993698,-106.2167429,2504.8464,27.31008,0.0,0.0,0.0
158.4,39.95993711,-106.216743,2504.8464,27.31008,0.0,0.0,0.0
158.5,39.95993751,-106.2167429,2504.8464,27.31008,0.0,0.0,0.0
158.6,39.95993765,-106.2167429,2504.8464,27.31008,0.491744,0.0,0.0
158.7,39.95993772,-106.2167429,2504.8464,27.31008,0.0,0.0,0.0
158.79999999999998,39.95993785,-106.216743,2504.8464,27.31008,0.0,0.0,0.0
158.9,39.95993783,-106.2167429,2504.8464,27.31008,0.0,0.0,0.0
159.0,39.95993793,-106.2167429,2504.8464,27.31008,0.0,0.0,0.0
159.1,39.95993783,-106.216743,2504.8464,27.40152,0.0,0.0,0.0
159.2,39.95993788,-106.216743,2504.8464,27.31008,0.0,0.0,0.0
159.29999999999998,39.95993792,-106.2167428,2504.8464,27.31008,0.0,0.0,0.0
159.4,39.95993798,-106.2167428,2504.8464,27.31008,0.0,0.089408,0.0
159.5,39.95993785,-106.216743,2504.8464,27.31008,0.0,0.0,0.0
159.6,39.95993792,-106.216743,2504.8464,27.31008,0.0,0.0,0.0
159.7,39.95993806,-106.216743,2504.8464,27.31008,0.0,0.0,0.0
159.79999999999998,39.95993818,-106.2167431,2504.8464,27.31008,0.491744,0.0,0.0
159.9,39.95993829,-106.2167431,2504.8464,27.31008,0.0,0.0,0.0
160.0,39.95993839,-106.2167431,2504.8464,27.31008,0.0,0.0,0.0
160.1,39.95993851,-106.2167431,2504.8464,27.31008,0.0,0.0,0.0
160.2,39.95993857,-106.2167431,2504.8464,27.31008,0.0,0.0,0.0
160.29999999999998,39.95993839,-106.216743,2504.8464,27.31008,0.0,0.0,0.0
160.4,39.95993841,-106.216743,2504.8464,27.31008,0.0,0.0,0.0
160.5,39.95993833,-106.2167431,2504.8464,27.31008,0.0,0.0,0.0
160.6,39.95993832,-106.2167431,2504.8464,27.31008,0.0,0.0,0.0
160.7,39.95993823,-106.2167431,2504.8464,27.31008,0.0,0.0,0.0
160.79999999999998,39.95993821,-106.2167432,2504.8464,27.31008,0.0,0.0,0.0
160.9,39.95993806,-106.2167433,2504.8464,27.31008,0.0,0.0,0.0
161.0,39.95993802,-106.2167434,2504.8464,27.31008,0.491744,0.0,0.0
161.1,39.95993806,-106.2167434,2504.8464,27.31008,0.0,0.0,0.0
161.2,39.95993801,-106.2167434,2504.5416,27.188160000000003,0.0,0.0,0.0
161.29999999999998,39.95993804,-106.2167432,2504.8464,27.31008,0.0,0.0,0.0
161.4,39.95993801,-106.2167432,2504.8464,27.31008,0.0,0.0,0.0
161.5,39.95993795,-106.2167432,2504.8464,27.31008,0.0,0.0,0.0
161.6,39.95993792,-106.2167432,2504.8464,27.31008,0.0,0.0,0.0
161.7,39.95993801,-106.2167432,2504.8464,27.31008,0.0,0.0,0.0
161.79999999999998,39.959938,-106.2167432,2504.8464,27.31008,0.0,0.0,0.0
161.9,39.95993807,-106.2167431,2504.8464,27.31008,0.0,0.0,0.0
162.0,39.95993809,-106.2167432,2504.8464,27.31008,0.0,0.0,0.0
162.1,39.95993818,-106.2167431,2504.8464,27.31008,0.0,0.0,0.0
162.2,39.95993821,-106.2167431,2504.8464,27.31008,0.0,0.0,0.0
162.29999999999998,39.95993818,-106.2167431,2504.8464,27.31008,0.491744,0.0,0.0
162.4,39.95993819,-106.2167431,2504.8464,27.31008,0.491744,0.0,0.0
162.5,39.9599383,-106.216743,2504.8464,27.31008,0.0,0.0,0.0
162.6,39.95993833,-106.216743,2504.8464,27.31008,0.0,0.0,0.0
162.7,39.95993829,-106.2167431,2504.8464,27.31008,0.491744,0.0,0.0
162.79999999999998,39.95993833,-106.216743,2504.8464,27.31008,0.0,0.0,0.0
162.9,39.9599383,-106.2167431,2504.8464,27.31008,0.491744,0.0,0.0
163.0,39.95993836,-106.2167431,2504.8464,27.31008,0.0,0.0,0.0
163.1,39.95993838,-106.2167431,2504.8464,27.31008,0.0,0.0,0.0
163.2,39.95993851,-106.2167431,2504.5416,27.188160000000003,0.0,0.089408,0.0
163.29999999999998,39.95993873,-106.2167433,2504.5416,27.188160000000003,0.0,0.0,0.0
163.4,39.95993889,-106.2167433,2504.5416,27.188160000000003,0.0,0.0,0.0
163.5,39.95993923,-106.2167433,2504.5416,27.188160000000003,0.0,0.0,0.0
163.6,39.95993938,-106.2167432,2504.8464,27.31008,0.0,0.0,0.0
163.7,39.95993948,-106.2167432,2504.8464,27.31008,0.0,0.0,0.0
163.79999999999998,39.95993963,-106.2167432,2504.8464,27.31008,0.0,0.0,0.0
163.9,39.95993976,-106.2167432,2504.8464,27.31008,0.0,0.0,0.0
164.0,39.95993992,-106.2167432,2504.8464,27.31008,0.0,0.0,0.0
164.1,39.95993992,-106.2167433,2504.8464,27.31008,0.0,0.0,0.0
164.2,39.95994002,-106.2167433,2504.8464,27.31008,0.0,0.0,0.0
164.29999999999998,39.95994008,-106.2167432,2504.8464,27.31008,0.0,0.0,0.0
164.4,39.95994009,-106.2167432,2504.8464,27.40152,0.0,0.0,0.0
164.5,39.9599398,-106.2167429,2504.8464,27.40152,0.0,0.0,90.0
164.6,39.9599397,-106.2167429,2504.8464,27.40152,0.491744,0.0,180.0
164.7,39.95993929,-106.2167427,2504.8464,27.40152,0.0,0.0,180.0
164.79999999999998,39.95993919,-106.2167427,2504.8464,27.40152,0.491744,0.089408,0.0
164.9,39.95993901,-106.2167427,2504.8464,27.40152,0.0,0.0,0.0
165.0,39.95993892,-106.2167427,2504.8464,27.40152,0.0,0.0,0.0
165.1,39.95993899,-106.2167429,2504.8464,27.40152,0.0,0.0,0.0
165.2,39.95993892,-106.216743,2504.8464,27.40152,0.0,0.0,0.0
165.29999999999998,39.95993879,-106.216743,2504.8464,27.40152,0.0,0.0,0.0
165.4,39.95993868,-106.216743,2504.8464,27.40152,0.0,0.0,0.0
165.5,39.95993858,-106.2167428,2504.8464,27.40152,0.0,0.0,0.0
165.6,39.95993847,-106.2167428,2504.8464,27.40152,0.0,0.0,0.0
165.7,39.95993834,-106.2167427,2504.8464,27.40152,0.0,0.0,0.0
165.79999999999998,39.95993823,-106.2167427,2504.8464,27.40152,0.0,0.0,0.0
165.9,39.95993834,-106.2167427,2504.8464,27.40152,0.0,0.0,0.0
166.0,39.95993831,-106.2167428,2504.8464,27.492960000000004,0.0,0.0,0.0
166.1,39.95993844,-106.2167432,2504.8464,27.492960000000004,0.0,0.0,0.0
166.2,39.95993837,-106.2167433,2504.8464,27.492960000000004,0.0,0.089408,0.0
166.29999999999998,39.9599383,-106.2167435,2504.8464,27.492960000000004,0.0,0.089408,0.0
166.4,39.95993819,-106.2167435,2504.8464,27.492960000000004,0.0,0.0,180.0
166.5,39.95993815,-106.2167433,2504.8464,27.492960000000004,0.0,0.0,180.0
166.6,39.95993806,-106.2167433,2504.8464,27.492960000000004,0.0,0.0,0.0
166.7,39.95993793,-106.2167435,2504.8464,27.492960000000004,0.0,0.0,0.0
166.79999999999998,39.95993786,-106.2167436,2504.8464,27.492960000000004,0.0,0.0,0.0
166.9,39.95993787,-106.2167437,2504.8464,27.492960000000004,0.0,0.0,270.0
167.0,39.9599379,-106.2167438,2504.8464,27.492960000000004,0.0,0.0,270.0
167.1,39.95993806,-106.2167444,2504.8464,27.492960000000004,0.0,0.0,270.0
167.2,39.95993813,-106.2167445,2504.8464,27.492960000000004,0.67056,0.0,0.0
167.29999999999998,39.95993824,-106.2167447,2504.8464,27.492960000000004,0.0,0.0,0.0
167.4,39.95993827,-106.2167448,2504.8464,27.492960000000004,0.0,0.0,0.0
167.5,39.95993811,-106.216745,2505.1512,27.61488,0.0,0.0,0.0
167.6,39.9599381,-106.2167451,2505.1512,27.61488,0.0,0.0,0.0
167.7,39.95993778,-106.2167454,2505.1512,27.61488,0.0,0.0,0.0
167.79999999999998,39.95993773,-106.2167456,2505.1512,27.61488,0.0,0.0,0.0
167.9,39.9599374,-106.2167458,2505.1512,27.61488,0.0,0.0,0.0
168.0,39.9599373,-106.216746,2504.8464,27.492960000000004,0.0,0.0,0.0
168.1,39.95993712,-106.2167462,2504.8464,27.492960000000004,0.0,0.089408,270.0
168.2,39.95993703,-106.2167465,2504.8464,27.492960000000004,0.0,0.089408,270.0
168.29999999999998,39.95993693,-106.2167465,2504.8464,27.492960000000004,0.0,0.0,0.0
168.4,39.9599368,-106.2167467,2504.8464,27.492960000000004,0.0,0.0,180.0
168.5,39.95993664,-106.2167469,2504.8464,27.492960000000004,0.0,0.0,180.0
168.6,39.95993643,-106.2167471,2504.8464,27.492960000000004,0.0,0.0,180.0
168.7,39.95993631,-106.216747,2504.8464,27.492960000000004,0.0,0.0,180.0
168.79999999999998,39.9599361,-106.2167471,2504.8464,27.492960000000004,0.0,0.089408,180.0
168.9,39.95993592,-106.2167468,2504.8464,27.492960000000004,0.0,0.089408,180.0
169.0,39.95993577,-106.2167468,2504.8464,27.40152,0.491744,0.089408,0.0
169.1,39.95993587,-106.2167465,2504.8464,27.40152,0.0,0.089408,0.0
169.2,39.95993581,-106.2167464,2504.8464,27.40152,0.0,0.089408,0.0
169.29999999999998,39.959936,-106.2167461,2504.8464,27.40152,0.0,0.089408,0.0
169.4,39.95993599,-106.216746,2504.8464,27.31008,0.0,0.089408,0.0
169.5,39.95993609,-106.2167458,2504.8464,27.31008,0.0,0.0,0.0
169.6,39.95993612,-106.2167458,2504.8464,27.31008,0.0,0.0,0.0
169.7,39.95993622,-106.2167457,2504.8464,27.31008,0.0,0.0,0.0
169.79999999999998,39.95993627,-106.2167457,2504.8464,27.31008,0.0,0.0,0.0
169.9,39.95993644,-106.2167455,2504.8464,27.31008,0.0,0.0,0.0
170.0,39.95993651,-106.2167454,2504.8464,27.31008,0.0,0.0,0.0
170.1,39.95993659,-106.2167452,2504.8464,27.31008,0.0,0.0,0.0
170.2,39.9599367,-106.2167452,2504.8464,27.31008,0.67056,0.0,0.0
170.29999999999998,39.95993677,-106.2167452,2504.8464,27.31008,0.0,0.0,0.0
170.4,39.95993684,-106.2167451,2504.8464,27.31008,0.0,0.0,0.0
170.5,39.95993695,-106.216745,2504.8464,27.31008,0.0,0.0,0.0
170.6,39.95993701,-106.2167449,2504.8464,27.31008,0.0,0.0,0.0
170.7,39.95993706,-106.2167446,2504.8464,27.31008,0.0,0.0,0.0
170.79999999999998,39.95993713,-106.2167445,2504.8464,27.31008,0.0,0.0,0.0
170.9,39.95993696,-106.2167446,2504.8464,27.31008,0.0,0.0,0.0
171.0,39.959937,-106.2167445,2504.8464,27.31008,0.0,0.0,0.0
171.1,39.95993691,-106.2167445,2504.8464,27.31008,0.0,0.0,0.0
171.2,39.95993696,-106.2167445,2504.8464,27.31008,0.0,0.0,0.0
171.29999999999998,39.95993679,-106.2167447,2504.8464,27.31008,0.0,0.0,0.0
171.4,39.95993684,-106.2167447,2504.8464,27.31008,0.0,0.0,0.0
171.5,39.95993701,-106.2167448,2504.8464,27.31008,0.0,0.0,0.0
171.6,39.9599371,-106.2167448,2504.8464,27.31008,0.0,-0.089408,0.0
171.7,39.95993704,-106.2167448,2504.8464,27.31008,0.0,0.0,0.0
171.79999999999998,39.9599371,-106.2167448,2504.8464,27.31008,0.0,0.0,0.0
171.9,39.95993695,-106.216745,2504.8464,27.31008,0.0,0.0,0.0
172.0,39.959937,-106.216745,2504.8464,27.31008,0.0,0.0,0.0
172.1,39.95993707,-106.2167452,2504.8464,27.31008,0.0,0.0,0.0
172.2,39.95993716,-106.2167452,2504.8464,27.31008,0.0,0.0,0.0
172.29999999999998,39.95993713,-106.2167454,2504.8464,27.31008,0.0,0.0,0.0
172.4,39.95993718,-106.2167454,2504.8464,27.31008,0.0,0.0,0.0
172.5,39.95993731,-106.2167457,2504.5416,27.188160000000003,0.0,0.0,0.0
172.6,39.95993732,-106.2167457,2504.5416,27.188160000000003,0.0,0.0,0.0
172.7,39.95993706,-106.2167458,2504.5416,27.188160000000003,0.0,0.0,0.0
172.79999999999998,39.959937,-106.2167458,2504.5416,27.188160000000003,0.0,0.0,0.0
172.9,39.95993703,-106.2167456,2504.5416,27.188160000000003,0.491744,0.0,0.0
173.0,39.95993697,-106.2167455,2504.5416,27.188160000000003,0.0,0.0,0.0
173.1,39.95993699,-106.2167454,2504.8464,27.31008,0.0,0.0,0.0
173.2,39.95993695,-106.2167454,2504.8464,27.31008,0.0,0.0,0.0
173.29999999999998,39.95993723,-106.2167451,2504.8464,27.31008,0.0,0.0,0.0
173.4,39.95993719,-106.2167451,2504.8464,27.31008,0.0,0.0,0.0
173.5,39.95993735,-106.2167448,2504.8464,27.31008,0.0,0.0,0.0
173.6,39.9599373,-106.2167448,2504.5416,27.188160000000003,0.0,0.0,0.0
173.7,39.95993726,-106.2167444,2504.5416,27.188160000000003,0.0,0.0,0.0
173.79999999999998,39.95993721,-106.2167444,2504.5416,27.188160000000003,0.0,0.0,0.0
173.9,39.95993712,-106.2167442,2504.5416,27.188160000000003,0.0,0.0,0.0
174.0,39.9599371,-106.2167441,2504.5416,27.188160000000003,0.0,0.0,0.0
174.1,39.95993709,-106.2167438,2504.5416,27.188160000000003,0.491744,0.0,0.0
174.2,39.95993713,-106.2167438,2504.5416,27.188160000000003,0.0,0.0,0.0
174.29999999999998,39.95993736,-106.2167438,2504.5416,27.188160000000003,0.0,0.0,0.0
174.4,39.95993749,-106.2167437,2504.5416,27.188160000000003,0.0,0.0,0.0
174.5,39.95993761,-106.2167437,2504.5416,27.188160000000003,0.0,0.0,0.0
174.6,39.95993773,-106.2167436,2504.5416,27.096720000000005,0.0,0.0,0.0
174.7,39.95993788,-106.2167434,2504.5416,27.188160000000003,0.0,0.0,0.0
174.79999999999998,39.95993797,-106.2167433,2504.5416,27.188160000000003,0.0,0.0,0.0
174.9,39.95993799,-106.2167432,2504.5416,27.188160000000003,0.0,0.0,0.0
175.0,39.9599381,-106.2167431,2504.5416,27.188160000000003,0.0,0.0,0.0
175.1,39.9599382,-106.216743,2504.5416,27.188160000000003,0.0,0.0,0.0
175.2,39.95993833,-106.2167429,2504.5416,27.188160000000003,0.0,0.0,0.0
175.29999999999998,39.95993863,-106.2167428,2504.5416,27.188160000000003,0.0,-0.089408,0.0
175.4,39.95993874,-106.2167427,2504.5416,27.188160000000003,0.0,-0.089408,0.0
175.5,39.95993873,-106.2167428,2504.5416,27.188160000000003,0.0,0.0,0.0
175.6,39.95993884,-106.2167427,2504.8464,27.31008,0.0,0.0,0.0
175.7,39.95993888,-106.2167426,2504.8464,27.31008,0.0,0.0,0.0
175.79999999999998,39.95993899,-106.2167425,2504.8464,27.31008,0.0,0.0,0.0
175.9,39.95993909,-106.2167425,2504.8464,27.31008,0.0,0.0,0.0
176.0,39.95993916,-106.2167424,2504.5416,27.188160000000003,0.0,0.0,0.0
176.1,39.95993904,-106.2167424,2504.5416,27.188160000000003,0.0,0.0,0.0
176.2,39.95993908,-106.2167422,2504.5416,27.188160000000003,0.0,0.0,0.0
176.29999999999998,39.95993905,-106.2167423,2504.8464,27.31008,0.0,0.0,0.0
176.4,39.9599391,-106.2167422,2504.8464,27.31008,0.0,0.0,0.0
176.5,39.95993918,-106.2167424,2504.8464,27.31008,0.0,0.0,0.0
176.6,39.95993921,-106.2167424,2504.8464,27.31008,0.0,-0.089408,0.0
176.7,39.95993893,-106.2167423,2504.8464,27.31008,0.0,0.0,0.0
176.79999999999998,39.95993894,-106.2167423,2504.8464,27.31008,0.0,0.0,0.0
176.9,39.95993888,-106.2167424,2504.8464,27.31008,0.0,0.0,0.0
177.0,39.95993889,-106.2167424,2504.5416,27.188160000000003,0.0,0.0,0.0
177.1,39.95993891,-106.2167424,2504.5416,27.188160000000003,0.0,0.0,0.0
177.2,39.9599389,-106.2167424,2504.8464,27.31008,0.0,0.0,0.0
177.29999999999998,39.95993901,-106.2167425,2504.8464,27.31008,0.0,0.0,0.0
177.4,39.959939,-106.2167425,2504.8464,27.31008,0.0,0.0,0.0
177.5,39.95993894,-106.2167426,2504.8464,27.31008,0.0,0.0,0.0
177.6,39.95993894,-106.2167426,2504.5416,27.188160000000003,0.0,0.0,0.0
177.7,39.95993883,-106.2167427,2504.5416,27.188160000000003,0.0,0.0,0.0
177.79999999999998,39.95993884,-106.2167427,2504.5416,27.188160000000003,0.0,0.0,0.0
177.9,39.95993876,-106.2167425,2504.5416,27.188160000000003,0.0,0.0,0.0
178.0,39.95993876,-106.2167425,2504.5416,27.188160000000003,0.0,0.0,0.0
178.1,39.95993863,-106.2167425,2504.5416,27.188160000000003,0.0,0.0,0.0
178.2,39.95993863,-106.2167425,2504.5416,27.188160000000003,0.0,0.0,0.0
178.29999999999998,39.95993868,-106.2167425,2504.5416,27.188160000000003,0.0,0.0,0.0
178.4,39.9599387,-106.2167425,2504.5416,27.188160000000003,0.0,0.0,0.0
178.5,39.95993875,-106.2167425,2504.5416,27.188160000000003,0.0,0.0,0.0
178.6,39.95993877,-106.2167425,2504.5416,27.188160000000003,0.0,0.0,0.0
178.7,39.95993876,-106.2167429,2504.8464,27.31008,0.0,0.0,0.0
178.79999999999998,39.95993878,-106.2167429,2504.8464,27.31008,0.0,0.0,0.0
178.9,39.95993887,-106.2167427,2504.8464,27.31008,0.0,0.0,0.0
179.0,39.95993888,-106.2167427,2504.8464,27.31008,0.0,0.0,0.0
179.1,39.95993897,-106.2167426,2504.8464,27.31008,0.0,0.0,0.0
179.2,39.95993899,-106.2167426,2504.8464,27.31008,0.0,0.0,0.0
179.29999999999998,39.95993893,-106.2167424,2504.8464,27.31008,0.0,0.0,0.0
179.4,39.95993894,-106.2167424,2504.8464,27.31008,0.0,0.0,0.0
179.5,39.95993892,-106.2167423,2504.8464,27.31008,0.0,0.0,0.0
179.6,39.95993893,-106.2167423,2504.8464,27.31008,0.0,0.0,0.0
179.7,39.95993891,-106.2167424,2504.8464,27.31008,0.0,0.0,0.0
179.79999999999998,39.95993891,-106.2167424,2504.8464,27.31008,0.0,0.0,0.0
179.9,39.9599389,-106.2167424,2504.8464,27.31008,0.0,0.0,0.0
180.0,39.9599389,-106.2167424,2504.8464,27.31008,0.0,0.0,0.0
180.1,39.95993889,-106.2167424,2504.8464,27.31008,0.0,0.0,0.0
180.2,39.95993889,-106.2167424,2504.8464,27.31008,0.0,0.0,0.0
180.3,39.95993904,-106.2167423,2504.8464,27.31008,0.0,0.0,0.0
180.4,39.95993906,-106.2167423,2504.8464,27.31008,0.0,0.0,0.0
180.5,39.95993904,-106.2167423,2504.8464,27.31008,0.0,0.0,0.0
180.6,39.95993906,-106.2167423,2504.8464,27.31008,0.0,0.0,0.0
180.7,39.95993903,-106.2167425,2504.8464,27.31008,0.0,0.0,0.0
180.8,39.95993902,-106.2167425,2504.8464,27.31008,0.0,0.0,0.0
180.9,39.95993896,-106.2167426,2504.8464,27.31008,0.0,0.0,0.0
181.0,39.95993893,-106.2167427,2504.8464,27.31008,0.0,0.0,0.0
181.1,39.9599389,-106.2167428,2504.8464,27.31008,0.0,0.0,0.0
181.2,39.95993886,-106.2167428,2504.8464,27.31008,0.0,0.0,0.0
181.3,39.95993873,-106.216743,2504.8464,27.31008,0.0,0.0,0.0
181.4,39.9599387,-106.216743,2504.8464,27.31008,0.0,0.0,0.0
181.5,39.95993864,-106.2167431,2504.8464,27.31008,0.0,0.0,0.0
181.6,39.95993862,-106.2167431,2504.8464,27.31008,0.0,0.0,0.0
181.7,39.9599386,-106.2167433,2504.8464,27.31008,0.0,0.0,0.0
181.8,39.95993859,-106.2167433,2504.8464,27.31008,0.0,0.0,0.0
181.9,39.95993854,-106.2167433,2504.8464,27.31008,0.0,0.089408,0.0
182.0,39.95993853,-106.2167434,2504.8464,27.31008,0.0,0.0,0.0
182.1,39.95993874,-106.2167434,2504.8464,27.31008,0.0,0.0,0.0
182.2,39.95993875,-106.2167435,2504.8464,27.31008,0.0,0.0,0.0
182.3,39.95993856,-106.2167434,2504.8464,27.31008,0.0,0.0,0.0
182.4,39.95993853,-106.2167435,2504.8464,27.31008,0.0,0.0,0.0
182.5,39.95993835,-106.2167438,2504.8464,27.31008,0.491744,0.0,0.0
182.6,39.95993828,-106.2167438,2504.8464,27.31008,0.0,0.0,0.0
182.7,39.95993826,-106.2167438,2504.8464,27.31008,0.0,0.0,0.0
182.8,39.95993819,-106.2167438,2504.8464,27.31008,0.0,0.0,0.0
182.9,39.95993798,-106.2167441,2504.8464,27.40152,0.0,0.0,0.0
183.0,39.95993789,-106.2167441,2504.8464,27.40152,0.0,0.0,0.0
183.1,39.9599379,-106.2167441,2504.8464,27.40152,0.0,0.0,0.0
183.2,39.95993784,-106.2167442,2504.8464,27.40152,0.0,0.0,0.0
183.3,39.959938,-106.2167441,2504.8464,27.40152,0.0,0.0,0.0
183.4,39.95993795,-106.2167441,2504.8464,27.40152,0.491744,0.0,0.0
183.5,39.95993776,-106.2167441,2504.8464,27.31008,0.0,0.0,0.0
183.6,39.95993769,-106.2167441,2504.8464,27.31008,0.0,0.0,0.0
183.7,39.95993764,-106.216744,2504.8464,27.31008,0.0,0.0,0.0
183.8,39.95993756,-106.2167441,2504.8464,27.40152,0.0,0.0,0.0
183.9,39.95993752,-106.216744,2504.8464,27.40152,0.0,0.0,0.0
184.0,39.95993744,-106.216744,2504.8464,27.40152,0.0,0.0,0.0
184.1,39.95993742,-106.216744,2504.8464,27.40152,0.0,0.0,0.0
184.2,39.95993738,-106.2167441,2504.8464,27.40152,0.0,0.0,0.0
184.3,39.95993742,-106.216744,2504.8464,27.40152,0.0,0.0,0.0
184.4,39.9599374,-106.216744,2504.8464,27.40152,0.0,0.0,0.0
184.5,39.95993743,-106.216744,2504.8464,27.31008,0.491744,0.0,0.0
184.6,39.95993742,-106.216744,2504.8464,27.31008,0.0,0.0,0.0
184.7,39.95993746,-106.2167439,2504.8464,27.31008,0.0,0.0,0.0
184.8,39.95993745,-106.2167439,2504.8464,27.31008,0.0,0.0,0.0
184.9,39.95993733,-106.216744,2504.8464,27.31008,0.0,0.0,0.0
185.0,39.95993732,-106.216744,2504.8464,27.31008,0.0,0.0,0.0
185.1,39.95993723,-106.2167439,2504.8464,27.31008,0.0,0.0,0.0
185.2,39.95993722,-106.2167438,2504.8464,27.40152,0.0,0.0,0.0
185.3,39.95993742,-106.2167438,2504.8464,27.40152,0.0,0.0,0.0
185.4,39.95993744,-106.2167438,2504.8464,27.40152,0.0,0.0,0.0
185.5,39.95993746,-106.216744,2504.8464,27.40152,0.0,0.0,0.0
185.6,39.95993749,-106.216744,2504.8464,27.40152,0.0,0.0,0.0
185.7,39.95993732,-106.2167441,2504.8464,27.40152,0.0,0.0,0.0
185.8,39.95993731,-106.2167441,2504.8464,27.40152,0.0,0.0,0.0
185.9,39.95993743,-106.216744,2504.8464,27.40152,0.0,0.0,0.0
186.0,39.95993743,-106.216744,2504.8464,27.31008,0.0,0.0,0.0
186.1,39.9599374,-106.2167442,2504.8464,27.31008,0.0,0.0,0.0
186.2,39.9599374,-106.2167443,2504.8464,27.40152,0.0,0.0,0.0
186.3,39.95993755,-106.2167442,2504.8464,27.40152,0.0,0.0,0.0
186.4,39.95993755,-106.2167442,2504.8464,27.40152,0.0,0.0,0.0
186.5,39.95993751,-106.2167442,2504.8464,27.40152,0.0,0.0,0.0
186.6,39.95993749,-106.2167442,2504.8464,27.40152,0.0,0.0,0.0
186.7,39.95993729,-106.2167442,2504.8464,27.40152,0.0,0.0,0.0
186.8,39.95993725,-106.2167442,2504.8464,27.40152,0.0,0.0,0.0
186.9,39.95993712,-106.2167442,2504.8464,27.40152,0.0,0.0,0.0
187.0,39.95993706,-106.2167442,2504.8464,27.40152,0.0,0.0,0.0
187.1,39.95993713,-106.2167443,2504.8464,27.40152,0.0,0.0,0.0
187.2,39.95993708,-106.2167443,2504.8464,27.40152,0.0,0.0,0.0
187.3,39.95993703,-106.2167444,2504.8464,27.40152,0.0,0.0,0.0
187.4,39.95993699,-106.2167444,2504.8464,27.40152,0.0,0.0,0.0
187.5,39.95993693,-106.2167445,2504.8464,27.40152,0.0,0.0,0.0
187.6,39.95993689,-106.2167445,2504.8464,27.40152,0.0,0.0,0.0
187.7,39.95993684,-106.2167445,2504.8464,27.40152,0.0,0.0,0.0
187.8,39.95993682,-106.2167445,2504.8464,27.31008,0.0,0.0,0.0
187.9,39.95993662,-106.2167445,2504.8464,27.31008,0.491744,0.0,0.0
188.0,39.95993659,-106.2167445,2504.8464,27.31008,0.0,0.0,0.0
188.1,39.95993656,-106.2167445,2504.8464,27.31008,0.0,0.0,0.0
188.2,39.95993652,-106.2167445,2504.8464,27.31008,0.0,0.0,0.0
188.3,39.95993661,-106.2167443,2504.8464,27.31008,0.0,0.0,0.0
188.4,39.95993659,-106.2167443,2504.8464,27.31008,0.0,0.0,0.0
188.5,39.95993664,-106.2167441,2504.8464,27.31008,0.0,0.0,0.0
188.6,39.95993662,-106.2167441,2504.8464,27.31008,0.0,0.0,0.0
188.7,39.95993633,-106.2167442,2504.8464,27.31008,0.0,0.0,0.0
188.8,39.95993629,-106.2167442,2504.8464,27.31008,0.0,0.0,0.0
188.9,39.95993637,-106.2167441,2504.8464,27.31008,0.0,0.0,0.0
189.0,39.95993635,-106.216744,2504.8464,27.31008,0.0,0.0,0.0
189.1,39.95993628,-106.2167439,2504.8464,27.31008,0.491744,0.0,0.0
189.2,39.95993627,-106.2167438,2504.8464,27.31008,0.0,0.0,0.0
189.3,39.95993635,-106.2167437,2504.8464,27.31008,0.0,0.0,0.0
189.4,39.95993634,-106.2167437,2504.8464,27.31008,0.0,0.0,0.0
189.5,39.95993653,-106.2167436,2504.8464,27.31008,0.0,0.0,0.0
189.6,39.95993653,-106.2167436,2504.8464,27.31008,0.0,0.0,0.0
189.7,39.95993666,-106.2167436,2504.8464,27.31008,0.0,0.0,0.0
189.8,39.95993667,-106.2167435,2504.8464,27.31008,0.0,0.0,0.0
190.0,39.95993665,-106.2167434,2504.8464,27.31008,0.0,0.0,0.0
190.1,39.9599368,-106.2167434,2504.8464,27.31008,0.0,0.0,0.0
190.2,39.95993684,-106.2167433,2504.8464,27.31008,0.491744,0.0,0.0
190.3,39.95993681,-106.2167434,2504.8464,27.31008,0.0,0.0,0.0
190.4,39.95993683,-106.2167434,2504.8464,27.31008,0.0,0.0,0.0
190.5,39.95993677,-106.2167436,2504.8464,27.31008,0.0,0.0,0.0
190.6,39.95993679,-106.2167436,2504.8464,27.31008,0.0,0.0,0.0
190.7,39.95993689,-106.2167436,2504.8464,27.31008,0.0,0.0,0.0
190.8,39.95993692,-106.2167436,2504.8464,27.31008,0.0,0.0,0.0
190.9,39.95993672,-106.2167437,2504.8464,27.31008,0.0,0.0,0.0
191.0,39.95993672,-106.2167437,2504.8464,27.31008,0.0,0.0,0.0
191.1,39.95993671,-106.2167438,2504.8464,27.31008,0.0,0.0,0.0
191.2,39.9599367,-106.2167439,2504.8464,27.31008,0.0,0.0,0.0
191.3,39.95993654,-106.216744,2504.8464,27.31008,0.0,0.0,0.0
191.4,39.95993652,-106.216744,2504.8464,27.31008,0.491744,0.0,0.0
191.5,39.95993654,-106.2167441,2504.8464,27.31008,0.0,0.0,0.0
191.6,39.95993654,-106.2167442,2504.8464,27.31008,0.0,0.0,0.0
191.7,39.95993643,-106.2167442,2504.8464,27.31008,0.0,0.0,0.0
191.8,39.95993644,-106.2167443,2504.8464,27.31008,0.0,0.0,0.0
191.9,39.95993653,-106.2167444,2504.8464,27.31008,0.0,0.0,0.0
192.0,39.95993654,-106.2167444,2504.8464,27.31008,0.0,0.0,0.0
192.1,39.95993654,-106.2167445,2504.8464,27.31008,0.0,0.0,0.0
192.2,39.95993654,-106.2167446,2504.8464,27.31008,0.0,0.0,0.0
192.3,39.95993648,-106.2167449,2504.8464,27.31008,0.0,0.0,0.0
192.4,39.95993647,-106.216745,2504.8464,27.31008,0.0,0.0,0.0
192.5,39.95993629,-106.2167451,2504.8464,27.31008,0.0,0.0,0.0
192.6,39.95993626,-106.2167453,2504.8464,27.31008,0.0,0.0,0.0
192.7,39.95993631,-106.2167452,2504.8464,27.31008,0.0,0.0,0.0
192.8,39.9599363,-106.2167453,2504.8464,27.31008,0.0,0.0,0.0
192.9,39.95993622,-106.2167453,2504.8464,27.31008,0.0,0.0,0.0
193.0,39.95993618,-106.2167454,2504.8464,27.31008,0.0,0.0,0.0
193.1,39.95993621,-106.2167457,2504.8464,27.31008,0.0,0.0,0.0
193.2,39.95993616,-106.2167457,2504.8464,27.40152,0.0,0.0,0.0
193.3,39.95993598,-106.2167458,2504.8464,27.31008,0.0,0.0,0.0
193.4,39.95993592,-106.2167459,2504.8464,27.31008,0.0,0.0,0.0
193.5,39.95993586,-106.2167458,2504.8464,27.31008,0.0,0.0,0.0
193.6,39.95993582,-106.2167459,2504.8464,27.40152,0.0,0.0,0.0
193.7,39.95993582,-106.2167459,2504.8464,27.31008,0.0,0.0,0.0
193.8,39.95993579,-106.216746,2504.8464,27.40152,0.0,0.0,0.0
193.9,39.95993561,-106.2167459,2504.8464,27.40152,0.0,0.0,0.0
194.0,39.95993556,-106.2167459,2504.8464,27.40152,0.0,0.0,0.0
194.1,39.95993553,-106.2167461,2504.8464,27.40152,0.0,0.0,0.0
194.2,39.95993549,-106.2167461,2504.8464,27.40152,0.0,0.0,0.0
194.3,39.95993544,-106.2167461,2504.8464,27.40152,0.0,0.0,0.0
194.4,39.95993539,-106.2167461,2504.8464,27.40152,0.491744,0.0,0.0
194.5,39.95993544,-106.2167458,2504.8464,27.31008,0.0,0.0,0.0
194.6,39.95993539,-106.2167458,2504.8464,27.31008,0.491744,0.0,0.0
194.7,39.95993529,-106.216746,2504.8464,27.31008,0.0,0.0,0.0
194.8,39.95993524,-106.216746,2504.8464,27.31008,0.0,0.0,0.0
194.9,39.95993521,-106.2167458,2504.8464,27.31008,0.0,0.0,0.0
195.0,39.95993521,-106.2167458,2504.8464,27.31008,0.0,0.0,0.0
195.1,39.95993555,-106.2167456,2504.8464,27.31008,0.0,0.0,0.0
195.2,39.95993558,-106.2167456,2504.8464,27.31008,0.0,0.0,0.0
195.3,39.95993579,-106.2167454,2504.8464,27.31008,0.0,0.0,0.0
195.4,39.95993582,-106.2167454,2504.8464,27.31008,0.0,0.0,0.0
195.5,39.95993586,-106.2167452,2504.5416,27.188160000000003,0.0,0.0,0.0
195.6,39.95993588,-106.2167452,2504.5416,27.188160000000003,0.0,0.0,0.0
195.7,39.95993591,-106.2167452,2504.8464,27.31008,0.0,0.0,0.0
195.8,39.95993596,-106.2167452,2504.8464,27.31008,0.0,0.0,0.0
195.9,39.95993594,-106.2167454,2504.8464,27.31008,0.491744,0.0,0.0
196.0,39.95993598,-106.2167453,2504.8464,27.31008,0.0,0.0,0.0
196.1,39.9599361,-106.2167453,2504.8464,27.31008,0.0,0.0,0.0
196.2,39.95993615,-106.2167452,2504.8464,27.31008,0.0,0.0,0.0
196.3,39.95993603,-106.2167453,2504.8464,27.31008,0.0,0.0,0.0
196.4,39.95993608,-106.2167453,2504.5416,27.188160000000003,0.0,0.0,0.0
196.5,39.95993618,-106.216745,2504.5416,27.188160000000003,0.0,0.0,0.0
196.6,39.95993626,-106.216745,2504.5416,27.188160000000003,0.0,0.0,0.0
196.7,39.95993623,-106.2167451,2504.5416,27.188160000000003,0.0,0.0,0.0
196.8,39.95993629,-106.216745,2504.5416,27.188160000000003,0.0,0.0,0.0
196.9,39.95993649,-106.2167452,2504.5416,27.188160000000003,0.0,0.0,0.0
197.0,39.95993656,-106.2167452,2504.5416,27.188160000000003,0.0,0.0,0.0
197.1,39.95993672,-106.2167455,2504.8464,27.31008,0.0,-0.089408,0.0
197.2,39.95993683,-106.2167455,2504.8464,27.31008,0.0,-0.089408,0.0
197.3,39.95993669,-106.2167454,2504.8464,27.31008,0.0,-0.089408,0.0
197.4,39.95993675,-106.2167453,2504.8464,27.31008,0.0,0.0,0.0
197.5,39.95993687,-106.2167454,2504.8464,27.31008,0.0,0.0,0.0
197.6,39.95993692,-106.2167454,2504.8464,27.31008,0.0,0.0,0.0
197.7,39.95993671,-106.2167451,2504.8464,27.31008,0.0,0.0,0.0
197.8,39.95993673,-106.2167451,2504.5416,27.188160000000003,0.0,0.0,0.0
197.9,39.9599368,-106.2167451,2504.5416,27.188160000000003,0.0,0.089408,0.0
198.0,39.95993683,-106.2167451,2504.5416,27.188160000000003,0.0,0.0,0.0
198.1,39.95993671,-106.2167451,2504.5416,27.188160000000003,0.0,0.0,0.0
198.2,39.95993663,-106.216745,2504.5416,27.188160000000003,0.0,-0.089408,180.0
198.3,39.95993644,-106.216745,2504.8464,27.31008,0.0,-0.22352,180.0
198.4,39.95993632,-106.2167449,2504.8464,27.31008,0.0,-0.089408,180.0
198.6,39.95993606,-106.2167452,2504.8464,27.31008,0.0,-0.089408,0.0
198.7,39.95993601,-106.2167449,2504.8464,27.31008,0.0,0.0,0.0
198.8,39.95993592,-106.216745,2504.8464,27.31008,0.0,0.0,0.0
199.0,39.95993602,-106.2167449,2504.8464,27.31008,0.0,0.089408,0.0
199.1,39.9599359,-106.216745,2504.8464,27.31008,0.0,0.0,0.0
199.2,39.95993588,-106.216745,2504.5416,27.188160000000003,0.0,0.0,0.0
199.3,39.95993621,-106.2167451,2504.5416,27.188160000000003,0.0,0.0,0.0
199.4,39.95993621,-106.2167451,2504.5416,27.188160000000003,0.0,0.0,0.0
199.5,39.95993623,-106.2167452,2504.5416,27.188160000000003,0.0,0.0,0.0
199.6,39.95993622,-106.2167452,2504.5416,27.188160000000003,0.0,0.0,0.0
199.7,39.95993604,-106.216745,2504.5416,27.188160000000003,0.0,0.0,0.0
199.8,39.95993605,-106.216745,2504.5416,27.188160000000003,0.0,0.0,0.0
199.9,39.95993613,-106.216745,2504.5416,27.188160000000003,0.0,0.0,0.0
200.0,39.95993617,-106.216745,2504.5416,27.188160000000003,0.0,0.0,0.0
200.1,39.95993624,-106.216745,2504.5416,27.188160000000003,0.0,0.0,0.0
200.2,39.95993629,-106.2167449,2504.5416,27.188160000000003,0.0,0.0,0.0
200.3,39.95993641,-106.2167449,2504.5416,27.188160000000003,0.0,0.0,0.0
200.4,39.95993647,-106.2167448,2504.5416,27.188160000000003,0.0,0.0,0.0
200.5,39.95993637,-106.2167447,2504.5416,27.188160000000003,0.0,0.0,0.0
200.6,39.95993641,-106.2167446,2504.8464,27.31008,0.0,0.0,0.0
200.7,39.95993646,-106.2167446,2504.8464,27.31008,0.491744,0.0,0.0
200.8,39.9599365,-106.2167445,2504.8464,27.31008,0.0,0.0,0.0
200.9,39.9599364,-106.2167447,2504.8464,27.31008,0.0,0.0,0.0
201.0,39.95993642,-106.2167447,2504.8464,27.31008,0.0,0.0,0.0
201.1,39.95993637,-106.2167448,2504.8464,27.31008,0.0,0.0,0.0
201.2,39.95993637,-106.2167448,2504.8464,27.31008,0.67056,0.0,0.0
201.5,39.959936,-106.2167452,2504.8464,27.31008,0.22352,0.0,0.0
201.6,39.95993598,-106.2167452,2504.8464,27.31008,0.0,0.0,0.0
201.7,39.95993603,-106.2167452,2504.8464,27.31008,0.0,0.0,0.0
201.8,39.959936,-106.2167452,2504.8464,27.31008,0.0,0.0,0.0
201.9,39.95993616,-106.2167453,2504.8464,27.31008,0.0,0.0,0.0
202.0,39.95993613,-106.2167454,2504.8464,27.31008,0.0,0.0,0.0
202.1,39.95993613,-106.2167452,2504.5416,27.188160000000003,0.0,0.0,0.0
202.2,39.95993611,-106.2167453,2504.5416,27.188160000000003,0.0,0.0,0.0
202.3,39.95993601,-106.2167453,2504.5416,27.188160000000003,0.0,0.0,0.0
202.4,39.959936,-106.2167453,2504.8464,27.31008,0.0,0.0,0.0
202.5,39.95993609,-106.2167452,2504.8464,27.31008,0.0,0.0,0.0
202.6,39.9599361,-106.2167452,2504.8464,27.31008,0.491744,0.0,0.0
202.7,39.95993613,-106.2167453,2504.8464,27.31008,0.0,0.0,0.0
202.8,39.95993615,-106.2167453,2504.8464,27.31008,0.0,0.0,0.0
202.9,39.95993616,-106.2167451,2504.8464,27.31008,0.0,0.0,0.0
203.0,39.95993619,-106.216745,2504.8464,27.31008,0.0,0.0,0.0
203.1,39.95993619,-106.2167447,2504.8464,27.31008,0.0,0.0,0.0
203.2,39.95993622,-106.2167447,2504.8464,27.40152,0.0,0.0,0.0
203.3,39.95993619,-106.2167448,2504.8464,27.40152,0.0,0.0,0.0
203.4,39.95993623,-106.2167448,2504.8464,27.40152,0.0,0.0,0.0
203.5,39.95993633,-106.2167447,2504.8464,27.40152,0.0,0.0,0.0
203.6,39.95993636,-106.2167447,2504.8464,27.40152,0.0,0.0,0.0
203.7,39.95993626,-106.2167446,2504.8464,27.40152,0.0,0.0,0.0
203.8,39.95993628,-106.2167446,2504.8464,27.40152,0.0,0.0,0.0
203.9,39.95993638,-106.2167446,2504.8464,27.40152,0.0,0.0,0.0
204.0,39.95993641,-106.2167446,2504.8464,27.40152,0.0,0.0,0.0
204.1,39.95993654,-106.2167447,2504.8464,27.40152,0.0,0.0,0.0
204.2,39.95993658,-106.2167447,2504.8464,27.40152,0.0,0.0,0.0
204.3,39.95993651,-106.2167448,2504.8464,27.40152,0.0,0.0,0.0
204.4,39.95993654,-106.2167448,2504.8464,27.40152,0.0,0.0,0.0
204.5,39.95993663,-106.2167447,2504.8464,27.40152,0.0,0.0,0.0
204.6,39.95993666,-106.2167447,2504.8464,27.40152,0.0,0.0,0.0
204.7,39.95993658,-106.2167447,2504.8464,27.40152,0.0,0.0,0.0
204.8,39.95993659,-106.2167447,2504.8464,27.40152,0.0,0.0,0.0
204.9,39.95993654,-106.2167447,2504.8464,27.40152,0.0,0.0,0.0
205.0,39.95993656,-106.2167447,2504.8464,27.40152,0.0,0.0,0.0
205.1,39.95993653,-106.2167445,2504.8464,27.40152,0.0,0.0,0.0
205.2,39.95993654,-106.2167445,2504.8464,27.40152,0.0,0.0,0.0
205.3,39.95993651,-106.2167444,2504.8464,27.492960000000004,0.0,0.0,0.0
205.4,39.95993649,-106.2167444,2504.8464,27.492960000000004,0.0,0.0,0.0
205.5,39.95993643,-106.2167443,2504.8464,27.492960000000004,0.0,0.0,0.0
205.6,39.95993639,-106.2167442,2504.8464,27.492960000000004,0.0,0.0,0.0
205.7,39.95993636,-106.2167443,2504.8464,27.492960000000004,0.0,0.0,0.0
205.8,39.95993631,-106.2167443,2504.8464,27.492960000000004,0.0,0.0,0.0
205.9,39.9599362,-106.2167444,2504.8464,27.492960000000004,0.0,0.0,0.0
206.0,39.95993615,-106.2167444,2504.8464,27.492960000000004,0.0,0.0,0.0
206.1,39.95993596,-106.2167445,2504.8464,27.492960000000004,0.0,0.0,0.0
206.2,39.95993592,-106.2167445,2504.8464,27.492960000000004,0.0,0.0,0.0
206.3,39.95993578,-106.2167446,2504.8464,27.492960000000004,0.0,0.0,0.0
206.4,39.95993573,-106.2167447,2504.8464,27.40152,0.491744,0.0,0.0
206.5,39.95993571,-106.2167448,2504.8464,27.40152,0.0,0.0,0.0
206.6,39.95993566,-106.2167448,2504.8464,27.40152,0.0,0.0,0.0
206.7,39.95993573,-106.2167447,2504.8464,27.40152,0.491744,0.0,0.0
206.8,39.95993567,-106.2167447,2504.8464,27.40152,0.0,0.0,0.0
206.9,39.95993572,-106.2167448,2504.8464,27.40152,0.0,0.0,0.0
207.0,39.95993566,-106.2167449,2504.8464,27.31008,0.0,0.0,0.0
207.1,39.95993573,-106.2167447,2504.8464,27.31008,0.0,0.0,0.0
207.2,39.95993569,-106.2167448,2504.8464,27.31008,0.0,0.0,0.0
207.3,39.95993564,-106.2167447,2504.8464,27.31008,0.491744,0.0,0.0
207.4,39.95993562,-106.2167447,2504.8464,27.31008,0.0,0.0,0.0
207.5,39.95993574,-106.2167446,2504.5416,27.188160000000003,0.491744,0.0,0.0
207.6,39.95993574,-106.2167446,2504.5416,27.188160000000003,0.0,0.0,0.0
207.7,39.95993566,-106.2167447,2504.5416,27.188160000000003,0.0,0.0,0.0
207.8,39.95993565,-106.2167447,2504.5416,27.188160000000003,0.0,0.0,0.0
207.9,39.95993569,-106.2167446,2504.5416,27.188160000000003,0.0,0.0,0.0
208.0,39.9599357,-106.2167446,2504.5416,27.188160000000003,0.0,0.0,0.0
208.1,39.95993572,-106.2167446,2504.5416,27.188160000000003,0.0,0.0,0.0
208.2,39.95993572,-106.2167445,2504.5416,27.188160000000003,0.0,0.0,0.0
208.3,39.95993585,-106.2167445,2504.8464,27.31008,0.0,0.0,0.0
208.4,39.95993585,-106.2167445,2504.8464,27.31008,0.0,0.0,0.0
208.5,39.95993564,-106.2167446,2504.8464,27.31008,0.0,0.0,0.0
208.6,39.95993561,-106.2167445,2504.8464,27.31008,0.491744,0.0,0.0
208.7,39.9599353,-106.2167444,2504.8464,27.31008,0.0,0.0,0.0
208.8,39.95993525,-106.2167444,2504.8464,27.31008,0.0,0.0,0.0
208.9,39.95993504,-106.2167447,2504.8464,27.31008,0.0,0.0,0.0
209.0,39.95993499,-106.2167447,2504.8464,27.31008,0.0,0.0,0.0
209.1,39.95993498,-106.2167448,2504.8464,27.31008,0.0,0.0,0.0
209.2,39.95993495,-106.2167448,2504.8464,27.40152,0.0,0.0,0.0
209.3,39.9599348,-106.2167449,2504.8464,27.40152,0.0,0.0,0.0
209.4,39.95993477,-106.216745,2504.8464,27.40152,0.0,0.0,0.0
209.5,39.95993476,-106.216745,2504.8464,27.40152,0.0,0.0,0.0
209.6,39.95993473,-106.216745,2504.8464,27.40152,0.0,0.0,0.0
209.7,39.9599345,-106.2167453,2504.8464,27.40152,0.0,0.0,0.0
209.8,39.95993445,-106.2167454,2504.8464,27.40152,0.0,0.0,0.0
209.9,39.95993408,-106.2167456,2504.8464,27.40152,0.0,0.0,0.0
210.0,39.95993399,-106.2167457,2504.8464,27.40152,0.0,0.0,0.0
210.1,39.95993399,-106.216746,2504.8464,27.40152,0.0,0.0,0.0
210.2,39.9599339,-106.2167461,2504.8464,27.40152,0.0,0.0,0.0
210.3,39.95993372,-106.2167461,2504.8464,27.40152,0.0,0.0,0.0
210.4,39.95993362,-106.2167463,2504.8464,27.40152,0.0,0.0,0.0
210.5,39.95993347,-106.2167462,2504.8464,27.40152,0.0,0.0,0.0
210.6,39.95993336,-106.2167464,2504.8464,27.40152,0.491744,0.0,0.0
210.7,39.95993358,-106.2167461,2504.8464,27.40152,0.0,0.0,0.0
210.8,39.95993352,-106.2167462,2504.8464,27.40152,0.0,0.0,0.0
210.9,39.95993358,-106.2167462,2504.8464,27.40152,0.0,0.0,0.0
211.0,39.95993353,-106.2167463,2504.8464,27.40152,0.0,0.0,0.0
211.4,39.95993367,-106.216746,2504.8464,27.31008,0.0,0.0,0.0
211.5,39.95993353,-106.2167461,2504.8464,27.31008,0.0,0.0,0.0
211.6,39.95993347,-106.216746,2504.8464,27.31008,0.0,0.0,0.0
211.7,39.95993355,-106.2167459,2504.8464,27.31008,0.0,0.0,0.0
211.8,39.95993356,-106.2167459,2504.8464,27.40152,0.0,0.0,0.0
211.9,39.95993375,-106.2167459,2504.8464,27.40152,0.0,0.0,0.0
212.0,39.95993379,-106.216746,2504.8464,27.40152,0.0,0.0,0.0
212.1,39.95993386,-106.2167461,2504.8464,27.31008,0.0,0.0,0.0
212.2,39.95993386,-106.2167461,2504.8464,27.31008,0.0,0.0,0.0
212.3,39.95993387,-106.2167464,2504.8464,27.31008,0.0,0.0,0.0
212.4,39.95993384,-106.2167465,2504.8464,27.31008,0.0,0.0,0.0
212.5,39.95993367,-106.2167463,2504.8464,27.31008,0.0,0.0,0.0
212.6,39.95993358,-106.2167463,2504.8464,27.31008,0.0,0.0,0.0
212.7,39.95993338,-106.2167463,2504.8464,27.31008,0.491744,0.0,0.0
212.8,39.95993329,-106.2167462,2504.8464,27.31008,0.0,0.0,0.0
212.9,39.95993297,-106.2167461,2504.8464,27.31008,0.491744,0.0,0.0
213.0,39.95993286,-106.216746,2504.8464,27.31008,0.0,0.0,0.0
213.1,39.95993265,-106.216746,2504.8464,27.31008,0.0,0.0,0.0
213.2,39.95993255,-106.216746,2504.8464,27.31008,0.0,0.0,0.0
213.3,39.95993266,-106.2167459,2504.8464,27.31008,0.0,0.0,0.0
213.4,39.95993258,-106.2167458,2504.8464,27.31008,0.0,0.0,0.0
213.5,39.95993249,-106.216746,2504.8464,27.31008,0.0,0.0,0.0
213.6,39.95993241,-106.216746,2504.8464,27.31008,0.0,0.0,0.0
213.7,39.95993246,-106.2167459,2504.8464,27.31008,0.0,0.0,0.0
213.8,39.95993242,-106.2167459,2504.8464,27.31008,0.0,0.0,0.0
213.9,39.95993244,-106.2167457,2504.8464,27.31008,0.0,0.0,0.0
214.0,39.95993239,-106.2167457,2504.8464,27.31008,0.0,0.0,0.0
214.1,39.95993234,-106.2167458,2504.8464,27.31008,0.0,0.0,0.0
214.2,39.9599323,-106.2167458,2504.8464,27.31008,0.0,0.0,0.0
214.3,39.95993223,-106.2167458,2504.8464,27.31008,0.0,-0.089408,0.0
214.4,39.95993221,-106.2167457,2504.8464,27.31008,0.0,0.0,0.0
214.5,39.9599322,-106.2167459,2504.8464,27.31008,0.0,0.0,0.0
214.6,39.95993217,-106.2167459,2504.8464,27.31008,0.0,0.0,0.0
214.7,39.95993228,-106.2167459,2504.8464,27.31008,0.0,0.0,0.0
214.8,39.9599323,-106.2167459,2504.8464,27.31008,0.0,0.0,0.0
214.9,39.95993237,-106.2167459,2504.8464,27.31008,0.0,0.0,0.0
215.0,39.95993241,-106.2167459,2504.8464,27.31008,0.0,0.0,0.0
215.1,39.95993231,-106.2167459,2504.8464,27.31008,0.0,0.0,0.0
215.2,39.95993235,-106.2167459,2504.8464,27.31008,0.0,0.0,0.0
215.3,39.95993246,-106.2167459,2504.8464,27.31008,0.0,0.0,0.0
215.4,39.9599325,-106.2167459,2504.8464,27.31008,0.0,0.0,0.0
215.5,39.95993242,-106.2167461,2504.8464,27.31008,0.0,0.0,0.0
215.6,39.95993247,-106.2167461,2504.8464,27.31008,0.0,0.0,0.0
215.7,39.95993243,-106.2167463,2504.8464,27.31008,0.0,0.0,0.0
215.8,39.95993249,-106.2167463,2504.8464,27.31008,0.0,0.0,0.0
215.9,39.95993263,-106.2167464,2504.8464,27.31008,0.0,0.0,0.0
216.0,39.95993271,-106.2167465,2504.8464,27.31008,0.0,0.0,0.0
216.1,39.95993277,-106.2167465,2504.8464,27.31008,0.0,0.0,0.0
216.2,39.95993282,-106.2167465,2504.8464,27.31008,0.0,0.0,0.0
216.3,39.9599328,-106.2167465,2504.8464,27.31008,0.0,0.0,0.0
216.4,39.9599327,-106.2167465,2504.5416,27.188160000000003,0.0,0.0,180.0
216.5,39.95993223,-106.2167466,2504.5416,27.188160000000003,0.491744,0.089408,188.7461622625552
216.6,39.95993136,-106.2167469,2504.5416,27.188160000000003,0.67056,0.089408,195.64224645720876
216.7,39.95992959,-106.2167474,2504.5416,27.188160000000003,1.519936,0.089408,193.3245312618908
216.8,39.95992778,-106.2167481,2504.5416,27.096720000000005,2.01168,0.089408,195.4612177404419
216.9,39.95992488,-106.2167492,2504.5416,27.096720000000005,2.68224,0.0,195.42216131873863
217.0,39.95992223,-106.2167502,2504.5416,27.096720000000005,3.218688,0.0,195.03781590358224
217.1,39.95991848,-106.2167514,2504.5416,27.096720000000005,3.665728,0.0,194.74356283647072
217.2,39.95991502,-106.2167528,2504.5416,27.188160000000003,4.157472,0.0,196.3895403340348
217.3,39.95991099,-106.2167539,2504.5416,27.188160000000003,4.291583999999999,-0.089408,194.8934729588416
217.6,39.95989696,-106.2167588,2504.8464,27.31008,5.185664,0.0,194.96215525432652
217.7,39.95989163,-106.2167605,2504.8464,27.31008,5.543296,0.0,195.45201064112968
217.8,39.95988619,-106.2167626,2504.8464,27.31008,6.169152,0.0,196.2940474565989
217.9,39.95988064,-106.2167644,2504.8464,27.31008,6.303264,0.0,197.4254360403056
218.0,39.95987468,-106.2167669,2504.8464,27.31008,6.660896,0.0,198.434948822922
218.1,39.95986857,-106.2167697,2504.8464,27.40152,7.063232,0.0,198.31873036260947
218.2,39.95986216,-106.2167725,2504.8464,27.31008,7.331455999999999,0.089408,198.54795810342267
218.3,39.95985571,-106.2167757,2504.8464,27.31008,7.59968,0.089408,199.40232783821813
218.4,39.95984877,-106.2167789,2504.8464,27.31008,7.912608,0.0,199.8721758192439
218.5,39.95984159,-106.2167822,2504.8464,27.31008,8.314944,0.0,200.1167251684555
218.6,39.95983419,-106.2167858,2504.8464,27.31008,8.627872,0.0,200.7332115674668
218.8,39.95981908,-106.2167933,2504.8464,27.31008,8.896096,0.0,200.95577673063215
218.9,39.95981143,-106.2167971,2504.8464,27.31008,9.030208,0.0,201.2796044276954
219.0,39.95980338,-106.2168012,2504.8464,27.31008,9.343136,0.0,201.59531044896767
219.1,39.95979568,-106.2168054,2504.8464,27.31008,9.432544,0.0,201.6005486807608
219.2,39.95978748,-106.2168098,2504.8464,27.31008,9.566656,0.0,202.35087265434396
219.3,39.95977948,-106.2168141,2504.8464,27.31008,9.745472,0.0,202.6403058246306
219.4,39.95977113,-106.2168186,2504.8464,27.31008,9.83488,0.0,202.92280068446365
219.5,39.95976307,-106.2168229,2504.8464,27.31008,9.879584,0.0,202.61986494804043
219.6,39.95975463,-106.2168275,2504.8464,27.31008,9.924288,0.0,202.89579708143856
219.7,39.95974643,-106.2168321,2504.8464,27.31008,10.0584,0.0,203.60018986791775
219.8,39.95973789,-106.2168369,2504.8464,27.31008,10.147808,0.0,203.39776391592608
220.0,39.95972077,-106.2168466,2504.8464,27.31008,10.371328,0.0,204.11419853930693
220.1,39.95971158,-106.2168521,2504.8464,27.31008,10.684256,0.0,203.8125657768093
220.2,39.95970282,-106.2168571,2504.8464,27.31008,10.95248,0.0,203.8125657768093
220.3,39.95969488,-106.2168618,2504.8464,27.31008,10.192512,0.0,203.6153963303699
220.4,39.95968612,-106.2168668,2504.8464,27.31008,10.147808,0.0,203.16641995020515
220.5,39.95967741,-106.2168715,2504.8464,27.31008,10.550144,0.0,203.16641995020515
220.6,39.9596687,-106.2168764,2504.8464,27.31008,10.50544,0.0,203.8125657768093
220.7,39.95965978,-106.2168814,2504.8464,27.31008,10.684256,0.0,204.06131730177225
220.8,39.9596511,-106.2168865,2504.8464,27.31008,10.684256,0.0,204.70687038426527
220.9,39.95964297,-106.2168918,2504.8464,27.31008,10.326624,0.0,206.12685108235075
221.0,39.95963452,-106.2168972,2504.8464,27.31008,10.28192,0.089408,207.00833656436316
221.1,39.95962639,-106.2169033,2504.8464,27.31008,10.460736,0.0,209.12716097820604
221.2,39.95961842,-106.2169094,2504.8464,27.31008,10.326624,-0.089408,211.39389694575067
221.3,39.95961078,-106.2169164,2504.8464,27.31008,10.326624,-0.089408,212.76602217320703
221.4,39.95960329,-106.2169229,2504.8464,27.40152,10.192512,0.0,213.90627698844216
221.5,39.95959608,-106.216931,2504.8464,27.40152,10.237215999999998,0.0,215.56794497326516
221.6,39.95958896,-106.216938,2504.8464,27.31008,10.237215999999998,0.0,217.44179659650575
221.7,39.95958305,-106.2169448,2504.8464,27.31008,9.343136,0.0,219.60370776010092
221.8,39.95957653,-106.2169524,2504.8464,27.40152,9.253728,0.0,221.61144300927648
221.9,39.95957006,-106.2169608,2504.8464,27.40152,9.924288,0.0,224.2461516669292
222.0,39.95956403,-106.2169689,2504.8464,27.40152,9.879584,0.0,225.7538483330708
222.1,39.95955777,-106.2169781,2504.8464,27.40152,10.013696,0.0,228.03270261617695
222.2,39.95955219,-106.2169868,2504.8464,27.40152,10.0584,0.0,230.46710158808884
222.3,39.95954697,-106.2169959,2504.8464,27.40152,9.700768,0.0,232.17171216538708
222.7,39.95952851,-106.2170358,2504.8464,27.492960000000004,9.879584,0.089408,241.94261076590908
222.8,39.95952453,-106.2170466,2504.8464,27.492960000000004,9.968992,0.089408,243.66007842861572
222.9,39.95952086,-106.2170571,2504.8464,27.492960000000004,10.0584,0.0,246.18743422319068
223.0,39.95951741,-106.2170687,2504.8464,27.492960000000004,10.192512,0.0,248.33404127670977
223.1,39.95951406,-106.2170804,2504.8464,27.40152,10.594848,0.089408,249.66853287386868
223.2,39.95951103,-106.2170925,2504.8464,27.492960000000004,10.773664,0.089408,251.2666383570831
223.3,39.95950775,-106.2171051,2504.8464,27.492960000000004,11.086592,0.0,252.5211179304797
223.4,39.95950513,-106.2171179,2504.8464,27.492960000000004,11.310112,0.0,254.52474491083612
223.5,39.95950213,-106.2171306,2504.8464,27.492960000000004,11.310112,0.0,256.3994574833413
223.6,39.95950016,-106.2171441,2504.8464,27.492960000000004,11.488928,0.0,259.6363081775529
223.7,39.95949854,-106.2171583,2504.8464,27.492960000000004,11.980672,-0.089408,263.3027556710542
223.8,39.95949781,-106.2171725,2504.8464,27.492960000000004,12.159488,-0.089408,267.2229038930745
223.9,39.95949797,-106.2171872,2504.8464,27.492960000000004,12.2936,0.0,270.0
224.0,39.95949858,-106.2172017,2504.8464,27.492960000000004,12.472416,0.0,273.3541575114795
224.1,39.95950047,-106.2172173,2504.8464,27.492960000000004,12.874752,0.0,276.47836457977286
224.2,39.95950233,-106.2172318,2504.8464,27.492960000000004,13.008864,0.0,279.4280338940381
224.3,39.9595053,-106.2172443,2504.8464,27.492960000000004,11.84656,0.0,282.3005388789981
224.4,39.95950828,-106.2172585,2504.8464,27.492960000000004,11.801856,0.0,284.647375272363
224.5,39.95951227,-106.2172729,2504.8464,27.492960000000004,12.785344,-0.312928,288.10376303450664
224.6,39.95951655,-106.2172866,2504.8464,27.492960000000004,12.874752,-0.804672,291.60745024245364
224.7,39.95952138,-106.2172991,2505.1512,27.61488,12.248895999999998,-1.207008,294.4267540065373
224.8,39.95952664,-106.2173124,2505.1512,27.797760000000004,12.338304,-1.609344,296.379928139485
224.9,39.95953227,-106.2173236,2505.456,28.01112,12.025376,-2.101088,298.3833541415298
225.0,39.95953839,-106.2173365,2505.7608,28.194000000000003,12.159488,-2.592832,300.5164111876242
225.1,39.95954525,-106.2173503,2506.0656,28.498800000000003,13.455904,-2.995168,302.4711922908485
225.2,39.95955221,-106.2173629,2506.3704,28.803600000000003,13.63472,-3.397504,304.2943150895277
225.3,39.95955899,-106.2173756,2506.6752,29.19984,13.232384,-3.621024,305.65185815001735
225.4,39.95956658,-106.217388,2506.98,29.59608,13.366496,-3.79984,307.60392344028736
225.5,39.95957405,-106.2173988,2507.2848,29.992320000000003,12.96416,-4.02336,309.75566188928485
225.6,39.9595823,-106.2174107,2507.8944,30.38856,13.008864,-4.112768,311.04073503109186
225.7,39.95959033,-106.2174229,2508.1992,30.69336,13.679424,-4.02336,312.5459683254729
225.8,39.95959903,-106.2174345,2508.504,31.0896,13.768832,-3.889248,313.5243226918506
225.9,39.95960755,-106.2174452,2508.8088,31.3944,13.500608,-3.79984,315.0
226.0,39.95961681,-106.2174566,2509.1136,31.79064,13.63472,-3.889248,316.42885014827704
226.1,39.9596257,-106.2174682,2509.7232,32.18688,14.037056,-3.889248,317.1976310374165
226.2,39.95963539,-106.2174792,2510.028,32.6136,14.126464,-3.889248,318.2154839917482
226.3,39.95964551,-106.2174915,2510.3328,33.009840000000004,14.841728000000002,-3.889248,319.32080495498445
226.6,39.95967603,-106.2175243,2511.552,34.10712,14.841728000000002,-3.79984,321.55835643933773
226.7,39.95968628,-106.2175349,2511.8568,34.41192,14.618208,-3.889248,322.50546082074163
226.8,39.95969712,-106.2175454,2512.1616,34.80816,14.797024,-4.02336,323.26925394337934
226.9,39.95970675,-106.2175553,2512.4664,35.11296,14.30528,-3.889248,323.4762962046169
227.0,39.95971763,-106.2175655,2513.076,35.5092,14.260576,-3.79984,324.38151016074823
227.1,39.95972906,-106.2175762,2513.3808,35.814,15.244064,-4.02336,325.8352475642031
227.4,39.95976377,-106.217604,2514.2952,36.91128,15.244064,-4.02336,331.6522997303542
227.5,39.959776,-106.2176114,2514.6,37.30752,15.065248,-4.02336,334.13840872028464
227.6,39.95978803,-106.2176184,2515.2096,37.70376,14.797024,-4.02336,337.38013505195954
227.7,39.95980151,-106.2176241,2515.5144,38.00856,15.19936,-4.02336,339.98643320477987
227.8,39.95981382,-106.2176294,2515.8192,38.4048,15.109951999999998,-3.889248,342.7108140152531
227.9,39.95982521,-106.2176323,2516.1240000000003,38.7096,13.63472,-3.621024,344.89042487765954
228.0,39.95983733,-106.2176359,2516.4288,39.0144,13.366496,-3.308096,347.4105404650423
228.1,39.95984959,-106.2176375,2516.7336,39.288720000000005,13.724128,-2.816352,349.3571292552964
228.2,39.95986157,-106.2176397,2517.0384,39.50208,13.590016,-2.279904,351.32682595212026
228.3,39.95987374,-106.2176407,2517.0384,39.593520000000005,13.500608,-1.6987519999999998,352.9476939921588
228.4,39.95988549,-106.2176418,2517.3432000000003,39.80688,13.321792,-1.1176,354.6626000115573
228.5,39.9598963,-106.2176426,2517.3432000000003,39.898320000000005,12.561824,-0.581152,356.3734282161204
228.6,39.95990769,-106.2176428,2517.3432000000003,39.98976,12.338304,-0.312928,358.97696981133214
228.7,39.95991701,-106.2176431,2517.3432000000003,39.98976,11.488928,-0.089408,1.0569977767848968
228.8,39.9599278,-106.2176419,2517.648,40.11168,11.176,0.0,3.871256231985626
228.9,39.95993792,-106.2176396,2517.648,40.11168,11.712448,0.089408,7.97398345029768
229.0,39.95994814,-106.2176366,2517.648,40.11168,11.533632,0.089408,12.141516407909478
229.1,39.95995785,-106.2176321,2517.648,40.11168,11.533632,0.089408,16.56882917959905
229.2,39.95996744,-106.2176273,2517.648,40.203120000000006,11.444224,0.089408,20.31519562673208
229.3,39.95997786,-106.2176202,2517.648,40.203120000000006,12.204192,0.089408,24.31128202495546
229.4,39.959987,-106.2176138,2517.648,40.203120000000006,12.338304,0.0,27.58808136574584
229.7,39.96001235,-106.2175909,2517.648,40.29456,11.444224,0.0,37.04922657360703
229.8,39.96002043,-106.2175817,2517.9528,40.386,11.533632,0.0,39.83387928142082
229.9,39.96002869,-106.2175729,2517.9528,40.386,11.891264,0.0,42.229784202799806
230.0,39.96003632,-106.2175626,2517.9528,40.386,12.025376,0.0,45.0
230.1,39.96004407,-106.2175525,2517.9528,40.507920000000006,12.204192,0.0,47.39842133409252
230.2,39.96005131,-106.2175411,2517.9528,40.59936,12.383008,0.089408,49.28547273657682
230.3,39.9600597,-106.2175293,2517.9528,40.59936,13.142976,0.089408,51.11550356628538
230.4,39.96006665,-106.217517,2517.9528,40.59936,13.366496,0.089408,53.29127149169108
230.5,39.96007381,-106.2175048,2517.9528,40.59936,13.053568,0.089408,54.43926555755468
230.6,39.96008049,-106.2174916,2518.2576,40.6908,13.277088,0.22352,55.771454160198005
230.7,39.96008665,-106.2174795,2518.2576,40.6908,12.96416,0.22352,55.88552705465872
230.8,39.96009341,-106.2174658,2518.2576,40.6908,13.098272,0.22352,55.790492675573205
230.9,39.96010096,-106.2174523,2518.2576,40.6908,14.037056,0.22352,55.444195475355855
231.0,39.96010813,-106.2174384,2518.2576,40.6908,14.260576,0.22352,55.1561454383571
231.1,39.96011619,-106.2174252,2518.2576,40.6908,14.349984,0.22352,55.06672961885516
231.2,39.96012368,-106.217411,2518.2576,40.812720000000006,14.484096,0.22352,54.74859424168534
231.3,39.96013217,-106.2173972,2518.2576,40.6908,14.886432,0.312928,54.66506651224438
231.4,39.96013998,-106.2173828,2518.2576,40.6908,15.065248,0.312928,54.262825174699344
231.5,39.96014845,-106.2173688,2518.2576,40.6908,15.109951999999998,0.22352,53.43576751335149
231.6,39.96015686,-106.2173547,2518.2576,40.6908,15.19936,0.22352,51.49934627965456
231.7,39.96016546,-106.2173409,2518.2576,40.6908,15.19936,0.089408,49.34323995168938
231.8,39.96017465,-106.2173278,2518.2576,40.6908,15.109951999999998,0.089408,46.706178294447
231.9,39.96018496,-106.2173154,2518.2576,40.6908,15.378176,0.22352,44.75514773195568
232.0,39.96019478,-106.2173032,2518.2576,40.6908,15.333472,0.312928,43.39859963588464
232.1,39.96020548,-106.2172933,2517.9528,40.59936,14.797024,0.402336,41.44658088021856
232.2,39.9602159,-106.2172821,2517.9528,40.59936,14.797024,0.402336,39.47245984834382
232.5,39.96024868,-106.2172523,2517.9528,40.59936,14.841728000000002,0.312928,33.83511982245142
232.6,39.96026018,-106.2172432,2517.9528,40.59936,14.841728000000002,0.22352,32.298735035861
232.7,39.96027144,-106.2172344,2517.9528,40.59936,14.797024,0.22352,30.904382688546093
233.0,39.96030671,-106.2172112,2517.9528,40.59936,14.618208,0.22352,25.647173292474463
233.1,39.96031962,-106.2172032,2517.9528,40.59936,14.931136,0.22352,23.47099311816089
233.2,39.9603323,-106.2171972,2517.9528,40.59936,15.42288,0.22352,20.576362871041454
233.3,39.96034443,-106.2171913,2517.9528,40.59936,14.707616,0.22352,18.434948822922024
233.4,39.96035722,-106.2171866,2517.9528,40.59936,14.573504,0.312928,16.139865343416147
233.5,39.96036839,-106.2171837,2517.9528,40.59936,13.724128,0.22352,13.384195220913512
233.6,39.96038107,-106.2171807,2517.9528,40.59936,13.500608,0.22352,10.630850230978126
233.7,39.96039339,-106.2171784,2517.9528,40.59936,14.08176,0.22352,7.973271232570369
233.8,39.96040586,-106.217177,2518.2576,40.6908,13.85824,0.22352,5.396292239899026
233.9,39.96041752,-106.2171764,2518.2576,40.6908,13.455904,0.312928,3.3885569907234867
234.0,39.96042984,-106.2171765,2518.2576,40.6908,13.321792,0.312928,0.948518960986064
234.1,39.96044174,-106.217177,2518.2576,40.6908,13.455904,0.22352,358.67218988825306
234.2,39.96045397,-106.2171783,2518.2576,40.6908,13.455904,0.312928,356.98721249581666
234.3,39.960466,-106.2171797,2518.2576,40.6908,13.545312,0.312928,355.29875499521177
234.4,39.96047829,-106.217182,2518.2576,40.6908,13.63472,0.312928,353.68029297953586
234.5,39.96049141,-106.2171843,2517.9528,40.59936,14.260576,0.312928,352.07767834699933
234.6,39.96050389,-106.2171875,2517.9528,40.59936,14.439391999999998,0.312928,350.6871187142156
234.7,39.96051646,-106.2171899,2517.9528,40.59936,14.126464,0.402336,349.08031138278244
234.8,39.96052904,-106.2171939,2517.9528,40.59936,14.260576,0.312928,347.5681393717849
234.9,39.96054036,-106.2171975,2517.9528,40.59936,13.679424,0.312928,346.352050298028
235.0,39.96055288,-106.2172022,2517.9528,40.59936,13.724128,0.312928,345.148366032001
235.1,39.9605665,-106.2172067,2517.9528,40.59936,15.065248,0.312928,343.9579432384178
235.2,39.96057917,-106.2172121,2517.9528,40.59936,15.19936,0.312928,343.05077576617856
235.3,39.96059197,-106.2172173,2517.9528,40.59936,14.841728000000002,0.312928,341.89307686514286
235.4,39.9606047,-106.2172234,2517.9528,40.59936,14.97584,0.312928,340.9188855710464
235.5,39.96061736,-106.2172292,2517.9528,40.59936,14.97584,0.312928,339.95904818779576
235.6,39.96063014,-106.2172358,2517.9528,40.59936,15.109951999999998,0.312928,339.1680226470184
235.7,39.96064314,-106.2172423,2517.9528,40.59936,15.378176,0.312928,338.1985905136482
235.8,39.960656,-106.2172494,2517.9528,40.59936,15.512288000000002,0.312928,337.5838525206564
235.9,39.96066785,-106.2172557,2517.9528,40.59936,14.886432,0.312928,336.8230223783909
236.0,39.96068063,-106.2172632,2517.9528,40.59936,14.886432,0.312928,336.22051086035333
236.1,39.96069474,-106.2172715,2517.9528,40.59936,16.406368,0.22352,335.62353138332526
236.2,39.96070767,-106.2172796,2517.9528,40.59936,16.585184,0.312928,335.0220832366448
236.3,39.9607207,-106.2172875,2517.9528,40.507920000000006,15.959328,0.22352,334.4400348281762
236.4,39.96073369,-106.217296,2517.9528,40.507920000000006,16.048735999999998,0.089408,333.72035507754845
236.5,39.96074671,-106.2173043,2517.9528,40.507920000000006,16.138144,0.089408,333.2936524891035
236.6,39.96075976,-106.2173131,2517.9528,40.507920000000006,16.227552,0.089408,332.87186346772666
236.7,39.96077161,-106.2173213,2517.9528,40.507920000000006,15.6464,0.22352,331.89058378823404
236.8,39.96078439,-106.2173306,2517.9528,40.386,15.601696,0.22352,330.6251406868517
236.9,39.96079733,-106.2173406,2517.9528,40.386,16.495776,0.22352,328.6830733871928
237.0,39.96080936,-106.2173508,2517.9528,40.386,16.316959999999998,0.0,326.08489129224233
237.1,39.96082173,-106.2173625,2517.9528,40.386,16.451072,0.0,323.43130402786664
237.2,39.96083248,-106.2173734,2517.9528,40.386,16.09344,0.0,321.3401917459099
237.3,39.9608406,-106.2173842,2517.9528,40.386,13.992352,0.0,319.0495817032714
237.4,39.96084989,-106.2173954,2517.9528,40.386,13.455904,0.0,316.680883602843
237.5,39.96085747,-106.2174071,2517.9528,40.386,13.545312,0.089408,315.0
237.6,39.96086562,-106.2174186,2517.648,40.29456,13.18768,0.22352,312.9690857631469
237.7,39.96087263,-106.217431,2517.648,40.29456,13.277088,0.22352,310.6012946450045
238.0,39.96089206,-106.2174678,2517.648,40.203120000000006,12.785344,0.22352,303.11884238964103
238.1,39.96089714,-106.2174805,2517.648,40.203120000000006,12.561824,0.22352,300.9637565320735
238.2,39.96090206,-106.2174931,2517.648,40.11168,12.114784,0.22352,298.5432308560873
238.5,39.96091502,-106.2175326,2517.648,40.11168,12.159488,0.089408,291.5620134720315
238.6,39.96091836,-106.2175459,2517.648,40.11168,12.114784,0.089408,289.5820608446868
238.7,39.96092172,-106.2175592,2517.648,40.11168,11.980672,0.089408,287.62229722866823
238.8,39.96092428,-106.2175728,2517.3432000000003,39.98976,11.935968,0.0,285.1409838350769
238.9,39.96092708,-106.2175862,2517.3432000000003,39.98976,11.891264,0.0,282.71751276421844
239.0,39.96092875,-106.2175998,2517.3432000000003,39.98976,11.757152,0.089408,280.00797980144137
239.1,39.96093017,-106.2176133,2517.3432000000003,39.98976,11.667744,0.0,277.0407165870047
239.2,39.96093079,-106.2176265,2517.3432000000003,39.98976,11.488928,-0.089408,274.6106493186606
239.3,39.96093103,-106.2176394,2517.3432000000003,39.98976,11.131296,-0.089408,272.1124112702292
239.4,39.96093082,-106.2176523,2517.3432000000003,39.98976,10.997184,0.0,270.0
239.5,39.96092982,-106.2176644,2517.3432000000003,39.98976,10.684256,0.0,267.82525588538994
239.6,39.96092873,-106.2176769,2517.3432000000003,39.98976,10.550144,0.0,265.13548556223947
239.7,39.96092777,-106.2176898,2517.3432000000003,39.98976,10.907775999999998,0.0,263.39005610637
239.8,39.96092599,-106.2177021,2517.3432000000003,39.98976,10.863072,0.089408,260.61848983925177
239.9,39.96092389,-106.2177127,2517.3432000000003,39.98976,9.968992,0.0,258.35218563270337
240.0,39.96092135,-106.2177246,2517.3432000000003,39.98976,9.924288,0.0,255.96375653207352
240.1,39.96091884,-106.2177362,2517.3432000000003,39.98976,10.416032,0.0,253.68034957947535
240.2,39.96091565,-106.2177478,2517.3432000000003,39.98976,10.371328,0.0,251.80083494695455
240.3,39.96091234,-106.2177592,2517.3432000000003,39.98976,10.416032,0.0,249.3563912527964
240.4,39.96090845,-106.2177703,2517.3432000000003,39.98976,10.416032,0.0,247.0942303415828
240.5,39.9609045,-106.2177812,2517.3432000000003,39.898320000000005,10.326624,0.0,244.7723505325714
240.6,39.96089998,-106.217792,2517.3432000000003,39.898320000000005,10.371328,0.0,242.55184682143528
240.7,39.96089514,-106.217803,2517.3432000000003,39.898320000000005,10.639552,0.0,240.80251395393552
240.8,39.96089001,-106.2178135,2517.3432000000003,39.898320000000005,10.72896,0.0,238.95247776808492
240.9,39.96088505,-106.2178242,2517.3432000000003,39.898320000000005,10.639552,0.0,236.8447666896161
241.0,39.96087929,-106.2178344,2517.3432000000003,39.898320000000005,10.72896,0.0,234.5179491609488
241.1,39.96087326,-106.2178447,2517.3432000000003,39.898320000000005,10.907775999999998,0.0,232.93959339866151
241.2,39.96086693,-106.2178546,2517.3432000000003,39.898320000000005,10.997184,0.0,231.3401917459099
241.3,39.9608604,-106.2178645,2517.3432000000003,39.898320000000005,11.041888,0.0,229.77730631710983
241.4,39.96085358,-106.2178742,2517.3432000000003,39.898320000000005,11.176,0.0,228.25194560036388
241.5,39.96084663,-106.2178841,2517.3432000000003,39.898320000000005,11.310112,0.089408,227.10908973725776
241.6,39.96083942,-106.2178935,2517.3432000000003,39.80688,11.39952,0.22352,225.9655677874009
241.7,39.96083211,-106.2179031,2517.3432000000003,39.80688,11.444224,0.22352,224.3598503304765
241.8,39.9608244,-106.2179122,2517.3432000000003,39.80688,11.533632,0.089408,222.9489615829091
241.9,39.96081678,-106.2179212,2517.0384,39.68496,11.488928,0.089408,221.52221348020183
242.0,39.96080866,-106.21793,2517.3432000000003,39.80688,11.578335999999998,0.0,220.45727539361707
242.1,39.96080021,-106.2179387,2517.3432000000003,39.80688,11.84656,0.0,219.0401608892869
242.2,39.96079176,-106.2179472,2517.3432000000003,39.80688,11.935968,-0.089408,218.009525656941
242.3,39.96078294,-106.2179561,2517.3432000000003,39.80688,12.159488,-0.089408,217.39513072048496
242.4,39.96077429,-106.2179643,2517.3432000000003,39.898320000000005,12.159488,-0.089408,216.2538377374448
242.5,39.96076627,-106.2179718,2517.3432000000003,39.898320000000005,11.39952,-0.089408,215.51222431541112
242.6,39.96075754,-106.2179797,2517.3432000000003,39.898320000000005,11.354816,-0.089408,215.15417763214745
242.7,39.96074885,-106.2179877,2517.3432000000003,39.898320000000005,11.801856,-0.089408,214.54243919099565
242.8,39.96074,-106.2179953,2517.3432000000003,39.898320000000005,11.801856,-0.089408,213.7509556853257
242.9,39.96073132,-106.2180026,2517.3432000000003,39.898320000000005,11.62304,0.0,213.1432527226048
243.0,39.96072236,-106.21801,2517.3432000000003,39.898320000000005,11.62304,0.0,212.77487732426425
243.1,39.96071364,-106.2180172,2517.3432000000003,39.898320000000005,11.667744,0.0,212.051757766563
243.2,39.96070458,-106.2180244,2517.3432000000003,39.898320000000005,11.667744,-0.089408,211.45025374519528
243.3,39.96069529,-106.2180318,2517.3432000000003,39.898320000000005,11.935968,-0.089408,211.22402109924823
243.4,39.96068604,-106.2180389,2517.3432000000003,39.898320000000005,12.025376,-0.089408,210.4435756799257
243.5,39.96067683,-106.2180459,2517.3432000000003,39.898320000000005,11.891264,0.0,209.85207626918267
243.6,39.96066742,-106.2180528,2517.3432000000003,39.898320000000005,11.935968,0.0,209.53257738850664
243.7,39.96065766,-106.2180597,2517.3432000000003,39.898320000000005,12.204192,0.0,208.74579045536956
243.8,39.96064805,-106.2180665,2517.3432000000003,39.80688,12.248895999999998,0.0,208.3727896474816
243.9,39.9606383,-106.2180733,2517.3432000000003,39.80688,12.204192,0.0,207.61013190297004
244.0,39.96062854,-106.2180798,2517.3432000000003,39.80688,12.248895999999998,0.0,207.12584024629925
244.1,39.96061872,-106.2180864,2517.3432000000003,39.80688,12.248895999999998,0.0,206.75259806702843
244.2,39.96060889,-106.2180928,2517.3432000000003,39.898320000000005,12.248895999999998,0.089408,206.565051177078
244.3,39.96059956,-106.2180986,2517.3432000000003,39.80688,11.84656,0.089408,206.565051177078
244.4,39.96058984,-106.2181047,2517.3432000000003,39.80688,11.712448,0.0,205.6102099232058
244.5,39.96057913,-106.2181115,2517.3432000000003,39.80688,12.651232,-0.089408,205.04259817781696
244.6,39.96056928,-106.2181175,2517.3432000000003,39.80688,12.651232,-0.22352,204.6558987440816
244.7,39.96055972,-106.2181234,2517.3432000000003,39.898320000000005,11.935968,0.0,204.8351675552649
244.8,39.96054995,-106.2181292,2517.3432000000003,39.898320000000005,11.84656,0.0,204.44395478041653
244.9,39.96053925,-106.2181352,2517.3432000000003,39.898320000000005,12.427712,-0.089408,204.44395478041653
245.0,39.96052937,-106.218141,2517.3432000000003,39.898320000000005,12.51712,-0.089408,203.6786326332134
245.1,39.96052045,-106.2181464,2517.3432000000003,39.898320000000005,11.488928,-0.089408,203.6786326332134
245.2,39.96051057,-106.218152,2517.3432000000003,39.898320000000005,11.444224,0.0,203.6786326332134
245.3,39.96050062,-106.2181578,2517.3432000000003,39.898320000000005,12.025376,0.0,203.5070816954365
245.4,39.96049069,-106.2181634,2517.3432000000003,39.898320000000005,12.07008,0.0,203.5070816954365
245.5,39.96048048,-106.2181692,2517.3432000000003,39.898320000000005,12.204192,0.0,202.9471723245269
245.6,39.96047046,-106.2181747,2517.3432000000003,39.898320000000005,12.248895999999998,0.0,202.5542152723725
245.7,39.96046043,-106.2181804,2517.3432000000003,39.898320000000005,12.159488,-0.089408,202.5542152723725
245.8,39.96045035,-106.2181858,2517.3432000000003,39.898320000000005,12.159488,0.0,201.91938278465625
245.9,39.96044021,-106.2181911,2517.3432000000003,39.98976,12.159488,0.0,202.5542152723725
246.0,39.96043017,-106.2181966,2517.3432000000003,39.898320000000005,12.114784,0.0,202.9471723245269
246.1,39.96042011,-106.2182026,2517.3432000000003,39.898320000000005,12.204192,0.0,204.09201952899036
246.2,39.96041019,-106.2182085,2517.3432000000003,39.898320000000005,12.204192,0.0,205.04259817781696
246.3,39.96040051,-106.2182153,2517.3432000000003,39.898320000000005,12.159488,-0.089408,205.6102099232058
246.4,39.96039072,-106.2182215,2517.3432000000003,39.898320000000005,12.159488,0.0,206.1849852458413
246.5,39.96038127,-106.2182285,2517.3432000000003,39.898320000000005,12.114784,0.0,207.23235953291308
246.6,39.96037166,-106.2182352,2517.3432000000003,39.898320000000005,12.07008,0.0,207.80833702474055
246.7,39.96036212,-106.2182422,2517.3432000000003,39.898320000000005,12.159488,0.0,209.53257738850664
246.8,39.96035271,-106.2182494,2517.3432000000003,39.898320000000005,12.159488,0.0,210.4547972588257
246.9,39.96034344,-106.2182568,2517.3432000000003,39.898320000000005,12.114784,0.0,211.14657588455057
247.0,39.96033418,-106.2182644,2517.3432000000003,39.98976,12.114784,0.0,212.0956482448873
247.1,39.96032507,-106.2182721,2517.3432000000003,39.98976,12.114784,0.0,212.6839434220626
247.2,39.96031598,-106.2182801,2517.3432000000003,39.98976,12.159488,0.0,213.80795991004192
247.3,39.96030751,-106.2182878,2517.3432000000003,39.98976,11.84656,0.0,215.2682254925815
247.4,39.96029867,-106.2182963,2517.3432000000003,39.98976,11.84656,-0.089408,216.32183111475925
247.5,39.9602885,-106.2183066,2517.3432000000003,39.98976,13.277088,-0.089408,218.00390354172467
247.6,39.96027991,-106.2183159,2517.3432000000003,39.98976,13.366496,-0.089408,220.07545029988103
247.7,39.96027248,-106.2183249,2517.3432000000003,39.98976,11.84656,-0.089408,221.5811985050462
247.8,39.96026441,-106.2183349,2517.3432000000003,39.98976,11.801856,0.0,223.37187615683376
247.9,39.96025687,-106.2183457,2517.648,40.11168,12.383008,0.0,225.0
248.0,39.96024923,-106.2183563,2517.648,40.11168,12.427712,0.0,226.9140566339185
248.1,39.96024206,-106.2183674,2517.3432000000003,39.98976,12.383008,0.0,229.2854727365768
248.2,39.96023507,-106.2183789,2517.3432000000003,39.98976,12.427712,0.0,231.92449105416387
248.3,39.96022854,-106.2183909,2517.3432000000003,39.98976,12.51712,0.0,233.7126101800076
248.4,39.96022224,-106.218403,2517.648,40.11168,12.51712,0.0,235.96338964632963
248.5,39.96021672,-106.218416,2517.648,40.11168,12.561824,0.0,238.3245312618908
248.6,39.96021115,-106.2184289,2517.3432000000003,39.98976,12.606528,0.0,240.4851183666552
248.7,39.96020624,-106.2184418,2517.3432000000003,39.98976,12.427712,0.0,242.7004277886672
248.8,39.96020162,-106.2184554,2517.3432000000003,39.98976,12.472416,0.0,246.2881654067401
248.9,39.9601977,-106.2184691,2517.648,40.11168,12.561824,0.0,249.87654892225703
249.0,39.96019434,-106.2184833,2517.648,40.11168,12.561824,0.0,252.67050791608796
249.1,39.96019201,-106.218498,2517.648,40.11168,12.74064,0.0,255.71529417144285
249.2,39.96018969,-106.2185127,2517.648,40.11168,12.785344,0.0,258.09034295837546
249.3,39.96018842,-106.2185283,2517.648,40.11168,13.098272,0.0,260.77263280571066
249.4,39.96018718,-106.2185434,2517.648,40.11168,13.18768,0.0,263.68226837818975
249.5,39.96018669,-106.218558,2517.648,40.11168,12.695936,0.0,267.76619073985705
249.6,39.96018699,-106.2185732,2517.648,40.11168,12.651232,-0.089408,271.43209618416466
249.7,39.96018833,-106.2185863,2517.648,40.11168,12.07008,-0.089408,275.60743196069177
249.8,39.96019021,-106.2186009,2517.648,40.11168,11.980672,0.0,279.0160489480102
249.9,39.96019343,-106.2186145,2517.648,40.11168,12.338304,0.0,282.3005388789981
250.0,39.9601966,-106.2186285,2517.648,40.11168,12.248895999999998,0.0,285.8871685027639
250.1,39.96020066,-106.2186419,2517.648,40.11168,12.338304,0.0,288.434948822922
250.2,39.96020496,-106.2186553,2517.648,40.11168,12.338304,0.0,291.5620134720315
250.3,39.96020938,-106.2186667,2517.648,40.11168,11.62304,0.0,294.2667884325332
250.4,39.96021472,-106.2186794,2517.3432000000003,39.98976,11.62304,0.0,297.4287412216776
250.5,39.96021945,-106.2186912,2517.3432000000003,39.98976,11.801856,0.0,299.53257738850664
250.6,39.96022566,-106.2187031,2517.3432000000003,39.98976,11.801856,0.0,302.3233113414448
250.7,39.96023235,-106.2187143,2517.3432000000003,39.98976,12.204192,0.089408,304.7488012491826
250.8,39.96023948,-106.2187256,2517.3432000000003,39.98976,12.2936,0.089408,307.6714799622536
250.9,39.96024631,-106.2187359,2517.3432000000003,39.98976,12.025376,0.0,310.1261035777952
251.0,39.9602542,-106.2187466,2517.3432000000003,39.898320000000005,12.114784,0.0,312.07927847899964
251.1,39.96026272,-106.218758,2517.3432000000003,39.898320000000005,13.098272,0.0,314.13194855025444
251.2,39.96027139,-106.2187682,2517.3432000000003,39.898320000000005,13.277088,0.0,316.5713106258615
251.3,39.96028026,-106.218778,2517.3432000000003,39.898320000000005,12.919455999999998,0.0,319.3987053549955
251.4,39.96028972,-106.2187873,2517.3432000000003,39.898320000000005,13.008864,0.0,321.9324556395476
251.5,39.96029911,-106.2187965,2517.3432000000003,39.98976,13.098272,-0.089408,323.884996125723
251.6,39.96030914,-106.218805,2517.3432000000003,39.98976,13.18768,-0.089408,325.7056849104723
251.7,39.96031928,-106.2188125,2517.3432000000003,39.98976,13.142976,0.0,327.1237382477894
251.8,39.9603298,-106.2188204,2517.3432000000003,39.98976,13.232384,0.0,329.0029513278539
251.9,39.9603397,-106.2188271,2517.3432000000003,39.98976,12.96416,0.0,331.1892062570269
252.0,39.96035065,-106.2188341,2517.3432000000003,39.98976,12.96416,0.0,332.7498301538548
252.1,39.96036226,-106.2188418,2517.3432000000003,39.98976,13.992352,0.0,334.8797882576857
252.2,39.96037374,-106.218848,2517.3432000000003,39.98976,14.126464,0.0,336.40318285279375
252.3,39.96038515,-106.2188538,2517.3432000000003,39.98976,13.724128,0.0,338.1290568347834
252.4,39.96039706,-106.2188593,2517.3432000000003,39.98976,13.813536,0.0,339.68332048796026
252.5,39.96040894,-106.2188648,2517.3432000000003,39.898320000000005,14.037056,0.0,341.10018689881656
252.6,39.96042124,-106.2188697,2517.3432000000003,39.98976,14.126464,0.0,342.2553283749431
252.7,39.9604333,-106.2188741,2517.3432000000003,39.898320000000005,14.126464,0.0,343.5084736940861
252.8,39.96044594,-106.2188783,2517.3432000000003,39.98976,14.215872,0.0,344.96476533620125
252.9,39.96045784,-106.2188819,2517.3432000000003,39.898320000000005,14.037056,0.0,346.43549256004474
253.0,39.96047075,-106.2188853,2517.3432000000003,39.898320000000005,14.126464,0.0,348.1745225359909
253.1,39.96048498,-106.2188886,2517.3432000000003,39.898320000000005,15.333472,-0.089408,350.47997813422586
253.2,39.96049826,-106.2188909,2517.3432000000003,39.898320000000005,15.467584,-0.089408,352.16447489351145
253.3,39.96051158,-106.2188923,2517.3432000000003,39.98976,14.886432,-0.089408,353.7553967198146
253.4,39.96052504,-106.2188937,2517.3432000000003,39.98976,14.931136,0.0,355.3366508941604
253.5,39.96053754,-106.218894,2517.3432000000003,39.98976,14.439391999999998,0.0,356.5629408057455
253.6,39.96055109,-106.2188945,2517.3432000000003,39.98976,14.484096,0.0,358.1249150168665
253.7,39.960565,-106.2188947,2517.3432000000003,39.98976,15.288768,0.0,359.152491113624
253.8,39.9605787,-106.2188943,2517.3432000000003,39.898320000000005,15.333472,0.0,0.3370301098578352
253.9,39.96059259,-106.2188938,2517.3432000000003,39.898320000000005,15.333472,0.089408,1.5162989004032283
254.0,39.96060641,-106.2188926,2517.3432000000003,39.898320000000005,15.42288,0.089408,3.0127875041833363
254.1,39.96062048,-106.2188909,2517.3432000000003,39.898320000000005,15.556992,0.089408,4.180851729898393
254.2,39.96063441,-106.2188889,2517.3432000000003,39.80688,15.6464,0.089408,5.628366185465211
254.3,39.96064834,-106.2188869,2517.3432000000003,39.80688,15.556992,0.0,6.575677341758137
254.4,39.96066236,-106.2188842,2517.3432000000003,39.80688,15.6464,0.0,7.389050330160899
254.5,39.9606767,-106.2188813,2517.3432000000003,39.80688,15.959328,0.0,8.31388930845452
254.6,39.96069085,-106.2188779,2517.3432000000003,39.80688,16.048735999999998,-0.089408,9.38289188065812
254.7,39.96070556,-106.2188744,2517.3432000000003,39.80688,16.316959999999998,-0.089408,10.491477012331586
255.0,39.9607488,-106.2188623,2517.3432000000003,39.80688,16.451072,0.0,12.358285059317607
255.1,39.96076354,-106.218858,2517.3432000000003,39.80688,16.495776,0.0,13.123846339979366
255.2,39.96077802,-106.2188532,2517.3432000000003,39.80688,16.719296,0.0,13.65905484508204
255.3,39.96079362,-106.218848,2517.3432000000003,39.80688,17.255744,0.0,14.41219463086702
255.4,39.96080825,-106.2188426,2517.3432000000003,39.80688,17.389855999999998,0.0,15.309273487983203
255.5,39.96082151,-106.2188378,2517.3432000000003,39.80688,16.09344,0.0,16.346206671511368
255.6,39.96083603,-106.2188319,2517.3432000000003,39.80688,16.09344,0.0,17.08023357189137
255.7,39.96085043,-106.218826,2517.0384,39.68496,16.853408,0.0,17.66333514418602
255.8,39.96086492,-106.2188196,2517.3432000000003,39.80688,16.898111999999998,-0.089408,18.674678719002884
255.9,39.96087948,-106.2188129,2517.0384,39.68496,17.121631999999998,-0.089408,20.060603020421127
256.0,39.96089382,-106.2188056,2517.3432000000003,39.80688,17.121631999999998,-0.22352,21.21133159041972
256.1,39.9609078,-106.2187976,2517.3432000000003,39.80688,17.032224,-0.089408,22.166345822082462
256.20000000000005,39.96092197,-106.2187897,2517.3432000000003,39.80688,17.032224,-0.089408,23.25800540370244
256.3,39.96093584,-106.2187812,2517.3432000000003,39.80688,17.076928000000002,-0.089408,23.809985263619808
256.40000000000003,39.96094988,-106.2187728,2517.3432000000003,39.80688,17.121631999999998,-0.089408,24.617878988870245
256.5,39.96096408,-106.2187641,2517.3432000000003,39.80688,17.300448,0.0,25.565807506820704
256.6,39.96097801,-106.2187551,2517.3432000000003,39.80688,17.345152,0.0,26.498582785187125
256.70000000000005,39.96099167,-106.2187453,2517.3432000000003,39.80688,17.300448,0.0,28.169181163576354
256.8,39.96100514,-106.2187353,2517.3432000000003,39.80688,17.255744,-0.089408,29.856605132290557
257.1,39.96104369,-106.2187018,2517.3432000000003,39.80688,17.166335999999998,0.0,34.485209908995785
257.20000000000005,39.96105621,-106.2186901,2517.3432000000003,39.80688,17.166335999999998,0.0,35.6952276593567
257.3,39.96106828,-106.2186779,2517.3432000000003,39.80688,17.076928000000002,0.0,36.86989764584405
257.40000000000003,39.96108038,-106.2186655,2517.3432000000003,39.80688,17.076928000000002,0.0,37.83529597826322
257.5,39.96109259,-106.2186527,2517.3432000000003,39.80688,17.255744,0.0,39.01333593239008
257.6,39.96110436,-106.2186397,2517.3432000000003,39.80688,17.255744,0.0,39.97942828477028
257.90000000000003,39.9611397,-106.2185979,2517.0384,39.68496,17.568672,-0.089408,43.40590922777744
258.0,39.96115084,-106.2185835,2517.3432000000003,39.80688,17.613376,-0.089408,44.26142128678924
258.1,39.96116053,-106.2185701,2517.3432000000003,39.80688,16.54048,-0.089408,45.210645299155374
258.20000000000005,39.9611713,-106.2185554,2517.3432000000003,39.80688,16.54048,-0.089408,45.94608284195698
258.3,39.96118292,-106.2185397,2517.3432000000003,39.80688,17.971008,-0.089408,46.68468431789631
258.40000000000003,39.96119353,-106.2185245,2517.3432000000003,39.80688,18.060416,-0.089408,47.307372996962215
258.5,39.96120333,-106.218511,2517.3432000000003,39.80688,16.674591999999997,-0.089408,47.80535323314143
258.8,39.96123427,-106.2184646,2517.3432000000003,39.80688,17.032224,0.0,49.446240559393175
258.90000000000003,39.96124465,-106.2184489,2517.3432000000003,39.80688,17.523968,0.0,49.85794858964613
259.0,39.96125474,-106.2184329,2517.3432000000003,39.898320000000005,17.702784,-0.089408,50.26915436848117
259.1,39.96126492,-106.218417,2517.3432000000003,39.898320000000005,17.658079999999998,-0.089408,51.06811252704068
259.20000000000005,39.96127486,-106.2184007,2517.3432000000003,39.898320000000005,17.702784,-0.089408,51.2498555503459
259.3,39.96128481,-106.2183842,2517.3432000000003,39.898320000000005,17.836896,0.0,51.65611643433124
259.40000000000003,39.96129461,-106.2183676,2517.3432000000003,39.898320000000005,17.8816,0.0,52.23852313759295
259.5,39.9613051,-106.2183499,2517.3432000000003,39.898320000000005,18.462752,0.0,52.7286369959516
259.6,39.96131481,-106.218333,2517.3432000000003,39.898320000000005,18.55216,0.0,53.24486590526101
259.70000000000005,39.96132335,-106.2183174,2517.3432000000003,39.898320000000005,17.166335999999998,0.0,53.646008386660185
259.8,39.9613328,-106.2183004,2517.3432000000003,39.898320000000005,17.121631999999998,0.0,54.046298590568256
259.90000000000003,39.96134241,-106.2182832,2517.3432000000003,39.898320000000005,18.015712,0.0,54.52867513668707
260.0,39.96135173,-106.2182659,2517.3432000000003,39.898320000000005,18.060416,0.0,55.04305884573978
260.1,39.96136104,-106.2182482,2517.3432000000003,39.80688,18.149824,0.0,55.20595223547491
260.20000000000005,39.96137023,-106.2182307,2517.3432000000003,39.898320000000005,18.194528,0.0,55.60115486365214
260.3,39.96137945,-106.218213,2517.3432000000003,39.80688,18.149824,0.0,56.07447169197013
260.40000000000003,39.96138853,-106.2181953,2517.3432000000003,39.80688,18.194528,0.0,56.23176638402447
260.5,39.96139825,-106.2181759,2517.3432000000003,39.80688,18.954496,0.0,56.23176638402447
260.6,39.96140746,-106.218158,2517.3432000000003,39.898320000000005,19.088608,0.0,55.99812178626741
260.70000000000005,39.96141596,-106.2181418,2517.3432000000003,39.80688,17.523968,0.0,55.76575554474289
260.8,39.96142524,-106.218124,2517.3432000000003,39.898320000000005,17.523968,0.0,55.41959675959788
260.90000000000003,39.96143495,-106.2181063,2517.3432000000003,39.898320000000005,18.462752,0.0,55.41959675959788
261.0,39.96144438,-106.2180886,2517.3432000000003,39.898320000000005,18.462752,0.0,55.19041350774432
261.1,39.96145427,-106.2180709,2517.3432000000003,39.898320000000005,18.507456,0.0,54.962497945931545
261.20000000000005,39.96146385,-106.2180531,2517.3432000000003,39.898320000000005,18.596864,0.0,54.962497945931545
261.3,39.96147368,-106.2180353,2517.3432000000003,39.898320000000005,18.596864,0.0,54.73584673829595
261.40000000000003,39.96148335,-106.2180175,2517.3432000000003,39.898320000000005,18.641568,0.0,54.73584673829595
261.5,39.96149386,-106.2179983,2517.3432000000003,39.898320000000005,19.356832,0.0,54.89503735061999
261.6,39.96150368,-106.2179804,2517.3432000000003,39.898320000000005,19.44624,0.0,54.55808108183993
261.70000000000005,39.96151284,-106.2179642,2517.3432000000003,39.898320000000005,17.971008,0.0,54.55808108183993
261.8,39.96152268,-106.2179465,2517.3432000000003,39.898320000000005,17.8816,0.0,54.33499846313822
261.90000000000003,39.96153269,-106.2179284,2517.3432000000003,39.898320000000005,18.820384,0.0,54.33499846313822
262.0,39.96154262,-106.2179107,2517.3432000000003,39.898320000000005,18.865088,0.0,54.33499846313822
262.1,39.9615529,-106.217893,2517.3432000000003,39.898320000000005,18.820384,0.0,54.11315557507544
262.20000000000005,39.96156295,-106.2178752,2517.3432000000003,39.898320000000005,18.865088,0.0,53.892548708248114
262.3,39.96157364,-106.2178558,2517.3432000000003,39.898320000000005,19.580352,0.0,53.892548708248114
262.40000000000003,39.96158382,-106.2178379,2517.3432000000003,39.898320000000005,19.714464,0.0,53.892548708248114
262.5,39.96159301,-106.2178216,2517.3432000000003,39.898320000000005,18.149824,0.0,53.56394757501408
262.6,39.96160319,-106.2178038,2517.3432000000003,39.898320000000005,18.060416,0.0,53.56394757501408
262.70000000000005,39.96161323,-106.2177857,2517.3432000000003,39.898320000000005,18.9992,0.0,53.56394757501408
262.8,39.96162346,-106.217768,2517.3432000000003,39.898320000000005,18.9992,0.0,53.18438540708837
262.90000000000003,39.96163363,-106.2177502,2517.3432000000003,39.898320000000005,18.909792,-0.089408,52.34005371105309
263.0,39.96164417,-106.2177328,2517.3432000000003,39.898320000000005,18.909792,-0.22352,51.63694858661336
263.1,39.96165584,-106.2177141,2517.3432000000003,39.898320000000005,19.714464,0.0,51.084693865268775
263.20000000000005,39.96166675,-106.217697,2517.3432000000003,39.98976,19.759168000000003,0.0,50.22945077349118
263.3,39.96167608,-106.2176836,2517.3432000000003,39.898320000000005,17.21104,0.0,49.739571206420464
263.40000000000003,39.96168707,-106.2176671,2517.3432000000003,39.898320000000005,17.032224,0.0,49.35422106306959
263.5,39.96169942,-106.2176494,2517.3432000000003,39.898320000000005,19.535648,0.0,48.49168469902048
263.6,39.96171079,-106.217633,2517.3432000000003,39.898320000000005,19.625056,0.0,48.00261063403934
263.70000000000005,39.96172216,-106.2176169,2517.3432000000003,39.898320000000005,18.730976,0.0,47.4140755043569
263.8,39.96173378,-106.2176009,2517.3432000000003,39.898320000000005,18.730976,0.0,47.02817667601937
263.90000000000003,39.96174557,-106.217585,2517.3432000000003,39.898320000000005,18.820384,0.0,46.44899403312036
264.0,39.96175742,-106.2175691,2517.3432000000003,39.898320000000005,18.865088,0.0,46.05558168505343
264.1,39.96176931,-106.2175532,2517.3432000000003,39.898320000000005,18.865088,0.0,45.866592762418975
264.20000000000005,39.96178132,-106.2175376,2517.3432000000003,39.898320000000005,18.909792,0.089408,45.481465805838354
264.3,39.96179342,-106.2175219,2517.3432000000003,39.898320000000005,18.909792,0.0,44.518534194161646
264.40000000000003,39.96180566,-106.2175066,2517.3432000000003,39.898320000000005,18.909792,0.0,44.13340723758103
264.5,39.96181797,-106.2174912,2517.3432000000003,39.898320000000005,18.909792,0.0,43.74835857814082
264.6,39.96183038,-106.2174762,2517.3432000000003,39.898320000000005,18.865088,0.0,43.27011637818691
264.70000000000005,39.96184276,-106.2174608,2517.3432000000003,39.898320000000005,18.909792,0.0,42.97182332398063
264.8,39.96185535,-106.217446,2517.3432000000003,39.898320000000005,18.909792,0.0,42.200244688668135
264.90000000000003,39.96186797,-106.2174317,2517.3432000000003,39.898320000000005,18.730976,0.0,41.32726903118117
265.0,39.96188086,-106.2174174,2517.3432000000003,39.898320000000005,18.730976,0.0,40.64577893693041
265.1,39.96189374,-106.2174032,2517.3432000000003,39.898320000000005,18.77568,-0.089408,39.77054922650882
265.20000000000005,39.96190685,-106.2173893,2517.3432000000003,39.98976,18.730976,-0.089408,39.1736579704442
265.3,39.96191928,-106.2173765,2517.3432000000003,39.98976,18.194528,0.0,38.70251848062793
265.40000000000003,39.96193253,-106.2173631,2517.3432000000003,39.98976,18.10512,0.0,37.99535275870551
265.5,39.96194703,-106.2173486,2517.3432000000003,39.98976,19.490944,0.0,37.22610785012933
265.6,39.96196062,-106.2173355,2517.3432000000003,39.98976,19.580352,0.0,36.430858120162384
265.70000000000005,39.96197536,-106.2173215,2517.3432000000003,39.98976,19.535648,0.0,35.825272708249486
265.8,39.96198926,-106.2173088,2517.3432000000003,39.98976,19.580352,0.0,35.44191891816007
265.90000000000003,39.96200186,-106.2172979,2517.3432000000003,39.98976,17.836896,0.0,34.721280195867735
266.0,39.96201583,-106.2172856,2517.3432000000003,39.98976,17.747488,0.0,34.03360905565944
266.1,39.96203002,-106.2172733,2517.3432000000003,39.98976,18.820384,0.0,33.53738093335528
266.20000000000005,39.96204417,-106.2172613,2517.3432000000003,39.98976,18.865088,0.0,33.1563897379001
266.3,39.96205834,-106.2172497,2517.3432000000003,39.98976,18.686272,0.0,32.776458115531966
266.40000000000003,39.96207265,-106.217238,2517.3432000000003,39.98976,18.686272,0.0,32.39761492226933
266.5,39.96208708,-106.2172263,2517.3432000000003,39.98976,18.820384,0.0,31.598521716618222
266.6,39.96210155,-106.2172149,2517.648,40.11168,18.865088,0.0,31.221949612151263
266.70000000000005,39.9621161,-106.2172037,2517.648,40.11168,18.77568,-0.089408,30.846587412148608
266.8,39.96213072,-106.2171925,2517.648,40.11168,18.820384,-0.089408,30.611388406867547
267.1,39.96217476,-106.2171595,2517.648,40.11168,18.820384,0.0,29.439668430396125
267.20000000000005,39.9621896,-106.2171488,2517.3432000000003,39.98976,18.820384,0.0,29.06785780680121
267.3,39.96220484,-106.2171383,2517.3432000000003,39.98976,18.9992,0.0,28.57781250168472
267.40000000000003,39.96221987,-106.2171279,2517.3432000000003,39.98976,19.043904,0.089408,27.96818161295204
267.5,39.96223485,-106.2171175,2517.3432000000003,39.98976,18.865088,0.0,27.726706078547977
267.6,39.96224977,-106.2171075,2517.3432000000003,39.98976,18.77568,-0.089408,27.49913873104714
267.70000000000005,39.96226411,-106.217098,2517.3432000000003,39.98976,18.283936,-0.402336,27.41236725678465
267.8,39.96227791,-106.2170887,2517.648,40.11168,17.568672,-0.402336,27.51200262385146
267.90000000000003,39.96229093,-106.2170794,2517.648,40.203120000000006,16.898111999999998,-0.22352,27.685608130887488
268.0,39.9623038,-106.2170707,2517.648,40.203120000000006,16.316959999999998,-0.089408,27.5090026877574
268.1,39.96231471,-106.2170631,2517.648,40.203120000000006,14.931136,0.0,27.923589715138405
268.20000000000005,39.96232644,-106.2170551,2517.648,40.11168,14.215872,0.0,27.74219606306008
268.3,39.96233851,-106.2170466,2517.648,40.11168,14.97584,0.089408,27.97435915061203
268.40000000000003,39.96234912,-106.2170392,2517.648,40.11168,14.30528,0.089408,28.407006510253098
268.5,39.96235772,-106.2170331,2517.3432000000003,39.98976,12.114784,0.22352,28.61045966596521
268.6,39.96236691,-106.2170266,2517.3432000000003,39.98976,11.265408,0.22352,28.55714475004441
268.70000000000005,39.96237456,-106.2170209,2517.3432000000003,39.98976,10.684256,0.22352,27.73636302155484
268.8,39.96238244,-106.2170155,2517.3432000000003,39.98976,9.83488,0.22352,27.602487114394933
268.90000000000003,39.96238929,-106.2170107,2517.3432000000003,39.98976,9.298432,0.22352,27.187806864284312
269.0,39.96239599,-106.2170062,2517.3432000000003,39.98976,8.538464000000001,0.22352,26.565051177077976
269.1,39.96240195,-106.2170028,2517.3432000000003,39.98976,7.8232,0.089408,26.995838394086604
269.20000000000005,39.96240763,-106.216999,2517.3432000000003,39.98976,7.15264,0.0,26.565051177077976
269.3,39.96241319,-106.2169954,2517.3432000000003,39.98976,6.973824,0.0,27.24508784252072
269.40000000000003,39.96241787,-106.2169922,2517.3432000000003,39.98976,6.392672,0.0,27.12130340415865
269.5,39.9624221,-106.2169892,2517.3432000000003,39.98976,5.632704,0.0,27.801458779934137
269.6,39.96242578,-106.2169866,2517.3432000000003,39.98976,4.962144,0.0,27.492836951539687
269.70000000000005,39.96242915,-106.2169841,2517.648,40.11168,4.515104,0.0,27.349875780069908
269.8,39.96243194,-106.2169822,2517.648,40.11168,3.933952,0.0,26.565051177077976
269.90000000000003,39.9624345,-106.2169804,2517.648,40.11168,3.3528,0.0,24.829346588149576
270.1,39.96243837,-106.2169782,2517.648,40.11168,2.6375360000000003,0.0,23.051300916473
270.20000000000005,39.96243953,-106.2169775,2517.648,40.11168,2.056384,0.0,23.962488974578207
270.3,39.96244098,-106.2169769,2517.648,40.203120000000006,1.519936,0.0,18.434948822922024
270.40000000000003,39.96244141,-106.2169768,2517.648,40.203120000000006,1.162304,0.0,15.524110996754246
270.5,39.96244196,-106.2169769,2517.648,40.203120000000006,0.67056,0.0,0.0
270.6,39.96244174,-106.2169773,2517.648,40.203120000000006,0.0,0.0,0.0
270.70000000000005,39.96244159,-106.2169772,2517.648,40.203120000000006,0.0,0.0,0.0
270.8,39.9624411,-106.2169776,2517.648,40.203120000000006,0.491744,0.0,225.0
270.90000000000003,39.96244084,-106.2169779,2517.648,40.203120000000006,0.491744,0.0,225.0
271.0,39.96244026,-106.2169784,2517.648,40.203120000000006,0.67056,0.0,225.0
271.1,39.96244051,-106.2169782,2517.648,40.203120000000006,0.0,0.0,225.0
271.20000000000005,39.96243998,-106.2169787,2517.648,40.203120000000006,0.0,0.0,234.46232220802565
271.3,39.96244023,-106.2169788,2517.648,40.203120000000006,0.491744,0.0,234.46232220802565
271.5,39.96243968,-106.2169794,2517.648,40.29456,0.44704,0.0,215.5376777919744
271.6,39.9624392,-106.2169798,2517.648,40.29456,0.44704,0.0,215.5376777919744
271.70000000000005,39.96243915,-106.2169798,2517.648,40.29456,0.0,0.0,215.5376777919744
271.8,39.96243871,-106.2169802,2517.648,40.29456,0.491744,0.0,225.0
271.90000000000003,39.9624381,-106.2169809,2517.648,40.29456,0.67056,0.089408,217.87498365109815
272.0,39.96243764,-106.2169813,2517.648,40.29456,0.67056,0.089408,217.87498365109815
272.1,39.96243706,-106.2169818,2517.648,40.29456,0.67056,0.0,215.5376777919744
272.20000000000005,39.96243682,-106.216982,2517.648,40.29456,0.67056,0.0,0.0
272.3,39.96243709,-106.2169818,2517.648,40.29456,0.0,0.0,37.874983651098205
272.40000000000003,39.96243775,-106.2169813,2517.9528,40.386,0.67056,0.0,30.579226872489016
272.5,39.9624394,-106.2169801,2517.648,40.29456,1.34112,0.089408,29.054604099077157
272.6,39.96244111,-106.2169788,2517.648,40.29456,2.101088,0.312928,29.87599269168942
272.90000000000003,39.96245157,-106.2169717,2517.648,40.203120000000006,3.844544,0.312928,24.69155816347808
273.3,39.96247179,-106.2169603,2517.648,40.11168,5.36448,0.089408,22.23273719388948
273.40000000000003,39.96247791,-106.216957,2517.648,40.11168,6.392672,0.0,22.47943439710309
273.5,39.96248493,-106.2169532,2517.648,40.11168,7.912608,0.0,22.88353441445696
273.6,39.96249186,-106.2169493,2517.648,40.11168,8.404352,0.0,23.83190052944832
273.70000000000005,39.9624986,-106.2169458,2517.648,40.11168,8.225536,0.0,24.08745230863229
273.8,39.96250615,-106.2169413,2517.648,40.11168,8.672576,0.0,24.87654892225703
273.90000000000003,39.9625136,-106.2169364,2517.648,40.203120000000006,9.253728,0.0,26.18811069748085
274.0,39.9625217,-106.2169312,2517.648,40.11168,9.656064,0.0,26.805788329799785
274.1,39.96252954,-106.2169256,2517.648,40.11168,9.968992,0.0,27.14377674268576
274.20000000000005,39.96253812,-106.2169198,2517.648,40.203120000000006,10.326624,0.0,27.235146699302504
274.3,39.96254621,-106.2169142,2517.648,40.11168,10.50544,0.0,27.64597536373867
274.40000000000003,39.9625552,-106.2169079,2517.648,40.11168,10.773664,0.0,28.348409577734916
274.70000000000005,39.96258234,-106.2168885,2517.648,40.11168,11.444224,0.0,29.096888799528017
274.8,39.96259208,-106.2168814,2517.648,40.11168,11.712448,0.0,29.3230147963327
275.0,39.96261172,-106.2168666,2517.648,40.11168,12.51712,0.0,29.668959372058797
275.1,39.96262181,-106.2168589,2517.648,40.11168,12.74064,0.0,29.968303914763798
275.20000000000005,39.96263223,-106.216851,2517.3432000000003,39.98976,13.18768,0.0,30.32679049201346
275.3,39.96264256,-106.2168434,2517.648,40.11168,13.321792,0.0,30.270296809972308
275.40000000000003,39.96265322,-106.2168351,2517.3432000000003,39.98976,13.500608,0.0,31.1255171963378
275.5,39.96266386,-106.2168267,2517.3432000000003,39.98976,13.813536,0.0,31.887288329946387
275.6,39.96267463,-106.2168177,2517.3432000000003,39.98976,13.992352,0.0,32.66886053401191
275.70000000000005,39.96268539,-106.2168083,2517.3432000000003,39.98976,14.30528,0.0,33.74050393857988
275.8,39.96269622,-106.2167988,2517.3432000000003,39.98976,14.439391999999998,0.0,34.13846012451131
275.90000000000003,39.96270678,-106.2167889,2517.3432000000003,39.98976,14.484096,0.0,34.52680206808611
276.0,39.96271771,-106.2167789,2517.3432000000003,39.898320000000005,14.662912,0.0,35.537677791974374
276.1,39.96272933,-106.2167678,2517.3432000000003,39.898320000000005,15.42288,0.0,36.04008318514207
276.20000000000005,39.96274042,-106.2167572,2517.3432000000003,39.898320000000005,15.6464,0.0,36.29048357799502
276.3,39.96274941,-106.2167483,2517.3432000000003,39.898320000000005,13.902944,0.0,36.9712462067327
276.40000000000003,39.96276034,-106.2167374,2517.3432000000003,39.898320000000005,13.902944,0.0,37.50723658608735
276.5,39.96277208,-106.2167253,2517.3432000000003,39.898320000000005,15.959328,0.0,38.16656270909073
276.6,39.96278307,-106.2167139,2517.3432000000003,39.898320000000005,16.138144,0.0,38.68558233220449
276.70000000000005,39.96279392,-106.2167023,2517.3432000000003,39.898320000000005,15.6464,0.0,39.32392932037112
276.8,39.96280487,-106.2166904,2517.3432000000003,39.898320000000005,15.735808,0.0,39.82636056142292
276.90000000000003,39.96281487,-106.2166794,2517.3432000000003,39.898320000000005,15.154656,0.0,40.32154939396156
277.0,39.96282572,-106.2166672,2517.3432000000003,39.898320000000005,15.19936,0.0,40.68823809801757
277.1,39.96283759,-106.2166534,2517.3432000000003,39.898320000000005,16.808704,0.0,41.17095370550345
277.40000000000003,39.96286948,-106.216616,2517.3432000000003,39.898320000000005,16.316959999999998,0.0,42.46254091900312
277.5,39.96288153,-106.2166017,2517.3432000000003,39.898320000000005,16.451072,0.0,42.8058326474013
277.6,39.96289246,-106.2165883,2517.3432000000003,39.898320000000005,17.389855999999998,0.0,43.25769983385737
277.70000000000005,39.96290336,-106.2165748,2517.3432000000003,39.898320000000005,16.719296,0.0,43.48114960256481
277.8,39.96291429,-106.2165611,2517.3432000000003,39.898320000000005,16.808704,0.0,43.813251520280346
277.90000000000003,39.96292543,-106.2165471,2517.3432000000003,39.898320000000005,17.032224,0.0,44.25037837010939
278.0,39.96293637,-106.2165331,2517.3432000000003,39.80688,17.121631999999998,0.0,44.466535159621685
278.1,39.96294737,-106.2165191,2517.3432000000003,39.80688,17.076928000000002,0.0,44.68110285043383
278.20000000000005,39.96295833,-106.2165048,2517.3432000000003,39.80688,17.166335999999998,0.0,45.0
278.40000000000003,39.9629802,-106.2164759,2517.0384,39.68496,17.300448,-0.089408,45.41974179133536
278.5,39.96299125,-106.2164615,2517.0384,39.68496,17.300448,-0.089408,45.62730098722557
278.6,39.96300213,-106.2164468,2517.0384,39.68496,17.389855999999998,0.0,46.25445162268153
278.70000000000005,39.96301392,-106.2164305,2517.0384,39.68496,18.239232,-0.089408,46.66028236898279
278.8,39.96302477,-106.2164154,2517.0384,39.68496,18.373344,-0.089408,47.07502636141743
278.90000000000003,39.96303433,-106.2164018,2517.0384,39.68496,16.674591999999997,0.0,48.00191131230315
279.0,39.96304479,-106.2163865,2517.0384,39.68496,16.585184,0.0,48.74492717354207
279.20000000000005,39.96306452,-106.2163546,2517.0384,39.68496,17.479264,-0.089408,52.09918416872557
279.3,39.9630737,-106.2163381,2517.0384,39.68496,17.43456,-0.22352,53.75414996353692
279.40000000000003,39.96308256,-106.2163216,2517.0384,39.68496,17.255744,-0.089408,55.6849124000027
279.5,39.96309023,-106.2163044,2517.0384,39.68496,17.032224,-0.089408,57.9622371516715
279.6,39.96309773,-106.2162876,2517.0384,39.68496,16.764,-0.22352,60.35223010076612
279.90000000000003,39.96311369,-106.2162371,2517.3432000000003,39.80688,15.735808,-0.089408,67.18292686040212
280.0,39.9631183,-106.216221,2517.3432000000003,39.80688,15.333472,-0.089408,69.31930861118292
280.1,39.96312157,-106.2162058,2517.3432000000003,39.80688,14.037056,0.0,71.50640659211922
280.20000000000005,39.96312473,-106.2161907,2517.3432000000003,39.80688,13.366496,0.0,73.97413255155027
280.3,39.96312684,-106.2161768,2517.3432000000003,39.80688,12.695936,0.0,76.51226333876332
280.40000000000003,39.96312867,-106.2161629,2517.0384,39.68496,12.025376,0.0,79.32713296341751
280.5,39.96312988,-106.2161509,2517.0384,39.68496,11.176,0.0,81.39111397554876
280.70000000000005,39.96313102,-106.2161267,2517.0384,39.68496,10.326624,0.0,86.0716927746023
280.8,39.96313085,-106.216115,2517.0384,39.68496,10.192512,0.0,88.72128869295022
281.1,39.96312875,-106.216083,2517.0384,39.68496,9.343136,0.0,97.72661761909724
281.20000000000005,39.9631268,-106.2160732,2517.3432000000003,39.80688,8.985504,-0.089408,101.1951114263
281.3,39.96312489,-106.2160631,2517.3432000000003,39.80688,8.71728,-0.089408,104.40399053293731
281.40000000000003,39.96312217,-106.2160541,2517.3432000000003,39.80688,8.538464000000001,-0.089408,108.14312224878567
281.5,39.96311971,-106.2160461,2517.3432000000003,39.898320000000005,7.778496,0.0,111.51027490097408
281.6,39.96311629,-106.2160379,2517.3432000000003,39.898320000000005,7.644384,0.0,114.99764733185948
281.70000000000005,39.96311288,-106.2160299,2517.3432000000003,39.898320000000005,7.867904,0.0,118.3229376384998
281.8,39.96310881,-106.2160225,2517.3432000000003,39.898320000000005,7.778496,0.0,121.86597769360368
281.90000000000003,39.96310519,-106.2160146,2517.3432000000003,39.898320000000005,7.778496,0.0,125.61448173995694
282.0,39.96310046,-106.2160079,2517.3432000000003,39.898320000000005,7.733792,0.0,129.8055710922652
282.1,39.9630961,-106.2160016,2517.3432000000003,39.898320000000005,7.510272,0.0,132.86131742233368
282.20000000000005,39.96309078,-106.2159957,2517.3432000000003,39.898320000000005,7.510272,0.0,136.40862873533848
282.5,39.96307359,-106.2159794,2517.3432000000003,39.898320000000005,7.867904,0.0,145.1407931461128
282.6,39.96306721,-106.2159746,2517.3432000000003,39.98976,7.957312,0.0,148.2664808465837
282.70000000000005,39.96306089,-106.2159697,2517.3432000000003,39.98976,8.180832,0.0,150.4885014429097
282.8,39.96305405,-106.2159654,2517.3432000000003,39.98976,8.314944,0.0,152.8853658752331
282.90000000000003,39.96304738,-106.215961,2517.3432000000003,39.98976,8.359648,0.0,153.97673673583438
283.20000000000005,39.96302539,-106.2159498,2517.3432000000003,39.98976,8.627872,0.0,159.64677085193125
283.3,39.96301782,-106.2159461,2517.648,40.11168,8.806688,0.089408,161.11391263029077
283.40000000000003,39.96300982,-106.2159431,2517.3432000000003,39.98976,9.119616,0.0,163.0609143689505
283.5,39.96300159,-106.21594,2517.3432000000003,39.98976,9.38784,0.0,164.4317927219215
283.6,39.96299319,-106.2159374,2517.3432000000003,39.98976,9.566656,0.089408,166.09471808574892
283.70000000000005,39.96298459,-106.2159347,2517.3432000000003,39.98976,9.700768,0.089408,167.55666579210674
283.8,39.96297582,-106.2159325,2517.3432000000003,39.98976,9.879584,0.089408,168.28444046549225
283.90000000000003,39.96296689,-106.2159302,2517.3432000000003,39.98976,10.013696,0.089408,169.78602701492946
284.0,39.96295777,-106.2159283,2517.3432000000003,39.98976,10.192512,0.0,170.94927832281633
284.1,39.96294829,-106.2159265,2517.3432000000003,39.98976,10.460736,0.0,171.5910882673993
284.20000000000005,39.96293886,-106.2159249,2517.3432000000003,39.98976,10.594848,0.0,172.90525083238902
284.3,39.96292915,-106.2159236,2517.3432000000003,39.98976,10.684256,0.0,173.50065372034544
284.40000000000003,39.96291942,-106.2159224,2517.3432000000003,39.98976,10.863072,0.0,174.80557109226515
284.5,39.96290954,-106.2159212,2517.3432000000003,39.98976,10.95248,0.0,175.31410016049733
284.6,39.96289958,-106.2159203,2517.3432000000003,39.98976,11.086592,0.0,176.2786867352503
284.70000000000005,39.96288922,-106.2159197,2517.3432000000003,39.98976,11.310112,0.0,176.99933858653787
284.8,39.96287909,-106.2159191,2517.3432000000003,39.98976,11.39952,0.0,177.49063526014834
284.90000000000003,39.96286891,-106.2159187,2517.3432000000003,39.98976,11.310112,0.0,177.94644943648905
285.0,39.96285871,-106.2159183,2517.3432000000003,39.98976,11.310112,0.0,178.40252380275433
285.1,39.96284864,-106.2159181,2517.3432000000003,39.98976,11.265408,0.0,178.41514560694952
285.20000000000005,39.96283838,-106.2159179,2517.3432000000003,39.98976,11.310112,0.0,178.8678197248687
285.3,39.96282813,-106.2159175,2517.3432000000003,39.98976,11.39952,0.0,179.54707837103876
285.40000000000003,39.96281788,-106.2159174,2517.3432000000003,39.98976,11.39952,0.0,180.0
285.5,39.96280763,-106.2159175,2517.3432000000003,39.98976,11.39952,0.0,180.0
285.6,39.96279738,-106.2159175,2517.3432000000003,39.98976,11.39952,0.0,180.0
285.70000000000005,39.96278716,-106.2159179,2517.3432000000003,39.98976,11.354816,0.0,180.4529216289612
285.8,39.96277693,-106.2159181,2517.3432000000003,39.98976,11.354816,0.0,180.4529216289612
285.90000000000003,39.96276675,-106.2159185,2517.3432000000003,39.98976,11.354816,0.0,181.13218027513128
286.0,39.96275654,-106.2159188,2517.3432000000003,39.98976,11.354816,0.0,181.13218027513128
286.1,39.96274626,-106.2159194,2517.3432000000003,39.98976,11.39952,-0.089408,181.57243042767337
286.20000000000005,39.962736,-106.2159199,2517.3432000000003,39.98976,11.444224,-0.22352,181.57243042767337
286.3,39.96272564,-106.2159203,2517.3432000000003,39.98976,11.488928,0.0,182.021364940356
286.40000000000003,39.96271537,-106.2159209,2517.3432000000003,39.98976,11.488928,0.0,182.021364940356
286.5,39.96270404,-106.2159218,2517.3432000000003,39.98976,12.025376,0.0,182.45085263777105
286.6,39.9626936,-106.2159225,2517.3432000000003,39.98976,12.114784,0.0,182.45085263777105
286.70000000000005,39.96268424,-106.2159233,2517.3432000000003,39.98976,11.041888,0.0,182.89576197346656
286.8,39.96267384,-106.2159241,2517.3432000000003,39.898320000000005,10.997184,0.089408,182.86240522611172
286.90000000000003,39.96266324,-106.2159252,2517.3432000000003,39.898320000000005,11.712448,0.22352,183.5214533769222
287.0,39.96265273,-106.2159261,2517.3432000000003,39.898320000000005,11.757152,0.089408,183.49463892725333
287.1,39.9626429,-106.2159267,2517.3432000000003,39.898320000000005,11.310112,0.089408,183.49463892725333
287.20000000000005,39.96263238,-106.2159277,2517.3432000000003,39.898320000000005,11.310112,0.0,183.90049374238188
287.3,39.96262054,-106.2159289,2517.3432000000003,39.898320000000005,12.472416,-0.089408,183.90049374238188
287.40000000000003,39.96260987,-106.2159299,2517.3432000000003,39.898320000000005,12.561824,-0.089408,183.90049374238188
287.5,39.96259898,-106.2159308,2517.3432000000003,39.98976,12.025376,-0.089408,184.3323139831885
287.6,39.96258829,-106.215932,2517.3432000000003,39.98976,12.025376,-0.089408,184.3323139831885
287.70000000000005,39.96257704,-106.2159335,2517.3432000000003,39.98976,12.248895999999998,0.0,184.7636416907262
287.8,39.9625663,-106.2159348,2517.3432000000003,39.98976,12.248895999999998,0.0,185.3691698148307
287.90000000000003,39.96255549,-106.2159365,2517.3432000000003,39.98976,12.07008,0.0,185.7958863822919
288.20000000000005,39.96252325,-106.2159418,2517.3432000000003,39.98976,12.07008,0.0,186.6473414360392
288.3,39.96251246,-106.2159438,2517.3432000000003,39.98976,12.07008,0.0,187.28402365441684
288.40000000000003,39.96250166,-106.2159457,2517.3432000000003,39.898320000000005,12.114784,0.0,187.28402365441684
288.5,39.96249079,-106.2159479,2517.3432000000003,39.898320000000005,12.159488,0.0,187.70748572296495
288.6,39.96247992,-106.21595,2517.3432000000003,39.98976,12.204192,-0.089408,188.4889438805047
288.90000000000003,39.9624475,-106.2159569,2517.3432000000003,39.898320000000005,12.204192,0.0,189.9469879365585
289.0,39.96243662,-106.2159595,2517.3432000000003,39.898320000000005,12.204192,0.0,190.3612769621872
289.1,39.9624249,-106.2159626,2517.3432000000003,39.898320000000005,12.785344,0.089408,190.85356734272415
289.20000000000005,39.96241405,-106.2159655,2517.3432000000003,39.898320000000005,12.785344,0.089408,191.56013079421777
289.3,39.96240448,-106.2159688,2517.3432000000003,39.898320000000005,11.667744,0.0,192.3908566606809
289.40000000000003,39.96239387,-106.215972,2517.3432000000003,39.898320000000005,11.578335999999998,0.0,192.8987511041645
289.5,39.96238351,-106.2159753,2517.3432000000003,39.898320000000005,11.980672,0.0,193.6206875306003
289.6,39.96237309,-106.2159787,2517.3432000000003,39.898320000000005,11.891264,0.0,193.7736615321707
289.70000000000005,39.96236276,-106.2159822,2517.3432000000003,39.898320000000005,11.935968,0.089408,193.98294508375304
289.8,39.9623526,-106.2159857,2517.3432000000003,39.898320000000005,11.801856,0.22352,194.51861000917603
289.90000000000003,39.96234288,-106.2159892,2517.3432000000003,39.80688,11.444224,0.089408,194.80087005832195
290.0,39.96233303,-106.2159928,2517.3432000000003,39.80688,11.265408,0.0,195.3544180482013
290.1,39.96232364,-106.2159962,2517.3432000000003,39.898320000000005,11.086592,-0.089408,195.66002913184357
290.20000000000005,39.96231413,-106.2159998,2517.3432000000003,39.898320000000005,10.907775999999998,-0.089408,195.9131891704684
290.3,39.96230496,-106.2160036,2517.3432000000003,39.898320000000005,10.863072,-0.089408,196.2410710374543
290.40000000000003,39.96229578,-106.2160072,2517.3432000000003,39.898320000000005,10.684256,-0.089408,196.3759341173556
290.5,39.96228673,-106.2160107,2517.3432000000003,39.898320000000005,10.594848,0.0,196.65229973035412
290.6,39.96227782,-106.2160144,2517.3432000000003,39.98976,10.416032,0.0,196.7939087980215
290.70000000000005,39.96226911,-106.216018,2517.3432000000003,39.98976,10.28192,-0.089408,197.4879973761485
290.8,39.96226039,-106.2160217,2517.3432000000003,39.898320000000005,10.192512,-0.089408,197.63922527018275
290.90000000000003,39.96225169,-106.2160255,2517.3432000000003,39.98976,10.192512,-0.089408,198.5148592027864
291.0,39.96224316,-106.2160293,2517.3432000000003,39.98976,10.103104,0.0,198.6767017321901
291.1,39.96223434,-106.2160332,2517.3432000000003,39.98976,10.192512,0.0,198.6767017321901
291.3,39.96221755,-106.2160408,2517.3432000000003,39.98976,10.0584,0.0,199.0934920004856
291.40000000000003,39.96220929,-106.2160447,2517.3432000000003,39.98976,9.83488,0.0,199.26526430918005
291.5,39.96220068,-106.2160487,2517.3432000000003,39.98976,9.968992,0.0,199.9379917442056
291.6,39.96219256,-106.2160526,2517.3432000000003,39.98976,9.879584,0.0,200.21164850691216
291.70000000000005,39.96218366,-106.2160569,2517.3432000000003,39.98976,10.0584,0.0,200.21164850691216
291.8,39.96217557,-106.2160609,2517.3432000000003,39.898320000000005,10.0584,0.0,200.90233417592933
291.90000000000003,39.96216834,-106.2160647,2517.3432000000003,39.898320000000005,9.16432,0.0,201.09595620696604
292.0,39.96216043,-106.2160688,2517.3432000000003,39.898320000000005,9.074912,0.0,201.09595620696604
292.1,39.96215225,-106.216073,2517.3432000000003,39.898320000000005,9.61136,0.0,201.80140948635184
292.20000000000005,39.96214442,-106.2160772,2517.3432000000003,39.898320000000005,9.566656,0.0,201.80140948635184
292.3,39.96213725,-106.2160809,2517.3432000000003,39.898320000000005,8.985504,0.0,201.80140948635184
292.40000000000003,39.96212954,-106.216085,2517.3432000000003,39.898320000000005,8.9408,0.0,201.59531044896767
292.5,39.96212091,-106.2160897,2517.3432000000003,39.898320000000005,9.83488,0.0,201.59531044896767
292.6,39.96211312,-106.2160938,2517.3432000000003,39.98976,9.879584,0.0,201.59531044896767
292.70000000000005,39.96210511,-106.2160979,2517.3432000000003,39.98976,9.477248,0.0,201.59531044896767
292.8,39.96209732,-106.216102,2517.3432000000003,39.98976,9.432544,0.0,201.07749411698677
292.90000000000003,39.96208909,-106.2161061,2517.3432000000003,39.98976,9.566656,0.0,201.07749411698677
293.0,39.96208128,-106.21611,2517.3432000000003,39.98976,9.521952,0.0,200.55604521958347
293.1,39.96207345,-106.2161137,2517.3432000000003,39.98976,9.298432,0.0,200.55604521958347
293.20000000000005,39.96206564,-106.2161175,2517.3432000000003,39.98976,9.253728,0.0,200.55604521958347
293.3,39.96205869,-106.2161212,2517.3432000000003,39.98976,8.806688,0.0,199.95889021754607
293.5,39.96204266,-106.2161286,2517.3432000000003,39.98976,9.074912,-0.089408,199.4242595588851
293.6,39.96203496,-106.2161322,2517.648,40.11168,9.343136,0.0,199.6152020352458
293.70000000000005,39.96202718,-106.2161358,2517.648,40.11168,9.119616,0.0,199.6152020352458
293.8,39.96201946,-106.2161394,2517.3432000000003,39.98976,9.16432,0.0,198.8860873697093
293.90000000000003,39.96201206,-106.2161426,2517.3432000000003,39.98976,8.896096,0.0,198.8860873697093
294.0,39.96200433,-106.2161461,2517.3432000000003,39.98976,8.896096,0.0,198.8860873697093
294.20000000000005,39.96198906,-106.2161531,2517.3432000000003,39.98976,9.030208,0.0,198.8860873697093
294.3,39.96198048,-106.216157,2517.3432000000003,39.98976,9.38784,0.0,198.70310183936544
294.40000000000003,39.96197258,-106.2161605,2517.3432000000003,39.98976,9.700768,0.0,198.70310183936544
294.5,39.96196563,-106.2161637,2517.3432000000003,39.98976,8.71728,0.0,198.434948822922
294.6,39.96195772,-106.2161672,2517.3432000000003,39.98976,8.71728,0.0,198.2602671095334
294.70000000000005,39.96194983,-106.2161706,2517.3432000000003,39.98976,9.298432,0.0,198.2602671095334
294.8,39.96194188,-106.2161741,2517.3432000000003,39.98976,9.298432,0.0,198.2602671095334
295.1,39.96191746,-106.2161851,2517.3432000000003,39.98976,9.521952,-0.089408,198.60752595016083
295.20000000000005,39.96190935,-106.2161886,2517.3432000000003,39.98976,9.566656,-0.089408,198.60752595016083
295.3,39.96190142,-106.2161922,2517.3432000000003,39.98976,9.432544,0.0,198.08875497246103
295.40000000000003,39.96189334,-106.2161957,2517.3432000000003,39.98976,9.38784,0.0,198.08875497246103
295.5,39.96188526,-106.2161993,2517.3432000000003,39.98976,9.477248,0.0,198.08875497246103
295.6,39.96187716,-106.2162028,2517.3432000000003,39.98976,9.477248,0.089408,198.08875497246103
295.70000000000005,39.96186932,-106.2162063,2517.3432000000003,39.98976,9.343136,0.22352,198.08875497246103
295.8,39.9618612,-106.2162099,2517.3432000000003,39.98976,9.38784,0.22352,197.92032991180483
295.90000000000003,39.96185281,-106.2162135,2517.3432000000003,39.98976,9.700768,0.089408,197.92032991180483
296.0,39.96184462,-106.2162171,2517.3432000000003,39.898320000000005,9.745472,0.0,197.92032991180483
296.1,39.96183672,-106.2162205,2517.3432000000003,39.898320000000005,9.432544,0.0,197.92032991180483
296.20000000000005,39.96182852,-106.216224,2517.3432000000003,39.98976,9.432544,0.0,197.92032991180483
296.3,39.96182029,-106.2162275,2517.3432000000003,39.98976,9.61136,0.0,197.6733068120347
296.40000000000003,39.96181208,-106.2162311,2517.3432000000003,39.98976,9.61136,0.0,197.92032991180483
296.5,39.96180368,-106.2162348,2517.3432000000003,39.98976,9.745472,0.0,197.6733068120347
296.6,39.96179545,-106.2162383,2517.3432000000003,39.98976,9.745472,0.0,197.6733068120347
296.70000000000005,39.96178728,-106.2162418,2517.3432000000003,39.898320000000005,9.566656,0.0,198.18180269614865
296.8,39.96177906,-106.2162453,2517.3432000000003,39.98976,9.566656,0.0,197.6733068120347
296.90000000000003,39.96177106,-106.2162489,2517.3432000000003,39.98976,9.521952,0.0,198.434948822922
297.0,39.9617629,-106.2162525,2517.3432000000003,39.98976,9.477248,0.0,197.92032991180483
297.1,39.96175476,-106.2162559,2517.3432000000003,39.898320000000005,9.521952,0.0,197.92032991180483
297.20000000000005,39.96174659,-106.2162594,2517.3432000000003,39.898320000000005,9.521952,0.0,197.92032991180483
297.3,39.96173853,-106.2162629,2517.3432000000003,39.898320000000005,9.521952,0.0,197.92032991180483
297.40000000000003,39.96173036,-106.2162664,2517.3432000000003,39.898320000000005,9.521952,0.0,197.92032991180483
297.5,39.96172205,-106.21627,2517.3432000000003,39.898320000000005,9.656064,0.0,197.92032991180483
297.6,39.96171387,-106.2162735,2517.3432000000003,39.898320000000005,9.656064,0.0,197.92032991180483
297.70000000000005,39.96170563,-106.2162767,2517.3432000000003,39.898320000000005,9.566656,0.0,197.92032991180483
297.8,39.96169747,-106.2162802,2517.3432000000003,39.898320000000005,9.566656,0.0,197.92032991180483
297.90000000000003,39.96168924,-106.2162837,2517.3432000000003,39.898320000000005,9.566656,0.0,197.92032991180483
298.0,39.96168107,-106.2162872,2517.3432000000003,39.898320000000005,9.566656,0.0,197.92032991180483
298.1,39.961673,-106.2162906,2517.3432000000003,39.898320000000005,9.477248,0.0,197.92032991180483
298.20000000000005,39.96166483,-106.216294,2517.3432000000003,39.898320000000005,9.477248,0.0,197.6733068120347
298.3,39.96165651,-106.2162972,2517.3432000000003,39.898320000000005,9.566656,0.0,197.16191880286527
298.40000000000003,39.96164828,-106.2163006,2517.3432000000003,39.898320000000005,9.61136,0.0,197.16191880286527
298.5,39.96163994,-106.2163038,2517.3432000000003,39.898320000000005,9.656064,0.0,197.16191880286527
298.6,39.96163167,-106.2163071,2517.3432000000003,39.898320000000005,9.656064,0.0,197.00495469619167
298.70000000000005,39.96162337,-106.2163106,2517.3432000000003,39.898320000000005,9.656064,0.0,197.5122561575328
298.8,39.96161505,-106.216314,2517.3432000000003,39.898320000000005,9.700768,0.0,197.5122561575328
298.90000000000003,39.96160622,-106.216318,2517.3432000000003,39.898320000000005,10.013696,0.0,197.3540246362613
299.0,39.96159778,-106.2163214,2517.3432000000003,39.898320000000005,10.103104,0.0,197.3540246362613
299.1,39.96158956,-106.2163248,2517.3432000000003,39.898320000000005,9.700768,0.0,197.3540246362613
299.20000000000005,39.96158108,-106.2163283,2517.3432000000003,39.898320000000005,9.745472,0.0,197.19854122006583
299.3,39.9615725,-106.2163319,2517.3432000000003,39.898320000000005,9.968992,0.0,197.19854122006583
299.40000000000003,39.96156396,-106.2163354,2517.3432000000003,39.898320000000005,9.968992,0.0,197.19854122006583
299.5,39.96155457,-106.2163389,2517.3432000000003,39.898320000000005,10.416032,0.0,196.97031901771663
299.6,39.96154591,-106.2163425,2517.3432000000003,39.898320000000005,10.460736,0.0,196.97031901771663
299.70000000000005,39.96153811,-106.2163459,2517.3432000000003,39.898320000000005,9.61136,0.0,197.46117665042445
299.8,39.96152947,-106.2163494,2517.3432000000003,39.80688,9.61136,0.0,197.46117665042445
299.90000000000003,39.96152115,-106.216353,2517.3432000000003,39.80688,9.924288,0.0,197.46117665042445
300.0,39.96151249,-106.2163566,2517.3432000000003,39.80688,9.924288,0.0,197.30849157603507
300.1,39.96150371,-106.2163601,2517.3432000000003,39.80688,10.147808,0.0,197.30849157603507
300.20000000000005,39.96149497,-106.2163637,2517.3432000000003,39.80688,10.192512,0.0,197.30849157603507
300.3,39.96148602,-106.2163674,2517.3432000000003,39.80688,10.326624,0.0,197.1583739300422
300.40000000000003,39.96147723,-106.2163711,2517.3432000000003,39.80688,10.371328,0.0,197.63922527018275
300.5,39.96146828,-106.2163745,2517.3432000000003,39.80688,10.326624,0.0,197.63922527018275
300.6,39.96145942,-106.2163782,2517.3432000000003,39.80688,10.371328,0.0,197.4879973761485
300.70000000000005,39.96145059,-106.2163821,2517.3432000000003,39.80688,10.371328,0.0,197.4879973761485
300.8,39.96144169,-106.2163858,2517.3432000000003,39.80688,10.371328,0.0,197.4879973761485
300.90000000000003,39.96143286,-106.2163896,2517.3432000000003,39.80688,10.371328,0.0,197.4879973761485
301.0,39.96142399,-106.2163933,2517.3432000000003,39.80688,10.371328,0.0,198.1991650530454
301.1,39.96141506,-106.216397,2517.3432000000003,39.80688,10.416032,0.0,198.3557015988877
301.20000000000005,39.96140622,-106.2164008,2517.3432000000003,39.80688,10.371328,0.0,198.3557015988877
301.3,39.96139752,-106.2164044,2517.3432000000003,39.80688,10.237215999999998,0.0,198.3557015988877
301.40000000000003,39.96138871,-106.2164082,2517.3432000000003,39.80688,10.237215999999998,0.0,198.3557015988877
301.5,39.96137991,-106.2164121,2517.3432000000003,39.898320000000005,10.326624,-0.089408,198.3557015988877
301.6,39.96137111,-106.2164159,2517.3432000000003,39.80688,10.326624,0.0,198.3557015988877
301.70000000000005,39.96136223,-106.2164196,2517.3432000000003,39.80688,10.326624,0.0,198.3557015988877
301.8,39.96135344,-106.2164234,2517.3432000000003,39.898320000000005,10.326624,0.0,198.3557015988877
301.90000000000003,39.96134455,-106.216427,2517.3432000000003,39.898320000000005,10.326624,0.0,197.63922527018275
302.0,39.96133577,-106.2164307,2517.3432000000003,39.898320000000005,10.326624,0.0,197.63922527018275
302.1,39.9613265,-106.2164347,2517.3432000000003,39.898320000000005,10.550144,0.0,198.5148592027864
302.20000000000005,39.96131773,-106.2164385,2517.3432000000003,39.898320000000005,10.550144,0.0,198.5148592027864
302.3,39.96131046,-106.2164417,2517.3432000000003,39.898320000000005,9.38784,0.0,198.5148592027864
302.40000000000003,39.96130188,-106.2164454,2517.3432000000003,39.898320000000005,9.298432,0.0,198.6767017321901
302.5,39.96129252,-106.2164494,2517.3432000000003,39.898320000000005,10.50544,0.0,198.6767017321901
302.6,39.96128398,-106.2164531,2517.3432000000003,39.898320000000005,10.50544,0.0,198.9246444160512
302.70000000000005,39.96127562,-106.2164569,2517.3432000000003,39.898320000000005,9.924288,0.0,199.0934920004856
302.8,39.96126722,-106.2164606,2517.3432000000003,39.898320000000005,9.83488,0.0,199.0934920004856
302.90000000000003,39.96125888,-106.2164645,2517.3432000000003,39.898320000000005,9.83488,0.0,198.5183487341991
303.0,39.96125061,-106.2164681,2517.3432000000003,39.898320000000005,9.790176,0.0,198.68735150521115
303.1,39.96124252,-106.2164718,2517.3432000000003,39.898320000000005,9.61136,0.0,198.68735150521115
303.20000000000005,39.96123439,-106.2164754,2517.3432000000003,39.898320000000005,9.521952,0.0,198.94650468950903
303.3,39.96122694,-106.2164788,2517.3432000000003,39.898320000000005,9.16432,-0.089408,199.1231533159617
303.40000000000003,39.96121897,-106.2164824,2517.3432000000003,39.898320000000005,9.074912,0.0,199.1231533159617
303.5,39.96121048,-106.2164863,2517.3432000000003,39.98976,9.700768,0.0,198.78324714358075
303.6,39.9612026,-106.2164899,2517.3432000000003,39.898320000000005,9.656064,0.0,198.9621957145893
303.70000000000005,39.96119472,-106.2164935,2517.3432000000003,39.898320000000005,9.298432,0.0,198.9621957145893
303.8,39.96118694,-106.2164971,2517.3432000000003,39.898320000000005,9.209024,0.0,199.2368591567098
303.90000000000003,39.96117931,-106.2165008,2517.3432000000003,39.898320000000005,9.119616,0.0,199.4242595588851
304.0,39.96117168,-106.2165044,2517.3432000000003,39.898320000000005,9.030208,0.0,199.6152020352458
304.1,39.9611641,-106.2165082,2517.3432000000003,39.898320000000005,8.985504,0.0,199.6152020352458
304.20000000000005,39.96115663,-106.2165118,2517.3432000000003,39.898320000000005,8.9408,0.0,199.8097836034914
304.3,39.96114988,-106.2165151,2517.3432000000003,39.98976,8.449055999999999,0.0,200.10869987513416
304.40000000000003,39.96114262,-106.2165187,2517.3432000000003,39.98976,8.314944,0.0,200.31282627020735
304.5,39.96113461,-106.2165228,2517.3432000000003,39.98976,9.074912,0.0,200.52095901483688
304.6,39.96112744,-106.2165264,2517.3432000000003,39.98976,9.074912,0.0,201.29735404903377
304.70000000000005,39.96111985,-106.2165303,2517.3432000000003,39.98976,8.806688,0.0,200.94970147039484
304.8,39.9611128,-106.2165339,2517.3432000000003,39.98976,8.761984,0.0,201.28264899857905
304.90000000000003,39.96110661,-106.216537,2517.3432000000003,39.98976,7.867904,0.0,200.7019284931666
305.0,39.96109975,-106.2165404,2517.3432000000003,39.98976,7.778496,-0.089408,200.3341130325005
305.1,39.96109282,-106.2165436,2517.3432000000003,39.98976,8.180832,0.0,199.6538240580533
305.20000000000005,39.96108608,-106.2165468,2517.3432000000003,39.98976,8.091424,0.0,199.0466242976358
305.3,39.96107936,-106.2165496,2517.3432000000003,39.98976,7.912608,0.0,198.434948822922
305.40000000000003,39.96107265,-106.2165526,2517.3432000000003,39.98976,7.867904,-0.089408,197.8188889145228
305.5,39.96106584,-106.2165553,2517.3432000000003,39.98976,7.912608,-0.089408,196.886791123944
305.6,39.9610591,-106.216558,2517.648,40.11168,7.867904,0.0,196.26020470831196
305.70000000000005,39.96105229,-106.2165605,2517.648,40.11168,7.867904,0.0,196.26020470831196
305.8,39.9610455,-106.216563,2517.3432000000003,39.98976,7.8232,0.089408,195.4545562151245
305.90000000000003,39.96103827,-106.2165651,2517.3432000000003,39.98976,8.04672,0.0,194.66154774860925
306.0,39.9610313,-106.2165673,2517.3432000000003,39.98976,8.091424,0.0,193.80490241212436
306.1,39.96102372,-106.2165695,2517.3432000000003,39.98976,8.314944,0.0,192.7342907953476
306.3,39.96100919,-106.2165732,2517.3432000000003,39.98976,8.359648,0.0,191.2490443146743
306.40000000000003,39.96100183,-106.216575,2517.3432000000003,39.98976,8.27024,0.0,191.1291892896112
306.5,39.9609942,-106.2165771,2517.3432000000003,39.98976,8.49376,0.0,190.5251078710283
306.6,39.96098665,-106.2165787,2517.3432000000003,39.98976,8.583167999999999,0.0,189.46232220802565
306.90000000000003,39.96096332,-106.2165834,2517.3432000000003,39.98976,8.672576,0.0,188.00472885729283
307.0,39.96095541,-106.2165847,2517.3432000000003,39.98976,8.761984,0.0,187.3057595333108
307.3,39.96093074,-106.2165883,2517.3432000000003,39.98976,9.119616,0.0,185.68236861785505
307.40000000000003,39.96092246,-106.2165893,2517.3432000000003,39.98976,9.209024,0.0,185.11731484997264
307.5,39.96091443,-106.2165898,2517.3432000000003,39.98976,9.119616,0.0,184.48460600954465
307.6,39.96090603,-106.2165906,2517.3432000000003,39.98976,9.119616,0.0,184.4412411894328
307.70000000000005,39.9608976,-106.2165917,2517.3432000000003,39.98976,9.38784,0.0,183.6109646394495
307.8,39.96088907,-106.2165923,2517.3432000000003,39.98976,9.432544,0.0,183.02724518228
307.90000000000003,39.9608816,-106.2165928,2517.3432000000003,39.98976,8.896096,0.0,182.99846713969444
308.0,39.96087305,-106.2165932,2517.3432000000003,39.98976,8.896096,0.0,182.45403167452707
308.1,39.96086366,-106.2165939,2517.3432000000003,39.98976,9.968992,0.0,181.88228244301072
308.20000000000005,39.96085495,-106.2165942,2517.3432000000003,39.98976,10.0584,0.0,181.34472438870236
308.3,39.96084631,-106.2165943,2517.3432000000003,39.98976,9.656064,0.0,181.33221985386965
308.40000000000003,39.96083748,-106.2165944,2517.3432000000003,39.98976,9.700768,0.0,180.52805674890016
308.5,39.96082916,-106.2165943,2517.3432000000003,39.98976,9.521952,0.0,180.0
308.6,39.96082027,-106.2165942,2517.3432000000003,39.98976,9.566656,0.0,180.0
308.70000000000005,39.96081131,-106.2165943,2517.3432000000003,39.98976,9.924288,0.0,180.0
308.8,39.96080231,-106.2165941,2517.3432000000003,39.98976,9.968992,0.0,179.48383577023515
308.90000000000003,39.96079369,-106.216594,2517.3432000000003,39.98976,9.790176,0.0,179.48844413341294
309.0,39.96078463,-106.2165936,2517.3432000000003,39.98976,9.83488,0.0,178.72128869295022
309.1,39.96077514,-106.2165931,2517.3432000000003,39.98976,10.326624,0.0,178.2259191411821
309.20000000000005,39.96076595,-106.2165926,2517.3432000000003,39.98976,10.416032,0.0,178.2259191411821
309.3,39.96075719,-106.2165926,2517.3432000000003,39.98976,9.968992,0.0,178.24147143956088
309.40000000000003,39.96074797,-106.2165921,2517.3432000000003,39.98976,9.968992,0.0,177.73949808885868
309.5,39.96073829,-106.2165914,2517.3432000000003,39.98976,10.50544,0.0,177.73949808885868
309.6,39.96072898,-106.2165908,2517.3432000000003,39.98976,10.550144,0.0,177.23787168662125
309.70000000000005,39.96072055,-106.2165903,2517.3432000000003,39.98976,9.879584,0.0,177.23787168662125
309.8,39.96071129,-106.2165896,2517.3432000000003,39.98976,9.83488,0.0,177.26185348064485
309.90000000000003,39.96070104,-106.2165888,2517.3432000000003,39.98976,10.863072,0.0,176.7649849422155
310.0,39.96069168,-106.2165881,2517.3432000000003,39.98976,10.907775999999998,0.0,176.7649849422155
310.1,39.96068326,-106.2165875,2517.3432000000003,39.98976,9.924288,0.0,176.7649849422155
310.20000000000005,39.96067398,-106.2165866,2517.3432000000003,39.98976,9.879584,0.0,176.02061754732176
310.40000000000003,39.96065535,-106.2165853,2517.3432000000003,39.98976,10.371328,0.0,176.02061754732176
310.5,39.96064532,-106.216584,2517.3432000000003,39.98976,10.639552,0.0,175.52510349375393
310.6,39.96063598,-106.216583,2517.3432000000003,39.98976,10.818368,0.0,175.52510349375393
310.70000000000005,39.96062676,-106.2165817,2517.3432000000003,39.98976,10.371328,0.0,175.0302592718897
310.8,39.96061742,-106.2165806,2517.3432000000003,39.98976,10.371328,0.0,175.0302592718897
310.90000000000003,39.96060872,-106.2165798,2517.3432000000003,39.98976,10.0584,0.0,175.0302592718897
311.0,39.96059944,-106.2165787,2517.3432000000003,39.98976,10.013696,0.0,175.0302592718897
311.1,39.9605894,-106.2165774,2517.3432000000003,39.98976,10.773664,0.0,175.0302592718897
311.20000000000005,39.96058003,-106.2165763,2517.3432000000003,39.98976,10.863072,0.0,175.0302592718897
311.3,39.96057062,-106.2165753,2517.3432000000003,39.98976,10.460736,0.0,175.0302592718897
311.40000000000003,39.96056127,-106.2165742,2517.3432000000003,39.98976,10.50544,0.0,175.0302592718897
311.5,39.96055224,-106.2165728,2517.3432000000003,39.98976,10.28192,0.0,175.0302592718897
311.6,39.96054294,-106.2165717,2517.3432000000003,39.98976,10.237215999999998,0.0,175.0302592718897
311.70000000000005,39.96053432,-106.216571,2517.3432000000003,39.98976,9.968992,0.0,175.52510349375393
311.8,39.96052508,-106.21657,2517.3432000000003,39.98976,9.968992,0.0,175.52510349375393
311.90000000000003,39.96051572,-106.2165691,2517.3432000000003,39.98976,10.371328,0.0,176.02061754732176
312.0,39.96050646,-106.2165682,2517.3432000000003,39.98976,10.371328,0.0,176.02061754732176
312.1,39.96049689,-106.2165676,2517.3432000000003,39.98976,10.50544,0.0,176.02061754732176
312.40000000000003,39.96046867,-106.2165659,2517.3432000000003,39.98976,10.50544,0.0,177.29705596218523
312.5,39.96045862,-106.2165651,2517.3432000000003,39.98976,10.639552,0.0,177.29705596218523
312.6,39.96044917,-106.2165645,2517.3432000000003,39.98976,10.863072,0.0,177.7879579979517
312.70000000000005,39.96044025,-106.2165642,2517.3432000000003,39.98976,10.237215999999998,0.0,177.7879579979517
312.8,39.96043082,-106.2165637,2517.3432000000003,39.98976,10.192512,0.0,177.7879579979517
312.90000000000003,39.96042164,-106.2165635,2517.3432000000003,39.98976,10.371328,0.0,178.27918516632712
313.0,39.9604122,-106.2165632,2517.3432000000003,39.898320000000005,10.371328,0.0,178.293821705553
313.3,39.96038306,-106.2165623,2517.3432000000003,39.98976,10.72896,0.0,179.51650278910972
313.40000000000003,39.96037344,-106.2165622,2517.3432000000003,39.98976,10.773664,0.0,179.51650278910972
313.5,39.96036399,-106.2165618,2517.3432000000003,39.98976,10.594848,0.0,180.0
313.6,39.96035431,-106.2165618,2517.3432000000003,39.898320000000005,10.639552,0.0,180.0
313.70000000000005,39.96034464,-106.2165619,2517.3432000000003,39.898320000000005,10.773664,0.0,180.0
313.8,39.96033488,-106.216562,2517.3432000000003,39.98976,10.818368,0.0,180.0
313.90000000000003,39.96032483,-106.2165619,2517.3432000000003,39.98976,11.041888,0.0,180.0
314.0,39.96031497,-106.2165621,2517.3432000000003,39.98976,11.086592,0.0,180.46962701968965
314.1,39.96030486,-106.2165621,2517.3432000000003,39.98976,11.131296,0.0,180.46962701968965
314.20000000000005,39.96029494,-106.2165623,2517.3432000000003,39.898320000000005,11.131296,0.0,180.46962701968965
314.3,39.96028509,-106.2165623,2517.3432000000003,39.898320000000005,10.997184,0.0,180.465809082765
314.40000000000003,39.96027513,-106.2165625,2517.3432000000003,39.898320000000005,10.997184,0.0,181.16438804012387
314.5,39.96026529,-106.2165628,2517.3432000000003,39.98976,10.997184,0.0,181.16438804012387
314.6,39.96025531,-106.2165632,2517.3432000000003,39.98976,11.041888,0.0,181.16438804012387
314.70000000000005,39.96024519,-106.2165638,2517.3432000000003,39.98976,11.176,0.0,181.6167903106732
314.8,39.96023511,-106.2165642,2517.3432000000003,39.98976,11.220704,0.0,181.6167903106732
314.90000000000003,39.96022489,-106.2165647,2517.3432000000003,39.98976,11.310112,0.0,181.5974761972456
315.0,39.96021473,-106.2165652,2517.3432000000003,39.898320000000005,11.310112,0.0,182.05355056351095
315.1,39.96020384,-106.2165655,2517.3432000000003,39.98976,11.712448,0.0,182.05355056351095
315.20000000000005,39.96019359,-106.216566,2517.3432000000003,39.98976,11.757152,0.0,182.05355056351095
315.3,39.96018372,-106.2165666,2517.3432000000003,39.98976,11.176,0.0,182.05355056351095
315.40000000000003,39.96017352,-106.2165672,2517.3432000000003,39.98976,11.176,0.0,182.5093647398517
315.5,39.96016368,-106.2165677,2517.3432000000003,39.98976,11.131296,0.0,182.5093647398517
315.6,39.96015353,-106.2165683,2517.3432000000003,39.98976,11.131296,0.0,182.53968045034068
315.70000000000005,39.96014367,-106.2165693,2517.3432000000003,39.98976,11.131296,0.0,182.53968045034068
315.8,39.96013358,-106.21657,2517.3432000000003,39.98976,11.131296,0.0,182.53968045034068
315.90000000000003,39.96012458,-106.2165709,2517.3432000000003,39.98976,10.639552,0.0,183.00066141346213
316.0,39.96011463,-106.2165716,2517.3432000000003,39.98976,10.550144,0.0,182.56030089390865
316.20000000000005,39.96009381,-106.2165728,2517.3432000000003,39.98976,11.39952,0.0,183.00066141346213
316.3,39.96008453,-106.2165734,2517.3432000000003,39.98976,11.176,-0.089408,184.15128526642167
316.40000000000003,39.96007462,-106.2165745,2517.3432000000003,39.98976,10.684256,-0.089408,185.8028196647089
316.5,39.9600648,-106.2165763,2517.3432000000003,39.98976,11.041888,-0.22352,187.240590129645
316.6,39.96005509,-106.2165781,2517.648,40.11168,10.95248,-0.089408,189.03416878189816
316.70000000000005,39.96004541,-106.2165814,2517.648,40.11168,10.997184,-0.089408,191.77802483328853
316.8,39.96003608,-106.2165844,2517.648,40.11168,10.907775999999998,-0.089408,194.27251338440036
316.90000000000003,39.96002713,-106.2165894,2517.648,40.11168,10.72896,-0.089408,197.969139740157
317.0,39.96001831,-106.2165937,2517.648,40.11168,10.639552,0.0,201.5713071912546
317.1,39.96000988,-106.2166002,2517.648,40.11168,10.639552,-0.22352,206.1183095130626
317.20000000000005,39.96000201,-106.216606,2517.648,40.203120000000006,10.460736,-0.402336,209.3863799603509
317.3,39.95999377,-106.2166136,2517.648,40.203120000000006,10.594848,-0.312928,211.15379158817348
317.40000000000003,39.95998699,-106.2166195,2517.648,40.29456,10.147808,-0.22352,212.6091433393191
317.5,39.95998167,-106.2166267,2517.648,40.29456,8.71728,-0.089408,214.05326887025493
317.6,39.9599761,-106.2166321,2517.648,40.29456,8.091424,0.0,214.28687697720892
317.70000000000005,39.9599717,-106.2166359,2517.648,40.29456,6.795007999999999,0.0,212.1328958599809
317.8,39.9599672,-106.2166402,2517.648,40.29456,6.03504,0.089408,211.2777028668665
317.90000000000003,39.95996392,-106.216642,2517.648,40.29456,5.006848,0.089408,210.25643716352928
318.0,39.95996048,-106.2166449,2517.648,40.29456,4.291583999999999,0.089408,206.83404347077447
318.1,39.9599571,-106.2166461,2517.648,40.29456,4.202176,0.089408,202.72973207994468
318.20000000000005,39.95995461,-106.2166477,2517.648,40.29456,3.486912,0.089408,197.61257784292383
318.3,39.95995255,-106.2166473,2517.648,40.203120000000006,2.503424,0.22352,192.652556500558
318.40000000000003,39.95995108,-106.2166476,2517.648,40.203120000000006,2.01168,0.22352,180.0
318.5,39.95995016,-106.2166462,2517.648,40.203120000000006,1.34112,0.22352,162.34987578006985
318.6,39.95994978,-106.2166453,2517.648,40.203120000000006,1.162304,0.22352,121.42956561483852
318.70000000000005,39.95995021,-106.216643,2517.648,40.11168,1.251712,0.312928,90.0
318.8,39.9599507,-106.2166408,2517.648,40.11168,2.01168,0.312928,80.75388725443679
318.90000000000003,39.95995218,-106.2166376,2517.648,40.11168,2.548128,0.22352,71.56505117707798
319.0,39.95995364,-106.216634,2517.648,40.11168,3.3528,0.22352,66.59531044896767
319.20000000000005,39.95995749,-106.2166243,2517.648,40.11168,4.24688,0.0,59.03624346792651
319.3,39.95995999,-106.2166185,2517.648,40.11168,5.006848,0.0,55.64061970241056
319.40000000000003,39.95996339,-106.2166126,2517.648,40.11168,5.945632,0.0,52.35237935989238
319.5,39.95996698,-106.2166065,2517.648,40.11168,6.392672,0.0,51.09586154459584
319.6,39.95997135,-106.2165999,2517.648,40.11168,6.973824,0.0,48.57633437499737
319.70000000000005,39.95997632,-106.2165932,2517.648,40.203120000000006,7.689088,0.0,47.13868257766632
319.8,39.95998163,-106.216586,2517.648,40.203120000000006,8.27024,0.0,45.88140399658215
319.90000000000003,39.95998699,-106.2165792,2517.648,40.203120000000006,8.404352,0.0,45.0
320.0,39.95999315,-106.2165713,2517.648,40.203120000000006,8.985504,0.0,44.02897806892082
320.1,39.96000041,-106.2165628,2517.648,40.203120000000006,10.237215999999998,0.0,43.3316625517067
320.20000000000005,39.96000739,-106.2165543,2517.648,40.203120000000006,10.72896,0.0,42.51044707800082
320.3,39.96001462,-106.216546,2517.648,40.203120000000006,10.684256,0.0,41.57320684270951
320.40000000000003,39.96002235,-106.2165373,2517.648,40.203120000000006,11.041888,0.0,40.16724401286507
320.5,39.96003006,-106.2165291,2517.648,40.203120000000006,11.176,0.0,38.83852189632938
320.6,39.96003843,-106.2165204,2517.648,40.203120000000006,11.488928,0.0,37.993200359919456
320.70000000000005,39.960047,-106.2165126,2517.648,40.203120000000006,11.757152,0.0,37.0457859022697
320.8,39.96005596,-106.2165039,2517.648,40.203120000000006,12.025376,0.0,36.23093774685242
320.90000000000003,39.96006437,-106.2164965,2517.648,40.203120000000006,11.84656,0.0,35.36794893737914
321.0,39.96007387,-106.216488,2517.648,40.203120000000006,12.07008,0.089408,33.97286769493928
321.3,39.96010481,-106.2164636,2517.648,40.203120000000006,13.232384,0.0,30.13054331935149
321.40000000000003,39.96011556,-106.2164557,2517.648,40.11168,13.455904,0.0,28.961682060025
321.5,39.96012588,-106.2164493,2517.648,40.11168,13.18768,0.0,28.08358216799797
321.6,39.96013707,-106.2164418,2517.648,40.11168,13.321792,0.089408,27.14545166608076
321.70000000000005,39.96014864,-106.2164347,2517.648,40.11168,14.126464,0.089408,26.23904741486592
321.8,39.96016031,-106.2164275,2517.648,40.11168,14.30528,0.0,25.59539854981313
321.90000000000003,39.96017228,-106.2164204,2517.648,40.11168,14.484096,0.0,24.576413320603933
322.0,39.9601844,-106.2164135,2517.3432000000003,39.98976,14.662912,0.0,23.891092401547382
322.1,39.96019679,-106.2164064,2517.3432000000003,39.98976,14.886432,0.0,23.60946953843745
322.3,39.96022187,-106.2163927,2517.3432000000003,39.98976,15.109951999999998,0.0,22.241895543351006
322.40000000000003,39.96023475,-106.2163862,2517.3432000000003,39.98976,15.19936,0.0,21.45888445022825
322.5,39.9602478,-106.2163792,2517.3432000000003,39.98976,15.512288000000002,0.0,20.90623577614076
322.6,39.96026104,-106.2163729,2517.3432000000003,39.898320000000005,15.691104,0.0,20.30601487195571
322.70000000000005,39.96027461,-106.2163666,2517.3432000000003,39.898320000000005,15.86992,0.0,19.774354301875803
322.8,39.96028818,-106.2163605,2517.3432000000003,39.898320000000005,16.004032,0.0,19.205697568314008
322.90000000000003,39.96030299,-106.2163537,2517.3432000000003,39.80688,16.719296,0.0,18.941977883836785
323.0,39.96031696,-106.2163478,2517.3432000000003,39.80688,16.898111999999998,0.0,18.434948822922024
323.20000000000005,39.96034498,-106.216336,2517.3432000000003,39.80688,16.361664,0.0,17.7923138795486
323.3,39.96035825,-106.2163304,2517.3432000000003,39.80688,16.09344,0.0,17.40048568633813
323.40000000000003,39.96037261,-106.2163248,2517.0384,39.68496,16.09344,0.0,16.728770528475025
323.5,39.96038704,-106.2163186,2517.0384,39.68496,16.764,0.0,16.640494416579827
323.6,39.96040163,-106.2163131,2517.0384,39.68496,16.898111999999998,0.0,16.26020470831196
323.70000000000005,39.9604174,-106.2163073,2517.0384,39.68496,17.568672,0.0,16.175078917908365
323.8,39.96043228,-106.2163019,2517.0384,39.68496,17.702784,-0.089408,15.758630167772369
323.90000000000003,39.96044623,-106.2162969,2517.0384,39.68496,16.629888,-0.089408,15.596160981916626
324.1,39.96047624,-106.2162862,2517.0384,39.593520000000005,16.898111999999998,-0.089408,14.683219752396042
324.20000000000005,39.96049139,-106.2162811,2517.0384,39.593520000000005,17.345152,-0.089408,14.608466933928868
324.3,39.96050675,-106.2162757,2517.0384,39.593520000000005,17.523968,-0.089408,14.534455080540113
324.40000000000003,39.96052208,-106.2162706,2517.0384,39.68496,17.613376,-0.22352,14.17806441470691
324.5,39.96053779,-106.2162654,2517.0384,39.68496,17.792192,-0.22352,14.071437431260108
324.6,39.96055329,-106.2162604,2517.0384,39.68496,17.8816,-0.22352,14.071437431260108
324.70000000000005,39.96056903,-106.2162555,2517.0384,39.68496,17.8816,-0.089408,13.720664030308969
324.8,39.96058468,-106.2162506,2517.0384,39.68496,17.971008,-0.089408,13.652416338448065
324.90000000000003,39.96060016,-106.2162459,2517.0384,39.68496,17.792192,-0.089408,13.306178994897325
325.0,39.96061591,-106.2162411,2517.0384,39.593520000000005,17.836896,-0.089408,13.306178994897325
325.20000000000005,39.96064909,-106.2162312,2517.0384,39.593520000000005,18.596864,-0.089408,12.86710414001908
325.3,39.960664,-106.2162269,2517.0384,39.593520000000005,18.283936,-0.089408,12.804266065286754
325.40000000000003,39.96068001,-106.2162222,2517.0384,39.593520000000005,17.613376,-0.089408,12.390856660680925
325.5,39.96069722,-106.2162173,2517.0384,39.593520000000005,18.909792,-0.089408,12.330500424960292
325.6,39.96071342,-106.2162127,2517.0384,39.593520000000005,18.9992,-0.089408,12.330500424960292
325.90000000000003,39.96076041,-106.2161993,2517.0384,39.593520000000005,17.971008,-0.089408,11.99689930792357
326.0,39.96077662,-106.2161949,2517.0384,39.68496,17.971008,-0.089408,11.9101520161787
326.1,39.96079306,-106.2161901,2517.0384,39.68496,18.596864,-0.089408,11.853004167744018
326.20000000000005,39.96080936,-106.2161856,2517.0384,39.68496,18.641568,-0.089408,11.853004167744018
326.5,39.96085894,-106.2161726,2517.0384,39.68496,18.686272,-0.089408,11.526346098340014
326.6,39.96087538,-106.2161683,2517.0384,39.68496,18.730976,0.0,11.25577768909477
326.70000000000005,39.96089181,-106.216164,2517.0384,39.68496,18.641568,0.0,11.202132451619946
326.8,39.96090831,-106.2161598,2517.0384,39.68496,18.641568,-0.089408,11.202132451619946
326.90000000000003,39.96092479,-106.2161558,2517.0384,39.68496,18.641568,0.0,11.202132451619946
327.0,39.96094132,-106.2161516,2517.3432000000003,39.80688,18.686272,-0.089408,11.202132451619946
327.1,39.96095785,-106.2161474,2517.3432000000003,39.80688,18.730976,0.0,10.72038024624976
327.20000000000005,39.96097441,-106.2161433,2517.3432000000003,39.80688,18.730976,0.0,10.72038024624976
327.3,39.96099225,-106.2161388,2517.3432000000003,39.80688,19.44624,0.0,10.72038024624976
327.40000000000003,39.96100897,-106.2161347,2517.3432000000003,39.80688,19.580352,0.0,10.72038024624976
327.5,39.96102572,-106.2161307,2517.3432000000003,39.80688,18.909792,0.0,10.45163294398867
327.6,39.96104248,-106.2161266,2517.3432000000003,39.80688,18.954496,0.0,10.402246765104335
327.70000000000005,39.961059,-106.2161226,2517.3432000000003,39.80688,18.820384,0.0,10.402246765104335
327.8,39.96107579,-106.2161186,2517.3432000000003,39.80688,18.820384,0.0,10.402246765104335
327.90000000000003,39.9610913,-106.216115,2517.3432000000003,39.80688,18.239232,0.0,10.086531684653778
328.0,39.96110804,-106.2161111,2517.3432000000003,39.80688,18.194528,0.0,10.086531684653778
328.1,39.96112623,-106.2161068,2517.3432000000003,39.80688,19.714464,0.0,10.086531684653778
328.20000000000005,39.96114314,-106.2161029,2517.3432000000003,39.80688,19.803872,0.0,10.086531684653778
328.3,39.96115985,-106.2160995,2517.3432000000003,39.898320000000005,18.954496,-0.089408,10.086531684653778
328.40000000000003,39.96117674,-106.2160956,2517.3432000000003,39.898320000000005,18.954496,-0.089408,10.086531684653778
328.5,39.96119357,-106.2160916,2517.3432000000003,39.898320000000005,19.043904,-0.089408,10.086531684653778
328.6,39.96121046,-106.2160877,2517.3432000000003,39.898320000000005,19.043904,-0.089408,10.039254787152345
328.70000000000005,39.96122711,-106.2160835,2517.3432000000003,39.98976,18.954496,-0.089408,10.039254787152345
328.8,39.961244,-106.2160796,2517.3432000000003,39.98976,18.954496,0.0,10.039254787152345
328.90000000000003,39.96125924,-106.2160761,2517.3432000000003,39.98976,18.149824,0.0,10.039254787152345
329.0,39.96127598,-106.2160723,2517.3432000000003,39.98976,18.060416,0.0,10.039254787152345
329.1,39.96129432,-106.2160681,2517.3432000000003,39.98976,19.803872,0.0,10.039254787152345
329.20000000000005,39.96131121,-106.2160642,2517.3432000000003,39.98976,19.89328,0.0,10.039254787152345
329.3,39.96132806,-106.2160606,2517.3432000000003,39.98976,19.043904,0.0,10.039254787152345
329.40000000000003,39.96134497,-106.2160568,2517.3432000000003,39.98976,19.043904,0.0,10.039254787152345
329.5,39.96136067,-106.2160531,2517.3432000000003,39.98976,18.418048,0.0,9.70491258851206
329.6,39.9613775,-106.2160493,2517.3432000000003,39.98976,18.373344,0.0,9.70491258851206
329.70000000000005,39.96139563,-106.2160452,2517.3432000000003,39.98976,19.714464,0.0,9.70491258851206
329.8,39.96141257,-106.2160413,2517.648,40.11168,19.803872,0.0,9.969156267938049
329.90000000000003,39.96142833,-106.2160378,2517.648,40.11168,18.462752,0.0,9.969156267938049
330.0,39.96144518,-106.2160339,2517.648,40.11168,18.418048,0.0,9.969156267938049
330.1,39.96146337,-106.21603,2517.648,40.11168,19.759168000000003,0.0,9.969156267938049
330.20000000000005,39.96148035,-106.2160262,2517.648,40.11168,19.848576,0.0,9.70491258851206
330.3,39.96149782,-106.2160221,2517.648,40.11168,19.44624,0.0,9.264523985132996
330.40000000000003,39.9615149,-106.2160186,2517.648,40.11168,19.490944,0.0,8.47114463301483
330.5,39.96153207,-106.2160156,2517.648,40.11168,19.22272,0.0,6.907162723804618
330.6,39.96154906,-106.2160131,2517.648,40.11168,19.133312,0.312928,6.144541039690751
330.70000000000005,39.96156567,-106.2160115,2517.3432000000003,39.98976,18.77568,0.715264,4.945966547104149
330.8,39.96158242,-106.2160099,2517.3432000000003,39.898320000000005,18.596864,1.207008,4.006927346856514
330.90000000000003,39.9615976,-106.2160103,2517.3432000000003,39.80688,17.747488,1.519936,2.519948558146666
331.0,39.96161398,-106.2160099,2517.0384,39.593520000000005,17.523968,1.296416,0.0
331.1,39.96163154,-106.2160108,2517.0384,39.50208,18.865088,0.89408,358.1523897340054
331.20000000000005,39.96164776,-106.2160121,2516.7336,39.41064000000001,18.820384,0.715264,356.4236656250026
331.3,39.96166247,-106.2160147,2516.7336,39.288720000000005,17.255744,0.804672,355.853311174034
331.40000000000003,39.96167848,-106.2160168,2516.7336,39.288720000000005,17.21104,0.983488,354.8315320236617
331.5,39.96169472,-106.2160201,2516.7336,39.19728,18.060416,1.296416,354.2609015019104
331.6,39.96171065,-106.2160229,2516.4288,39.0144,18.060416,1.519936,353.2651067304965
331.70000000000005,39.96172677,-106.2160253,2516.4288,38.89248,17.971008,1.519936,352.23483398157464
331.8,39.96174255,-106.2160289,2516.1240000000003,38.7096,17.926304000000002,1.78816,351.341278767633
331.90000000000003,39.96175845,-106.2160319,2515.8192,38.49624,17.836896,2.190496,350.5850884385909
332.0,39.9617741,-106.216036,2515.8192,38.31336,17.792192,2.190496,348.9452177520557
332.1,39.96179085,-106.2160408,2515.5144,38.1,18.373344,1.78816,347.33018573505035
332.20000000000005,39.96180641,-106.216046,2515.2096,37.88664,18.462752,1.609344,345.9285625687399
332.3,39.96182181,-106.2160513,2515.2096,37.70376,17.792192,1.922272,345.2269867525978
332.40000000000003,39.96183726,-106.2160571,2514.9048000000003,37.61232,17.792192,2.101088,344.55368363230747
332.5,39.96185255,-106.2160635,2514.6,37.30752,17.836896,2.190496,343.8556612197165
332.6,39.96186792,-106.2160699,2514.6,37.09416,17.8816,2.190496,343.02450053207025
332.70000000000005,39.96188343,-106.2160755,2514.2952,36.91128,17.926304000000002,2.101088,341.97527647876154
332.8,39.96189865,-106.2160826,2513.9904,36.69792,17.926304000000002,1.922272,340.6556707278788
332.90000000000003,39.96191359,-106.2160896,2513.9904,36.60648,17.792192,1.922272,339.4608811549649
333.0,39.96192858,-106.2160974,2513.6856,36.39312,17.792192,1.6987519999999998,338.1450680822169
333.1,39.96194315,-106.2161058,2513.6856,36.30168,17.836896,1.207008,336.8391040726983
333.20000000000005,39.96195788,-106.2161146,2513.6856,36.08832,17.8816,0.804672,335.7590938279042
333.3,39.96197334,-106.216124,2513.6856,36.08832,18.462752,0.491744,334.722277764447
333.40000000000003,39.96198797,-106.2161333,2513.6856,36.08832,18.55216,0.491744,334.46256560936365
333.5,39.96200118,-106.2161422,2513.6856,36.08832,17.300448,0.715264,334.07509849244553
333.6,39.96201555,-106.2161519,2513.3808,35.99688,17.255744,0.491744,333.0499885719672
333.70000000000005,39.96202988,-106.2161614,2513.3808,35.90544,17.926304000000002,0.312928,332.2147075486542
333.8,39.962044,-106.2161717,2513.3808,35.90544,17.926304000000002,0.22352,331.57284954106666
333.90000000000003,39.9620568,-106.2161811,2513.3808,35.90544,17.166335999999998,0.089408,330.80619360067845
334.0,39.96207058,-106.2161917,2513.3808,35.814,17.032224,0.22352,330.16628810832003
334.1,39.96208382,-106.2162032,2513.3808,35.814,17.747488,0.0,328.9377972082542
334.20000000000005,39.96209734,-106.2162144,2513.3808,35.814,17.747488,0.0,328.2985703304943
334.3,39.96211076,-106.2162258,2513.3808,35.814,17.792192,0.089408,327.6282219173904
334.40000000000003,39.96212403,-106.2162374,2513.076,35.69208,17.792192,0.089408,326.90965704162454
334.5,39.96213712,-106.2162496,2513.076,35.69208,17.792192,0.089408,326.15044567782775
334.6,39.96215022,-106.2162616,2513.076,35.69208,17.836896,0.089408,325.5136560226482
334.70000000000005,39.96216349,-106.2162736,2513.076,35.69208,17.8816,0.0,325.1139521457917
334.8,39.96217644,-106.2162861,2513.076,35.60064,17.926304000000002,0.0,324.2787360100215
334.90000000000003,39.96218943,-106.2162984,2513.076,35.60064,17.8816,0.0,323.8152210232232
335.0,39.96220224,-106.2163111,2513.076,35.60064,17.8816,0.0,323.41586447103253
335.1,39.96221639,-106.216325,2513.076,35.60064,18.820384,0.0,322.90160594034245
335.20000000000005,39.96222917,-106.2163381,2513.076,35.60064,18.909792,0.089408,322.2750049578892
335.3,39.96224226,-106.2163512,2513.076,35.60064,18.239232,0.089408,321.7865853588314
335.40000000000003,39.96225488,-106.2163648,2513.076,35.5092,18.239232,0.0,321.0511584453929
335.5,39.96226758,-106.2163783,2513.076,35.5092,18.194528,0.0,319.7385523128904
335.6,39.96227982,-106.2163923,2513.076,35.5092,18.194528,0.0,318.8409490253369
335.70000000000005,39.96229088,-106.2164057,2513.076,35.5092,17.43456,0.0,317.42804850510913
335.8,39.96230252,-106.2164202,2513.076,35.5092,17.345152,0.0,316.4219436584424
335.90000000000003,39.96231455,-106.2164364,2513.076,35.5092,18.55216,0.22352,315.71488350063106
336.0,39.96232583,-106.2164514,2513.076,35.5092,18.55216,0.22352,314.28511649936894
336.1,39.96233626,-106.2164668,2512.7712,35.38728,17.702784,0.22352,312.64389973926075
336.20000000000005,39.96234675,-106.2164825,2512.7712,35.38728,17.613376,0.0,311.06193833938045
336.3,39.96235609,-106.216497,2512.7712,35.38728,16.942816,0.0,309.3517526262647
336.40000000000003,39.96236564,-106.216513,2512.7712,35.38728,16.719296,0.0,307.7049670002179
336.5,39.96237457,-106.2165298,2512.7712,35.38728,17.345152,0.0,306.35887853552555
336.6,39.96238339,-106.2165462,2512.7712,35.38728,17.255744,0.0,305.15244302588377
336.70000000000005,39.9623915,-106.216563,2512.7712,35.38728,16.98752,0.0,304.2357251193955
336.8,39.96239966,-106.2165798,2512.7712,35.38728,16.942816,0.0,302.6805547433634
336.90000000000003,39.96240727,-106.2165969,2512.7712,35.38728,16.898111999999998,0.0,301.61749105010745
337.0,39.96241479,-106.216614,2512.7712,35.38728,16.808704,0.0,300.1243179983612
337.1,39.96242235,-106.2166308,2512.7712,35.29584,16.674591999999997,0.0,299.1895585774865
337.20000000000005,39.96242929,-106.2166481,2512.7712,35.29584,16.629888,0.0,298.00917670801385
337.3,39.96243538,-106.2166643,2512.7712,35.29584,16.004032,0.0,296.91020230024213
337.40000000000003,39.96244171,-106.2166818,2512.7712,35.29584,15.914624,0.0,295.8029998945442
337.5,39.96244858,-106.2167012,2512.7712,35.29584,17.345152,0.0,294.49502052403693
337.6,39.96245447,-106.2167192,2512.7712,35.29584,17.43456,0.0,293.5232090204596
337.70000000000005,39.96246013,-106.216737,2512.7712,35.29584,16.54048,0.0,292.69120225856926
337.8,39.96246553,-106.2167552,2512.7712,35.29584,16.54048,0.0,291.6580986808794
337.90000000000003,39.96247114,-106.2167737,2512.7712,35.29584,16.808704,0.0,290.8269879328432
338.0,39.96247612,-106.216792,2512.7712,35.29584,16.764,0.0,289.81056937058975
338.3,39.96248841,-106.2168458,2512.7712,35.29584,16.09344,-0.312928,283.99575175769724
338.40000000000003,39.96249126,-106.2168632,2512.7712,35.29584,15.735808,-0.312928,281.68352147393745
338.5,39.96249343,-106.216881,2512.7712,35.38728,15.244064,-0.22352,279.7275785514016
338.6,39.96249513,-106.2168976,2512.7712,35.38728,14.797024,-0.089408,277.4234291688967
338.70000000000005,39.96249513,-106.2169109,2512.7712,35.38728,12.785344,-0.089408,275.55826174630613
338.8,39.96249576,-106.2169263,2512.7712,35.29584,12.248895999999998,0.0,273.56399146706394
338.90000000000003,39.96249527,-106.2169403,2512.7712,35.29584,12.51712,0.0,271.4219436584424
339.0,39.96249496,-106.2169548,2512.7712,35.29584,12.159488,0.0,269.58025820866465
339.1,39.9624938,-106.2169682,2512.7712,35.29584,11.891264,0.0,267.2020565275036
339.20000000000005,39.96249258,-106.2169817,2512.7712,35.29584,11.533632,0.0,265.10723088572007
339.3,39.96249073,-106.2169952,2512.7712,35.29584,11.62304,0.0,262.3460288974859
339.40000000000003,39.96248869,-106.2170079,2512.7712,35.29584,11.354816,0.0,260.0054164525846
339.5,39.9624863,-106.2170213,2512.7712,35.29584,11.39952,0.0,257.16439051359856
339.6,39.96248348,-106.2170333,2512.7712,35.29584,11.176,0.0,254.55368363230744
339.70000000000005,39.96248053,-106.2170444,2512.7712,35.29584,10.371328,0.0,252.03086025984297
339.8,39.96247707,-106.2170556,2512.7712,35.29584,10.147808,0.0,250.05969943166963
339.90000000000003,39.96247363,-106.2170655,2512.7712,35.29584,9.790176,0.0,247.772431417431
340.0,39.96246953,-106.2170759,2512.7712,35.2044,9.656064,0.0,244.93630899935263
340.1,39.96246536,-106.2170871,2512.7712,35.2044,10.28192,0.0,242.15675609072275
340.20000000000005,39.96246062,-106.2170969,2512.7712,35.29584,10.237215999999998,0.0,239.66782490370008
340.3,39.96245624,-106.2171056,2512.7712,35.29584,9.343136,0.0,236.96512883774884
340.40000000000003,39.96245091,-106.2171146,2512.7712,35.29584,9.298432,0.0,234.76970005053124
340.5,39.96244583,-106.2171237,2512.7712,35.29584,9.656064,0.0,232.49585763972985
340.6,39.96244002,-106.2171322,2512.7712,35.29584,9.61136,0.0,230.05889804398845
340.70000000000005,39.96243449,-106.2171408,2512.7712,35.29584,9.656064,0.0,228.38855699072352
340.8,39.96242821,-106.2171487,2512.7712,35.2044,9.656064,0.0,226.30619209391875
340.90000000000003,39.96242209,-106.2171571,2512.7712,35.29584,9.790176,0.0,224.0729647302278
341.0,39.96241535,-106.2171646,2512.7712,35.29584,9.83488,0.0,222.23867784056864
341.1,39.96240843,-106.2171733,2512.7712,35.29584,10.28192,0.0,220.4041123081352
341.20000000000005,39.96240123,-106.2171805,2512.7712,35.29584,10.371328,0.0,218.4596141718034
341.3,39.96239482,-106.2171864,2512.7712,35.29584,9.38784,0.0,216.4061829367124
341.40000000000003,39.96238728,-106.217193,2512.7712,35.29584,9.38784,0.0,214.97100193849155
341.5,39.96237946,-106.2171996,2512.7712,35.29584,10.237215999999998,0.0,212.9177447293601
341.6,39.96237153,-106.2172058,2512.7712,35.29584,10.326624,0.0,211.820131910619
341.70000000000005,39.96236335,-106.2172119,2512.7712,35.29584,10.416032,0.0,210.49095888076195
341.8,39.96235511,-106.2172178,2512.7712,35.29584,10.460736,0.0,209.56035446468076
341.90000000000003,39.96234654,-106.2172241,2512.7712,35.29584,10.684256,0.0,208.53245320699727
342.20000000000005,39.96232056,-106.2172405,2512.7712,35.29584,10.773664,0.0,205.1626097954525
342.3,39.9623117,-106.2172456,2512.7712,35.29584,10.72896,0.0,204.10797096284733
342.40000000000003,39.96230269,-106.2172505,2512.7712,35.29584,10.818368,0.0,202.94893728092327
342.5,39.96229384,-106.2172553,2512.7712,35.29584,10.773664,0.0,202.32865637801916
342.6,39.96228467,-106.2172599,2512.7712,35.29584,10.773664,0.0,201.7139350817764
342.70000000000005,39.9622754,-106.2172646,2512.7712,35.29584,10.997184,0.0,200.44580816558752
342.8,39.96226603,-106.217269,2512.7712,35.29584,11.041888,0.0,199.6070774438571
342.90000000000003,39.96225686,-106.2172733,2512.7712,35.29584,10.95248,-0.089408,198.36177417622764
343.0,39.9622473,-106.2172773,2512.7712,35.29584,10.997184,0.0,197.77975245919336
343.1,39.96223756,-106.2172812,2512.7712,35.29584,11.265408,0.0,197.34025823106896
343.20000000000005,39.96222794,-106.217285,2512.7712,35.29584,11.265408,0.089408,196.89864869403823
343.3,39.96221796,-106.2172886,2512.7712,35.29584,11.310112,0.0,196.1035837361874
343.40000000000003,39.96220824,-106.2172921,2512.7712,35.29584,11.354816,0.0,195.66002913184357
343.5,39.96219829,-106.2172956,2512.7712,35.29584,11.310112,0.0,195.21454096231145
343.6,39.9621885,-106.2172988,2512.7712,35.38728,11.310112,0.0,194.59195620196544
343.70000000000005,39.96217786,-106.2173024,2512.7712,35.38728,11.712448,0.0,193.92477322040943
343.8,39.96216792,-106.2173056,2512.7712,35.38728,11.801856,0.0,193.3713319698919
343.90000000000003,39.96215879,-106.2173083,2512.7712,35.38728,10.907775999999998,0.0,193.3713319698919
344.0,39.96214888,-106.2173113,2512.7712,35.38728,10.863072,0.0,192.92599912470595
344.1,39.96213809,-106.2173145,2512.7712,35.38728,11.801856,0.0,192.47907180192763
344.20000000000005,39.96212807,-106.2173174,2512.7712,35.38728,11.891264,0.0,192.3807569288072
344.3,39.96211817,-106.2173199,2512.7712,35.38728,11.310112,0.0,191.7124723110875
344.6,39.96208844,-106.217328,2512.7712,35.38728,11.265408,0.0,190.81640233535308
344.70000000000005,39.96207912,-106.2173305,2512.7712,35.38728,11.086592,0.0,190.73120690841245
344.8,39.96206911,-106.217333,2512.7712,35.38728,10.95248,-0.089408,190.73120690841245
344.90000000000003,39.96205916,-106.2173353,2512.7712,35.38728,11.265408,0.0,190.2845143974005
345.0,39.96204916,-106.2173376,2512.7712,35.38728,11.265408,0.0,189.83655450543893
345.1,39.96203815,-106.2173402,2512.7712,35.38728,11.84656,0.0,189.83655450543893
345.20000000000005,39.96202802,-106.2173425,2512.7712,35.38728,11.935968,0.0,189.05466183324896
345.3,39.96201799,-106.2173446,2512.7712,35.29584,11.354816,0.0,188.60888602445124
345.40000000000003,39.96200784,-106.2173466,2512.7712,35.29584,11.354816,0.0,188.60888602445124
345.5,39.96199746,-106.2173487,2512.7712,35.29584,11.533632,0.0,188.0983946764227
345.6,39.96198721,-106.2173507,2512.7712,35.29584,11.578335999999998,0.0,188.0983946764227
345.70000000000005,39.96197722,-106.2173523,2512.7712,35.29584,11.354816,0.0,187.59464336859145
345.8,39.96196694,-106.217354,2512.7712,35.29584,11.354816,0.0,186.93135679831585
345.90000000000003,39.96195687,-106.2173556,2512.7712,35.29584,11.39952,0.0,186.93135679831585
346.0,39.96194656,-106.2173572,2512.7712,35.29584,11.39952,0.0,186.43804951499845
346.1,39.96193567,-106.2173585,2512.7712,35.29584,11.84656,0.0,186.43804951499845
346.20000000000005,39.96192528,-106.21736,2512.7712,35.29584,11.891264,0.0,185.99740057391557
346.3,39.96191444,-106.2173616,2512.7712,35.29584,11.891264,0.0,185.92869554621515
346.40000000000003,39.96190397,-106.2173631,2512.7712,35.29584,11.935968,0.0,185.92869554621515
346.5,39.9618945,-106.2173641,2512.7712,35.29584,11.131296,0.0,185.55603842312505
346.6,39.96188415,-106.2173655,2512.7712,35.29584,11.086592,0.0,185.55603842312505
346.70000000000005,39.96187354,-106.2173669,2512.7712,35.29584,11.712448,0.0,185.55603842312505
346.8,39.96186318,-106.2173682,2512.7712,35.29584,11.712448,0.0,185.55603842312505
346.90000000000003,39.96185284,-106.2173693,2512.7712,35.29584,11.578335999999998,0.0,184.93095530197297
347.0,39.96184252,-106.2173706,2512.7712,35.29584,11.533632,0.0,184.93095530197297
347.1,39.96183131,-106.217372,2512.7712,35.29584,12.025376,-0.089408,184.48460600954465
347.20000000000005,39.96182092,-106.2173732,2512.7712,35.29584,12.07008,-0.089408,184.48460600954465
347.3,39.96181153,-106.2173739,2512.7712,35.29584,11.041888,0.0,184.48460600954465
347.40000000000003,39.96180127,-106.217375,2512.7712,35.29584,10.95248,0.0,184.48460600954465
347.5,39.96178996,-106.2173763,2512.7712,35.29584,12.025376,0.0,184.48460600954465
347.6,39.9617796,-106.2173774,2512.7712,35.29584,12.114784,0.0,184.48460600954465
347.70000000000005,39.96176951,-106.2173787,2512.7712,35.29584,11.39952,-0.089408,184.48460600954465
347.8,39.9617592,-106.2173799,2512.7712,35.38728,11.39952,0.0,184.51991111453515
347.90000000000003,39.96174934,-106.2173808,2512.7712,35.38728,11.265408,0.0,184.51991111453515
348.0,39.96173914,-106.2173819,2512.7712,35.29584,11.176,0.0,184.51991111453515
348.1,39.96172926,-106.2173828,2512.7712,35.29584,11.220704,0.0,184.51991111453515
348.20000000000005,39.96171912,-106.2173839,2512.7712,35.29584,11.131296,0.0,184.5557753287536
348.3,39.9617089,-106.2173851,2512.7712,35.29584,11.354816,-0.089408,184.5557753287536
348.40000000000003,39.96169879,-106.2173861,2512.7712,35.38728,11.354816,0.0,184.10183868767083
348.5,39.96168863,-106.2173869,2512.7712,35.38728,11.310112,0.0,184.10183868767083
348.6,39.96167859,-106.2173879,2512.7712,35.38728,11.220704,0.0,184.15128526642167
348.70000000000005,39.96166855,-106.2173889,2512.7712,35.29584,11.176,0.0,184.15128526642167
348.8,39.96165854,-106.2173899,2512.7712,35.29584,11.176,0.0,184.15128526642167
348.90000000000003,39.96164851,-106.2173909,2512.7712,35.38728,11.176,0.0,184.15128526642167
349.0,39.96163854,-106.2173919,2512.7712,35.38728,11.131296,0.0,183.69138598645128
349.20000000000005,39.96161875,-106.2173935,2512.7712,35.38728,11.041888,0.0,183.7213132647497
349.3,39.96160847,-106.2173944,2512.7712,35.38728,11.176,0.0,183.7213132647497
349.40000000000003,39.9615985,-106.2173953,2512.7712,35.38728,11.265408,0.0,183.7213132647497
349.5,39.96158864,-106.2173958,2512.7712,35.38728,11.041888,0.0,183.7213132647497
349.6,39.9615787,-106.2173967,2512.7712,35.38728,11.041888,0.0,183.7213132647497
349.70000000000005,39.96156862,-106.2173976,2512.7712,35.38728,11.131296,0.0,183.7213132647497
349.8,39.96155867,-106.2173984,2512.7712,35.38728,11.131296,0.0,183.7213132647497
349.90000000000003,39.96154827,-106.2173997,2512.7712,35.38728,11.354816,0.0,183.69138598645128
350.0,39.96153829,-106.2174006,2512.7712,35.38728,11.354816,0.0,183.7213132647497
350.3,39.9615079,-106.2174039,2512.7712,35.38728,11.265408,0.0,184.1849161251184
350.40000000000003,39.96149792,-106.2174049,2512.7712,35.38728,11.265408,0.0,184.1849161251184
350.5,39.96148725,-106.2174058,2512.7712,35.38728,11.488928,0.0,184.1849161251184
350.6,39.96147724,-106.2174068,2512.7712,35.38728,11.533632,0.0,184.21909534924845
350.70000000000005,39.96146757,-106.2174074,2512.7712,35.38728,10.95248,0.0,184.21909534924845
350.8,39.96145762,-106.2174084,2512.7712,35.38728,10.907775999999998,0.0,184.21909534924845
350.90000000000003,39.96144891,-106.2174095,2512.7712,35.38728,10.416032,0.0,184.21909534924845
351.0,39.9614391,-106.2174105,2512.7712,35.38728,10.326624,0.0,183.7826454465963
351.1,39.96142926,-106.217411,2512.7712,35.38728,10.95248,0.0,183.7826454465963
351.20000000000005,39.96141948,-106.2174118,2512.7712,35.38728,10.907775999999998,0.0,183.0749169306159
351.3,39.9614097,-106.2174126,2512.7712,35.38728,10.907775999999998,0.0,183.0749169306159
351.40000000000003,39.96139995,-106.2174134,2512.7712,35.38728,10.907775999999998,0.0,183.0749169306159
351.5,39.96138946,-106.2174139,2512.7712,35.38728,11.265408,0.0,182.63518458245144
351.6,39.96137971,-106.2174145,2512.7712,35.38728,11.265408,0.0,182.63518458245144
351.70000000000005,39.96137084,-106.2174151,2512.7712,35.38728,10.371328,0.0,182.63518458245144
351.8,39.9613612,-106.2174157,2512.7712,35.38728,10.28192,-0.089408,182.63518458245144
351.90000000000003,39.96135168,-106.2174161,2512.7712,35.38728,10.684256,0.0,182.17474411461004
352.0,39.96134212,-106.2174166,2513.076,35.5092,10.594848,0.0,182.17474411461004
352.1,39.96133258,-106.2174169,2513.076,35.5092,10.639552,0.0,182.17474411461004
352.20000000000005,39.96132304,-106.2174173,2512.7712,35.38728,10.639552,0.0,181.69178856826449
352.3,39.96131338,-106.2174179,2512.7712,35.38728,10.684256,0.0,181.706178294447
352.40000000000003,39.96130385,-106.2174183,2512.7712,35.38728,10.684256,0.0,181.706178294447
352.5,39.96129438,-106.2174185,2512.7712,35.38728,10.550144,0.0,181.2188752351313
352.6,39.96128487,-106.2174188,2513.076,35.5092,10.550144,0.0,181.2188752351313
352.70000000000005,39.96127426,-106.2174193,2513.076,35.5092,11.176,0.0,181.20859243202685
352.8,39.96126462,-106.2174195,2512.7712,35.38728,11.265408,0.0,181.20859243202685
352.90000000000003,39.96125602,-106.2174197,2512.7712,35.38728,10.147808,0.0,180.48349721089025
353.0,39.96124642,-106.2174199,2512.7712,35.38728,10.103104,0.0,180.48349721089025
353.1,39.96123659,-106.21742,2512.7712,35.38728,10.818368,0.0,180.48349721089025
353.20000000000005,39.96122697,-106.2174201,2512.7712,35.38728,10.818368,0.0,180.48349721089025
353.3,39.96121761,-106.2174201,2512.7712,35.38728,10.550144,0.0,180.0
353.40000000000003,39.96120802,-106.2174202,2512.7712,35.38728,10.550144,0.0,180.0
353.5,39.96119828,-106.2174202,2512.7712,35.38728,10.72896,0.0,180.0
353.6,39.96118868,-106.2174202,2512.7712,35.38728,10.773664,0.0,180.0
353.70000000000005,39.9611794,-106.2174201,2512.7712,35.38728,10.50544,0.0,180.0
353.8,39.9611698,-106.21742,2512.7712,35.38728,10.50544,0.0,180.0
353.90000000000003,39.96116028,-106.2174201,2513.076,35.5092,10.639552,0.0,180.0
354.0,39.96115069,-106.21742,2513.076,35.5092,10.639552,0.0,180.0
354.1,39.96114011,-106.2174203,2513.076,35.5092,11.220704,0.0,180.0
354.20000000000005,39.9611304,-106.2174203,2513.076,35.5092,11.265408,0.0,180.0
354.3,39.96112144,-106.2174202,2513.076,35.5092,10.371328,0.0,180.0
354.40000000000003,39.96111173,-106.2174201,2513.076,35.5092,10.371328,0.0,180.0
354.5,39.96110116,-106.2174201,2513.076,35.5092,11.265408,0.0,179.52649194126502
354.6,39.96109133,-106.21742,2513.076,35.5092,11.310112,0.0,179.52649194126502
354.70000000000005,39.96108157,-106.2174198,2513.076,35.5092,10.907775999999998,0.0,179.52649194126502
354.8,39.96107169,-106.2174196,2513.076,35.5092,10.907775999999998,0.0,179.5303729803104
354.90000000000003,39.96106253,-106.2174195,2513.076,35.5092,10.594848,0.0,179.5303729803104
355.0,39.96105267,-106.2174193,2513.076,35.5092,10.550144,0.0,179.5303729803104
355.1,39.9610427,-106.217419,2513.076,35.5092,11.041888,0.0,178.83561195987613
355.20000000000005,39.96103278,-106.2174187,2513.076,35.5092,11.086592,0.0,178.83561195987613
355.3,39.96102249,-106.2174189,2513.076,35.5092,11.220704,0.0,178.83561195987613
355.40000000000003,39.96101249,-106.2174186,2513.076,35.5092,11.265408,0.0,178.84499963195526
355.5,39.96100266,-106.217418,2513.076,35.5092,11.041888,0.0,178.84499963195526
355.6,39.96099262,-106.2174176,2512.7712,35.38728,11.041888,0.0,178.84499963195526
355.70000000000005,39.9609824,-106.2174172,2513.076,35.5092,11.265408,0.0,178.85880074441286
355.8,39.96097228,-106.2174169,2513.076,35.5092,11.310112,0.0,178.40252380275433
355.90000000000003,39.96096187,-106.2174168,2513.076,35.5092,11.39952,0.0,178.41514560694952
356.0,39.96095165,-106.2174164,2513.076,35.5092,11.488928,0.0,178.41514560694952
356.1,39.96094141,-106.2174161,2512.7712,35.38728,11.39952,0.089408,178.41514560694952
356.20000000000005,39.96093113,-106.2174157,2512.7712,35.38728,11.39952,0.089408,178.42756957232666
356.3,39.96092073,-106.2174151,2512.7712,35.38728,11.488928,0.0,178.42756957232666
356.40000000000003,39.96091035,-106.2174147,2512.7712,35.38728,11.578335999999998,0.0,178.42756957232666
356.5,39.9608998,-106.2174144,2512.7712,35.38728,11.667744,0.0,177.97863505964403
356.6,39.96088942,-106.2174139,2512.7712,35.38728,11.667744,0.0,177.97863505964403
356.70000000000005,39.96087834,-106.217413,2512.7712,35.38728,11.935968,0.0,177.97863505964403
356.8,39.96086792,-106.2174125,2512.7712,35.38728,11.980672,0.0,177.97863505964403
356.90000000000003,39.96085849,-106.2174121,2512.7712,35.38728,11.041888,0.089408,177.97863505964403
357.0,39.96084818,-106.2174115,2512.7712,35.38728,10.997184,0.0,177.52994870403916
357.1,39.96083729,-106.2174104,2512.7712,35.38728,11.801856,0.0,177.05853500608896
357.20000000000005,39.96082697,-106.2174096,2512.7712,35.38728,11.801856,0.0,177.05853500608896
357.3,39.960818,-106.2174087,2512.7712,35.38728,10.72896,0.0,176.38137051985564
357.40000000000003,39.96080784,-106.2174077,2512.7712,35.38728,10.639552,-0.089408,175.8981613123292
357.5,39.9607968,-106.2174063,2513.076,35.5092,11.84656,0.0,175.8981613123292
357.6,39.96078666,-106.2174052,2513.076,35.5092,11.801856,0.0,175.3893506813395
357.70000000000005,39.96077705,-106.2174036,2513.076,35.5092,11.041888,0.0,174.93057986738745
357.8,39.96076701,-106.2174023,2512.7712,35.38728,10.997184,0.0,174.93057986738745
357.90000000000003,39.96075703,-106.217401,2512.7712,35.38728,11.176,0.0,174.19718033529114
358.0,39.96074704,-106.2173996,2512.7712,35.38728,11.176,0.0,173.7365093856654
358.1,39.96073726,-106.2173982,2512.7712,35.38728,11.041888,0.0,173.7866247347216
358.20000000000005,39.96072728,-106.2173966,2512.7712,35.38728,11.041888,0.0,173.27665003694813
358.3,39.96071735,-106.2173949,2512.7712,35.38728,11.131296,0.089408,173.27665003694813
358.40000000000003,39.96070738,-106.2173932,2512.7712,35.38728,11.131296,0.089408,172.8176592284915
358.5,39.96069734,-106.2173917,2512.7712,35.38728,11.220704,0.0,172.19359917076417
358.6,39.96068737,-106.2173898,2512.7712,35.38728,11.220704,0.0,171.6743496695732
358.70000000000005,39.9606774,-106.2173879,2512.7712,35.38728,11.220704,0.0,171.6743496695732
358.8,39.96066751,-106.2173857,2513.076,35.5092,11.176,0.0,171.21883726561452
358.90000000000003,39.96065851,-106.2173835,2512.7712,35.38728,10.684256,0.0,170.69005982501403
359.1,39.96063804,-106.2173785,2512.7712,35.38728,11.131296,0.0,169.55057184223074
359.20000000000005,39.96062814,-106.2173759,2512.7712,35.38728,11.444224,0.0,169.18359766464687
359.3,39.96061813,-106.2173732,2512.7712,35.38728,11.310112,0.089408,168.7348648425068
359.40000000000003,39.96060814,-106.2173704,2512.7712,35.38728,11.354816,0.0,168.37940406648772
359.5,39.96059791,-106.2173677,2512.7712,35.38728,11.488928,0.0,167.7160445588928
359.6,39.96058783,-106.2173646,2512.7712,35.38728,11.533632,0.0,166.9887129206537
359.70000000000005,39.96057773,-106.2173618,2512.7712,35.38728,11.488928,0.0,166.9887129206537
359.8,39.96056761,-106.2173586,2512.7712,35.38728,11.533632,0.0,166.55607901511553
359.90000000000003,39.96055806,-106.2173554,2512.7712,35.38728,11.265408,0.0,165.91005853513093
360.0,39.96054797,-106.2173519,2512.7712,35.38728,11.310112,0.0,165.05437608287434
360.1,39.9605368,-106.2173477,2512.7712,35.38728,12.248895999999998,0.0,164.62905440719285
360.20000000000005,39.96052661,-106.2173439,2512.7712,35.38728,12.338304,0.0,163.99432450057793
360.3,39.96051598,-106.2173395,2512.7712,35.38728,12.07008,0.0,163.6963235401564
360.4,39.96050576,-106.2173354,2512.7712,35.38728,12.159488,0.0,163.15427308420885
360.5,39.96049594,-106.2173314,2512.7712,35.38728,11.667744,0.0,162.73700353422078
360.6,39.96048578,-106.2173271,2512.7712,35.38728,11.667744,0.0,162.73700353422078
360.7000000000001,39.96047545,-106.2173231,2512.7712,35.38728,11.935968,0.0,162.73700353422078
360.8,39.96046529,-106.2173188,2512.7712,35.38728,11.935968,0.0,162.114634124767
360.9,39.9604555,-106.2173145,2512.7712,35.38728,11.667744,0.0,162.114634124767
361.0,39.96044534,-106.2173102,2512.7712,35.38728,11.667744,0.0,162.114634124767
361.1,39.96043526,-106.2173057,2512.7712,35.38728,11.84656,0.0,162.114634124767
361.2000000000001,39.96042505,-106.2173013,2512.7712,35.38728,11.891264,0.0,162.24711157025058
361.3,39.96041461,-106.2172974,2512.7712,35.38728,12.025376,0.0,162.24711157025058
361.4,39.96040432,-106.217293,2512.7712,35.38728,12.07008,0.0,162.24711157025058
361.5,39.96039425,-106.2172888,2512.7712,35.38728,11.891264,0.0,162.37770277133177
361.6,39.96038391,-106.2172844,2512.7712,35.38728,11.935968,0.0,162.37770277133177
361.7000000000001,39.96037328,-106.2172803,2512.7712,35.38728,12.204192,0.0,162.5064464000992
361.8,39.96036281,-106.2172759,2512.7712,35.38728,12.248895999999998,0.0,162.5064464000992
362.0,39.96034175,-106.2172672,2513.076,35.5092,12.248895999999998,0.0,162.29531704761894
362.1,39.96033079,-106.2172628,2513.076,35.5092,12.427712,0.0,162.42211628333473
362.2000000000001,39.96032008,-106.2172584,2512.7712,35.38728,12.606528,0.089408,162.15301459170723
362.3,39.96030943,-106.2172538,2512.7712,35.38728,12.472416,0.089408,162.15301459170723
362.4,39.96029864,-106.2172493,2512.7712,35.38728,12.51712,0.0,162.27877821518064
362.5,39.96028857,-106.217245,2512.7712,35.38728,12.159488,0.0,162.27877821518064
362.6,39.96027779,-106.2172405,2512.7712,35.38728,12.204192,0.0,162.4028375084888
362.7000000000001,39.96026574,-106.2172356,2512.7712,35.38728,13.321792,0.0,162.01517710890812
362.8,39.96025477,-106.217231,2512.7712,35.38728,13.4112,0.0,162.20164475304148
362.9,39.96024372,-106.2172264,2513.076,35.5092,12.874752,0.0,162.20164475304148
363.0,39.96023266,-106.2172218,2513.076,35.5092,12.874752,0.0,162.32389130134652
363.1,39.96022192,-106.2172164,2512.7712,35.38728,12.830048,0.0,162.32389130134652
363.2000000000001,39.96021081,-106.2172118,2513.076,35.5092,12.874752,0.0,162.32389130134652
363.3,39.96019956,-106.2172073,2513.076,35.5092,13.053568,0.0,162.44452257408875
363.4,39.96018834,-106.2172027,2513.076,35.5092,13.098272,0.0,162.44452257408875
363.5,39.96017759,-106.2171976,2513.076,35.5092,12.874752,0.0,162.5635693271571
363.6,39.96016632,-106.217193,2513.076,35.5092,12.919455999999998,0.0,162.5635693271571
363.7000000000001,39.96015505,-106.2171885,2513.076,35.5092,13.098272,0.0,162.73923392555366
363.8,39.96014372,-106.2171839,2513.076,35.5092,13.142976,0.089408,162.73923392555366
363.9,39.96013301,-106.2171798,2513.076,35.5092,12.785344,0.0,161.81095430034873
364.0,39.96012176,-106.2171749,2513.076,35.5092,12.785344,0.0,160.5166985917806
364.2000000000001,39.96009866,-106.2171634,2513.076,35.5092,13.545312,-0.312928,157.31944039297514
364.3,39.96008825,-106.2171563,2513.076,35.60064,13.500608,-0.22352,155.01876039378396
364.4,39.96007775,-106.2171495,2513.076,35.60064,13.053568,-0.22352,152.2785140612035
364.5,39.96006836,-106.2171408,2513.076,35.60064,12.874752,-0.312928,148.5512847269464
364.6,39.96005888,-106.2171326,2513.076,35.60064,12.74064,-0.312928,145.1092984924952
364.7000000000001,39.96005073,-106.2171228,2513.076,35.69208,12.427712,-0.312928,141.67446904711755
364.8,39.9600426,-106.2171138,2513.076,35.69208,12.07008,-0.22352,139.25383643611917
364.9,39.96003725,-106.2171043,2513.076,35.69208,10.907775999999998,-0.089408,136.83684443006098
365.1,39.96002411,-106.2170865,2513.076,35.69208,10.371328,0.0,133.649844388534
365.2000000000001,39.96001875,-106.2170784,2513.076,35.69208,10.0584,0.089408,132.7093899573615
365.3,39.96001362,-106.2170724,2513.076,35.69208,8.404352,0.089408,132.0351386908398
365.4,39.96000934,-106.2170655,2513.076,35.69208,7.59968,0.089408,130.95041829672863
365.6,39.96000301,-106.2170549,2513.076,35.69208,6.303264,0.22352,127.67809171302628
365.7000000000001,39.96000084,-106.2170509,2513.076,35.69208,5.185664,0.22352,125.24203655865222
365.8,39.95999892,-106.2170463,2513.076,35.69208,4.336288,0.22352,122.19573393471325
365.9,39.95999759,-106.2170444,2513.076,35.60064,3.3528,0.22352,118.84266013541207
366.0,39.95999678,-106.217041,2513.076,35.60064,2.503424,0.22352,112.61986494804046
366.1,39.95999611,-106.2170387,2513.076,35.60064,2.503424,0.22352,102.17145820858748
366.2000000000001,39.95999639,-106.2170364,2513.076,35.60064,1.966976,0.22352,87.33699923393283
366.3,39.95999705,-106.2170354,2513.076,35.60064,1.519936,0.312928,64.79887635452491
366.4,39.95999849,-106.2170341,2513.076,35.60064,1.56464,0.312928,38.88449643371462
366.5,39.95999977,-106.2170338,2513.076,35.60064,1.654048,0.22352,20.409882833803977
366.6,39.96000215,-106.2170336,2513.076,35.5092,2.01168,0.22352,7.386043151267245
366.7000000000001,39.96000501,-106.2170337,2513.076,35.5092,2.90576,0.089408,358.2901859558585
366.8,39.96000842,-106.2170345,2513.076,35.5092,3.531616,0.089408,353.418055344822
366.9,39.96001188,-106.217036,2513.076,35.5092,3.933952,0.089408,348.69006752597977
367.0,39.96001622,-106.2170377,2513.076,35.5092,4.515104,0.0,345.3112132266816
367.1,39.96002079,-106.21704,2513.076,35.60064,5.230368,0.0,342.4744316262771
367.2000000000001,39.96002601,-106.2170426,2513.076,35.60064,5.81152,0.0,341.0167829407738
367.3,39.9600314,-106.2170453,2513.076,35.60064,6.303264,0.0,340.31968691030966
367.4,39.96003758,-106.2170485,2513.076,35.5092,6.92912,0.0,340.2011236454751
367.5,39.96004435,-106.2170521,2513.076,35.60064,7.778496,0.0,341.03941657062035
367.6,39.9600516,-106.2170557,2513.076,35.5092,8.359648,0.0,341.8568777512143
367.7000000000001,39.96005956,-106.2170586,2513.076,35.60064,8.896096,0.0,342.8544490811382
367.8,39.96006783,-106.2170622,2513.076,35.60064,9.432544,0.0,343.3792430861079
367.9,39.96007601,-106.2170648,2513.076,35.60064,9.521952,0.0,344.2679952148927
368.0,39.96008519,-106.2170684,2513.076,35.60064,10.013696,0.0,345.48330004114536
368.1,39.96009504,-106.2170712,2513.076,35.60064,10.907775999999998,0.0,347.16439051359856
368.2000000000001,39.96010513,-106.2170741,2513.076,35.60064,11.354816,0.0,349.1835976646469
368.3,39.96011651,-106.2170764,2513.076,35.60064,12.159488,0.0,351.01574444686
368.4,39.96012727,-106.2170787,2513.076,35.60064,12.472416,0.0,352.11686068327026
368.5,39.96013799,-106.2170793,2513.076,35.60064,12.025376,0.0,353.77804122599747
368.6,39.96014926,-106.217081,2513.076,35.60064,12.248895999999998,0.0,354.7677271218682
368.7000000000001,39.96016042,-106.2170814,2513.076,35.60064,12.51712,0.0,355.87028693870093
368.8,39.96017213,-106.2170824,2513.076,35.5092,12.74064,0.0,356.75265720967707
368.9,39.96018292,-106.2170822,2513.076,35.5092,12.51712,0.0,357.8202440082585
369.0,39.96019497,-106.2170826,2513.076,35.5092,12.695936,0.0,359.0223512149702
369.1,39.96020806,-106.2170826,2513.076,35.5092,13.947648,0.0,0.0
369.2000000000001,39.96022058,-106.2170824,2513.076,35.5092,14.260576,0.0,0.376940479597124
369.3,39.96023305,-106.2170816,2512.7712,35.38728,13.902944,0.0,1.2977406767390107
369.4,39.96024593,-106.2170809,2512.7712,35.38728,14.126464,0.0,1.6470286612587302
369.5,39.96025888,-106.2170798,2512.7712,35.38728,14.349984,0.0,2.3263618035750824
369.6,39.96027211,-106.2170787,2512.7712,35.38728,14.573504,0.0,2.8271245781612606
369.8,39.96029863,-106.2170763,2512.7712,35.29584,14.75232,0.0,3.8025858070705567
369.9,39.96031137,-106.217075,2512.7712,35.29584,14.573504,0.0,4.594253331266373
370.0,39.96032506,-106.2170733,2512.7712,35.29584,14.75232,0.0,4.903900356731356
370.1,39.96034041,-106.2170715,2512.7712,35.29584,16.227552,0.0,5.179323245149647
370.2000000000001,39.96035449,-106.2170694,2512.7712,35.2044,16.451072,0.0,5.957131114708204
370.3,39.96036839,-106.2170679,2512.7712,35.29584,15.6464,0.0,5.923040861440768
370.4,39.96038263,-106.2170656,2512.7712,35.2044,15.735808,0.0,6.21402949099155
370.5,39.96039733,-106.2170633,2512.7712,35.2044,16.182848,0.0,6.464863745788193
370.6,39.96041183,-106.2170608,2512.7712,35.2044,16.361664,0.0,6.887193655873375
370.7000000000001,39.9604263,-106.2170589,2512.7712,35.2044,16.227552,0.0,7.125016348901795
370.8,39.96044098,-106.2170563,2512.7712,35.2044,16.316959999999998,0.0,7.438211887482168
370.9,39.96045451,-106.217054,2512.7712,35.2044,15.825216,0.0,7.708654356796785
371.2000000000001,39.96050042,-106.2170455,2512.7712,35.2044,16.674591999999997,-0.089408,8.32565033042681
371.3,39.96051536,-106.2170424,2512.7712,35.2044,17.076928000000002,-0.089408,8.583621480113948
371.4,39.96053045,-106.2170393,2512.7712,35.2044,16.898111999999998,0.0,8.885370199639112
371.5,39.96054561,-106.2170364,2512.7712,35.2044,16.98752,0.0,8.81522102322316
371.6,39.96056081,-106.2170332,2512.7712,35.2044,17.076928000000002,0.0,9.0665027398162
371.7000000000001,39.96057487,-106.2170302,2512.7712,35.2044,16.495776,0.0,9.462322208025626
371.8,39.96059012,-106.2170268,2512.7712,35.2044,16.54048,0.0,9.413414170810938
371.9,39.96060582,-106.2170233,2512.7712,35.2044,17.43456,0.0,9.63205106262086
372.0,39.96062127,-106.2170198,2512.7712,35.29584,17.568672,0.0,9.582944723532592
372.1,39.96063685,-106.2170164,2512.7712,35.29584,17.479264,0.0,9.534331947462933
372.2000000000001,39.96065244,-106.2170129,2512.7712,35.29584,17.568672,0.0,9.822064945192436
372.3,39.96066991,-106.2170089,2512.7712,35.29584,18.641568,0.0,9.7725420560933
372.4,39.96068576,-106.2170052,2512.7712,35.29584,18.820384,0.0,10.058386632582994
372.5,39.96070012,-106.2170018,2512.7712,35.29584,17.076928000000002,0.0,10.486202614895204
372.6,39.96071586,-106.216998,2512.7712,35.29584,17.032224,0.0,10.770760766925378
372.7000000000001,39.96073309,-106.2169937,2512.7712,35.2044,18.641568,0.0,10.690238276499088
372.8,39.96074902,-106.2169897,2512.7712,35.2044,18.77568,0.0,10.97224023781166
372.9,39.96076345,-106.2169863,2512.7712,35.2044,17.166335999999998,0.0,10.917885360431455
373.0,39.96077931,-106.2169822,2512.7712,35.2044,17.121631999999998,0.0,11.198026796954023
373.1,39.96079563,-106.2169779,2512.7712,35.2044,18.239232,-0.089408,11.198026796954023
373.2000000000001,39.96081154,-106.2169737,2512.7712,35.29584,18.283936,-0.22352,11.198026796954023
373.3,39.96082756,-106.2169696,2512.7712,35.29584,18.10512,-0.089408,11.198026796954023
373.4,39.9608434,-106.2169654,2512.7712,35.29584,18.060416,-0.089408,11.253705034255688
373.5,39.96085913,-106.2169613,2512.7712,35.29584,17.926304000000002,-0.089408,11.674868809750876
373.6,39.96087492,-106.2169571,2512.7712,35.29584,17.8816,0.0,11.674868809750876
373.7000000000001,39.96089086,-106.2169529,2512.7712,35.29584,18.015712,0.0,11.674868809750876
373.8,39.96090661,-106.2169487,2512.7712,35.29584,17.971008,0.0,11.762407012370543
373.9,39.96092223,-106.2169444,2512.7712,35.29584,17.836896,0.0,11.762407012370543
374.0,39.96093791,-106.2169402,2512.7712,35.29584,17.792192,-0.089408,11.762407012370543
374.1,39.96095365,-106.2169358,2512.7712,35.29584,17.836896,0.0,11.762407012370543
374.4,39.96100061,-106.2169231,2512.7712,35.29584,17.792192,0.0,11.821488340607232
374.5,39.96101631,-106.2169189,2512.7712,35.29584,17.792192,0.0,11.821488340607232
374.6,39.96103195,-106.2169147,2512.7712,35.29584,17.792192,0.0,11.821488340607232
374.7000000000001,39.96104777,-106.2169103,2512.7712,35.29584,17.8816,-0.089408,11.821488340607232
374.8,39.9610634,-106.216906,2512.7712,35.29584,17.8816,-0.089408,11.821488340607232
374.9,39.96107903,-106.2169018,2512.7712,35.38728,17.747488,-0.089408,12.104867502090316
375.0,39.96109465,-106.2168974,2512.7712,35.29584,17.747488,0.0,12.104867502090316
375.1,39.9611115,-106.2168927,2512.7712,35.29584,18.462752,0.0,12.044453508275012
375.2000000000001,39.96112729,-106.2168883,2512.7712,35.29584,18.55216,0.0,12.044453508275012
375.3,39.96114288,-106.2168841,2512.7712,35.29584,17.836896,0.0,12.044453508275012
375.4,39.96115871,-106.2168798,2512.7712,35.29584,17.836896,0.0,11.954938474794517
375.5,39.96117451,-106.2168754,2512.7712,35.29584,17.971008,0.0,11.954938474794517
375.6,39.96119042,-106.2168709,2512.7712,35.29584,18.015712,0.0,12.174182816484633
375.7000000000001,39.96120521,-106.2168667,2512.7712,35.29584,17.479264,0.0,12.174182816484633
375.8,39.96122109,-106.2168622,2512.7712,35.29584,17.43456,0.0,12.174182816484633
375.9,39.96123727,-106.2168576,2512.7712,35.29584,18.239232,-0.089408,12.114517648573212
376.0,39.96125322,-106.2168531,2512.7712,35.29584,18.283936,0.0,12.114517648573212
376.1,39.96126948,-106.2168484,2512.7712,35.29584,18.32864,0.0,12.390856660680925
376.2000000000001,39.96128553,-106.2168438,2512.7712,35.29584,18.373344,0.0,12.330500424960292
376.3,39.96130147,-106.2168393,2512.7712,35.29584,18.194528,0.0,12.330500424960292
376.4,39.96131758,-106.2168347,2512.7712,35.29584,18.239232,0.0,12.27072035781532
376.5,39.96133378,-106.2168297,2512.7712,35.29584,18.418048,0.0,12.27072035781532
376.6,39.96134999,-106.216825,2512.7712,35.29584,18.462752,0.0,12.58900813828626
376.7000000000001,39.96136634,-106.2168204,2512.7712,35.29584,18.507456,0.0,12.58900813828626
376.8,39.96138263,-106.2168157,2512.7712,35.29584,18.55216,0.0,12.58900813828626
376.9,39.96139924,-106.216811,2512.7712,35.29584,18.730976,0.0,12.528807709151522
377.0,39.96141562,-106.2168062,2512.7712,35.29584,18.77568,-0.089408,12.528807709151522
377.1,39.96143181,-106.2168015,2512.7712,35.29584,18.55216,-0.089408,12.528807709151522
377.2000000000001,39.96144822,-106.2167967,2512.7712,35.29584,18.596864,-0.089408,12.528807709151522
377.3,39.96146598,-106.2167916,2512.7712,35.29584,19.44624,0.0,12.737317553728474
377.4,39.96148255,-106.2167868,2512.7712,35.2044,19.535648,0.0,12.737317553728474
377.5,39.96149887,-106.2167817,2512.7712,35.2044,18.77568,0.0,12.737317553728474
377.6,39.96151546,-106.2167767,2512.7712,35.2044,18.77568,0.0,12.737317553728474
377.7000000000001,39.96153175,-106.2167721,2512.7712,35.2044,18.730976,0.0,12.677050016171222
377.8,39.96154837,-106.2167672,2512.7712,35.2044,18.730976,0.0,12.677050016171222
377.9,39.96156349,-106.2167627,2512.7712,35.2044,18.10512,0.0,12.677050016171222
378.0,39.96158001,-106.2167579,2512.7712,35.2044,18.015712,0.0,12.677050016171222
378.1,39.96159794,-106.2167529,2512.7712,35.2044,19.625056,0.0,12.587693381648762
378.2000000000001,39.96161462,-106.216748,2512.7712,35.2044,19.714464,0.0,12.587693381648762
378.3,39.96163096,-106.2167433,2512.7712,35.2044,18.77568,0.0,12.587693381648762
378.4,39.96164763,-106.2167384,2512.7712,35.2044,18.77568,0.0,12.587693381648762
378.5,39.96166407,-106.2167336,2512.7712,35.2044,18.865088,0.0,12.587693381648762
378.6,39.96168074,-106.2167288,2512.7712,35.2044,18.865088,0.0,12.587693381648762
378.7000000000001,39.96169729,-106.2167242,2512.7712,35.2044,18.909792,0.0,12.587693381648762
378.8,39.96171397,-106.2167193,2512.7712,35.2044,18.909792,0.0,12.528807709151522
378.9,39.96172924,-106.2167148,2512.7712,35.2044,18.194528,0.0,12.79230202714092
379.0,39.9617458,-106.21671,2512.7712,35.2044,18.149824,0.0,12.79230202714092
379.1,39.96176282,-106.2167049,2512.7712,35.2044,19.133312,-0.089408,12.79230202714092
379.2000000000001,39.96177944,-106.2167,2512.7712,35.2044,19.178016,-0.089408,12.79230202714092
379.3,39.96179622,-106.2166951,2512.7712,35.2044,19.043904,-0.089408,12.79230202714092
379.4,39.96181287,-106.2166902,2512.7712,35.29584,19.043904,-0.089408,12.994616791916483
379.5,39.96182979,-106.2166853,2512.7712,35.29584,19.133312,-0.089408,12.732810131209192
379.6,39.96184649,-106.2166804,2512.7712,35.29584,19.133312,-0.089408,12.994616791916483
379.7000000000001,39.96186349,-106.216675,2512.7712,35.29584,19.267424,-0.089408,12.994616791916483
379.8,39.96188022,-106.2166699,2512.7712,35.29584,19.267424,-0.089408,12.994616791916483
379.9,39.96189692,-106.216665,2512.7712,35.29584,19.088608,0.0,12.994616791916483
380.0,39.96191366,-106.21666,2512.7712,35.29584,19.088608,0.0,12.994616791916483
380.1,39.96193161,-106.2166544,2512.7712,35.29584,19.803872,0.0,12.994616791916483
380.2000000000001,39.96194848,-106.2166494,2512.7712,35.2044,19.89328,0.0,12.994616791916483
380.3,39.96196482,-106.2166443,2512.7712,35.2044,18.954496,0.0,12.994616791916483
380.4,39.96198166,-106.2166392,2512.7712,35.2044,18.954496,-0.089408,12.994616791916483
380.5,39.96199848,-106.2166346,2512.7712,35.29584,19.178016,-0.089408,12.994616791916483
380.6,39.96201533,-106.2166296,2512.7712,35.29584,19.178016,0.0,12.994616791916483
380.7000000000001,39.96203242,-106.2166242,2512.7712,35.29584,19.401536,0.0,12.9345373527201
380.8,39.96204931,-106.2166191,2512.7712,35.29584,19.401536,0.0,12.9345373527201
380.9,39.96206489,-106.2166146,2512.7712,35.2044,18.507456,0.0,12.9345373527201
381.0,39.96208168,-106.2166096,2512.7712,35.2044,18.462752,0.0,12.9345373527201
381.1,39.96209987,-106.2166039,2512.7712,35.2044,19.982688,0.0,12.9345373527201
381.2000000000001,39.96211681,-106.2165989,2512.7712,35.2044,20.072096,-0.089408,12.9345373527201
381.3,39.96213379,-106.216594,2512.7712,35.2044,19.312128,-0.089408,12.845435269512564
381.4,39.96215074,-106.216589,2512.7712,35.29584,19.312128,0.0,12.9345373527201
381.5,39.96216632,-106.2165844,2512.7712,35.29584,18.55216,0.0,12.9345373527201
381.6,39.96218314,-106.2165793,2512.7712,35.2044,18.462752,0.0,12.9345373527201
381.7000000000001,39.96220159,-106.2165738,2512.7712,35.2044,20.1168,0.0,12.845435269512564
381.8,39.96221855,-106.2165688,2512.7712,35.29584,20.206208,0.0,12.9345373527201
381.9,39.96223418,-106.2165639,2512.7712,35.29584,18.596864,0.0,12.9345373527201
382.0,39.96225102,-106.2165589,2512.7712,35.29584,18.55216,0.0,13.194671075003043
382.1,39.96226799,-106.2165536,2512.7712,35.29584,19.312128,0.0,13.194671075003043
382.2000000000001,39.96228484,-106.2165485,2512.7712,35.29584,19.312128,0.0,13.194671075003043
382.3,39.96230344,-106.2165429,2512.7712,35.29584,20.250912,0.0,13.10390286965503
382.4,39.96232045,-106.2165378,2512.7712,35.29584,20.295616,0.0,13.10390286965503
382.5,39.96233736,-106.2165329,2512.7712,35.29584,19.312128,0.0,12.845435269512564
382.6,39.96235438,-106.2165278,2512.7712,35.29584,19.312128,0.0,12.845435269512564
382.7000000000001,39.9623711,-106.2165226,2512.7712,35.29584,19.267424,0.0,12.9345373527201
382.8,39.96238808,-106.2165174,2512.7712,35.29584,19.267424,0.0,12.9345373527201
382.9,39.96240348,-106.2165126,2512.7712,35.29584,18.507456,-0.089408,13.10390286965503
383.0,39.96242032,-106.2165075,2512.7712,35.29584,18.418048,-0.089408,12.9345373527201
383.1,39.96243725,-106.2165025,2512.7712,35.29584,19.267424,0.0,12.9345373527201
383.2000000000001,39.96245407,-106.2164974,2512.7712,35.29584,19.267424,0.0,12.9345373527201
383.3,39.96247122,-106.2164922,2512.7712,35.29584,19.401536,0.0,13.194671075003043
383.4,39.96248807,-106.216487,2512.7712,35.29584,19.401536,0.0,13.194671075003043
383.5,39.96250651,-106.2164815,2512.7712,35.29584,20.1168,0.0,13.10390286965503
383.6,39.96252352,-106.2164763,2512.7712,35.29584,20.250912,0.0,12.845435269512564
383.7000000000001,39.96253998,-106.2164714,2512.7712,35.29584,19.088608,0.0,12.845435269512564
383.8,39.96255696,-106.2164663,2512.7712,35.29584,19.088608,0.0,12.845435269512564
383.9,39.96257277,-106.2164616,2512.7712,35.29584,18.686272,0.0,12.845435269512564
384.0,39.96258964,-106.2164565,2512.7712,35.29584,18.641568,0.0,12.845435269512564
384.1,39.9626066,-106.2164515,2512.7712,35.29584,19.312128,0.0,12.845435269512564
384.2000000000001,39.9626235,-106.2164465,2512.7712,35.29584,19.312128,0.0,12.845435269512564
384.3,39.96264209,-106.2164407,2512.7712,35.29584,20.250912,0.0,12.845435269512564
384.4,39.96265914,-106.2164356,2512.7712,35.38728,20.34032,0.0,12.845435269512564
384.5,39.96267596,-106.2164307,2512.7712,35.38728,19.312128,0.0,12.845435269512564
384.6,39.96269299,-106.2164255,2512.7712,35.38728,19.312128,0.0,13.10390286965503
384.7000000000001,39.96270862,-106.2164209,2512.7712,35.38728,18.641568,0.0,13.10390286965503
385.0,39.96275967,-106.2164053,2512.7712,35.38728,19.043904,0.0,13.10390286965503
385.1,39.962778,-106.2163997,2512.7712,35.38728,19.803872,0.0,13.10390286965503
385.2000000000001,39.96279508,-106.2163945,2512.7712,35.38728,20.206208,0.0,13.10390286965503
385.3,39.96281231,-106.2163894,2512.7712,35.38728,19.580352,0.0,13.044069377179255
385.4,39.96282941,-106.2163843,2512.7712,35.38728,19.580352,0.0,13.10390286965503
385.5,39.96284639,-106.2163791,2512.7712,35.38728,19.44624,0.0,13.044069377179255
385.6,39.96286348,-106.2163739,2512.7712,35.38728,19.44624,0.0,13.10390286965503
385.7000000000001,39.96287998,-106.2163689,2512.7712,35.38728,19.178016,0.0,13.10390286965503
385.8,39.96289701,-106.2163638,2512.7712,35.38728,19.133312,0.0,13.10390286965503
385.9,39.9629126,-106.2163588,2512.7712,35.38728,18.641568,0.0,13.10390286965503
386.0,39.96292949,-106.2163537,2512.7712,35.38728,18.55216,0.0,13.10390286965503
386.1,39.96294662,-106.2163483,2512.7712,35.38728,19.44624,0.0,13.10390286965503
386.2000000000001,39.9629635,-106.2163431,2512.7712,35.38728,19.44624,0.0,13.10390286965503
386.3,39.96298032,-106.2163382,2512.7712,35.38728,19.22272,0.0,13.10390286965503
386.4,39.96299718,-106.216333,2512.7712,35.38728,19.22272,0.0,13.10390286965503
386.5,39.96301436,-106.2163276,2512.7712,35.38728,19.44624,0.0,13.10390286965503
386.6,39.96303124,-106.2163224,2512.7712,35.38728,19.44624,0.0,13.10390286965503
386.7000000000001,39.96304833,-106.2163172,2512.7712,35.38728,19.401536,-0.089408,13.2558724816775
386.8,39.96306485,-106.2163121,2512.7712,35.38728,19.178016,-0.312928,13.004897749910072
386.9,39.9630809,-106.2163073,2513.076,35.5092,18.596864,-0.312928,13.079123780066825
387.0,39.96309646,-106.2163026,2513.076,35.5092,18.015712,-0.402336,12.895470185318288
387.1,39.96311123,-106.2162978,2513.076,35.5092,17.345152,-0.312928,13.109208198154306
387.2000000000001,39.96312563,-106.2162934,2513.076,35.60064,16.674591999999997,-0.089408,12.9234714069014
387.3,39.96313723,-106.2162901,2513.076,35.5092,14.841728000000002,0.0,12.994616791916483
387.4,39.96315029,-106.2162862,2513.076,35.5092,14.037056,0.0,12.865397842050186
387.5,39.96316369,-106.2162819,2513.076,35.5092,15.109951999999998,0.089408,12.50929944313208
387.6,39.96317556,-106.2162785,2513.076,35.5092,14.439391999999998,0.089408,12.508100886954708
387.7000000000001,39.96318616,-106.2162756,2513.076,35.5092,12.785344,0.22352,11.826096703785026
388.0,39.96321476,-106.2162675,2512.7712,35.38728,11.131296,0.22352,12.33908727832619
388.1,39.96322274,-106.2162654,2512.7712,35.38728,10.416032,0.089408,12.20758091447351
388.2000000000001,39.96323037,-106.2162632,2512.7712,35.38728,8.896096,0.089408,12.435441502527624
388.3,39.96323703,-106.216261,2512.7712,35.38728,8.180832,0.089408,12.4617559205538
388.4,39.9632435,-106.2162591,2512.7712,35.38728,7.554975999999999,0.089408,12.745289473132855
388.5,39.96324922,-106.216257,2512.7712,35.38728,6.973824,0.0,12.60860679336622
388.6,39.96325457,-106.2162555,2513.076,35.5092,6.347968,0.0,12.572445004227518
388.7000000000001,39.96325962,-106.2162541,2513.076,35.5092,5.900928,0.0,11.911215431971584
388.8,39.96326391,-106.2162529,2513.076,35.5092,5.275072000000001,0.0,12.369061525925533
388.9,39.96326791,-106.2162517,2513.076,35.5092,4.69392,0.0,12.288323163275322
389.0,39.96327116,-106.2162508,2513.076,35.60064,4.112768,0.0,11.689369175439197
389.1,39.96327406,-106.2162498,2513.076,35.60064,3.531616,0.0,11.888658039627956
389.2000000000001,39.96327631,-106.2162492,2513.076,35.60064,2.90576,0.0,11.659292653522982
389.3,39.96327813,-106.2162483,2513.076,35.60064,2.324608,0.0,12.171458208587469
389.4,39.96327943,-106.2162479,2513.076,35.60064,1.78816,0.0,12.68038349181984
389.5,39.96328045,-106.2162476,2513.076,35.60064,1.34112,0.0,9.78240703180728
389.6,39.96328085,-106.2162475,2513.076,35.60064,0.67056,0.0,6.34019174590992
389.7000000000001,39.96328152,-106.2162473,2513.076,35.60064,0.491744,0.089408,0.0
389.8,39.9632812,-106.2162474,2513.076,35.60064,0.0,0.089408,0.0
389.9,39.96328099,-106.2162476,2513.076,35.60064,0.0,0.0,180.0
390.0,39.96328032,-106.2162478,2513.076,35.60064,0.67056,0.0,180.0
390.1,39.96327996,-106.2162478,2513.076,35.60064,0.0,0.0,195.94539590092288
390.2000000000001,39.9632792,-106.216248,2513.076,35.60064,0.491744,0.0,195.94539590092288
390.3,39.96327932,-106.2162483,2513.076,35.69208,0.0,0.0,180.0
390.4,39.96327848,-106.2162483,2513.076,35.69208,0.491744,0.089408,155.55604521958344
390.5,39.96327817,-106.2162476,2513.076,35.69208,0.804672,0.089408,144.16234704572173
390.6,39.96327695,-106.2162468,2513.076,35.69208,1.0728959999999998,0.089408,141.34019174590992
390.7000000000001,39.96327622,-106.2162446,2513.076,35.69208,1.654048,0.089408,138.94518622903755
390.8,39.96327448,-106.216243,2513.076,35.69208,2.190496,0.22352,139.63546342690267
390.9,39.96327231,-106.2162404,2513.076,35.60064,2.816352,0.22352,140.77432590266324
391.0,39.96326993,-106.2162379,2513.076,35.60064,3.3528,0.22352,139.8079539630305
391.1,39.96326713,-106.2162346,2513.076,35.60064,3.79984,0.22352,139.25383643611917
391.2000000000001,39.96326419,-106.2162313,2513.076,35.60064,4.291583999999999,0.089408,138.81407483429035
391.3,39.96326099,-106.2162276,2513.076,35.60064,4.559807999999999,0.089408,138.50353164478446
391.4,39.96325754,-106.2162235,2513.076,35.60064,4.91744,0.089408,138.2808807726094
391.5,39.96325377,-106.2162187,2513.076,35.60064,5.543296,0.089408,138.0127875041834
391.6,39.96324983,-106.2162139,2513.076,35.60064,5.900928,0.089408,137.81555668421123
391.7000000000001,39.96324571,-106.2162087,2513.076,35.5092,6.169152,0.089408,137.61575487542189
391.8,39.9632413,-106.2162032,2513.076,35.5092,6.571488,0.089408,136.65230467765133
391.9,39.963237,-106.216198,2513.076,35.5092,6.616192,0.089408,137.35329686610828
392.0,39.96323219,-106.2161919,2513.076,35.60064,6.973824,0.089408,136.7357045889284
392.1,39.96322695,-106.2161854,2513.076,35.60064,7.733792,0.0,135.94695144677348
392.2000000000001,39.96322172,-106.2161787,2513.076,35.60064,8.091424,0.0,136.58485439305048
392.3,39.96321645,-106.2161718,2513.076,35.60064,8.225536,0.0,135.88140399658215
392.4,39.96321091,-106.2161647,2513.076,35.60064,8.449055999999999,0.0,136.50179252235932
392.5,39.96320523,-106.2161578,2513.076,35.60064,8.627872,0.0,136.45812315589723
392.6,39.96319941,-106.2161503,2513.076,35.60064,8.851392,0.0,136.22757883213455
392.7000000000001,39.96319372,-106.2161432,2513.076,35.60064,8.9408,0.0,135.80128733010702
392.8,39.96318771,-106.2161354,2513.076,35.60064,9.074912,0.0,136.3685808069531
392.9,39.9631821,-106.2161284,2513.076,35.60064,9.030208,0.0,136.350155611466
393.0,39.96317595,-106.2161204,2513.076,35.60064,9.16432,0.0,136.1381770074882
393.1,39.96316907,-106.2161123,2513.076,35.60064,9.968992,0.0,135.9270352697722
393.2000000000001,39.96316269,-106.216104,2513.076,35.60064,10.147808,0.089408,135.91519020171552
393.3,39.96315647,-106.216096,2513.076,35.60064,9.83488,0.089408,135.7206636225177
393.4,39.96314992,-106.2160875,2513.076,35.5092,9.968992,0.089408,135.35367315924643
393.5,39.96314358,-106.2160789,2513.076,35.5092,10.237215999999998,0.0,135.5224394369587
393.6,39.96313692,-106.21607,2513.076,35.5092,10.371328,0.089408,135.0
393.7000000000001,39.96313004,-106.216061,2513.076,35.5092,10.684256,0.0,135.0
393.8,39.96312325,-106.2160519,2513.076,35.5092,10.818368,0.0,135.0
393.9,39.96311673,-106.2160434,2513.076,35.5092,10.550144,0.089408,134.6649407813909
394.0,39.96310987,-106.2160342,2513.076,35.5092,10.594848,0.0,134.50465978056388
394.2000000000001,39.96309544,-106.2160146,2513.076,35.5092,11.354816,0.0,134.3526176130581
394.3,39.96308839,-106.2160051,2513.076,35.5092,11.444224,0.0,134.03443221259909
394.4,39.96308135,-106.2159955,2512.7712,35.38728,11.310112,0.0,134.35985033047643
394.5,39.96307425,-106.2159859,2512.7712,35.38728,11.354816,0.0,134.0451587461278
394.6,39.96306716,-106.2159761,2512.7712,35.38728,11.39952,0.0,134.0451587461278
394.7000000000001,39.96305976,-106.2159663,2512.7712,35.38728,11.62304,0.0,133.9013115168292
394.8,39.9630526,-106.2159564,2512.7712,35.38728,11.667744,0.0,133.9013115168292
394.9,39.9630456,-106.2159469,2512.7712,35.38728,11.39952,0.0,133.59520794996502
395.0,39.96303843,-106.215937,2512.7712,35.38728,11.444224,0.0,133.59520794996502
395.1,39.96303128,-106.2159273,2512.7712,35.38728,11.578335999999998,0.0,133.9132185470018
395.2000000000001,39.96302408,-106.2159173,2512.7712,35.38728,11.578335999999998,0.0,133.9132185470018
395.3,39.96301672,-106.2159074,2512.7712,35.38728,11.712448,0.0,133.61034798442284
395.4,39.96300948,-106.2158974,2512.7712,35.29584,11.757152,0.0,133.61034798442284
395.5,39.96300204,-106.215887,2512.7712,35.29584,11.935968,0.0,133.31080171539804
395.6,39.96299476,-106.2158768,2512.7712,35.29584,12.025376,0.0,133.31080171539804
395.7000000000001,39.96298657,-106.2158657,2512.7712,35.29584,12.51712,0.0,133.18169703554815
395.8,39.9629792,-106.2158553,2512.7712,35.29584,12.606528,0.0,133.18169703554815
395.9,39.96297233,-106.2158456,2512.7712,35.29584,11.667744,0.0,132.89005715186676
396.0,39.96296497,-106.2158353,2512.7712,35.29584,11.667744,0.0,132.89005715186676
396.1,39.96295696,-106.2158242,2512.7712,35.29584,12.51712,0.0,132.89005715186676
396.2000000000001,39.96294951,-106.2158138,2512.7712,35.29584,12.561824,0.0,132.89005715186676
396.3,39.96294185,-106.2158035,2512.7712,35.29584,12.204192,0.0,133.3548815482627
396.4,39.96293436,-106.215793,2512.7712,35.29584,12.204192,0.0,133.3548815482627
396.5,39.96292696,-106.2157827,2512.7712,35.29584,12.159488,0.0,133.06607208661703
396.6,39.96291944,-106.2157721,2512.7712,35.2044,12.159488,0.0,133.06607208661703
396.7000000000001,39.96291181,-106.2157615,2512.7712,35.2044,12.338304,0.0,133.06607208661703
396.8,39.96290429,-106.2157509,2512.7712,35.2044,12.338304,-0.089408,132.78034444680213
396.9,39.96289751,-106.2157414,2512.7712,35.2044,11.667744,-0.089408,133.06607208661703
397.0,39.96289005,-106.2157309,2512.7712,35.29584,11.62304,0.0,133.06607208661703
397.1,39.96288261,-106.2157203,2512.7712,35.29584,12.204192,-0.089408,134.2559407971113
397.2000000000001,39.96287494,-106.2157103,2512.7712,35.2044,12.159488,-0.089408,135.60309119438057
397.3,39.96286742,-106.2157015,2512.7712,35.29584,11.62304,-0.22352,137.44966262012707
397.4,39.96285963,-106.2156924,2512.7712,35.29584,11.39952,-0.22352,138.91824886406738
397.5,39.96285057,-106.2156838,2512.7712,35.29584,12.025376,-0.22352,141.44675537910456
397.6,39.96284255,-106.2156759,2512.7712,35.29584,11.801856,-0.22352,144.29924168206338
397.7000000000001,39.96283433,-106.21567,2512.7712,35.38728,10.773664,-0.089408,146.84476668961616
397.8,39.96282621,-106.2156637,2512.7712,35.38728,10.50544,0.0,149.76146776698573
397.9,39.96281804,-106.215659,2512.7712,35.38728,10.192512,0.0,152.41797079220282
398.0,39.96280986,-106.2156541,2512.7712,35.38728,9.968992,0.0,155.4058881479349
398.1,39.96280106,-106.2156509,2512.7712,35.29584,10.0584,0.0,158.79077386577717
398.2000000000001,39.96279279,-106.2156474,2512.7712,35.29584,9.879584,0.0,162.07967008819514
398.3,39.96278397,-106.2156447,2512.7712,35.29584,9.879584,0.0,165.9637565320735
398.4,39.96277564,-106.2156426,2512.7712,35.29584,9.745472,0.0,168.7448960063855
398.5,39.96276732,-106.2156422,2512.7712,35.29584,9.343136,0.0,172.46055486049067
398.6,39.96275897,-106.2156415,2512.7712,35.29584,9.298432,0.0,175.51539399045532
398.7000000000001,39.96275088,-106.2156414,2512.7712,35.29584,9.16432,0.0,178.59597278089575
398.8,39.96274258,-106.215642,2512.7712,35.38728,9.119616,0.0,181.4249742725154
398.9,39.96273421,-106.2156431,2512.7712,35.38728,9.298432,0.0,184.55126127313963
399.0,39.96272599,-106.2156448,2512.7712,35.38728,9.298432,0.0,187.16044972689116
399.1,39.96271806,-106.2156466,2512.7712,35.38728,9.119616,0.0,189.6956099233824
399.2000000000001,39.96270995,-106.2156493,2512.7712,35.38728,9.119616,0.0,192.7420286581849
399.3,39.96270193,-106.2156521,2512.7712,35.38728,9.298432,0.0,195.3289217273056
399.4,39.96269392,-106.2156559,2512.7712,35.38728,9.343136,0.0,198.434948822922
399.5,39.96268603,-106.2156596,2512.7712,35.38728,9.38784,0.0,200.78111165824876
399.6,39.96267813,-106.2156644,2512.7712,35.38728,9.477248,0.0,203.3784260169808
399.7000000000001,39.96267128,-106.2156689,2512.7712,35.38728,9.119616,0.0,205.8367542240016
399.8,39.96266359,-106.2156747,2512.7712,35.38728,9.209024,0.0,207.99417126631943
399.9,39.96265608,-106.2156802,2512.7712,35.38728,9.745472,0.0,210.33217509629995
400.0,39.96264854,-106.2156868,2513.076,35.5092,9.83488,0.0,212.610500962699
400.1,39.96264036,-106.2156936,2513.076,35.5092,10.460736,0.0,213.90279840308347
400.2000000000001,39.9626329,-106.215701,2513.076,35.5092,10.594848,0.0,216.21309649317607
400.3,39.96262562,-106.2157084,2513.076,35.5092,10.326624,0.089408,217.91878775534127
400.4,39.96261831,-106.2157165,2513.076,35.5092,10.460736,0.0,219.5844749148451
400.5,39.96261105,-106.2157242,2513.076,35.60064,10.50544,0.0,221.0251114514288
400.6,39.96260389,-106.2157329,2513.076,35.60064,10.639552,0.0,222.6140559696112
400.7000000000001,39.96259714,-106.2157416,2513.076,35.60064,10.72896,0.0,223.48814565717325
400.8,39.96259016,-106.2157508,2513.076,35.60064,10.818368,0.0,224.66494078139087
400.9,39.96258324,-106.2157599,2513.076,35.60064,10.95248,0.089408,226.15566589382
401.0,39.9625764,-106.2157696,2513.076,35.60064,11.086592,0.089408,227.13324047861465
401.1,39.96256973,-106.215779,2513.076,35.60064,11.086592,0.089408,227.91083782616772
401.2000000000001,39.96256303,-106.2157891,2513.076,35.60064,11.131296,0.089408,228.85680098558984
401.3,39.96255626,-106.215799,2513.076,35.60064,11.354816,0.089408,229.1538530869512
401.4,39.96254963,-106.2158095,2513.076,35.60064,11.444224,0.0,230.3952645682131
401.5,39.96254303,-106.2158199,2513.076,35.60064,11.533632,0.0,230.3952645682131
401.6,39.96253645,-106.2158305,2513.076,35.60064,11.533632,0.0,230.67924971638493
401.7000000000001,39.96252991,-106.2158406,2513.076,35.60064,11.444224,0.0,230.67924971638493
401.8,39.9625233,-106.2158511,2513.076,35.60064,11.444224,0.089408,230.67924971638493
401.9,39.96251687,-106.2158602,2513.076,35.60064,11.086592,0.581152,230.3952645682131
402.0,39.96251035,-106.2158705,2513.076,35.5092,10.95248,1.1176,230.45552179192035
402.1,39.96250314,-106.2158814,2512.7712,35.29584,11.801856,1.519936,230.45552179192035
402.2000000000001,39.96249665,-106.2158917,2512.4664,35.11296,11.801856,2.01168,230.45552179192035
402.3,39.96249011,-106.2159012,2512.4664,34.8996,11.131296,2.414016,230.45552179192035
402.4,39.96248361,-106.2159114,2512.1616,34.5948,11.131296,2.68224,230.45552179192035
402.5,39.96247708,-106.2159213,2511.8568,34.29,11.220704,2.816352,230.3952645682131
402.6,39.96247046,-106.2159316,2511.552,33.9852,11.310112,2.90576,230.1661207185792
402.7000000000001,39.96246355,-106.2159422,2511.2472,33.71088,11.667744,2.995168,230.1944289077348
402.8,39.96245675,-106.2159527,2510.9424,33.40608,11.801856,2.995168,230.13975737899065
402.9,39.96244989,-106.2159634,2510.6376,33.10128,11.801856,3.084576,229.92454970011897
403.0,39.96244291,-106.2159742,2510.3328,32.79648,11.935968,3.084576,230.27389595735173
403.1,39.96243513,-106.2159867,2510.028,32.49168,12.874752,2.995168,230.4812965946973
403.2000000000001,39.96242789,-106.215998,2509.7232,32.18688,13.142976,2.995168,230.4268124985728
403.3,39.96242063,-106.21601,2509.4184,32.004000000000005,12.785344,2.995168,230.5004114702019
403.4,39.96241325,-106.2160215,2509.1136,31.6992,12.874752,2.995168,230.0424510691709
403.5,39.96240594,-106.2160334,2508.8088,31.3944,12.874752,2.995168,230.0424510691709
403.6,39.96239838,-106.2160449,2508.504,31.0896,12.96416,2.995168,229.05574930421992
403.7000000000001,39.96239128,-106.216055,2508.1992,30.7848,12.2936,2.90576,228.4978351067725
404.0,39.9623676,-106.2160876,2507.5896,30.11424,12.472416,2.592832,224.2891707209288
404.1,39.96235878,-106.2160977,2507.2848,29.90088,12.830048,2.503424,221.83611638111927
404.2000000000001,39.96235025,-106.2161071,2507.2848,29.687520000000003,12.74064,2.503424,219.4063965508877
404.3,39.96234094,-106.216116,2506.98,29.50464,12.606528,2.592832,217.16720443376536
404.4,39.96233213,-106.2161242,2506.6752,29.19984,12.427712,2.68224,215.00973688924728
404.5,39.96232302,-106.2161298,2506.3704,28.98648,11.578335999999998,2.816352,212.77487732426425
404.6,39.962314,-106.2161368,2506.0656,28.71216,11.39952,2.90576,210.73548770192008
404.7000000000001,39.96230514,-106.2161425,2506.0656,28.498800000000003,11.310112,2.995168,209.1630776149013
404.8,39.96229593,-106.2161485,2505.7608,28.194000000000003,11.220704,2.995168,207.76898840902464
404.9,39.96228675,-106.2161538,2505.456,28.01112,11.310112,2.90576,205.96406853823004
405.0,39.96227733,-106.2161592,2505.1512,27.70632,11.310112,2.995168,204.6658869674995
405.1,39.96226783,-106.216165,2504.8464,27.40152,11.533632,2.995168,203.66773687211145
405.2000000000001,39.96225817,-106.21617,2504.5416,27.096720000000005,11.578335999999998,2.995168,202.90863459063704
405.3,39.96224859,-106.2161752,2504.2368,26.791920000000005,11.533632,2.995168,201.63794122942892
405.4,39.96223871,-106.2161798,2503.932,26.487120000000004,11.62304,3.084576,201.0689749319312
405.5,39.96222909,-106.2161849,2503.6272,26.2128,11.62304,2.995168,200.3532291480688
405.6,39.96221895,-106.2161892,2503.3224,25.908,11.712448,2.90576,199.5820608446868
405.7000000000001,39.96220802,-106.2161941,2503.0176,25.6032,12.338304,2.90576,198.301080422795
405.8,39.96219757,-106.2161982,2502.7128,25.2984,12.472416,2.995168,197.7046829523811
405.9,39.96218823,-106.2162029,2502.408,25.08504,11.62304,2.995168,197.1795329170349
406.0,39.96217765,-106.2162067,2502.1032,24.6888,11.667744,2.995168,196.46001481204004
406.1,39.96216648,-106.2162118,2501.7984,24.41448,12.695936,2.90576,195.94539590092285
406.2000000000001,39.96215563,-106.2162155,2501.4936,24.10968,12.785344,2.90576,195.4358618874668
406.3,39.96214561,-106.2162199,2501.1888,23.896320000000003,12.114784,2.90576,195.03781590358224
406.4,39.96213463,-106.2162234,2500.884,23.50008,12.159488,2.90576,194.1842942482708
406.5,39.96212424,-106.2162275,2500.5792,23.19528,12.2936,2.90576,193.78906735028053
406.6,39.96211312,-106.2162308,2500.2744,22.707600000000003,12.383008,2.90576,193.29857033049427
406.7000000000001,39.96210184,-106.2162344,2499.9696,22.402800000000003,12.785344,2.90576,192.81320595903745
406.8,39.96209048,-106.2162377,2499.36,21.91512,12.919455999999998,2.90576,192.09475707701208
407.1,39.96205583,-106.2162455,2498.1408,20.695920000000005,13.008864,3.084576,190.1108036223846
407.2000000000001,39.9620442,-106.2162482,2497.836,20.29968,13.053568,3.084576,189.62299419154945
407.3,39.96203225,-106.216251,2497.2264,19.90344,13.321792,2.995168,189.5580810818399
407.4,39.96202041,-106.2162535,2496.9216,19.5072,13.4112,3.084576,189.11315557507544
407.5,39.96200866,-106.2162558,2496.6168,19.2024,13.277088,2.995168,188.67317404787977
407.6,39.96199671,-106.2162581,2496.3120000000004,18.80616,13.321792,3.084576,188.67317404787977
407.7000000000001,39.96198442,-106.2162603,2496.0072,18.50136,13.590016,2.995168,188.2108384860362
408.0,39.96194925,-106.2162661,2494.788,17.31264,13.321792,2.995168,186.84277341263092
408.1,39.96193577,-106.2162683,2494.4832,17.00784,13.63472,2.995168,186.46593209893956
408.2000000000001,39.96192359,-106.2162699,2494.1784,16.6116,14.349984,2.90576,185.52143641464795
408.3,39.96191097,-106.2162715,2493.8736000000004,16.3068,13.85824,2.592832,184.7322381424797
408.4,39.96189867,-106.2162728,2493.264,15.910560000000002,13.902944,2.414016,184.1391892557262
408.5,39.96188655,-106.2162731,2492.9592,15.605760000000002,13.590016,2.503424,183.4109449553557
408.6,39.96187437,-106.216274,2492.6544000000004,15.300960000000002,13.545312,2.68224,183.05288251479243
408.7000000000001,39.96186201,-106.2162743,2492.3496,14.99616,13.63472,2.68224,182.4812648011958
408.8,39.96184988,-106.2162749,2492.0448,14.59992,13.63472,2.816352,181.7298836218131
408.9,39.9618389,-106.2162754,2491.74,14.29512,12.874752,2.816352,181.74746480623307
409.0,39.96182701,-106.2162757,2491.4352000000003,13.898880000000002,12.74064,2.995168,180.97102193107915
409.1,39.96181499,-106.2162758,2490.8256,13.50264,13.321792,2.995168,180.39109139705704
409.2000000000001,39.96180316,-106.2162758,2490.5208,13.1064,13.277088,2.995168,180.0
409.3,39.96179165,-106.2162755,2490.2160000000003,12.8016,12.96416,2.90576,179.60890860294296
409.4,39.96177987,-106.2162752,2489.9112,12.405360000000002,12.96416,2.90576,179.02235121497017
409.5,39.96176759,-106.2162746,2489.6064,12.100560000000002,13.4112,2.592832,178.2525351937669
409.6,39.96175569,-106.2162739,2489.3016,11.79576,13.455904,2.279904,177.88601490769736
409.7000000000001,39.96174331,-106.216273,2488.9968000000003,11.49096,13.500608,2.01168,177.9000954823548
409.8,39.96173123,-106.2162721,2488.692,11.18616,13.590016,1.922272,177.51873519880417
409.9,39.96171885,-106.216271,2488.3872,11.00328,13.63472,1.78816,176.94711748520763
410.0,39.96170677,-106.21627,2488.0824,10.698480000000002,13.63472,1.78816,176.56636963754954
410.1,39.96169419,-106.216269,2488.0824,10.48512,13.724128,1.6987519999999998,176.50831530097958
410.2000000000001,39.96168217,-106.2162678,2487.7776000000003,10.30224,13.724128,1.385824,176.12147549715223
410.3,39.9616702,-106.2162668,2487.7776000000003,10.2108,13.366496,1.1176,175.7059853289635
410.4,39.96165824,-106.2162654,2487.4728,10.08888,13.366496,0.804672,175.7059853289635
410.5,39.96164609,-106.2162644,2487.4728,9.99744,13.455904,0.715264,175.7059853289635
410.6,39.96163413,-106.2162629,2487.168,9.814560000000002,13.455904,0.491744,175.1230937133563
410.7000000000001,39.96162187,-106.2162606,2487.168,9.69264,13.545312,0.22352,175.08973877841743
410.8,39.96160987,-106.2162593,2487.168,9.6012,13.590016,0.089408,176.06832851997774
410.9,39.96159898,-106.2162581,2487.168,9.6012,12.785344,-0.089408,176.8311502900268
411.0,39.96158717,-106.2162572,2487.168,9.6012,12.651232,-0.089408,177.79740183823424
411.1,39.96157506,-106.2162573,2487.168,9.6012,13.321792,0.0,178.5880659613964
411.2000000000001,39.96156337,-106.2162569,2487.168,9.6012,13.232384,0.0,178.98422381895475
411.3,39.96155058,-106.216258,2487.168,9.6012,13.63472,-0.089408,180.0
411.4,39.96153885,-106.2162582,2487.168,9.6012,13.63472,-0.089408,181.02303018866783
411.5,39.96152865,-106.21626,2487.168,9.6012,12.204192,-0.089408,183.3058302315497
411.6,39.96151719,-106.2162612,2487.168,9.6012,12.114784,0.0,184.57392125990089
411.7000000000001,39.96150533,-106.2162637,2487.168,9.6012,13.053568,0.0,186.431645426444
411.8,39.96149395,-106.2162657,2486.8632,9.50976,13.053568,0.089408,187.86741340739383
411.9,39.96148265,-106.2162695,2486.8632,9.50976,12.830048,0.0,189.69866173771007
412.0,39.96147137,-106.2162726,2486.8632,9.50976,12.874752,0.0,191.59217541029105
412.1,39.96145983,-106.2162767,2486.8632,9.50976,13.053568,0.0,192.9946167919165
412.2000000000001,39.96144861,-106.2162807,2486.8632,9.50976,13.098272,0.0,194.1842942482708
412.3,39.96143741,-106.2162855,2486.8632,9.50976,13.008864,0.0,195.556579323188
412.4,39.96142617,-106.21629,2486.8632,9.50976,13.098272,0.0,195.44886329956825
412.5,39.96141473,-106.2162943,2486.8632,9.50976,13.142976,0.0,195.34259310763315
412.6,39.96140334,-106.2162989,2486.8632,9.38784,13.232384,0.0,195.1858372622013
412.7000000000001,39.96139203,-106.2163025,2486.8632,9.38784,13.098272,0.0,194.7035518237616
412.8,39.96138047,-106.2163069,2486.8632,9.2964,13.18768,0.0,194.6044474467901
412.9,39.96136827,-106.2163097,2486.5584000000003,9.20496,13.590016,0.0,193.9895856773336
413.0,39.96135643,-106.2163139,2486.5584000000003,9.11352,13.679424,0.0,193.89717631501532
413.1,39.96134423,-106.2163171,2486.5584000000003,9.11352,13.724128,-0.089408,193.16471756731545
413.2000000000001,39.96133217,-106.216321,2486.5584000000003,8.9916,13.813536,0.0,192.7958710793376
413.3,39.96131959,-106.2163241,2486.5584000000003,8.9916,14.037056,-0.089408,192.22512267573572
413.4,39.96130727,-106.2163277,2486.5584000000003,8.9916,14.126464,-0.22352,191.78344053275515
413.5,39.96129496,-106.2163307,2486.2536,8.90016,13.992352,-0.22352,191.70806477392068
413.6,39.96128247,-106.216334,2486.2536,8.90016,14.037056,-0.312928,190.69851296458333
413.7000000000001,39.96126995,-106.216337,2486.2536,8.90016,14.171168,-0.22352,190.69851296458333
413.8,39.96125737,-106.2163401,2486.2536,8.90016,14.171168,-0.22352,190.3376901335625
413.9,39.9612448,-106.2163427,2486.2536,8.90016,14.215872,-0.312928,189.3128812857844
414.1,39.96121955,-106.2163477,2486.5584000000003,8.9916,14.171168,-0.312928,188.130102354156
414.2000000000001,39.96120674,-106.2163501,2486.5584000000003,8.9916,14.260576,-0.22352,187.77328271755124
414.3,39.96119385,-106.2163521,2486.5584000000003,8.9916,14.394688,-0.22352,187.1693629186168
414.4,39.9611809,-106.2163541,2486.5584000000003,8.9916,14.484096,-0.22352,186.77215996611355
414.5,39.9611682,-106.2163557,2486.5584000000003,9.11352,14.349984,-0.089408,186.064922445448
414.6,39.96115521,-106.2163574,2486.5584000000003,9.11352,14.349984,-0.22352,185.4991055239593
414.7000000000001,39.96114187,-106.2163587,2486.5584000000003,9.11352,14.707616,-0.089408,184.79309210165763
414.8,39.96112879,-106.21636,2486.5584000000003,9.11352,14.707616,-0.089408,184.79309210165763
414.9,39.96111587,-106.2163613,2486.5584000000003,9.11352,14.484096,-0.22352,184.7636416907262
415.0,39.96110269,-106.2163628,2486.5584000000003,9.20496,14.573504,-0.312928,185.9905947179248
415.1,39.96108978,-106.2163647,2486.5584000000003,9.20496,14.573504,-0.402336,187.60629832764812
415.2000000000001,39.96107681,-106.216367,2486.5584000000003,9.20496,14.484096,-0.491744,189.111357044784
415.3,39.9610642,-106.2163708,2486.8632,9.2964,14.439391999999998,-0.581152,191.5237217038973
415.4,39.96105191,-106.2163742,2486.8632,9.38784,14.171168,-0.715264,193.4957332807958
415.5,39.96103947,-106.2163801,2486.8632,9.50976,14.30528,-0.581152,195.6569527657957
415.6,39.96102789,-106.2163844,2486.8632,9.50976,14.037056,-0.402336,196.886791123944
415.7000000000001,39.96101808,-106.2163906,2486.8632,9.50976,12.695936,-0.402336,198.82471001824007
415.8,39.96100773,-106.2163956,2486.8632,9.50976,12.159488,-0.22352,201.16125981682828
415.9,39.96099973,-106.2164013,2486.8632,9.38784,11.176,-0.089408,203.07822140604085
416.0,39.96099091,-106.2164068,2486.8632,9.38784,10.50544,-0.089408,205.3692977241916
416.1,39.96098275,-106.216413,2486.8632,9.2964,10.684256,0.0,207.38183994942497
416.2000000000001,39.96097541,-106.2164185,2486.8632,9.2964,9.968992,0.0,208.9720850305736
416.3,39.96096988,-106.2164238,2486.8632,9.2964,8.49376,0.0,210.27855908502195
416.4,39.96096408,-106.2164289,2486.8632,9.2964,7.733792,0.0,212.1851058918908
416.5,39.96096066,-106.2164328,2486.8632,9.2964,6.392672,0.0,214.2157021324374
416.8,39.96095085,-106.2164445,2486.5584000000003,9.20496,4.962144,0.0,219.8055710922652
416.9,39.96094935,-106.2164468,2486.5584000000003,9.11352,4.336288,0.0,223.60281897270363
417.0,39.96094787,-106.2164499,2486.5584000000003,9.11352,2.816352,0.089408,228.81407483429035
417.1,39.96094665,-106.2164524,2486.5584000000003,8.9916,2.816352,0.491744,233.47114463301483
417.2000000000001,39.96094595,-106.2164551,2486.2536,8.90016,2.414016,0.983488,238.7069610040798
417.3,39.96094537,-106.2164569,2486.2536,8.80872,2.01168,1.519936,241.14433878028348
417.4,39.96094522,-106.2164593,2485.9488,8.59536,1.832864,2.101088,246.94869908352695
417.5,39.96094386,-106.2164617,2485.9488,8.41248,2.2352,2.503424,254.5387822595581
417.6,39.96094422,-106.2164639,2485.644,8.10768,2.01168,2.90576,263.36748538486154
417.7000000000001,39.9609435,-106.2164662,2485.3392000000003,7.802880000000001,1.877568,2.90576,277.1250163489018
417.8,39.96094463,-106.2164681,2485.0344,7.58952,1.78816,2.68224,297.89727103094765
417.9,39.96094555,-106.2164688,2484.7296,7.315200000000001,1.56464,2.414016,325.2221686336361
418.0,39.96094799,-106.2164698,2484.4248,7.10184,1.966976,2.01168,342.1811110854772
418.1,39.96095114,-106.2164707,2484.4248,7.10184,3.218688,1.609344,348.4078245897089
418.2000000000001,39.9609552,-106.2164713,2484.4248,7.010400000000001,4.02336,1.207008,352.2881075873412
418.3,39.96096041,-106.2164709,2484.4248,7.010400000000001,5.14096,0.804672,354.5829778861434
418.4,39.96096599,-106.2164712,2484.4248,7.010400000000001,5.990336,0.402336,356.1575468720852
418.7000000000001,39.96098756,-106.2164714,2484.4248,7.10184,7.554975999999999,-0.22352,0.0
418.8,39.96099571,-106.2164712,2484.7296,7.193280000000001,8.27024,-0.22352,0.0
418.9,39.9610042,-106.2164707,2484.7296,7.193280000000001,9.298432,-0.089408,0.5700884449988735
419.1,39.96102329,-106.2164698,2484.7296,7.193280000000001,10.237215999999998,0.0,4.178568968889465
419.2000000000001,39.96103301,-106.2164684,2484.7296,7.193280000000001,10.684256,0.0,6.812780859352415
419.3,39.96104279,-106.2164657,2484.7296,7.193280000000001,10.997184,0.0,9.381510160748237
419.4,39.96105288,-106.2164632,2484.7296,7.193280000000001,11.265408,0.0,11.778024833288557
419.5,39.96106231,-106.2164596,2484.7296,7.193280000000001,11.176,0.0,14.09263693348879
419.6,39.96107266,-106.2164559,2484.7296,7.193280000000001,11.444224,0.089408,15.79020727849371
419.7000000000001,39.96108244,-106.216451,2484.7296,7.193280000000001,11.757152,0.089408,18.087705925836246
419.8,39.961093,-106.2164462,2484.7296,7.193280000000001,12.025376,0.089408,20.12959589145919
419.9,39.96110201,-106.2164407,2484.7296,7.193280000000001,11.712448,0.089408,21.76235306464855
420.0,39.96111261,-106.2164347,2484.7296,7.193280000000001,11.935968,0.089408,23.71183459325988
420.1,39.96112375,-106.2164277,2484.7296,7.315200000000001,13.277088,0.089408,24.95654403811216
420.2000000000001,39.96113453,-106.2164206,2484.7296,7.193280000000001,13.590016,0.089408,26.91655461695132
420.3,39.96114505,-106.2164129,2484.7296,7.315200000000001,13.4112,0.089408,27.76748468146087
420.5,39.96116697,-106.2163971,2484.7296,7.315200000000001,13.768832,0.089408,27.14545166608076
420.6,39.96117837,-106.2163892,2484.7296,7.315200000000001,14.08176,0.0,26.565051177077976
420.7000000000001,39.96118985,-106.2163824,2484.7296,7.193280000000001,14.171168,0.089408,26.24361960102999
420.8,39.96120161,-106.2163745,2484.4248,7.10184,14.349984,0.22352,25.851862542060417
420.9,39.96121316,-106.2163686,2484.4248,7.010400000000001,14.215872,0.089408,25.32137615435397
421.0,39.96122526,-106.2163608,2484.4248,7.010400000000001,14.394688,0.0,25.027278792380518
421.1,39.96123769,-106.2163542,2484.4248,7.010400000000001,14.97584,0.0,24.359530804904523
421.2000000000001,39.96125018,-106.2163468,2484.4248,7.010400000000001,15.109951999999998,0.0,23.309671761665697
421.3,39.96126238,-106.2163406,2484.4248,6.88848,14.886432,0.0,22.736004882581422
421.4,39.96127516,-106.2163336,2484.4248,6.88848,14.97584,0.0,22.10944834375169
421.5,39.9612896,-106.2163267,2484.4248,6.88848,16.227552,0.0,21.67858913961436
421.6,39.96130282,-106.21632,2484.4248,6.88848,16.451072,0.089408,20.920005489769665
421.7000000000001,39.96131769,-106.2163133,2484.4248,6.88848,16.629888,0.0,20.08033563016761
421.8,39.96133138,-106.2163069,2484.4248,6.88848,16.808704,0.0,19.502448506662237
421.9,39.96134412,-106.2163016,2484.4248,6.88848,15.512288000000002,0.0,18.83843355798075
422.0,39.96135802,-106.2162956,2484.4248,6.88848,15.601696,0.0,18.434948822922024
422.1,39.96137223,-106.2162896,2484.4248,6.88848,16.451072,0.0,17.888344786288656
422.2000000000001,39.96138638,-106.216284,2484.4248,6.88848,16.495776,-0.089408,16.744418295208447
422.3,39.96140057,-106.2162786,2484.4248,6.88848,16.451072,-0.22352,14.992359306738422
422.4,39.96141488,-106.2162742,2484.4248,7.010400000000001,16.406368,-0.312928,12.528807709151522
422.5,39.96142885,-106.216271,2484.4248,7.010400000000001,16.048735999999998,-0.22352,9.75491649581437
422.6,39.96144291,-106.2162684,2484.4248,7.010400000000001,15.780511999999998,-0.22352,7.166251159712203
422.7000000000001,39.96145793,-106.2162674,2484.4248,7.10184,16.227552,-0.22352,3.779813857999272
422.8,39.96147133,-106.2162669,2484.4248,7.10184,15.825216,-0.22352,1.2453642667683198
422.9,39.96148291,-106.2162687,2484.4248,7.10184,13.902944,-0.089408,358.71060209593975
423.0,39.96149516,-106.2162698,2484.4248,7.010400000000001,13.277088,0.0,356.5083153009795
423.1,39.96150659,-106.2162725,2484.4248,7.010400000000001,13.277088,0.0,354.0868775557519
423.2000000000001,39.9615175,-106.2162748,2484.4248,7.010400000000001,12.606528,0.0,352.23483398157464
423.3,39.96152759,-106.2162776,2484.4248,6.88848,11.891264,0.0,350.27875737464944
423.4,39.96153715,-106.2162806,2484.4248,6.88848,11.220704,0.089408,348.1237355962404
423.5,39.96154491,-106.216284,2484.1200000000003,6.797040000000001,10.013696,0.089408,346.148580986195
423.6,39.96155304,-106.2162877,2484.1200000000003,6.797040000000001,9.343136,0.22352,343.90412308063344
423.7000000000001,39.96156006,-106.2162907,2484.1200000000003,6.7056,8.896096,0.22352,340.44540649654886
423.8,39.96156666,-106.2162949,2484.1200000000003,6.7056,8.180832,0.22352,336.1680994705517
423.9,39.9615725,-106.2162983,2484.1200000000003,6.7056,7.644384,0.089408,332.9627415515166
424.0,39.96157757,-106.2163029,2484.1200000000003,6.797040000000001,6.92912,0.0,329.3002774491856
424.1,39.96158181,-106.2163068,2484.4248,6.88848,6.347968,0.0,325.1455444338964
424.2000000000001,39.96158555,-106.2163115,2484.4248,6.88848,5.766816,0.0,321.4830736928972
424.3,39.96158907,-106.2163152,2484.4248,7.10184,5.36448,0.0,317.45904399010465
424.4,39.96159175,-106.2163199,2484.7296,7.193280000000001,4.962144,0.0,311.6335393365702
424.5,39.9615934,-106.2163231,2484.7296,7.315200000000001,4.157472,0.0,306.6341138759674
424.6,39.96159494,-106.2163275,2484.7296,7.315200000000001,3.665728,0.0,300.6299984848207
424.9,39.96159708,-106.2163381,2484.7296,7.40664,3.3528,0.089408,275.7927964950321
425.0,39.96159661,-106.2163418,2484.7296,7.40664,3.084576,0.089408,268.2901859558585
425.1,39.96159595,-106.2163448,2484.7296,7.40664,2.90576,0.22352,258.69006752597977
425.2000000000001,39.96159456,-106.2163482,2484.7296,7.40664,2.90576,0.22352,246.80140948635184
425.3,39.96159317,-106.2163512,2484.7296,7.40664,3.12928,0.22352,237.652556500558
425.4,39.96159087,-106.2163542,2484.7296,7.315200000000001,3.308096,0.22352,228.81407483429035
425.5,39.96158881,-106.2163573,2484.7296,7.315200000000001,3.531616,0.402336,221.98721249581664
425.6,39.96158582,-106.2163601,2484.7296,7.193280000000001,3.755136,0.804672,218.11827636936303
425.7000000000001,39.96158295,-106.2163621,2484.7296,7.193280000000001,3.844544,1.207008,214.23746277685757
425.8,39.96157953,-106.2163646,2484.4248,7.010400000000001,3.978656,1.6987519999999998,211.73351915341627
425.9,39.96157641,-106.2163668,2484.1200000000003,6.797040000000001,4.157472,2.190496,209.05460409907715
426.0,39.96157261,-106.216369,2483.8152,6.492240000000001,4.291583999999999,2.503424,206.30101719581887
426.1,39.96156984,-106.2163719,2483.8152,6.30936,4.24688,2.414016,202.2034785320574
426.2000000000001,39.96156537,-106.2163738,2483.5104,6.00456,4.515104,2.101088,198.12186024790137
426.3,39.96156024,-106.2163752,2483.2056,5.7912,5.543296,1.6987519999999998,195.21632671202295
426.4,39.96155472,-106.2163767,2482.9008000000003,5.60832,6.03504,1.385824,191.7847485062628
426.5,39.96154857,-106.2163779,2482.9008000000003,5.39496,6.616192,1.207008,189.34002617280527
426.6,39.96154207,-106.216379,2482.596,5.30352,7.1079360000000005,0.983488,187.78104622298352
426.7000000000001,39.96153469,-106.2163796,2482.596,5.21208,7.733792,0.715264,185.22394759626843
426.8,39.96152725,-106.21638,2482.596,5.09016,8.27024,0.402336,182.81555668421123
426.9,39.96151805,-106.2163806,2482.596,5.09016,9.253728,0.089408,180.0
427.0,39.96150965,-106.2163803,2482.596,5.09016,9.790176,0.0,178.60959873595596
427.1,39.96150089,-106.2163794,2482.596,5.09016,9.566656,-0.089408,177.58049078334363
427.2000000000001,39.96149183,-106.2163785,2482.596,5.09016,9.924288,0.0,176.6028670806602
427.3,39.9614833,-106.2163775,2482.596,5.09016,9.83488,0.0,175.4462320208413
427.4,39.96147377,-106.2163762,2482.596,5.09016,10.103104,0.0,175.09393301435216
427.5,39.96146398,-106.2163749,2482.596,5.09016,10.773664,0.0,174.74073244075078
427.6,39.96145396,-106.2163733,2482.596,5.09016,11.086592,0.0,174.14994479428265
427.7000000000001,39.96144325,-106.216371,2482.596,5.21208,11.667744,0.0,173.7866247347216
427.8,39.9614328,-106.2163691,2482.596,5.21208,11.891264,0.0,173.46103791703865
427.9,39.96142306,-106.2163679,2482.596,5.09016,11.310112,0.0,173.1220650210479
428.0,39.96141234,-106.2163659,2482.596,5.09016,11.444224,0.0,172.60599135740176
428.1,39.96140191,-106.2163644,2482.596,5.09016,11.84656,0.0,172.71597634558316
428.2000000000001,39.96139095,-106.2163623,2482.596,5.09016,11.980672,0.0,172.34934904464058
428.3,39.96137994,-106.2163607,2482.596,5.09016,12.338304,0.0,172.48785589694728
428.4,39.96136876,-106.2163585,2482.596,5.09016,12.427712,0.0,172.13258659260612
428.5,39.9613577,-106.2163565,2482.596,5.09016,12.51712,0.0,171.7830420587427
428.6,39.96134635,-106.2163542,2482.596,5.09016,12.606528,0.0,171.92679512417476
428.7000000000001,39.9613351,-106.2163519,2482.596,5.09016,12.74064,0.0,171.98290692634464
428.8,39.96132356,-106.2163495,2482.596,5.09016,12.830048,0.0,171.44964274112726
428.9,39.96131109,-106.2163471,2482.596,5.09016,13.500608,0.0,171.5371088644091
429.0,39.96129928,-106.2163447,2482.596,5.09016,13.679424,0.0,171.59443928970882
429.1,39.96128836,-106.2163427,2482.596,5.09016,12.785344,0.0,171.26853273058578
429.5,39.96123949,-106.216332,2482.596,5.09016,13.455904,0.0,170.4146596675082
429.6,39.96122726,-106.2163292,2482.2912,4.99872,13.768832,0.0,170.4765623170057
429.7000000000001,39.96121589,-106.2163266,2482.2912,4.99872,13.321792,0.0,169.9275221625611
429.8,39.96120365,-106.2163237,2482.2912,4.99872,13.321792,0.0,170.02396357724854
429.9,39.96119113,-106.2163204,2482.2912,4.99872,14.037056,-0.089408,169.3014870354167
430.0,39.96117884,-106.2163172,2482.596,5.09016,14.08176,0.0,168.94152074330884
430.1,39.9611666,-106.216314,2482.596,5.09016,13.902944,0.0,167.9309880479742
430.2000000000001,39.96115441,-106.2163105,2482.596,5.09016,13.902944,-0.089408,167.21202734519773
430.3,39.96114243,-106.216306,2482.596,5.09016,13.85824,-0.22352,165.51823067887517
430.4,39.96113043,-106.2163016,2482.596,5.09016,13.85824,-0.089408,163.7250302412449
430.5,39.96111883,-106.216296,2482.596,5.21208,13.768832,-0.22352,160.73645097925203
430.6,39.9611076,-106.2162902,2482.596,5.21208,13.590016,-0.312928,157.12909844913156
430.7000000000001,39.96109743,-106.2162825,2482.596,5.21208,13.232384,-0.312928,153.16804494837947
430.8,39.96108748,-106.2162752,2482.596,5.30352,12.874752,-0.22352,149.77301324740222
430.9,39.96107889,-106.2162659,2482.596,5.30352,12.472416,-0.22352,146.30993247402023
431.0,39.96107052,-106.2162578,2482.596,5.30352,12.025376,-0.089408,143.3102771675242
431.1,39.96106358,-106.2162482,2482.596,5.30352,11.354816,-0.089408,141.11550356628538
431.3,39.96105089,-106.2162316,2482.596,5.30352,10.416032,0.0,137.5232662335029
431.4,39.96104533,-106.216224,2482.596,5.30352,9.656064,0.0,136.04925594088007
431.5,39.96104056,-106.2162173,2482.596,5.30352,8.359648,0.0,135.46205272143072
431.6,39.96103628,-106.2162108,2482.596,5.30352,7.554975999999999,0.089408,135.0
431.7000000000001,39.96103194,-106.2162052,2482.596,5.21208,7.063232,0.089408,135.0
431.8,39.96102864,-106.2161998,2482.596,5.21208,6.303264,0.089408,134.02897806892082
431.9,39.96102602,-106.2161968,2482.596,5.21208,4.828032,0.22352,135.0
432.0,39.96102382,-106.216193,2482.596,5.09016,3.978656,0.312928,135.0
432.1,39.96102166,-106.2161914,2482.596,5.09016,3.308096,0.402336,131.42366562500263
432.2000000000001,39.96102072,-106.216189,2482.2912,4.99872,2.414016,0.312928,125.94211187138234
432.3,39.96102029,-106.2161884,2482.2912,4.99872,1.56464,0.312928,117.29957221133282
432.4,39.96102034,-106.2161872,2482.2912,4.99872,0.938784,0.22352,109.29004621918877
432.5,39.96102139,-106.2161879,2482.2912,4.99872,0.491744,0.089408,90.0
432.6,39.96102224,-106.2161881,2482.2912,4.99872,1.162304,0.0,0.0
432.7000000000001,39.9610233,-106.2161894,2482.2912,4.99872,1.162304,0.0,331.1892062570269
432.8,39.96102495,-106.2161908,2482.2912,4.99872,1.877568,0.0,322.8152935467669
432.9,39.96102618,-106.2161934,2482.2912,4.907280000000001,2.324608,0.0,318.1798301198642
433.0,39.96102846,-106.216196,2482.2912,4.907280000000001,2.90576,0.0,317.54480437981306
433.1,39.96103049,-106.2161989,2482.2912,4.907280000000001,3.3528,0.0,315.0
433.4,39.96104009,-106.2162119,2482.2912,4.907280000000001,4.69392,0.0,311.8778695378843
433.5,39.9610436,-106.2162171,2482.2912,4.907280000000001,5.319776,0.0,311.59723022893826
433.6,39.96104772,-106.2162231,2482.2912,4.907280000000001,6.392672,0.0,311.29945694482166
433.7000000000001,39.96105131,-106.2162293,2482.2912,4.907280000000001,6.750304,0.0,310.32258214111823
433.8,39.96105592,-106.2162363,2482.2912,4.907280000000001,7.242048,0.0,309.8935154276716
433.9,39.96106055,-106.2162434,2482.2912,4.907280000000001,7.912608,0.0,311.60698893091126
434.0,39.96106593,-106.2162512,2482.2912,4.907280000000001,8.449055999999999,0.0,312.67561702905186
434.1,39.9610717,-106.2162595,2482.2912,4.907280000000001,9.253728,0.0,313.20385684750426
434.2000000000001,39.96107788,-106.216268,2482.2912,4.907280000000001,9.790176,0.0,314.62056329858103
434.3,39.96108453,-106.2162761,2482.2912,4.907280000000001,10.0584,0.0,315.0
434.4,39.96109146,-106.2162852,2482.2912,4.907280000000001,10.50544,0.0,315.34308439952355
434.5,39.96109842,-106.2162937,2482.2912,4.907280000000001,10.773664,0.0,315.83031548625803
434.6,39.961106,-106.2163033,2482.2912,4.99872,11.176,-0.089408,316.2801395596049
434.7000000000001,39.96111414,-106.2163124,2482.2912,4.99872,11.84656,-0.089408,317.00684773549455
434.8,39.96112239,-106.2163224,2482.2912,4.907280000000001,12.248895999999998,0.0,317.3984213340925
434.9,39.96113094,-106.2163323,2482.2912,4.78536,12.606528,0.0,317.8912695962206
435.0,39.96113982,-106.2163427,2482.2912,4.78536,12.96416,0.0,318.4978351067725
435.1,39.96114911,-106.2163528,2482.2912,4.78536,13.366496,0.0,318.95926496890814
435.2000000000001,39.9611586,-106.2163635,2482.2912,4.78536,13.724128,-0.089408,319.4192267651184
435.3,39.96116831,-106.2163741,2482.2912,4.907280000000001,14.037056,-0.089408,319.9810819353084
435.4,39.96117822,-106.2163849,2482.2912,4.907280000000001,14.215872,-0.22352,320.2877064476525
435.5,39.96118846,-106.2163953,2482.2912,4.907280000000001,14.394688,-0.22352,320.7486634172878
435.6,39.96119874,-106.2164062,2482.2912,4.99872,14.573504,-0.22352,320.89754846543764
435.8,39.96121921,-106.2164276,2482.2912,4.99872,14.618208,-0.089408,321.60994389363
435.9,39.96122909,-106.2164376,2482.2912,4.99872,14.349984,-0.089408,321.5541805903928
436.0,39.96123985,-106.2164486,2482.2912,4.99872,14.5288,0.0,321.9761964770448
436.1,39.96125132,-106.2164602,2482.2912,4.99872,15.691104,0.0,322.2276180444459
436.2000000000001,39.96126243,-106.2164714,2482.2912,4.99872,15.86992,0.0,322.240590129645
436.3,39.96127297,-106.2164817,2482.2912,4.99872,15.109951999999998,0.0,322.4414054897437
436.4,39.96128429,-106.2164928,2482.2912,4.99872,15.19936,0.0,322.93555037008883
436.5,39.96129655,-106.216505,2482.2912,4.99872,16.451072,0.0,322.8727395504754
436.6,39.96130817,-106.2165163,2482.2912,4.99872,16.585184,0.0,323.35279443466527
436.7000000000001,39.96131976,-106.2165276,2482.2912,4.99872,16.09344,0.0,323.7292108489927
436.8,39.96133171,-106.2165387,2482.2912,4.99872,16.182848,0.0,324.8277240111631
436.9,39.96134268,-106.2165487,2482.596,5.09016,15.601696,-0.089408,326.3537365782633
437.0,39.96135492,-106.216559,2482.596,5.09016,15.556992,-0.22352,327.57713817387
437.1,39.96136848,-106.2165695,2482.596,5.09016,16.853408,-0.089408,328.84697069884953
437.2000000000001,39.96138113,-106.2165792,2482.596,5.09016,16.942816,0.0,329.8454520820838
437.3,39.96139405,-106.2165877,2482.596,5.09016,16.182848,0.0,331.326853510565
437.4,39.96140715,-106.2165963,2482.596,5.09016,16.182848,0.0,333.57659446640383
437.5,39.9614204,-106.2166038,2482.596,5.09016,16.182848,0.0,335.6485216107113
437.6,39.96143372,-106.2166109,2482.596,5.21208,16.004032,-0.089408,338.4392012966473
437.7000000000001,39.96144758,-106.216616,2482.596,5.21208,15.959328,-0.22352,341.5128216751248
437.8,39.96146089,-106.216621,2482.596,5.21208,15.735808,-0.22352,344.611532167241
437.9,39.96147325,-106.216623,2482.596,5.21208,14.573504,-0.22352,347.31961650818016
438.0,39.961486,-106.2166259,2482.596,5.30352,14.126464,-0.089408,349.5019681564977
438.1,39.96149853,-106.2166271,2482.596,5.30352,14.171168,0.0,351.5249063850138
438.2000000000001,39.96151051,-106.2166286,2482.596,5.30352,13.679424,0.0,353.919259067183
438.3,39.96152271,-106.216629,2482.596,5.30352,13.455904,0.0,355.9143832200251
438.4,39.96153379,-106.2166292,2482.596,5.30352,12.96416,0.0,357.6496268354513
438.5,39.96154346,-106.2166292,2482.596,5.21208,11.533632,0.089408,0.0
438.6,39.96155351,-106.2166282,2482.596,5.21208,10.95248,0.089408,2.09525256462382
438.7000000000001,39.96156277,-106.2166273,2482.596,5.21208,10.773664,0.089408,4.380060455063642
439.0,39.96158797,-106.2166207,2482.596,5.09016,9.700768,0.312928,14.514266293668411
439.1,39.96159467,-106.2166175,2482.596,5.09016,9.119616,0.22352,19.957401822183044
439.2000000000001,39.96160126,-106.2166131,2482.596,5.09016,8.04672,0.089408,24.99764733185947
439.3,39.96160706,-106.216609,2482.2912,4.99872,7.778496,0.089408,30.11373315098245
439.4,39.96161256,-106.2166036,2482.2912,4.99872,7.465567999999999,0.089408,34.63080038025703
439.5,39.96161673,-106.2165981,2482.2912,4.99872,7.1079360000000005,0.089408,38.390056106370025
439.6,39.96162135,-106.2165918,2482.2912,4.99872,7.018528,0.089408,43.2642954110716
439.7000000000001,39.96162553,-106.2165859,2482.2912,4.99872,7.15264,0.0,47.25064089703756
439.8,39.96162927,-106.2165788,2482.2912,4.99872,7.063232,0.0,52.56142842766696
439.9,39.96163374,-106.2165721,2482.2912,4.99872,7.465567999999999,0.0,56.1130405359483
440.0,39.96163673,-106.2165642,2482.2912,4.99872,7.465567999999999,0.0,60.47132816552016
440.1,39.96163926,-106.2165572,2482.2912,4.907280000000001,7.063232,0.0,65.58445165231456
440.2000000000001,39.96164145,-106.2165486,2482.2912,4.907280000000001,7.15264,0.0,69.95904818779576
440.3,39.96164369,-106.2165397,2482.2912,4.907280000000001,7.867904,0.0,73.73979529168804
440.4,39.96164513,-106.2165303,2482.2912,4.907280000000001,8.091424,0.0,77.26570920465241
440.5,39.96164655,-106.2165211,2482.2912,4.907280000000001,8.04672,0.0,80.38543072909908
440.6,39.96164724,-106.216511,2482.2912,4.907280000000001,8.314944,-0.089408,83.39516450324601
440.7000000000001,39.96164817,-106.2165005,2482.2912,4.99872,8.851392,0.0,86.22453417571018
440.8,39.9616482,-106.2164896,2482.2912,4.99872,9.119616,0.0,88.59597278089569
440.9,39.9616478,-106.2164787,2482.2912,4.99872,9.298432,0.0,91.94619511703075
441.0,39.96164682,-106.2164675,2482.2912,4.99872,9.432544,-0.089408,95.54531730886202
441.1,39.96164557,-106.2164563,2482.2912,4.99872,9.61136,-0.089408,100.00797980144137
441.2000000000001,39.96164345,-106.2164455,2482.2912,4.99872,9.566656,-0.089408,104.37446728130531
441.3,39.96164025,-106.2164357,2482.2912,4.99872,9.253728,-0.089408,108.88608736970929
441.4,39.96163693,-106.2164258,2482.2912,4.99872,9.119616,-0.089408,114.10917523759156
441.5,39.96163266,-106.2164174,2482.596,5.09016,8.851392,-0.089408,118.70595254340112
441.6,39.96162836,-106.216409,2482.596,5.09016,8.583167999999999,-0.089408,123.95369655286493
441.7000000000001,39.96162322,-106.2164032,2482.596,5.09016,8.002016,-0.089408,128.50065372034544
441.8,39.96161848,-106.216397,2482.596,5.09016,7.554975999999999,-0.089408,133.69210439833626
441.9,39.9616137,-106.2163937,2482.596,5.09016,6.660896,-0.089408,139.31062582482053
442.0,39.96160902,-106.2163897,2482.596,5.21208,6.124447999999999,0.0,144.82527704214846
442.1,39.96160529,-106.2163882,2482.596,5.21208,5.185664,0.0,150.99358409772998
442.2000000000001,39.96160105,-106.2163862,2482.596,5.21208,4.649216,0.0,155.4184255174314
442.3,39.96159825,-106.216386,2482.596,5.21208,4.02336,0.0,161.56505117707798
442.4,39.96159468,-106.2163854,2482.596,5.21208,3.531616,0.089408,165.6186054089094
442.5,39.96159209,-106.2163856,2482.596,5.21208,3.442208,0.22352,174.44702896696322
442.6,39.96158919,-106.2163864,2482.596,5.21208,3.084576,0.22352,186.14662565964667
442.7000000000001,39.96158753,-106.2163871,2482.596,5.21208,2.592832,0.22352,200.77225468204583
442.8,39.96158521,-106.2163896,2482.596,5.09016,2.592832,0.22352,215.1341930569156
442.9,39.96158393,-106.2163922,2482.596,5.09016,2.995168,0.089408,225.0
443.0,39.96158209,-106.2163962,2482.596,5.09016,3.308096,0.089408,235.304846468766
443.1,39.96158081,-106.2164004,2482.596,5.09016,3.933952,0.089408,242.85031830221683
443.2000000000001,39.96157949,-106.2164057,2482.596,5.09016,4.291583999999999,0.0,249.3045492659367
443.3,39.96157839,-106.216411,2482.596,5.09016,4.738624,0.0,254.27525427725257
443.4,39.9615775,-106.2164176,2482.596,5.09016,5.185664,0.0,257.63093847407447
443.5,39.96157687,-106.2164242,2482.596,5.09016,5.677408,0.0,260.24757505834623
443.6,39.96157618,-106.216432,2482.596,5.09016,6.169152,0.0,261.00620760124445
443.7000000000001,39.96157552,-106.2164394,2482.596,5.09016,6.571488,0.0,261.7643806757905
443.8,39.96157491,-106.2164486,2482.596,5.09016,7.1079360000000005,0.0,262.3132783185317
443.9,39.96157379,-106.2164576,2482.596,5.09016,7.778496,0.0,263.55324462089544
444.0,39.96157319,-106.2164679,2482.596,5.09016,8.27024,0.0,263.9275435927923
444.1,39.96157217,-106.2164781,2482.596,5.09016,8.761984,0.0,264.20303138093
444.2000000000001,39.96157156,-106.2164895,2482.596,5.09016,9.253728,0.0,264.5076754428726
444.3,39.96157035,-106.2165007,2482.596,5.09016,9.700768,0.0,263.4280773456841
444.4,39.96156935,-106.2165129,2482.596,5.09016,10.0584,0.0,261.2926297284796
444.5,39.96156758,-106.2165241,2482.596,5.09016,10.0584,0.0,259.2273523517793
444.6,39.96156577,-106.2165364,2482.596,5.09016,10.237215999999998,-0.089408,256.56181184164933
444.7000000000001,39.96156275,-106.2165477,2482.596,5.09016,10.416032,-0.089408,253.34770026964583
444.8,39.9615599,-106.2165597,2482.596,5.09016,10.460736,-0.089408,250.39591184917057
444.9,39.9615552,-106.21657,2482.596,5.09016,10.371328,-0.089408,246.3420030012373
445.0,39.96155128,-106.2165811,2482.596,5.21208,10.28192,0.0,242.86768241306407
445.1,39.9615456,-106.2165896,2482.596,5.21208,9.924288,0.0,239.4817693211248
445.2000000000001,39.96154075,-106.2165994,2482.596,5.21208,9.745472,0.0,236.2369442593448
445.3,39.96153489,-106.2166067,2482.596,5.21208,9.432544,0.0,232.59464336859145
445.4,39.96152928,-106.2166151,2482.596,5.21208,9.253728,0.0,229.2506545746512
445.5,39.96152282,-106.216621,2482.596,5.21208,9.074912,0.0,225.0
445.8,39.96150351,-106.2166371,2482.596,5.21208,8.583167999999999,0.0,210.36975936448215
445.9,39.96149767,-106.2166409,2482.596,5.21208,8.180832,0.0,206.4188887912985
446.0,39.96149099,-106.216644,2482.596,5.21208,7.554975999999999,0.0,202.2349908924885
446.1,39.96148442,-106.2166458,2482.596,5.21208,7.644384,0.0,196.92751306414704
446.2000000000001,39.9614776,-106.2166473,2482.596,5.21208,7.59968,0.089408,192.60414728376185
446.3,39.96147179,-106.2166475,2482.596,5.21208,7.063232,0.089408,187.68672168146836
446.4,39.96146497,-106.2166475,2482.596,5.21208,7.018528,0.089408,183.16036162604567
446.5,39.96145846,-106.2166468,2482.596,5.09016,7.420864000000001,0.089408,179.29701957726445
446.6,39.96145162,-106.2166454,2482.596,5.09016,7.465567999999999,0.089408,175.52212042615042
446.7000000000001,39.96144544,-106.2166436,2482.596,5.09016,7.331455999999999,0.089408,170.59468849904306
446.8,39.96143863,-106.2166408,2482.596,5.09016,7.465567999999999,0.089408,166.4520610119995
446.9,39.96143266,-106.2166383,2482.596,5.09016,7.465567999999999,0.0,162.92152834512626
447.0,39.96142591,-106.2166343,2482.596,5.09016,7.59968,0.0,158.6163648352383
447.1,39.96141915,-106.2166303,2482.596,5.09016,8.27024,0.0,155.40020939484248
447.2000000000001,39.96141237,-106.2166251,2482.596,5.09016,8.49376,0.0,152.3411288949726
447.3,39.96140583,-106.2166201,2482.596,5.09016,8.583167999999999,0.0,149.74356283647074
447.4,39.96139902,-106.2166137,2482.596,5.09016,8.896096,0.0,146.78474850626282
447.5,39.96139345,-106.2166078,2482.596,5.09016,8.627872,0.0,144.6887865603668
447.6,39.96138668,-106.2166005,2482.596,5.09016,8.896096,0.0,143.0224036473275
447.7000000000001,39.96137904,-106.2165932,2482.596,5.09016,10.147808,0.089408,141.4622706368391
447.8,39.96137195,-106.2165852,2482.596,5.09016,10.460736,0.22352,141.77215996611358
447.9,39.96136451,-106.2165781,2482.2912,4.99872,10.326624,0.22352,142.44629772642804
448.0,39.96135684,-106.2165701,2482.2912,4.99872,10.550144,0.22352,144.51794916094877
448.1,39.96134942,-106.216564,2482.2912,4.99872,10.326624,0.0,145.5039488840356
448.2000000000001,39.96134189,-106.2165567,2482.2912,4.99872,10.0584,-0.715264,145.80161823569074
448.3,39.96133455,-106.2165522,2482.596,5.09016,9.656064,-0.804672,146.4695303328669
448.4,39.96132815,-106.2165463,2482.596,5.21208,8.851392,-0.581152,146.2257977628144
448.5,39.96132238,-106.2165432,2482.596,5.30352,7.778496,-0.491744,146.49269351131
448.6,39.96131687,-106.2165383,2482.596,5.30352,7.15264,-0.22352,146.1130405359483
448.7000000000001,39.96131244,-106.2165347,2482.596,5.30352,6.616192,0.0,146.20079778788443
448.8,39.96130802,-106.2165308,2482.596,5.30352,5.856224,0.0,146.0635005333433
448.9,39.96130428,-106.2165286,2482.596,5.30352,5.275072000000001,0.089408,146.16950192308286
449.0,39.96130092,-106.2165257,2482.596,5.30352,4.515104,0.089408,146.30993247402023
449.1,39.96129868,-106.2165239,2482.596,5.21208,3.710432,0.22352,146.1130405359483
449.2000000000001,39.96129652,-106.216522,2482.596,5.21208,2.90576,0.22352,144.78240703180728
449.3,39.96129559,-106.2165208,2482.596,5.21208,2.2352,0.312928,144.60520415501293
449.4,39.96129465,-106.21652,2482.596,5.21208,1.34112,0.22352,141.34019174590992
449.5,39.96129471,-106.2165199,2482.596,5.09016,0.67056,0.22352,138.3664606634298
449.6,39.9612945,-106.2165196,2482.596,5.09016,0.0,0.22352,130.23635830927378
449.7000000000001,39.961295,-106.2165191,2482.596,5.09016,0.491744,0.22352,129.28940686250036
449.8,39.96129508,-106.2165191,2482.596,5.09016,0.491744,0.089408,135.0
449.9,39.96129473,-106.2165176,2482.596,5.09016,0.67056,0.0,135.0
450.0,39.96129492,-106.2165177,2482.596,5.09016,0.67056,0.0,125.53767779197436
450.1,39.96129418,-106.2165169,2482.596,5.09016,0.67056,0.0,135.0
450.2000000000001,39.96129435,-106.216517,2482.596,5.09016,0.67056,0.0,135.0
450.3,39.96129357,-106.2165163,2482.596,5.09016,0.0,0.0,111.80140948635182
450.4,39.96129369,-106.2165164,2482.596,5.09016,0.0,0.0,111.80140948635182
450.5,39.96129318,-106.2165154,2482.596,5.09016,0.67056,0.0,111.80140948635182
450.6,39.96129326,-106.2165154,2482.596,5.09016,0.0,0.0,111.80140948635182
450.7000000000001,39.96129257,-106.2165147,2482.596,5.09016,0.0,0.0,111.80140948635182
451.0,39.96129225,-106.2165138,2482.596,5.09016,0.357632,0.0,111.80140948635182
451.1,39.96129178,-106.2165133,2482.596,5.09016,0.402336,0.0,111.80140948635182
451.2000000000001,39.96129171,-106.2165132,2482.596,5.09016,0.0,0.0,135.0
451.3,39.96129132,-106.2165126,2482.596,5.09016,0.491744,0.0,135.0
451.4,39.96129122,-106.2165125,2482.596,5.09016,0.491744,0.0,135.0
451.5,39.96129093,-106.2165121,2482.596,5.09016,0.0,0.0,135.0
451.6,39.96129082,-106.216512,2482.596,5.09016,0.0,0.0,90.0
451.7000000000001,39.96129046,-106.2165116,2482.596,5.09016,0.0,0.0,90.0
451.8,39.96129034,-106.2165115,2482.596,5.09016,0.0,0.0,0.0
451.9,39.96129018,-106.2165113,2482.596,5.09016,0.491744,0.0,0.0
452.0,39.96129006,-106.2165113,2482.596,5.09016,0.491744,0.0,0.0
452.1,39.9612899,-106.2165113,2482.596,5.09016,0.0,0.0,0.0
452.2000000000001,39.96128977,-106.2165112,2482.596,5.09016,0.0,0.0,0.0
452.3,39.96128958,-106.2165114,2482.596,5.09016,0.491744,0.0,0.0
452.4,39.96128945,-106.2165114,2482.596,5.09016,0.0,0.0,0.0
452.5,39.96128926,-106.2165113,2482.596,5.09016,0.491744,0.0,0.0
452.6,39.96128909,-106.2165113,2482.596,5.09016,0.0,0.0,0.0
452.7000000000001,39.96128902,-106.2165114,2482.596,5.09016,0.0,0.0,0.0
452.8,39.96128886,-106.2165115,2482.596,5.09016,0.0,0.0,0.0
452.9,39.96128894,-106.2165115,2482.596,5.09016,0.0,0.0,0.0
453.0,39.96128883,-106.2165116,2482.596,5.09016,0.0,0.0,0.0
453.1,39.961289,-106.2165117,2482.596,5.09016,0.0,0.0,270.0
453.2000000000001,39.96128888,-106.2165118,2482.596,5.09016,0.0,0.0,0.0
453.3,39.96128897,-106.216512,2482.596,5.09016,0.0,0.0,0.0
453.4,39.96128884,-106.2165121,2482.596,5.09016,0.0,0.0,0.0
453.5,39.96128895,-106.2165123,2482.596,5.09016,0.0,0.0,0.0
453.6,39.96128884,-106.2165124,2482.596,5.09016,0.0,0.0,0.0
453.7000000000001,39.96128899,-106.2165124,2482.596,5.09016,0.0,0.0,0.0
453.8,39.96128891,-106.2165125,2482.596,5.09016,0.0,0.0,0.0
453.9,39.96128848,-106.2165126,2482.596,5.09016,0.491744,0.0,0.0
454.0,39.96128835,-106.2165126,2482.596,5.09016,0.0,0.0,0.0
454.1,39.96128824,-106.2165125,2482.596,5.09016,0.0,0.0,0.0
454.2000000000001,39.9612881,-106.2165125,2482.596,5.09016,0.0,0.0,0.0
454.3,39.96128789,-106.2165126,2482.596,5.09016,0.0,0.0,0.0
454.4,39.96128777,-106.2165127,2482.596,5.09016,0.67056,0.0,0.0
454.5,39.96128778,-106.2165128,2482.596,5.09016,0.0,0.0,0.0
454.6,39.96128768,-106.2165128,2482.596,5.09016,0.491744,0.0,0.0
454.7000000000001,39.96128783,-106.2165128,2482.596,5.09016,0.0,0.0,0.0
454.8,39.96128776,-106.2165128,2482.596,5.09016,0.0,0.0,0.0
454.9,39.9612878,-106.2165129,2482.596,5.09016,0.0,0.0,0.0
455.0,39.96128775,-106.2165129,2482.596,5.09016,0.0,0.0,0.0
455.1,39.9612879,-106.2165128,2482.596,5.09016,0.0,0.0,0.0
455.2000000000001,39.96128788,-106.2165129,2482.596,5.09016,0.0,0.312928,0.0
455.3,39.96128783,-106.2165127,2482.2912,4.99872,0.0,0.581152,0.0
455.4,39.96128782,-106.2165127,2482.2912,4.907280000000001,0.0,0.983488,0.0
455.5,39.96128781,-106.2165127,2482.2912,4.78536,0.0,0.804672,0.0
455.6,39.96128788,-106.2165128,2482.2912,4.78536,0.0,0.491744,0.0
455.7000000000001,39.96128786,-106.2165131,2481.9864,4.69392,0.0,0.402336,180.0
455.8,39.96128724,-106.2165131,2481.9864,4.69392,0.491744,0.312928,180.0
455.9,39.96128592,-106.2165135,2481.9864,4.60248,1.162304,0.22352,180.0
456.0,39.96128417,-106.2165135,2481.9864,4.60248,1.78816,0.402336,180.0
456.1,39.96128113,-106.2165131,2481.9864,4.60248,2.68224,0.581152,180.0
456.2000000000001,39.96127846,-106.216513,2481.9864,4.51104,3.12928,0.491744,180.0
456.3,39.96127418,-106.2165125,2481.9864,4.51104,3.933952,0.312928,178.61964592655556
456.4,39.96127042,-106.2165122,2481.9864,4.38912,4.515104,0.312928,176.88915934650925
456.5,39.96126604,-106.2165123,2481.9864,4.38912,4.559807999999999,0.581152,175.8295634751579
456.6,39.96126179,-106.2165118,2481.6816000000003,4.29768,4.783328,0.983488,173.78436410029735
456.7000000000001,39.96125705,-106.2165106,2481.6816000000003,4.20624,5.051552,1.385824,171.17025533209096
456.8,39.96125254,-106.2165094,2481.3768,3.99288,5.230368,1.78816,168.16635469383937
456.9,39.96124838,-106.2165076,2481.3768,3.81,4.962144,2.01168,162.37198063218034
457.0,39.96124375,-106.2165054,2481.072,3.5966400000000003,5.185664,2.01168,156.28640511365916
457.1,39.96124038,-106.2165019,2480.7672,3.41376,5.051552,1.922272,150.71857293894095
457.2000000000001,39.96123594,-106.216498,2480.7672,3.2004,5.319776,1.6987519999999998,143.3929251873925
457.3,39.96123181,-106.2164921,2480.4624000000003,3.10896,6.347968,1.385824,134.1363099554004
457.4,39.96122781,-106.216486,2480.4624000000003,2.8956,6.8397120000000005,1.1176,127.70794103541732
457.5,39.96122468,-106.2164775,2480.1576,2.80416,7.37616,0.581152,122.77908066806958
457.6,39.9612213,-106.2164698,2480.1576,2.80416,7.778496,0.22352,118.6104596659652
457.7000000000001,39.961219,-106.2164602,2480.1576,2.80416,8.04672,0.0,115.05761541830304
457.8,39.96121614,-106.2164512,2480.1576,2.80416,8.449055999999999,-0.312928,111.97971527851688
457.9,39.96121417,-106.2164406,2480.4624000000003,2.8956,8.71728,-0.491744,110.37643521383636
458.0,39.96121155,-106.2164307,2480.4624000000003,2.8956,9.119616,-0.402336,109.95740182218304
458.1,39.96120957,-106.2164212,2480.4624000000003,2.9870400000000004,8.627872,-0.22352,109.5545935034512
458.2000000000001,39.96120706,-106.2164107,2480.4624000000003,2.9870400000000004,8.851392,0.0,108.34443423864276
458.3,39.96120539,-106.2164016,2480.4624000000003,2.9870400000000004,8.672576,0.402336,107.10272896905236
458.4,39.96120316,-106.2163906,2480.4624000000003,2.8956,8.851392,0.715264,105.56820727807845
458.5,39.96120061,-106.2163799,2480.1576,2.80416,9.566656,0.804672,102.7328101312092
458.6,39.96119907,-106.2163686,2480.1576,2.80416,9.700768,0.804672,99.81930063875792
458.7000000000001,39.96119786,-106.2163584,2480.1576,2.7127200000000005,9.298432,0.804672,98.20990143837072
458.8,39.9611969,-106.216348,2480.1576,2.5908,8.851392,0.581152,97.77913719091435
458.9,39.96119664,-106.2163397,2479.8528,2.49936,8.002016,0.491744,96.37924816761311
459.0,39.96119619,-106.2163316,2479.8528,2.49936,6.973824,0.402336,95.3430557585752
459.1,39.96119599,-106.216327,2479.8528,2.49936,5.409184,0.312928,94.32506043473848
459.2000000000001,39.96119588,-106.2163211,2479.8528,2.4079200000000003,4.515104,0.312928,93.81407483429037
459.3,39.96119534,-106.2163185,2479.8528,2.4079200000000003,3.665728,0.312928,94.25884612217033
459.4,39.96119533,-106.216314,2479.8528,2.286,2.995168,0.402336,93.4473868518652
459.5,39.96119529,-106.2163113,2479.8528,2.286,3.084576,0.491744,90.0
459.6,39.96119582,-106.216308,2479.548,2.19456,2.548128,0.491744,80.39479584498707
459.7000000000001,39.96119601,-106.2163056,2479.548,2.19456,2.414016,0.402336,71.56505117707798
459.8,39.96119713,-106.2163036,2479.548,2.10312,2.01168,0.312928,57.994616791916485
459.9,39.96119867,-106.2163016,2479.548,2.10312,2.279904,0.22352,45.0
460.0,39.96120028,-106.2163007,2479.548,2.10312,2.101088,0.089408,31.42956561483851
460.1,39.96120206,-106.2163007,2479.548,2.10312,1.966976,0.0,21.80140948635181
460.2000000000001,39.961204,-106.2163006,2479.548,2.10312,2.01168,0.0,14.34933204294714
460.3,39.96120593,-106.2163002,2479.548,2.10312,2.101088,0.0,11.30993247402023
460.4,39.96120806,-106.2163003,2479.548,2.10312,2.279904,0.0,8.47114463301483
460.5,39.96121019,-106.2162994,2479.548,2.10312,2.414016,0.0,5.826342029555804
460.6,39.96121246,-106.2162997,2479.548,2.10312,2.503424,0.0,2.3373058591238305
460.7000000000001,39.96121443,-106.216299,2479.548,2.10312,2.414016,0.0,2.3373058591238305
460.8,39.96121668,-106.2162993,2479.548,2.10312,2.369312,0.0,0.0
460.9,39.96121838,-106.2162987,2479.548,2.10312,2.2352,0.0,0.0
461.0,39.96122051,-106.216299,2479.548,2.10312,2.190496,0.0,0.0
461.1,39.96122208,-106.2162984,2479.548,2.10312,2.01168,0.0,0.0
461.2000000000001,39.96122404,-106.2162987,2479.548,2.01168,2.01168,0.0,0.0
461.3,39.96122554,-106.2162982,2479.548,2.01168,1.877568,0.0,0.0
461.4,39.96122743,-106.2162985,2479.548,2.01168,1.877568,0.0,0.0
461.5,39.96122897,-106.2162985,2479.548,2.01168,1.877568,0.0,0.0
461.6,39.96123076,-106.2162987,2479.548,2.01168,1.877568,0.0,0.0
461.7000000000001,39.96123257,-106.2162986,2479.548,2.01168,2.01168,0.0,0.0
461.8,39.96123428,-106.2162988,2479.548,2.01168,2.01168,0.0,0.0
461.9,39.96123569,-106.2162989,2479.548,2.01168,1.6987519999999998,0.0,0.0
462.0,39.9612373,-106.216299,2479.548,2.01168,1.6987519999999998,0.0,0.0
462.1,39.96123887,-106.2162992,2479.548,2.01168,1.78816,0.0,0.0
462.2000000000001,39.96124031,-106.2162993,2479.548,2.01168,1.6987519999999998,0.0,0.0
462.3,39.96124132,-106.2162992,2479.548,2.01168,1.430528,0.0,0.0
462.4,39.96124222,-106.2162993,2479.548,2.01168,0.938784,0.0,0.0
462.5,39.9612424,-106.2162991,2479.548,2.01168,0.67056,0.0,0.0
462.6,39.9612428,-106.2162992,2479.548,2.01168,0.0,0.0,0.0
462.7000000000001,39.96124278,-106.2162996,2479.548,2.01168,0.491744,0.0,0.0
462.8,39.96124287,-106.2162997,2479.548,2.01168,0.0,0.0,0.0
462.9,39.96124273,-106.2162999,2479.548,2.10312,0.67056,0.0,0.0
463.0,39.96124261,-106.2163,2479.548,2.10312,0.0,0.0,0.0
463.1,39.96124259,-106.2163003,2479.548,2.10312,0.0,0.0,0.0
463.2000000000001,39.96124238,-106.2163004,2479.548,2.10312,0.0,0.0,0.0
463.3,39.96124245,-106.2163005,2479.548,2.10312,0.0,0.0,0.0
463.4,39.96124223,-106.2163006,2479.548,2.10312,0.0,0.0,0.0
463.5,39.96124244,-106.2163008,2479.548,2.10312,0.0,0.0,0.0
463.6,39.96124227,-106.2163009,2479.548,2.01168,0.0,0.22352,0.0
463.7000000000001,39.96124273,-106.2163006,2479.548,2.01168,0.491744,0.402336,0.0
463.8,39.96124263,-106.2163006,2479.548,2.01168,0.0,0.491744,0.0
463.9,39.96124297,-106.2163004,2479.2432000000003,1.88976,0.491744,0.491744,0.0
464.0,39.96124288,-106.2163004,2479.2432000000003,1.79832,0.0,0.491744,0.0
464.1,39.96124325,-106.2163001,2479.2432000000003,1.79832,0.0,0.402336,0.0
464.2000000000001,39.96124323,-106.2162998,2479.2432000000003,1.70688,0.491744,0.491744,90.0
464.3,39.96124329,-106.2162994,2479.2432000000003,1.70688,0.67056,0.491744,90.0
464.4,39.96124333,-106.2162986,2478.9384,1.58496,0.0,0.402336,90.0
464.5,39.96124358,-106.2162974,2478.9384,1.58496,1.0728959999999998,0.402336,90.0
464.6,39.96124369,-106.2162962,2478.9384,1.4935200000000002,0.938784,0.402336,84.28940686250036
464.7000000000001,39.96124392,-106.2162945,2478.9384,1.4935200000000002,1.162304,0.312928,84.80557109226521
464.8,39.96124406,-106.216293,2478.9384,1.4935200000000002,1.34112,0.312928,85.42607874009911
464.9,39.96124425,-106.2162915,2478.9384,1.40208,1.162304,0.312928,85.42607874009911
465.0,39.96124441,-106.2162899,2478.9384,1.40208,1.34112,0.089408,85.76360520094113
465.1,39.96124437,-106.2162882,2478.9384,1.40208,1.430528,0.0,85.76360520094113
465.2000000000001,39.96124458,-106.2162865,2478.9384,1.40208,1.519936,0.0,79.50852298766841
465.3,39.9612447,-106.2162853,2478.9384,1.40208,1.162304,0.0,79.50852298766841
465.4,39.96124492,-106.2162838,2478.9384,1.40208,1.162304,0.089408,79.50852298766841
465.5,39.96124498,-106.2162826,2478.9384,1.40208,1.162304,0.089408,84.80557109226521
465.6,39.96124512,-106.2162813,2478.6336,1.31064,0.938784,0.22352,83.65980825409008
465.7000000000001,39.96124492,-106.2162805,2478.6336,1.31064,0.938784,0.22352,90.0
465.8,39.96124494,-106.2162797,2478.6336,1.31064,0.67056,0.22352,90.0
465.9,39.96124453,-106.2162799,2478.6336,1.18872,0.0,0.22352,90.0
466.0,39.96124446,-106.2162795,2478.6336,1.18872,0.0,0.22352,90.0
466.1,39.96124431,-106.2162802,2478.6336,1.18872,0.0,0.22352,90.0
466.2000000000001,39.9612442,-106.2162801,2478.6336,1.18872,0.491744,0.22352,0.0
466.3,39.96124426,-106.2162802,2478.6336,1.09728,0.0,0.22352,180.0
466.4,39.96124409,-106.2162803,2478.6336,1.09728,0.0,0.22352,180.0
466.5,39.96124391,-106.2162807,2478.6336,1.09728,0.0,0.22352,180.0
466.6,39.96124369,-106.216281,2478.6336,1.09728,0.0,0.22352,201.80140948635184
466.7000000000001,39.96124397,-106.216281,2478.3288,1.00584,0.0,0.089408,180.0
466.8,39.96124388,-106.2162812,2478.3288,1.00584,0.0,0.089408,0.0
466.9,39.96124386,-106.2162812,2478.3288,1.00584,0.0,0.089408,0.0
467.0,39.96124384,-106.2162813,2478.3288,1.00584,0.0,0.089408,0.0
467.1,39.96124367,-106.2162811,2478.3288,1.00584,0.67056,0.0,0.0
467.2000000000001,39.96124364,-106.2162812,2478.3288,1.00584,0.0,0.0,0.0
467.3,39.96124365,-106.2162812,2478.3288,1.00584,0.0,0.0,0.0
467.4,39.96124366,-106.2162813,2478.3288,1.00584,0.0,0.0,0.0
467.5,39.96124347,-106.2162813,2478.3288,1.00584,0.0,0.0,0.0
467.6,39.96124347,-106.2162814,2478.3288,1.00584,0.0,0.0,0.0
467.7000000000001,39.9612436,-106.2162813,2478.3288,0.9144,0.0,0.089408,0.0
467.8,39.96124362,-106.2162815,2478.3288,0.9144,0.0,0.312928,0.0
467.9,39.96124377,-106.2162814,2478.3288,0.9144,0.0,0.312928,270.0
468.0,39.96124378,-106.2162815,2478.3288,0.7924800000000001,0.0,0.402336,270.0
468.1,39.96124358,-106.2162816,2478.3288,0.7924800000000001,0.0,0.402336,270.0
468.2000000000001,39.96124361,-106.2162818,2478.3288,0.7924800000000001,0.0,0.402336,0.0
468.3,39.9612436,-106.2162817,2478.0240000000003,0.70104,0.0,0.402336,0.0
468.4,39.96124358,-106.2162818,2478.0240000000003,0.70104,0.0,0.312928,0.0
468.5,39.96124356,-106.216282,2478.0240000000003,0.6096,0.0,0.312928,0.0
468.6,39.96124358,-106.2162821,2478.0240000000003,0.6096,0.0,0.312928,0.0
468.7000000000001,39.96124371,-106.216282,2478.0240000000003,0.6096,0.0,0.22352,0.0
468.8,39.96124374,-106.2162821,2478.0240000000003,0.6096,0.491744,0.22352,270.0
468.9,39.96124394,-106.2162822,2478.0240000000003,0.48768,0.0,0.22352,270.0
469.0,39.96124395,-106.2162824,2478.0240000000003,0.48768,0.0,0.22352,270.0
469.1,39.96124389,-106.2162827,2478.0240000000003,0.48768,0.0,0.22352,225.0
469.2000000000001,39.96124383,-106.2162829,2478.0240000000003,0.48768,0.0,0.089408,225.0
469.3,39.96124379,-106.2162831,2478.0240000000003,0.48768,0.0,0.089408,225.0
469.4,39.9612437,-106.2162832,2477.7192,0.39624,0.0,0.089408,225.0
469.5,39.9612435,-106.2162832,2477.7192,0.39624,0.0,0.089408,225.0
469.6,39.9612434,-106.2162834,2477.7192,0.39624,0.0,0.089408,225.0
469.7000000000001,39.9612431,-106.2162836,2477.7192,0.39624,0.0,0.0,180.0
469.8,39.96124305,-106.2162836,2477.7192,0.39624,0.0,0.0,0.0
469.9,39.96124331,-106.2162837,2477.7192,0.39624,0.0,0.0,0.0
470.0,39.96124338,-106.2162836,2477.7192,0.39624,0.0,0.0,0.0
470.1,39.96124358,-106.2162833,2477.7192,0.39624,0.0,0.0,0.0
470.2000000000001,39.96124365,-106.2162832,2477.7192,0.39624,0.0,0.0,0.0
470.3,39.96124393,-106.2162833,2477.7192,0.39624,0.0,0.0,0.0
470.4,39.96124402,-106.2162833,2477.7192,0.39624,0.0,0.0,0.0
470.5,39.96124398,-106.2162834,2477.7192,0.39624,0.0,0.0,0.0
470.6,39.96124406,-106.2162833,2477.7192,0.39624,0.0,0.0,0.0
470.7000000000001,39.96124388,-106.2162834,2477.7192,0.39624,0.0,0.0,0.0
470.8,39.96124394,-106.2162834,2477.7192,0.39624,0.0,0.0,0.0
470.9,39.96124411,-106.2162834,2477.7192,0.39624,0.0,0.0,0.0
471.0,39.96124418,-106.2162834,2477.7192,0.39624,0.0,0.0,0.0
471.1,39.96124406,-106.2162836,2477.7192,0.39624,0.0,0.0,0.0
471.2000000000001,39.96124411,-106.2162836,2477.7192,0.39624,0.0,0.0,0.0
471.3,39.96124415,-106.2162835,2477.7192,0.39624,0.0,0.0,0.0
471.4,39.96124421,-106.2162835,2477.4144,0.0,0.0,0.0,0.0
