timestamp,latitude,longitude,altitude,height,ground_speed,vertical_speed,course
0.0,40.0122018,-104.9513291,1560.576,0.0,0.0,0.0,0.0
0.0999999999999659,40.01220181,-104.9513291,1560.576,0.0,0.0,0.0,0.0
0.1999999999999886,40.0122018,-104.9513291,1560.576,0.0,0.491744,0.0,0.0
0.2999999999999545,40.01220196,-104.951329,1560.576,0.0,0.0,0.0,0.0
0.3999999999999772,40.01220197,-104.951329,1560.576,0.0,0.0,0.0,0.0
0.5,40.01220196,-104.951329,1560.576,0.0,0.0,0.0,0.0
0.5999999999999659,40.01220197,-104.951329,1560.576,0.0,0.0,0.0,0.0
0.6999999999999886,40.01220196,-104.951329,1560.576,0.0,0.0,0.0,0.0
0.7999999999999545,40.01220197,-104.951329,1560.576,0.0,0.0,0.0,0.0
0.8999999999999773,40.01220196,-104.951329,1560.576,0.0,0.0,0.0,0.0
1.0,40.01220197,-104.951329,1560.576,0.0,0.0,0.0,0.0
1.099999999999966,40.01220196,-104.951329,1560.576,0.0,0.0,0.0,0.0
1.1999999999999886,40.01220197,-104.951329,1560.576,0.0,0.0,0.0,0.0
1.2999999999999543,40.01220196,-104.951329,1560.576,0.0,0.0,0.0,0.0
1.3999999999999773,40.01220196,-104.951329,1560.576,0.0,0.0,0.0,0.0
1.5,40.01220195,-104.951329,1560.576,0.0,0.0,0.0,0.0
1.599999999999966,40.01220196,-104.951329,1560.576,0.0,0.0,0.0,0.0
1.6999999999999886,40.01220195,-104.951329,1560.576,0.0,0.0,0.0,0.0
1.7999999999999543,40.01220196,-104.951329,1560.576,0.0,0.0,0.0,0.0
1.8999999999999773,40.01220195,-104.951329,1560.576,0.0,0.0,0.0,0.0
2.0,40.01220196,-104.951329,1560.576,0.0,0.0,0.0,0.0
2.099999999999966,40.01220195,-104.951329,1560.576,0.0,0.0,0.0,0.0
2.1999999999999886,40.01220196,-104.951329,1560.576,0.0,0.0,0.0,0.0
2.2999999999999545,40.01220195,-104.9513291,1560.576,0.0,0.0,0.0,0.0
2.3999999999999773,40.01220195,-104.951329,1560.576,0.0,0.0,0.0,0.0
2.5,40.01220195,-104.951329,1560.576,0.0,0.0,0.0,0.0
2.599999999999966,40.01220195,-104.951329,1560.576,0.0,0.0,0.0,0.0
2.6999999999999886,40.01220194,-104.951329,1560.576,0.0,0.0,0.0,0.0
2.7999999999999545,40.01220194,-104.951329,1560.576,0.0,0.0,0.0,0.0
2.8999999999999773,40.01220194,-104.951329,1560.576,0.0,0.0,0.0,0.0
3.0,40.01220194,-104.951329,1560.576,0.0,0.0,0.0,0.0
3.099999999999966,40.01220194,-104.9513291,1560.576,0.0,0.0,0.0,0.0
3.1999999999999886,40.01220194,-104.951329,1560.576,0.0,0.0,0.0,0.0
3.2999999999999545,40.01220194,-104.9513291,1560.576,0.0,0.0,0.0,0.0
3.3999999999999773,40.01220194,-104.951329,1560.576,0.0,0.0,0.0,0.0
3.5,40.01220194,-104.9513291,1560.576,0.0,0.0,0.0,0.0
3.599999999999966,40.01220194,-104.9513291,1560.576,0.0,0.0,0.0,0.0
3.6999999999999886,40.01220194,-104.9513291,1560.576,0.0,0.0,0.0,0.0
3.7999999999999545,40.01220194,-104.9513291,1560.576,0.0,0.0,0.0,0.0
3.899999999999977,40.01220194,-104.951329,1560.576,0.0,0.0,0.0,0.0
4.0,40.01220194,-104.951329,1560.576,0.0,0.0,0.0,0.0
4.099999999999966,40.01220194,-104.951329,1560.576,0.0,0.0,0.0,0.0
4.199999999999989,40.01220194,-104.951329,1560.576,0.0,0.0,0.0,0.0
4.2999999999999545,40.01220194,-104.951329,1560.576,0.0,0.0,0.0,0.0
4.399999999999977,40.01220194,-104.951329,1560.576,0.0,0.0,0.0,0.0
4.5,40.01220194,-104.951329,1560.576,0.0,0.0,0.0,0.0
4.599999999999966,40.01220194,-104.951329,1560.576,0.0,0.0,0.0,0.0
4.699999999999989,40.01220194,-104.9513291,1560.576,0.0,0.0,0.0,0.0
4.7999999999999545,40.01220194,-104.9513291,1560.576,0.0,0.0,0.0,0.0
4.899999999999977,40.01220179,-104.9513292,1560.576,0.0,0.0,0.0,0.0
5.0,40.01220178,-104.9513292,1560.576,0.0,0.0,0.0,0.0
5.099999999999966,40.0122018,-104.9513292,1560.576,0.0,0.0,0.0,0.0
5.199999999999989,40.01220179,-104.9513292,1560.576,0.0,0.0,0.0,0.0
5.2999999999999545,40.01220181,-104.9513292,1560.576,0.0,0.0,0.0,0.0
5.399999999999977,40.0122018,-104.9513292,1560.576,0.0,0.0,0.0,0.0
5.5,40.01220182,-104.9513292,1560.576,0.0,0.0,0.0,0.0
5.599999999999966,40.01220181,-104.9513292,1560.576,0.0,0.0,0.0,0.0
5.699999999999989,40.01220183,-104.9513292,1560.576,0.0,0.491744,0.0,0.0
5.7999999999999545,40.01220182,-104.9513292,1560.576,0.0,0.0,0.0,0.0
5.899999999999977,40.01220183,-104.9513293,1560.576,0.0,0.0,0.0,0.0
6.0,40.01220183,-104.9513293,1560.576,0.0,0.491744,0.0,0.0
6.099999999999966,40.01220169,-104.9513293,1560.576,0.0,0.0,0.0,0.0
6.199999999999989,40.01220167,-104.9513293,1560.576,0.0,0.0,0.0,0.0
6.2999999999999545,40.0122017,-104.9513293,1560.576,0.0,0.0,0.0,0.0
6.399999999999977,40.01220169,-104.9513293,1560.576,0.0,0.0,0.0,0.0
6.5,40.01220171,-104.9513293,1560.576,0.0,0.0,0.0,0.0
6.599999999999966,40.0122017,-104.9513293,1560.576,0.0,0.0,0.0,0.0
6.699999999999989,40.01220172,-104.9513293,1560.576,0.0,0.0,0.0,0.0
6.7999999999999545,40.01220172,-104.9513293,1560.576,0.0,0.0,0.0,0.0
6.899999999999977,40.01220173,-104.9513293,1560.576,0.0,0.491744,0.0,0.0
7.0,40.01220173,-104.9513293,1560.576,0.0,0.491744,0.0,0.0
7.099999999999966,40.01220173,-104.9513293,1560.576,0.0,0.0,0.0,0.0
7.199999999999989,40.01220173,-104.9513293,1560.576,0.0,0.0,0.0,0.0
7.299999999999954,40.01220174,-104.9513293,1560.576,0.0,0.0,0.0,0.0
7.399999999999977,40.01220174,-104.9513293,1560.576,0.0,0.0,0.0,0.0
7.5,40.01220174,-104.9513293,1560.576,0.0,0.0,0.0,0.0
7.599999999999966,40.01220174,-104.9513293,1560.576,0.0,0.0,0.0,0.0
7.699999999999989,40.01220174,-104.9513293,1560.576,0.0,0.0,0.0,0.0
7.799999999999954,40.01220174,-104.9513292,1560.576,0.0,0.0,0.0,0.0
7.899999999999977,40.01220159,-104.9513292,1560.576,0.0,0.0,0.0,0.0
8.0,40.01220158,-104.9513292,1560.576,0.0,0.0,0.0,0.0
8.099999999999966,40.0122016,-104.9513292,1560.576,0.0,0.0,0.0,0.0
8.199999999999989,40.01220159,-104.9513292,1560.576,0.0,0.0,0.0,0.0
8.299999999999955,40.01220161,-104.9513292,1560.576,0.0,0.0,0.0,0.0
8.399999999999977,40.0122016,-104.9513292,1560.576,0.0,0.0,0.0,0.0
8.5,40.01220162,-104.9513293,1560.576,0.0,0.0,0.0,0.0
8.599999999999966,40.01220161,-104.9513292,1560.576,0.0,0.0,0.0,0.0
8.699999999999989,40.01220162,-104.9513293,1560.576,0.0,0.491744,0.0,0.0
8.799999999999955,40.01220162,-104.9513292,1560.576,0.0,0.0,0.0,0.0
8.899999999999977,40.01220163,-104.9513294,1560.576,0.0,0.491744,0.0,0.0
9.0,40.01220163,-104.9513294,1560.576,0.0,0.491744,0.0,0.0
9.099999999999966,40.01220163,-104.9513294,1560.576,0.0,0.0,0.0,0.0
9.199999999999989,40.01220163,-104.9513294,1560.576,0.0,0.0,0.0,0.0
9.299999999999956,40.01220164,-104.9513294,1560.576,0.0,0.0,0.0,0.0
9.399999999999975,40.01220164,-104.9513294,1560.576,0.0,0.0,0.0,0.0
9.5,40.01220164,-104.9513294,1560.576,0.0,0.0,0.0,0.0
9.599999999999966,40.01220164,-104.9513294,1560.576,0.0,0.0,0.0,0.0
9.699999999999989,40.01220164,-104.9513294,1560.576,0.0,0.0,0.0,0.0
9.799999999999956,40.01220164,-104.9513294,1560.576,0.0,0.0,0.0,0.0
9.899999999999975,40.01220164,-104.9513294,1560.576,0.0,0.0,0.0,0.0
10.0,40.01220164,-104.9513294,1560.576,0.0,0.0,0.0,0.0
10.099999999999966,40.01220179,-104.9513294,1560.576,0.0,0.0,0.0,0.0
10.199999999999989,40.01220181,-104.9513294,1560.576,0.0,0.0,0.0,0.0
10.299999999999956,40.01220179,-104.9513294,1560.576,0.0,0.0,0.0,0.0
10.399999999999975,40.0122018,-104.9513294,1560.576,0.0,0.0,0.0,0.0
10.5,40.01220178,-104.9513295,1560.576,0.0,0.0,0.0,0.0
10.599999999999966,40.01220179,-104.9513295,1560.576,0.0,0.0,0.0,0.0
10.699999999999989,40.01220178,-104.9513295,1560.576,0.0,0.0,0.0,0.0
10.799999999999956,40.01220179,-104.9513295,1560.576,0.0,0.0,0.0,0.0
10.899999999999975,40.01220177,-104.9513295,1560.576,0.0,0.0,0.0,0.0
11.0,40.01220179,-104.9513295,1560.576,0.0,0.0,0.0,0.0
11.099999999999966,40.01220177,-104.9513296,1560.576,0.0,0.0,0.0,0.0
11.199999999999989,40.01220178,-104.9513296,1560.576,0.0,0.0,0.0,0.0
11.299999999999956,40.01220177,-104.9513296,1560.576,0.0,0.0,0.0,0.0
11.399999999999975,40.01220177,-104.9513296,1560.576,0.0,0.0,0.0,0.0
11.5,40.01220191,-104.9513296,1560.576,0.0,0.0,0.0,0.0
11.599999999999966,40.01220193,-104.9513296,1560.576,0.0,0.0,0.0,0.0
11.699999999999989,40.0122019,-104.9513297,1560.576,0.0,0.491744,0.0,0.0
11.799999999999956,40.01220191,-104.9513298,1560.576,0.0,0.0,0.0,0.0
11.899999999999975,40.01220188,-104.9513297,1560.576,0.0,0.491744,0.0,0.0
12.0,40.0122019,-104.9513297,1560.576,0.0,0.491744,0.0,0.0
12.099999999999966,40.01220187,-104.9513297,1560.576,0.0,0.491744,0.0,0.0
12.199999999999989,40.01220188,-104.9513297,1560.576,0.0,0.491744,0.0,0.0
12.299999999999956,40.01220187,-104.9513297,1560.576,0.0,0.0,0.0,0.0
12.399999999999975,40.01220187,-104.9513297,1560.576,0.0,0.491744,0.0,0.0
12.5,40.01220186,-104.9513298,1560.576,0.0,0.0,0.0,0.0
12.599999999999966,40.01220186,-104.9513298,1560.576,0.0,0.0,0.0,0.0
12.699999999999989,40.01220185,-104.9513298,1560.576,0.0,0.0,0.0,0.0
12.799999999999956,40.01220186,-104.9513298,1560.576,0.0,0.0,0.0,0.0
12.899999999999975,40.01220185,-104.9513298,1560.576,0.0,0.0,0.0,0.0
13.0,40.01220185,-104.9513298,1560.576,0.0,0.0,0.0,0.0
13.099999999999966,40.01220185,-104.9513299,1560.576,0.0,0.0,0.0,0.0
13.199999999999989,40.01220185,-104.9513299,1560.576,0.0,0.0,0.0,0.0
13.299999999999956,40.01220185,-104.9513299,1560.576,0.0,0.0,0.0,0.0
13.399999999999975,40.01220188,-104.9513299,1560.576,0.0,0.0,-0.089408,0.0
13.5,40.01220194,-104.9513299,1560.576,0.0,0.0,-0.22352,0.0
13.599999999999966,40.01220203,-104.9513299,1560.576,0.0,0.0,-0.491744,0.0
13.699999999999989,40.0122021,-104.9513301,1560.576,0.09144,0.0,-0.715264,0.0
13.799999999999956,40.01220223,-104.9513302,1560.576,0.21336,0.0,-0.983488,0.0
13.899999999999975,40.01220236,-104.9513301,1560.8808,0.3048,0.0,-1.1176,0.0
14.0,40.01220253,-104.9513301,1560.8808,0.39624,0.0,-0.983488,0.0
14.099999999999966,40.01220253,-104.9513301,1560.8808,0.48768,0.0,-0.89408,0.0
14.199999999999989,40.01220268,-104.9513301,1560.8808,0.6096,0.0,-0.715264,0.0
14.299999999999956,40.01220256,-104.9513303,1560.8808,0.6096,0.0,-0.491744,0.0
14.399999999999975,40.01220267,-104.9513303,1561.1856,0.70104,0.0,-0.312928,0.0
14.5,40.01220267,-104.9513305,1561.1856,0.70104,0.0,-0.089408,0.0
14.599999999999966,40.01220274,-104.9513306,1561.1856,0.70104,0.0,0.0,0.0
14.699999999999989,40.01220294,-104.9513306,1561.1856,0.70104,0.0,0.0,0.0
14.799999999999956,40.012203,-104.9513306,1561.1856,0.70104,0.0,0.089408,0.0
14.899999999999975,40.01220315,-104.9513305,1561.1856,0.70104,0.0,0.089408,0.0
15.0,40.0122032,-104.9513305,1561.1856,0.70104,0.0,0.089408,0.0
15.099999999999966,40.01220325,-104.9513305,1561.1856,0.70104,0.0,0.0,0.0
15.199999999999989,40.01220329,-104.9513305,1560.8808,0.6096,0.0,0.0,0.0
15.299999999999956,40.01220339,-104.9513304,1560.8808,0.6096,0.0,0.0,0.0
15.399999999999975,40.01220343,-104.9513304,1560.8808,0.6096,0.0,0.0,0.0
15.5,40.01220355,-104.9513303,1560.8808,0.6096,0.0,0.0,0.0
15.599999999999966,40.0122036,-104.9513302,1560.8808,0.6096,0.0,0.0,0.0
16.0,40.01220395,-104.9513299,1561.1856,0.70104,0.178816,0.0,0.0
16.099999999999966,40.01220404,-104.9513298,1561.1856,0.70104,0.0,0.0,0.0
16.19999999999999,40.01220408,-104.9513297,1561.1856,0.70104,0.0,0.0,0.0
16.299999999999955,40.01220425,-104.9513298,1561.1856,0.70104,0.491744,0.0,0.0
16.599999999999966,40.01220428,-104.9513298,1561.1856,0.70104,0.0,0.0,0.0
16.69999999999999,40.01220433,-104.9513299,1561.1856,0.70104,0.0,0.0,0.0
16.799999999999955,40.01220432,-104.9513299,1561.1856,0.70104,0.0,0.0,0.0
16.899999999999977,40.01220442,-104.9513298,1561.1856,0.70104,0.491744,0.0,0.0
17.0,40.0122044,-104.9513298,1561.1856,0.70104,0.0,0.0,0.0
17.099999999999966,40.01220436,-104.9513298,1561.1856,0.70104,0.0,0.0,0.0
17.19999999999999,40.01220435,-104.9513298,1561.1856,0.70104,0.0,0.0,0.0
17.299999999999955,40.01220452,-104.9513298,1561.1856,0.70104,0.0,0.0,0.0
17.399999999999977,40.01220454,-104.9513298,1561.1856,0.70104,0.0,-0.089408,0.0
17.5,40.01220455,-104.9513298,1561.1856,0.70104,0.0,-0.402336,0.0
17.599999999999966,40.01220456,-104.9513298,1561.1856,0.7924800000000001,0.0,-0.804672,0.0
17.69999999999999,40.01220453,-104.9513297,1561.1856,0.9144,0.0,-1.296416,0.0
17.799999999999955,40.01220451,-104.9513297,1561.4904,1.00584,0.0,-1.78816,0.0
17.899999999999977,40.01220476,-104.9513297,1561.4904,1.18872,0.491744,-2.279904,0.0
18.0,40.01220476,-104.9513297,1561.7952,1.4935200000000002,0.0,-2.816352,0.0
18.09999999999997,40.01220472,-104.9513298,1562.1,1.79832,0.0,-2.995168,0.0
18.19999999999999,40.01220472,-104.9513298,1562.4048,2.10312,0.0,-2.90576,0.0
18.299999999999955,40.0122049,-104.9513298,1562.7096,2.4079200000000003,0.0,-2.68224,0.0
18.399999999999977,40.01220493,-104.9513298,1563.0144,2.7127200000000005,0.0,-2.414016,0.0
18.5,40.01220493,-104.9513301,1563.3192,2.8956,0.0,-2.101088,0.0
18.59999999999997,40.01220498,-104.9513301,1563.624,3.10896,0.0,-1.6987519999999998,0.0
18.69999999999999,40.01220511,-104.9513299,1563.624,3.2918400000000005,0.491744,-1.296416,0.0
18.799999999999955,40.01220518,-104.9513299,1563.9288,3.41376,0.0,-0.89408,0.0
18.899999999999977,40.01220498,-104.95133,1563.9288,3.5052000000000003,0.0,-0.491744,0.0
19.0,40.01220504,-104.95133,1563.9288,3.5052000000000003,0.0,-0.22352,0.0
19.09999999999997,40.01220485,-104.9513299,1563.9288,3.5052000000000003,0.0,-0.089408,0.0
19.19999999999999,40.01220489,-104.9513299,1563.9288,3.5052000000000003,0.0,0.0,0.0
19.299999999999955,40.01220501,-104.9513302,1563.9288,3.5052000000000003,0.0,0.0,0.0
19.399999999999977,40.01220508,-104.9513302,1563.9288,3.5052000000000003,0.0,0.0,0.0
19.5,40.01220501,-104.9513305,1563.9288,3.5052000000000003,0.0,0.0,0.0
19.59999999999997,40.01220506,-104.9513305,1563.9288,3.5052000000000003,0.0,0.0,0.0
19.69999999999999,40.01220497,-104.9513306,1563.9288,3.5052000000000003,0.0,0.0,0.0
19.799999999999955,40.01220502,-104.9513307,1563.9288,3.41376,0.0,0.0,0.0
19.899999999999977,40.01220494,-104.9513308,1563.9288,3.41376,0.0,0.0,0.0
20.0,40.01220497,-104.9513308,1563.9288,3.41376,0.0,0.0,0.0
20.09999999999997,40.0122049,-104.9513306,1563.9288,3.41376,0.0,0.0,0.0
20.19999999999999,40.01220493,-104.9513305,1563.9288,3.41376,0.0,0.0,0.0
20.299999999999955,40.01220502,-104.9513304,1563.9288,3.41376,0.0,0.0,0.0
20.399999999999977,40.01220504,-104.9513303,1563.9288,3.41376,0.0,0.0,0.0
20.5,40.01220511,-104.9513302,1563.9288,3.41376,0.491744,0.0,0.0
20.59999999999997,40.01220513,-104.9513302,1563.9288,3.41376,0.0,0.0,0.0
20.69999999999999,40.01220505,-104.9513301,1563.9288,3.41376,0.491744,0.0,0.0
20.799999999999955,40.01220506,-104.9513301,1563.9288,3.41376,0.0,0.0,0.0
20.899999999999977,40.01220517,-104.9513299,1563.9288,3.41376,0.0,0.0,0.0
21.0,40.01220518,-104.9513299,1563.9288,3.41376,0.0,0.0,0.0
21.09999999999997,40.01220529,-104.9513299,1563.9288,3.41376,0.0,0.0,0.0
21.19999999999999,40.0122053,-104.9513298,1563.9288,3.41376,0.0,0.0,0.0
21.299999999999955,40.01220525,-104.9513298,1563.9288,3.41376,0.0,0.0,0.0
21.399999999999977,40.01220526,-104.9513298,1563.9288,3.41376,0.0,0.0,0.0
21.5,40.01220523,-104.9513299,1563.9288,3.41376,0.491744,0.0,0.0
21.59999999999997,40.01220523,-104.9513299,1563.9288,3.41376,0.0,0.0,0.0
21.69999999999999,40.01220522,-104.9513299,1563.9288,3.41376,0.0,0.0,0.0
21.799999999999955,40.0122052,-104.9513299,1563.9288,3.41376,0.0,0.0,0.0
21.899999999999977,40.01220535,-104.95133,1563.9288,3.41376,0.0,0.0,0.0
22.0,40.01220535,-104.9513301,1563.9288,3.41376,0.0,0.0,0.0
22.09999999999997,40.01220534,-104.95133,1563.9288,3.41376,0.0,0.0,0.0
22.19999999999999,40.01220534,-104.95133,1563.9288,3.41376,0.0,0.0,0.0
22.299999999999955,40.01220534,-104.95133,1563.9288,3.41376,0.0,0.0,0.0
22.399999999999977,40.01220534,-104.95133,1563.9288,3.41376,0.0,0.0,0.0
22.5,40.01220534,-104.9513301,1563.9288,3.41376,0.0,0.0,0.0
22.59999999999997,40.01220534,-104.9513302,1563.9288,3.41376,0.0,0.0,0.0
22.69999999999999,40.01220535,-104.9513301,1563.9288,3.41376,0.0,0.0,0.0
22.799999999999955,40.01220537,-104.9513302,1563.9288,3.41376,0.0,0.0,0.0
22.899999999999977,40.01220523,-104.9513301,1563.9288,3.41376,0.0,0.0,0.0
23.0,40.01220523,-104.9513301,1563.9288,3.41376,0.0,0.0,0.0
23.09999999999997,40.01220523,-104.9513301,1563.9288,3.41376,0.0,0.0,0.0
23.19999999999999,40.01220522,-104.9513301,1563.9288,3.41376,0.0,0.0,0.0
23.299999999999955,40.01220521,-104.95133,1563.9288,3.41376,0.0,0.0,0.0
23.399999999999977,40.0122052,-104.95133,1563.9288,3.41376,0.0,0.0,0.0
23.5,40.01220521,-104.9513301,1563.9288,3.41376,0.0,0.0,0.0
23.59999999999997,40.0122052,-104.9513301,1563.9288,3.41376,0.0,0.0,0.0
23.69999999999999,40.01220521,-104.9513301,1563.9288,3.41376,0.0,0.0,0.0
23.799999999999955,40.01220521,-104.9513301,1563.9288,3.41376,0.0,0.0,0.0
23.899999999999977,40.01220522,-104.9513301,1563.9288,3.41376,0.491744,0.0,0.0
24.0,40.01220522,-104.9513301,1563.9288,3.41376,0.491744,0.0,0.0
24.09999999999997,40.01220525,-104.95133,1563.9288,3.41376,0.0,0.0,0.0
24.19999999999999,40.01220526,-104.95133,1563.9288,3.41376,0.0,0.0,0.0
24.299999999999955,40.01220525,-104.95133,1563.9288,3.41376,0.491744,0.0,0.0
24.399999999999977,40.01220526,-104.95133,1563.9288,3.41376,0.0,0.0,0.0
24.5,40.01220539,-104.95133,1563.9288,3.41376,0.491744,0.0,0.0
24.59999999999997,40.01220541,-104.95133,1563.9288,3.41376,0.0,0.0,0.0
24.69999999999999,40.01220538,-104.9513298,1563.9288,3.41376,0.0,0.0,0.0
24.799999999999955,40.0122054,-104.9513298,1563.9288,3.41376,0.0,0.0,0.0
24.899999999999977,40.01220539,-104.9513298,1563.9288,3.41376,0.0,0.0,0.0
25.0,40.01220542,-104.9513298,1563.9288,3.41376,0.0,0.0,0.0
25.09999999999997,40.01220541,-104.9513298,1563.9288,3.41376,0.0,0.0,0.0
25.19999999999999,40.01220545,-104.9513298,1563.9288,3.41376,0.491744,0.0,0.0
25.299999999999955,40.01220542,-104.9513297,1563.9288,3.41376,0.0,0.0,0.0
25.399999999999977,40.01220544,-104.9513296,1563.9288,3.41376,0.491744,0.0,0.0
25.5,40.01220538,-104.9513297,1563.9288,3.41376,0.0,0.0,0.0
25.59999999999997,40.01220538,-104.9513297,1563.9288,3.41376,0.0,0.0,0.0
25.69999999999999,40.01220532,-104.9513296,1563.9288,3.41376,0.0,0.0,0.0
25.799999999999955,40.01220531,-104.9513295,1563.9288,3.41376,0.0,0.0,0.0
25.899999999999977,40.01220515,-104.9513296,1563.9288,3.41376,0.0,0.0,0.0
26.0,40.01220512,-104.9513295,1563.9288,3.41376,0.0,0.0,0.0
26.09999999999997,40.01220517,-104.9513295,1563.9288,3.41376,0.0,0.0,0.0
26.19999999999999,40.01220515,-104.9513294,1563.9288,3.41376,0.0,0.0,0.0
26.299999999999955,40.01220519,-104.9513296,1563.9288,3.41376,0.0,0.0,0.0
26.399999999999977,40.01220518,-104.9513296,1563.9288,3.41376,0.0,0.0,0.0
26.5,40.01220504,-104.9513296,1563.9288,3.41376,0.0,0.0,0.0
26.59999999999997,40.01220501,-104.9513295,1563.9288,3.41376,0.0,0.0,0.0
26.69999999999999,40.01220504,-104.9513294,1563.9288,3.41376,0.0,0.0,0.0
26.799999999999955,40.01220501,-104.9513294,1563.9288,3.41376,0.0,0.0,0.0
26.899999999999977,40.01220504,-104.9513295,1563.9288,3.41376,0.0,0.0,0.0
27.0,40.01220501,-104.9513294,1563.9288,3.41376,0.0,0.0,0.0
27.09999999999997,40.0122049,-104.9513295,1563.9288,3.41376,0.0,0.0,0.0
27.19999999999999,40.01220486,-104.9513295,1563.9288,3.41376,0.0,0.0,0.0
27.299999999999955,40.01220477,-104.9513296,1563.9288,3.41376,0.0,0.0,0.0
27.399999999999977,40.01220473,-104.9513295,1563.9288,3.41376,0.0,0.0,0.0
27.5,40.01220481,-104.9513294,1563.9288,3.41376,0.0,0.0,0.0
27.59999999999997,40.01220476,-104.9513294,1563.9288,3.41376,0.0,0.0,0.0
27.69999999999999,40.01220467,-104.9513294,1563.9288,3.41376,0.0,0.0,0.0
27.799999999999955,40.01220462,-104.9513294,1563.9288,3.5052000000000003,0.0,0.0,0.0
27.899999999999977,40.0122047,-104.9513293,1563.9288,3.5052000000000003,0.0,0.0,0.0
28.0,40.01220465,-104.9513293,1563.9288,3.5052000000000003,0.0,0.0,0.0
28.09999999999997,40.01220473,-104.9513292,1563.9288,3.5052000000000003,0.0,0.0,0.0
28.19999999999999,40.0122047,-104.9513292,1563.9288,3.5052000000000003,0.0,0.0,0.0
28.299999999999955,40.01220462,-104.9513291,1563.9288,3.5052000000000003,0.0,0.0,0.0
28.399999999999977,40.01220459,-104.951329,1563.9288,3.5052000000000003,0.491744,0.0,0.0
28.5,40.01220468,-104.9513291,1563.9288,3.5052000000000003,0.0,0.0,0.0
28.59999999999997,40.01220466,-104.9513291,1563.9288,3.5052000000000003,0.0,0.0,0.0
28.69999999999999,40.01220457,-104.951329,1563.9288,3.5052000000000003,0.491744,0.0,0.0
28.799999999999955,40.01220455,-104.951329,1563.9288,3.5052000000000003,0.0,0.0,0.0
28.899999999999977,40.0122046,-104.951329,1563.9288,3.5052000000000003,0.0,0.0,0.0
29.0,40.01220459,-104.951329,1563.9288,3.5052000000000003,0.0,0.0,0.0
29.09999999999997,40.01220446,-104.9513289,1563.9288,3.5052000000000003,0.0,0.0,0.0
29.19999999999999,40.01220444,-104.9513289,1563.9288,3.5052000000000003,0.0,0.0,0.0
29.299999999999955,40.01220449,-104.9513289,1563.9288,3.5052000000000003,0.0,0.0,0.0
29.399999999999977,40.01220448,-104.9513289,1563.9288,3.5052000000000003,0.0,0.0,0.0
29.5,40.01220438,-104.9513289,1563.9288,3.5052000000000003,0.491744,0.0,0.0
29.59999999999997,40.01220437,-104.9513289,1563.9288,3.5052000000000003,0.0,0.0,0.0
29.69999999999999,40.01220427,-104.9513288,1563.9288,3.5052000000000003,0.491744,0.0,0.0
29.799999999999955,40.01220425,-104.9513288,1563.9288,3.5052000000000003,0.491744,0.0,0.0
29.899999999999977,40.01220429,-104.9513287,1563.9288,3.5052000000000003,0.0,0.0,0.0
30.0,40.01220426,-104.9513287,1563.9288,3.5052000000000003,0.491744,0.0,0.0
30.09999999999997,40.01220427,-104.9513287,1563.9288,3.5052000000000003,0.0,0.0,0.0
30.19999999999999,40.01220425,-104.9513287,1563.9288,3.5052000000000003,0.491744,0.0,0.0
30.299999999999955,40.01220412,-104.9513286,1563.9288,3.5052000000000003,0.0,0.0,0.0
30.399999999999977,40.01220408,-104.9513286,1563.9288,3.5052000000000003,0.0,0.0,0.0
30.5,40.01220414,-104.9513286,1563.9288,3.5052000000000003,0.0,0.0,0.0
30.59999999999997,40.0122041,-104.9513286,1563.9288,3.5052000000000003,0.0,0.0,0.0
30.69999999999999,40.01220415,-104.9513286,1563.9288,3.5052000000000003,0.0,0.0,0.0
30.799999999999955,40.01220413,-104.9513286,1563.9288,3.5052000000000003,0.0,0.0,0.0
30.899999999999977,40.01220418,-104.9513285,1563.9288,3.5052000000000003,0.0,0.0,0.0
31.0,40.01220416,-104.9513284,1563.9288,3.5052000000000003,0.0,0.0,0.0
31.09999999999997,40.01220421,-104.9513285,1563.9288,3.5052000000000003,0.0,0.0,0.0
31.19999999999999,40.01220421,-104.9513285,1563.9288,3.5052000000000003,0.0,0.0,0.0
31.299999999999955,40.01220423,-104.9513284,1563.9288,3.5052000000000003,0.0,0.0,0.0
31.399999999999977,40.01220424,-104.9513284,1563.9288,3.5052000000000003,0.0,0.0,0.0
31.5,40.0122041,-104.9513284,1563.9288,3.5052000000000003,0.0,0.0,0.0
31.59999999999997,40.0122041,-104.9513284,1563.9288,3.5052000000000003,0.0,0.0,0.0
31.69999999999999,40.01220412,-104.9513283,1563.9288,3.5052000000000003,0.0,0.0,0.0
31.799999999999955,40.01220412,-104.9513282,1563.9288,3.5052000000000003,0.0,0.0,0.0
31.899999999999977,40.01220413,-104.9513283,1563.9288,3.5052000000000003,0.0,0.0,0.0
32.0,40.01220413,-104.9513282,1563.9288,3.5052000000000003,0.0,0.0,0.0
32.099999999999966,40.01220428,-104.9513282,1563.9288,3.5052000000000003,0.0,0.0,0.0
32.19999999999999,40.01220429,-104.9513281,1563.9288,3.5052000000000003,0.0,0.0,0.0
32.299999999999955,40.01220427,-104.9513281,1563.9288,3.5052000000000003,0.0,0.0,0.0
32.39999999999998,40.01220428,-104.9513281,1563.9288,3.5052000000000003,0.0,0.0,0.0
32.5,40.01220427,-104.951328,1563.9288,3.5052000000000003,0.0,0.0,0.0
32.599999999999966,40.01220428,-104.951328,1563.9288,3.5052000000000003,0.0,0.0,0.0
32.69999999999999,40.01220427,-104.9513279,1563.9288,3.5052000000000003,0.0,0.0,0.0
32.799999999999955,40.01220429,-104.9513279,1563.9288,3.5052000000000003,0.0,0.0,0.0
32.89999999999998,40.01220428,-104.9513278,1563.9288,3.5052000000000003,0.0,0.0,0.0
33.0,40.01220429,-104.9513277,1563.9288,3.5052000000000003,0.0,0.0,0.0
33.099999999999966,40.01220426,-104.9513276,1563.9288,3.5052000000000003,0.0,0.0,0.0
33.19999999999999,40.01220426,-104.9513276,1563.9288,3.5052000000000003,0.0,0.0,0.0
33.299999999999955,40.01220424,-104.9513275,1563.9288,3.5052000000000003,0.0,0.0,0.0
33.39999999999998,40.01220424,-104.9513275,1563.9288,3.5052000000000003,0.0,0.0,0.0
33.599999999999966,40.01220422,-104.9513274,1563.9288,3.5052000000000003,0.312928,0.0,0.0
33.69999999999999,40.01220436,-104.9513273,1563.9288,3.5052000000000003,0.0,0.0,0.0
33.799999999999955,40.01220437,-104.9513273,1563.9288,3.5052000000000003,0.0,0.0,0.0
34.0,40.01220436,-104.9513272,1563.9288,3.5052000000000003,0.0,0.0,0.0
34.099999999999966,40.01220436,-104.9513271,1563.9288,3.5052000000000003,0.0,0.0,0.0
34.19999999999999,40.01220437,-104.9513271,1563.9288,3.5052000000000003,0.0,0.0,0.0
34.299999999999955,40.01220436,-104.9513271,1563.9288,3.5052000000000003,0.0,0.0,0.0
34.39999999999998,40.01220436,-104.9513271,1563.9288,3.5052000000000003,0.0,0.0,0.0
34.5,40.01220435,-104.951327,1563.9288,3.5052000000000003,0.0,0.0,0.0
34.599999999999966,40.01220435,-104.951327,1563.9288,3.5052000000000003,0.0,0.0,0.0
34.69999999999999,40.01220435,-104.9513271,1563.9288,3.5052000000000003,0.0,0.0,0.0
34.799999999999955,40.01220435,-104.951327,1563.9288,3.5052000000000003,0.0,0.0,0.0
34.89999999999998,40.01220435,-104.951327,1563.9288,3.5052000000000003,0.0,0.0,0.0
35.0,40.01220436,-104.951327,1563.9288,3.5052000000000003,0.0,0.0,0.0
35.099999999999966,40.01220435,-104.951327,1563.9288,3.5052000000000003,0.0,0.0,0.0
35.19999999999999,40.01220436,-104.951327,1563.9288,3.5052000000000003,0.0,0.0,0.0
35.299999999999955,40.01220436,-104.951327,1563.9288,3.5052000000000003,0.0,0.0,0.0
35.39999999999998,40.01220437,-104.951327,1563.9288,3.5052000000000003,0.0,0.0,0.0
35.5,40.01220422,-104.9513271,1563.9288,3.5052000000000003,0.0,0.0,0.0
35.599999999999966,40.01220421,-104.951327,1563.9288,3.5052000000000003,0.0,0.0,0.0
35.69999999999999,40.01220437,-104.9513269,1563.9288,3.5052000000000003,0.0,0.0,0.0
35.799999999999955,40.01220437,-104.9513269,1563.9288,3.5052000000000003,0.0,0.0,0.0
35.89999999999998,40.0122042,-104.9513269,1563.9288,3.5052000000000003,0.0,0.0,0.0
36.0,40.01220418,-104.9513268,1563.9288,3.5052000000000003,0.491744,0.0,0.0
36.099999999999966,40.01220417,-104.9513266,1563.9288,3.5052000000000003,0.0,0.0,0.0
36.19999999999999,40.01220415,-104.9513265,1563.9288,3.5052000000000003,0.0,0.0,0.0
36.29999999999996,40.01220416,-104.9513266,1563.9288,3.5052000000000003,0.0,0.0,0.0
36.39999999999998,40.01220414,-104.9513266,1563.9288,3.5052000000000003,0.0,0.0,0.0
36.5,40.01220417,-104.9513264,1563.9288,3.5052000000000003,0.0,0.0,0.0
36.599999999999966,40.01220416,-104.9513264,1563.9288,3.5052000000000003,0.0,0.0,0.0
36.69999999999999,40.0122042,-104.9513264,1563.9288,3.5052000000000003,0.0,0.0,0.0
36.79999999999996,40.01220419,-104.9513263,1563.9288,3.5052000000000003,0.0,0.0,0.0
36.89999999999998,40.01220407,-104.9513263,1563.9288,3.5052000000000003,0.0,0.0,0.0
37.0,40.01220406,-104.9513263,1563.9288,3.5052000000000003,0.0,0.0,0.0
37.099999999999966,40.01220409,-104.9513261,1563.9288,3.5052000000000003,0.0,0.0,0.0
37.19999999999999,40.01220408,-104.951326,1563.9288,3.5052000000000003,0.0,0.0,0.0
37.29999999999996,40.01220426,-104.951326,1563.9288,3.5052000000000003,0.0,0.0,0.0
37.39999999999998,40.01220427,-104.951326,1563.9288,3.5052000000000003,0.0,0.0,0.0
37.599999999999966,40.01220412,-104.9513259,1563.9288,3.5052000000000003,0.0,0.0,0.0
37.69999999999999,40.01220412,-104.951326,1563.9288,3.5052000000000003,0.0,0.0,0.0
37.79999999999996,40.01220412,-104.9513259,1563.9288,3.5052000000000003,0.0,0.0,0.0
37.89999999999998,40.01220411,-104.9513259,1563.9288,3.5052000000000003,0.0,0.0,0.0
38.099999999999966,40.0122041,-104.9513258,1563.9288,3.5052000000000003,0.0,-0.089408,0.0
38.19999999999999,40.01220409,-104.9513257,1563.9288,3.5052000000000003,0.0,-0.491744,0.0
38.29999999999996,40.0122041,-104.9513257,1563.9288,3.5966400000000003,0.0,-0.983488,0.0
38.39999999999998,40.01220409,-104.9513256,1564.2336,3.68808,0.0,-1.385824,0.0
38.69999999999999,40.01220413,-104.9513257,1564.8432,4.38912,0.0,-2.995168,0.0
38.79999999999996,40.01220414,-104.9513257,1565.148,4.69392,0.0,-3.397504,0.0
38.89999999999998,40.01220402,-104.9513254,1565.4528,5.09016,0.0,-3.621024,0.0
39.0,40.01220402,-104.9513254,1565.7576,5.39496,0.0,-3.79984,0.0
39.099999999999966,40.0122039,-104.9513256,1566.3672,5.7912,0.0,-3.889248,0.0
39.19999999999999,40.01220384,-104.9513257,1566.672,6.30936,0.0,-4.02336,0.0
39.29999999999996,40.01220333,-104.9513257,1567.2816,6.7056,0.0,-4.02336,195.94539590092288
39.39999999999998,40.01220275,-104.951326,1567.5864,7.10184,0.491744,-4.02336,203.6293777306568
39.5,40.01220166,-104.9513263,1567.8912,7.498080000000001,0.938784,-4.02336,199.7988763545249
39.599999999999966,40.01220036,-104.951327,1568.196,7.89432,1.34112,-4.02336,200.92450174492117
39.69999999999999,40.01219914,-104.9513277,1568.8056,8.290560000000001,1.519936,-4.02336,204.22774531795412
39.79999999999996,40.01219717,-104.9513289,1569.1104,8.6868,2.01168,-4.02336,204.1791071466892
39.89999999999998,40.01219534,-104.9513305,1569.4152,9.11352,2.414016,-4.02336,204.962789830807
40.0,40.01219277,-104.951332,1570.0248,9.50976,2.771648,-3.79984,204.0442232693678
40.19999999999999,40.01218706,-104.9513355,1570.6344,10.2108,3.397504,-3.084576,205.94229548987167
40.29999999999996,40.01218446,-104.9513383,1570.9392,10.48512,3.531616,-2.68224,205.9743939624313
40.39999999999998,40.01218119,-104.9513404,1571.244,10.78992,3.889248,-2.279904,205.7307056015312
40.5,40.01217772,-104.9513423,1571.5488,11.00328,4.068064,-1.922272,206.30101719581887
40.599999999999966,40.01217415,-104.9513446,1571.5488,11.18616,4.291583999999999,-1.519936,206.06466407828572
40.69999999999999,40.01217049,-104.951347,1571.8536,11.30808,4.515104,-1.1176,206.08559977828145
40.79999999999996,40.01216665,-104.9513495,1571.8536,11.39952,4.649216,-0.581152,205.62199594460697
40.89999999999998,40.0121624,-104.9513524,1571.8536,11.39952,5.051552,-0.312928,206.34211152588043
41.0,40.01215823,-104.9513552,1571.8536,11.49096,5.275072000000001,-0.089408,206.7788404069551
41.099999999999966,40.01215356,-104.9513582,1571.8536,11.49096,5.498592,0.0,206.1615664420192
41.19999999999999,40.01214896,-104.9513612,1571.8536,11.49096,5.766816,0.0,205.9843705911853
41.29999999999996,40.01214416,-104.9513645,1571.8536,11.39952,5.856224,0.0,205.6410058243053
41.39999999999998,40.01213912,-104.9513677,1571.8536,11.39952,6.169152,0.0,205.85554218880333
41.5,40.01213408,-104.9513708,1571.8536,11.39952,6.25856,0.0,206.06099573975996
41.599999999999966,40.0121286,-104.9513744,1571.8536,11.39952,6.48208,0.0,206.07535558394875
41.69999999999999,40.01212284,-104.9513777,1571.8536,11.39952,6.884416,0.0,205.94229548987167
41.79999999999996,40.0121169,-104.9513815,1571.8536,11.39952,7.15264,0.0,205.6651914621736
41.89999999999998,40.01211049,-104.9513856,1571.8536,11.39952,7.644384,-0.312928,205.8488912316076
42.0,40.01210394,-104.9513898,1571.8536,11.39952,8.002016,-0.804672,205.4764262898437
42.099999999999966,40.01209695,-104.9513941,1571.8536,11.49096,8.314944,-1.207008,205.65152846505256
42.29999999999996,40.01208215,-104.9514034,1572.1584,11.79576,8.9408,-2.101088,205.11483488614456
42.39999999999998,40.01207433,-104.9514082,1572.4632,12.100560000000002,9.298432,-2.592832,205.2842613566742
42.5,40.01206585,-104.9514131,1572.768,12.405360000000002,9.968992,-3.084576,204.77514056883192
42.599999999999966,40.01205739,-104.9514183,1573.0728,12.710160000000002,10.326624,-3.397504,204.50416048103853
42.69999999999999,40.01204857,-104.9514237,1573.6824,13.1064,10.594848,-3.621024,204.4633968494067
42.79999999999996,40.01203958,-104.9514291,1573.6824,13.4112,10.907775999999998,-3.710432,204.501231448621
42.89999999999998,40.01202962,-104.951435,1574.292,13.80744,11.578335999999998,-3.889248,204.25841210156256
43.0,40.01202016,-104.9514406,1574.5968,14.20368,11.84656,-3.889248,204.48068283917627
43.099999999999966,40.01201121,-104.951446,1574.9016,14.59992,11.265408,-4.02336,204.2980715068334
43.29999999999996,40.0119918,-104.951458,1575.816,15.3924,11.62304,-4.112768,204.44395478041653
43.39999999999998,40.01198202,-104.9514638,1576.4256,15.910560000000002,11.935968,-4.112768,204.6558987440816
43.5,40.0119721,-104.9514699,1576.7304,16.3068,12.07008,-4.112768,204.47904098516312
43.599999999999966,40.01196215,-104.9514758,1577.0352,16.70304,12.159488,-4.02336,204.3045492659367
43.69999999999999,40.01195201,-104.9514822,1577.6448,17.09928,12.338304,-4.02336,204.4267540065373
43.79999999999996,40.01194189,-104.9514883,1577.9496,17.49552,12.472416,-4.02336,204.4267540065373
43.89999999999998,40.01193169,-104.9514942,1578.2544,17.89176,12.383008,-3.79984,204.25598838805232
44.099999999999966,40.01191087,-104.9515065,1579.1688,18.5928,12.606528,-3.79984,204.4608811549649
44.29999999999996,40.01189017,-104.9515191,1579.7784,19.38528,12.695936,-3.889248,204.0442232693678
44.39999999999998,40.01187967,-104.9515254,1580.0832,19.812,12.74064,-3.889248,204.0442232693678
44.5,40.01186906,-104.9515315,1580.6928,20.20824,12.874752,-3.889248,203.881276017609
44.69999999999999,40.0118477,-104.9515439,1581.3024,21.00072,12.96416,-4.02336,203.7203955723046
44.79999999999996,40.01183696,-104.9515501,1581.912,21.396960000000004,13.008864,-4.02336,203.56154534777104
44.89999999999998,40.01182622,-104.9515563,1582.2168,21.7932,13.053568,-3.889248,203.19859051364816
45.0,40.01181535,-104.9515624,1582.5216,22.18944,13.098272,-3.889248,203.0435978001557
45.099999999999966,40.01180451,-104.9515684,1583.1312,22.58568,13.142976,-4.02336,202.45453131075945
45.19999999999999,40.01179349,-104.9515744,1583.436,23.0124,13.18768,-4.02336,202.30620505490765
45.29999999999996,40.01178243,-104.9515803,1583.7408,23.40864,13.277088,-3.889248,201.946004206547
45.39999999999998,40.01177132,-104.9515862,1584.3504,23.80488,13.277088,-3.889248,201.80140948635184
45.5,40.01175946,-104.9515924,1584.6552,24.201120000000003,13.768832,-3.79984,201.12062863565512
45.69999999999999,40.01173766,-104.9516031,1585.2648000000002,24.90216,13.366496,-3.889248,200.19640597571217
45.79999999999996,40.0117263,-104.9516085,1585.8744000000002,25.2984,13.098272,-3.889248,199.16324577599843
46.0,40.01170352,-104.9516186,1586.4840000000002,26.09088,13.4112,-3.889248,197.94940299291383
46.099999999999966,40.01169217,-104.9516236,1586.7888,26.39568,13.366496,-3.889248,197.4680232512777
46.19999999999999,40.01168062,-104.9516282,1587.0936000000002,26.791920000000005,13.366496,-3.889248,196.5520964881339
46.29999999999996,40.01166887,-104.9516326,1587.7032000000002,27.188160000000003,13.500608,-3.79984,195.6569527657957
46.39999999999998,40.01165724,-104.9516369,1588.008,27.61488,13.500608,-3.79984,195.10403144247195
46.599999999999966,40.01163421,-104.9516448,1588.6176,28.28544,13.321792,-3.397504,194.130479862414
46.69999999999999,40.01162244,-104.9516487,1588.9224000000002,28.59024,13.321792,-2.995168,193.56390643947785
46.79999999999996,40.01161085,-104.9516524,1589.2272,28.89504,13.366496,-2.592832,193.18467609318893
46.89999999999998,40.01159939,-104.951656,1589.5320000000002,29.108400000000003,13.18768,-2.190496,192.80426606528675
47.0,40.01158785,-104.9516594,1589.8368,29.29128,13.142976,-1.78816,192.42270453504528
47.19999999999999,40.01156485,-104.9516657,1590.1416000000002,29.59608,13.098272,-0.983488,191.54252570043687
47.5,40.01153037,-104.9516741,1590.1416000000002,29.687520000000003,13.008864,-0.089408,189.72201801381104
47.599999999999966,40.01151886,-104.9516767,1590.1416000000002,29.687520000000003,13.008864,0.0,189.3323263346301
47.69999999999999,40.01150735,-104.9516792,1590.1416000000002,29.59608,12.96416,0.0,188.85041753002383
47.79999999999996,40.01149577,-104.9516815,1590.1416000000002,29.59608,13.008864,0.0,188.4055607102912
47.89999999999998,40.01148392,-104.9516835,1590.1416000000002,29.59608,13.142976,0.089408,187.77389214987065
48.0,40.01147222,-104.9516855,1589.8368,29.50464,13.18768,0.089408,187.0046472412945
48.099999999999966,40.01145959,-104.9516877,1589.8368,29.50464,13.63472,-0.089408,186.50895644050257
48.19999999999999,40.01144758,-104.9516893,1589.8368,29.4132,13.768832,-0.491744,185.8996250465277
48.29999999999996,40.01143682,-104.9516906,1589.8368,29.4132,12.74064,-0.89408,185.07545237847896
48.599999999999966,40.01140017,-104.9516944,1590.4464,29.90088,13.232384,-2.414016,183.7032990291142
48.69999999999999,40.01138766,-104.9516954,1590.7512000000002,30.20568,13.724128,-2.90576,183.3338506615366
48.79999999999996,40.01137528,-104.9516963,1590.7512000000002,30.38856,13.85824,-3.218688,182.96412454704375
48.89999999999998,40.01136282,-104.9516969,1591.056,30.69336,13.813536,-3.397504,182.40908137447224
49.0,40.01135042,-104.9516977,1591.3608000000002,30.99816,13.85824,-3.486912,182.40908137447224
49.099999999999966,40.0113381,-104.9516987,1591.9704000000002,31.3944,13.768832,-3.710432,182.05206537040868
49.19999999999999,40.01132571,-104.9516994,1592.2752,31.79064,13.768832,-3.79984,182.05206537040868
49.29999999999996,40.01131313,-104.9517002,1592.5800000000002,32.18688,13.902944,-3.79984,181.67919989372305
49.39999999999998,40.0113007,-104.9517008,1593.1896000000002,32.705040000000004,13.902944,-3.889248,181.67919989372305
49.5,40.01128827,-104.9517012,1593.4944,33.10128,13.813536,-4.02336,181.67919989372305
49.79999999999996,40.01125056,-104.9517026,1594.7136,34.41192,13.947648,-4.02336,181.30619209391875
49.89999999999998,40.01123808,-104.951703,1595.0184000000002,34.68624,13.947648,-3.889248,180.92703526977215
50.0,40.01122557,-104.9517034,1595.6280000000002,35.11296,13.902944,-3.621024,180.93307352321844
50.099999999999966,40.01121324,-104.9517038,1595.9328,35.38728,13.813536,-3.218688,180.93307352321844
50.19999999999999,40.01120082,-104.9517042,1596.2376000000002,35.814,13.768832,-2.90576,180.942279833517
50.29999999999996,40.01118835,-104.9517046,1596.5424,36.08832,13.85824,-2.414016,180.942279833517
50.39999999999998,40.011176,-104.951705,1596.8472000000002,36.30168,13.813536,-2.101088,180.942279833517
50.5,40.01116368,-104.9517053,1596.8472000000002,36.51504,13.724128,-1.78816,180.942279833517
50.79999999999996,40.01112555,-104.9517061,1597.152,36.78936,14.037056,-0.581152,180.37694047959712
51.0,40.01110213,-104.9517067,1597.152,36.78936,13.679424,-0.089408,180.37694047959712
51.099999999999966,40.01109016,-104.951707,1597.152,36.69792,13.142976,0.0,180.37325712687127
51.19999999999999,40.01107797,-104.951707,1597.152,36.69792,13.455904,-0.089408,180.0
51.29999999999996,40.01106613,-104.951707,1597.152,36.69792,13.366496,-0.491744,180.0
51.39999999999998,40.01105477,-104.9517069,1597.152,36.78936,12.874752,-0.402336,180.0
51.5,40.01104361,-104.9517072,1597.152,36.78936,12.51712,-0.22352,180.4228394046705
51.599999999999966,40.01103312,-104.9517073,1597.152,36.69792,12.025376,0.0,180.44587255193247
51.69999999999999,40.01102286,-104.9517077,1597.152,36.60648,11.533632,0.0,181.16438804012387
51.79999999999996,40.01101339,-104.9517078,1596.8472000000002,36.51504,10.95248,0.0,181.22933448647788
51.89999999999998,40.01100412,-104.9517081,1596.8472000000002,36.39312,10.416032,0.0,181.30789560166377
52.0,40.01099568,-104.9517083,1596.8472000000002,36.39312,9.83488,0.0,181.390401264044
52.099999999999966,40.01098744,-104.9517083,1596.8472000000002,36.39312,9.298432,0.0,181.46880071438585
52.19999999999999,40.01098002,-104.9517085,1596.8472000000002,36.39312,8.71728,0.0,181.5823539226186
52.29999999999996,40.01097259,-104.9517087,1596.8472000000002,36.39312,8.27024,-0.089408,181.68468431789628
52.5,40.01095998,-104.951709,1596.8472000000002,36.51504,7.420864000000001,-0.089408,181.974934010882
52.599999999999966,40.01095444,-104.9517093,1596.8472000000002,36.51504,6.750304,0.0,182.13691085375729
52.69999999999999,40.01094922,-104.9517093,1596.8472000000002,36.51504,5.990336,0.0,182.32781508904117
52.79999999999996,40.01094463,-104.9517095,1596.8472000000002,36.39312,5.453887999999999,0.0,182.6025622024998
52.89999999999998,40.01094038,-104.9517095,1596.8472000000002,36.39312,4.91744,0.0,182.9207215210004
53.0,40.01093674,-104.9517097,1596.8472000000002,36.39312,4.380992,0.0,183.36646066342985
53.099999999999966,40.01093348,-104.9517097,1596.8472000000002,36.39312,3.844544,0.0,181.54815769897797
53.19999999999999,40.01093075,-104.9517099,1596.8472000000002,36.30168,3.308096,0.0,181.81830296445185
53.29999999999996,40.01092814,-104.9517101,1596.8472000000002,36.30168,2.90576,0.0,182.0454084888872
53.39999999999998,40.01092599,-104.9517102,1596.5424,36.21024,2.592832,-0.089408,180.0
53.5,40.01092428,-104.9517103,1596.5424,36.21024,2.101088,-0.089408,180.0
53.599999999999966,40.01092208,-104.9517102,1596.8472000000002,36.30168,2.101088,-0.22352,180.0
53.69999999999999,40.0109198,-104.9517101,1596.8472000000002,36.30168,2.45872,-0.22352,180.0
53.79999999999996,40.01091704,-104.9517099,1596.8472000000002,36.39312,2.771648,-0.22352,178.4088597288054
53.89999999999998,40.01091458,-104.9517097,1596.8472000000002,36.39312,2.90576,-0.22352,178.5311992856142
54.0,40.01091121,-104.9517094,1596.8472000000002,36.51504,3.263392,-0.22352,178.68308759420677
54.099999999999966,40.01090794,-104.9517092,1596.8472000000002,36.51504,3.710432,-0.22352,178.78112476486876
54.19999999999999,40.01090399,-104.9517089,1597.152,36.60648,4.02336,-0.22352,177.16588898369355
54.39999999999998,40.01089573,-104.9517086,1597.152,36.60648,4.515104,-0.089408,177.488636732837
54.79999999999996,40.01087604,-104.9517077,1597.152,36.69792,5.185664,0.0,177.93988897627685
55.099999999999966,40.01085848,-104.9517068,1597.152,36.60648,5.900928,0.0,178.1759101676239
55.29999999999996,40.01084547,-104.9517061,1597.152,36.60648,6.795007999999999,0.0,178.29527168099276
55.39999999999998,40.01083858,-104.9517058,1597.152,36.60648,7.37616,0.0,178.36342295838324
55.5,40.01083147,-104.9517055,1597.152,36.60648,7.778496,0.0,178.4176460773814
55.599999999999966,40.01082409,-104.9517052,1597.152,36.60648,8.04672,0.0,178.46016171137637
55.69999999999999,40.01081632,-104.9517049,1596.8472000000002,36.51504,8.404352,0.0,178.50825956462722
55.79999999999996,40.01080851,-104.9517046,1596.8472000000002,36.51504,8.627872,0.0,178.54610453489113
55.89999999999998,40.01079978,-104.9517044,1596.8472000000002,36.51504,9.209024,0.0,178.57502572748456
56.0,40.01079151,-104.9517041,1596.8472000000002,36.39312,9.432544,0.0,178.60959873595596
56.099999999999966,40.01078374,-104.9517038,1596.8472000000002,36.39312,8.896096,0.0,178.63607246839706
56.19999999999999,40.01077516,-104.9517034,1596.8472000000002,36.39312,9.119616,0.0,178.1523897340054
56.29999999999996,40.01076623,-104.9517031,1596.8472000000002,36.39312,9.745472,0.0,178.16925135197448
56.39999999999998,40.0107573,-104.9517028,1596.8472000000002,36.39312,9.924288,0.0,178.21008939175397
56.5,40.01074817,-104.9517025,1596.8472000000002,36.30168,10.0584,0.0,178.24147143956088
56.599999999999966,40.01073891,-104.9517021,1596.8472000000002,36.30168,10.237215999999998,0.0,178.27918516632712
56.69999999999999,40.0107295,-104.9517017,1596.5424,36.21024,10.416032,0.089408,178.293821705553
56.79999999999996,40.01071994,-104.9517013,1596.5424,36.21024,10.550144,0.089408,178.32236053384656
56.89999999999998,40.01070999,-104.9517009,1596.5424,36.08832,10.863072,0.0,178.35671934550726
57.0,40.0107001,-104.9517005,1596.5424,36.08832,11.041888,0.089408,178.37007211461582
57.099999999999966,40.01069008,-104.9517,1596.5424,35.99688,11.086592,0.089408,177.94644943648905
57.19999999999999,40.01067992,-104.9516995,1596.5424,35.99688,11.220704,0.089408,177.96266930318006
57.29999999999996,40.0106695,-104.9516989,1596.2376000000002,35.90544,11.444224,0.089408,177.9943526286114
57.39999999999998,40.01065904,-104.9516984,1596.5424,35.99688,11.62304,0.0,178.0325979700807
57.5,40.0106483,-104.951698,1596.2376000000002,35.90544,11.801856,0.0,178.04749095060038
57.599999999999966,40.01063754,-104.9516975,1596.5424,35.99688,11.980672,-0.089408,177.64962683545127
57.69999999999999,40.01062651,-104.9516969,1596.5424,35.99688,12.114784,0.0,177.67561702905186
57.79999999999996,40.01061553,-104.9516963,1596.5424,35.99688,12.248895999999998,0.0,177.69262700303784
57.89999999999998,40.01060441,-104.9516959,1596.5424,35.99688,12.2936,0.0,177.7093899573615
58.0,40.0105932,-104.9516953,1596.5424,35.99688,12.427712,0.0,177.72591123127302
58.099999999999966,40.01058207,-104.9516946,1596.2376000000002,35.90544,12.427712,0.0,177.7502512965424
58.19999999999999,40.01057071,-104.9516941,1596.2376000000002,35.90544,12.51712,0.0,178.172031755695
58.29999999999996,40.01055915,-104.9516935,1596.2376000000002,35.90544,12.74064,0.0,178.18489612987833
58.39999999999998,40.01054765,-104.951693,1596.2376000000002,35.90544,12.830048,0.0,178.19758076199673
58.5,40.01053595,-104.9516927,1596.2376000000002,35.90544,12.919455999999998,0.0,178.59793567095858
58.599999999999966,40.01052432,-104.9516923,1596.2376000000002,35.814,12.96416,0.0,178.61248425255678
58.69999999999999,40.01051252,-104.951692,1596.2376000000002,35.814,13.053568,0.0,179.01563329694525
58.79999999999996,40.01050078,-104.9516918,1596.2376000000002,35.814,13.098272,0.0,179.01563329694525
58.89999999999998,40.0104891,-104.9516915,1596.2376000000002,35.69208,13.008864,0.0,179.60890860294296
59.0,40.01047728,-104.9516914,1596.2376000000002,35.69208,13.053568,0.0,179.60890860294296
59.19999999999999,40.0104534,-104.9516912,1596.2376000000002,35.69208,13.232384,-0.402336,180.0
59.39999999999998,40.01042929,-104.9516912,1596.2376000000002,35.90544,13.321792,-1.385824,180.0
59.5,40.01041689,-104.9516912,1596.5424,35.99688,13.545312,-1.78816,180.0
59.599999999999966,40.0104046,-104.9516913,1596.5424,36.21024,13.724128,-2.279904,180.0
59.69999999999999,40.01039226,-104.9516911,1596.8472000000002,36.39312,13.679424,-2.816352,180.0
59.79999999999996,40.01037989,-104.9516913,1597.152,36.69792,13.724128,-3.218688,180.37325712687127
59.89999999999998,40.01036791,-104.9516914,1597.4568000000002,36.91128,13.545312,-3.397504,180.37694047959712
60.0,40.01035556,-104.9516916,1597.7616,37.30752,13.545312,-3.621024,180.37694047959712
60.099999999999966,40.01034291,-104.9516918,1598.0664000000002,37.70376,13.902944,-3.710432,180.37694047959712
60.19999999999999,40.01033053,-104.9516921,1598.6760000000002,38.1,13.902944,-3.621024,180.37694047959712
60.29999999999996,40.01031842,-104.9516923,1598.9808,38.4048,13.63472,-3.308096,180.379436701419
60.39999999999998,40.01030613,-104.9516926,1598.9808,38.7096,13.545312,-2.995168,180.9485189609861
60.599999999999966,40.01028168,-104.9516934,1599.5904,39.288720000000005,13.63472,-2.279904,180.9548412538722
60.69999999999999,40.01026934,-104.9516942,1599.8952000000002,39.50208,13.63472,-1.922272,181.33665897832915
60.79999999999996,40.0102571,-104.9516947,1600.2,39.68496,13.679424,-1.519936,181.33665897832915
60.89999999999998,40.01024459,-104.9516954,1600.2,39.898320000000005,13.768832,-1.207008,181.70698490235472
61.0,40.01023231,-104.951696,1600.2,39.898320000000005,13.768832,-0.804672,181.70698490235472
61.099999999999966,40.01021929,-104.9516966,1600.5048000000002,39.98976,14.08176,-0.402336,181.70698490235472
61.29999999999996,40.01019549,-104.951698,1600.5048000000002,39.98976,13.679424,0.0,182.05206537040868
61.5,40.01017039,-104.9516994,1600.2,39.898320000000005,13.590016,0.0,182.0256943781227
61.89999999999998,40.01012069,-104.9517017,1600.2,39.68496,13.85824,0.0,182.0127613246067
62.0,40.0101082,-104.9517024,1600.2,39.68496,13.85824,0.089408,182.0127613246067
62.099999999999966,40.01009558,-104.9517032,1599.8952000000002,39.593520000000005,13.992352,0.0,182.37832997335548
62.29999999999996,40.01007044,-104.9517046,1599.8952000000002,39.593520000000005,13.992352,0.0,182.37832997335548
62.39999999999998,40.01005792,-104.9517054,1599.8952000000002,39.593520000000005,13.992352,0.0,182.37832997335548
62.5,40.01004529,-104.9517063,1599.8952000000002,39.593520000000005,13.992352,0.0,182.9263106260922
62.599999999999966,40.01003274,-104.9517071,1599.8952000000002,39.50208,14.037056,0.0,182.9263106260922
62.69999999999999,40.01002012,-104.951708,1599.8952000000002,39.50208,14.037056,0.0,182.9263106260922
62.79999999999996,40.01000755,-104.9517089,1599.8952000000002,39.41064000000001,14.037056,0.0,182.9263106260922
62.89999999999998,40.00999482,-104.9517097,1599.5904,39.288720000000005,14.08176,0.0,183.2913398118137
63.0,40.00998222,-104.9517107,1599.5904,39.288720000000005,14.08176,0.0,183.2913398118137
63.099999999999966,40.00996968,-104.9517117,1599.5904,39.19728,13.992352,0.0,183.2913398118137
63.19999999999999,40.00995706,-104.9517128,1599.5904,39.19728,14.037056,0.0,183.65610171737396
63.29999999999996,40.00994423,-104.9517137,1599.5904,39.19728,14.171168,0.0,183.65610171737396
63.39999999999998,40.00993157,-104.9517149,1599.5904,39.19728,14.215872,0.0,183.65610171737396
63.5,40.00991897,-104.9517158,1599.5904,39.19728,14.08176,0.0,183.65610171737396
63.599999999999966,40.00990628,-104.9517171,1599.5904,39.10584000000001,14.08176,0.0,184.02056710366307
63.69999999999999,40.00989264,-104.9517184,1599.2856000000002,39.0144,14.662912,0.0,184.02056710366307
63.79999999999996,40.00987984,-104.9517197,1599.2856000000002,39.0144,14.75232,0.0,184.02056710366307
63.89999999999998,40.00986827,-104.9517207,1599.2856000000002,39.0144,13.590016,-0.089408,184.53777250790665
64.0,40.00985556,-104.9517221,1599.2856000000002,39.0144,13.545312,-0.089408,184.53777250790665
64.09999999999997,40.00984296,-104.9517236,1599.2856000000002,39.0144,14.126464,0.0,184.56664560539863
64.19999999999999,40.00983029,-104.9517251,1599.2856000000002,39.0144,14.08176,-0.089408,184.93024274766304
64.29999999999995,40.0098176,-104.9517263,1599.2856000000002,39.0144,14.126464,-0.089408,184.93024274766304
64.39999999999998,40.00980494,-104.9517278,1599.5904,39.10584000000001,14.126464,-0.089408,184.93024274766304
64.5,40.00979238,-104.9517294,1599.5904,39.10584000000001,14.08176,-0.22352,184.93024274766304
64.59999999999997,40.00977973,-104.9517308,1599.5904,39.10584000000001,14.08176,-0.22352,184.56664560539863
64.69999999999999,40.00976713,-104.9517318,1599.5904,39.19728,14.08176,-0.22352,183.65610171737396
64.79999999999995,40.00975453,-104.9517328,1599.5904,39.19728,14.037056,-0.089408,182.94509631937512
64.89999999999998,40.00974195,-104.9517335,1599.5904,39.19728,14.037056,-0.089408,181.65761459510972
65.0,40.00972945,-104.9517338,1599.5904,39.19728,13.947648,-0.22352,180.0
65.09999999999997,40.00971725,-104.9517337,1599.5904,39.19728,13.724128,-0.22352,178.6809223844914
65.19999999999999,40.00970506,-104.951733,1599.5904,39.288720000000005,13.590016,-0.22352,176.94711748520763
65.29999999999995,40.00969304,-104.951732,1599.5904,39.288720000000005,13.455904,-0.089408,175.7349895062232
65.39999999999998,40.00968121,-104.9517305,1599.5904,39.19728,13.321792,-0.089408,173.91925906718302
65.5,40.00966943,-104.9517289,1599.5904,39.19728,13.18768,0.0,172.03824910899198
65.59999999999997,40.00965795,-104.9517265,1599.5904,39.19728,13.053568,0.0,170.53767779197435
65.69999999999999,40.00964648,-104.951724,1599.5904,39.19728,12.919455999999998,0.0,168.69006752597977
65.79999999999995,40.00963535,-104.9517208,1599.5904,39.10584000000001,12.785344,0.0,167.0967154041257
65.89999999999998,40.00962424,-104.9517175,1599.5904,39.10584000000001,12.651232,0.0,165.7152941714429
66.0,40.00961345,-104.9517136,1599.5904,39.10584000000001,12.561824,0.0,163.65711745655813
66.19999999999999,40.00959226,-104.9517046,1599.5904,39.10584000000001,12.427712,-0.089408,160.30381830093506
66.29999999999995,40.00958089,-104.9516994,1599.5904,39.10584000000001,12.74064,-0.089408,159.22091870300812
66.39999999999998,40.00957069,-104.951694,1599.5904,39.19728,12.830048,-0.089408,157.4457847276276
66.5,40.0095617,-104.9516889,1599.5904,39.19728,11.578335999999998,-0.089408,155.90798047100964
66.59999999999997,40.00955192,-104.951683,1599.5904,39.19728,11.444224,-0.089408,154.77607660263925
66.69999999999999,40.00954216,-104.9516769,1599.5904,39.288720000000005,12.025376,-0.089408,153.33832871296977
66.79999999999995,40.00953266,-104.9516704,1599.5904,39.288720000000005,11.980672,0.0,151.9908232919862
66.89999999999998,40.0095231,-104.9516636,1599.5904,39.288720000000005,11.980672,0.0,150.52411099675425
67.0,40.00951385,-104.9516566,1599.5904,39.288720000000005,11.980672,0.0,148.99930228702783
67.09999999999997,40.0095047,-104.9516494,1599.5904,39.288720000000005,11.891264,0.0,147.81105064542237
67.19999999999999,40.00949569,-104.9516419,1599.5904,39.288720000000005,11.891264,0.0,146.84931195357763
67.29999999999995,40.00948667,-104.9516341,1599.5904,39.288720000000005,11.935968,0.0,145.59152774797138
67.39999999999998,40.00947785,-104.9516261,1599.5904,39.288720000000005,11.980672,0.0,144.637538112931
67.5,40.00946934,-104.9516179,1599.5904,39.288720000000005,11.84656,0.0,143.51578240435003
67.59999999999997,40.00946075,-104.9516094,1599.5904,39.288720000000005,11.84656,0.0,142.18172610885216
67.69999999999999,40.00945223,-104.9516008,1599.5904,39.288720000000005,11.980672,0.0,141.0724564072077
67.79999999999995,40.00944384,-104.9515919,1599.5904,39.288720000000005,12.025376,0.0,140.46909497011194
67.89999999999998,40.00943564,-104.9515828,1599.5904,39.288720000000005,11.980672,0.0,139.37558357275066
68.0,40.00942744,-104.9515735,1599.5904,39.288720000000005,11.980672,0.0,138.31342539979278
68.09999999999997,40.00941937,-104.9515641,1599.5904,39.288720000000005,12.07008,0.0,137.39842133409252
68.19999999999999,40.00941131,-104.9515544,1599.5904,39.288720000000005,12.114784,0.0,136.93392791338297
68.29999999999995,40.00940323,-104.9515444,1599.5904,39.288720000000005,12.248895999999998,0.0,136.0362447692521
68.39999999999998,40.00939528,-104.9515344,1599.5904,39.288720000000005,12.338304,0.0,135.73640905545932
68.5,40.00938758,-104.9515243,1599.5904,39.288720000000005,12.204192,0.0,134.70767713077146
68.59999999999997,40.00937975,-104.9515139,1599.5904,39.19728,12.2936,0.0,133.97435392403486
68.69999999999999,40.00937191,-104.9515032,1599.5904,39.19728,12.51712,0.0,133.26429541107166
68.79999999999995,40.00936417,-104.9514925,1599.5904,39.19728,12.561824,0.0,132.6862775021758
68.89999999999998,40.00935597,-104.9514809,1599.5904,39.19728,12.96416,0.0,132.4104981527591
69.0,40.00934826,-104.9514698,1599.5904,39.19728,13.098272,0.0,131.43256110381844
69.09999999999997,40.00934138,-104.9514593,1599.5904,39.19728,12.248895999999998,0.0,131.16705303875278
69.19999999999999,40.00933381,-104.951448,1599.5904,39.19728,12.2936,0.0,130.90432956518657
69.29999999999995,40.00932632,-104.9514365,1599.5904,39.10584000000001,12.785344,0.0,130.34174589032443
69.39999999999998,40.00931881,-104.9514249,1599.5904,39.10584000000001,12.874752,0.0,129.70478706338292
69.5,40.00931115,-104.9514131,1599.5904,39.10584000000001,13.053568,0.0,129.45468269113798
69.59999999999997,40.00930366,-104.9514012,1599.5904,39.10584000000001,13.142976,-0.089408,129.20720350496788
69.69999999999999,40.00929634,-104.951389,1599.5904,39.10584000000001,13.18768,0.0,128.14636482834976
69.79999999999995,40.00928892,-104.9513768,1599.5904,39.10584000000001,13.232384,-0.089408,127.90872674467244
69.89999999999998,40.00928135,-104.9513645,1599.5904,39.10584000000001,13.366496,-0.089408,127.67359333983046
70.0,40.00927394,-104.951352,1599.5904,39.10584000000001,13.4112,-0.089408,127.4409330189588
70.09999999999997,40.00926674,-104.9513395,1599.5904,39.10584000000001,13.4112,0.0,127.13745437784502
70.19999999999999,40.00925939,-104.9513269,1599.2856000000002,39.0144,13.4112,-0.089408,126.79405946443752
70.29999999999995,40.0092519,-104.9513142,1599.2856000000002,39.0144,13.590016,-0.089408,126.56814517828276
70.39999999999998,40.00924457,-104.9513014,1599.2856000000002,39.0144,13.63472,-0.089408,126.56814517828276
70.5,40.00923734,-104.9512885,1599.2856000000002,39.0144,13.590016,-0.089408,126.04121963411222
70.59999999999997,40.00923007,-104.9512756,1599.2856000000002,39.0144,13.63472,-0.089408,126.04121963411222
70.69999999999999,40.00922335,-104.9512635,1599.2856000000002,39.0144,13.18768,-0.089408,125.82077892163022
70.79999999999995,40.00921618,-104.9512506,1599.2856000000002,39.0144,13.142976,-0.089408,125.82077892163022
70.89999999999998,40.00920836,-104.9512365,1599.2856000000002,39.0144,14.171168,-0.089408,125.19069775212095
71.0,40.00920117,-104.9512234,1599.2856000000002,39.0144,14.260576,-0.089408,125.19069775212095
71.09999999999997,40.009194,-104.9512101,1599.2856000000002,39.0144,13.768832,-0.089408,125.19069775212095
71.19999999999999,40.00918685,-104.951197,1599.2856000000002,39.0144,13.768832,-0.089408,125.19069775212095
71.29999999999995,40.00917989,-104.9511838,1599.2856000000002,38.89248,13.679424,0.0,124.88463867593282
71.39999999999998,40.0091728,-104.9511706,1599.2856000000002,38.89248,13.679424,0.0,124.88463867593282
71.5,40.00916503,-104.9511563,1599.2856000000002,38.89248,14.349984,0.0,124.6715944126961
71.59999999999997,40.00915787,-104.9511429,1599.2856000000002,39.0144,14.439391999999998,-0.089408,124.6715944126961
71.79999999999995,40.00914437,-104.9511175,1599.2856000000002,39.0144,13.4112,-0.089408,124.46081627137175
72.0,40.00913037,-104.9510908,1599.5904,39.10584000000001,13.500608,-0.089408,123.48378298251362
72.39999999999998,40.00910413,-104.9510361,1599.5904,39.10584000000001,13.768832,-0.22352,119.93151184050782
72.5,40.00909804,-104.9510224,1599.5904,39.10584000000001,13.679424,-0.22352,118.2622073666783
72.59999999999997,40.00909243,-104.9510084,1599.5904,39.19728,13.455904,-0.312928,116.73711005780586
72.79999999999995,40.00908256,-104.9509804,1599.8952000000002,39.41064000000001,13.232384,-0.402336,112.83365417791754
72.89999999999998,40.0090781,-104.9509664,1599.8952000000002,39.41064000000001,13.053568,-0.312928,110.7917320001102
73.09999999999997,40.00907061,-104.9509386,1599.5904,39.288720000000005,12.651232,0.0,107.17953291703492
73.19999999999999,40.00906757,-104.9509249,1599.5904,39.288720000000005,12.427712,0.0,104.86281594234504
73.29999999999995,40.0090647,-104.9509113,1599.5904,39.288720000000005,12.07008,0.0,103.1410697577154
73.39999999999998,40.00906244,-104.9508978,1599.5904,39.19728,11.891264,0.0,101.2241604130731
73.5,40.00906058,-104.9508842,1599.5904,39.19728,11.801856,0.0,98.91492695714788
73.59999999999997,40.00905912,-104.9508708,1599.5904,39.19728,11.667744,0.0,96.93135679831585
73.69999999999999,40.00905801,-104.9508573,1599.5904,39.10584000000001,11.533632,0.0,94.96974072811032
73.79999999999995,40.00905726,-104.950844,1599.5904,39.10584000000001,11.444224,0.0,93.61862948014436
73.89999999999998,40.00905669,-104.9508307,1599.5904,39.10584000000001,11.310112,0.0,91.58485439305052
74.0,40.00905658,-104.9508175,1599.5904,39.10584000000001,11.265408,0.0,90.0
74.09999999999997,40.00905679,-104.9508032,1599.2856000000002,39.0144,11.712448,0.0,88.40252380275439
74.19999999999999,40.00905728,-104.9507899,1599.2856000000002,39.0144,11.757152,0.0,86.99933858653787
74.29999999999995,40.0090581,-104.950778,1599.2856000000002,38.89248,10.72896,-0.089408,84.93057986738751
74.39999999999998,40.00905919,-104.950765,1599.2856000000002,38.80104,10.684256,-0.089408,83.33038015768767
74.5,40.00906056,-104.9507519,1599.2856000000002,38.89248,11.220704,-0.089408,81.67434966957319
74.59999999999997,40.00906221,-104.9507389,1599.2856000000002,38.89248,11.220704,-0.089408,80.08505432152504
74.69999999999999,40.009064,-104.9507259,1599.2856000000002,38.89248,11.265408,-0.089408,78.73486484250674
74.79999999999995,40.00906617,-104.950713,1599.2856000000002,38.89248,11.265408,-0.089408,77.17560189776486
74.89999999999998,40.00906864,-104.9507001,1599.2856000000002,39.0144,11.265408,-0.22352,75.52260429120588
75.0,40.00907139,-104.9506873,1599.2856000000002,39.0144,11.310112,-0.22352,74.20979272150629
75.09999999999997,40.00907442,-104.9506745,1599.5904,39.10584000000001,11.354816,-0.22352,72.69947280805502
75.19999999999999,40.0090777,-104.9506617,1599.5904,39.10584000000001,11.444224,-0.22352,71.06930278664265
75.29999999999995,40.00908119,-104.950649,1599.5904,39.10584000000001,11.488928,-0.089408,69.59979060515747
75.39999999999998,40.00908493,-104.9506363,1599.5904,39.10584000000001,11.533632,-0.089408,68.77234881136474
75.5,40.00908874,-104.9506235,1599.5904,39.10584000000001,11.62304,-0.089408,67.95408653762848
75.59999999999997,40.0090929,-104.9506109,1599.5904,39.10584000000001,11.712448,-0.089408,66.54473523744343
75.69999999999999,40.00909745,-104.9505983,1599.5904,39.19728,11.801856,-0.089408,65.28569909984748
75.79999999999995,40.00910202,-104.9505857,1599.5904,39.19728,11.84656,-0.089408,64.49944385096654
75.89999999999998,40.0091068,-104.9505732,1599.5904,39.19728,11.891264,-0.089408,63.53092156316825
76.0,40.00911175,-104.9505606,1599.5904,39.288720000000005,11.980672,-0.089408,62.76764046708695
76.09999999999997,40.009117,-104.9505482,1599.5904,39.288720000000005,12.025376,-0.089408,61.82806290667526
76.19999999999999,40.00912231,-104.9505357,1599.5904,39.288720000000005,12.114784,-0.089408,61.08807453043471
76.29999999999995,40.00912777,-104.9505232,1599.5904,39.288720000000005,12.204192,0.0,59.969550802798494
76.39999999999998,40.00913337,-104.9505107,1599.5904,39.288720000000005,12.2936,0.0,59.60846693392887
76.5,40.0091391,-104.9504982,1599.5904,39.288720000000005,12.383008,-0.089408,58.89424678339333
76.59999999999997,40.00914501,-104.9504857,1599.5904,39.288720000000005,12.472416,0.0,58.01635267081048
76.69999999999999,40.0091517,-104.9504722,1599.8952000000002,39.41064000000001,13.098272,0.0,57.66981426494965
76.79999999999995,40.00915795,-104.9504596,1599.8952000000002,39.41064000000001,13.277088,0.0,56.98463077987424
76.89999999999998,40.00916362,-104.9504483,1599.5904,39.288720000000005,12.159488,0.0,56.47762695960773
77.0,40.00917005,-104.9504358,1599.5904,39.288720000000005,12.159488,0.0,56.14288985833935
77.09999999999997,40.00917668,-104.9504234,1599.5904,39.288720000000005,12.874752,0.0,55.481218144130935
77.19999999999999,40.00918335,-104.9504109,1599.5904,39.288720000000005,12.96416,0.0,54.99175789374539
77.29999999999995,40.00919004,-104.9503985,1599.5904,39.288720000000005,12.919455999999998,0.0,54.66866866108364
77.39999999999998,40.00919694,-104.9503861,1599.5904,39.288720000000005,12.96416,0.0,54.03016692145036
77.5,40.00920408,-104.9503736,1599.5904,39.288720000000005,13.142976,0.0,53.01325184414157
77.59999999999997,40.00921131,-104.9503613,1599.5904,39.288720000000005,13.232384,0.0,52.15908042307683
77.69999999999999,40.00921883,-104.9503491,1599.5904,39.288720000000005,13.277088,-0.089408,51.03768252142288
77.79999999999995,40.00922648,-104.9503371,1599.5904,39.288720000000005,13.321792,-0.089408,49.94596654710415
77.89999999999998,40.00923445,-104.9503253,1599.5904,39.288720000000005,13.321792,-0.089408,48.41455447936977
78.0,40.00924251,-104.9503138,1599.5904,39.288720000000005,13.366496,-0.089408,47.19206972022442
78.09999999999997,40.00925078,-104.9503024,1599.5904,39.288720000000005,13.321792,0.0,45.95711968785963
78.19999999999999,40.00925919,-104.9502913,1599.5904,39.19728,13.366496,0.0,44.7258596062668
78.29999999999995,40.00926791,-104.9502805,1599.5904,39.10584000000001,13.321792,0.0,44.04288031214037
78.39999999999998,40.00927665,-104.9502698,1599.5904,39.10584000000001,13.321792,0.0,42.807930279775576
78.5,40.00928547,-104.9502592,1599.2856000000002,39.0144,13.321792,0.0,41.58544552063023
78.59999999999997,40.00929449,-104.9502489,1599.2856000000002,38.89248,13.321792,0.0,40.60129464500449
78.69999999999999,40.00930378,-104.9502383,1599.2856000000002,38.89248,13.500608,0.0,39.80557109226521
78.79999999999995,40.00931309,-104.9502284,1599.2856000000002,38.89248,13.545312,-0.089408,38.96231747857712
78.89999999999998,40.00932248,-104.9502186,1599.2856000000002,39.0144,13.366496,-0.089408,38.14636482834976
79.09999999999997,40.00934159,-104.9501998,1599.2856000000002,39.0144,13.321792,-0.089408,36.52312177553898
79.19999999999999,40.00935134,-104.9501906,1599.2856000000002,39.0144,13.321792,-0.089408,35.40307558185327
79.29999999999995,40.00936194,-104.950181,1599.2856000000002,39.0144,13.85824,-0.089408,34.86574871260433
79.5,40.00938117,-104.950164,1599.5904,39.10584000000001,13.366496,-0.089408,33.31524067083882
79.69999999999999,40.00940163,-104.950147,1599.2856000000002,39.0144,13.18768,-0.22352,31.944752776203416
79.79999999999995,40.00941196,-104.9501387,1599.2856000000002,39.0144,13.500608,-0.089408,31.62003687293867
79.89999999999998,40.00942232,-104.9501307,1599.2856000000002,39.0144,13.455904,-0.089408,30.93095986735949
80.0,40.00943281,-104.9501226,1599.2856000000002,39.0144,13.455904,-0.089408,30.311213226681616
80.09999999999997,40.00944352,-104.9501149,1599.2856000000002,39.0144,13.545312,-0.089408,29.791960809364696
80.19999999999999,40.00945417,-104.9501071,1599.2856000000002,38.89248,13.590016,-0.089408,29.2752542772526
80.5,40.0094866,-104.9500843,1599.2856000000002,39.0144,13.63472,-0.22352,27.749728577211783
80.59999999999997,40.00949753,-104.950077,1599.2856000000002,39.0144,13.63472,-0.22352,26.818197303851377
80.79999999999995,40.00951971,-104.9500631,1599.2856000000002,39.0144,13.679424,-0.22352,24.44395478041656
80.89999999999998,40.00953097,-104.9500566,1599.5904,39.10584000000001,13.679424,-0.22352,23.248499716628544
81.0,40.00954226,-104.9500505,1599.5904,39.10584000000001,13.63472,-0.22352,22.153344737778013
81.09999999999997,40.00955348,-104.9500447,1599.5904,39.10584000000001,13.500608,-0.089408,20.778379297683955
81.29999999999995,40.0095765,-104.9500338,1599.5904,39.10584000000001,13.545312,-0.089408,19.03804001730253
81.39999999999998,40.00958805,-104.9500288,1599.5904,39.10584000000001,13.590016,-0.089408,17.831857628541457
81.5,40.00959977,-104.9500239,1599.5904,39.10584000000001,13.590016,-0.089408,16.753794309081968
81.59999999999997,40.00961147,-104.9500194,1599.5904,39.10584000000001,13.590016,-0.089408,15.91938783211765
81.69999999999999,40.00962324,-104.9500151,1599.5904,39.10584000000001,13.590016,-0.089408,15.004920382860234
81.79999999999995,40.00963506,-104.950011,1599.5904,39.10584000000001,13.590016,-0.089408,14.174194516397108
81.89999999999998,40.00964783,-104.9500069,1599.5904,39.10584000000001,14.08176,-0.089408,13.251418864934578
82.0,40.00965982,-104.9500033,1599.5904,39.10584000000001,14.171168,-0.089408,12.425942865427489
82.09999999999997,40.0096707,-104.9500001,1599.5904,39.10584000000001,13.053568,-0.089408,12.054959135151648
82.19999999999999,40.00968269,-104.9499969,1599.5904,39.10584000000001,13.008864,-0.089408,11.01383289035141
82.29999999999995,40.00969485,-104.9499941,1599.5904,39.19728,13.679424,-0.22352,10.57352341856091
82.39999999999998,40.00970694,-104.9499912,1599.5904,39.19728,13.679424,-0.22352,9.648045316098148
82.5,40.0097192,-104.9499887,1599.5904,39.19728,13.724128,-0.089408,9.21602268481456
82.59999999999997,40.00973137,-104.9499862,1599.5904,39.19728,13.768832,-0.089408,8.475093614986179
82.69999999999999,40.00974352,-104.9499838,1599.5904,39.19728,13.679424,-0.089408,8.103539639548558
82.79999999999995,40.00975574,-104.9499816,1599.5904,39.19728,13.679424,-0.089408,7.544929038756834
83.0,40.00978006,-104.9499778,1599.5904,39.19728,13.63472,0.0,6.423470436556556
83.09999999999997,40.0097923,-104.9499761,1599.5904,39.19728,13.63472,0.0,5.860827547735994
83.19999999999999,40.00980454,-104.9499745,1599.5904,39.19728,13.679424,-0.089408,5.4492261289646535
83.29999999999995,40.00981677,-104.9499732,1599.5904,39.288720000000005,13.679424,-0.089408,5.075452378478985
83.39999999999998,40.00982905,-104.9499718,1599.5904,39.288720000000005,13.679424,-0.089408,4.701245004788234
83.5,40.00984145,-104.9499705,1599.5904,39.288720000000005,13.768832,-0.089408,4.098879691662319
83.69999999999999,40.0098661,-104.9499683,1599.8952000000002,39.41064000000001,13.768832,0.0,3.7273569639455104
83.79999999999995,40.00987848,-104.9499673,1599.8952000000002,39.41064000000001,13.768832,0.0,3.3555200908086817
84.09999999999997,40.00991573,-104.949965,1599.8952000000002,39.41064000000001,13.813536,0.0,2.052065370408684
84.19999999999999,40.00992813,-104.9499643,1599.8952000000002,39.41064000000001,13.813536,0.0,2.052065370408684
84.29999999999995,40.00994068,-104.9499638,1599.8952000000002,39.41064000000001,13.902944,0.0,1.6683374482933004
84.39999999999998,40.00995313,-104.9499634,1599.8952000000002,39.41064000000001,13.902944,0.0,1.2977406767390107
84.5,40.00996571,-104.9499628,1599.8952000000002,39.41064000000001,13.902944,0.0,1.2977406767390107
84.59999999999997,40.00997824,-104.9499625,1599.8952000000002,39.50208,13.947648,0.0,0.9210746585505944
84.69999999999999,40.00999068,-104.9499621,1599.8952000000002,39.41064000000001,13.902944,0.0,0.9210746585505944
84.79999999999995,40.01000323,-104.9499619,1599.8952000000002,39.41064000000001,13.902944,0.0,0.9210746585505944
84.89999999999998,40.01001582,-104.9499617,1599.8952000000002,39.41064000000001,13.947648,0.0,0.3684565253377059
85.0,40.01002841,-104.9499615,1599.8952000000002,39.41064000000001,13.992352,0.0,0.3684565253377059
85.09999999999997,40.01004105,-104.9499613,1599.8952000000002,39.41064000000001,14.037056,0.0,0.3661022348313167
85.19999999999999,40.01005366,-104.9499613,1599.8952000000002,39.41064000000001,14.037056,0.0,0.0
85.29999999999995,40.01006619,-104.9499612,1599.8952000000002,39.41064000000001,13.992352,0.0,0.0
85.39999999999998,40.01007881,-104.9499612,1599.8952000000002,39.41064000000001,13.992352,0.0,0.0
85.59999999999997,40.01010413,-104.9499612,1599.8952000000002,39.41064000000001,14.037056,0.0,0.0
85.69999999999999,40.01011676,-104.9499612,1599.8952000000002,39.41064000000001,14.08176,0.0,0.0
85.79999999999995,40.01012942,-104.9499613,1599.8952000000002,39.41064000000001,14.037056,0.0,0.0
85.89999999999998,40.01014212,-104.9499613,1599.8952000000002,39.41064000000001,14.08176,0.0,359.6338977651687
86.0,40.01015481,-104.9499615,1599.8952000000002,39.41064000000001,14.126464,0.0,359.63622216113544
86.09999999999997,40.01016748,-104.9499618,1599.8952000000002,39.41064000000001,14.08176,0.0,359.09061955080085
86.19999999999999,40.0101802,-104.9499621,1599.8952000000002,39.41064000000001,14.126464,0.0,359.09061955080085
86.29999999999995,40.01019302,-104.9499622,1599.8952000000002,39.41064000000001,14.171168,0.0,359.09061955080085
86.39999999999998,40.01020578,-104.9499625,1599.8952000000002,39.41064000000001,14.215872,0.0,359.09061955080085
86.5,40.01021864,-104.9499628,1599.8952000000002,39.41064000000001,14.260576,0.0,359.09061955080085
86.59999999999997,40.01023142,-104.9499631,1599.8952000000002,39.41064000000001,14.260576,0.0,359.09061955080085
86.79999999999995,40.01025698,-104.9499636,1599.8952000000002,39.41064000000001,14.215872,0.0,359.09061955080085
86.89999999999998,40.01026985,-104.949964,1599.8952000000002,39.41064000000001,14.260576,0.0,358.7269699799433
87.29999999999995,40.0103209,-104.9499658,1599.8952000000002,39.41064000000001,14.215872,0.0,358.3634229583833
87.39999999999998,40.01033364,-104.9499663,1599.8952000000002,39.41064000000001,14.171168,0.0,358.3634229583833
87.5,40.0103465,-104.9499668,1599.8952000000002,39.41064000000001,14.260576,0.0,358.3634229583833
87.59999999999997,40.01035924,-104.9499674,1599.5904,39.288720000000005,14.260576,0.0,358.3634229583833
87.69999999999999,40.01037181,-104.9499679,1599.5904,39.288720000000005,14.08176,0.0,358.3634229583833
87.79999999999995,40.01038455,-104.9499685,1599.5904,39.288720000000005,14.08176,0.0,358.3634229583833
87.89999999999998,40.01039736,-104.9499691,1599.5904,39.288720000000005,14.215872,0.0,358.3634229583833
88.0,40.01041012,-104.9499697,1599.5904,39.288720000000005,14.215872,0.0,358.3634229583833
88.09999999999997,40.01042292,-104.9499703,1599.5904,39.288720000000005,14.215872,0.0,358.0000077009658
88.19999999999999,40.0104357,-104.9499709,1599.5904,39.288720000000005,14.215872,0.0,358.0000077009658
88.29999999999995,40.01044845,-104.9499716,1599.5904,39.288720000000005,14.215872,0.0,358.0000077009658
88.39999999999998,40.01046118,-104.9499723,1599.5904,39.288720000000005,14.171168,0.0,358.0000077009658
88.5,40.01047383,-104.9499731,1599.5904,39.288720000000005,14.126464,0.0,358.0000077009658
88.59999999999997,40.01048653,-104.9499738,1599.5904,39.288720000000005,14.126464,0.0,358.0000077009658
88.69999999999999,40.01049908,-104.9499747,1599.5904,39.288720000000005,14.037056,0.0,357.6216700266445
88.79999999999995,40.01051176,-104.9499754,1599.5904,39.288720000000005,14.037056,0.0,357.6216700266445
88.89999999999998,40.01052445,-104.9499762,1599.5904,39.288720000000005,14.126464,0.0,357.07368937390777
89.09999999999997,40.01054968,-104.9499784,1599.8952000000002,39.41064000000001,14.08176,0.0,356.34389828262607
89.19999999999999,40.01056229,-104.9499797,1599.5904,39.288720000000005,14.037056,0.0,355.4333543946014
89.39999999999998,40.01058741,-104.9499827,1599.5904,39.288720000000005,14.037056,0.0,354.30764811610663
89.5,40.01059986,-104.9499844,1599.5904,39.288720000000005,13.992352,0.0,353.7609302449524
89.59999999999997,40.01061236,-104.9499864,1599.5904,39.288720000000005,13.947648,0.0,353.3970781260205
89.69999999999999,40.01062584,-104.9499885,1599.5904,39.288720000000005,14.5288,0.0,352.98911851907906
89.79999999999995,40.0106384,-104.9499907,1599.5904,39.288720000000005,14.618208,0.0,352.07767834699933
89.89999999999998,40.0106497,-104.9499928,1599.5904,39.288720000000005,13.4112,0.0,351.71420297604624
90.0,40.01066212,-104.9499953,1599.5904,39.288720000000005,13.321792,0.0,351.3513979585533
90.29999999999995,40.0106994,-104.9500035,1599.8952000000002,39.41064000000001,13.992352,0.0,350.02396357724854
90.39999999999998,40.01071173,-104.9500064,1599.8952000000002,39.41064000000001,13.992352,0.0,349.6623098664375
90.5,40.01072416,-104.9500093,1599.8952000000002,39.41064000000001,13.992352,0.0,349.6623098664375
90.59999999999997,40.01073647,-104.9500124,1599.8952000000002,39.41064000000001,13.992352,0.0,349.3014870354167
90.7,40.01074886,-104.9500157,1599.8952000000002,39.41064000000001,13.992352,0.0,348.2919352260793
90.79999999999995,40.01076113,-104.9500191,1599.8952000000002,39.41064000000001,13.992352,0.0,347.9309880479742
90.89999999999998,40.01077344,-104.9500226,1599.8952000000002,39.41064000000001,13.992352,0.0,347.9309880479742
91.0,40.01078569,-104.9500261,1599.8952000000002,39.41064000000001,13.992352,0.0,347.5710106210691
91.09999999999997,40.01079795,-104.9500298,1599.8952000000002,39.41064000000001,13.947648,0.0,347.5710106210691
91.2,40.01081018,-104.9500335,1599.8952000000002,39.41064000000001,13.947648,0.0,347.2120273451977
91.29999999999995,40.01082252,-104.9500373,1599.8952000000002,39.41064000000001,14.037056,0.0,346.6754687381092
91.39999999999998,40.01083474,-104.9500412,1599.8952000000002,39.41064000000001,14.037056,0.0,346.6754687381092
91.5,40.01084694,-104.9500451,1599.8952000000002,39.41064000000001,13.992352,0.0,346.23190954851697
91.59999999999997,40.01085911,-104.950049,1599.8952000000002,39.41064000000001,13.947648,0.0,346.23190954851697
91.7,40.01087134,-104.9500529,1599.8952000000002,39.41064000000001,13.947648,0.0,345.87451084176854
91.79999999999995,40.01088349,-104.9500569,1599.8952000000002,39.41064000000001,13.947648,0.0,345.87451084176854
91.89999999999998,40.01089562,-104.9500612,1599.8952000000002,39.41064000000001,13.947648,0.0,345.5182306788752
92.0,40.01090774,-104.9500653,1599.8952000000002,39.41064000000001,13.947648,0.0,345.42578380196124
92.09999999999997,40.0109201,-104.9500695,1599.5904,39.288720000000005,14.08176,0.0,345.42578380196124
92.29999999999995,40.01094504,-104.9500783,1599.8952000000002,39.41064000000001,14.30528,-0.089408,344.89042487765954
92.39999999999998,40.01095719,-104.9500826,1599.8952000000002,39.41064000000001,14.260576,0.0,344.89042487765954
92.7,40.01099232,-104.9500953,1599.8952000000002,39.41064000000001,13.63472,0.0,344.7936990467136
92.89999999999998,40.01101631,-104.9501041,1599.8952000000002,39.41064000000001,13.63472,0.0,344.5350075853747
93.0,40.01102838,-104.9501085,1599.8952000000002,39.41064000000001,13.85824,0.0,344.18080605249986
93.09999999999997,40.01104037,-104.9501132,1599.8952000000002,39.41064000000001,13.947648,0.0,344.18080605249986
93.2,40.01105244,-104.9501177,1599.8952000000002,39.41064000000001,13.947648,0.0,344.18080605249986
93.29999999999995,40.01106466,-104.9501222,1599.8952000000002,39.41064000000001,14.037056,0.0,344.18080605249986
93.39999999999998,40.01107676,-104.9501268,1599.8952000000002,39.41064000000001,14.08176,0.0,344.18080605249986
93.5,40.01108892,-104.9501314,1599.8952000000002,39.41064000000001,14.037056,0.0,343.82784098421746
93.59999999999997,40.01110101,-104.950136,1599.8952000000002,39.41064000000001,14.037056,0.0,343.82784098421746
93.7,40.01111311,-104.9501407,1599.8952000000002,39.41064000000001,14.037056,0.0,343.82784098421746
93.79999999999995,40.01112519,-104.9501454,1599.8952000000002,39.41064000000001,14.037056,0.0,343.82784098421746
93.89999999999998,40.01113727,-104.95015,1599.8952000000002,39.41064000000001,13.992352,0.0,343.82784098421746
94.09999999999997,40.01116147,-104.9501594,1599.5904,39.288720000000005,14.037056,0.0,343.3007557660064
94.2,40.01117356,-104.9501641,1599.5904,39.288720000000005,14.037056,0.0,343.3007557660064
94.29999999999995,40.01118572,-104.9501688,1599.5904,39.288720000000005,14.08176,0.0,343.3007557660064
94.39999999999998,40.01119781,-104.9501736,1599.5904,39.288720000000005,14.08176,0.0,343.3007557660064
94.5,40.01120994,-104.9501785,1599.5904,39.288720000000005,14.08176,0.0,343.3007557660064
94.59999999999997,40.01122204,-104.9501833,1599.5904,39.288720000000005,14.08176,0.0,342.9509690278901
94.7,40.01123417,-104.9501882,1599.5904,39.288720000000005,14.126464,0.0,342.9509690278901
94.79999999999995,40.01124629,-104.9501931,1599.5904,39.288720000000005,14.126464,0.0,342.9509690278901
94.89999999999998,40.01125857,-104.9501979,1599.5904,39.19728,14.171168,0.0,343.0573892340909
95.0,40.01127072,-104.9502028,1599.5904,39.19728,14.215872,0.0,343.0573892340909
95.09999999999997,40.01128294,-104.9502076,1599.5904,39.19728,14.171168,0.0,343.0573892340909
95.2,40.01129512,-104.9502125,1599.5904,39.19728,14.171168,0.0,342.7108140152531
95.29999999999995,40.01130744,-104.9502175,1599.5904,39.10584000000001,14.260576,0.0,342.7108140152531
95.39999999999998,40.01131963,-104.9502225,1599.5904,39.10584000000001,14.260576,0.0,342.7108140152531
95.5,40.01133187,-104.9502276,1599.5904,39.10584000000001,14.260576,0.0,342.7108140152531
95.7,40.01135606,-104.9502377,1599.5904,39.10584000000001,14.171168,0.0,342.60248711439493
95.79999999999995,40.01136819,-104.9502428,1599.5904,39.10584000000001,14.126464,-0.089408,342.60248711439493
95.89999999999998,40.01138041,-104.9502477,1599.5904,39.10584000000001,14.171168,0.0,342.60248711439493
96.0,40.01139253,-104.9502527,1599.5904,39.10584000000001,14.171168,0.0,342.2553283749431
96.09999999999997,40.01140464,-104.9502578,1599.5904,39.10584000000001,14.126464,-0.089408,342.2553283749431
96.2,40.01141676,-104.9502629,1599.5904,39.10584000000001,14.126464,-0.089408,342.2553283749431
96.29999999999995,40.01142892,-104.950268,1599.5904,39.10584000000001,14.171168,-0.22352,342.2553283749431
96.39999999999998,40.01144104,-104.9502731,1599.5904,39.19728,14.171168,-0.089408,342.2553283749431
96.59999999999997,40.01146519,-104.9502833,1599.5904,39.19728,14.126464,-0.089408,342.2553283749431
96.7,40.01147723,-104.9502884,1599.5904,39.19728,14.08176,-0.089408,342.2553283749431
96.79999999999995,40.01148931,-104.9502935,1599.5904,39.19728,14.08176,0.0,342.2553283749431
96.89999999999998,40.01150123,-104.9502987,1599.5904,39.19728,14.037056,0.0,342.14377674268576
97.0,40.01151328,-104.9503038,1599.5904,39.19728,14.037056,-0.089408,342.14377674268576
97.09999999999997,40.01152542,-104.9503089,1599.5904,39.288720000000005,14.126464,-0.089408,342.2553283749431
97.2,40.01153748,-104.9503141,1599.5904,39.288720000000005,14.126464,0.0,342.14377674268576
97.29999999999995,40.01154949,-104.9503192,1599.5904,39.288720000000005,14.08176,0.0,341.7960812939735
97.39999999999998,40.01156155,-104.9503244,1599.5904,39.288720000000005,14.08176,0.0,341.9095106313078
97.5,40.01157449,-104.95033,1599.5904,39.288720000000005,14.662912,0.0,341.9095106313078
97.59999999999997,40.01158664,-104.9503352,1599.5904,39.288720000000005,14.707616,0.0,341.9095106313078
97.7,40.01159769,-104.9503401,1599.5904,39.288720000000005,13.590016,0.0,341.9095106313078
97.79999999999995,40.01160976,-104.9503453,1599.5904,39.288720000000005,13.545312,0.0,341.9095106313078
97.89999999999998,40.01162181,-104.9503503,1599.5904,39.288720000000005,14.126464,0.0,341.9095106313078
98.0,40.01163388,-104.9503556,1599.8952000000002,39.41064000000001,14.126464,0.0,341.9095106313078
98.09999999999997,40.01164593,-104.9503609,1599.8952000000002,39.41064000000001,14.126464,0.0,341.9095106313078
98.2,40.011658,-104.9503661,1599.8952000000002,39.41064000000001,14.126464,0.0,341.9095106313078
98.39999999999998,40.01168222,-104.9503766,1599.5904,39.288720000000005,14.171168,0.0,341.9095106313078
98.5,40.01169436,-104.9503818,1599.8952000000002,39.41064000000001,14.171168,0.0,341.9095106313078
98.59999999999997,40.01170645,-104.9503871,1599.8952000000002,39.41064000000001,14.171168,0.0,341.9095106313078
98.7,40.01171862,-104.9503923,1599.5904,39.288720000000005,14.215872,0.0,341.9095106313078
98.79999999999995,40.01173071,-104.9503976,1599.5904,39.288720000000005,14.215872,0.0,341.9095106313078
98.89999999999998,40.01174284,-104.9504029,1599.5904,39.288720000000005,14.171168,0.0,341.9095106313078
99.0,40.01175493,-104.9504082,1599.5904,39.288720000000005,14.215872,0.0,341.9095106313078
99.09999999999997,40.01176702,-104.9504134,1599.5904,39.288720000000005,14.171168,0.0,341.9095106313078
99.2,40.0117791,-104.9504186,1599.8952000000002,39.41064000000001,14.171168,0.0,341.9095106313078
99.29999999999995,40.01179119,-104.9504241,1599.5904,39.288720000000005,14.171168,0.0,341.9095106313078
99.39999999999998,40.01180326,-104.9504293,1599.8952000000002,39.41064000000001,14.171168,0.0,341.9095106313078
99.59999999999997,40.01182744,-104.9504396,1599.5904,39.288720000000005,14.126464,0.0,342.2553283749431
99.7,40.01183955,-104.9504448,1599.8952000000002,39.41064000000001,14.171168,0.0,342.60248711439493
99.79999999999995,40.01185163,-104.9504497,1599.8952000000002,39.41064000000001,14.126464,0.0,342.9509690278901
99.89999999999998,40.0118638,-104.9504545,1599.5904,39.288720000000005,14.08176,0.0,343.3007557660064
100.0,40.01187592,-104.9504592,1599.5904,39.288720000000005,14.08176,0.0,343.82784098421746
100.09999999999997,40.01188901,-104.9504642,1599.5904,39.288720000000005,14.618208,0.0,344.18080605249986
100.2,40.01190126,-104.9504687,1599.5904,39.288720000000005,14.662912,0.0,344.63256823536693
100.29999999999995,40.01191252,-104.9504725,1599.5904,39.288720000000005,13.545312,0.0,345.5182306788752
100.39999999999998,40.01192473,-104.9504766,1599.5904,39.288720000000005,13.455904,0.0,345.87451084176854
100.5,40.01193698,-104.9504807,1599.5904,39.288720000000005,14.037056,0.0,346.23190954851697
100.59999999999997,40.01194923,-104.9504846,1599.5904,39.288720000000005,14.037056,0.0,347.2120273451977
100.7,40.01196078,-104.9504881,1599.5904,39.288720000000005,13.590016,0.0,347.5710106210691
100.79999999999995,40.01197303,-104.9504916,1599.5904,39.288720000000005,13.545312,0.0,347.9309880479742
100.89999999999998,40.01198629,-104.9504956,1599.5904,39.288720000000005,14.5288,-0.089408,348.40323247787194
101.0,40.01199869,-104.9504989,1599.5904,39.288720000000005,14.618208,0.0,348.9415207433088
101.2,40.01202371,-104.9505052,1599.5904,39.288720000000005,14.126464,0.0,349.6623098664375
101.29999999999995,40.01203608,-104.9505083,1599.5904,39.288720000000005,14.126464,0.0,350.08724855327614
101.39999999999998,40.01204856,-104.9505112,1599.5904,39.288720000000005,14.037056,0.0,350.6279072914209
101.7,40.01208609,-104.9505192,1599.5904,39.19728,14.08176,0.0,351.3513979585533
101.79999999999995,40.01209861,-104.9505217,1599.5904,39.19728,14.08176,0.0,351.71420297604624
101.89999999999998,40.01211127,-104.9505241,1599.5904,39.19728,14.171168,0.0,351.71420297604624
102.0,40.01212379,-104.9505264,1599.5904,39.19728,14.126464,0.0,352.07767834699933
102.09999999999997,40.0121362,-104.9505286,1599.5904,39.19728,13.992352,0.0,352.02672876742963
102.2,40.01214867,-104.9505308,1599.5904,39.19728,13.947648,0.0,352.5765708311033
102.29999999999995,40.01216094,-104.950533,1599.5904,39.19728,13.85824,0.0,352.943903962099
102.39999999999998,40.01217338,-104.950535,1599.5904,39.19728,13.85824,0.0,352.943903962099
102.5,40.01218592,-104.9505372,1599.5904,39.19728,13.992352,0.0,353.3118210175253
102.59999999999997,40.01219838,-104.9505391,1599.5904,39.19728,14.037056,0.0,353.3547217897256
102.7,40.01221161,-104.9505411,1599.5904,39.19728,14.394688,0.0,353.68029297953586
102.79999999999995,40.01222416,-104.9505429,1599.5904,39.19728,14.439391999999998,0.0,353.7208694524791
102.89999999999998,40.01223558,-104.9505444,1599.5904,39.10584000000001,13.4112,0.0,354.2710487152551
103.0,40.01224804,-104.9505461,1599.5904,39.10584000000001,13.321792,0.0,354.2710487152551
103.09999999999997,40.01226054,-104.9505478,1599.5904,39.19728,13.947648,0.0,354.2710487152551
103.2,40.01227301,-104.9505495,1599.5904,39.10584000000001,13.947648,0.0,354.6384310193682
103.29999999999995,40.01228547,-104.9505511,1599.5904,39.10584000000001,13.947648,0.0,354.6384310193682
103.39999999999998,40.01229797,-104.9505527,1599.5904,39.10584000000001,13.947648,-0.089408,355.0062560141766
103.5,40.01231058,-104.9505541,1599.5904,39.19728,14.037056,0.0,355.0382092898091
103.59999999999997,40.01232311,-104.9505556,1599.5904,39.10584000000001,14.037056,0.0,355.0382092898091
103.7,40.01233568,-104.9505571,1599.5904,39.19728,13.992352,0.0,355.0382092898091
103.79999999999995,40.01234822,-104.9505585,1599.5904,39.19728,14.037056,0.0,355.0382092898091
103.89999999999998,40.01236083,-104.9505599,1599.5904,39.19728,14.037056,0.0,355.4041123081352
104.0,40.01237337,-104.9505613,1599.5904,39.19728,14.037056,0.0,355.4041123081352
104.09999999999997,40.01238591,-104.9505626,1599.5904,39.19728,13.992352,0.0,355.4041123081352
104.2,40.01239844,-104.9505639,1599.5904,39.19728,13.992352,0.0,355.9275607219807
104.29999999999995,40.01241097,-104.9505653,1599.5904,39.19728,13.992352,0.0,355.9275607219807
104.39999999999998,40.01242351,-104.9505665,1599.5904,39.19728,13.992352,-0.089408,355.9536627702104
104.59999999999997,40.01244863,-104.9505689,1599.5904,39.19728,13.992352,0.0,355.9536627702104
104.7,40.01246107,-104.9505701,1599.5904,39.19728,13.947648,0.0,355.9536627702104
104.79999999999995,40.01247362,-104.9505713,1599.5904,39.19728,13.947648,0.0,355.9536627702104
104.89999999999998,40.01248623,-104.9505726,1599.5904,39.19728,14.037056,0.0,355.9536627702104
105.0,40.01249882,-104.9505738,1599.5904,39.19728,14.037056,0.0,355.9536627702104
105.09999999999997,40.01251143,-104.9505749,1599.5904,39.19728,14.037056,0.0,356.3204507615495
105.2,40.01252402,-104.9505761,1599.5904,39.19728,14.037056,0.0,356.3204507615495
105.29999999999995,40.01253764,-104.9505774,1599.5904,39.10584000000001,14.618208,0.0,356.3204507615495
105.39999999999998,40.01255033,-104.9505786,1599.5904,39.10584000000001,14.662912,0.0,356.3204507615495
105.59999999999997,40.01257446,-104.9505807,1599.5904,39.19728,13.679424,-0.089408,356.3204507615495
105.7,40.01258705,-104.9505817,1599.5904,39.10584000000001,13.63472,0.0,356.3204507615495
105.79999999999995,40.01259962,-104.9505828,1599.5904,39.19728,14.037056,0.0,356.3204507615495
105.89999999999998,40.01261237,-104.9505841,1599.5904,39.10584000000001,14.126464,-0.089408,356.3204507615495
106.0,40.01262496,-104.9505853,1599.5904,39.19728,14.126464,-0.089408,356.3204507615495
106.09999999999997,40.01263759,-104.9505863,1599.5904,39.19728,14.037056,-0.089408,356.3204507615495
106.2,40.0126502,-104.9505875,1599.5904,39.19728,14.08176,-0.089408,356.34389828262607
106.29999999999995,40.01266287,-104.9505886,1599.5904,39.19728,14.08176,-0.089408,356.34389828262607
106.39999999999998,40.01267552,-104.9505897,1599.5904,39.19728,14.126464,0.0,356.34389828262607
106.5,40.0126883,-104.9505909,1599.5904,39.19728,14.171168,0.0,356.34389828262607
106.59999999999997,40.01270097,-104.950592,1599.5904,39.10584000000001,14.171168,0.0,356.34389828262607
106.7,40.01271362,-104.9505929,1599.5904,39.19728,14.126464,0.0,356.34389828262607
106.79999999999995,40.01272628,-104.950594,1599.5904,39.10584000000001,14.126464,0.0,356.34389828262607
106.89999999999998,40.01273887,-104.9505952,1599.5904,39.10584000000001,14.08176,0.0,356.3204507615495
107.0,40.01275149,-104.9505963,1599.5904,39.10584000000001,14.037056,0.0,356.3204507615495
107.09999999999997,40.01276423,-104.9505974,1599.5904,39.19728,14.126464,0.0,356.3204507615495
107.29999999999995,40.01278952,-104.9505996,1599.5904,39.19728,14.126464,0.0,356.3204507615495
107.39999999999998,40.01280215,-104.9506007,1599.5904,39.19728,14.08176,-0.089408,356.68754099778363
107.7,40.0128402,-104.950604,1599.5904,39.19728,14.126464,-0.089408,356.7086601881863
107.79999999999995,40.01285287,-104.950605,1599.5904,39.19728,14.126464,-0.089408,356.7086601881863
108.0,40.01287822,-104.9506069,1599.5904,39.19728,14.126464,0.0,356.7086601881863
108.09999999999997,40.01289083,-104.950608,1599.5904,39.19728,14.08176,0.0,356.7086601881863
108.2,40.01290348,-104.9506091,1599.5904,39.19728,14.08176,0.0,356.68754099778363
108.29999999999995,40.01291605,-104.9506102,1599.5904,39.19728,14.037056,0.0,356.3204507615495
108.39999999999998,40.01292866,-104.9506113,1599.5904,39.19728,14.037056,0.0,356.3204507615495
108.5,40.01294127,-104.9506124,1599.5904,39.19728,14.037056,0.0,356.3204507615495
108.59999999999997,40.01295389,-104.9506135,1599.5904,39.19728,14.037056,-0.089408,356.3204507615495
108.7,40.01296645,-104.9506146,1599.5904,39.288720000000005,14.037056,-0.089408,356.3204507615495
108.79999999999995,40.01297909,-104.9506157,1599.5904,39.288720000000005,14.037056,-0.089408,356.3204507615495
108.89999999999998,40.01299154,-104.9506168,1599.5904,39.288720000000005,13.992352,-0.089408,356.34389828262607
109.0,40.01300418,-104.950618,1599.5904,39.288720000000005,13.992352,-0.089408,356.34389828262607
109.09999999999997,40.01301696,-104.9506191,1599.5904,39.288720000000005,14.171168,-0.089408,356.34389828262607
109.2,40.01302963,-104.9506203,1599.5904,39.288720000000005,14.171168,-0.089408,356.34389828262607
109.29999999999995,40.0130422,-104.9506215,1599.5904,39.288720000000005,14.08176,0.0,355.97943289633696
109.39999999999998,40.01305484,-104.9506228,1599.5904,39.288720000000005,14.037056,0.0,355.97943289633696
109.5,40.01306762,-104.9506239,1599.5904,39.288720000000005,14.171168,0.0,355.97943289633696
109.59999999999997,40.01308028,-104.9506252,1599.8952000000002,39.41064000000001,14.171168,0.0,355.97943289633696
109.7,40.01309274,-104.9506265,1599.5904,39.288720000000005,13.992352,0.0,355.97943289633696
109.79999999999995,40.01310539,-104.9506278,1599.5904,39.288720000000005,13.992352,0.0,355.97943289633696
109.89999999999998,40.01311804,-104.950629,1599.8952000000002,39.41064000000001,14.08176,0.0,355.97943289633696
110.0,40.01313067,-104.9506302,1599.8952000000002,39.41064000000001,14.08176,0.0,355.97943289633696
110.09999999999997,40.0131433,-104.9506316,1599.8952000000002,39.41064000000001,14.08176,0.0,355.4041123081352
110.2,40.01315591,-104.950633,1599.5904,39.288720000000005,14.08176,0.0,355.4041123081352
110.29999999999995,40.01316854,-104.9506344,1599.5904,39.288720000000005,14.08176,0.0,355.4333543946014
110.39999999999998,40.01318115,-104.9506358,1599.5904,39.288720000000005,14.08176,0.0,355.069757252337
110.5,40.01319467,-104.9506373,1599.5904,39.288720000000005,14.573504,0.0,355.069757252337
110.59999999999997,40.01320737,-104.9506388,1599.8952000000002,39.41064000000001,14.618208,0.0,354.70655774696945
110.89999999999998,40.01324404,-104.9506444,1599.8952000000002,39.41064000000001,13.813536,0.0,353.033760147508
111.09999999999997,40.01326917,-104.9506486,1599.8952000000002,39.41064000000001,13.85824,0.0,352.1279849971802
111.2,40.01328166,-104.950651,1599.8952000000002,39.41064000000001,14.08176,0.0,351.3513979585533
111.29999999999995,40.01329435,-104.9506536,1599.5904,39.288720000000005,14.171168,0.0,350.9892904531824
111.39999999999998,40.01330677,-104.9506564,1599.5904,39.288720000000005,14.126464,0.0,350.08724855327614
111.59999999999997,40.01333155,-104.9506625,1599.8952000000002,39.41064000000001,14.037056,0.0,348.9415207433088
111.7,40.01334398,-104.9506656,1599.8952000000002,39.41064000000001,14.037056,0.0,348.40323247787194
111.79999999999995,40.01335628,-104.9506691,1599.5904,39.288720000000005,14.037056,0.0,347.5710106210691
112.0,40.0133809,-104.9506765,1599.5904,39.288720000000005,14.037056,0.0,346.5904041329059
112.09999999999997,40.01339309,-104.9506805,1599.5904,39.288720000000005,14.037056,0.0,346.23190954851697
112.2,40.01340525,-104.9506845,1599.8952000000002,39.41064000000001,13.947648,0.0,345.87451084176854
112.29999999999995,40.01341753,-104.9506885,1599.5904,39.288720000000005,13.992352,0.0,345.87451084176854
112.39999999999998,40.01342968,-104.9506926,1599.8952000000002,39.41064000000001,14.037056,0.0,345.5182306788752
112.5,40.01344183,-104.9506968,1599.8952000000002,39.41064000000001,13.947648,0.0,345.5182306788752
112.59999999999997,40.01345399,-104.950701,1599.8952000000002,39.41064000000001,13.947648,0.0,345.5182306788752
112.7,40.0134663,-104.9507052,1599.8952000000002,39.41064000000001,14.037056,0.0,344.9859560854473
112.79999999999995,40.01347849,-104.9507094,1599.8952000000002,39.41064000000001,14.08176,0.0,344.9859560854473
112.89999999999998,40.01349062,-104.9507138,1599.8952000000002,39.41064000000001,13.992352,0.0,344.9859560854473
113.0,40.01350277,-104.9507181,1599.8952000000002,39.41064000000001,13.992352,0.0,344.89042487765954
113.09999999999997,40.01351586,-104.9507228,1599.8952000000002,39.41064000000001,14.5288,0.0,344.89042487765954
113.2,40.01352807,-104.9507272,1599.8952000000002,39.41064000000001,14.573504,0.0,344.5350075853747
113.29999999999995,40.01353907,-104.9507311,1599.8952000000002,39.41064000000001,13.4112,0.0,344.5350075853747
113.39999999999998,40.01355114,-104.9507355,1599.8952000000002,39.41064000000001,13.321792,0.0,344.0800011628008
113.59999999999997,40.01357521,-104.9507448,1599.5904,39.288720000000005,13.947648,0.089408,343.9264258352536
113.79999999999995,40.01359886,-104.9507539,1599.5904,39.288720000000005,13.813536,0.22352,343.46235421423205
113.89999999999998,40.01361082,-104.9507585,1599.5904,39.19728,13.768832,0.089408,343.46235421423205
114.0,40.01362263,-104.9507632,1599.5904,39.19728,13.768832,0.0,343.46235421423205
114.09999999999997,40.01363437,-104.9507679,1599.5904,39.19728,13.679424,0.0,342.81429385577525
114.2,40.01364612,-104.9507726,1599.5904,39.19728,13.679424,0.0,343.35496178532406
114.29999999999995,40.01365792,-104.950777,1599.5904,39.19728,13.63472,0.0,343.7171158709779
114.39999999999998,40.01366964,-104.9507814,1599.5904,39.19728,13.590016,-0.089408,343.9760809236892
114.5,40.01368115,-104.9507859,1599.5904,39.19728,13.455904,-0.312928,344.081253296929
114.7,40.01370304,-104.9507938,1599.8952000000002,39.41064000000001,12.874752,-0.491744,344.5213618345816
114.79999999999995,40.01371334,-104.9507976,1599.8952000000002,39.41064000000001,12.383008,-0.089408,344.6290544071928
114.89999999999998,40.01372348,-104.9508014,1599.5904,39.288720000000005,11.801856,0.0,344.33997086815646
115.0,40.01373289,-104.9508049,1599.5904,39.288720000000005,11.310112,0.0,344.55368363230747
115.09999999999997,40.01374227,-104.9508085,1599.5904,39.288720000000005,10.863072,0.0,344.54400092968785
115.29999999999995,40.01375909,-104.950815,1599.5904,39.19728,10.147808,0.0,343.9770201525715
115.39999999999998,40.01376667,-104.9508179,1599.5904,39.19728,9.432544,0.0,344.4274564031897
115.5,40.01377399,-104.9508206,1599.5904,39.19728,8.627872,0.0,344.09861006547254
115.59999999999997,40.01378067,-104.9508232,1599.5904,39.19728,8.091424,0.0,343.7261306653044
115.7,40.01378791,-104.950826,1599.5904,39.19728,8.091424,0.0,344.0041676864771
115.79999999999995,40.01379379,-104.9508283,1599.5904,39.19728,7.644384,0.0,343.9457803372243
115.89999999999998,40.01379864,-104.9508302,1599.5904,39.19728,6.213856,0.0,343.46516214265483
116.0,40.01380353,-104.9508321,1599.5904,39.19728,5.677408,0.0,343.393019421383
116.09999999999997,40.01380794,-104.9508339,1599.5904,39.19728,5.409184,0.0,343.2497354949743
116.2,40.01381189,-104.9508355,1599.5904,39.288720000000005,4.828032,0.0,343.6441828989828
116.29999999999995,40.01381538,-104.9508372,1599.5904,39.288720000000005,4.380992,0.0,342.8475782597882
116.39999999999998,40.01381841,-104.9508386,1599.5904,39.288720000000005,3.844544,0.0,342.31560797344224
116.5,40.013821,-104.9508396,1599.5904,39.288720000000005,3.308096,0.0,340.9743939624313
116.59999999999997,40.01382318,-104.9508406,1599.5904,39.288720000000005,2.861056,0.0,339.0442232693678
116.7,40.01382474,-104.9508415,1599.5904,39.288720000000005,2.2352,0.0,341.1139126302907
116.79999999999995,40.01382608,-104.9508422,1599.5904,39.288720000000005,1.78816,0.0,337.83365417791754
116.89999999999998,40.01382681,-104.9508427,1599.5904,39.288720000000005,1.251712,0.0,338.74949449286675
117.0,40.01382739,-104.950843,1599.5904,39.288720000000005,0.938784,0.0,347.4711922908485
117.09999999999997,40.01382765,-104.9508432,1599.8952000000002,39.41064000000001,0.491744,0.0,0.0
117.2,40.01382777,-104.9508432,1599.8952000000002,39.41064000000001,0.0,0.0,0.0
117.29999999999995,40.01382765,-104.9508432,1599.8952000000002,39.41064000000001,0.491744,0.0,0.0
117.39999999999998,40.01382754,-104.9508431,1599.8952000000002,39.41064000000001,0.0,0.0,135.0
117.5,40.01382723,-104.950843,1599.5904,39.288720000000005,0.491744,0.0,158.19859051364824
117.59999999999997,40.01382699,-104.9508429,1599.5904,39.288720000000005,0.0,0.0,164.0546040990771
117.7,40.01382637,-104.9508427,1599.5904,39.288720000000005,0.491744,0.0,164.0546040990771
117.79999999999995,40.01382604,-104.9508426,1599.5904,39.288720000000005,0.491744,0.0,164.0546040990771
117.89999999999998,40.01382532,-104.9508423,1599.5904,39.288720000000005,0.491744,0.0,167.47119229084842
118.0,40.01382493,-104.9508421,1599.5904,39.288720000000005,0.67056,0.0,167.47119229084842
118.09999999999997,40.01382421,-104.9508418,1599.5904,39.19728,0.67056,0.0,167.47119229084842
118.2,40.01382379,-104.9508416,1599.5904,39.288720000000005,0.67056,0.0,167.47119229084842
118.29999999999995,40.01382309,-104.9508413,1599.5904,39.288720000000005,0.67056,0.0,167.47119229084842
118.39999999999998,40.01382285,-104.9508411,1599.5904,39.288720000000005,0.491744,0.0,135.0
118.5,40.0138228,-104.9508408,1599.5904,39.288720000000005,0.0,0.0,21.80140948635181
118.59999999999997,40.01382323,-104.9508406,1599.5904,39.288720000000005,0.0,0.0,8.74616226255523
118.7,40.01382397,-104.9508405,1599.5904,39.288720000000005,0.67056,0.0,5.194428907734789
118.79999999999995,40.01382512,-104.9508404,1599.8952000000002,39.41064000000001,1.162304,0.0,3.69138598645128
118.89999999999998,40.01382644,-104.9508402,1599.8952000000002,39.41064000000001,1.34112,0.0,0.0
119.0,40.01382826,-104.9508402,1599.8952000000002,39.41064000000001,1.6987519999999998,0.0,0.0
119.09999999999997,40.01383002,-104.9508401,1599.8952000000002,39.41064000000001,1.966976,0.0,0.0
119.2,40.01383244,-104.9508401,1599.8952000000002,39.41064000000001,2.324608,0.0,0.0
119.29999999999995,40.01383516,-104.95084,1599.8952000000002,39.41064000000001,2.861056,0.0,0.0
119.39999999999998,40.01383816,-104.95084,1599.8952000000002,39.41064000000001,3.218688,0.0,0.0
119.5,40.01384145,-104.95084,1599.8952000000002,39.41064000000001,3.486912,0.0,0.0
119.59999999999997,40.01384503,-104.95084,1599.8952000000002,39.41064000000001,3.844544,0.0,0.0
119.7,40.01384887,-104.9508402,1599.8952000000002,39.50208,4.157472,0.0,0.0
119.79999999999995,40.01385301,-104.9508403,1599.8952000000002,39.50208,4.4704,0.0,0.0
119.89999999999998,40.01385746,-104.9508403,1599.8952000000002,39.50208,4.783328,0.0,0.0
120.0,40.01386212,-104.9508404,1599.8952000000002,39.50208,5.051552,0.0,0.0
120.09999999999997,40.01386717,-104.9508405,1599.8952000000002,39.50208,5.409184,0.0,359.0833457436147
120.2,40.01387236,-104.9508407,1599.8952000000002,39.50208,5.677408,0.0,359.13194855025444
120.29999999999995,40.01387793,-104.9508409,1599.8952000000002,39.50208,5.990336,0.089408,359.1756571791548
120.39999999999998,40.01388364,-104.9508411,1599.8952000000002,39.41064000000001,6.25856,0.089408,359.2097634975708
120.5,40.01388981,-104.9508413,1599.8952000000002,39.41064000000001,6.616192,0.0,358.0908475670036
120.59999999999997,40.01389604,-104.9508415,1599.8952000000002,39.50208,6.884416,0.0,358.1759101676239
120.7,40.01390275,-104.9508418,1599.8952000000002,39.41064000000001,7.15264,0.0,358.2430116900918
120.79999999999995,40.01390944,-104.9508421,1599.8952000000002,39.41064000000001,7.465567999999999,0.0,358.2952716809928
120.89999999999998,40.01391698,-104.9508423,1599.8952000000002,39.41064000000001,7.912608,0.0,358.3634229583833
121.0,40.01392415,-104.9508426,1599.8952000000002,39.41064000000001,8.180832,0.089408,358.39997528485225
121.09999999999997,40.01393106,-104.9508432,1599.5904,39.288720000000005,7.8232,0.089408,357.80942613596176
121.2,40.01393861,-104.9508436,1599.5904,39.288720000000005,8.04672,0.089408,357.8900571518668
121.29999999999995,40.01394667,-104.9508439,1599.5904,39.288720000000005,8.672576,0.0,357.9441112149953
121.39999999999998,40.01395466,-104.9508443,1599.5904,39.288720000000005,8.9408,0.0,357.98540121212943
121.5,40.01396316,-104.9508448,1599.5904,39.288720000000005,9.16432,0.0,358.05380488296925
121.7,40.01398017,-104.9508458,1599.5904,39.288720000000005,9.477248,0.0,357.5804907833437
121.79999999999995,40.01398891,-104.9508463,1599.5904,39.288720000000005,9.566656,0.0,357.62503848423864
121.89999999999998,40.01399692,-104.9508472,1599.5904,39.288720000000005,9.343136,0.0,357.6467031338917
122.0,40.01400591,-104.9508477,1599.5904,39.288720000000005,9.477248,0.0,357.1886264054735
122.09999999999997,40.01401483,-104.9508483,1599.5904,39.19728,9.968992,0.0,357.21346643050674
122.2,40.01402413,-104.9508489,1599.5904,39.288720000000005,10.147808,0.0,357.26185348064485
122.29999999999995,40.01403397,-104.9508495,1599.5904,39.19728,10.639552,0.0,357.3426093170945
122.39999999999998,40.01404366,-104.9508501,1599.5904,39.19728,10.863072,0.0,357.3974377975002
122.5,40.01405384,-104.9508506,1599.5904,39.19728,11.041888,0.0,357.9047474353762
122.59999999999997,40.01406389,-104.9508511,1599.5904,39.19728,11.265408,0.0,357.946449436489
122.7,40.01407405,-104.9508516,1599.5904,39.19728,11.220704,0.0,357.96266930318006
122.79999999999995,40.01408439,-104.9508521,1599.5904,39.19728,11.39952,0.0,357.9943526286114
123.39999999999998,40.01414996,-104.9508556,1599.5904,39.19728,12.07008,-0.089408,358.1118119932591
123.5,40.01416233,-104.9508563,1599.5904,39.19728,12.383008,-0.089408,358.139058933987
123.79999999999995,40.0141961,-104.950858,1599.8952000000002,39.41064000000001,12.830048,-1.296416,357.7974018382342
123.89999999999998,40.01420792,-104.9508587,1599.8952000000002,39.50208,12.695936,-1.6987519999999998,357.8202440082585
124.0,40.01421964,-104.9508594,1600.2,39.68496,13.098272,-2.190496,357.8202440082585
124.09999999999997,40.01423147,-104.95086,1600.5048000000002,39.98976,13.098272,-2.68224,357.8352108465465
124.2,40.0142433,-104.9508607,1600.8096,40.29456,13.142976,-3.084576,357.8499736489614
124.29999999999995,40.01425541,-104.9508614,1601.1144000000002,40.59936,13.321792,-3.486912,357.8499736489614
124.39999999999998,40.01426732,-104.9508621,1601.4192,40.9956,13.366496,-3.710432,357.8499736489614
124.5,40.01427906,-104.9508629,1601.7240000000002,41.39184000000001,13.18768,-3.79984,357.8645365576233
124.59999999999997,40.01429099,-104.9508637,1602.3336000000002,41.78808,13.18768,-4.02336,357.8645365576233
124.7,40.01430348,-104.950864,1602.6384,42.2148,13.590016,-4.02336,358.2701163781869
124.79999999999995,40.0143155,-104.9508647,1603.248,42.70248,13.63472,-4.112768,358.2701163781869
124.89999999999998,40.01432702,-104.9508654,1603.5528000000002,43.09872000000001,13.098272,-4.02336,358.2525351937669
125.0,40.01433895,-104.9508662,1603.8576,43.49496,13.053568,-3.889248,358.2525351937669
125.09999999999997,40.01435069,-104.950867,1604.4672,43.891200000000005,13.18768,-3.889248,358.2525351937669
125.29999999999995,40.0143744,-104.950869,1605.0768,44.71416,13.142976,-3.397504,357.8499736489614
125.59999999999997,40.01440956,-104.9508718,1605.9912000000002,45.59808,13.098272,-2.190496,357.4420954498078
125.7,40.01442101,-104.950873,1606.296,45.811440000000005,12.96416,-1.78816,356.8528853959064
125.79999999999995,40.01443275,-104.9508739,1606.296,45.99432,12.919455999999998,-1.385824,357.4420954498078
126.79999999999995,40.01454984,-104.9508837,1606.6008000000002,46.20768,13.053568,0.0,354.00110446758373
129.09999999999997,40.01476965,-104.9510297,1606.6008000000002,46.08576,12.025376,0.0,311.1240952118189
129.2,40.01477649,-104.9510403,1606.6008000000002,46.08576,11.891264,0.0,309.4724598483438
129.29999999999995,40.01478314,-104.9510512,1606.6008000000002,46.08576,11.84656,0.0,308.08416080825623
129.39999999999998,40.01478966,-104.9510623,1606.6008000000002,46.08576,11.935968,0.0,306.7405620201212
129.5,40.0147959,-104.9510735,1606.6008000000002,46.08576,11.84656,0.0,305.88582494520875
129.59999999999997,40.01480211,-104.9510851,1606.6008000000002,46.08576,11.891264,0.0,304.7631200230943
129.7,40.0148079,-104.9510969,1606.6008000000002,46.20768,11.980672,0.0,303.45330945407267
129.79999999999995,40.01481381,-104.9511089,1606.6008000000002,46.20768,12.025376,0.0,302.4549289420054
129.89999999999998,40.01481942,-104.9511212,1606.6008000000002,46.20768,12.159488,0.0,301.5101078629818
130.0,40.01482506,-104.9511336,1606.6008000000002,46.20768,12.248895999999998,0.0,300.60386315283097
130.09999999999997,40.01483072,-104.951146,1606.6008000000002,46.20768,12.2936,0.0,300.0304491972015
130.2,40.01483616,-104.9511587,1606.6008000000002,46.20768,12.338304,0.0,298.9741325515502
130.29999999999995,40.01484145,-104.9511716,1606.6008000000002,46.20768,12.427712,0.0,298.04810575455303
130.39999999999998,40.01484667,-104.9511845,1606.6008000000002,46.20768,12.472416,0.0,297.4890965298507
130.59999999999997,40.01485675,-104.951211,1606.6008000000002,46.20768,12.561824,0.0,295.92744561214465
130.7,40.01486168,-104.9512244,1606.6008000000002,46.20768,12.606528,0.0,295.38479796475417
130.79999999999995,40.01486653,-104.9512379,1606.6008000000002,46.20768,12.695936,0.0,294.8457888431544
131.89999999999998,40.01491497,-104.9513937,1606.6008000000002,46.20768,13.008864,0.0,290.397205841715
132.2,40.01492712,-104.9514379,1606.6008000000002,46.29912,13.098272,0.0,289.16324577599846
132.29999999999995,40.01493113,-104.9514529,1606.6008000000002,46.29912,13.366496,0.0,289.16324577599846
131.89999999999998,40.01491497,-104.9513937,1606.6008000000002,46.20768,-13.321792,0.0,290.397205841715
132.2,40.01492712,-104.9514379,1606.6008000000002,46.29912,-13.545312,0.0,289.16324577599846
132.29999999999995,40.01493113,-104.9514529,1606.6008000000002,46.29912,13.366496,0.0,289.16324577599846
132.39999999999998,40.01493505,-104.9514678,1606.6008000000002,46.29912,13.455904,0.0,288.6767017321901
132.5,40.01493881,-104.9514828,1606.6008000000002,46.29912,13.455904,0.0,288.6767017321901
132.59999999999997,40.01494265,-104.9514978,1606.6008000000002,46.29912,13.455904,0.0,288.1942116702002
132.7,40.01494633,-104.951513,1606.6008000000002,46.20768,13.545312,0.0,288.1942116702002
132.79999999999995,40.01495009,-104.9515281,1606.6008000000002,46.20768,13.545312,0.0,288.1942116702002
132.89999999999998,40.01495409,-104.951543,1606.6008000000002,46.20768,13.500608,0.0,287.65830699329825
133.0,40.01495782,-104.9515582,1606.6008000000002,46.20768,13.500608,0.0,287.65830699329825
133.09999999999997,40.0149612,-104.9515724,1606.6008000000002,46.20768,13.098272,0.0,287.65830699329825
134.79999999999995,40.01499629,-104.9518293,1604.4672,44.01312,13.053568,1.207008,263.014389165578
135.0,40.01499285,-104.951855,1604.4672,43.891200000000005,12.785344,0.715264,257.0588141340121
135.09999999999997,40.0149905,-104.9518672,1604.1624000000002,43.79976,10.95248,0.491744,253.9542027190524
135.2,40.01498771,-104.9518787,1604.1624000000002,43.79976,10.50544,0.312928,251.0072517535321
135.29999999999995,40.01498489,-104.9518902,1604.1624000000002,43.79976,10.28192,0.089408,248.535055149756
135.39999999999998,40.01498142,-104.9519008,1604.1624000000002,43.79976,10.0584,0.0,245.44657691657045
135.5,40.01497813,-104.9519107,1604.1624000000002,43.79976,9.477248,0.0,243.434948822922
135.59999999999997,40.01497418,-104.9519203,1604.1624000000002,43.79976,9.209024,0.0,240.83800000136955
135.79999999999995,40.01496555,-104.9519384,1604.4672,43.891200000000005,9.16432,0.0,235.5063977879092
135.89999999999998,40.01496072,-104.9519472,1604.4672,43.891200000000005,9.119616,0.0,233.5410281531866
136.0,40.01495584,-104.9519552,1604.4672,44.01312,8.9408,0.0,231.10803831818265
136.09999999999997,40.01495042,-104.9519629,1604.4672,44.01312,8.806688,0.0,228.16812037559376
136.2,40.01494509,-104.9519702,1604.4672,44.01312,8.71728,0.0,225.43078721700863
136.29999999999995,40.01493918,-104.9519774,1604.4672,44.01312,8.761984,0.22352,223.49820747764065
136.39999999999998,40.0149335,-104.951984,1604.4672,43.891200000000005,8.761984,0.581152,221.0995062576181
136.5,40.01492741,-104.9519909,1604.1624000000002,43.79976,8.71728,0.983488,219.76613835278357
136.59999999999997,40.01492149,-104.9519971,1604.1624000000002,43.70832,8.71728,1.385824,218.1746735355244
136.7,40.01491624,-104.9520021,1603.8576,43.49496,7.8232,1.78816,215.86591227603765
136.79999999999995,40.01491018,-104.9520075,1603.8576,43.31208,7.689088,1.78816,212.8113667980681
136.89999999999998,40.01490367,-104.9520127,1603.5528000000002,43.09872000000001,8.314944,1.609344,208.99259570390012
137.0,40.01489728,-104.9520169,1603.5528000000002,43.00728,8.225536,1.207008,204.68480437326792
137.09999999999997,40.01489078,-104.9520204,1603.248,42.79392000000001,7.867904,0.804672,200.78265885471396
137.2,40.01488413,-104.9520233,1603.248,42.79392000000001,7.778496,0.402336,196.886791123944
137.29999999999995,40.01487708,-104.9520259,1603.248,42.79392000000001,7.957312,0.22352,193.0918930643469
137.39999999999998,40.0148702,-104.9520278,1603.248,42.79392000000001,7.957312,0.0,190.0453303694967
137.5,40.01486301,-104.952029,1603.248,42.79392000000001,7.957312,0.0,187.16530873291592
137.59999999999997,40.01485594,-104.9520299,1603.248,42.79392000000001,8.002016,0.0,184.2006222046354
137.7,40.01484857,-104.9520303,1603.248,42.79392000000001,8.04672,0.0,182.2647545482234
137.79999999999995,40.01484135,-104.9520304,1603.248,42.79392000000001,8.091424,0.0,180.0
137.89999999999998,40.01483399,-104.95203,1603.248,42.79392000000001,8.091424,0.0,177.78524487268078
138.0,40.01482665,-104.9520293,1603.248,42.79392000000001,8.180832,0.0,175.8918878228642
138.09999999999997,40.01481889,-104.952028,1603.248,42.79392000000001,8.449055999999999,0.0,173.0698665033368
138.2,40.01481143,-104.9520265,1603.248,42.79392000000001,8.538464000000001,0.0,170.9952208747227
138.29999999999995,40.01480398,-104.9520247,1603.248,42.79392000000001,8.404352,-0.089408,168.5034369824142
138.39999999999998,40.01479702,-104.9520227,1603.248,42.79392000000001,8.180832,-0.22352,167.10625595511783
138.59999999999997,40.01478441,-104.9520185,1603.248,42.88536,7.465567999999999,-0.089408,165.86952013758605
138.7,40.01477847,-104.9520166,1603.248,42.79392000000001,7.1079360000000005,0.0,165.5559642755078
138.79999999999995,40.01477323,-104.9520149,1603.248,42.79392000000001,6.392672,0.0,166.5221772467587
138.89999999999998,40.01476817,-104.952013,1603.248,42.79392000000001,5.945632,0.0,166.4462359022683
139.0,40.01476381,-104.9520116,1603.248,42.70248,5.453887999999999,0.0,167.71167683672468
139.10000000000002,40.01475946,-104.9520101,1603.248,42.70248,5.006848,0.089408,167.47119229084842
139.19999999999993,40.01475598,-104.952009,1603.248,42.70248,4.515104,0.089408,168.40782458970898
139.29999999999995,40.0147536,-104.9520082,1603.248,42.70248,3.3528,0.089408,168.69006752597977
139.39999999999998,40.01475114,-104.9520076,1603.248,42.70248,2.771648,0.0,170.53767779197435
139.5,40.01474905,-104.9520071,1603.248,42.70248,2.592832,0.0,171.15818543980834
139.60000000000002,40.01474741,-104.9520067,1603.248,42.70248,2.101088,0.0,168.99645914825055
139.69999999999993,40.01474621,-104.9520062,1603.248,42.79392000000001,1.654048,-0.089408,169.50852298766836
139.79999999999995,40.01474517,-104.9520058,1603.248,42.88536,1.34112,-0.089408,167.1957339347132
139.89999999999998,40.01474452,-104.9520057,1603.248,42.88536,0.938784,-0.089408,164.4758890032458
140.0,40.01474381,-104.9520054,1603.5528000000002,43.00728,0.67056,0.0,162.64597536373867
140.10000000000002,40.01474336,-104.9520055,1603.5528000000002,43.00728,0.0,0.0,171.25383773744477
140.19999999999993,40.01474282,-104.9520052,1603.5528000000002,43.00728,0.67056,0.0,169.69515353123393
140.29999999999995,40.01474269,-104.9520053,1603.5528000000002,43.09872000000001,0.0,0.0,180.0
140.39999999999998,40.01474228,-104.9520052,1603.5528000000002,43.19016,0.491744,0.0,180.0
140.5,40.01474223,-104.9520053,1603.5528000000002,43.19016,0.0,0.089408,167.47119229084842
140.60000000000002,40.01474172,-104.952005,1603.5528000000002,43.19016,0.0,0.089408,151.69924423399362
140.69999999999993,40.01474136,-104.9520044,1603.5528000000002,43.19016,0.67056,0.089408,146.97613244420336
140.79999999999995,40.01474041,-104.9520035,1603.5528000000002,43.19016,1.0728959999999998,0.089408,143.47114463301483
140.89999999999998,40.01473959,-104.9520023,1603.5528000000002,43.19016,1.34112,0.089408,141.11550356628538
141.0,40.0147382,-104.9520008,1603.5528000000002,43.19016,1.654048,0.312928,141.1466256596467
141.10000000000002,40.01473695,-104.9519994,1603.5528000000002,43.09872000000001,1.877568,0.715264,142.22431569404534
141.19999999999993,40.01473527,-104.9519976,1603.5528000000002,43.09872000000001,2.101088,1.1176,141.34019174590992
141.29999999999995,40.0147337,-104.9519957,1603.248,42.88536,2.414016,1.519936,141.0440921622411
141.39999999999998,40.01473178,-104.9519936,1603.248,42.79392000000001,2.592832,1.922272,140.77432590266324
141.5,40.01473013,-104.9519914,1602.9432000000002,42.48912000000001,2.68224,2.190496,139.86451443776048
141.60000000000002,40.01472796,-104.9519889,1602.6384,42.30624,2.950464,2.279904,139.8079539630305
141.69999999999993,40.01472518,-104.9519863,1602.6384,42.09288,3.486912,1.922272,140.28124062844512
141.79999999999995,40.01472243,-104.9519832,1602.3336000000002,41.91,3.933952,1.609344,141.91122711902472
141.89999999999998,40.01471982,-104.9519799,1602.0288,41.69664,4.02336,1.1176,141.93434890126957
142.0,40.01471643,-104.9519762,1602.0288,41.6052,4.4704,0.715264,141.95295746817396
142.10000000000002,40.01471244,-104.9519723,1602.0288,41.6052,5.230368,0.402336,143.03944455083666
142.19999999999993,40.01470839,-104.951968,1602.0288,41.6052,5.677408,0.089408,142.19923363836767
142.29999999999995,40.0147042,-104.9519634,1602.0288,41.6052,5.945632,0.089408,142.1604497268911
142.39999999999998,40.0146997,-104.9519586,1602.0288,41.6052,6.25856,0.0,141.581944655178
142.5,40.01469493,-104.9519533,1602.0288,41.6052,6.7056,0.0,141.57192265431593
142.60000000000002,40.01469001,-104.951948,1602.0288,41.6052,6.973824,0.0,141.06178878872868
142.69999999999993,40.0146848,-104.9519424,1602.0288,41.6052,7.286752,0.0,141.0724564072077
142.79999999999995,40.01467948,-104.9519368,1602.0288,41.6052,7.554975999999999,0.0,140.61758059012686
142.89999999999998,40.01467382,-104.9519308,1602.0288,41.69664,7.867904,0.0,141.1396823999239
143.0,40.01466805,-104.9519249,1602.0288,41.69664,8.136128,0.0,141.82532646447555
143.10000000000002,40.01466179,-104.9519187,1602.0288,41.69664,8.449055999999999,0.0,143.13010235415595
143.19999999999993,40.01465551,-104.9519126,1602.0288,41.69664,8.71728,0.0,143.54102815318663
143.29999999999995,40.01464891,-104.9519063,1602.0288,41.69664,8.896096,0.0,144.56219853832067
143.39999999999998,40.01464215,-104.9519001,1602.0288,41.69664,9.119616,0.0,145.00797980144137
143.5,40.01463509,-104.9518938,1602.0288,41.69664,9.343136,0.0,145.7842978675626
143.60000000000002,40.01462783,-104.9518876,1602.0288,41.69664,9.566656,0.0,147.3448404442385
143.69999999999993,40.01462036,-104.9518812,1602.0288,41.69664,9.745472,0.0,148.76809045148298
143.79999999999995,40.01461258,-104.9518752,1602.0288,41.69664,9.968992,0.0,150.12870792192814
143.89999999999998,40.01460422,-104.9518693,1602.0288,41.69664,10.28192,0.0,151.66575751687537
144.0,40.01459589,-104.9518636,1602.0288,41.69664,10.550144,0.0,152.77766469955895
144.10000000000002,40.01458724,-104.9518579,1602.3336000000002,41.78808,10.594848,0.0,154.40232783821807
144.60000000000002,40.01454049,-104.9518325,1602.0288,41.69664,11.176,0.0,160.79367358170452
144.79999999999995,40.01452034,-104.9518237,1602.0288,41.6052,11.39952,0.089408,162.86544888508718
144.89999999999998,40.01450985,-104.9518195,1602.0288,41.6052,11.935968,0.0,163.5260060618109
145.0,40.01449937,-104.9518156,1602.0288,41.6052,12.159488,0.0,164.11283149723602
145.19999999999993,40.01447785,-104.951808,1602.0288,41.51376,12.2936,0.0,165.86243784101964
145.39999999999998,40.01445599,-104.9518011,1602.0288,41.51376,12.427712,0.0,167.60459316624156
145.60000000000002,40.01443368,-104.951795,1601.7240000000002,41.39184000000001,12.561824,0.0,168.57078432667004
145.69999999999993,40.01442234,-104.951792,1601.7240000000002,41.3004,12.74064,0.0,169.08411756830697
145.79999999999995,40.01441096,-104.9517892,1601.7240000000002,41.3004,12.874752,0.0,170.1427677020945
145.89999999999998,40.01439937,-104.9517866,1601.7240000000002,41.3004,12.96416,0.0,170.603121258104
146.0,40.01438781,-104.9517841,1601.7240000000002,41.3004,13.053568,0.0,171.05823840968833
146.10000000000002,40.01437623,-104.9517818,1601.7240000000002,41.3004,13.008864,0.0,171.14958246997617
146.19999999999993,40.01436454,-104.9517795,1601.7240000000002,41.3004,13.098272,0.0,171.5371088644091
146.29999999999995,40.01435261,-104.9517775,1601.7240000000002,41.3004,13.277088,0.0,172.17333899497748
146.39999999999998,40.0143408,-104.9517754,1601.7240000000002,41.39184000000001,13.321792,0.0,172.6103954502097
146.5,40.01432882,-104.9517733,1601.7240000000002,41.39184000000001,13.321792,0.0,172.9953527587055
146.60000000000002,40.01431692,-104.9517714,1601.7240000000002,41.39184000000001,13.366496,-0.089408,173.380946684523
146.79999999999995,40.01429313,-104.951768,1602.0288,41.51376,13.321792,-0.089408,174.00110446758367
147.0,40.014269,-104.9517647,1602.0288,41.51376,13.4112,-0.089408,174.44173825369387
147.10000000000002,40.0142569,-104.9517632,1602.0288,41.51376,13.500608,0.0,174.44173825369387
147.19999999999993,40.01424483,-104.9517616,1602.0288,41.51376,13.500608,0.0,174.82290718236038
147.29999999999995,40.01423274,-104.9517601,1602.0288,41.6052,13.500608,-0.089408,174.82290718236038
147.39999999999998,40.0142206,-104.9517586,1602.0288,41.6052,13.545312,0.0,174.85723544211578
147.5,40.01420847,-104.9517573,1602.0288,41.6052,13.545312,0.0,175.23635830927378
147.60000000000002,40.0141963,-104.951756,1602.0288,41.6052,13.545312,0.312928,175.23635830927378
147.69999999999993,40.01418429,-104.9517546,1602.0288,41.51376,13.500608,0.715264,175.8058172116091
147.79999999999995,40.01417216,-104.9517534,1602.0288,41.51376,13.455904,1.1176,175.8058172116091
147.89999999999998,40.01416017,-104.9517521,1601.7240000000002,41.3004,13.455904,1.519936,175.8058172116091
148.0,40.01414804,-104.9517509,1601.7240000000002,41.20896,13.455904,1.609344,176.1859251657097
148.10000000000002,40.01413576,-104.9517499,1601.4192,40.9956,13.590016,1.296416,176.23596513509426
148.19999999999993,40.01412339,-104.9517488,1601.4192,40.90416,13.724128,0.804672,176.64447990919132
148.29999999999995,40.01411114,-104.9517475,1601.4192,40.90416,13.724128,0.491744,176.66614933846336
148.39999999999998,40.01409867,-104.9517465,1601.1144000000002,40.812720000000006,13.768832,0.312928,177.05490368062488
148.5,40.01408645,-104.9517458,1601.1144000000002,40.812720000000006,13.724128,0.089408,177.05490368062488
148.60000000000002,40.01407394,-104.9517449,1601.1144000000002,40.6908,13.768832,0.0,177.05490368062488
148.69999999999993,40.01406128,-104.9517438,1601.1144000000002,40.6908,14.037056,0.0,177.05490368062488
148.79999999999995,40.01404874,-104.9517429,1601.1144000000002,40.6908,14.037056,0.0,177.05490368062488
149.10000000000002,40.01401112,-104.9517406,1601.1144000000002,40.6908,13.947648,0.0,177.60639303271523
149.19999999999993,40.01399854,-104.9517398,1601.1144000000002,40.6908,13.947648,0.0,177.60639303271523
149.29999999999995,40.01398598,-104.951739,1601.1144000000002,40.6908,13.992352,0.0,177.60639303271523
149.5,40.01395981,-104.9517375,1601.1144000000002,40.6908,14.349984,0.0,177.60639303271523
149.60000000000002,40.0139471,-104.9517368,1601.1144000000002,40.6908,14.439391999999998,0.0,177.98723867539331
149.69999999999993,40.01393563,-104.9517361,1601.1144000000002,40.6908,13.455904,0.0,177.98723867539331
149.79999999999995,40.013923,-104.9517355,1601.1144000000002,40.6908,13.4112,0.0,177.98723867539331
149.89999999999998,40.01391029,-104.951735,1601.1144000000002,40.6908,14.08176,0.0,178.3529713387412
150.10000000000002,40.01388502,-104.951734,1601.1144000000002,40.59936,14.08176,0.0,178.7269699799433
150.19999999999993,40.01387234,-104.9517335,1601.1144000000002,40.59936,14.08176,0.0,178.7269699799433
150.39999999999998,40.01384677,-104.9517327,1601.1144000000002,40.6908,14.171168,0.089408,178.7269699799433
150.5,40.01383389,-104.9517322,1601.1144000000002,40.59936,14.260576,0.402336,178.7269699799433
150.69999999999993,40.01380839,-104.9517316,1600.8096,40.507920000000006,14.215872,1.296416,178.71883830535796
150.79999999999995,40.01379575,-104.9517312,1600.8096,40.29456,14.126464,1.385824,178.71883830535796
150.89999999999998,40.0137831,-104.9517308,1600.5048000000002,40.203120000000006,14.08176,1.1176,179.09061955080085
151.0,40.01377035,-104.9517305,1600.5048000000002,40.11168,14.126464,0.715264,179.09061955080085
151.10000000000002,40.01375756,-104.9517302,1600.5048000000002,40.11168,14.215872,0.402336,179.0991971912647
151.19999999999993,40.01374476,-104.9517299,1600.5048000000002,40.11168,14.215872,0.22352,179.0991971912647
151.29999999999995,40.01373193,-104.9517295,1600.5048000000002,39.98976,14.260576,0.089408,179.0991971912647
151.39999999999998,40.01371912,-104.9517292,1600.5048000000002,39.98976,14.260576,0.0,179.0991971912647
151.5,40.01370627,-104.9517289,1600.5048000000002,39.98976,14.260576,0.0,179.0991971912647
151.60000000000002,40.01369348,-104.9517287,1600.5048000000002,39.98976,14.260576,0.0,179.63965393661283
151.69999999999993,40.01368062,-104.9517286,1600.5048000000002,39.98976,14.260576,0.0,179.6362221611355
151.79999999999995,40.01366785,-104.9517284,1600.5048000000002,39.98976,14.260576,0.0,179.6362221611355
151.89999999999998,40.01365512,-104.9517283,1600.5048000000002,39.98976,14.171168,0.0,179.6362221611355
152.0,40.01364237,-104.9517281,1600.5048000000002,40.11168,14.171168,0.0,179.6362221611355
152.10000000000002,40.01362878,-104.951728,1600.5048000000002,40.11168,14.618208,0.0,179.6362221611355
152.19999999999993,40.01361594,-104.9517279,1600.5048000000002,40.11168,14.707616,-0.22352,179.6362221611355
152.29999999999995,40.01360437,-104.9517277,1600.5048000000002,40.11168,13.590016,-0.491744,179.6362221611355
152.39999999999998,40.01359161,-104.9517276,1600.5048000000002,40.203120000000006,13.545312,-0.983488,179.6362221611355
152.5,40.01357873,-104.9517275,1600.8096,40.29456,14.260576,-1.519936,180.0
152.60000000000002,40.01356594,-104.9517274,1600.8096,40.386,14.260576,-1.922272,180.0
152.69999999999993,40.01355317,-104.9517273,1601.1144000000002,40.59936,14.215872,-2.279904,180.0
152.79999999999995,40.01354038,-104.9517273,1601.4192,40.90416,14.215872,-2.592832,180.0
152.89999999999998,40.01352774,-104.9517274,1601.4192,41.08704000000001,14.126464,-2.503424,180.0
153.0,40.01351507,-104.9517274,1601.7240000000002,41.39184000000001,14.08176,-2.190496,180.0
153.10000000000002,40.01350286,-104.9517272,1602.0288,41.6052,13.813536,-1.78816,180.0
153.19999999999993,40.01349039,-104.9517272,1602.3336000000002,41.78808,13.724128,-1.385824,180.0
153.29999999999995,40.01347816,-104.9517275,1602.3336000000002,42.00144,13.724128,-0.89408,180.0
153.39999999999998,40.01346586,-104.9517277,1602.6384,42.09288,13.63472,-0.491744,180.38196620472905
153.5,40.01345336,-104.9517277,1602.6384,42.09288,13.768832,-0.312928,180.9485189609861
153.60000000000002,40.01344103,-104.9517281,1602.6384,42.2148,13.813536,-0.22352,181.31907761550852
153.69999999999993,40.01342873,-104.9517288,1602.6384,42.30624,13.679424,-0.22352,181.67919989372305
153.79999999999995,40.01341632,-104.9517295,1602.6384,42.30624,13.724128,-0.089408,182.05206537040868
153.89999999999998,40.01340358,-104.9517303,1602.6384,42.30624,13.992352,0.0,182.40908137447224
154.0,40.01339109,-104.9517311,1602.6384,42.30624,14.037056,0.0,182.3936069672848
154.10000000000002,40.01337841,-104.9517321,1602.6384,42.30624,13.992352,0.0,182.9263106260922
154.19999999999993,40.01336582,-104.951733,1602.6384,42.2148,14.08176,-0.089408,183.2913398118137
154.29999999999995,40.01335313,-104.9517339,1602.6384,42.2148,14.08176,-0.089408,183.2704879231836
154.39999999999998,40.01334049,-104.951735,1602.6384,42.2148,14.08176,-0.089408,183.6329507394882
154.5,40.01332771,-104.9517362,1602.6384,42.2148,14.171168,0.0,183.99512261862745
154.60000000000002,40.01331504,-104.9517374,1602.6384,42.09288,14.171168,0.0,183.99512261862745
154.79999999999995,40.01328835,-104.9517401,1602.6384,42.09288,14.618208,0.0,184.89909245378772
154.89999999999998,40.01327679,-104.9517414,1602.6384,42.09288,14.215872,0.0,184.93024274766304
155.0,40.01326419,-104.9517429,1602.3336000000002,42.00144,13.500608,0.0,185.2934422530305
155.10000000000002,40.01325155,-104.9517444,1602.3336000000002,42.00144,14.08176,0.0,185.2934422530305
155.39999999999998,40.01321386,-104.9517495,1602.3336000000002,42.00144,14.08176,0.0,186.23906975504755
155.5,40.01320143,-104.9517512,1602.3336000000002,42.00144,13.992352,-0.089408,186.23906975504755
155.60000000000002,40.01318892,-104.9517531,1602.3336000000002,42.00144,13.947648,-0.089408,186.60292187397943
155.69999999999993,40.01317637,-104.951755,1602.6384,42.09288,14.037056,-0.089408,186.60292187397943
156.10000000000002,40.01312611,-104.9517628,1602.6384,42.09288,14.08176,0.0,186.966239852492
156.29999999999995,40.01310104,-104.9517671,1602.6384,42.09288,14.08176,-0.089408,187.3759118688938
156.39999999999998,40.01308851,-104.9517692,1602.6384,42.09288,14.037056,-0.089408,187.3759118688938
156.5,40.01307606,-104.9517714,1602.6384,42.2148,14.037056,-0.089408,187.3759118688938
156.60000000000002,40.01306354,-104.9517735,1602.6384,42.2148,13.992352,-0.089408,187.3759118688938
156.69999999999993,40.01305106,-104.9517757,1602.6384,42.2148,14.037056,-0.089408,187.9223216530007
156.79999999999995,40.01303854,-104.9517779,1602.6384,42.2148,14.037056,0.0,187.9223216530007
156.89999999999998,40.01302591,-104.9517801,1602.6384,42.2148,14.126464,0.0,187.87201500281975
157.0,40.01301337,-104.9517823,1602.6384,42.2148,14.126464,0.0,187.87201500281975
157.10000000000002,40.01300089,-104.9517846,1602.6384,42.2148,14.037056,0.0,187.87201500281975
157.19999999999993,40.01298833,-104.9517869,1602.6384,42.09288,14.037056,0.0,188.23324496013507
157.29999999999995,40.01297584,-104.9517895,1602.6384,42.09288,14.08176,0.0,188.23324496013507
157.5,40.01295066,-104.9517943,1602.6384,42.09288,14.126464,0.0,188.23324496013507
157.60000000000002,40.01293806,-104.9517967,1602.6384,42.09288,14.171168,0.0,188.5938170632876
157.69999999999993,40.01292553,-104.9517993,1602.6384,42.09288,14.126464,0.0,188.5938170632876
157.79999999999995,40.01291294,-104.9518017,1602.6384,42.09288,14.126464,-0.089408,188.5938170632876
157.89999999999998,40.01290029,-104.9518042,1602.6384,42.09288,14.171168,-0.089408,188.5938170632876
158.0,40.01288771,-104.9518066,1602.6384,42.09288,14.171168,0.0,188.5938170632876
158.19999999999993,40.01286254,-104.9518118,1602.6384,42.09288,14.171168,-0.089408,188.5938170632876
158.29999999999995,40.01284992,-104.9518143,1602.6384,42.09288,14.171168,0.0,188.5938170632876
158.39999999999998,40.01283734,-104.9518168,1602.6384,42.09288,14.171168,-0.089408,188.95370462763412
158.5,40.01282485,-104.9518194,1602.3336000000002,42.00144,14.126464,-0.089408,188.95370462763412
158.60000000000002,40.01281227,-104.951822,1602.6384,42.09288,14.126464,-0.089408,188.95370462763412
158.69999999999993,40.0127998,-104.9518246,1602.6384,42.09288,14.126464,-0.089408,189.0107095468176
158.79999999999995,40.01278734,-104.9518271,1602.6384,42.09288,14.037056,-0.22352,189.06843886590988
159.0,40.01276287,-104.9518321,1602.6384,42.09288,13.85824,-0.312928,189.0523979236217
159.19999999999993,40.01273933,-104.951837,1602.6384,42.09288,13.500608,0.0,188.94176159031167
159.39999999999998,40.01271599,-104.9518417,1602.6384,42.09288,13.18768,0.0,189.00370369348676
159.5,40.01270417,-104.951844,1602.6384,42.2148,13.18768,0.0,189.00370369348676
160.0,40.01264506,-104.9518565,1602.6384,42.30624,13.321792,0.0,189.2371293998368
160.10000000000002,40.01263434,-104.9518586,1602.6384,42.30624,13.098272,0.0,189.17472729175051
160.19999999999993,40.01262257,-104.9518611,1602.6384,42.30624,12.651232,0.0,189.17472729175051
160.29999999999995,40.01261092,-104.9518636,1602.6384,42.30624,13.18768,0.0,189.4940298857589
160.39999999999998,40.01259907,-104.9518662,1602.9432000000002,42.39768,13.232384,0.0,189.4940298857589
160.5,40.01258723,-104.951869,1602.9432000000002,42.39768,13.366496,0.0,189.4308237067937
160.69999999999993,40.01256353,-104.9518739,1602.6384,42.30624,13.366496,0.0,189.4308237067937
160.79999999999995,40.01255155,-104.9518765,1602.6384,42.30624,13.4112,0.0,189.33756295062705
160.89999999999998,40.01253961,-104.9518793,1602.6384,42.30624,13.500608,0.0,189.33756295062705
161.0,40.01252756,-104.9518819,1602.9432000000002,42.39768,13.545312,0.0,189.33756295062705
161.10000000000002,40.01251547,-104.9518844,1602.6384,42.30624,13.590016,0.0,189.27639821103472
161.19999999999993,40.01250337,-104.951887,1602.6384,42.30624,13.63472,0.0,189.27639821103472
161.29999999999995,40.01249127,-104.9518896,1602.6384,42.30624,13.63472,0.0,189.21602268481456
161.39999999999998,40.01247909,-104.9518922,1602.6384,42.30624,13.679424,0.0,189.21602268481456
161.5,40.0124668,-104.9518948,1602.6384,42.30624,13.768832,0.0,189.21602268481456
161.60000000000002,40.01245457,-104.9518974,1602.6384,42.30624,13.813536,0.0,189.21602268481456
161.69999999999993,40.01244218,-104.9519002,1602.6384,42.2148,13.85824,0.0,189.1564213264841
161.79999999999995,40.01242991,-104.9519028,1602.6384,42.2148,13.902944,0.0,189.1564213264841
162.0,40.01240546,-104.951908,1602.6384,42.2148,13.813536,0.0,189.52343768299428
162.10000000000002,40.01239302,-104.9519106,1602.6384,42.2148,13.85824,0.0,189.52343768299428
162.19999999999993,40.01238068,-104.9519133,1602.6384,42.2148,13.947648,0.0,189.43205502673484
162.29999999999995,40.01236823,-104.9519159,1602.6384,42.30624,13.947648,0.0,189.43205502673484
162.39999999999998,40.01235585,-104.9519186,1602.6384,42.2148,13.992352,0.0,189.43205502673484
162.60000000000002,40.01233021,-104.9519242,1602.6384,42.2148,14.30528,0.0,189.52343768299428
163.10000000000002,40.01226924,-104.9519376,1602.6384,42.2148,13.947648,0.0,189.52343768299428
163.29999999999995,40.01224458,-104.9519432,1602.6384,42.30624,13.813536,-0.089408,189.43205502673484
163.39999999999998,40.01223215,-104.9519459,1602.6384,42.30624,13.947648,-0.089408,189.43205502673484
163.5,40.0122197,-104.9519486,1602.6384,42.30624,14.037056,0.0,189.43205502673484
163.60000000000002,40.01220728,-104.9519514,1602.6384,42.2148,14.037056,0.0,189.43205502673484
163.69999999999993,40.01219469,-104.951954,1602.6384,42.2148,14.08176,0.0,189.43205502673484
163.79999999999995,40.01218222,-104.9519567,1602.6384,42.30624,14.126464,0.0,189.43205502673484
163.89999999999998,40.01216988,-104.9519596,1602.6384,42.30624,13.992352,0.0,189.43205502673484
164.0,40.01215742,-104.9519623,1602.6384,42.30624,13.992352,0.0,189.3720927085791
164.10000000000002,40.01214479,-104.9519649,1602.6384,42.30624,14.126464,0.0,189.3720927085791
164.19999999999993,40.0121323,-104.9519676,1602.6384,42.30624,14.126464,0.0,189.3720927085791
164.29999999999995,40.01211989,-104.9519704,1602.6384,42.2148,14.037056,0.0,189.3720927085791
164.39999999999998,40.01210743,-104.9519731,1602.6384,42.30624,14.037056,0.0,189.43205502673484
164.5,40.01209493,-104.9519759,1602.6384,42.30624,14.08176,0.0,189.43205502673484
164.60000000000002,40.01208251,-104.9519786,1602.6384,42.30624,14.037056,0.0,189.43205502673484
164.69999999999993,40.01207017,-104.9519811,1602.6384,42.30624,13.947648,0.0,189.43205502673484
164.79999999999995,40.01205776,-104.9519837,1602.6384,42.30624,13.947648,0.0,189.43205502673484
164.89999999999998,40.01204544,-104.9519864,1602.6384,42.30624,13.947648,0.0,189.43205502673484
165.0,40.01203307,-104.9519891,1602.6384,42.30624,13.902944,0.0,189.43205502673484
165.10000000000002,40.01201978,-104.951992,1602.6384,42.30624,14.439391999999998,0.0,189.43205502673484
165.19999999999993,40.01200732,-104.9519947,1602.6384,42.30624,14.484096,0.0,189.43205502673484
165.29999999999995,40.01199598,-104.9519973,1602.6384,42.30624,13.4112,0.0,189.43205502673484
165.5,40.01197115,-104.9520026,1602.6384,42.30624,13.590016,0.0,189.43205502673484
165.60000000000002,40.01195876,-104.9520053,1602.6384,42.30624,13.992352,0.0,189.43205502673484
165.69999999999993,40.01194637,-104.9520081,1602.6384,42.30624,13.992352,0.0,189.3720927085791
165.79999999999995,40.01193391,-104.9520108,1602.6384,42.30624,14.037056,0.0,189.3720927085791
165.89999999999998,40.01192149,-104.9520134,1602.6384,42.30624,14.037056,0.0,189.91275144672383
166.0,40.01190898,-104.9520162,1602.6384,42.30624,14.037056,0.0,189.91275144672383
166.10000000000002,40.01189626,-104.9520189,1602.6384,42.30624,14.215872,0.0,189.91275144672383
166.19999999999993,40.01188372,-104.9520217,1602.6384,42.30624,14.215872,0.0,189.91275144672383
166.29999999999995,40.01187119,-104.9520245,1602.6384,42.30624,14.126464,0.0,189.91275144672383
166.39999999999998,40.01185866,-104.9520272,1602.6384,42.2148,14.126464,0.0,189.91275144672383
166.5,40.01184594,-104.9520299,1602.6384,42.2148,14.215872,0.0,189.91275144672383
166.60000000000002,40.01183339,-104.9520327,1602.6384,42.2148,14.260576,0.0,189.85025645370823
166.79999999999995,40.01180825,-104.9520381,1602.6384,42.2148,14.171168,0.0,189.3128812857844
166.89999999999998,40.01179566,-104.9520408,1602.6384,42.2148,14.171168,0.0,189.3128812857844
167.0,40.01178307,-104.9520435,1602.6384,42.2148,14.171168,0.0,189.3128812857844
167.10000000000002,40.01177037,-104.9520465,1602.6384,42.2148,14.260576,0.0,189.3128812857844
167.19999999999993,40.01175776,-104.9520492,1602.6384,42.09288,14.30528,0.0,189.85025645370823
167.29999999999995,40.01174513,-104.9520519,1602.6384,42.09288,14.215872,0.0,189.85025645370823
167.39999999999998,40.01173251,-104.9520546,1602.6384,42.09288,14.215872,0.0,189.85025645370823
167.60000000000002,40.01170702,-104.9520601,1602.6384,42.09288,14.30528,0.0,189.3128812857844
167.69999999999993,40.01169361,-104.9520629,1602.6384,42.09288,14.618208,0.0,189.3720927085791
167.79999999999995,40.01168094,-104.9520656,1602.6384,42.09288,14.662912,0.0,189.3720927085791
167.89999999999998,40.01166934,-104.952068,1602.6384,42.2148,13.679424,0.0,189.3720927085791
168.0,40.01165679,-104.9520707,1602.6384,42.2148,13.590016,0.0,189.0107095468176
168.10000000000002,40.01164436,-104.9520731,1602.6384,42.2148,14.08176,0.0,189.0107095468176
168.19999999999993,40.01163184,-104.9520756,1602.6384,42.2148,14.037056,0.0,188.64860204144665
168.29999999999995,40.01161919,-104.9520778,1602.6384,42.2148,14.126464,-0.089408,188.28579702395373
168.39999999999998,40.01160664,-104.9520801,1602.6384,42.30624,14.126464,-0.089408,187.9223216530007
168.5,40.01159417,-104.9520822,1602.6384,42.30624,14.037056,-0.089408,187.87201500281975
168.60000000000002,40.0115816,-104.9520843,1602.6384,42.30624,14.037056,0.0,187.3289957148227
168.69999999999993,40.01156911,-104.9520864,1602.6384,42.30624,14.037056,0.0,186.966239852492
168.89999999999998,40.01154395,-104.9520902,1602.6384,42.30624,14.037056,0.0,186.23906975504755
169.0,40.01153139,-104.9520919,1602.6384,42.30624,14.08176,0.0,185.6923518838934
169.39999999999998,40.0114812,-104.9520976,1602.6384,42.30624,13.992352,0.0,184.0463372297896
169.5,40.0114685,-104.9520988,1602.6384,42.30624,14.037056,0.0,183.67954923845045
169.60000000000002,40.01145589,-104.9520999,1602.6384,42.30624,14.126464,0.0,183.67954923845045
169.69999999999993,40.01144324,-104.9521007,1602.6384,42.30624,14.08176,0.0,183.3124590022164
169.79999999999995,40.01143061,-104.9521015,1602.6384,42.30624,14.08176,0.0,182.94509631937512
169.89999999999998,40.011418,-104.9521023,1602.6384,42.30624,14.037056,0.0,182.3936069672848
170.0,40.01140538,-104.9521029,1602.6384,42.30624,14.037056,0.0,182.0256943781227
170.10000000000002,40.01139282,-104.9521037,1602.6384,42.30624,14.037056,0.0,182.0256943781227
170.19999999999993,40.0113802,-104.9521042,1602.6384,42.30624,13.992352,0.0,181.65761459510972
170.29999999999995,40.0113667,-104.9521045,1602.6384,42.2148,14.5288,0.0,181.28939790406025
170.39999999999998,40.01135399,-104.9521049,1602.6384,42.30624,14.573504,0.0,181.28939790406025
170.5,40.01134249,-104.9521053,1602.6384,42.30624,13.455904,0.0,180.9210746585506
170.69999999999993,40.01131725,-104.9521056,1602.6384,42.2148,13.63472,0.0,180.3684565253377
170.79999999999995,40.0113047,-104.9521057,1602.6384,42.2148,13.992352,0.0,180.3684565253377
170.89999999999998,40.01129214,-104.9521059,1602.6384,42.30624,13.947648,0.0,180.3684565253377
171.0,40.0112796,-104.9521059,1602.6384,42.30624,13.947648,0.0,180.0
171.10000000000002,40.01126694,-104.9521059,1602.6384,42.30624,13.992352,0.0,180.0
171.19999999999993,40.0112544,-104.9521058,1602.6384,42.30624,14.037056,0.0,180.0
171.29999999999995,40.01124188,-104.952106,1602.6384,42.30624,13.947648,0.0,180.0
171.39999999999998,40.01122936,-104.9521059,1602.6384,42.30624,13.902944,0.0,180.0
171.5,40.01121696,-104.9521056,1602.9432000000002,42.39768,13.85824,0.0,179.6315434746623
171.60000000000002,40.01120444,-104.9521054,1602.9432000000002,42.39768,13.85824,0.0,179.6315434746623
171.69999999999993,40.01119181,-104.952105,1602.6384,42.30624,13.992352,0.0,179.07892534144935
171.79999999999995,40.01117927,-104.9521047,1602.6384,42.30624,13.992352,0.0,179.07892534144935
171.89999999999998,40.01116663,-104.9521043,1602.6384,42.30624,13.992352,0.0,179.07892534144935
172.0,40.01115405,-104.952104,1602.6384,42.30624,14.037056,0.0,179.07892534144935
172.10000000000002,40.01114147,-104.9521036,1602.6384,42.30624,13.992352,0.0,178.71060209593975
172.19999999999993,40.0111289,-104.9521032,1602.6384,42.30624,13.992352,0.0,178.71060209593975
172.29999999999995,40.01111636,-104.9521027,1602.6384,42.30624,13.947648,0.0,178.71060209593975
172.39999999999998,40.01110377,-104.9521022,1602.6384,42.30624,13.992352,0.0,178.34238540489025
172.5,40.01109108,-104.9521017,1602.6384,42.2148,14.08176,0.0,178.34238540489025
172.69999999999993,40.01106602,-104.9521007,1602.6384,42.2148,13.992352,0.0,178.34238540489025
172.79999999999995,40.01105345,-104.9521001,1602.6384,42.2148,13.947648,0.0,178.34238540489025
172.89999999999998,40.01103979,-104.9520996,1602.6384,42.2148,14.618208,0.0,178.34238540489025
173.0,40.01102713,-104.952099,1602.6384,42.09288,14.662912,0.0,178.34238540489025
173.10000000000002,40.01101562,-104.9520985,1602.6384,42.09288,13.455904,0.0,177.9743056218773
173.19999999999993,40.01100309,-104.9520979,1602.6384,42.09288,13.366496,0.0,177.9743056218773
173.29999999999995,40.01099048,-104.9520974,1602.6384,42.09288,13.992352,0.0,177.9743056218773
173.39999999999998,40.01097796,-104.9520968,1602.6384,42.2148,13.947648,0.0,177.9743056218773
173.5,40.01096542,-104.9520961,1602.6384,42.2148,13.947648,0.0,177.9743056218773
173.60000000000002,40.01095291,-104.9520955,1602.6384,42.2148,13.947648,0.0,177.9743056218773
173.69999999999993,40.01094048,-104.9520948,1602.6384,42.2148,13.85824,0.0,177.9743056218773
173.79999999999995,40.01092798,-104.9520941,1602.6384,42.2148,13.85824,0.0,177.96120536073283
173.89999999999998,40.01091539,-104.9520932,1602.6384,42.30624,13.947648,0.0,177.96120536073283
174.0,40.0109029,-104.9520925,1602.6384,42.30624,13.947648,0.0,177.96120536073283
174.10000000000002,40.01089044,-104.9520918,1602.6384,42.30624,13.902944,0.0,177.59091862552782
174.19999999999993,40.01087794,-104.952091,1602.6384,42.30624,13.902944,0.0,177.59091862552782
174.29999999999995,40.01086526,-104.9520904,1602.6384,42.30624,13.992352,0.0,177.59091862552782
174.39999999999998,40.01085275,-104.9520897,1602.6384,42.30624,14.037056,0.0,177.59091862552782
174.5,40.01084025,-104.9520887,1602.6384,42.30624,13.902944,0.0,177.05490368062488
174.60000000000002,40.01082772,-104.9520879,1602.6384,42.30624,13.947648,0.0,177.05490368062488
174.69999999999993,40.01081505,-104.9520871,1602.9432000000002,42.39768,14.037056,-0.089408,177.05490368062488
174.79999999999995,40.01080247,-104.9520862,1602.6384,42.30624,14.037056,0.0,177.60639303271523
174.89999999999998,40.01079001,-104.9520853,1602.6384,42.30624,13.947648,0.312928,177.60639303271523
175.0,40.0107775,-104.9520845,1602.6384,42.2148,13.902944,0.715264,177.59091862552782
175.10000000000002,40.01076491,-104.9520838,1602.6384,42.09288,13.947648,1.1176,177.03587545295625
175.19999999999993,40.01075244,-104.9520829,1602.3336000000002,41.91,13.947648,1.296416,176.66614933846336
175.29999999999995,40.01073998,-104.9520819,1602.3336000000002,41.78808,13.85824,1.296416,175.92756072198074
175.39999999999998,40.01072756,-104.9520806,1602.0288,41.69664,13.85824,1.207008,174.9738895843018
175.5,40.01071449,-104.9520787,1602.0288,41.6052,14.260576,1.207008,174.23397723176345
175.60000000000002,40.01070208,-104.9520768,1601.7240000000002,41.39184000000001,14.260576,0.983488,172.50414236027018
175.69999999999993,40.0106909,-104.9520746,1601.7240000000002,41.3004,13.232384,0.581152,170.4146596675082
175.79999999999995,40.01067886,-104.9520715,1601.7240000000002,41.20896,13.098272,0.312928,168.06290117083734
175.89999999999998,40.01066712,-104.9520678,1601.7240000000002,41.20896,13.545312,0.089408,166.10282368498463
176.0,40.0106556,-104.9520637,1601.4192,41.08704000000001,13.321792,0.089408,164.08125329692894
176.10000000000002,40.01064405,-104.9520592,1601.4192,41.08704000000001,13.321792,0.0,161.8781397520986
176.19999999999993,40.01063318,-104.9520541,1601.4192,41.08704000000001,13.098272,0.0,159.77514056883194
176.29999999999995,40.01062237,-104.9520489,1601.4192,40.9956,12.830048,0.089408,157.77702382372377
176.39999999999998,40.01061223,-104.9520432,1601.4192,40.9956,12.561824,0.312928,156.0803970799226
176.5,40.01060233,-104.9520374,1601.4192,40.90416,12.159488,0.312928,154.31185656435264
176.60000000000002,40.01059304,-104.9520312,1601.4192,40.9956,11.84656,0.22352,152.02052561151982
176.69999999999993,40.01058399,-104.9520247,1601.4192,40.9956,11.533632,0.089408,149.99507912917602
176.79999999999995,40.01057568,-104.9520181,1601.4192,40.9956,11.131296,0.0,147.86539784205024
176.89999999999998,40.01056766,-104.9520113,1601.4192,40.9956,10.684256,0.0,145.75096699318806
177.0,40.01056037,-104.9520045,1601.4192,41.08704000000001,10.28192,0.0,143.3929251873925
177.19999999999993,40.01054734,-104.9519901,1601.7240000000002,41.20896,9.656064,-0.089408,137.97116326195066
177.29999999999995,40.01054115,-104.9519829,1601.7240000000002,41.20896,9.38784,0.0,135.81265159425374
177.39999999999998,40.01053564,-104.9519755,1601.7240000000002,41.3004,8.985504,0.0,133.1118119932591
177.5,40.01053067,-104.9519681,1601.7240000000002,41.3004,8.583167999999999,0.0,130.70013717980794
177.60000000000002,40.01052596,-104.9519606,1601.7240000000002,41.3004,8.314944,0.0,128.06864320168415
177.69999999999993,40.01052164,-104.9519531,1601.7240000000002,41.3004,8.136128,0.0,125.38788524563417
177.79999999999995,40.01051774,-104.9519454,1601.7240000000002,41.20896,7.912608,0.0,121.86597769360368
177.89999999999998,40.01051409,-104.9519377,1601.7240000000002,41.20896,7.733792,0.0,119.28417954854314
178.0,40.010511,-104.9519299,1601.7240000000002,41.3004,7.59968,0.0,115.6410058243053
178.10000000000002,40.01050822,-104.9519215,1601.7240000000002,41.3004,7.644384,0.0,111.54097591853844
178.19999999999993,40.01050591,-104.9519135,1601.7240000000002,41.39184000000001,7.554975999999999,0.0,108.54795810342269
178.29999999999995,40.01050428,-104.9519061,1601.7240000000002,41.39184000000001,6.92912,0.0,105.60083780661552
178.39999999999998,40.01050277,-104.951898,1602.0288,41.51376,6.8397120000000005,0.0,102.21931292321938
178.5,40.01050183,-104.9518897,1601.7240000000002,41.39184000000001,7.1079360000000005,0.089408,99.0475719999007
178.60000000000002,40.01050109,-104.9518814,1602.0288,41.51376,7.15264,0.089408,94.6741637111308
178.69999999999993,40.01050095,-104.951873,1601.7240000000002,41.39184000000001,7.1079360000000005,0.089408,91.80116051572236
178.79999999999995,40.010501,-104.9518646,1601.7240000000002,41.39184000000001,7.15264,0.089408,88.19883948427764
178.89999999999998,40.01050159,-104.9518562,1601.7240000000002,41.39184000000001,7.197344,0.089408,85.32583628886925
179.0,40.01050239,-104.9518477,1601.7240000000002,41.39184000000001,7.242048,0.402336,82.8306370813832
179.10000000000002,40.01050344,-104.9518394,1601.7240000000002,41.3004,7.197344,0.804672,80.36246188706906
179.19999999999993,40.01050477,-104.951831,1601.7240000000002,41.20896,7.242048,0.804672,77.24246783912332
179.29999999999995,40.01050663,-104.9518227,1601.7240000000002,41.20896,7.331455999999999,0.491744,73.72613066530437
179.39999999999998,40.01050887,-104.9518142,1601.7240000000002,41.20896,7.510272,0.22352,70.18852285845298
179.5,40.01051164,-104.9518056,1601.4192,41.08704000000001,7.8232,0.22352,67.40540888336534
179.60000000000002,40.01051467,-104.951797,1601.4192,41.08704000000001,8.002016,0.089408,65.00235266814053
179.69999999999993,40.01051818,-104.9517884,1601.4192,41.08704000000001,8.136128,0.0,62.45920263562721
179.79999999999995,40.01052192,-104.9517798,1601.4192,41.08704000000001,8.359648,0.0,60.02850506792731
179.89999999999998,40.01052581,-104.9517713,1601.4192,41.08704000000001,8.449055999999999,0.0,58.21632406379064
180.10000000000002,40.01053505,-104.9517539,1601.4192,41.08704000000001,8.806688,0.0,54.36449228685365
180.19999999999996,40.01054004,-104.9517453,1601.4192,41.08704000000001,9.074912,0.0,53.01981225069818
180.6,40.01056297,-104.9517101,1601.4192,40.9956,9.700768,0.0,47.1475854282985
180.79999999999995,40.01057612,-104.9516925,1601.4192,40.9956,10.0584,0.0,44.65691560047645
181.0,40.01059033,-104.951675,1601.4192,40.9956,10.684256,0.0,42.842049547842464
181.1,40.01059781,-104.9516662,1601.4192,40.9956,10.95248,0.0,41.74805439963615
181.19999999999996,40.01060547,-104.9516575,1601.4192,40.9956,11.220704,0.0,41.48345250366458
181.29999999999995,40.01061356,-104.9516485,1601.4192,40.9956,11.533632,0.0,40.11881527480966
181.5,40.01063011,-104.9516309,1601.4192,40.9956,11.84656,0.0,38.92754359279229
181.6,40.01063866,-104.9516221,1601.4192,40.9956,11.935968,0.089408,37.93080933610827
181.69999999999996,40.01064735,-104.9516133,1601.4192,40.9956,12.159488,0.402336,37.67147996225356
181.79999999999995,40.01065613,-104.9516046,1601.4192,40.90416,12.248895999999998,0.804672,37.41515580687536
181.9,40.01066517,-104.9515961,1601.4192,40.90416,12.338304,1.1176,36.66002393427647
182.0,40.01067415,-104.9515875,1601.1144000000002,40.812720000000006,12.383008,1.519936,36.28738981999237
182.1,40.01068316,-104.951579,1601.1144000000002,40.59936,12.338304,1.922272,35.70669140060289
182.19999999999996,40.01069229,-104.9515705,1600.8096,40.29456,12.427712,2.279904,35.70669140060289
182.29999999999995,40.0107015,-104.9515621,1600.5048000000002,40.11168,12.472416,2.592832,35.46566805253707
182.4,40.01071085,-104.9515536,1600.2,39.80688,12.606528,2.503424,34.99202019855869
182.5,40.01072023,-104.9515451,1599.8952000000002,39.593520000000005,12.695936,2.01168,34.745835322095786
182.6,40.01072998,-104.9515363,1599.8952000000002,39.41064000000001,12.919455999999998,1.609344,34.78232374360988
183.0,40.01077034,-104.9515011,1599.2856000000002,38.89248,13.4112,0.22352,33.4788398026958
183.1,40.01078075,-104.9514922,1599.2856000000002,38.89248,13.545312,0.089408,32.79241908552649
183.19999999999996,40.01079117,-104.9514836,1599.2856000000002,38.80104,13.768832,0.0,32.26718986879081
183.29999999999995,40.01080241,-104.9514743,1598.9808,38.7096,14.260576,0.0,31.447389779612138
183.4,40.01081305,-104.9514659,1598.9808,38.7096,14.30528,0.0,31.1255171963378
183.6,40.01083357,-104.9514504,1598.9808,38.7096,13.366496,0.0,29.604450746004886
183.69999999999996,40.01084449,-104.9514427,1598.9808,38.7096,13.366496,0.0,29.091168088697543
183.79999999999995,40.01085531,-104.9514351,1598.9808,38.7096,13.724128,0.0,28.08358216799797
183.9,40.01086629,-104.9514276,1598.9808,38.7096,13.724128,0.0,27.749728577211783
184.0,40.0108772,-104.9514204,1598.9808,38.7096,13.679424,0.0,27.153973837973865
184.1,40.010888,-104.9514132,1598.9808,38.7096,13.545312,0.0,26.818197303851377
184.19999999999996,40.01089898,-104.9514062,1599.2856000000002,38.80104,13.545312,0.0,26.310781635465503
184.29999999999995,40.01091011,-104.9513993,1599.2856000000002,38.80104,13.679424,0.0,25.804532399947107
184.4,40.01092117,-104.9513924,1599.2856000000002,38.80104,13.679424,0.0,25.804532399947107
184.5,40.0109321,-104.9513857,1599.2856000000002,38.80104,13.545312,0.0,25.804532399947107
184.6,40.01094319,-104.9513789,1599.2856000000002,38.89248,13.545312,0.0,25.641005824305296
184.69999999999996,40.01095414,-104.951372,1599.2856000000002,38.89248,13.590016,0.0,25.30137862541972
184.79999999999995,40.01096527,-104.9513652,1599.2856000000002,38.89248,13.590016,0.0,25.641005824305296
184.9,40.01097625,-104.9513585,1599.2856000000002,38.89248,13.545312,0.0,25.30137862541972
185.0,40.01098741,-104.9513517,1599.2856000000002,38.89248,13.545312,0.0,25.30137862541972
185.1,40.01099846,-104.951345,1599.2856000000002,38.89248,13.63472,0.0,25.30137862541972
185.19999999999996,40.01100964,-104.9513382,1599.2856000000002,38.89248,13.63472,0.0,25.141326367294084
185.29999999999995,40.01102073,-104.9513316,1599.2856000000002,38.89248,13.63472,0.0,25.30137862541972
185.4,40.01103191,-104.9513247,1599.2856000000002,38.89248,13.63472,0.0,25.141326367294084
185.69999999999996,40.01106549,-104.9513046,1599.2856000000002,39.0144,13.724128,0.0,25.141326367294084
185.79999999999995,40.01107677,-104.9512979,1599.2856000000002,38.89248,13.724128,0.0,24.56717132060129
185.9,40.01108887,-104.9512908,1599.2856000000002,38.89248,14.260576,0.0,24.56717132060129
186.0,40.01110029,-104.9512841,1599.2856000000002,39.0144,14.30528,0.0,24.057349450011717
186.1,40.01111069,-104.9512782,1599.2856000000002,39.0144,13.277088,0.0,24.057349450011717
186.19999999999996,40.01112185,-104.9512718,1599.2856000000002,39.0144,13.098272,-0.402336,23.904043793033964
186.29999999999995,40.01113262,-104.9512654,1599.2856000000002,39.0144,13.366496,-0.402336,23.881276017609025
186.69999999999996,40.01117216,-104.9512433,1599.2856000000002,38.89248,12.204192,0.089408,22.765009107511503
186.79999999999995,40.01118091,-104.9512386,1599.2856000000002,38.80104,11.667744,0.089408,22.217594269518315
186.9,40.01118962,-104.9512339,1599.2856000000002,38.80104,10.50544,0.089408,22.437459474566253
187.0,40.01119753,-104.9512298,1599.2856000000002,38.80104,9.968992,0.089408,21.595310448967663
187.1,40.01120542,-104.9512257,1599.2856000000002,38.80104,9.432544,0.0,21.69217076358899
187.19999999999996,40.0112125,-104.9512222,1599.2856000000002,38.80104,8.9408,0.0,21.51027490097408
187.29999999999995,40.01121937,-104.9512187,1599.2856000000002,38.89248,8.314944,0.0,20.67442476087388
187.4,40.01122559,-104.9512157,1599.2856000000002,38.89248,7.778496,0.0,20.472279519741903
187.5,40.01123161,-104.9512128,1599.2856000000002,38.89248,7.242048,0.0,20.14841414028785
187.6,40.01123699,-104.9512103,1599.2856000000002,38.89248,6.7056,0.0,20.16260399078601
187.69999999999996,40.01124191,-104.9512079,1599.2856000000002,38.89248,6.079744,0.0,19.86704500708663
187.79999999999995,40.01124646,-104.9512059,1599.2856000000002,38.89248,5.588,0.0,19.551995173240584
187.9,40.01125078,-104.9512042,1599.2856000000002,38.89248,5.185664,0.0,19.133643205905457
188.0,40.01125456,-104.9512026,1599.2856000000002,39.0144,4.69392,0.089408,18.434948822922024
188.19999999999996,40.01126072,-104.9512001,1599.2856000000002,39.0144,3.844544,0.0,16.62075691389208
188.4,40.01126544,-104.9511985,1599.5904,39.10584000000001,3.12928,0.0,13.172553423326915
188.5,40.01126741,-104.951198,1599.5904,39.10584000000001,2.592832,0.089408,13.324531261890796
188.6,40.01126881,-104.9511977,1599.5904,39.10584000000001,1.966976,0.089408,9.78240703180728
188.69999999999996,40.01126947,-104.9511976,1599.5904,39.10584000000001,1.162304,0.089408,5.710593137499643
188.79999999999995,40.01127021,-104.9511975,1599.5904,39.10584000000001,0.804672,0.089408,0.0
189.0,40.01127103,-104.9511976,1599.5904,39.10584000000001,0.625856,0.089408,0.0
189.1,40.01127105,-104.9511979,1599.5904,39.10584000000001,0.312928,0.089408,0.0
189.29999999999995,40.01127126,-104.9511982,1599.5904,39.19728,0.0,0.089408,0.0
189.4,40.01127137,-104.9511983,1599.5904,39.19728,0.0,0.089408,0.0
189.5,40.01127127,-104.9511987,1599.5904,39.10584000000001,0.0,0.089408,0.0
189.6,40.01127131,-104.9511988,1599.5904,39.10584000000001,0.0,0.089408,0.0
189.79999999999995,40.0112711,-104.951199,1599.5904,39.10584000000001,0.0,0.22352,0.0
189.9,40.0112707,-104.9511992,1599.2856000000002,39.0144,0.0,0.22352,0.0
190.0,40.01127066,-104.9511993,1599.2856000000002,39.0144,0.0,0.089408,0.0
190.1,40.01127058,-104.9511996,1599.2856000000002,39.0144,0.0,0.089408,0.0
190.19999999999996,40.01127057,-104.9511997,1599.5904,39.10584000000001,0.0,0.089408,0.0
190.29999999999995,40.01127025,-104.9511997,1599.5904,39.19728,0.0,0.089408,0.0
190.4,40.01127023,-104.9511998,1599.5904,39.19728,0.0,0.089408,0.0
190.5,40.01127039,-104.9511998,1599.5904,39.19728,0.0,0.22352,0.0
190.6,40.01127042,-104.9511999,1599.5904,39.288720000000005,0.0,0.22352,0.0
190.69999999999996,40.01127052,-104.9512002,1599.5904,39.288720000000005,0.0,0.22352,0.0
190.79999999999995,40.01127059,-104.9512003,1599.8952000000002,39.41064000000001,0.0,0.22352,0.0
190.9,40.0112706,-104.9512002,1599.8952000000002,39.41064000000001,0.0,0.312928,0.0
191.0,40.01127066,-104.9512003,1599.8952000000002,39.50208,0.0,0.312928,0.0
191.1,40.01127071,-104.9512004,1599.8952000000002,39.50208,0.0,0.312928,0.0
191.19999999999996,40.01127075,-104.9512005,1599.8952000000002,39.593520000000005,0.0,0.312928,0.0
191.29999999999995,40.01127074,-104.9512005,1599.8952000000002,39.50208,0.0,0.402336,0.0
191.4,40.01127076,-104.9512006,1599.8952000000002,39.593520000000005,0.0,0.402336,0.0
191.5,40.01127094,-104.9512006,1599.8952000000002,39.50208,0.0,0.402336,0.0
191.6,40.01127098,-104.9512006,1599.8952000000002,39.50208,0.0,0.402336,0.0
191.69999999999996,40.01127119,-104.9512005,1599.8952000000002,39.41064000000001,0.0,0.402336,0.0
191.79999999999995,40.01127124,-104.9512005,1599.8952000000002,39.41064000000001,0.0,0.402336,0.0
191.9,40.01127128,-104.9512007,1599.8952000000002,39.41064000000001,0.491744,0.402336,0.0
192.0,40.01127132,-104.9512007,1599.8952000000002,39.41064000000001,0.0,0.312928,0.0
192.1,40.0112712,-104.9512006,1599.8952000000002,39.41064000000001,0.491744,0.312928,0.0
192.19999999999996,40.01127121,-104.9512006,1599.8952000000002,39.41064000000001,0.0,0.312928,0.0
192.29999999999995,40.01127143,-104.9512007,1599.8952000000002,39.41064000000001,0.0,0.312928,0.0
192.4,40.01127146,-104.9512007,1599.8952000000002,39.41064000000001,0.0,0.312928,0.0
192.5,40.01127154,-104.9512006,1599.5904,39.288720000000005,0.0,0.312928,0.0
192.6,40.01127158,-104.9512006,1599.5904,39.288720000000005,0.0,0.312928,0.0
192.69999999999996,40.01127166,-104.9512009,1599.5904,39.288720000000005,0.0,0.312928,0.0
192.79999999999995,40.0112717,-104.9512009,1599.5904,39.288720000000005,0.0,0.312928,0.0
192.9,40.01127175,-104.951201,1599.5904,39.19728,0.0,0.312928,0.0
193.0,40.01127176,-104.951201,1599.5904,39.19728,0.0,0.312928,0.0
193.1,40.01127178,-104.9512009,1599.5904,39.10584000000001,0.491744,0.22352,0.0
193.19999999999996,40.01127176,-104.9512009,1599.5904,39.10584000000001,0.0,0.22352,0.0
193.29999999999995,40.0112718,-104.9512009,1599.5904,39.10584000000001,0.0,0.22352,0.0
193.4,40.01127176,-104.9512009,1599.2856000000002,39.0144,0.0,0.22352,0.0
193.5,40.01127169,-104.951201,1599.2856000000002,39.0144,0.0,0.22352,0.0
193.6,40.01127162,-104.9512011,1599.2856000000002,39.0144,0.0,0.089408,0.0
193.69999999999996,40.01127148,-104.9512012,1599.2856000000002,38.89248,0.0,0.089408,0.0
193.79999999999995,40.01127139,-104.9512012,1599.2856000000002,39.0144,0.67056,0.089408,0.0
193.9,40.01127135,-104.9512014,1599.2856000000002,38.89248,0.0,0.089408,0.0
194.0,40.01127125,-104.9512015,1599.2856000000002,38.89248,0.0,0.0,0.0
194.1,40.01127124,-104.9512015,1599.2856000000002,38.89248,0.0,0.0,0.0
194.19999999999996,40.01127113,-104.9512016,1599.2856000000002,38.89248,0.0,0.0,0.0
194.29999999999995,40.01127098,-104.9512018,1599.2856000000002,38.89248,0.0,0.0,0.0
194.4,40.01127088,-104.9512019,1599.2856000000002,38.89248,0.0,0.0,0.0
194.5,40.01127078,-104.951202,1599.2856000000002,38.89248,0.0,0.0,0.0
194.6,40.01127069,-104.9512021,1599.2856000000002,38.80104,0.0,0.0,0.0
194.69999999999996,40.01127061,-104.9512023,1599.2856000000002,38.80104,0.0,0.0,0.0
194.79999999999995,40.01127053,-104.9512024,1599.2856000000002,38.80104,0.0,0.0,0.0
194.9,40.01127043,-104.9512026,1599.2856000000002,38.80104,0.0,0.0,0.0
195.0,40.01127034,-104.9512027,1599.2856000000002,38.80104,0.0,0.0,0.0
195.1,40.01127038,-104.9512027,1599.2856000000002,38.80104,0.0,0.0,0.0
195.19999999999996,40.01127032,-104.9512028,1598.9808,38.7096,0.0,0.0,0.0
195.29999999999995,40.0112702,-104.9512029,1598.9808,38.7096,0.0,0.0,0.0
195.4,40.01127014,-104.9512029,1598.9808,38.7096,0.0,0.0,0.0
195.5,40.01127016,-104.951203,1598.9808,38.7096,0.0,0.0,0.0
195.6,40.01127012,-104.9512031,1598.9808,38.7096,0.0,0.0,0.0
195.69999999999996,40.01127025,-104.9512031,1598.9808,38.7096,0.0,0.0,0.0
195.79999999999995,40.01127023,-104.9512031,1598.9808,38.7096,0.0,0.0,0.0
195.9,40.01127015,-104.9512031,1598.9808,38.7096,0.0,0.0,0.0
196.0,40.01127011,-104.9512032,1598.9808,38.7096,0.0,0.0,0.0
196.1,40.01126999,-104.9512032,1598.9808,38.7096,0.0,0.0,0.0
196.19999999999996,40.01126992,-104.9512032,1599.2856000000002,38.80104,0.0,0.0,0.0
196.29999999999995,40.01126982,-104.9512033,1599.2856000000002,38.80104,0.491744,0.0,0.0
196.4,40.01126975,-104.9512033,1599.2856000000002,38.80104,0.0,0.0,0.0
196.5,40.01126955,-104.9512034,1599.2856000000002,38.80104,0.0,0.0,0.0
196.6,40.01126946,-104.9512034,1599.2856000000002,38.89248,0.0,0.0,0.0
196.69999999999996,40.01126933,-104.9512035,1599.2856000000002,38.89248,0.0,0.0,0.0
196.79999999999995,40.01126925,-104.9512035,1599.2856000000002,38.89248,0.0,-0.089408,0.0
196.9,40.01126917,-104.9512035,1599.2856000000002,39.0144,0.0,-0.089408,0.0
197.0,40.01126912,-104.9512035,1599.2856000000002,39.0144,0.0,-0.22352,0.0
197.1,40.01126919,-104.9512036,1599.2856000000002,39.0144,0.0,-0.312928,0.0
197.19999999999996,40.01126919,-104.9512036,1599.5904,39.10584000000001,0.0,-0.491744,0.0
197.29999999999995,40.01126922,-104.9512033,1599.5904,39.19728,0.0,-0.804672,0.0
197.4,40.01126926,-104.9512033,1599.5904,39.288720000000005,0.0,-1.1176,0.0
197.5,40.01126937,-104.9512033,1599.8952000000002,39.41064000000001,0.0,-1.296416,0.0
197.6,40.01126943,-104.9512033,1599.8952000000002,39.593520000000005,0.0,-1.296416,0.0
197.69999999999996,40.01126956,-104.9512036,1600.2,39.68496,0.0,-1.385824,0.0
197.79999999999995,40.01126961,-104.9512036,1600.2,39.898320000000005,0.0,-1.519936,0.0
197.9,40.0112693,-104.9512033,1600.5048000000002,39.98976,0.491744,-1.609344,90.0
198.0,40.01126927,-104.9512033,1600.5048000000002,40.203120000000006,0.0,-1.922272,0.0
198.1,40.01126957,-104.9512031,1600.8096,40.386,0.0,-2.414016,0.0
198.19999999999996,40.01126952,-104.9512032,1601.1144000000002,40.6908,0.0,-2.90576,0.0
198.29999999999995,40.01126938,-104.9512032,1601.4192,40.9956,0.0,-3.308096,0.0
198.4,40.01126928,-104.9512032,1601.7240000000002,41.3004,0.0,-3.486912,0.0
198.5,40.01126896,-104.9512031,1602.0288,41.69664,0.0,-3.397504,0.0
198.6,40.01126882,-104.9512032,1602.6384,42.09288,0.0,-3.218688,0.0
198.69999999999996,40.0112687,-104.9512035,1602.9432000000002,42.39768,0.0,-2.90576,0.0
198.79999999999995,40.01126857,-104.9512037,1602.9432000000002,42.61104,0.0,-2.592832,0.0
198.9,40.01126852,-104.9512042,1603.248,42.88536,0.67056,-2.190496,0.0
199.0,40.01126839,-104.9512045,1603.5528000000002,43.09872000000001,0.0,-1.78816,0.0
199.1,40.01126788,-104.9512043,1603.8576,43.40352000000001,0.491744,-1.385824,0.0
199.19999999999996,40.01126769,-104.9512046,1603.8576,43.49496,0.0,-0.983488,0.0
199.29999999999995,40.01126749,-104.9512051,1604.1624000000002,43.586400000000005,0.67056,-0.581152,225.0
199.4,40.01126728,-104.9512055,1604.1624000000002,43.70832,0.491744,-0.312928,225.0
199.5,40.01126716,-104.9512054,1604.1624000000002,43.70832,0.0,-0.089408,248.19859051364816
199.6,40.01126697,-104.9512058,1604.1624000000002,43.70832,0.0,0.0,248.19859051364816
199.69999999999996,40.01126665,-104.9512065,1604.1624000000002,43.70832,0.0,0.0,254.05460409907715
199.79999999999995,40.01126654,-104.9512068,1604.1624000000002,43.70832,0.491744,0.0,270.0
199.9,40.01126659,-104.9512074,1604.1624000000002,43.79976,0.67056,0.0,270.0
200.0,40.01126683,-104.9512076,1604.1624000000002,43.79976,0.67056,0.0,344.05460409907715
200.1,40.01126721,-104.9512077,1604.4672,43.891200000000005,0.67056,0.0,0.0
200.19999999999996,40.01126799,-104.9512076,1604.4672,43.891200000000005,0.491744,0.0,0.0
200.29999999999995,40.01126905,-104.9512076,1604.4672,43.891200000000005,0.938784,0.0,4.236394799058814
200.4,40.01127041,-104.9512073,1604.4672,43.891200000000005,1.34112,0.0,8.365886124032613
200.5,40.0112721,-104.951207,1604.4672,43.891200000000005,1.78816,0.0,9.926245506651696
200.6,40.01127404,-104.9512064,1604.4672,43.891200000000005,2.056384,0.0,10.840305454330576
200.69999999999996,40.0112763,-104.9512057,1604.4672,43.891200000000005,2.414016,0.0,14.300277449185614
201.0,40.01128282,-104.9512031,1604.4672,43.891200000000005,2.548128,0.0,18.004161605913396
201.19999999999996,40.01128578,-104.9512017,1604.4672,43.891200000000005,2.2352,0.0,18.434948822922024
201.29999999999995,40.0112871,-104.9512008,1604.1624000000002,43.79976,1.743456,0.089408,17.65012421993015
201.4,40.01128797,-104.9512004,1604.1624000000002,43.79976,1.430528,0.089408,17.35402463626133
201.5,40.01128905,-104.9511999,1604.1624000000002,43.79976,1.162304,0.089408,8.74616226255523
201.69999999999996,40.0112903,-104.9511995,1604.1624000000002,43.79976,0.89408,0.0,0.0
201.79999999999995,40.01129067,-104.9511994,1604.1624000000002,43.79976,0.625856,0.0,0.0
201.9,40.01129135,-104.9511993,1604.1624000000002,43.79976,0.491744,0.0,0.0
202.0,40.01129164,-104.9511993,1604.4672,43.891200000000005,0.67056,0.0,0.0
202.1,40.0112918,-104.9511992,1604.4672,43.891200000000005,0.0,0.0,0.0
202.19999999999996,40.01129201,-104.9511991,1604.4672,43.891200000000005,0.0,0.0,0.0
202.29999999999995,40.01129215,-104.9511991,1604.1624000000002,43.79976,0.0,0.0,0.0
202.4,40.01129232,-104.9511991,1604.1624000000002,43.79976,0.0,0.0,0.0
202.5,40.01129236,-104.9511991,1604.4672,43.891200000000005,0.0,0.0,0.0
202.6,40.01129248,-104.9511991,1604.4672,43.891200000000005,0.0,0.0,0.0
202.69999999999996,40.01129235,-104.9511992,1604.4672,43.891200000000005,0.0,0.0,0.0
202.79999999999995,40.01129242,-104.9511992,1604.4672,43.891200000000005,0.0,0.0,0.0
202.9,40.01129228,-104.9511995,1604.4672,43.891200000000005,0.0,0.0,0.0
203.0,40.01129232,-104.9511996,1604.4672,43.891200000000005,0.0,0.0,0.0
203.1,40.01129215,-104.9511996,1604.4672,43.891200000000005,0.0,0.0,0.0
203.19999999999996,40.01129215,-104.9511996,1604.4672,43.891200000000005,0.0,0.0,0.0
203.29999999999995,40.01129193,-104.9511997,1604.4672,43.891200000000005,0.0,0.0,0.0
203.4,40.0112919,-104.9511997,1604.4672,43.891200000000005,0.0,0.089408,0.0
203.5,40.01129176,-104.9511999,1604.4672,44.01312,0.0,0.0,0.0
203.6,40.01129173,-104.9511999,1604.4672,44.01312,0.0,0.0,0.0
203.69999999999996,40.01129165,-104.9511999,1604.4672,44.01312,0.0,0.0,0.0
203.79999999999995,40.01129162,-104.9511999,1604.4672,44.01312,0.0,0.089408,0.0
203.9,40.01129157,-104.9512,1604.4672,44.01312,0.0,0.0,0.0
204.0,40.01129156,-104.9512,1604.4672,44.01312,0.0,0.089408,0.0
204.19999999999996,40.01129151,-104.9511999,1604.4672,44.01312,0.0,0.089408,0.0
204.29999999999995,40.0112913,-104.9512,1604.4672,44.01312,0.0,0.089408,0.0
204.4,40.01129127,-104.9512,1604.4672,44.01312,0.0,0.089408,0.0
204.5,40.01129131,-104.9512,1604.4672,44.10456,0.0,0.089408,0.0
204.6,40.01129129,-104.9512,1604.4672,44.10456,0.0,0.089408,0.0
204.69999999999996,40.01129132,-104.9512,1604.4672,44.10456,0.0,0.089408,0.0
204.79999999999995,40.01129132,-104.9512,1604.4672,44.10456,0.0,0.089408,0.0
204.9,40.01129138,-104.9512,1604.4672,44.10456,0.0,0.089408,0.0
205.0,40.01129139,-104.9512,1604.4672,44.10456,0.0,0.089408,0.0
205.1,40.01129139,-104.9512001,1604.4672,44.01312,0.0,0.089408,0.0
205.19999999999996,40.01129139,-104.9512001,1604.4672,44.01312,0.491744,0.089408,0.0
205.29999999999995,40.01129137,-104.9512,1604.4672,44.01312,0.0,0.089408,0.0
205.4,40.01129136,-104.9512,1604.4672,44.01312,0.0,0.089408,0.0
205.5,40.01129136,-104.9512,1604.4672,44.01312,0.0,0.089408,0.0
205.6,40.01129135,-104.9511999,1604.4672,44.01312,0.0,0.089408,0.0
205.69999999999996,40.0112915,-104.9512001,1604.4672,44.01312,0.0,0.089408,0.0
205.79999999999995,40.0112915,-104.9512001,1604.4672,44.01312,0.0,0.089408,0.0
205.9,40.01129162,-104.9511999,1604.4672,44.01312,0.0,0.089408,0.0
206.0,40.01129164,-104.9511999,1604.4672,44.01312,0.0,0.089408,0.0
206.1,40.01129162,-104.9511999,1604.4672,43.891200000000005,0.0,0.089408,0.0
206.19999999999996,40.01129163,-104.9511999,1604.4672,44.01312,0.0,0.0,0.0
206.29999999999995,40.01129174,-104.9511997,1604.4672,44.01312,0.0,0.0,0.0
206.4,40.01129174,-104.9511997,1604.4672,43.891200000000005,0.0,0.089408,0.0
206.5,40.01129167,-104.9511997,1604.4672,43.891200000000005,0.0,0.089408,0.0
206.6,40.01129166,-104.9511996,1604.4672,43.891200000000005,0.0,0.089408,0.0
206.69999999999996,40.01129179,-104.9511994,1604.4672,43.891200000000005,0.0,0.089408,0.0
207.0,40.01129184,-104.9511991,1604.4672,43.891200000000005,0.0,0.089408,0.0
207.1,40.01129184,-104.951199,1604.4672,43.891200000000005,0.0,0.0,0.0
207.19999999999996,40.01129186,-104.951199,1604.4672,43.891200000000005,0.0,0.0,0.0
207.29999999999995,40.01129198,-104.9511989,1604.4672,43.891200000000005,0.0,0.0,0.0
207.4,40.011292,-104.9511988,1604.4672,43.891200000000005,0.0,0.0,0.0
207.5,40.01129211,-104.9511987,1604.4672,43.891200000000005,0.0,0.0,0.0
207.69999999999996,40.0112921,-104.9511986,1604.4672,43.891200000000005,0.0,0.089408,0.0
207.79999999999995,40.01129214,-104.9511986,1604.4672,43.891200000000005,0.0,0.089408,0.0
207.9,40.01129224,-104.9511986,1604.4672,43.891200000000005,0.0,0.089408,0.0
208.1,40.0112922,-104.9511987,1604.4672,43.891200000000005,0.0,0.0,0.0
208.19999999999996,40.01129222,-104.9511987,1604.4672,43.891200000000005,0.0,0.0,0.0
208.29999999999995,40.01129216,-104.9511987,1604.4672,44.01312,0.0,0.0,0.0
208.4,40.01129217,-104.9511988,1604.4672,44.01312,0.0,0.0,0.0
208.5,40.01129213,-104.9511987,1604.4672,44.01312,0.0,0.0,0.0
208.6,40.01129214,-104.9511988,1604.4672,44.01312,0.0,0.089408,0.0
208.69999999999996,40.01129211,-104.9511989,1604.4672,44.01312,0.0,0.089408,0.0
208.79999999999995,40.01129212,-104.9511989,1604.4672,44.01312,0.491744,0.089408,0.0
208.9,40.01129211,-104.951199,1604.4672,44.01312,0.0,0.089408,0.0
209.0,40.01129212,-104.951199,1604.4672,44.01312,0.0,0.089408,0.0
209.1,40.0112921,-104.9511989,1604.4672,44.01312,0.0,0.089408,0.0
209.19999999999996,40.0112921,-104.9511989,1604.4672,44.01312,0.0,0.089408,0.0
209.29999999999995,40.01129208,-104.951199,1604.4672,44.01312,0.0,0.089408,0.0
209.4,40.01129207,-104.951199,1604.4672,44.01312,0.0,0.089408,0.0
209.5,40.01129207,-104.951199,1604.4672,44.01312,0.0,0.089408,0.0
209.6,40.01129206,-104.951199,1604.4672,44.01312,0.0,0.089408,0.0
209.69999999999996,40.01129221,-104.951199,1604.4672,44.01312,0.0,0.089408,0.0
209.79999999999995,40.01129222,-104.9511989,1604.4672,44.01312,0.0,0.089408,0.0
209.9,40.01129221,-104.9511989,1604.4672,44.01312,0.0,0.089408,0.0
210.0,40.01129222,-104.9511989,1604.4672,44.01312,0.0,0.089408,0.0
210.1,40.01129222,-104.9511988,1604.4672,44.10456,0.0,0.0,0.0
210.19999999999996,40.01129225,-104.9511987,1604.4672,44.10456,0.0,0.0,0.0
210.29999999999995,40.01129225,-104.9511988,1604.4672,44.10456,0.0,-0.089408,0.0
210.4,40.01129228,-104.9511988,1604.4672,44.10456,0.0,-0.089408,0.0
210.5,40.01129241,-104.9511987,1604.7720000000002,44.196000000000005,0.0,-0.089408,0.0
210.6,40.01129244,-104.9511986,1604.7720000000002,44.196000000000005,0.0,-0.089408,0.0
210.69999999999996,40.01129251,-104.9511987,1604.7720000000002,44.196000000000005,0.0,-0.089408,0.0
210.79999999999995,40.01129254,-104.9511986,1604.7720000000002,44.196000000000005,0.0,-0.089408,0.0
210.9,40.01129246,-104.9511985,1604.7720000000002,44.28744,0.0,-0.089408,0.0
211.0,40.01129248,-104.9511985,1604.7720000000002,44.28744,0.0,-0.089408,0.0
211.1,40.01129258,-104.9511984,1604.7720000000002,44.28744,0.0,-0.089408,0.0
211.19999999999996,40.0112926,-104.9511984,1604.7720000000002,44.40936,0.0,-0.089408,0.0
211.29999999999995,40.01129269,-104.9511982,1604.7720000000002,44.40936,0.0,-0.22352,0.0
211.4,40.01129271,-104.9511982,1605.0768,44.500800000000005,0.0,-0.312928,0.0
211.5,40.01129264,-104.9511982,1605.0768,44.500800000000005,0.0,-0.402336,0.0
211.6,40.01129264,-104.9511982,1605.0768,44.59224,0.0,-0.491744,0.0
211.69999999999996,40.01129273,-104.9511983,1605.0768,44.59224,0.0,-0.491744,0.0
211.79999999999995,40.01129272,-104.9511983,1605.0768,44.71416,0.0,-0.491744,0.0
211.9,40.01129282,-104.9511985,1605.3816000000002,44.805600000000005,0.0,-0.491744,0.0
212.0,40.01129282,-104.9511985,1605.3816000000002,44.805600000000005,0.0,-0.402336,0.0
212.1,40.01129265,-104.9511986,1605.3816000000002,44.89704,0.0,-0.402336,0.0
212.19999999999996,40.01129264,-104.9511986,1605.3816000000002,44.98848,0.0,-0.402336,0.0
212.29999999999995,40.01129252,-104.9511986,1605.3816000000002,44.98848,0.0,-0.402336,0.0
212.4,40.0112925,-104.9511986,1605.3816000000002,45.110400000000006,0.0,-0.491744,0.0
212.5,40.01129255,-104.9511984,1605.6864,45.20184,0.0,-0.491744,0.0
212.6,40.01129254,-104.9511984,1605.6864,45.20184,0.0,-0.491744,0.0
212.69999999999996,40.01129257,-104.9511987,1605.6864,45.29328,0.0,-0.491744,0.0
212.79999999999995,40.01129256,-104.9511987,1605.6864,45.415200000000006,0.0,-0.491744,0.0
212.9,40.01129242,-104.9511985,1605.6864,45.415200000000006,0.491744,-0.491744,0.0
213.0,40.0112924,-104.9511985,1605.6864,45.415200000000006,0.0,-0.715264,0.0
213.1,40.01129232,-104.9511985,1605.9912000000002,45.59808,0.0,-1.1176,0.0
213.19999999999996,40.01129232,-104.9511986,1605.9912000000002,45.68952,0.0,-1.519936,0.0
213.29999999999995,40.01129242,-104.9511987,1606.296,45.90288,0.0,-2.01168,0.0
213.4,40.01129245,-104.9511987,1606.6008000000002,46.20768,0.0,-2.592832,0.0
213.5,40.01129233,-104.9511994,1606.9056,46.51248,0.67056,-3.218688,0.0
213.6,40.01129235,-104.9511995,1607.2104000000002,46.90872,0.491744,-3.621024,0.0
213.69999999999996,40.01129233,-104.9511993,1607.5152,47.21352,0.0,-3.79984,0.0
213.79999999999995,40.01129232,-104.9511993,1608.1248,47.60976,0.0,-3.889248,90.0
213.9,40.01129256,-104.9511991,1608.4296000000002,47.91456,0.0,-4.02336,45.0
214.0,40.01129254,-104.9511991,1608.7344,48.3108,0.0,-4.02336,90.0
214.1,40.0112924,-104.9511989,1609.0392000000002,48.707040000000006,0.0,-3.889248,45.0
214.19999999999996,40.01129232,-104.951199,1609.6488000000002,49.10328,0.0,-3.710432,90.0
214.29999999999995,40.01129225,-104.951199,1609.9536,49.49952,0.0,-3.397504,90.0
214.4,40.01129213,-104.9511991,1610.2584000000002,49.80432,0.0,-2.995168,0.0
214.5,40.01129156,-104.9511993,1610.5632,50.10912,0.0,-2.592832,0.0
214.69999999999996,40.0112923,-104.9511991,1610.8680000000002,50.50536,0.0,-1.6987519999999998,0.0
214.79999999999995,40.01129218,-104.9511993,1611.1728,50.5968,0.0,-1.296416,0.0
214.9,40.0112923,-104.9511996,1611.1728,50.81016,0.0,-0.804672,270.0
215.0,40.01129218,-104.9511999,1611.1728,50.81016,0.0,-0.491744,270.0
215.1,40.01129172,-104.9512003,1611.4776000000002,50.99304000000001,0.67056,-0.312928,248.19859051364816
215.19999999999996,40.01129154,-104.9512006,1611.4776000000002,50.99304000000001,0.67056,-0.22352,225.0
215.29999999999995,40.01129118,-104.9512011,1611.4776000000002,50.99304000000001,0.67056,-0.22352,215.5376777919744
215.4,40.01129102,-104.9512014,1611.4776000000002,51.11496,0.67056,-0.312928,225.0
215.5,40.01129054,-104.9512019,1611.7824,51.2064,0.491744,-0.402336,215.5376777919744
215.6,40.01129046,-104.951202,1611.7824,51.2064,0.67056,-0.491744,225.0
215.69999999999996,40.01129003,-104.9512024,1611.7824,51.29784000000001,0.0,-0.491744,201.80140948635184
215.79999999999995,40.01129004,-104.9512023,1611.7824,51.38928,0.0,-0.581152,180.0
215.9,40.01129004,-104.9512024,1611.7824,51.5112,0.0,-0.581152,0.0
216.0,40.01129018,-104.9512023,1612.0872000000002,51.60264000000001,0.0,-0.491744,0.0
216.1,40.01129023,-104.951202,1612.0872000000002,51.69408,0.0,-0.491744,0.0
216.19999999999996,40.01129048,-104.9512017,1612.0872000000002,51.69408,0.0,-0.402336,45.0
216.29999999999995,40.01129063,-104.9512016,1612.0872000000002,51.785520000000005,0.0,-0.312928,35.537677791974374
216.4,40.01129112,-104.9512011,1612.0872000000002,51.785520000000005,0.67056,-0.22352,32.47119229084848
216.5,40.01129185,-104.9512004,1612.392,51.90744000000001,0.67056,-0.22352,34.508522987668414
216.6,40.01129265,-104.9511996,1612.392,51.90744000000001,1.162304,-0.089408,35.83765295427827
216.69999999999996,40.01129367,-104.9511988,1612.392,51.90744000000001,1.34112,-0.22352,36.0273733851036
216.79999999999995,40.01129472,-104.9511979,1612.392,51.90744000000001,1.34112,-0.22352,32.61924307119284
216.9,40.01129574,-104.9511971,1612.392,51.99888,1.34112,-0.22352,32.61924307119284
217.0,40.01129691,-104.9511961,1612.392,51.99888,1.34112,-0.22352,30.65066795705286
217.1,40.01129808,-104.9511952,1612.392,51.99888,1.519936,-0.312928,24.145541960421667
217.19999999999996,40.01129935,-104.9511945,1612.392,52.090320000000006,1.519936,-0.402336,20.77225468204585
217.29999999999995,40.01130053,-104.9511937,1612.392,52.090320000000006,1.519936,-0.402336,16.189206257026967
217.4,40.01130186,-104.9511933,1612.6968000000002,52.21224000000001,1.519936,-0.402336,9.16234704572173
217.6,40.01130476,-104.9511926,1612.6968000000002,52.21224000000001,1.609344,-0.402336,0.0
217.69999999999996,40.01130639,-104.9511925,1612.6968000000002,52.30368,1.654048,-0.402336,356.98721249581666
217.79999999999995,40.01130796,-104.9511928,1612.6968000000002,52.30368,1.78816,-0.491744,349.56252464888183
218.0,40.01131131,-104.951194,1612.6968000000002,52.395120000000006,1.877568,-0.581152,339.590117166196
218.1,40.0113132,-104.9511949,1612.6968000000002,52.395120000000006,2.056384,-0.581152,336.0375110254218
218.19999999999996,40.0113151,-104.9511963,1613.0016,52.48656,2.369312,-0.581152,330.1240073083106
218.29999999999995,40.01131719,-104.9511978,1613.0016,52.60848,2.503424,-0.581152,327.68038349181984
218.4,40.01131925,-104.9511996,1613.0016,52.60848,2.726944,-0.402336,324.7824070318073
218.5,40.01132124,-104.9512016,1613.0016,52.699920000000006,2.816352,-0.402336,324.86580694308435
218.6,40.01132337,-104.9512039,1613.0016,52.699920000000006,2.90576,-0.312928,321.4698199851732
218.69999999999996,40.01132569,-104.9512065,1613.0016,52.699920000000006,3.218688,-0.312928,320.1944289077348
218.79999999999995,40.01132786,-104.951209,1613.3064000000002,52.79136,3.308096,-0.312928,318.9646547228561
218.9,40.01132981,-104.9512115,1613.3064000000002,52.79136,3.12928,-0.312928,317.33730585912383
219.0,40.0113319,-104.9512141,1613.3064000000002,52.91328,3.12928,-0.312928,317.33730585912383
219.1,40.01133413,-104.9512165,1613.3064000000002,52.91328,3.173984,-0.312928,317.33730585912383
219.19999999999996,40.01133616,-104.951219,1613.3064000000002,52.91328,3.12928,-0.312928,316.19348942398204
219.29999999999995,40.0113382,-104.9512218,1613.3064000000002,53.004720000000006,3.218688,-0.312928,316.19348942398204
219.4,40.01134016,-104.9512243,1613.3064000000002,53.004720000000006,3.12928,-0.22352,316.2453642667683
219.5,40.01134218,-104.951227,1613.3064000000002,53.004720000000006,3.084576,-0.089408,316.2453642667683
219.6,40.01134408,-104.9512294,1613.6112,53.09616,3.084576,0.0,316.2453642667683
219.69999999999996,40.01134597,-104.9512319,1613.6112,53.09616,2.995168,0.0,316.30195267257886
219.79999999999995,40.01134783,-104.9512342,1613.6112,53.09616,2.90576,0.0,316.30195267257886
219.9,40.01134988,-104.9512367,1613.6112,53.09616,2.995168,0.0,318.3664606634298
220.0,40.01135177,-104.9512388,1613.6112,53.09616,2.90576,0.0,321.0440921622411
220.1,40.01135386,-104.9512411,1613.6112,53.09616,2.90576,0.0,321.0440921622411
220.19999999999996,40.01135588,-104.9512431,1613.6112,53.09616,2.90576,0.0,323.6955028774248
220.29999999999995,40.01135804,-104.951245,1613.6112,53.09616,2.90576,0.0,326.30993247402023
220.4,40.0113603,-104.9512467,1613.6112,53.09616,2.90576,0.0,332.6222972286683
220.5,40.01136252,-104.9512483,1613.6112,53.09616,2.90576,0.0,335.037210169193
220.6,40.01136504,-104.9512497,1613.6112,53.1876,2.90576,0.0,338.355564859286
220.69999999999996,40.01136773,-104.9512509,1613.6112,53.1876,3.084576,0.0,341.3010171958189
220.79999999999995,40.01137053,-104.951252,1613.6112,53.1876,3.173984,0.0,345.3791260113683
220.9,40.01137328,-104.9512529,1613.6112,53.1876,3.218688,0.0,347.4711922908485
221.0,40.01137631,-104.9512537,1613.6112,53.1876,3.218688,0.0,350.0361958100928
221.19999999999996,40.01138272,-104.9512548,1613.6112,53.1876,3.531616,0.0,353.418055344822
221.29999999999995,40.01138586,-104.9512552,1613.6112,53.1876,3.57632,0.0,354.87180895814714
221.4,40.01138909,-104.9512556,1613.6112,53.09616,3.531616,0.0,354.87180895814714
221.69999999999996,40.01139825,-104.9512565,1613.6112,53.09616,3.442208,0.0,356.13453883014824
221.79999999999995,40.0114012,-104.9512568,1613.6112,53.09616,3.3528,0.0,355.8553762588957
221.9,40.01140426,-104.9512569,1613.6112,53.09616,3.3528,0.0,355.7321066997092
222.1,40.01140916,-104.9512571,1613.6112,53.09616,2.950464,0.0,357.75425743410494
222.19999999999996,40.01141107,-104.9512572,1613.6112,53.09616,2.548128,0.0,357.33699923393283
222.29999999999995,40.01141297,-104.9512572,1613.6112,53.09616,2.101088,0.0,0.0
222.4,40.01141418,-104.9512572,1613.6112,53.09616,1.78816,0.0,0.0
222.5,40.01141522,-104.9512572,1613.6112,53.09616,1.34112,0.0,0.0
222.6,40.01141593,-104.9512572,1613.6112,53.1876,0.938784,0.0,0.0
222.69999999999996,40.01141655,-104.9512571,1613.6112,53.1876,0.67056,0.0,0.0
222.79999999999995,40.01141697,-104.951257,1613.6112,53.1876,0.67056,0.0,0.0
222.9,40.01141737,-104.9512571,1613.6112,53.1876,0.0,0.0,0.0
223.0,40.01141763,-104.9512571,1613.6112,53.1876,0.0,0.0,0.0
223.1,40.01141784,-104.951257,1613.6112,53.1876,0.0,0.0,0.0
223.19999999999996,40.01141801,-104.951257,1613.6112,53.1876,0.67056,0.0,0.0
223.29999999999995,40.01141791,-104.951257,1613.6112,53.1876,0.491744,0.0,0.0
223.5,40.01141794,-104.9512571,1613.6112,53.1876,0.312928,0.0,0.0
223.6,40.01141797,-104.9512571,1613.6112,53.1876,0.0,0.0,0.0
223.69999999999996,40.01141784,-104.951257,1613.6112,53.1876,0.0,0.0,0.0
223.79999999999995,40.01141784,-104.9512571,1613.6112,53.309520000000006,0.0,0.0,0.0
223.9,40.01141759,-104.9512571,1613.6112,53.309520000000006,0.0,0.0,0.0
224.0,40.01141755,-104.9512571,1613.6112,53.309520000000006,0.0,0.0,0.0
224.19999999999996,40.01141737,-104.9512571,1613.6112,53.309520000000006,0.0,0.0,0.0
224.29999999999995,40.01141704,-104.9512572,1613.6112,53.309520000000006,0.312928,0.089408,0.0
224.4,40.01141701,-104.9512572,1613.6112,53.309520000000006,0.0,0.0,0.0
224.5,40.01141704,-104.9512573,1613.6112,53.309520000000006,0.491744,0.0,0.0
224.6,40.01141702,-104.9512573,1613.9160000000002,53.40096,0.0,0.0,0.0
224.79999999999995,40.01141692,-104.9512574,1613.9160000000002,53.40096,0.0,0.089408,0.0
224.9,40.01141666,-104.9512575,1613.9160000000002,53.40096,0.0,0.089408,0.0
225.0,40.01141659,-104.9512576,1613.9160000000002,53.40096,0.0,0.089408,0.0
225.1,40.01141666,-104.9512576,1613.9160000000002,53.40096,0.0,0.089408,0.0
225.19999999999996,40.01141659,-104.9512577,1613.9160000000002,53.40096,0.0,0.089408,0.0
225.29999999999995,40.01141639,-104.9512577,1613.6112,53.309520000000006,0.0,0.089408,0.0
225.4,40.01141633,-104.9512578,1613.6112,53.309520000000006,0.0,0.089408,0.0
225.5,40.01141635,-104.9512578,1613.6112,53.309520000000006,0.0,0.089408,0.0
225.6,40.0114163,-104.9512577,1613.6112,53.309520000000006,0.0,0.089408,0.0
225.69999999999996,40.01141644,-104.9512578,1613.6112,53.309520000000006,0.0,0.089408,0.0
225.79999999999995,40.01141641,-104.9512578,1613.6112,53.309520000000006,0.0,0.089408,0.0
225.9,40.01141647,-104.9512579,1613.6112,53.1876,0.0,0.089408,0.0
226.0,40.01141645,-104.9512579,1613.6112,53.1876,0.0,0.0,0.0
226.1,40.01141651,-104.9512579,1613.6112,53.1876,0.0,0.0,0.0
226.19999999999996,40.01141651,-104.9512579,1613.6112,53.1876,0.491744,0.0,0.0
226.29999999999995,40.01141641,-104.9512579,1613.6112,53.1876,0.0,0.0,0.0
226.4,40.01141639,-104.9512579,1613.6112,53.1876,0.0,0.0,0.0
226.5,40.0114164,-104.951258,1613.6112,53.1876,0.0,0.0,0.0
226.69999999999996,40.01141639,-104.951258,1613.6112,53.09616,0.0,0.089408,0.0
226.79999999999995,40.01141638,-104.951258,1613.6112,53.09616,0.0,0.0,0.0
226.9,40.0114163,-104.951258,1613.6112,53.09616,0.0,0.0,0.0
227.0,40.0114163,-104.951258,1613.6112,53.09616,0.0,0.0,0.0
227.1,40.01141638,-104.9512578,1613.6112,53.09616,0.0,0.0,0.0
227.19999999999996,40.01141639,-104.9512578,1613.6112,53.09616,0.0,0.0,0.0
227.29999999999995,40.01141641,-104.9512578,1613.6112,53.09616,0.0,0.0,0.0
227.9,40.0114164,-104.9512579,1613.6112,53.1876,0.0,0.0,0.0
228.0,40.01141639,-104.9512579,1613.6112,53.1876,0.0,0.0,0.0
228.1,40.01141627,-104.9512581,1613.6112,53.1876,0.0,0.0,0.0
228.19999999999996,40.01141622,-104.9512581,1613.6112,53.1876,0.0,0.0,0.0
228.29999999999995,40.01141622,-104.951258,1613.6112,53.1876,0.0,0.0,0.0
228.4,40.01141614,-104.9512581,1613.6112,53.1876,0.0,0.0,0.0
228.5,40.01141598,-104.9512582,1613.6112,53.1876,0.0,0.0,0.0
228.6,40.01141588,-104.9512582,1613.6112,53.1876,0.0,0.0,0.0
228.69999999999996,40.01141584,-104.9512583,1613.6112,53.1876,0.0,0.0,0.0
228.79999999999995,40.01141577,-104.9512583,1613.6112,53.1876,0.0,0.0,0.0
228.9,40.01141571,-104.9512583,1613.6112,53.309520000000006,0.0,0.0,0.0
229.0,40.01141569,-104.9512583,1613.6112,53.1876,0.0,0.0,0.0
229.1,40.01141564,-104.9512584,1613.6112,53.309520000000006,0.0,0.0,0.0
229.19999999999996,40.01141562,-104.9512584,1613.6112,53.309520000000006,0.0,0.0,0.0
229.29999999999995,40.01141557,-104.9512584,1613.6112,53.309520000000006,0.0,0.0,0.0
229.4,40.01141551,-104.9512584,1613.6112,53.309520000000006,0.0,0.0,0.0
229.6,40.01141531,-104.9512583,1613.6112,53.309520000000006,0.0,0.0,0.0
229.69999999999996,40.01141526,-104.9512583,1613.6112,53.309520000000006,0.0,0.0,0.0
230.0,40.01141506,-104.9512583,1613.6112,53.309520000000006,0.0,0.0,0.0
230.1,40.01141509,-104.9512581,1613.6112,53.309520000000006,0.0,0.089408,0.0
230.19999999999996,40.0114151,-104.9512581,1613.6112,53.309520000000006,0.0,0.0,0.0
230.29999999999995,40.01141506,-104.9512581,1613.6112,53.309520000000006,0.0,0.0,0.0
230.4,40.01141508,-104.9512581,1613.6112,53.309520000000006,0.0,0.0,0.0
230.5,40.01141511,-104.951258,1613.9160000000002,53.40096,0.0,0.0,0.0
230.6,40.01141513,-104.951258,1613.9160000000002,53.40096,0.0,0.0,0.0
230.69999999999996,40.01141526,-104.951258,1613.9160000000002,53.40096,0.0,0.0,0.0
230.79999999999995,40.01141531,-104.951258,1613.9160000000002,53.40096,0.0,0.089408,0.0
230.9,40.01141541,-104.9512579,1613.9160000000002,53.40096,0.0,0.089408,0.0
231.0,40.01141545,-104.9512578,1613.9160000000002,53.40096,0.0,0.089408,0.0
231.1,40.01141536,-104.9512577,1613.6112,53.309520000000006,0.0,0.089408,0.0
231.19999999999996,40.01141541,-104.9512576,1613.6112,53.309520000000006,0.0,0.089408,0.0
231.29999999999995,40.01141552,-104.9512575,1613.6112,53.309520000000006,0.0,0.089408,0.0
231.4,40.01141558,-104.9512574,1613.6112,53.309520000000006,0.0,0.089408,0.0
231.5,40.01141565,-104.9512574,1613.6112,53.309520000000006,0.0,0.089408,0.0
231.79999999999995,40.01141563,-104.9512573,1613.6112,53.1876,0.0,0.089408,0.0
231.9,40.01141564,-104.9512575,1613.6112,53.1876,0.0,0.0,0.0
232.0,40.01141562,-104.9512576,1613.6112,53.309520000000006,0.0,0.0,0.0
232.1,40.01141544,-104.9512577,1613.6112,53.309520000000006,0.0,0.0,0.0
232.19999999999996,40.01141541,-104.9512578,1613.6112,53.309520000000006,0.0,0.0,0.0
232.4,40.01141547,-104.9512579,1613.6112,53.309520000000006,0.0,0.0,0.0
232.69999999999996,40.01141537,-104.9512582,1613.6112,53.309520000000006,0.0,0.0,0.0
232.79999999999995,40.01141535,-104.9512582,1613.6112,53.309520000000006,0.0,0.0,0.0
232.9,40.01141525,-104.9512583,1613.6112,53.309520000000006,0.0,0.0,0.0
233.0,40.01141521,-104.9512584,1613.6112,53.309520000000006,0.0,0.089408,0.0
233.1,40.01141528,-104.9512584,1613.6112,53.309520000000006,0.0,0.0,0.0
233.19999999999996,40.01141525,-104.9512585,1613.6112,53.309520000000006,0.0,0.0,0.0
233.29999999999995,40.01141531,-104.9512584,1613.6112,53.309520000000006,0.0,0.0,0.0
233.4,40.01141529,-104.9512584,1613.6112,53.309520000000006,0.0,0.0,0.0
233.9,40.01141524,-104.9512585,1613.6112,53.309520000000006,0.0,0.089408,0.0
234.0,40.01141523,-104.9512584,1613.6112,53.309520000000006,0.0,0.089408,0.0
234.1,40.01141526,-104.9512584,1613.6112,53.309520000000006,0.0,0.0,0.0
234.19999999999996,40.01141526,-104.9512584,1613.6112,53.309520000000006,0.0,0.089408,0.0
234.29999999999995,40.01141528,-104.9512584,1613.6112,53.309520000000006,0.0,0.0,0.0
234.4,40.01141529,-104.9512584,1613.6112,53.309520000000006,0.491744,0.0,0.0
234.5,40.0114153,-104.9512583,1613.6112,53.309520000000006,0.0,0.0,0.0
234.6,40.0114153,-104.9512583,1613.6112,53.309520000000006,0.0,0.089408,0.0
234.69999999999996,40.01141528,-104.9512582,1613.6112,53.309520000000006,0.0,0.0,0.0
234.79999999999995,40.01141528,-104.9512582,1613.6112,53.309520000000006,0.0,0.0,0.0
234.9,40.01141527,-104.9512582,1613.6112,53.309520000000006,0.0,0.0,0.0
235.0,40.01141528,-104.9512582,1613.6112,53.309520000000006,0.0,0.0,0.0
235.1,40.01141515,-104.9512582,1613.6112,53.309520000000006,0.0,0.0,0.0
235.19999999999996,40.01141514,-104.9512582,1613.6112,53.309520000000006,0.0,0.0,0.0
235.29999999999995,40.01141514,-104.9512582,1613.6112,53.309520000000006,0.0,0.0,0.0
235.4,40.01141514,-104.9512582,1613.6112,53.309520000000006,0.0,0.0,0.0
235.5,40.01141501,-104.9512583,1613.6112,53.309520000000006,0.0,0.0,0.0
235.6,40.011415,-104.9512582,1613.6112,53.309520000000006,0.0,0.0,0.0
235.69999999999996,40.01141505,-104.9512582,1613.6112,53.309520000000006,0.0,0.0,0.0
235.79999999999995,40.01141505,-104.9512582,1613.6112,53.309520000000006,0.0,0.089408,0.0
235.9,40.01141505,-104.9512582,1613.6112,53.309520000000006,0.0,0.0,0.0
236.0,40.01141504,-104.9512582,1613.6112,53.309520000000006,0.0,0.0,0.0
236.1,40.01141503,-104.9512582,1613.9160000000002,53.40096,0.0,0.0,0.0
236.19999999999996,40.01141502,-104.9512582,1613.6112,53.309520000000006,0.0,0.0,0.0
236.29999999999995,40.01141501,-104.9512581,1613.9160000000002,53.40096,0.0,0.0,0.0
236.4,40.01141499,-104.9512581,1613.9160000000002,53.40096,0.0,0.0,0.0
236.5,40.01141499,-104.9512581,1613.9160000000002,53.40096,0.0,0.0,0.0
236.6,40.01141496,-104.9512581,1613.9160000000002,53.40096,0.0,0.0,0.0
236.69999999999996,40.01141499,-104.9512581,1613.9160000000002,53.40096,0.491744,-0.089408,0.0
236.79999999999995,40.01141498,-104.9512581,1613.9160000000002,53.4924,0.0,-0.22352,0.0
237.0,40.01141516,-104.951258,1613.9160000000002,53.4924,0.0,-0.402336,0.0
237.1,40.01141498,-104.9512583,1613.9160000000002,53.614320000000006,0.0,-0.402336,0.0
237.19999999999996,40.01141493,-104.9512584,1613.9160000000002,53.614320000000006,0.0,-0.491744,0.0
237.4,40.01141505,-104.9512585,1614.2208,53.7972,0.0,-0.491744,0.0
237.5,40.01141465,-104.9512586,1614.2208,53.7972,0.0,-0.491744,0.0
237.69999999999996,40.01141456,-104.9512586,1614.5256000000002,54.01056,0.0,-0.581152,0.0
237.79999999999995,40.0114145,-104.9512587,1614.5256000000002,54.102,0.0,-0.804672,0.0
237.9,40.01141449,-104.9512589,1614.5256000000002,54.19344000000001,0.0,-0.89408,0.0
238.0,40.01141446,-104.951259,1614.8304,54.28488,0.0,-0.89408,0.0
238.1,40.01141444,-104.951259,1614.8304,54.4068,0.0,-0.983488,0.0
238.19999999999996,40.01141441,-104.9512591,1614.8304,54.49824,0.0,-0.89408,0.0
238.29999999999995,40.01141421,-104.9512591,1615.1352000000002,54.58968,0.0,-0.89408,0.0
238.4,40.01141418,-104.9512592,1615.1352000000002,54.7116,0.0,-0.804672,0.0
238.6,40.01141398,-104.9512598,1615.44,54.89448,0.312928,-0.804672,0.0
238.79999999999995,40.0114141,-104.9512597,1615.44,55.10784,0.0,-0.804672,0.0
238.9,40.01141399,-104.95126,1615.7448000000002,55.19928,0.0,-0.804672,0.0
239.0,40.01141397,-104.9512601,1615.7448000000002,55.29072000000001,0.0,-0.804672,0.0
239.1,40.01141401,-104.9512602,1615.7448000000002,55.41264,0.0,-0.581152,0.0
239.29999999999995,40.01141388,-104.9512606,1616.0496,55.59552000000001,0.0,-0.715264,0.0
239.4,40.01141385,-104.9512607,1616.0496,55.59552000000001,0.0,-0.89408,0.0
239.5,40.01141403,-104.9512604,1616.3544000000002,55.80888,0.0,-0.983488,0.0
239.6,40.01141401,-104.9512605,1616.3544000000002,55.90032000000001,0.0,-1.1176,0.0
239.69999999999996,40.01141401,-104.9512607,1616.3544000000002,55.99176,0.0,-1.207008,0.0
239.79999999999995,40.01141399,-104.9512608,1616.6592,56.20512000000001,0.0,-1.296416,0.0
239.9,40.01141388,-104.9512609,1616.6592,56.29656,0.0,-1.207008,0.0
240.0,40.01141386,-104.9512609,1616.9640000000002,56.388000000000005,0.0,-1.1176,0.0
240.1,40.01141377,-104.9512609,1616.9640000000002,56.50992,0.0,-0.983488,0.0
240.19999999999996,40.01141375,-104.9512609,1616.9640000000002,56.60136,0.0,-0.983488,0.0
240.29999999999995,40.01141351,-104.9512608,1617.2688,56.81472,0.0,-0.983488,0.0
240.4,40.01141347,-104.9512607,1617.2688,56.90616,0.0,-0.983488,0.0
240.5,40.01141357,-104.9512609,1617.5736000000002,56.997600000000006,0.0,-0.983488,0.0
240.6,40.01141356,-104.9512609,1617.5736000000002,57.08904,0.0,-0.983488,0.0
240.69999999999996,40.01141349,-104.9512609,1617.5736000000002,57.21096,0.0,-0.983488,0.0
240.79999999999995,40.01141349,-104.9512609,1617.8784,57.302400000000006,0.0,-0.983488,0.0
240.9,40.01141342,-104.951261,1617.8784,57.48528,0.0,-0.983488,0.0
241.1,40.01141343,-104.9512609,1618.1832000000002,57.698640000000005,0.0,-1.1176,0.0
241.19999999999996,40.0114134,-104.9512609,1618.1832000000002,57.912000000000006,0.0,-1.296416,0.0
241.29999999999995,40.01141352,-104.9512609,1618.488,58.003440000000005,0.0,-1.519936,0.0
241.4,40.01141348,-104.951261,1618.488,58.18632,0.0,-1.609344,0.0
241.5,40.01141329,-104.951261,1618.7928000000002,58.39968,0.0,-1.78816,0.0
241.6,40.01141321,-104.951261,1619.0976,58.613040000000005,0.0,-2.01168,0.0
241.69999999999996,40.01141341,-104.9512611,1619.0976,58.79592,0.491744,-2.101088,0.0
241.79999999999995,40.01141335,-104.9512611,1619.4024000000002,59.00928,0.0,-2.190496,0.0
241.9,40.0114131,-104.951261,1619.7072,59.31408,0.0,-2.414016,0.0
242.0,40.01141299,-104.951261,1620.0120000000002,59.49696,0.0,-2.68224,0.0
242.1,40.01141293,-104.9512612,1620.3168,59.80176,0.0,-2.995168,90.0
242.19999999999996,40.01141281,-104.9512611,1620.6216000000002,60.10656,0.0,-3.397504,90.0
242.29999999999995,40.01141238,-104.9512609,1620.9264,60.5028,0.491744,-3.486912,90.0
242.4,40.01141227,-104.9512609,1621.2312000000002,60.8076,0.491744,-3.218688,90.0
242.5,40.01141228,-104.9512608,1621.536,61.1124,0.0,-2.995168,90.0
242.6,40.01141218,-104.9512608,1621.8408000000002,61.38672,0.491744,-2.90576,90.0
242.69999999999996,40.01141183,-104.9512608,1622.1456,61.81344000000001,0.491744,-2.995168,90.0
242.79999999999995,40.01141169,-104.9512609,1622.4504000000002,62.08776,0.0,-3.218688,0.0
242.9,40.01141161,-104.9512607,1622.7552,62.39256,0.0,-3.308096,0.0
243.0,40.01141145,-104.9512609,1623.0600000000002,62.69736,0.0,-3.308096,0.0
243.1,40.01141121,-104.951261,1623.6696000000002,63.0936,0.0,-3.397504,0.0
243.19999999999996,40.01141105,-104.9512611,1623.9744,63.3984,0.0,-3.397504,0.0
243.29999999999995,40.01141015,-104.951261,1624.2792000000002,63.79464000000001,0.67056,-3.397504,180.0
243.4,40.01140991,-104.9512611,1624.584,64.19088,0.67056,-3.486912,0.0
243.5,40.01141021,-104.9512617,1624.8888000000002,64.58712,0.491744,-3.486912,0.0
243.6,40.01141005,-104.9512619,1625.1936,64.89192,0.491744,-3.621024,0.0
243.69999999999996,40.01140991,-104.9512625,1625.8032,65.28816,0.491744,-3.710432,0.0
243.79999999999995,40.01140978,-104.9512626,1626.1080000000002,65.71488000000001,0.491744,-3.79984,0.0
243.9,40.01140988,-104.9512627,1626.4128,66.11112,0.491744,-3.79984,0.0
244.0,40.0114098,-104.9512629,1627.0224,66.50736,0.0,-3.710432,0.0
244.1,40.01140981,-104.9512627,1627.3272000000002,66.9036,0.0,-3.710432,0.0
244.19999999999996,40.01140977,-104.9512628,1627.632,67.29984,0.0,-3.621024,0.0
244.29999999999995,40.0114097,-104.9512627,1628.2416,67.69608,0.0,-3.621024,0.0
244.4,40.01140966,-104.9512628,1628.5464000000002,68.09232,0.0,-3.397504,0.0
244.5,40.01140965,-104.9512629,1628.8512,68.39712,0.0,-3.084576,0.0
244.6,40.01140963,-104.9512629,1629.1560000000002,68.70192,0.0,-2.68224,0.0
244.69999999999996,40.01140988,-104.951263,1629.4608,69.00672,0.0,-2.414016,0.0
244.79999999999995,40.01140991,-104.9512631,1629.7656000000002,69.1896,0.0,-2.190496,0.0
244.9,40.01140964,-104.9512632,1629.7656000000002,69.40296,0.0,-2.01168,0.0
245.0,40.01140962,-104.9512632,1630.0704,69.58584,0.0,-1.78816,0.0
245.1,40.01141001,-104.9512632,1630.3752000000002,69.7992,0.0,-1.6987519999999998,135.0
245.19999999999996,40.0114099,-104.9512628,1630.3752000000002,69.89064,0.0,-1.609344,125.53767779197436
245.4,40.01140947,-104.9512611,1630.68,70.28688,0.625856,-1.609344,116.56505117707798
245.6,40.0114087,-104.9512585,1630.9848000000002,70.59168,0.938784,-1.609344,118.8865817669107
245.79999999999995,40.0114072,-104.9512543,1631.2896,70.98792,1.609344,-1.609344,113.9624889745782
245.9,40.01140616,-104.951252,1631.5944000000002,71.20128,2.101088,-1.609344,113.3340412767098
246.0,40.01140529,-104.9512491,1631.5944000000002,71.29272,2.414016,-1.6987519999999998,114.8423891054552
246.1,40.01140456,-104.9512466,1631.8992,71.50608,2.503424,-1.609344,112.16634582208246
246.19999999999996,40.01140372,-104.9512437,1632.2040000000002,71.68896,2.503424,-1.609344,112.16634582208246
246.29999999999995,40.01140313,-104.9512406,1632.2040000000002,71.81088,2.68224,-1.609344,110.32313682966291
246.4,40.01140241,-104.9512378,1632.5088,71.99376,2.592832,-1.519936,109.44003482817618
246.5,40.01140154,-104.9512348,1632.5088,72.20712,2.592832,-1.519936,109.44003482817618
246.6,40.01140088,-104.951232,1632.8136000000002,72.29856,2.592832,-1.519936,107.41797079220282
246.69999999999996,40.0114005,-104.951229,1632.8136000000002,72.39,2.592832,-1.519936,107.41797079220282
246.79999999999995,40.01139993,-104.9512262,1633.1184,72.60336,2.592832,-1.519936,107.41797079220282
246.9,40.01139961,-104.951223,1633.1184,72.6948,2.6375360000000003,-1.519936,104.3002774491856
247.0,40.01139912,-104.9512201,1633.1184,72.78624,2.592832,-1.385824,104.3002774491856
247.1,40.01139845,-104.9512172,1633.4232000000002,72.9996,2.503424,-1.385824,103.53585636913424
247.19999999999996,40.01139799,-104.9512144,1633.4232000000002,73.09104,2.503424,-1.519936,101.513831184487
247.29999999999995,40.01139763,-104.9512115,1633.728,73.3044,2.503424,-1.519936,101.513831184487
247.4,40.01139721,-104.9512086,1633.728,73.39584,2.503424,-1.385824,101.513831184487
247.5,40.01139671,-104.9512056,1634.0328000000002,73.48728,2.592832,-1.385824,101.1130405359483
247.6,40.01139629,-104.9512026,1634.0328000000002,73.70064,2.6375360000000003,-1.385824,101.1130405359483
247.69999999999996,40.01139601,-104.9511992,1634.3376,73.79208,2.726944,-1.385824,99.13017648227869
247.79999999999995,40.01139564,-104.9511962,1634.3376,73.914,2.771648,-1.385824,99.13017648227869
247.9,40.01139536,-104.951193,1634.6424000000002,74.09688,2.771648,-1.519936,97.1250163489018
248.0,40.01139509,-104.95119,1634.6424000000002,74.18832,2.68224,-1.519936,97.1250163489018
248.1,40.01139468,-104.9511872,1634.9472,74.40168,2.503424,-1.519936,95.29008120537128
248.29999999999995,40.01139431,-104.9511809,1635.2520000000002,74.70648,2.548128,-1.519936,92.12109639666149
248.6,40.0113941,-104.9511725,1635.5568,75.10272,2.503424,-1.519936,90.0
248.69999999999996,40.01139431,-104.9511694,1635.8616000000002,75.2856,2.45872,-1.519936,87.75425743410494
248.79999999999995,40.01139451,-104.9511666,1635.8616000000002,75.40752,2.592832,-1.519936,84.40066066347947
248.9,40.01139493,-104.951164,1636.1664,75.5904,2.324608,-1.519936,82.1847064532331
249.0,40.01139528,-104.9511612,1636.1664,75.71232,2.324608,-1.519936,79.99202019855863
249.1,40.01139524,-104.9511585,1636.4712000000002,75.8952,2.369312,-1.519936,79.99202019855863
249.19999999999996,40.01139569,-104.9511557,1636.4712000000002,76.10856,2.369312,-1.519936,77.82854179141253
249.29999999999995,40.01139618,-104.9511529,1636.776,76.2,2.414016,-1.519936,77.82854179141253
249.4,40.01139675,-104.9511501,1636.776,76.41336,2.414016,-1.519936,75.69972255081439
249.6,40.01139845,-104.9511449,1637.0808000000002,76.68768,2.414016,-1.519936,70.55996517182382
249.69999999999996,40.01139911,-104.951142,1637.0808000000002,76.8096,2.45872,-1.519936,70.55996517182382
249.79999999999995,40.01139995,-104.9511393,1637.3856,76.99248,2.548128,-1.519936,68.58703052512823
249.9,40.0114005,-104.9511365,1637.6904000000002,77.20584000000001,2.503424,-1.519936,68.58703052512823
250.0,40.01140142,-104.9511337,1637.6904000000002,77.29728,2.503424,-1.296416,66.6659587232902
250.1,40.01140264,-104.9511315,1637.6904000000002,77.38872,2.503424,-0.983488,66.6659587232902
250.19999999999996,40.01140363,-104.9511288,1637.9952,77.51064000000001,2.414016,-0.581152,65.82089285331085
250.29999999999995,40.01140478,-104.9511264,1637.9952,77.51064000000001,2.503424,-0.402336,64.91640599380906
250.4,40.01140572,-104.951124,1637.9952,77.51064000000001,2.414016,-0.22352,65.0560947365754
250.5,40.01140599,-104.9511221,1637.9952,77.60208,2.01168,-0.089408,66.03751102542185
250.6,40.01140662,-104.9511204,1637.9952,77.60208,1.6987519999999998,0.0,65.85445803957833
250.69999999999996,40.01140717,-104.951119,1637.9952,77.60208,1.519936,0.0,65.77225468204585
250.79999999999995,40.01140754,-104.951118,1637.9952,77.60208,1.162304,0.0,72.64597536373867
250.9,40.01140814,-104.951117,1637.9952,77.60208,1.162304,0.0,77.47119229084848
251.0,40.01140836,-104.9511164,1637.9952,77.60208,0.67056,0.0,74.05460409907715
251.1,40.01140891,-104.9511162,1637.9952,77.60208,0.67056,0.0,90.0
251.19999999999996,40.01140908,-104.951116,1637.9952,77.60208,0.491744,0.0,90.0
251.29999999999995,40.01140931,-104.9511157,1637.9952,77.69352,0.0,0.0,0.0
251.5,40.01140967,-104.9511154,1637.9952,77.69352,0.312928,0.0,0.0
251.69999999999996,40.01140971,-104.9511154,1637.9952,77.69352,0.0,0.0,0.0
251.79999999999995,40.01140979,-104.9511153,1637.9952,77.69352,0.0,0.0,0.0
251.9,40.01140984,-104.9511153,1638.3000000000002,77.78496,0.0,0.0,0.0
252.0,40.01140991,-104.9511153,1637.9952,77.69352,0.0,0.0,0.0
252.1,40.01140988,-104.9511153,1638.3000000000002,77.78496,0.491744,0.0,0.0
252.19999999999996,40.01140994,-104.9511153,1637.9952,77.69352,0.0,0.0,0.0
252.29999999999995,40.01140995,-104.9511154,1637.9952,77.69352,0.0,0.0,0.0
252.4,40.01140999,-104.9511155,1637.9952,77.69352,0.0,0.0,0.0
252.5,40.01141,-104.9511154,1638.3000000000002,77.78496,0.0,0.0,0.0
252.6,40.01141003,-104.9511154,1638.3000000000002,77.78496,0.0,0.0,0.0
252.69999999999996,40.01141005,-104.9511154,1638.3000000000002,77.78496,0.0,0.0,0.0
252.79999999999995,40.01141006,-104.9511154,1638.3000000000002,77.78496,0.0,0.0,0.0
252.9,40.01141012,-104.9511154,1638.3000000000002,77.78496,0.0,0.0,0.0
253.1,40.01141007,-104.9511153,1638.3000000000002,77.78496,0.0,0.089408,0.0
253.19999999999996,40.01141006,-104.9511153,1638.3000000000002,77.78496,0.0,0.089408,0.0
253.29999999999995,40.01141005,-104.9511153,1638.3000000000002,77.78496,0.491744,0.089408,0.0
253.4,40.01141007,-104.9511153,1638.3000000000002,77.78496,0.0,0.0,0.0
253.5,40.01140997,-104.9511153,1638.3000000000002,77.78496,0.0,0.0,0.0
253.6,40.01141001,-104.9511152,1638.3000000000002,77.78496,0.0,0.0,0.0
253.69999999999996,40.01141007,-104.9511151,1638.3000000000002,77.78496,0.0,0.089408,0.0
253.79999999999995,40.01141011,-104.951115,1638.3000000000002,77.78496,0.0,0.089408,0.0
253.9,40.01141005,-104.951115,1638.3000000000002,77.78496,0.491744,0.0,0.0
254.0,40.01141006,-104.951115,1638.3000000000002,77.78496,0.0,0.0,0.0
254.1,40.01141012,-104.951115,1638.3000000000002,77.78496,0.0,0.0,0.0
254.19999999999996,40.01141013,-104.951115,1638.3000000000002,77.78496,0.0,0.0,0.0
254.4,40.0114101,-104.9511149,1638.3000000000002,77.78496,0.0,0.0,0.0
254.5,40.01141022,-104.951115,1638.3000000000002,77.78496,0.0,0.0,0.0
254.6,40.01141024,-104.951115,1638.3000000000002,77.78496,0.0,0.0,0.0
254.69999999999996,40.01141004,-104.9511151,1638.3000000000002,77.90688,0.0,0.0,0.0
254.79999999999995,40.01141003,-104.9511152,1638.3000000000002,77.90688,0.0,0.0,0.0
254.9,40.01141016,-104.9511151,1638.3000000000002,77.90688,0.0,0.0,0.0
255.0,40.01141015,-104.9511152,1638.3000000000002,77.90688,0.0,0.0,0.0
255.1,40.01140998,-104.9511153,1638.3000000000002,77.90688,0.0,0.0,0.0
255.19999999999996,40.01140995,-104.9511153,1638.3000000000002,77.90688,0.0,-0.089408,0.0
255.29999999999995,40.01140995,-104.9511153,1638.3000000000002,77.99832,0.0,-0.22352,0.0
255.4,40.01140989,-104.9511153,1638.3000000000002,77.99832,0.0,-0.312928,0.0
255.6,40.01140967,-104.9511155,1638.6048,78.08976,0.312928,-0.581152,0.0
255.69999999999996,40.0114096,-104.9511155,1638.6048,78.21168000000002,0.0,-0.715264,0.0
255.79999999999995,40.01140953,-104.9511155,1638.6048,78.21168000000002,0.0,-0.804672,0.0
255.9,40.01140939,-104.9511156,1638.6048,78.30311999999999,0.0,-0.804672,0.0
256.0,40.01140932,-104.9511156,1638.9096000000002,78.39456,0.0,-0.89408,0.0
256.1,40.01140892,-104.9511153,1638.9096000000002,78.486,0.0,-1.1176,90.0
256.19999999999993,40.01140886,-104.9511152,1638.9096000000002,78.60792,0.0,-1.296416,90.0
256.4,40.01140907,-104.9511153,1639.2144,78.91272,0.0,-1.78816,21.80140948635181
256.5,40.01140927,-104.9511151,1639.5192000000002,79.0956,0.0,-2.101088,35.537677791974374
256.6,40.01140955,-104.9511149,1639.824,79.30896,0.0,-2.414016,32.47119229084848
256.69999999999993,40.0114096,-104.9511145,1640.1288000000002,79.61376,0.0,-2.503424,34.695153531233984
256.79999999999995,40.01141001,-104.9511141,1640.1288000000002,79.79664000000001,0.0,-2.503424,34.695153531233984
256.9,40.01141042,-104.9511137,1640.4336,80.10144000000001,0.67056,-2.503424,34.695153531233984
257.0,40.01141083,-104.9511133,1640.7384000000002,80.3148,0.67056,-2.503424,34.695153531233984
257.1,40.01141137,-104.9511129,1641.0432,80.49768000000002,0.67056,-2.68224,34.695153531233984
257.19999999999993,40.01141174,-104.9511126,1641.3480000000002,80.80248000000002,0.804672,-2.995168,34.695153531233984
257.4,40.0114126,-104.9511119,1641.9576000000002,81.50352,0.5364479999999999,-3.621024,32.47119229084848
257.5,40.01141316,-104.9511117,1642.2624,81.80832,0.625856,-3.710432,32.47119229084848
257.6,40.01141348,-104.9511115,1642.5672000000002,82.20456,0.491744,-3.621024,32.47119229084848
257.69999999999993,40.01141418,-104.9511115,1642.872,82.50936,0.67056,-3.397504,24.44395478041656
257.79999999999995,40.01141452,-104.9511113,1643.1768000000002,82.81416,0.67056,-2.995168,24.44395478041656
257.9,40.01141499,-104.9511111,1643.4816,83.08848,0.67056,-2.68224,21.037511025421797
258.0,40.01141537,-104.9511109,1643.7864000000002,83.39328,0.67056,-2.279904,21.037511025421797
258.1,40.01141577,-104.9511108,1644.0912,83.60664000000001,0.491744,-1.922272,17.35402463626133
258.29999999999995,40.01141668,-104.9511103,1644.3960000000002,83.91144000000001,0.625856,-1.1176,21.25050550713325
258.5,40.01141851,-104.9511093,1644.3960000000002,84.09432,0.804672,-0.581152,27.474431626277124
258.6,40.01141958,-104.9511084,1644.7008,84.18576,1.162304,-0.402336,34.59228868750995
258.69999999999993,40.01142058,-104.9511075,1644.7008,84.18576,1.34112,-0.312928,37.18470645323311
258.79999999999995,40.01142189,-104.951106,1644.7008,84.18576,1.654048,-0.22352,40.46222749209335
258.9,40.01142337,-104.9511045,1644.7008,84.30768,1.966976,-0.089408,45.0
259.0,40.01142495,-104.9511025,1644.7008,84.30768,2.2352,0.0,46.46880071438585
259.1,40.01142695,-104.9511001,1644.7008,84.30768,2.68224,0.0,48.36646066342979
259.19999999999993,40.01142881,-104.9510976,1644.7008,84.30768,2.995168,0.0,48.73139699916044
259.29999999999995,40.01143077,-104.9510946,1644.7008,84.30768,3.173984,0.0,49.86451443776053
259.4,40.01143273,-104.9510917,1644.7008,84.30768,3.308096,0.0,49.86451443776053
259.5,40.01143467,-104.9510889,1644.7008,84.30768,3.263392,0.0,49.86451443776053
259.6,40.01143666,-104.951086,1644.7008,84.30768,3.263392,0.0,50.19442890773479
259.69999999999993,40.01143846,-104.9510831,1644.7008,84.30768,3.218688,0.0,50.19442890773479
259.79999999999995,40.0114405,-104.9510802,1644.7008,84.30768,3.308096,0.0,50.19442890773479
259.9,40.01144271,-104.9510771,1644.7008,84.30768,3.442208,0.0,48.96465472285615
260.0,40.01144484,-104.9510741,1644.7008,84.30768,3.486912,0.0,48.96465472285615
260.1,40.0114471,-104.9510709,1644.7008,84.30768,3.621024,0.0,47.77916686407207
260.19999999999993,40.0114493,-104.951068,1644.7008,84.18576,3.621024,0.0,47.77916686407207
260.29999999999995,40.01145151,-104.951065,1644.7008,84.18576,3.531616,0.0,46.636577041616704
260.4,40.01145386,-104.951062,1644.7008,84.18576,3.621024,0.0,45.0
260.5,40.01145637,-104.9510588,1644.7008,84.18576,3.79984,0.0,42.63375200854421
260.6,40.01145921,-104.9510556,1644.3960000000002,84.09432,4.02336,0.0,41.00908690157024
260.79999999999995,40.01146577,-104.9510486,1644.3960000000002,84.09432,4.515104,0.0,38.24642596446904
260.9,40.01146946,-104.951045,1644.7008,84.18576,4.828032,-0.089408,36.86989764584405
261.1,40.01147718,-104.9510374,1644.7008,84.18576,5.275072000000001,-0.089408,36.2802534937627
261.19999999999993,40.01148107,-104.9510337,1644.7008,84.18576,5.319776,-0.089408,35.47997813422586
261.4,40.0114889,-104.9510267,1644.7008,84.18576,5.275072000000001,0.0,33.69006752597977
261.6,40.01149558,-104.9510208,1644.3960000000002,84.09432,4.872736,0.0,30.96375653207349
261.69999999999993,40.01149904,-104.951018,1644.3960000000002,84.09432,4.4704,0.0,30.55596427550779
261.79999999999995,40.01150232,-104.9510155,1644.3960000000002,84.09432,4.336288,0.0,29.98163936884936
261.9,40.01150529,-104.9510133,1644.3960000000002,84.00288,4.02336,0.0,29.054604099077157
262.0,40.01150797,-104.9510113,1644.3960000000002,84.00288,3.665728,0.0,28.354961785324065
262.1,40.01151048,-104.9510094,1644.3960000000002,84.00288,3.308096,0.0,28.237445538167265
262.19999999999993,40.01151243,-104.9510081,1644.3960000000002,84.00288,2.861056,0.0,26.053495310490973
262.29999999999995,40.01151429,-104.9510069,1644.3960000000002,84.00288,2.324608,0.0,27.89727103094765
262.4,40.0115155,-104.9510061,1644.3960000000002,84.00288,1.877568,0.0,22.166345822082462
262.5,40.01151656,-104.9510054,1644.3960000000002,84.09432,1.519936,-0.089408,24.227745317954145
262.6,40.01151724,-104.951005,1644.3960000000002,84.09432,1.162304,-0.089408,28.30075576600637
262.69999999999993,40.01151806,-104.9510045,1644.7008,84.18576,1.0728959999999998,-0.089408,24.44395478041656
262.79999999999995,40.01151847,-104.9510043,1644.7008,84.30768,0.938784,-0.089408,12.528807709151522
262.9,40.01151886,-104.9510043,1644.7008,84.30768,0.0,-0.089408,15.945395900922849
263.0,40.01151914,-104.9510042,1644.7008,84.39912,0.491744,-0.089408,0.0
263.1,40.01151909,-104.9510043,1644.7008,84.39912,0.0,0.0,0.0
263.29999999999995,40.01151938,-104.9510043,1644.7008,84.39912,0.0,0.0,0.0
263.4,40.01151949,-104.9510044,1644.7008,84.39912,0.0,0.0,0.0
263.6,40.01151964,-104.9510046,1644.7008,84.39912,0.0,0.0,270.0
263.69999999999993,40.01151943,-104.9510049,1644.7008,84.39912,0.44704,0.0,270.0
263.79999999999995,40.01151945,-104.9510051,1644.7008,84.39912,0.0,0.0,270.0
263.9,40.01151927,-104.9510054,1644.7008,84.39912,0.0,0.0,270.0
264.1,40.01151908,-104.9510057,1644.7008,84.39912,0.312928,0.0,270.0
264.19999999999993,40.01151909,-104.9510058,1644.7008,84.39912,0.0,0.0,0.0
264.29999999999995,40.01151904,-104.951006,1644.7008,84.39912,0.0,0.0,0.0
264.4,40.01151908,-104.9510061,1644.7008,84.39912,0.0,0.0,0.0
264.5,40.01151888,-104.9510063,1644.7008,84.39912,0.0,0.0,0.0
264.6,40.0115189,-104.9510064,1644.7008,84.39912,0.491744,0.0,0.0
264.79999999999995,40.01151875,-104.9510065,1644.7008,84.39912,0.0,0.0,0.0
264.9,40.01151858,-104.9510063,1644.7008,84.30768,0.0,0.0,0.0
265.0,40.01151857,-104.9510062,1644.7008,84.30768,0.67056,0.0,0.0
265.1,40.01151846,-104.9510064,1644.7008,84.30768,0.0,0.0,0.0
265.19999999999993,40.01151846,-104.9510064,1644.7008,84.30768,0.491744,0.0,0.0
265.29999999999995,40.01151853,-104.9510063,1644.7008,84.18576,0.0,0.0,0.0
265.4,40.01151855,-104.9510063,1644.7008,84.30768,0.0,0.0,0.0
265.5,40.01151859,-104.9510061,1644.7008,84.18576,0.491744,0.0,0.0
265.6,40.01151863,-104.951006,1644.7008,84.30768,0.0,0.0,0.0
265.69999999999993,40.01151865,-104.9510059,1644.7008,84.18576,0.0,0.0,0.0
265.79999999999995,40.0115187,-104.9510059,1644.7008,84.18576,0.0,0.0,0.0
265.9,40.01151882,-104.9510059,1644.7008,84.18576,0.0,0.0,0.0
266.0,40.01151885,-104.9510059,1644.7008,84.18576,0.0,0.0,0.0
266.1,40.01151914,-104.9510059,1644.7008,84.18576,0.0,0.0,0.0
266.19999999999993,40.01151917,-104.9510059,1644.7008,84.18576,0.0,0.0,0.0
266.29999999999995,40.01151929,-104.9510059,1644.7008,84.18576,0.0,0.0,0.0
266.4,40.01151932,-104.9510059,1644.7008,84.18576,0.0,0.0,0.0
266.5,40.01151954,-104.9510058,1644.7008,84.18576,0.0,0.0,0.0
266.6,40.0115196,-104.9510058,1644.7008,84.18576,0.0,0.0,0.0
266.69999999999993,40.01151966,-104.9510058,1644.7008,84.18576,0.0,0.0,0.0
266.79999999999995,40.0115197,-104.9510058,1644.7008,84.18576,0.0,0.0,0.0
266.9,40.01151986,-104.9510058,1644.7008,84.18576,0.0,0.0,0.0
267.0,40.0115199,-104.9510058,1644.7008,84.18576,0.0,0.0,0.0
267.1,40.01152004,-104.9510057,1644.7008,84.18576,0.0,-0.089408,0.0
267.19999999999993,40.01152007,-104.9510057,1644.7008,84.18576,0.0,-0.402336,0.0
267.29999999999995,40.01152005,-104.9510058,1644.7008,84.30768,0.0,-0.715264,0.0
267.4,40.01152004,-104.9510057,1644.7008,84.39912,0.0,-1.207008,0.0
267.5,40.01152007,-104.9510056,1645.0056000000002,84.61248,0.0,-1.6987519999999998,0.0
267.6,40.01152005,-104.9510055,1645.0056000000002,84.70392,0.0,-2.190496,0.0
267.69999999999993,40.01151989,-104.9510057,1645.3104,84.88680000000001,0.0,-2.414016,0.0
267.79999999999995,40.01151987,-104.9510057,1645.6152000000002,85.19160000000001,0.0,-2.414016,0.0
267.9,40.01151994,-104.9510055,1645.92,85.40496,0.0,-2.279904,90.0
268.0,40.01151995,-104.9510055,1645.92,85.58784000000001,0.0,-2.101088,90.0
268.1,40.01151984,-104.9510056,1646.2248000000002,85.80120000000001,0.0,-1.922272,45.0
268.19999999999993,40.0115198,-104.9510056,1646.2248000000002,85.89264000000001,0.0,-1.609344,45.0
268.29999999999995,40.01152022,-104.9510056,1646.5296,86.10600000000001,0.0,-1.207008,0.0
268.5,40.01151977,-104.9510058,1646.5296,86.19744000000001,0.0,-0.402336,0.0
268.6,40.01151964,-104.951006,1646.5296,86.19744000000001,0.312928,-0.089408,0.0
268.79999999999995,40.01151893,-104.9510062,1646.5296,86.19744000000001,0.44704,0.0,180.0
268.9,40.01151891,-104.9510065,1646.5296,86.19744000000001,0.0,0.0,201.80140948635184
269.19999999999993,40.01151793,-104.9510071,1646.8344000000002,86.28888,0.357632,0.0,201.80140948635184
269.29999999999995,40.01151762,-104.951007,1646.8344000000002,86.28888,0.357632,0.0,201.80140948635184
269.5,40.01151721,-104.9510071,1646.8344000000002,86.28888,0.0,0.0,180.0
269.6,40.01151721,-104.951007,1646.8344000000002,86.28888,0.0,0.0,0.0
269.69999999999993,40.01151735,-104.9510068,1646.8344000000002,86.28888,0.0,0.0,21.80140948635181
269.9,40.0115185,-104.9510059,1646.8344000000002,86.28888,0.5364479999999999,0.0,31.42956561483851
270.0,40.01151954,-104.9510051,1646.8344000000002,86.28888,0.938784,0.0,25.709953780811247
270.1,40.01152077,-104.9510042,1646.8344000000002,86.28888,1.519936,0.0,27.89727103094765
270.19999999999993,40.01152237,-104.951003,1646.8344000000002,86.28888,1.832864,0.0,26.565051177077976
270.29999999999995,40.01152418,-104.9510019,1646.8344000000002,86.28888,2.101088,0.0,28.00917670801385
270.4,40.01152634,-104.9510003,1646.8344000000002,86.28888,2.503424,0.0,28.237445538167265
270.5,40.01152878,-104.9509989,1646.8344000000002,86.28888,2.861056,0.0,27.32389130134652
270.6,40.01153148,-104.950997,1646.8344000000002,86.28888,3.218688,0.0,28.24973549497429
270.69999999999993,40.01153438,-104.950995,1646.8344000000002,86.28888,3.531616,0.0,27.1811110854772
270.79999999999995,40.0115376,-104.9509928,1646.8344000000002,86.28888,3.844544,0.0,27.962232204374345
270.9,40.01154116,-104.9509905,1646.8344000000002,86.28888,4.202176,0.0,28.37924308610792
271.0,40.0115449,-104.9509879,1646.5296,86.19744000000001,4.559807999999999,0.0,27.53197674872229
271.1,40.01154902,-104.9509852,1646.5296,86.19744000000001,4.91744,0.0,28.131342364061027
271.19999999999993,40.01155327,-104.9509823,1646.5296,86.19744000000001,5.230368,0.0,27.6259628673422
271.29999999999995,40.01155783,-104.9509792,1646.5296,86.19744000000001,5.543296,0.0,28.1785901099592
271.4,40.01156257,-104.950976,1646.5296,86.19744000000001,5.81152,0.0,27.89727103094765
271.5,40.01156739,-104.9509728,1646.5296,86.19744000000001,5.990336,0.0,28.191308373793163
271.6,40.01157258,-104.9509692,1646.5296,86.10600000000001,6.25856,0.0,27.95798712921629
271.69999999999993,40.01157903,-104.950965,1646.5296,86.10600000000001,7.286752,0.0,28.37552185603505
271.79999999999995,40.01158477,-104.9509611,1646.5296,86.10600000000001,7.59968,0.0,27.98923849532377
271.9,40.01159045,-104.9509571,1646.5296,86.10600000000001,7.15264,0.0,27.79044247945211
272.0,40.01159661,-104.9509529,1646.5296,86.10600000000001,7.420864000000001,0.0,28.636863249125213
272.1,40.01160306,-104.9509485,1646.5296,86.01456,7.912608,0.0,28.128567615672807
272.19999999999993,40.01160963,-104.9509439,1646.5296,86.01456,8.180832,0.0,28.905163176835917
272.29999999999995,40.01161661,-104.9509392,1646.5296,86.01456,8.49376,0.0,28.70595254340111
272.4,40.01162359,-104.9509343,1646.5296,86.01456,8.761984,0.0,28.65711745655813
272.6,40.01163804,-104.950924,1646.5296,86.01456,9.030208,-0.089408,29.16199999863045
272.69999999999993,40.01164581,-104.9509185,1646.5296,86.01456,9.38784,-0.089408,29.445428729925595
272.9,40.01166134,-104.9509072,1646.5296,86.10600000000001,9.879584,0.0,29.42745640318975
273.1,40.01167752,-104.9508951,1646.5296,86.01456,10.103104,-0.089408,29.56035446468076
273.19999999999993,40.01168581,-104.950889,1646.5296,86.10600000000001,10.416032,-0.22352,29.62374875117382
273.29999999999995,40.01169407,-104.9508828,1646.5296,86.10600000000001,10.594848,-0.22352,30.01373334645507
273.4,40.01170247,-104.9508766,1646.5296,86.10600000000001,10.684256,-0.089408,30.01373334645507
273.5,40.01171082,-104.9508704,1646.5296,86.10600000000001,10.72896,-0.089408,29.774537494870003
273.6,40.01171927,-104.9508641,1646.5296,86.10600000000001,10.72896,-0.089408,29.774537494870003
273.69999999999993,40.01172791,-104.9508578,1646.5296,86.10600000000001,10.907775999999998,-0.089408,30.18788107358614
273.79999999999995,40.01173643,-104.9508515,1646.5296,86.10600000000001,10.95248,-0.089408,29.95013653792733
273.9,40.01174484,-104.950845,1646.5296,86.10600000000001,10.863072,-0.089408,29.95013653792733
274.0,40.01175336,-104.9508387,1646.5296,86.10600000000001,10.907775999999998,-0.089408,29.95013653792733
274.1,40.01176189,-104.9508321,1646.5296,86.10600000000001,10.95248,-0.089408,29.95013653792733
274.19999999999993,40.01177037,-104.9508257,1646.5296,86.01456,10.95248,-0.089408,30.18788107358614
274.29999999999995,40.01177953,-104.9508188,1646.5296,86.01456,11.310112,-0.089408,29.774537494870003
274.4,40.01178798,-104.9508125,1646.2248000000002,85.89264000000001,11.310112,-0.089408,30.01373334645507
274.5,40.01179523,-104.9508068,1646.2248000000002,85.89264000000001,10.103104,-0.089408,30.256437163529256
274.6,40.01180337,-104.9508007,1646.2248000000002,85.89264000000001,9.924288,-0.089408,30.23853223301427
274.69999999999993,40.01181153,-104.9507943,1646.2248000000002,85.89264000000001,10.50544,-0.22352,30.057116786491576
274.79999999999995,40.01181939,-104.9507883,1646.2248000000002,85.89264000000001,10.326624,-0.22352,30.256437163529256
274.9,40.01182707,-104.9507824,1646.5296,86.01456,10.013696,-0.22352,30.33217509629992
275.1,40.01184187,-104.9507709,1646.5296,86.01456,9.700768,-0.22352,30.39555255320988
275.29999999999995,40.01185601,-104.9507601,1646.5296,86.01456,9.343136,-0.089408,30.256437163529256
275.4,40.01186268,-104.950755,1646.5296,86.01456,8.9408,-0.089408,30.49625827996653
275.5,40.01186905,-104.9507498,1646.5296,86.01456,8.449055999999999,-0.089408,30.369759364482206
275.6,40.01187527,-104.950745,1646.5296,86.01456,8.180832,-0.089408,30.629998484820703
275.69999999999993,40.01188141,-104.9507403,1646.5296,86.01456,7.957312,-0.089408,30.379126011368328
275.79999999999995,40.01188719,-104.9507359,1646.5296,86.01456,7.689088,-0.089408,30.483300041145355
275.9,40.01189286,-104.9507316,1646.5296,86.01456,7.37616,-0.089408,29.654722788330048
276.0,40.01189825,-104.9507274,1646.5296,86.01456,7.1079360000000005,-0.089408,29.931511840507767
276.1,40.01190352,-104.9507233,1646.5296,86.01456,6.884416,-0.089408,30.033280435995152
276.19999999999993,40.01190857,-104.9507194,1646.5296,86.01456,6.660896,-0.089408,30.343248884239586
276.4,40.01191829,-104.950712,1646.5296,86.10600000000001,6.347968,-0.089408,30.443575679925686
276.6,40.01192711,-104.950705,1646.5296,86.10600000000001,5.990336,-0.089408,30.488940499830903
276.69999999999993,40.0119312,-104.950702,1646.5296,86.10600000000001,5.543296,0.0,30.22183826706265
276.79999999999995,40.01193529,-104.9506989,1646.5296,86.19744000000001,5.275072000000001,0.0,30.61860540890939
276.9,40.01193948,-104.9506957,1646.5296,86.19744000000001,5.319776,0.0,30.256437163529256
277.0,40.01194332,-104.9506927,1646.5296,86.19744000000001,5.185664,0.0,30.411081267125383
277.1,40.0119463,-104.9506902,1646.5296,86.19744000000001,4.4704,0.0,29.538782259558104
277.19999999999993,40.01194983,-104.9506874,1646.5296,86.19744000000001,4.291583999999999,0.0,29.38901146632037
277.29999999999995,40.01195314,-104.950685,1646.8344000000002,86.28888,4.380992,0.0,30.55596427550779
277.4,40.01195647,-104.9506824,1646.8344000000002,86.28888,4.291583999999999,0.0,30.12431799836122
277.5,40.01195947,-104.95068,1646.8344000000002,86.28888,4.112768,0.0,31.07165806084629
277.6,40.01196257,-104.9506776,1646.8344000000002,86.28888,3.978656,0.0,30.629998484820703
277.69999999999993,40.0119656,-104.9506753,1646.8344000000002,86.28888,3.933952,0.0,30.16006083808708
277.79999999999995,40.01196851,-104.950673,1646.8344000000002,86.28888,3.844544,0.0,30.846587412148608
277.9,40.01197121,-104.9506708,1646.8344000000002,86.28888,3.621024,0.0,30.10130456559972
278.0,40.01197394,-104.9506686,1646.8344000000002,86.28888,3.57632,0.0,30.83783194468725
278.1,40.01197669,-104.9506666,1646.8344000000002,86.28888,3.531616,0.0,29.56035446468076
278.19999999999993,40.01197933,-104.9506646,1646.8344000000002,86.41080000000001,3.442208,0.0,30.311213226681616
278.29999999999995,40.01198192,-104.9506627,1646.8344000000002,86.41080000000001,3.308096,0.0,30.311213226681616
278.4,40.01198447,-104.9506607,1646.8344000000002,86.50224000000001,3.308096,0.0,29.744881296942253
278.5,40.01198703,-104.9506587,1646.8344000000002,86.50224000000001,3.308096,0.0,30.963756532073543
278.6,40.01198948,-104.9506568,1646.8344000000002,86.50224000000001,3.218688,0.0,30.963756532073543
278.69999999999993,40.01199191,-104.950655,1646.8344000000002,86.50224000000001,3.12928,0.0,30.379126011368328
278.9,40.01199647,-104.9506516,1646.8344000000002,86.50224000000001,2.995168,0.089408,30.379126011368328
279.0,40.01199875,-104.9506498,1646.8344000000002,86.50224000000001,2.950464,0.089408,28.96766064606402
279.19999999999993,40.01200339,-104.9506465,1646.8344000000002,86.41080000000001,2.950464,0.089408,29.859016164923105
279.29999999999995,40.01200551,-104.9506448,1646.8344000000002,86.41080000000001,2.90576,0.089408,29.859016164923105
279.4,40.01200766,-104.9506431,1646.8344000000002,86.41080000000001,2.771648,0.089408,29.859016164923105
279.5,40.01200982,-104.9506414,1646.8344000000002,86.41080000000001,2.816352,0.089408,31.2930389959202
279.69999999999993,40.01201377,-104.9506382,1646.8344000000002,86.41080000000001,2.6375360000000003,0.089408,29.62374875117382
279.79999999999995,40.01201583,-104.9506366,1646.8344000000002,86.41080000000001,2.592832,0.0,29.62374875117382
279.9,40.01201798,-104.9506351,1646.8344000000002,86.41080000000001,2.68224,0.0,29.62374875117382
280.0,40.01202,-104.9506336,1646.8344000000002,86.41080000000001,2.6375360000000003,0.0,30.61860540890939
280.1,40.01202206,-104.9506321,1646.8344000000002,86.41080000000001,2.592832,0.089408,30.61860540890939
280.19999999999993,40.01202406,-104.9506306,1646.8344000000002,86.41080000000001,2.548128,0.089408,30.61860540890939
280.29999999999995,40.0120262,-104.950629,1646.8344000000002,86.28888,2.68224,0.089408,30.61860540890939
280.4,40.01202819,-104.9506275,1646.8344000000002,86.28888,2.6375360000000003,0.089408,30.61860540890939
280.5,40.01203011,-104.9506263,1646.8344000000002,86.28888,2.503424,0.089408,28.855661219716524
280.6,40.01203207,-104.9506248,1646.8344000000002,86.28888,2.45872,0.0,28.855661219716524
280.69999999999993,40.01203419,-104.9506234,1646.8344000000002,86.28888,2.68224,0.0,28.855661219716524
280.79999999999995,40.01203615,-104.9506219,1646.8344000000002,86.28888,2.592832,0.0,28.855661219716524
280.9,40.01203811,-104.9506204,1646.8344000000002,86.28888,2.503424,0.0,28.855661219716524
281.0,40.01204006,-104.9506191,1646.8344000000002,86.28888,2.414016,0.089408,27.030860259843
281.1,40.01204193,-104.9506178,1646.5296,86.19744000000001,2.414016,0.089408,27.030860259843
281.19999999999993,40.01204386,-104.9506166,1646.5296,86.19744000000001,2.324608,0.0,24.179107146689205
281.29999999999995,40.01204594,-104.9506152,1646.5296,86.19744000000001,2.45872,0.0,24.179107146689205
281.4,40.01204788,-104.9506141,1646.5296,86.19744000000001,2.45872,0.0,22.20347853205737
281.5,40.01204981,-104.9506131,1646.5296,86.19744000000001,2.324608,0.0,22.20347853205737
281.6,40.01205175,-104.9506121,1646.5296,86.19744000000001,2.324608,0.0,20.170653411850424
281.69999999999993,40.01205387,-104.9506111,1646.5296,86.19744000000001,2.414016,0.0,20.170653411850424
281.79999999999995,40.01205584,-104.9506102,1646.5296,86.19744000000001,2.414016,0.0,20.170653411850424
281.9,40.01205782,-104.9506092,1646.5296,86.19744000000001,2.324608,0.0,18.083445383048684
282.0,40.0120598,-104.9506083,1646.5296,86.19744000000001,2.324608,0.0,18.083445383048684
282.1,40.01206202,-104.9506074,1646.5296,86.19744000000001,2.45872,0.0,18.083445383048684
282.19999999999993,40.012064,-104.9506065,1646.5296,86.19744000000001,2.45872,0.0,14.858614447924651
282.4,40.01206777,-104.9506054,1646.5296,86.19744000000001,2.190496,0.0,12.652556500557978
282.5,40.0120698,-104.9506046,1646.5296,86.19744000000001,2.2352,0.0,12.652556500557978
282.6,40.01207178,-104.950604,1646.5296,86.19744000000001,2.324608,0.0,12.652556500557978
282.69999999999993,40.0120739,-104.9506037,1646.5296,86.19744000000001,2.324608,0.0,10.40771131249005
282.79999999999995,40.01207596,-104.9506032,1646.5296,86.19744000000001,2.324608,0.0,10.007979801441364
282.9,40.01207796,-104.9506028,1646.5296,86.19744000000001,2.279904,0.0,10.007979801441364
283.0,40.01208013,-104.9506023,1646.5296,86.19744000000001,2.369312,0.0,9.462322208025626
283.1,40.01208231,-104.9506018,1646.5296,86.19744000000001,2.414016,0.0,9.13017648227867
283.19999999999993,40.01208465,-104.9506013,1646.5296,86.19744000000001,2.592832,0.0,10.738897100905431
283.29999999999995,40.01208722,-104.9506007,1646.5296,86.19744000000001,2.771648,0.0,10.388857815469636
283.4,40.01208979,-104.9506001,1646.5296,86.19744000000001,2.90576,0.0,11.659292653522982
283.5,40.01209229,-104.9505992,1646.5296,86.19744000000001,2.90576,0.0,10.98065001017352
283.6,40.01209516,-104.9505984,1646.5296,86.19744000000001,3.084576,0.0,12.528807709151522
283.69999999999993,40.01209824,-104.9505977,1646.5296,86.10600000000001,3.397504,0.0,12.994616791916483
283.79999999999995,40.01210158,-104.9505967,1646.5296,86.10600000000001,3.665728,0.0,13.240519915187178
283.9,40.01210498,-104.9505956,1646.5296,86.10600000000001,3.844544,0.0,13.448615051686488
284.0,40.01210884,-104.9505943,1646.5296,86.10600000000001,4.202176,0.0,14.311041262606407
284.1,40.01211293,-104.950593,1646.5296,86.10600000000001,4.515104,0.0,15.7247457227474
284.19999999999993,40.01211731,-104.9505914,1646.5296,86.10600000000001,4.872736,0.0,15.738801437449467
284.29999999999995,40.01212174,-104.9505895,1646.5296,86.10600000000001,5.096256,0.0,16.336042889718442
284.4,40.0121266,-104.9505877,1646.5296,86.10600000000001,5.409184,0.0,16.56882917959905
284.5,40.01213155,-104.9505859,1646.5296,86.10600000000001,5.677408,0.0,15.708637829015744
284.6,40.01213683,-104.950584,1646.5296,86.10600000000001,5.900928,0.0,15.255118703057803
284.79999999999995,40.01214844,-104.9505803,1646.5296,86.10600000000001,6.48208,0.0,14.130479862414006
284.9,40.01215405,-104.9505786,1646.5296,86.10600000000001,6.571488,0.0,12.938056317186463
285.0,40.01216015,-104.9505768,1646.5296,86.10600000000001,6.660896,0.0,12.60860679336622
285.1,40.01216634,-104.9505751,1646.5296,86.10600000000001,6.973824,0.0,12.219312923219375
285.19999999999993,40.0121728,-104.9505734,1646.5296,86.10600000000001,7.197344,0.0,11.924523937611925
285.29999999999995,40.01217967,-104.9505716,1646.5296,86.10600000000001,7.554975999999999,0.0,11.575188817396224
285.4,40.0121865,-104.9505699,1646.5296,86.10600000000001,7.733792,0.0,10.334502666693766
285.5,40.0121936,-104.9505682,1646.5296,86.10600000000001,7.867904,0.0,10.045330369496696
285.6,40.01220082,-104.9505665,1646.5296,86.10600000000001,8.091424,0.0,9.825277042148455
285.69999999999993,40.0122081,-104.9505648,1646.5296,86.10600000000001,8.180832,0.0,9.614569270900972
285.9,40.01222356,-104.9505616,1646.5296,86.10600000000001,8.538464000000001,0.0,9.171729030165976
286.0,40.0122315,-104.95056,1646.5296,86.10600000000001,8.761984,0.0,8.374259027599066
286.1,40.01223953,-104.9505586,1646.5296,86.10600000000001,8.985504,-0.089408,8.209901438370707
286.19999999999993,40.01224782,-104.9505571,1646.5296,86.10600000000001,9.16432,-0.089408,7.467076640260359
286.29999999999995,40.01225619,-104.9505556,1646.5296,86.10600000000001,9.343136,0.0,7.326406660169539
286.4,40.01226477,-104.9505542,1646.5296,86.01456,9.477248,-0.089408,7.157813013615794
286.5,40.01227358,-104.9505529,1646.5296,86.10600000000001,9.745472,-0.089408,7.092517328273061
286.6,40.01228248,-104.9505516,1646.5296,86.01456,9.879584,-0.089408,6.425158237525636
286.69999999999993,40.01229148,-104.9505503,1646.5296,86.01456,10.013696,-0.089408,6.312364754648058
286.79999999999995,40.01230064,-104.9505491,1646.5296,86.01456,10.147808,0.0,6.257434298146222
286.9,40.01231001,-104.9505476,1646.5296,86.10600000000001,10.371328,-0.089408,6.203447901691845
287.0,40.01231938,-104.9505464,1646.5296,86.01456,10.460736,0.0,6.124186060462478
287.1,40.01232897,-104.9505452,1646.5296,86.01456,10.594848,0.0,5.348272211431379
287.19999999999993,40.01233855,-104.950544,1646.5296,86.01456,10.72896,0.0,5.303397546821884
287.29999999999995,40.01234892,-104.9505428,1646.5296,86.01456,11.131296,0.0,5.259267559249224
287.4,40.01235874,-104.9505417,1646.2248000000002,85.89264000000001,11.265408,0.0,5.194428907734789
287.5,40.01236776,-104.9505404,1646.5296,86.01456,10.550144,0.0,5.152081702206203
287.6,40.01237766,-104.9505393,1646.2248000000002,85.89264000000001,10.550144,0.0,4.647970691387059
287.69999999999993,40.01238771,-104.9505381,1646.5296,86.01456,11.131296,-0.089408,4.610649318660592
287.79999999999995,40.01239775,-104.9505371,1646.5296,86.01456,11.220704,-0.089408,4.610649318660592
287.9,40.01240776,-104.9505361,1646.5296,86.01456,11.176,-0.089408,4.101838687670863
288.0,40.01241793,-104.9505351,1646.5296,86.01456,11.220704,-0.089408,4.069522460310225
288.1,40.01242842,-104.9505343,1646.5296,86.01456,11.488928,-0.089408,3.590322602139622
288.19999999999993,40.01243878,-104.9505335,1646.5296,86.01456,11.62304,-0.089408,3.5624545837201254
288.29999999999995,40.01244927,-104.9505326,1646.5296,86.01456,11.62304,-0.089408,3.5214533769222385
288.4,40.01245979,-104.9505318,1646.5296,86.01456,11.712448,-0.089408,2.840590728969346
288.6,40.01248088,-104.9505302,1646.5296,86.01456,11.757152,-0.089408,2.8191059488733003
288.69999999999993,40.01249159,-104.9505296,1646.5296,86.01456,11.801856,-0.089408,2.368025100710895
288.79999999999995,40.01250233,-104.950529,1646.5296,86.01456,11.935968,-0.089408,2.368025100710895
288.9,40.01251316,-104.9505284,1646.5296,86.01456,11.980672,-0.089408,2.368025100710895
289.0,40.01252397,-104.9505279,1646.5296,86.01456,12.025376,0.0,2.350373164548728
289.1,40.01253478,-104.9505273,1646.5296,86.01456,12.025376,-0.089408,1.9233891775196523
289.29999999999995,40.01255663,-104.9505265,1646.5296,86.01456,12.114784,-0.089408,1.902112774656928
289.79999999999995,40.01261166,-104.9505247,1646.5296,86.10600000000001,12.204192,-0.089408,1.0416266760099688
290.1,40.012645,-104.9505243,1646.5296,86.10600000000001,12.2936,-0.089408,0.4166892317935549
290.19999999999993,40.01265614,-104.9505242,1646.5296,86.10600000000001,12.383008,-0.089408,0.0
290.29999999999995,40.01266726,-104.9505241,1646.5296,86.10600000000001,12.383008,-0.089408,0.0
290.5,40.01268961,-104.9505243,1646.5296,86.01456,12.427712,-0.089408,0.0
290.6,40.01270064,-104.9505244,1646.5296,86.01456,12.383008,-0.089408,0.0
290.69999999999993,40.01271143,-104.9505245,1646.5296,86.01456,12.159488,-0.312928,359.56263613247927
290.79999999999995,40.01272173,-104.9505247,1646.5296,86.01456,11.712448,-0.312928,359.54346958590094
290.9,40.01273162,-104.9505248,1646.5296,86.10600000000001,11.220704,-0.22352,359.5264919412651
291.0,40.01274109,-104.950525,1646.5296,86.10600000000001,10.773664,-0.089408,359.50178838738634
291.1,40.0127503,-104.9505251,1646.5296,86.10600000000001,10.371328,-0.089408,359.47676541781584
291.19999999999993,40.01275892,-104.9505253,1646.5296,86.10600000000001,9.924288,0.0,359.44909602078144
291.29999999999995,40.01276744,-104.9505257,1646.5296,86.10600000000001,9.521952,0.0,358.5607103721176
291.4,40.0127752,-104.950526,1646.5296,86.10600000000001,9.074912,0.0,358.4765352083482
291.5,40.01278291,-104.9505261,1646.5296,86.10600000000001,8.627872,0.0,358.3819054672625
291.69999999999993,40.0127965,-104.9505265,1646.5296,86.10600000000001,7.912608,0.0,358.1759101676239
291.9,40.01280825,-104.9505272,1646.5296,86.10600000000001,7.063232,0.0,357.0096550248346
292.0,40.01281338,-104.9505276,1646.5296,86.10600000000001,6.25856,0.0,356.74277805933303
292.1,40.01281813,-104.9505279,1646.5296,86.10600000000001,5.498592,0.0,356.3588147420987
292.19999999999993,40.01282234,-104.9505283,1646.5296,86.10600000000001,4.962144,0.0,355.9143832200251
292.29999999999995,40.01282618,-104.9505288,1646.5296,86.19744000000001,4.515104,0.0,355.39990433373674
292.4,40.01282955,-104.9505292,1646.5296,86.19744000000001,3.978656,0.0,353.418055344822
292.69999999999993,40.01283694,-104.9505306,1646.8344000000002,86.41080000000001,3.039872,0.0,349.1596945456694
292.79999999999995,40.01283869,-104.950531,1646.8344000000002,86.41080000000001,2.548128,0.0,349.56252464888183
292.9,40.01284002,-104.9505312,1646.8344000000002,86.41080000000001,1.78816,0.0,346.4295656148385
293.1,40.01284162,-104.9505317,1646.8344000000002,86.41080000000001,1.1176,0.0,351.2538377374448
293.19999999999993,40.01284213,-104.9505318,1646.8344000000002,86.41080000000001,0.8493759999999999,0.0,347.4711922908485
293.29999999999995,40.01284255,-104.9505319,1646.8344000000002,86.28888,0.67056,0.0,0.0
293.4,40.01284281,-104.950532,1646.8344000000002,86.28888,0.0,0.0,0.0
293.6,40.01284303,-104.950532,1646.8344000000002,86.28888,0.312928,0.0,0.0
293.69999999999993,40.01284297,-104.9505322,1646.5296,86.19744000000001,0.0,0.0,0.0
293.79999999999995,40.01284303,-104.9505322,1646.5296,86.19744000000001,0.67056,0.0,0.0
293.9,40.01284289,-104.9505322,1646.5296,86.19744000000001,0.0,0.0,0.0
294.0,40.0128429,-104.9505322,1646.5296,86.19744000000001,0.0,0.0,0.0
294.1,40.01284286,-104.9505322,1646.5296,86.19744000000001,0.0,0.0,0.0
294.19999999999993,40.01284286,-104.9505321,1646.5296,86.19744000000001,0.0,0.0,0.0
294.29999999999995,40.0128425,-104.9505323,1646.5296,86.19744000000001,0.0,0.0,0.0
294.4,40.01284246,-104.9505323,1646.8344000000002,86.28888,0.0,0.0,0.0
294.5,40.01284208,-104.9505325,1646.5296,86.19744000000001,0.0,0.0,0.0
294.6,40.01284201,-104.9505324,1646.8344000000002,86.28888,0.0,0.0,0.0
294.69999999999993,40.01284186,-104.9505324,1646.5296,86.19744000000001,0.0,0.0,0.0
294.79999999999995,40.01284179,-104.9505323,1646.5296,86.19744000000001,0.0,0.0,0.0
294.9,40.01284166,-104.9505323,1646.5296,86.19744000000001,0.0,0.0,0.0
295.0,40.0128416,-104.9505322,1646.8344000000002,86.28888,0.0,0.0,90.0
295.1,40.01284146,-104.950532,1646.8344000000002,86.28888,0.0,0.0,90.0
295.19999999999993,40.0128414,-104.9505319,1646.8344000000002,86.28888,0.0,0.0,90.0
295.29999999999995,40.01284126,-104.9505317,1646.8344000000002,86.28888,0.491744,0.0,90.0
295.4,40.0128412,-104.9505315,1646.8344000000002,86.28888,0.0,0.0,90.0
295.5,40.01284122,-104.9505312,1646.8344000000002,86.28888,0.0,0.0,90.0
295.6,40.01284118,-104.9505309,1646.8344000000002,86.28888,0.0,0.0,90.0
295.69999999999993,40.01284117,-104.9505307,1646.8344000000002,86.28888,0.491744,0.0,90.0
295.79999999999995,40.01284113,-104.9505304,1646.8344000000002,86.28888,0.0,0.0,90.0
295.9,40.01284108,-104.9505302,1646.8344000000002,86.28888,0.491744,0.0,90.0
296.0,40.01284104,-104.95053,1646.8344000000002,86.28888,0.0,0.0,90.0
296.1,40.01284111,-104.9505298,1646.8344000000002,86.28888,0.0,0.0,90.0
296.19999999999993,40.01284109,-104.9505296,1646.8344000000002,86.28888,0.0,0.0,90.0
296.29999999999995,40.012841,-104.9505295,1646.8344000000002,86.28888,0.0,0.0,90.0
296.4,40.01284097,-104.9505293,1646.8344000000002,86.28888,0.0,0.0,90.0
296.5,40.01284105,-104.9505292,1646.8344000000002,86.28888,0.0,0.0,90.0
296.6,40.01284105,-104.950529,1646.8344000000002,86.28888,0.0,0.0,90.0
296.69999999999993,40.01284096,-104.9505289,1646.8344000000002,86.28888,0.0,0.0,90.0
296.79999999999995,40.01284095,-104.9505288,1646.8344000000002,86.28888,0.0,0.0,0.0
296.9,40.01284114,-104.9505287,1646.8344000000002,86.28888,0.0,0.0,0.0
297.0,40.01284113,-104.9505286,1646.8344000000002,86.28888,0.0,0.0,0.0
297.1,40.01284123,-104.9505286,1646.8344000000002,86.28888,0.0,0.0,0.0
297.19999999999993,40.01284121,-104.9505286,1646.8344000000002,86.28888,0.0,0.0,0.0
297.29999999999995,40.01284116,-104.9505286,1646.8344000000002,86.28888,0.491744,0.0,0.0
297.4,40.01284112,-104.9505286,1646.8344000000002,86.28888,0.491744,0.0,0.0
297.5,40.01284127,-104.9505286,1646.8344000000002,86.28888,0.0,0.0,0.0
297.6,40.01284125,-104.9505286,1646.8344000000002,86.28888,0.0,0.0,0.0
297.69999999999993,40.01284127,-104.9505287,1646.8344000000002,86.28888,0.0,0.0,0.0
297.9,40.01284131,-104.9505287,1646.5296,86.19744000000001,0.312928,0.0,0.0
298.0,40.01284131,-104.9505287,1646.5296,86.19744000000001,0.312928,0.0,0.0
298.1,40.01284135,-104.9505288,1646.5296,86.19744000000001,0.0,0.0,0.0
298.19999999999993,40.01284135,-104.9505288,1646.8344000000002,86.28888,0.0,0.0,0.0
298.29999999999995,40.01284118,-104.9505287,1646.5296,86.19744000000001,0.0,0.0,0.0
298.4,40.01284116,-104.9505287,1646.5296,86.19744000000001,0.0,0.0,0.0
298.5,40.01284102,-104.9505288,1646.5296,86.19744000000001,0.491744,0.0,0.0
298.6,40.012841,-104.9505289,1646.5296,86.19744000000001,0.0,0.0,0.0
298.69999999999993,40.01284108,-104.9505289,1646.5296,86.19744000000001,0.0,0.0,0.0
298.79999999999995,40.01284108,-104.9505289,1646.5296,86.19744000000001,0.0,0.0,0.0
298.9,40.01284099,-104.9505289,1646.5296,86.19744000000001,0.0,0.0,0.0
299.0,40.01284097,-104.9505288,1646.5296,86.19744000000001,0.0,0.0,0.0
299.1,40.01284098,-104.950529,1646.5296,86.19744000000001,0.0,0.0,0.0
299.19999999999993,40.01284097,-104.950529,1646.5296,86.19744000000001,0.0,0.0,0.0
299.29999999999995,40.01284085,-104.950529,1646.5296,86.19744000000001,0.0,0.0,0.0
299.4,40.01284083,-104.950529,1646.5296,86.19744000000001,0.0,0.0,0.0
299.6,40.01284072,-104.950529,1646.5296,86.19744000000001,0.0,0.0,0.0
299.69999999999993,40.01284078,-104.950529,1646.5296,86.19744000000001,0.0,0.0,0.0
299.79999999999995,40.01284076,-104.950529,1646.5296,86.19744000000001,0.0,0.0,0.0
299.9,40.01284078,-104.950529,1646.5296,86.19744000000001,0.0,0.0,0.0
300.0,40.01284076,-104.950529,1646.5296,86.19744000000001,0.0,0.0,0.0
300.1,40.01284062,-104.950529,1646.5296,86.19744000000001,0.0,0.0,0.0
300.19999999999993,40.01284058,-104.950529,1646.5296,86.19744000000001,0.0,0.0,0.0
300.29999999999995,40.01284062,-104.9505289,1646.5296,86.19744000000001,0.0,0.0,0.0
300.4,40.01284058,-104.9505289,1646.5296,86.19744000000001,0.0,0.0,0.0
300.5,40.01284063,-104.9505289,1646.5296,86.19744000000001,0.0,0.0,0.0
300.6,40.01284059,-104.9505289,1646.5296,86.19744000000001,0.0,0.0,0.0
300.69999999999993,40.01284048,-104.9505289,1646.5296,86.19744000000001,0.0,0.0,0.0
300.79999999999995,40.01284044,-104.9505289,1646.5296,86.19744000000001,0.0,0.0,0.0
300.9,40.01284067,-104.9505288,1646.5296,86.19744000000001,0.0,0.0,0.0
301.0,40.01284065,-104.9505287,1646.5296,86.19744000000001,0.0,0.0,0.0
301.1,40.01284069,-104.9505288,1646.5296,86.19744000000001,0.0,0.0,0.0
301.19999999999993,40.01284067,-104.9505287,1646.5296,86.19744000000001,0.0,0.0,0.0
301.29999999999995,40.01284068,-104.9505286,1646.5296,86.19744000000001,0.0,0.0,0.0
301.4,40.01284064,-104.9505285,1646.5296,86.19744000000001,0.0,0.0,0.0
301.5,40.01284062,-104.9505284,1646.5296,86.19744000000001,0.0,0.0,0.0
301.6,40.01284055,-104.9505283,1646.5296,86.19744000000001,0.0,0.0,0.0
301.69999999999993,40.01284056,-104.9505284,1646.5296,86.19744000000001,0.0,0.0,0.0
301.79999999999995,40.01284054,-104.9505284,1646.5296,86.19744000000001,0.0,0.0,0.0
301.9,40.01284054,-104.9505283,1646.5296,86.19744000000001,0.0,0.0,0.0
302.0,40.01284055,-104.9505283,1646.5296,86.19744000000001,0.0,0.0,0.0
302.1,40.01284039,-104.9505282,1646.5296,86.19744000000001,0.0,0.0,0.0
302.19999999999993,40.01284039,-104.9505282,1646.5296,86.19744000000001,0.0,0.0,0.0
302.29999999999995,40.01284046,-104.9505283,1646.5296,86.19744000000001,0.0,0.0,0.0
302.4,40.01284048,-104.9505283,1646.5296,86.19744000000001,0.0,0.0,0.0
302.5,40.01284035,-104.9505284,1646.5296,86.19744000000001,0.0,0.0,0.0
302.6,40.01284035,-104.9505284,1646.5296,86.19744000000001,0.0,0.0,0.0
302.69999999999993,40.01284034,-104.9505284,1646.5296,86.19744000000001,0.0,0.0,0.0
302.79999999999995,40.01284033,-104.9505285,1646.5296,86.19744000000001,0.0,0.0,0.0
303.0,40.01284032,-104.9505284,1646.5296,86.19744000000001,0.0,0.0,0.0
303.1,40.01284034,-104.9505283,1646.5296,86.19744000000001,0.0,0.0,0.0
303.19999999999993,40.01284034,-104.9505283,1646.5296,86.19744000000001,0.0,0.0,0.0
303.29999999999995,40.01284033,-104.9505282,1646.5296,86.19744000000001,0.0,0.0,0.0
303.5,40.01284014,-104.9505281,1646.5296,86.19744000000001,0.0,0.0,0.0
303.6,40.01284011,-104.9505281,1646.5296,86.19744000000001,0.312928,0.0,0.0
303.69999999999993,40.01284014,-104.950528,1646.5296,86.19744000000001,0.0,0.0,0.0
303.79999999999995,40.01284011,-104.950528,1646.5296,86.19744000000001,0.0,0.0,0.0
303.9,40.01284,-104.950528,1646.5296,86.19744000000001,0.0,0.0,0.0
304.19999999999993,40.01283988,-104.9505281,1646.5296,86.19744000000001,0.0,0.0,0.0
304.29999999999995,40.0128398,-104.9505281,1646.5296,86.19744000000001,0.0,0.0,0.0
304.4,40.01283975,-104.9505282,1646.5296,86.19744000000001,0.0,0.0,0.0
304.5,40.01283965,-104.9505281,1646.5296,86.19744000000001,0.0,0.0,0.0
304.6,40.01283959,-104.9505281,1646.5296,86.19744000000001,0.0,0.0,0.0
304.69999999999993,40.01283951,-104.9505282,1646.5296,86.19744000000001,0.0,0.0,0.0
304.79999999999995,40.01283944,-104.9505282,1646.5296,86.19744000000001,0.0,0.0,0.0
304.9,40.01283939,-104.9505283,1646.5296,86.19744000000001,0.0,0.0,0.0
305.0,40.01283932,-104.9505283,1646.5296,86.19744000000001,0.0,0.0,0.0
305.1,40.0128393,-104.9505282,1646.5296,86.19744000000001,0.0,0.0,0.0
305.19999999999993,40.01283925,-104.9505282,1646.8344000000002,86.28888,0.0,0.0,0.0
305.29999999999995,40.01283925,-104.9505282,1646.5296,86.19744000000001,0.0,0.0,0.0
305.4,40.01283921,-104.9505282,1646.5296,86.19744000000001,0.0,0.0,0.0
305.5,40.01283918,-104.9505282,1646.5296,86.19744000000001,0.0,0.0,0.0
305.6,40.01283915,-104.9505282,1646.8344000000002,86.28888,0.0,0.0,0.0
305.69999999999993,40.01283911,-104.950528,1646.8344000000002,86.28888,0.0,0.0,0.0
305.79999999999995,40.01283907,-104.950528,1646.8344000000002,86.28888,0.0,0.0,0.0
305.9,40.01283914,-104.9505279,1646.8344000000002,86.28888,0.0,0.0,0.0
306.0,40.01283909,-104.9505278,1646.8344000000002,86.28888,0.0,0.0,0.0
306.1,40.01283911,-104.9505277,1646.8344000000002,86.28888,0.0,0.0,0.0
306.19999999999993,40.01283904,-104.9505276,1646.8344000000002,86.28888,0.0,0.0,0.0
306.29999999999995,40.01283906,-104.9505275,1646.8344000000002,86.28888,0.491744,0.0,0.0
306.4,40.01283899,-104.9505274,1646.8344000000002,86.28888,0.0,0.0,0.0
306.5,40.01283889,-104.9505273,1646.5296,86.19744000000001,0.0,0.0,0.0
306.6,40.01283883,-104.9505273,1646.5296,86.19744000000001,0.0,0.0,0.0
306.69999999999993,40.01283881,-104.9505273,1646.5296,86.19744000000001,0.0,0.0,0.0
306.79999999999995,40.01283877,-104.9505272,1646.5296,86.19744000000001,0.0,-0.089408,0.0
306.9,40.01283879,-104.9505274,1646.5296,86.19744000000001,0.0,-0.089408,0.0
307.0,40.01283878,-104.9505274,1646.5296,86.19744000000001,0.0,-0.089408,0.0
307.1,40.01283876,-104.9505273,1646.8344000000002,86.28888,0.0,-0.22352,0.0
307.19999999999993,40.01283875,-104.9505273,1646.8344000000002,86.28888,0.0,-0.089408,0.0
307.4,40.01283864,-104.9505273,1646.8344000000002,86.28888,0.0,0.0,0.0
307.5,40.01283867,-104.9505272,1646.8344000000002,86.28888,0.0,0.0,0.0
307.6,40.01283866,-104.9505272,1646.8344000000002,86.28888,0.0,0.0,0.0
307.69999999999993,40.0128387,-104.9505273,1646.8344000000002,86.28888,0.0,0.0,0.0
307.9,40.0128389,-104.9505276,1646.8344000000002,86.28888,0.0,0.0,0.0
308.0,40.01283893,-104.9505277,1646.8344000000002,86.28888,0.0,0.0,0.0
308.1,40.01283893,-104.9505278,1646.8344000000002,86.28888,0.0,0.0,0.0
308.19999999999993,40.01283897,-104.9505279,1646.8344000000002,86.28888,0.0,0.0,0.0
308.29999999999995,40.01283894,-104.950528,1646.8344000000002,86.28888,0.0,0.0,0.0
308.4,40.01283898,-104.950528,1646.8344000000002,86.28888,0.0,0.0,0.0
308.6,40.01283912,-104.950528,1646.8344000000002,86.41080000000001,0.0,0.0,0.0
308.79999999999995,40.01283904,-104.9505281,1646.8344000000002,86.41080000000001,0.0,0.0,0.0
308.9,40.01283896,-104.9505281,1646.8344000000002,86.41080000000001,0.0,0.0,0.0
309.0,40.01283895,-104.9505281,1646.8344000000002,86.41080000000001,0.0,0.0,0.0
309.19999999999993,40.01283906,-104.950528,1646.8344000000002,86.41080000000001,0.0,0.0,0.0
309.29999999999995,40.01283905,-104.9505281,1646.8344000000002,86.41080000000001,0.0,0.0,0.0
309.4,40.01283906,-104.9505281,1646.8344000000002,86.41080000000001,0.0,0.0,0.0
309.5,40.01283906,-104.9505279,1646.8344000000002,86.41080000000001,0.0,0.0,0.0
309.6,40.01283906,-104.9505279,1646.8344000000002,86.41080000000001,0.0,0.0,0.0
309.69999999999993,40.01283889,-104.9505279,1646.8344000000002,86.28888,0.0,0.0,0.0
309.79999999999995,40.01283887,-104.9505279,1646.8344000000002,86.28888,0.491744,0.0,0.0
309.9,40.01283902,-104.9505278,1646.8344000000002,86.28888,0.0,0.0,0.0
310.0,40.01283903,-104.9505277,1646.8344000000002,86.28888,0.0,0.0,0.0
310.1,40.0128389,-104.9505277,1646.8344000000002,86.28888,0.0,0.0,0.0
310.19999999999993,40.01283888,-104.9505276,1646.8344000000002,86.28888,0.0,0.0,0.0
310.29999999999995,40.0128389,-104.9505276,1646.8344000000002,86.28888,0.0,0.0,0.0
310.4,40.01283888,-104.9505276,1646.8344000000002,86.41080000000001,0.0,0.0,0.0
310.5,40.01283872,-104.9505277,1646.8344000000002,86.28888,0.0,0.0,0.0
310.6,40.01283869,-104.9505277,1646.8344000000002,86.28888,0.0,0.0,0.0
310.69999999999993,40.01283873,-104.9505278,1646.8344000000002,86.41080000000001,0.0,0.0,0.0
310.79999999999995,40.0128387,-104.9505278,1646.8344000000002,86.28888,0.0,0.0,0.0
310.9,40.01283876,-104.9505278,1646.8344000000002,86.28888,0.0,0.0,0.0
311.0,40.01283875,-104.9505277,1646.8344000000002,86.28888,0.0,0.0,0.0
311.1,40.01283881,-104.9505277,1646.8344000000002,86.28888,0.0,0.0,0.0
311.19999999999993,40.0128388,-104.9505277,1646.8344000000002,86.28888,0.491744,0.0,0.0
311.29999999999995,40.0128388,-104.9505276,1646.8344000000002,86.28888,0.491744,0.0,0.0
311.4,40.01283877,-104.9505276,1646.8344000000002,86.41080000000001,0.0,0.0,0.0
311.5,40.01283889,-104.9505277,1646.8344000000002,86.41080000000001,0.0,0.0,0.0
311.79999999999995,40.01283881,-104.9505276,1646.8344000000002,86.28888,0.0,0.0,0.0
311.9,40.0128387,-104.9505276,1646.8344000000002,86.28888,0.0,0.0,0.0
312.1,40.01283859,-104.9505278,1646.8344000000002,86.28888,0.0,0.0,0.0
312.19999999999993,40.01283855,-104.9505278,1646.8344000000002,86.28888,0.0,0.0,0.0
312.29999999999995,40.0128385,-104.9505277,1646.8344000000002,86.28888,0.0,0.0,0.0
312.4,40.01283846,-104.9505278,1646.8344000000002,86.28888,0.0,0.0,0.0
312.5,40.01283841,-104.9505279,1646.8344000000002,86.28888,0.0,0.0,0.0
312.6,40.01283838,-104.9505279,1646.8344000000002,86.28888,0.0,0.0,0.0
312.69999999999993,40.01283817,-104.9505278,1646.8344000000002,86.28888,0.491744,0.0,0.0
312.79999999999995,40.01283813,-104.9505279,1646.8344000000002,86.28888,0.0,0.0,0.0
313.0,40.01283802,-104.9505278,1646.8344000000002,86.28888,0.0,0.0,0.0
313.19999999999993,40.01283779,-104.9505279,1646.8344000000002,86.28888,0.0,0.0,0.0
313.4,40.01283774,-104.9505277,1646.8344000000002,86.28888,0.0,0.0,0.0
313.5,40.01283785,-104.9505276,1646.8344000000002,86.28888,0.0,0.0,0.0
313.79999999999995,40.01283771,-104.9505273,1646.8344000000002,86.28888,0.0,-0.089408,0.0
313.9,40.01283776,-104.9505272,1646.8344000000002,86.28888,0.0,0.0,0.0
314.0,40.01283773,-104.9505272,1646.8344000000002,86.41080000000001,0.0,0.0,0.0
314.1,40.01283777,-104.9505271,1646.8344000000002,86.41080000000001,0.0,0.0,0.0
314.19999999999993,40.01283775,-104.950527,1646.8344000000002,86.28888,0.0,0.0,0.0
314.29999999999995,40.01283777,-104.950527,1646.8344000000002,86.41080000000001,0.0,0.0,0.0
314.4,40.01283776,-104.9505269,1646.8344000000002,86.41080000000001,0.0,0.0,0.0
314.5,40.0128378,-104.9505268,1646.8344000000002,86.41080000000001,0.0,0.0,0.0
314.6,40.0128378,-104.9505268,1646.8344000000002,86.41080000000001,0.0,0.0,0.0
314.69999999999993,40.01283783,-104.9505268,1646.8344000000002,86.41080000000001,0.0,0.0,0.0
314.79999999999995,40.01283782,-104.9505267,1646.8344000000002,86.41080000000001,0.0,0.0,0.0
314.9,40.01283781,-104.9505269,1646.8344000000002,86.41080000000001,0.0,0.0,0.0
315.0,40.0128378,-104.9505268,1646.8344000000002,86.41080000000001,0.0,0.0,0.0
315.1,40.01283793,-104.9505268,1646.8344000000002,86.41080000000001,0.0,0.0,0.0
315.19999999999993,40.01283793,-104.9505267,1646.8344000000002,86.41080000000001,0.0,0.0,0.0
315.29999999999995,40.01283792,-104.9505266,1646.8344000000002,86.41080000000001,0.0,0.0,0.0
315.4,40.01283791,-104.9505266,1646.8344000000002,86.41080000000001,0.0,-0.089408,0.0
315.6,40.01283789,-104.9505267,1646.8344000000002,86.41080000000001,0.0,-0.089408,0.0
315.69999999999993,40.01283776,-104.9505266,1646.8344000000002,86.41080000000001,0.0,-0.312928,0.0
315.79999999999995,40.01283773,-104.9505266,1646.8344000000002,86.50224000000001,0.0,-0.402336,0.0
315.9,40.01283777,-104.9505265,1646.8344000000002,86.50224000000001,0.0,-0.402336,0.0
316.1,40.01283778,-104.9505266,1647.1392,86.59368,0.0,-0.402336,0.0
316.19999999999993,40.01283776,-104.9505266,1647.1392,86.59368,0.0,-0.402336,0.0
316.29999999999995,40.01283794,-104.9505266,1647.1392,86.59368,0.491744,-0.312928,0.0
316.4,40.01283794,-104.9505267,1647.1392,86.68512,0.0,-0.312928,0.0
316.5,40.0128378,-104.9505265,1647.1392,86.68512,0.0,-0.312928,0.0
316.6,40.0128378,-104.9505266,1647.1392,86.68512,0.0,-0.312928,0.0
316.79999999999995,40.01283767,-104.9505268,1647.1392,86.80704000000001,0.0,-0.402336,0.0
316.9,40.01283755,-104.9505267,1647.4440000000002,86.89848,0.0,-0.312928,0.0
317.0,40.01283752,-104.9505268,1647.4440000000002,86.89848,0.0,-0.22352,0.0
317.1,40.0128374,-104.9505269,1647.4440000000002,86.89848,0.491744,-0.089408,0.0
317.19999999999993,40.01283736,-104.950527,1647.4440000000002,86.89848,0.0,0.0,0.0
317.29999999999995,40.01283742,-104.9505272,1647.4440000000002,86.89848,0.0,0.0,0.0
317.4,40.0128374,-104.9505273,1647.4440000000002,86.89848,0.0,0.0,0.0
317.5,40.01283748,-104.9505276,1647.4440000000002,86.89848,0.0,0.0,0.0
317.6,40.0128375,-104.9505277,1647.4440000000002,86.89848,0.0,0.0,0.0
317.69999999999993,40.01283743,-104.9505277,1647.4440000000002,86.89848,0.0,0.0,0.0
317.79999999999995,40.01283746,-104.9505278,1647.4440000000002,86.89848,0.0,0.0,0.0
317.9,40.0128375,-104.950528,1647.4440000000002,86.98992,0.0,-0.089408,0.0
318.0,40.01283753,-104.9505281,1647.4440000000002,86.98992,0.0,-0.089408,0.0
318.1,40.01283752,-104.950528,1647.4440000000002,86.98992,0.0,-0.089408,0.0
318.19999999999993,40.01283755,-104.950528,1647.4440000000002,86.98992,0.0,-0.22352,0.0
318.29999999999995,40.01283765,-104.950528,1647.4440000000002,86.98992,0.0,-0.312928,0.0
318.4,40.01283769,-104.950528,1647.4440000000002,86.98992,0.0,-0.402336,0.0
318.5,40.01283778,-104.9505279,1647.4440000000002,87.11184,0.0,-0.491744,0.0
318.6,40.01283782,-104.9505279,1647.4440000000002,87.11184,0.0,-0.491744,0.0
318.69999999999993,40.01283774,-104.9505279,1647.7488,87.20328,0.0,-0.581152,0.0
318.79999999999995,40.01283777,-104.9505279,1647.7488,87.29472,0.0,-0.715264,0.0
319.0,40.01283771,-104.9505277,1648.0536000000002,87.50808,0.0,-0.983488,0.0
319.1,40.0128378,-104.9505278,1648.0536000000002,87.59952,0.0,-1.296416,0.0
319.19999999999993,40.0128378,-104.9505278,1648.0536000000002,87.69096,0.0,-1.6987519999999998,0.0
319.29999999999995,40.01283788,-104.950528,1648.3584,87.90432,0.0,-2.101088,0.0
319.4,40.01283787,-104.950528,1648.6632000000002,88.08720000000001,0.0,-2.279904,0.0
319.5,40.01283764,-104.9505277,1648.968,88.39200000000001,0.0,-2.101088,0.0
319.6,40.01283758,-104.9505277,1648.968,88.60536,0.0,-2.01168,0.0
319.69999999999993,40.01283773,-104.9505278,1649.2728000000002,88.78824,0.0,-2.01168,0.0
319.79999999999995,40.01283768,-104.9505279,1649.2728000000002,88.91016,0.0,-1.922272,0.0
319.9,40.01283769,-104.950528,1649.5776,89.09304,0.0,-1.922272,0.0
320.0,40.01283762,-104.9505281,1649.8824000000002,89.30640000000001,0.0,-1.922272,0.0
320.1,40.01283764,-104.9505283,1649.8824000000002,89.48928000000001,0.0,-1.922272,0.0
320.19999999999993,40.01283754,-104.9505285,1650.1872,89.70264,0.0,-1.922272,0.0
320.29999999999995,40.01283729,-104.9505285,1650.1872,89.88552,0.0,-1.922272,0.0
320.4,40.01283718,-104.9505287,1650.4920000000002,90.09888,0.0,-1.922272,0.0
320.5,40.01283706,-104.9505289,1650.7968,90.31224,0.0,-1.922272,0.0
320.6,40.01283696,-104.950529,1650.7968,90.49512,0.0,-1.78816,0.0
320.69999999999993,40.01283691,-104.9505293,1651.1016000000002,90.70848,0.0,-1.78816,0.0
320.79999999999995,40.01283682,-104.9505294,1651.1016000000002,90.79992,0.0,-1.6987519999999998,0.0
320.9,40.01283658,-104.9505293,1651.4064,91.01328,0.0,-1.609344,0.0
321.0,40.01283649,-104.9505294,1651.4064,91.10472,0.0,-1.519936,0.0
321.1,40.01283626,-104.9505301,1651.7112000000002,91.2876,0.0,-1.519936,0.0
321.19999999999993,40.01283618,-104.9505302,1651.7112000000002,91.40952,0.491744,-1.519936,0.0
321.29999999999995,40.01283601,-104.9505305,1652.016,91.5924,0.0,-1.519936,0.0
321.4,40.01283595,-104.9505306,1652.3208000000002,91.80576,0.0,-1.609344,0.0
321.5,40.01283607,-104.9505308,1652.3208000000002,91.98864,0.0,-1.609344,0.0
321.6,40.01283606,-104.9505309,1652.6256,92.11056,0.0,-1.519936,0.0
321.69999999999993,40.01283595,-104.9505307,1652.6256,92.29344,0.0,-1.519936,0.0
321.79999999999995,40.01283594,-104.9505307,1652.9304000000002,92.38488,0.0,-1.519936,0.0
321.9,40.01283589,-104.9505307,1652.9304000000002,92.59824,0.0,-1.385824,0.0
322.0,40.01283589,-104.9505306,1653.2352,92.68968,0.0,-1.296416,0.0
322.1,40.01283593,-104.9505307,1653.2352,92.8116,0.0,-1.296416,0.0
322.19999999999993,40.01283595,-104.9505306,1653.2352,92.90304,0.0,-1.296416,0.0
322.29999999999995,40.01283596,-104.9505304,1653.5400000000002,93.08592,0.0,-1.296416,90.0
322.4,40.01283599,-104.9505302,1653.5400000000002,93.20784,0.0,-1.207008,90.0
322.5,40.01283628,-104.9505299,1653.8448,93.29928,0.491744,-1.207008,90.0
322.6,40.01283634,-104.9505294,1653.8448,93.51264,0.67056,-1.207008,90.0
322.79999999999995,40.01283619,-104.9505281,1654.1496000000002,93.69552,0.44704,-1.1176,90.0
323.0,40.01283655,-104.9505263,1654.4544,94.00032,0.67056,-1.1176,90.0
323.1,40.01283661,-104.9505253,1654.4544,94.09176,0.8493759999999999,-0.983488,90.0
323.4,40.01283701,-104.9505215,1654.7592000000002,94.39656,1.028192,-0.89408,84.80557109226521
323.6,40.01283742,-104.9505192,1655.064,94.488,1.0728959999999998,-0.312928,84.80557109226521
323.9,40.01283773,-104.9505155,1655.064,94.488,1.028192,0.0,90.0
324.0,40.01283782,-104.9505147,1655.064,94.488,0.938784,0.0,90.0
324.1,40.01283797,-104.9505139,1655.064,94.488,0.67056,0.0,90.0
324.29999999999995,40.01283828,-104.950513,1655.064,94.488,0.5364479999999999,0.0,90.0
324.5,40.01283845,-104.9505124,1655.064,94.488,0.357632,0.0,90.0
324.6,40.01283854,-104.9505123,1655.064,94.488,0.44704,0.0,0.0
324.69999999999993,40.01283877,-104.950512,1655.064,94.488,0.0,0.0,0.0
324.79999999999995,40.01283887,-104.9505119,1655.064,94.488,0.67056,0.0,0.0
324.9,40.01283896,-104.9505119,1655.064,94.60992,0.0,0.0,0.0
325.0,40.01283904,-104.9505119,1655.064,94.488,0.0,0.0,0.0
325.1,40.01283899,-104.9505121,1655.064,94.488,0.0,0.0,0.0
325.19999999999993,40.01283906,-104.9505121,1655.064,94.488,0.0,0.0,0.0
325.29999999999995,40.01283919,-104.9505121,1655.064,94.488,0.0,0.0,0.0
325.4,40.01283926,-104.9505121,1655.064,94.488,0.0,0.0,0.0
325.5,40.01283939,-104.9505123,1655.064,94.488,0.0,0.0,0.0
325.6,40.01283947,-104.9505124,1655.064,94.488,0.0,0.0,0.0
325.69999999999993,40.0128396,-104.9505125,1655.064,94.60992,0.491744,0.0,0.0
325.79999999999995,40.01283967,-104.9505126,1655.064,94.60992,0.491744,0.0,0.0
325.9,40.01283978,-104.9505129,1655.064,94.60992,0.0,0.0,0.0
326.0,40.01283983,-104.950513,1655.064,94.60992,0.0,0.0,0.0
326.19999999999993,40.0128398,-104.9505134,1655.064,94.60992,0.0,0.0,0.0
326.29999999999995,40.01283997,-104.9505136,1655.064,94.60992,0.0,0.0,0.0
326.4,40.01283999,-104.9505138,1655.064,94.60992,0.0,0.0,0.0
326.5,40.01283989,-104.9505139,1655.064,94.488,0.0,0.0,0.0
326.6,40.01283988,-104.9505141,1655.064,94.60992,0.0,0.0,0.0
326.69999999999993,40.01283982,-104.9505143,1655.064,94.60992,0.0,0.0,0.0
326.9,40.01283978,-104.9505145,1655.064,94.60992,0.0,0.0,0.0
327.0,40.01283976,-104.9505147,1655.064,94.488,0.0,0.0,0.0
327.1,40.01283978,-104.9505148,1655.064,94.60992,0.0,0.0,0.0
327.29999999999995,40.01283964,-104.9505149,1655.064,94.488,0.0,0.0,0.0
327.4,40.01283961,-104.950515,1655.064,94.488,0.0,0.0,0.0
327.6,40.01283963,-104.950515,1655.064,94.488,0.0,0.0,0.0
327.79999999999995,40.01283946,-104.9505152,1655.064,94.488,0.0,0.0,0.0
328.0,40.01283932,-104.9505151,1655.064,94.488,0.0,0.0,0.0
328.1,40.01283911,-104.9505152,1655.064,94.488,0.312928,0.0,0.0
328.19999999999993,40.01283905,-104.9505152,1655.064,94.488,0.0,0.0,0.0
328.29999999999995,40.01283903,-104.9505153,1655.064,94.488,0.0,0.0,0.0
328.4,40.01283898,-104.9505153,1655.064,94.488,0.0,0.0,0.0
328.5,40.01283881,-104.9505154,1655.064,94.488,0.0,0.0,0.0
328.6,40.01283875,-104.9505154,1655.064,94.488,0.0,0.0,0.0
328.69999999999993,40.01283873,-104.9505154,1655.064,94.488,0.0,0.0,0.0
328.79999999999995,40.01283867,-104.9505155,1655.064,94.488,0.0,0.0,0.0
328.9,40.01283849,-104.9505155,1655.064,94.488,0.0,0.0,0.0
329.0,40.01283842,-104.9505155,1655.064,94.488,0.0,0.0,0.0
329.1,40.01283826,-104.9505156,1655.064,94.60992,0.0,0.0,0.0
329.19999999999993,40.01283818,-104.9505156,1655.064,94.60992,0.0,0.0,0.0
329.29999999999995,40.01283804,-104.9505158,1655.064,94.488,0.0,0.0,0.0
329.4,40.01283796,-104.9505159,1655.064,94.488,0.0,0.0,0.0
329.5,40.01283784,-104.9505158,1655.064,94.488,0.0,0.0,0.0
329.6,40.01283776,-104.9505158,1655.064,94.488,0.491744,0.0,0.0
329.69999999999993,40.01283765,-104.9505157,1655.064,94.60992,0.0,0.0,0.0
329.79999999999995,40.01283758,-104.9505157,1655.064,94.60992,0.0,0.0,0.0
329.9,40.01283761,-104.9505158,1655.064,94.60992,0.0,0.0,0.0
330.0,40.01283755,-104.9505158,1655.064,94.60992,0.0,0.0,0.0
330.1,40.01283753,-104.9505156,1655.064,94.60992,0.0,0.0,0.0
330.19999999999993,40.01283747,-104.9505156,1655.064,94.60992,0.0,0.0,0.0
330.29999999999995,40.01283744,-104.9505156,1655.064,94.60992,0.0,0.0,0.0
330.4,40.01283738,-104.9505156,1655.064,94.60992,0.491744,0.0,0.0
330.6,40.01283746,-104.9505156,1655.064,94.60992,0.0,0.0,0.0
330.69999999999993,40.01283754,-104.9505155,1655.064,94.60992,0.0,0.0,0.0
330.79999999999995,40.01283751,-104.9505155,1655.064,94.60992,0.0,0.0,0.0
330.9,40.01283755,-104.9505154,1655.064,94.60992,0.0,0.0,0.0
331.0,40.01283752,-104.9505154,1655.064,94.60992,0.0,0.0,0.0
331.1,40.01283756,-104.9505154,1655.064,94.60992,0.0,0.0,0.0
331.19999999999993,40.01283754,-104.9505154,1655.064,94.60992,0.0,0.0,0.0
331.29999999999995,40.01283759,-104.9505154,1655.064,94.60992,0.0,0.0,0.0
331.4,40.01283758,-104.9505154,1655.064,94.60992,0.0,0.0,0.0
331.5,40.01283761,-104.9505154,1655.064,94.60992,0.0,0.0,0.0
331.6,40.0128376,-104.9505154,1655.064,94.60992,0.0,0.0,0.0
331.69999999999993,40.01283761,-104.9505154,1655.064,94.60992,0.0,0.0,0.0
331.79999999999995,40.01283758,-104.9505154,1655.064,94.60992,0.0,0.0,0.0
331.9,40.01283768,-104.9505154,1655.064,94.60992,0.0,0.0,0.0
332.0,40.01283761,-104.9505154,1655.064,94.60992,0.0,0.0,0.0
332.1,40.01283739,-104.9505153,1655.064,94.60992,0.0,0.0,0.0
332.19999999999993,40.01283731,-104.9505153,1655.064,94.60992,0.0,0.0,0.0
332.29999999999995,40.01283727,-104.9505153,1655.064,94.60992,0.0,0.0,0.0
332.4,40.01283722,-104.9505153,1655.064,94.60992,0.0,0.0,0.0
332.5,40.0128373,-104.9505152,1655.064,94.60992,0.0,0.0,0.0
332.6,40.01283727,-104.9505152,1655.064,94.60992,0.0,0.0,0.0
332.69999999999993,40.01283725,-104.9505153,1655.064,94.60992,0.0,0.0,0.0
332.9,40.01283713,-104.9505154,1655.064,94.60992,0.0,0.0,0.0
333.0,40.0128371,-104.9505154,1655.064,94.60992,0.0,0.0,0.0
333.1,40.01283702,-104.9505154,1655.064,94.60992,0.0,0.0,0.0
333.19999999999993,40.01283698,-104.9505154,1655.064,94.60992,0.0,0.0,0.0
333.29999999999995,40.01283689,-104.9505156,1655.064,94.60992,0.0,0.0,0.0
333.4,40.01283684,-104.9505156,1655.064,94.60992,0.0,0.0,0.0
333.6,40.01283691,-104.9505158,1655.064,94.488,0.0,0.0,0.0
333.79999999999995,40.01283685,-104.950516,1655.064,94.60992,0.0,0.0,0.0
334.0,40.01283665,-104.9505161,1655.064,94.60992,0.0,0.0,0.0
334.19999999999993,40.01283659,-104.9505161,1655.064,94.60992,0.0,0.0,0.0
334.29999999999995,40.01283665,-104.9505163,1655.064,94.60992,0.0,0.0,0.0
334.4,40.01283667,-104.9505163,1655.064,94.60992,0.0,0.0,0.0
334.5,40.01283655,-104.9505162,1655.064,94.60992,0.0,0.0,0.0
334.6,40.01283657,-104.9505162,1655.064,94.70136,0.0,0.0,0.0
334.69999999999993,40.01283657,-104.9505162,1655.064,94.60992,0.0,0.0,0.0
334.79999999999995,40.01283657,-104.9505162,1655.064,94.60992,0.491744,0.0,0.0
334.9,40.01283652,-104.9505161,1655.064,94.60992,0.0,0.0,0.0
335.0,40.01283651,-104.950516,1655.064,94.60992,0.491744,0.0,0.0
335.1,40.01283648,-104.9505161,1655.064,94.60992,0.0,0.0,0.0
335.19999999999993,40.01283645,-104.9505161,1655.064,94.60992,0.0,0.0,0.0
335.29999999999995,40.01283647,-104.9505161,1655.064,94.60992,0.0,0.0,0.0
335.4,40.01283645,-104.9505161,1655.064,94.60992,0.0,0.0,0.0
335.5,40.01283633,-104.950516,1655.064,94.60992,0.0,0.0,0.0
335.6,40.01283631,-104.950516,1655.064,94.60992,0.0,0.0,0.0
335.69999999999993,40.0128362,-104.9505161,1655.064,94.60992,0.0,0.0,0.0
335.79999999999995,40.01283615,-104.9505161,1655.064,94.60992,0.0,0.0,0.0
335.9,40.01283606,-104.9505159,1655.064,94.70136,0.0,0.0,0.0
336.0,40.012836,-104.9505159,1655.064,94.70136,0.491744,0.0,0.0
336.1,40.01283593,-104.9505159,1655.064,94.70136,0.0,0.0,0.0
336.19999999999993,40.01283587,-104.9505159,1655.064,94.70136,0.491744,0.0,0.0
336.29999999999995,40.01283582,-104.9505157,1655.064,94.70136,0.0,0.0,0.0
336.4,40.01283576,-104.9505157,1655.064,94.60992,0.0,0.0,0.0
336.5,40.01283571,-104.9505158,1655.064,94.60992,0.0,0.0,0.0
336.6,40.01283564,-104.9505157,1655.064,94.60992,0.0,0.0,0.0
336.69999999999993,40.0128356,-104.9505157,1655.064,94.60992,0.0,0.0,0.0
336.79999999999995,40.01283553,-104.9505156,1655.064,94.60992,0.0,0.0,0.0
336.9,40.01283565,-104.9505157,1655.064,94.60992,0.0,0.0,0.0
337.0,40.01283559,-104.9505157,1655.064,94.60992,0.0,0.0,0.0
337.1,40.01283553,-104.9505157,1655.064,94.60992,0.0,0.0,0.0
337.19999999999993,40.01283547,-104.9505157,1655.064,94.60992,0.0,0.0,0.0
337.29999999999995,40.01283558,-104.9505156,1655.064,94.60992,0.0,0.0,0.0
337.4,40.01283554,-104.9505156,1655.064,94.60992,0.0,0.0,0.0
337.5,40.01283563,-104.9505157,1655.064,94.60992,0.0,0.0,0.0
337.6,40.01283561,-104.9505157,1655.064,94.60992,0.0,0.0,0.0
338.0,40.01283547,-104.9505158,1655.064,94.60992,0.0,0.0,0.0
338.1,40.01283535,-104.9505159,1655.064,94.60992,0.0,0.0,0.0
338.19999999999993,40.01283532,-104.9505159,1655.064,94.60992,0.0,0.0,0.0
338.29999999999995,40.01283532,-104.9505159,1655.064,94.60992,0.0,0.0,0.0
338.4,40.01283531,-104.9505159,1655.064,94.70136,0.0,0.0,0.0
338.5,40.0128353,-104.9505157,1655.064,94.70136,0.0,0.0,0.0
338.6,40.01283529,-104.9505157,1655.064,94.70136,0.0,0.0,0.0
338.69999999999993,40.01283533,-104.9505158,1655.064,94.60992,0.0,0.0,0.0
338.79999999999995,40.01283531,-104.9505158,1655.064,94.60992,0.0,0.0,0.0
338.9,40.01283529,-104.9505158,1655.064,94.60992,0.0,0.0,0.0
339.0,40.01283528,-104.9505158,1655.064,94.60992,0.0,0.0,0.0
339.1,40.01283529,-104.9505159,1655.064,94.70136,0.0,0.0,0.0
339.19999999999993,40.01283528,-104.9505159,1655.064,94.70136,0.0,0.0,0.0
339.29999999999995,40.01283517,-104.9505157,1655.064,94.60992,0.0,0.0,0.0
339.4,40.01283516,-104.9505157,1655.064,94.70136,0.0,0.0,0.0
339.5,40.01283522,-104.9505157,1655.064,94.60992,0.0,0.0,0.0
339.6,40.01283523,-104.9505156,1655.064,94.60992,0.0,0.0,0.0
339.69999999999993,40.01283527,-104.9505157,1655.064,94.70136,0.0,0.0,0.0
339.79999999999995,40.01283529,-104.9505157,1655.064,94.60992,0.0,0.0,0.0
339.9,40.01283528,-104.9505156,1655.064,94.60992,0.0,0.0,0.0
340.0,40.0128353,-104.9505156,1655.064,94.60992,0.0,0.0,0.0
340.1,40.01283528,-104.9505155,1655.064,94.60992,0.0,0.0,0.0
340.19999999999993,40.01283529,-104.9505154,1655.064,94.60992,0.0,0.0,0.0
340.29999999999995,40.01283526,-104.9505153,1655.064,94.60992,0.0,0.0,0.0
340.4,40.01283527,-104.9505152,1655.064,94.60992,0.0,0.0,0.0
340.5,40.01283539,-104.9505151,1655.064,94.488,0.0,0.0,0.0
340.6,40.01283539,-104.9505151,1655.064,94.488,0.0,0.0,0.0
340.69999999999993,40.01283534,-104.9505149,1655.064,94.488,0.0,0.0,0.0
340.79999999999995,40.01283534,-104.9505148,1655.064,94.488,0.0,0.0,0.0
340.9,40.01283533,-104.9505149,1655.064,94.488,0.0,0.0,0.0
341.0,40.01283533,-104.9505148,1655.064,94.488,0.0,0.0,0.0
341.1,40.01283534,-104.9505146,1655.064,94.488,0.0,0.0,0.0
341.19999999999993,40.01283534,-104.9505146,1655.064,94.488,0.0,0.0,0.0
341.29999999999995,40.01283532,-104.9505144,1655.064,94.488,0.0,0.0,0.0
341.4,40.01283532,-104.9505144,1655.064,94.488,0.0,0.0,0.0
341.5,40.01283531,-104.9505142,1655.064,94.488,0.0,0.0,0.0
341.6,40.0128353,-104.9505142,1655.064,94.488,0.0,0.0,0.0
341.69999999999993,40.0128353,-104.9505142,1655.064,94.488,0.0,0.0,0.0
341.79999999999995,40.01283529,-104.9505142,1655.064,94.488,0.0,0.0,0.0
341.9,40.01283531,-104.9505141,1655.064,94.488,0.0,0.0,0.0
342.0,40.0128353,-104.9505141,1655.064,94.488,0.0,0.0,0.0
342.1,40.01283531,-104.9505142,1655.064,94.488,0.0,0.0,0.0
342.19999999999993,40.01283529,-104.9505142,1655.064,94.488,0.0,0.0,0.0
342.29999999999995,40.01283528,-104.9505142,1655.064,94.488,0.0,0.0,0.0
342.4,40.01283525,-104.9505142,1655.064,94.488,0.0,0.0,0.0
342.5,40.01283526,-104.9505142,1655.064,94.60992,0.0,0.0,0.0
342.6,40.01283526,-104.9505142,1655.064,94.60992,0.0,0.0,0.0
342.69999999999993,40.01283517,-104.9505142,1655.064,94.60992,0.0,0.0,0.0
342.79999999999995,40.01283515,-104.9505142,1655.064,94.60992,0.0,0.0,0.0
342.9,40.01283521,-104.9505143,1655.064,94.60992,0.491744,0.0,0.0
343.1,40.01283507,-104.9505143,1655.064,94.60992,0.0,0.0,0.0
343.19999999999993,40.01283504,-104.9505143,1655.064,94.60992,0.0,0.0,0.0
343.4,40.01283501,-104.9505144,1655.064,94.60992,0.0,0.0,0.0
343.9,40.0128348,-104.9505144,1655.064,94.60992,0.0,0.0,0.0
344.0,40.01283481,-104.9505144,1655.064,94.60992,0.0,0.0,0.0
344.1,40.01283487,-104.9505144,1655.064,94.60992,0.0,0.0,0.0
344.19999999999993,40.01283489,-104.9505144,1655.064,94.60992,0.0,0.0,0.0
344.29999999999995,40.01283488,-104.9505144,1655.064,94.60992,0.0,0.0,0.0
344.4,40.01283488,-104.9505144,1655.064,94.60992,0.0,0.0,0.0
344.5,40.01283499,-104.9505142,1655.064,94.60992,0.0,0.0,0.0
344.6,40.01283499,-104.9505142,1655.064,94.60992,0.0,0.0,0.0
344.69999999999993,40.01283508,-104.9505142,1655.064,94.60992,0.0,0.0,0.0
344.79999999999995,40.01283508,-104.9505142,1655.064,94.60992,0.0,0.0,0.0
344.9,40.01283518,-104.9505142,1655.064,94.60992,0.491744,0.0,0.0
345.0,40.01283519,-104.9505142,1655.064,94.60992,0.0,0.0,0.0
345.1,40.01283515,-104.9505144,1655.064,94.488,0.0,0.0,0.0
345.19999999999993,40.01283515,-104.9505144,1655.064,94.60992,0.0,0.0,0.0
345.29999999999995,40.01283513,-104.9505144,1655.064,94.60992,0.0,0.0,0.0
345.4,40.01283514,-104.9505144,1655.064,94.60992,0.0,0.0,0.0
345.5,40.01283514,-104.9505144,1655.064,94.488,0.0,0.0,0.0
345.6,40.01283515,-104.9505144,1655.064,94.488,0.0,0.0,0.0
345.79999999999995,40.01283517,-104.9505144,1655.064,94.488,0.0,0.0,0.0
345.9,40.01283517,-104.9505143,1655.064,94.488,0.0,0.0,0.0
346.0,40.01283518,-104.9505143,1655.064,94.488,0.0,0.0,0.0
346.1,40.01283516,-104.9505143,1655.064,94.488,0.0,0.0,0.0
346.19999999999993,40.01283517,-104.9505143,1655.064,94.488,0.0,0.0,0.0
346.29999999999995,40.01283529,-104.9505143,1655.064,94.488,0.0,0.0,0.0
346.4,40.0128353,-104.9505143,1655.064,94.488,0.0,0.0,0.0
346.5,40.01283526,-104.9505142,1655.064,94.488,0.0,0.0,0.0
346.6,40.01283526,-104.9505142,1655.064,94.488,0.0,0.0,0.0
346.69999999999993,40.0128351,-104.9505143,1655.064,94.488,0.0,0.0,0.0
346.79999999999995,40.01283508,-104.9505143,1655.064,94.488,0.0,0.0,0.0
346.9,40.0128351,-104.9505143,1655.064,94.488,0.0,0.0,0.0
347.0,40.01283509,-104.9505143,1655.064,94.488,0.0,0.0,0.0
347.1,40.0128351,-104.9505141,1655.064,94.60992,0.0,0.0,0.0
347.19999999999993,40.01283509,-104.9505141,1655.064,94.60992,0.491744,0.0,0.0
347.29999999999995,40.01283495,-104.950514,1655.064,94.488,0.0,0.0,0.0
347.4,40.01283492,-104.950514,1655.064,94.60992,0.0,0.0,0.0
347.5,40.01283495,-104.950514,1655.064,94.60992,0.0,0.0,0.0
347.6,40.01283492,-104.950514,1655.064,94.60992,0.0,0.0,0.0
347.69999999999993,40.01283495,-104.9505139,1655.064,94.60992,0.0,0.0,0.0
347.79999999999995,40.01283492,-104.9505138,1655.064,94.488,0.0,0.0,0.0
347.9,40.01283495,-104.9505139,1655.064,94.60992,0.0,0.0,0.0
348.0,40.01283493,-104.9505138,1655.064,94.60992,0.0,0.0,0.0
348.1,40.01283498,-104.9505139,1655.064,94.60992,0.0,0.0,0.0
348.19999999999993,40.01283497,-104.9505139,1655.064,94.60992,0.0,0.0,0.0
348.29999999999995,40.01283503,-104.9505138,1655.064,94.60992,0.0,0.0,0.0
348.4,40.01283503,-104.9505138,1655.064,94.60992,0.0,0.0,0.0
348.5,40.01283505,-104.9505138,1655.064,94.60992,0.0,0.0,0.0
348.6,40.01283506,-104.9505138,1655.064,94.60992,0.0,0.0,0.0
348.69999999999993,40.01283505,-104.9505138,1655.064,94.488,0.0,0.0,0.0
348.79999999999995,40.01283505,-104.9505138,1655.064,94.488,0.0,0.0,0.0
348.9,40.01283519,-104.9505138,1655.064,94.488,0.0,0.0,0.0
349.0,40.0128352,-104.9505139,1655.064,94.488,0.0,0.0,0.0
349.1,40.01283516,-104.9505139,1655.064,94.488,0.0,0.0,0.0
349.19999999999993,40.01283515,-104.9505139,1655.064,94.60992,0.0,0.0,0.0
349.29999999999995,40.01283511,-104.950514,1655.064,94.60992,0.0,0.0,0.0
349.4,40.0128351,-104.950514,1655.064,94.60992,0.0,0.0,0.0
349.5,40.01283511,-104.950514,1655.064,94.60992,0.0,0.0,0.0
349.6,40.01283512,-104.9505141,1655.064,94.60992,0.0,0.0,0.0
349.69999999999993,40.01283501,-104.9505142,1655.064,94.488,0.0,0.0,0.0
349.79999999999995,40.012835,-104.9505143,1655.064,94.60992,0.0,0.0,0.0
349.9,40.01283501,-104.9505142,1655.064,94.60992,0.491744,0.0,0.0
350.0,40.01283497,-104.9505142,1655.064,94.60992,0.0,0.0,0.0
350.1,40.01283495,-104.9505143,1655.064,94.60992,0.0,0.0,0.0
350.19999999999993,40.01283492,-104.9505143,1655.064,94.488,0.0,0.0,0.0
350.29999999999995,40.0128348,-104.9505143,1655.064,94.488,0.0,0.0,0.0
350.4,40.01283477,-104.9505143,1655.064,94.488,0.0,0.0,0.0
350.5,40.01283472,-104.9505142,1655.064,94.488,0.0,0.0,0.0
350.6,40.0128347,-104.9505142,1655.064,94.488,0.0,0.0,0.0
350.69999999999993,40.01283465,-104.9505144,1655.064,94.488,0.0,0.0,0.0
350.79999999999995,40.01283464,-104.9505143,1655.064,94.488,0.0,0.0,0.0
350.9,40.01283457,-104.9505142,1655.064,94.488,0.0,0.0,0.0
351.0,40.01283457,-104.9505141,1655.064,94.488,0.0,0.0,0.0
351.1,40.01283449,-104.9505141,1655.064,94.488,0.0,0.0,0.0
351.19999999999993,40.01283448,-104.9505141,1655.064,94.488,0.491744,0.0,0.0
351.29999999999995,40.01283437,-104.9505141,1655.064,94.488,0.0,0.0,0.0
351.6,40.01283418,-104.9505141,1655.064,94.488,0.0,0.0,0.0
351.69999999999993,40.01283437,-104.9505141,1655.064,94.488,0.0,0.0,0.0
351.79999999999995,40.01283436,-104.950514,1655.064,94.488,0.0,0.0,0.0
351.9,40.0128344,-104.9505141,1655.064,94.488,0.0,0.0,0.0
352.0,40.0128344,-104.9505141,1655.064,94.488,0.0,0.0,0.0
352.19999999999993,40.01283451,-104.9505142,1655.064,94.60992,0.0,0.0,0.0
352.69999999999993,40.01283464,-104.950514,1655.064,94.488,0.0,0.0,0.0
352.79999999999995,40.01283465,-104.950514,1655.064,94.488,0.0,0.0,0.0
352.9,40.01283459,-104.950514,1655.064,94.60992,0.0,0.0,0.0
353.0,40.01283459,-104.950514,1655.064,94.60992,0.0,0.0,0.0
353.29999999999995,40.01283439,-104.950514,1655.064,94.60992,0.22352,0.0,0.0
353.4,40.01283434,-104.950514,1655.064,94.60992,0.0,0.0,0.0
353.5,40.01283422,-104.950514,1655.064,94.60992,0.491744,0.0,0.0
353.6,40.01283415,-104.950514,1655.064,94.60992,0.0,0.0,0.0
353.69999999999993,40.0128341,-104.950514,1655.064,94.60992,0.0,0.0,0.0
353.79999999999995,40.01283402,-104.950514,1655.064,94.60992,0.0,0.0,0.0
353.9,40.01283383,-104.950514,1655.064,94.60992,0.0,0.0,0.0
354.0,40.01283373,-104.950514,1655.064,94.60992,0.0,0.0,0.0
354.1,40.01283373,-104.950514,1655.064,94.60992,0.0,0.0,0.0
354.19999999999993,40.01283364,-104.950514,1655.064,94.60992,0.0,0.0,0.0
354.29999999999995,40.01283353,-104.9505138,1655.064,94.70136,0.491744,0.0,0.0
354.4,40.01283348,-104.9505137,1655.064,94.60992,0.0,0.0,0.0
354.5,40.01283341,-104.9505138,1655.064,94.60992,0.0,0.0,0.0
354.6,40.01283335,-104.9505137,1655.064,94.70136,0.0,0.0,0.0
354.69999999999993,40.01283321,-104.9505137,1655.064,94.70136,0.0,0.0,0.0
354.79999999999995,40.01283312,-104.9505136,1655.064,94.70136,0.0,0.0,0.0
354.9,40.0128332,-104.9505136,1655.064,94.70136,0.0,0.0,0.0
355.0,40.01283314,-104.9505135,1655.064,94.60992,0.0,0.0,0.0
355.1,40.01283312,-104.9505135,1655.064,94.60992,0.0,0.0,0.0
355.19999999999993,40.01283309,-104.9505135,1655.064,94.60992,0.0,0.0,0.0
355.29999999999995,40.01283311,-104.9505136,1655.064,94.60992,0.0,0.0,0.0
355.4,40.01283311,-104.9505136,1655.064,94.60992,0.491744,0.0,0.0
355.5,40.0128331,-104.9505135,1655.064,94.60992,0.491744,0.0,0.0
355.6,40.0128331,-104.9505135,1655.064,94.60992,0.491744,0.0,0.0
355.79999999999995,40.01283334,-104.9505134,1655.064,94.60992,0.0,0.0,0.0
356.1,40.01283341,-104.9505134,1655.064,94.60992,0.178816,0.0,0.0
356.19999999999993,40.01283343,-104.9505134,1655.064,94.60992,0.0,0.0,0.0
356.4,40.01283354,-104.9505132,1655.064,94.60992,0.312928,0.0,0.0
356.5,40.01283364,-104.9505133,1655.064,94.60992,0.0,0.0,0.0
356.6,40.01283366,-104.9505132,1655.064,94.60992,0.0,0.0,0.0
356.69999999999993,40.01283359,-104.9505133,1655.064,94.60992,0.0,0.0,0.0
356.9,40.01283354,-104.9505133,1655.064,94.60992,0.0,0.0,0.0
357.0,40.01283354,-104.9505133,1655.064,94.60992,0.312928,0.0,0.0
357.1,40.01283367,-104.9505133,1655.064,94.60992,0.0,0.0,0.0
357.19999999999993,40.01283369,-104.9505133,1655.064,94.60992,0.0,0.0,0.0
357.29999999999995,40.01283368,-104.9505133,1655.064,94.70136,0.491744,0.0,0.0
357.4,40.01283369,-104.9505133,1655.064,94.70136,0.491744,0.0,0.0
357.5,40.01283367,-104.9505133,1655.064,94.70136,0.491744,0.0,0.0
357.6,40.01283367,-104.9505133,1655.064,94.70136,0.491744,0.0,0.0
357.69999999999993,40.01283361,-104.9505134,1655.064,94.70136,0.0,0.0,0.0
357.79999999999995,40.0128336,-104.9505134,1655.064,94.70136,0.0,0.0,0.0
357.9,40.01283373,-104.9505134,1655.064,94.70136,0.491744,0.0,0.0
358.0,40.01283373,-104.9505134,1655.064,94.70136,0.491744,0.0,0.0
358.1,40.01283361,-104.9505134,1655.064,94.70136,0.491744,0.0,0.0
358.19999999999993,40.01283361,-104.9505134,1655.064,94.70136,0.491744,0.0,0.0
358.29999999999995,40.01283365,-104.9505132,1655.064,94.70136,0.0,0.0,0.0
358.4,40.01283365,-104.9505132,1655.064,94.70136,0.0,0.0,0.0
358.5,40.01283365,-104.9505132,1655.064,94.70136,0.0,0.0,0.0
358.6,40.01283364,-104.9505132,1655.064,94.60992,0.0,0.0,0.0
358.69999999999993,40.01283361,-104.9505132,1655.064,94.60992,0.0,0.0,0.0
358.79999999999995,40.01283359,-104.9505132,1655.064,94.60992,0.0,0.0,0.0
358.9,40.01283373,-104.9505133,1655.064,94.60992,0.491744,0.0,0.0
359.0,40.01283374,-104.9505132,1655.064,94.60992,0.0,0.0,0.0
359.1,40.01283378,-104.9505132,1655.064,94.60992,0.0,0.0,0.0
359.19999999999993,40.01283381,-104.9505131,1655.064,94.60992,0.0,0.0,0.0
359.29999999999995,40.01283399,-104.9505131,1655.064,94.60992,0.0,0.0,0.0
359.4,40.01283404,-104.950513,1655.064,94.60992,0.0,0.0,0.0
359.5,40.01283398,-104.9505129,1655.064,94.60992,0.0,0.0,0.0
359.6,40.01283403,-104.9505129,1655.064,94.488,0.0,0.089408,0.0
359.69999999999993,40.0128341,-104.9505127,1655.064,94.488,0.0,0.312928,0.0
359.79999999999995,40.01283416,-104.9505127,1655.064,94.488,0.0,0.402336,0.0
359.9,40.01283421,-104.9505126,1654.7592000000002,94.39656,0.0,0.715264,0.0
360.0,40.01283426,-104.9505126,1654.7592000000002,94.30512,0.0,0.983488,0.0
360.1,40.01283415,-104.9505126,1654.7592000000002,94.21368,0.0,1.207008,0.0
360.19999999999993,40.01283417,-104.9505126,1654.4544,94.09176,0.0,1.385824,0.0
360.3,40.01283423,-104.9505126,1654.4544,93.90888,0.491744,1.385824,0.0
360.4,40.01283426,-104.9505126,1654.1496000000002,93.78696,0.0,1.519936,0.0
360.69999999999993,40.01283436,-104.9505128,1653.8448,93.39072,0.0,1.1176,0.0
360.9,40.0128344,-104.9505129,1653.5400000000002,93.20784,0.0,0.804672,0.0
361.1,40.01283458,-104.9505127,1653.5400000000002,93.08592,0.0,0.402336,0.0
361.19999999999993,40.01283468,-104.9505126,1653.5400000000002,92.99448,0.0,0.22352,0.0
361.3,40.01283472,-104.9505124,1653.5400000000002,92.99448,0.491744,0.089408,0.0
361.4,40.01283481,-104.9505123,1653.5400000000002,92.99448,0.0,0.0,0.0
361.5,40.01283479,-104.9505123,1653.5400000000002,92.99448,0.0,0.0,90.0
361.6,40.01283485,-104.9505121,1653.5400000000002,92.99448,0.0,0.0,90.0
361.69999999999993,40.01283495,-104.9505117,1653.5400000000002,92.99448,0.0,0.0,90.0
361.8,40.01283501,-104.9505116,1653.5400000000002,92.99448,0.0,0.0,90.0
361.9,40.01283513,-104.9505116,1653.5400000000002,92.99448,0.0,0.0,90.0
362.0,40.01283518,-104.9505115,1653.5400000000002,92.99448,0.0,0.0,90.0
362.1,40.01283532,-104.9505112,1653.5400000000002,92.99448,0.0,0.0,90.0
362.19999999999993,40.01283535,-104.9505111,1653.5400000000002,92.99448,0.491744,0.0,0.0
362.3,40.01283533,-104.950511,1653.5400000000002,92.99448,0.0,0.0,0.0
362.4,40.01283532,-104.950511,1653.5400000000002,92.99448,0.0,0.0,0.0
362.5,40.01283533,-104.950511,1653.5400000000002,92.99448,0.0,0.0,0.0
362.6,40.01283529,-104.9505111,1653.5400000000002,92.99448,0.0,0.0,0.0
362.69999999999993,40.0128352,-104.9505113,1653.5400000000002,93.08592,0.0,0.0,0.0
362.8,40.01283513,-104.9505113,1653.5400000000002,93.08592,0.0,0.0,0.0
362.9,40.01283513,-104.9505113,1653.5400000000002,93.08592,0.0,0.0,0.0
363.0,40.01283507,-104.9505114,1653.5400000000002,93.08592,0.0,0.0,0.0
363.1,40.01283503,-104.9505116,1653.5400000000002,93.08592,0.0,0.0,0.0
363.19999999999993,40.012835,-104.9505116,1653.5400000000002,93.08592,0.0,0.0,0.0
363.3,40.01283501,-104.9505118,1653.5400000000002,93.08592,0.0,0.0,0.0
363.4,40.01283499,-104.9505118,1653.5400000000002,93.08592,0.0,0.0,0.0
363.5,40.01283496,-104.9505121,1653.5400000000002,93.08592,0.0,0.0,0.0
363.6,40.01283496,-104.9505122,1653.5400000000002,93.08592,0.0,0.0,0.0
363.69999999999993,40.01283504,-104.9505122,1653.5400000000002,93.08592,0.0,0.0,0.0
363.8,40.01283507,-104.9505122,1653.5400000000002,93.08592,0.0,0.0,0.0
363.9,40.01283496,-104.9505125,1653.5400000000002,93.08592,0.0,0.0,0.0
364.0,40.01283501,-104.9505126,1653.5400000000002,93.08592,0.0,0.0,0.0
364.1,40.01283506,-104.9505126,1653.5400000000002,93.08592,0.0,0.0,0.0
364.19999999999993,40.01283517,-104.9505128,1653.5400000000002,93.08592,0.491744,0.0,270.0
364.3,40.01283526,-104.9505131,1653.5400000000002,93.08592,0.0,0.0,291.8014094863518
364.4,40.0128355,-104.9505135,1653.5400000000002,93.08592,0.491744,0.0,305.5376777919744
364.5,40.01283578,-104.9505139,1653.5400000000002,93.08592,0.491744,0.0,307.8749836510982
364.6,40.01283623,-104.9505145,1653.5400000000002,93.08592,0.67056,0.0,315.0
364.69999999999993,40.01283661,-104.9505152,1653.5400000000002,93.08592,0.67056,0.0,315.0
364.8,40.01283726,-104.9505161,1653.5400000000002,93.08592,0.804672,0.0,315.0
364.9,40.01283773,-104.9505172,1653.5400000000002,93.08592,1.0728959999999998,0.0,315.0
365.3,40.0128412,-104.9505223,1653.5400000000002,93.08592,1.385824,0.0,315.0
365.4,40.01284225,-104.9505237,1653.5400000000002,93.08592,1.519936,0.0,312.7974018382342
365.8,40.012847,-104.9505303,1653.5400000000002,93.08592,1.877568,0.0,315.0
365.9,40.01284857,-104.9505322,1653.5400000000002,93.08592,2.01168,0.0,315.0
366.1,40.01285187,-104.9505367,1653.5400000000002,93.08592,2.592832,0.0,315.0
366.19999999999993,40.01285378,-104.9505393,1653.5400000000002,93.08592,2.771648,0.0,315.0
366.3,40.01285592,-104.950542,1653.5400000000002,93.08592,3.218688,0.0,315.0
366.4,40.01285818,-104.950545,1653.5400000000002,93.08592,3.442208,0.0,315.0
366.5,40.01286042,-104.9505483,1653.5400000000002,93.08592,3.665728,0.0,315.0
366.6,40.01286308,-104.9505518,1653.5400000000002,93.08592,3.978656,0.0,315.0
366.69999999999993,40.01286617,-104.9505556,1653.5400000000002,93.08592,4.4704,0.0,314.23610153907
366.8,40.01286934,-104.9505598,1653.5400000000002,93.08592,4.872736,0.0,314.3013056170165
366.9,40.01287247,-104.9505645,1653.5400000000002,93.08592,5.14096,0.0,314.33380002981687
367.0,40.01287607,-104.9505694,1653.5400000000002,93.08592,5.543296,0.0,314.3839400916008
367.1,40.01287992,-104.9505745,1653.5400000000002,93.08592,5.945632,0.0,314.4093427853533
367.19999999999993,40.01288392,-104.95058,1653.5400000000002,93.08592,6.25856,0.0,314.43829466743347
367.3,40.01288806,-104.9505854,1653.5400000000002,93.08592,6.437376,0.0,314.4594898128693
367.4,40.01289238,-104.9505912,1653.5400000000002,93.08592,6.7056,0.0,315.0
367.5,40.01289686,-104.9505972,1653.5400000000002,93.08592,7.018528,0.0,314.49297093908524
367.6,40.01290142,-104.9506034,1653.5400000000002,92.99448,7.197344,0.0,314.50178838738634
367.69999999999993,40.01290622,-104.9506096,1653.5400000000002,92.99448,7.37616,0.0,314.26860424690244
367.8,40.01291098,-104.9506159,1653.5400000000002,92.99448,7.554975999999999,0.0,315.0
367.9,40.01291611,-104.9506231,1653.5400000000002,92.99448,7.957312,0.0,314.53037298031035
368.19999999999993,40.01293097,-104.9506426,1653.5400000000002,92.99448,7.957312,0.0,314.32063524453474
368.3,40.01293636,-104.9506494,1653.5400000000002,92.99448,7.912608,0.0,314.32063524453474
368.4,40.01294136,-104.9506561,1653.5400000000002,92.99448,8.180832,0.0,314.5379472785692
368.5,40.01294644,-104.9506628,1653.5400000000002,92.99448,8.002016,0.0,314.06844340192254
368.69999999999993,40.01295635,-104.9506757,1653.2352,92.90304,7.867904,0.0,313.7914075679731
368.8,40.01296104,-104.9506821,1653.2352,92.90304,7.733792,0.0,313.7706655135221
368.9,40.01296591,-104.9506884,1653.2352,92.90304,7.59968,0.0,313.99491399474584
369.1,40.01297477,-104.9507005,1653.2352,92.90304,7.286752,0.402336,313.9087837747374
369.19999999999993,40.0129788,-104.9507061,1653.2352,92.8116,6.92912,0.715264,313.5461045348912
369.3,40.01298279,-104.9507115,1653.2352,92.68968,6.48208,0.983488,313.1523897340054
369.4,40.01298637,-104.9507165,1652.9304000000002,92.59824,6.124447999999999,1.296416,313.3634229583833
369.5,40.01298978,-104.9507211,1652.9304000000002,92.38488,5.677408,1.519936,312.5409560098953
369.6,40.01299289,-104.9507255,1652.6256,92.29344,5.275072000000001,1.519936,312.70938995736145
369.69999999999993,40.01299574,-104.9507297,1652.6256,92.202,4.91744,1.519936,310.409456814394
369.8,40.01299825,-104.9507334,1652.6256,92.11056,4.4704,1.385824,309.8895824389688
369.9,40.01300069,-104.9507371,1652.3208000000002,91.98864,4.202176,1.296416,306.7241071729248
370.0,40.01300266,-104.9507402,1652.3208000000002,91.8972,3.79984,1.207008,305.5376777919744
370.1,40.01300442,-104.9507426,1652.3208000000002,91.80576,3.084576,1.207008,307.4505782317367
370.19999999999993,40.01300591,-104.9507449,1652.016,91.71432,2.771648,1.1176,305.94211187138234
370.3,40.013007,-104.9507467,1652.016,91.50096,2.279904,1.1176,306.3268259521202
370.4,40.01300804,-104.9507483,1651.7112000000002,91.40952,1.78816,1.1176,303.69006752597977
370.5,40.01300936,-104.9507497,1651.7112000000002,91.2876,1.78816,1.1176,308.6598082540901
370.6,40.01301005,-104.9507505,1651.4064,91.10472,1.519936,1.1176,310.23635830927384
370.69999999999993,40.01301016,-104.9507507,1651.4064,91.01328,0.67056,1.1176,307.8749836510982
370.8,40.01301057,-104.9507512,1651.4064,90.89136,0.67056,1.207008,305.5376777919744
370.9,40.013011,-104.9507514,1651.1016000000002,90.70848,0.67056,1.207008,315.0
371.0,40.0130113,-104.9507516,1651.1016000000002,90.58656,0.0,1.207008,291.8014094863518
371.1,40.01301136,-104.9507516,1650.7968,90.49512,0.0,1.1176,315.0
371.19999999999993,40.01301159,-104.9507517,1650.7968,90.40368,0.0,1.1176,315.0
371.3,40.01301174,-104.9507517,1650.4920000000002,90.19032,0.0,1.1176,315.0
371.4,40.01301195,-104.9507518,1650.4920000000002,90.09888,0.0,1.1176,0.0
371.5,40.01301217,-104.9507516,1650.4920000000002,90.00744,0.0,1.1176,0.0
371.6,40.01301237,-104.9507517,1650.1872,89.79408000000001,0.0,1.207008,0.0
371.69999999999993,40.01301219,-104.9507514,1650.1872,89.70264,0.0,0.983488,0.0
371.8,40.01301231,-104.9507514,1649.8824000000002,89.61120000000001,0.491744,0.804672,0.0
371.9,40.01301236,-104.9507512,1649.8824000000002,89.48928000000001,0.0,0.581152,0.0
372.0,40.01301246,-104.9507511,1649.8824000000002,89.39784,0.0,0.402336,0.0
372.1,40.01301228,-104.950751,1649.8824000000002,89.39784,0.491744,0.22352,0.0
372.19999999999993,40.01301231,-104.950751,1649.8824000000002,89.39784,0.0,0.089408,0.0
372.4,40.01301218,-104.9507509,1649.8824000000002,89.39784,0.0,0.089408,0.0
372.5,40.01301219,-104.9507507,1649.8824000000002,89.39784,0.0,0.22352,0.0
372.6,40.01301216,-104.9507507,1649.8824000000002,89.39784,0.0,0.22352,0.0
372.69999999999993,40.013012,-104.9507509,1649.8824000000002,89.30640000000001,0.0,0.312928,0.0
372.8,40.01301195,-104.9507509,1649.8824000000002,89.30640000000001,0.0,0.312928,0.0
372.9,40.0130117,-104.9507509,1649.5776,89.21496,0.0,0.312928,0.0
373.0,40.01301162,-104.950751,1649.5776,89.21496,0.0,0.312928,0.0
373.1,40.01301156,-104.9507512,1649.5776,89.09304,0.0,0.312928,0.0
373.19999999999993,40.01301145,-104.9507513,1649.5776,89.09304,0.0,0.312928,0.0
373.3,40.0130114,-104.9507513,1649.5776,89.09304,0.0,0.312928,0.0
373.4,40.0130113,-104.9507514,1649.5776,89.09304,0.0,0.22352,0.0
373.5,40.01301118,-104.9507517,1649.5776,89.00160000000001,0.0,0.22352,270.0
373.6,40.01301109,-104.9507518,1649.5776,89.00160000000001,0.0,0.22352,270.0
373.69999999999993,40.01301103,-104.9507521,1649.5776,89.00160000000001,0.0,0.22352,0.0
373.8,40.01301097,-104.9507522,1649.5776,89.00160000000001,0.0,0.22352,0.0
373.9,40.01301089,-104.9507525,1649.5776,89.00160000000001,0.491744,0.312928,0.0
374.0,40.01301084,-104.9507526,1649.5776,89.00160000000001,0.0,0.402336,0.0
374.1,40.01301087,-104.9507527,1649.2728000000002,88.91016,0.0,0.491744,0.0
374.19999999999993,40.01301085,-104.9507528,1649.2728000000002,88.78824,0.0,0.581152,0.0
374.3,40.01301113,-104.950753,1649.2728000000002,88.78824,0.0,0.581152,0.0
374.4,40.01301116,-104.950753,1649.2728000000002,88.69680000000001,0.0,0.715264,0.0
374.5,40.01301121,-104.9507533,1648.968,88.60536,0.0,0.715264,0.0
374.6,40.01301125,-104.9507533,1648.968,88.51392,0.0,0.581152,0.0
374.69999999999993,40.01301109,-104.9507534,1648.968,88.51392,0.0,0.581152,0.0
374.8,40.01301112,-104.9507534,1648.968,88.39200000000001,0.0,0.804672,0.0
374.9,40.01301126,-104.9507534,1648.6632000000002,88.30056,0.0,0.89408,0.0
375.19999999999993,40.01301154,-104.9507536,1648.3584,87.90432,0.0,1.609344,0.0
375.5,40.01301187,-104.9507535,1647.7488,87.38616,0.22352,1.1176,0.0
375.8,40.01301234,-104.9507536,1647.7488,87.20328,0.178816,0.22352,0.0
375.9,40.01301253,-104.9507536,1647.7488,87.20328,0.0,0.0,0.0
376.0,40.01301264,-104.9507535,1647.7488,87.20328,0.0,0.0,0.0
376.1,40.01301275,-104.9507532,1647.7488,87.20328,0.0,0.0,90.0
376.19999999999993,40.01301286,-104.9507531,1647.7488,87.29472,0.0,0.0,0.0
376.3,40.01301303,-104.9507533,1647.7488,87.20328,0.0,0.0,0.0
376.4,40.01301312,-104.9507532,1647.7488,87.20328,0.0,0.0,0.0
376.5,40.01301329,-104.9507532,1647.7488,87.20328,0.0,0.0,0.0
376.6,40.01301336,-104.9507532,1647.7488,87.20328,0.0,0.0,0.0
376.69999999999993,40.01301337,-104.9507531,1647.7488,87.29472,0.491744,0.0,0.0
376.8,40.01301339,-104.9507531,1647.7488,87.29472,0.0,0.0,0.0
376.9,40.0130133,-104.9507533,1647.7488,87.20328,0.0,0.0,0.0
377.0,40.01301326,-104.9507533,1647.7488,87.20328,0.0,0.0,0.0
377.1,40.01301326,-104.9507533,1647.7488,87.20328,0.0,0.0,0.0
377.19999999999993,40.0130132,-104.9507534,1647.7488,87.20328,0.0,0.0,0.0
377.3,40.01301301,-104.9507533,1647.7488,87.20328,0.0,0.0,0.0
377.4,40.01301294,-104.9507534,1647.7488,87.29472,0.0,0.0,0.0
377.5,40.01301274,-104.9507536,1647.7488,87.20328,0.0,0.0,0.0
377.6,40.01301265,-104.9507537,1647.7488,87.20328,0.67056,0.0,0.0
377.69999999999993,40.01301252,-104.9507537,1647.7488,87.20328,0.0,0.0,0.0
377.8,40.01301243,-104.9507537,1647.7488,87.20328,0.0,0.0,0.0
377.9,40.01301234,-104.9507536,1647.7488,87.20328,0.0,0.0,0.0
378.0,40.01301228,-104.9507536,1647.7488,87.20328,0.0,0.0,0.0
378.1,40.0130122,-104.9507537,1647.7488,87.20328,0.0,0.0,0.0
378.19999999999993,40.01301215,-104.9507537,1647.7488,87.20328,0.0,0.0,0.0
378.3,40.01301203,-104.9507536,1647.7488,87.20328,0.0,0.0,0.0
378.4,40.013012,-104.9507536,1647.7488,87.20328,0.0,0.0,0.0
378.5,40.01301202,-104.9507535,1647.7488,87.20328,0.0,0.0,0.0
378.6,40.013012,-104.9507534,1647.7488,87.20328,0.0,0.0,0.0
378.69999999999993,40.01301193,-104.9507534,1647.7488,87.20328,0.0,0.0,0.0
378.8,40.01301189,-104.9507534,1647.7488,87.20328,0.0,0.0,0.0
378.9,40.01301177,-104.9507534,1647.7488,87.20328,0.0,0.0,0.0
379.0,40.01301172,-104.9507534,1647.7488,87.20328,0.0,0.0,0.0
379.1,40.01301178,-104.9507535,1647.7488,87.29472,0.0,0.0,0.0
379.19999999999993,40.01301174,-104.9507535,1647.7488,87.29472,0.0,0.0,0.0
379.3,40.01301168,-104.9507534,1647.7488,87.29472,0.0,0.0,0.0
379.4,40.01301164,-104.9507533,1647.7488,87.29472,0.0,0.0,0.0
379.5,40.01301176,-104.9507533,1647.7488,87.20328,0.0,0.0,0.0
379.6,40.01301175,-104.9507533,1647.7488,87.29472,0.0,0.0,0.0
379.69999999999993,40.01301183,-104.9507533,1647.7488,87.29472,0.0,0.0,0.0
379.8,40.01301183,-104.9507533,1647.7488,87.29472,0.0,0.0,0.0
379.9,40.013012,-104.9507534,1647.7488,87.29472,0.0,0.0,0.0
380.0,40.01301202,-104.9507534,1647.7488,87.29472,0.0,0.0,0.0
380.1,40.01301198,-104.9507532,1647.7488,87.29472,0.0,0.0,0.0
380.19999999999993,40.01301198,-104.9507532,1647.7488,87.29472,0.0,0.0,0.0
380.3,40.01301209,-104.9507532,1647.7488,87.29472,0.0,0.0,0.0
380.5,40.01301208,-104.9507531,1647.7488,87.29472,0.0,0.0,0.0
380.6,40.0130121,-104.9507531,1647.7488,87.29472,0.0,0.0,0.0
380.69999999999993,40.01301209,-104.9507531,1647.7488,87.29472,0.0,0.0,0.0
380.8,40.01301211,-104.9507531,1647.7488,87.29472,0.0,0.0,0.0
380.9,40.01301226,-104.950753,1647.7488,87.29472,0.0,0.0,0.0
381.0,40.01301231,-104.9507529,1647.7488,87.29472,0.491744,0.0,0.0
381.1,40.01301227,-104.950753,1647.7488,87.29472,0.0,0.0,0.0
381.19999999999993,40.01301232,-104.950753,1647.7488,87.29472,0.0,0.0,0.0
381.3,40.01301225,-104.9507529,1647.7488,87.29472,0.0,0.0,0.0
381.4,40.01301229,-104.9507529,1647.7488,87.29472,0.491744,0.0,0.0
381.8,40.01301255,-104.9507528,1647.7488,87.29472,0.0,0.0,0.0
381.9,40.01301249,-104.9507527,1647.7488,87.29472,0.0,0.0,0.0
382.0,40.01301255,-104.9507526,1647.7488,87.29472,0.0,0.0,0.0
382.1,40.01301262,-104.9507528,1647.7488,87.29472,0.0,0.0,0.0
382.19999999999993,40.01301266,-104.9507527,1647.7488,87.29472,0.0,0.0,0.0
382.3,40.01301267,-104.9507525,1647.7488,87.29472,0.0,0.0,0.0
382.4,40.0130127,-104.9507525,1647.7488,87.29472,0.0,0.0,0.0
382.5,40.01301272,-104.9507526,1647.7488,87.29472,0.491744,0.0,0.0
382.6,40.01301274,-104.9507525,1647.7488,87.29472,0.0,0.0,0.0
382.69999999999993,40.01301281,-104.9507524,1647.7488,87.29472,0.0,0.0,0.0
382.8,40.01301283,-104.9507524,1647.7488,87.29472,0.0,0.0,0.0
382.9,40.01301262,-104.9507523,1647.7488,87.29472,0.0,0.0,0.0
383.0,40.01301261,-104.9507523,1647.7488,87.29472,0.0,0.0,0.0
383.1,40.01301259,-104.9507524,1647.7488,87.29472,0.0,0.0,0.0
383.19999999999993,40.01301257,-104.9507523,1647.7488,87.29472,0.0,0.0,0.0
383.3,40.01301241,-104.9507522,1647.7488,87.29472,0.0,0.0,0.0
383.4,40.01301237,-104.9507522,1647.7488,87.29472,0.67056,0.0,0.0
383.5,40.0130124,-104.9507523,1647.7488,87.29472,0.0,0.0,0.0
383.6,40.01301236,-104.9507523,1647.7488,87.29472,0.0,0.0,0.0
383.69999999999993,40.01301226,-104.9507524,1647.7488,87.29472,0.0,0.0,0.0
383.8,40.01301221,-104.9507524,1647.7488,87.29472,0.0,0.0,0.0
383.9,40.01301214,-104.9507524,1647.7488,87.29472,0.0,0.0,0.0
384.0,40.01301208,-104.9507523,1647.7488,87.29472,0.0,0.0,0.0
384.1,40.01301203,-104.9507525,1647.7488,87.29472,0.0,0.0,0.0
384.19999999999993,40.01301197,-104.9507525,1647.7488,87.29472,0.0,0.0,0.0
384.4,40.01301187,-104.9507525,1647.7488,87.29472,0.0,0.0,0.0
384.5,40.01301184,-104.9507526,1647.7488,87.29472,0.0,0.0,0.0
384.6,40.01301178,-104.9507527,1647.7488,87.29472,0.0,0.0,0.0
384.69999999999993,40.01301175,-104.9507526,1647.7488,87.29472,0.0,0.0,0.0
384.8,40.0130117,-104.9507527,1647.7488,87.29472,0.0,0.0,0.0
384.9,40.0130118,-104.9507526,1647.7488,87.20328,0.0,0.0,0.0
385.0,40.01301176,-104.9507527,1647.7488,87.29472,0.0,0.0,0.0
385.1,40.01301169,-104.9507527,1647.7488,87.29472,0.0,0.0,0.0
385.19999999999993,40.01301165,-104.9507527,1647.7488,87.29472,0.0,0.0,0.0
385.3,40.01301173,-104.9507527,1647.7488,87.20328,0.0,0.0,0.0
385.4,40.0130117,-104.9507527,1647.7488,87.20328,0.0,0.0,0.0
385.5,40.01301161,-104.9507528,1647.7488,87.20328,0.0,0.0,0.0
385.6,40.01301156,-104.9507529,1647.7488,87.29472,0.0,0.0,0.0
385.69999999999993,40.01301162,-104.9507529,1647.7488,87.29472,0.0,0.0,0.0
385.8,40.01301158,-104.950753,1647.7488,87.29472,0.0,0.0,0.0
385.9,40.01301148,-104.950753,1647.7488,87.29472,0.0,0.0,0.0
386.0,40.01301145,-104.9507531,1647.7488,87.29472,0.0,0.0,0.0
386.1,40.01301154,-104.9507533,1647.7488,87.29472,0.0,0.0,0.0
386.19999999999993,40.01301152,-104.9507533,1647.7488,87.29472,0.0,0.0,0.0
386.3,40.01301144,-104.9507532,1647.7488,87.29472,0.0,0.0,0.0
386.4,40.01301141,-104.9507532,1647.7488,87.29472,0.0,0.0,0.0
386.5,40.01301132,-104.9507533,1647.7488,87.20328,0.0,0.0,0.0
386.6,40.01301128,-104.9507533,1647.7488,87.29472,0.0,0.0,0.0
386.69999999999993,40.01301136,-104.9507533,1647.7488,87.20328,0.0,0.0,0.0
386.8,40.01301134,-104.9507533,1647.7488,87.20328,0.0,0.0,0.0
386.9,40.01301125,-104.9507533,1647.7488,87.20328,0.0,0.0,0.0
387.0,40.01301122,-104.9507533,1647.7488,87.29472,0.0,0.0,0.0
387.1,40.01301111,-104.9507531,1647.7488,87.20328,0.0,0.0,0.0
387.3,40.01301112,-104.9507531,1647.7488,87.20328,0.312928,0.0,0.0
387.4,40.01301107,-104.9507531,1647.7488,87.20328,0.0,0.0,0.0
387.6,40.01301092,-104.9507531,1647.7488,87.20328,0.0,0.0,0.0
387.69999999999993,40.01301099,-104.950753,1647.7488,87.20328,0.0,0.0,0.0
387.8,40.01301094,-104.950753,1647.7488,87.20328,0.0,0.0,0.0
388.0,40.01301082,-104.950753,1647.7488,87.20328,0.0,0.0,0.0
388.1,40.01301078,-104.950753,1647.7488,87.20328,0.0,0.0,0.0
388.19999999999993,40.01301074,-104.950753,1647.7488,87.29472,0.0,0.0,0.0
388.3,40.01301085,-104.9507531,1647.7488,87.29472,0.0,0.0,0.0
388.4,40.0130108,-104.9507531,1647.7488,87.29472,0.0,0.0,0.0
388.6,40.01301052,-104.9507532,1647.7488,87.29472,0.0,0.0,225.0
388.69999999999993,40.01301029,-104.9507535,1647.7488,87.29472,0.0,0.0,225.0
388.8,40.01301003,-104.9507538,1647.7488,87.29472,0.0,0.0,215.5376777919744
388.9,40.01300986,-104.950754,1647.7488,87.29472,0.491744,0.0,225.0
389.0,40.01300948,-104.9507545,1647.7488,87.29472,0.491744,0.0,225.0
389.1,40.01300917,-104.9507551,1647.7488,87.29472,0.67056,0.0,219.28940686250036
389.19999999999993,40.01300868,-104.9507557,1647.7488,87.29472,0.67056,0.0,225.0
389.3,40.01300802,-104.9507564,1647.7488,87.20328,0.804672,0.0,225.0
389.4,40.01300742,-104.9507572,1647.7488,87.20328,0.938784,0.0,225.0
389.5,40.01300691,-104.950758,1647.7488,87.20328,0.938784,0.0,225.0
389.6,40.01300623,-104.9507589,1647.7488,87.20328,0.938784,0.0,225.0
389.69999999999993,40.01300548,-104.95076,1647.7488,87.20328,1.162304,0.0,225.0
389.8,40.01300467,-104.950761,1647.7488,87.20328,1.34112,0.0,225.0
389.9,40.01300377,-104.9507622,1647.7488,87.20328,1.34112,0.0,225.0
390.0,40.01300284,-104.9507634,1647.7488,87.20328,1.519936,0.0,225.0
390.1,40.01300198,-104.9507645,1647.7488,87.20328,1.34112,0.0,225.0
390.19999999999993,40.01300123,-104.9507655,1647.7488,87.20328,1.34112,0.0,225.0
390.3,40.01300059,-104.9507664,1647.4440000000002,87.11184,1.162304,0.0,225.0
390.4,40.01300011,-104.950767,1647.7488,87.20328,1.0728959999999998,0.0,225.0
390.5,40.01299986,-104.9507677,1647.7488,87.20328,0.67056,0.0,225.0
390.69999999999993,40.01299902,-104.9507684,1647.7488,87.20328,0.625856,0.0,225.0
390.8,40.01299884,-104.9507686,1647.7488,87.20328,0.44704,0.0,225.0
390.9,40.0129985,-104.950769,1647.7488,87.20328,0.0,0.0,225.0
391.0,40.01299838,-104.9507691,1647.7488,87.20328,0.0,0.0,180.0
391.19999999999993,40.01299805,-104.9507693,1647.7488,87.20328,0.0,0.0,0.0
391.4,40.01299782,-104.9507695,1647.7488,87.20328,0.0,0.0,0.0
391.5,40.01299783,-104.9507695,1647.7488,87.20328,0.312928,0.0,0.0
391.6,40.01299779,-104.9507695,1647.7488,87.20328,0.0,0.0,0.0
391.8,40.01299778,-104.9507695,1647.7488,87.20328,0.0,0.0,0.0
391.9,40.01299773,-104.9507692,1647.7488,87.20328,0.0,0.0,0.0
392.1,40.01299779,-104.9507691,1647.7488,87.20328,0.0,0.0,0.0
392.19999999999993,40.01299777,-104.9507691,1647.7488,87.29472,0.0,0.0,0.0
392.3,40.01299783,-104.950769,1647.7488,87.20328,0.491744,0.0,0.0
392.5,40.01299785,-104.9507689,1647.7488,87.20328,0.0,0.0,0.0
392.6,40.01299785,-104.9507689,1647.7488,87.20328,0.0,0.0,0.0
392.69999999999993,40.01299787,-104.9507687,1647.7488,87.20328,0.0,0.0,0.0
392.8,40.01299786,-104.9507687,1647.7488,87.20328,0.0,0.0,0.0
392.9,40.01299787,-104.9507686,1647.7488,87.20328,0.0,0.0,0.0
393.0,40.01299786,-104.9507685,1647.7488,87.29472,0.0,0.0,0.0
393.1,40.01299787,-104.9507685,1647.7488,87.20328,0.0,0.0,0.0
393.19999999999993,40.01299785,-104.9507684,1647.7488,87.20328,0.0,0.0,0.0
393.3,40.01299786,-104.9507684,1647.7488,87.20328,0.0,0.0,0.0
393.4,40.01299784,-104.9507683,1647.7488,87.20328,0.0,0.0,0.0
393.5,40.01299784,-104.9507683,1647.7488,87.20328,0.0,0.0,0.0
393.6,40.01299781,-104.9507682,1647.7488,87.20328,0.0,0.0,0.0
393.69999999999993,40.01299796,-104.9507682,1647.7488,87.20328,0.0,0.0,0.0
393.9,40.01299793,-104.9507682,1647.7488,87.20328,0.0,0.0,0.0
394.0,40.0129979,-104.9507682,1647.7488,87.20328,0.0,0.0,0.0
394.1,40.01299791,-104.9507681,1647.7488,87.20328,0.0,0.0,0.0
394.3,40.01299777,-104.9507682,1647.7488,87.20328,0.0,0.0,0.0
394.4,40.01299772,-104.9507682,1647.7488,87.20328,0.0,0.0,0.0
394.5,40.01299766,-104.9507681,1647.7488,87.20328,0.0,0.0,0.0
394.6,40.01299763,-104.9507681,1647.7488,87.20328,0.0,0.0,0.0
394.69999999999993,40.0129976,-104.9507683,1647.7488,87.20328,0.0,0.0,0.0
394.8,40.01299757,-104.9507683,1647.7488,87.20328,0.0,0.0,0.0
395.0,40.01299764,-104.9507683,1647.7488,87.20328,0.0,0.0,0.0
395.1,40.01299753,-104.9507683,1647.7488,87.20328,0.0,0.0,0.0
395.3,40.01299742,-104.9507685,1647.7488,87.20328,0.0,0.0,0.0
395.4,40.0129974,-104.9507685,1647.7488,87.20328,0.0,0.0,0.0
395.5,40.01299734,-104.9507685,1647.7488,87.20328,0.491744,0.0,0.0
395.6,40.01299731,-104.9507685,1647.7488,87.20328,0.0,0.0,0.0
395.69999999999993,40.01299737,-104.9507686,1647.7488,87.20328,0.0,0.0,0.0
395.9,40.01299737,-104.9507687,1647.7488,87.20328,0.0,0.0,0.0
396.0,40.01299734,-104.9507687,1647.7488,87.20328,0.0,0.0,0.0
396.1,40.01299721,-104.9507688,1647.7488,87.20328,0.0,0.0,0.0
396.3,40.01299718,-104.950769,1647.7488,87.20328,0.0,0.0,0.0
396.4,40.01299713,-104.9507691,1647.7488,87.29472,0.0,0.0,0.0
396.5,40.01299705,-104.9507691,1647.7488,87.29472,0.0,0.0,0.0
396.6,40.01299701,-104.9507692,1647.7488,87.29472,0.0,0.0,0.0
396.69999999999993,40.012997,-104.9507691,1647.7488,87.29472,0.0,0.0,0.0
396.8,40.01299698,-104.9507692,1647.7488,87.29472,0.0,0.0,0.0
396.9,40.01299695,-104.9507692,1647.7488,87.29472,0.0,0.0,0.0
397.0,40.01299694,-104.9507692,1647.7488,87.29472,0.0,0.0,0.0
397.1,40.01299689,-104.9507691,1647.7488,87.29472,0.0,0.0,0.0
397.19999999999993,40.01299689,-104.9507691,1647.7488,87.29472,0.0,0.0,0.0
397.3,40.01299696,-104.9507692,1647.7488,87.29472,0.0,0.0,0.0
397.4,40.01299698,-104.9507691,1647.7488,87.29472,0.0,0.0,0.0
397.5,40.01299717,-104.9507689,1647.7488,87.20328,0.0,0.0,0.0
397.6,40.01299723,-104.9507689,1647.7488,87.20328,0.0,0.0,0.0
397.69999999999993,40.01299722,-104.9507689,1647.7488,87.20328,0.0,0.0,0.0
397.8,40.01299728,-104.9507688,1647.7488,87.20328,0.0,0.0,0.0
397.9,40.01299737,-104.9507688,1647.7488,87.20328,0.491744,0.0,0.0
398.0,40.01299744,-104.9507687,1647.7488,87.20328,0.0,0.0,0.0
398.1,40.01299749,-104.9507687,1647.7488,87.20328,0.0,0.0,0.0
398.19999999999993,40.01299755,-104.9507686,1647.7488,87.20328,0.0,0.0,0.0
398.3,40.01299759,-104.9507686,1647.7488,87.20328,0.0,0.0,0.0
398.5,40.01299782,-104.9507686,1647.7488,87.20328,0.0,0.0,0.0
398.6,40.0129979,-104.9507686,1647.7488,87.20328,0.0,0.0,0.0
398.69999999999993,40.01299778,-104.9507686,1647.7488,87.20328,0.0,0.0,0.0
398.8,40.01299784,-104.9507686,1647.7488,87.20328,0.0,0.0,0.0
399.0,40.01299796,-104.9507684,1647.7488,87.20328,0.0,0.0,0.0
399.1,40.01299801,-104.9507686,1647.7488,87.20328,0.0,0.0,0.0
399.19999999999993,40.01299808,-104.9507686,1647.7488,87.20328,0.0,0.0,0.0
399.3,40.01299828,-104.9507686,1647.7488,87.20328,0.0,0.0,0.0
399.4,40.01299837,-104.9507686,1647.7488,87.20328,0.0,0.0,0.0
399.5,40.01299853,-104.9507686,1647.7488,87.20328,0.0,0.0,0.0
399.8,40.01299881,-104.9507686,1647.7488,87.29472,0.0,0.0,0.0
399.9,40.0129989,-104.9507686,1647.7488,87.29472,0.0,0.0,0.0
400.0,40.01299897,-104.9507686,1647.7488,87.29472,0.0,0.0,0.0
400.1,40.01299893,-104.9507685,1647.7488,87.29472,0.0,0.0,0.0
400.3,40.01299915,-104.9507685,1647.7488,87.29472,0.0,0.0,0.0
400.4,40.01299921,-104.9507685,1647.7488,87.29472,0.0,0.0,0.0
400.6,40.01299928,-104.9507686,1647.7488,87.29472,0.0,0.0,0.0
400.8,40.01299953,-104.9507685,1647.7488,87.29472,0.0,0.0,0.0
401.0,40.01299961,-104.9507685,1647.7488,87.29472,0.0,0.0,0.0
401.3,40.01299963,-104.9507685,1647.7488,87.29472,0.0,0.0,0.0
401.5,40.01299977,-104.9507685,1647.7488,87.29472,0.0,0.0,0.0
401.6,40.01299982,-104.9507685,1647.7488,87.29472,0.0,0.0,0.0
401.69999999999993,40.01299988,-104.9507685,1647.7488,87.29472,0.0,0.0,0.0
401.8,40.01299994,-104.9507684,1647.7488,87.29472,0.0,0.0,0.0
401.9,40.01299999,-104.9507685,1647.7488,87.29472,0.0,0.0,0.0
402.1,40.0130001,-104.9507685,1647.7488,87.29472,0.0,0.0,0.0
402.19999999999993,40.01300017,-104.9507685,1647.7488,87.29472,0.0,0.0,0.0
402.3,40.01300021,-104.9507685,1647.7488,87.29472,0.0,0.0,0.0
402.4,40.01300027,-104.9507685,1647.7488,87.29472,0.0,0.0,0.0
402.5,40.01300029,-104.9507685,1647.7488,87.29472,0.0,0.0,0.0
402.6,40.01300034,-104.9507685,1647.7488,87.29472,0.0,0.0,0.0
402.69999999999993,40.01300037,-104.9507685,1647.7488,87.29472,0.0,0.0,0.0
402.8,40.01300043,-104.9507685,1647.7488,87.29472,0.0,0.0,0.0
403.0,40.01300052,-104.9507685,1647.7488,87.29472,0.0,0.0,0.0
403.3,40.01300073,-104.9507686,1647.7488,87.29472,0.0,0.0,0.0
403.4,40.01300093,-104.9507687,1647.7488,87.29472,0.0,0.0,0.0
403.5,40.01300124,-104.9507688,1647.7488,87.29472,0.0,0.0,344.05460409907715
403.6,40.01300174,-104.950769,1647.7488,87.29472,0.491744,0.0,338.9624889745782
403.69999999999993,40.01300237,-104.9507695,1647.7488,87.29472,0.67056,0.0,344.4758890032457
403.8,40.01300329,-104.9507698,1647.7488,87.29472,0.938784,0.0,342.34987578006985
404.0,40.01300575,-104.9507707,1647.7488,87.29472,1.296416,0.0,346.6754687381092
404.1,40.01300749,-104.9507712,1647.7488,87.29472,1.609344,0.0,349.1596945456694
404.19999999999993,40.01300963,-104.9507718,1647.7488,87.29472,2.2352,0.0,348.486168815513
404.3,40.01301183,-104.9507724,1647.7488,87.29472,2.414016,0.0,350.09581678702614
404.5,40.0130177,-104.9507737,1647.7488,87.29472,3.039872,0.0,350.8821372462042
404.69999999999993,40.01302465,-104.9507752,1647.7488,87.29472,3.621024,0.0,350.5376777919744
404.8,40.01302869,-104.9507761,1647.7488,87.29472,4.157472,0.0,350.9982448774387
404.9,40.01303261,-104.950777,1647.7488,87.29472,4.4704,0.0,350.34010692155766
405.0,40.01303626,-104.9507777,1647.7488,87.29472,4.24688,0.0,351.30449712257524
405.1,40.01303955,-104.9507783,1647.7488,87.29472,3.844544,0.0,350.2933475906603
405.3,40.01304507,-104.9507794,1647.7488,87.29472,3.308096,0.0,350.5376777919744
405.4,40.01304708,-104.9507799,1647.7488,87.29472,2.816352,0.0,348.69006752597977
405.5,40.01304924,-104.9507805,1647.7488,87.29472,2.324608,0.0,348.9964591482505
405.6,40.01305052,-104.9507808,1647.7488,87.29472,2.01168,0.0,349.5085229876684
405.8,40.01305276,-104.9507811,1647.7488,87.29472,1.34112,0.0,352.8749836510982
405.9,40.01305362,-104.9507815,1647.7488,87.29472,1.162304,0.0,0.0
406.0,40.0130541,-104.9507815,1647.7488,87.29472,0.804672,0.0,0.0
406.1,40.01305479,-104.9507816,1647.7488,87.29472,0.67056,0.0,0.0
406.19999999999993,40.01305515,-104.9507816,1647.7488,87.20328,0.67056,0.0,0.0
406.3,40.0130554,-104.9507817,1647.7488,87.20328,0.491744,0.0,0.0
406.4,40.01305566,-104.9507817,1647.7488,87.29472,0.0,0.0,0.0
406.5,40.01305583,-104.9507817,1647.7488,87.29472,0.0,0.0,0.0
406.6,40.01305603,-104.9507817,1647.7488,87.29472,0.0,0.0,0.0
406.69999999999993,40.01305605,-104.9507818,1647.7488,87.29472,0.0,0.0,0.0
406.8,40.01305619,-104.9507818,1647.7488,87.29472,0.0,0.0,0.0
406.9,40.01305614,-104.950782,1647.7488,87.29472,0.0,0.0,0.0
407.0,40.01305623,-104.950782,1647.7488,87.29472,0.0,0.0,0.0
407.1,40.01305618,-104.9507819,1647.7488,87.29472,0.0,0.0,0.0
407.19999999999993,40.01305626,-104.9507819,1647.7488,87.29472,0.0,0.0,0.0
407.3,40.01305606,-104.9507821,1647.7488,87.29472,0.0,0.0,0.0
407.5,40.013056,-104.950782,1647.7488,87.29472,0.0,0.0,0.0
407.6,40.01305603,-104.950782,1647.7488,87.29472,0.0,0.0,0.0
407.69999999999993,40.01305596,-104.950782,1647.7488,87.29472,0.0,0.0,0.0
407.9,40.01305596,-104.950782,1647.7488,87.29472,0.0,0.0,0.0
408.0,40.013056,-104.9507819,1647.7488,87.29472,0.0,0.0,0.0
408.1,40.013056,-104.9507818,1647.7488,87.29472,0.0,0.0,0.0
408.19999999999993,40.01305606,-104.9507818,1647.7488,87.29472,0.0,0.0,0.0
408.3,40.01305602,-104.9507818,1647.7488,87.29472,0.0,0.0,0.0
408.4,40.01305607,-104.9507818,1647.7488,87.29472,0.0,0.0,0.0
408.5,40.01305615,-104.9507817,1647.7488,87.29472,0.0,0.0,0.0
408.6,40.0130562,-104.9507817,1647.7488,87.29472,0.0,0.0,0.0
408.69999999999993,40.01305625,-104.9507816,1647.7488,87.29472,0.0,0.0,0.0
408.8,40.01305628,-104.9507817,1647.7488,87.29472,0.0,0.0,270.0
408.9,40.0130563,-104.9507818,1647.7488,87.29472,0.0,0.0,270.0
409.0,40.01305632,-104.9507822,1647.7488,87.29472,0.0,0.0,270.0
409.1,40.01305635,-104.950783,1647.7488,87.29472,0.67056,0.0,270.0
409.19999999999993,40.01305636,-104.9507838,1647.7488,87.29472,0.67056,0.0,270.0
409.3,40.01305644,-104.9507848,1647.7488,87.29472,0.67056,0.0,270.0
409.5,40.01305644,-104.9507873,1647.7488,87.29472,0.983488,0.0,270.0
409.6,40.01305646,-104.950789,1647.7488,87.20328,1.162304,0.0,270.0
409.69999999999993,40.01305658,-104.9507906,1647.7488,87.20328,1.430528,0.0,270.0
409.8,40.01305659,-104.9507925,1647.7488,87.20328,1.519936,0.0,270.0
409.9,40.01305666,-104.9507944,1647.7488,87.20328,1.654048,0.0,270.0
410.0,40.01305666,-104.9507964,1647.7488,87.20328,1.56464,0.0,270.0
410.1,40.01305673,-104.9507985,1647.7488,87.20328,1.654048,0.0,270.0
410.19999999999993,40.01305674,-104.9508006,1647.7488,87.20328,1.78816,0.0,270.0
410.4,40.01305669,-104.950805,1647.7488,87.20328,1.832864,0.0,270.0
410.5,40.01305684,-104.9508074,1647.7488,87.20328,1.922272,0.0,270.0
410.6,40.01305686,-104.9508099,1647.7488,87.20328,2.056384,0.0,270.0
410.69999999999993,40.01305685,-104.9508126,1647.7488,87.20328,2.2352,0.0,270.0
410.8,40.01305687,-104.9508154,1647.7488,87.20328,2.324608,0.0,270.0
411.0,40.0130567,-104.9508212,1647.7488,87.20328,2.45872,0.0,270.0
411.1,40.01305683,-104.9508242,1647.7488,87.20328,2.503424,0.0,270.0
411.19999999999993,40.01305684,-104.9508272,1647.7488,87.20328,2.592832,0.0,270.0
411.4,40.01305664,-104.9508332,1647.7488,87.20328,2.548128,0.0,270.0
411.5,40.01305664,-104.950836,1647.7488,87.20328,2.503424,0.0,270.0
411.6,40.01305662,-104.9508383,1647.7488,87.20328,2.2352,0.0,270.0
411.69999999999993,40.01305664,-104.9508403,1647.7488,87.20328,1.877568,0.0,270.0
411.9,40.01305652,-104.9508432,1647.7488,87.20328,1.34112,0.0,270.0
412.0,40.01305652,-104.9508441,1647.7488,87.20328,1.1176,0.0,270.0
412.19999999999993,40.01305658,-104.9508457,1647.7488,87.20328,0.715264,0.0,270.0
412.3,40.01305659,-104.9508463,1647.7488,87.20328,0.625856,0.0,270.0
412.6,40.01305637,-104.9508479,1647.7488,87.20328,0.491744,0.0,270.0
412.69999999999993,40.01305625,-104.9508487,1647.7488,87.20328,0.581152,0.0,270.0
412.8,40.01305622,-104.9508496,1647.7488,87.29472,0.67056,0.0,270.0
412.9,40.01305615,-104.9508504,1647.7488,87.29472,0.67056,0.0,270.0
413.0,40.01305611,-104.9508515,1647.7488,87.29472,0.804672,0.0,270.0
413.1,40.01305619,-104.9508526,1647.7488,87.29472,0.938784,0.0,270.0
413.19999999999993,40.01305616,-104.950854,1647.7488,87.29472,1.162304,0.0,270.0
413.3,40.01305606,-104.9508555,1647.7488,87.29472,1.34112,0.0,270.0
413.4,40.01305602,-104.9508573,1647.7488,87.29472,1.519936,0.0,270.0
413.5,40.01305608,-104.9508592,1647.7488,87.29472,1.654048,0.0,270.0
413.6,40.01305604,-104.9508613,1647.7488,87.29472,1.6987519999999998,0.0,270.0
413.69999999999993,40.01305594,-104.9508634,1647.7488,87.29472,1.832864,0.0,270.0
413.8,40.01305589,-104.9508659,1647.7488,87.29472,1.877568,0.0,270.0
413.9,40.01305581,-104.9508686,1647.7488,87.29472,2.2352,0.0,270.0
414.0,40.01305576,-104.9508715,1647.7488,87.29472,2.324608,0.0,270.0
414.1,40.01305587,-104.9508745,1647.7488,87.29472,2.548128,0.0,270.0
414.19999999999993,40.01305584,-104.9508778,1647.7488,87.20328,2.68224,0.0,270.0
414.3,40.01305594,-104.9508812,1647.7488,87.20328,2.861056,0.0,270.0
414.4,40.01305593,-104.9508848,1647.7488,87.20328,2.995168,0.0,270.0
414.5,40.01305599,-104.9508886,1647.7488,87.29472,3.12928,0.0,270.0
414.6,40.01305598,-104.9508925,1647.7488,87.29472,3.263392,-0.312928,270.0
414.69999999999993,40.01305583,-104.9508971,1647.7488,87.29472,3.621024,-0.715264,270.0
414.8,40.01305579,-104.9509014,1647.7488,87.38616,3.79984,-1.207008,270.0
414.9,40.01305593,-104.9509054,1648.0536000000002,87.59952,3.531616,-1.519936,270.0
415.0,40.01305589,-104.9509099,1648.0536000000002,87.69096,3.665728,-1.385824,270.0
415.1,40.01305591,-104.9509146,1648.3584,87.90432,3.978656,-1.1176,270.0
415.19999999999993,40.01305588,-104.9509193,1648.3584,87.99576,3.978656,-0.804672,270.0
415.3,40.01305595,-104.9509238,1648.3584,87.99576,3.933952,-0.491744,270.0
415.4,40.01305594,-104.9509286,1648.3584,87.99576,3.978656,-0.22352,270.0
415.5,40.01305614,-104.9509337,1648.6632000000002,88.08720000000001,4.24688,-0.089408,270.0
415.6,40.01305615,-104.9509388,1648.6632000000002,88.08720000000001,4.291583999999999,-0.312928,270.0
415.69999999999993,40.01305613,-104.9509441,1648.6632000000002,88.08720000000001,4.380992,-0.715264,270.0
415.8,40.01305612,-104.9509494,1648.6632000000002,88.20912,4.515104,-1.1176,270.0
415.9,40.01305608,-104.9509549,1648.968,88.39200000000001,4.604512000000001,-1.296416,270.0
416.0,40.01305607,-104.9509604,1648.968,88.51392,4.69392,-1.1176,270.0
416.1,40.01305638,-104.9509659,1648.968,88.60536,4.649216,-0.804672,270.0
416.4,40.01305606,-104.9509825,1649.2728000000002,88.69680000000001,4.69392,-0.089408,270.0
416.5,40.01305635,-104.950988,1649.2728000000002,88.69680000000001,4.738624,0.0,270.0
416.6,40.01305637,-104.9509936,1649.2728000000002,88.69680000000001,4.738624,0.0,270.0
416.69999999999993,40.0130562,-104.9509992,1649.2728000000002,88.78824,4.738624,0.0,270.0
416.8,40.01305621,-104.9510048,1649.2728000000002,88.78824,4.738624,0.0,270.0
416.9,40.01305609,-104.9510104,1649.2728000000002,88.78824,4.783328,0.0,270.0
417.0,40.0130561,-104.9510159,1649.2728000000002,88.78824,4.783328,0.0,270.0
417.1,40.01305598,-104.9510214,1649.2728000000002,88.78824,4.649216,0.0,270.0
417.19999999999993,40.01305598,-104.9510268,1649.2728000000002,88.78824,4.604512000000001,0.0,270.0
417.3,40.013056,-104.9510326,1649.2728000000002,88.78824,4.783328,0.0,270.0
417.4,40.01305601,-104.9510379,1649.2728000000002,88.78824,4.738624,0.0,270.0
417.5,40.01305601,-104.9510425,1649.2728000000002,88.91016,4.202176,0.0,270.0
417.6,40.01305603,-104.9510475,1649.2728000000002,88.78824,4.068064,0.0,270.0
417.8,40.01305606,-104.9510575,1649.2728000000002,88.78824,4.24688,0.0,270.0
417.9,40.01305621,-104.9510621,1649.2728000000002,88.78824,4.157472,0.0,270.0
418.0,40.01305626,-104.9510666,1649.2728000000002,88.78824,3.889248,0.0,270.0
418.1,40.01305622,-104.9510709,1649.2728000000002,88.78824,3.755136,0.0,270.0
418.19999999999993,40.01305627,-104.9510751,1649.2728000000002,88.78824,3.621024,0.0,270.0
418.3,40.01305651,-104.9510792,1649.2728000000002,88.78824,3.486912,0.0,270.0
418.6,40.01305654,-104.9510905,1649.2728000000002,88.78824,3.308096,0.0,270.0
418.69999999999993,40.01305676,-104.9510938,1649.2728000000002,88.78824,3.12928,0.0,270.0
418.8,40.01305685,-104.9510971,1649.2728000000002,88.78824,2.861056,0.0,270.0
419.1,40.01305674,-104.9511062,1649.2728000000002,88.78824,2.6375360000000003,0.0,270.0
419.19999999999993,40.01305677,-104.951109,1649.2728000000002,88.78824,2.548128,0.0,270.0
419.3,40.01305679,-104.9511118,1649.2728000000002,88.78824,2.369312,0.0,270.0
419.4,40.01305683,-104.9511142,1649.2728000000002,88.78824,2.2352,0.0,270.0
419.5,40.01305691,-104.9511162,1649.2728000000002,88.69680000000001,1.966976,0.0,270.0
419.69999999999993,40.01305697,-104.9511194,1649.2728000000002,88.69680000000001,1.475232,0.0,270.0
419.8,40.01305706,-104.9511207,1649.2728000000002,88.78824,1.251712,0.0,270.0
419.9,40.01305694,-104.9511221,1649.2728000000002,88.78824,1.0728959999999998,0.0,270.0
420.0,40.013057,-104.9511232,1649.2728000000002,88.78824,1.162304,0.0,270.0
420.1,40.01305696,-104.9511239,1649.2728000000002,88.78824,0.67056,0.0,270.0
420.19999999999993,40.01305699,-104.9511249,1649.2728000000002,88.78824,0.67056,0.0,270.0
420.3,40.01305697,-104.9511257,1649.2728000000002,88.78824,0.67056,0.0,270.0
420.4,40.01305697,-104.9511266,1649.2728000000002,88.78824,0.67056,0.0,270.0
420.5,40.01305687,-104.9511273,1649.2728000000002,88.78824,0.67056,0.0,270.0
420.6,40.01305685,-104.9511281,1649.2728000000002,88.78824,0.67056,0.0,270.0
420.69999999999993,40.01305683,-104.9511285,1649.2728000000002,88.78824,0.491744,0.0,270.0
420.8,40.01305682,-104.951129,1649.2728000000002,88.91016,0.491744,0.0,270.0
420.9,40.0130567,-104.9511295,1649.2728000000002,88.91016,0.491744,0.0,270.0
421.0,40.01305668,-104.9511298,1649.2728000000002,88.91016,0.0,0.0,270.0
421.1,40.01305672,-104.9511298,1649.2728000000002,88.91016,0.0,0.0,270.0
421.19999999999993,40.0130567,-104.9511299,1649.2728000000002,88.91016,0.0,0.0,270.0
421.3,40.01305673,-104.95113,1649.2728000000002,88.91016,0.0,0.0,0.0
421.4,40.01305671,-104.9511299,1649.2728000000002,88.91016,0.0,0.0,0.0
421.5,40.0130566,-104.9511298,1649.2728000000002,88.91016,0.0,0.0,0.0
421.6,40.01305657,-104.9511297,1649.2728000000002,88.91016,0.0,0.0,0.0
421.69999999999993,40.01305661,-104.9511297,1649.2728000000002,88.91016,0.0,0.0,0.0
421.8,40.01305658,-104.9511295,1649.2728000000002,88.91016,0.0,0.0,0.0
421.9,40.01305647,-104.9511293,1649.2728000000002,88.91016,0.0,0.0,0.0
422.0,40.01305643,-104.9511291,1649.2728000000002,88.91016,0.0,0.0,0.0
422.1,40.01305648,-104.9511289,1649.2728000000002,88.91016,0.0,0.0,0.0
422.4,40.01305648,-104.9511284,1649.2728000000002,88.91016,0.357632,0.0,0.0
422.5,40.01305653,-104.9511283,1649.2728000000002,88.91016,0.0,0.0,0.0
422.6,40.01305652,-104.9511282,1649.2728000000002,88.91016,0.0,0.0,0.0
422.69999999999993,40.01305642,-104.9511281,1649.2728000000002,88.91016,0.0,0.0,0.0
422.8,40.0130564,-104.9511279,1649.2728000000002,88.91016,0.0,0.0,0.0
422.9,40.01305644,-104.9511278,1649.2728000000002,88.91016,0.0,0.0,0.0
423.0,40.01305643,-104.9511277,1649.2728000000002,88.91016,0.0,0.0,0.0
423.1,40.01305646,-104.9511277,1649.2728000000002,88.91016,0.0,0.0,0.0
423.19999999999993,40.01305644,-104.9511276,1649.2728000000002,88.91016,0.0,0.0,0.0
423.3,40.01305631,-104.9511276,1649.2728000000002,88.91016,0.0,0.0,0.0
423.4,40.01305627,-104.9511275,1649.2728000000002,88.91016,0.0,0.0,0.0
423.5,40.01305631,-104.9511275,1649.2728000000002,88.91016,0.0,0.0,0.0
423.6,40.01305627,-104.9511275,1649.2728000000002,88.91016,0.0,0.0,0.0
423.8,40.01305638,-104.9511275,1649.2728000000002,88.91016,0.0,0.0,270.0
423.9,40.01305628,-104.9511278,1649.2728000000002,88.91016,0.0,0.0,248.19859051364816
424.0,40.01305606,-104.9511282,1649.2728000000002,88.91016,0.67056,0.0,240.94539590092285
424.1,40.01305583,-104.9511287,1649.2728000000002,88.91016,0.491744,0.0,235.304846468766
424.19999999999993,40.01305535,-104.9511296,1649.2728000000002,88.91016,0.804672,0.0,236.97613244420336
424.3,40.0130548,-104.951131,1649.2728000000002,88.91016,1.162304,0.0,236.30993247402023
424.4,40.01305398,-104.9511326,1649.2728000000002,88.91016,1.430528,0.0,237.0947570770121
424.5,40.01305313,-104.9511343,1649.2728000000002,88.91016,1.6987519999999998,0.0,236.65929265352295
424.6,40.013052,-104.9511365,1649.2728000000002,88.91016,2.01168,0.0,237.2004687273808
424.69999999999993,40.01305075,-104.951139,1649.2728000000002,88.91016,2.414016,0.0,235.24408744645865
424.8,40.01304933,-104.9511418,1649.2728000000002,88.91016,2.771648,0.0,237.2647737278924
424.9,40.0130479,-104.9511448,1649.2728000000002,88.91016,2.950464,0.0,236.30993247402023
425.0,40.0130462,-104.9511483,1649.2728000000002,88.91016,3.218688,0.0,237.30801581742796
425.1,40.01304437,-104.9511521,1649.2728000000002,88.91016,3.665728,0.0,236.8643904512811
425.19999999999993,40.01304239,-104.9511561,1649.2728000000002,88.91016,3.933952,0.0,237.86275101895825
425.3,40.01304042,-104.9511602,1649.2728000000002,88.91016,4.068064,0.0,237.57244500422752
425.4,40.01303815,-104.9511648,1649.2728000000002,88.91016,4.336288,0.0,237.2004687273808
425.5,40.0130357,-104.9511698,1649.2728000000002,88.91016,4.828032,0.0,237.99461679191648
425.6,40.01303313,-104.951175,1649.2728000000002,88.91016,5.185664,0.0,237.23611150941636
425.69999999999993,40.01303057,-104.9511805,1649.2728000000002,88.91016,5.36448,0.0,237.94650951563693
425.8,40.01302776,-104.9511863,1649.2728000000002,88.91016,5.632704,0.0,237.2647737278924
425.9,40.01302463,-104.9511925,1649.2728000000002,88.91016,6.079744,0.0,237.46493284206497
426.0,40.01302157,-104.9511988,1649.2728000000002,88.78824,6.347968,0.0,237.86710414001905
426.1,40.01301847,-104.9512053,1649.2728000000002,88.78824,6.437376,0.0,238.03583677006628
426.19999999999993,40.01301523,-104.951212,1649.2728000000002,88.78824,6.616192,0.0,237.67386000562317
426.3,40.01301181,-104.9512187,1649.2728000000002,88.78824,6.795007999999999,0.0,237.44333420789323
426.4,40.01300844,-104.9512256,1649.2728000000002,88.78824,6.884416,0.0,237.8388162799008
426.5,40.01300498,-104.9512328,1649.2728000000002,88.78824,7.1079360000000005,0.0,237.8388162799008
426.6,40.01300163,-104.9512396,1649.2728000000002,88.69680000000001,7.1079360000000005,0.0,237.44333420789323
426.69999999999993,40.01299828,-104.9512466,1649.2728000000002,88.69680000000001,6.92912,0.0,237.05676253383265
426.8,40.01299509,-104.9512531,1649.2728000000002,88.69680000000001,6.795007999999999,0.0,237.86710414001905
426.9,40.012992,-104.9512596,1648.968,88.60536,6.526784,0.0,237.7243556854224
427.0,40.01298921,-104.9512653,1648.968,88.60536,6.169152,0.0,238.2405199151872
427.1,40.01298649,-104.9512708,1648.968,88.60536,5.677408,0.0,238.3245312618908
427.19999999999993,40.01298426,-104.9512755,1648.968,88.51392,5.14096,0.0,239.03624346792648
427.3,40.01298214,-104.9512799,1648.968,88.51392,4.559807999999999,0.0,239.3700015151793
427.4,40.01298042,-104.9512837,1648.968,88.60536,4.068064,0.0,240.43964553531924
427.5,40.01297858,-104.9512875,1648.968,88.60536,3.79984,-0.089408,239.03624346792648
427.6,40.01297725,-104.9512905,1649.2728000000002,88.69680000000001,3.442208,-0.089408,241.76255446183276
427.8,40.01297457,-104.9512958,1649.2728000000002,88.69680000000001,2.771648,-0.089408,239.93141717813756
427.9,40.01297388,-104.9512972,1649.2728000000002,88.78824,2.279904,-0.089408,238.1725534233269
428.0,40.01297325,-104.9512986,1649.2728000000002,88.78824,1.34112,0.0,239.42077312751096
428.1,40.01297277,-104.9512996,1649.2728000000002,88.78824,1.162304,0.0,240.64224645720876
428.19999999999993,40.01297241,-104.9513004,1649.2728000000002,88.78824,0.804672,0.0,237.52880770915152
428.3,40.01297211,-104.9513007,1649.2728000000002,88.78824,0.491744,0.0,234.46232220802565
428.4,40.01297189,-104.9513011,1649.2728000000002,88.78824,0.67056,0.0,225.0
428.5,40.01297164,-104.9513012,1649.2728000000002,88.78824,0.0,0.0,248.19859051364816
428.6,40.01297149,-104.9513014,1649.2728000000002,88.78824,0.491744,0.0,225.0
428.69999999999993,40.01297145,-104.9513014,1649.2728000000002,88.78824,0.0,0.0,225.0
428.8,40.01297135,-104.9513015,1649.2728000000002,88.91016,0.0,0.0,180.0
428.9,40.01297148,-104.9513013,1649.2728000000002,88.91016,0.0,0.0,0.0
429.19999999999993,40.01297154,-104.951301,1649.2728000000002,88.91016,0.0,0.0,0.0
429.3,40.01297168,-104.9513008,1649.2728000000002,88.91016,0.0,0.0,0.0
429.5,40.01297186,-104.9513005,1649.2728000000002,88.91016,0.0,0.0,0.0
429.6,40.01297188,-104.9513004,1649.2728000000002,88.78824,0.0,0.0,0.0
429.69999999999993,40.01297214,-104.9513003,1649.2728000000002,88.78824,0.0,0.0,0.0
429.8,40.01297218,-104.9513002,1649.2728000000002,88.78824,0.0,0.0,0.0
429.9,40.01297226,-104.9513001,1649.2728000000002,88.78824,0.0,0.0,0.0
430.1,40.01297235,-104.9513,1649.2728000000002,88.78824,0.0,0.0,0.0
430.19999999999993,40.01297239,-104.9513,1649.2728000000002,88.78824,0.0,0.0,0.0
430.3,40.01297259,-104.9513,1649.2728000000002,88.78824,0.0,0.0,0.0
430.4,40.01297263,-104.9513,1649.2728000000002,88.78824,0.491744,0.0,0.0
430.5,40.01297265,-104.9513001,1649.2728000000002,88.78824,0.0,0.0,0.0
430.6,40.01297268,-104.9513001,1649.2728000000002,88.78824,0.0,0.0,0.0
430.69999999999993,40.01297273,-104.9513,1649.2728000000002,88.78824,0.491744,0.0,0.0
430.8,40.01297275,-104.9513,1649.2728000000002,88.78824,0.0,0.0,0.0
430.9,40.01297279,-104.9513001,1649.2728000000002,88.78824,0.0,0.0,0.0
431.0,40.0129728,-104.9513002,1649.2728000000002,88.78824,0.0,0.0,0.0
431.1,40.01297286,-104.9513001,1649.2728000000002,88.78824,0.0,0.0,0.0
431.19999999999993,40.01297287,-104.9513001,1649.2728000000002,88.78824,0.0,0.0,0.0
431.3,40.01297283,-104.9513001,1649.2728000000002,88.78824,0.0,0.0,0.0
431.4,40.01297283,-104.9513001,1649.2728000000002,88.78824,0.0,0.0,0.0
431.5,40.01297281,-104.9513003,1649.2728000000002,88.78824,0.0,0.0,0.0
431.6,40.01297281,-104.9513003,1649.2728000000002,88.78824,0.0,0.0,0.0
431.69999999999993,40.0129728,-104.9513003,1649.2728000000002,88.78824,0.0,0.0,0.0
431.8,40.0129728,-104.9513003,1649.2728000000002,88.78824,0.0,0.0,0.0
431.9,40.0129728,-104.9513004,1649.2728000000002,88.78824,0.0,0.0,0.0
432.0,40.0129728,-104.9513004,1649.2728000000002,88.78824,0.0,0.0,0.0
432.1,40.0129728,-104.9513004,1649.2728000000002,88.78824,0.0,0.0,0.0
432.19999999999993,40.0129728,-104.9513004,1649.2728000000002,88.78824,0.0,0.0,0.0
432.3,40.0129728,-104.9513005,1649.2728000000002,88.78824,0.0,0.0,0.0
432.4,40.0129728,-104.9513005,1649.2728000000002,88.78824,0.0,0.0,0.0
432.5,40.01297266,-104.9513004,1649.2728000000002,88.78824,0.0,0.0,0.0
432.6,40.01297266,-104.9513004,1649.2728000000002,88.78824,0.0,0.0,0.0
432.69999999999993,40.01297268,-104.9513005,1649.2728000000002,88.78824,0.0,0.0,0.0
432.8,40.01297268,-104.9513005,1649.2728000000002,88.78824,0.0,0.0,0.0
432.9,40.01297254,-104.9513005,1649.2728000000002,88.78824,0.0,0.0,0.0
433.0,40.01297253,-104.9513005,1649.2728000000002,88.78824,0.0,0.0,0.0
433.1,40.01297242,-104.9513005,1649.2728000000002,88.78824,0.0,0.0,0.0
433.19999999999993,40.01297239,-104.9513005,1649.2728000000002,88.78824,0.491744,0.0,0.0
433.3,40.01297228,-104.9513005,1649.2728000000002,88.78824,0.0,0.0,0.0
433.4,40.01297225,-104.9513005,1649.2728000000002,88.78824,0.0,0.0,0.0
433.5,40.01297215,-104.9513005,1649.2728000000002,88.91016,0.0,0.0,0.0
433.6,40.01297212,-104.9513005,1649.2728000000002,88.91016,0.0,0.0,0.0
433.69999999999993,40.01297206,-104.9513005,1649.2728000000002,88.91016,0.0,0.0,0.0
433.8,40.01297202,-104.9513004,1649.2728000000002,88.91016,0.491744,0.0,0.0
433.9,40.01297195,-104.9513004,1649.2728000000002,88.91016,0.0,0.0,0.0
434.0,40.01297191,-104.9513004,1649.2728000000002,88.91016,0.0,0.0,0.0
434.1,40.01297169,-104.9513006,1649.2728000000002,88.91016,0.0,0.0,0.0
434.19999999999993,40.01297162,-104.9513005,1649.2728000000002,88.91016,0.491744,0.0,0.0
434.3,40.01297157,-104.9513005,1649.2728000000002,88.91016,0.0,0.0,0.0
434.4,40.0129715,-104.9513005,1649.2728000000002,88.91016,0.491744,0.0,0.0
434.5,40.01297146,-104.9513004,1649.2728000000002,88.91016,0.0,0.0,0.0
434.6,40.01297139,-104.9513003,1649.2728000000002,88.91016,0.0,0.0,0.0
434.69999999999993,40.01297137,-104.9513004,1649.2728000000002,88.91016,0.0,0.0,0.0
434.8,40.01297131,-104.9513003,1649.2728000000002,88.91016,0.0,0.0,0.0
434.9,40.01297131,-104.9513004,1649.2728000000002,88.91016,0.0,0.0,0.0
435.0,40.01297125,-104.9513004,1649.2728000000002,88.91016,0.0,0.0,0.0
435.1,40.01297137,-104.9513003,1649.2728000000002,88.91016,0.0,0.0,0.0
435.19999999999993,40.01297133,-104.9513002,1649.2728000000002,88.78824,0.0,0.0,0.0
435.3,40.01297125,-104.9513003,1649.2728000000002,88.91016,0.0,0.0,0.0
435.4,40.01297121,-104.9513003,1649.2728000000002,88.91016,0.0,0.0,0.0
435.5,40.01297128,-104.9513003,1649.2728000000002,88.91016,0.0,0.0,0.0
435.69999999999993,40.0129713,-104.9513002,1649.2728000000002,88.91016,0.0,0.0,0.0
435.8,40.01297127,-104.9513002,1649.2728000000002,88.78824,0.0,0.0,0.0
435.9,40.01297132,-104.9513002,1649.2728000000002,88.78824,0.0,0.0,0.0
436.0,40.0129713,-104.9513002,1649.2728000000002,88.78824,0.0,0.0,0.0
436.1,40.01297136,-104.9513002,1649.2728000000002,88.78824,0.0,0.0,0.0
436.19999999999993,40.01297136,-104.9513002,1649.2728000000002,88.91016,0.0,0.0,0.0
436.3,40.01297139,-104.9513001,1649.2728000000002,88.78824,0.0,0.0,0.0
436.4,40.01297139,-104.9513001,1649.2728000000002,88.78824,0.0,0.0,0.0
436.5,40.01297141,-104.9513002,1649.2728000000002,88.78824,0.0,0.0,0.0
436.6,40.01297141,-104.9513002,1649.2728000000002,88.78824,0.0,0.0,0.0
436.69999999999993,40.01297141,-104.9513,1649.2728000000002,88.78824,0.0,0.0,0.0
436.8,40.01297141,-104.9513,1649.2728000000002,88.78824,0.0,0.0,0.0
436.9,40.01297142,-104.9513001,1649.2728000000002,88.78824,0.0,0.0,0.0
437.0,40.01297142,-104.9513001,1649.2728000000002,88.78824,0.0,0.0,0.0
437.1,40.01297142,-104.9513001,1649.2728000000002,88.78824,0.0,0.0,0.0
437.19999999999993,40.01297142,-104.9513001,1649.2728000000002,88.78824,0.0,0.0,0.0
437.3,40.01297156,-104.9513,1649.2728000000002,88.78824,0.0,0.0,0.0
437.4,40.01297158,-104.9513,1649.2728000000002,88.78824,0.0,0.0,0.0
437.5,40.01297139,-104.9513,1649.2728000000002,88.78824,0.0,0.0,0.0
437.6,40.01297138,-104.9513,1649.2728000000002,88.78824,0.0,0.0,0.0
437.69999999999993,40.01297137,-104.9513,1649.2728000000002,88.78824,0.0,0.0,0.0
437.8,40.01297135,-104.9513,1649.2728000000002,88.78824,0.0,0.0,0.0
437.9,40.01297136,-104.9513001,1649.2728000000002,88.78824,0.0,0.0,0.0
438.1,40.01297136,-104.9513001,1649.2728000000002,88.91016,0.312928,0.0,0.0
438.3,40.0129712,-104.9513,1649.2728000000002,88.78824,0.0,0.0,0.0
438.5,40.0129712,-104.9513,1649.2728000000002,88.78824,0.0,0.0,0.0
438.69999999999993,40.01297092,-104.9513,1649.2728000000002,88.78824,0.0,0.0,0.0
438.8,40.01297088,-104.9513,1649.2728000000002,88.78824,0.0,0.0,0.0
438.9,40.01297083,-104.9513001,1649.2728000000002,88.78824,0.0,0.0,0.0
439.3,40.0129705,-104.9513001,1649.2728000000002,88.78824,0.178816,0.0,0.0
439.4,40.01297045,-104.9513001,1649.2728000000002,88.78824,0.0,0.0,0.0
439.5,40.01297043,-104.9513001,1649.2728000000002,88.78824,0.491744,0.0,0.0
439.6,40.01297039,-104.9513002,1649.2728000000002,88.78824,0.0,0.0,0.0
439.69999999999993,40.01297032,-104.9513002,1649.2728000000002,88.78824,0.0,0.0,270.0
439.8,40.01297016,-104.9513004,1649.2728000000002,88.78824,0.0,0.0,248.19859051364816
439.9,40.01296988,-104.951301,1649.2728000000002,88.78824,0.491744,0.0,232.1250163489018
440.0,40.01296949,-104.9513017,1649.2728000000002,88.78824,0.67056,0.0,240.64224645720876
440.1,40.01296911,-104.9513024,1649.2728000000002,88.78824,0.938784,0.0,238.5704343851615
440.19999999999993,40.01296852,-104.9513036,1649.2728000000002,88.78824,1.0728959999999998,0.0,239.42077312751096
440.3,40.01296794,-104.9513047,1649.2728000000002,88.78824,1.162304,0.0,237.3807569288072
440.4,40.01296724,-104.9513061,1649.2728000000002,88.78824,1.34112,0.0,237.3807569288072
440.5,40.01296672,-104.9513073,1649.2728000000002,88.78824,1.251712,0.0,239.42077312751096
440.6,40.01296614,-104.9513084,1649.2728000000002,88.78824,1.162304,0.0,241.1892062570269
440.69999999999993,40.01296589,-104.9513095,1649.2728000000002,88.78824,1.0728959999999998,0.0,240.64224645720876
440.8,40.01296554,-104.9513102,1649.2728000000002,88.78824,0.67056,0.0,237.52880770915152
440.9,40.01296537,-104.9513107,1649.2728000000002,88.78824,0.67056,0.0,234.46232220802565
441.0,40.01296518,-104.9513111,1649.2728000000002,88.78824,0.0,0.0,248.19859051364816
441.1,40.01296499,-104.9513115,1649.2728000000002,88.78824,0.67056,0.0,248.19859051364816
441.19999999999993,40.01296488,-104.9513117,1649.2728000000002,88.78824,0.491744,0.0,270.0
441.3,40.01296468,-104.951312,1649.2728000000002,88.78824,0.0,0.0,270.0
441.4,40.01296462,-104.951312,1649.2728000000002,88.78824,0.0,0.0,270.0
441.5,40.01296443,-104.9513123,1649.2728000000002,88.78824,0.0,0.0,0.0
441.6,40.01296439,-104.9513123,1649.2728000000002,88.78824,0.0,0.0,0.0
441.69999999999993,40.01296434,-104.9513125,1649.2728000000002,88.78824,0.0,0.0,0.0
441.8,40.01296432,-104.9513125,1649.2728000000002,88.78824,0.0,0.0,0.0
441.9,40.01296433,-104.9513124,1649.2728000000002,88.78824,0.0,0.0,0.0
442.0,40.01296434,-104.9513123,1649.2728000000002,88.78824,0.0,0.0,0.0
442.1,40.01296443,-104.9513124,1649.2728000000002,88.78824,0.0,0.0,0.0
442.19999999999993,40.01296446,-104.9513124,1649.2728000000002,88.78824,0.0,0.0,0.0
442.3,40.01296449,-104.9513122,1649.2728000000002,88.78824,0.0,0.0,0.0
442.4,40.01296452,-104.9513122,1649.2728000000002,88.78824,0.0,0.0,0.0
442.5,40.0129645,-104.9513121,1649.2728000000002,88.69680000000001,0.0,0.0,0.0
442.6,40.01296453,-104.9513121,1649.2728000000002,88.69680000000001,0.0,0.0,0.0
442.69999999999993,40.01296462,-104.951312,1649.2728000000002,88.69680000000001,0.0,0.0,0.0
442.8,40.01296465,-104.951312,1649.2728000000002,88.69680000000001,0.0,0.0,0.0
442.9,40.01296472,-104.9513118,1649.2728000000002,88.69680000000001,0.0,0.0,0.0
443.0,40.01296475,-104.9513118,1649.2728000000002,88.69680000000001,0.0,0.0,0.0
443.1,40.01296482,-104.9513118,1649.2728000000002,88.69680000000001,0.0,0.0,0.0
443.19999999999993,40.01296485,-104.9513117,1649.2728000000002,88.69680000000001,0.0,0.0,0.0
443.3,40.01296479,-104.9513116,1649.2728000000002,88.69680000000001,0.0,0.0,0.0
443.4,40.01296482,-104.9513116,1649.2728000000002,88.69680000000001,0.0,0.0,0.0
443.5,40.01296492,-104.9513115,1649.2728000000002,88.69680000000001,0.0,0.0,0.0
443.6,40.01296494,-104.9513115,1649.2728000000002,88.69680000000001,0.0,0.0,0.0
443.69999999999993,40.01296501,-104.9513115,1649.2728000000002,88.69680000000001,0.0,0.0,0.0
443.8,40.01296503,-104.9513115,1649.2728000000002,88.69680000000001,0.0,0.0,0.0
443.9,40.0129651,-104.9513114,1649.2728000000002,88.69680000000001,0.0,0.0,0.0
444.0,40.01296513,-104.9513114,1649.2728000000002,88.69680000000001,0.0,0.0,0.0
444.1,40.01296506,-104.9513115,1649.2728000000002,88.69680000000001,0.0,0.0,0.0
444.19999999999993,40.01296507,-104.9513115,1649.2728000000002,88.69680000000001,0.0,0.0,0.0
444.3,40.01296502,-104.9513116,1649.2728000000002,88.69680000000001,0.0,0.089408,0.0
444.4,40.01296501,-104.9513116,1649.2728000000002,88.69680000000001,0.0,0.089408,0.0
444.5,40.01296496,-104.9513117,1649.2728000000002,88.69680000000001,0.0,0.0,0.0
444.6,40.01296493,-104.9513118,1649.2728000000002,88.69680000000001,0.0,0.0,0.0
444.69999999999993,40.01296505,-104.9513119,1649.2728000000002,88.69680000000001,0.0,0.0,0.0
444.8,40.01296501,-104.951312,1649.2728000000002,88.69680000000001,0.0,0.0,0.0
444.9,40.01296485,-104.951312,1649.2728000000002,88.69680000000001,0.0,0.0,0.0
445.0,40.01296481,-104.9513121,1649.2728000000002,88.69680000000001,0.0,0.0,0.0
445.1,40.0129649,-104.9513121,1649.2728000000002,88.69680000000001,0.0,0.0,0.0
445.19999999999993,40.01296489,-104.9513122,1649.2728000000002,88.69680000000001,0.0,0.0,0.0
445.3,40.01296501,-104.9513124,1649.2728000000002,88.69680000000001,0.0,0.0,0.0
445.4,40.01296502,-104.9513125,1649.2728000000002,88.69680000000001,0.0,0.0,0.0
445.5,40.01296506,-104.9513126,1649.2728000000002,88.69680000000001,0.0,0.0,0.0
445.6,40.01296507,-104.9513127,1649.2728000000002,88.69680000000001,0.0,0.0,0.0
445.69999999999993,40.01296519,-104.9513129,1649.2728000000002,88.69680000000001,0.0,0.0,270.0
445.8,40.01296521,-104.9513131,1649.2728000000002,88.69680000000001,0.0,0.0,270.0
445.9,40.01296515,-104.9513132,1648.968,88.60536,0.0,0.0,270.0
446.0,40.01296515,-104.9513135,1648.968,88.60536,0.0,0.0,270.0
446.1,40.01296522,-104.9513136,1648.968,88.60536,0.0,0.0,270.0
446.19999999999993,40.01296521,-104.9513138,1648.968,88.60536,0.0,0.0,270.0
446.3,40.01296515,-104.9513141,1648.968,88.60536,0.0,0.0,270.0
446.4,40.01296515,-104.9513143,1648.968,88.60536,0.0,0.0,270.0
446.5,40.01296521,-104.9513145,1648.968,88.60536,0.0,0.089408,270.0
446.6,40.01296525,-104.9513146,1648.968,88.60536,0.0,0.089408,270.0
446.69999999999993,40.01296516,-104.9513147,1648.968,88.60536,0.0,0.089408,0.0
446.8,40.01296519,-104.9513148,1648.968,88.60536,0.491744,0.089408,0.0
446.9,40.01296535,-104.9513149,1648.968,88.60536,0.0,0.089408,0.0
447.0,40.01296541,-104.951315,1648.968,88.60536,0.0,0.0,0.0
447.1,40.01296538,-104.951315,1648.968,88.60536,0.0,0.0,0.0
447.19999999999993,40.01296545,-104.951315,1648.968,88.60536,0.0,0.0,0.0
447.3,40.01296567,-104.951315,1648.968,88.60536,0.0,0.0,0.0
447.4,40.01296575,-104.951315,1648.968,88.60536,0.0,0.0,0.0
447.5,40.01296574,-104.9513149,1648.968,88.60536,0.0,0.0,0.0
447.6,40.0129658,-104.9513149,1648.968,88.60536,0.491744,0.0,0.0
447.69999999999993,40.01296578,-104.9513149,1648.968,88.60536,0.0,0.0,0.0
447.8,40.01296583,-104.9513149,1648.968,88.60536,0.0,0.0,0.0
447.9,40.0129657,-104.9513149,1648.968,88.60536,0.0,0.0,0.0
448.0,40.01296572,-104.9513149,1648.968,88.60536,0.0,0.0,0.0
448.1,40.01296579,-104.9513148,1648.968,88.60536,0.0,0.0,0.0
448.19999999999993,40.01296581,-104.9513148,1648.968,88.60536,0.0,0.0,0.0
448.3,40.01296575,-104.9513149,1648.968,88.60536,0.0,0.0,0.0
448.5,40.01296571,-104.9513148,1648.968,88.60536,0.0,0.0,0.0
448.6,40.01296568,-104.9513148,1648.968,88.60536,0.0,0.0,0.0
448.69999999999993,40.01296572,-104.951315,1648.968,88.60536,0.0,0.0,225.0
448.8,40.01296558,-104.9513153,1648.968,88.60536,0.0,0.0,225.0
448.9,40.01296535,-104.9513158,1648.968,88.60536,0.67056,0.0,232.1250163489018
449.0,40.01296502,-104.9513165,1648.968,88.60536,0.67056,0.0,235.304846468766
449.1,40.01296452,-104.9513172,1648.968,88.60536,0.804672,0.0,238.5704343851615
449.19999999999993,40.01296393,-104.9513183,1648.968,88.60536,1.0728959999999998,0.0,233.9726266148964
449.3,40.01296318,-104.9513196,1648.968,88.60536,1.251712,0.0,235.40771131249005
449.4,40.01296228,-104.9513214,1648.968,88.60536,1.654048,0.0,237.0947570770121
449.5,40.01296132,-104.9513232,1648.968,88.60536,1.78816,0.0,234.60520415501293
449.6,40.01296019,-104.9513254,1648.968,88.51392,2.056384,0.0,234.0578881286177
449.69999999999993,40.01295905,-104.9513275,1648.968,88.60536,2.2352,0.0,236.0035408517495
449.8,40.01295783,-104.9513299,1648.968,88.60536,2.324608,0.0,237.2004687273808
449.9,40.01295673,-104.9513322,1648.968,88.60536,2.414016,0.0,237.87500155961249
450.0,40.01295563,-104.9513343,1648.968,88.60536,2.279904,0.0,236.65929265352295
450.1,40.01295477,-104.9513362,1648.968,88.60536,2.01168,0.0,237.17145820858747
450.3,40.01295347,-104.9513389,1648.968,88.60536,1.519936,0.0,238.5704343851615
450.4,40.01295303,-104.9513398,1648.968,88.60536,1.162304,0.0,235.304846468766
450.5,40.01295254,-104.951341,1648.968,88.60536,1.162304,0.0,237.52880770915152
450.6,40.01295228,-104.9513415,1648.968,88.60536,0.67056,0.0,240.94539590092285
450.69999999999993,40.012952,-104.951342,1648.968,88.60536,0.67056,0.0,234.46232220802565
450.8,40.01295185,-104.9513424,1648.968,88.60536,0.67056,0.0,248.19859051364816
450.9,40.01295157,-104.9513429,1648.968,88.60536,0.67056,0.089408,248.19859051364816
451.0,40.01295147,-104.9513431,1648.968,88.60536,0.67056,0.089408,225.0
451.1,40.01295127,-104.9513431,1648.968,88.60536,0.491744,0.22352,225.0
451.19999999999993,40.0129512,-104.9513432,1648.968,88.51392,0.491744,0.22352,0.0
451.3,40.01295113,-104.9513433,1648.968,88.51392,0.0,0.312928,0.0
451.4,40.01295109,-104.9513433,1648.968,88.39200000000001,0.0,0.312928,0.0
451.6,40.01295102,-104.9513434,1648.968,88.39200000000001,0.0,0.491744,0.0
451.8,40.01295118,-104.9513432,1648.6632000000002,88.30056,0.0,0.581152,0.0
451.9,40.01295109,-104.9513433,1648.6632000000002,88.20912,0.0,0.715264,0.0
452.1,40.01295114,-104.9513432,1648.6632000000002,88.08720000000001,0.0,0.715264,0.0
452.19999999999993,40.01295116,-104.9513432,1648.3584,87.99576,0.0,0.581152,0.0
452.3,40.01295115,-104.9513431,1648.3584,87.90432,0.0,0.402336,0.0
452.4,40.01295117,-104.9513431,1648.3584,87.90432,0.0,0.22352,0.0
452.5,40.01295128,-104.951343,1648.3584,87.90432,0.0,0.22352,0.0
452.6,40.01295132,-104.9513429,1648.3584,87.81288,0.0,0.22352,0.0
452.69999999999993,40.01295141,-104.9513428,1648.3584,87.81288,0.0,0.089408,0.0
452.8,40.01295146,-104.9513427,1648.3584,87.81288,0.0,0.0,0.0
452.9,40.0129517,-104.9513425,1648.3584,87.81288,0.0,0.0,0.0
453.0,40.01295176,-104.9513424,1648.3584,87.81288,0.491744,0.22352,0.0
453.1,40.01295194,-104.9513421,1648.0536000000002,87.69096,0.0,0.402336,0.0
453.19999999999993,40.012952,-104.951342,1648.0536000000002,87.69096,0.0,0.581152,0.0
453.3,40.01295214,-104.951342,1648.0536000000002,87.59952,0.0,0.804672,0.0
453.4,40.01295218,-104.9513419,1648.0536000000002,87.50808,0.491744,1.1176,0.0
453.5,40.01295228,-104.951342,1647.7488,87.38616,0.0,1.296416,0.0
453.69999999999993,40.0129521,-104.9513418,1647.7488,87.20328,0.0,0.715264,0.0
453.8,40.01295207,-104.9513419,1647.4440000000002,87.11184,0.0,0.402336,0.0
453.9,40.01295215,-104.9513422,1647.4440000000002,87.11184,0.0,0.312928,0.0
454.0,40.01295213,-104.9513423,1647.4440000000002,86.98992,0.0,0.491744,0.0
454.19999999999993,40.01295231,-104.9513422,1647.4440000000002,86.89848,0.312928,0.89408,0.0
454.3,40.01295235,-104.9513421,1647.1392,86.80704000000001,0.0,0.715264,0.0
454.4,40.01295241,-104.9513421,1647.1392,86.68512,0.0,0.402336,0.0
454.5,40.01295243,-104.9513422,1647.1392,86.68512,0.0,0.22352,0.0
454.6,40.01295245,-104.9513422,1647.1392,86.68512,0.0,0.0,0.0
454.69999999999993,40.01295248,-104.9513423,1647.1392,86.68512,0.0,0.0,0.0
454.8,40.01295246,-104.9513423,1647.1392,86.68512,0.0,0.0,0.0
454.9,40.01295235,-104.9513422,1647.1392,86.80704000000001,0.0,0.0,0.0
455.0,40.01295232,-104.9513421,1647.1392,86.80704000000001,0.0,0.0,0.0
455.1,40.01295217,-104.9513421,1647.1392,86.80704000000001,0.0,0.0,0.0
455.19999999999993,40.01295213,-104.951342,1647.1392,86.80704000000001,0.0,0.0,0.0
455.3,40.01295219,-104.9513419,1647.1392,86.80704000000001,0.0,0.0,0.0
455.4,40.01295215,-104.9513419,1647.1392,86.80704000000001,0.0,0.0,0.0
455.5,40.01295192,-104.9513418,1647.1392,86.80704000000001,0.0,0.089408,0.0
455.6,40.01295186,-104.9513418,1647.1392,86.68512,0.491744,0.22352,0.0
455.69999999999993,40.01295179,-104.9513418,1647.1392,86.80704000000001,0.0,0.22352,0.0
455.8,40.01295171,-104.9513419,1647.1392,86.68512,0.0,0.312928,0.0
455.9,40.01295163,-104.951342,1647.1392,86.68512,0.0,0.312928,0.0
456.0,40.01295153,-104.951342,1647.1392,86.68512,0.0,0.402336,0.0
456.1,40.01295135,-104.9513421,1647.1392,86.68512,0.0,0.581152,180.0
456.19999999999993,40.01295123,-104.9513422,1647.1392,86.59368,0.0,0.804672,180.0
456.3,40.01295111,-104.9513423,1646.8344000000002,86.50224000000001,0.0,0.983488,180.0
456.4,40.01295102,-104.9513423,1646.8344000000002,86.41080000000001,0.0,0.983488,0.0
456.5,40.01295098,-104.9513424,1646.8344000000002,86.28888,0.0,1.1176,0.0
456.6,40.01295093,-104.9513425,1646.5296,86.10600000000001,0.0,1.1176,270.0
456.69999999999993,40.01295088,-104.9513428,1646.5296,86.01456,0.0,1.1176,225.0
456.8,40.01295084,-104.9513429,1646.2248000000002,85.89264000000001,0.0,1.1176,270.0
456.9,40.01295087,-104.951343,1646.2248000000002,85.80120000000001,0.0,0.983488,0.0
457.1,40.01295087,-104.9513432,1645.92,85.58784000000001,0.0,0.89408,0.0
457.19999999999993,40.01295089,-104.9513432,1645.92,85.49640000000001,0.0,0.89408,0.0
457.4,40.01295105,-104.951343,1645.92,85.40496,0.0,0.89408,0.0
457.5,40.01295108,-104.9513429,1645.6152000000002,85.31352,0.44704,0.89408,0.0
457.6,40.01295118,-104.9513428,1645.6152000000002,85.10016,0.0,0.983488,0.0
457.9,40.01295152,-104.9513426,1645.3104,84.79536,0.0,1.1176,0.0
458.0,40.01295159,-104.9513426,1645.0056000000002,84.70392,0.0,0.89408,0.0
458.1,40.01295182,-104.9513423,1645.0056000000002,84.61248,0.0,0.89408,0.0
458.6,40.01295247,-104.951342,1644.3960000000002,84.00288,0.22352,1.1176,0.0
458.69999999999993,40.0129524,-104.9513419,1644.3960000000002,83.91144000000001,0.0,0.804672,0.0
458.8,40.01295243,-104.9513419,1644.0912,83.78952,0.0,0.491744,0.0
458.9,40.01295227,-104.9513419,1644.0912,83.78952,0.0,0.402336,0.0
459.1,40.01295232,-104.9513417,1644.0912,83.78952,0.0,0.22352,0.0
459.19999999999993,40.01295233,-104.9513416,1644.0912,83.69808,0.0,0.491744,0.0
459.4,40.01295216,-104.9513416,1644.0912,83.60664000000001,0.0,0.89408,0.0
459.5,40.01295218,-104.9513416,1643.7864000000002,83.51520000000001,0.0,0.983488,0.0
459.6,40.01295217,-104.9513416,1643.7864000000002,83.39328,0.0,1.1176,0.0
459.69999999999993,40.01295217,-104.9513416,1643.4816,83.2104,0.0,1.1176,0.0
459.8,40.01295216,-104.9513417,1643.4816,83.08848,0.0,0.89408,0.0
459.9,40.01295216,-104.9513417,1643.4816,83.08848,0.0,0.581152,0.0
460.0,40.01295212,-104.9513418,1643.4816,82.99704000000001,0.0,0.402336,0.0
460.1,40.01295193,-104.951342,1643.4816,82.99704000000001,0.0,0.089408,270.0
460.19999999999993,40.01295186,-104.9513421,1643.4816,82.99704000000001,0.0,0.0,0.0
460.3,40.01295176,-104.9513422,1643.4816,82.99704000000001,0.0,0.0,0.0
460.4,40.01295169,-104.9513423,1643.4816,82.99704000000001,0.0,0.0,0.0
460.5,40.01295154,-104.9513423,1643.4816,83.08848,0.0,0.0,0.0
460.6,40.01295145,-104.9513424,1643.4816,83.08848,0.0,0.0,0.0
460.69999999999993,40.01295124,-104.9513427,1643.4816,83.08848,0.0,0.0,248.19859051364816
460.8,40.01295095,-104.9513431,1643.4816,83.08848,0.67056,0.0,237.52880770915152
460.9,40.01295043,-104.951344,1643.4816,83.08848,0.67056,0.0,238.5704343851615
461.0,40.01294975,-104.9513453,1643.4816,83.08848,1.162304,0.0,239.34933204294717
461.1,40.01294882,-104.9513469,1643.4816,83.08848,1.56464,0.0,239.5344550805401
461.19999999999993,40.01294774,-104.951349,1643.4816,83.08848,1.877568,0.0,237.99461679191648
461.3,40.01294666,-104.9513511,1643.4816,83.08848,2.101088,0.0,239.3813945910906
461.4,40.01294522,-104.9513539,1643.4816,83.08848,2.503424,0.0,238.73626830562256
461.5,40.01294368,-104.9513572,1643.4816,83.08848,3.12928,0.0,238.90268711422056
461.6,40.01294191,-104.9513608,1643.4816,83.08848,3.442208,0.0,238.06931789628217
461.69999999999993,40.01294025,-104.9513644,1643.4816,83.08848,3.621024,0.0,238.2664808465837
461.8,40.01293815,-104.9513687,1643.4816,83.08848,3.933952,0.0,238.43102887068167
462.1,40.01293114,-104.9513837,1643.4816,83.08848,4.828032,0.0,238.5479389880005
462.19999999999993,40.01292839,-104.9513894,1643.4816,82.99704000000001,5.185664,0.0,238.6547858582843
462.4,40.01292246,-104.9514017,1643.4816,82.99704000000001,6.03504,0.0,237.86710414001905
462.5,40.01291939,-104.9514084,1643.4816,82.99704000000001,6.347968,0.0,238.64291477599005
462.69999999999993,40.01291253,-104.9514224,1643.4816,82.99704000000001,6.92912,0.0,238.18296515854084
462.8,40.01290898,-104.9514296,1643.4816,82.99704000000001,7.15264,0.0,237.95758009409315
462.9,40.01290548,-104.951437,1643.4816,82.99704000000001,7.331455999999999,0.0,237.95758009409315
463.1,40.01289837,-104.9514516,1643.4816,82.9056,7.37616,0.0,237.00620107409213
463.19999999999993,40.01289483,-104.9514586,1643.4816,82.9056,7.286752,0.0,237.2209193319304
463.3,40.01289125,-104.9514657,1643.4816,82.9056,7.197344,0.0,236.4133543463772
463.4,40.01288778,-104.9514724,1643.4816,82.9056,7.018528,0.0,235.35332004392944
463.5,40.0128841,-104.9514791,1643.1768000000002,82.81416,6.92912,0.0,235.105036365038
463.6,40.01288069,-104.9514853,1643.1768000000002,82.81416,6.795007999999999,0.0,233.9427539484097
463.69999999999993,40.01287737,-104.9514914,1643.1768000000002,82.81416,6.392672,0.0,232.9637870607188
463.8,40.01287402,-104.951497,1643.1768000000002,82.81416,6.213856,0.0,231.67446904711755
463.9,40.01287047,-104.9515027,1643.1768000000002,82.81416,6.169152,0.0,230.58724396420436
464.0,40.01286706,-104.9515078,1643.1768000000002,82.81416,5.990336,0.0,227.2647545482234
464.1,40.01286312,-104.9515133,1643.1768000000002,82.81416,6.079744,0.0,224.33380002981687
464.19999999999993,40.01285943,-104.9515176,1643.4816,82.9056,5.945632,-0.089408,219.5596679689945
464.3,40.0128555,-104.9515215,1643.4816,82.9056,5.498592,-0.089408,215.7066914006029
464.4,40.01285146,-104.951525,1643.4816,82.99704000000001,5.453887999999999,-0.089408,210.71282771515885
464.5,40.01284732,-104.9515279,1643.4816,82.99704000000001,5.319776,-0.089408,208.0724869358529
464.6,40.01284293,-104.9515307,1643.4816,82.99704000000001,5.319776,0.0,203.13569725733583
464.69999999999993,40.01283891,-104.9515329,1643.4816,83.08848,5.096256,0.0,201.00322271143423
464.8,40.01283424,-104.9515349,1643.4816,83.08848,5.14096,0.0,196.33604288971847
465.1,40.01282127,-104.9515392,1643.4816,83.2104,5.096256,0.0,193.1725534233269
465.19999999999993,40.01281772,-104.9515404,1643.4816,83.2104,4.738624,0.089408,193.54793898800048
465.4,40.01281184,-104.9515425,1643.4816,83.2104,3.621024,0.22352,194.93141717813756
465.5,40.01280914,-104.9515431,1643.4816,83.08848,3.308096,0.089408,194.3002774491856
465.6,40.01280734,-104.9515437,1643.4816,83.2104,2.548128,0.089408,192.6803834918198
465.69999999999993,40.0128055,-104.9515438,1643.4816,83.2104,2.056384,0.0,192.72435568542235
465.8,40.01280444,-104.9515441,1643.4816,83.2104,1.654048,0.0,191.3099324740202
465.9,40.01280329,-104.9515439,1643.7864000000002,83.30184000000001,1.162304,0.0,186.3401917459099
466.0,40.01280266,-104.951544,1643.4816,83.2104,1.162304,0.0,180.0
466.19999999999993,40.01280165,-104.9515438,1643.4816,83.2104,0.625856,0.0,180.0
466.3,40.01280127,-104.9515433,1643.4816,83.2104,0.625856,0.0,180.0
466.4,40.012801,-104.9515432,1643.4816,83.08848,0.491744,0.0,180.0
466.5,40.01280096,-104.951543,1643.4816,83.08848,0.0,0.0,180.0
466.6,40.01280081,-104.9515429,1643.4816,83.08848,0.0,0.0,180.0
466.69999999999993,40.01280083,-104.9515426,1643.4816,83.08848,0.0,0.0,180.0
466.8,40.01280074,-104.9515425,1643.4816,83.08848,0.0,0.0,180.0
466.9,40.01280091,-104.9515423,1643.4816,83.08848,0.0,0.0,0.0
467.0,40.01280086,-104.9515422,1643.4816,83.08848,0.0,0.0,0.0
467.1,40.01280109,-104.9515419,1643.4816,83.08848,0.0,0.0,0.0
467.19999999999993,40.01280107,-104.9515417,1643.4816,83.08848,0.0,0.0,0.0
467.3,40.01280132,-104.9515414,1643.4816,83.08848,0.0,0.0,0.0
467.4,40.01280135,-104.9515413,1643.4816,83.08848,0.0,0.0,0.0
467.5,40.01280151,-104.9515414,1643.4816,83.08848,0.0,0.0,0.0
467.6,40.01280153,-104.9515413,1643.4816,83.08848,0.0,0.0,0.0
467.69999999999993,40.01280175,-104.9515411,1643.4816,83.08848,0.0,0.0,0.0
467.8,40.01280176,-104.9515411,1643.4816,83.08848,0.491744,0.0,0.0
467.9,40.01280177,-104.951541,1643.4816,83.08848,0.0,0.0,0.0
468.0,40.01280176,-104.951541,1643.4816,83.08848,0.0,0.0,0.0
468.1,40.01280181,-104.951541,1643.4816,83.08848,0.0,0.0,0.0
468.19999999999993,40.0128018,-104.951541,1643.4816,83.08848,0.0,0.0,0.0
468.3,40.0128019,-104.951541,1643.4816,82.99704000000001,0.0,0.0,0.0
468.4,40.01280189,-104.951541,1643.4816,82.99704000000001,0.0,0.0,0.0
468.5,40.01280186,-104.9515409,1643.4816,82.99704000000001,0.0,0.0,0.0
468.6,40.01280183,-104.9515409,1643.4816,82.99704000000001,0.491744,0.0,0.0
468.69999999999993,40.01280169,-104.951541,1643.4816,82.99704000000001,0.0,0.0,0.0
469.4,40.01280148,-104.9515411,1643.4816,82.99704000000001,0.0,0.0,0.0
469.5,40.01280127,-104.9515413,1643.4816,82.99704000000001,0.1341119999999999,0.0,0.0
469.69999999999993,40.01280105,-104.9515415,1643.4816,82.99704000000001,0.0,0.0,0.0
469.8,40.012801,-104.9515415,1643.4816,82.99704000000001,0.312928,0.0,0.0
469.9,40.01280101,-104.9515415,1643.4816,82.99704000000001,0.0,0.0,0.0
470.0,40.01280098,-104.9515415,1643.4816,82.99704000000001,0.0,0.0,0.0
470.1,40.01280087,-104.9515413,1643.4816,82.99704000000001,0.0,0.0,0.0
470.19999999999993,40.01280084,-104.9515414,1643.4816,82.99704000000001,0.0,0.0,0.0
470.3,40.0128008,-104.9515415,1643.4816,82.99704000000001,0.0,0.0,0.0
470.4,40.01280078,-104.9515415,1643.4816,82.99704000000001,0.0,0.0,0.0
470.5,40.01280071,-104.9515416,1643.4816,82.99704000000001,0.0,0.0,0.0
470.6,40.0128007,-104.9515416,1643.4816,82.99704000000001,0.0,0.0,0.0
470.69999999999993,40.01280064,-104.9515415,1643.4816,82.99704000000001,0.0,0.0,0.0
470.8,40.01280063,-104.9515415,1643.4816,82.99704000000001,0.0,0.0,0.0
470.9,40.01280069,-104.9515415,1643.4816,82.99704000000001,0.0,0.0,0.0
471.0,40.01280068,-104.9515415,1643.4816,82.99704000000001,0.0,0.0,0.0
471.1,40.01280068,-104.9515416,1643.4816,82.99704000000001,0.0,0.0,0.0
471.19999999999993,40.01280065,-104.9515416,1643.4816,82.99704000000001,0.0,0.0,0.0
471.3,40.01280049,-104.9515417,1643.4816,82.99704000000001,0.0,0.0,0.0
471.4,40.01280045,-104.9515417,1643.4816,82.99704000000001,0.0,0.0,0.0
471.5,40.0128005,-104.9515417,1643.4816,82.99704000000001,0.0,0.0,0.0
471.6,40.01280048,-104.9515417,1643.4816,82.99704000000001,0.0,0.0,0.0
471.69999999999993,40.01280043,-104.9515418,1643.4816,82.99704000000001,0.0,0.0,0.0
471.8,40.01280043,-104.9515419,1643.4816,82.99704000000001,0.0,0.0,0.0
471.9,40.01280053,-104.951542,1643.4816,82.99704000000001,0.491744,0.0,0.0
472.0,40.01280054,-104.951542,1643.4816,82.99704000000001,0.0,0.0,0.0
472.1,40.01280044,-104.951542,1643.4816,83.08848,0.0,0.0,0.0
472.19999999999993,40.01280043,-104.9515421,1643.4816,83.08848,0.0,0.0,0.0
472.3,40.01280042,-104.9515421,1643.4816,83.08848,0.0,0.0,0.0
472.4,40.01280038,-104.9515422,1643.4816,83.08848,0.491744,0.0,270.0
472.5,40.01280032,-104.9515424,1643.4816,83.08848,0.0,0.0,270.0
472.6,40.01280025,-104.9515425,1643.4816,83.08848,0.491744,0.0,270.0
472.69999999999993,40.01280011,-104.9515425,1643.4816,83.08848,0.491744,0.0,270.0
472.8,40.01280005,-104.9515426,1643.4816,83.08848,0.0,0.0,270.0
472.9,40.01280001,-104.9515429,1643.4816,83.2104,0.0,0.0,270.0
473.0,40.01279992,-104.9515431,1643.4816,83.2104,0.0,0.0,270.0
473.1,40.01279971,-104.9515435,1643.4816,83.08848,0.0,0.0,257.4711922908485
473.19999999999993,40.01279958,-104.9515441,1643.4816,83.2104,0.491744,0.0,259.695153531234
473.3,40.01279939,-104.9515447,1643.4816,83.2104,0.67056,0.0,261.2538377374448
473.4,40.01279926,-104.9515455,1643.4816,83.2104,0.67056,0.0,263.6598082540901
473.5,40.0127992,-104.9515465,1643.4816,83.2104,0.938784,0.0,264.2894068625004
473.6,40.01279909,-104.9515476,1643.4816,83.2104,0.938784,0.0,270.0
473.69999999999993,40.01279908,-104.951549,1643.4816,83.08848,1.0728959999999998,0.0,270.0
473.8,40.01279901,-104.9515505,1643.4816,83.08848,1.162304,0.0,270.0
473.9,40.01279899,-104.951552,1643.4816,83.08848,1.251712,0.0,270.0
474.0,40.01279897,-104.9515538,1643.4816,83.08848,1.519936,0.0,270.0
474.1,40.01279891,-104.951556,1643.4816,83.08848,1.6987519999999998,0.0,270.0
474.19999999999993,40.01279892,-104.9515583,1643.4816,83.08848,1.877568,0.0,270.0
474.3,40.01279912,-104.9515607,1643.4816,83.08848,1.966976,0.0,270.0
474.4,40.01279921,-104.9515634,1643.4816,83.08848,2.2352,0.0,272.24574256589506
474.5,40.01279932,-104.9515664,1643.4816,83.08848,2.414016,0.0,271.97493401088195
474.6,40.01279952,-104.9515697,1643.4816,82.99704000000001,2.726944,0.0,274.2678933002908
474.69999999999993,40.01279988,-104.9515733,1643.4816,82.99704000000001,2.995168,0.0,275.2623953995951
474.8,40.01280022,-104.9515775,1643.4816,82.99704000000001,3.3528,0.0,274.8207660780927
475.0,40.0128009,-104.9515868,1643.4816,82.99704000000001,3.889248,0.0,275.58724396420433
475.19999999999993,40.01280165,-104.9515971,1643.4816,82.99704000000001,4.157472,0.0,276.21563589970265
475.3,40.01280225,-104.9516024,1643.4816,82.99704000000001,4.4704,0.0,276.09586154459583
475.4,40.01280279,-104.9516079,1643.4816,82.99704000000001,4.604512000000001,0.0,277.05784664988107
475.5,40.01280331,-104.9516134,1643.4816,82.99704000000001,4.69392,0.0,277.05784664988107
475.69999999999993,40.01280441,-104.9516249,1643.4816,82.99704000000001,4.872736,0.0,277.05784664988107
475.8,40.01280498,-104.9516304,1643.4816,82.99704000000001,4.872736,0.0,277.1934700552955
476.0,40.01280612,-104.9516405,1643.4816,82.99704000000001,4.515104,0.0,277.37376636133024
476.19999999999993,40.01280716,-104.9516484,1643.4816,82.99704000000001,3.889248,0.0,278.13010235415595
476.3,40.01280784,-104.9516516,1643.4816,82.99704000000001,3.218688,0.0,277.8152935467669
476.4,40.01280817,-104.951654,1643.4816,82.99704000000001,2.414016,0.0,279.2461127455632
476.5,40.01280853,-104.9516565,1643.4816,82.99704000000001,2.101088,0.0,278.3658861240326
476.6,40.01280875,-104.9516579,1643.4816,82.99704000000001,1.654048,0.0,274.5739212599009
476.69999999999993,40.01280896,-104.9516594,1643.4816,82.99704000000001,1.34112,0.0,276.3401917459099
476.8,40.01280909,-104.9516603,1643.4816,82.99704000000001,0.938784,0.0,270.0
476.9,40.01280925,-104.9516612,1643.4816,82.99704000000001,0.804672,0.0,270.0
477.0,40.01280933,-104.9516617,1643.4816,82.99704000000001,0.67056,0.0,270.0
477.1,40.01280934,-104.9516623,1643.4816,82.99704000000001,0.67056,-0.089408,270.0
477.19999999999993,40.01280939,-104.9516626,1643.4816,82.99704000000001,0.0,-0.22352,270.0
477.3,40.01280944,-104.9516628,1643.4816,82.99704000000001,0.0,-0.22352,270.0
477.4,40.01280949,-104.951663,1643.4816,83.08848,0.0,-0.312928,270.0
477.5,40.0128095,-104.9516629,1643.4816,83.08848,0.0,-0.402336,0.0
477.6,40.01280954,-104.951663,1643.4816,83.2104,0.491744,-0.402336,0.0
477.69999999999993,40.01280943,-104.9516629,1643.4816,83.2104,0.0,-0.491744,0.0
477.8,40.01280944,-104.9516629,1643.7864000000002,83.30184000000001,0.0,-0.491744,0.0
477.9,40.01280935,-104.9516626,1643.7864000000002,83.39328,0.0,-0.581152,0.0
478.0,40.01280933,-104.9516626,1643.7864000000002,83.39328,0.0,-0.581152,0.0
478.1,40.01280912,-104.9516623,1643.7864000000002,83.51520000000001,0.0,-0.715264,0.0
478.19999999999993,40.01280907,-104.9516623,1644.0912,83.60664000000001,0.0,-0.89408,0.0
478.3,40.01280909,-104.951662,1644.0912,83.69808,0.0,-1.207008,0.0
478.4,40.01280905,-104.951662,1644.0912,83.78952,0.0,-1.385824,0.0
478.6,40.01280906,-104.9516618,1644.7008,84.18576,0.0,-1.6987519999999998,0.0
478.69999999999993,40.01280885,-104.9516616,1644.7008,84.30768,0.0,-1.78816,0.0
478.8,40.0128088,-104.9516616,1645.0056000000002,84.49056,0.0,-1.78816,0.0
478.9,40.01280893,-104.9516615,1645.0056000000002,84.70392,0.0,-1.922272,0.0
479.0,40.0128089,-104.9516616,1645.3104,84.88680000000001,0.0,-1.922272,0.0
479.19999999999993,40.01280877,-104.9516614,1645.6152000000002,85.31352,0.0,-1.609344,0.0
479.3,40.01280851,-104.9516615,1645.92,85.49640000000001,0.312928,-1.296416,0.0
479.4,40.01280844,-104.9516615,1646.2248000000002,85.70976,0.0,-0.983488,0.0
479.5,40.01280839,-104.9516617,1646.2248000000002,85.70976,0.0,-0.581152,0.0
479.6,40.01280831,-104.9516618,1646.2248000000002,85.80120000000001,0.0,-0.312928,0.0
479.8,40.01280812,-104.9516623,1646.2248000000002,85.80120000000001,0.0,0.0,215.5376777919744
480.0,40.01280671,-104.9516637,1646.2248000000002,85.80120000000001,0.581152,0.0,210.579226872489
480.1,40.01280546,-104.9516646,1646.2248000000002,85.80120000000001,1.162304,0.0,210.1413855520753
480.19999999999993,40.01280399,-104.9516657,1646.2248000000002,85.89264000000001,1.78816,0.0,208.81079374297303
480.3,40.01280237,-104.9516669,1646.2248000000002,85.89264000000001,1.877568,0.0,208.85566121971647
480.4,40.01280029,-104.9516684,1646.2248000000002,85.89264000000001,2.324608,0.0,208.967660646064
480.5,40.012798,-104.95167,1646.2248000000002,85.89264000000001,2.771648,0.0,208.3549617853241
480.6,40.01279534,-104.9516719,1646.2248000000002,85.89264000000001,3.12928,0.0,208.84266013541207
480.69999999999993,40.01279273,-104.9516739,1646.2248000000002,85.89264000000001,3.397504,0.0,207.75854060106
480.8,40.01278953,-104.9516761,1646.2248000000002,85.89264000000001,3.710432,0.0,208.46516214265483
480.9,40.0127863,-104.9516785,1646.2248000000002,85.89264000000001,4.068064,0.0,207.5745639596944
481.0,40.01278258,-104.9516811,1646.2248000000002,85.89264000000001,4.425696,0.0,207.97947438848016
481.1,40.01277856,-104.9516837,1646.2248000000002,85.89264000000001,4.828032,0.0,207.6667572922844
481.19999999999993,40.01277431,-104.9516866,1646.2248000000002,85.89264000000001,5.185664,0.0,206.98023071822288
481.3,40.01276993,-104.9516897,1646.2248000000002,85.89264000000001,5.453887999999999,0.0,206.96571443287013
481.4,40.01276521,-104.9516928,1646.2248000000002,85.89264000000001,5.677408,0.0,206.37533074625267
481.5,40.01276033,-104.9516961,1646.2248000000002,85.89264000000001,5.990336,0.0,206.74810416292144
481.6,40.01275532,-104.9516995,1646.2248000000002,85.89264000000001,6.169152,0.0,207.47443162627712
481.8,40.01274529,-104.9517063,1646.2248000000002,85.89264000000001,6.303264,0.0,207.12130340415865
481.9,40.01274038,-104.9517095,1646.2248000000002,85.89264000000001,6.213856,0.0,205.9843705911853
482.0,40.01273565,-104.9517126,1646.2248000000002,85.80120000000001,5.945632,0.0,205.7693276243387
482.1,40.01273088,-104.9517155,1646.2248000000002,85.80120000000001,5.856224,0.0,204.10223450116112
482.19999999999993,40.01272635,-104.951718,1646.2248000000002,85.80120000000001,5.632704,0.0,201.00322271143423
482.3,40.0127212,-104.9517205,1646.2248000000002,85.80120000000001,5.766816,0.0,197.8188889145228
482.4,40.01271672,-104.9517222,1646.2248000000002,85.70976,5.632704,0.0,193.79086689736096
482.5,40.01271253,-104.9517233,1646.2248000000002,85.70976,4.962144,0.0,188.2758928270752
482.69999999999993,40.01270352,-104.9517242,1645.92,85.58784000000001,4.91744,0.0,180.0
482.8,40.01269912,-104.9517239,1646.2248000000002,85.70976,4.962144,-0.089408,176.35881474209873
483.1,40.01268638,-104.9517224,1646.2248000000002,85.70976,4.783328,-0.089408,173.5956472736159
483.19999999999993,40.01268245,-104.9517217,1646.2248000000002,85.70976,4.649216,0.0,172.28810758734107
483.3,40.01267851,-104.951721,1646.2248000000002,85.70976,4.425696,0.0,171.9571057664947
483.4,40.01267484,-104.9517202,1646.2248000000002,85.70976,4.291583999999999,0.0,171.780790751101
483.5,40.01267121,-104.9517192,1646.2248000000002,85.70976,4.157472,0.0,171.3044971225752
483.6,40.01266783,-104.9517184,1646.2248000000002,85.70976,3.978656,0.0,170.88213724620425
483.69999999999993,40.01266443,-104.9517174,1646.2248000000002,85.70976,3.844544,0.0,170.53767779197435
483.8,40.0126613,-104.9517166,1646.2248000000002,85.70976,3.665728,0.0,170.29334759066023
483.9,40.01265836,-104.9517158,1646.2248000000002,85.70976,3.442208,0.0,169.7651972365768
484.0,40.01265547,-104.951715,1646.2248000000002,85.80120000000001,3.308096,0.0,169.33021719550334
484.1,40.01265264,-104.9517139,1646.2248000000002,85.80120000000001,3.308096,0.0,166.56897112931836
484.19999999999993,40.01264996,-104.9517131,1646.2248000000002,85.80120000000001,3.12928,0.0,166.17134902771988
484.3,40.01264747,-104.9517119,1646.2248000000002,85.80120000000001,2.995168,0.0,165.7499673021964
484.4,40.01264496,-104.9517109,1646.2248000000002,85.80120000000001,2.90576,0.0,163.30075576600643
484.5,40.01264267,-104.9517099,1646.2248000000002,85.89264000000001,2.771648,0.0,160.97439396243135
484.6,40.0126403,-104.9517088,1646.2248000000002,85.89264000000001,2.771648,0.0,160.97439396243135
484.69999999999993,40.01263804,-104.9517076,1646.2248000000002,85.89264000000001,2.816352,0.0,160.34617594194674
484.8,40.01263583,-104.9517064,1646.2248000000002,85.89264000000001,2.68224,0.0,159.67686317033713
484.9,40.01263394,-104.9517053,1646.5296,86.01456,2.45872,0.0,157.79652146794265
485.0,40.01263206,-104.9517043,1646.5296,86.01456,2.324608,0.0,157.2855876468327
485.19999999999993,40.01262925,-104.9517025,1646.5296,86.10600000000001,1.877568,0.0,157.83365417791754
485.3,40.01262819,-104.9517021,1646.5296,86.10600000000001,1.56464,0.089408,160.70995378081125
485.4,40.01262744,-104.9517017,1646.5296,86.10600000000001,1.162304,0.089408,162.64597536373867
485.5,40.01262699,-104.9517013,1646.5296,86.01456,0.938784,0.089408,169.69515353123393
485.69999999999993,40.01262623,-104.9517007,1646.5296,86.01456,0.5364479999999999,0.089408,158.19859051364824
485.8,40.01262606,-104.9517006,1646.5296,86.10600000000001,0.44704,0.0,180.0
485.9,40.01262606,-104.9517004,1646.5296,86.10600000000001,0.0,0.0,180.0
486.0,40.012626,-104.9517002,1646.5296,86.01456,0.0,0.0,180.0
486.1,40.01262598,-104.9517001,1646.5296,86.01456,0.0,0.089408,0.0
486.3,40.01262617,-104.9516999,1646.2248000000002,85.89264000000001,0.0,0.089408,0.0
486.4,40.01262625,-104.9516997,1646.2248000000002,85.89264000000001,0.0,0.089408,0.0
486.5,40.01262652,-104.9516997,1646.2248000000002,85.89264000000001,0.491744,0.089408,0.0
486.6,40.01262666,-104.9516996,1646.2248000000002,85.89264000000001,0.0,0.0,0.0
486.69999999999993,40.01262691,-104.9516996,1646.2248000000002,85.89264000000001,0.0,0.0,0.0
486.8,40.01262708,-104.9516995,1646.2248000000002,85.89264000000001,0.0,0.0,0.0
486.9,40.01262745,-104.9516994,1646.2248000000002,85.89264000000001,0.0,0.0,0.0
487.0,40.01262762,-104.9516993,1646.2248000000002,85.89264000000001,0.0,0.0,0.0
487.1,40.01262783,-104.9516995,1646.2248000000002,85.80120000000001,0.0,0.0,0.0
487.19999999999993,40.01262797,-104.9516995,1646.2248000000002,85.80120000000001,0.0,0.089408,0.0
487.3,40.01262814,-104.9516995,1646.2248000000002,85.80120000000001,0.0,0.22352,0.0
487.4,40.01262825,-104.9516995,1646.2248000000002,85.70976,0.0,0.312928,0.0
487.6,40.01262826,-104.9516995,1645.92,85.58784000000001,0.0,0.715264,0.0
487.69999999999993,40.01262843,-104.9516995,1645.92,85.49640000000001,0.0,0.804672,0.0
487.8,40.01262849,-104.9516996,1645.92,85.49640000000001,0.0,0.804672,0.0
487.9,40.01262842,-104.9516996,1645.92,85.40496,0.0,0.715264,0.0
488.0,40.01262845,-104.9516996,1645.6152000000002,85.31352,0.0,0.715264,0.0
488.1,40.0126283,-104.9516998,1645.6152000000002,85.31352,0.0,0.804672,0.0
488.19999999999993,40.01262831,-104.9516998,1645.6152000000002,85.19160000000001,0.0,0.89408,0.0
488.3,40.0126284,-104.9516996,1645.6152000000002,85.10016,0.0,0.804672,0.0
488.4,40.01262841,-104.9516996,1645.3104,85.00872,0.0,0.715264,0.0
488.6,40.0126282,-104.9516996,1645.3104,84.88680000000001,0.0,0.22352,0.0
488.69999999999993,40.0126282,-104.9516999,1645.3104,84.88680000000001,0.0,0.0,0.0
488.8,40.01262818,-104.9516999,1645.3104,85.00872,0.0,0.0,0.0
488.9,40.01262818,-104.9516996,1645.3104,84.88680000000001,0.0,0.0,0.0
489.0,40.01262817,-104.9516996,1645.3104,84.88680000000001,0.0,0.0,0.0
489.1,40.0126282,-104.9516994,1645.3104,84.88680000000001,0.0,0.0,0.0
489.19999999999993,40.01262821,-104.9516993,1645.3104,84.79536,0.0,0.0,0.0
489.4,40.0126281,-104.9516993,1645.3104,84.79536,0.0,0.0,0.0
489.69999999999993,40.01262808,-104.9516994,1645.3104,84.79536,0.0,0.0,0.0
489.8,40.01262803,-104.9516995,1645.3104,84.88680000000001,0.0,0.0,0.0
489.9,40.01262801,-104.9516994,1645.3104,84.88680000000001,0.0,0.0,0.0
490.0,40.01262794,-104.9516994,1645.3104,84.88680000000001,0.0,0.0,0.0
490.1,40.01262781,-104.9516996,1645.3104,84.88680000000001,0.0,0.0,0.0
490.19999999999993,40.01262772,-104.9516997,1645.3104,84.88680000000001,0.0,0.0,270.0
490.4,40.01262756,-104.9517003,1645.3104,84.88680000000001,0.44704,0.0,270.0
490.5,40.01262753,-104.9517007,1645.3104,84.88680000000001,0.44704,0.0,257.4711922908485
490.69999999999993,40.01262712,-104.951702,1645.3104,84.88680000000001,0.44704,0.0,259.695153531234
490.8,40.01262697,-104.9517027,1645.3104,84.88680000000001,0.625856,0.0,259.695153531234
490.9,40.01262687,-104.9517033,1645.3104,84.88680000000001,0.0,0.0,259.695153531234
491.0,40.01262675,-104.951704,1645.3104,84.88680000000001,0.67056,0.0,257.4711922908485
491.1,40.01262675,-104.9517045,1645.3104,84.88680000000001,0.0,0.0,270.0
491.19999999999993,40.0126267,-104.9517049,1645.3104,84.88680000000001,0.67056,0.0,270.0
491.3,40.01262659,-104.9517053,1645.3104,84.88680000000001,0.67056,0.0,270.0
491.4,40.01262657,-104.9517055,1645.3104,84.88680000000001,0.67056,0.0,270.0
491.5,40.01262654,-104.9517057,1645.3104,84.88680000000001,0.0,0.0,270.0
491.6,40.01262654,-104.9517059,1645.3104,84.88680000000001,0.0,0.0,0.0
491.69999999999993,40.01262653,-104.9517061,1645.3104,84.88680000000001,0.0,0.0,0.0
491.8,40.01262654,-104.9517062,1645.3104,84.88680000000001,0.0,0.0,0.0
491.9,40.01262643,-104.9517063,1645.3104,84.88680000000001,0.0,0.0,0.0
492.0,40.01262644,-104.9517063,1645.3104,84.88680000000001,0.0,0.0,0.0
492.1,40.01262647,-104.9517065,1645.3104,84.88680000000001,0.0,0.0,0.0
492.19999999999993,40.01262648,-104.9517065,1645.3104,84.88680000000001,0.0,0.0,0.0
492.3,40.01262664,-104.9517065,1645.3104,84.88680000000001,0.0,0.0,0.0
492.4,40.01262667,-104.9517065,1645.3104,84.88680000000001,0.0,0.0,0.0
492.5,40.01262665,-104.9517064,1645.3104,84.88680000000001,0.0,0.0,0.0
492.6,40.01262667,-104.9517064,1645.3104,84.88680000000001,0.0,0.0,0.0
492.69999999999993,40.01262679,-104.9517064,1645.3104,84.88680000000001,0.0,0.0,0.0
492.8,40.01262682,-104.9517064,1645.3104,84.88680000000001,0.0,0.0,0.0
493.1,40.01262702,-104.9517063,1645.3104,84.88680000000001,0.0,0.0,0.0
493.19999999999993,40.01262705,-104.9517063,1645.3104,84.88680000000001,0.0,0.0,0.0
493.3,40.01262711,-104.9517063,1645.3104,84.88680000000001,0.0,0.0,0.0
493.4,40.01262714,-104.9517063,1645.3104,84.88680000000001,0.0,0.0,0.0
493.5,40.01262733,-104.9517062,1645.3104,84.88680000000001,0.0,0.0,0.0
493.8,40.01262714,-104.9517067,1645.3104,84.88680000000001,0.0,0.0,225.0
493.9,40.01262691,-104.951707,1645.3104,84.88680000000001,0.22352,0.0,234.46232220802565
494.0,40.01262667,-104.9517074,1645.3104,84.88680000000001,0.0,0.0,232.1250163489018
494.1,40.01262647,-104.9517079,1645.3104,84.88680000000001,0.67056,0.0,232.1250163489018
494.19999999999993,40.01262615,-104.9517084,1645.3104,84.88680000000001,0.491744,0.0,225.0
494.4,40.0126255,-104.9517095,1645.3104,84.88680000000001,0.625856,0.0,225.0
494.5,40.01262515,-104.9517102,1645.3104,84.88680000000001,0.5364479999999999,0.0,225.0
494.6,40.01262471,-104.9517108,1645.3104,84.88680000000001,0.491744,0.0,225.0
494.69999999999993,40.01262425,-104.9517114,1645.3104,84.88680000000001,0.67056,0.0,225.0
495.0,40.01262306,-104.951713,1645.3104,84.88680000000001,0.67056,0.0,225.0
495.1,40.01262287,-104.9517134,1645.3104,84.88680000000001,0.581152,0.0,225.0
495.19999999999993,40.01262274,-104.9517136,1645.3104,84.88680000000001,0.491744,0.0,225.0
495.4,40.01262247,-104.9517139,1645.3104,84.88680000000001,0.0,0.0,270.0
495.8,40.01262237,-104.9517145,1645.3104,85.00872,0.178816,0.0,0.0
495.9,40.01262234,-104.9517146,1645.3104,85.00872,0.2682239999999999,0.0,0.0
496.0,40.01262239,-104.9517147,1645.3104,85.00872,0.0,0.0,0.0
496.1,40.01262241,-104.9517146,1645.3104,85.00872,0.0,0.0,0.0
496.19999999999993,40.01262247,-104.9517146,1645.3104,85.00872,0.0,0.0,0.0
496.3,40.01262257,-104.9517146,1645.3104,85.00872,0.0,0.0,0.0
496.4,40.01262263,-104.9517146,1645.3104,84.88680000000001,0.491744,0.0,0.0
496.5,40.01262253,-104.9517146,1645.3104,84.88680000000001,0.0,0.0,0.0
496.6,40.01262257,-104.9517145,1645.3104,84.88680000000001,0.0,0.0,0.0
496.69999999999993,40.01262262,-104.9517144,1645.3104,84.88680000000001,0.0,0.0,0.0
496.8,40.01262266,-104.9517144,1645.3104,84.88680000000001,0.0,0.0,0.0
496.9,40.01262271,-104.9517143,1645.3104,84.88680000000001,0.491744,0.0,0.0
497.0,40.01262274,-104.9517142,1645.3104,84.88680000000001,0.0,0.0,0.0
497.1,40.01262265,-104.9517143,1645.3104,84.88680000000001,0.0,0.0,0.0
497.19999999999993,40.01262267,-104.9517143,1645.3104,85.00872,0.0,0.0,0.0
497.3,40.0126226,-104.9517142,1645.3104,85.00872,0.0,0.0,0.0
497.4,40.0126226,-104.9517142,1645.3104,84.88680000000001,0.0,0.0,0.0
497.69999999999993,40.01262254,-104.9517141,1645.3104,85.00872,0.0,0.0,0.0
497.8,40.01262253,-104.9517141,1645.3104,85.00872,0.0,0.0,0.0
497.9,40.01262253,-104.9517141,1645.3104,85.00872,0.0,0.0,0.0
498.0,40.01262252,-104.9517141,1645.3104,85.00872,0.0,0.0,0.0
498.1,40.01262253,-104.9517142,1645.3104,85.00872,0.0,0.0,0.0
498.19999999999993,40.01262251,-104.9517142,1645.3104,85.00872,0.0,0.0,0.0
498.3,40.01262237,-104.9517141,1645.3104,85.00872,0.0,0.0,0.0
498.4,40.01262233,-104.9517141,1645.3104,85.00872,0.0,0.0,0.0
498.5,40.01262236,-104.9517141,1645.3104,85.00872,0.0,0.0,0.0
498.6,40.01262231,-104.9517141,1645.3104,84.88680000000001,0.0,0.0,0.0
498.69999999999993,40.01262234,-104.9517141,1645.3104,84.88680000000001,0.0,0.0,0.0
498.8,40.01262229,-104.9517141,1645.3104,84.88680000000001,0.0,0.0,0.0
498.9,40.01262234,-104.9517143,1645.3104,85.00872,0.0,0.0,0.0
499.0,40.01262229,-104.9517143,1645.3104,85.00872,0.491744,0.0,0.0
499.1,40.01262236,-104.9517142,1645.3104,84.88680000000001,0.0,0.0,0.0
499.3,40.01262222,-104.9517144,1645.3104,84.88680000000001,0.0,0.0,0.0
499.4,40.01262218,-104.9517144,1645.3104,85.00872,0.0,0.0,0.0
499.5,40.01262225,-104.9517144,1645.3104,85.00872,0.0,0.0,0.0
499.6,40.01262221,-104.9517144,1645.3104,85.00872,0.0,0.0,0.0
499.69999999999993,40.01262213,-104.9517144,1645.3104,85.00872,0.0,0.0,0.0
499.8,40.01262209,-104.9517144,1645.3104,85.00872,0.0,0.0,0.0
502.69999999999993,40.01262233,-104.9517132,1645.3104,84.88680000000001,0.0,0.0,0.0
502.8,40.01262232,-104.9517131,1645.3104,84.88680000000001,0.0,0.0,0.0
502.9,40.0126222,-104.9517131,1645.3104,84.88680000000001,0.0,0.0,0.0
503.9,40.01262228,-104.9517135,1645.3104,85.00872,0.0,0.0,270.0
504.19999999999993,40.01262222,-104.9517138,1645.3104,85.00872,0.0,0.0,270.0
504.3,40.01262224,-104.9517141,1645.3104,85.00872,0.0,0.0,270.0
504.4,40.01262219,-104.9517142,1645.3104,85.00872,0.0,0.0,0.0
504.5,40.01262214,-104.951714,1645.3104,85.00872,0.0,0.0,0.0
504.6,40.01262208,-104.9517141,1645.3104,85.00872,0.0,0.0,0.0
504.69999999999993,40.0126221,-104.9517141,1645.3104,85.00872,0.0,0.0,0.0
504.8,40.01262205,-104.9517141,1645.6152000000002,85.10016,0.0,0.0,0.0
504.9,40.01262201,-104.9517143,1645.6152000000002,85.10016,0.0,0.0,0.0
505.1,40.01262194,-104.9517142,1645.3104,85.00872,0.0,0.0,0.0
505.3,40.0126219,-104.9517143,1645.3104,85.00872,0.0,0.0,0.0
505.4,40.0126219,-104.9517142,1645.3104,85.00872,0.0,0.0,0.0
505.5,40.01262184,-104.9517142,1645.3104,85.00872,0.0,0.0,0.0
505.69999999999993,40.01262183,-104.9517141,1645.3104,85.00872,0.0,0.0,0.0
505.9,40.01262182,-104.951714,1645.3104,85.00872,0.0,0.0,0.0
506.5,40.01262172,-104.9517136,1645.3104,84.88680000000001,0.0,0.0,0.0
507.5,40.01262171,-104.9517131,1645.3104,84.79536,0.044704,0.0,0.0
507.69999999999993,40.01262169,-104.9517129,1645.3104,84.79536,0.0,0.0,0.0
508.4,40.01262171,-104.9517129,1645.3104,84.79536,0.0,0.0,0.0
508.5,40.01262161,-104.9517128,1645.3104,84.79536,0.1341119999999999,0.0,0.0
508.69999999999993,40.01262155,-104.9517129,1645.3104,84.79536,0.0,0.0,0.0
508.8,40.01262148,-104.951713,1645.3104,84.88680000000001,0.0,0.0,0.0
508.9,40.01262146,-104.9517132,1645.3104,84.88680000000001,0.0,0.0,0.0
509.0,40.01262141,-104.9517133,1645.3104,84.88680000000001,0.0,0.0,0.0
509.1,40.01262129,-104.9517133,1645.3104,84.88680000000001,0.0,0.0,0.0
509.19999999999993,40.01262125,-104.9517133,1645.3104,85.00872,0.0,0.0,0.0
509.3,40.01262125,-104.9517133,1645.3104,84.88680000000001,0.0,0.0,0.0
509.4,40.0126212,-104.9517134,1645.3104,84.88680000000001,0.0,0.0,0.0
509.5,40.0126211,-104.9517134,1645.3104,84.88680000000001,0.0,0.0,180.0
509.6,40.01262103,-104.9517135,1645.3104,84.79536,0.0,0.0,180.0
509.69999999999993,40.01262096,-104.9517135,1645.3104,84.79536,0.0,0.0,0.0
509.8,40.01262093,-104.9517135,1645.3104,84.88680000000001,0.0,0.0,0.0
509.9,40.01262097,-104.9517134,1645.3104,84.79536,0.0,0.0,0.0
510.0,40.01262099,-104.9517134,1645.3104,84.88680000000001,0.0,0.0,0.0
510.1,40.01262103,-104.9517133,1645.3104,84.88680000000001,0.491744,0.0,0.0
510.19999999999993,40.0126211,-104.9517132,1645.3104,84.79536,0.0,0.0,0.0
510.4,40.01262109,-104.9517132,1645.3104,84.79536,0.0,0.0,0.0
510.5,40.01262118,-104.9517131,1645.3104,84.79536,0.0,0.0,0.0
510.6,40.01262123,-104.9517131,1645.3104,84.79536,0.0,0.0,0.0
510.69999999999993,40.01262124,-104.9517131,1645.3104,84.79536,0.0,0.0,0.0
510.8,40.01262128,-104.951713,1645.3104,84.79536,0.0,0.0,0.0
510.9,40.0126213,-104.951713,1645.3104,84.79536,0.0,0.0,0.0
511.0,40.01262133,-104.9517129,1645.3104,84.79536,0.0,-0.089408,0.0
511.1,40.01262126,-104.951713,1645.3104,84.79536,0.0,0.0,0.0
511.19999999999993,40.01262129,-104.951713,1645.3104,84.79536,0.0,0.0,0.0
511.3,40.01262139,-104.9517129,1645.3104,84.79536,0.0,0.0,0.0
511.4,40.01262142,-104.9517129,1645.3104,84.79536,0.0,0.0,0.0
511.5,40.01262135,-104.9517128,1645.3104,84.79536,0.0,0.0,0.0
511.6,40.01262138,-104.9517128,1645.3104,84.79536,0.0,0.0,0.0
511.69999999999993,40.01262133,-104.9517127,1645.3104,84.79536,0.0,0.0,0.0
511.8,40.01262135,-104.9517127,1645.3104,84.79536,0.0,0.0,0.0
512.1999999999999,40.01262137,-104.9517127,1645.0056000000002,84.70392,0.0,0.0,0.0
512.5,40.01262142,-104.9517126,1645.3104,84.79536,0.0,0.0,0.0
512.9,40.01262029,-104.9517116,1645.3104,84.79536,0.22352,0.312928,145.4914770123316
513.0,40.01261957,-104.9517108,1645.3104,84.79536,0.44704,0.581152,138.3664606634298
513.1,40.0126188,-104.9517098,1645.0056000000002,84.61248,1.162304,0.983488,140.7105931374997
513.1999999999999,40.0126178,-104.9517086,1645.0056000000002,84.49056,1.34112,1.385824,138.65222278030632
513.3,40.01261665,-104.9517076,1644.7008,84.30768,1.56464,1.922272,135.0
513.4,40.01261539,-104.9517061,1644.3960000000002,84.09432,1.654048,2.279904,136.9091524329964
513.5,40.01261385,-104.9517044,1644.0912,83.78952,2.101088,2.68224,139.26789330029084
513.6,40.01261225,-104.9517024,1643.7864000000002,83.51520000000001,2.324608,2.90576,138.0127875041834
513.6999999999999,40.01261053,-104.9517006,1643.4816,83.2104,2.414016,2.995168,139.60009566626331
513.8,40.01260847,-104.9516983,1643.1768000000002,82.81416,2.726944,2.995168,141.46981998517322
513.9,40.01260611,-104.9516959,1642.872,82.50936,3.12928,2.995168,144.46232220802565
514.0,40.01260351,-104.9516933,1642.5672000000002,82.20456,3.486912,2.995168,144.6197277996988
514.1,40.01260076,-104.9516906,1642.2624,81.89976,3.755136,2.995168,147.1886332019319
514.1999999999999,40.01259762,-104.9516878,1641.9576000000002,81.59496,4.068064,2.995168,148.43102887068164
514.3,40.01259415,-104.9516847,1641.6528,81.29016,4.4704,2.995168,149.0362434679265
514.4,40.01259044,-104.9516817,1641.3480000000002,80.98536,4.738624,2.90576,150.25511870305775
514.5,40.01258675,-104.9516784,1641.3480000000002,80.80248000000002,4.91744,2.90576,150.61584287404872
514.6,40.01258251,-104.9516751,1641.0432,80.49768000000002,5.185664,2.90576,151.82140989004083
514.6999999999999,40.01257798,-104.9516716,1640.7384000000002,80.19288000000002,5.677408,2.90576,151.49346243200762
514.8,40.01257319,-104.9516682,1640.4336,79.88808000000002,5.945632,2.90576,152.87869659584135
514.9,40.01256845,-104.9516646,1639.824,79.49184000000001,6.079744,2.995168,154.14445781119662
515.0,40.01256318,-104.9516612,1639.5192000000002,79.18704000000001,6.303264,2.995168,155.30447370996046
515.1,40.0125579,-104.9516575,1639.2144,78.91272,6.616192,2.995168,155.2506335092825
515.1999999999999,40.01255214,-104.951654,1639.2144,78.69936,6.8397120000000005,2.90576,156.9417254005632
515.3,40.01254622,-104.9516505,1638.6048,78.30311999999999,7.15264,2.90576,157.1164655855431
515.4,40.01253994,-104.951647,1638.6048,78.08976,7.37616,2.90576,158.62937773065687
515.5,40.01253332,-104.9516434,1638.3000000000002,77.78496,7.778496,2.90576,159.44395478041656
515.6,40.01252652,-104.9516401,1637.6904000000002,77.38872,8.04672,2.90576,159.88327483154444
515.6999999999999,40.01251966,-104.9516365,1637.3856,77.1144,8.136128,2.90576,160.61020992320584
515.8,40.01251239,-104.9516332,1637.0808000000002,76.8096,8.404352,2.995168,161.84729411334888
515.9,40.01250482,-104.9516299,1637.0808000000002,76.5048,8.71728,2.995168,162.47443162627712
516.0,40.01249711,-104.9516266,1636.776,76.29144000000001,8.9408,2.90576,162.89727103094765
516.1,40.01248862,-104.951623,1636.4712000000002,75.98664000000001,9.477248,2.995168,163.2215450613836
516.1999999999999,40.0124805,-104.9516198,1636.1664,75.71232,9.700768,2.995168,163.6104596659652
516.3,40.01247288,-104.9516167,1635.8616000000002,75.40752,9.16432,2.90576,163.90918365114783
516.4,40.01246448,-104.9516133,1635.5568,75.01128,9.298432,2.995168,163.52311860631198
516.5,40.01245597,-104.9516099,1635.2520000000002,74.70648,9.83488,2.995168,163.17859010995917
516.6,40.01244729,-104.9516064,1634.9472,74.40168,10.013696,2.995168,162.98923849532378
516.6999999999999,40.0124383,-104.9516027,1634.6424000000002,74.09688,10.28192,2.68224,162.84162606995778
516.8,40.01242975,-104.9515991,1634.3376,73.79208,10.237215999999998,2.592832,162.80145877993414
516.9,40.01242153,-104.951596,1634.0328000000002,73.48728,9.745472,2.816352,163.37924308610798
517.0,40.01241372,-104.9515928,1633.728,73.21296,9.298432,2.995168,163.57781250168478
517.1,40.01240588,-104.9515905,1633.1184,72.78624,8.985504,2.995168,164.09688879952796
517.1999999999999,40.01239895,-104.9515879,1632.8136000000002,72.51192,8.49376,3.084576,164.3704044102194
517.3,40.01239191,-104.9515853,1632.5088,72.0852,8.091424,3.084576,164.68314017912326
517.4,40.01238582,-104.9515831,1632.2040000000002,71.81088,7.59968,3.084576,165.3148029628785
517.6999999999999,40.01236936,-104.9515773,1631.2896,70.89648,6.48208,2.995168,166.89721005873753
517.8,40.01236497,-104.9515759,1630.9848000000002,70.50024,5.990336,2.995168,166.60750224624894
517.9,40.01236048,-104.9515747,1630.68,70.19544,5.051552,2.995168,168.2317110679794
518.1999999999999,40.01235075,-104.9515717,1629.7656000000002,69.31152,4.068064,2.995168,169.01934998982642
518.3,40.01234806,-104.9515713,1629.4608,69.00672,3.531616,2.995168,171.179620447979
518.6,40.0123432,-104.9515701,1628.5464000000002,68.00088,2.101088,3.218688,175.76360520094113
518.8,40.01234126,-104.9515698,1627.9368000000002,67.5132,1.519936,2.995168,180.0
518.9,40.0123412,-104.9515701,1627.632,67.29984,0.715264,2.90576,167.47119229084842
519.0,40.01234088,-104.9515699,1627.632,67.08648,0.0,2.816352,164.0546040990771
519.1,40.01234113,-104.9515696,1627.3272000000002,66.81216,0.0,2.68224,180.0
519.1999999999999,40.01234095,-104.9515695,1627.0224,66.5988,0.0,2.68224,180.0
519.3,40.01234103,-104.9515696,1626.7176000000002,66.38544,0.0,2.68224,180.0
519.4,40.01234069,-104.9515697,1626.4128,65.9892,0.0,2.816352,180.0
519.5,40.01234058,-104.9515698,1626.1080000000002,65.71488000000001,0.0,2.816352,180.0
519.6,40.01233994,-104.9515699,1625.8032,65.28816,0.491744,2.816352,186.3401917459099
519.6999999999999,40.01233973,-104.9515701,1625.4984000000002,65.01384,0.67056,2.90576,185.71059313749964
519.8,40.01233879,-104.9515702,1625.1936,64.70904,0.67056,2.90576,184.57392125990089
519.9,40.01233813,-104.9515706,1624.8888000000002,64.40424,0.938784,2.90576,184.2363947990588
520.0,40.01233702,-104.9515707,1624.584,64.09944,0.938784,2.90576,180.0
520.1,40.01233618,-104.9515712,1624.2792000000002,63.79464000000001,1.162304,2.995168,183.94518622903755
520.1999999999999,40.01233501,-104.9515713,1623.9744,63.48984000000001,1.162304,2.995168,180.0
520.3,40.01233412,-104.9515714,1623.6696000000002,63.0936,1.162304,2.995168,180.0
520.4,40.01233291,-104.9515715,1623.3648,62.7888,1.162304,3.084576,180.0
520.5,40.01233156,-104.9515716,1623.0600000000002,62.51448,1.34112,2.995168,180.0
520.6,40.01233032,-104.9515717,1622.7552,62.20968,1.34112,2.995168,180.0
520.6999999999999,40.01232905,-104.951572,1622.4504000000002,61.90488,1.430528,3.084576,180.0
520.8,40.01232779,-104.9515721,1622.1456,61.60008,1.430528,3.084576,180.0
520.9,40.01232647,-104.9515724,1621.536,61.20384000000001,1.519936,3.084576,183.36646066342985
521.0,40.01232519,-104.9515726,1621.2312000000002,60.89904000000001,1.430528,2.995168,180.0
521.1,40.01232379,-104.9515729,1620.9264,60.594240000000006,1.519936,2.995168,183.36646066342985
521.1999999999999,40.01232253,-104.951573,1620.9264,60.41136,1.519936,2.90576,180.0
521.3,40.01232109,-104.9515729,1620.6216000000002,60.10656,1.519936,2.995168,180.0
521.4,40.01232005,-104.9515729,1620.3168,59.80176,1.34112,3.084576,180.0
521.5,40.0123193,-104.9515731,1620.0120000000002,59.49696,0.938784,3.084576,180.0
521.6,40.01231865,-104.9515731,1619.7072,59.19216,0.804672,3.084576,180.0
521.9,40.01231717,-104.9515729,1618.7928000000002,58.308240000000005,0.581152,2.816352,180.0
522.0,40.01231695,-104.951573,1618.488,58.09488,0.491744,2.816352,180.0
522.4,40.01231606,-104.9515724,1617.2688,56.90616,0.178816,2.995168,158.19859051364824
522.6999999999999,40.01231576,-104.9515712,1616.3544000000002,55.99176,0.2682239999999999,2.995168,147.52880770915152
522.9,40.01231412,-104.9515705,1615.7448000000002,55.29072000000001,0.5364479999999999,2.90576,170.83765295427827
523.0,40.01231269,-104.9515703,1615.44,55.10784,1.207008,2.816352,172.50414236027018
523.1,40.012311,-104.95157,1615.44,54.89448,1.78816,2.68224,173.9275435927923
523.1999999999999,40.01230898,-104.9515697,1614.8304,54.49824,2.101088,2.90576,174.70991879462872
523.3,40.01230702,-104.9515692,1614.5256000000002,54.102,2.279904,2.90576,173.118276369363
523.4,40.01230443,-104.9515688,1614.2208,53.7972,2.592832,2.995168,174.0355128987469
523.5,40.01230167,-104.9515688,1613.9160000000002,53.4924,2.995168,2.995168,174.59620863975033
523.6,40.01229847,-104.9515683,1613.6112,53.1876,3.308096,2.995168,173.81138403675843
523.6999999999999,40.01229484,-104.951568,1613.3064000000002,52.91328,3.844544,2.90576,174.2894068625003
523.8,40.0122912,-104.9515674,1613.0016,52.60848,4.068064,2.816352,174.2894068625003
523.9,40.01228763,-104.9515671,1612.6968000000002,52.395120000000006,4.02336,2.90576,173.81138403675843
524.1,40.01228174,-104.9515664,1612.0872000000002,51.69408,3.531616,3.084576,174.0355128987469
524.1999999999999,40.0122792,-104.9515661,1611.7824,51.38928,3.12928,2.995168,175.072890052351
524.3,40.01227656,-104.9515657,1611.4776000000002,51.11496,2.90576,3.084576,174.1736579704443
524.4,40.01227472,-104.9515655,1611.1728,50.81016,2.503424,3.084576,177.13759477388828
524.5,40.0122729,-104.9515655,1610.8680000000002,50.413920000000005,2.01168,3.084576,180.0
524.6,40.01227176,-104.9515655,1610.5632,50.10912,1.654048,3.084576,180.0
524.6999999999999,40.01227057,-104.9515655,1610.2584000000002,49.80432,1.34112,3.084576,180.0
524.8,40.01226991,-104.9515655,1609.9536,49.49952,1.0728959999999998,3.084576,180.0
524.9,40.01226891,-104.9515655,1609.6488000000002,49.19472,0.938784,2.995168,180.0
525.0,40.01226851,-104.9515656,1609.344,48.88992,0.804672,2.995168,180.0
525.1,40.01226822,-104.9515656,1609.0392000000002,48.58512,0.0,2.90576,180.0
525.1999999999999,40.01226797,-104.9515657,1608.7344,48.3108,0.0,2.995168,180.0
525.3,40.01226767,-104.9515658,1608.4296000000002,48.097440000000006,0.491744,2.995168,180.0
525.4,40.0122675,-104.9515659,1608.1248,47.792640000000006,0.0,2.90576,180.0
525.5,40.01226758,-104.9515658,1607.8200000000002,47.487840000000006,0.0,2.816352,180.0
525.6,40.01226752,-104.9515659,1607.5152,47.21352,0.0,2.816352,0.0
525.6999999999999,40.01226748,-104.9515659,1607.5152,47.00016,0.0,2.816352,0.0
525.8,40.01226743,-104.9515659,1607.2104000000002,46.69536,0.0,2.816352,0.0
526.0,40.01226768,-104.9515661,1606.6008000000002,46.08576,0.0,2.90576,0.0
526.1,40.01226789,-104.9515662,1606.296,45.811440000000005,0.0,2.90576,0.0
526.1999999999999,40.0122679,-104.9515662,1605.9912000000002,45.50664,0.0,2.90576,0.0
526.3,40.01226805,-104.9515664,1605.6864,45.20184,0.0,2.995168,0.0
526.5,40.01226816,-104.9515665,1605.0768,44.500800000000005,0.0,2.995168,0.0
526.6,40.01226813,-104.9515665,1604.7720000000002,44.196000000000005,0.0,2.995168,180.0
526.6999999999999,40.01226801,-104.9515664,1604.4672,43.891200000000005,0.0,2.995168,180.0
526.8,40.01226766,-104.9515663,1604.1624000000002,43.586400000000005,0.0,3.084576,169.69515353123393
527.0,40.0122665,-104.9515659,1603.5528000000002,43.00728,0.625856,2.90576,167.1957339347132
527.1,40.01226548,-104.9515654,1603.248,42.70248,0.89408,2.90576,166.42956561483857
527.1999999999999,40.01226422,-104.951565,1602.9432000000002,42.39768,1.34112,2.90576,168.36636600105953
527.3,40.01226299,-104.9515647,1602.6384,42.09288,1.430528,2.90576,165.9637565320735
527.4,40.0122615,-104.9515642,1602.3336000000002,41.78808,1.654048,2.90576,166.6754687381092
527.5,40.01225988,-104.9515636,1602.0288,41.51376,1.78816,2.90576,167.31961650818016
527.6,40.01225827,-104.9515631,1601.7240000000002,41.20896,1.877568,2.90576,164.62374875117382
527.6999999999999,40.01225665,-104.9515624,1601.4192,40.90416,1.832864,2.995168,164.62374875117382
527.8,40.01225507,-104.9515619,1601.1144000000002,40.59936,1.832864,2.90576,166.6754687381092
527.9,40.01225355,-104.9515615,1600.8096,40.386,1.78816,2.90576,165.17352002964435
528.0,40.01225231,-104.9515611,1600.5048000000002,40.11168,1.56464,2.995168,165.46554491945994
528.1,40.01225115,-104.9515606,1600.2,39.80688,1.519936,2.995168,167.1957339347132
528.1999999999999,40.01225031,-104.9515603,1599.8952000000002,39.50208,1.162304,3.084576,164.4758890032458
528.3,40.01224935,-104.9515602,1599.5904,39.10584000000001,0.938784,3.084576,172.8749836510982
528.4,40.0122488,-104.9515601,1599.2856000000002,38.80104,0.938784,3.084576,180.0
528.5,40.01224835,-104.9515601,1598.9808,38.49624,0.491744,3.084576,180.0
528.6,40.01224803,-104.9515601,1598.6760000000002,38.19144,0.67056,3.084576,180.0
528.6999999999999,40.0122476,-104.95156,1598.3712,37.88664,0.67056,3.084576,180.0
528.8,40.01224742,-104.95156,1598.0664000000002,37.61232,0.0,2.995168,180.0
528.9,40.01224723,-104.9515596,1597.7616,37.30752,0.0,2.995168,180.0
529.0,40.01224712,-104.9515596,1597.4568000000002,37.09416,0.0,2.90576,180.0
529.1,40.01224704,-104.9515593,1597.152,36.78936,0.491744,2.90576,180.0
529.1999999999999,40.01224698,-104.9515592,1596.8472000000002,36.51504,0.0,2.816352,180.0
529.3,40.01224721,-104.9515591,1596.5424,36.21024,0.0,2.90576,0.0
529.4,40.01224722,-104.951559,1596.2376000000002,35.90544,0.0,2.90576,0.0
529.6,40.0122472,-104.9515586,1595.6280000000002,35.29584,0.312928,2.90576,0.0
529.6999999999999,40.0122473,-104.9515588,1595.3232,34.99104,0.0,2.90576,0.0
529.8,40.01224735,-104.9515588,1595.0184000000002,34.68624,0.491744,2.90576,0.0
529.9,40.01224744,-104.9515585,1594.7136,34.29,0.0,2.90576,0.0
530.0,40.01224747,-104.9515584,1594.4088000000002,33.9852,0.491744,2.995168,0.0
530.1999999999999,40.01224751,-104.9515583,1593.7992000000002,33.40608,0.0,3.084576,0.0
530.4,40.01224757,-104.9515581,1593.1896000000002,32.705040000000004,0.0,3.084576,0.0
530.8,40.01224769,-104.9515582,1591.9704000000002,31.607760000000003,0.0,2.995168,0.0
531.0,40.01224788,-104.9515579,1591.3608000000002,30.99816,0.0,2.995168,0.0
531.1999999999999,40.01224785,-104.9515581,1590.7512000000002,30.38856,0.0,2.995168,0.0
531.3,40.01224788,-104.9515582,1590.4464,30.11424,0.0,2.995168,0.0
531.4,40.01224794,-104.9515582,1590.1416000000002,29.80944,0.0,2.995168,0.0
531.5,40.01224789,-104.9515584,1589.8368,29.4132,0.0,2.995168,0.0
531.6,40.01224791,-104.9515583,1589.5320000000002,29.108400000000003,0.0,2.995168,0.0
531.6999999999999,40.01224793,-104.9515583,1589.2272,28.803600000000003,0.0,2.995168,180.0
531.8,40.01224774,-104.9515582,1588.9224000000002,28.498800000000003,0.0,2.90576,180.0
531.9,40.01224728,-104.9515585,1588.6176,28.28544,0.0,2.90576,167.47119229084842
532.0,40.01224681,-104.9515583,1588.6176,28.102560000000004,0.0,2.90576,171.25383773744477
532.1,40.01224636,-104.9515579,1588.3128000000002,28.01112,0.491744,2.816352,158.96248897457815
532.1999999999999,40.01224575,-104.9515576,1588.3128000000002,27.797760000000004,0.67056,2.816352,162.64597536373867
532.3,40.01224509,-104.9515577,1588.008,27.70632,0.67056,2.816352,162.64597536373867
532.4,40.0122444,-104.9515574,1588.008,27.61488,0.804672,2.816352,172.8749836510982
532.5,40.01224384,-104.9515571,1587.7032000000002,27.31008,0.67056,2.68224,173.65980825409008
532.6,40.01224311,-104.951557,1587.3984,27.096720000000005,0.804672,2.592832,173.65980825409008
532.6999999999999,40.01224215,-104.951557,1587.3984,27.00528,0.938784,2.68224,180.0
532.8,40.01224127,-104.9515569,1587.0936000000002,26.791920000000005,1.0728959999999998,2.68224,174.80557109226515
532.9,40.01224036,-104.9515566,1586.7888,26.30424,0.938784,2.90576,168.69006752597977
533.0,40.0122393,-104.9515563,1586.4840000000002,25.99944,1.162304,2.995168,169.50852298766836
533.1,40.01223838,-104.9515561,1586.1792,25.6032,1.162304,2.995168,169.50852298766836
533.1999999999999,40.01223726,-104.9515558,1585.8744000000002,25.2984,1.162304,3.084576,165.46554491945994
533.3,40.01223586,-104.9515554,1585.2648000000002,24.90216,1.34112,3.084576,166.42956561483857
533.4,40.01223471,-104.9515551,1584.96,24.59736,1.519936,3.084576,166.42956561483857
533.5,40.01223358,-104.9515546,1584.6552,24.29256,1.34112,2.995168,166.42956561483857
533.8,40.01222997,-104.9515536,1584.0456,23.50008,1.385824,3.084576,166.42956561483857
533.9,40.01222881,-104.9515531,1583.436,23.10384,1.34112,2.995168,166.42956561483857
534.0,40.0122276,-104.9515527,1583.436,22.89048,1.34112,2.995168,166.42956561483857
534.1,40.01222621,-104.9515521,1583.1312,22.58568,1.56464,2.995168,163.81079374297303
534.1999999999999,40.01222494,-104.9515517,1582.8264,22.31136,1.56464,2.995168,163.81079374297303
534.3,40.01222363,-104.9515511,1582.5216,22.00656,1.519936,2.995168,163.81079374297303
534.4,40.01222235,-104.9515506,1582.2168,21.701760000000004,1.519936,2.90576,163.81079374297303
534.5,40.01222116,-104.9515502,1581.912,21.396960000000004,1.430528,2.995168,163.81079374297303
534.6,40.0122199,-104.9515496,1581.6072,21.21408,1.430528,2.90576,160.46334506187168
534.6999999999999,40.0122187,-104.951549,1581.3024,20.787360000000003,1.430528,2.90576,160.46334506187168
534.8,40.01221746,-104.9515483,1580.9976,20.51304,1.34112,2.995168,160.46334506187168
534.9,40.01221626,-104.9515478,1580.6928,20.20824,1.519936,3.084576,155.8544580395784
535.0,40.01221507,-104.9515471,1580.0832,19.812,1.430528,3.084576,155.8544580395784
535.1999999999999,40.01221275,-104.9515455,1579.7784,19.2024,1.475232,2.816352,149.34933204294714
535.3,40.01221163,-104.9515447,1579.4736,18.8976,1.430528,2.90576,151.1134182330893
535.4,40.01221046,-104.9515438,1579.1688,18.5928,1.519936,2.995168,151.1134182330893
535.5,40.01220927,-104.951543,1578.5592,18.19656,1.519936,2.995168,151.1134182330893
535.6999999999999,40.01220694,-104.9515413,1577.9496,17.40408,1.475232,3.084576,148.17255342332692
535.8,40.01220578,-104.9515404,1577.6448,17.09928,1.475232,3.084576,148.17255342332692
536.1,40.01220273,-104.9515373,1576.4256,15.910560000000002,1.430528,3.084576,143.47114463301483
536.1999999999999,40.01220164,-104.9515363,1576.1208,15.605760000000002,1.430528,3.084576,143.47114463301483
536.3,40.01220043,-104.9515352,1575.816,15.300960000000002,1.56464,2.995168,143.47114463301483
536.4,40.01219934,-104.9515341,1575.5112,14.99616,1.654048,2.995168,143.47114463301483
536.5,40.01219824,-104.9515329,1575.2064,14.69136,1.519936,2.995168,140.8263420295558
536.6,40.01219717,-104.9515317,1574.5968,14.29512,1.654048,2.995168,140.8263420295558
536.6999999999999,40.01219609,-104.9515304,1574.292,13.99032,1.519936,2.995168,135.0
536.8,40.01219508,-104.9515292,1573.9872,13.68552,1.56464,3.084576,135.0
536.9,40.01219408,-104.9515278,1573.6824,13.4112,1.519936,2.995168,131.34777721969368
537.0,40.01219317,-104.9515265,1573.3776,13.014960000000002,1.519936,2.995168,126.52885536698516
537.1,40.01219248,-104.9515251,1573.3776,12.8016,1.430528,2.995168,126.52885536698516
537.1999999999999,40.01219164,-104.9515237,1573.0728,12.4968,1.519936,2.995168,126.52885536698516
537.3,40.01219074,-104.9515219,1572.768,12.192,1.654048,2.995168,124.59228868750996
537.4,40.01218985,-104.9515204,1572.4632,11.8872,1.6987519999999998,2.90576,127.1847064532331
537.5,40.01218882,-104.9515191,1572.1584,11.70432,1.56464,2.90576,127.1847064532331
537.9,40.0121857,-104.9515123,1570.9392,10.60704,1.654048,2.90576,117.89727103094764
538.0,40.01218495,-104.9515106,1570.6344,10.2108,1.6987519999999998,2.995168,117.89727103094764
538.1999999999999,40.01218373,-104.9515069,1570.0248,9.6012,1.654048,2.90576,115.20112364547508
538.3,40.01218341,-104.9515052,1569.72,9.2964,1.609344,2.90576,115.20112364547508
538.4,40.01218282,-104.9515033,1569.4152,8.9916,1.654048,2.90576,109.85521436932106
538.5,40.01218196,-104.9515013,1569.1104,8.6868,1.832864,2.995168,109.85521436932106
538.6,40.01218144,-104.9514994,1568.8056,8.41248,1.78816,2.995168,109.85521436932106
538.6999999999999,40.01218133,-104.9514975,1568.5008,8.10768,1.654048,2.90576,106.99082329198616
538.9,40.01218047,-104.9514936,1567.8912,7.498080000000001,1.6987519999999998,2.90576,103.3245312618908
539.0,40.0121801,-104.9514915,1567.5864,7.193280000000001,1.743456,2.90576,103.3245312618908
539.1999999999999,40.01218022,-104.9514877,1566.9768,6.492240000000001,1.654048,2.995168,100.43747535111822
539.3,40.01217979,-104.9514856,1566.672,6.1874400000000005,1.654048,2.995168,97.49585763972988
539.4,40.01217961,-104.9514836,1566.3672,5.91312,1.654048,2.90576,97.49585763972988
539.5,40.0121794,-104.9514813,1566.0624,5.69976,1.832864,2.68224,97.49585763972988
539.6,40.01217927,-104.9514793,1565.7576,5.39496,1.78816,2.503424,93.17983011986422
539.6999999999999,40.01217909,-104.9514777,1565.7576,5.21208,1.56464,2.414016,93.3664606634298
539.8,40.01217899,-104.9514759,1565.4528,4.99872,1.430528,2.279904,93.3664606634298
540.1,40.01217868,-104.9514704,1564.8432,4.29768,1.56464,1.922272,90.0
540.3,40.0121787,-104.951467,1564.5384,3.99288,1.519936,1.519936,90.0
540.4,40.01217873,-104.9514654,1564.2336,3.901440000000001,1.430528,1.296416,90.0
540.5,40.01217822,-104.9514635,1564.2336,3.81,1.519936,1.296416,90.0
540.6,40.01217823,-104.9514618,1563.9288,3.5966400000000003,1.519936,1.207008,90.0
540.6999999999999,40.01217822,-104.9514603,1563.9288,3.41376,1.34112,1.207008,86.63353933657021
540.8,40.0121783,-104.9514586,1563.624,3.2918400000000005,1.34112,1.1176,86.63353933657021
540.9,40.01217858,-104.9514569,1563.624,3.10896,1.34112,0.983488,82.09283729704157
541.0,40.01217873,-104.9514552,1563.3192,2.9870400000000004,1.34112,0.983488,82.09283729704157
541.1,40.01217854,-104.9514535,1563.3192,2.8956,1.430528,0.89408,81.63411387596739
541.1999999999999,40.01217868,-104.9514518,1563.3192,2.80416,1.34112,0.89408,81.63411387596739
541.3,40.01217894,-104.9514503,1563.0144,2.7127200000000005,1.34112,0.804672,81.63411387596739
541.4,40.01217912,-104.9514487,1563.0144,2.7127200000000005,1.34112,0.804672,78.36636600105953
541.5,40.01217911,-104.9514472,1563.0144,2.5908,1.34112,0.715264,77.27564431457762
541.6,40.01217934,-104.9514456,1563.0144,2.49936,1.34112,0.715264,77.27564431457762
541.6999999999999,40.01217951,-104.9514442,1563.0144,2.49936,1.251712,0.581152,76.42956561483851
541.8,40.01217977,-104.9514428,1562.7096,2.4079200000000003,1.162304,0.581152,71.56505117707798
541.9,40.01218005,-104.9514415,1562.7096,2.4079200000000003,1.162304,0.491744,71.56505117707798
542.0,40.01218035,-104.9514401,1562.7096,2.286,1.162304,0.491744,71.56505117707798
542.1,40.01218039,-104.9514389,1562.7096,2.286,0.938784,0.402336,70.20112364547509
542.1999999999999,40.01218072,-104.9514376,1562.7096,2.286,1.0728959999999998,0.402336,70.20112364547509
542.3,40.0121809,-104.9514361,1562.7096,2.286,1.162304,0.312928,66.25050550713325
542.4,40.01218132,-104.9514348,1562.7096,2.286,1.162304,0.312928,64.29004621918875
542.5,40.01218186,-104.9514334,1562.7096,2.19456,1.34112,0.312928,59.34933204294714
542.6,40.01218243,-104.951432,1562.7096,2.19456,1.34112,0.312928,56.30993247402023
542.6999999999999,40.01218344,-104.9514308,1562.7096,2.19456,1.34112,0.312928,56.30993247402023
542.9,40.01218503,-104.9514282,1562.4048,2.10312,1.430528,0.312928,50.8263420295558
543.0,40.01218593,-104.9514268,1562.4048,2.10312,1.475232,0.312928,47.20259816176582
543.1,40.01218691,-104.9514253,1562.4048,2.10312,1.56464,0.22352,45.0
543.1999999999999,40.01218795,-104.951424,1562.4048,2.10312,1.654048,0.22352,45.0
543.3,40.0121889,-104.9514225,1562.4048,2.01168,1.654048,0.22352,40.76360520094119
543.4,40.01219003,-104.9514211,1562.4048,2.01168,1.654048,0.22352,38.88449643371462
543.5,40.01219144,-104.9514196,1562.4048,2.01168,1.78816,0.22352,38.88449643371462
543.9,40.01219697,-104.951415,1562.4048,1.88976,1.877568,0.0,31.42956561483851
544.0,40.01219838,-104.9514139,1562.4048,1.88976,1.832864,0.0,29.054604099077157
544.1,40.01219997,-104.9514126,1562.4048,1.88976,2.01168,0.0,29.054604099077157
544.3,40.01220299,-104.9514103,1562.4048,1.88976,2.01168,0.0,26.565051177077976
544.5,40.01220576,-104.9514088,1562.4048,1.88976,1.78816,0.0,25.709953780811247
544.6,40.01220671,-104.9514082,1562.4048,1.88976,1.56464,0.089408,24.227745317954145
544.8,40.01220803,-104.9514072,1562.4048,1.88976,0.983488,0.22352,21.037511025421797
544.9,40.01220834,-104.9514072,1562.1,1.79832,0.715264,0.312928,12.528807709151522
545.0,40.01220865,-104.9514071,1562.1,1.79832,0.67056,0.22352,0.0
545.1,40.01220908,-104.9514071,1562.1,1.79832,0.0,0.22352,0.0
545.1999999999999,40.01220927,-104.9514071,1562.1,1.79832,0.491744,0.22352,0.0
545.3,40.01220961,-104.9514068,1562.1,1.79832,0.0,0.22352,0.0
545.4,40.01220974,-104.9514069,1562.1,1.70688,0.491744,0.089408,0.0
545.5,40.01220967,-104.9514074,1562.1,1.70688,0.0,0.089408,270.0
545.6,40.01220974,-104.9514075,1562.1,1.70688,0.491744,0.089408,270.0
545.6999999999999,40.01220979,-104.9514079,1562.1,1.70688,0.491744,0.089408,270.0
545.8,40.01220984,-104.951408,1562.1,1.70688,0.0,0.089408,270.0
545.9,40.01220963,-104.9514082,1562.1,1.70688,0.0,0.089408,270.0
546.0,40.01220967,-104.9514084,1562.1,1.70688,0.0,0.089408,270.0
546.1,40.01220961,-104.9514088,1562.1,1.58496,0.491744,0.089408,270.0
546.1999999999999,40.01220966,-104.951409,1562.1,1.58496,0.67056,0.0,270.0
546.3,40.01220965,-104.9514095,1562.1,1.58496,0.67056,0.0,270.0
546.4,40.01220969,-104.9514097,1562.1,1.58496,0.67056,0.0,270.0
546.5,40.01220965,-104.9514101,1562.1,1.58496,0.0,0.0,270.0
546.6,40.01220969,-104.9514103,1562.1,1.58496,0.0,0.089408,270.0
546.6999999999999,40.01220963,-104.9514105,1562.1,1.58496,0.0,0.22352,270.0
546.8,40.01220965,-104.9514108,1562.1,1.58496,0.0,0.312928,270.0
546.9,40.01220941,-104.9514108,1562.1,1.58496,0.0,0.402336,270.0
547.0,40.01220939,-104.9514111,1561.7952,1.4935200000000002,0.0,0.402336,270.0
547.1,40.01220905,-104.9514112,1561.7952,1.4935200000000002,0.0,0.402336,270.0
547.3,40.01220878,-104.9514118,1561.7952,1.40208,0.0,0.312928,270.0
547.4,40.01220872,-104.951412,1561.7952,1.40208,0.0,0.312928,270.0
547.5,40.01220871,-104.9514122,1561.7952,1.31064,0.0,0.312928,270.0
547.8,40.01220853,-104.9514126,1561.4904,1.18872,0.0,0.22352,0.0
547.9,40.01220833,-104.9514127,1561.4904,1.18872,0.0,0.089408,0.0
548.0,40.01220826,-104.9514128,1561.4904,1.18872,0.0,0.089408,0.0
548.1,40.01220841,-104.9514127,1561.4904,1.18872,0.0,0.089408,0.0
548.1999999999999,40.01220836,-104.9514127,1561.4904,1.18872,0.0,0.089408,0.0
548.4,40.01220814,-104.9514128,1561.4904,1.09728,0.0,0.089408,0.0
548.6,40.01220805,-104.9514127,1561.4904,1.09728,0.0,0.089408,0.0
548.6999999999999,40.012208,-104.9514126,1561.4904,1.09728,0.0,0.089408,0.0
548.8,40.01220796,-104.9514126,1561.4904,1.09728,0.0,0.089408,0.0
548.9,40.01220778,-104.9514128,1561.4904,1.09728,0.0,0.0,0.0
549.0,40.01220769,-104.9514129,1561.4904,1.09728,0.0,0.0,0.0
549.1,40.01220766,-104.9514129,1561.4904,1.09728,0.0,0.0,0.0
549.1999999999999,40.01220759,-104.9514129,1561.4904,1.00584,0.0,0.0,0.0
549.3,40.01220757,-104.951413,1561.4904,1.00584,0.0,0.0,0.0
549.4,40.0122075,-104.951413,1561.4904,1.00584,0.0,0.0,0.0
549.5,40.0122075,-104.9514129,1561.4904,1.00584,0.0,0.0,0.0
549.6,40.01220743,-104.9514129,1561.4904,1.00584,0.0,0.0,0.0
549.6999999999999,40.01220756,-104.951413,1561.4904,1.00584,0.0,0.0,0.0
549.8,40.01220751,-104.951413,1561.4904,1.00584,0.0,0.0,0.0
549.9,40.01220761,-104.9514131,1561.4904,1.00584,0.0,0.0,0.0
550.0,40.01220758,-104.9514131,1561.4904,1.00584,0.491744,0.0,0.0
550.1,40.01220765,-104.9514132,1561.4904,1.00584,0.0,0.0,0.0
550.1999999999999,40.01220764,-104.9514132,1561.4904,1.00584,0.0,0.0,0.0
550.3,40.01220769,-104.9514131,1561.4904,1.00584,0.0,0.0,0.0
550.4,40.01220768,-104.9514132,1561.4904,1.00584,0.0,0.0,0.0
550.5,40.01220771,-104.9514132,1560.576,0.0,0.0,0.0,0.0
