timestamp,latitude,longitude,altitude,height,ground_speed,vertical_speed,course
0.0,39.9611884,-106.2164554,2477.4144,0.0,0.0,0.0,0.0
0.1,39.9611884,-106.2164554,2477.4144,0.0,0.0,0.0,0.0
0.1999999999999999,39.9611884,-106.2164554,2477.4144,0.0,0.0,0.0,0.0
0.3,39.96118841,-106.2164554,2477.4144,0.0,0.0,0.0,0.0
0.3999999999999999,39.96118841,-106.2164554,2477.4144,0.0,0.0,0.089408,0.0
0.5,39.96118841,-106.2164554,2477.4144,0.0,0.0,0.089408,0.0
0.6000000000000001,39.96118832,-106.2164553,2477.4144,-0.09144,0.0,0.089408,0.0
0.7,39.96118832,-106.2164553,2477.4144,-0.09144,0.0,0.22352,0.0
0.8,39.96118832,-106.2164552,2477.1096,-0.21336,0.491744,0.22352,0.0
0.8999999999999999,39.9611883,-106.2164553,2477.1096,-0.21336,0.0,0.22352,0.0
1.0,39.9611883,-106.2164553,2477.1096,-0.3048,0.0,0.22352,0.0
1.1,39.9611883,-106.2164553,2477.1096,-0.3048,0.0,0.22352,0.0
1.2000000000000002,39.9611883,-106.2164553,2477.1096,-0.3048,0.0,0.089408,0.0
1.2999999999999998,39.9611883,-106.2164553,2477.1096,-0.3048,0.0,0.089408,0.0
1.4,39.9611883,-106.2164553,2477.1096,-0.39624,0.0,0.089408,0.0
1.5,39.96118831,-106.2164553,2477.1096,-0.39624,0.0,0.22352,0.0
1.6,39.9611882,-106.2164554,2476.8048000000003,-0.48768,0.0,0.22352,0.0
1.7000000000000002,39.9611882,-106.2164554,2476.8048000000003,-0.6096,0.0,0.312928,0.0
1.7999999999999998,39.96118819,-106.2164554,2476.8048000000003,-0.70104,0.0,0.402336,0.0
1.9,39.96118819,-106.2164554,2476.5,-0.7924800000000001,0.0,0.491744,0.0
2.0,39.96118816,-106.2164554,2476.5,-0.9144,0.0,0.581152,0.0
2.1,39.96118811,-106.2164553,2476.1952,-1.09728,0.0,0.715264,135.0
2.2,39.96118797,-106.2164552,2476.1952,-1.18872,0.0,0.715264,158.19859051364824
2.4,39.96118745,-106.2164545,2475.8904,-1.40208,0.312928,0.402336,135.0
2.6,39.96118666,-106.2164534,2475.8904,-1.4935200000000002,0.67056,0.0,135.0
2.7,39.96118639,-106.216453,2475.8904,-1.40208,0.625856,-0.402336,135.0
2.8,39.96118596,-106.2164523,2476.1952,-1.31064,0.491744,-0.715264,135.0
2.9,39.96118561,-106.2164519,2476.1952,-1.09728,0.0,-0.715264,135.0
3.0,39.9611851,-106.2164514,2476.5,-1.00584,0.67056,-0.581152,142.1250163489018
3.2,39.9611843,-106.2164507,2476.8048000000003,-0.70104,0.625856,-0.312928,144.46232220802565
3.3,39.96118395,-106.2164504,2476.8048000000003,-0.6096,0.5364479999999999,-0.402336,144.46232220802565
3.4000000000000004,39.96118339,-106.2164502,2476.8048000000003,-0.48768,0.67056,-0.491744,164.0546040990771
3.5,39.96118305,-106.21645,2477.1096,-0.3048,0.491744,-0.804672,164.0546040990771
3.6,39.96118282,-106.2164499,2477.1096,-0.21336,0.491744,-0.983488,164.0546040990771
3.7,39.96118244,-106.2164497,2477.4144,0.0,0.0,-1.207008,180.0
3.8,39.96118211,-106.2164497,2477.4144,0.0,0.0,-1.296416,180.0
3.9,39.96118185,-106.2164496,2477.7192,0.21336,0.0,-1.385824,180.0
4.0,39.96118156,-106.2164497,2477.7192,0.39624,0.0,-1.609344,180.0
4.1,39.96118133,-106.2164497,2478.0240000000003,0.70104,0.491744,-1.6987519999999998,180.0
4.3,39.96118093,-106.2164497,2478.3288,1.09728,0.312928,-1.296416,180.0
4.4,39.96118076,-106.2164498,2478.6336,1.18872,0.312928,-1.207008,180.0
4.5,39.96118059,-106.2164498,2478.6336,1.40208,0.491744,-0.89408,180.0
4.6,39.96118039,-106.2164498,2478.9384,1.4935200000000002,0.0,-0.89408,180.0
4.7,39.96118025,-106.2164498,2478.9384,1.58496,0.0,-0.804672,180.0
4.8,39.96118002,-106.2164499,2478.9384,1.70688,0.0,-0.804672,180.0
4.9,39.96117986,-106.21645,2479.2432000000003,1.79832,0.0,-0.581152,180.0
5.0,39.96117977,-106.2164501,2479.2432000000003,1.88976,0.0,-0.491744,0.0
5.1,39.96117971,-106.2164503,2479.2432000000003,2.01168,0.0,-0.491744,270.0
5.2,39.96117954,-106.2164503,2479.548,2.10312,0.0,-0.581152,270.0
5.3,39.9611795,-106.2164505,2479.548,2.19456,0.0,-0.581152,270.0
5.4,39.96117959,-106.2164507,2479.548,2.286,0.0,-0.491744,270.0
5.5,39.96117944,-106.2164508,2479.8528,2.4079200000000003,0.0,-0.312928,270.0
5.6,39.96117952,-106.216451,2479.8528,2.4079200000000003,0.0,-0.312928,270.0
5.7,39.96117945,-106.2164513,2479.8528,2.49936,0.0,-0.22352,270.0
5.8,39.96117944,-106.2164516,2479.8528,2.49936,0.0,0.0,270.0
5.9,39.96117936,-106.2164519,2479.8528,2.49936,0.491744,0.0,270.0
6.0,39.96117927,-106.2164523,2479.8528,2.49936,0.67056,0.0,270.0
6.1,39.96117928,-106.2164526,2479.8528,2.49936,0.491744,-0.089408,270.0
6.2,39.96117938,-106.2164528,2479.8528,2.49936,0.0,-0.089408,270.0
6.3,39.96117938,-106.216453,2479.8528,2.5908,0.0,-0.089408,270.0
6.4,39.96117941,-106.2164531,2479.8528,2.5908,0.0,0.0,270.0
6.5,39.96117946,-106.2164532,2479.8528,2.49936,0.0,0.089408,0.0
6.6,39.96117965,-106.2164532,2479.8528,2.49936,0.0,0.089408,0.0
6.7,39.96117972,-106.2164532,2479.8528,2.49936,0.491744,0.0,0.0
6.8,39.96117983,-106.2164532,2479.8528,2.49936,0.0,-0.089408,0.0
6.9,39.96117988,-106.2164531,2479.8528,2.5908,0.0,0.0,0.0
7.0,39.96118022,-106.2164529,2479.8528,2.49936,0.491744,0.0,0.0
7.1,39.96118036,-106.2164529,2479.8528,2.49936,0.0,0.0,0.0
7.199999999999999,39.96118053,-106.2164528,2479.8528,2.49936,0.0,0.0,0.0
7.300000000000001,39.96118063,-106.2164528,2479.8528,2.49936,0.0,0.0,0.0
7.4,39.96118083,-106.2164526,2479.8528,2.49936,0.0,-0.089408,0.0
7.5,39.96118091,-106.2164526,2479.8528,2.5908,0.0,0.0,0.0
7.6,39.96118104,-106.2164525,2479.8528,2.49936,0.0,0.0,0.0
7.699999999999999,39.96118117,-106.2164524,2479.8528,2.49936,0.0,0.0,0.0
7.800000000000001,39.96118129,-106.2164524,2479.8528,2.5908,0.0,0.0,0.0
7.9,39.96118132,-106.2164524,2479.8528,2.5908,0.0,0.0,0.0
8.0,39.96118152,-106.2164524,2479.8528,2.5908,0.491744,0.0,0.0
8.1,39.9611815,-106.2164525,2479.8528,2.5908,0.0,0.0,0.0
8.2,39.96118159,-106.2164526,2479.8528,2.5908,0.0,0.0,0.0
8.3,39.96118166,-106.2164526,2479.8528,2.5908,0.0,0.0,0.0
8.4,39.96118183,-106.2164526,2479.8528,2.5908,0.0,0.22352,0.0
8.5,39.96118182,-106.2164525,2479.8528,2.49936,0.0,0.22352,0.0
8.6,39.96118201,-106.2164525,2479.8528,2.49936,0.0,0.089408,0.0
8.7,39.96118199,-106.2164524,2479.8528,2.49936,0.0,-0.089408,0.0
8.8,39.96118215,-106.2164524,2479.8528,2.49936,0.0,-0.089408,0.0
8.9,39.96118219,-106.2164524,2479.8528,2.49936,0.0,0.0,0.0
9.0,39.96118235,-106.2164523,2479.8528,2.49936,0.0,0.0,0.0
9.1,39.96118232,-106.2164523,2479.8528,2.49936,0.0,0.0,0.0
9.2,39.96118249,-106.2164524,2479.8528,2.49936,0.0,0.0,0.0
9.3,39.96118245,-106.2164524,2479.8528,2.49936,0.0,0.089408,0.0
9.4,39.96118258,-106.2164524,2479.8528,2.49936,0.0,0.0,0.0
9.5,39.96118249,-106.2164524,2479.8528,2.49936,0.0,0.0,0.0
9.6,39.9611826,-106.2164525,2479.8528,2.4079200000000003,0.0,0.0,180.0
9.7,39.96118247,-106.2164525,2479.8528,2.4079200000000003,0.0,0.0,180.0
9.8,39.96118237,-106.2164524,2479.8528,2.4079200000000003,0.0,0.0,180.0
9.9,39.96118238,-106.2164524,2479.8528,2.4079200000000003,0.0,0.0,180.0
10.0,39.96118233,-106.2164523,2479.8528,2.4079200000000003,0.0,0.0,0.0
10.1,39.96118233,-106.2164523,2479.8528,2.4079200000000003,0.0,0.0,0.0
10.2,39.96118238,-106.2164522,2479.548,2.286,0.0,0.0,0.0
10.3,39.96118242,-106.2164522,2479.548,2.286,0.0,0.0,0.0
10.4,39.96118243,-106.216452,2479.548,2.286,0.491744,0.0,0.0
10.5,39.96118252,-106.216452,2479.548,2.286,0.0,0.0,90.0
10.6,39.9611825,-106.2164519,2479.548,2.286,0.0,-0.089408,90.0
10.7,39.96118245,-106.2164518,2479.8528,2.4079200000000003,0.0,-0.22352,90.0
10.8,39.96118259,-106.2164518,2479.8528,2.4079200000000003,0.491744,-0.089408,0.0
10.9,39.96118254,-106.2164518,2479.8528,2.49936,0.0,-0.491744,0.0
11.0,39.96118251,-106.2164517,2479.8528,2.49936,0.0,-0.804672,0.0
11.1,39.96118259,-106.2164518,2480.1576,2.7127200000000005,0.0,-1.1176,0.0
11.2,39.96118257,-106.2164517,2480.1576,2.80416,0.0,-1.519936,0.0
11.3,39.96118251,-106.2164516,2480.4624000000003,2.9870400000000004,0.0,-1.78816,90.0
11.4,39.96118263,-106.2164514,2480.4624000000003,3.2004,0.0,-2.101088,90.0
11.5,39.96118249,-106.2164513,2480.7672,3.5052000000000003,0.0,-2.414016,135.0
11.6,39.96118239,-106.2164513,2481.072,3.68808,0.491744,-2.503424,90.0
11.7,39.9611825,-106.2164513,2481.3768,3.901440000000001,0.0,-2.101088,135.0
11.8,39.96118223,-106.216451,2481.3768,4.1148,0.0,-1.922272,0.0
11.9,39.96118214,-106.2164509,2481.6816000000003,4.29768,0.0,-1.6987519999999998,0.0
12.0,39.96118218,-106.2164509,2481.6816000000003,4.38912,0.0,-1.519936,0.0
12.2,39.96118187,-106.2164508,2481.9864,4.69392,0.0,-0.983488,180.0
12.4,39.96118188,-106.2164507,2482.2912,4.78536,0.0,-0.804672,180.0
12.5,39.96118177,-106.2164507,2482.2912,4.907280000000001,0.0,-0.715264,180.0
12.7,39.96118148,-106.216451,2482.596,5.09016,0.312928,-0.715264,180.0
12.8,39.96118128,-106.2164511,2482.596,5.09016,0.0,-0.491744,180.0
12.9,39.96118117,-106.2164512,2482.596,5.21208,0.0,-0.491744,180.0
13.0,39.9611812,-106.2164514,2482.596,5.30352,0.491744,-0.402336,0.0
13.2,39.96118124,-106.2164515,2482.596,5.30352,0.0,-0.22352,0.0
13.3,39.96118133,-106.2164515,2482.596,5.30352,0.0,-0.22352,0.0
13.4,39.96118126,-106.2164513,2482.596,5.30352,0.0,-0.089408,0.0
13.5,39.96118126,-106.2164512,2482.596,5.30352,0.491744,-0.089408,0.0
13.6,39.96118131,-106.2164514,2482.596,5.30352,0.0,0.0,0.0
13.7,39.9611813,-106.2164514,2482.596,5.30352,0.0,0.0,0.0
13.8,39.96118139,-106.2164512,2482.596,5.30352,0.0,0.0,0.0
13.9,39.96118144,-106.2164512,2482.596,5.30352,0.0,0.0,0.0
14.0,39.96118153,-106.2164511,2482.596,5.30352,0.0,-0.089408,0.0
14.1,39.9611815,-106.216451,2482.9008000000003,5.39496,0.0,-0.089408,0.0
14.2,39.96118178,-106.2164509,2482.9008000000003,5.39496,0.0,0.0,0.0
14.3,39.96118172,-106.216451,2482.596,5.30352,0.0,0.0,0.0
14.4,39.96118188,-106.2164508,2482.9008000000003,5.39496,0.0,0.0,0.0
14.5,39.96118197,-106.2164508,2482.9008000000003,5.39496,0.0,-0.089408,0.0
14.6,39.96118212,-106.2164506,2482.9008000000003,5.486400000000001,0.491744,0.0,0.0
14.7,39.96118206,-106.2164506,2482.9008000000003,5.486400000000001,0.0,0.0,0.0
14.8,39.96118221,-106.2164505,2482.9008000000003,5.486400000000001,0.0,0.0,0.0
14.9,39.96118215,-106.2164506,2482.9008000000003,5.486400000000001,0.0,0.0,0.0
15.0,39.96118219,-106.2164504,2482.9008000000003,5.486400000000001,0.0,0.0,0.0
15.1,39.96118224,-106.2164504,2482.9008000000003,5.486400000000001,0.0,0.0,180.0
15.2,39.96118219,-106.2164504,2482.9008000000003,5.486400000000001,0.67056,0.0,0.0
15.3,39.96118215,-106.2164504,2482.9008000000003,5.486400000000001,0.0,0.0,0.0
15.4,39.96118224,-106.2164503,2482.9008000000003,5.486400000000001,0.0,0.0,0.0
15.5,39.96118225,-106.2164503,2482.9008000000003,5.486400000000001,0.0,0.089408,0.0
15.6,39.96118225,-106.2164503,2482.9008000000003,5.486400000000001,0.0,0.0,0.0
15.7,39.96118224,-106.2164503,2482.9008000000003,5.486400000000001,0.0,0.0,0.0
15.8,39.96118234,-106.2164503,2482.9008000000003,5.486400000000001,0.491744,0.0,0.0
15.9,39.96118229,-106.2164503,2482.9008000000003,5.486400000000001,0.0,0.0,0.0
16.0,39.96118233,-106.2164503,2482.9008000000003,5.486400000000001,0.0,0.0,180.0
16.1,39.96118231,-106.2164503,2482.9008000000003,5.486400000000001,0.0,0.0,180.0
16.2,39.96118222,-106.2164502,2482.9008000000003,5.486400000000001,0.0,0.0,180.0
16.3,39.96118213,-106.2164502,2482.9008000000003,5.486400000000001,0.0,0.0,180.0
16.4,39.96118204,-106.2164502,2482.9008000000003,5.486400000000001,0.0,0.0,180.0
16.5,39.9611819,-106.2164502,2482.9008000000003,5.39496,0.0,0.0,180.0
16.6,39.96118166,-106.2164501,2482.9008000000003,5.39496,0.0,0.089408,180.0
16.7,39.96118155,-106.2164501,2482.9008000000003,5.39496,0.491744,0.0,180.0
16.8,39.96118141,-106.21645,2482.9008000000003,5.39496,0.0,0.0,180.0
16.9,39.96118118,-106.21645,2482.9008000000003,5.39496,0.0,0.0,180.0
17.0,39.96118099,-106.2164497,2482.9008000000003,5.39496,0.0,0.0,180.0
17.1,39.96118076,-106.2164496,2482.596,5.30352,0.0,0.089408,180.0
17.2,39.96118058,-106.2164495,2482.9008000000003,5.39496,0.67056,0.0,158.19859051364824
17.3,39.96118038,-106.2164493,2482.596,5.30352,0.0,0.0,158.19859051364824
17.4,39.96118024,-106.2164491,2482.596,5.30352,0.0,0.0,158.19859051364824
17.5,39.96118005,-106.216449,2482.596,5.30352,0.0,0.0,180.0
17.6,39.96117991,-106.2164487,2482.596,5.30352,0.0,0.0,180.0
17.7,39.96117977,-106.2164486,2482.596,5.30352,0.0,0.0,180.0
17.8,39.96117965,-106.2164485,2482.9008000000003,5.39496,0.0,-0.089408,180.0
17.9,39.96117953,-106.2164483,2482.596,5.30352,0.0,0.089408,180.0
18.0,39.96117957,-106.2164481,2482.596,5.30352,0.0,0.089408,0.0
18.1,39.9611795,-106.216448,2482.9008000000003,5.39496,0.0,0.0,0.0
18.2,39.96117945,-106.2164478,2482.596,5.30352,0.0,0.0,0.0
18.3,39.96117941,-106.2164477,2482.596,5.30352,0.0,0.0,0.0
18.4,39.96117956,-106.2164476,2482.596,5.30352,0.0,0.089408,0.0
18.5,39.96117952,-106.2164474,2482.596,5.30352,0.0,0.0,0.0
18.6,39.96117948,-106.2164473,2482.596,5.30352,0.491744,0.0,0.0
18.7,39.96117944,-106.2164473,2482.596,5.30352,0.0,0.0,0.0
18.8,39.96117942,-106.2164472,2482.596,5.30352,0.0,0.0,0.0
18.9,39.96117938,-106.2164473,2482.596,5.30352,0.0,0.0,0.0
19.0,39.96117924,-106.2164472,2482.596,5.30352,0.0,0.0,180.0
19.1,39.96117922,-106.2164473,2482.596,5.30352,0.0,0.0,180.0
19.2,39.96117902,-106.2164473,2482.596,5.30352,0.0,0.0,0.0
19.3,39.96117895,-106.2164474,2482.596,5.30352,0.0,0.0,0.0
19.4,39.961179,-106.2164476,2482.596,5.30352,0.0,0.0,0.0
19.5,39.96117897,-106.2164476,2482.596,5.30352,0.0,0.0,0.0
19.6,39.96117902,-106.2164477,2482.596,5.30352,0.0,0.0,0.0
19.8,39.96117929,-106.2164478,2482.596,5.30352,0.0,0.0,0.0
19.9,39.96117933,-106.2164478,2482.596,5.30352,0.0,0.0,0.0
20.0,39.96117945,-106.216448,2482.596,5.30352,0.0,0.0,0.0
20.1,39.96117952,-106.2164481,2482.9008000000003,5.39496,0.0,-0.089408,0.0
20.2,39.96117964,-106.2164481,2482.596,5.30352,0.0,0.0,0.0
20.3,39.96117967,-106.2164482,2482.596,5.30352,0.0,0.0,0.0
20.4,39.96117978,-106.2164482,2482.596,5.30352,0.0,0.089408,0.0
20.5,39.9611798,-106.2164483,2482.596,5.30352,0.0,0.0,0.0
20.6,39.96117993,-106.2164485,2482.9008000000003,5.39496,0.0,0.0,0.0
20.7,39.96118001,-106.2164486,2482.596,5.30352,0.0,0.0,0.0
20.8,39.96118007,-106.2164487,2482.9008000000003,5.39496,0.0,0.0,0.0
20.9,39.96118013,-106.2164488,2482.596,5.30352,0.0,0.0,0.0
21.0,39.96118034,-106.216449,2482.596,5.30352,0.0,0.0,0.0
21.1,39.96118042,-106.2164491,2482.596,5.30352,0.491744,0.089408,0.0
21.2,39.96118067,-106.2164491,2482.9008000000003,5.39496,0.0,0.0,0.0
21.3,39.96118079,-106.2164492,2482.9008000000003,5.39496,0.491744,0.0,0.0
21.4,39.961181,-106.2164492,2482.9008000000003,5.39496,0.0,0.0,0.0
21.5,39.96118106,-106.2164492,2482.9008000000003,5.39496,0.0,-0.089408,0.0
21.6,39.96118117,-106.2164493,2482.9008000000003,5.39496,0.0,0.0,0.0
21.7,39.96118122,-106.2164493,2482.9008000000003,5.39496,0.0,0.0,0.0
21.8,39.96118139,-106.2164492,2482.9008000000003,5.39496,0.0,0.0,0.0
21.9,39.96118139,-106.2164492,2482.9008000000003,5.39496,0.0,0.089408,0.0
22.0,39.96118168,-106.2164493,2482.9008000000003,5.39496,0.0,0.0,0.0
22.1,39.96118162,-106.2164492,2482.9008000000003,5.39496,0.491744,0.0,0.0
22.3,39.96118177,-106.2164493,2482.9008000000003,5.39496,0.0,0.0,0.0
22.4,39.96118192,-106.2164493,2482.9008000000003,5.39496,0.0,0.0,0.0
22.5,39.96118187,-106.2164493,2482.9008000000003,5.39496,0.0,0.0,0.0
22.6,39.96118202,-106.2164495,2482.9008000000003,5.39496,0.0,0.0,0.0
22.8,39.96118205,-106.2164495,2482.9008000000003,5.39496,0.0,0.0,0.0
22.9,39.96118207,-106.2164496,2482.9008000000003,5.39496,0.0,0.0,0.0
23.0,39.96118213,-106.2164496,2482.9008000000003,5.486400000000001,0.0,0.0,0.0
23.1,39.96118211,-106.2164496,2482.9008000000003,5.486400000000001,0.0,0.0,0.0
23.2,39.96118213,-106.2164498,2482.9008000000003,5.486400000000001,0.0,0.089408,0.0
23.3,39.9611821,-106.2164498,2482.9008000000003,5.486400000000001,0.0,0.089408,0.0
23.4,39.96118208,-106.21645,2482.9008000000003,5.486400000000001,0.0,0.0,0.0
23.5,39.9611821,-106.21645,2482.9008000000003,5.486400000000001,0.0,0.0,0.0
23.6,39.96118217,-106.2164503,2482.9008000000003,5.486400000000001,0.0,0.0,0.0
23.7,39.96118215,-106.2164503,2482.9008000000003,5.486400000000001,0.0,0.089408,0.0
23.8,39.96118221,-106.2164506,2482.9008000000003,5.486400000000001,0.0,0.0,0.0
23.9,39.96118219,-106.2164507,2482.9008000000003,5.486400000000001,0.0,0.0,0.0
24.0,39.96118221,-106.2164509,2482.9008000000003,5.486400000000001,0.0,0.089408,0.0
24.1,39.96118228,-106.216451,2482.9008000000003,5.486400000000001,0.0,0.0,0.0
24.2,39.96118239,-106.216451,2482.9008000000003,5.486400000000001,0.0,0.089408,0.0
24.3,39.96118238,-106.216451,2482.9008000000003,5.486400000000001,0.491744,0.089408,0.0
24.4,39.9611824,-106.2164512,2482.9008000000003,5.486400000000001,0.0,0.0,0.0
24.5,39.96118234,-106.2164511,2482.9008000000003,5.486400000000001,0.0,0.0,0.0
24.6,39.96118239,-106.2164511,2482.9008000000003,5.486400000000001,0.0,0.0,0.0
24.7,39.96118238,-106.2164511,2482.9008000000003,5.486400000000001,0.0,0.0,0.0
24.8,39.96118235,-106.2164512,2482.9008000000003,5.60832,0.491744,0.0,0.0
24.9,39.96118234,-106.2164511,2482.9008000000003,5.60832,0.0,0.0,0.0
25.0,39.96118233,-106.2164511,2482.9008000000003,5.60832,0.0,0.089408,0.0
25.1,39.96118243,-106.2164511,2482.9008000000003,5.60832,0.0,0.0,0.0
25.2,39.96118245,-106.2164509,2482.9008000000003,5.60832,0.0,0.089408,0.0
25.4,39.96118251,-106.2164507,2482.9008000000003,5.39496,0.0,0.22352,0.0
25.5,39.96118253,-106.2164507,2482.9008000000003,5.486400000000001,0.0,0.0,0.0
25.6,39.96118263,-106.2164506,2482.9008000000003,5.486400000000001,0.0,0.0,0.0
25.7,39.9611826,-106.2164506,2482.9008000000003,5.486400000000001,0.0,0.0,0.0
25.8,39.96118259,-106.2164504,2482.9008000000003,5.486400000000001,0.0,0.0,0.0
25.9,39.96118258,-106.2164504,2482.9008000000003,5.486400000000001,0.0,0.0,0.0
26.0,39.9611827,-106.2164501,2482.9008000000003,5.486400000000001,0.0,0.0,0.0
26.1,39.96118266,-106.2164501,2482.9008000000003,5.486400000000001,0.0,-0.089408,180.0
26.2,39.96118249,-106.21645,2482.9008000000003,5.486400000000001,0.0,0.0,164.0546040990771
26.3,39.9611821,-106.2164498,2482.9008000000003,5.486400000000001,0.491744,0.0,162.64597536373867
26.4,39.96118124,-106.2164493,2482.9008000000003,5.486400000000001,0.67056,0.089408,164.35775354279122
26.5,39.96118,-106.2164489,2482.9008000000003,5.486400000000001,1.251712,0.089408,165.9637565320735
26.6,39.96117835,-106.2164482,2482.9008000000003,5.60832,1.654048,0.0,165.65066795705286
26.7,39.96117634,-106.2164474,2482.9008000000003,5.60832,2.190496,0.0,166.4641436308658
26.8,39.96117358,-106.2164465,2482.9008000000003,5.60832,2.726944,0.089408,164.57783868126137
26.9,39.96117136,-106.2164457,2482.9008000000003,5.486400000000001,2.861056,0.312928,164.52136183458165
27.0,39.96116794,-106.2164446,2482.9008000000003,5.486400000000001,3.263392,0.089408,165.37912601136838
27.1,39.96116501,-106.2164436,2482.9008000000003,5.486400000000001,3.665728,0.089408,165.9637565320735
27.2,39.96116153,-106.2164428,2482.9008000000003,5.486400000000001,3.665728,0.089408,166.6754687381092
27.3,39.96115838,-106.2164418,2482.9008000000003,5.486400000000001,3.79984,0.0,165.6186054089094
27.4,39.9611546,-106.2164405,2482.9008000000003,5.486400000000001,3.978656,0.0,166.13031356149497
27.5,39.96115114,-106.2164396,2482.9008000000003,5.39496,4.157472,0.089408,166.4520610119995
27.6,39.9611474,-106.2164384,2482.9008000000003,5.39496,4.068064,0.22352,166.75948008481282
27.7,39.96114386,-106.2164373,2482.9008000000003,5.39496,4.202176,0.089408,167.05349048436312
27.8,39.96113964,-106.2164361,2482.596,5.30352,4.380992,0.22352,166.26373169437738
27.9,39.96113591,-106.2164348,2482.596,5.30352,4.559807999999999,0.0,166.5513849483135
28.0,39.96113188,-106.2164335,2482.596,5.30352,4.4704,-0.089408,165.40342447450587
28.1,39.96112797,-106.2164322,2482.596,5.30352,4.604512000000001,0.0,165.40342447450587
28.2,39.96112355,-106.2164308,2482.596,5.30352,4.783328,0.0,165.6889587373936
28.3,39.96111949,-106.2164295,2482.596,5.30352,4.828032,0.0,166.0973128857795
28.4,39.96111519,-106.216428,2482.9008000000003,5.39496,4.783328,-0.089408,165.31121322668162
28.5,39.96111089,-106.2164266,2482.9008000000003,5.39496,4.91744,-0.089408,165.31121322668162
28.6,39.96110644,-106.2164251,2482.9008000000003,5.39496,5.006848,0.0,165.57922687248902
28.7,39.96110212,-106.2164236,2482.9008000000003,5.39496,5.051552,0.0,165.8378319446872
28.8,39.96109759,-106.2164221,2482.9008000000003,5.39496,5.096256,0.0,165.8378319446872
28.9,39.96109312,-106.2164206,2482.9008000000003,5.39496,5.14096,0.0,165.23080146970835
29.0,39.96108862,-106.2164191,2482.9008000000003,5.486400000000001,5.185664,-0.089408,165.4833000411454
29.1,39.96108365,-106.2164175,2482.9008000000003,5.486400000000001,5.453887999999999,0.0,165.72748661559967
29.2,39.96107903,-106.2164159,2482.9008000000003,5.39496,5.498592,0.089408,165.72748661559967
29.3,39.961074,-106.2164144,2482.9008000000003,5.39496,5.543296,0.089408,165.9637565320735
29.4,39.96106907,-106.2164128,2482.9008000000003,5.39496,5.677408,0.0,165.9637565320735
29.5,39.96106413,-106.2164111,2482.9008000000003,5.486400000000001,5.677408,0.0,166.30412349559094
29.6,39.96105882,-106.2164092,2482.9008000000003,5.486400000000001,5.900928,0.0,166.5221772467587
29.7,39.9610537,-106.2164076,2482.9008000000003,5.486400000000001,5.990336,0.0,166.5221772467587
29.8,39.96104853,-106.2164058,2482.9008000000003,5.486400000000001,5.945632,0.0,165.85420450589697
29.9,39.96104351,-106.2164041,2482.9008000000003,5.486400000000001,5.856224,0.0,165.85420450589697
30.0,39.96103816,-106.2164023,2482.9008000000003,5.486400000000001,5.945632,0.22352,166.0716580608463
30.1,39.96103286,-106.2164005,2482.9008000000003,5.486400000000001,6.124447999999999,0.0,165.5559642755078
30.2,39.96102744,-106.2163986,2482.9008000000003,5.486400000000001,6.169152,0.0,165.27702493824972
30.3,39.96102125,-106.2163963,2482.9008000000003,5.486400000000001,6.7056,0.089408,165.1184702968594
30.4,39.96101538,-106.2163942,2482.9008000000003,5.486400000000001,6.92912,0.089408,164.87599269168936
30.5,39.96100905,-106.2163919,2482.9008000000003,5.486400000000001,7.063232,0.0,165.2564371635293
30.6,39.96100263,-106.2163896,2482.9008000000003,5.486400000000001,7.331455999999999,0.089408,164.68314017912326
30.7,39.96099579,-106.2163872,2482.9008000000003,5.486400000000001,7.644384,0.0,165.04643524681046
30.8,39.9609883,-106.2163846,2482.9008000000003,5.486400000000001,8.27024,0.0,164.8325341293978
30.9,39.96098129,-106.2163822,2482.9008000000003,5.486400000000001,8.359648,0.0,165.17352002964435
31.0,39.9609743,-106.2163797,2482.9008000000003,5.486400000000001,8.04672,0.089408,164.9667418706117
31.1,39.96096677,-106.2163772,2482.9008000000003,5.486400000000001,8.359648,0.089408,165.287952990666
31.200000000000003,39.96095943,-106.2163747,2482.9008000000003,5.486400000000001,8.538464000000001,0.0,165.5960094670627
31.3,39.96095095,-106.2163719,2482.9008000000003,5.486400000000001,9.074912,0.0,165.39153306607113
31.4,39.96094326,-106.2163693,2482.9008000000003,5.486400000000001,9.298432,0.089408,165.6832408810668
31.5,39.96093467,-106.2163664,2482.9008000000003,5.39496,9.343136,0.089408,165.48573370633153
31.6,39.96092617,-106.2163637,2482.9008000000003,5.39496,9.790176,0.089408,165.76271953423895
31.700000000000003,39.96091695,-106.2163608,2482.9008000000003,5.39496,10.147808,0.0,166.09471808574892
31.8,39.96090853,-106.216358,2482.9008000000003,5.39496,10.103104,0.0,166.34958086524307
32.0,39.96088846,-106.2163518,2482.596,5.30352,10.863072,0.0,166.3286928678042
32.1,39.96087943,-106.216349,2482.596,5.30352,11.086592,0.0,166.4462359022683
32.2,39.96086962,-106.216346,2482.596,5.30352,10.773664,0.0,166.6754687381092
32.3,39.96085974,-106.216343,2482.596,5.30352,11.220704,0.0,166.9515169317133
32.4,39.96085023,-106.2163401,2482.596,5.30352,11.086592,0.0,167.16439051359862
32.5,39.96083902,-106.216337,2482.596,5.30352,11.801856,0.0,167.42106476250694
32.7,39.96081817,-106.2163313,2482.596,5.21208,11.84656,0.0,168.5145832982414
32.8,39.96080735,-106.2163284,2482.596,5.21208,11.980672,0.0,169.03889596797876
32.9,39.96079614,-106.2163257,2482.596,5.21208,12.472416,-0.089408,169.6363081775529
33.0,39.96078569,-106.2163232,2482.596,5.21208,12.248895999999998,0.0,170.1806993612421
33.1,39.96077349,-106.2163206,2482.596,5.21208,12.785344,-0.089408,170.74897042792236
33.2,39.9607615,-106.2163182,2482.596,5.21208,13.63472,0.0,171.5110561194953
33.3,39.9607506,-106.2163161,2482.596,5.21208,12.874752,0.0,172.43305582166693
33.4,39.96073902,-106.2163141,2482.596,5.21208,12.651232,0.0,173.4742355280489
33.5,39.96072768,-106.2163126,2482.596,5.21208,12.830048,0.0,174.39256803930823
33.6,39.96071657,-106.2163112,2482.596,5.21208,12.561824,0.0,175.42607874009911
33.7,39.96070381,-106.21631,2482.596,5.21208,13.321792,0.0,175.91438322002512
33.8,39.96069251,-106.216309,2482.596,5.21208,13.4112,0.0,176.7295120768165
33.9,39.96068025,-106.2163085,2482.596,5.21208,13.098272,0.0,177.7819060226518
34.0,39.9606681,-106.2163077,2482.596,5.21208,13.590016,0.0,178.5880659613964
34.1,39.96065572,-106.2163079,2482.596,5.21208,13.63472,0.0,179.6034957448669
34.2,39.96064407,-106.2163078,2482.596,5.21208,13.366496,-0.089408,180.0
34.3,39.96063141,-106.2163084,2482.596,5.09016,13.500608,0.0,180.39109139705704
34.4,39.96061871,-106.2163086,2482.596,5.09016,14.126464,0.0,181.3685808069531
34.5,39.96060604,-106.2163098,2482.596,5.09016,14.126464,0.0,182.11398509230264
34.6,39.96059407,-106.2163106,2482.596,5.09016,13.724128,0.0,183.10452590926437
34.7,39.96058051,-106.2163123,2482.596,5.09016,14.215872,0.0,183.81407483429035
34.8,39.96056839,-106.2163135,2482.596,5.09016,14.30528,-0.089408,184.1941827883909
34.9,39.96055522,-106.2163158,2482.596,5.09016,14.126464,0.0,185.44922612896465
35.0,39.96054214,-106.2163178,2482.596,5.09016,14.707616,0.0,185.860827547736
35.1,39.96052909,-106.2163208,2482.596,5.09016,14.662912,0.0,187.05609603790103
35.2,39.96051675,-106.2163229,2482.596,5.09016,14.30528,-0.089408,187.49585763972985
35.3,39.96050268,-106.2163268,2482.596,5.09016,14.886432,-0.089408,188.28579702395373
35.4,39.96049023,-106.2163293,2482.2912,4.99872,14.97584,0.0,189.0107095468176
35.5,39.96047699,-106.2163335,2482.2912,4.99872,14.573504,0.0,190.2075426627706
35.6,39.96046363,-106.2163372,2482.2912,4.99872,15.154656,0.0,190.6308502309781
35.7,39.96045019,-106.2163421,2482.2912,4.99872,15.333472,-0.089408,191.73173427351665
35.8,39.96043758,-106.2163457,2482.2912,4.99872,14.931136,-0.089408,192.15765033332443
36.0,39.96041049,-106.2163563,2482.596,5.09016,15.735808,0.0,193.99316394257596
36.1,39.96039717,-106.2163625,2482.596,5.09016,15.735808,0.0,195.30084557245
36.2,39.96038335,-106.2163684,2482.596,5.09016,15.959328,0.0,195.94539590092288
36.3,39.96037004,-106.2163752,2482.596,5.09016,16.004032,0.0,196.7983717813053
36.4,39.96035726,-106.2163804,2482.2912,4.99872,15.378176,0.0,197.28149837181664
36.5,39.96034334,-106.2163893,2482.2912,4.99872,16.004032,0.0,198.59695342279835
36.6,39.96033057,-106.216395,2482.2912,4.99872,16.09344,0.0,198.7617272921233
36.7,39.96031749,-106.2164032,2482.2912,4.99872,15.512288000000002,0.0,200.04095181220424
36.8,39.96030404,-106.2164109,2482.2912,4.99872,16.227552,0.0,200.6954507340633
36.9,39.96029085,-106.2164195,2482.2912,4.99872,16.361664,0.0,201.45888445022825
37.0,39.96027805,-106.2164261,2482.2912,4.99872,15.825216,0.0,201.644435140714
37.1,39.96026423,-106.2164374,2482.2912,4.99872,16.674591999999997,-0.089408,202.8497620716492
37.2,39.96025141,-106.2164446,2482.2912,4.99872,16.764,0.0,203.3072285698683
37.3,39.96023832,-106.2164544,2482.2912,4.99872,16.138144,0.0,204.21276015299884
37.4,39.96022552,-106.2164621,2482.2912,4.99872,16.227552,0.0,204.4165405339377
37.5,39.96021198,-106.2164744,2482.2912,4.99872,16.942816,0.0,205.5472129397813
37.6,39.96019918,-106.2164824,2482.2912,4.99872,17.032224,0.0,205.75915346489435
37.7,39.96018608,-106.2164932,2482.2912,4.99872,16.495776,0.0,206.565051177078
37.8,39.96017274,-106.2165041,2482.2912,4.99872,17.345152,0.0,206.27604591307252
37.9,39.96015959,-106.216515,2482.2912,4.99872,17.389855999999998,-0.089408,206.99315613298128
38.0,39.9601467,-106.2165235,2482.2912,4.99872,16.674591999999997,-0.089408,206.4216327544288
38.1,39.96013322,-106.2165367,2482.2912,4.99872,17.345152,-0.089408,207.4180270574604
38.2,39.96012032,-106.2165452,2482.2912,4.907280000000001,17.345152,0.0,206.4216327544288
38.3,39.96010732,-106.2165564,2482.2912,4.907280000000001,16.674591999999997,0.0,206.99315613298128
38.4,39.96009409,-106.2165676,2482.2912,4.907280000000001,17.389855999999998,0.0,206.4216327544288
38.5,39.96008093,-106.2165786,2482.2912,4.907280000000001,17.479264,-0.089408,206.99315613298128
38.6,39.960068,-106.216587,2482.2912,4.907280000000001,16.719296,-0.312928,206.1337234695403
38.7,39.96005447,-106.2166003,2482.2912,4.907280000000001,17.389855999999998,-0.491744,206.4216327544288
38.8,39.9600416,-106.2166085,2482.2912,4.907280000000001,17.300448,-0.89408,205.5472129397813
38.9,39.96002851,-106.2166188,2482.2912,4.99872,16.451072,-1.1176,205.83982687801875
39.0,39.96001533,-106.2166296,2482.596,5.09016,17.166335999999998,-1.296416,205.166075000504
39.1,39.96000244,-106.2166397,2482.596,5.21208,16.98752,-1.519936,205.9022760932134
39.2,39.95998982,-106.2166476,2482.596,5.30352,16.138144,-1.609344,205.44904078567072
39.3,39.95997659,-106.2166607,2482.9008000000003,5.486400000000001,16.942816,-1.6987519999999998,206.04688641963693
39.4,39.95996408,-106.2166685,2483.2056,5.69976,16.853408,-2.01168,205.13858344630037
39.5,39.9599513,-106.2166787,2483.2056,5.7912,16.004032,-2.01168,205.893646994228
39.6,39.9599385,-106.2166892,2483.5104,6.00456,16.719296,-2.01168,204.97601173012305
39.7,39.95992593,-106.216699,2483.5104,6.1874400000000005,16.54048,-2.01168,204.97601173012305
39.8,39.95991366,-106.2167063,2483.8152,6.30936,15.601696,-2.01168,203.92727338004943
39.9,39.95990049,-106.2167183,2483.8152,6.492240000000001,16.361664,-2.01168,203.60946953843748
40.0,39.95988836,-106.216725,2484.1200000000003,6.7056,16.138144,-2.01168,202.0991331436627
40.1,39.95987624,-106.2167333,2484.1200000000003,6.797040000000001,14.931136,-1.922272,202.0991331436627
40.2,39.95986385,-106.2167418,2484.4248,7.010400000000001,15.42288,-2.01168,200.577472211671
40.3,39.95985184,-106.2167492,2484.7296,7.193280000000001,15.154656,-2.01168,200.18835368299355
40.4,39.95984015,-106.2167546,2484.7296,7.315200000000001,14.260576,-1.922272,198.37545166932003
40.5,39.95982841,-106.2167614,2484.7296,7.498080000000001,14.037056,-1.922272,198.37545166932003
40.6,39.9598163,-106.216769,2485.0344,7.802880000000001,14.618208,-2.01168,196.18324601783976
40.7,39.95980452,-106.2167751,2485.3392000000003,7.89432,14.484096,-1.78816,197.4680232512777
40.8,39.95979295,-106.2167796,2485.3392000000003,8.10768,13.768832,-1.78816,195.81301217274796
40.9,39.95978072,-106.2167876,2485.644,8.290560000000001,14.260576,-1.519936,196.5520964881339
41.0,39.95976913,-106.2167918,2485.9488,8.50392,14.260576,-1.385824,194.88152970314056
41.1,39.95975733,-106.2167957,2485.9488,8.6868,13.455904,-1.296416,194.73380371895087
41.2,39.95974528,-106.2168029,2486.2536,8.80872,14.08176,-1.207008,193.4282294482227
41.3,39.95973331,-106.2168061,2486.2536,8.9916,14.08176,-0.89408,192.96585385281008
41.4,39.95972159,-106.2168095,2486.5584000000003,9.11352,13.455904,-0.804672,191.65029943753763
41.6,39.95969757,-106.2168171,2486.5584000000003,9.2964,13.590016,-0.491744,190.4424523993608
41.7,39.95968561,-106.2168198,2486.8632,9.38784,13.500608,-0.22352,190.37319809695904
41.8,39.95967341,-106.2168241,2486.8632,9.38784,13.768832,-0.22352,189.33756295062705
41.9,39.95966142,-106.2168266,2486.8632,9.50976,13.768832,-0.089408,189.27639821103472
42.0,39.95964932,-106.2168291,2486.8632,9.6012,13.545312,-0.089408,188.53076560994813
42.2,39.95962469,-106.2168356,2487.168,9.69264,13.85824,0.0,188.05092813530183
42.3,39.95961247,-106.2168382,2487.168,9.69264,13.902944,0.0,188.42013833726017
42.4,39.95960003,-106.216842,2487.168,9.814560000000002,13.992352,0.0,187.97327123257037
42.5,39.959588,-106.2168445,2487.168,9.814560000000002,13.85824,0.089408,188.33901949395016
42.6,39.95957559,-106.2168469,2487.168,9.906,13.768832,0.0,187.9223216530007
42.7,39.95956351,-106.216851,2487.168,9.906,13.902944,0.089408,188.64860204144665
42.8,39.95955102,-106.2168534,2487.4728,9.99744,13.947648,0.22352,188.23324496013507
42.9,39.95953846,-106.2168565,2487.4728,9.99744,14.126464,0.22352,188.95370462763412
43.0,39.959526,-106.2168604,2487.4728,9.99744,14.215872,0.22352,188.53971667682
43.2,39.95950082,-106.2168659,2487.4728,10.08888,14.171168,0.22352,188.48628822444576
43.3,39.9594881,-106.2168703,2487.4728,10.08888,14.30528,0.22352,188.75970096256623
43.4,39.95947525,-106.2168728,2487.4728,10.2108,14.484096,0.22352,188.35557649220263
43.5,39.95946225,-106.2168757,2487.4728,10.2108,14.573504,0.22352,188.7057941765764
43.6,39.95944928,-106.2168782,2487.4728,10.2108,14.618208,0.312928,188.30440449206768
43.7,39.95943614,-106.2168822,2487.7776000000003,10.30224,14.797024,0.22352,188.5999320522972
43.8,39.95942305,-106.2168848,2487.7776000000003,10.30224,14.841728000000002,0.312928,188.25385114556244
43.9,39.9594098,-106.2168876,2487.7776000000003,10.30224,14.841728000000002,0.312928,188.17915694791756
44.0,39.95939658,-106.2168915,2487.7776000000003,10.393680000000002,14.97584,0.312928,188.17915694791756
44.1,39.95938323,-106.2168941,2487.7776000000003,10.393680000000002,15.020544,0.312928,188.13010235415595
44.2,39.95936991,-106.2168966,2487.7776000000003,10.393680000000002,14.97584,0.312928,187.7419912403256
44.3,39.95935632,-106.2169002,2487.7776000000003,10.48512,15.19936,0.312928,188.0337260287138
44.4,39.95934287,-106.2169027,2487.7776000000003,10.48512,15.244064,0.402336,187.69605172201656
44.5,39.95932916,-106.2169052,2487.7776000000003,10.48512,15.244064,0.312928,187.6281496685807
44.6,39.95931546,-106.2169084,2487.7776000000003,10.48512,15.42288,0.312928,187.25016164573265
44.7,39.9593015,-106.2169108,2488.0824,10.60704,15.556992,0.402336,187.25016164573265
44.8,39.95928779,-106.2169131,2488.0824,10.60704,15.512288000000002,0.312928,186.7098368077569
44.9,39.95927352,-106.2169159,2488.0824,10.60704,15.735808,0.491744,186.67095267425387
45.0,39.9592597,-106.216918,2488.0824,10.60704,15.735808,0.402336,186.3401917459099
45.1,39.95924548,-106.21692,2488.0824,10.60704,15.691104,0.402336,186.2855028224805
45.2,39.95923132,-106.2169225,2488.0824,10.60704,15.914624,0.491744,185.9571311147082
45.3,39.95921684,-106.2169243,2488.0824,10.698480000000002,16.004032,0.581152,185.5961325430212
45.4,39.95920279,-106.2169261,2488.0824,10.698480000000002,15.914624,0.491744,185.56426484734945
45.5,39.95918784,-106.216928,2488.0824,10.698480000000002,16.182848,0.581152,185.04721499861145
45.6,39.95917365,-106.2169296,2488.0824,10.698480000000002,16.272256,0.581152,184.72311178979027
45.7,39.95915899,-106.2169308,2488.0824,10.698480000000002,16.09344,0.581152,184.3738804954081
45.8,39.95914427,-106.2169324,2488.0824,10.698480000000002,16.361664,0.581152,184.05101091775663
45.9,39.95912958,-106.2169335,2488.0824,10.698480000000002,16.406368,0.581152,184.01698541390195
46.0,39.95911519,-106.2169348,2488.0824,10.698480000000002,16.182848,0.715264,183.5362533885217
46.1,39.95909983,-106.2169356,2488.0824,10.698480000000002,16.585184,0.581152,183.51654749633545
46.2,39.95908535,-106.2169368,2488.0824,10.698480000000002,16.629888,0.581152,183.51654749633545
46.3,39.95907041,-106.2169378,2488.0824,10.698480000000002,16.361664,0.581152,183.49705973929824
46.4,39.95905542,-106.2169389,2488.0824,10.698480000000002,16.674591999999997,0.491744,183.49705973929824
46.5,39.9590403,-106.2169397,2488.0824,10.698480000000002,16.764,0.491744,183.47778651979817
46.6,39.95902565,-106.216941,2488.0824,10.698480000000002,16.585184,0.715264,183.47778651979817
46.7,39.95901033,-106.2169416,2488.0824,10.698480000000002,16.674591999999997,0.581152,183.1193003421124
46.8,39.95899504,-106.2169425,2488.0824,10.60704,17.032224,0.581152,183.1193003421124
46.9,39.95897963,-106.2169429,2488.0824,10.698480000000002,17.076928000000002,0.402336,182.7927023657133
47.0,39.95896478,-106.216944,2488.0824,10.698480000000002,16.853408,0.402336,183.1193003421124
47.1,39.95894883,-106.216944,2488.0824,10.698480000000002,17.121631999999998,0.491744,182.77767100788589
47.2,39.95893389,-106.216945,2488.0824,10.698480000000002,17.166335999999998,0.491744,182.7927023657133
47.3,39.95891821,-106.2169454,2488.0824,10.698480000000002,17.032224,0.491744,182.44966262012704
47.4,39.95890256,-106.2169457,2488.0824,10.60704,17.43456,0.581152,182.75542470050277
47.5,39.95888689,-106.216946,2488.0824,10.60704,17.43456,0.581152,182.4366482468101
47.6,39.95887177,-106.2169469,2488.0824,10.60704,17.121631999999998,0.581152,182.75542470050277
47.7,39.95885538,-106.2169468,2487.7776000000003,10.48512,17.523968,0.491744,182.74079059418256
47.8,39.95884023,-106.2169478,2487.7776000000003,10.48512,17.523968,0.402336,183.06102979941764
47.9,39.95882451,-106.2169485,2487.7776000000003,10.48512,17.166335999999998,0.581152,183.34859481445687
48.0,39.9588088,-106.2169493,2487.7776000000003,10.48512,17.479264,0.312928,183.82424267438117
48.1,39.95879317,-106.2169504,2487.7776000000003,10.48512,17.43456,0.0,183.85507359617517
48.2,39.95877837,-106.2169518,2488.0824,10.60704,16.942816,0.0,184.2655440535205
48.3,39.95876255,-106.2169525,2487.7776000000003,10.48512,17.032224,0.089408,183.51654749633545
48.4,39.95874837,-106.2169538,2487.7776000000003,10.48512,16.719296,0.089408,183.64870359970064
48.5,39.95873416,-106.2169548,2487.7776000000003,10.48512,15.825216,0.0,183.4064437549947
48.6,39.95872005,-106.2169554,2487.7776000000003,10.48512,15.735808,0.089408,183.17983011986425
48.7,39.95870649,-106.2169564,2487.7776000000003,10.48512,15.42288,0.089408,183.2397002961021
48.8,39.95869393,-106.2169574,2487.7776000000003,10.393680000000002,14.573504,0.22352,183.38855699072352
48.9,39.95868067,-106.2169579,2487.7776000000003,10.393680000000002,14.349984,0.089408,183.07333251107332
49.0,39.95866891,-106.2169587,2487.7776000000003,10.30224,13.902944,0.0,183.2020205833221
49.1,39.95865758,-106.2169592,2487.7776000000003,10.30224,12.830048,0.0,182.6582522347078
49.2,39.95864565,-106.2169598,2487.7776000000003,10.30224,12.96416,0.089408,182.7770961069255
49.3,39.95863531,-106.21696,2487.7776000000003,10.30224,12.383008,0.22352,182.86240522611172
49.4,39.95862502,-106.2169608,2487.4728,10.2108,11.488928,0.22352,183.64738565245688
49.5,39.95861452,-106.2169607,2487.4728,10.2108,11.578335999999998,0.22352,183.0497604692684
49.6,39.95860495,-106.2169616,2487.4728,10.2108,11.176,0.312928,183.92830722539767
49.7,39.95859612,-106.216962,2487.4728,10.08888,10.237215999999998,0.312928,183.32147576334603
49.8,39.95858731,-106.2169628,2487.4728,10.08888,9.83488,0.312928,184.2958405112715
49.9,39.958579,-106.2169628,2487.4728,10.08888,9.521952,0.22352,184.55126127313963
50.0,39.95857101,-106.2169637,2487.4728,10.08888,9.074912,0.312928,184.69068445573484
50.1,39.95856375,-106.2169641,2487.4728,10.08888,8.49376,0.491744,185.2206512306239
50.2,39.9585554,-106.2169646,2487.4728,10.08888,8.71728,0.581152,185.7390984980896
50.3,39.95854769,-106.2169653,2487.4728,10.08888,8.9408,0.581152,186.9195332627057
50.4,39.95853933,-106.2169668,2487.4728,10.08888,8.985504,0.715264,187.9371880006229
50.5,39.95853135,-106.2169672,2487.4728,9.99744,9.119616,0.89408,188.39730258668973
50.6,39.95852277,-106.216969,2487.4728,9.99744,9.253728,0.804672,189.59313426273036
50.7,39.95851439,-106.2169711,2487.4728,9.99744,9.566656,0.715264,190.6358955760357
50.8,39.95850597,-106.2169726,2487.168,9.906,9.477248,0.715264,191.7155595345078
50.9,39.9584972,-106.2169752,2487.168,9.906,9.700768,0.804672,192.2209193319304
51.0,39.95848831,-106.2169779,2487.168,9.906,10.0584,0.491744,192.93805631718644
51.2,39.95847042,-106.2169838,2487.168,9.814560000000002,10.192512,0.581152,194.3935929684905
51.3,39.9584607,-106.2169876,2487.168,9.814560000000002,10.594848,0.715264,195.31833579345457
51.4,39.95845139,-106.2169911,2487.168,9.814560000000002,11.041888,0.581152,196.04278240121172
51.5,39.95844148,-106.2169955,2487.168,9.814560000000002,11.220704,0.581152,197.47888206952027
51.6,39.95843191,-106.2169996,2487.168,9.814560000000002,11.444224,0.581152,198.21709519782485
51.8,39.95841156,-106.2170093,2487.168,9.69264,12.025376,0.581152,199.20632641829548
51.9,39.9584012,-106.2170147,2487.168,9.69264,12.159488,0.402336,199.94599786160092
52.0,39.95839082,-106.2170199,2487.168,9.69264,12.383008,0.402336,200.75832427154643
52.1,39.95838028,-106.2170256,2487.168,9.69264,12.51712,0.312928,201.17396538919192
52.2,39.95837007,-106.2170309,2487.168,9.69264,12.427712,0.402336,201.76235306464855
52.3,39.958359,-106.2170373,2487.168,9.69264,12.830048,0.312928,202.2229761762762
52.4,39.95834862,-106.217043,2487.168,9.69264,12.96416,0.22352,203.1716784538551
52.5,39.95833766,-106.2170494,2487.168,9.69264,12.919455999999998,0.22352,203.3048905392031
52.6,39.95832677,-106.2170557,2487.168,9.69264,13.277088,0.312928,203.881276017609
52.7,39.95831602,-106.2170623,2487.168,9.814560000000002,13.232384,0.089408,204.26383145993947
52.8,39.95830537,-106.2170686,2487.168,9.814560000000002,13.098272,0.089408,204.6235647861636
52.9,39.95829435,-106.2170755,2487.168,9.814560000000002,13.277088,0.089408,204.81610513252377
53.0,39.95828337,-106.2170822,2487.168,9.906,13.545312,0.22352,205.16999591609652
53.1,39.95827236,-106.2170892,2487.168,9.906,13.545312,0.312928,205.52969799053304
53.2,39.95826154,-106.217096,2487.168,9.906,13.500608,0.089408,206.22196677755448
53.3,39.9582503,-106.2171035,2487.168,9.906,13.679424,0.089408,207.07584697124045
53.4,39.95823947,-106.2171108,2487.4728,9.99744,13.768832,0.089408,207.4138154486316
53.5,39.9582284,-106.2171185,2487.4728,9.99744,13.768832,0.312928,208.26220736667827
53.6,39.95821742,-106.2171263,2487.168,9.906,13.947648,0.312928,209.6044507460049
53.7,39.95820675,-106.2171345,2487.168,9.906,13.813536,0.402336,210.1202782479968
53.8,39.9581962,-106.2171427,2487.168,9.906,13.724128,0.22352,211.4473897796121
53.9,39.95818558,-106.2171512,2487.168,9.906,13.768832,0.402336,212.06546264727987
54.0,39.95817526,-106.21716,2487.168,9.906,13.768832,0.22352,213.58541781675703
54.1,39.95816498,-106.2171692,2487.168,9.906,13.768832,0.22352,214.4212410620196
54.2,39.95815467,-106.2171782,2487.168,9.906,13.85824,0.312928,215.51581751851657
54.3,39.95814485,-106.217188,2487.168,9.814560000000002,13.768832,0.22352,216.3446072470768
54.4,39.95813502,-106.2171977,2487.168,9.814560000000002,13.724128,0.089408,217.54570118725152
54.5,39.9581254,-106.2172079,2487.168,9.814560000000002,13.768832,0.22352,218.4839649815907
54.6,39.95811584,-106.217218,2487.168,9.814560000000002,13.724128,0.22352,219.68545433005525
54.7,39.95810677,-106.2172286,2487.168,9.814560000000002,13.63472,0.22352,220.8669293800282
54.8,39.95809751,-106.2172391,2487.168,9.69264,13.590016,0.312928,222.0711418003069
54.9,39.95808876,-106.2172504,2487.168,9.69264,13.679424,0.22352,223.5243226918506
55.0,39.95808003,-106.2172616,2487.168,9.69264,13.63472,0.22352,225.0
55.1,39.9580718,-106.2172731,2487.168,9.69264,13.500608,0.312928,226.21314106986688
55.2,39.95806354,-106.2172847,2487.168,9.69264,13.455904,0.22352,227.84213788365565
55.3,39.95805575,-106.2172969,2486.8632,9.6012,13.500608,0.312928,228.66952571299345
55.4,39.95804775,-106.2173087,2486.8632,9.6012,13.500608,0.312928,230.1944289077348
55.5,39.95804066,-106.2173211,2486.8632,9.6012,13.321792,0.312928,231.8536351716502
55.6,39.95803334,-106.2173335,2486.8632,9.6012,13.232384,0.089408,232.7033982766004
55.7,39.95802648,-106.2173462,2486.8632,9.6012,13.277088,0.312928,233.55796512345825
55.8,39.95801958,-106.2173589,2486.8632,9.50976,13.277088,0.402336,235.2310434445182
55.9,39.95801335,-106.2173721,2486.8632,9.50976,13.232384,0.312928,235.988651096494
56.0,39.95800677,-106.2173852,2486.8632,9.50976,13.277088,0.312928,237.0086268570037
56.1,39.95800084,-106.2173985,2486.8632,9.50976,13.18768,0.22352,237.64712613572607
56.2,39.95799449,-106.2174118,2486.8632,9.38784,13.232384,0.312928,238.1781911070156
56.3,39.95798861,-106.2174254,2486.8632,9.50976,13.321792,0.089408,239.2017420819232
56.4,39.95798252,-106.217439,2486.8632,9.50976,13.366496,0.312928,240.01836063115064
56.5,39.95797695,-106.217453,2486.8632,9.38784,13.4112,0.491744,240.5385250290321
56.6,39.95797101,-106.2174668,2486.8632,9.38784,13.500608,0.402336,241.2225419795276
56.7,39.95796555,-106.2174809,2486.8632,9.38784,13.500608,0.22352,241.2225419795276
56.8,39.95795973,-106.217495,2486.8632,9.38784,13.545312,0.312928,241.7377926333217
56.9,39.95795426,-106.2175092,2486.5584000000003,9.2964,13.590016,0.491744,242.25027142278824
57.0,39.95794863,-106.2175234,2486.5584000000003,9.2964,13.590016,0.312928,242.5122561575328
57.1,39.95794311,-106.217538,2486.5584000000003,9.2964,13.768832,0.312928,242.68439202655776
57.2,39.95793744,-106.2175524,2486.5584000000003,9.2964,13.85824,0.089408,243.1854767586124
57.3,39.95793205,-106.2175672,2486.5584000000003,9.2964,13.85824,0.089408,243.3522709877921
57.4,39.95792648,-106.2175818,2486.5584000000003,9.2964,13.902944,0.089408,243.92815712400545
57.5,39.9579211,-106.2175966,2486.8632,9.38784,13.947648,0.089408,244.4255552278999
57.6,39.95791575,-106.2176114,2486.8632,9.38784,13.992352,0.089408,244.91640599380904
57.7,39.95791036,-106.2176266,2486.8632,9.38784,14.08176,0.22352,245.40422845905545
57.8,39.95790512,-106.2176417,2486.8632,9.38784,14.171168,0.491744,245.8889804974491
57.9,39.95789982,-106.2176569,2486.5584000000003,9.2964,14.171168,0.491744,246.11113228848671
58.0,39.95789467,-106.2176722,2486.5584000000003,9.20496,14.260576,0.312928,246.75390055900368
58.1,39.95788968,-106.2176877,2486.5584000000003,9.20496,14.30528,0.312928,246.8958789465209
58.2,39.95788453,-106.2177032,2486.5584000000003,9.20496,14.349984,0.0,247.227568582569
58.3,39.95787962,-106.2177186,2486.5584000000003,9.20496,14.30528,0.0,247.69805770674756
58.4,39.95787472,-106.2177342,2486.5584000000003,9.2964,14.30528,-0.089408,247.69805770674756
58.5,39.95786976,-106.2177499,2486.5584000000003,9.2964,14.394688,-0.22352,248.03135286975075
58.6,39.95786495,-106.2177655,2486.5584000000003,9.2964,14.394688,-0.581152,248.03135286975075
58.7,39.95786008,-106.2177811,2486.8632,9.38784,14.349984,-0.89408,248.03135286975075
58.8,39.95785524,-106.2177966,2486.8632,9.50976,14.349984,-0.983488,248.40116755819724
58.9,39.95785055,-106.2178121,2486.8632,9.6012,14.260576,-1.296416,248.40116755819724
59.0,39.95784588,-106.2178275,2487.168,9.814560000000002,14.171168,-1.519936,248.6071096480185
59.1,39.9578413,-106.2178428,2487.168,9.906,14.037056,-1.519936,248.6071096480185
59.2,39.95783669,-106.2178582,2487.4728,10.08888,14.037056,-1.609344,248.47256704831767
59.3,39.95783193,-106.2178734,2487.7776000000003,10.30224,14.08176,-1.922272,248.47256704831767
59.4,39.95782734,-106.2178887,2488.0824,10.60704,13.992352,-2.101088,248.81649587505396
59.5,39.9578227,-106.2179038,2488.0824,10.78992,13.902944,-2.190496,248.81649587505396
59.6,39.95781819,-106.217919,2488.3872,11.00328,13.902944,-2.190496,249.16203232678544
59.8,39.95780886,-106.2179492,2488.9968000000003,11.49096,13.902944,-2.503424,248.96248897457815
59.9,39.95780433,-106.2179641,2489.3016,11.79576,13.813536,-2.503424,248.96248897457815
60.0,39.95779984,-106.2179792,2489.3016,12.00912,13.724128,-2.503424,248.96248897457815
60.1,39.95779516,-106.2179939,2489.6064,12.31392,13.679424,-2.592832,248.6142720680716
60.2,39.95779066,-106.2180089,2489.9112,12.58824,13.679424,-2.592832,248.47739989209293
60.3,39.95778593,-106.2180235,2490.2160000000003,12.8016,13.63472,-2.592832,248.47739989209293
60.4,39.95778131,-106.2180383,2490.5208,13.1064,13.545312,-2.68224,247.98871680208063
60.5,39.9577765,-106.218053,2490.8256,13.4112,13.590016,-2.816352,247.98871680208063
60.6,39.95777184,-106.2180677,2491.1304,13.594080000000002,13.590016,-2.816352,247.846655262222
60.7,39.95776692,-106.2180822,2491.1304,13.898880000000002,13.545312,-2.995168,247.63026912070853
60.8,39.95776223,-106.2180967,2491.74,14.29512,13.455904,-3.218688,247.1290984491316
60.9,39.95775735,-106.2181109,2492.0448,14.59992,13.321792,-3.218688,246.8269309900149
61.0,39.95775259,-106.2181251,2492.3496,14.90472,13.232384,-3.397504,246.59531044896767
61.1,39.9577477,-106.2181389,2492.6544000000004,15.300960000000002,13.098272,-3.486912,246.2796044276954
61.2,39.95774297,-106.2181527,2492.9592,15.605760000000002,12.96416,-3.79984,245.95577673063215
61.4,39.95773332,-106.2181795,2493.8736000000004,16.39824,12.695936,-3.79984,245.36863774797365
61.5,39.95772837,-106.2181925,2494.1784,16.79448,12.51712,-4.02336,245.19591486201472
61.6,39.95772355,-106.2182057,2494.4832,17.19072,12.383008,-4.02336,244.3665054209995
61.8,39.95771369,-106.2182314,2495.3976,18.01368,12.248895999999998,-3.889248,244.18509619702496
61.9,39.95770882,-106.2182438,2496.0072,18.50136,12.114784,-4.112768,244.0012807526614
62.0,39.95770396,-106.2182567,2496.3120000000004,18.8976,12.07008,-3.889248,243.623111625988
62.2,39.95769422,-106.2182821,2497.2264,19.69008,12.159488,-3.486912,243.623111625988
62.3,39.95768945,-106.2182944,2497.5312,19.99488,11.980672,-3.308096,243.623111625988
62.4,39.95768457,-106.2183073,2497.836,20.391120000000004,11.980672,-3.397504,243.623111625988
62.5,39.95767971,-106.2183199,2498.1408,20.695920000000005,12.114784,-3.397504,243.434948822922
62.6,39.9576749,-106.2183324,2498.4456,21.00072,11.980672,-3.308096,242.7676404670869
62.7,39.95766992,-106.2183448,2498.7504,21.396960000000004,11.935968,-3.218688,242.7676404670869
62.8,39.95766494,-106.2183574,2499.0552,21.701760000000004,11.980672,-3.084576,242.5712587783224
62.9,39.95766008,-106.2183697,2499.36,22.00656,11.935968,-2.90576,242.5712587783224
63.0,39.95765509,-106.2183822,2499.6648,22.31136,11.891264,-2.68224,242.5712587783224
63.2,39.95764528,-106.2184071,2500.2744,22.79904,11.980672,-2.101088,242.7676404670869
63.3,39.9576404,-106.2184196,2500.2744,23.0124,11.935968,-1.78816,243.434948822922
63.400000000000006,39.95763546,-106.2184323,2500.5792,23.10384,12.025376,-1.609344,243.623111625988
63.5,39.95763063,-106.218445,2500.5792,23.286720000000003,12.114784,-1.385824,243.623111625988
63.6,39.95762574,-106.2184579,2500.884,23.40864,12.159488,-1.1176,243.8088148348513
63.7,39.95762092,-106.2184708,2500.884,23.50008,12.248895999999998,-0.804672,243.9921025365346
63.8,39.95761611,-106.2184838,2500.884,23.591520000000003,12.248895999999998,-0.581152,244.6342022165214
63.900000000000006,39.95761132,-106.2184969,2500.884,23.591520000000003,12.338304,-0.402336,244.80978360349144
64.0,39.95760654,-106.2185103,2501.1888,23.71344,12.472416,-0.402336,245.5391188450351
64.1,39.95760196,-106.2185236,2501.1888,23.71344,12.51712,-0.22352,245.7073985557049
64.2,39.95759726,-106.2185373,2501.1888,23.71344,12.606528,-0.22352,245.95577673063215
64.3,39.95759275,-106.2185512,2500.884,23.591520000000003,12.830048,-0.089408,246.644435140714
64.4,39.95758817,-106.218565,2500.884,23.591520000000003,12.874752,0.0,246.80140948635184
64.5,39.95758376,-106.2185791,2500.884,23.591520000000003,12.874752,0.0,247.31944039297508
64.6,39.95757921,-106.2185933,2500.884,23.591520000000003,13.053568,-0.089408,247.5454686892405
64.8,39.9575704,-106.2186221,2500.884,23.50008,13.232384,0.0,248.19859051364816
64.9,39.95756613,-106.2186369,2500.884,23.50008,13.321792,0.0,248.34138343798432
65.0,39.95756179,-106.2186516,2500.884,23.50008,13.455904,0.0,249.0860006432873
65.1,39.9575576,-106.2186667,2500.884,23.40864,13.545312,0.0,249.221620702316
65.2,39.95755323,-106.2186816,2500.884,23.40864,13.63472,0.0,249.3555695369688
65.3,39.95754902,-106.2186968,2500.884,23.40864,13.679424,-0.089408,249.4878764119152
65.4,39.95754482,-106.218712,2500.5792,23.286720000000003,13.768832,0.0,249.68332048796023
65.5,39.95754072,-106.2187273,2500.5792,23.286720000000003,13.813536,0.0,250.1593019160317
65.6,39.95753641,-106.2187427,2500.5792,23.286720000000003,13.902944,-0.089408,250.2842613566742
65.7,39.95753226,-106.2187583,2500.5792,23.286720000000003,14.037056,-0.089408,250.40771810894847
65.8,39.95752797,-106.2187739,2500.5792,23.19528,14.126464,-0.22352,250.5901420191984
65.9,39.95752388,-106.2187897,2500.5792,23.286720000000003,14.171168,-0.312928,250.5901420191984
66.0,39.95751978,-106.2188054,2500.5792,23.19528,14.171168,-0.22352,250.70995378081125
66.1,39.95751558,-106.2188215,2500.5792,23.286720000000003,14.30528,-0.22352,251.16756453455892
66.2,39.95751136,-106.2188374,2500.5792,23.286720000000003,14.394688,-0.22352,251.28280824080716
66.3,39.95750735,-106.2188535,2500.5792,23.286720000000003,14.394688,-0.22352,251.28280824080716
66.4,39.95750317,-106.2188696,2500.5792,23.286720000000003,14.484096,-0.312928,251.45314550001177
66.5,39.95749901,-106.218886,2500.5792,23.286720000000003,14.618208,-0.22352,251.8994585443212
66.6,39.95749498,-106.2189022,2500.5792,23.286720000000003,14.618208,-0.312928,251.8994585443212
66.7,39.95749097,-106.2189187,2500.5792,23.286720000000003,14.618208,-0.402336,252.5097068439307
66.8,39.95748698,-106.2189351,2500.5792,23.286720000000003,14.707616,-0.089408,252.9487381444465
66.9,39.95748312,-106.2189517,2500.5792,23.19528,14.75232,-0.22352,253.28396333403904
67.0,39.95747938,-106.2189683,2500.5792,23.286720000000003,14.75232,-0.312928,254.05460409907715
67.1,39.95747597,-106.2189848,2500.5792,23.19528,14.662912,-0.089408,255.14836603200095
67.2,39.95747271,-106.2190014,2500.5792,23.286720000000003,14.573504,-0.402336,256.352050298028
67.3,39.9574699,-106.2190181,2500.5792,23.286720000000003,14.573504,-0.491744,257.04549693281047
67.4,39.95746714,-106.2190345,2500.884,23.40864,14.439391999999998,-0.581152,258.1949311401048
67.5,39.95746472,-106.2190512,2500.884,23.40864,14.394688,-0.22352,259.0803113827824
67.6,39.95746236,-106.2190675,2500.884,23.40864,14.30528,0.0,260.08724855327614
67.7,39.95746059,-106.2190839,2500.5792,23.286720000000003,14.126464,0.0,260.9315611340901
67.8,39.95745861,-106.2191002,2500.5792,23.286720000000003,14.126464,0.0,262.5041423602701
67.9,39.95745772,-106.2191164,2500.5792,23.286720000000003,13.947648,0.0,263.57652956344344
68.0,39.95745652,-106.2191322,2500.5792,23.19528,13.679424,0.0,265.20453616341337
68.1,39.95745629,-106.2191483,2500.5792,23.19528,13.63472,-0.089408,266.5083153009795
68.2,39.95745569,-106.2191638,2500.5792,23.19528,13.455904,-0.089408,267.8352108465465
68.3,39.95745629,-106.2191792,2500.5792,23.19528,13.142976,-0.089408,269.6034957448669
68.4,39.95745627,-106.2191943,2500.5792,23.10384,13.008864,-0.089408,270.4034847350587
68.5,39.95745759,-106.2192096,2500.5792,23.10384,13.008864,0.0,271.827968244305
68.6,39.95745819,-106.2192244,2500.5792,23.10384,12.874752,-0.089408,273.71796410330313
68.7,39.95746013,-106.2192388,2500.2744,23.0124,12.51712,-0.089408,275.60743196069177
68.8,39.95746173,-106.2192537,2500.2744,23.0124,12.651232,-0.089408,277.1510362288174
68.9,39.95746427,-106.2192676,2500.2744,23.0124,12.472416,-0.089408,279.1826622958501
69.0,39.95746618,-106.2192814,2500.2744,23.0124,12.07008,-0.089408,280.6728670365825
69.1,39.95746976,-106.219295,2500.2744,22.89048,12.07008,-0.089408,282.8139772142638
69.2,39.95747232,-106.2193083,2500.2744,22.89048,11.935968,-0.22352,284.68668794993704
69.3,39.95747616,-106.2193208,2500.2744,22.89048,11.578335999999998,-0.089408,286.8714323843272
69.4,39.95747965,-106.2193337,2500.2744,22.79904,11.578335999999998,-0.089408,288.8689994550614
69.5,39.957484,-106.2193455,2500.2744,22.79904,11.39952,-0.089408,291.3706222693432
69.6,39.95748778,-106.2193575,2500.2744,22.79904,11.086592,-0.22352,293.1985905136482
69.7,39.95749298,-106.2193686,2500.2744,22.79904,11.041888,-0.089408,295.188522858453
69.8,39.95749725,-106.2193799,2500.2744,22.79904,10.907775999999998,-0.22352,296.67254782301745
69.9,39.95750266,-106.2193903,2499.9696,22.707600000000003,10.72896,-0.089408,297.87195252640333
70.0,39.95750747,-106.2194012,2499.9696,22.707600000000003,10.684256,-0.22352,298.7676493388438
70.1,39.95751267,-106.2194108,2499.9696,22.707600000000003,10.371328,-0.22352,299.37142142886626
70.2,39.95751721,-106.2194212,2499.9696,22.707600000000003,10.103104,-0.22352,299.1779267229122
70.3,39.95752275,-106.2194301,2499.9696,22.707600000000003,9.924288,-0.312928,299.8091142067065
70.4,39.95752717,-106.2194402,2499.9696,22.707600000000003,9.790176,-0.312928,299.3863799603509
70.5,39.95753201,-106.2194492,2499.9696,22.707600000000003,9.656064,-0.312928,299.18382304894345
70.6,39.95753665,-106.2194586,2499.9696,22.707600000000003,9.477248,-0.312928,298.9760809236892
70.7,39.95754114,-106.2194674,2500.2744,22.79904,9.253728,-0.312928,299.16199999863045
70.8,39.95754515,-106.2194769,2500.2744,22.79904,9.119616,-0.402336,298.2052310470565
70.9,39.95754963,-106.219485,2500.2744,22.89048,8.851392,-0.312928,298.2421511705083
71.0,39.95755342,-106.2194942,2500.2744,22.89048,8.672576,-0.22352,298.14160123226173
71.1,39.95755706,-106.2195025,2500.2744,22.89048,8.538464000000001,-0.22352,298.17859010995915
71.2,39.95756098,-106.2195109,2500.2744,22.89048,8.27024,-0.22352,297.65887110502734
71.3,39.9575643,-106.219519,2500.2744,22.79904,8.091424,-0.22352,297.27237054562227
71.4,39.95756764,-106.2195274,2500.2744,22.89048,7.957312,-0.402336,296.9958383940866
71.6,39.95757379,-106.2195429,2500.2744,23.0124,7.644384,-0.22352,296.565051177078
71.8,39.95757972,-106.2195579,2500.2744,23.0124,7.197344,0.0,297.6607385119595
71.9,39.95758258,-106.2195649,2500.2744,23.0124,7.063232,0.0,298.6104596659652
72.1,39.95758866,-106.2195792,2500.2744,22.89048,6.973824,0.089408,300.23080146970835
72.2,39.95759193,-106.2195863,2500.2744,22.89048,6.973824,0.0,301.20913310263904
72.3,39.95759527,-106.2195927,2500.2744,22.89048,6.795007999999999,0.0,302.3881148534009
72.4,39.95759877,-106.2195997,2500.2744,22.79904,6.884416,0.0,303.3885135761115
72.5,39.95760185,-106.2196056,2500.2744,22.79904,6.616192,0.0,303.1785116593927
72.6,39.95760537,-106.2196125,2500.2744,22.79904,6.571488,-0.089408,303.7916556810735
72.7,39.95760897,-106.2196187,2500.2744,22.79904,6.795007999999999,-0.089408,303.5866456536228
72.8,39.95761224,-106.2196251,2500.2744,22.79904,6.571488,0.0,303.5866456536228
72.9,39.9576159,-106.2196313,2500.2744,22.79904,6.616192,-0.089408,304.2157021324374
73.0,39.95761937,-106.2196379,2500.2744,22.89048,6.750304,-0.22352,303.5866456536228
73.2,39.95762637,-106.2196503,2500.2744,22.89048,6.571488,-0.089408,303.58416047559297
73.3,39.95762996,-106.2196565,2500.2744,22.79904,6.571488,-0.089408,303.58416047559297
73.4,39.95763347,-106.2196627,2500.2744,22.79904,6.616192,-0.089408,303.58416047559297
73.5,39.95763682,-106.2196689,2500.2744,22.89048,6.526784,-0.22352,304.011348903506
73.6,39.95764015,-106.2196754,2500.2744,22.89048,6.571488,-0.22352,303.36636600105953
73.7,39.95764367,-106.2196814,2500.2744,22.89048,6.526784,-0.22352,303.36636600105953
73.8,39.95764694,-106.2196878,2500.2744,22.89048,6.526784,-0.089408,303.36636600105953
74.0,39.95765364,-106.2197001,2500.2744,22.89048,6.48208,-0.089408,302.806965524493
74.1,39.95765688,-106.2197063,2500.2744,22.89048,6.392672,-0.22352,304.24203291161
74.2,39.95766011,-106.2197126,2500.2744,22.89048,6.392672,-0.089408,303.2433258619644
74.3,39.95766331,-106.2197183,2500.2744,22.89048,6.25856,-0.22352,303.9174305369704
74.4,39.95766652,-106.2197245,2500.2744,22.89048,6.213856,-0.22352,303.9174305369704
74.5,39.95766969,-106.2197304,2500.2744,22.89048,6.25856,-0.22352,304.38034472384487
74.6,39.95767288,-106.2197365,2500.2744,22.89048,6.169152,-0.22352,304.85445556610364
74.7,39.95767599,-106.219742,2500.2744,22.89048,6.03504,-0.22352,304.6409475119163
74.8,39.95767907,-106.2197477,2500.2744,22.89048,5.900928,-0.22352,305.17472295785154
74.9,39.95768212,-106.2197528,2500.2744,22.89048,5.677408,-0.22352,305.1486726571919
75.0,39.95768487,-106.2197576,2500.2744,22.89048,5.319776,-0.089408,304.99202019855863
75.1,39.95768725,-106.2197618,2500.2744,22.89048,4.783328,-0.089408,304.695153531234
75.2,39.95768929,-106.2197657,2500.2744,22.79904,4.24688,-0.089408,303.8869594640517
75.3,39.95769105,-106.2197686,2500.2744,22.79904,3.57632,-0.089408,301.8274465766731
75.4,39.95769233,-106.2197714,2500.2744,22.79904,2.950464,0.0,299.8759926916894
75.5,39.9576931,-106.2197731,2500.2744,22.79904,2.2352,-0.22352,296.565051177078
75.6,39.95769417,-106.2197754,2500.2744,22.89048,1.966976,-0.312928,290.92450174492114
75.7,39.95769417,-106.2197763,2500.2744,22.79904,1.430528,-0.089408,290.77225468204585
75.8,39.95769461,-106.2197778,2500.2744,22.89048,0.938784,-0.22352,288.434948822922
75.9,39.95769462,-106.2197785,2500.2744,22.89048,0.938784,-0.089408,287.6501242199301
76.0,39.95769493,-106.2197796,2500.2744,23.0124,0.938784,-0.22352,289.29004621918875
76.1,39.95769437,-106.2197794,2500.2744,23.0124,0.67056,-0.22352,287.35402463626133
76.2,39.95769451,-106.2197801,2500.5792,23.10384,0.0,-0.089408,291.0375110254218
76.3,39.95769399,-106.2197798,2500.5792,23.10384,0.0,-0.089408,280.304846468766
76.4,39.95769412,-106.2197804,2500.5792,23.10384,0.491744,-0.22352,282.5288077091515
76.5,39.95769341,-106.2197795,2500.5792,23.10384,0.0,-0.089408,285.94539590092285
76.6,39.95769359,-106.2197799,2500.5792,23.10384,0.491744,0.0,305.5376777919744
76.7,39.95769363,-106.2197796,2500.5792,23.10384,0.0,0.0,315.0
76.8,39.95769357,-106.2197793,2500.5792,23.10384,0.0,0.0,324.4623222080256
76.9,39.95769374,-106.2197791,2500.5792,23.10384,0.0,0.0,324.4623222080256
77.0,39.95769407,-106.2197794,2500.5792,23.10384,0.0,0.089408,324.4623222080256
77.1,39.95769412,-106.2197788,2500.5792,23.10384,0.0,0.0,324.4623222080256
77.2,39.95769447,-106.2197792,2500.5792,23.10384,0.0,-0.089408,324.4623222080256
77.3,39.95769481,-106.2197793,2500.2744,23.0124,0.491744,0.0,324.4623222080256
77.4,39.95769505,-106.2197793,2500.2744,23.0124,0.491744,0.0,315.0
77.5,39.95769563,-106.2197795,2500.5792,23.10384,0.491744,0.0,324.4623222080256
77.6,39.95769597,-106.2197799,2500.2744,23.0124,0.67056,0.0,315.0
77.7,39.95769642,-106.2197802,2500.2744,23.0124,0.67056,-0.089408,315.0
77.8,39.95769679,-106.2197803,2500.2744,23.0124,0.491744,0.0,315.0
77.9,39.95769714,-106.2197808,2500.2744,23.0124,0.0,0.0,307.8749836510982
78.0,39.95769742,-106.2197812,2500.2744,23.0124,0.67056,0.0,299.05460409907715
78.1,39.95769784,-106.2197815,2500.2744,23.0124,0.67056,-0.089408,299.05460409907715
78.2,39.95769807,-106.2197821,2500.2744,23.0124,0.67056,0.0,299.05460409907715
78.3,39.95769822,-106.2197826,2500.2744,23.0124,0.67056,0.0,299.05460409907715
78.4,39.95769852,-106.219783,2500.2744,23.0124,0.67056,-0.089408,299.05460409907715
78.5,39.95769874,-106.2197836,2500.2744,23.0124,0.67056,-0.089408,299.05460409907715
78.6,39.95769895,-106.2197841,2500.2744,23.0124,0.67056,-0.089408,299.05460409907715
78.7,39.95769908,-106.2197846,2500.2744,23.0124,0.491744,-0.089408,299.05460409907715
78.8,39.95769927,-106.2197851,2500.2744,23.0124,0.491744,-0.089408,299.05460409907715
78.9,39.95769944,-106.2197857,2500.2744,23.0124,0.491744,-0.089408,299.05460409907715
79.0,39.95769962,-106.2197862,2500.2744,23.0124,0.491744,-0.089408,299.05460409907715
79.1,39.95769984,-106.2197866,2500.2744,23.0124,0.0,-0.089408,299.05460409907715
79.2,39.95770008,-106.2197871,2500.2744,22.89048,0.67056,-0.089408,299.05460409907715
79.3,39.95770023,-106.2197873,2500.2744,23.0124,0.491744,-0.22352,305.5376777919744
79.4,39.95770047,-106.2197878,2500.2744,23.0124,0.67056,-0.22352,305.5376777919744
79.5,39.95770072,-106.2197881,2500.2744,23.0124,0.491744,-0.089408,305.5376777919744
79.6,39.95770093,-106.2197885,2500.2744,22.89048,0.67056,-0.089408,305.5376777919744
79.7,39.95770105,-106.2197887,2500.2744,23.0124,0.0,-0.22352,305.5376777919744
79.8,39.95770131,-106.2197891,2500.2744,23.0124,0.0,-0.089408,305.5376777919744
79.9,39.95770142,-106.2197892,2500.2744,23.0124,0.0,-0.089408,305.5376777919744
80.0,39.95770166,-106.2197896,2500.2744,23.0124,0.0,-0.312928,305.5376777919744
80.1,39.95770195,-106.2197898,2500.2744,23.0124,0.67056,-0.089408,315.0
80.2,39.95770213,-106.21979,2500.2744,23.0124,0.0,-0.089408,305.5376777919744
80.3,39.95770231,-106.2197902,2500.2744,23.0124,0.0,-0.089408,305.5376777919744
80.4,39.95770256,-106.2197906,2500.2744,23.0124,0.0,-0.22352,305.5376777919744
80.5,39.95770269,-106.2197907,2500.2744,23.0124,0.0,-0.22352,315.0
80.6,39.95770293,-106.2197911,2500.2744,23.0124,0.0,-0.22352,305.5376777919744
80.7,39.95770312,-106.2197914,2500.2744,23.0124,0.67056,-0.089408,315.0
80.8,39.95770335,-106.2197917,2500.2744,23.0124,0.67056,-0.089408,315.0
80.9,39.95770348,-106.2197918,2500.2744,23.0124,0.491744,-0.22352,315.0
81.0,39.95770372,-106.2197921,2500.2744,23.0124,0.0,-0.089408,315.0
81.1,39.95770401,-106.2197925,2500.2744,23.0124,0.67056,-0.089408,315.0
81.2,39.95770424,-106.2197926,2500.5792,23.10384,0.0,-0.22352,315.0
81.3,39.95770451,-106.2197929,2500.5792,23.10384,0.0,-0.22352,315.0
81.4,39.95770476,-106.2197932,2500.2744,23.0124,0.0,-0.089408,315.0
81.5,39.95770501,-106.2197933,2500.2744,23.0124,0.0,0.0,315.0
81.6,39.95770524,-106.2197936,2500.5792,23.10384,0.0,-0.22352,315.0
81.7,39.95770539,-106.219794,2500.2744,23.0124,0.491744,0.0,315.0
81.9,39.95770585,-106.2197944,2500.2744,23.0124,0.44704,-0.089408,315.0
82.0,39.95770606,-106.2197947,2500.2744,23.0124,0.0,0.0,315.0
82.2,39.95770653,-106.2197951,2500.5792,23.10384,0.44704,-0.22352,315.0
82.3,39.9577067,-106.2197955,2500.5792,23.10384,0.0,0.0,315.0
82.4,39.95770692,-106.2197957,2500.5792,23.10384,0.491744,-0.089408,315.0
82.6,39.95770739,-106.2197962,2500.5792,23.10384,0.44704,-0.22352,315.0
82.8,39.95770774,-106.2197967,2500.5792,23.10384,0.357632,-0.22352,315.0
82.9,39.95770794,-106.2197971,2500.5792,23.10384,0.312928,0.0,315.0
83.0,39.95770811,-106.2197973,2500.5792,23.10384,0.0,-0.22352,315.0
83.1,39.95770841,-106.2197976,2500.5792,23.19528,0.0,-0.22352,315.0
83.2,39.95770861,-106.2197979,2500.5792,23.19528,0.0,-0.22352,315.0
83.3,39.95770885,-106.2197982,2500.5792,23.19528,0.491744,-0.22352,315.0
83.4,39.95770906,-106.2197985,2500.5792,23.286720000000003,0.0,-0.22352,315.0
83.5,39.95770935,-106.2197988,2500.5792,23.286720000000003,0.0,-0.22352,315.0
83.6,39.9577096,-106.2197991,2500.884,23.40864,0.0,-0.089408,315.0
83.7,39.95770977,-106.2197995,2500.5792,23.286720000000003,0.491744,0.0,315.0
83.8,39.95770998,-106.2197998,2500.5792,23.286720000000003,0.67056,0.0,315.0
83.9,39.95771025,-106.2198001,2500.5792,23.286720000000003,0.67056,-0.089408,315.0
84.0,39.95771046,-106.2198004,2500.5792,23.286720000000003,0.0,0.089408,315.0
84.1,39.95771061,-106.2198005,2500.5792,23.286720000000003,0.0,-0.089408,291.8014094863518
84.2,39.95771077,-106.2198008,2500.5792,23.286720000000003,0.0,0.0,291.8014094863518
84.3,39.95771094,-106.219801,2500.5792,23.286720000000003,0.0,-0.089408,291.8014094863518
84.4,39.9577111,-106.2198013,2500.5792,23.286720000000003,0.0,0.0,291.8014094863518
84.5,39.9577112,-106.2198016,2500.5792,23.286720000000003,0.0,0.0,291.8014094863518
84.6,39.95771134,-106.2198018,2500.5792,23.286720000000003,0.0,0.0,291.8014094863518
84.7,39.95771156,-106.2198021,2500.5792,23.19528,0.0,0.0,291.8014094863518
84.9,39.95771184,-106.2198026,2500.5792,23.19528,0.0,0.0,291.8014094863518
85.0,39.95771199,-106.2198029,2500.5792,23.286720000000003,0.312928,-0.089408,291.8014094863518
85.1,39.95771214,-106.2198033,2500.5792,23.286720000000003,0.0,0.0,291.8014094863518
85.2,39.95771228,-106.2198036,2500.5792,23.286720000000003,0.491744,-0.089408,291.8014094863518
85.3,39.95771244,-106.2198038,2500.5792,23.286720000000003,0.0,-0.22352,291.8014094863518
85.4,39.95771259,-106.2198041,2500.5792,23.286720000000003,0.0,-0.22352,291.8014094863518
85.5,39.95771273,-106.2198043,2500.5792,23.286720000000003,0.0,-0.089408,291.8014094863518
85.6,39.95771287,-106.2198046,2500.5792,23.286720000000003,0.0,0.0,291.8014094863518
85.7,39.95771301,-106.2198048,2500.5792,23.286720000000003,0.0,-0.089408,291.8014094863518
85.9,39.95771329,-106.2198052,2500.884,23.40864,0.312928,-0.089408,291.8014094863518
86.0,39.95771344,-106.2198055,2500.5792,23.286720000000003,0.44704,0.0,291.8014094863518
86.1,39.95771361,-106.2198057,2500.884,23.40864,0.491744,-0.089408,291.8014094863518
86.2,39.95771374,-106.2198059,2500.884,23.40864,0.491744,-0.089408,291.8014094863518
86.3,39.95771379,-106.2198061,2500.884,23.40864,0.0,0.0,315.0
86.4,39.95771388,-106.2198062,2500.5792,23.286720000000003,0.0,0.089408,315.0
86.5,39.95771394,-106.2198065,2500.5792,23.286720000000003,0.0,0.0,315.0
86.6,39.95771405,-106.2198067,2500.5792,23.286720000000003,0.0,0.0,315.0
86.7,39.9577141,-106.2198068,2500.884,23.40864,0.0,-0.089408,315.0
86.8,39.95771423,-106.219807,2500.5792,23.286720000000003,0.491744,0.0,315.0
86.9,39.95771433,-106.2198072,2500.5792,23.286720000000003,0.0,0.089408,315.0
87.0,39.95771445,-106.2198073,2500.5792,23.286720000000003,0.0,-0.089408,315.0
87.1,39.95771444,-106.2198075,2500.5792,23.286720000000003,0.0,-0.089408,315.0
87.2,39.95771456,-106.2198076,2500.5792,23.286720000000003,0.0,0.0,315.0
87.3,39.95771465,-106.2198077,2500.5792,23.286720000000003,0.0,-0.089408,315.0
87.4,39.95771475,-106.2198078,2500.5792,23.286720000000003,0.0,0.0,315.0
87.5,39.95771473,-106.219808,2500.5792,23.286720000000003,0.0,-0.22352,315.0
87.6,39.95771485,-106.2198081,2500.884,23.40864,0.0,-0.22352,315.0
87.7,39.95771492,-106.2198083,2500.884,23.40864,0.0,-0.089408,315.0
87.8,39.95771503,-106.2198084,2500.884,23.40864,0.0,-0.089408,315.0
87.9,39.9577151,-106.2198086,2500.884,23.40864,0.0,0.0,315.0
88.0,39.95771518,-106.2198087,2500.884,23.40864,0.0,0.0,315.0
88.2,39.95771527,-106.2198091,2500.5792,23.286720000000003,0.0,0.089408,315.0
88.3,39.95771535,-106.2198092,2500.5792,23.286720000000003,0.0,0.0,315.0
88.4,39.95771546,-106.2198094,2500.5792,23.286720000000003,0.0,0.0,0.0
88.5,39.95771547,-106.2198095,2500.5792,23.286720000000003,0.0,-0.22352,0.0
88.6,39.9577156,-106.2198096,2500.5792,23.286720000000003,0.0,-0.089408,0.0
88.7,39.95771569,-106.2198097,2500.5792,23.286720000000003,0.0,0.0,0.0
88.8,39.9577158,-106.2198098,2500.5792,23.286720000000003,0.0,0.0,0.0
88.9,39.95771578,-106.2198099,2500.5792,23.286720000000003,0.0,0.0,0.0
89.0,39.95771588,-106.21981,2500.5792,23.286720000000003,0.0,-0.089408,0.0
89.1,39.95771596,-106.2198101,2500.5792,23.286720000000003,0.0,-0.089408,0.0
89.2,39.95771606,-106.2198101,2500.5792,23.286720000000003,0.0,0.0,0.0
89.3,39.95771613,-106.2198102,2500.5792,23.286720000000003,0.0,0.0,0.0
89.4,39.95771622,-106.2198103,2500.5792,23.286720000000003,0.0,-0.089408,0.0
89.5,39.95771634,-106.2198104,2500.5792,23.286720000000003,0.0,-0.089408,0.0
89.6,39.95771642,-106.2198105,2500.5792,23.286720000000003,0.0,-0.089408,0.0
89.7,39.95771648,-106.2198105,2500.5792,23.286720000000003,0.0,0.0,0.0
89.8,39.95771659,-106.2198106,2500.5792,23.286720000000003,0.0,-0.22352,0.0
89.9,39.95771666,-106.2198107,2500.5792,23.286720000000003,0.0,0.0,0.0
90.0,39.95771673,-106.2198108,2500.5792,23.19528,0.0,0.0,0.0
90.1,39.95771671,-106.2198109,2500.5792,23.286720000000003,0.0,-0.22352,0.0
90.2,39.95771684,-106.219811,2500.5792,23.286720000000003,0.0,0.0,0.0
90.3,39.95771694,-106.219811,2500.5792,23.286720000000003,0.0,-0.089408,0.0
90.4,39.95771701,-106.2198111,2500.5792,23.286720000000003,0.0,-0.089408,0.0
90.5,39.95771717,-106.2198113,2500.5792,23.286720000000003,0.0,-0.22352,270.0
90.6,39.95771724,-106.2198114,2500.5792,23.286720000000003,0.0,-0.089408,270.0
90.7,39.95771721,-106.2198115,2500.5792,23.286720000000003,0.0,-0.22352,0.0
90.8,39.95771731,-106.2198116,2500.884,23.40864,0.0,-0.089408,0.0
90.9,39.95771737,-106.2198118,2500.884,23.40864,0.0,-0.22352,0.0
91.0,39.95771739,-106.2198118,2500.884,23.40864,0.0,-0.089408,0.0
91.1,39.95771751,-106.2198118,2500.884,23.40864,0.0,0.0,0.0
91.2,39.95771751,-106.2198118,2500.884,23.40864,0.0,0.0,0.0
91.3,39.95771754,-106.219812,2500.884,23.50008,0.491744,-0.22352,0.0
91.4,39.95771763,-106.2198121,2500.884,23.50008,0.0,-0.491744,0.0
91.5,39.95771776,-106.2198122,2500.884,23.50008,0.0,-0.715264,0.0
91.6,39.95771774,-106.2198121,2500.884,23.591520000000003,0.0,-1.1176,0.0
91.7,39.95771785,-106.2198121,2501.1888,23.80488,0.0,-1.385824,90.0
91.8,39.95771781,-106.2198119,2501.4936,23.98776,0.0,-1.6987519999999998,90.0
91.9,39.95771788,-106.2198118,2501.4936,24.201120000000003,0.0,-2.01168,90.0
92.0,39.95771789,-106.2198117,2501.7984,24.41448,0.0,-2.279904,90.0
92.1,39.95771793,-106.2198113,2502.1032,24.59736,0.0,-2.503424,90.0
92.2,39.95771795,-106.2198113,2502.408,24.90216,0.0,-2.816352,0.0
92.4,39.95771795,-106.2198115,2503.0176,25.51176,0.0,-2.995168,270.0
92.6,39.95771761,-106.2198119,2503.6272,26.2128,0.0,-3.308096,257.4711922908485
92.7,39.95771725,-106.2198123,2503.932,26.487120000000004,0.312928,-3.397504,254.05460409907715
92.8,39.95771708,-106.2198128,2504.2368,26.91384,0.0,-3.397504,257.4711922908485
92.9,39.95771671,-106.2198132,2504.5416,27.188160000000003,0.491744,-3.397504,257.4711922908485
93.0,39.95771657,-106.2198137,2504.8464,27.61488,0.67056,-3.621024,257.4711922908485
93.2,39.9577163,-106.2198148,2505.7608,28.28544,0.5364479999999999,-3.621024,270.0
93.3,39.9577162,-106.2198152,2506.0656,28.71216,0.44704,-3.486912,270.0
93.4,39.95771627,-106.2198154,2506.3704,28.98648,0.0,-3.621024,0.0
93.5,39.95771626,-106.2198155,2506.6752,29.4132,0.0,-3.710432,0.0
93.7,39.95771653,-106.2198154,2507.5896,30.11424,0.0,-3.486912,21.80140948635181
93.8,39.9577168,-106.2198151,2507.8944,30.51048,0.0,-3.486912,35.537677791974374
93.9,39.95771704,-106.219815,2508.1992,30.906720000000004,0.0,-3.621024,15.945395900922849
94.0,39.95771735,-106.2198147,2508.8088,31.30296,0.0,-3.486912,35.537677791974374
94.1,39.95771783,-106.2198142,2509.1136,31.6992,0.804672,-3.621024,35.537677791974374
94.2,39.95771805,-106.2198141,2509.4184,32.004000000000005,0.67056,-3.621024,15.945395900922849
94.3,39.9577185,-106.2198136,2509.7232,32.400240000000004,0.67056,-3.397504,21.80140948635181
94.4,39.95771874,-106.2198135,2510.028,32.705040000000004,0.67056,-3.397504,21.80140948635181
94.5,39.95771903,-106.219813,2510.3328,33.10128,0.67056,-3.397504,45.0
94.6,39.95771917,-106.2198129,2510.6376,33.40608,0.0,-3.308096,0.0
94.7,39.95771931,-106.2198127,2511.2472,33.80232,0.491744,-3.308096,0.0
94.8,39.95771944,-106.2198125,2511.552,34.10712,0.0,-3.308096,0.0
94.9,39.95771944,-106.2198124,2511.8568,34.50336,0.491744,-3.397504,0.0
95.0,39.95771948,-106.2198124,2512.1616,34.80816,0.0,-3.397504,0.0
95.1,39.95771959,-106.2198123,2512.4664,35.2044,0.0,-3.308096,0.0
95.2,39.95771958,-106.2198123,2512.7712,35.5092,0.0,-3.218688,0.0
95.3,39.95771939,-106.2198124,2513.076,35.814,0.0,-3.218688,0.0
95.4,39.95771934,-106.2198124,2513.3808,36.08832,0.0,-3.218688,0.0
95.5,39.9577193,-106.2198124,2513.6856,36.39312,0.0,-3.308096,0.0
95.6,39.95771928,-106.2198124,2514.2952,36.78936,0.0,-3.397504,0.0
95.7,39.9577191,-106.2198126,2514.6,37.09416,0.0,-3.486912,0.0
95.8,39.95771911,-106.2198125,2514.9048000000003,37.4904,0.0,-3.486912,0.0
95.9,39.9577189,-106.2198126,2515.2096,37.7952,0.0,-3.397504,0.0
96.0,39.95771885,-106.2198125,2515.5144,38.1,0.0,-3.397504,0.0
96.1,39.95771872,-106.2198126,2515.8192,38.49624,0.0,-3.397504,0.0
96.2,39.95771872,-106.2198125,2516.1240000000003,38.80104,0.0,-3.397504,0.0
96.3,39.95771863,-106.2198126,2516.4288,39.10584000000001,0.0,-3.397504,0.0
96.4,39.95771864,-106.2198125,2516.7336,39.50208,0.0,-3.486912,0.0
96.5,39.95771857,-106.2198124,2517.3432000000003,39.898320000000005,0.491744,-3.621024,0.0
96.6,39.95771863,-106.2198124,2517.648,40.29456,0.0,-3.710432,0.0
96.7,39.95771871,-106.2198123,2517.9528,40.6908,0.0,-3.621024,0.0
96.8,39.95771878,-106.2198123,2518.2576,40.9956,0.0,-3.486912,0.0
96.9,39.95771894,-106.2198124,2518.8672,41.39184000000001,0.0,-3.397504,315.0
97.0,39.95771923,-106.2198129,2519.172,41.69664,0.491744,-3.084576,315.0
97.1,39.95771964,-106.2198134,2519.4768,42.00144,0.67056,-2.995168,310.23635830927384
97.2,39.95772024,-106.2198143,2519.7816000000003,42.30624,0.938784,-2.68224,308.6598082540901
97.3,39.95772086,-106.2198154,2520.0864,42.61104,1.162304,-2.503424,306.0273733851036
97.4,39.95772163,-106.2198168,2520.0864,42.79392000000001,1.34112,-2.190496,306.5288553669852
97.5,39.9577227,-106.2198186,2520.3912,43.00728,1.78816,-1.922272,302.82854179141253
97.6,39.95772339,-106.2198201,2520.3912,43.09872000000001,1.654048,-1.609344,301.4295656148385
97.7,39.95772449,-106.2198224,2520.696,43.31208,1.877568,-1.385824,303.340707346477
97.8,39.95772558,-106.2198246,2520.696,43.40352000000001,2.2352,-1.207008,304.0193499898265
97.9,39.95772675,-106.2198273,2521.0008000000003,43.49496,2.414016,-0.983488,302.7995312726192
98.0,39.957728,-106.2198297,2521.0008000000003,43.586400000000005,2.503424,-0.715264,303.4078245897089
98.1,39.95773008,-106.219833,2521.0008000000003,43.586400000000005,2.995168,-0.491744,304.7559125535413
98.2,39.95773149,-106.2198358,2521.0008000000003,43.586400000000005,3.218688,-0.402336,306.6897228324758
98.3,39.95773353,-106.219839,2521.0008000000003,43.70832,3.12928,-0.312928,306.5288553669852
98.4,39.95773523,-106.219842,2521.0008000000003,43.70832,3.3528,-0.312928,307.5191138204763
98.5,39.95773753,-106.2198457,2521.0008000000003,43.70832,3.621024,-0.312928,307.8065299447045
98.6,39.95773941,-106.2198489,2521.3056,43.79976,3.755136,-0.22352,308.07278187399083
98.7,39.95774165,-106.2198527,2521.3056,43.79976,3.755136,-0.089408,307.8749836510982
98.8,39.95774372,-106.2198562,2521.3056,43.79976,3.933952,-0.089408,307.0106732336031
98.9,39.95774625,-106.2198601,2521.3056,43.79976,4.02336,0.0,308.8677775023207
99.0,39.95774846,-106.2198637,2521.3056,43.79976,4.157472,-0.089408,308.0470425318261
99.1,39.95775107,-106.2198678,2521.3056,43.79976,4.24688,0.0,307.8749836510982
99.2,39.95775342,-106.2198717,2521.3056,43.79976,4.336288,-0.089408,308.8533743403533
99.3,39.957756,-106.2198761,2521.3056,43.79976,4.4704,0.0,307.3493490446406
99.4,39.95775845,-106.2198802,2521.3056,43.79976,4.559807999999999,0.0,308.2901631922431
99.5,39.95776118,-106.2198847,2521.3056,43.79976,4.649216,0.0,307.8749836510982
99.6,39.95776375,-106.219889,2521.3056,43.79976,4.783328,0.0,307.8749836510982
99.7,39.95776653,-106.2198936,2521.3056,43.79976,4.828032,-0.089408,308.0656510987304
99.8,39.95776918,-106.2198982,2521.3056,43.79976,4.91744,0.0,307.4053566314085
99.9,39.95777194,-106.2199031,2521.0008000000003,43.70832,5.006848,0.0,307.6004053401129
100.0,39.95777476,-106.2199078,2521.0008000000003,43.70832,5.096256,0.0,307.4761795613614
100.1,39.95777787,-106.2199129,2521.3056,43.79976,5.319776,0.0,308.0470425318261
100.2,39.95778089,-106.2199179,2521.0008000000003,43.70832,5.498592,0.0,308.36748538486154
100.3,39.95778405,-106.2199233,2521.0008000000003,43.70832,5.632704,0.0,307.7939429986167
100.4,39.95778721,-106.2199287,2521.0008000000003,43.70832,5.81152,0.0,307.1359752045004
100.5,39.95779068,-106.2199345,2521.0008000000003,43.70832,5.990336,0.0,308.32553095288245
100.6,39.95779407,-106.2199401,2521.0008000000003,43.70832,6.169152,0.0,308.4633663512029
100.7,39.95779772,-106.219946,2521.0008000000003,43.70832,6.303264,0.0,308.3407927338632
100.8,39.95780132,-106.219952,2521.0008000000003,43.586400000000005,6.437376,0.0,308.7843641002973
100.9,39.95780512,-106.2199583,2521.0008000000003,43.586400000000005,6.660896,-0.089408,308.90413845540417
101.0,39.95780886,-106.2199644,2521.0008000000003,43.586400000000005,6.750304,0.0,308.30577086810683
101.1,39.95781295,-106.219971,2521.0008000000003,43.70832,6.973824,-0.089408,308.42807734568413
101.2,39.95781688,-106.2199775,2521.0008000000003,43.70832,7.15264,-0.089408,308.5460134096466
101.3,39.95782102,-106.2199845,2521.0008000000003,43.70832,7.286752,0.0,307.43857157233305
101.4,39.95782511,-106.2199913,2521.0008000000003,43.70832,7.465567999999999,0.0,307.8444584651141
101.5,39.95782945,-106.2199986,2521.0008000000003,43.586400000000005,7.59968,0.0,307.5479225565953
101.6,39.95783369,-106.2200057,2521.0008000000003,43.586400000000005,7.778496,0.0,307.4673985990527
101.7,39.95783817,-106.2200133,2521.0008000000003,43.586400000000005,7.912608,0.0,307.58850714082115
101.8,39.95784258,-106.2200207,2521.0008000000003,43.586400000000005,8.091424,0.0,307.9592834129954
101.9,39.95784721,-106.2200286,2521.0008000000003,43.586400000000005,8.225536,0.0,308.0686432016841
102.0,39.95785178,-106.2200362,2521.0008000000003,43.586400000000005,8.359648,0.0,308.1746735355244
102.1,39.95785669,-106.2200444,2521.0008000000003,43.586400000000005,8.583167999999999,0.0,308.08877288097534
102.2,39.95786145,-106.2200524,2521.0008000000003,43.586400000000005,8.71728,0.0,308.42613997571414
102.3,39.95786642,-106.2200607,2521.0008000000003,43.586400000000005,8.761984,0.0,308.52163542022714
102.4,39.9578714,-106.2200687,2521.0008000000003,43.586400000000005,8.896096,0.0,308.98014873135105
102.5,39.95787663,-106.2200772,2521.0008000000003,43.586400000000005,9.074912,0.0,309.0658345404511
102.6,39.95788178,-106.2200855,2521.0008000000003,43.70832,9.16432,0.0,309.6256226276756
102.7,39.95788725,-106.220094,2521.0008000000003,43.70832,9.298432,0.0,309.6990734834743
102.9,39.95789827,-106.2201112,2521.0008000000003,43.70832,9.521952,0.0,310.3955128430185
103.0,39.95790388,-106.2201197,2521.0008000000003,43.70832,9.566656,0.0,310.8058172116091
103.1,39.95790987,-106.2201285,2521.0008000000003,43.70832,9.790176,0.0,311.2604966370689
103.2,39.95791564,-106.2201373,2521.0008000000003,43.70832,9.924288,-0.22352,311.13701712849496
103.3,39.95792191,-106.2201462,2521.0008000000003,43.70832,10.0584,0.089408,311.7191192273906
103.5,39.95793436,-106.2201637,2521.0008000000003,43.70832,10.237215999999998,0.0,312.8524145717015
103.6,39.95794068,-106.2201724,2521.0008000000003,43.70832,10.192512,0.0,313.4039361420243
103.7,39.95794729,-106.2201812,2521.0008000000003,43.70832,10.326624,0.0,314.2882877939643
103.8,39.95795381,-106.2201899,2521.0008000000003,43.70832,10.416032,0.0,314.64632684075355
103.9,39.95796079,-106.2201985,2521.0008000000003,43.70832,10.550144,0.0,315.52243943695873
104.0,39.95796753,-106.2202071,2521.0008000000003,43.70832,10.594848,0.0,315.86542933728055
104.1,39.95797452,-106.2202158,2521.0008000000003,43.70832,10.639552,0.0,316.2042384288299
104.2,39.95798145,-106.2202245,2521.0008000000003,43.70832,10.72896,0.0,316.53891942438645
104.3,39.95798858,-106.2202331,2521.3056,43.79976,10.72896,-0.089408,316.01697803071914
104.4,39.95799559,-106.2202418,2521.3056,43.79976,10.773664,-0.089408,316.5118543428267
104.6,39.95801002,-106.2202593,2521.3056,43.79976,10.95248,0.0,316.836844430061
104.7,39.95801742,-106.220268,2521.3056,43.79976,10.997184,-0.089408,317.15795045215754
104.8,39.95802467,-106.2202768,2521.3056,43.79976,11.041888,0.0,316.81568468636044
104.9,39.95803203,-106.2202856,2521.3056,43.79976,11.041888,0.0,317.4752218118645
105.0,39.95803939,-106.2202943,2521.3056,43.891200000000005,11.086592,0.0,317.7887076798442
105.1,39.95804694,-106.2203032,2521.3056,43.891200000000005,11.176,0.0,317.44704864232364
105.2,39.9580544,-106.220312,2521.3056,43.79976,11.265408,0.0,317.9108378261678
105.3,39.95806207,-106.2203208,2521.3056,43.891200000000005,11.265408,0.0,317.9108378261678
105.4,39.95806963,-106.2203298,2521.3056,43.79976,11.354816,0.089408,317.87836949973405
105.5,39.95807738,-106.2203389,2521.3056,43.79976,11.444224,0.0,317.87836949973405
105.6,39.95808507,-106.2203479,2521.3056,43.79976,11.533632,0.0,317.8466169158161
105.7,39.95809293,-106.2203568,2521.3056,43.79976,11.533632,0.0,318.144957464698
105.8,39.95810075,-106.220366,2521.3056,43.79976,11.62304,0.0,318.5860537607418
105.9,39.95810876,-106.2203752,2521.3056,43.79976,11.801856,0.0,318.0940580589171
106.0,39.95811662,-106.2203844,2521.3056,43.79976,11.801856,0.0,318.3845179523097
106.1,39.95812468,-106.2203937,2521.3056,43.79976,11.84656,0.0,318.06102979941767
106.2,39.95813266,-106.220403,2521.3056,43.79976,11.935968,0.0,318.06102979941767
106.3,39.95814079,-106.2204124,2521.0008000000003,43.70832,11.980672,0.0,318.0286985783406
106.4,39.95814886,-106.2204218,2521.0008000000003,43.70832,12.07008,0.0,318.0286985783406
106.5,39.95815702,-106.2204313,2521.0008000000003,43.70832,12.114784,0.0,318.3134253997928
106.6,39.95816514,-106.2204408,2521.0008000000003,43.70832,12.159488,0.0,317.9970425802837
106.7,39.95817334,-106.2204505,2521.0008000000003,43.70832,12.204192,0.0,318.1060270956164
106.8,39.95818158,-106.2204602,2521.3056,43.79976,12.338304,-0.089408,318.1060270956164
106.9,39.95818978,-106.2204701,2521.3056,43.79976,12.338304,0.0,318.38372883033105
107.0,39.95819813,-106.2204798,2521.3056,43.79976,12.427712,0.0,317.9207215210004
107.1,39.9582065,-106.2204896,2521.3056,43.79976,12.472416,0.0,318.1959380135959
107.2,39.95821486,-106.2204994,2521.3056,43.79976,12.51712,0.0,318.1959380135959
107.3,39.95822324,-106.2205094,2521.3056,43.79976,12.561824,0.0,318.16388361888073
107.4,39.95823175,-106.2205193,2521.3056,43.79976,12.651232,0.0,318.16388361888073
107.5,39.95824022,-106.2205294,2521.3056,43.79976,12.695936,0.0,318.16388361888073
107.6,39.9582488,-106.2205394,2521.3056,43.79976,12.74064,0.0,318.2664390376336
107.7,39.95825728,-106.2205496,2521.3056,43.79976,12.830048,0.0,318.2664390376336
107.8,39.95826578,-106.2205598,2521.3056,43.79976,12.830048,0.0,318.53229458389086
107.9,39.95827461,-106.22057,2521.3056,43.79976,12.96416,0.0,318.23440493756704
108.0,39.95828334,-106.2205801,2521.3056,43.79976,13.053568,0.0,318.4978351067725
108.1,39.95829187,-106.2205905,2521.3056,43.79976,12.96416,0.0,318.4978351067725
108.2,39.95830066,-106.2206007,2521.3056,43.79976,13.008864,0.0,318.0565804481494
108.3,39.95830949,-106.220611,2521.3056,43.79976,13.142976,0.0,318.0565804481494
108.4,39.95831824,-106.2206213,2521.3056,43.79976,13.142976,0.089408,318.3177811683348
108.5,39.95832701,-106.2206317,2521.3056,43.79976,13.142976,0.0,318.02724518228
108.6,39.95833593,-106.2206421,2521.3056,43.79976,13.232384,0.089408,318.41455447936977
108.7,39.95834484,-106.2206526,2521.3056,43.79976,13.321792,0.089408,318.12706464910946
108.8,39.95835368,-106.2206632,2521.3056,43.79976,13.321792,0.0,318.12706464910946
108.9,39.95836255,-106.2206738,2521.3056,43.79976,13.366496,0.0,318.12706464910946
109.0,39.95837156,-106.2206843,2521.3056,43.79976,13.4112,0.0,318.382340867988
109.1,39.9583805,-106.220695,2521.3056,43.79976,13.455904,0.0,318.382340867988
109.2,39.95838956,-106.2207056,2521.3056,43.79976,13.500608,0.0,318.0976910422052
109.3,39.95839865,-106.2207163,2521.3056,43.79976,13.545312,0.0,318.35072870898904
109.4,39.95840767,-106.2207269,2521.3056,43.79976,13.590016,0.0,318.35072870898904
109.5,39.95841683,-106.2207377,2521.3056,43.79976,13.63472,0.0,318.35072870898904
109.6,39.95842601,-106.2207484,2521.3056,43.79976,13.679424,0.0,318.1798301198642
109.7,39.95843502,-106.2207593,2521.3056,43.79976,13.679424,0.0,318.1798301198642
109.8,39.95844425,-106.22077,2521.3056,43.79976,13.679424,0.089408,318.1798301198642
109.9,39.95845344,-106.2207809,2521.0008000000003,43.70832,13.768832,0.089408,318.42836855885497
110.0,39.95846259,-106.2207917,2521.0008000000003,43.70832,13.768832,0.089408,318.42836855885497
110.1,39.95847198,-106.2208027,2521.0008000000003,43.70832,13.85824,0.0,318.51945303549536
110.2,39.9584814,-106.2208135,2521.0008000000003,43.70832,13.992352,0.0,318.51945303549536
110.3,39.95849059,-106.2208245,2521.0008000000003,43.70832,13.902944,0.0,318.51945303549536
110.4,39.95850007,-106.2208354,2521.0008000000003,43.70832,13.947648,0.0,318.7623327235701
110.5,39.95850959,-106.2208464,2521.0008000000003,43.70832,14.08176,0.0,318.48775347935447
110.6,39.95851896,-106.2208574,2521.0008000000003,43.70832,14.08176,0.0,318.728609832771
110.7,39.95852847,-106.2208684,2521.0008000000003,43.70832,14.08176,0.0,318.728609832771
110.8,39.95853807,-106.2208794,2521.0008000000003,43.70832,14.171168,0.0,318.728609832771
110.9,39.95854756,-106.2208905,2521.0008000000003,43.70832,14.171168,0.0,318.96718076903704
111.0,39.95855723,-106.2209015,2521.0008000000003,43.70832,14.215872,0.0,318.96718076903704
111.1,39.95856694,-106.2209125,2521.0008000000003,43.70832,14.260576,0.0,319.5942533312664
111.2,39.95857658,-106.2209234,2521.0008000000003,43.70832,14.260576,0.0,319.5942533312664
111.3,39.95858641,-106.2209343,2521.0008000000003,43.70832,14.260576,0.0,319.5942533312664
111.4,39.95859625,-106.220945,2521.3056,43.79976,14.30528,-0.089408,320.1021652523582
111.5,39.95860599,-106.2209558,2521.3056,43.79976,14.260576,0.0,320.5193103643653
111.6,39.95861591,-106.2209664,2521.3056,43.79976,14.215872,-0.089408,320.7486634172878
111.7,39.9586259,-106.220977,2521.3056,43.79976,14.30528,0.0,321.2557677703979
111.8,39.95863594,-106.2209875,2521.3056,43.79976,14.30528,0.0,321.5379574578473
111.9,39.95864587,-106.2209978,2521.3056,43.79976,14.215872,0.0,321.87302993834146
112.0,39.958656,-106.2210082,2521.3056,43.79976,14.215872,0.0,322.1566365330609
112.1,39.95866615,-106.2210184,2521.3056,43.79976,14.260576,0.0,322.37672600694526
112.2,39.95867619,-106.2210287,2521.3056,43.79976,14.260576,0.0,322.80538163967555
112.3,39.95868656,-106.2210387,2521.3056,43.79976,14.260576,0.0,323.0224036473275
112.4,39.95869685,-106.2210489,2521.3056,43.79976,14.349984,0.0,323.0224036473275
112.5,39.95870704,-106.2210589,2521.3056,43.79976,14.260576,0.0,323.3102771675242
112.6,39.95871742,-106.2210689,2521.3056,43.79976,14.260576,0.0,323.5244976109016
112.7,39.95872783,-106.2210788,2521.3056,43.79976,14.349984,0.089408,323.5244976109016
112.8,39.9587382,-106.2210888,2521.3056,43.79976,14.30528,0.0,324.13017648227867
112.9,39.95874877,-106.2210985,2521.0008000000003,43.70832,14.349984,0.0,324.338394976236
113.0,39.95875935,-106.2211083,2521.3056,43.79976,14.394688,0.0,324.6281561284867
113.1,39.95876981,-106.221118,2521.3056,43.79976,14.349984,-0.089408,324.6281561284867
113.3,39.95879116,-106.2211377,2521.3056,43.79976,14.439391999999998,0.0,324.8335639642071
113.4,39.95880169,-106.2211476,2521.3056,43.79976,14.484096,0.0,324.8335639642071
113.5,39.9588125,-106.2211572,2521.3056,43.79976,14.484096,0.0,324.8335639642071
113.6,39.95882322,-106.221167,2521.3056,43.79976,14.5288,-0.089408,325.4731979319139
113.7,39.95883386,-106.2211767,2521.3056,43.79976,14.484096,-0.089408,325.4731979319139
113.8,39.95884461,-106.2211864,2521.3056,43.79976,14.484096,0.0,325.4731979319139
114.0,39.95886586,-106.2212059,2521.3056,43.79976,14.484096,0.0,325.7666267116986
114.1,39.95887668,-106.2212153,2521.3056,43.79976,14.439391999999998,0.0,326.0621149038511
114.2,39.95888748,-106.2212247,2521.3056,43.891200000000005,14.439391999999998,0.0,326.5573220398932
114.4,39.95890899,-106.2212433,2521.3056,43.891200000000005,14.349984,0.0,327.308015817428
114.5,39.95891988,-106.2212523,2521.3056,43.891200000000005,14.349984,0.0,327.6118851465991
114.6,39.95893068,-106.2212614,2521.3056,43.891200000000005,14.30528,0.0,328.20414164736883
114.7,39.95894143,-106.2212702,2521.3056,43.891200000000005,14.171168,0.0,328.20414164736883
114.8,39.95895235,-106.2212789,2521.3056,43.891200000000005,14.171168,0.0,328.5106088614689
114.9,39.95896329,-106.2212874,2521.3056,43.891200000000005,14.171168,0.0,328.97410056440543
115.0,39.95897409,-106.2212962,2521.3056,43.891200000000005,14.126464,0.089408,328.97410056440543
115.1,39.9589851,-106.2213046,2521.3056,43.891200000000005,14.171168,0.0,329.47029410006587
115.2,39.95899611,-106.2213131,2521.3056,43.891200000000005,14.215872,0.0,329.47029410006587
115.3,39.95900683,-106.2213214,2521.3056,43.891200000000005,14.037056,0.0,329.78272604261565
115.4,39.95901786,-106.2213298,2521.3056,43.891200000000005,14.037056,0.0,329.78272604261565
115.5,39.95902895,-106.2213379,2521.3056,43.891200000000005,14.126464,0.089408,330.0971551581908
115.6,39.95903987,-106.2213461,2521.3056,43.891200000000005,14.08176,0.0,330.0971551581908
115.7,39.95905085,-106.2213542,2521.3056,43.891200000000005,14.037056,0.0,330.57254359681025
115.8,39.9590619,-106.2213624,2521.3056,43.891200000000005,14.08176,0.0,330.57254359681025
115.9,39.95907286,-106.2213704,2521.3056,43.891200000000005,14.037056,0.0,330.57254359681025
116.0,39.95908392,-106.2213785,2521.3056,43.891200000000005,14.037056,0.089408,330.8919649749942
116.1,39.95909494,-106.2213864,2521.3056,43.891200000000005,14.037056,0.0,330.8919649749942
116.2,39.9591059,-106.2213944,2521.3056,43.891200000000005,13.947648,0.089408,331.06937421023747
116.3,39.95911695,-106.2214023,2521.3056,43.891200000000005,13.992352,0.089408,331.3895403340348
116.4,39.95912807,-106.2214102,2521.3056,43.79976,14.037056,0.22352,331.3895403340348
116.5,39.95913917,-106.2214179,2521.3056,43.79976,14.037056,0.22352,331.8845868466584
116.6,39.95915036,-106.2214257,2521.3056,43.79976,14.037056,0.089408,331.8845868466584
116.7,39.95916135,-106.2214334,2521.3056,43.79976,13.992352,0.089408,331.8845868466584
116.8,39.95917244,-106.2214412,2521.0008000000003,43.70832,13.947648,0.0,332.36948491098406
116.9,39.95918372,-106.2214488,2521.0008000000003,43.70832,14.037056,0.0,332.36948491098406
117.0,39.95919498,-106.2214564,2521.0008000000003,43.70832,14.126464,0.0,332.6222972286683
117.1,39.95920614,-106.2214641,2521.0008000000003,43.70832,14.08176,0.089408,332.9459497757343
117.2,39.95921747,-106.2214716,2521.0008000000003,43.70832,14.08176,0.0,333.1107894555375
117.3,39.95922873,-106.2214791,2521.0008000000003,43.70832,14.126464,0.0,333.1107894555375
117.4,39.95923998,-106.2214867,2521.0008000000003,43.70832,14.08176,0.0,333.434948822922
117.5,39.95925127,-106.2214943,2521.0008000000003,43.586400000000005,14.08176,0.0,333.434948822922
117.6,39.95926263,-106.2215018,2521.0008000000003,43.70832,14.171168,0.0,333.434948822922
117.7,39.95927364,-106.2215093,2521.0008000000003,43.586400000000005,13.992352,0.0,333.434948822922
117.8,39.95928502,-106.2215168,2521.0008000000003,43.70832,13.992352,-0.089408,333.434948822922
117.9,39.95929652,-106.2215242,2521.0008000000003,43.70832,14.215872,-0.089408,333.7609525851341
118.0,39.95930795,-106.2215315,2521.0008000000003,43.70832,14.215872,-0.089408,333.9211813891885
118.1,39.95931933,-106.2215388,2521.0008000000003,43.70832,14.126464,-0.089408,333.9211813891885
118.2,39.95933082,-106.2215461,2521.0008000000003,43.70832,14.126464,-0.089408,334.24760041717576
118.3,39.95934217,-106.2215532,2521.0008000000003,43.70832,14.08176,-0.089408,334.24760041717576
118.4,39.95935359,-106.2215604,2521.3056,43.79976,14.037056,-0.089408,334.4046014501869
118.5,39.9593651,-106.2215675,2521.3056,43.79976,14.126464,0.0,334.89543133476565
118.6,39.95937663,-106.2215746,2521.3056,43.79976,14.171168,0.0,334.89543133476565
118.7,39.95938796,-106.2215818,2521.3056,43.79976,14.08176,0.0,334.89543133476565
118.8,39.95939952,-106.2215889,2521.3056,43.79976,14.08176,0.0,334.89543133476565
118.9,39.95941099,-106.2215959,2521.3056,43.79976,14.126464,0.0,335.22485943116806
119.0,39.95942253,-106.2216029,2521.3056,43.79976,14.126464,0.0,335.4515726975451
119.1,39.95943394,-106.2216099,2521.3056,43.79976,14.08176,0.0,335.22485943116806
119.2,39.95944556,-106.2216168,2521.3056,43.79976,14.126464,0.0,335.4515726975451
119.3,39.95945701,-106.2216238,2521.3056,43.79976,14.126464,0.089408,335.7804986790412
119.4,39.9594687,-106.2216307,2521.3056,43.79976,14.171168,0.0,335.7804986790412
119.5,39.95948036,-106.2216374,2521.3056,43.79976,14.215872,0.0,336.1111322884867
119.6,39.95949192,-106.2216441,2521.3056,43.79976,14.126464,0.0,336.7539005590037
119.7,39.95950366,-106.2216506,2521.0008000000003,43.70832,14.126464,0.0,337.08717160322834
119.8,39.95951539,-106.2216572,2521.3056,43.79976,14.171168,0.0,337.08717160322834
119.9,39.9595269,-106.2216637,2521.3056,43.79976,14.08176,0.0,337.4220894839387
120.0,39.95953865,-106.22167,2521.3056,43.79976,14.037056,0.0,337.75864338134926
120.1,39.95955027,-106.2216763,2521.3056,43.79976,14.08176,0.0,338.26651671716934
120.2,39.95956191,-106.2216825,2521.3056,43.79976,13.992352,0.0,338.60710964801854
120.3,39.95957369,-106.2216883,2521.3056,43.79976,14.037056,0.0,338.60710964801854
120.4,39.95958547,-106.2216943,2521.3056,43.79976,14.037056,0.0,338.94929630165615
120.5,39.95959699,-106.2217,2521.3056,43.79976,13.85824,0.0,339.2930633096229
120.6,39.95960876,-106.2217058,2521.3056,43.79976,13.85824,0.0,339.2930633096229
120.7,39.95962059,-106.2217114,2521.3056,43.79976,13.992352,0.0,339.8116463170065
120.8,39.95963227,-106.2217171,2521.3056,43.79976,13.902944,0.0,339.8116463170065
120.9,39.95964395,-106.2217226,2521.0008000000003,43.70832,13.85824,0.0,339.8116463170065
121.0,39.95965575,-106.2217282,2521.0008000000003,43.70832,13.902944,0.089408,340.28426135667416
121.1,39.95966748,-106.2217336,2521.0008000000003,43.70832,13.902944,0.0,340.28426135667416
121.2,39.95967923,-106.2217391,2521.0008000000003,43.70832,13.85824,-0.089408,340.28426135667416
121.3,39.95969099,-106.2217446,2521.0008000000003,43.70832,13.902944,-0.089408,340.63159765041394
121.4,39.95970284,-106.2217501,2521.0008000000003,43.70832,13.947648,0.0,340.63159765041394
121.5,39.95971455,-106.2217555,2521.0008000000003,43.70832,13.902944,0.0,340.63159765041394
121.6,39.95972643,-106.221761,2521.0008000000003,43.70832,13.902944,0.0,340.7532219945414
121.7,39.95973822,-106.2217663,2521.0008000000003,43.70832,13.947648,-0.089408,340.7532219945414
121.8,39.95975002,-106.2217717,2521.0008000000003,43.70832,13.902944,0.0,340.7532219945414
121.9,39.95976192,-106.2217772,2521.0008000000003,43.70832,13.947648,-0.089408,340.7532219945414
122.0,39.95977389,-106.2217827,2521.0008000000003,43.70832,14.08176,0.0,340.5901420191984
122.1,39.95978579,-106.2217881,2521.0008000000003,43.70832,14.037056,-0.089408,340.9329268008758
122.2,39.95979782,-106.2217936,2521.0008000000003,43.70832,14.08176,-0.089408,340.9329268008758
122.3,39.95980978,-106.2217991,2521.0008000000003,43.70832,14.126464,-0.089408,341.05094531808027
122.4,39.95982174,-106.2218044,2521.0008000000003,43.70832,14.08176,-0.089408,341.05094531808027
122.5,39.95983395,-106.2218099,2521.3056,43.79976,14.215872,-0.089408,341.393336068277
122.6,39.95984609,-106.2218152,2521.3056,43.79976,14.30528,-0.22352,342.02158159117704
122.7,39.9598581,-106.2218204,2521.3056,43.79976,14.126464,-0.312928,341.9095106313078
122.8,39.95987022,-106.2218256,2521.3056,43.891200000000005,14.126464,-0.22352,341.9095106313078
122.9,39.95988237,-106.2218309,2521.3056,43.891200000000005,14.215872,-0.22352,341.7960812939735
123.0,39.95989432,-106.2218362,2521.3056,44.01312,14.126464,-0.22352,341.7960812939735
123.1,39.95990634,-106.2218412,2521.3056,44.01312,14.037056,0.0,341.6233378095787
123.2,39.95991825,-106.2218463,2521.3056,44.01312,13.992352,0.22352,341.9738826243485
123.3,39.95993006,-106.2218513,2521.3056,44.01312,13.85824,0.089408,341.8588731117287
123.4,39.95994193,-106.2218564,2521.3056,44.01312,13.85824,0.22352,342.2127662090592
123.5,39.95995381,-106.2218612,2521.3056,44.01312,13.85824,0.0,342.568067397653
123.6,39.95996566,-106.221866,2521.3056,43.891200000000005,13.813536,0.089408,342.9247576105196
123.7,39.95997752,-106.2218708,2521.3056,43.891200000000005,13.768832,0.0,343.46235421423205
123.8,39.95998939,-106.2218754,2521.3056,43.891200000000005,13.768832,0.0,343.46235421423205
124.0,39.96001298,-106.2218843,2521.3056,43.891200000000005,13.679424,0.0,344.18382304894345
124.2,39.96003656,-106.2218929,2521.3056,43.891200000000005,13.63472,0.0,344.54651239706016
124.3,39.96004827,-106.221897,2521.3056,43.891200000000005,13.590016,0.0,344.99507961713977
124.4,39.96006001,-106.2219012,2521.3056,43.891200000000005,13.500608,0.0,344.99507961713977
124.5,39.96007167,-106.2219053,2521.3056,43.891200000000005,13.500608,0.0,344.895968557528
124.6,39.96008322,-106.2219094,2521.3056,43.891200000000005,13.366496,0.0,345.26619628104913
124.8,39.96010637,-106.2219171,2521.3056,43.79976,13.277088,0.089408,346.01041432266646
124.9,39.96011801,-106.2219207,2521.3056,43.79976,13.277088,0.089408,346.01041432266646
125.0,39.96012967,-106.2219244,2521.3056,43.79976,13.321792,0.0,346.57177055177726
125.1,39.96014119,-106.2219279,2521.3056,43.79976,13.277088,0.0,346.57177055177726
125.2,39.96015274,-106.2219315,2521.0008000000003,43.70832,13.18768,0.0,346.4360935605221
125.3,39.96016428,-106.2219351,2521.0008000000003,43.70832,13.18768,0.0,346.81532390681105
125.4,39.96017584,-106.2219387,2521.0008000000003,43.70832,13.18768,0.0,346.81532390681105
125.5,39.96018725,-106.2219422,2521.0008000000003,43.70832,13.098272,0.0,346.7257502342079
125.6,39.96019876,-106.2219457,2521.0008000000003,43.70832,13.098272,0.0,346.7257502342079
125.7,39.9602102,-106.2219491,2521.0008000000003,43.70832,13.098272,0.0,347.108565616886
125.8,39.96022162,-106.2219526,2521.0008000000003,43.70832,13.053568,0.0,347.108565616886
125.9,39.96023307,-106.2219559,2521.0008000000003,43.586400000000005,13.053568,0.0,347.49255536946816
126.0,39.96024457,-106.2219593,2521.0008000000003,43.586400000000005,13.098272,0.0,347.49255536946816
126.1,39.96025591,-106.2219626,2521.0008000000003,43.586400000000005,13.008864,0.0,348.0706778227617
126.2,39.96026736,-106.2219658,2521.0008000000003,43.586400000000005,12.96416,0.0,348.0706778227617
126.3,39.96027874,-106.2219689,2521.0008000000003,43.586400000000005,12.96416,0.0,348.37783203643045
126.4,39.96029004,-106.2219721,2521.0008000000003,43.586400000000005,12.874752,-0.089408,348.37783203643045
126.5,39.9603013,-106.2219752,2521.0008000000003,43.586400000000005,12.830048,0.0,348.2970985197786
126.6,39.96031263,-106.2219783,2521.0008000000003,43.586400000000005,12.830048,0.0,348.2970985197786
126.7,39.96032384,-106.2219814,2521.0008000000003,43.586400000000005,12.830048,0.089408,348.69006752597977
126.8,39.9603351,-106.2219844,2521.0008000000003,43.586400000000005,12.74064,0.0,348.57078432667004
126.9,39.96034621,-106.2219873,2521.0008000000003,43.586400000000005,12.695936,0.089408,348.57078432667004
127.0,39.96035733,-106.2219903,2521.0008000000003,43.49496,12.606528,0.0,348.57078432667004
127.1,39.96036841,-106.2219933,2521.0008000000003,43.49496,12.606528,0.0,348.8905417936402
127.2,39.96037957,-106.2219962,2521.0008000000003,43.49496,12.651232,0.0,348.8905417936402
127.3,39.96039072,-106.2219989,2521.0008000000003,43.49496,12.651232,0.0,349.5677893534074
127.4,39.96040179,-106.2220017,2521.0008000000003,43.49496,12.561824,0.0,349.5677893534074
127.5,39.96041295,-106.2220043,2521.0008000000003,43.49496,12.561824,0.0,349.9684222676388
127.6,39.96042412,-106.2220069,2521.0008000000003,43.49496,12.606528,0.0,349.9684222676388
127.7,39.96043515,-106.2220094,2521.0008000000003,43.49496,12.561824,0.0,350.37004872223565
127.8,39.96044635,-106.2220119,2521.0008000000003,43.49496,12.561824,0.0,350.37004872223565
127.9,39.96045753,-106.2220143,2521.0008000000003,43.49496,12.606528,-0.089408,350.37004872223565
128.0,39.96046861,-106.2220168,2520.696,43.40352000000001,12.561824,-0.089408,350.86982351772133
128.1,39.96047994,-106.2220191,2520.696,43.40352000000001,12.651232,-0.089408,350.86982351772133
128.2,39.96049125,-106.2220214,2520.696,43.40352000000001,12.74064,-0.089408,351.2692150262632
128.3,39.96050231,-106.2220237,2520.696,43.40352000000001,12.606528,-0.089408,351.2692150262632
128.4,39.96051365,-106.2220259,2520.696,43.40352000000001,12.606528,-0.089408,351.9267951241748
128.5,39.96052508,-106.2220279,2520.696,43.40352000000001,12.785344,-0.089408,351.9267951241748
128.6,39.96053633,-106.22203,2520.696,43.40352000000001,12.74064,0.0,351.9267951241748
128.7,39.96054774,-106.2220323,2520.696,43.40352000000001,12.74064,-0.089408,351.9267951241748
128.8,39.96055914,-106.2220345,2520.696,43.40352000000001,12.830048,-0.089408,351.9267951241748
128.9,39.96057066,-106.2220366,2520.696,43.40352000000001,12.874752,0.0,351.9829069263447
129.0,39.96058215,-106.2220387,2520.696,43.40352000000001,12.919455999999998,0.0,352.37892869070294
129.1,39.96059362,-106.2220407,2520.696,43.40352000000001,12.874752,-0.089408,352.4316029784106
129.2,39.96060514,-106.2220427,2520.696,43.40352000000001,12.874752,-0.22352,352.8256757635177
129.3,39.96061677,-106.2220445,2520.696,43.40352000000001,12.96416,-0.22352,352.8256757635177
129.4,39.96062832,-106.2220465,2520.696,43.40352000000001,13.008864,-0.089408,352.8256757635177
129.5,39.96063992,-106.2220485,2520.696,43.40352000000001,12.96416,-0.089408,352.8256757635177
129.6,39.96065148,-106.2220505,2520.696,43.40352000000001,12.96416,0.0,352.8256757635177
129.7,39.960663,-106.2220523,2520.696,43.40352000000001,12.919455999999998,-0.089408,353.22043205485005
129.8,39.96067452,-106.2220542,2520.696,43.40352000000001,12.919455999999998,-0.089408,353.22043205485005
129.9,39.9606861,-106.222056,2520.696,43.40352000000001,12.919455999999998,-0.089408,353.8137696710791
130.0,39.96069773,-106.2220576,2520.696,43.40352000000001,13.008864,-0.22352,353.87749633851263
130.1,39.96070928,-106.2220592,2520.696,43.40352000000001,12.96416,-0.089408,354.26977829885817
130.2,39.9607209,-106.2220608,2520.696,43.40352000000001,12.96416,0.0,354.26977829885817
130.3,39.96073259,-106.2220624,2520.696,43.40352000000001,13.053568,-0.089408,354.26977829885817
130.4,39.96074426,-106.2220639,2521.0008000000003,43.49496,13.053568,-0.089408,354.26977829885817
130.5,39.96075576,-106.2220655,2520.696,43.40352000000001,12.96416,0.0,354.26977829885817
130.6,39.96076746,-106.222067,2520.696,43.40352000000001,12.96416,0.0,354.30890185307607
130.7,39.96077918,-106.2220685,2520.696,43.40352000000001,13.098272,-0.089408,354.6990734834743
130.8,39.96079086,-106.22207,2520.696,43.40352000000001,13.053568,-0.22352,354.6990734834743
130.9,39.96080264,-106.2220713,2520.696,43.40352000000001,13.098272,-0.22352,355.0897387784174
131.0,39.96081444,-106.2220727,2520.696,43.40352000000001,13.142976,-0.22352,355.12309371335624
131.1,39.96082605,-106.2220741,2520.696,43.40352000000001,13.053568,-0.089408,355.6765847192943
131.2,39.96083783,-106.2220753,2521.0008000000003,43.49496,13.053568,-0.22352,355.6765847192943
131.3,39.96084958,-106.2220764,2521.0008000000003,43.49496,13.098272,-0.22352,356.0950825563056
131.4,39.96086124,-106.2220776,2521.0008000000003,43.49496,13.053568,-0.089408,356.0950825563056
131.5,39.96087297,-106.2220787,2521.0008000000003,43.49496,13.053568,0.0,356.4845408459479
131.6,39.96088482,-106.2220797,2521.0008000000003,43.49496,13.142976,0.0,356.4845408459479
131.7,39.96089657,-106.2220804,2521.0008000000003,43.49496,13.142976,0.0,356.8743246650612
131.8,39.96090844,-106.2220813,2521.0008000000003,43.49496,13.142976,-0.089408,356.8743246650612
131.9,39.96092022,-106.2220822,2521.0008000000003,43.49496,13.18768,0.0,356.89547409073566
132.0,39.96093201,-106.2220831,2521.0008000000003,43.49496,13.098272,0.0,356.89547409073566
132.1,39.96094383,-106.222084,2520.696,43.40352000000001,13.142976,0.0,356.89547409073566
132.2,39.96095581,-106.2220849,2520.696,43.40352000000001,13.232384,0.0,356.9266674889266
132.3,39.96096764,-106.2220857,2520.696,43.40352000000001,13.277088,0.0,356.9266674889266
132.4,39.96097968,-106.2220866,2520.696,43.40352000000001,13.277088,0.0,356.9266674889266
132.5,39.96099175,-106.2220874,2520.696,43.40352000000001,13.4112,-0.089408,357.5021034375308
132.6,39.9610037,-106.2220881,2520.696,43.40352000000001,13.366496,0.0,357.51873519880417
132.7,39.96101565,-106.222089,2520.696,43.40352000000001,13.277088,-0.089408,357.51873519880417
132.8,39.96102775,-106.2220897,2520.696,43.40352000000001,13.4112,-0.089408,357.9000954823548
132.9,39.96103974,-106.2220906,2521.0008000000003,43.49496,13.4112,-0.089408,357.9000954823548
133.0,39.96105187,-106.2220912,2521.0008000000003,43.49496,13.4112,0.0,357.9000954823548
133.1,39.96106393,-106.2220919,2521.0008000000003,43.49496,13.455904,0.0,357.9000954823548
133.2,39.96107597,-106.2220926,2521.0008000000003,43.49496,13.4112,-0.089408,358.2816419983445
133.3,39.96108809,-106.2220931,2521.0008000000003,43.49496,13.455904,0.0,358.2816419983445
133.4,39.96110023,-106.2220936,2521.0008000000003,43.49496,13.500608,0.0,358.2816419983445
133.5,39.96111228,-106.2220941,2521.0008000000003,43.49496,13.455904,0.0,358.6633410216709
133.6,39.96112436,-106.2220946,2521.0008000000003,43.49496,13.4112,0.0,358.67218988825306
133.7,39.96113647,-106.222095,2521.0008000000003,43.49496,13.455904,-0.089408,359.05148103901394
133.8,39.96114864,-106.2220952,2521.0008000000003,43.49496,13.500608,0.0,359.62056329858103
133.9,39.9611607,-106.2220955,2520.696,43.40352000000001,13.455904,0.0,359.62056329858103
134.0,39.96117286,-106.2220955,2521.0008000000003,43.49496,13.455904,-0.089408,0.0
134.1,39.96118496,-106.2220955,2521.0008000000003,43.49496,13.500608,-0.22352,0.0
134.2,39.96119701,-106.2220955,2521.0008000000003,43.49496,13.4112,0.0,0.0
134.3,39.96120911,-106.2220952,2521.0008000000003,43.49496,13.4112,-0.089408,0.3794367014189674
134.4,39.9612213,-106.2220949,2521.0008000000003,43.49496,13.500608,-0.089408,0.948518960986064
134.6,39.96124557,-106.2220942,2520.696,43.40352000000001,13.500608,0.089408,1.327810111746942
134.7,39.96125782,-106.2220936,2520.696,43.40352000000001,13.545312,-0.089408,1.327810111746942
134.9,39.96128198,-106.2220925,2521.0008000000003,43.49496,13.500608,-0.22352,1.7183580016554745
135.1,39.9613061,-106.222091,2521.0008000000003,43.586400000000005,13.4112,-0.089408,2.113985092302641
135.2,39.96131816,-106.2220904,2521.0008000000003,43.586400000000005,13.4112,0.0,2.4812648011958345
135.3,39.96133015,-106.2220895,2521.0008000000003,43.586400000000005,13.366496,0.089408,2.4812648011958345
135.4,39.96134223,-106.2220885,2521.0008000000003,43.586400000000005,13.4112,0.22352,3.032702616176948
135.5,39.96135438,-106.2220876,2521.0008000000003,43.49496,13.500608,0.0,3.032702616176948
135.6,39.96136661,-106.2220867,2521.0008000000003,43.49496,13.590016,0.0,3.0127875041833363
135.7,39.96137867,-106.2220856,2521.0008000000003,43.49496,13.545312,-0.089408,3.032702616176948
135.8,39.96139093,-106.2220847,2521.0008000000003,43.49496,13.545312,-0.089408,3.0127875041833363
135.9,39.96140316,-106.2220838,2521.0008000000003,43.49496,13.63472,-0.312928,3.032702616176948
136.1,39.96142761,-106.222082,2521.0008000000003,43.70832,13.63472,-0.402336,3.0127875041833363
136.2,39.96143992,-106.2220811,2521.3056,43.79976,13.63472,-0.312928,3.0127875041833363
136.3,39.96145226,-106.2220801,2521.3056,43.79976,13.724128,-0.22352,2.9834000322281327
136.4,39.96146462,-106.2220792,2521.3056,43.79976,13.768832,0.089408,2.9834000322281327
136.5,39.96147695,-106.2220784,2521.0008000000003,43.70832,13.724128,0.089408,3.3338506615365877
136.6,39.96148942,-106.2220774,2521.0008000000003,43.70832,13.813536,0.089408,3.3338506615365877
136.7,39.96150186,-106.2220763,2521.3056,43.79976,13.85824,-0.089408,3.703299029114192
136.8,39.96151435,-106.2220751,2521.3056,43.79976,13.902944,0.0,4.072439278019317
136.9,39.96152666,-106.222074,2521.0008000000003,43.70832,13.813536,0.089408,4.098879691662319
137.0,39.96153899,-106.2220728,2521.0008000000003,43.70832,13.724128,0.089408,4.625505870605082
137.1,39.96155149,-106.2220715,2521.0008000000003,43.70832,13.85824,0.22352,4.625505870605082
137.2,39.96156397,-106.22207,2521.0008000000003,43.70832,13.947648,0.089408,4.993743985823414
137.3,39.9615763,-106.2220688,2521.0008000000003,43.586400000000005,13.85824,0.089408,5.361568980631773
137.4,39.96158882,-106.2220672,2521.0008000000003,43.586400000000005,13.85824,0.0,5.327288448186664
137.5,39.96160129,-106.2220656,2521.0008000000003,43.586400000000005,13.947648,0.089408,5.7289512847448805
137.6,39.96161369,-106.2220641,2521.0008000000003,43.586400000000005,13.902944,0.0,5.7289512847448805
137.7,39.96162603,-106.2220624,2521.0008000000003,43.586400000000005,13.813536,0.0,5.7289512847448805
137.8,39.96163845,-106.2220606,2521.0008000000003,43.49496,13.85824,0.0,6.319707020464136
137.9,39.96165071,-106.2220589,2521.0008000000003,43.586400000000005,13.768832,-0.089408,6.319707020464136
138.0,39.9616631,-106.2220571,2521.0008000000003,43.49496,13.768832,0.089408,6.319707020464136
138.1,39.96167538,-106.2220552,2521.0008000000003,43.49496,13.813536,0.0,6.319707020464136
138.2,39.96168771,-106.2220534,2521.0008000000003,43.49496,13.768832,0.0,6.68817898247471
138.3,39.96170004,-106.2220514,2521.0008000000003,43.49496,13.813536,0.0,6.68817898247471
138.4,39.96171239,-106.2220494,2521.0008000000003,43.49496,13.813536,0.0,7.056096037901
138.5,39.96172468,-106.2220474,2521.0008000000003,43.49496,13.813536,0.0,7.056096037901
138.6,39.96173703,-106.2220453,2521.0008000000003,43.49496,13.813536,0.0,7.423429168896689
138.7,39.96174927,-106.2220431,2521.0008000000003,43.49496,13.813536,0.0,7.495857639729877
138.8,39.96176154,-106.2220409,2521.0008000000003,43.49496,13.768832,0.0,8.050928135301888
138.9,39.96177381,-106.2220386,2521.0008000000003,43.49496,13.768832,0.0,8.050928135301888
139.0,39.96178611,-106.2220363,2521.0008000000003,43.586400000000005,13.813536,0.0,8.050928135301888
139.1,39.96179818,-106.222034,2521.0008000000003,43.49496,13.679424,0.0,8.050928135301888
139.2,39.96181044,-106.2220316,2521.0008000000003,43.49496,13.679424,0.0,8.420138337260141
139.3,39.96182269,-106.2220293,2521.0008000000003,43.586400000000005,13.768832,-0.089408,8.475093614986179
139.4,39.96183485,-106.2220268,2521.0008000000003,43.586400000000005,13.724128,0.0,8.845930932015392
139.5,39.96184689,-106.2220244,2521.0008000000003,43.586400000000005,13.590016,-0.089408,8.845930932015392
139.6,39.96185904,-106.2220219,2521.0008000000003,43.586400000000005,13.590016,0.0,8.903961957374918
139.7,39.96187111,-106.2220194,2521.0008000000003,43.586400000000005,13.63472,0.0,8.903961957374918
139.8,39.96188311,-106.2220169,2521.0008000000003,43.586400000000005,13.545312,0.0,9.276398211034746
139.9,39.96189515,-106.2220143,2521.0008000000003,43.586400000000005,13.545312,-0.089408,9.276398211034746
140.0,39.96190726,-106.2220115,2521.0008000000003,43.49496,13.590016,0.0,9.648045316098148
140.1,39.96191926,-106.2220088,2521.0008000000003,43.49496,13.590016,0.0,10.2039737217317
140.2,39.96193134,-106.2220058,2521.0008000000003,43.49496,13.590016,0.22352,10.57352341856091
140.3,39.96194323,-106.2220028,2521.0008000000003,43.49496,13.590016,0.0,11.01383289035141
140.4,39.96195517,-106.2219997,2520.696,43.40352000000001,13.500608,0.0,11.937098829162665
140.5,39.96196711,-106.2219963,2520.696,43.40352000000001,13.545312,0.0,12.425942865427489
140.6,39.96197905,-106.2219928,2520.696,43.40352000000001,13.590016,-0.089408,13.16471756731545
140.7,39.96199076,-106.2219891,2520.696,43.40352000000001,13.500608,-0.715264,13.897176315015372
140.8,39.96200247,-106.2219852,2521.0008000000003,43.49496,13.4112,-0.89408,14.733803718950869
140.9,39.96201396,-106.2219808,2521.0008000000003,43.586400000000005,13.366496,-1.385824,15.255118703057748
141.0,39.96202536,-106.2219766,2521.0008000000003,43.70832,13.232384,-1.6987519999999998,16.400539715645323
141.1,39.9620366,-106.2219719,2521.3056,43.891200000000005,13.142976,-1.922272,17.059113819258357
141.2,39.96204775,-106.2219672,2521.6104,44.10456,13.098272,-2.279904,18.245854527578278
141.3,39.9620586,-106.221962,2521.6104,44.28744,12.919455999999998,-2.592832,19.129791906622927
141.4,39.96206938,-106.2219569,2521.9152,44.59224,12.74064,-2.816352,20.36553626408903
141.7,39.96210025,-106.2219396,2522.8296,45.50664,12.51712,-3.218688,23.66529233910376
141.8,39.96211026,-106.2219336,2523.1344,45.90288,12.383008,-3.486912,24.86369657175186
141.9,39.96211961,-106.221927,2523.4392000000003,46.20768,12.025376,-3.621024,26.46907843683175
142.0,39.96212912,-106.2219206,2524.0488,46.60392,11.84656,-3.710432,27.829438648061853
142.1,39.96213764,-106.2219134,2524.3536,46.90872,11.578335999999998,-3.79984,30.129042644141972
142.2,39.9621465,-106.2219064,2524.6584000000003,47.30496,11.39952,-3.889248,31.93346385734543
142.3,39.96215426,-106.2218985,2524.9632,47.7012,11.176,-4.202176,34.390314408712584
142.4,39.96216238,-106.221891,2525.5728,48.097440000000006,10.997184,-4.202176,36.35457746574639
142.5,39.96216958,-106.2218825,2525.8776000000003,48.58512,10.95248,-4.291583999999999,38.58539819266031
142.6,39.96217698,-106.2218744,2526.4872,49.01184000000001,10.773664,-4.291583999999999,40.70656927070269
142.7,39.96218317,-106.2218654,2526.792,49.40808,10.50544,-4.202176,43.78112476486871
142.8,39.96218973,-106.2218568,2527.4016,49.89576,10.326624,-4.380992,46.59606385797571
142.9,39.96219492,-106.2218471,2527.7064,50.292,10.192512,-4.202176,49.53777250790665
143.0,39.96220062,-106.221838,2528.0112,50.68824000000001,10.013696,-3.889248,51.94413051099326
143.1,39.96220489,-106.221828,2528.6208,51.11496,9.879584,-3.710432,55.07247783743895
143.2,39.96220974,-106.2218182,2528.9256,51.5112,9.83488,-3.486912,57.630216062576665
143.3,39.96221311,-106.2218076,2529.2304,51.785520000000005,9.83488,-3.218688,60.81617695105655
143.4,39.9622172,-106.2217976,2529.5352000000003,52.21224000000001,9.700768,-3.218688,63.19421167020022
143.5,39.96221974,-106.2217868,2529.84,52.395120000000006,9.61136,-2.90576,66.12062863565512
143.6,39.96222301,-106.2217765,2530.1448,52.699920000000006,9.566656,-2.68224,68.90404379303396
143.7,39.96222486,-106.2217654,2530.1448,52.91328,9.566656,-2.503424,71.39247404983917
143.8,39.96222713,-106.2217546,2530.4496,53.1876,9.61136,-2.190496,73.90412308063344
143.9,39.96222839,-106.2217434,2530.7544000000003,53.309520000000006,9.566656,-2.01168,75.96375653207355
144.0,39.96223033,-106.2217326,2530.7544000000003,53.4924,9.521952,-1.6987519999999998,77.67750336244745
144.1,39.96223088,-106.2217209,2531.0592,53.614320000000006,9.700768,-1.385824,80.18069936124209
144.2,39.96223224,-106.2217099,2531.0592,53.7972,9.745472,-0.983488,82.13745437784496
144.3,39.96223259,-106.2216985,2531.0592,53.7972,9.61136,-0.715264,84.10303648978919
144.5,39.96223285,-106.2216754,2531.364,53.88864000000001,9.83488,-0.312928,88.1523897340054
144.6,39.96223306,-106.2216638,2531.364,53.88864000000001,9.83488,-0.312928,89.47676541781584
144.7,39.96223203,-106.221652,2531.364,53.88864000000001,9.968992,-0.22352,90.51616422976484
144.9,39.96223086,-106.2216283,2531.364,53.88864000000001,10.103104,0.0,94.04958170327136
145.0,39.96222976,-106.2216164,2531.0592,53.7972,10.147808,-0.089408,95.01311375503582
145.2,39.96222734,-106.2215922,2531.0592,53.7972,10.326624,0.0,97.18632802107236
145.3,39.96222548,-106.2215802,2531.0592,53.7972,10.371328,0.0,98.4089117326007
145.4,39.962224,-106.221568,2531.0592,53.70576,10.460736,0.089408,99.26282517469927
145.5,39.96222202,-106.2215559,2531.0592,53.70576,10.550144,0.0,100.4562505922309
145.6,39.96222003,-106.2215437,2531.0592,53.7972,10.594848,-0.089408,101.404479879147
145.7,39.96221764,-106.2215314,2531.0592,53.7972,10.684256,0.0,102.24452787024984
145.8,39.96221549,-106.2215191,2531.0592,53.7972,10.818368,0.089408,102.94118586598783
145.9,39.96221304,-106.2215066,2531.0592,53.70576,10.907775999999998,0.22352,102.83560948640144
146.0,39.96221076,-106.2214941,2531.0592,53.70576,10.95248,0.089408,101.5862765346285
146.1,39.96220842,-106.2214814,2531.0592,53.70576,11.086592,0.22352,100.6630721252684
146.3,39.96220491,-106.2214561,2531.0592,53.70576,10.997184,0.089408,97.9974734718038
146.4,39.96220367,-106.2214434,2531.0592,53.614320000000006,10.95248,0.312928,96.36617622463324
146.5,39.96220272,-106.2214307,2531.0592,53.614320000000006,10.907775999999998,0.312928,95.1944289077348
146.6,39.96220156,-106.221418,2531.0592,53.614320000000006,10.863072,0.22352,93.78264544659628
146.7,39.96220107,-106.221405,2531.0592,53.614320000000006,10.95248,0.089408,92.58125869743463
146.8,39.96220068,-106.2213922,2530.7544000000003,53.4924,11.041888,0.22352,91.6432806544928
147.0,39.96220041,-106.2213661,2530.7544000000003,53.4924,11.131296,0.22352,90.0
147.1,39.9622011,-106.2213531,2530.7544000000003,53.4924,11.131296,0.089408,88.83561195987613
147.2,39.96220116,-106.2213399,2530.7544000000003,53.40096,11.176,0.089408,87.92162975463805
147.3,39.96220229,-106.2213264,2530.7544000000003,53.40096,11.39952,0.0,87.49063526014828
147.4,39.96220288,-106.2213131,2530.7544000000003,53.40096,11.488928,0.0,86.38137051985564
147.5,39.96220408,-106.2212995,2530.7544000000003,53.309520000000006,11.488928,0.0,86.40967739786038
147.6,39.96220484,-106.2212861,2530.7544000000003,53.309520000000006,11.578335999999998,-0.089408,85.96228937902288
147.7,39.9622062,-106.2212723,2530.7544000000003,53.40096,11.667744,-0.22352,85.55015293334407
147.8,39.96220721,-106.2212587,2530.7544000000003,53.40096,11.757152,-0.089408,85.1634165542647
147.9,39.96220868,-106.2212449,2530.7544000000003,53.40096,11.757152,-0.089408,84.5076754428726
148.0,39.96220975,-106.2212312,2530.7544000000003,53.4924,11.801856,0.0,84.11624296355654
148.2,39.96221272,-106.2212034,2530.7544000000003,53.40096,11.891264,0.089408,83.7312790438558
148.3,39.96221413,-106.2211893,2530.7544000000003,53.40096,12.025376,0.089408,83.3526585639608
148.4,39.96221556,-106.2211752,2530.7544000000003,53.309520000000006,12.114784,0.089408,83.40182654494072
148.5,39.96221713,-106.221161,2530.7544000000003,53.309520000000006,12.159488,0.0,83.40182654494072
148.6,39.96221841,-106.2211468,2530.7544000000003,53.309520000000006,12.204192,0.0,83.4742355280489
148.7,39.96221999,-106.2211324,2530.7544000000003,53.309520000000006,12.248895999999998,0.0,83.52163542022714
148.8,39.96222128,-106.2211181,2530.4496,53.1876,12.338304,0.0,83.52163542022714
148.9,39.9622229,-106.2211036,2530.4496,53.1876,12.383008,0.089408,83.52163542022714
149.0,39.96222422,-106.2210891,2530.4496,53.1876,12.427712,0.0,83.56835457355601
149.2,39.96222713,-106.22106,2530.4496,53.1876,12.472416,-0.089408,83.00230739598555
149.3,39.96222866,-106.2210453,2530.4496,53.1876,12.561824,-0.089408,83.07655108518946
149.4,39.9622302,-106.2210306,2530.4496,53.1876,12.651232,-0.089408,82.67359333983046
149.5,39.9622317,-106.2210156,2530.7544000000003,53.309520000000006,12.74064,-0.22352,82.32552048310606
149.6,39.96223326,-106.2210008,2530.7544000000003,53.309520000000006,12.830048,0.0,82.32552048310606
149.7,39.96223487,-106.2209858,2530.7544000000003,53.309520000000006,12.830048,0.0,82.37892869070299
149.8,39.96223645,-106.2209708,2530.4496,53.1876,12.919455999999998,0.0,82.43160297841058
149.9,39.96223822,-106.2209555,2530.4496,53.1876,13.008864,0.0,82.43160297841058
150.0,39.96223974,-106.2209404,2530.4496,53.1876,13.053568,0.0,82.50927087614554
150.1,39.96224135,-106.2209251,2530.4496,53.1876,13.098272,0.0,82.50927087614554
150.2,39.96224295,-106.2209098,2530.4496,53.1876,13.142976,-0.089408,82.50927087614554
150.3,39.96224468,-106.2208944,2530.4496,53.1876,13.232384,0.0,82.50927087614554
150.4,39.96224628,-106.2208791,2530.4496,53.1876,13.232384,0.0,82.56017484370909
150.5,39.96224812,-106.2208637,2530.4496,53.1876,13.18768,0.0,82.56017484370909
150.6,39.96224976,-106.2208484,2530.4496,53.09616,13.232384,0.0,82.56017484370909
150.7,39.96225147,-106.2208329,2530.4496,53.1876,13.277088,-0.089408,82.22610785012932
150.8,39.96225313,-106.2208174,2530.4496,53.1876,13.321792,-0.22352,82.22610785012932
150.9,39.9622549,-106.2208019,2530.4496,53.1876,13.321792,-0.22352,82.278174199869
151.0,39.96225659,-106.2207864,2530.7544000000003,53.309520000000006,13.366496,-0.089408,82.278174199869
151.1,39.96225841,-106.2207708,2530.7544000000003,53.309520000000006,13.4112,0.089408,81.7068171198818
151.2,39.96226014,-106.2207552,2530.4496,53.1876,13.455904,0.089408,82.35498672832932
151.3,39.96226188,-106.2207395,2530.4496,53.1876,13.500608,0.22352,82.35498672832932
151.4,39.9622635,-106.2207238,2530.4496,53.1876,13.500608,0.089408,82.78097917513037
151.5,39.96226514,-106.2207081,2530.4496,53.09616,13.500608,0.22352,83.15722658736905
151.6,39.96226654,-106.2206923,2530.4496,53.09616,13.500608,0.089408,84.10037495347234
151.7,39.96226793,-106.2206765,2530.4496,53.004720000000006,13.545312,0.0,84.47856358535205
151.8,39.96226913,-106.2206607,2530.4496,53.004720000000006,13.545312,0.0,84.85723544211578
151.9,39.96227029,-106.2206449,2530.4496,53.004720000000006,13.545312,0.0,85.23635830927384
152.0,39.96227126,-106.220629,2530.4496,53.004720000000006,13.545312,-0.22352,85.83349511445135
152.1,39.96227222,-106.220613,2530.4496,53.004720000000006,13.590016,-0.22352,85.83349511445135
152.2,39.96227329,-106.2205971,2530.4496,53.004720000000006,13.63472,-0.22352,86.23596513509426
152.3,39.96227407,-106.220581,2530.4496,53.09616,13.679424,-0.312928,86.23596513509426
152.4,39.96227494,-106.220565,2530.4496,53.1876,13.724128,-0.312928,86.23596513509426
152.5,39.96227576,-106.220549,2530.4496,53.1876,13.679424,-0.22352,86.23596513509426
152.6,39.96227658,-106.2205329,2530.4496,53.1876,13.679424,-0.089408,86.64447990919132
152.7,39.96227733,-106.2205168,2530.7544000000003,53.309520000000006,13.768832,0.0,86.64447990919132
152.8,39.96227817,-106.2205007,2530.4496,53.1876,13.768832,0.0,86.27264303605449
152.9,39.96227897,-106.2204847,2530.4496,53.1876,13.724128,0.0,86.29670097088581
153.0,39.9622798,-106.2204684,2530.4496,53.1876,13.813536,0.089408,86.29670097088581
153.1,39.9622806,-106.2204522,2530.4496,53.09616,13.85824,0.0,86.32045076154952
153.2,39.96228146,-106.2204358,2530.4496,53.09616,13.902944,0.0,86.32045076154952
153.3,39.96228247,-106.2204194,2530.4496,53.09616,13.992352,0.0,85.9794328963369
153.4,39.96228337,-106.220403,2530.4496,53.09616,14.037056,-0.089408,85.9794328963369
153.5,39.96228459,-106.2203864,2530.4496,53.09616,14.126464,-0.089408,85.4333543946014
153.6,39.9622856,-106.2203698,2530.4496,53.09616,14.171168,0.0,85.46222749209335
153.7,39.96228679,-106.2203534,2530.4496,53.09616,14.126464,0.0,85.46222749209335
153.8,39.96228785,-106.2203367,2530.4496,53.09616,14.171168,-0.089408,85.50486038728081
153.9,39.96228923,-106.2203199,2530.4496,53.004720000000006,14.30528,-0.089408,85.14690361300762
154.0,39.96229051,-106.2203032,2530.4496,53.09616,14.349984,-0.22352,84.82171529570189
154.1,39.96229191,-106.2202864,2530.4496,53.09616,14.349984,-0.22352,84.82171529570189
154.2,39.96229318,-106.2202695,2530.4496,53.09616,14.394688,0.0,84.46673770919244
154.3,39.96229497,-106.2202526,2530.4496,53.09616,14.484096,0.0,84.50089447604074
154.4,39.96229631,-106.2202357,2530.4496,53.004720000000006,14.5288,0.0,84.50089447604074
154.5,39.96229785,-106.2202187,2530.4496,53.004720000000006,14.573504,0.0,83.97246970447873
154.6,39.96229935,-106.2202017,2530.4496,53.004720000000006,14.618208,-0.089408,84.00940528207519
154.7,39.96230085,-106.2201845,2530.4496,53.004720000000006,14.618208,-0.089408,84.00940528207519
154.8,39.96230222,-106.2201674,2530.4496,53.004720000000006,14.707616,0.0,84.58447491484509
154.9,39.96230385,-106.2201502,2530.4496,53.004720000000006,14.707616,0.0,84.0639706367167
155.0,39.96230523,-106.2201329,2530.4496,53.004720000000006,14.75232,-0.089408,84.09980058272515
155.1,39.96230681,-106.2201155,2530.4496,53.004720000000006,14.841728000000002,0.0,84.09980058272515
155.3,39.96230987,-106.2200807,2530.4496,53.004720000000006,14.931136,0.0,83.79283304213311
155.4,39.96231132,-106.2200632,2530.4496,53.004720000000006,14.931136,-0.22352,83.79283304213311
155.6,39.9623145,-106.2200281,2530.4496,53.09616,15.065248,-0.22352,83.8298249049704
155.7,39.96231617,-106.2200106,2530.4496,53.09616,15.065248,0.0,83.8298249049704
155.9,39.96231927,-106.2199752,2530.4496,53.004720000000006,15.109951999999998,0.0,83.88449643371462
156.0,39.96232077,-106.2199575,2530.4496,53.004720000000006,15.154656,0.0,83.9204110421615
156.2,39.96232427,-106.2199229,2530.4496,53.004720000000006,15.020544,-0.804672,83.07783961529123
156.3,39.96232572,-106.2199067,2530.4496,53.004720000000006,14.5288,-0.715264,83.15722658736905
156.4,39.96232724,-106.2198912,2530.4496,53.09616,13.590016,-0.804672,82.89938560001167
156.5,39.96232888,-106.2198761,2530.4496,53.09616,13.142976,-0.715264,82.2713630040484
156.6,39.96233038,-106.2198617,2530.4496,53.09616,12.74064,-0.581152,82.43305582166693
156.7,39.96233202,-106.2198478,2530.4496,53.09616,12.204192,-0.402336,82.29251427703502
156.8,39.96233361,-106.2198333,2530.4496,53.09616,12.204192,-0.312928,82.40535663140855
156.9,39.96233518,-106.2198209,2530.4496,53.09616,11.578335999999998,-0.22352,82.1309244482095
157.0,39.96233658,-106.2198082,2530.4496,53.004720000000006,10.818368,-0.22352,81.83605489755706
157.1,39.96233837,-106.2197965,2530.4496,53.004720000000006,10.550144,-0.089408,82.18958559649928
157.2,39.96233966,-106.2197849,2530.4496,53.004720000000006,10.103104,-0.22352,82.31809538374853
157.3,39.96234081,-106.2197749,2530.1448,52.91328,9.298432,-0.089408,81.90922212801041
157.4,39.96234216,-106.2197643,2530.1448,52.91328,8.851392,-0.22352,81.99527114270711
157.5,39.9623432,-106.2197557,2530.1448,52.91328,8.314944,-0.22352,82.22086280908565
157.6,39.9623442,-106.2197464,2530.1448,52.79136,7.733792,-0.089408,82.71104767638985
157.7,39.96234506,-106.219739,2530.1448,52.79136,7.197344,-0.089408,82.91878775534127
157.8,39.96234589,-106.2197308,2530.1448,52.79136,6.660896,0.0,83.15722658736905
157.9,39.96234654,-106.2197246,2530.1448,52.699920000000006,6.169152,0.0,83.4337013792537
158.1,39.96234769,-106.2197126,2530.1448,52.699920000000006,5.230368,0.0,84.48852258397937
158.2,39.96234817,-106.2197068,2529.84,52.60848,5.096256,0.0,85.00625601417659
158.3,39.96234828,-106.2197029,2529.84,52.60848,4.157472,0.0,85.64892204842613
158.4,39.96234857,-106.2196985,2529.84,52.60848,3.531616,0.0,88.58557678859785
158.5,39.96234843,-106.2196958,2529.84,52.60848,3.039872,-0.089408,88.45184230102205
158.6,39.96234849,-106.219692,2530.1448,52.699920000000006,2.771648,0.0,90.0
158.7,39.96234834,-106.2196894,2530.1448,52.699920000000006,2.68224,0.0,90.0
158.8,39.96234843,-106.219685,2530.1448,52.699920000000006,2.995168,0.089408,88.65211271980138
158.9,39.96234811,-106.2196818,2530.1448,52.699920000000006,3.173984,0.089408,88.75463573323168
159.0,39.96234821,-106.2196769,2530.1448,52.699920000000006,3.486912,0.312928,88.83086067209257
159.1,39.962348,-106.2196725,2530.1448,52.699920000000006,3.933952,0.402336,90.0
159.2,39.96234804,-106.2196668,2530.1448,52.699920000000006,4.336288,0.22352,90.0
159.3,39.96234759,-106.2196619,2530.1448,52.699920000000006,4.515104,0.0,90.0
159.4,39.96234759,-106.2196555,2530.1448,52.699920000000006,4.783328,0.0,90.0
159.5,39.96234754,-106.2196487,2530.1448,52.79136,5.677408,0.089408,90.0
159.6,39.96234726,-106.2196425,2530.1448,52.699920000000006,5.543296,0.22352,90.0
159.7,39.96234736,-106.2196346,2530.1448,52.79136,5.990336,0.089408,90.0
159.8,39.96234741,-106.2196267,2530.1448,52.79136,6.750304,0.0,90.0
159.9,39.96234773,-106.2196184,2530.1448,52.79136,6.884416,0.0,89.27933637748237
160.0,39.96234785,-106.2196098,2530.1448,52.79136,7.197344,0.089408,89.30972280213496
160.1,39.96234811,-106.2196002,2530.1448,52.699920000000006,7.733792,0.22352,89.33380002981687
160.2,39.96234841,-106.219591,2530.1448,52.699920000000006,8.04672,0.089408,88.3999752848523
160.3,39.96234874,-106.2195804,2530.1448,52.699920000000006,8.449055999999999,0.0,87.84472437920851
160.4,39.96234903,-106.2195704,2529.84,52.60848,8.761984,0.0,87.91201616727665
160.5,39.96234946,-106.2195592,2529.84,52.60848,9.074912,0.0,87.98540121212943
160.6,39.96234979,-106.2195485,2529.84,52.60848,9.343136,0.0,88.03473942807949
160.8,39.96235041,-106.2195252,2529.84,52.48656,9.656064,0.0,87.62503848423864
160.9,39.96235092,-106.2195127,2529.84,52.60848,10.192512,-0.22352,87.67846941016728
161.1,39.96235158,-106.2194877,2530.1448,52.699920000000006,10.684256,-0.312928,87.78795799795165
161.2,39.96235198,-106.2194753,2530.1448,52.699920000000006,10.639552,-0.22352,87.82525588538994
161.3,39.96235233,-106.2194619,2530.1448,52.79136,10.997184,-0.22352,87.87014679773455
161.4,39.96235273,-106.2194491,2530.1448,52.79136,11.176,-0.089408,87.90474743537618
161.5,39.9623529,-106.219435,2530.1448,52.91328,11.488928,-0.22352,87.94644943648899
161.6,39.9623533,-106.2194216,2530.1448,52.91328,11.667744,-0.089408,87.97863505964398
161.7,39.96235353,-106.2194074,2530.1448,52.91328,11.757152,-0.089408,88.01747613891564
161.8,39.96235379,-106.2193933,2530.4496,53.004720000000006,12.07008,-0.22352,88.0325979700807
161.9,39.96235393,-106.2193788,2530.4496,53.004720000000006,12.204192,-0.089408,88.49256424122507
162.0,39.96235429,-106.2193646,2530.4496,53.004720000000006,12.248895999999998,-0.089408,88.52036422910317
162.1,39.96235455,-106.2193494,2530.4496,53.004720000000006,12.51712,-0.089408,88.11181199325904
162.2,39.96235492,-106.2193349,2530.4496,53.004720000000006,12.651232,-0.089408,88.12553443739546
162.3,39.96235502,-106.2193198,2530.4496,53.09616,12.606528,-0.089408,88.15898379307549
162.4,39.9623553,-106.2193048,2530.4496,53.09616,12.830048,-0.089408,88.172031755695
162.5,39.96235577,-106.2192893,2530.4496,53.09616,13.053568,-0.089408,88.19758076199673
162.6,39.96235618,-106.2192741,2530.4496,53.1876,13.053568,-0.089408,88.21627884614418
162.7,39.96235651,-106.2192582,2530.4496,53.1876,13.232384,0.0,88.24061457773803
162.8,39.96235695,-106.2192427,2530.4496,53.1876,13.4112,0.0,88.2525351937669
162.9,39.96235747,-106.2192267,2530.4496,53.1876,13.455904,0.0,87.9000954823548
163.0,39.96235789,-106.2192107,2530.4496,53.1876,13.679424,0.0,87.91398980808515
163.1,39.96235841,-106.2191944,2530.4496,53.1876,13.768832,0.0,87.5513434161756
163.2,39.96235897,-106.2191783,2530.4496,53.1876,13.813536,0.0,87.57524295596204
163.3,39.96235953,-106.2191616,2530.4496,53.1876,13.992352,-0.089408,87.59091862552776
163.4,39.96236007,-106.2191452,2530.7544000000003,53.309520000000006,14.126464,0.0,87.9743056218773
163.5,39.96236072,-106.2191283,2530.7544000000003,53.309520000000006,14.215872,0.0,88.00000770096585
163.6,39.96236113,-106.2191115,2530.7544000000003,53.309520000000006,14.394688,0.0,88.37885408634656
163.7,39.96236149,-106.2190944,2530.4496,53.1876,14.439391999999998,0.0,88.74685468085698
163.8,39.96236174,-106.2190775,2530.4496,53.1876,14.484096,0.0,89.11038547858561
163.9,39.96236191,-106.2190598,2530.7544000000003,53.309520000000006,14.707616,-0.089408,89.64632684075355
164.0,39.96236193,-106.2190427,2530.7544000000003,53.309520000000006,14.797024,-0.089408,90.0
164.1,39.96236186,-106.2190253,2530.7544000000003,53.309520000000006,14.707616,-0.089408,90.87601398911796
164.2,39.96236165,-106.219008,2530.7544000000003,53.309520000000006,14.797024,-0.089408,91.5765500551837
164.3,39.962361,-106.2189904,2530.4496,53.1876,14.886432,-0.089408,92.27661498197084
164.4,39.96236024,-106.2189732,2530.7544000000003,53.309520000000006,14.841728000000002,-0.312928,93.4999691390679
164.5,39.96235903,-106.2189557,2530.7544000000003,53.309520000000006,14.841728000000002,-0.22352,94.72013693104356
164.6,39.96235802,-106.2189383,2530.7544000000003,53.309520000000006,14.931136,-0.089408,95.41552508515493
164.7,39.9623562,-106.2189209,2530.7544000000003,53.309520000000006,14.886432,-0.22352,96.62849414082656
164.8,39.96235443,-106.2189038,2530.7544000000003,53.309520000000006,14.797024,-0.22352,98.2538511455624
164.9,39.96235202,-106.2188865,2530.7544000000003,53.309520000000006,14.841728000000002,-0.089408,99.52002186577414
165.0,39.96234968,-106.2188695,2530.4496,53.1876,14.841728000000002,0.0,100.61965527615511
165.1,39.96234652,-106.2188525,2530.4496,53.1876,14.797024,-0.22352,101.82547746400913
165.2,39.96234375,-106.2188355,2530.4496,53.1876,14.841728000000002,-0.089408,103.09984308226626
165.3,39.96233984,-106.2188189,2530.7544000000003,53.309520000000006,14.797024,-0.312928,104.42077312751098
165.4,39.96233643,-106.2188023,2530.7544000000003,53.309520000000006,14.707616,-0.22352,105.53355172487989
165.5,39.96233202,-106.2187857,2530.7544000000003,53.309520000000006,14.797024,-0.312928,106.71603666596098
165.6,39.96232808,-106.2187693,2530.7544000000003,53.40096,14.797024,-0.312928,107.99166343563684
165.7,39.96232314,-106.2187532,2530.7544000000003,53.40096,14.707616,0.0,108.76806006684336
165.8,39.96231862,-106.2187368,2530.7544000000003,53.40096,14.841728000000002,-0.089408,109.92353203906646
165.9,39.96231315,-106.218721,2530.7544000000003,53.309520000000006,14.797024,0.0,111.18743422319072
166.0,39.96230819,-106.2187049,2530.7544000000003,53.309520000000006,14.75232,0.0,112.3516910134988
166.1,39.96230217,-106.2186892,2530.7544000000003,53.309520000000006,14.841728000000002,0.0,113.60946953843744
166.3,39.96229042,-106.2186577,2530.7544000000003,53.309520000000006,14.931136,0.0,115.1735245245302
166.4,39.96228442,-106.218642,2530.7544000000003,53.309520000000006,14.931136,-0.089408,116.41103063540568
166.5,39.96227769,-106.2186265,2530.7544000000003,53.309520000000006,15.065248,0.0,117.02463313460794
166.6,39.96227141,-106.2186109,2530.4496,53.1876,15.065248,0.0,117.7823082073487
166.7,39.96226418,-106.2185956,2530.4496,53.1876,15.154656,0.0,118.6240658826444
166.8,39.96225753,-106.2185801,2530.4496,53.1876,15.19936,0.0,119.53384807256435
166.9,39.96225024,-106.2185649,2530.4496,53.1876,15.19936,0.089408,120.12251187096172
167.1,39.96223548,-106.2185345,2530.4496,53.1876,15.333472,0.089408,121.59651551972718
167.2,39.96222814,-106.2185192,2530.4496,53.09616,15.333472,0.0,122.3427266327767
167.3,39.96222016,-106.2185044,2530.4496,53.1876,15.378176,0.0,123.318625212609
167.5,39.96220439,-106.2184744,2530.4496,53.1876,15.467584,0.0,124.47426030404849
167.6,39.96219645,-106.2184594,2530.4496,53.1876,15.467584,0.0,124.7475741748994
167.8,39.96217962,-106.2184299,2530.7544000000003,53.309520000000006,15.691104,-0.22352,125.69005982501398
167.9,39.96217109,-106.2184151,2530.7544000000003,53.309520000000006,15.735808,-0.22352,125.69005982501398
168.0,39.96216271,-106.2184001,2530.7544000000003,53.309520000000006,15.780511999999998,-0.089408,125.76444090683412
168.1,39.96215411,-106.2183853,2530.7544000000003,53.309520000000006,15.825216,0.0,125.76444090683412
168.2,39.96214576,-106.2183701,2530.7544000000003,53.309520000000006,15.914624,0.089408,125.48137668381338
168.3,39.96213698,-106.218355,2530.7544000000003,53.309520000000006,16.048735999999998,0.0,125.55629845414398
168.4,39.96212855,-106.2183396,2530.7544000000003,53.309520000000006,16.09344,0.089408,125.55629845414398
168.5,39.96211985,-106.2183244,2530.7544000000003,53.309520000000006,16.138144,0.089408,125.81608074915567
168.6,39.96211117,-106.2183092,2530.7544000000003,53.309520000000006,16.182848,0.0,125.630060458632
168.7,39.96210245,-106.2182936,2530.7544000000003,53.309520000000006,16.316959999999998,0.0,125.630060458632
168.8,39.96209394,-106.2182781,2530.7544000000003,53.309520000000006,16.361664,0.0,125.44571032759823
168.9,39.96208503,-106.2182625,2530.7544000000003,53.309520000000006,16.406368,0.0,125.55586115522084
169.0,39.96207645,-106.2182468,2530.7544000000003,53.309520000000006,16.495776,0.0,125.55586115522084
169.2,39.96205899,-106.2182149,2530.7544000000003,53.309520000000006,16.719296,0.0,125.19524090969868
169.3,39.96205024,-106.2181988,2530.7544000000003,53.309520000000006,16.719296,0.0,125.19524090969868
169.4,39.96204164,-106.2181828,2530.7544000000003,53.309520000000006,16.719296,0.0,125.01731076390496
169.5,39.96203291,-106.2181664,2530.7544000000003,53.309520000000006,16.853408,0.0,125.01731076390496
169.6,39.96202433,-106.2181503,2530.7544000000003,53.309520000000006,16.853408,0.0,124.75334150667244
169.7,39.96201566,-106.218134,2530.7544000000003,53.40096,16.808704,0.0,124.75334150667244
169.8,39.96200703,-106.2181177,2530.7544000000003,53.40096,16.898111999999998,0.22352,124.75334150667244
169.9,39.96199844,-106.2181013,2530.7544000000003,53.40096,16.898111999999998,0.491744,124.75334150667244
170.0,39.96198983,-106.2180851,2530.7544000000003,53.309520000000006,16.898111999999998,0.89408,124.75334150667244
170.1,39.96198109,-106.2180687,2530.4496,53.1876,16.898111999999998,1.207008,124.75334150667244
170.2,39.96197248,-106.2180525,2530.4496,53.09616,16.898111999999998,1.519936,124.5792876032055
170.3,39.96196375,-106.218036,2530.1448,52.91328,16.942816,1.6987519999999998,124.82992158128042
170.4,39.96195502,-106.2180196,2530.1448,52.699920000000006,17.076928000000002,2.01168,124.65681577883367
170.5,39.96194641,-106.218003,2529.84,52.48656,17.032224,2.01168,124.48520990899578
170.6,39.9619377,-106.2179865,2529.5352000000003,52.30368,17.076928000000002,2.101088,124.48520990899578
170.7,39.96192915,-106.21797,2529.5352000000003,52.090320000000006,17.032224,2.279904,124.3150875999973
170.8,39.96192028,-106.2179532,2529.2304,51.90744000000001,17.166335999999998,2.101088,124.3150875999973
170.9,39.96191142,-106.2179364,2529.2304,51.69408,17.389855999999998,2.101088,124.3092341234796
171.0,39.96190263,-106.2179197,2528.9256,51.5112,17.345152,2.279904,124.3092341234796
171.1,39.96189381,-106.2179029,2528.6208,51.29784000000001,17.300448,2.414016,124.55437794347488
171.2,39.96188498,-106.2178861,2528.3160000000003,50.99304000000001,17.345152,2.503424,124.3867629807367
171.3,39.96187645,-106.2178693,2528.3160000000003,50.81016,17.255744,2.503424,124.3867629807367
171.4,39.96186753,-106.2178523,2528.0112,50.50536,17.345152,2.68224,124.3867629807367
171.5,39.96185879,-106.2178356,2527.7064,50.292,17.43456,2.68224,124.3867629807367
171.6,39.9618499,-106.2178187,2527.4016,49.9872,17.389855999999998,2.816352,124.3867629807367
171.7,39.96184125,-106.2178018,2527.0968000000003,49.71288,17.389855999999998,2.816352,124.750979216244
171.8,39.96183225,-106.217785,2526.792,49.40808,17.389855999999998,2.68224,124.99202019855863
171.9,39.96182332,-106.2177683,2526.4872,49.10328,17.43456,2.816352,125.160962613999
172.0,39.96181425,-106.2177516,2526.1824,48.79848,17.389855999999998,2.816352,125.4010969314582
172.1,39.96180526,-106.217735,2525.8776000000003,48.49368,17.389855999999998,2.90576,125.63980919808672
172.2,39.961796,-106.2177183,2525.5728,48.18888,17.43456,2.90576,126.1353766115892
172.3,39.96178675,-106.2177019,2525.268,47.91456,17.43456,2.90576,126.66432679212568
172.4,39.96177731,-106.2176855,2524.9632,47.60976,17.43456,2.816352,127.07567944783
172.5,39.96176785,-106.2176693,2524.6584000000003,47.30496,17.43456,2.90576,127.30949858112535
172.6,39.96175837,-106.217653,2524.3536,46.90872,17.389855999999998,2.995168,127.72061730835452
172.7,39.96174863,-106.217637,2524.0488,46.60392,17.43456,2.90576,127.90081583127444
172.8,39.96173886,-106.2176209,2523.744,46.29912,17.479264,2.90576,128.52163542022708
172.9,39.96172902,-106.2176053,2523.4392000000003,46.08576,17.389855999999998,2.816352,128.93637463148826
173.0,39.96171915,-106.2175893,2523.1344,45.811440000000005,17.345152,2.68224,128.93637463148826
173.1,39.96170918,-106.2175739,2522.8296,45.50664,17.345152,2.816352,129.12260739335687
173.2,39.96169932,-106.2175582,2522.5248,45.20184,17.255744,2.90576,129.53978740785163
173.3,39.9616891,-106.2175428,2522.5248,44.98848,17.300448,2.90576,129.82466968472886
173.4,39.96167911,-106.2175272,2521.9152,44.59224,17.345152,2.90576,130.05302640870025
173.5,39.96166885,-106.2175121,2521.6104,44.28744,17.255744,2.995168,130.58518675127277
173.6,39.96165871,-106.2174966,2521.3056,44.01312,17.255744,2.995168,130.58518675127277
173.7,39.96164834,-106.2174815,2521.0008000000003,43.70832,17.345152,2.995168,130.80999227447614
173.8,39.96163818,-106.2174661,2520.696,43.40352000000001,17.300448,2.90576,130.58518675127277
173.9,39.96162788,-106.2174509,2520.3912,43.09872000000001,17.300448,2.816352,129.82466968472886
174.0,39.9616181,-106.2174352,2520.0864,42.79392000000001,17.255744,2.414016,128.49530072559173
174.1,39.9616085,-106.2174196,2519.7816000000003,42.48912000000001,17.166335999999998,2.414016,127.4761795613614
174.2,39.9615992,-106.2174039,2519.7816000000003,42.30624,16.98752,2.503424,126.74747095286392
174.3,39.96159031,-106.2173881,2519.4768,42.00144,16.808704,2.414016,125.69887211992636
174.4,39.96158175,-106.2173721,2519.172,41.78808,16.629888,2.190496,124.38034472384489
174.5,39.96157351,-106.2173559,2518.8672,41.51376,16.585184,2.101088,122.9516487817766
174.6,39.96156561,-106.2173396,2518.5624000000003,41.3004,16.495776,2.101088,121.68966140056682
174.7,39.9615582,-106.217323,2518.2576,40.9956,16.406368,1.922272,120.72086490391872
174.8,39.96155046,-106.2173064,2518.2576,40.812720000000006,16.451072,1.922272,120.0397111793008
174.9,39.9615434,-106.2172895,2517.9528,40.6908,16.451072,1.6987519999999998,119.8818118852011
175.0,39.96153611,-106.2172729,2517.9528,40.507920000000006,16.361664,1.6987519999999998,119.76459088664058
175.1,39.96152905,-106.2172558,2517.648,40.29456,16.451072,1.6987519999999998,119.6455819517987
175.2,39.96152202,-106.2172396,2517.3432000000003,40.11168,16.227552,1.6987519999999998,119.37576541881316
175.3,39.96151572,-106.2172234,2517.3432000000003,39.898320000000005,15.6464,1.78816,118.6240658826444
175.4,39.96150924,-106.2172078,2517.0384,39.593520000000005,15.333472,2.01168,118.76463091194148
175.5,39.96150318,-106.2171926,2516.7336,39.288720000000005,14.886432,2.01168,118.49563861824498
175.6,39.96149712,-106.2171782,2516.4288,39.0144,14.30528,1.78816,118.90918365114784
175.7,39.96149163,-106.2171634,2516.1240000000003,38.80104,14.037056,1.609344,118.47131746361732
175.8,39.96148607,-106.2171502,2516.1240000000003,38.58768,13.4112,1.1176,118.41266144307258
175.9,39.9614813,-106.2171378,2515.8192,38.4048,12.338304,0.804672,118.21269879715088
176.0,39.96147624,-106.2171251,2515.8192,38.31336,11.980672,0.715264,118.5923738775782
176.1,39.96147187,-106.2171143,2515.5144,38.19144,11.310112,0.715264,119.3704044102194
176.2,39.96146707,-106.2171033,2515.5144,38.1,10.594848,0.715264,119.62374875117382
176.3,39.96146319,-106.2170932,2515.2096,37.88664,10.192512,0.581152,119.87129207807186
176.4,39.96145868,-106.2170832,2515.2096,37.7952,9.790176,0.804672,120.59997869320898
176.5,39.96145479,-106.2170752,2515.2096,37.70376,8.985504,0.983488,120.67728002179643
176.6,39.96145075,-106.2170658,2514.9048000000003,37.61232,8.627872,1.385824,121.40260923973352
176.7,39.96144678,-106.2170584,2514.9048000000003,37.39896,8.449055999999999,1.78816,121.81885392834022
176.8,39.96144263,-106.2170498,2514.6,37.09416,8.180832,2.190496,122.10124889583555
176.9,39.96143907,-106.2170428,2514.2952,36.91128,7.867904,2.503424,122.8113667980681
177.0,39.96143533,-106.2170351,2513.9904,36.51504,7.465567999999999,2.816352,123.50730648869
177.1,39.96143189,-106.2170287,2513.6856,36.21024,7.242048,2.995168,123.8826576561528
177.2,39.96142822,-106.2170217,2513.076,35.814,6.92912,2.995168,124.20345682817566
177.3,39.96142513,-106.2170167,2512.7712,35.5092,6.347968,3.084576,126.23241875544704
177.4,39.96142176,-106.2170107,2512.4664,35.11296,5.900928,3.084576,127.1260618682744
177.5,39.96141865,-106.2170063,2512.1616,34.80816,5.677408,3.084576,128.51692630710272
177.7,39.96141257,-106.2169982,2511.552,34.29,4.91744,3.218688,131.6335393365702
177.8,39.96140974,-106.2169941,2511.2472,33.89376,4.783328,3.397504,132.93988897627685
178.0,39.96140444,-106.2169884,2510.9424,33.49752,3.79984,2.68224,137.3662479914558
178.2,39.96139955,-106.2169836,2510.3328,33.10128,3.442208,2.995168,136.00508600525416
178.3,39.9613974,-106.2169819,2510.3328,32.79648,3.218688,3.084576,136.04162667600997
178.4,39.96139519,-106.2169791,2510.028,32.6136,3.084576,3.084576,136.14576283817507
178.5,39.9613934,-106.2169785,2509.7232,32.308800000000005,2.592832,3.218688,141.0440921622411
178.6,39.96139154,-106.2169765,2509.4184,32.004000000000005,2.324608,3.308096,144.21102654081665
178.7,39.96139002,-106.2169761,2509.1136,31.607760000000003,2.101088,3.308096,149.93141717813756
178.8,39.96138844,-106.2169758,2508.8088,31.30296,1.78816,3.084576,153.43494882292202
178.9,39.96138732,-106.2169756,2508.504,30.99816,1.519936,2.90576,157.24902365721232
179.0,39.96138608,-106.2169749,2508.1992,30.7848,1.34112,2.592832,162.75854060106008
179.1,39.9613853,-106.2169753,2507.8944,30.601920000000003,1.162304,2.503424,160.20112364547504
179.2,39.96138437,-106.2169749,2507.8944,30.38856,0.938784,2.503424,160.70995378081125
179.3,39.96138403,-106.2169751,2507.5896,30.11424,0.67056,2.503424,158.7494944928668
179.4,39.96138335,-106.2169748,2507.2848,29.90088,0.491744,2.503424,162.64597536373867
179.5,39.96138303,-106.2169753,2506.98,29.59608,0.0,2.592832,171.25383773744477
179.6,39.96138248,-106.2169752,2506.6752,29.29128,0.67056,2.592832,180.0
179.7,39.96138244,-106.2169757,2506.3704,29.108400000000003,0.0,2.503424,180.0
179.8,39.96138206,-106.2169757,2506.3704,28.89504,0.0,2.503424,180.0
179.9,39.96138212,-106.2169759,2506.0656,28.71216,0.0,2.592832,180.0
180.0,39.96138187,-106.2169758,2505.7608,28.40736,0.0,2.68224,180.0
180.1,39.96138189,-106.2169763,2505.456,28.194000000000003,0.0,2.816352,180.0
180.2,39.96138169,-106.2169764,2505.456,28.01112,0.0,2.592832,180.0
180.3,39.96138153,-106.2169766,2505.1512,27.70632,0.0,2.68224,180.0
180.4,39.96138143,-106.216977,2504.8464,27.492960000000004,0.0,2.68224,180.0
180.5,39.96138138,-106.216977,2504.5416,27.188160000000003,0.0,2.816352,180.0
180.6,39.96138121,-106.216977,2504.2368,26.91384,0.0,2.816352,180.0
180.7,39.96138101,-106.2169769,2503.932,26.60904,0.0,2.68224,180.0
180.8,39.96138079,-106.2169768,2503.932,26.39568,0.0,2.592832,144.46232220802565
180.9,39.96138049,-106.2169763,2503.6272,26.2128,0.67056,2.592832,142.1250163489018
181.0,39.96138001,-106.2169759,2503.3224,25.908,0.67056,2.68224,145.4914770123316
181.1,39.96137922,-106.2169752,2503.0176,25.69464,0.938784,2.592832,148.5704343851615
181.2,39.96137835,-106.2169745,2503.0176,25.51176,1.162304,2.592832,149.42077312751098
181.3,39.9613773,-106.2169736,2502.7128,25.20696,1.251712,2.592832,152.52556837372288
181.4,39.96137618,-106.2169728,2502.408,24.9936,1.34112,2.503424,149.34933204294714
181.5,39.96137471,-106.2169717,2502.1032,24.6888,1.654048,2.503424,151.1134182330893
181.6,39.96137358,-106.216971,2501.7984,24.505920000000003,1.519936,2.414016,149.85861444792465
181.7,39.96137169,-106.2169698,2501.4936,24.10968,1.877568,2.592832,153.43494882292202
181.8,39.9613702,-106.2169686,2501.1888,23.896320000000003,2.01168,2.414016,148.5704343851615
181.9,39.96136823,-106.2169673,2500.884,23.591520000000003,2.190496,2.503424,146.65929265352304
182.0,39.96136667,-106.216966,2500.884,23.40864,2.279904,2.279904,146.65929265352304
182.1,39.96136465,-106.2169644,2500.5792,23.10384,2.324608,2.503424,144.60520415501293
182.2,39.96136297,-106.216963,2500.2744,22.79904,2.369312,2.414016,144.60520415501293
182.3,39.96136078,-106.2169614,2499.9696,22.49424,2.503424,2.503424,145.98065001017358
182.4,39.96135918,-106.21696,2499.6648,22.18944,2.414016,2.503424,146.65929265352304
182.5,39.96135697,-106.2169585,2499.36,22.00656,2.503424,2.414016,147.99461679191654
182.6,39.96135533,-106.2169572,2499.0552,21.701760000000004,2.414016,2.503424,151.18920625702697
182.7,39.96135334,-106.2169558,2498.7504,21.396960000000004,2.324608,2.592832,152.90444750624818
182.8,39.96135131,-106.2169544,2498.4456,21.092160000000003,2.503424,2.68224,150.94539590092285
182.9,39.96134924,-106.216953,2498.1408,20.787360000000003,2.503424,2.592832,150.12400730831058
183.0,39.96134729,-106.2169515,2497.836,20.51304,2.548128,2.68224,151.14433878028348
183.1,39.96134512,-106.2169502,2497.5312,20.20824,2.592832,2.68224,151.14433878028348
183.2,39.9613429,-106.2169486,2497.5312,19.99488,2.771648,2.503424,151.14433878028348
183.3,39.96134064,-106.2169471,2497.2264,19.69008,2.861056,2.503424,152.10272896905235
183.4,39.96133851,-106.2169456,2496.9216,19.38528,2.771648,2.592832,150.37625124882618
183.5,39.96133622,-106.2169441,2496.6168,19.2024,2.771648,2.592832,150.37625124882618
183.6,39.96133407,-106.2169425,2496.3120000000004,18.8976,2.771648,2.68224,150.37625124882618
183.7,39.96133178,-106.2169408,2496.0072,18.5928,2.861056,2.68224,150.1409838350769
183.8,39.96132955,-106.2169392,2495.7024,18.288,2.861056,2.68224,150.1409838350769
183.9,39.96132734,-106.2169374,2495.3976,18.01368,2.861056,2.68224,150.1409838350769
184.0,39.96132512,-106.2169357,2495.0928000000004,17.80032,2.861056,2.68224,147.80426606528675
184.1,39.96132277,-106.2169339,2494.788,17.49552,2.950464,2.592832,148.73626830562256
184.2,39.9613205,-106.216932,2494.4832,17.19072,2.995168,2.592832,147.26477372789236
184.3,39.9613181,-106.2169299,2494.4832,17.00784,3.084576,2.503424,147.26477372789236
184.4,39.96131568,-106.216928,2494.1784,16.70304,3.218688,2.592832,146.76828893202065
184.5,39.96131324,-106.2169257,2493.8736000000004,16.39824,3.308096,2.68224,145.40771131249005
184.6,39.96131087,-106.2169235,2493.5688,16.09344,3.308096,2.503424,143.44752724790845
184.7,39.96130846,-106.2169212,2493.264,15.910560000000002,3.308096,2.503424,143.44752724790845
184.8,39.96130607,-106.2169188,2492.9592,15.605760000000002,3.308096,2.503424,142.1934700552955
184.9,39.96130353,-106.2169162,2492.6544000000004,15.300960000000002,3.486912,2.503424,142.1934700552955
185.0,39.96130113,-106.2169137,2492.3496,15.0876,3.486912,2.414016,140.98059952476348
185.1,39.96129864,-106.2169109,2492.0448,14.81328,3.531616,2.592832,140.76263288659845
185.2,39.96129622,-106.2169082,2491.74,14.50848,3.621024,2.503424,138.67449952082967
185.3,39.9612937,-106.2169053,2491.4352000000003,14.20368,3.665728,2.503424,138.67449952082967
185.4,39.96129129,-106.2169025,2491.1304,13.898880000000002,3.665728,2.503424,137.04540848888723
185.5,39.96128872,-106.2168994,2491.1304,13.594080000000002,3.79984,2.592832,137.04540848888723
185.6,39.96128626,-106.2168965,2490.8256,13.4112,3.79984,2.414016,136.00508600525416
185.7,39.96128383,-106.2168932,2490.5208,13.19784,3.79984,2.414016,136.00508600525416
185.8,39.96128145,-106.2168901,2490.2160000000003,12.89304,3.79984,2.414016,135.0
185.9,39.96127897,-106.2168867,2490.2160000000003,12.710160000000002,3.844544,2.414016,134.02897806892082
186.0,39.96127665,-106.2168835,2489.9112,12.405360000000002,3.889248,2.503424,133.02506598911805
186.1,39.96127417,-106.2168801,2489.6064,12.100560000000002,3.933952,2.68224,131.63353933657015
186.2,39.96127192,-106.2168767,2489.3016,11.79576,3.933952,2.68224,129.71875937155488
186.3,39.96126962,-106.2168729,2488.9968000000003,11.61288,3.978656,2.68224,129.71875937155488
186.4,39.96126749,-106.2168694,2488.692,11.30808,3.978656,2.68224,127.27817419986906
186.5,39.96126538,-106.2168656,2488.3872,11.00328,3.889248,2.68224,125.38027220030114
186.6,39.96126323,-106.2168619,2488.0824,10.698480000000002,3.978656,2.68224,124.26110289909457
186.7,39.96126135,-106.2168579,2487.7776000000003,10.48512,3.978656,2.592832,122.00538320808352
186.8,39.96125954,-106.216854,2487.4728,10.2108,3.933952,2.592832,120.16006083808708
186.9,39.96125773,-106.2168499,2487.168,9.906,3.978656,2.414016,117.75854060106002
187.0,39.9612561,-106.2168458,2487.168,9.69264,3.978656,2.190496,115.97439396243136
187.1,39.96125456,-106.2168413,2486.8632,9.50976,4.068064,2.01168,114.77514056883194
187.3,39.96125184,-106.2168328,2486.5584000000003,9.20496,4.02336,1.6987519999999998,109.09349200048564
187.4,39.96125078,-106.2168285,2486.2536,8.9916,3.933952,1.519936,105.19524852681992
187.5,39.96124984,-106.2168238,2486.2536,8.90016,3.978656,1.296416,103.54793898800052
187.6,39.96124908,-106.2168194,2486.2536,8.80872,4.02336,1.1176,100.66034829453532
187.7,39.96124826,-106.2168146,2485.9488,8.59536,4.02336,1.207008,100.4207123967945
187.8,39.96124748,-106.2168097,2485.9488,8.50392,4.202176,1.296416,98.21920924889906
187.9,39.96124718,-106.2168047,2485.644,8.41248,4.24688,1.1176,96.67446904711755
188.0,39.96124676,-106.2167996,2485.644,8.290560000000001,4.336288,0.983488,95.3558250428552
188.1,39.96124658,-106.2167944,2485.644,8.19912,4.380992,1.207008,94.08561677997488
188.2,39.96124632,-106.2167891,2485.3392000000003,8.10768,4.515104,1.207008,92.83411101630652
188.3,39.96124624,-106.2167836,2485.3392000000003,7.98576,4.604512000000001,1.1176,91.1123996162978
188.4,39.96124612,-106.2167782,2485.3392000000003,7.89432,4.649216,0.983488,91.0912162252626
188.5,39.96124635,-106.2167723,2485.0344,7.802880000000001,4.828032,0.89408,90.0
188.7,39.96124626,-106.2167604,2485.0344,7.71144,5.051552,0.804672,90.0
188.9,39.96124616,-106.2167478,2485.0344,7.58952,5.409184,0.715264,90.0
189.0,39.961246,-106.2167415,2484.7296,7.498080000000001,5.36448,0.715264,90.0
189.1,39.961246,-106.2167349,2484.7296,7.40664,5.498592,0.715264,90.0
189.3,39.96124573,-106.2167214,2484.7296,7.315200000000001,5.677408,0.581152,92.23697906343772
189.4,39.96124548,-106.2167146,2484.7296,7.315200000000001,5.766816,0.491744,92.20259816176582
189.5,39.96124507,-106.2167076,2484.7296,7.315200000000001,5.945632,0.491744,93.08218082452817
189.6,39.96124469,-106.2167006,2484.7296,7.193280000000001,5.990336,0.491744,93.90049374238193
189.7,39.96124412,-106.2166934,2484.7296,7.193280000000001,6.03504,0.402336,94.76364169072616
189.8,39.96124355,-106.2166864,2484.4248,7.10184,6.079744,0.402336,95.54120477803986
189.9,39.96124266,-106.2166793,2484.4248,7.10184,6.079744,0.312928,96.91122711902472
190.0,39.96124202,-106.2166723,2484.4248,7.10184,6.03504,0.089408,95.7992176290984
190.2,39.96124066,-106.2166594,2484.4248,7.10184,5.588,0.312928,94.43647448565736
190.3,39.96123983,-106.2166535,2484.4248,7.010400000000001,5.409184,0.581152,94.67741785888175
190.4,39.96123942,-106.2166479,2484.4248,6.88848,4.91744,0.804672,95.09211512449896
190.5,39.96123884,-106.2166426,2484.1200000000003,6.797040000000001,4.604512000000001,0.983488,95.24713890161644
190.6,39.96123826,-106.2166374,2484.1200000000003,6.7056,4.559807999999999,1.207008,94.35107795157388
190.7,39.9612378,-106.2166329,2484.1200000000003,6.61416,4.202176,1.519936,94.60009566626331
190.8,39.96123745,-106.2166285,2483.8152,6.4008,3.79984,1.78816,95.12819104185286
190.9,39.96123696,-106.2166247,2483.5104,6.1874400000000005,3.486912,2.01168,97.1250163489018
191.0,39.96123652,-106.2166211,2483.5104,6.00456,3.218688,2.190496,99.60520415501298
191.2,39.96123554,-106.2166153,2482.9008000000003,5.60832,2.726944,2.592832,102.65255650055798
191.3,39.96123543,-106.2166136,2482.9008000000003,5.39496,2.190496,2.68224,105.37625124882618
191.4,39.96123497,-106.2166117,2482.596,5.09016,1.654048,2.90576,106.18920625702695
191.5,39.96123484,-106.216611,2482.2912,4.907280000000001,1.162304,2.90576,109.79887635452496
191.6,39.96123447,-106.2166099,2481.9864,4.69392,0.804672,2.816352,116.56505117707798
191.7,39.96123414,-106.2166099,2481.9864,4.51104,0.491744,2.503424,119.35775354279129
191.8,39.96123376,-106.2166091,2481.6816000000003,4.38912,0.67056,2.190496,121.42956561483852
191.9,39.96123312,-106.2166092,2481.6816000000003,4.20624,0.67056,2.279904,138.0127875041834
192.0,39.96123215,-106.2166083,2481.3768,3.99288,0.938784,2.279904,146.30993247402023
192.2,39.96122961,-106.2166075,2481.072,3.68808,1.385824,1.922272,153.43494882292202
192.3,39.96122788,-106.2166068,2480.7672,3.5052000000000003,1.654048,1.6987519999999998,155.77225468204583
192.4,39.96122618,-106.2166057,2480.7672,3.41376,2.056384,1.296416,153.43494882292202
192.5,39.96122454,-106.2166053,2480.7672,3.2918400000000005,1.966976,1.1176,152.24145939893992
192.6,39.96122301,-106.2166041,2480.4624000000003,3.2004,1.877568,0.804672,148.5704343851615
192.7,39.96122114,-106.216603,2480.4624000000003,3.2004,2.101088,0.491744,143.6731740478798
192.8,39.96122006,-106.216602,2480.4624000000003,3.2004,1.877568,0.312928,138.94518622903755
192.9,39.96121832,-106.2166008,2480.4624000000003,3.2004,1.832864,0.22352,138.94518622903755
193.0,39.96121705,-106.2165992,2480.4624000000003,3.2004,2.01168,0.0,135.0
193.1,39.96121516,-106.2165979,2480.4624000000003,3.2004,2.190496,0.089408,133.0908475670036
193.2,39.96121394,-106.2165961,2480.4624000000003,3.2004,2.190496,0.0,130.46222749209335
193.3,39.96121242,-106.2165945,2480.4624000000003,3.2004,2.101088,-0.089408,130.46222749209335
193.4,39.96121096,-106.2165927,2480.7672,3.2918400000000005,2.190496,-0.22352,126.86989764584403
193.5,39.96120947,-106.2165907,2480.7672,3.2918400000000005,2.279904,-0.089408,126.86989764584403
193.6,39.96120842,-106.2165888,2480.7672,3.41376,2.2352,0.0,123.34070734647702
193.7,39.96120684,-106.2165868,2480.7672,3.2918400000000005,2.2352,0.0,123.34070734647702
193.8,39.96120588,-106.2165848,2480.7672,3.2918400000000005,2.2352,0.089408,120.06858282186248
193.9,39.96120474,-106.2165826,2480.7672,3.2918400000000005,2.101088,0.0,117.75854060106002
194.0,39.96120365,-106.2165806,2480.7672,3.2918400000000005,2.101088,-0.089408,115.34617594194668
194.2,39.96120194,-106.2165766,2480.7672,3.41376,2.01168,-0.22352,113.9624889745782
194.3,39.96120085,-106.2165745,2480.7672,3.41376,2.056384,-0.089408,109.85521436932106
194.4,39.9612003,-106.2165726,2480.7672,3.41376,1.877568,-0.089408,106.99082329198616
194.5,39.96119977,-106.2165708,2480.7672,3.5052000000000003,1.654048,0.0,107.92791976200726
194.6,39.96119913,-106.2165689,2480.7672,3.5052000000000003,1.78816,-0.089408,104.82647997035563
194.7,39.96119888,-106.216567,2480.7672,3.5052000000000003,1.654048,0.0,101.63363399894048
194.8,39.96119861,-106.2165653,2480.7672,3.5052000000000003,1.56464,-0.089408,99.16234704572172
194.9,39.9611983,-106.2165638,2481.072,3.5966400000000003,1.519936,0.0,94.23639479905889
195.0,39.96119817,-106.2165624,2481.072,3.5966400000000003,1.34112,0.0,90.0
195.1,39.96119819,-106.2165612,2481.072,3.5966400000000003,1.162304,0.0,90.0
195.2,39.96119814,-106.2165601,2481.072,3.5966400000000003,0.938784,0.0,90.0
195.3,39.96119848,-106.2165593,2481.072,3.68808,0.938784,0.089408,82.8749836510982
195.4,39.96119864,-106.2165585,2481.072,3.68808,0.67056,0.312928,81.25383773744477
195.5,39.96119902,-106.2165581,2481.072,3.5966400000000003,0.491744,0.402336,65.55604521958344
195.6,39.96119925,-106.2165573,2480.7672,3.5052000000000003,0.67056,0.715264,60.94539590092285
195.7,39.96119965,-106.2165572,2480.7672,3.5052000000000003,0.67056,0.491744,54.462322208025626
195.8,39.9611999,-106.2165568,2480.7672,3.41376,0.0,0.491744,54.462322208025626
195.9,39.96120032,-106.2165566,2480.7672,3.2918400000000005,0.0,0.581152,45.0
196.0,39.96120056,-106.2165563,2480.4624000000003,3.2004,0.0,0.804672,45.0
196.1,39.96120104,-106.2165564,2480.4624000000003,3.2004,0.491744,0.581152,45.0
196.2,39.96120138,-106.2165562,2480.4624000000003,3.2004,0.491744,0.804672,35.537677791974374
196.3,39.96120181,-106.2165562,2480.4624000000003,3.10896,0.491744,0.983488,15.945395900922849
196.4,39.9612021,-106.2165561,2480.4624000000003,2.9870400000000004,0.491744,0.983488,15.945395900922849
196.5,39.96120261,-106.2165564,2480.1576,2.8956,0.0,0.89408,0.0
196.6,39.96120286,-106.2165563,2480.1576,2.80416,0.0,1.1176,0.0
196.7,39.96120306,-106.2165564,2480.1576,2.80416,0.0,0.715264,0.0
196.8,39.96120317,-106.2165566,2480.1576,2.7127200000000005,0.0,0.491744,90.0
196.9,39.96120327,-106.2165566,2480.1576,2.7127200000000005,0.67056,0.402336,90.0
197.0,39.96120322,-106.2165564,2480.1576,2.7127200000000005,0.0,0.402336,90.0
197.1,39.96120299,-106.2165564,2480.1576,2.7127200000000005,0.491744,0.312928,135.0
197.2,39.96120281,-106.2165561,2479.8528,2.5908,0.0,0.312928,111.80140948635182
197.3,39.96120265,-106.2165558,2479.8528,2.5908,0.0,0.089408,90.0
197.4,39.96120266,-106.2165556,2479.8528,2.5908,0.0,0.22352,90.0
197.5,39.96120247,-106.2165553,2479.8528,2.49936,0.0,0.089408,68.19859051364818
197.6,39.9612027,-106.2165551,2479.8528,2.5908,0.0,0.0,12.528807709151522
197.7,39.96120297,-106.2165549,2479.8528,2.5908,0.0,0.0,7.125016348901795
197.8,39.96120382,-106.2165547,2479.8528,2.5908,0.67056,0.0,4.573921259900885
197.9,39.96120472,-106.2165546,2479.8528,2.5908,0.938784,0.0,3.9451862290375743
198.0,39.96120577,-106.2165545,2479.8528,2.5908,1.162304,0.0,3.1798301198642207
198.1,39.96120743,-106.2165543,2479.8528,2.5908,1.519936,0.0,2.8624052261117754
198.2,39.96120922,-106.2165541,2480.1576,2.7127200000000005,1.877568,0.0,2.5448043798131152
198.3,39.96121089,-106.216554,2480.1576,2.7127200000000005,1.966976,-0.22352,2.5448043798131152
198.4,39.96121276,-106.2165538,2480.1576,2.7127200000000005,2.01168,-0.089408,6.6325146151384615
198.5,39.96121494,-106.2165535,2480.1576,2.80416,2.279904,-0.089408,7.495857639729877
198.6,39.96121635,-106.2165532,2480.1576,2.8956,2.01168,-0.22352,9.78240703180728
198.7,39.96121795,-106.2165529,2480.1576,2.8956,1.78816,-0.089408,15.642246457208728
198.8,39.96121879,-106.2165526,2480.4624000000003,2.9870400000000004,1.430528,0.0,23.629377730656813
198.9,39.9612198,-106.2165522,2480.4624000000003,2.9870400000000004,1.162304,0.089408,32.47119229084848
199.0,39.96122049,-106.2165518,2480.1576,2.8956,0.938784,0.089408,54.462322208025626
199.1,39.96122074,-106.2165514,2480.1576,2.8956,0.67056,0.089408,90.0
199.2,39.96122066,-106.216551,2480.1576,2.8956,0.0,0.089408,119.05460409907715
199.3,39.96122055,-106.2165505,2480.1576,2.8956,0.491744,0.22352,135.0
199.4,39.96122005,-106.21655,2480.1576,2.80416,0.67056,0.22352,145.30484646876602
199.5,39.96121886,-106.2165495,2480.1576,2.80416,0.938784,0.312928,153.43494882292202
199.6,39.96121824,-106.2165489,2480.1576,2.80416,1.162304,0.0,156.2505055071333
199.7,39.96121657,-106.2165483,2480.1576,2.80416,1.34112,0.0,159.22774531795417
199.8,39.9612153,-106.2165477,2480.1576,2.80416,1.6987519999999998,0.089408,160.46334506187168
199.9,39.96121323,-106.2165471,2480.1576,2.80416,1.877568,0.0,163.0091767080139
200.0,39.96121179,-106.2165464,2480.1576,2.80416,2.01168,0.0,162.07208023799274
200.1,39.96120981,-106.2165457,2480.1576,2.80416,2.01168,0.089408,159.22774531795417
200.2,39.96120844,-106.216545,2480.1576,2.80416,2.01168,0.089408,157.83365417791754
200.3,39.96120686,-106.2165446,2480.1576,2.7127200000000005,1.78816,0.089408,156.2505055071333
200.4,39.96120597,-106.216544,2480.1576,2.7127200000000005,1.519936,0.089408,153.43494882292202
200.6,39.9612036,-106.216543,2479.8528,2.5908,1.296416,0.22352,150.64224645720873
200.7,39.96120273,-106.2165425,2479.8528,2.5908,1.251712,0.0,153.43494882292202
200.9,39.96120079,-106.2165415,2479.8528,2.5908,1.162304,-0.089408,153.43494882292202
201.1,39.96119916,-106.2165405,2480.1576,2.7127200000000005,1.1176,0.0,150.64224645720873
201.2,39.96119846,-106.2165399,2480.1576,2.7127200000000005,0.89408,0.0,150.64224645720873
201.3,39.96119796,-106.2165395,2480.1576,2.80416,0.804672,0.0,150.64224645720873
201.5,39.96119687,-106.2165384,2480.1576,2.80416,0.938784,0.0,139.76364169072622
201.6,39.9611963,-106.2165378,2480.1576,2.80416,0.759968,0.22352,139.76364169072622
201.7,39.96119577,-106.2165373,2480.1576,2.80416,0.938784,0.089408,139.76364169072622
201.8,39.96119525,-106.2165368,2480.1576,2.80416,0.67056,0.0,139.76364169072622
201.9,39.96119478,-106.2165361,2480.1576,2.7127200000000005,0.67056,0.089408,145.4914770123316
202.0,39.96119412,-106.2165354,2480.1576,2.7127200000000005,0.804672,0.089408,145.4914770123316
202.1,39.96119334,-106.216535,2480.1576,2.7127200000000005,0.804672,0.0,148.5704343851615
202.3,39.96119178,-106.2165337,2480.1576,2.7127200000000005,0.983488,0.0,151.18920625702697
202.4,39.96119092,-106.2165332,2480.1576,2.7127200000000005,1.028192,0.089408,151.18920625702697
202.5,39.96119011,-106.2165325,2480.1576,2.7127200000000005,1.162304,0.0,151.18920625702697
202.6,39.9611892,-106.2165319,2480.1576,2.7127200000000005,1.162304,0.0,153.43494882292202
202.7,39.96118828,-106.2165313,2480.1576,2.80416,1.162304,-0.089408,153.43494882292202
202.8,39.96118737,-106.2165307,2480.1576,2.80416,1.162304,-0.089408,151.18920625702697
202.9,39.96118638,-106.2165301,2480.1576,2.80416,1.162304,0.089408,151.18920625702697
203.0,39.96118553,-106.2165295,2480.1576,2.80416,1.162304,0.089408,151.18920625702697
203.1,39.96118461,-106.216529,2480.1576,2.80416,1.0728959999999998,0.0,151.18920625702697
203.2,39.96118382,-106.2165284,2480.1576,2.80416,1.162304,0.0,148.5704343851615
203.3,39.96118288,-106.2165279,2480.1576,2.7127200000000005,1.0728959999999998,0.22352,153.43494882292202
203.4,39.96118215,-106.2165273,2480.1576,2.7127200000000005,1.0728959999999998,0.089408,150.64224645720873
203.5,39.96118139,-106.2165268,2480.1576,2.7127200000000005,0.938784,0.0,150.64224645720873
203.6,39.96118057,-106.2165263,2480.1576,2.80416,0.938784,0.0,150.64224645720873
203.7,39.96117987,-106.2165258,2480.1576,2.80416,0.938784,0.0,150.64224645720873
203.8,39.96117924,-106.2165253,2480.1576,2.80416,0.804672,0.0,145.30484646876602
203.9,39.96117853,-106.2165249,2480.1576,2.80416,0.938784,0.0,145.30484646876602
204.0,39.96117793,-106.2165245,2480.1576,2.80416,0.804672,0.0,151.69924423399362
204.1,39.96117733,-106.2165242,2480.1576,2.80416,0.67056,0.0,151.69924423399362
204.2,39.96117668,-106.2165238,2480.1576,2.80416,0.938784,0.089408,151.69924423399362
204.3,39.96117624,-106.2165234,2480.1576,2.7127200000000005,0.67056,0.089408,151.69924423399362
204.4,39.96117571,-106.216523,2480.1576,2.7127200000000005,0.67056,0.089408,147.52880770915152
204.5,39.96117514,-106.2165228,2480.1576,2.7127200000000005,0.67056,0.0,155.55604521958344
204.6,39.96117462,-106.2165225,2480.1576,2.80416,0.67056,-0.089408,147.52880770915152
204.7,39.96117415,-106.2165221,2480.1576,2.80416,0.67056,-0.089408,147.52880770915152
204.8,39.96117366,-106.2165217,2480.1576,2.80416,0.67056,0.0,147.52880770915152
204.9,39.96117316,-106.2165213,2480.1576,2.80416,0.804672,0.089408,135.0
205.0,39.96117273,-106.2165208,2480.1576,2.80416,0.67056,0.089408,135.0
205.1,39.9611725,-106.2165204,2480.1576,2.80416,0.67056,0.0,135.0
205.2,39.96117212,-106.2165199,2480.1576,2.80416,0.0,0.089408,127.8749836510982
205.3,39.96117185,-106.2165195,2480.1576,2.80416,0.67056,0.22352,127.8749836510982
205.4,39.96117158,-106.2165189,2480.1576,2.80416,0.67056,0.089408,119.05460409907715
205.5,39.96117144,-106.2165183,2480.1576,2.80416,0.67056,0.22352,114.44395478041656
205.6,39.96117126,-106.2165176,2480.1576,2.80416,0.67056,0.22352,98.74616226255525
205.7,39.96117121,-106.2165169,2480.1576,2.80416,0.67056,0.402336,97.1250163489018
205.8,39.96117105,-106.216516,2480.1576,2.7127200000000005,0.67056,0.491744,90.0
205.9,39.96117116,-106.2165149,2480.1576,2.7127200000000005,0.938784,0.491744,90.0
206.0,39.96117118,-106.2165138,2480.1576,2.7127200000000005,0.938784,0.22352,90.0
206.1,39.96117133,-106.2165126,2479.8528,2.5908,1.162304,0.22352,90.0
206.2,39.96117145,-106.2165113,2479.8528,2.5908,0.938784,0.312928,85.42607874009911
206.3,39.96117179,-106.2165097,2479.8528,2.5908,1.162304,0.312928,78.69006752597977
206.4,39.96117193,-106.2165084,2479.8528,2.5908,1.162304,0.22352,78.69006752597977
206.5,39.9611725,-106.2165068,2479.8528,2.5908,1.34112,0.22352,75.46554491945989
206.6,39.96117286,-106.2165054,2479.8528,2.5908,1.430528,0.0,71.56505117707798
206.7,39.96117347,-106.2165038,2479.8528,2.5908,1.519936,0.0,71.56505117707798
206.8,39.96117393,-106.2165023,2479.8528,2.5908,1.34112,0.089408,67.83365417791754
206.9,39.96117458,-106.2165008,2479.8528,2.5908,1.519936,0.22352,67.83365417791754
207.0,39.96117509,-106.2164993,2479.8528,2.49936,1.430528,0.22352,64.29004621918875
207.1,39.9611758,-106.2164978,2479.8528,2.49936,1.56464,0.0,64.29004621918875
207.2,39.9611764,-106.2164963,2479.8528,2.49936,1.519936,0.0,64.29004621918875
207.3,39.9611771,-106.2164947,2479.8528,2.49936,1.519936,0.0,59.34933204294714
207.4,39.96117775,-106.2164933,2479.8528,2.49936,1.56464,-0.089408,57.38075692880716
207.5,39.96117861,-106.2164921,2479.8528,2.49936,1.34112,0.0,57.38075692880716
207.6,39.96117928,-106.2164907,2479.8528,2.5908,1.34112,-0.089408,53.9726266148964
207.7,39.96118001,-106.2164893,2479.8528,2.5908,1.34112,0.0,53.9726266148964
207.8,39.96118067,-106.2164881,2479.8528,2.5908,1.34112,0.089408,53.9726266148964
207.9,39.96118132,-106.216487,2479.8528,2.5908,1.162304,0.0,51.34019174590992
208.0,39.96118201,-106.2164858,2479.8528,2.49936,1.162304,0.312928,51.34019174590992
208.1,39.96118263,-106.2164848,2479.8528,2.49936,1.162304,0.491744,51.34019174590992
208.2,39.96118327,-106.2164838,2479.8528,2.4079200000000003,1.0728959999999998,0.491744,48.36646066342979
208.3,39.96118401,-106.216483,2479.8528,2.4079200000000003,1.162304,0.581152,48.36646066342979
208.4,39.96118467,-106.216482,2479.548,2.286,1.0728959999999998,0.491744,48.36646066342979
208.5,39.96118537,-106.2164813,2479.548,2.286,0.938784,0.491744,48.36646066342979
208.6,39.96118604,-106.2164804,2479.548,2.19456,1.0728959999999998,0.491744,48.36646066342979
208.7,39.96118677,-106.2164797,2479.548,2.19456,0.938784,0.402336,41.63353933657021
208.8,39.96118751,-106.2164788,2479.548,2.10312,1.0728959999999998,0.491744,41.63353933657021
208.9,39.9611883,-106.216478,2479.548,2.10312,1.0728959999999998,0.402336,41.63353933657021
209.0,39.96118905,-106.2164772,2479.548,2.10312,1.162304,0.312928,41.63353933657021
209.1,39.9611898,-106.2164765,2479.548,2.10312,1.162304,0.089408,39.0938588862295
209.2,39.96119044,-106.2164758,2479.2432000000003,2.01168,1.0728959999999998,0.312928,39.0938588862295
209.3,39.96119115,-106.216475,2479.2432000000003,1.88976,0.938784,0.402336,45.0
209.4,39.96119173,-106.2164743,2479.2432000000003,1.79832,0.938784,0.491744,40.23635830927384
209.5,39.96119233,-106.2164738,2479.2432000000003,1.79832,0.67056,0.22352,39.28940686250036
209.6,39.96119278,-106.2164733,2479.2432000000003,1.88976,0.67056,0.0,45.0
209.7,39.96119319,-106.216473,2479.2432000000003,1.88976,0.67056,0.089408,45.0
209.8,39.96119367,-106.2164725,2479.2432000000003,1.79832,0.67056,0.22352,52.1250163489018
209.9,39.96119398,-106.2164721,2479.2432000000003,1.79832,0.491744,0.089408,50.71059313749964
210.0,39.96119438,-106.2164714,2479.2432000000003,1.79832,0.491744,0.089408,55.304846468766016
210.1,39.96119488,-106.2164711,2479.2432000000003,1.79832,0.491744,0.089408,55.304846468766016
210.2,39.96119532,-106.2164703,2479.2432000000003,1.79832,0.67056,0.0,55.304846468766016
210.3,39.96119563,-106.2164695,2479.2432000000003,1.79832,0.804672,0.0,55.49147701233159
210.4,39.96119612,-106.2164688,2479.2432000000003,1.79832,0.938784,0.089408,55.49147701233159
210.5,39.96119656,-106.216468,2479.2432000000003,1.79832,0.804672,0.0,58.57043438516149
210.6,39.96119704,-106.216467,2479.2432000000003,1.88976,0.804672,0.0,58.57043438516149
210.7,39.96119754,-106.2164661,2479.2432000000003,1.79832,0.938784,0.089408,58.57043438516149
210.8,39.96119803,-106.2164651,2479.2432000000003,1.79832,0.938784,0.0,58.57043438516149
210.9,39.96119862,-106.216464,2479.2432000000003,1.88976,1.162304,0.0,61.18920625702691
211.0,39.96119909,-106.2164629,2479.2432000000003,1.88976,1.162304,-0.089408,61.18920625702691
211.1,39.96119981,-106.2164618,2479.2432000000003,1.88976,1.162304,0.22352,61.18920625702691
211.2,39.96120026,-106.2164606,2479.2432000000003,1.79832,1.251712,0.312928,65.77225468204585
211.3,39.96120079,-106.2164596,2479.2432000000003,1.79832,1.0728959999999998,0.0,63.43494882292202
211.4,39.96120126,-106.2164585,2479.2432000000003,1.79832,1.0728959999999998,0.0,68.74949449286675
211.5,39.96120172,-106.2164576,2478.9384,1.70688,1.162304,0.22352,66.37062226934319
211.6,39.96120201,-106.2164567,2479.2432000000003,1.79832,0.804672,-0.089408,68.9624889745782
211.7,39.96120235,-106.2164559,2479.2432000000003,1.79832,0.67056,-0.089408,65.55604521958344
211.8,39.96120254,-106.2164552,2479.2432000000003,1.79832,0.67056,-0.089408,79.69515353123398
211.9,39.96120272,-106.2164545,2479.2432000000003,1.88976,0.0,0.0,77.47119229084848
212.0,39.96120296,-106.2164538,2479.2432000000003,1.88976,0.67056,0.0,90.0
212.1,39.96120291,-106.2164536,2479.2432000000003,1.88976,0.491744,0.0,90.0
212.2,39.96120292,-106.2164531,2479.2432000000003,1.88976,0.491744,0.0,90.0
212.3,39.96120303,-106.2164525,2479.2432000000003,1.88976,0.491744,0.0,90.0
212.5,39.96120274,-106.2164515,2479.2432000000003,1.88976,0.44704,0.089408,102.52880770915152
212.6,39.9612027,-106.2164509,2479.2432000000003,1.88976,0.44704,0.22352,102.52880770915152
212.7,39.96120255,-106.2164504,2479.2432000000003,1.88976,0.0,0.312928,102.52880770915152
212.8,39.96120242,-106.2164499,2479.2432000000003,1.88976,0.67056,0.402336,102.52880770915152
212.9,39.96120206,-106.2164496,2479.2432000000003,1.79832,0.491744,0.581152,105.94539590092285
213.1,39.96120168,-106.2164488,2478.9384,1.70688,0.44704,0.491744,105.94539590092285
213.2,39.96120141,-106.2164485,2478.9384,1.70688,0.44704,0.402336,111.80140948635182
213.3,39.9612012,-106.2164482,2478.9384,1.70688,0.0,0.312928,111.80140948635182
213.4,39.96120103,-106.2164479,2478.9384,1.58496,0.0,0.312928,135.0
213.5,39.96120076,-106.2164476,2478.9384,1.58496,0.0,0.22352,135.0
213.6,39.9612006,-106.2164474,2478.9384,1.58496,0.0,0.312928,135.0
213.7,39.9612006,-106.2164472,2478.9384,1.4935200000000002,0.0,0.312928,135.0
213.8,39.96120044,-106.216447,2478.9384,1.4935200000000002,0.0,0.312928,135.0
213.9,39.96120042,-106.216447,2478.6336,1.40208,0.0,0.22352,90.0
214.0,39.96120035,-106.2164468,2478.6336,1.40208,0.0,0.312928,90.0
214.1,39.96120036,-106.2164466,2478.6336,1.40208,0.0,0.22352,90.0
214.3,39.96120033,-106.2164464,2478.6336,1.31064,0.0,0.089408,90.0
214.4,39.96120033,-106.2164462,2478.6336,1.31064,0.0,0.0,90.0
214.5,39.96120036,-106.2164461,2478.6336,1.40208,0.0,0.0,90.0
214.6,39.96120041,-106.2164459,2478.6336,1.40208,0.0,0.0,90.0
214.7,39.96120052,-106.2164456,2478.6336,1.40208,0.0,0.22352,90.0
214.8,39.9612006,-106.2164455,2478.6336,1.31064,0.0,0.312928,45.0
214.9,39.96120064,-106.2164454,2478.6336,1.31064,0.0,0.491744,90.0
215.0,39.96120073,-106.2164453,2478.6336,1.31064,0.0,0.581152,45.0
215.1,39.96120089,-106.2164451,2478.6336,1.18872,0.0,0.715264,45.0
215.2,39.961201,-106.216445,2478.6336,1.18872,0.0,0.491744,0.0
215.3,39.96120104,-106.2164449,2478.3288,1.09728,0.491744,0.581152,0.0
215.4,39.96120108,-106.2164448,2478.3288,1.00584,0.0,0.491744,0.0
215.5,39.96120135,-106.2164448,2478.3288,0.9144,0.0,0.491744,0.0
215.6,39.96120147,-106.2164448,2478.3288,1.00584,0.0,0.0,0.0
215.7,39.96120172,-106.2164448,2478.3288,0.9144,0.0,0.089408,0.0
215.8,39.9612019,-106.2164448,2478.3288,1.00584,0.0,0.0,0.0
215.9,39.96120208,-106.2164446,2478.3288,0.9144,0.0,0.22352,0.0
216.0,39.96120233,-106.2164444,2478.3288,1.00584,0.0,0.0,21.80140948635181
216.1,39.96120274,-106.2164442,2478.3288,1.00584,0.0,0.0,15.945395900922849
216.3,39.96120356,-106.2164438,2478.3288,1.00584,0.0,0.089408,24.44395478041656
216.4,39.9612041,-106.2164435,2478.3288,1.00584,0.625856,0.0,21.037511025421797
216.5,39.96120463,-106.2164431,2478.3288,1.00584,0.67056,0.0,21.037511025421797
216.6,39.96120521,-106.2164429,2478.3288,1.09728,0.67056,-0.089408,21.037511025421797
216.7,39.96120577,-106.2164424,2478.3288,1.09728,0.938784,0.0,35.537677791974374
216.8,39.96120596,-106.2164421,2478.3288,1.09728,0.67056,0.0,90.0
216.9,39.96120588,-106.2164417,2478.3288,1.00584,0.67056,0.089408,158.19859051364824
217.0,39.96120551,-106.2164415,2478.3288,1.00584,0.67056,0.089408,169.69515353123393
217.1,39.96120501,-106.216441,2478.3288,1.09728,0.67056,-0.089408,171.25383773744477
217.2,39.96120432,-106.2164408,2478.3288,1.00584,0.938784,0.0,172.8749836510982
217.3,39.96120375,-106.2164406,2478.3288,1.00584,0.67056,0.0,171.25383773744477
217.4,39.96120319,-106.2164404,2478.3288,1.00584,0.67056,0.0,169.69515353123393
217.5,39.96120223,-106.2164403,2478.3288,1.00584,0.804672,0.0,169.69515353123393
217.6,39.96120237,-106.2164401,2478.3288,1.00584,0.0,0.0,167.47119229084842
217.7,39.96120154,-106.2164401,2478.3288,1.09728,0.0,-0.089408,167.47119229084842
217.8,39.96120122,-106.21644,2478.3288,1.09728,0.67056,0.0,180.0
217.9,39.96120047,-106.21644,2478.3288,1.09728,0.67056,0.22352,180.0
218.0,39.96120023,-106.21644,2478.3288,1.09728,0.67056,0.22352,201.80140948635184
218.1,39.96119983,-106.2164403,2478.3288,1.00584,0.0,0.0,225.0
218.2,39.9611992,-106.2164407,2478.3288,1.09728,0.67056,0.0,240.94539590092285
218.3,39.96119896,-106.2164411,2478.3288,1.00584,0.67056,0.089408,234.46232220802565
218.4,39.96119873,-106.2164415,2478.3288,1.00584,0.491744,0.312928,234.46232220802565
218.5,39.96119835,-106.2164418,2478.3288,1.00584,0.491744,0.089408,234.46232220802565
218.6,39.96119817,-106.2164423,2478.3288,0.9144,0.0,0.22352,257.4711922908485
218.7,39.96119815,-106.216443,2478.3288,0.9144,0.491744,0.089408,257.4711922908485
218.8,39.96119799,-106.2164434,2478.3288,0.7924800000000001,0.0,0.0,257.4711922908485
218.9,39.96119791,-106.2164442,2478.3288,0.7924800000000001,0.67056,0.0,257.4711922908485
219.0,39.96119781,-106.2164447,2478.3288,0.9144,0.0,-0.089408,257.4711922908485
219.1,39.96119797,-106.2164453,2478.3288,0.9144,0.491744,-0.22352,270.0
219.2,39.96119793,-106.2164458,2478.3288,0.9144,0.67056,-0.089408,270.0
219.3,39.961198,-106.2164464,2478.3288,1.00584,0.67056,-0.089408,270.0
219.4,39.96119804,-106.216447,2478.3288,1.00584,0.67056,-0.22352,270.0
219.5,39.96119788,-106.2164478,2478.3288,1.09728,0.491744,-0.22352,270.0
219.6,39.96119781,-106.2164485,2478.3288,1.09728,0.67056,-0.089408,270.0
219.7,39.9611977,-106.2164495,2478.3288,1.09728,0.491744,0.0,270.0
219.8,39.96119763,-106.2164503,2478.3288,1.09728,0.67056,0.22352,270.0
219.9,39.96119775,-106.2164509,2478.3288,1.09728,0.491744,0.581152,270.0
220.0,39.96119785,-106.2164514,2478.3288,1.00584,0.491744,0.89408,270.0
220.1,39.96119785,-106.2164521,2478.3288,0.9144,0.491744,0.983488,270.0
220.2,39.96119791,-106.2164526,2478.3288,0.7924800000000001,0.491744,1.1176,270.0
220.3,39.96119802,-106.2164531,2478.0240000000003,0.70104,0.67056,0.89408,270.0
220.4,39.96119804,-106.2164535,2478.0240000000003,0.6096,0.67056,0.715264,270.0
220.5,39.96119818,-106.2164539,2478.0240000000003,0.48768,0.491744,0.581152,270.0
220.6,39.96119822,-106.2164541,2478.0240000000003,0.48768,0.0,0.491744,270.0
220.7,39.96119808,-106.2164544,2478.0240000000003,0.48768,0.0,0.402336,270.0
220.8,39.96119806,-106.2164545,2477.7192,0.39624,0.0,0.312928,270.0
220.9,39.96119828,-106.2164544,2477.7192,0.39624,0.0,0.312928,0.0
221.0,39.9611982,-106.2164546,2477.7192,0.3048,0.0,0.312928,0.0
221.1,39.9611983,-106.2164546,2477.7192,0.3048,0.0,0.22352,0.0
221.2,39.96119835,-106.2164547,2477.7192,0.3048,0.0,0.22352,0.0
221.3,39.9611987,-106.2164546,2477.7192,0.3048,0.0,0.089408,0.0
221.4,39.96119882,-106.2164547,2477.7192,0.21336,0.0,0.22352,0.0
221.5,39.96119895,-106.2164547,2477.7192,0.21336,0.491744,0.089408,0.0
221.6,39.96119918,-106.2164545,2477.7192,0.21336,0.0,0.089408,0.0
221.7,39.96119928,-106.2164545,2477.7192,0.21336,0.0,0.0,0.0
221.8,39.96119936,-106.2164545,2477.7192,0.21336,0.0,0.0,0.0
221.9,39.96119941,-106.2164545,2477.7192,0.21336,0.0,0.089408,0.0
222.0,39.96119944,-106.2164545,2477.7192,0.21336,0.0,0.089408,0.0
222.1,39.96119952,-106.2164547,2477.7192,0.21336,0.0,0.22352,0.0
222.2,39.96119949,-106.2164547,2477.4144,0.09144,0.0,0.402336,0.0
222.3,39.96119949,-106.2164547,2477.4144,0.0,0.0,0.402336,0.0
222.4,39.96119944,-106.2164548,2477.4144,0.0,0.0,0.402336,0.0
222.5,39.96119963,-106.2164551,2477.4144,0.0,0.0,0.402336,0.0
222.6,39.9611996,-106.2164551,2477.4144,0.0,0.491744,0.22352,0.0
222.7,39.96119959,-106.2164552,2477.4144,-0.09144,0.0,0.402336,0.0
222.9,39.96119961,-106.2164554,2477.1096,-0.3048,0.0,0.312928,0.0
223.0,39.96119963,-106.2164553,2477.1096,-0.39624,0.0,0.22352,0.0
223.1,39.96119965,-106.2164554,2477.1096,-0.39624,0.0,0.22352,0.0
223.3,39.96119975,-106.2164554,2477.1096,-0.39624,0.0,0.089408,0.0
223.4,39.96119975,-106.2164554,2477.1096,-0.39624,0.0,0.089408,0.0
223.5,39.96119979,-106.2164553,2477.1096,-0.39624,0.0,0.22352,0.0
223.6,39.96119977,-106.2164553,2477.1096,-0.39624,0.0,0.089408,0.0
223.7,39.96119985,-106.2164553,2477.1096,-0.39624,0.0,0.22352,0.0
223.8,39.9611999,-106.2164553,2477.1096,-0.39624,0.0,0.312928,0.0
223.9,39.96119998,-106.2164552,2476.8048000000003,-0.48768,0.0,0.312928,0.0
224.0,39.96119994,-106.2164552,2476.8048000000003,-0.48768,0.0,0.491744,0.0
224.1,39.9612,-106.2164552,2476.8048000000003,-0.70104,0.0,0.581152,0.0
224.3,39.96119993,-106.216455,2476.5,-0.9144,0.0,0.312928,0.0
224.4,39.9611999,-106.2164551,2476.5,-0.9144,0.0,0.312928,0.0
224.5,39.96119996,-106.216455,2476.5,-1.00584,0.0,0.312928,0.0
224.6,39.96119992,-106.216455,2476.5,-1.00584,0.0,0.402336,0.0
224.7,39.96119998,-106.216455,2476.1952,-1.09728,0.0,0.491744,0.0
224.8,39.96119996,-106.2164549,2476.1952,-1.18872,0.491744,0.581152,0.0
224.9,39.96120005,-106.2164548,2476.1952,-1.31064,0.0,0.715264,0.0
225.0,39.96120015,-106.2164548,2475.8904,-1.40208,0.0,0.89408,0.0
225.1,39.96120012,-106.2164546,2475.8904,-1.58496,0.0,0.983488,90.0
225.2,39.96119999,-106.2164544,2475.5856000000003,-1.79832,0.0,0.804672,111.80140948635182
225.3,39.96119996,-106.2164541,2475.5856000000003,-1.88976,0.0,0.89408,135.0
225.4,39.96119986,-106.2164541,2475.2808,-2.10312,0.0,0.804672,180.0
225.5,39.96119975,-106.216454,2475.2808,-2.19456,0.0,0.715264,0.0
225.6,39.96119981,-106.2164542,2474.976,-2.286,0.0,0.581152,0.0
225.7,39.96119983,-106.2164541,2474.976,-2.286,0.0,0.491744,0.0
225.8,39.96119986,-106.2164541,2474.976,-2.4079200000000003,0.0,0.402336,0.0
225.9,39.96119989,-106.216454,2474.976,-2.4079200000000003,0.0,0.22352,0.0
226.0,39.96119985,-106.216454,2474.976,-2.4079200000000003,0.0,0.22352,0.0
226.1,39.96119995,-106.2164541,2474.976,-2.286,0.0,0.089408,0.0
226.2,39.96119989,-106.216454,2474.976,-2.286,0.0,0.0,0.0
226.3,39.96119988,-106.2164541,2474.976,-2.286,0.0,0.0,0.0
226.4,39.96119986,-106.2164541,2475.2808,-2.19456,0.0,0.0,0.0
226.5,39.96119985,-106.2164541,2475.2808,-2.19456,0.0,0.0,0.0
226.7,39.96119994,-106.2164542,2475.2808,-2.10312,0.0,0.0,0.0
226.8,39.96119993,-106.2164542,2475.2808,-2.10312,0.0,0.0,0.0
226.9,39.96119994,-106.2164542,2475.2808,-2.01168,0.491744,0.0,0.0
227.0,39.96119993,-106.2164542,2475.2808,-2.01168,0.0,0.0,0.0
227.1,39.96119992,-106.2164542,2475.5856000000003,-1.88976,0.0,0.0,0.0
