timestamp,latitude,longitude,altitude,height,ground_speed,vertical_speed,course
0.0,39.96120033,-106.2164799,2477.4144,0.0,0.0,0.0,0.0
0.0999999999999999,39.96120033,-106.21647994,2477.4144,0.0,0.0,0.0,0.0
0.1999999999999999,39.96120031,-106.21648005,2477.4144,0.0,0.0,0.0,0.0
0.3,39.96120032,-106.21648005,2477.4144,0.0,0.0,0.0,0.0
0.4,39.96120037,-106.21648002,2477.4144,0.0,0.0,0.0,0.0
0.5,39.96120039,-106.21648,2477.4144,0.0,0.0,0.0,0.0
0.6000000000000001,39.96120044,-106.21647989,2477.4144,0.0,0.0,0.0,0.0
0.7,39.96120044,-106.21647986,2477.4144,0.0,0.0,0.0,0.0
0.8,39.96120043,-106.21647984,2477.4144,0.0,0.0,0.0,0.0
0.8999999999999999,39.96120042,-106.21647982,2477.4144,0.0,0.0,0.0,0.0
1.0,39.96120037,-106.21647984,2477.4144,0.0,0.0,0.0,0.0
1.1,39.96120037,-106.21647986,2477.4144,0.0,0.0,0.0,0.0
1.2,39.96120038,-106.21647993,2477.4144,0.0,0.0,0.0,0.0
1.3,39.96120039,-106.21647998,2477.4144,0.0,0.0,0.0,0.0
1.4,39.9612004,-106.21648014,2477.4144,0.0,0.0,0.0,0.0
1.5,39.96120041,-106.21648017,2477.4144,0.0,0.0,0.0,0.0
1.6,39.96120042,-106.21648019,2477.4144,0.0,0.0,0.0,0.0
1.7000000000000002,39.96120043,-106.21648021,2477.4144,0.0,0.0,0.0,0.0
1.7999999999999998,39.96120043,-106.21648022,2477.4144,0.0,0.0,0.0,0.0
1.9,39.96120041,-106.21648015,2477.4144,0.0,0.0,0.0,0.0
2.0,39.9612004,-106.21648015,2477.4144,0.0,0.0,0.0,0.0
2.1,39.96120039,-106.21648015,2477.4144,0.0,0.0,0.0,0.0
2.2,39.96120038,-106.21648016,2477.4144,0.0,0.0,0.0,0.0
2.3,39.96120034,-106.2164801,2477.4144,0.0,0.0,0.0,0.0
2.4,39.96120033,-106.21648011,2477.4144,0.0,0.0,0.0,0.0
2.5,39.96120032,-106.21648011,2477.4144,0.0,0.0,0.0,0.0
2.6,39.96120031,-106.21648011,2477.4144,0.0,0.0,0.0,0.0
2.7,39.96120031,-106.21648007,2477.4144,0.0,0.0,0.0,0.0
2.8,39.96120029,-106.21648007,2477.4144,0.0,0.0,0.0,0.0
2.9,39.96120026,-106.21648008,2477.4144,0.0,0.0,0.0,0.0
3.0,39.9612002,-106.21648011,2477.4144,0.0,0.0,0.0,0.0
3.1,39.96120011,-106.21648018,2477.4144,0.0,0.0,0.0,0.0
3.2,39.96120008,-106.21648018,2477.4144,0.0,0.0,0.0,0.0
3.3,39.96120007,-106.21648018,2477.4144,0.0,0.491744,0.0,0.0
3.4,39.96120007,-106.21648018,2477.4144,0.0,0.491744,0.0,0.0
3.5,39.96120009,-106.21648017,2477.4144,0.0,0.491744,0.0,0.0
3.6,39.96120019,-106.21648014,2477.4144,0.0,0.0,0.0,0.0
3.7,39.96120021,-106.21648015,2477.4144,0.0,0.0,0.0,0.0
3.8,39.96120022,-106.21648021,2477.4144,0.0,0.0,0.0,0.0
3.9,39.96120024,-106.21648025,2477.4144,0.0,0.0,0.0,0.0
4.0,39.96120028,-106.21648033,2477.4144,0.0,0.0,0.0,0.0
4.1,39.96120028,-106.21648034,2477.4144,0.0,0.0,0.0,0.0
4.2,39.96120027,-106.21648035,2477.4144,0.0,0.0,0.0,0.0
4.3,39.96120027,-106.21648037,2477.4144,0.0,0.0,0.0,0.0
4.4,39.96120025,-106.21648044,2477.4144,0.0,0.0,0.0,0.0
4.5,39.96120023,-106.21648047,2477.4144,0.0,0.0,0.0,0.0
4.6,39.96120022,-106.2164805,2477.4144,0.0,0.0,0.0,0.0
4.7,39.9612002,-106.21648051,2477.4144,0.0,0.0,0.0,0.0
4.8,39.9612002,-106.21648044,2477.4144,0.0,0.0,0.0,0.0
4.9,39.9612002,-106.21648044,2477.4144,0.0,0.0,0.0,0.0
5.0,39.96120019,-106.21648047,2477.4144,0.0,0.0,0.0,0.0
5.1,39.96120019,-106.21648048,2477.4144,0.0,0.0,0.0,0.0
5.2,39.9612002,-106.21648046,2477.4144,0.0,0.0,0.0,0.0
5.3,39.96120022,-106.21648044,2477.4144,0.0,0.0,0.0,0.0
5.4,39.96120022,-106.21648037,2477.4144,0.0,0.0,0.0,0.0
5.5,39.96120019,-106.21648026,2477.4144,0.0,0.0,-0.089408,90.0
5.6,39.96120013,-106.21648008,2477.4144,0.0,0.0,-0.22352,111.80140948635182
5.7,39.96120002,-106.21647986,2477.4144,0.0,0.0,-0.402336,105.94539590092285
5.8,39.96119982,-106.21647951,2477.4144,0.0,0.0,-0.491744,125.53767779197436
5.9,39.96119956,-106.21647915,2477.4144,0.09144,0.67056,-0.715264,135.0
6.0,39.96119922,-106.21647881,2477.7192,0.21336,0.67056,-0.983488,150.94539590092285
6.1,39.96119867,-106.21647862,2477.7192,0.3048,0.67056,-1.207008,167.47119229084842
6.2,39.96119818,-106.2164784,2477.7192,0.39624,0.491744,-1.385824,167.47119229084842
6.3,39.96119767,-106.21647821,2478.0240000000003,0.6096,0.67056,-1.519936,167.47119229084842
6.4,39.96119717,-106.21647805,2478.0240000000003,0.70104,0.67056,-1.609344,180.0
6.5,39.96119652,-106.21647807,2478.3288,0.9144,0.67056,-1.6987519999999998,180.0
6.6,39.96119607,-106.21647808,2478.6336,1.09728,0.67056,-1.609344,180.0
6.7,39.96119569,-106.21647813,2478.6336,1.18872,0.0,-1.609344,180.0
6.8,39.9611953,-106.21647827,2478.9384,1.40208,0.491744,-1.609344,180.0
6.9,39.96119493,-106.21647837,2478.9384,1.4935200000000002,0.0,-1.519936,180.0
7.0,39.96119467,-106.21647867,2479.2432000000003,1.70688,0.491744,-1.385824,180.0
7.1,39.96119437,-106.21647867,2479.2432000000003,1.79832,0.0,-1.385824,180.0
7.2,39.96119408,-106.21647859,2479.548,2.01168,0.491744,-1.519936,180.0
7.3,39.96119382,-106.21647852,2479.548,2.19456,0.0,-1.609344,180.0
7.4,39.96119352,-106.21647816,2479.8528,2.286,0.0,-1.6987519999999998,180.0
7.5,39.96119329,-106.21647805,2479.8528,2.49936,0.0,-1.78816,158.19859051364824
7.6,39.96119311,-106.21647789,2480.1576,2.7127200000000005,0.491744,-1.922272,158.19859051364824
7.699999999999999,39.96119294,-106.21647775,2480.1576,2.8956,0.0,-1.6987519999999998,158.19859051364824
7.800000000000001,39.96119284,-106.21647748,2480.4624000000003,3.10896,0.0,-1.296416,135.0
7.9,39.96119267,-106.21647738,2480.4624000000003,3.2004,0.0,-0.983488,135.0
8.0,39.96119249,-106.21647727,2480.7672,3.2918400000000005,0.0,-0.581152,180.0
8.1,39.96119235,-106.21647719,2480.7672,3.2918400000000005,0.0,-0.402336,180.0
8.2,39.96119224,-106.21647707,2480.7672,3.2918400000000005,0.0,-0.22352,180.0
8.3,39.96119211,-106.21647703,2480.7672,3.41376,0.0,-0.089408,180.0
8.4,39.96119197,-106.21647702,2480.7672,3.41376,0.0,0.0,180.0
8.5,39.96119183,-106.21647705,2480.7672,3.41376,0.0,0.0,180.0
8.6,39.96119166,-106.21647711,2480.7672,3.41376,0.0,0.0,180.0
8.7,39.96119142,-106.21647717,2480.7672,3.41376,0.0,0.0,180.0
8.8,39.96119123,-106.21647717,2480.7672,3.41376,0.0,0.0,180.0
8.9,39.96119106,-106.21647719,2480.7672,3.41376,0.0,0.0,180.0
9.0,39.96119089,-106.21647724,2480.7672,3.41376,0.0,0.0,0.0
9.1,39.96119063,-106.21647721,2480.7672,3.41376,0.0,0.0,0.0
9.2,39.96119059,-106.21647725,2480.7672,3.41376,0.0,0.0,0.0
9.3,39.96119055,-106.21647731,2480.7672,3.41376,0.0,0.0,0.0
9.4,39.96119051,-106.21647738,2480.7672,3.41376,0.0,0.0,0.0
9.5,39.96119061,-106.21647743,2480.7672,3.41376,0.0,0.0,0.0
9.6,39.96119064,-106.21647746,2480.7672,3.41376,0.0,0.0,0.0
9.7,39.96119065,-106.21647749,2480.7672,3.41376,0.0,0.0,0.0
9.8,39.96119062,-106.21647754,2480.7672,3.41376,0.0,0.0,0.0
9.9,39.96119069,-106.21647749,2480.7672,3.41376,0.0,0.0,0.0
10.0,39.96119071,-106.21647754,2480.7672,3.41376,0.0,0.0,0.0
10.1,39.96119073,-106.21647755,2480.7672,3.41376,0.0,0.0,0.0
10.2,39.96119074,-106.21647755,2480.7672,3.41376,0.0,0.0,0.0
10.3,39.96119077,-106.21647759,2480.7672,3.41376,0.0,0.0,0.0
10.4,39.96119081,-106.2164776,2480.7672,3.41376,0.0,0.0,0.0
10.5,39.96119086,-106.21647768,2480.7672,3.41376,0.0,0.0,0.0
10.6,39.96119093,-106.21647774,2480.7672,3.41376,0.0,0.0,0.0
10.7,39.961191,-106.2164778,2480.7672,3.41376,0.0,0.0,0.0
10.8,39.96119112,-106.21647786,2480.7672,3.41376,0.0,0.0,0.0
10.9,39.9611912,-106.21647792,2480.7672,3.41376,0.0,0.0,0.0
11.0,39.96119125,-106.21647797,2480.7672,3.41376,0.0,0.0,0.0
11.1,39.96119129,-106.216478,2480.7672,3.41376,0.0,0.0,0.0
11.2,39.9611913,-106.21647794,2480.7672,3.41376,0.0,0.0,0.0
11.3,39.96119131,-106.21647796,2480.7672,3.41376,0.0,0.0,0.0
11.4,39.96119131,-106.21647796,2480.7672,3.41376,0.0,0.0,0.0
11.5,39.96119131,-106.21647799,2480.7672,3.41376,0.0,0.0,0.0
11.6,39.96119129,-106.216478,2480.7672,3.41376,0.0,0.0,0.0
11.7,39.96119129,-106.21647808,2480.7672,3.41376,0.0,0.0,0.0
11.8,39.96119129,-106.21647814,2480.7672,3.41376,0.0,0.0,0.0
11.9,39.9611913,-106.21647819,2480.7672,3.41376,0.0,0.0,0.0
12.0,39.96119133,-106.21647827,2480.7672,3.41376,0.0,0.0,0.0
12.1,39.96119146,-106.21647828,2480.7672,3.41376,0.0,0.0,0.0
12.2,39.9611915,-106.21647833,2480.7672,3.41376,0.0,0.0,0.0
12.3,39.96119151,-106.21647836,2480.7672,3.41376,0.0,0.0,0.0
12.4,39.96119147,-106.21647838,2480.7672,3.41376,0.0,0.0,0.0
12.5,39.96119142,-106.21647835,2480.7672,3.41376,0.0,0.0,0.0
12.6,39.96119146,-106.21647836,2480.7672,3.41376,0.0,0.0,0.0
12.7,39.96119149,-106.21647839,2480.7672,3.41376,0.0,0.0,0.0
12.8,39.96119149,-106.21647843,2480.7672,3.41376,0.0,0.0,0.0
12.9,39.96119153,-106.21647847,2480.7672,3.41376,0.0,0.0,0.0
13.0,39.96119152,-106.21647852,2480.7672,3.41376,0.0,0.0,0.0
13.1,39.96119152,-106.21647854,2480.7672,3.41376,0.0,0.0,0.0
13.2,39.96119152,-106.21647854,2480.7672,3.41376,0.0,0.0,0.0
13.3,39.96119162,-106.21647856,2480.7672,3.41376,0.0,0.0,0.0
13.4,39.9611917,-106.21647863,2480.7672,3.41376,0.0,0.0,0.0
13.5,39.96119177,-106.21647868,2480.7672,3.41376,0.0,0.0,0.0
13.6,39.96119181,-106.21647873,2480.7672,3.41376,0.0,0.0,0.0
13.7,39.96119185,-106.21647877,2480.7672,3.41376,0.0,0.0,0.0
13.8,39.96119193,-106.21647871,2480.7672,3.41376,0.0,0.0,0.0
13.9,39.96119198,-106.21647872,2480.7672,3.41376,0.0,0.0,0.0
14.0,39.96119204,-106.21647873,2480.7672,3.41376,0.0,0.0,0.0
14.1,39.96119212,-106.21647873,2480.7672,3.41376,0.0,0.0,0.0
14.2,39.96119233,-106.21647875,2480.7672,3.41376,0.0,0.0,0.0
14.3,39.96119243,-106.21647872,2480.7672,3.41376,0.0,0.0,0.0
14.4,39.9611925,-106.21647868,2480.7672,3.41376,0.0,0.0,0.0
14.5,39.96119254,-106.21647864,2480.7672,3.41376,0.0,0.0,0.0
14.6,39.96119252,-106.21647856,2480.7672,3.41376,0.0,0.0,0.0
14.7,39.96119254,-106.21647858,2480.7672,3.41376,0.0,0.0,0.0
14.8,39.96119258,-106.21647861,2480.7672,3.41376,0.0,0.0,0.0
14.9,39.9611926,-106.21647865,2480.7672,3.41376,0.491744,0.0,0.0
15.0,39.96119264,-106.21647876,2480.7672,3.41376,0.0,0.0,0.0
15.1,39.96119262,-106.2164788,2480.7672,3.41376,0.0,0.0,0.0
15.2,39.96119259,-106.21647884,2480.7672,3.41376,0.0,0.0,0.0
15.3,39.96119258,-106.21647889,2480.7672,3.41376,0.0,0.0,0.0
15.4,39.9611926,-106.21647895,2480.7672,3.41376,0.0,0.0,0.0
15.5,39.9611926,-106.21647901,2480.7672,3.41376,0.0,0.0,0.0
15.6,39.96119261,-106.21647902,2480.7672,3.41376,0.0,0.0,0.0
15.7,39.96119264,-106.21647903,2480.7672,3.41376,0.0,0.0,0.0
15.8,39.9611927,-106.21647906,2480.7672,3.41376,0.0,0.0,0.0
15.9,39.96119283,-106.21647906,2480.7672,3.41376,0.0,0.0,0.0
16.0,39.96119284,-106.21647909,2480.7672,3.41376,0.0,0.0,0.0
16.1,39.96119287,-106.2164791,2480.7672,3.41376,0.0,0.0,0.0
16.2,39.96119292,-106.21647909,2480.7672,3.41376,0.0,0.0,0.0
16.3,39.96119298,-106.21647908,2480.7672,3.41376,0.0,0.0,0.0
16.4,39.96119297,-106.21647912,2480.7672,3.41376,0.0,0.0,0.0
16.5,39.96119298,-106.21647914,2480.7672,3.41376,0.0,0.0,0.0
16.6,39.961193,-106.21647915,2480.7672,3.41376,0.0,0.0,0.0
16.7,39.96119295,-106.21647922,2480.7672,3.41376,0.0,0.0,0.0
16.8,39.96119291,-106.21647924,2480.7672,3.41376,0.0,0.0,0.0
16.9,39.96119287,-106.21647922,2480.7672,3.41376,0.0,0.0,0.0
17.1,39.96119281,-106.21647911,2480.7672,3.41376,0.0,0.0,0.0
17.2,39.96119266,-106.21647899,2480.7672,3.41376,0.0,0.0,0.0
17.3,39.96119263,-106.21647894,2480.7672,3.41376,0.0,0.0,0.0
17.4,39.96119264,-106.21647887,2480.7672,3.41376,0.0,0.0,0.0
17.5,39.96119263,-106.21647883,2480.7672,3.41376,0.0,0.0,0.0
17.6,39.96119263,-106.21647873,2480.7672,3.41376,0.0,0.0,0.0
17.7,39.96119262,-106.21647872,2480.7672,3.41376,0.0,0.0,0.0
17.8,39.96119263,-106.21647873,2480.7672,3.41376,0.0,0.0,0.0
17.9,39.96119266,-106.21647874,2480.7672,3.41376,0.0,0.0,0.0
18.0,39.96119274,-106.21647884,2480.7672,3.41376,0.0,0.0,0.0
18.1,39.96119279,-106.21647889,2480.7672,3.41376,0.0,0.0,0.0
18.2,39.96119284,-106.21647896,2480.7672,3.41376,0.0,0.0,0.0
18.3,39.96119289,-106.21647902,2480.7672,3.41376,0.0,0.0,0.0
18.4,39.96119308,-106.21647915,2480.7672,3.41376,0.0,0.0,0.0
18.5,39.96119313,-106.21647921,2480.7672,3.41376,0.0,0.0,0.0
18.6,39.96119319,-106.21647929,2480.7672,3.41376,0.0,0.0,0.0
18.7,39.96119322,-106.21647937,2480.7672,3.41376,0.0,0.0,0.0
18.8,39.96119322,-106.21647946,2480.7672,3.41376,0.0,0.0,0.0
18.9,39.96119329,-106.21647961,2480.7672,3.41376,0.0,0.0,0.0
19.0,39.96119334,-106.21647976,2480.7672,3.41376,0.0,0.0,0.0
19.1,39.96119337,-106.21647988,2480.7672,3.41376,0.0,0.0,0.0
19.2,39.9611934,-106.21648,2480.7672,3.41376,0.0,0.0,0.0
19.3,39.96119354,-106.21648014,2480.7672,3.41376,0.0,0.0,0.0
19.4,39.96119358,-106.21648015,2480.7672,3.41376,0.0,0.0,0.0
19.5,39.96119361,-106.21648014,2480.7672,3.41376,0.0,0.0,0.0
19.6,39.96119363,-106.2164801,2480.7672,3.41376,0.0,0.0,0.0
19.7,39.96119368,-106.21647999,2480.7672,3.2918400000000005,0.0,0.0,0.0
19.8,39.96119366,-106.21647992,2480.7672,3.2918400000000005,0.0,0.0,0.0
19.9,39.96119366,-106.21647983,2480.7672,3.2918400000000005,0.0,0.0,0.0
20.0,39.96119368,-106.21647969,2480.7672,3.2918400000000005,0.0,0.0,0.0
20.1,39.9611937,-106.21647967,2480.7672,3.2918400000000005,0.0,0.0,0.0
20.2,39.96119368,-106.21647965,2480.7672,3.41376,0.0,0.0,0.0
20.3,39.96119367,-106.21647962,2480.7672,3.41376,0.0,0.0,0.0
20.4,39.96119367,-106.21647956,2480.7672,3.41376,0.0,0.0,0.0
20.5,39.96119367,-106.21647951,2480.7672,3.41376,0.0,0.0,0.0
20.6,39.96119369,-106.21647951,2480.7672,3.2918400000000005,0.0,0.0,0.0
20.7,39.96119369,-106.21647944,2480.7672,3.2918400000000005,0.0,0.0,0.0
20.8,39.96119369,-106.21647939,2480.7672,3.41376,0.0,0.0,0.0
20.9,39.96119368,-106.21647935,2480.7672,3.41376,0.0,0.0,0.0
21.0,39.96119366,-106.21647951,2480.7672,3.41376,0.0,0.0,0.0
21.1,39.96119366,-106.21647954,2480.7672,3.41376,0.0,0.0,0.0
21.2,39.96119365,-106.21647955,2480.7672,3.41376,0.0,0.0,0.0
21.3,39.96119366,-106.21647955,2480.7672,3.41376,0.0,0.0,0.0
21.4,39.96119369,-106.21647952,2480.7672,3.41376,0.0,0.0,0.0
21.5,39.96119369,-106.21647948,2480.7672,3.41376,0.0,0.0,0.0
21.6,39.96119367,-106.21647942,2480.7672,3.41376,0.0,0.0,0.0
21.7,39.96119366,-106.21647937,2480.7672,3.41376,0.0,0.0,0.0
21.8,39.9611936,-106.2164793,2480.7672,3.41376,0.0,0.0,0.0
21.9,39.9611936,-106.21647926,2480.7672,3.41376,0.0,0.0,0.0
22.0,39.96119361,-106.2164792,2480.7672,3.41376,0.0,0.0,0.0
22.1,39.96119364,-106.21647915,2480.7672,3.41376,0.0,0.0,0.0
22.2,39.9611937,-106.21647911,2480.7672,3.41376,0.0,0.0,0.0
22.3,39.96119381,-106.21647903,2480.7672,3.41376,0.0,0.0,0.0
22.4,39.96119383,-106.216479,2480.7672,3.41376,0.0,0.0,0.0
22.5,39.96119384,-106.21647898,2480.7672,3.41376,0.0,0.0,0.0
22.6,39.96119383,-106.21647897,2480.7672,3.41376,0.491744,0.0,0.0
22.7,39.96119381,-106.21647893,2480.7672,3.41376,0.0,0.0,0.0
22.8,39.96119384,-106.21647893,2480.7672,3.41376,0.0,0.0,0.0
22.9,39.96119388,-106.21647893,2480.7672,3.41376,0.0,0.0,0.0
23.0,39.9611939,-106.21647892,2480.7672,3.41376,0.0,0.0,0.0
23.1,39.96119396,-106.21647884,2480.7672,3.41376,0.0,0.0,0.0
23.2,39.96119403,-106.21647882,2480.7672,3.41376,0.0,0.0,0.0
23.3,39.96119408,-106.21647882,2480.7672,3.41376,0.0,0.0,0.0
23.4,39.9611941,-106.21647885,2480.7672,3.41376,0.0,0.0,0.0
23.5,39.96119417,-106.21647883,2480.7672,3.41376,0.0,0.0,0.0
23.6,39.9611942,-106.21647887,2480.7672,3.41376,0.0,0.0,0.0
23.7,39.96119421,-106.2164789,2480.7672,3.41376,0.0,0.0,0.0
23.8,39.96119418,-106.21647894,2480.7672,3.41376,0.0,0.0,0.0
23.9,39.96119417,-106.21647898,2480.7672,3.41376,0.0,0.0,0.0
24.0,39.96119419,-106.21647897,2480.7672,3.41376,0.0,0.0,0.0
24.1,39.9611942,-106.21647902,2480.7672,3.41376,0.0,0.0,0.0
24.2,39.96119419,-106.2164791,2480.7672,3.41376,0.0,0.0,0.0
24.3,39.96119418,-106.21647915,2480.7672,3.41376,0.0,0.0,0.0
24.4,39.96119416,-106.21647913,2480.7672,3.41376,0.0,0.0,0.0
24.5,39.96119415,-106.21647915,2480.7672,3.2918400000000005,0.67056,0.0,0.0
24.6,39.96119416,-106.21647918,2480.7672,3.41376,0.0,0.0,0.0
24.7,39.96119417,-106.21647922,2480.7672,3.2918400000000005,0.0,0.0,0.0
24.8,39.9611942,-106.21647928,2480.7672,3.41376,0.0,0.0,0.0
24.9,39.96119421,-106.21647934,2480.7672,3.41376,0.0,0.0,0.0
25.0,39.96119423,-106.21647938,2480.7672,3.41376,0.0,0.0,0.0
25.1,39.96119424,-106.21647942,2480.7672,3.41376,0.0,0.0,0.0
25.2,39.96119424,-106.21647945,2480.7672,3.2918400000000005,0.0,0.0,0.0
25.3,39.96119424,-106.21647953,2480.7672,3.2918400000000005,0.0,0.0,0.0
25.4,39.96119424,-106.21647964,2480.7672,3.2918400000000005,0.0,0.0,0.0
25.5,39.96119426,-106.21647973,2480.7672,3.2918400000000005,0.0,0.0,0.0
25.6,39.96119432,-106.21647979,2480.7672,3.2918400000000005,0.0,0.0,0.0
25.7,39.96119443,-106.21647988,2480.7672,3.2918400000000005,0.0,0.0,0.0
25.8,39.96119447,-106.21647994,2480.7672,3.2918400000000005,0.0,0.0,0.0
25.9,39.96119449,-106.21647998,2480.7672,3.2918400000000005,0.0,0.0,0.0
26.0,39.96119449,-106.21647999,2480.7672,3.2918400000000005,0.0,0.0,0.0
26.1,39.96119445,-106.21647998,2480.7672,3.2918400000000005,0.0,0.0,0.0
26.2,39.96119451,-106.21647996,2480.7672,3.2918400000000005,0.0,0.0,0.0
26.3,39.96119454,-106.21647994,2480.7672,3.2918400000000005,0.0,0.0,0.0
26.4,39.96119455,-106.21647993,2480.7672,3.2918400000000005,0.0,0.0,0.0
26.5,39.96119455,-106.2164799,2480.7672,3.2918400000000005,0.0,0.0,0.0
26.6,39.96119458,-106.21647986,2480.7672,3.2918400000000005,0.0,0.0,0.0
26.7,39.96119459,-106.21647984,2480.7672,3.2918400000000005,0.0,0.0,0.0
26.8,39.96119457,-106.21647982,2480.7672,3.2918400000000005,0.491744,0.0,0.0
26.9,39.96119449,-106.21647983,2480.7672,3.2918400000000005,0.0,0.0,0.0
27.0,39.96119443,-106.21647987,2480.7672,3.2918400000000005,0.0,0.0,0.0
27.1,39.96119437,-106.21647992,2480.7672,3.2918400000000005,0.0,0.0,0.0
27.2,39.9611943,-106.21647999,2480.7672,3.2918400000000005,0.0,0.0,0.0
27.3,39.96119424,-106.21648005,2480.7672,3.2918400000000005,0.0,0.0,0.0
27.4,39.96119422,-106.21648005,2480.7672,3.2918400000000005,0.0,0.0,0.0
27.5,39.96119419,-106.21648009,2480.7672,3.2918400000000005,0.0,0.0,0.0
27.6,39.96119415,-106.21648012,2480.7672,3.2918400000000005,0.0,0.0,0.0
27.7,39.96119412,-106.21648015,2480.7672,3.2918400000000005,0.0,0.0,0.0
27.8,39.96119407,-106.21648017,2480.7672,3.2918400000000005,0.0,0.0,0.0
27.9,39.96119408,-106.21648019,2480.7672,3.2918400000000005,0.0,0.0,0.0
28.0,39.96119412,-106.21648018,2480.7672,3.2918400000000005,0.0,0.0,0.0
28.1,39.96119415,-106.21648016,2480.7672,3.2918400000000005,0.491744,0.0,0.0
28.3,39.96119419,-106.21647994,2480.7672,3.2918400000000005,0.0,0.0,0.0
28.4,39.96119422,-106.21647991,2480.7672,3.2918400000000005,0.0,0.0,0.0
28.5,39.96119424,-106.2164799,2480.7672,3.2918400000000005,0.0,0.0,0.0
28.6,39.96119426,-106.21648,2480.7672,3.2918400000000005,0.0,0.0,0.0
28.7,39.96119428,-106.21648006,2480.7672,3.2918400000000005,0.0,0.0,0.0
28.8,39.9611943,-106.2164801,2480.7672,3.2918400000000005,0.0,0.0,0.0
28.9,39.96119432,-106.21648014,2480.7672,3.2918400000000005,0.0,0.0,0.0
29.0,39.96119433,-106.21648016,2480.7672,3.2918400000000005,0.0,0.0,0.0
29.1,39.9611943,-106.21648018,2480.7672,3.2918400000000005,0.0,0.0,0.0
29.2,39.9611943,-106.21648018,2480.7672,3.2918400000000005,0.0,0.0,0.0
29.3,39.96119429,-106.21648018,2480.7672,3.2918400000000005,0.0,0.0,0.0
29.4,39.96119427,-106.21648017,2480.7672,3.2918400000000005,0.0,0.0,0.0
29.5,39.9611942,-106.21648025,2480.7672,3.2918400000000005,0.0,0.0,0.0
29.6,39.96119424,-106.21648024,2480.7672,3.2918400000000005,0.0,0.0,0.0
29.7,39.96119427,-106.21648026,2480.7672,3.2918400000000005,0.0,0.0,0.0
29.8,39.96119428,-106.21648033,2480.7672,3.2918400000000005,0.0,0.0,0.0
29.9,39.96119432,-106.21648042,2480.7672,3.2918400000000005,0.0,0.0,0.0
30.0,39.96119432,-106.21648043,2480.7672,3.41376,0.0,0.0,0.0
30.1,39.96119433,-106.21648045,2480.7672,3.41376,0.0,0.0,0.0
30.2,39.96119434,-106.2164805,2480.7672,3.41376,0.0,0.0,0.0
30.3,39.96119423,-106.21648047,2480.7672,3.2918400000000005,0.0,0.0,0.0
30.4,39.96119419,-106.21648046,2480.7672,3.2918400000000005,0.0,0.0,0.0
30.5,39.96119418,-106.21648044,2480.7672,3.2918400000000005,0.0,0.0,0.0
30.6,39.96119419,-106.21648039,2480.7672,3.2918400000000005,0.0,0.0,0.0
30.7,39.96119421,-106.21648031,2480.7672,3.2918400000000005,0.0,0.0,0.0
30.8,39.96119425,-106.21648005,2480.7672,3.2918400000000005,0.0,0.0,0.0
30.9,39.96119429,-106.21647996,2480.7672,3.2918400000000005,0.0,0.0,0.0
31.0,39.96119437,-106.21647992,2480.7672,3.2918400000000005,0.0,0.0,0.0
31.1,39.96119444,-106.21647989,2480.7672,3.2918400000000005,0.0,-0.22352,0.0
31.2,39.96119449,-106.21647989,2480.7672,3.41376,0.0,-0.491744,0.0
31.3,39.96119449,-106.21647986,2480.7672,3.41376,0.0,-0.581152,0.0
31.4,39.9611945,-106.21647982,2480.7672,3.5052000000000003,0.0,-0.402336,0.0
31.5,39.96119451,-106.21647979,2480.7672,3.5052000000000003,0.0,-0.22352,0.0
31.6,39.96119459,-106.21647976,2480.7672,3.5052000000000003,0.0,-0.089408,0.0
31.700000000000003,39.96119466,-106.21647976,2480.7672,3.5052000000000003,0.0,0.0,0.0
31.8,39.96119474,-106.21647976,2480.7672,3.5052000000000003,0.0,0.0,0.0
31.9,39.9611948,-106.21647979,2481.072,3.5966400000000003,0.0,-0.22352,0.0
32.0,39.96119483,-106.21647989,2481.072,3.68808,0.0,-0.581152,0.0
32.1,39.96119484,-106.21647995,2481.072,3.68808,0.0,-0.983488,0.0
32.2,39.96119484,-106.21647999,2481.3768,3.901440000000001,0.0,-1.385824,0.0
32.3,39.96119483,-106.21647999,2481.3768,3.99288,0.0,-1.78816,0.0
32.4,39.96119482,-106.21647997,2481.6816000000003,4.20624,0.0,-2.190496,0.0
32.5,39.96119481,-106.21647999,2481.6816000000003,4.38912,0.0,-2.592832,0.0
32.6,39.96119473,-106.21647993,2481.9864,4.69392,0.0,-2.995168,180.0
32.7,39.96119454,-106.21647992,2482.2912,4.99872,0.0,-2.90576,180.0
32.8,39.96119419,-106.21648002,2482.596,5.30352,0.491744,-2.592832,190.304846468766
32.9,39.96119373,-106.21648012,2482.9008000000003,5.486400000000001,0.67056,-2.101088,203.6293777306568
33.0,39.96119301,-106.21648058,2483.2056,5.69976,0.67056,-1.6987519999999998,206.565051177078
33.1,39.96119209,-106.21648119,2483.2056,5.91312,0.938784,-1.296416,205.70995378081125
33.2,39.9611908,-106.21648203,2483.5104,6.00456,1.34112,-0.89408,210.1413855520753
33.3,39.96118922,-106.21648349,2483.5104,6.1874400000000005,1.832864,-0.581152,211.4295656148385
33.4,39.96118765,-106.21648475,2483.5104,6.1874400000000005,2.056384,-0.402336,213.340707346477
33.5,39.96118608,-106.21648601,2483.8152,6.30936,2.01168,-0.22352,213.340707346477
33.6,39.96118439,-106.21648735,2483.8152,6.30936,2.101088,-0.089408,211.4295656148385
33.7,39.96118276,-106.21648897,2483.8152,6.30936,2.190496,-0.089408,210.46554491945983
33.8,39.96118136,-106.21649014,2483.8152,6.30936,2.101088,0.0,211.82744657667308
33.9,39.96118018,-106.21649105,2483.8152,6.30936,1.6987519999999998,0.0,207.47443162627712
34.0,39.96117913,-106.21649172,2483.8152,6.30936,1.519936,0.0,204.22774531795412
34.1,39.96117836,-106.21649216,2483.8152,6.30936,1.162304,0.0,203.6293777306568
34.2,39.96117808,-106.21649193,2483.8152,6.30936,0.67056,0.0,204.44395478041653
34.3,39.96117766,-106.21649211,2483.8152,6.30936,0.0,0.0,195.94539590092288
34.4,39.96117748,-106.21649211,2483.8152,6.30936,0.0,0.0,180.0
34.5,39.96117744,-106.21649205,2483.8152,6.30936,0.0,0.0,0.0
34.6,39.96117814,-106.21649169,2483.8152,6.30936,0.0,0.0,0.0
34.7,39.96117823,-106.21649157,2483.8152,6.30936,0.491744,0.0,0.0
34.8,39.96117834,-106.21649138,2483.8152,6.30936,0.0,0.0,0.0
34.9,39.96117844,-106.21649121,2483.8152,6.30936,0.0,0.0,0.0
35.0,39.96117849,-106.21649104,2483.8152,6.30936,0.0,0.0,0.0
35.1,39.96117856,-106.21649096,2483.8152,6.30936,0.0,0.0,0.0
35.2,39.96117864,-106.21649092,2483.8152,6.30936,0.0,0.0,0.0
35.3,39.9611787,-106.21649091,2483.5104,6.1874400000000005,0.0,0.0,0.0
35.4,39.96117852,-106.21649111,2483.5104,6.1874400000000005,0.0,0.0,0.0
35.5,39.96117854,-106.21649111,2483.5104,6.1874400000000005,0.0,0.0,0.0
35.6,39.96117858,-106.2164911,2483.5104,6.1874400000000005,0.0,0.0,0.0
35.7,39.96117863,-106.2164911,2483.5104,6.1874400000000005,0.0,0.0,0.0
35.8,39.96117868,-106.21649112,2483.5104,6.1874400000000005,0.0,0.0,0.0
35.9,39.96117866,-106.21649129,2483.5104,6.096,0.0,0.0,0.0
36.0,39.96117869,-106.21649129,2483.5104,6.096,0.0,0.0,0.0
36.1,39.9611787,-106.21649125,2483.5104,6.096,0.0,0.0,0.0
36.2,39.96117867,-106.21649119,2483.5104,6.096,0.0,0.0,0.0
36.3,39.96117855,-106.2164911,2483.5104,6.096,0.0,0.0,0.0
36.4,39.96117855,-106.21649101,2483.5104,6.096,0.0,0.0,0.0
36.5,39.96117856,-106.21649093,2483.5104,6.096,0.0,0.0,0.0
36.6,39.96117857,-106.21649086,2483.5104,6.096,0.0,0.0,0.0
36.7,39.96117863,-106.21649075,2483.5104,6.096,0.0,0.0,0.0
36.8,39.96117866,-106.21649072,2483.5104,6.096,0.0,0.0,0.0
36.9,39.96117867,-106.2164907,2483.5104,6.096,0.0,0.0,0.0
37.0,39.96117867,-106.2164907,2483.5104,6.096,0.0,0.0,0.0
37.1,39.96117889,-106.21649073,2483.5104,6.1874400000000005,0.0,0.0,0.0
37.2,39.961179,-106.21649071,2483.5104,6.1874400000000005,0.0,0.0,0.0
37.3,39.96117909,-106.21649069,2483.5104,6.1874400000000005,0.0,0.0,0.0
37.4,39.96117917,-106.21649066,2483.5104,6.1874400000000005,0.0,0.0,0.0
37.5,39.96117923,-106.21649066,2483.5104,6.1874400000000005,0.0,0.0,0.0
37.6,39.96117934,-106.2164908,2483.5104,6.1874400000000005,0.0,0.0,0.0
37.7,39.96117936,-106.21649085,2483.5104,6.1874400000000005,0.0,0.0,0.0
37.8,39.96117936,-106.21649089,2483.5104,6.1874400000000005,0.0,0.0,0.0
37.9,39.96117935,-106.21649092,2483.5104,6.1874400000000005,0.67056,0.0,0.0
38.0,39.96117934,-106.21649095,2483.5104,6.1874400000000005,0.0,0.0,0.0
38.1,39.96117933,-106.21649098,2483.5104,6.1874400000000005,0.0,0.0,0.0
38.2,39.9611793,-106.21649102,2483.5104,6.1874400000000005,0.0,0.0,0.0
38.3,39.96117927,-106.21649103,2483.5104,6.1874400000000005,0.0,0.0,0.0
38.4,39.9611792,-106.21649101,2483.5104,6.1874400000000005,0.0,0.0,0.0
38.5,39.9611792,-106.21649099,2483.5104,6.1874400000000005,0.0,0.0,0.0
38.6,39.96117923,-106.21649096,2483.5104,6.1874400000000005,0.0,0.0,0.0
38.7,39.96117926,-106.21649093,2483.5104,6.1874400000000005,0.491744,0.0,0.0
38.8,39.96117936,-106.21649089,2483.5104,6.1874400000000005,0.0,0.0,0.0
38.9,39.96117935,-106.2164909,2483.5104,6.1874400000000005,0.0,0.0,0.0
39.0,39.96117933,-106.21649094,2483.5104,6.1874400000000005,0.0,0.0,0.0
39.1,39.96117928,-106.21649097,2483.5104,6.1874400000000005,0.0,0.0,0.0
39.2,39.96117921,-106.21649097,2483.5104,6.1874400000000005,0.0,0.0,0.0
39.3,39.96117908,-106.21649093,2483.5104,6.1874400000000005,0.0,0.0,0.0
39.4,39.96117908,-106.21649091,2483.5104,6.1874400000000005,0.0,0.0,0.0
39.5,39.9611791,-106.21649091,2483.5104,6.1874400000000005,0.0,0.0,0.0
39.6,39.96117914,-106.21649091,2483.5104,6.1874400000000005,0.0,0.0,0.0
39.7,39.96117928,-106.21649078,2483.5104,6.1874400000000005,0.0,0.0,0.0
39.8,39.96117933,-106.21649076,2483.5104,6.1874400000000005,0.0,0.0,0.0
39.9,39.96117937,-106.2164907,2483.5104,6.1874400000000005,0.0,0.0,0.0
40.0,39.96117943,-106.21649063,2483.5104,6.1874400000000005,0.0,0.0,0.0
40.1,39.96117959,-106.21649046,2483.8152,6.30936,0.0,0.0,0.0
40.2,39.96117963,-106.21649046,2483.8152,6.30936,0.0,0.0,0.0
40.3,39.96117968,-106.21649048,2483.8152,6.30936,0.0,0.0,0.0
40.4,39.96117972,-106.21649051,2483.8152,6.30936,0.0,0.0,0.0
40.5,39.96117986,-106.21649055,2483.8152,6.30936,0.0,0.0,0.0
40.6,39.96117986,-106.21649062,2483.8152,6.30936,0.67056,0.0,0.0
40.7,39.96117986,-106.21649071,2483.8152,6.30936,0.491744,0.0,0.0
40.8,39.96117985,-106.21649081,2483.8152,6.30936,0.491744,0.0,0.0
40.9,39.96117978,-106.21649089,2483.8152,6.30936,0.0,0.0,180.0
41.0,39.96117955,-106.21649093,2483.8152,6.30936,0.491744,0.0,192.52880770915152
41.1,39.96117899,-106.2164911,2483.8152,6.30936,0.491744,0.0,195.52411099675425
41.2,39.96117804,-106.21649139,2483.8152,6.30936,0.804672,0.0,193.5704343851615
41.3,39.96117672,-106.21649179,2483.8152,6.30936,1.34112,0.0,193.3245312618908
41.4,39.96117453,-106.21649235,2483.8152,6.30936,2.01168,0.0,192.17145820858747
41.5,39.96117232,-106.216493,2483.8152,6.30936,2.503424,0.0,192.22512267573572
41.6,39.96116957,-106.21649378,2483.8152,6.30936,2.861056,0.0,192.52880770915152
41.7,39.96116655,-106.21649464,2483.8152,6.30936,3.263392,0.0,192.52880770915152
41.8,39.96116234,-106.21649579,2483.8152,6.30936,4.157472,0.0,191.3099324740202
41.9,39.96115876,-106.21649678,2483.8152,6.30936,4.380992,0.0,191.5346206536447
42.0,39.96115422,-106.21649799,2483.8152,6.30936,4.604512000000001,0.0,191.61852435279465
42.1,39.96114971,-106.2164992,2483.8152,6.30936,5.096256,0.0,192.16220351968184
42.2,39.96114416,-106.2165002,2483.8152,6.30936,5.677408,0.0,191.3099324740202
42.3,39.96113904,-106.21650156,2483.8152,6.30936,6.03504,0.0,191.3921358315527
42.4,39.96113342,-106.21650309,2483.8152,6.30936,6.079744,0.0,191.62216796356955
42.5,39.96112775,-106.21650467,2483.8152,6.30936,6.392672,0.0,191.676737830954
42.6,39.96112145,-106.21650649,2483.8152,6.30936,6.795007999999999,0.0,192.0701454893879
42.7,39.96111546,-106.21650849,2483.8152,6.30936,7.018528,0.0,192.23611150941636
42.8,39.96110847,-106.21651047,2483.8152,6.30936,7.420864000000001,0.0,192.25118042339935
42.9,39.96110144,-106.21651248,2483.8152,6.30936,7.957312,0.0,192.4617559205538
43.0,39.96109361,-106.21651474,2483.8152,6.30936,8.449055999999999,0.0,192.88327651326856
43.1,39.96108575,-106.21651718,2483.8152,6.30936,8.9408,0.0,192.86710414001905
43.2,39.96107757,-106.21651966,2483.8152,6.30936,9.16432,0.0,192.97410272923665
43.3,39.96106949,-106.21652213,2483.8152,6.30936,9.298432,0.0,192.9553192812658
43.4,39.96106062,-106.21652486,2483.8152,6.30936,9.700768,0.0,193.22580227371455
43.5,39.96105223,-106.21652755,2483.8152,6.30936,9.879584,0.0,193.43818815835064
43.6,39.96104301,-106.21653047,2483.8152,6.30936,10.0584,0.0,193.514332786558
43.7,39.96103391,-106.21653341,2483.8152,6.30936,10.50544,0.0,193.6407167562914
43.8,39.96102394,-106.21653673,2483.5104,6.1874400000000005,10.95248,0.0,194.3645824496972
43.9,39.96101447,-106.2165402,2483.5104,6.1874400000000005,11.176,0.0,194.40863419135508
44.0,39.96100389,-106.21654382,2483.5104,6.1874400000000005,11.533632,0.0,194.4502979004893
44.1,39.96099342,-106.21654742,2483.5104,6.1874400000000005,12.114784,0.0,194.4379601421479
44.2,39.96098193,-106.21655134,2483.5104,6.1874400000000005,12.651232,0.0,194.67175079590183
44.3,39.96097066,-106.21655519,2483.5104,6.1874400000000005,13.098272,0.0,194.7035518237616
44.4,39.96095752,-106.21655956,2483.5104,6.1874400000000005,14.037056,0.0,194.88152970314056
44.5,39.96094603,-106.21656349,2483.5104,6.1874400000000005,14.126464,0.0,194.5412412678249
44.6,39.96093418,-106.21656752,2483.5104,6.1874400000000005,13.4112,0.0,194.57421619803876
44.7,39.96092329,-106.21657122,2483.5104,6.1874400000000005,13.053568,0.0,194.3904632487409
44.8,39.96091185,-106.21657495,2483.5104,6.096,12.830048,0.0,194.7803026708152
44.9,39.96089916,-106.2165793,2483.5104,6.096,13.85824,0.0,194.9428832135084
45.0,39.96088624,-106.21658378,2483.5104,6.096,14.707616,0.0,194.85163396799905
45.1,39.96087383,-106.21658808,2483.5104,6.096,14.573504,0.0,194.62820831776637
45.2,39.96086074,-106.21659261,2483.5104,6.096,14.662912,0.0,194.8756820016388
45.3,39.96084799,-106.21659706,2483.5104,6.096,14.886432,0.0,195.1195254732514
45.4,39.96083423,-106.21660195,2483.5104,6.096,15.244064,0.0,195.03043052343327
45.5,39.96082097,-106.21660663,2483.5104,6.00456,15.556992,0.0,194.89869543440028
45.6,39.96080592,-106.21661191,2483.5104,6.096,16.316959999999998,0.0,194.81211892641383
45.7,39.96079279,-106.21661651,2483.5104,6.096,16.227552,0.0,194.72652066579155
45.8,39.96077937,-106.21662124,2483.5104,6.096,15.288768,0.0,195.211168995866
45.9,39.96076636,-106.21662582,2483.5104,6.096,15.19936,-0.089408,195.12400730831055
46.0,39.96075232,-106.21663074,2483.5104,6.096,15.601696,0.0,194.995079129176
46.1,39.96073959,-106.21663523,2483.5104,6.00456,15.42288,0.0,194.9103137612233
46.2,39.96072559,-106.21664013,2483.5104,6.096,15.378176,-0.089408,194.9103137612233
46.3,39.96071235,-106.2166447,2483.5104,6.096,15.691104,-0.089408,194.82647997035568
46.4,39.96069861,-106.21664936,2483.5104,6.096,15.512288000000002,-0.089408,194.74356283647072
46.5,39.96068616,-106.21665345,2483.5104,6.096,15.020544,0.0,194.27251338440036
46.6,39.96067208,-106.21665822,2483.5104,6.096,15.19936,0.0,194.1534125878514
46.7,39.96065919,-106.21666254,2483.5104,6.096,15.467584,-0.089408,194.1534125878514
46.8,39.96064385,-106.21666758,2483.5104,6.096,16.182848,-0.089408,194.07508805825503
46.9,39.96062954,-106.21667227,2483.5104,6.096,16.98752,0.0,193.76396414854727
47.0,39.96061541,-106.21667685,2483.5104,6.096,16.272256,-0.089408,193.68806273327192
47.1,39.96060172,-106.21668122,2483.5104,6.096,15.914624,0.0,193.68806273327192
47.2,39.96058699,-106.21668584,2483.5104,6.00456,16.272256,0.0,193.76396414854727
47.3,39.96057374,-106.21669018,2483.5104,6.00456,16.004032,0.0,193.45201035713515
47.4,39.96055965,-106.21669463,2483.5104,6.096,15.6464,-0.089408,193.06653614265457
47.5,39.96054688,-106.21669858,2483.5104,6.096,15.333472,0.0,193.06653614265457
47.6,39.9605318,-106.21670309,2483.5104,6.096,15.914624,0.0,193.06653614265457
47.7,39.96051881,-106.21670695,2483.5104,6.00456,16.004032,0.0,193.06653614265457
47.8,39.96050354,-106.21671146,2483.5104,6.00456,16.09344,0.0,193.06653614265457
47.9,39.96048975,-106.21671558,2483.5104,6.00456,16.585184,-0.089408,192.9946167919165
48.0,39.96047525,-106.21671994,2483.5104,6.00456,16.138144,0.0,192.5983202980525
48.1,39.96046128,-106.2167241,2483.5104,6.096,16.227552,-0.089408,192.5983202980525
48.2,39.96044573,-106.2167288,2483.5104,6.096,16.853408,0.0,192.52880770915152
48.4,39.96041748,-106.21673706,2483.5104,6.096,16.629888,-0.089408,192.2173266245076
48.5,39.96040383,-106.216741,2483.5104,6.00456,15.914624,0.0,192.2173266245076
48.6,39.96039,-106.21674503,2483.5104,6.096,15.6464,-0.089408,192.15016883876245
48.7,39.9603762,-106.21674893,2483.5104,6.096,15.735808,-0.089408,192.15016883876245
48.8,39.96036157,-106.21675306,2483.5104,6.096,16.182848,-0.089408,192.15016883876245
48.9,39.96034764,-106.21675697,2483.5104,6.096,16.227552,-0.089408,192.15016883876245
49.0,39.96033277,-106.21676127,2483.5104,6.096,16.406368,0.0,192.15016883876245
49.1,39.96031865,-106.21676524,2483.5104,6.096,16.495776,-0.089408,192.15016883876245
49.2,39.96030362,-106.21676947,2483.5104,6.096,16.585184,-0.089408,192.15016883876245
49.3,39.96028957,-106.21677344,2483.5104,6.096,16.54048,0.0,192.15016883876245
49.4,39.96027521,-106.21677751,2483.5104,6.096,16.182848,0.0,192.15016883876245
49.5,39.9602614,-106.21678154,2483.5104,6.096,16.048735999999998,0.0,191.8395684218983
49.6,39.96024691,-106.21678556,2483.5104,6.096,16.09344,0.0,191.9051105243195
49.7,39.96023312,-106.21678937,2483.5104,6.096,16.048735999999998,0.0,191.9051105243195
49.8,39.96021857,-106.21679336,2483.5104,6.00456,16.09344,0.0,191.9051105243195
49.9,39.96020485,-106.21679708,2483.5104,6.096,16.048735999999998,0.0,191.97137168147952
50.0,39.96019038,-106.21680108,2483.5104,6.096,16.004032,0.0,191.9051105243195
50.1,39.9601766,-106.21680486,2483.5104,6.096,16.048735999999998,0.0,191.9051105243195
50.2,39.96016208,-106.21680882,2483.5104,6.00456,16.09344,0.0,191.59217541029105
50.3,39.960148,-106.21681262,2483.5104,6.096,16.227552,-0.089408,191.65679316482272
50.4,39.96013313,-106.21681662,2483.5104,6.096,16.451072,-0.089408,191.59217541029105
50.5,39.96011924,-106.21682037,2483.5104,6.096,16.316959999999998,0.0,191.59217541029105
50.6,39.96010502,-106.21682425,2483.5104,6.096,15.959328,-0.089408,191.59217541029105
50.7,39.96009148,-106.2168281,2483.5104,6.096,15.780511999999998,0.0,191.59217541029105
50.8,39.96007706,-106.216832,2483.5104,6.096,15.86992,0.0,191.59217541029105
50.9,39.96006343,-106.21683566,2483.5104,6.096,15.914624,0.0,191.59217541029105
51.0,39.96004926,-106.21683945,2483.5104,6.096,15.780511999999998,0.0,191.9051105243195
51.1,39.96003556,-106.21684314,2483.5104,6.096,15.825216,0.0,191.59217541029105
51.2,39.96002049,-106.21684729,2483.5104,6.096,16.316959999999998,0.0,191.59217541029105
51.3,39.9600066,-106.21685106,2483.5104,6.096,16.451072,0.0,191.65679316482272
51.4,39.95999237,-106.21685488,2483.5104,6.096,15.959328,0.0,191.65679316482272
51.5,39.95997892,-106.21685851,2483.5104,6.096,15.735808,0.0,191.65679316482272
51.6,39.95996643,-106.21686201,2483.5104,6.096,14.75232,-0.089408,191.65679316482272
51.7,39.95995237,-106.21686581,2483.5104,6.096,15.065248,0.0,191.65679316482272
51.8,39.95993882,-106.21686947,2483.5104,6.096,15.691104,0.0,191.65679316482272
51.9,39.95992511,-106.21687317,2483.5104,6.096,15.467584,0.0,191.7221252154225
52.0,39.95990859,-106.21687775,2483.5104,6.096,17.166335999999998,0.0,191.7221252154225
52.1,39.95989477,-106.21688151,2483.5104,6.096,17.255744,0.0,191.78818329910763
52.2,39.95988142,-106.21688518,2483.5104,6.096,15.42288,0.0,191.78818329910763
52.3,39.95986741,-106.21688902,2483.5104,6.096,15.556992,-0.089408,191.4718760210468
52.4,39.9598539,-106.21689283,2483.5104,6.096,15.6464,-0.089408,191.77520119878807
52.5,39.95984086,-106.2168964,2483.5104,6.096,15.109951999999998,-0.089408,192.02227668618352
52.6,39.95982724,-106.21690017,2483.5104,6.096,15.154656,0.0,192.08225527063988
52.8,39.95980279,-106.21690709,2483.5104,6.096,14.439391999999998,0.0,192.1348147117204
52.9,39.95979174,-106.21691034,2483.5104,6.096,13.455904,0.0,191.92932217723836
53.0,39.95977996,-106.21691368,2483.5104,6.096,13.008864,0.0,192.08031761675505
53.1,39.95976924,-106.2169167,2483.5104,6.096,12.785344,0.0,192.06488441052545
53.2,39.95975858,-106.21691971,2483.5104,6.096,12.159488,0.0,191.39700805973732
53.3,39.95974882,-106.21692253,2483.5104,6.096,11.62304,0.0,191.4464590929385
53.4,39.95973877,-106.21692524,2483.5104,6.00456,11.265408,0.0,191.54926182355933
53.5,39.95972987,-106.21692762,2483.5104,6.096,10.773664,0.0,191.6114864238885
53.6,39.95972157,-106.21692985,2483.5104,6.096,9.745472,0.0,191.68026014856636
53.7,39.95971494,-106.21693166,2483.5104,6.096,8.49376,0.0,191.47762695960776
53.8,39.95970704,-106.21693376,2483.5104,6.096,8.27024,0.0,190.95406264339837
53.9,39.95969995,-106.21693562,2483.5104,6.096,8.538464000000001,0.0,190.9947773492921
54.0,39.95969293,-106.21693743,2483.5104,6.096,8.002016,0.0,190.76814456110785
54.1,39.95968652,-106.21693904,2483.5104,6.096,7.59968,0.0,190.8016182356907
54.2,39.95968047,-106.21694056,2483.5104,6.1874400000000005,7.063232,0.0,190.1959882472868
54.3,39.95967521,-106.21694183,2483.5104,6.096,6.392672,0.0,189.75242494165377
54.4,39.95967028,-106.216943,2483.5104,6.1874400000000005,5.766816,0.0,189.54038180484264
54.5,39.95966586,-106.21694407,2483.5104,6.1874400000000005,5.275072000000001,0.0,190.304846468766
54.6,39.95966135,-106.21694524,2483.5104,6.1874400000000005,5.051552,0.0,190.105036365038
54.7,39.95965759,-106.21694618,2483.5104,6.1874400000000005,4.69392,0.0,189.6598930784423
54.8,39.95965381,-106.21694711,2483.5104,6.1874400000000005,4.24688,0.0,190.6603482945353
54.9,39.95965044,-106.21694795,2483.8152,6.30936,4.02336,0.0,189.7066524093397
55.0,39.95964747,-106.21694883,2483.8152,6.30936,3.621024,0.0,190.2348027634232
55.1,39.95964474,-106.21694956,2483.8152,6.4008,3.218688,0.0,190.2348027634232
55.2,39.95964173,-106.21695037,2483.8152,6.4008,3.263392,0.0,189.7066524093397
55.3,39.95963863,-106.2169512,2483.8152,6.4008,3.442208,0.0,191.17383824181476
55.4,39.95963458,-106.21695226,2483.8152,6.492240000000001,4.068064,0.0,190.84030545433052
55.5,39.95963074,-106.21695326,2483.8152,6.4008,4.515104,0.0,190.105036365038
55.6,39.95962622,-106.21695441,2483.8152,6.4008,4.738624,0.0,191.1130405359483
55.7,39.95962158,-106.21695558,2483.8152,6.4008,5.185664,0.0,190.4742348282258
55.8,39.95961543,-106.21695702,2483.8152,6.492240000000001,6.079744,0.0,191.05145702666545
55.9,39.95960976,-106.21695846,2483.8152,6.4008,6.660896,0.0,191.1489896964418
56.0,39.95960368,-106.21696003,2483.8152,6.4008,6.660896,0.0,191.3099324740202
56.1,39.95959764,-106.21696159,2483.8152,6.4008,6.884416,0.0,190.6645755174517
56.2,39.95959107,-106.21696329,2483.8152,6.4008,7.15264,0.0,190.8987258057529
56.3,39.95958393,-106.21696514,2483.8152,6.4008,7.778496,0.0,191.3099324740202
56.4,39.95957674,-106.21696696,2483.8152,6.4008,8.136128,0.0,190.75487770095023
56.5,39.9595695,-106.21696877,2483.8152,6.4008,8.180832,0.0,190.3590524880837
56.6,39.95956145,-106.21697077,2483.8152,6.4008,8.627872,0.0,190.45990909292917
56.7,39.9595536,-106.21697242,2483.8152,6.4008,8.985504,0.0,190.7056849104723
56.8,39.95954462,-106.21697466,2483.8152,6.4008,9.521952,0.0,190.2568198416964
56.9,39.95953625,-106.21697673,2483.8152,6.4008,9.83488,0.0,190.44419547535583
57.0,39.95952729,-106.21697893,2483.8152,6.4008,9.83488,0.0,190.86655180133255
57.1,39.95951881,-106.21698109,2483.8152,6.30936,9.879584,0.089408,190.93112292241145
57.2,39.95950892,-106.21698361,2483.8152,6.30936,10.416032,0.089408,191.12540564175876
57.3,39.95949927,-106.21698609,2483.8152,6.30936,11.086592,0.089408,191.26513515749323
57.4,39.95948888,-106.21698877,2483.8152,6.30936,11.354816,0.0,190.877193123152
57.5,39.95947867,-106.21699152,2483.5104,6.1874400000000005,11.667744,0.089408,191.0152470073764
57.6,39.95946775,-106.21699437,2483.5104,6.1874400000000005,11.980672,0.0,190.77447348845567
57.7,39.9594571,-106.21699713,2483.5104,6.1874400000000005,12.248895999999998,0.0,191.1094582063598
57.9,39.95943457,-106.21700293,2483.5104,6.1874400000000005,12.51712,0.0,191.07859141821808
58.0,39.95942288,-106.21700583,2483.8152,6.30936,12.919455999999998,0.0,191.34805341284837
58.1,39.95941202,-106.21700864,2483.8152,6.30936,12.785344,0.0,191.19707159665543
58.2,39.95939921,-106.217012,2483.5104,6.1874400000000005,13.4112,0.0,191.38386247107212
58.3,39.95938744,-106.21701509,2483.5104,6.1874400000000005,13.947648,0.0,191.3099324740202
58.4,39.95937508,-106.21701836,2483.5104,6.1874400000000005,13.679424,0.0,191.16488017754855
58.5,39.95936292,-106.21702151,2483.5104,6.1874400000000005,13.902944,0.0,191.0584792566912
58.6,39.95935051,-106.2170247,2483.5104,6.1874400000000005,13.902944,0.0,190.9196886172176
58.7,39.95933814,-106.21702788,2483.5104,6.1874400000000005,14.037056,0.0,191.3803203741298
58.8,39.95932557,-106.21703099,2483.8152,6.30936,14.126464,0.0,191.3099324740202
58.9,39.95931274,-106.2170343,2483.5104,6.1874400000000005,14.394688,0.0,191.20594750740256
59.0,39.95929995,-106.21703761,2483.5104,6.1874400000000005,14.5288,0.0,191.13766666864475
59.1,39.95928763,-106.21704079,2483.5104,6.1874400000000005,14.215872,0.0,191.07020257793937
59.2,39.95927503,-106.21704405,2483.5104,6.1874400000000005,14.126464,0.0,191.3439359000062
59.3,39.95926231,-106.21704735,2483.5104,6.1874400000000005,14.349984,0.0,191.24252570569192
59.4,39.95924879,-106.21705089,2483.5104,6.1874400000000005,14.886432,0.0,191.24252570569192
59.5,39.95923645,-106.21705411,2483.5104,6.1874400000000005,14.662912,0.0,191.1759075032358
59.6,39.95922255,-106.21705775,2483.5104,6.1874400000000005,14.886432,0.0,191.1759075032358
59.7,39.95920793,-106.21706157,2483.5104,6.1874400000000005,16.182848,0.0,191.4430234762542
59.8,39.95919481,-106.21706506,2483.5104,6.1874400000000005,15.735808,0.0,191.4430234762542
59.9,39.95918111,-106.21706874,2483.5104,6.096,15.244064,0.0,191.4430234762542
60.0,39.95916771,-106.21707239,2483.5104,6.1874400000000005,15.378176,0.0,191.70643672915327
60.1,39.95915545,-106.21707589,2483.5104,6.1874400000000005,14.573504,0.0,191.70643672915327
60.2,39.95914177,-106.21707968,2483.5104,6.1874400000000005,14.75232,0.0,191.6047623563788
60.3,39.95912852,-106.21708334,2483.5104,6.1874400000000005,15.288768,0.0,191.6047623563788
60.4,39.95911426,-106.21708724,2483.5104,6.096,15.6464,0.0,191.53794176304936
60.5,39.95910019,-106.21709116,2483.5104,6.096,16.09344,0.0,191.53794176304936
60.6,39.959086,-106.21709502,2483.5104,6.096,16.048735999999998,0.0,191.4718760210468
60.7,39.95907253,-106.2170987,2483.5104,6.1874400000000005,15.691104,0.0,191.4718760210468
60.8,39.95905844,-106.21710255,2483.5104,6.1874400000000005,15.6464,0.0,191.4718760210468
60.9,39.95904697,-106.21710572,2483.5104,6.096,14.5288,0.0,191.4718760210468
61.0,39.95903294,-106.21710958,2483.5104,6.096,14.484096,0.0,191.4718760210468
61.1,39.95901986,-106.21711316,2483.5104,6.096,15.42288,0.0,191.4718760210468
61.2,39.95900533,-106.21711707,2483.5104,6.1874400000000005,15.691104,-0.089408,191.95658424314917
61.3,39.95899168,-106.21712078,2483.5104,6.1874400000000005,16.004032,0.0,191.888658039628
61.4,39.95897699,-106.2171247,2483.5104,6.096,16.09344,0.0,191.888658039628
61.5,39.95896353,-106.21712838,2483.5104,6.096,15.959328,0.0,191.4065525839724
61.6,39.95894912,-106.21713228,2483.5104,6.096,15.825216,0.0,191.888658039628
61.7,39.95893544,-106.21713601,2483.5104,6.1874400000000005,15.959328,0.0,191.888658039628
61.8,39.95892064,-106.21714013,2483.5104,6.1874400000000005,16.182848,0.0,191.888658039628
61.9,39.95890708,-106.21714385,2483.5104,6.1874400000000005,16.09344,0.0,191.888658039628
62.0,39.9588929,-106.21714772,2483.5104,6.096,15.735808,0.0,191.888658039628
62.1,39.95887946,-106.2171514,2483.5104,6.096,15.691104,0.0,191.888658039628
62.2,39.95886567,-106.21715521,2483.5104,6.096,15.467584,0.0,191.888658039628
62.3,39.95885229,-106.21715889,2483.5104,6.1874400000000005,15.42288,0.0,191.888658039628
62.4,39.95883822,-106.21716273,2483.5104,6.1874400000000005,15.601696,0.0,191.95658424314917
62.5,39.95882496,-106.21716636,2483.5104,6.1874400000000005,15.512288000000002,0.0,191.95658424314917
62.6,39.95881192,-106.21716993,2483.5104,6.1874400000000005,14.931136,0.0,191.95658424314917
62.7,39.95879881,-106.21717354,2483.5104,6.096,14.886432,0.0,191.95658424314917
62.8,39.95878485,-106.2171774,2483.5104,6.1874400000000005,15.378176,0.0,191.95658424314917
62.9,39.95877155,-106.21718108,2483.5104,6.1874400000000005,15.512288000000002,0.0,192.02527960963533
63.0,39.95875754,-106.21718498,2483.5104,6.1874400000000005,15.512288000000002,0.0,192.02527960963533
63.1,39.95874385,-106.21718895,2483.5104,6.1874400000000005,15.735808,0.0,192.34919770340443
63.2,39.95872946,-106.21719304,2483.5104,6.1874400000000005,15.959328,0.0,192.02527960963533
63.3,39.95871597,-106.21719685,2483.5104,6.1874400000000005,15.86992,0.0,192.02527960963533
63.4,39.9587022,-106.21720073,2483.5104,6.1874400000000005,15.512288000000002,0.0,192.02527960963533
63.5,39.95868869,-106.21720461,2483.5104,6.1874400000000005,15.512288000000002,0.0,192.02527960963533
63.6,39.95867514,-106.2172084,2483.5104,6.1874400000000005,15.42288,0.0,192.34919770340443
63.7,39.95866091,-106.21721241,2483.5104,6.1874400000000005,15.780511999999998,0.0,192.34919770340443
63.8,39.9586468,-106.21721643,2483.5104,6.1874400000000005,16.138144,0.0,192.34919770340443
63.900000000000006,39.95863303,-106.2172204,2483.5104,6.1874400000000005,15.86992,0.0,192.02527960963533
64.0,39.95861941,-106.21722426,2483.5104,6.1874400000000005,15.601696,0.0,192.02527960963533
64.1,39.95860626,-106.21722799,2483.5104,6.1874400000000005,15.244064,0.0,192.02527960963533
64.2,39.95859207,-106.217232,2483.5104,6.1874400000000005,15.556992,0.0,192.02527960963533
64.3,39.95857878,-106.21723584,2483.5104,6.1874400000000005,15.6464,0.0,192.02527960963533
64.4,39.95856469,-106.21723984,2483.5104,6.1874400000000005,15.601696,0.0,191.95658424314917
64.5,39.95855128,-106.21724364,2483.8152,6.30936,15.6464,0.0,191.95658424314917
64.6,39.95853721,-106.21724761,2483.5104,6.1874400000000005,15.6464,0.0,192.278765370963
64.7,39.95852385,-106.2172514,2483.5104,6.1874400000000005,15.601696,0.0,192.278765370963
64.8,39.95850991,-106.21725547,2483.8152,6.30936,15.556992,0.0,192.34919770340443
64.9,39.95849682,-106.21725924,2483.5104,6.1874400000000005,15.378176,0.0,192.52880770915152
65.0,39.95848345,-106.21726309,2483.5104,6.1874400000000005,15.065248,0.0,192.34428087689
65.1,39.95847094,-106.21726668,2483.5104,6.1874400000000005,14.75232,0.0,192.16810345834168
65.2,39.95845865,-106.21727014,2483.5104,6.1874400000000005,14.126464,0.0,192.2339778267929
65.3,39.95844667,-106.21727355,2483.8152,6.30936,13.813536,0.0,192.22512267573572
65.4,39.95843445,-106.21727704,2483.5104,6.1874400000000005,13.768832,0.0,192.2157191341309
65.5,39.95842319,-106.21728026,2483.5104,6.1874400000000005,13.366496,0.0,192.09475707701208
65.6,39.95841186,-106.21728355,2483.5104,6.1874400000000005,12.874752,0.0,192.08031761675505
65.7,39.95840139,-106.21728656,2483.5104,6.1874400000000005,12.427712,0.0,192.15494169722223
65.8,39.95839084,-106.2172896,2483.5104,6.096,11.980672,0.0,192.2839554411072
65.9,39.95838122,-106.21729237,2483.5104,6.1874400000000005,11.488928,0.0,192.04563238526575
66.0,39.95837188,-106.21729514,2483.5104,6.096,10.818368,0.0,192.1290761981028
66.1,39.9583631,-106.21729766,2483.5104,6.096,10.326624,0.0,192.112622925985
66.2,39.9583543,-106.21730014,2483.5104,6.096,10.013696,0.0,192.32249663755255
66.3,39.95834628,-106.21730241,2483.5104,6.096,9.566656,0.0,192.43544150252765
66.4,39.95833824,-106.21730466,2483.5104,6.096,9.119616,0.089408,191.73077533228735
66.5,39.95833093,-106.21730659,2483.5104,6.096,8.71728,0.089408,191.3099324740202
66.6,39.95832411,-106.21730837,2483.5104,6.096,8.04672,0.0,190.6645755174517
66.7,39.95831815,-106.2173099,2483.5104,6.096,7.242048,0.0,190.69221215528404
66.8,39.95831242,-106.21731139,2483.5104,6.096,6.660896,0.0,191.56013079421777
66.9,39.9583078,-106.21731261,2483.5104,6.096,5.856224,0.0,192.3807569288072
67.0,39.9583032,-106.21731406,2483.5104,6.096,5.230368,0.0,193.3245312618908
67.1,39.95829914,-106.21731544,2483.5104,6.096,4.91744,0.0,194.6887867733184
67.2,39.95829509,-106.21731688,2483.5104,6.096,4.649216,0.0,196.02586744844976
67.3,39.95829201,-106.21731822,2483.5104,6.096,4.157472,0.0,197.62229722866823
67.4,39.95828856,-106.21731974,2483.5104,6.096,3.844544,0.0,198.20848447058083
67.5,39.95828565,-106.21732107,2483.5104,6.096,3.755136,0.0,198.69898280418116
67.6,39.958283,-106.21732232,2483.5104,6.1874400000000005,3.308096,0.0,200.77225468204583
67.7,39.95828044,-106.21732386,2483.8152,6.30936,3.12928,0.0,200.1706534118504
67.8,39.95827857,-106.21732489,2483.8152,6.30936,2.68224,0.0,200.409882833804
67.9,39.95827708,-106.21732571,2483.8152,6.30936,2.01168,0.0,200.92450174492117
68.0,39.95827581,-106.21732634,2483.8152,6.30936,1.654048,0.0,198.434948822922
68.1,39.95827491,-106.21732682,2483.8152,6.30936,1.34112,0.0,201.25050550713323
68.2,39.95827421,-106.21732725,2483.8152,6.30936,0.938784,0.0,204.44395478041653
68.3,39.95827385,-106.2173275,2483.8152,6.30936,0.67056,0.0,201.80140948635184
68.4,39.95827364,-106.21732764,2483.8152,6.30936,0.0,0.0,0.0
68.5,39.95827363,-106.21732771,2483.8152,6.4008,0.0,0.0,0.0
68.6,39.95827361,-106.21732787,2483.8152,6.492240000000001,0.0,0.0,291.8014094863518
68.7,39.95827372,-106.21732829,2483.8152,6.492240000000001,0.0,0.0,270.0
68.8,39.95827378,-106.21732911,2483.8152,6.492240000000001,0.491744,0.089408,270.0
68.9,39.95827372,-106.21733033,2483.8152,6.492240000000001,0.938784,0.0,260.2175929681927
69.0,39.95827312,-106.2173324,2483.8152,6.492240000000001,1.519936,0.089408,256.6754687381092
69.1,39.95827273,-106.21733458,2483.8152,6.492240000000001,1.877568,0.089408,256.8274465766731
69.2,39.95827213,-106.21733744,2483.8152,6.492240000000001,2.2352,0.0,256.9306821037178
69.3,39.95827142,-106.2173406,2483.8152,6.492240000000001,2.592832,0.089408,254.05460409907715
69.4,39.95827,-106.21734535,2484.1200000000003,6.61416,3.621024,0.089408,254.47588900324573
69.5,39.95826903,-106.21734933,2484.1200000000003,6.61416,3.933952,0.089408,254.24882633654695
69.6,39.95826793,-106.21735393,2484.1200000000003,6.61416,3.844544,0.089408,252.75854060106
69.7,39.95826674,-106.2173587,2484.1200000000003,6.61416,4.202176,0.089408,253.19130837379316
69.8,39.95826543,-106.21736383,2484.1200000000003,6.61416,4.4704,0.089408,253.2497354949743
69.9,39.95826387,-106.21737005,2483.8152,6.492240000000001,5.096256,0.089408,253.113208876056
70.0,39.95826235,-106.21737627,2483.8152,6.492240000000001,5.588,0.089408,253.1683312417585
70.1,39.95826079,-106.21738259,2483.8152,6.492240000000001,5.632704,0.089408,252.64597536373867
70.2,39.95825902,-106.21738966,2483.8152,6.492240000000001,5.990336,0.089408,252.20879689125337
70.3,39.95825744,-106.21739678,2484.1200000000003,6.61416,6.303264,0.0,252.2995722113328
70.4,39.9582556,-106.21740446,2484.1200000000003,6.61416,6.571488,0.0,253.087893168209
70.5,39.95825378,-106.21741222,2483.8152,6.492240000000001,6.884416,0.089408,253.33424248312457
70.6,39.95825175,-106.21742093,2483.8152,6.492240000000001,7.331455999999999,0.089408,253.2685127871291
70.7,39.95825016,-106.21742959,2483.8152,6.492240000000001,7.644384,0.089408,253.92115143781723
70.8,39.95824799,-106.21743905,2483.8152,6.4008,8.002016,0.089408,253.9264258352536
70.9,39.95824586,-106.21744833,2483.8152,6.4008,8.359648,0.089408,253.81079374297303
71.0,39.95824358,-106.21745833,2483.8152,6.4008,8.583167999999999,0.089408,253.19130837379316
71.1,39.95824179,-106.21746788,2483.8152,6.30936,8.627872,0.089408,253.37924308610792
71.2,39.95823931,-106.21747878,2483.8152,6.30936,9.030208,0.0,253.1492467859277
71.3,39.95823681,-106.21748972,2483.8152,6.4008,9.700768,-0.312928,253.3249823098112
71.4,39.95823397,-106.21750185,2483.8152,6.4008,10.28192,-0.715264,253.02205940133533
71.5,39.95823114,-106.21751382,2483.8152,6.492240000000001,10.72896,-1.1176,252.9658271208907
71.6,39.95822796,-106.21752742,2484.1200000000003,6.61416,11.39952,-1.519936,252.99714736124264
71.7,39.95822496,-106.21754006,2484.1200000000003,6.797040000000001,11.712448,-1.922272,253.15427308420885
71.8,39.9582218,-106.21755353,2484.4248,7.10184,11.62304,-2.279904,253.3007557660064
71.9,39.95821868,-106.21756683,2484.7296,7.193280000000001,11.935968,-2.68224,252.79216882792588
72.0,39.95821546,-106.21758104,2485.0344,7.58952,12.248895999999998,-2.995168,252.82409638425327
72.1,39.95821209,-106.21759532,2485.3392000000003,7.89432,12.695936,-3.397504,252.85444908113823
72.2,39.95820845,-106.21761071,2485.9488,8.41248,13.232384,-3.889248,253.2462056909181
72.3,39.95820495,-106.21762564,2486.2536,8.6868,13.545312,-4.112768,253.46235421423205
72.4,39.95820151,-106.2176415,2486.5584000000003,9.2964,13.679424,-4.202176,253.56840772524956
72.5,39.95819801,-106.21765693,2487.168,9.69264,13.85824,-4.112768,253.3007557660064
72.6,39.95819427,-106.21767361,2487.4728,10.08888,14.260576,-4.202176,253.5084736940861
72.7,39.95819073,-106.21768952,2488.0824,10.60704,14.439391999999998,-4.515104,253.76115837030773
72.8,39.95818742,-106.21770598,2488.3872,11.00328,14.30528,-4.69392,253.86013465658385
72.9,39.95818395,-106.21772176,2488.9968000000003,11.49096,14.260576,-4.91744,253.52073257460088
73.0,39.95818027,-106.21773847,2489.3016,12.00912,14.394688,-4.783328,253.6203707157735
73.1,39.95817674,-106.21775443,2489.9112,12.58824,14.484096,-4.515104,253.6203707157735
73.2,39.95817298,-106.21777131,2490.5208,13.014960000000002,14.573504,-4.112768,253.6203707157735
73.3,39.95816957,-106.21778708,2490.8256,13.4112,14.484096,-3.710432,253.6203707157735
73.4,39.95816561,-106.21780441,2491.1304,13.68552,14.707616,-3.218688,253.6203707157735
73.5,39.95816207,-106.21781979,2491.4352000000003,13.99032,14.573504,-2.816352,253.28396333403904
73.6,39.95815802,-106.21783711,2491.74,14.20368,14.573504,-2.279904,253.18251582283503
73.7,39.95815423,-106.21785264,2491.74,14.38656,14.662912,-2.01168,253.18251582283503
73.8,39.95815024,-106.21786964,2492.0448,14.59992,14.5288,-1.385824,253.18251582283503
73.9,39.95814663,-106.21788486,2492.0448,14.69136,14.349984,-0.983488,252.8455016485929
74.0,39.95814242,-106.21790245,2492.0448,14.69136,14.662912,-0.581152,252.8455016485929
74.1,39.95813851,-106.21791849,2492.0448,14.69136,15.020544,-0.402336,252.9487381444465
74.2,39.95813465,-106.2179344,2492.0448,14.69136,14.30528,-0.089408,252.9487381444465
74.3,39.95813058,-106.21795106,2492.3496,14.81328,14.573504,-0.089408,252.71850162818333
74.4,39.9581265,-106.21796747,2492.0448,14.69136,14.797024,0.0,252.22233530044105
74.5,39.95812299,-106.21798167,2492.0448,14.69136,13.724128,0.0,251.8930768651429
74.6,39.95811886,-106.21799814,2492.0448,14.69136,13.724128,0.0,251.565051177078
74.7,39.95811504,-106.21801304,2492.0448,14.69136,14.08176,0.0,251.565051177078
74.8,39.95811057,-106.21802986,2492.0448,14.69136,14.30528,0.0,251.40304657720168
74.9,39.95810628,-106.21804585,2492.0448,14.69136,14.797024,0.0,250.9188855710464
75.0,39.95810135,-106.21806348,2492.0448,14.69136,15.19936,0.0,250.59767216178187
75.1,39.95809692,-106.21807979,2492.3496,14.81328,15.378176,0.0,250.70995378081125
75.2,39.95809203,-106.21809775,2492.0448,14.69136,15.512288000000002,0.0,250.3915587281097
75.3,39.95808731,-106.21811497,2492.0448,14.69136,15.914624,0.0,250.50413948681376
75.4,39.95808157,-106.21813584,2492.0448,14.69136,17.255744,0.0,250.50413948681376
75.5,39.95807691,-106.21815281,2492.0448,14.69136,17.121631999999998,0.0,250.61548432064217
75.6,39.95807222,-106.21817007,2492.3496,14.81328,15.512288000000002,0.0,250.61548432064217
75.7,39.95806776,-106.21818652,2492.3496,14.81328,15.244064,0.0,250.61548432064217
75.8,39.95806344,-106.21820266,2492.3496,14.81328,14.707616,0.0,250.7802265740861
75.9,39.9580589,-106.21821937,2492.3496,14.81328,14.841728000000002,0.0,250.7802265740861
76.0,39.95805401,-106.21823733,2492.0448,14.69136,15.691104,0.0,250.7802265740861
76.1,39.95804942,-106.21825419,2492.3496,14.81328,15.735808,0.0,250.7802265740861
76.2,39.95804472,-106.21827115,2492.0448,14.69136,15.288768,0.0,250.88856568918865
76.3,39.95804026,-106.21828765,2492.0448,14.69136,15.154656,0.0,250.88856568918865
76.4,39.95803554,-106.21830523,2492.0448,14.69136,15.378176,0.0,250.88856568918865
76.5,39.958031,-106.21832217,2492.0448,14.69136,15.601696,0.0,250.88856568918865
76.6,39.95802615,-106.2183403,2492.0448,14.69136,15.825216,0.0,250.88856568918865
76.7,39.95802168,-106.21835718,2492.0448,14.59992,15.780511999999998,0.0,250.99573515876745
76.8,39.95801665,-106.21837597,2492.0448,14.69136,16.09344,0.0,250.99573515876745
76.9,39.95801238,-106.21839196,2492.0448,14.69136,15.691104,0.0,250.99573515876745
77.0,39.95800752,-106.21841018,2492.0448,14.69136,15.42288,0.0,250.88856568918865
77.1,39.95800334,-106.21842605,2492.0448,14.69136,15.378176,0.0,250.88856568918865
77.2,39.95799865,-106.21844361,2492.0448,14.69136,15.065248,0.0,250.88856568918865
77.3,39.95799417,-106.21846033,2492.0448,14.69136,15.467584,0.0,250.88856568918865
77.4,39.95798942,-106.21847799,2492.0448,14.69136,15.512288000000002,0.0,250.88856568918865
77.5,39.95798482,-106.21849475,2492.0448,14.59992,15.556992,0.0,250.88856568918865
77.6,39.95798,-106.21851247,2492.0448,14.59992,15.601696,0.0,250.5781861219213
77.7,39.95797533,-106.2185295,2492.0448,14.59992,15.735808,0.0,250.5781861219213
77.8,39.95797034,-106.21854761,2492.0448,14.59992,15.914624,0.0,250.46836528261696
77.9,39.95796541,-106.21856494,2492.0448,14.50848,16.09344,0.0,250.46836528261696
78.0,39.95796058,-106.21858222,2492.0448,14.59992,15.691104,0.0,250.3013786254197
78.1,39.95795594,-106.2185988,2492.0448,14.59992,15.378176,0.0,250.3013786254197
78.2,39.95795098,-106.21861651,2492.0448,14.59992,15.556992,0.0,250.3013786254197
78.3,39.95794633,-106.21863313,2492.0448,14.50848,15.601696,0.0,250.18852285845296
78.4,39.95794156,-106.21865006,2492.0448,14.59992,15.19936,0.0,250.18852285845296
78.5,39.95793699,-106.21866631,2492.0448,14.59992,15.065248,0.0,250.18852285845296
78.6,39.9579321,-106.21868351,2492.0448,14.50848,15.19936,0.0,250.07441934181568
78.7,39.9579274,-106.21870002,2492.0448,14.50848,15.333472,0.0,249.6010905661218
78.8,39.95792239,-106.21871736,2492.0448,14.50848,15.42288,0.0,249.6010905661218
78.9,39.95791739,-106.21873476,2492.0448,14.50848,15.825216,0.0,249.6010905661218
79.0,39.95791247,-106.21875168,2492.0448,14.50848,15.6464,0.0,249.28714154346292
79.1,39.95790767,-106.21876798,2492.0448,14.50848,15.154656,0.0,248.9744880905312
79.2,39.95790237,-106.21878562,2492.0448,14.50848,15.512288000000002,-0.089408,248.54111554977175
79.3,39.95789735,-106.21880223,2492.0448,14.50848,15.691104,-0.089408,248.0744395064085
79.4,39.95789207,-106.21881954,2492.0448,14.59992,15.556992,-0.089408,248.19859051364816
79.5,39.95788707,-106.2188358,2492.0448,14.59992,15.42288,-0.089408,247.8905516562483
79.6,39.95788197,-106.21885183,2492.0448,14.59992,14.841728000000002,-0.089408,248.0744395064085
79.7,39.95787721,-106.2188671,2492.0448,14.59992,14.439391999999998,0.0,248.0744395064085
79.8,39.95787177,-106.21888451,2492.0448,14.59992,15.020544,0.0,248.0744395064085
79.9,39.95786637,-106.21890174,2492.0448,14.59992,15.959328,0.0,248.0744395064085
80.0,39.9578611,-106.2189186,2492.0448,14.69136,15.691104,0.0,247.7650091075115
80.1,39.95785596,-106.21893508,2492.0448,14.69136,15.333472,-0.089408,247.7650091075115
80.2,39.95785044,-106.21895251,2492.0448,14.69136,15.601696,-0.089408,247.7650091075115
80.3,39.95784522,-106.21896902,2492.0448,14.69136,15.6464,0.0,247.7650091075115
80.4,39.9578398,-106.21898621,2492.0448,14.69136,15.512288000000002,0.0,247.7650091075115
80.5,39.95783444,-106.21900324,2492.0448,14.69136,15.780511999999998,0.0,247.7650091075115
80.6,39.95782897,-106.21902042,2492.0448,14.69136,15.780511999999998,0.0,247.4569389999421
80.7,39.95782375,-106.21903674,2492.3496,14.81328,15.467584,0.0,247.4569389999421
80.8,39.95781826,-106.21905386,2492.3496,14.81328,15.467584,0.0,247.4569389999421
80.9,39.95781306,-106.21907003,2492.3496,14.81328,15.378176,0.0,247.1502379283508
81.0,39.95780752,-106.21908708,2492.3496,14.81328,15.378176,0.0,247.1502379283508
81.1,39.95780231,-106.2191032,2492.3496,14.81328,15.333472,0.0,247.27850184678067
81.2,39.95779692,-106.21911998,2492.3496,14.81328,15.19936,-0.089408,247.5838525206564
81.3,39.95779228,-106.21913471,2492.3496,14.81328,14.5288,0.0,247.70941751580625
81.4,39.95778703,-106.21915152,2492.3496,14.81328,14.5288,0.0,248.01475441879
81.5,39.95778198,-106.21916783,2492.3496,14.81328,15.244064,0.0,248.1376375797136
81.6,39.95777654,-106.21918561,2492.3496,14.81328,15.6464,0.0,248.31953129342344
81.7,39.95777132,-106.21920275,2492.0448,14.69136,16.004032,0.0,248.31953129342344
81.8,39.95776553,-106.21922211,2492.0448,14.69136,16.719296,0.0,248.31953129342344
81.9,39.95775993,-106.21924043,2492.0448,14.69136,17.255744,0.0,248.31953129342344
82.0,39.95775433,-106.21925872,2492.0448,14.69136,16.808704,0.0,248.43920129664733
82.1,39.9577491,-106.21927576,2492.0448,14.69136,16.227552,0.0,248.1385635272152
82.2,39.95774372,-106.21929297,2492.0448,14.69136,15.735808,0.0,248.1385635272152
82.3,39.95773859,-106.21930949,2492.0448,14.59992,15.512288000000002,0.0,248.1385635272152
82.4,39.95773317,-106.21932696,2492.0448,14.69136,15.6464,0.0,248.1385635272152
82.5,39.95772804,-106.21934344,2492.0448,14.69136,15.601696,0.0,248.1385635272152
82.6,39.95772304,-106.21935921,2492.0448,14.69136,14.841728000000002,0.0,248.1385635272152
82.7,39.95771816,-106.21937487,2492.0448,14.59992,14.484096,0.0,248.1385635272152
82.8,39.95771262,-106.21939284,2492.0448,14.69136,15.467584,0.0,248.1385635272152
82.9,39.95770734,-106.21940988,2492.0448,14.59992,16.09344,0.0,248.1385635272152
83.0,39.95770117,-106.21942951,2492.0448,14.59992,16.853408,0.0,248.01756179688132
83.1,39.95769591,-106.21944634,2492.0448,14.59992,16.808704,0.0,248.01756179688132
83.2,39.9576907,-106.21946304,2492.0448,14.59992,15.42288,0.0,247.83365417791757
83.3,39.95768519,-106.21948058,2492.0448,14.59992,15.780511999999998,0.0,247.83365417791757
83.4,39.95767971,-106.219498,2492.0448,14.59992,16.09344,0.0,247.83365417791757
83.5,39.95767448,-106.21951436,2492.0448,14.59992,15.556992,0.0,247.70941751580625
83.6,39.95766899,-106.21953159,2492.0448,14.59992,15.512288000000002,0.0,247.70941751580625
83.7,39.95766381,-106.21954794,2492.0448,14.59992,15.512288000000002,-0.089408,247.8905516562483
83.9,39.95765354,-106.21958062,2492.0448,14.59992,15.065248,-0.581152,247.9714849892128
84.0,39.95764864,-106.21959667,2492.0448,14.69136,14.931136,-1.207008,248.6071096480185
84.1,39.95764447,-106.21961049,2492.3496,14.81328,13.679424,-1.6987519999999998,248.87937136434485
84.2,39.9576399,-106.21962572,2492.3496,14.99616,13.277088,-2.190496,248.77076636102368
84.3,39.95763634,-106.2196383,2492.6544000000004,15.20952,12.695936,-2.592832,248.77234881136468
84.4,39.95763254,-106.21965081,2492.9592,15.51432,11.444224,-2.995168,248.7741856266596
84.5,39.95762913,-106.21966198,2493.264,15.78864,10.863072,-3.397504,248.0548723045824
84.8,39.95762047,-106.21968889,2494.4832,17.09928,8.761984,-4.515104,246.2749699717067
84.9,39.95761792,-106.21969616,2495.0928000000004,17.58696,7.912608,-4.69392,245.85445803957836
85.0,39.95761539,-106.21970316,2495.3976,18.10512,6.7056,-4.69392,244.81947152959515
85.1,39.95761302,-106.2197096,2496.0072,18.50136,6.347968,-4.783328,244.75402643843051
85.2,39.9576103,-106.21971646,2496.3120000000004,18.98904,6.347968,-4.783328,244.2306723756613
85.3,39.95760808,-106.21972225,2496.9216,19.5072,6.03504,-4.783328,244.0934920004856
85.4,39.95760596,-106.21972757,2497.5312,19.99488,5.319776,-4.91744,243.434948822922
85.5,39.95760411,-106.21973213,2498.1408,20.60448,4.783328,-4.91744,243.16595652922555
85.6,39.95760228,-106.2197367,2498.4456,21.092160000000003,4.380992,-4.91744,242.8188889145228
85.7,39.95760076,-106.21974029,2499.0552,21.61032,3.933952,-4.91744,241.0202923020712
85.8,39.95759932,-106.21974355,2499.36,22.098000000000003,3.397504,-4.91744,241.032339353936
85.9,39.95759811,-106.21974617,2499.9696,22.58568,2.90576,-4.91744,239.03624346792648
86.0,39.95759698,-106.21974867,2500.5792,23.19528,2.548128,-5.006848,239.93141717813756
86.1,39.95759611,-106.21975035,2501.1888,23.71344,2.101088,-4.91744,236.30993247402023
86.2,39.95759543,-106.21975163,2501.4936,24.201120000000003,1.56464,-4.91744,236.97613244420336
86.3,39.95759496,-106.21975245,2502.1032,24.6888,1.162304,-5.006848,230.71059313749964
86.4,39.95759474,-106.21975308,2502.7128,25.20696,0.938784,-5.006848,225.0
86.5,39.95759463,-106.21975322,2503.3224,25.78608,0.491744,-5.006848,0.0
86.6,39.95759462,-106.21975315,2503.6272,26.30424,0.0,-4.783328,0.0
86.7,39.95759466,-106.21975302,2504.2368,26.70048,0.0,-4.380992,90.0
86.8,39.95759471,-106.21975286,2504.5416,27.188160000000003,0.0,-4.02336,90.0
86.9,39.95759474,-106.21975301,2505.1512,27.61488,0.0,-3.486912,90.0
87.0,39.95759478,-106.21975291,2505.456,27.8892,0.0,-2.995168,0.0
87.1,39.95759478,-106.21975287,2505.456,28.194000000000003,0.0,-2.592832,0.0
87.2,39.95759476,-106.21975287,2505.7608,28.40736,0.0,-2.01168,0.0
87.3,39.9575945,-106.21975363,2506.0656,28.59024,0.67056,-1.609344,0.0
87.4,39.95759442,-106.21975369,2506.0656,28.59024,0.0,-0.983488,0.0
87.5,39.95759434,-106.21975374,2506.0656,28.71216,0.0,-0.581152,90.0
87.6,39.95759429,-106.21975372,2506.0656,28.803600000000003,0.0,-0.312928,90.0
87.7,39.95759396,-106.2197543,2506.0656,28.803600000000003,0.0,-0.089408,90.0
87.8,39.95759395,-106.21975421,2506.0656,28.803600000000003,0.0,0.0,90.0
87.9,39.95759394,-106.21975406,2506.0656,28.803600000000003,0.0,0.0,90.0
88.0,39.95759394,-106.21975379,2506.3704,28.89504,0.0,0.0,90.0
88.1,39.95759378,-106.21975351,2506.3704,28.89504,0.0,0.0,90.0
88.2,39.95759377,-106.21975315,2506.3704,28.98648,0.491744,0.0,90.0
88.3,39.95759375,-106.21975276,2506.3704,28.98648,0.67056,0.0,90.0
88.4,39.95759374,-106.21975233,2506.3704,28.98648,0.491744,0.0,90.0
88.5,39.95759375,-106.21975191,2506.3704,28.98648,0.491744,-0.402336,90.0
88.6,39.95759373,-106.21975139,2506.6752,29.19984,0.67056,-0.804672,90.0
88.7,39.95759375,-106.21975095,2506.6752,29.4132,0.491744,-1.296416,90.0
88.8,39.95759378,-106.21975048,2506.98,29.50464,0.67056,-1.296416,90.0
88.9,39.95759379,-106.21975,2506.98,29.687520000000003,0.0,-1.1176,90.0
89.0,39.95759378,-106.21974942,2507.2848,29.90088,0.491744,-0.715264,90.0
89.1,39.95759378,-106.21974893,2507.2848,29.992320000000003,0.491744,-0.491744,90.0
89.2,39.95759382,-106.21974846,2507.2848,29.992320000000003,0.67056,-0.312928,90.0
89.3,39.95759389,-106.21974806,2507.5896,30.11424,0.491744,-0.089408,90.0
89.4,39.95759403,-106.21974776,2507.5896,30.11424,0.491744,-0.089408,0.0
89.5,39.95759403,-106.21974781,2507.5896,30.11424,0.0,0.0,270.0
89.6,39.9575939,-106.21974828,2507.5896,30.11424,0.491744,0.0,248.96248897457815
89.7,39.95759361,-106.21974916,2507.5896,30.11424,0.67056,0.0,245.77225468204583
89.8,39.95759293,-106.21975071,2507.5896,30.11424,1.251712,0.0,247.2490236572124
89.9,39.95759231,-106.21975251,2507.5896,30.11424,1.56464,0.0,248.19859051364816
90.0,39.95759152,-106.21975494,2507.5896,30.11424,2.01168,0.0,247.7965214679426
90.1,39.95759062,-106.21975774,2507.5896,30.11424,2.414016,0.0,249.22774531795417
90.2,39.95758951,-106.21976119,2507.5896,30.20568,2.90576,0.0,247.44275336529432
90.3,39.95758805,-106.21976553,2507.5896,30.20568,3.621024,0.0,247.2702679200553
90.4,39.9575866,-106.21976977,2507.5896,30.20568,3.978656,0.0,246.0375110254218
90.5,39.95758511,-106.21977418,2507.5896,30.297120000000003,4.068064,0.0,247.1094483437517
90.6,39.95758342,-106.21977923,2507.5896,30.297120000000003,4.380992,0.0,247.3801350519596
90.7,39.95758139,-106.2197846,2507.8944,30.38856,4.91744,0.0,246.39981013208225
90.8,39.95757956,-106.21979009,2507.8944,30.38856,5.096256,0.0,246.86430274266417
90.9,39.95757758,-106.21979593,2507.8944,30.38856,5.230368,0.0,246.80140948635184
91.0,39.95757522,-106.21980279,2507.8944,30.38856,5.945632,0.0,246.6356555239404
91.1,39.95757293,-106.21980913,2507.8944,30.38856,6.169152,0.089408,246.2796044276954
91.2,39.9575705,-106.21981627,2507.8944,30.38856,6.303264,0.089408,246.6523314719089
91.3,39.95756809,-106.21982347,2507.8944,30.38856,6.660896,0.089408,246.94172540056323
91.4,39.95756543,-106.2198315,2507.8944,30.38856,7.063232,0.089408,246.48783133771445
91.5,39.95756274,-106.21983894,2507.8944,30.38856,7.242048,0.089408,246.80140948635184
91.6,39.9575597,-106.2198478,2507.8944,30.38856,7.644384,0.089408,246.80140948635184
91.7,39.95755673,-106.2198566,2507.8944,30.38856,8.225536,0.089408,247.07858110209128
91.8,39.95755369,-106.21986578,2507.8944,30.38856,8.359648,0.089408,247.2229761762762
92.0,39.95754712,-106.21988624,2507.8944,30.38856,9.119616,0.089408,247.64912734565604
92.1,39.95754383,-106.21989658,2507.8944,30.38856,9.477248,0.089408,247.8604237350009
92.2,39.95754025,-106.2199079,2507.8944,30.38856,10.013696,0.0,248.2460994409963
92.3,39.95753687,-106.21991882,2507.8944,30.38856,10.237215999999998,0.0,248.4341803845847
92.4,39.95753335,-106.21993046,2507.8944,30.38856,10.326624,0.0,249.26129085247777
92.5,39.95753026,-106.21994086,2507.8944,30.38856,10.0584,0.0,249.28792090822043
92.6,39.95752725,-106.21995122,2507.5896,30.297120000000003,9.477248,0.0,249.2459286812006
92.7,39.95752462,-106.21996029,2507.8944,30.38856,8.851392,0.0,249.89130012486584
92.8,39.95752195,-106.2199696,2507.5896,30.297120000000003,8.359648,0.0,249.8832748315445
92.9,39.95751944,-106.21997819,2507.5896,30.297120000000003,8.180832,0.089408,249.79143166293744
93.0,39.95751706,-106.21998637,2507.5896,30.297120000000003,7.644384,0.089408,249.11419853930695
93.1,39.95751492,-106.21999364,2507.5896,30.297120000000003,7.018528,0.089408,249.04422326936785
93.2,39.95751332,-106.21999898,2507.5896,30.297120000000003,5.766816,0.089408,248.5795408807901
93.3,39.95751138,-106.22000529,2507.5896,30.297120000000003,5.319776,0.089408,248.4480625779578
93.4,39.95750941,-106.22001155,2507.5896,30.297120000000003,5.766816,0.089408,247.7509763427876
93.5,39.95750769,-106.22001697,2507.5896,30.20568,5.409184,0.089408,247.7965214679426
93.6,39.95750604,-106.22002208,2507.5896,30.297120000000003,4.828032,0.089408,247.1094483437517
93.7,39.95750471,-106.22002629,2507.5896,30.297120000000003,4.291583999999999,0.089408,246.44773632710536
93.8,39.95750341,-106.2200301,2507.5896,30.297120000000003,3.755136,0.089408,247.20347853205735
93.9,39.95750231,-106.22003336,2507.5896,30.20568,3.308096,0.089408,245.77225468204583
94.0,39.95750129,-106.22003657,2507.5896,30.297120000000003,2.950464,0.0,247.83365417791757
94.1,39.95750078,-106.22003922,2507.5896,30.297120000000003,2.592832,0.0,251.565051177078
94.2,39.95750008,-106.22004216,2507.5896,30.297120000000003,2.45872,0.0,255.06858282186244
94.3,39.9574995,-106.2200453,2507.5896,30.297120000000003,2.68224,0.089408,259.0193499898264
94.4,39.95749894,-106.22004911,2507.8944,30.38856,2.995168,0.0,261.972762489568
94.5,39.95749855,-106.22005358,2507.8944,30.38856,3.531616,0.0,262.7939429986167
94.6,39.9574981,-106.22005861,2507.8944,30.38856,4.068064,0.0,264.7528610983836
94.7,39.95749771,-106.22006389,2507.8944,30.38856,4.425696,0.0,265.1009075462122
94.8,39.95749734,-106.22007002,2507.8944,30.38856,4.872736,0.0,265.56352551434264
94.9,39.95749683,-106.22007854,2507.8944,30.38856,6.25856,0.089408,265.8150838748816
95.0,39.95749637,-106.22008607,2507.8944,30.38856,6.8397120000000005,0.089408,266.9644308749444
95.1,39.95749599,-106.22009323,2507.8944,30.38856,6.303264,0.089408,266.29537255792286
95.2,39.95749565,-106.22010066,2507.8944,30.38856,6.25856,0.089408,266.4482666451796
95.3,39.95749525,-106.22010897,2507.8944,30.38856,6.7056,0.089408,266.6553496817341
95.4,39.95749458,-106.22011837,2507.8944,30.38856,7.59968,0.089408,266.8004602904374
95.5,39.95749413,-106.22012694,2507.5896,30.297120000000003,7.689088,0.089408,266.9335144988741
95.6,39.95749365,-106.22013616,2507.5896,30.297120000000003,7.59968,0.0,267.0891621738323
95.7,39.95749321,-106.2201448,2507.5896,30.297120000000003,7.644384,0.089408,267.1844433157888
95.8,39.95749253,-106.22015487,2507.5896,30.297120000000003,8.002016,0.089408,266.6865746002072
95.9,39.9574921,-106.22016431,2507.5896,30.20568,8.314944,0.089408,266.80406198640407
96.0,39.95749159,-106.22017585,2507.5896,30.20568,8.9408,0.089408,267.47388308838043
96.1,39.95749116,-106.22018662,2507.5896,30.20568,9.521952,0.089408,267.58049078334363
96.2,39.95749077,-106.22019849,2507.5896,30.20568,9.656064,0.0,267.62503848423864
96.3,39.95749037,-106.22020975,2507.5896,30.20568,9.879584,0.0,267.7195146753181
96.4,39.95748995,-106.22022176,2507.5896,30.11424,9.924288,0.089408,267.75913450078644
96.5,39.95748953,-106.22023368,2507.5896,30.11424,10.237215999999998,0.089408,267.3426093170945
96.6,39.95748902,-106.22024656,2507.5896,30.11424,10.594848,0.0,267.41874130256537
96.7,39.95748855,-106.22025936,2507.5896,30.11424,10.95248,0.0,267.4906352601483
96.8,39.95748806,-106.22027308,2507.5896,30.11424,11.310112,0.089408,267.5299487040392
96.9,39.95748761,-106.22028627,2507.2848,29.992320000000003,11.488928,0.0,268.0325979700807
97.0,39.95748717,-106.22030023,2507.2848,29.992320000000003,11.578335999999998,0.0,268.07661082248035
97.1,39.95748669,-106.22031351,2507.2848,29.992320000000003,11.62304,0.0,268.12553443739546
97.2,39.95748621,-106.22032863,2507.2848,29.992320000000003,12.114784,0.0,268.1589837930755
97.3,39.95748583,-106.22034322,2507.2848,29.992320000000003,12.695936,0.0,268.5880659613964
97.4,39.9574855,-106.22035871,2507.2848,29.992320000000003,12.830048,0.0,268.6124842525568
97.5,39.95748518,-106.22037409,2507.2848,29.992320000000003,13.142976,0.0,268.6314191930469
97.6,39.9574848,-106.22038998,2507.2848,29.992320000000003,13.321792,0.0,268.6543734434237
97.7,39.95748445,-106.22040526,2507.2848,29.90088,13.277088,0.0,268.6633410216709
97.8,39.9574841,-106.22042154,2507.2848,29.992320000000003,13.455904,0.0,268.68092238449145
97.9,39.9574837,-106.2204361,2507.2848,29.90088,13.142976,0.0,268.69380790608125
98.0,39.95748334,-106.22045349,2507.2848,29.992320000000003,13.63472,-0.089408,268.3316625517067
98.1,39.95748302,-106.22046843,2507.2848,29.90088,13.768832,-0.089408,268.35297133874127
98.2,39.95748265,-106.22048574,2507.2848,29.992320000000003,13.724128,-0.089408,268.7269699799433
98.3,39.95748236,-106.22050048,2507.2848,29.992320000000003,13.679424,0.0,268.7389758007174
98.4,39.95748199,-106.22051752,2507.2848,29.992320000000003,13.545312,0.0,268.7546357332317
98.5,39.95748164,-106.22053411,2507.2848,29.992320000000003,14.349984,-0.089408,268.7623207683291
98.6,39.95748128,-106.22055111,2507.2848,29.992320000000003,14.30528,-0.089408,268.7623207683291
98.7,39.95748092,-106.22056811,2507.5896,30.11424,14.484096,0.0,268.77367214010417
98.8,39.95748049,-106.22058762,2507.5896,30.11424,15.556992,0.0,268.4234499448163
98.9,39.95748008,-106.22060428,2507.2848,29.992320000000003,15.42288,0.0,268.4234499448163
99.0,39.95747959,-106.2206215,2507.5896,30.11424,14.439391999999998,0.0,268.07334554753584
99.1,39.95747909,-106.22063815,2507.5896,30.11424,14.439391999999998,0.0,268.07334554753584
99.2,39.9574785,-106.22065561,2507.5896,30.11424,14.5288,0.0,268.0850489859574
99.3,39.95747803,-106.22067241,2507.5896,30.11424,14.618208,0.0,268.0850489859574
99.4,39.95747756,-106.22068973,2507.5896,30.11424,14.573504,0.0,268.0850489859574
99.5,39.9574771,-106.22070631,2507.5896,30.11424,14.439391999999998,0.0,268.0850489859574
99.6,39.95747669,-106.22072308,2507.5896,30.11424,14.215872,0.0,268.0850489859574
99.7,39.95747618,-106.22073987,2507.5896,30.11424,14.30528,0.0,268.0966111500757
99.8,39.95747566,-106.22075761,2507.2848,29.992320000000003,14.707616,0.0,268.0966111500757
99.9,39.95747517,-106.22077454,2507.5896,30.11424,14.797024,0.0,268.0966111500757
100.0,39.95747477,-106.22079263,2507.5896,30.11424,14.931136,-0.089408,268.0850489859574
100.1,39.95747437,-106.22080872,2507.5896,30.11424,14.573504,-0.22352,268.0555197863528
100.2,39.95747394,-106.22082731,2507.5896,30.11424,14.797024,-0.22352,268.3634229583833
100.3,39.95747357,-106.22084348,2507.5896,30.20568,14.797024,-0.22352,268.3316625517067
100.4,39.95747319,-106.22085961,2507.5896,30.20568,13.768832,-0.089408,268.6406942139314
100.5,39.95747299,-106.22087455,2507.5896,30.20568,13.232384,-0.089408,268.5880659613964
100.6,39.95747274,-106.22088869,2507.5896,30.11424,12.383008,0.0,268.5418768441028
100.7,39.95747244,-106.22090306,2507.5896,30.11424,12.159488,0.0,268.0474909506004
100.8,39.95747207,-106.22091691,2507.5896,30.11424,12.025376,0.0,267.96266930318006
100.9,39.95747187,-106.22092855,2507.2848,29.992320000000003,10.863072,0.0,267.8701467977345
101.0,39.95747142,-106.22094119,2507.5896,30.11424,10.326624,0.0,267.26185348064485
101.1,39.95747096,-106.22095268,2507.5896,30.11424,10.28192,0.0,267.12454631601474
101.2,39.95747044,-106.22096422,2507.2848,29.992320000000003,9.83488,0.0,266.97275481772
101.3,39.95747,-106.22097433,2507.5896,30.11424,9.253728,0.0,266.80406198640407
101.4,39.9574695,-106.22098471,2507.5896,30.11424,8.71728,0.0,266.6514051855431
101.5,39.95746901,-106.22099386,2507.5896,30.11424,8.359648,0.0,266.4438189057449
101.6,39.95746851,-106.22100209,2507.5896,30.11424,7.420864000000001,0.0,266.2538379503964
101.7,39.95746813,-106.22100919,2507.5896,30.11424,6.526784,0.0,265.99219545762764
101.8,39.95746765,-106.22101725,2507.5896,30.11424,6.48208,0.0,265.7493454253488
101.9,39.9574672,-106.2210249,2507.5896,30.11424,6.7056,0.0,266.29537255792286
102.0,39.95746686,-106.22103237,2507.5896,30.20568,6.437376,0.0,267.0096550248346
102.1,39.95746665,-106.22103931,2507.5896,30.20568,6.169152,0.089408,267.83074241027145
102.2,39.95746684,-106.22104746,2507.5896,30.20568,6.437376,0.089408,270.0
102.3,39.95746692,-106.22105446,2507.5896,30.20568,6.437376,0.0,270.8363753254224
102.4,39.95746711,-106.221062,2507.5896,30.20568,6.213856,0.089408,272.0025331318269
102.5,39.9574674,-106.22106953,2507.5896,30.20568,6.437376,0.089408,273.4799175042697
102.6,39.95746795,-106.22107934,2507.5896,30.20568,7.420864000000001,0.089408,274.0078045423724
102.7,39.95746845,-106.2210877,2507.5896,30.20568,7.778496,0.0,274.61635209355103
102.8,39.95746909,-106.22109677,2507.5896,30.20568,7.465567999999999,0.0,275.50547785797835
102.9,39.95746981,-106.22110537,2507.5896,30.20568,7.554975999999999,-0.089408,276.1886159632416
103.0,39.95747068,-106.22111438,2507.5896,30.20568,7.554975999999999,-0.089408,277.2597240462598
103.1,39.95747155,-106.22112273,2507.5896,30.20568,7.465567999999999,-0.089408,277.59464336859145
103.2,39.95747243,-106.22113062,2507.5896,30.297120000000003,6.973824,-0.089408,278.1878020119045
103.3,39.95747326,-106.22113766,2507.5896,30.297120000000003,6.437376,0.0,278.74616226255523
103.4,39.95747408,-106.22114379,2507.5896,30.297120000000003,5.677408,0.0,278.46128814257133
103.5,39.95747476,-106.22114941,2507.5896,30.297120000000003,5.096256,0.0,278.13010235415595
103.6,39.9574754,-106.2211554,2507.5896,30.20568,5.006848,0.0,276.21563589970265
103.7,39.95747587,-106.22116035,2507.5896,30.297120000000003,4.69392,0.0,275.71059313749964
103.8,39.95747624,-106.22116513,2507.5896,30.20568,4.157472,0.089408,274.9392155421262
103.9,39.95747624,-106.22116858,2507.5896,30.20568,3.531616,0.089408,271.6602823689828
104.0,39.95747637,-106.221172,2507.5896,30.297120000000003,2.90576,0.0,270.0
104.1,39.95747641,-106.22117476,2507.5896,30.20568,2.6375360000000003,0.089408,270.0
104.2,39.95747638,-106.22117708,2507.5896,30.20568,2.190496,0.089408,270.0
104.3,39.95747613,-106.22117796,2507.5896,30.297120000000003,1.34112,0.089408,266.3086140135487
104.4,39.95747603,-106.2211796,2507.5896,30.297120000000003,1.162304,0.089408,270.0
104.5,39.95747594,-106.22118089,2507.5896,30.20568,1.251712,0.089408,270.0
104.6,39.9574759,-106.22118211,2507.5896,30.20568,1.162304,0.089408,270.0
104.7,39.95747601,-106.22118354,2507.5896,30.20568,1.0728959999999998,0.089408,274.23639479905887
104.8,39.95747615,-106.2211851,2507.5896,30.20568,1.34112,0.089408,277.90716270295843
104.9,39.95747638,-106.221187,2507.5896,30.20568,1.34112,0.089408,279.2461127455632
105.0,39.95747669,-106.22118966,2507.5896,30.20568,2.01168,0.089408,279.4623222080256
105.1,39.95747725,-106.22119409,2507.5896,30.297120000000003,3.084576,0.0,278.53076560994816
105.2,39.95747772,-106.22119777,2507.5896,30.20568,3.531616,0.0,279.05788812861766
105.3,39.95747824,-106.22120173,2507.5896,30.20568,3.308096,0.0,279.4623222080256
105.4,39.95747885,-106.22120637,2507.5896,30.297120000000003,3.665728,0.0,280.6603482945353
105.5,39.9574795,-106.22121111,2507.5896,30.20568,4.068064,0.0,279.65989307844234
105.6,39.95748039,-106.22121724,2507.5896,30.297120000000003,4.69392,0.0,280.105036365038
105.7,39.95748117,-106.2212227,2507.5896,30.20568,5.006848,0.0,279.2933085993971
105.8,39.95748194,-106.22122855,2507.5896,30.297120000000003,4.91744,0.0,279.7824070318073
105.9,39.95748283,-106.22123517,2507.5896,30.297120000000003,5.409184,0.0,279.98182928773315
106.0,39.95748368,-106.22124258,2507.5896,30.297120000000003,6.079744,0.0,279.4623222080256
106.1,39.95748464,-106.22124964,2507.5896,30.297120000000003,6.25856,0.0,280.0543355999944
106.2,39.9574857,-106.22125738,2507.5896,30.297120000000003,6.392672,0.0,280.54806541814213
106.3,39.95748679,-106.22126508,2507.5896,30.297120000000003,6.660896,0.0,280.80161823569074
106.4,39.95748798,-106.22127371,2507.5896,30.297120000000003,7.063232,0.0,280.46533842860066
106.5,39.95748918,-106.22128156,2507.5896,30.20568,7.15264,0.0,280.89872580575286
106.6,39.95749057,-106.22129046,2507.5896,30.20568,7.286752,0.0,281.44104386876745
106.7,39.95749202,-106.2212997,2507.5896,30.20568,7.867904,0.0,281.6243957243489
106.8,39.95749337,-106.2213084,2507.5896,30.11424,7.8232,0.089408,281.24904431467434
106.9,39.95749492,-106.22131824,2507.5896,30.11424,8.04672,0.0,281.4271015939451
107.0,39.95749651,-106.22132826,2507.5896,30.11424,8.627872,0.0,281.5921754102911
107.1,39.95749811,-106.22133823,2507.5896,30.11424,8.71728,0.0,281.2551039936145
107.2,39.95749982,-106.22134871,2507.2848,29.992320000000003,8.896096,0.0,280.988651096494
107.3,39.95750176,-106.22135973,2507.5896,30.11424,9.38784,0.0,281.4133543463772
107.4,39.95750362,-106.22137144,2507.2848,29.992320000000003,9.924288,0.0,281.6114864238885
107.5,39.95750542,-106.22138274,2507.2848,29.992320000000003,10.013696,0.0,281.8499795264802
107.6,39.95750723,-106.22139393,2507.2848,29.992320000000003,9.790176,-0.089408,281.9536781881956
107.7,39.95750898,-106.22140526,2507.2848,29.992320000000003,9.790176,-0.22352,282.33113946598803
107.8,39.95751081,-106.22141605,2507.2848,29.992320000000003,9.656064,-0.089408,282.2075809144735
107.9,39.95751271,-106.2214272,2507.5896,30.11424,9.566656,0.0,282.61932229343074
108.0,39.95751457,-106.22143804,2507.2848,29.992320000000003,9.61136,0.0,283.01711218907747
108.1,39.95751617,-106.22144743,2507.2848,29.992320000000003,8.851392,0.0,282.8750015596125
108.2,39.95751785,-106.22145621,2507.2848,29.992320000000003,7.957312,0.0,283.12290985899625
108.3,39.95751938,-106.22146406,2507.2848,29.992320000000003,7.331455999999999,0.0,283.15754274001483
108.4,39.9575209,-106.22147191,2507.2848,29.90088,6.92912,0.0,283.3744404648712
108.5,39.9575221,-106.22147755,2507.2848,29.90088,5.945632,0.0,283.2163240637906
108.6,39.95752338,-106.22148428,2507.2848,29.90088,5.453887999999999,0.0,283.2664808465837
108.7,39.95752459,-106.2214907,2507.2848,29.90088,5.766816,0.0,283.55376409773163
108.8,39.95752567,-106.2214963,2507.2848,29.90088,5.275072000000001,0.0,284.6887867733184
108.9,39.9575267,-106.22150104,2507.2848,29.90088,4.559807999999999,0.0,286.48445318953566
109.0,39.9575279,-106.22150555,2507.2848,29.90088,4.157472,0.0,289.50244850666223
109.1,39.95752934,-106.22151045,2507.2848,29.90088,4.24688,0.0,291.59531044896767
109.2,39.95753103,-106.22151555,2507.2848,29.90088,4.604512000000001,0.0,294.0151021641178
109.3,39.95753299,-106.22152101,2507.2848,29.90088,4.91744,0.089408,295.44174846300257
109.4,39.95753553,-106.22152724,2507.2848,29.90088,5.588,0.0,296.98023071822286
109.5,39.95753783,-106.22153283,2507.2848,29.90088,5.677408,0.0,298.17859010995915
109.6,39.95754053,-106.22153904,2507.2848,29.90088,5.722112,0.0,299.26386459854103
109.7,39.95754314,-106.22154483,2507.2848,29.90088,5.900928,0.0,299.6938610259101
109.8,39.95754667,-106.2215525,2507.2848,29.90088,6.660896,0.0,301.03221023846726
109.9,39.95754994,-106.22155942,2507.2848,29.992320000000003,7.286752,-0.089408,302.32613999437683
110.0,39.95755335,-106.2215665,2507.2848,29.992320000000003,7.018528,0.0,302.1611837200992
110.1,39.95755677,-106.22157344,2507.2848,29.90088,7.063232,0.0,302.4170375059231
110.2,39.95756064,-106.22158154,2507.2848,29.992320000000003,7.59968,0.0,303.69006752597977
110.3,39.95756443,-106.22158887,2507.2848,29.90088,7.867904,0.0,304.42341345503127
110.4,39.95756861,-106.22159672,2507.2848,29.992320000000003,7.867904,-0.089408,305.3878852456341
110.5,39.95757278,-106.22160438,2507.2848,29.992320000000003,8.091424,-0.089408,305.86591227603765
110.6,39.95757713,-106.22161222,2507.2848,29.992320000000003,8.136128,0.0,305.8926656877456
110.7,39.95758195,-106.22162088,2507.2848,29.992320000000003,8.672576,0.0,306.51105611949527
110.8,39.95758675,-106.22162923,2507.2848,29.992320000000003,8.985504,0.0,307.16073666819455
110.9,39.95759145,-106.22163732,2507.2848,29.992320000000003,8.761984,0.0,306.9267951241748
111.0,39.95759653,-106.22164603,2507.2848,29.992320000000003,8.985504,0.0,307.0382491089919
111.1,39.9576013,-106.2216541,2507.2848,29.992320000000003,8.985504,0.0,306.65100366014354
111.2,39.95760662,-106.22166314,2507.2848,29.992320000000003,9.209024,0.0,307.4053566314085
111.3,39.95761177,-106.22167183,2507.2848,29.992320000000003,9.521952,0.0,307.5041423602701
111.4,39.95761696,-106.22168052,2507.2848,29.992320000000003,9.38784,0.0,307.4417965965057
111.5,39.95762237,-106.22168954,2507.2848,29.992320000000003,9.566656,0.0,307.8306370813832
111.6,39.95762792,-106.22169888,2507.2848,29.992320000000003,9.924288,0.0,308.31068460236594
111.7,39.95763392,-106.22170881,2507.2848,29.90088,10.416032,0.0,308.3915356616831
111.8,39.9576401,-106.22171876,2507.2848,29.90088,10.863072,0.0,309.3405181598376
111.9,39.95764599,-106.22172813,2507.2848,29.992320000000003,10.594848,-0.22352,309.7130591497647
112.0,39.95765212,-106.22173763,2507.2848,29.992320000000003,10.460736,-0.402336,309.9626314979685
112.1,39.95765757,-106.22174602,2507.2848,29.992320000000003,9.968992,-0.491744,310.13166762531483
112.2,39.95766387,-106.22175577,2507.5896,30.20568,10.103104,-0.312928,310.45624234853284
112.3,39.95766938,-106.22176421,2507.5896,30.11424,10.147808,-0.089408,310.48086228529354
112.4,39.95767488,-106.22177242,2507.5896,30.11424,9.38784,-0.089408,310.8553762588957
112.5,39.95767978,-106.22177968,2507.5896,30.11424,8.761984,0.0,311.0396881695416
112.6,39.95768434,-106.22178635,2507.5896,30.11424,7.957312,0.0,312.1844433157888
112.7,39.95768832,-106.22179205,2507.2848,29.992320000000003,7.1079360000000005,0.0,312.74935910296244
112.8,39.95769272,-106.22179795,2507.2848,29.992320000000003,6.795007999999999,0.0,313.9087837747374
112.9,39.9576968,-106.22180345,2507.2848,29.992320000000003,6.795007999999999,0.0,315.0
113.0,39.95770082,-106.22180849,2507.2848,29.90088,6.347968,0.089408,316.2188752351313
113.1,39.95770473,-106.22181306,2507.2848,29.992320000000003,6.03504,0.089408,319.06336599293303
113.2,39.95770911,-106.22181762,2507.2848,29.90088,6.03504,0.089408,322.3523793598924
113.3,39.95771335,-106.22182178,2507.2848,29.90088,6.079744,0.089408,325.3590524880837
113.4,39.95771792,-106.22182576,2507.2848,29.90088,5.990336,0.0,327.01147838636547
113.5,39.95772242,-106.2218294,2507.2848,29.80944,5.990336,0.0,328.55128472694634
113.6,39.95772703,-106.22183229,2507.2848,29.90088,5.766816,0.0,330.35013649242444
113.7,39.95773208,-106.22183584,2507.2848,29.90088,6.03504,0.0,331.6244781439649
113.8,39.95773771,-106.22183975,2507.2848,29.90088,6.750304,0.0,332.30849157603507
113.9,39.95774397,-106.22184391,2507.2848,29.90088,7.465567999999999,0.0,333.434948822922
114.0,39.9577505,-106.2218481,2507.2848,29.90088,7.957312,-0.089408,334.3348085378264
114.1,39.95775768,-106.22185286,2507.2848,29.90088,8.538464000000001,0.0,335.04231674489364
114.2,39.95776439,-106.22185689,2507.2848,29.992320000000003,8.583167999999999,-0.089408,335.5825342512205
114.3,39.95777138,-106.22186099,2507.2848,29.992320000000003,8.359648,-0.089408,336.4767909795404
114.4,39.95777865,-106.22186517,2507.2848,29.992320000000003,8.672576,0.0,336.1612598168283
114.5,39.95778582,-106.2218694,2507.5896,30.11424,8.806688,0.0,336.2179695767786
114.6,39.95779276,-106.22187339,2507.5896,30.11424,8.627872,0.0,337.22297617627623
114.7,39.95780037,-106.22187766,2507.5896,30.11424,8.851392,0.0,337.4667499209957
114.8,39.95780834,-106.22188203,2507.5896,30.11424,9.432544,0.0,337.6805596070249
114.9,39.95781583,-106.22188621,2507.2848,29.992320000000003,9.343136,0.0,338.1985905136482
115.0,39.95782387,-106.22189045,2507.2848,29.992320000000003,9.343136,0.0,337.85194784891564
115.1,39.95783177,-106.22189457,2507.5896,30.11424,9.521952,0.0,338.3440109615775
115.2,39.95784041,-106.22189905,2507.2848,29.992320000000003,9.879584,0.0,338.7229132934223
115.3,39.95784832,-106.22190298,2507.2848,29.992320000000003,9.879584,0.0,338.7105619193482
115.4,39.95785705,-106.22190733,2507.2848,29.992320000000003,9.924288,0.0,339.06872330187485
115.5,39.95786553,-106.22191154,2507.2848,29.992320000000003,10.237215999999998,0.0,339.04901228469544
115.6,39.95787419,-106.22191584,2507.2848,29.992320000000003,10.192512,0.0,339.2200349453035
115.7,39.95788357,-106.22192047,2507.2848,29.992320000000003,10.72896,0.0,339.55419183441245
115.8,39.95789351,-106.22192527,2507.2848,29.992320000000003,11.488928,0.0,339.7174409110834
115.9,39.95790274,-106.22192975,2507.2848,29.992320000000003,11.354816,-0.089408,339.6848043732679
116.0,39.9579124,-106.22193436,2507.2848,29.992320000000003,11.176,0.0,339.8423891054552
116.1,39.95792176,-106.22193878,2507.2848,29.992320000000003,11.265408,0.0,340.2262791156192
116.2,39.95793149,-106.22194331,2507.2848,29.992320000000003,11.265408,0.0,340.523424501068
116.3,39.95794133,-106.22194792,2507.2848,29.992320000000003,11.578335999999998,0.0,340.27390582448066
116.4,39.95795201,-106.22195288,2507.2848,29.992320000000003,12.114784,0.0,340.5599651718238
116.5,39.95796227,-106.2219576,2507.2848,29.992320000000003,12.338304,0.0,340.7000238364544
116.6,39.95797302,-106.22196241,2507.2848,29.992320000000003,12.338304,0.0,340.9065079995144
116.7,39.9579835,-106.22196719,2507.2848,29.992320000000003,12.472416,0.0,340.78732818281435
116.8,39.95799532,-106.2219726,2507.2848,29.992320000000003,13.142976,0.0,340.53743439063635
116.9,39.95800538,-106.22197725,2507.2848,29.992320000000003,12.874752,0.0,340.53743439063635
117.0,39.95801672,-106.22198244,2507.2848,29.992320000000003,12.606528,0.0,340.2920211570213
117.1,39.95802717,-106.22198735,2507.2848,29.992320000000003,12.830048,0.0,340.1188129309561
117.2,39.95803823,-106.22199264,2507.2848,29.90088,12.74064,0.0,340.1188129309561
117.3,39.95804882,-106.22199775,2507.2848,29.90088,12.830048,0.0,339.6973723376438
117.4,39.95806004,-106.22200318,2507.2848,29.90088,12.919455999999998,0.0,339.6973723376438
117.5,39.95807026,-106.22200835,2507.2848,29.90088,12.74064,0.0,339.83309312443623
117.6,39.95808143,-106.22201372,2507.2848,29.90088,12.695936,0.0,339.96708551077444
117.7,39.95809218,-106.22201888,2507.2848,29.80944,13.008864,0.0,339.8035940242878
117.8,39.9581037,-106.22202442,2507.2848,29.80944,13.18768,-0.089408,339.93536851958214
117.9,39.9581145,-106.22202953,2507.2848,29.90088,13.232384,-0.491744,340.1940299498925
118.0,39.95812642,-106.22203511,2507.2848,29.90088,13.4112,-0.89408,340.3838622637513
118.1,39.95813788,-106.22204041,2507.5896,30.11424,13.768832,-1.296416,340.5084864978834
118.2,39.95815005,-106.22204601,2507.5896,30.20568,13.947648,-1.6987519999999998,340.7532219945414
118.3,39.9581622,-106.22205149,2507.5896,30.297120000000003,14.30528,-2.01168,340.7532219945414
118.4,39.95817478,-106.22205735,2507.8944,30.51048,14.573504,-2.414016,340.5901420191984
118.5,39.95818681,-106.22206296,2508.1992,30.7848,14.5288,-2.816352,340.37037690334296
118.6,39.95819943,-106.22206876,2508.504,31.0896,14.5288,-3.084576,340.70995378081125
118.7,39.95821196,-106.22207449,2508.8088,31.3944,14.797024,-3.486912,341.05094531808027
118.8,39.9582239,-106.22207983,2509.1136,31.79064,14.394688,-3.889248,341.393336068277
118.9,39.95823641,-106.22208531,2509.7232,32.18688,14.349984,-4.202176,341.5081536987472
119.0,39.95824872,-106.22209058,2510.028,32.705040000000004,14.5288,-4.515104,342.1323175869359
119.1,39.95826055,-106.22209559,2510.6376,33.10128,14.126464,-4.69392,342.2959684765421
119.2,39.95827249,-106.2221004,2511.2472,33.71088,13.85824,-5.006848,342.40346615148013
119.3,39.95828466,-106.22210553,2511.552,34.19856,14.08176,-5.006848,341.8994585443212
119.4,39.95829756,-106.22211101,2512.1616,34.68624,14.662912,-5.006848,341.67566065262986
119.5,39.95831,-106.22211634,2512.4664,35.2044,14.841728000000002,-5.006848,341.565051177078
119.6,39.95832421,-106.22212252,2513.076,35.814,15.601696,-5.006848,341.3442592853544
119.7,39.95833679,-106.22212807,2513.6856,36.39312,15.735808,-5.096256,341.3442592853544
119.8,39.95834983,-106.22213394,2514.2952,36.91128,15.065248,-5.096256,341.23193993315664
119.9,39.95836217,-106.22213949,2514.6,37.30752,14.931136,-5.006848,341.23193993315664
120.0,39.95837486,-106.22214546,2515.2096,37.88664,14.75232,-5.096256,341.23193993315664
120.1,39.95838708,-106.22215091,2515.8192,38.31336,14.662912,-5.096256,341.23193993315664
120.2,39.95839993,-106.22215662,2516.4288,38.89248,14.707616,-5.096256,341.67566065262986
120.3,39.95841219,-106.222162,2517.0384,39.50208,14.707616,-5.096256,341.67566065262986
120.4,39.95842488,-106.2221674,2517.3432000000003,39.898320000000005,14.618208,-5.006848,341.3442592853544
120.5,39.95843712,-106.22217276,2517.9528,40.507920000000006,14.573504,-4.91744,341.3442592853544
120.6,39.95844932,-106.22217814,2518.2576,40.90416,14.349984,-4.783328,341.67566065262986
120.7,39.95846142,-106.22218347,2518.8672,41.51376,14.260576,-4.91744,341.565051177078
120.8,39.95847453,-106.22218918,2519.4768,42.00144,14.797024,-4.91744,341.565051177078
120.9,39.95848573,-106.22219402,2519.7816000000003,42.48912000000001,14.260576,-4.783328,341.565051177078
121.0,39.95849804,-106.22219933,2520.3912,43.00728,13.768832,-4.783328,341.78929965830173
121.1,39.95850987,-106.22220441,2521.0008000000003,43.49496,14.126464,-4.783328,342.2959684765421
121.2,39.95852267,-106.22220986,2521.3056,44.01312,14.394688,-4.783328,342.1323175869359
121.3,39.9585348,-106.2222149,2521.9152,44.500800000000005,14.573504,-4.69392,342.4744316262771
121.4,39.95854723,-106.22222007,2522.5248,44.98848,14.349984,-4.783328,342.36553892334103
121.5,39.95855913,-106.22222508,2522.8296,45.50664,14.171168,-4.91744,342.02158159117704
121.6,39.95857121,-106.22223022,2523.4392000000003,45.99432,14.037056,-4.91744,342.02158159117704
121.7,39.95858427,-106.22223569,2524.0488,46.51248,14.662912,-4.91744,342.02158159117704
121.8,39.95859684,-106.22224105,2524.3536,47.0916,14.97584,-5.006848,342.02158159117704
121.9,39.95860807,-106.22224583,2524.9632,47.7012,13.947648,-5.096256,342.02158159117704
122.0,39.95862055,-106.22225122,2525.5728,48.18888,13.85824,-4.91744,342.02158159117704
122.1,39.9586327,-106.22225661,2526.1824,48.707040000000006,14.439391999999998,-4.604512000000001,341.9095106313078
122.2,39.95864572,-106.22226226,2526.4872,49.10328,14.75232,-4.112768,341.6233378095787
122.3,39.95865764,-106.2222675,2527.0968000000003,49.59096,14.618208,-3.710432,341.5064065921192
122.4,39.95866909,-106.22227262,2527.4016,49.89576,13.724128,-3.218688,340.85918406259555
122.5,39.95868018,-106.22227763,2527.7064,50.292,13.277088,-2.816352,340.85918406259555
122.6,39.95869155,-106.22228293,2528.0112,50.50536,13.232384,-2.503424,340.85918406259555
122.7,39.95870314,-106.22228822,2528.0112,50.68824000000001,13.545312,-2.101088,340.736450979252
122.8,39.9587151,-106.22229374,2528.3160000000003,50.9016,13.902944,-1.609344,340.736450979252
122.9,39.95872597,-106.22229875,2528.6208,51.11496,13.455904,-1.296416,340.736450979252
123.0,39.95873678,-106.22230381,2528.6208,51.2064,12.785344,-0.89408,340.85918406259555
123.1,39.95874811,-106.22230895,2528.6208,51.2064,13.053568,-0.581152,340.85918406259555
123.2,39.95876037,-106.22231448,2528.6208,51.29784000000001,13.85824,-0.312928,340.85918406259555
123.3,39.95877202,-106.22231976,2528.6208,51.29784000000001,14.08176,-0.22352,340.5084864978834
123.4,39.95878506,-106.22232574,2528.6208,51.29784000000001,14.5288,-0.22352,340.5084864978834
123.5,39.95879656,-106.22233106,2528.6208,51.29784000000001,14.439391999999998,-0.089408,340.5084864978834
123.6,39.95880859,-106.22233662,2528.6208,51.29784000000001,13.85824,0.0,340.63159765041394
123.7,39.95881997,-106.22234187,2528.6208,51.29784000000001,13.813536,0.0,340.63159765041394
123.8,39.95883119,-106.22234679,2528.6208,51.29784000000001,13.277088,0.0,340.5084864978834
123.9,39.95884242,-106.22235191,2528.6208,51.29784000000001,13.18768,0.0,340.5084864978834
124.0,39.95885452,-106.22235751,2528.6208,51.2064,13.768832,0.0,340.3838622637513
124.1,39.95886598,-106.22236282,2528.6208,51.2064,13.902944,0.0,340.3838622637513
124.2,39.95887792,-106.2223684,2528.6208,51.2064,13.813536,0.0,340.54948679236617
124.3,39.95888956,-106.22237389,2528.6208,51.2064,13.947648,0.0,340.54948679236617
124.4,39.95890099,-106.2223792,2528.6208,51.2064,13.63472,0.0,340.42289419046915
124.6,39.95892372,-106.2223897,2528.6208,51.29784000000001,13.455904,0.0,341.07535558394875
124.7,39.95893475,-106.22239465,2528.6208,51.2064,13.277088,0.0,340.7563696646245
124.8,39.95894625,-106.22239993,2528.6208,51.2064,13.277088,0.0,340.6258602313424
124.9,39.95895705,-106.22240487,2528.6208,51.2064,13.142976,0.0,340.8702080933771
125.0,39.9589682,-106.22240996,2528.6208,51.29784000000001,12.919455999999998,-0.089408,340.53743439063635
125.1,39.95897873,-106.22241482,2528.6208,51.2064,12.785344,0.0,340.78732818281435
125.2,39.95898963,-106.22241983,2528.6208,51.29784000000001,12.651232,0.0,340.65152846505254
125.3,39.95899989,-106.22242455,2528.6208,51.2064,12.472416,0.0,340.51387042753424
125.4,39.95901055,-106.22242939,2528.6208,51.2064,12.2936,0.0,340.7000238364544
125.5,39.95902037,-106.22243388,2528.6208,51.2064,12.07008,0.0,340.5599651718238
125.6,39.9590309,-106.22243867,2528.6208,51.2064,11.980672,0.0,340.8829907839053
125.7,39.95904082,-106.22244318,2528.6208,51.2064,12.025376,0.0,340.8829907839053
125.8,39.95905111,-106.22244784,2528.6208,51.2064,11.891264,0.0,341.0812623653209
125.9,39.95906105,-106.22245236,2528.6208,51.2064,11.935968,0.0,340.9385123416756
126.0,39.95907252,-106.22245764,2528.6208,51.2064,12.651232,0.0,340.9385123416756
126.1,39.95908268,-106.22246229,2528.6208,51.2064,12.74064,0.0,340.7936735817045
126.2,39.95909321,-106.22246713,2528.6208,51.29784000000001,12.204192,0.0,340.7936735817045
126.3,39.95910293,-106.22247158,2528.6208,51.2064,11.935968,0.0,340.64670179600466
126.4,39.95911248,-106.22247595,2528.6208,51.29784000000001,11.354816,0.0,341.13100054493856
126.5,39.9591217,-106.22248009,2528.6208,51.29784000000001,11.041888,0.0,341.13100054493856
126.6,39.95913139,-106.22248441,2528.6208,51.29784000000001,11.131296,0.0,340.9819081629801
126.7,39.95914055,-106.2224885,2528.6208,51.29784000000001,11.086592,0.0,340.9819081629801
126.8,39.95914962,-106.22249249,2528.6208,51.29784000000001,10.72896,0.0,340.9819081629801
126.9,39.9591587,-106.22249658,2528.6208,51.29784000000001,10.684256,0.0,340.9819081629801
127.0,39.95916813,-106.22250082,2528.6208,51.29784000000001,10.907775999999998,0.0,340.5472129397813
127.1,39.95917723,-106.22250496,2528.9256,51.38928,10.907775999999998,0.0,340.5472129397813
127.2,39.95918706,-106.22250952,2528.9256,51.38928,11.131296,0.0,340.5472129397813
127.3,39.9591964,-106.22251384,2528.9256,51.38928,11.310112,0.0,340.5472129397813
127.4,39.95920619,-106.22251836,2528.9256,51.38928,11.310112,0.0,340.5472129397813
127.5,39.9592155,-106.22252265,2528.9256,51.38928,11.265408,0.0,340.5472129397813
127.6,39.95922529,-106.22252711,2528.9256,51.38928,11.265408,0.0,341.13100054493856
127.7,39.95923489,-106.22253146,2528.9256,51.38928,11.39952,0.0,341.13100054493856
127.9,39.95925369,-106.22253996,2528.9256,51.38928,11.131296,0.0,340.8488912316076
128.0,39.95926364,-106.22254444,2528.9256,51.38928,11.265408,0.0,340.64670179600466
128.1,39.95927327,-106.2225487,2528.9256,51.5112,11.488928,0.0,340.64670179600466
128.2,39.95928386,-106.22255353,2528.9256,51.5112,11.891264,0.0,341.21354773720464
128.3,39.95929346,-106.22255788,2528.9256,51.5112,11.891264,0.0,340.7936735817045
128.4,39.95930356,-106.22256237,2528.9256,51.38928,11.578335999999998,0.089408,340.7936735817045
128.5,39.95931326,-106.22256652,2528.9256,51.38928,11.578335999999998,0.089408,340.9385123416756
128.6,39.95932298,-106.22257087,2528.9256,51.38928,11.39952,0.0,340.9385123416756
128.7,39.95933274,-106.22257525,2528.9256,51.38928,11.444224,0.0,341.0812623653209
128.8,39.95934355,-106.2225801,2528.9256,51.38928,12.114784,0.0,340.6688004177945
128.9,39.95935349,-106.2225845,2528.9256,51.38928,12.204192,0.0,341.2915650464111
129.0,39.9593639,-106.22258916,2528.9256,51.38928,11.935968,0.0,341.2915650464111
129.1,39.95937385,-106.22259361,2528.9256,51.38928,11.980672,0.089408,341.4292794418444
129.2,39.95938433,-106.22259833,2528.9256,51.38928,12.025376,0.089408,341.0232632641656
129.3,39.95939435,-106.22260283,2528.9256,51.38928,12.07008,0.0,341.16156644201925
129.4,39.95940493,-106.22260775,2528.9256,51.38928,12.159488,0.0,341.2979399210212
129.5,39.95941504,-106.22261225,2528.9256,51.38928,12.204192,0.0,341.2979399210212
129.6,39.95942516,-106.22261671,2528.9256,51.38928,11.891264,0.0,341.4989661089055
129.7,39.95943589,-106.22262145,2528.9256,51.38928,12.248895999999998,0.0,340.9065079995144
129.8,39.95944665,-106.22262607,2528.9256,51.38928,12.606528,0.0,340.9065079995144
129.9,39.95945685,-106.22263061,2528.9256,51.38928,12.2936,0.0,341.0418165948938
130.0,39.95946741,-106.22263535,2528.9256,51.38928,12.204192,0.0,341.0418165948938
130.1,39.95947698,-106.22263968,2528.9256,51.38928,11.84656,0.089408,340.65152846505254
130.2,39.95948785,-106.22264474,2528.9256,51.38928,12.025376,0.089408,340.78732818281435
130.3,39.95949762,-106.22264918,2528.9256,51.38928,12.159488,0.089408,340.78732818281435
130.4,39.95950914,-106.22265442,2528.9256,51.38928,12.561824,0.089408,340.78732818281435
130.5,39.95951961,-106.22265921,2528.9256,51.38928,12.96416,0.0,340.78732818281435
130.6,39.95953119,-106.22266434,2528.9256,51.38928,12.96416,0.0,340.53743439063635
130.7,39.95954122,-106.22266894,2528.9256,51.38928,12.695936,0.0,340.53743439063635
130.8,39.95955234,-106.22267406,2528.9256,51.38928,12.472416,0.0,340.1553724338684
130.9,39.95956292,-106.22267897,2528.9256,51.38928,12.785344,0.0,340.1553724338684
131.0,39.95957402,-106.22268416,2528.9256,51.38928,12.785344,0.0,340.2920211570213
131.1,39.9595852,-106.22268938,2528.9256,51.38928,13.142976,0.0,340.2920211570213
131.2,39.95959633,-106.22269461,2528.9256,51.38928,13.18768,0.0,340.67187084889
131.3,39.95960705,-106.22269961,2528.6208,51.29784000000001,12.919455999999998,0.0,340.49363784720225
131.4,39.95961853,-106.2227049,2528.6208,51.29784000000001,13.098272,0.089408,340.8702080933771
131.5,39.95962902,-106.22270973,2528.6208,51.2064,12.96416,0.089408,340.8702080933771
131.6,39.95963971,-106.22271456,2528.6208,51.2064,12.472416,0.089408,340.2920211570213
131.7,39.95965046,-106.22271947,2528.6208,51.2064,12.606528,0.089408,340.49363784720225
131.8,39.95966145,-106.22272459,2528.6208,51.2064,12.830048,0.0,340.49363784720225
131.9,39.95967092,-106.222729,2528.6208,51.29784000000001,12.07008,0.0,340.1188129309561
132.0,39.95968218,-106.22273429,2528.6208,51.2064,12.248895999999998,0.0,340.2531633945739
132.1,39.9596926,-106.22273923,2528.6208,51.2064,12.830048,0.0,339.83309312443623
132.2,39.95970517,-106.22274526,2528.6208,51.2064,13.590016,0.0,339.46679088104594
132.3,39.95971785,-106.22275142,2528.6208,51.2064,14.97584,0.0,339.602794158285
132.4,39.95972957,-106.22275719,2528.6208,51.2064,14.484096,0.0,339.2402171896581
132.5,39.95974068,-106.22276275,2528.6208,51.2064,13.590016,0.0,339.0860006432873
132.6,39.9597517,-106.22276834,2528.6208,51.29784000000001,13.18768,-0.089408,339.0860006432873
132.7,39.95976277,-106.22277392,2528.6208,51.29784000000001,13.142976,0.0,339.22162070231605
132.8,39.959774,-106.22277973,2528.6208,51.2064,13.321792,0.0,339.22162070231605
132.9,39.95978513,-106.22278524,2528.6208,51.2064,13.321792,0.0,339.7097237881571
133.0,39.95979745,-106.22279129,2528.6208,51.2064,13.947648,0.0,339.84015439351305
133.1,39.95980866,-106.22279672,2528.6208,51.2064,13.947648,0.0,339.84015439351305
133.2,39.95982041,-106.2228023,2528.6208,51.29784000000001,13.590016,0.0,339.84015439351305
133.3,39.95983159,-106.22280762,2528.6208,51.29784000000001,13.545312,0.0,339.84015439351305
133.4,39.95984308,-106.2228131,2528.6208,51.29784000000001,13.4112,0.0,339.7097237881571
133.5,39.95985417,-106.22281843,2528.6208,51.2064,13.366496,0.0,339.7097237881571
133.6,39.95986606,-106.222824,2528.6208,51.2064,13.590016,0.0,339.7097237881571
133.7,39.95987746,-106.22282954,2528.6208,51.29784000000001,13.768832,0.0,339.4878764119152
133.8,39.9598894,-106.22283536,2528.6208,51.2064,13.85824,-0.089408,339.3555695369688
133.9,39.95990063,-106.22284093,2528.6208,51.2064,13.768832,-0.312928,339.22162070231605
134.0,39.9599122,-106.22284694,2528.6208,51.29784000000001,13.590016,-0.402336,339.10223450116115
134.1,39.95992295,-106.22285237,2528.6208,51.29784000000001,13.321792,-0.312928,338.9768165010395
134.2,39.95993398,-106.22285794,2528.9256,51.38928,13.008864,-0.312928,339.34741606888645
134.3,39.95994414,-106.22286305,2528.9256,51.38928,12.651232,-0.22352,339.2209187030081
134.4,39.9599544,-106.22286821,2528.9256,51.38928,12.159488,-0.089408,339.18493403363266
134.5,39.95996341,-106.22287272,2528.9256,51.38928,11.488928,0.0,339.5248428859903
134.6,39.95997281,-106.22287731,2528.9256,51.38928,10.95248,0.0,339.2200349453035
134.7,39.95998122,-106.22288142,2528.9256,51.38928,10.550144,0.0,339.1791071466892
134.8,39.95998927,-106.22288538,2528.9256,51.38928,9.790176,0.0,339.2879209082204
134.9,39.95999556,-106.22288831,2528.9256,51.38928,8.49376,0.0,339.2459286812006
135.0,39.96000358,-106.2228923,2528.9256,51.38928,8.49376,0.0,338.91960292007747
135.1,39.96001068,-106.2228959,2528.6208,51.29784000000001,8.985504,0.0,338.61636483523824
135.2,39.96001714,-106.22289927,2528.6208,51.29784000000001,8.091424,0.0,338.7135948863409
135.3,39.96002402,-106.22290336,2528.6208,51.29784000000001,8.091424,0.0,337.92280068446365
135.4,39.9600296,-106.22290634,2528.6208,51.29784000000001,7.554975999999999,0.0,338.051300916473
135.6,39.96003914,-106.22291148,2528.6208,51.29784000000001,6.03504,0.0,337.2349908924885
135.7,39.96004317,-106.22291382,2528.6208,51.29784000000001,5.453887999999999,0.0,337.34064795999416
135.8,39.96004731,-106.22291618,2528.6208,51.29784000000001,4.962144,0.0,337.5572466347057
135.9,39.96005083,-106.22291822,2528.6208,51.29784000000001,4.69392,0.0,336.0375110254218
136.0,39.96005418,-106.22292019,2528.6208,51.29784000000001,4.202176,0.0,335.80679101271124
136.1,39.96005677,-106.22292172,2528.6208,51.29784000000001,3.665728,0.0,335.77225468204585
136.2,39.96005879,-106.22292298,2528.6208,51.2064,2.861056,0.0,335.8208928533108
136.3,39.96006044,-106.222924,2528.6208,51.2064,2.324608,0.0,334.6538240580533
136.4,39.96006201,-106.222925,2528.6208,51.2064,2.01168,0.0,334.29004621918875
136.5,39.96006305,-106.22292568,2528.6208,51.29784000000001,1.56464,0.0,333.434948822922
136.6,39.96006405,-106.22292627,2528.6208,51.29784000000001,1.162304,0.0,322.1250163489018
136.7,39.96006438,-106.22292656,2528.6208,51.2064,0.938784,0.089408,315.0
136.8,39.96006427,-106.22292658,2528.6208,51.2064,0.0,0.0,180.0
136.9,39.960064,-106.2229265,2528.6208,51.2064,0.0,0.0,180.0
137.0,39.96006324,-106.22292632,2528.6208,51.29784000000001,0.67056,0.0,180.0
137.1,39.96006285,-106.22292625,2528.6208,51.29784000000001,0.804672,0.0,180.0
137.2,39.96006251,-106.22292622,2528.6208,51.2064,0.0,0.0,180.0
137.3,39.96006227,-106.22292624,2528.6208,51.29784000000001,0.0,0.0,180.0
137.4,39.96006255,-106.2229266,2528.6208,51.29784000000001,0.0,0.0,0.0
137.5,39.96006251,-106.2229267,2528.6208,51.29784000000001,0.0,0.0,0.0
137.6,39.96006257,-106.22292689,2528.9256,51.38928,0.0,0.0,270.0
137.7,39.96006265,-106.22292705,2528.9256,51.38928,0.0,0.0,270.0
137.8,39.96006276,-106.22292716,2528.6208,51.29784000000001,0.0,0.0,0.0
137.9,39.96006356,-106.22292761,2528.9256,51.38928,0.67056,0.0,0.0
138.0,39.96006361,-106.22292764,2528.9256,51.38928,0.0,0.0,0.0
138.1,39.96006364,-106.22292765,2528.9256,51.38928,0.0,0.0,0.0
138.2,39.96006362,-106.22292765,2528.9256,51.38928,0.0,0.0,180.0
138.3,39.96006376,-106.22292769,2528.9256,51.38928,0.0,0.0,180.0
138.4,39.96006362,-106.2229277,2528.9256,51.38928,0.0,0.0,180.0
138.5,39.96006347,-106.22292768,2528.9256,51.38928,0.0,0.0,180.0
138.6,39.9600633,-106.22292762,2528.9256,51.38928,0.0,0.0,180.0
138.7,39.96006295,-106.22292763,2528.9256,51.5112,0.491744,0.0,180.0
138.8,39.96006275,-106.22292757,2528.9256,51.5112,0.0,0.0,180.0
138.9,39.96006255,-106.22292751,2528.9256,51.38928,0.0,0.0,180.0
139.0,39.96006232,-106.22292739,2528.9256,51.38928,0.0,0.0,180.0
139.1,39.96006196,-106.22292723,2528.9256,51.38928,0.491744,0.0,180.0
139.2,39.96006183,-106.22292714,2528.9256,51.38928,0.0,0.0,180.0
139.3,39.96006172,-106.22292709,2528.9256,51.38928,0.0,0.089408,180.0
139.4,39.96006165,-106.22292711,2528.9256,51.38928,0.0,0.089408,180.0
139.5,39.96006158,-106.22292716,2528.9256,51.38928,0.0,0.0,0.0
139.6,39.96006162,-106.22292738,2528.9256,51.38928,0.0,0.0,0.0
139.7,39.96006158,-106.22292745,2528.9256,51.38928,0.0,0.0,0.0
139.8,39.96006155,-106.22292751,2528.9256,51.38928,0.0,0.0,0.0
139.9,39.96006152,-106.22292757,2528.9256,51.38928,0.0,0.0,0.0
140.0,39.96006149,-106.22292761,2528.9256,51.38928,0.0,0.0,0.0
140.1,39.96006148,-106.22292765,2528.9256,51.38928,0.0,0.0,0.0
140.2,39.9600615,-106.22292772,2528.9256,51.38928,0.0,0.0,0.0
140.3,39.9600615,-106.22292776,2528.9256,51.38928,0.0,0.0,0.0
140.4,39.9600614,-106.22292783,2528.9256,51.38928,0.0,0.0,0.0
140.6,39.96006129,-106.22292789,2528.9256,51.38928,0.0,0.0,0.0
140.7,39.96006124,-106.22292788,2528.9256,51.38928,0.0,0.0,0.0
140.8,39.96006105,-106.22292775,2528.9256,51.38928,0.0,0.0,0.0
140.9,39.96006103,-106.22292771,2528.9256,51.38928,0.0,-0.089408,0.0
141.0,39.960061,-106.22292766,2528.9256,51.5112,0.0,-0.402336,0.0
141.1,39.96006095,-106.22292758,2528.9256,51.5112,0.0,-0.804672,0.0
141.2,39.96006085,-106.22292752,2528.9256,51.60264000000001,0.491744,-1.207008,0.0
141.3,39.96006063,-106.22292743,2529.2304,51.785520000000005,0.0,-1.6987519999999998,180.0
141.4,39.96006049,-106.22292744,2529.5352000000003,51.99888,0.491744,-2.190496,180.0
141.6,39.96006029,-106.22292761,2530.1448,52.60848,0.0,-3.084576,0.0
141.7,39.96006007,-106.22292788,2530.4496,53.004720000000006,0.0,-3.486912,0.0
141.8,39.96006011,-106.22292788,2530.7544000000003,53.40096,0.0,-4.02336,0.0
141.9,39.9600602,-106.2229279,2531.0592,53.7972,0.0,-4.291583999999999,0.0
142.0,39.96006041,-106.22292797,2531.6688,54.28488,0.0,-4.604512000000001,0.0
142.1,39.96006077,-106.222928,2532.2784,54.80304,0.0,-4.69392,0.0
142.2,39.96006102,-106.222928,2532.5832,55.29072000000001,0.491744,-4.91744,0.0
142.3,39.96006129,-106.22292797,2533.1928000000003,55.80888,0.0,-5.006848,0.0
142.4,39.96006158,-106.22292794,2533.8024,56.29656,0.491744,-5.006848,0.0
142.5,39.96006184,-106.22292787,2534.4120000000003,56.90616,0.491744,-5.096256,0.0
142.6,39.960062,-106.22292791,2534.7168,57.39384,0.0,-5.006848,0.0
142.7,39.9600621,-106.222928,2535.3264,57.912000000000006,0.491744,-5.006848,270.0
142.8,39.96006215,-106.22292813,2535.936,58.39968,0.0,-4.91744,270.0
142.9,39.96006215,-106.22292824,2536.2408,58.79592,0.491744,-4.91744,180.0
143.0,39.96006203,-106.22292836,2536.8504000000003,59.31408,0.0,-4.91744,0.0
143.1,39.96006199,-106.22292838,2537.1552,59.80176,0.0,-4.91744,0.0
143.2,39.96006195,-106.22292837,2537.7648,60.289440000000006,0.0,-4.91744,0.0
143.3,39.96006193,-106.22292835,2538.0696000000003,60.8076,0.0,-5.006848,0.0
143.4,39.96006187,-106.22292823,2538.6792,61.29528,0.0,-5.006848,0.0
143.5,39.96006194,-106.22292818,2538.984,61.69152,0.0,-4.91744,0.0
143.6,39.96006203,-106.22292808,2539.5936,62.20968,0.0,-5.006848,0.0
143.7,39.96006212,-106.22292796,2540.2032,62.7888,0.0,-5.006848,0.0
143.8,39.96006221,-106.22292767,2540.8128,63.30696,0.0,-5.006848,0.0
143.9,39.96006228,-106.22292755,2541.1176,63.79464000000001,0.0,-5.006848,0.0
144.0,39.96006231,-106.2229275,2541.7272000000003,64.31280000000001,0.0,-5.006848,0.0
144.1,39.96006235,-106.22292748,2542.3368,64.80048000000001,0.0,-5.006848,0.0
144.2,39.96006228,-106.22292736,2542.6416,65.28816,0.0,-5.006848,0.0
144.3,39.96006231,-106.22292737,2543.2512,65.80632,0.0,-4.91744,0.0
144.4,39.96006233,-106.22292746,2543.556,66.294,0.0,-4.91744,0.0
144.5,39.96006235,-106.22292756,2544.1656000000003,66.69024,0.0,-4.783328,0.0
144.6,39.96006236,-106.22292769,2544.4704,67.2084,0.0,-4.91744,0.0
144.7,39.96006233,-106.22292787,2545.08,67.69608,0.0,-4.91744,0.0
144.8,39.96006229,-106.22292795,2545.6896,68.21424,0.491744,-4.91744,0.0
144.9,39.96006224,-106.22292802,2545.9944,68.70192,0.0,-4.91744,0.0
145.0,39.9600622,-106.22292808,2546.6040000000003,69.1896,0.0,-4.783328,0.0
145.1,39.96006208,-106.22292814,2546.9088,69.58584,0.491744,-4.783328,0.0
145.2,39.96006213,-106.22292808,2547.5184,70.19544,0.0,-4.783328,0.0
145.3,39.96006221,-106.22292801,2548.128,70.59168,0.0,-4.91744,0.0
145.4,39.96006231,-106.22292795,2548.4328,71.10984,0.491744,-4.91744,0.0
145.5,39.96006246,-106.22292785,2549.0424000000003,71.59752,0.0,-5.006848,0.0
145.7,39.96006264,-106.22292761,2549.9568,72.6948,0.0,-5.006848,90.0
145.8,39.96006274,-106.22292749,2550.5664,73.21296,0.0,-5.006848,90.0
145.9,39.96006282,-106.22292724,2551.176,73.79208,0.491744,-5.096256,90.0
146.0,39.96006282,-106.22292701,2551.7856,74.31024000000001,0.0,-5.006848,90.0
146.1,39.96006278,-106.22292681,2552.0904,74.70648,0.0,-5.006848,90.0
146.2,39.96006274,-106.22292662,2552.7000000000003,75.2856,0.0,-5.006848,0.0
146.3,39.96006269,-106.22292653,2553.3096,75.80376,0.0,-4.91744,0.0
146.4,39.96006263,-106.22292647,2553.6144,76.29144000000001,0.0,-4.91744,0.0
146.5,39.96006256,-106.22292651,2554.224,76.8096,0.0,-4.91744,0.0
146.6,39.96006247,-106.2229266,2554.8336,77.29728,0.0,-4.91744,0.0
146.7,39.9600624,-106.22292669,2555.1384000000003,77.78496,0.0,-4.91744,0.0
146.8,39.96006238,-106.22292681,2555.748,78.30311999999999,0.0,-4.91744,180.0
146.9,39.96006233,-106.22292691,2556.0528,78.7908,0.491744,-4.91744,0.0
147.0,39.96006224,-106.22292701,2556.6624,79.30896,0.491744,-4.91744,0.0
147.1,39.96006215,-106.22292709,2557.272,79.79664000000001,0.0,-4.91744,0.0
147.2,39.96006195,-106.22292719,2557.5768000000003,80.3148,0.0,-4.91744,0.0
147.3,39.96006188,-106.22292724,2558.1864,80.80248000000002,0.0,-5.006848,0.0
147.4,39.96006185,-106.22292726,2558.7960000000003,81.29016,0.0,-5.006848,0.0
147.5,39.96006182,-106.22292727,2559.1008,81.80832,0.0,-4.91744,0.0
147.6,39.96006173,-106.22292718,2559.7104,82.296,0.0,-4.91744,0.0
147.7,39.96006168,-106.22292719,2560.32,82.81416,0.0,-5.006848,0.0
147.8,39.96006165,-106.22292723,2560.6248,83.30184000000001,0.0,-5.006848,0.0
147.9,39.96006162,-106.22292727,2561.2344000000003,83.91144000000001,0.0,-5.006848,0.0
148.0,39.96006157,-106.2229273,2561.844,84.30768,0.0,-4.91744,0.0
148.1,39.96006149,-106.22292741,2562.1488,84.79536,0.0,-4.91744,0.0
148.2,39.96006151,-106.22292737,2562.7584,85.40496,0.0,-5.006848,0.0
148.3,39.96006157,-106.22292736,2563.0632,85.80120000000001,0.0,-4.91744,0.0
148.4,39.96006166,-106.2229274,2563.6728000000003,86.41080000000001,0.0,-4.91744,0.0
148.5,39.96006175,-106.22292745,2564.2824,86.89848,0.0,-4.91744,0.0
148.6,39.96006185,-106.2229275,2564.8920000000003,87.38616,0.0,-4.91744,0.0
148.7,39.96006191,-106.22292754,2565.1968,87.81288,0.0,-4.91744,0.0
148.8,39.96006193,-106.22292759,2565.8064,88.39200000000001,0.0,-4.91744,0.0
148.9,39.96006185,-106.22292767,2566.416,88.91016,0.0,-5.006848,0.0
149.0,39.96006185,-106.22292767,2566.7208,89.39784,0.0,-4.91744,0.0
149.1,39.96006184,-106.22292769,2567.3304000000003,89.88552,0.0,-4.91744,0.0
149.2,39.9600618,-106.22292775,2567.94,90.40368,0.0,-4.91744,0.0
149.3,39.96006163,-106.22292785,2568.2448,90.89136,0.0,-4.91744,0.0
149.4,39.96006168,-106.22292793,2568.8544,91.40952,0.491744,-4.91744,0.0
149.5,39.96006173,-106.222928,2569.1592,91.8972,0.0,-5.006848,0.0
149.6,39.96006181,-106.22292807,2569.7688000000003,92.38488,0.0,-5.006848,0.0
149.7,39.96006189,-106.22292812,2570.3784,92.90304,0.0,-5.006848,0.0
149.8,39.96006198,-106.22292825,2570.6832,93.39072,0.0,-5.006848,0.0
149.9,39.96006206,-106.22292825,2571.2928,93.90888,0.491744,-4.91744,0.0
150.0,39.96006215,-106.22292821,2571.9024,94.39656,0.0,-4.604512000000001,0.0
150.1,39.9600622,-106.22292817,2572.2072000000003,94.7928,0.0,-4.291583999999999,0.0
150.2,39.96006208,-106.22292798,2572.512,95.18904,0.491744,-3.79984,0.0
150.3,39.96006205,-106.22292791,2573.1216,95.58528,0.0,-3.397504,0.0
150.4,39.96006202,-106.22292786,2573.4264000000003,95.89008,0.0,-2.90576,0.0
150.5,39.96006198,-106.22292783,2573.7312,96.19488,0.0,-2.503424,0.0
150.6,39.96006189,-106.22292788,2573.7312,96.40824,0.0,-2.101088,0.0
150.7,39.96006185,-106.22292788,2574.036,96.59112,0.0,-1.609344,0.0
150.8,39.96006181,-106.22292786,2574.036,96.71304,0.0,-1.1176,0.0
150.9,39.96006176,-106.22292785,2574.3408,96.89592,0.0,-0.715264,0.0
151.0,39.96006175,-106.22292779,2574.3408,96.80448,0.0,-0.402336,0.0
151.1,39.96006173,-106.2229278,2574.3408,96.89592,0.0,-0.312928,0.0
151.2,39.96006169,-106.22292786,2574.3408,96.89592,0.0,-0.089408,0.0
151.3,39.96006168,-106.22292792,2574.3408,96.89592,0.0,0.0,0.0
151.4,39.96006171,-106.22292799,2574.3408,96.89592,0.0,0.0,0.0
151.5,39.96006176,-106.2229281,2574.3408,96.89592,0.0,0.0,0.0
151.6,39.96006178,-106.22292814,2574.3408,96.98736,0.0,0.0,0.0
151.7,39.9600618,-106.22292815,2574.3408,96.98736,0.0,0.0,0.0
151.8,39.96006184,-106.22292814,2574.3408,96.98736,0.0,0.0,0.0
151.9,39.96006182,-106.22292807,2574.3408,96.98736,0.0,0.0,0.0
152.0,39.96006177,-106.22292804,2574.3408,96.98736,0.0,0.0,0.0
152.1,39.9600617,-106.22292801,2574.3408,96.98736,0.0,0.0,0.0
152.2,39.96006166,-106.22292804,2574.3408,96.98736,0.0,0.0,0.0
152.3,39.9600615,-106.22292802,2574.3408,96.89592,0.0,0.0,0.0
152.4,39.96006152,-106.22292804,2574.3408,96.98736,0.0,0.0,0.0
152.5,39.96006154,-106.22292804,2574.3408,96.98736,0.0,0.0,0.0
152.6,39.96006155,-106.22292801,2574.3408,96.98736,0.0,0.0,0.0
152.7,39.96006164,-106.22292794,2574.3408,96.98736,0.0,0.0,0.0
152.8,39.96006162,-106.22292798,2574.3408,96.98736,0.0,0.0,0.0
152.9,39.96006163,-106.22292803,2574.3408,96.98736,0.0,0.0,0.0
153.0,39.96006167,-106.22292812,2574.3408,96.98736,0.0,0.0,0.0
153.1,39.96006172,-106.22292818,2574.3408,96.98736,0.0,0.0,0.0
153.2,39.9600618,-106.22292824,2574.3408,96.98736,0.0,0.0,0.0
153.3,39.96006189,-106.22292826,2574.3408,96.98736,0.0,0.0,0.0
153.4,39.960062,-106.22292828,2574.6456000000003,97.10928,0.0,0.0,0.0
153.5,39.96006209,-106.22292828,2574.6456000000003,97.10928,0.0,0.0,0.0
153.6,39.96006214,-106.2229282,2574.6456000000003,97.10928,0.0,0.0,0.0
153.7,39.96006219,-106.22292818,2574.6456000000003,97.10928,0.0,0.0,0.0
153.8,39.96006225,-106.22292819,2574.6456000000003,97.10928,0.0,0.0,0.0
153.9,39.9600623,-106.2229282,2574.6456000000003,97.10928,0.0,0.0,0.0
154.0,39.96006228,-106.22292831,2574.6456000000003,97.10928,0.0,0.0,0.0
154.1,39.96006232,-106.2229283,2574.6456000000003,97.10928,0.0,0.0,0.0
154.2,39.96006236,-106.22292821,2574.6456000000003,97.10928,0.0,0.0,0.0
154.3,39.9600624,-106.22292813,2574.6456000000003,97.10928,0.0,0.0,0.0
154.4,39.96006241,-106.22292797,2574.6456000000003,97.10928,0.491744,0.0,0.0
154.5,39.96006243,-106.22292792,2574.6456000000003,97.10928,0.0,0.0,0.0
154.6,39.96006242,-106.22292787,2574.6456000000003,97.10928,0.0,0.0,0.0
154.7,39.96006241,-106.22292782,2574.6456000000003,97.10928,0.0,0.0,0.0
154.8,39.96006242,-106.2229278,2574.6456000000003,97.10928,0.0,0.0,0.0
154.9,39.96006236,-106.22292776,2574.6456000000003,97.10928,0.491744,0.0,0.0
155.0,39.96006239,-106.22292776,2574.6456000000003,97.10928,0.0,0.0,0.0
155.1,39.96006242,-106.22292776,2574.6456000000003,97.10928,0.0,0.0,0.0
155.2,39.96006246,-106.22292778,2574.6456000000003,97.10928,0.0,0.0,0.0
155.3,39.96006258,-106.22292781,2574.6456000000003,97.10928,0.0,0.0,0.0
155.4,39.96006263,-106.22292777,2574.6456000000003,97.10928,0.0,0.0,0.0
155.5,39.96006269,-106.22292773,2574.6456000000003,97.10928,0.0,0.0,0.0
155.6,39.96006276,-106.22292767,2574.6456000000003,97.10928,0.0,0.0,0.0
155.7,39.96006294,-106.22292755,2574.6456000000003,97.10928,0.0,0.0,0.0
155.8,39.960063,-106.22292755,2574.6456000000003,97.10928,0.0,0.0,0.0
155.9,39.96006307,-106.22292755,2574.6456000000003,97.10928,0.0,0.0,0.0
156.0,39.96006312,-106.22292754,2574.6456000000003,97.10928,0.0,0.0,0.0
156.1,39.96006322,-106.22292758,2574.6456000000003,97.10928,0.491744,0.0,0.0
156.2,39.96006327,-106.22292762,2574.6456000000003,97.10928,0.0,0.0,0.0
156.3,39.96006333,-106.22292766,2574.6456000000003,97.10928,0.0,0.0,0.0
156.4,39.96006338,-106.22292768,2574.6456000000003,97.10928,0.0,0.0,0.0
156.5,39.96006346,-106.22292771,2574.6456000000003,97.10928,0.0,0.0,0.0
156.6,39.96006362,-106.22292777,2574.6456000000003,97.10928,0.0,0.0,0.0
156.7,39.96006371,-106.22292781,2574.6456000000003,97.10928,0.0,0.0,0.0
156.8,39.96006376,-106.22292782,2574.3408,96.98736,0.0,0.0,0.0
156.9,39.96006379,-106.22292781,2574.3408,96.98736,0.0,0.0,0.0
157.0,39.96006373,-106.22292768,2574.6456000000003,97.10928,0.0,0.0,0.0
157.1,39.96006369,-106.22292766,2574.6456000000003,97.10928,0.0,0.0,0.0
157.2,39.96006362,-106.22292767,2574.3408,96.98736,0.0,0.0,0.0
157.3,39.96006355,-106.22292765,2574.3408,96.98736,0.0,0.0,0.0
157.4,39.96006333,-106.22292753,2574.3408,96.98736,0.0,0.0,0.0
157.5,39.96006328,-106.22292739,2574.3408,96.98736,0.0,0.0,90.0
157.6,39.9600632,-106.22292721,2574.6456000000003,97.10928,0.0,0.0,90.0
157.7,39.96006315,-106.22292703,2574.6456000000003,97.10928,0.0,0.0,90.0
157.8,39.96006317,-106.22292699,2574.3408,96.98736,0.0,0.0,90.0
157.9,39.9600632,-106.22292681,2574.3408,96.98736,0.0,0.0,90.0
158.0,39.96006323,-106.2229266,2574.6456000000003,97.10928,0.0,0.0,90.0
158.1,39.96006327,-106.22292644,2574.6456000000003,97.10928,0.0,0.0,90.0
158.2,39.96006334,-106.22292632,2574.6456000000003,97.10928,0.0,0.0,0.0
158.3,39.96006353,-106.22292619,2574.6456000000003,97.10928,0.0,0.0,0.0
158.4,39.96006359,-106.22292613,2574.6456000000003,97.10928,0.0,0.0,0.0
158.6,39.96006373,-106.22292617,2574.6456000000003,97.10928,0.0,0.0,0.0
158.7,39.96006392,-106.22292624,2574.6456000000003,97.10928,0.312928,0.0,0.0
158.8,39.96006395,-106.22292635,2574.6456000000003,97.20072,0.0,0.0,0.0
158.9,39.96006396,-106.22292647,2574.6456000000003,97.10928,0.491744,0.0,0.0
159.0,39.96006395,-106.22292663,2574.6456000000003,97.10928,0.0,0.0,0.0
159.1,39.96006382,-106.22292682,2574.6456000000003,97.20072,0.491744,0.0,0.0
159.2,39.96006386,-106.22292692,2574.6456000000003,97.10928,0.0,0.089408,0.0
159.3,39.96006388,-106.22292698,2574.6456000000003,97.20072,0.67056,0.089408,0.0
159.4,39.96006386,-106.22292703,2574.6456000000003,97.10928,0.0,0.089408,0.0
159.5,39.96006375,-106.22292696,2574.6456000000003,97.20072,0.0,0.0,0.0
159.6,39.96006373,-106.22292693,2574.6456000000003,97.20072,0.0,0.0,0.0
159.7,39.9600637,-106.22292691,2574.6456000000003,97.20072,0.0,0.0,0.0
159.8,39.96006368,-106.22292689,2574.6456000000003,97.20072,0.0,0.0,0.0
159.9,39.96006365,-106.22292688,2574.6456000000003,97.10928,0.0,0.0,0.0
160.0,39.96006355,-106.22292672,2574.6456000000003,97.20072,0.0,0.0,0.0
160.1,39.96006354,-106.22292674,2574.6456000000003,97.20072,0.0,0.089408,0.0
160.2,39.96006358,-106.22292681,2574.6456000000003,97.20072,0.491744,0.089408,0.0
160.3,39.96006361,-106.22292689,2574.6456000000003,97.20072,0.0,0.089408,0.0
160.4,39.96006366,-106.22292715,2574.6456000000003,97.20072,0.0,0.089408,0.0
160.5,39.96006367,-106.22292722,2574.6456000000003,97.20072,0.0,0.089408,0.0
160.6,39.96006367,-106.22292724,2574.6456000000003,97.20072,0.0,0.089408,0.0
160.7,39.96006364,-106.22292725,2574.6456000000003,97.20072,0.0,0.089408,0.0
160.8,39.96006361,-106.22292716,2574.6456000000003,97.10928,0.0,0.089408,180.0
160.9,39.96006355,-106.22292718,2574.6456000000003,97.20072,0.0,0.0,180.0
161.0,39.96006348,-106.22292728,2574.6456000000003,97.20072,0.0,0.0,0.0
161.1,39.96006342,-106.22292736,2574.6456000000003,97.20072,0.0,0.0,0.0
161.2,39.96006333,-106.22292744,2574.6456000000003,97.20072,0.0,0.0,0.0
161.3,39.9600633,-106.2229275,2574.6456000000003,97.20072,0.0,0.089408,0.0
161.4,39.9600633,-106.22292755,2574.6456000000003,97.10928,0.0,0.089408,0.0
161.5,39.96006329,-106.22292759,2574.6456000000003,97.20072,0.0,0.0,0.0
161.6,39.96006326,-106.22292765,2574.6456000000003,97.20072,0.0,0.0,0.0
161.7,39.96006317,-106.22292761,2574.6456000000003,97.20072,0.0,0.0,0.0
161.8,39.96006322,-106.22292763,2574.6456000000003,97.29216,0.0,0.0,0.0
161.9,39.96006326,-106.22292766,2574.6456000000003,97.20072,0.0,0.089408,0.0
162.0,39.9600633,-106.22292769,2574.6456000000003,97.20072,0.0,0.089408,0.0
162.1,39.96006341,-106.22292767,2574.6456000000003,97.20072,0.0,0.0,0.0
162.2,39.96006342,-106.22292768,2574.6456000000003,97.20072,0.0,0.0,0.0
162.3,39.96006344,-106.22292771,2574.6456000000003,97.10928,0.0,0.089408,0.0
162.4,39.96006345,-106.22292777,2574.6456000000003,97.20072,0.0,0.089408,0.0
162.5,39.96006343,-106.2229278,2574.6456000000003,97.20072,0.0,0.089408,0.0
162.6,39.96006346,-106.22292785,2574.6456000000003,97.20072,0.0,0.089408,0.0
162.7,39.9600635,-106.22292791,2574.6456000000003,97.20072,0.0,0.089408,0.0
162.8,39.96006352,-106.22292796,2574.6456000000003,97.10928,0.0,0.089408,0.0
162.9,39.96006342,-106.22292799,2574.6456000000003,97.10928,0.491744,0.089408,0.0
163.0,39.9600634,-106.22292799,2574.6456000000003,97.10928,0.0,0.089408,0.0
163.1,39.96006338,-106.22292801,2574.6456000000003,97.10928,0.0,0.0,0.0
163.2,39.96006334,-106.22292808,2574.6456000000003,97.10928,0.0,0.0,0.0
163.3,39.9600633,-106.22292814,2574.6456000000003,97.10928,0.0,0.0,0.0
163.4,39.96006319,-106.22292827,2574.6456000000003,97.10928,0.0,0.0,0.0
163.5,39.96006317,-106.22292832,2574.6456000000003,97.10928,0.0,0.089408,0.0
163.6,39.96006317,-106.2229284,2574.6456000000003,97.10928,0.0,0.0,0.0
163.7,39.9600632,-106.22292846,2574.6456000000003,97.10928,0.0,0.0,0.0
163.8,39.9600634,-106.22292862,2574.6456000000003,97.10928,0.0,0.0,0.0
163.9,39.96006349,-106.22292866,2574.6456000000003,97.10928,0.0,0.0,0.0
164.0,39.96006355,-106.22292874,2574.6456000000003,97.10928,0.0,0.0,0.0
164.1,39.96006361,-106.22292876,2574.6456000000003,97.10928,0.491744,0.0,0.0
164.2,39.96006367,-106.22292872,2574.3408,96.98736,0.0,0.089408,0.0
164.4,39.9600637,-106.22292857,2574.6456000000003,97.10928,0.0,0.0,0.0
164.5,39.96006371,-106.22292852,2574.6456000000003,97.10928,0.0,0.0,0.0
164.6,39.96006365,-106.2229285,2574.3408,96.98736,0.0,0.0,0.0
164.7,39.96006367,-106.22292851,2574.3408,96.98736,0.0,0.0,0.0
164.8,39.96006365,-106.22292852,2574.6456000000003,97.10928,0.0,0.0,0.0
164.9,39.96006365,-106.22292853,2574.3408,96.98736,0.0,0.0,0.0
165.0,39.96006369,-106.22292854,2574.3408,96.98736,0.0,0.0,0.0
165.1,39.96006373,-106.22292863,2574.3408,96.98736,0.0,0.0,0.0
165.2,39.96006383,-106.22292866,2574.6456000000003,97.10928,0.0,0.0,0.0
165.3,39.96006394,-106.22292873,2574.6456000000003,97.10928,0.0,0.0,0.0
165.4,39.96006402,-106.22292883,2574.6456000000003,97.10928,0.0,0.0,0.0
165.5,39.96006425,-106.22292902,2574.3408,96.98736,0.0,0.0,0.0
165.6,39.96006429,-106.22292903,2574.3408,96.98736,0.0,0.0,0.0
165.7,39.96006433,-106.22292901,2574.6456000000003,97.10928,0.0,0.0,0.0
165.8,39.96006435,-106.22292895,2574.6456000000003,97.10928,0.0,0.0,0.0
165.9,39.96006437,-106.22292878,2574.3408,96.98736,0.0,0.0,0.0
166.0,39.9600644,-106.2229287,2574.3408,96.98736,0.0,0.0,0.0
166.1,39.96006441,-106.22292865,2574.3408,96.98736,0.0,0.0,0.0
166.2,39.96006444,-106.22292866,2574.6456000000003,97.10928,0.0,0.0,0.0
166.3,39.96006449,-106.22292876,2574.3408,96.98736,0.0,0.0,0.0
166.4,39.96006452,-106.22292879,2574.3408,96.98736,0.0,0.0,0.0
166.5,39.96006454,-106.22292882,2574.6456000000003,97.10928,0.0,0.0,0.0
166.6,39.96006458,-106.22292883,2574.6456000000003,97.10928,0.0,0.0,0.0
166.7,39.96006461,-106.22292883,2574.3408,96.98736,0.0,0.0,0.0
166.8,39.9600646,-106.22292883,2574.3408,96.98736,0.0,0.0,0.0
166.9,39.96006462,-106.2229288,2574.3408,96.98736,0.0,0.0,0.0
167.0,39.96006466,-106.22292878,2574.6456000000003,97.10928,0.0,0.0,0.0
167.1,39.9600647,-106.22292873,2574.3408,96.98736,0.0,0.0,0.0
167.2,39.96006476,-106.22292861,2574.3408,96.98736,0.0,0.0,0.0
167.3,39.96006477,-106.22292854,2574.3408,96.98736,0.491744,0.0,0.0
167.4,39.96006478,-106.22292853,2574.3408,96.98736,0.0,0.0,0.0
167.5,39.9600648,-106.22292854,2574.3408,96.98736,0.0,0.0,0.0
167.6,39.96006486,-106.2229286,2574.3408,96.98736,0.491744,0.0,0.0
167.7,39.96006488,-106.22292865,2574.3408,96.98736,0.0,0.0,0.0
167.8,39.96006488,-106.22292872,2574.3408,96.98736,0.0,0.0,0.0
167.9,39.96006487,-106.22292878,2574.3408,96.89592,0.0,0.0,0.0
168.0,39.96006488,-106.22292893,2574.3408,96.89592,0.0,0.0,0.0
168.1,39.96006485,-106.22292893,2574.3408,96.89592,0.0,0.0,0.0
168.2,39.96006479,-106.22292888,2574.3408,96.89592,0.0,0.0,0.0
168.3,39.96006473,-106.22292881,2574.3408,96.89592,0.0,0.0,0.0
168.4,39.96006467,-106.22292868,2574.3408,96.89592,0.67056,0.0,0.0
168.5,39.96006455,-106.22292837,2574.3408,96.89592,0.0,0.0,0.0
168.6,39.96006449,-106.22292829,2574.3408,96.89592,0.0,0.0,0.0
168.7,39.96006441,-106.2229282,2574.3408,96.89592,0.0,0.0,0.0
168.8,39.96006433,-106.22292809,2574.3408,96.89592,0.0,0.0,0.0
168.9,39.96006426,-106.22292792,2574.3408,96.89592,0.0,0.0,0.0
169.0,39.96006419,-106.22292787,2574.3408,96.89592,0.0,0.0,0.0
169.1,39.96006412,-106.22292783,2574.3408,96.89592,0.0,0.0,0.0
169.2,39.96006408,-106.22292781,2574.3408,96.89592,0.0,0.0,0.0
169.3,39.96006406,-106.22292786,2574.3408,96.98736,0.0,0.0,0.0
169.4,39.96006398,-106.22292777,2574.3408,96.98736,0.491744,0.0,0.0
169.5,39.96006389,-106.22292771,2574.3408,96.98736,0.0,0.0,0.0
169.6,39.9600638,-106.22292768,2574.3408,96.89592,0.491744,0.0,0.0
169.7,39.96006364,-106.22292767,2574.3408,96.98736,0.0,0.0,0.0
169.8,39.96006357,-106.22292767,2574.3408,96.98736,0.491744,0.0,0.0
169.9,39.9600635,-106.22292768,2574.3408,96.98736,0.0,0.0,0.0
170.0,39.96006341,-106.2229277,2574.3408,96.98736,0.491744,0.0,0.0
170.1,39.96006332,-106.22292773,2574.3408,96.98736,0.0,0.0,0.0
170.2,39.96006315,-106.22292783,2574.3408,96.98736,0.0,0.0,0.0
170.3,39.96006306,-106.22292789,2574.3408,96.98736,0.0,0.0,0.0
170.4,39.96006296,-106.22292791,2574.3408,96.98736,0.0,0.0,0.0
170.5,39.96006286,-106.22292792,2574.3408,96.98736,0.0,0.0,0.0
170.6,39.96006259,-106.22292784,2574.3408,96.98736,0.0,0.0,0.0
170.7,39.96006246,-106.22292784,2574.6456000000003,97.10928,0.0,0.0,0.0
170.8,39.96006234,-106.22292784,2574.6456000000003,97.10928,0.0,0.0,0.0
170.9,39.96006224,-106.22292782,2574.6456000000003,97.10928,0.0,0.0,0.0
171.0,39.9600621,-106.2229277,2574.6456000000003,97.10928,0.0,0.0,0.0
171.1,39.96006203,-106.22292761,2574.6456000000003,97.10928,0.0,0.0,0.0
171.3,39.96006192,-106.22292746,2574.3408,96.98736,0.0,0.0,0.0
171.4,39.96006189,-106.22292732,2574.6456000000003,97.10928,0.0,0.0,0.0
171.5,39.96006188,-106.22292727,2574.6456000000003,97.10928,0.0,0.0,0.0
171.6,39.96006191,-106.22292723,2574.6456000000003,97.10928,0.0,0.0,0.0
171.7,39.96006194,-106.2229272,2574.3408,96.98736,0.0,0.0,0.0
171.8,39.96006197,-106.22292717,2574.3408,96.98736,0.0,0.0,0.0
171.9,39.96006205,-106.22292722,2574.6456000000003,97.10928,0.0,0.0,0.0
172.0,39.96006205,-106.22292725,2574.6456000000003,97.10928,0.0,0.0,0.0
172.1,39.96006204,-106.22292727,2574.6456000000003,97.10928,0.0,0.0,0.0
172.2,39.960062,-106.22292725,2574.3408,96.98736,0.0,0.0,0.0
172.3,39.96006183,-106.22292729,2574.6456000000003,97.10928,0.0,0.0,0.0
172.4,39.96006178,-106.22292728,2574.3408,96.98736,0.0,0.0,0.0
172.5,39.96006175,-106.22292727,2574.6456000000003,97.10928,0.0,0.0,0.0
172.6,39.96006175,-106.22292725,2574.3408,96.98736,0.0,0.0,0.0
172.7,39.9600617,-106.22292729,2574.3408,96.98736,0.0,0.0,0.0
172.8,39.96006169,-106.22292729,2574.3408,96.98736,0.0,0.0,0.0
172.9,39.96006168,-106.2229273,2574.3408,96.98736,0.0,0.0,0.0
173.0,39.96006166,-106.22292732,2574.3408,96.98736,0.0,0.0,0.0
173.1,39.96006165,-106.2229275,2574.6456000000003,97.10928,0.0,0.0,0.0
173.2,39.96006172,-106.22292758,2574.6456000000003,97.10928,0.0,0.0,0.0
173.3,39.96006178,-106.22292767,2574.6456000000003,97.10928,0.0,0.0,0.0
173.4,39.96006183,-106.22292776,2574.6456000000003,97.10928,0.0,0.0,0.0
173.5,39.9600619,-106.22292782,2574.6456000000003,97.10928,0.0,0.0,0.0
173.6,39.96006205,-106.22292782,2574.6456000000003,97.10928,0.0,0.0,0.0
173.7,39.96006216,-106.22292783,2574.3408,96.98736,0.0,0.0,0.0
173.8,39.96006228,-106.22292782,2574.3408,96.98736,0.0,0.0,0.0
173.9,39.96006239,-106.22292779,2574.3408,96.98736,0.0,0.0,0.0
174.0,39.96006252,-106.22292758,2574.3408,96.98736,0.0,0.0,0.0
174.1,39.96006259,-106.22292751,2574.3408,96.98736,0.0,0.0,0.0
174.2,39.96006264,-106.22292745,2574.3408,96.98736,0.0,0.0,0.0
174.3,39.96006266,-106.22292743,2574.3408,96.98736,0.0,0.0,0.0
174.4,39.9600625,-106.22292742,2574.3408,96.98736,0.0,0.0,0.0
174.5,39.9600625,-106.22292743,2574.3408,96.98736,0.0,0.0,0.0
174.6,39.96006251,-106.22292739,2574.3408,96.98736,0.0,0.0,0.0
174.7,39.96006251,-106.22292736,2574.3408,96.98736,0.0,0.0,0.0
174.8,39.96006247,-106.22292751,2574.3408,96.98736,0.0,0.0,0.0
174.9,39.96006245,-106.22292751,2574.3408,96.98736,0.0,0.0,0.0
175.0,39.96006243,-106.22292747,2574.3408,96.98736,0.0,0.0,0.0
175.1,39.96006242,-106.22292744,2574.3408,96.98736,0.0,0.0,0.0
175.2,39.96006242,-106.2229274,2574.3408,96.98736,0.0,0.0,0.0
175.3,39.96006241,-106.22292746,2574.3408,96.98736,0.0,0.0,0.0
175.4,39.96006238,-106.22292744,2574.3408,96.98736,0.0,0.0,0.0
175.5,39.96006235,-106.22292743,2574.3408,96.98736,0.0,0.0,0.0
175.6,39.96006233,-106.22292742,2574.3408,96.98736,0.491744,0.0,0.0
175.7,39.96006235,-106.22292752,2574.3408,96.98736,0.0,0.0,0.0
175.8,39.96006234,-106.22292755,2574.3408,96.98736,0.0,0.0,0.0
175.9,39.96006232,-106.22292757,2574.3408,96.98736,0.0,0.0,0.0
176.0,39.96006232,-106.22292755,2574.3408,96.98736,0.491744,0.0,0.0
176.1,39.96006238,-106.22292755,2574.3408,96.98736,0.491744,0.0,0.0
176.2,39.96006234,-106.22292762,2574.3408,96.98736,0.491744,0.0,0.0
176.3,39.96006231,-106.2229277,2574.6456000000003,97.10928,0.0,0.0,0.0
176.4,39.96006229,-106.22292775,2574.3408,96.98736,0.0,0.0,0.0
176.5,39.96006223,-106.22292792,2574.6456000000003,97.10928,0.0,0.0,0.0
176.6,39.96006226,-106.22292797,2574.6456000000003,97.10928,0.0,0.0,0.0
176.7,39.96006228,-106.22292801,2574.6456000000003,97.10928,0.0,0.0,0.0
176.8,39.96006226,-106.22292804,2574.6456000000003,97.10928,0.0,0.0,0.0
176.9,39.96006224,-106.22292803,2574.6456000000003,97.10928,0.0,0.0,0.0
177.0,39.96006218,-106.22292802,2574.3408,96.98736,0.0,0.0,0.0
177.1,39.96006216,-106.22292801,2574.6456000000003,97.10928,0.0,0.0,0.0
177.2,39.96006216,-106.22292801,2574.3408,96.98736,0.0,0.0,0.0
177.3,39.96006215,-106.22292803,2574.3408,96.98736,0.0,0.0,0.0
177.4,39.96006207,-106.22292819,2574.6456000000003,97.10928,0.0,0.0,0.0
177.5,39.96006208,-106.22292827,2574.6456000000003,97.10928,0.491744,0.0,0.0
177.6,39.96006212,-106.2229284,2574.3408,96.98736,0.0,0.0,270.0
177.7,39.96006218,-106.22292855,2574.3408,96.98736,0.0,0.0,0.0
177.8,39.96006227,-106.22292891,2574.3408,96.98736,0.0,0.0,0.0
177.9,39.96006231,-106.22292902,2574.6456000000003,97.10928,0.0,0.0,0.0
178.0,39.96006234,-106.2229291,2574.3408,96.98736,0.0,0.0,0.0
178.1,39.96006237,-106.22292918,2574.3408,96.98736,0.0,0.0,0.0
178.2,39.96006243,-106.22292935,2574.6456000000003,97.10928,0.491744,0.0,0.0
178.3,39.96006248,-106.22292941,2574.3408,96.98736,0.0,0.0,0.0
178.4,39.96006252,-106.22292942,2574.3408,96.98736,0.0,0.0,0.0
178.5,39.96006257,-106.22292945,2574.3408,96.98736,0.0,0.0,0.0
178.6,39.96006262,-106.22292946,2574.6456000000003,97.10928,0.0,0.0,0.0
178.7,39.96006268,-106.22292936,2574.6456000000003,97.10928,0.0,0.0,0.0
178.8,39.96006272,-106.22292936,2574.3408,96.98736,0.491744,0.0,0.0
178.9,39.96006277,-106.22292935,2574.3408,96.98736,0.0,0.0,0.0
179.0,39.96006283,-106.22292933,2574.3408,96.98736,0.0,0.0,0.0
179.1,39.96006289,-106.22292928,2574.3408,96.98736,0.0,0.0,0.0
179.2,39.96006289,-106.2229293,2574.3408,96.89592,0.0,0.0,0.0
179.3,39.96006288,-106.2229293,2574.3408,96.98736,0.0,0.0,0.0
179.4,39.96006292,-106.22292927,2574.3408,96.89592,0.0,0.0,0.0
179.5,39.9600629,-106.2229293,2574.3408,96.98736,0.0,0.0,0.0
179.6,39.96006292,-106.22292924,2574.3408,96.89592,0.0,0.0,0.0
179.7,39.96006298,-106.22292919,2574.3408,96.89592,0.0,0.0,0.0
179.8,39.96006311,-106.22292918,2574.3408,96.80448,0.491744,0.0,0.0
179.9,39.96006335,-106.2229293,2574.3408,96.89592,0.491744,0.0,0.0
180.0,39.96006346,-106.22292928,2574.3408,96.89592,0.0,0.0,0.0
180.1,39.96006357,-106.22292925,2574.3408,96.89592,0.0,0.0,0.0
180.2,39.96006365,-106.22292918,2574.3408,96.89592,0.0,0.0,0.0
180.3,39.96006373,-106.22292911,2574.3408,96.80448,0.0,0.0,0.0
180.4,39.96006382,-106.22292908,2574.3408,96.80448,0.491744,0.0,0.0
180.5,39.9600639,-106.22292904,2574.3408,96.89592,0.0,0.0,0.0
180.6,39.96006397,-106.22292897,2574.3408,96.80448,0.491744,0.0,0.0
180.7,39.96006401,-106.2229289,2574.3408,96.89592,0.0,0.0,0.0
180.8,39.96006396,-106.22292872,2574.3408,96.89592,0.0,0.0,0.0
180.9,39.96006395,-106.22292864,2574.3408,96.89592,0.0,0.0,0.0
181.0,39.96006389,-106.22292861,2574.3408,96.89592,0.491744,0.0,0.0
181.1,39.96006383,-106.22292857,2574.3408,96.89592,0.0,0.0,0.0
181.2,39.96006358,-106.22292847,2574.3408,96.89592,0.491744,0.0,0.0
181.3,39.96006354,-106.22292839,2574.3408,96.89592,0.491744,0.0,0.0
181.4,39.96006355,-106.2229283,2574.3408,96.80448,0.491744,0.0,0.0
181.5,39.96006354,-106.22292824,2574.3408,96.89592,0.491744,0.0,0.0
181.6,39.96006349,-106.22292815,2574.3408,96.89592,0.491744,0.0,0.0
181.7,39.96006345,-106.22292812,2574.3408,96.89592,0.0,0.0,0.0
181.8,39.96006345,-106.22292809,2574.3408,96.89592,0.491744,0.0,0.0
181.9,39.96006346,-106.22292807,2574.3408,96.80448,0.0,0.0,0.0
182.0,39.9600635,-106.22292801,2574.3408,96.89592,0.0,0.0,0.0
182.2,39.96006363,-106.22292793,2574.3408,96.80448,0.0,0.0,0.0
182.3,39.96006367,-106.22292795,2574.3408,96.89592,0.0,0.0,0.0
182.4,39.96006373,-106.22292798,2574.3408,96.89592,0.0,0.0,0.0
182.5,39.96006388,-106.222928,2574.3408,96.89592,0.0,0.0,0.0
182.6,39.96006389,-106.22292801,2574.3408,96.89592,0.0,0.0,0.0
182.7,39.96006389,-106.22292803,2574.3408,96.80448,0.0,0.0,0.0
182.9,39.96006381,-106.22292802,2574.3408,96.80448,0.0,0.0,0.0
183.0,39.9600638,-106.22292805,2574.3408,96.80448,0.0,0.0,0.0
183.1,39.96006378,-106.22292809,2574.3408,96.80448,0.0,0.0,0.0
183.2,39.96006376,-106.22292814,2574.3408,96.80448,0.0,0.0,0.0
183.3,39.96006366,-106.22292812,2574.3408,96.80448,0.0,0.0,0.0
183.4,39.96006361,-106.2229281,2574.3408,96.80448,0.0,0.0,0.0
183.5,39.96006357,-106.22292809,2574.3408,96.80448,0.0,0.0,0.0
183.6,39.96006353,-106.22292811,2574.3408,96.80448,0.491744,0.0,0.0
183.7,39.96006349,-106.22292813,2574.3408,96.80448,0.491744,0.0,0.0
183.8,39.9600635,-106.22292814,2574.036,96.71304,0.67056,0.0,0.0
183.9,39.96006347,-106.22292817,2574.3408,96.80448,0.491744,0.0,0.0
184.0,39.96006343,-106.22292819,2574.3408,96.80448,0.0,0.0,0.0
184.1,39.96006338,-106.2229282,2574.3408,96.80448,0.0,0.0,0.0
184.2,39.9600633,-106.22292816,2574.3408,96.80448,0.0,0.0,0.0
184.3,39.96006326,-106.22292816,2574.3408,96.89592,0.0,0.0,0.0
184.4,39.96006323,-106.22292818,2574.3408,96.80448,0.0,0.0,0.0
184.5,39.96006321,-106.2229282,2574.3408,96.80448,0.0,0.0,0.0
184.6,39.96006317,-106.2229283,2574.3408,96.89592,0.0,0.0,0.0
184.7,39.96006315,-106.22292827,2574.3408,96.80448,0.0,0.0,0.0
184.8,39.96006313,-106.22292821,2574.3408,96.89592,0.0,0.0,0.0
184.9,39.96006313,-106.22292817,2574.3408,96.89592,0.0,0.0,0.0
185.0,39.96006316,-106.22292821,2574.3408,96.80448,0.0,0.0,0.0
185.1,39.96006318,-106.22292822,2574.3408,96.89592,0.0,0.0,0.0
185.2,39.96006316,-106.22292822,2574.3408,96.89592,0.0,0.0,0.0
185.3,39.96006315,-106.22292821,2574.3408,96.80448,0.0,0.0,0.0
185.4,39.96006313,-106.22292819,2574.3408,96.89592,0.0,0.0,0.0
185.5,39.960063,-106.22292818,2574.3408,96.89592,0.0,0.0,0.0
185.6,39.96006296,-106.22292809,2574.3408,96.89592,0.0,0.0,0.0
185.7,39.96006292,-106.22292801,2574.3408,96.89592,0.0,0.0,0.0
185.8,39.96006289,-106.22292795,2574.3408,96.98736,0.491744,0.0,0.0
185.9,39.96006277,-106.22292788,2574.3408,96.98736,0.0,0.0,0.0
186.0,39.96006268,-106.2229278,2574.3408,96.98736,0.0,0.0,0.0
186.1,39.96006262,-106.22292772,2574.3408,96.98736,0.0,0.0,0.0
186.2,39.96006258,-106.22292761,2574.3408,96.98736,0.0,0.0,0.0
186.3,39.96006251,-106.22292743,2574.3408,96.98736,0.0,0.0,0.0
186.4,39.96006247,-106.22292738,2574.6456000000003,97.10928,0.0,0.0,0.0
186.5,39.96006245,-106.22292732,2574.6456000000003,97.10928,0.0,0.0,0.0
186.6,39.96006249,-106.22292724,2574.3408,96.98736,0.0,0.0,0.0
186.7,39.9600627,-106.22292722,2574.3408,96.98736,0.491744,0.0,0.0
186.8,39.96006279,-106.22292722,2574.3408,96.98736,0.0,0.0,0.0
186.9,39.96006287,-106.22292722,2574.3408,96.98736,0.491744,0.0,0.0
187.1,39.96006299,-106.22292719,2574.6456000000003,97.10928,0.0,0.0,0.0
187.2,39.96006297,-106.2229272,2574.6456000000003,97.10928,0.0,0.0,0.0
187.3,39.96006299,-106.22292718,2574.3408,96.98736,0.0,0.0,0.0
187.4,39.96006301,-106.22292715,2574.3408,96.98736,0.0,0.0,0.0
187.5,39.96006301,-106.22292714,2574.3408,96.89592,0.0,0.0,0.0
187.6,39.96006294,-106.22292715,2574.3408,96.89592,0.0,0.0,0.0
187.8,39.96006294,-106.2229271,2574.3408,96.98736,0.0,0.0,0.0
187.9,39.96006292,-106.22292706,2574.3408,96.98736,0.0,0.0,0.0
188.0,39.96006279,-106.22292697,2574.3408,96.98736,0.0,0.0,0.0
188.1,39.96006275,-106.22292692,2574.3408,96.98736,0.0,0.0,0.0
188.2,39.96006274,-106.22292685,2574.3408,96.98736,0.0,0.0,0.0
188.3,39.96006275,-106.22292675,2574.3408,96.98736,0.0,0.0,90.0
188.4,39.96006281,-106.22292658,2574.3408,96.98736,0.0,0.0,90.0
188.5,39.96006285,-106.22292644,2574.3408,96.98736,0.0,0.0,90.0
188.6,39.96006289,-106.22292632,2574.3408,96.98736,0.0,0.0,90.0
188.7,39.96006294,-106.22292621,2574.3408,96.98736,0.0,0.0,90.0
188.8,39.96006302,-106.2229261,2574.3408,96.98736,0.0,0.0,90.0
188.9,39.96006321,-106.22292612,2574.3408,96.98736,0.0,0.0,90.0
189.0,39.96006327,-106.22292602,2574.3408,96.98736,0.491744,0.0,90.0
189.1,39.96006328,-106.22292597,2574.3408,96.98736,0.0,0.0,0.0
189.2,39.96006326,-106.22292596,2574.6456000000003,97.10928,0.0,0.0,0.0
189.3,39.96006324,-106.22292604,2574.6456000000003,97.10928,0.0,0.0,0.0
189.4,39.9600632,-106.22292607,2574.3408,96.98736,0.0,0.0,0.0
189.5,39.96006314,-106.2229261,2574.3408,96.98736,0.0,0.0,0.0
189.6,39.96006308,-106.22292612,2574.3408,96.98736,0.0,0.0,0.0
189.7,39.96006299,-106.22292615,2574.3408,96.98736,0.0,0.0,0.0
189.8,39.96006295,-106.22292621,2574.3408,96.98736,0.0,0.0,0.0
189.9,39.96006293,-106.22292627,2574.3408,96.98736,0.0,0.0,0.0
190.0,39.96006295,-106.22292633,2574.3408,96.98736,0.0,0.0,0.0
190.1,39.96006293,-106.22292613,2574.3408,96.98736,0.0,0.0,0.0
190.2,39.96006288,-106.22292615,2574.3408,96.98736,0.0,0.0,0.0
190.3,39.96006284,-106.22292616,2574.3408,96.98736,0.0,0.0,0.0
190.4,39.96006281,-106.22292618,2574.3408,96.98736,0.0,0.0,0.0
190.5,39.9600628,-106.22292618,2574.3408,96.98736,0.0,0.0,0.0
190.6,39.96006275,-106.22292615,2574.3408,96.89592,0.0,0.0,0.0
190.7,39.96006273,-106.22292617,2574.3408,96.98736,0.0,0.0,0.0
190.8,39.96006266,-106.22292619,2574.3408,96.89592,0.0,0.0,0.0
190.9,39.9600626,-106.2229262,2574.3408,96.89592,0.0,0.0,0.0
191.0,39.96006238,-106.22292623,2574.3408,96.89592,0.0,0.0,0.0
191.1,39.96006232,-106.22292625,2574.3408,96.89592,0.0,0.0,0.0
191.2,39.96006227,-106.22292629,2574.3408,96.89592,0.0,0.0,0.0
191.3,39.96006223,-106.22292632,2574.3408,96.89592,0.0,0.0,0.0
191.4,39.96006214,-106.22292635,2574.3408,96.80448,0.0,0.0,0.0
191.5,39.96006212,-106.22292636,2574.3408,96.89592,0.0,0.0,0.0
191.6,39.96006214,-106.22292638,2574.3408,96.89592,0.0,0.0,0.0
191.7,39.96006217,-106.22292639,2574.3408,96.89592,0.0,0.0,0.0
191.8,39.96006222,-106.22292631,2574.3408,96.89592,0.0,0.0,0.0
191.9,39.96006222,-106.22292631,2574.3408,96.89592,0.0,0.0,0.0
192.0,39.9600622,-106.22292632,2574.3408,96.80448,0.0,0.0,0.0
192.1,39.9600622,-106.22292631,2574.3408,96.80448,0.0,0.0,0.0
192.2,39.96006221,-106.22292627,2574.3408,96.89592,0.0,0.0,0.0
192.3,39.96006216,-106.22292626,2574.3408,96.89592,0.0,0.0,0.0
192.4,39.96006215,-106.22292621,2574.3408,96.89592,0.0,0.0,0.0
192.6,39.96006215,-106.2229261,2574.3408,96.89592,0.0,0.0,0.0
192.7,39.96006218,-106.22292594,2574.3408,96.89592,0.0,0.0,0.0
192.8,39.96006222,-106.22292588,2574.3408,96.89592,0.0,0.0,0.0
192.9,39.96006227,-106.2229258,2574.3408,96.89592,0.0,0.0,0.0
193.0,39.96006233,-106.22292574,2574.3408,96.80448,0.491744,0.0,0.0
193.1,39.96006251,-106.22292568,2574.3408,96.89592,0.0,0.0,0.0
193.2,39.96006257,-106.22292563,2574.3408,96.89592,0.491744,0.0,0.0
193.3,39.96006263,-106.22292559,2574.3408,96.89592,0.0,0.0,0.0
193.4,39.96006269,-106.22292561,2574.3408,96.89592,0.0,0.0,0.0
193.5,39.96006287,-106.22292577,2574.3408,96.89592,0.0,0.0,0.0
193.6,39.96006293,-106.22292585,2574.3408,96.89592,0.0,0.0,270.0
193.7,39.96006296,-106.22292596,2574.3408,96.89592,0.491744,0.0,270.0
193.8,39.96006298,-106.22292611,2574.3408,96.89592,0.491744,0.0,270.0
193.9,39.96006298,-106.22292625,2574.3408,96.98736,0.491744,0.0,270.0
194.0,39.96006295,-106.22292652,2574.3408,96.98736,0.491744,0.0,270.0
194.1,39.96006293,-106.22292664,2574.3408,96.98736,0.491744,0.0,0.0
194.2,39.96006289,-106.22292675,2574.3408,96.98736,0.0,0.0,0.0
194.3,39.96006285,-106.22292683,2574.3408,96.98736,0.491744,0.0,0.0
194.4,39.96006275,-106.22292696,2574.3408,96.98736,0.0,0.0,0.0
194.5,39.96006268,-106.22292701,2574.3408,96.98736,0.0,0.0,0.0
194.6,39.9600626,-106.22292704,2574.6456000000003,97.10928,0.0,0.0,0.0
194.7,39.9600625,-106.22292704,2574.3408,96.98736,0.0,0.0,180.0
194.8,39.96006239,-106.22292695,2574.3408,96.98736,0.0,0.0,0.0
194.9,39.96006228,-106.22292694,2574.6456000000003,97.10928,0.0,0.0,180.0
195.0,39.96006218,-106.22292691,2574.6456000000003,97.10928,0.0,0.0,180.0
195.1,39.96006207,-106.22292688,2574.6456000000003,97.10928,0.0,0.0,180.0
195.2,39.96006194,-106.22292675,2574.6456000000003,97.20072,0.0,0.0,180.0
195.3,39.96006183,-106.22292665,2574.6456000000003,97.10928,0.0,0.0,180.0
195.4,39.96006174,-106.2229265,2574.6456000000003,97.10928,0.0,0.0,0.0
195.5,39.96006167,-106.22292638,2574.6456000000003,97.20072,0.0,0.0,0.0
195.6,39.96006163,-106.22292632,2574.6456000000003,97.10928,0.0,0.0,0.0
195.7,39.96006162,-106.22292625,2574.6456000000003,97.10928,0.0,0.0,0.0
195.8,39.96006168,-106.22292623,2574.6456000000003,97.10928,0.491744,0.0,0.0
195.9,39.96006173,-106.22292624,2574.6456000000003,97.20072,0.0,0.0,0.0
196.0,39.96006174,-106.22292626,2574.6456000000003,97.10928,0.0,0.0,0.0
196.1,39.96006187,-106.22292642,2574.6456000000003,97.10928,0.0,0.0,0.0
196.2,39.96006194,-106.22292652,2574.6456000000003,97.10928,0.0,0.0,0.0
196.3,39.96006201,-106.2229266,2574.6456000000003,97.10928,0.0,0.089408,0.0
196.4,39.96006209,-106.22292666,2574.6456000000003,97.10928,0.0,0.0,0.0
196.5,39.96006224,-106.22292682,2574.6456000000003,97.10928,0.0,0.0,0.0
196.6,39.96006229,-106.22292689,2574.6456000000003,97.10928,0.0,0.0,0.0
196.7,39.96006231,-106.22292692,2574.6456000000003,97.10928,0.491744,0.089408,0.0
196.8,39.96006227,-106.2229269,2574.3408,96.98736,0.0,0.089408,0.0
196.9,39.96006222,-106.22292686,2574.3408,96.98736,0.491744,0.0,0.0
197.0,39.96006214,-106.22292682,2574.6456000000003,97.10928,0.0,0.0,0.0
197.1,39.96006207,-106.22292674,2574.3408,96.98736,0.0,0.0,0.0
197.2,39.96006205,-106.22292664,2574.3408,96.98736,0.0,0.0,0.0
197.3,39.96006203,-106.22292657,2574.3408,96.98736,0.0,0.0,0.0
197.4,39.96006207,-106.22292657,2574.3408,96.98736,0.0,0.0,0.0
197.5,39.96006206,-106.22292656,2574.3408,96.98736,0.491744,0.0,0.0
197.6,39.96006207,-106.22292656,2574.6456000000003,97.10928,0.0,0.0,0.0
197.7,39.9600621,-106.22292656,2574.6456000000003,97.10928,0.0,0.0,0.0
197.8,39.96006223,-106.22292661,2574.6456000000003,97.10928,0.0,0.0,0.0
197.9,39.96006231,-106.22292663,2574.6456000000003,97.10928,0.491744,0.0,0.0
198.0,39.96006242,-106.22292667,2574.6456000000003,97.20072,0.0,0.0,0.0
198.1,39.96006252,-106.2229267,2574.6456000000003,97.10928,0.0,0.0,0.0
198.2,39.96006276,-106.2229268,2574.6456000000003,97.10928,0.0,0.0,0.0
198.3,39.96006286,-106.22292679,2574.6456000000003,97.10928,0.0,0.0,0.0
198.4,39.96006296,-106.22292676,2574.6456000000003,97.20072,0.0,0.0,0.0
198.5,39.96006303,-106.22292671,2574.6456000000003,97.20072,0.0,0.0,0.0
198.6,39.96006307,-106.2229266,2574.6456000000003,97.20072,0.491744,0.0,0.0
198.7,39.96006307,-106.22292655,2574.6456000000003,97.20072,0.0,0.0,0.0
198.8,39.96006305,-106.22292655,2574.6456000000003,97.29216,0.0,0.0,0.0
198.9,39.96006305,-106.22292654,2574.6456000000003,97.29216,0.0,0.0,0.0
199.0,39.96006308,-106.22292653,2574.6456000000003,97.20072,0.0,0.089408,0.0
199.1,39.96006307,-106.22292664,2574.6456000000003,97.20072,0.0,0.089408,0.0
199.2,39.9600631,-106.22292661,2574.6456000000003,97.20072,0.0,0.089408,0.0
199.3,39.96006314,-106.22292661,2574.6456000000003,97.20072,0.0,0.089408,0.0
199.4,39.96006318,-106.2229267,2574.6456000000003,97.20072,0.0,0.089408,0.0
199.5,39.96006315,-106.2229269,2574.6456000000003,97.20072,0.0,0.089408,0.0
199.6,39.96006323,-106.22292697,2574.6456000000003,97.10928,0.0,0.089408,0.0
199.7,39.96006329,-106.22292706,2574.6456000000003,97.20072,0.0,0.0,0.0
199.8,39.96006335,-106.22292718,2574.6456000000003,97.10928,0.0,0.089408,0.0
199.9,39.96006345,-106.22292743,2574.6456000000003,97.10928,0.491744,0.089408,0.0
200.0,39.96006349,-106.22292742,2574.6456000000003,97.10928,0.0,0.0,0.0
200.1,39.96006351,-106.22292741,2574.3408,96.98736,0.0,0.0,0.0
200.2,39.96006353,-106.2229274,2574.3408,96.98736,0.491744,0.0,0.0
200.3,39.96006344,-106.22292732,2574.3408,96.98736,0.0,0.0,0.0
200.4,39.96006343,-106.22292733,2574.3408,96.98736,0.0,0.0,0.0
200.5,39.96006344,-106.22292735,2574.3408,96.98736,0.0,0.0,0.0
200.6,39.96006349,-106.22292739,2574.6456000000003,97.10928,0.491744,0.0,0.0
200.7,39.96006354,-106.2229274,2574.6456000000003,97.10928,0.0,0.0,0.0
200.8,39.96006361,-106.22292739,2574.6456000000003,97.10928,0.491744,0.0,0.0
200.9,39.96006367,-106.22292737,2574.6456000000003,97.10928,0.0,0.0,0.0
201.0,39.96006377,-106.22292734,2574.3408,96.98736,0.0,0.0,0.0
201.1,39.96006383,-106.22292731,2574.6456000000003,97.10928,0.0,0.0,0.0
201.2,39.96006384,-106.22292726,2574.6456000000003,97.10928,0.0,0.0,0.0
201.3,39.96006386,-106.22292721,2574.3408,96.98736,0.0,0.0,0.0
201.4,39.9600639,-106.22292715,2574.3408,96.98736,0.0,0.0,0.0
201.5,39.96006394,-106.2229271,2574.3408,96.98736,0.0,0.0,0.0
201.6,39.96006396,-106.22292705,2574.3408,96.89592,0.491744,0.0,0.0
201.7,39.96006401,-106.22292704,2574.3408,96.89592,0.0,0.0,0.0
201.8,39.96006408,-106.22292703,2574.3408,96.89592,0.491744,0.0,0.0
201.9,39.96006414,-106.22292706,2574.3408,96.89592,0.0,0.0,0.0
202.0,39.96006425,-106.22292715,2574.3408,96.98736,0.0,0.0,0.0
202.1,39.96006429,-106.22292721,2574.3408,96.98736,0.0,0.0,0.0
202.3,39.96006448,-106.22292734,2574.3408,96.98736,0.0,0.0,0.0
202.4,39.9600646,-106.2229274,2574.3408,96.98736,0.0,0.0,0.0
202.5,39.9600649,-106.2229275,2574.3408,96.98736,0.0,0.0,0.0
202.6,39.96006498,-106.22292748,2574.3408,96.98736,0.0,0.0,0.0
202.7,39.96006505,-106.22292745,2574.3408,96.98736,0.0,0.0,0.0
202.8,39.96006513,-106.22292742,2574.3408,96.98736,0.0,0.0,0.0
202.9,39.96006522,-106.22292734,2574.3408,96.98736,0.0,0.0,0.0
203.0,39.96006523,-106.22292729,2574.3408,96.98736,0.0,0.0,0.0
203.1,39.96006523,-106.22292726,2574.3408,96.98736,0.0,0.0,0.0
203.2,39.96006523,-106.22292724,2574.3408,96.98736,0.0,0.0,0.0
203.3,39.96006513,-106.22292721,2574.3408,96.98736,0.0,0.0,0.0
203.4,39.9600651,-106.22292723,2574.3408,96.98736,0.0,0.0,0.0
203.5,39.96006508,-106.22292724,2574.6456000000003,97.10928,0.0,0.0,0.0
203.6,39.96006511,-106.2229272,2574.3408,96.98736,0.0,0.0,0.0
203.7,39.9600651,-106.22292719,2574.3408,96.98736,0.0,0.0,0.0
203.8,39.9600651,-106.22292717,2574.3408,96.98736,0.0,0.0,0.0
203.9,39.9600651,-106.22292712,2574.3408,96.98736,0.0,0.0,0.0
204.0,39.9600651,-106.22292704,2574.3408,96.98736,0.0,0.0,0.0
204.1,39.96006509,-106.22292698,2574.3408,96.98736,0.0,0.0,0.0
204.2,39.96006503,-106.22292692,2574.3408,96.98736,0.0,0.0,0.0
204.3,39.96006501,-106.22292691,2574.3408,96.98736,0.0,0.0,0.0
204.4,39.96006496,-106.22292693,2574.3408,96.98736,0.0,0.0,0.0
204.5,39.96006492,-106.22292695,2574.3408,96.98736,0.0,0.0,0.0
204.6,39.96006484,-106.22292701,2574.3408,96.89592,0.0,0.0,0.0
204.7,39.96006483,-106.22292704,2574.3408,96.98736,0.0,0.0,0.0
204.8,39.96006481,-106.22292704,2574.3408,96.98736,0.0,0.0,0.0
204.9,39.96006478,-106.22292706,2574.3408,96.98736,0.0,0.0,0.0
205.0,39.96006473,-106.22292707,2574.3408,96.89592,0.0,0.0,0.0
205.1,39.96006473,-106.22292708,2574.3408,96.89592,0.0,0.0,0.0
205.2,39.96006472,-106.22292706,2574.3408,96.89592,0.0,0.0,0.0
205.3,39.9600647,-106.22292705,2574.3408,96.89592,0.0,0.0,0.0
205.4,39.96006463,-106.22292706,2574.3408,96.89592,0.0,0.0,0.0
205.5,39.9600646,-106.22292704,2574.3408,96.89592,0.0,0.0,0.0
205.6,39.9600646,-106.222927,2574.3408,96.98736,0.0,0.0,0.0
205.7,39.96006461,-106.22292698,2574.3408,96.98736,0.0,0.0,0.0
205.8,39.96006461,-106.22292696,2574.3408,96.98736,0.0,0.0,0.0
205.9,39.96006461,-106.22292693,2574.3408,96.98736,0.0,0.0,0.0
206.0,39.96006461,-106.22292689,2574.3408,96.89592,0.0,0.0,0.0
206.1,39.96006461,-106.22292686,2574.3408,96.98736,0.0,0.0,0.0
206.2,39.96006464,-106.22292687,2574.3408,96.98736,0.0,0.0,0.0
206.3,39.96006459,-106.22292685,2574.3408,96.89592,0.0,0.0,0.0
206.4,39.96006456,-106.22292681,2574.3408,96.98736,0.0,0.0,0.0
206.5,39.96006453,-106.22292678,2574.3408,96.98736,0.0,0.0,0.0
206.6,39.96006452,-106.22292676,2574.3408,96.98736,0.0,0.0,0.0
206.7,39.96006442,-106.22292676,2574.3408,96.98736,0.0,0.0,0.0
206.8,39.96006445,-106.22292678,2574.3408,96.98736,0.0,0.0,0.0
206.9,39.96006448,-106.22292682,2574.3408,96.98736,0.0,0.0,0.0
207.0,39.96006451,-106.22292686,2574.3408,96.98736,0.0,0.0,0.0
207.1,39.96006454,-106.22292685,2574.3408,96.89592,0.0,0.0,0.0
207.2,39.96006457,-106.22292681,2574.3408,96.98736,0.0,0.0,0.0
207.3,39.96006457,-106.22292679,2574.3408,96.89592,0.0,0.0,0.0
207.4,39.96006452,-106.2229268,2574.3408,96.98736,0.491744,0.0,0.0
207.5,39.9600645,-106.2229268,2574.3408,96.89592,0.491744,0.0,0.0
207.6,39.96006447,-106.22292683,2574.3408,96.89592,0.0,0.0,0.0
207.7,39.96006448,-106.22292683,2574.3408,96.89592,0.0,0.0,0.0
207.8,39.96006449,-106.22292684,2574.3408,96.89592,0.0,0.0,0.0
207.9,39.96006449,-106.22292685,2574.3408,96.89592,0.0,0.0,0.0
208.0,39.96006448,-106.22292687,2574.3408,96.89592,0.0,0.0,0.0
208.1,39.96006448,-106.22292689,2574.3408,96.89592,0.0,0.0,0.0
208.2,39.96006448,-106.22292692,2574.3408,96.98736,0.0,0.0,0.0
208.3,39.9600645,-106.22292693,2574.3408,96.98736,0.0,0.0,0.0
208.4,39.96006463,-106.22292695,2574.3408,96.89592,0.0,0.0,0.0
208.5,39.96006468,-106.22292695,2574.3408,96.98736,0.0,0.0,0.0
208.6,39.96006471,-106.22292693,2574.3408,96.98736,0.0,0.0,0.0
208.7,39.96006475,-106.22292693,2574.3408,96.89592,0.0,0.0,0.0
208.8,39.96006485,-106.22292699,2574.3408,96.89592,0.0,0.0,0.0
208.9,39.9600649,-106.22292702,2574.3408,96.89592,0.0,0.0,0.0
209.0,39.9600649,-106.22292701,2574.3408,96.98736,0.0,0.0,0.0
209.1,39.9600649,-106.22292699,2574.3408,96.98736,0.0,0.0,0.0
209.2,39.96006491,-106.22292694,2574.3408,96.98736,0.0,0.0,0.0
209.3,39.96006487,-106.22292684,2574.3408,96.98736,0.0,0.0,0.0
209.4,39.96006482,-106.22292677,2574.3408,96.98736,0.0,0.0,0.0
209.5,39.96006478,-106.22292671,2574.3408,96.98736,0.0,0.0,0.0
209.6,39.96006472,-106.22292666,2574.3408,96.98736,0.0,0.0,0.0
209.7,39.96006458,-106.22292666,2574.3408,96.98736,0.0,0.0,0.0
209.8,39.96006454,-106.22292661,2574.3408,96.98736,0.0,0.0,0.0
209.9,39.96006449,-106.22292657,2574.3408,96.89592,0.0,0.0,0.0
210.0,39.96006442,-106.22292653,2574.3408,96.89592,0.0,0.0,0.0
210.1,39.96006437,-106.2229265,2574.3408,96.89592,0.0,0.0,0.0
210.2,39.96006437,-106.22292651,2574.3408,96.89592,0.0,0.0,0.0
210.3,39.96006437,-106.22292651,2574.3408,96.89592,0.0,0.0,0.0
210.4,39.96006435,-106.22292652,2574.3408,96.89592,0.0,0.0,0.0
210.5,39.96006434,-106.22292664,2574.3408,96.89592,0.0,0.0,0.0
210.6,39.96006428,-106.2229266,2574.3408,96.89592,0.0,0.0,0.0
210.7,39.96006421,-106.22292655,2574.3408,96.89592,0.0,0.0,0.0
210.8,39.96006412,-106.2229265,2574.3408,96.89592,0.0,0.0,0.0
210.9,39.96006404,-106.22292644,2574.3408,96.89592,0.0,0.0,0.0
211.0,39.96006401,-106.22292634,2574.3408,96.89592,0.0,0.0,0.0
211.1,39.96006395,-106.22292629,2574.3408,96.89592,0.0,0.0,0.0
211.2,39.96006387,-106.22292629,2574.3408,96.89592,0.0,0.0,0.0
211.3,39.9600638,-106.22292629,2574.3408,96.89592,0.0,0.0,0.0
211.4,39.96006374,-106.22292639,2574.3408,96.89592,0.0,0.0,0.0
211.5,39.96006369,-106.22292639,2574.3408,96.89592,0.0,0.0,0.0
211.6,39.96006366,-106.22292642,2574.3408,96.89592,0.0,0.0,0.0
211.7,39.96006363,-106.22292644,2574.3408,96.89592,0.0,0.0,0.0
211.8,39.9600637,-106.22292653,2574.3408,96.89592,0.0,0.0,0.0
211.9,39.96006369,-106.22292656,2574.3408,96.89592,0.0,0.0,0.0
212.0,39.96006367,-106.2229266,2574.3408,96.89592,0.0,0.0,0.0
212.1,39.96006363,-106.22292658,2574.3408,96.89592,0.0,0.0,0.0
212.2,39.96006357,-106.22292645,2574.3408,96.89592,0.0,0.0,0.0
212.3,39.96006353,-106.22292635,2574.3408,96.89592,0.0,0.0,0.0
212.4,39.96006348,-106.22292627,2574.3408,96.89592,0.0,0.0,0.0
212.5,39.96006344,-106.2229262,2574.3408,96.98736,0.0,0.0,0.0
212.6,39.9600634,-106.22292615,2574.3408,96.98736,0.0,0.0,0.0
212.7,39.96006331,-106.22292616,2574.3408,96.98736,0.0,0.0,0.0
212.8,39.96006334,-106.22292615,2574.3408,96.98736,0.0,0.0,0.0
212.9,39.96006336,-106.22292614,2574.3408,96.89592,0.0,0.0,0.0
213.0,39.9600634,-106.22292613,2574.3408,96.89592,0.0,0.0,0.0
213.1,39.96006352,-106.22292617,2574.3408,96.89592,0.0,0.0,0.0
213.2,39.96006348,-106.22292619,2574.3408,96.89592,0.0,0.0,0.0
213.3,39.96006344,-106.2229262,2574.3408,96.89592,0.0,0.0,0.0
213.4,39.96006341,-106.22292619,2574.3408,96.89592,0.0,0.0,0.0
213.5,39.96006331,-106.22292628,2574.3408,96.80448,0.0,0.0,0.0
213.6,39.96006329,-106.22292626,2574.3408,96.89592,0.0,0.0,0.0
213.7,39.96006327,-106.22292625,2574.3408,96.89592,0.0,0.0,0.0
213.8,39.96006323,-106.22292625,2574.3408,96.89592,0.491744,0.0,0.0
213.9,39.96006321,-106.22292619,2574.3408,96.80448,0.0,0.0,0.0
214.0,39.96006322,-106.22292617,2574.3408,96.80448,0.0,0.0,0.0
214.1,39.96006324,-106.22292614,2574.3408,96.89592,0.0,0.0,0.0
214.2,39.96006328,-106.22292612,2574.3408,96.89592,0.0,0.0,0.0
214.3,39.96006333,-106.2229261,2574.3408,96.89592,0.0,0.0,0.0
214.4,39.96006343,-106.22292598,2574.3408,96.89592,0.0,0.0,0.0
214.5,39.96006344,-106.22292596,2574.3408,96.89592,0.0,0.0,0.0
214.6,39.9600634,-106.22292596,2574.3408,96.98736,0.0,0.0,0.0
214.7,39.96006336,-106.22292596,2574.3408,96.98736,0.0,0.0,0.0
214.8,39.96006321,-106.22292599,2574.3408,96.98736,0.0,0.0,0.0
214.9,39.96006317,-106.22292599,2574.3408,96.98736,0.0,0.0,0.0
215.0,39.96006315,-106.22292599,2574.3408,96.98736,0.0,0.0,0.0
215.1,39.96006314,-106.22292598,2574.6456000000003,97.10928,0.491744,0.0,0.0
215.2,39.96006327,-106.22292601,2574.3408,96.98736,0.0,0.0,0.0
215.3,39.9600633,-106.22292606,2574.6456000000003,97.10928,0.0,0.0,0.0
215.4,39.96006331,-106.22292614,2574.3408,96.98736,0.0,0.0,0.0
215.5,39.96006332,-106.22292623,2574.3408,96.98736,0.0,0.0,0.0
215.6,39.96006335,-106.22292634,2574.6456000000003,97.10928,0.0,0.0,0.0
215.7,39.96006334,-106.22292644,2574.6456000000003,97.10928,0.0,0.0,0.0
215.8,39.96006332,-106.22292652,2574.3408,96.98736,0.0,0.0,0.0
215.9,39.9600633,-106.22292659,2574.3408,96.98736,0.0,0.0,0.0
216.0,39.96006329,-106.22292666,2574.6456000000003,97.10928,0.0,0.0,0.0
216.1,39.9600633,-106.22292669,2574.3408,96.98736,0.0,0.0,0.0
216.2,39.96006336,-106.22292678,2574.3408,96.98736,0.0,0.0,0.0
216.3,39.96006342,-106.22292686,2574.3408,96.98736,0.0,0.0,0.0
216.4,39.96006346,-106.22292689,2574.3408,96.98736,0.0,0.0,0.0
216.5,39.96006361,-106.22292689,2574.3408,96.98736,0.0,0.0,0.0
216.6,39.96006363,-106.22292688,2574.3408,96.98736,0.0,0.0,0.0
216.7,39.96006364,-106.22292686,2574.3408,96.89592,0.0,0.0,0.0
216.8,39.96006362,-106.22292681,2574.3408,96.98736,0.0,0.0,0.0
216.9,39.96006351,-106.22292668,2574.3408,96.98736,0.0,0.0,0.0
217.0,39.96006351,-106.22292656,2574.3408,96.98736,0.0,0.0,90.0
217.1,39.96006348,-106.2229264,2574.3408,96.98736,0.0,0.0,90.0
217.2,39.9600634,-106.22292621,2574.3408,96.98736,0.0,0.0,90.0
217.3,39.96006325,-106.22292601,2574.3408,96.98736,0.0,0.0,90.0
217.4,39.96006319,-106.22292588,2574.3408,96.98736,0.0,0.0,0.0
217.5,39.96006312,-106.2229258,2574.6456000000003,97.10928,0.0,0.0,0.0
217.6,39.96006304,-106.22292577,2574.3408,96.98736,0.0,0.0,0.0
217.7,39.96006298,-106.22292578,2574.3408,96.98736,0.0,0.0,0.0
217.8,39.96006289,-106.22292596,2574.6456000000003,97.10928,0.0,0.0,0.0
217.9,39.96006285,-106.22292602,2574.6456000000003,97.10928,0.491744,0.0,0.0
218.0,39.96006281,-106.22292606,2574.6456000000003,97.10928,0.0,0.0,0.0
218.1,39.96006278,-106.2229261,2574.6456000000003,97.10928,0.0,0.0,0.0
218.2,39.96006268,-106.22292609,2574.6456000000003,97.10928,0.0,0.0,0.0
218.3,39.96006265,-106.22292612,2574.6456000000003,97.10928,0.0,0.0,0.0
218.4,39.96006264,-106.22292615,2574.6456000000003,97.10928,0.0,0.0,0.0
218.5,39.96006263,-106.22292617,2574.6456000000003,97.10928,0.0,0.0,0.0
218.6,39.96006262,-106.22292613,2574.6456000000003,97.10928,0.0,0.0,0.0
218.7,39.96006263,-106.22292614,2574.6456000000003,97.10928,0.0,0.0,0.0
218.8,39.96006265,-106.22292619,2574.3408,96.98736,0.0,0.0,0.0
218.9,39.96006268,-106.22292621,2574.3408,96.98736,0.0,0.0,0.0
219.0,39.96006278,-106.22292633,2574.6456000000003,97.10928,0.0,0.0,0.0
219.1,39.96006289,-106.22292635,2574.6456000000003,97.10928,0.0,0.0,0.0
219.2,39.96006304,-106.22292633,2574.6456000000003,97.10928,0.0,0.0,0.0
219.3,39.96006319,-106.22292632,2574.6456000000003,97.10928,0.0,0.0,0.0
219.4,39.96006336,-106.22292634,2574.6456000000003,97.10928,0.0,0.0,0.0
219.5,39.96006365,-106.22292634,2574.6456000000003,97.10928,0.0,0.0,0.0
219.6,39.96006376,-106.22292637,2574.6456000000003,97.10928,0.0,0.0,0.0
219.7,39.96006384,-106.22292638,2574.6456000000003,97.10928,0.0,0.0,0.0
219.8,39.9600639,-106.22292636,2574.6456000000003,97.10928,0.0,0.0,0.0
219.9,39.96006394,-106.22292638,2574.3408,96.98736,0.0,0.0,0.0
220.0,39.96006398,-106.2229264,2574.3408,96.98736,0.491744,0.0,0.0
220.1,39.96006401,-106.22292643,2574.3408,96.98736,0.0,0.0,0.0
220.2,39.96006401,-106.22292646,2574.3408,96.98736,0.0,0.0,0.0
220.3,39.96006393,-106.2229265,2574.3408,96.98736,0.0,0.0,0.0
220.4,39.96006394,-106.22292655,2574.3408,96.98736,0.0,0.0,0.0
220.5,39.96006396,-106.22292659,2574.3408,96.98736,0.0,0.0,0.0
220.6,39.96006399,-106.22292663,2574.3408,96.98736,0.0,0.0,0.0
220.7,39.96006395,-106.22292665,2574.3408,96.89592,0.0,0.0,0.0
220.8,39.96006395,-106.22292666,2574.3408,96.98736,0.0,0.0,0.0
220.9,39.96006396,-106.22292665,2574.3408,96.98736,0.0,0.0,0.0
221.0,39.96006401,-106.22292664,2574.3408,96.98736,0.0,0.0,0.0
221.1,39.96006406,-106.22292662,2574.3408,96.98736,0.0,0.0,0.0
221.2,39.96006411,-106.22292648,2574.3408,96.89592,0.0,0.0,0.0
221.3,39.96006416,-106.22292647,2574.3408,96.89592,0.0,0.0,0.0
221.4,39.96006423,-106.22292648,2574.3408,96.89592,0.0,0.0,0.0
221.5,39.9600643,-106.22292649,2574.3408,96.89592,0.0,0.0,0.0
221.6,39.96006443,-106.22292652,2574.3408,96.89592,0.0,0.0,0.0
221.7,39.96006449,-106.22292652,2574.3408,96.89592,0.0,0.0,0.0
221.8,39.96006457,-106.22292653,2574.3408,96.89592,0.0,0.0,0.0
221.9,39.96006465,-106.22292654,2574.3408,96.89592,0.0,0.0,0.0
222.0,39.96006479,-106.22292651,2574.3408,96.89592,0.0,0.0,0.0
222.1,39.96006488,-106.22292653,2574.3408,96.89592,0.0,0.0,0.0
222.2,39.96006502,-106.22292655,2574.3408,96.89592,0.0,0.0,0.0
222.3,39.96006515,-106.22292659,2574.3408,96.89592,0.0,0.0,0.0
222.4,39.96006542,-106.22292673,2574.3408,96.89592,0.491744,0.0,0.0
222.5,39.96006552,-106.22292678,2574.3408,96.89592,0.0,0.0,0.0
222.6,39.96006557,-106.22292678,2574.3408,96.89592,0.0,0.0,0.0
222.7,39.96006562,-106.22292677,2574.3408,96.80448,0.0,0.0,0.0
222.8,39.96006567,-106.22292674,2574.3408,96.80448,0.0,0.0,0.0
222.9,39.96006564,-106.22292665,2574.3408,96.80448,0.0,0.0,0.0
223.0,39.96006569,-106.22292663,2574.3408,96.80448,0.0,0.0,0.0
223.1,39.96006572,-106.2229266,2574.3408,96.80448,0.0,0.0,0.0
223.2,39.96006572,-106.22292653,2574.3408,96.80448,0.0,0.0,0.0
223.3,39.96006569,-106.22292642,2574.3408,96.80448,0.0,0.0,0.0
223.4,39.96006569,-106.22292637,2574.3408,96.80448,0.0,0.0,0.0
223.5,39.96006569,-106.22292633,2574.3408,96.80448,0.0,0.0,0.0
223.7,39.96006568,-106.22292637,2574.3408,96.80448,0.0,0.0,0.0
223.8,39.96006564,-106.22292638,2574.3408,96.80448,0.0,0.0,0.0
223.9,39.96006562,-106.22292639,2574.3408,96.80448,0.0,0.0,0.0
224.0,39.96006564,-106.22292636,2574.3408,96.80448,0.0,0.0,0.0
224.1,39.96006582,-106.22292642,2574.3408,96.80448,0.0,-0.089408,0.0
224.2,39.96006589,-106.22292647,2574.3408,96.80448,0.0,-0.089408,0.0
224.3,39.96006595,-106.22292652,2574.3408,96.80448,0.0,0.0,0.0
224.4,39.96006598,-106.22292657,2574.3408,96.89592,0.0,-0.089408,0.0
224.5,39.96006602,-106.2229266,2574.3408,96.80448,0.0,0.0,0.0
224.6,39.96006601,-106.22292658,2574.3408,96.80448,0.0,0.0,0.0
224.7,39.96006602,-106.22292656,2574.3408,96.80448,0.491744,0.0,0.0
224.8,39.96006601,-106.22292651,2574.3408,96.80448,0.0,0.0,0.0
224.9,39.96006599,-106.22292645,2574.3408,96.80448,0.491744,0.0,0.0
225.0,39.96006589,-106.22292641,2574.3408,96.80448,0.0,0.0,0.0
225.1,39.96006586,-106.22292632,2574.3408,96.80448,0.0,0.0,0.0
225.2,39.96006582,-106.22292616,2574.3408,96.89592,0.0,0.0,0.0
225.3,39.96006577,-106.22292601,2574.3408,96.80448,0.0,0.0,0.0
225.4,39.9600657,-106.22292576,2574.3408,96.89592,0.491744,0.0,90.0
225.5,39.96006565,-106.22292562,2574.3408,96.89592,0.0,0.0,0.0
225.6,39.96006558,-106.2229255,2574.3408,96.89592,0.0,0.0,0.0
225.7,39.96006552,-106.22292539,2574.3408,96.89592,0.0,0.0,0.0
225.8,39.96006537,-106.22292523,2574.3408,96.89592,0.0,0.0,0.0
225.9,39.96006534,-106.22292518,2574.3408,96.89592,0.0,0.0,0.0
226.0,39.96006532,-106.22292517,2574.3408,96.98736,0.0,0.0,0.0
226.1,39.9600653,-106.2229252,2574.3408,96.98736,0.0,0.0,0.0
226.2,39.96006529,-106.22292529,2574.3408,96.98736,0.0,0.0,0.0
226.3,39.96006528,-106.22292559,2574.3408,96.98736,0.0,0.0,0.0
226.4,39.96006527,-106.22292564,2574.3408,96.98736,0.0,0.0,0.0
226.5,39.96006526,-106.22292566,2574.6456000000003,97.10928,0.0,0.0,0.0
226.6,39.96006524,-106.22292564,2574.6456000000003,97.10928,0.0,0.0,0.0
226.7,39.96006516,-106.22292564,2574.6456000000003,97.10928,0.0,0.0,0.0
226.8,39.96006513,-106.22292557,2574.3408,96.98736,0.0,0.0,0.0
226.9,39.96006509,-106.22292549,2574.3408,96.98736,0.491744,0.0,0.0
227.0,39.96006503,-106.22292538,2574.3408,96.98736,0.0,0.0,0.0
227.1,39.96006486,-106.22292516,2574.3408,96.98736,0.0,0.0,0.0
227.2,39.9600648,-106.22292506,2574.3408,96.98736,0.0,0.0,0.0
227.3,39.96006476,-106.222925,2574.3408,96.98736,0.0,0.0,0.0
227.4,39.96006472,-106.22292502,2574.3408,96.98736,0.0,0.0,0.0
227.5,39.96006458,-106.2229252,2574.3408,96.98736,0.0,0.0,0.0
227.6,39.96006453,-106.22292529,2574.3408,96.98736,0.0,0.0,0.0
227.7,39.96006449,-106.22292539,2574.3408,96.98736,0.0,0.0,0.0
227.8,39.96006444,-106.22292549,2574.3408,96.98736,0.0,0.0,0.0
227.9,39.9600644,-106.22292559,2574.6456000000003,97.10928,0.0,0.0,0.0
228.0,39.96006441,-106.22292569,2574.6456000000003,97.10928,0.0,0.0,0.0
228.1,39.96006439,-106.22292578,2574.6456000000003,97.10928,0.0,0.0,0.0
228.2,39.96006436,-106.22292588,2574.6456000000003,97.10928,0.0,0.0,0.0
228.3,39.96006435,-106.22292593,2574.6456000000003,97.10928,0.0,0.0,0.0
228.4,39.9600643,-106.22292594,2574.6456000000003,97.10928,0.0,0.0,0.0
228.5,39.9600643,-106.22292594,2574.6456000000003,97.10928,0.0,0.0,0.0
228.7,39.96006437,-106.22292597,2574.6456000000003,97.10928,0.0,0.0,0.0
228.8,39.96006437,-106.22292594,2574.6456000000003,97.10928,0.0,0.0,0.0
228.9,39.96006436,-106.22292593,2574.3408,96.98736,0.0,0.0,0.0
229.0,39.96006439,-106.22292593,2574.6456000000003,97.10928,0.0,0.0,0.0
229.1,39.96006442,-106.22292594,2574.6456000000003,97.10928,0.0,0.0,0.0
229.2,39.96006448,-106.2229261,2574.6456000000003,97.10928,0.0,0.0,0.0
229.3,39.96006449,-106.22292622,2574.6456000000003,97.10928,0.0,0.0,0.0
229.4,39.96006449,-106.22292639,2574.3408,96.98736,0.0,0.0,270.0
229.5,39.96006446,-106.22292654,2574.3408,96.98736,0.0,0.0,0.0
229.6,39.96006438,-106.22292665,2574.6456000000003,97.10928,0.0,0.0,0.0
229.7,39.96006419,-106.22292681,2574.3408,96.98736,0.0,0.0,0.0
229.8,39.96006413,-106.22292693,2574.3408,96.98736,0.0,0.0,0.0
229.9,39.96006408,-106.22292703,2574.3408,96.98736,0.0,0.0,0.0
230.0,39.96006404,-106.22292711,2574.3408,96.98736,0.0,0.0,0.0
230.1,39.96006403,-106.22292719,2574.3408,96.98736,0.0,0.0,0.0
230.2,39.96006395,-106.22292717,2574.3408,96.98736,0.0,0.0,0.0
230.4,39.96006385,-106.22292697,2574.6456000000003,97.10928,0.0,0.0,90.0
230.5,39.96006381,-106.2229267,2574.3408,96.98736,0.0,0.0,90.0
230.6,39.96006382,-106.22292659,2574.6456000000003,97.10928,0.67056,0.0,90.0
230.7,39.96006384,-106.2229265,2574.3408,96.98736,0.0,0.0,0.0
230.8,39.96006386,-106.22292644,2574.3408,96.98736,0.0,0.0,0.0
230.9,39.96006387,-106.22292648,2574.3408,96.98736,0.0,0.0,0.0
231.0,39.96006389,-106.22292643,2574.3408,96.98736,0.0,0.0,0.0
231.1,39.9600639,-106.22292635,2574.3408,96.98736,0.0,0.0,0.0
231.2,39.96006394,-106.22292626,2574.3408,96.89592,0.491744,0.0,0.0
231.3,39.96006398,-106.2229262,2574.3408,96.89592,0.491744,0.0,0.0
231.4,39.96006399,-106.22292616,2574.3408,96.89592,0.0,0.0,0.0
231.5,39.96006401,-106.22292615,2574.3408,96.89592,0.0,0.0,0.0
231.6,39.96006405,-106.22292618,2574.3408,96.89592,0.0,0.0,0.0
231.7,39.96006408,-106.2229262,2574.3408,96.89592,0.0,0.0,0.0
231.8,39.96006418,-106.2229262,2574.3408,96.89592,0.0,0.0,0.0
231.9,39.96006418,-106.22292622,2574.3408,96.89592,0.0,0.0,0.0
232.0,39.96006413,-106.22292624,2574.3408,96.98736,0.0,0.0,0.0
232.1,39.96006409,-106.22292624,2574.3408,96.89592,0.0,0.0,0.0
232.2,39.96006403,-106.22292622,2574.3408,96.89592,0.0,0.0,0.0
232.3,39.96006398,-106.22292623,2574.3408,96.98736,0.0,0.0,0.0
232.4,39.96006389,-106.22292626,2574.3408,96.98736,0.0,0.0,0.0
232.5,39.96006382,-106.2229263,2574.3408,96.89592,0.491744,0.0,0.0
232.6,39.96006376,-106.22292633,2574.3408,96.89592,0.0,0.0,0.0
232.7,39.96006374,-106.22292635,2574.3408,96.89592,0.491744,0.0,0.0
232.8,39.9600637,-106.22292635,2574.3408,96.89592,0.0,0.0,0.0
232.9,39.96006367,-106.22292636,2574.3408,96.89592,0.0,0.0,0.0
233.0,39.96006364,-106.22292642,2574.3408,96.89592,0.0,0.0,0.0
233.1,39.9600636,-106.22292637,2574.3408,96.89592,0.0,0.0,0.0
233.2,39.96006357,-106.22292647,2574.3408,96.89592,0.0,0.0,0.0
233.3,39.96006355,-106.22292655,2574.3408,96.89592,0.0,0.0,0.0
233.4,39.96006351,-106.22292658,2574.3408,96.89592,0.0,0.0,0.0
233.5,39.96006346,-106.2229266,2574.3408,96.89592,0.0,0.0,0.0
233.6,39.96006344,-106.22292662,2574.3408,96.89592,0.0,0.0,0.0
233.7,39.96006344,-106.22292663,2574.3408,96.89592,0.0,0.0,0.0
233.8,39.96006347,-106.22292665,2574.3408,96.98736,0.0,0.0,0.0
233.9,39.96006349,-106.22292664,2574.3408,96.98736,0.0,0.0,0.0
234.0,39.9600635,-106.22292666,2574.3408,96.89592,0.67056,0.0,0.0
234.1,39.96006353,-106.2229267,2574.3408,96.98736,0.491744,0.0,0.0
234.2,39.9600636,-106.22292676,2574.3408,96.98736,0.491744,0.0,0.0
234.3,39.96006363,-106.2229269,2574.3408,96.98736,0.0,0.0,0.0
234.4,39.9600637,-106.22292696,2574.3408,96.89592,0.0,0.0,0.0
234.5,39.96006376,-106.222927,2574.3408,96.89592,0.0,0.0,0.0
234.6,39.96006381,-106.22292701,2574.3408,96.89592,0.0,0.0,0.0
234.7,39.96006384,-106.22292703,2574.3408,96.89592,0.0,0.0,0.0
234.8,39.96006372,-106.22292708,2574.3408,96.89592,0.0,0.0,0.0
234.9,39.96006373,-106.2229271,2574.3408,96.89592,0.0,0.0,0.0
235.0,39.96006375,-106.22292709,2574.3408,96.89592,0.0,0.0,0.0
235.1,39.96006375,-106.2229271,2574.3408,96.80448,0.0,0.0,0.0
235.2,39.96006369,-106.22292719,2574.3408,96.89592,0.0,0.0,0.0
235.3,39.96006369,-106.22292723,2574.3408,96.89592,0.0,0.0,0.0
235.4,39.96006371,-106.22292721,2574.3408,96.89592,0.0,0.0,0.0
235.5,39.96006372,-106.22292722,2574.3408,96.80448,0.0,0.0,0.0
235.6,39.96006375,-106.22292718,2574.3408,96.80448,0.0,0.0,0.0
235.7,39.96006376,-106.22292723,2574.3408,96.89592,0.491744,0.0,0.0
235.8,39.96006376,-106.22292729,2574.3408,96.80448,0.0,0.0,0.0
235.9,39.96006379,-106.22292734,2574.3408,96.80448,0.0,0.0,0.0
236.0,39.96006391,-106.22292748,2574.3408,96.89592,0.0,0.0,0.0
236.1,39.96006396,-106.22292751,2574.3408,96.89592,0.0,0.0,0.0
236.2,39.96006401,-106.22292755,2574.3408,96.80448,0.0,0.0,0.0
236.3,39.96006405,-106.22292756,2574.3408,96.80448,0.491744,0.0,0.0
236.4,39.96006407,-106.22292752,2574.3408,96.89592,0.0,-0.089408,0.0
236.5,39.96006415,-106.22292744,2574.3408,96.89592,0.0,0.0,0.0
236.6,39.96006422,-106.22292739,2574.3408,96.89592,0.491744,0.0,0.0
236.7,39.96006431,-106.22292733,2574.3408,96.89592,0.0,0.0,0.0
236.8,39.96006441,-106.2229273,2574.3408,96.89592,0.0,0.0,0.0
236.9,39.96006457,-106.22292731,2574.3408,96.80448,0.0,0.0,0.0
237.0,39.96006467,-106.22292728,2574.3408,96.89592,0.0,0.0,0.0
237.1,39.96006474,-106.22292725,2574.3408,96.89592,0.0,0.0,0.0
237.2,39.96006481,-106.22292722,2574.3408,96.80448,0.0,0.0,0.0
237.3,39.96006487,-106.22292723,2574.3408,96.80448,0.0,0.0,0.0
237.4,39.96006501,-106.22292711,2574.3408,96.89592,0.0,0.0,45.0
237.5,39.96006516,-106.22292693,2574.3408,96.80448,0.0,0.0,68.19859051364818
237.6,39.96006534,-106.22292667,2574.3408,96.89592,0.0,0.0,68.19859051364818
237.7,39.96006571,-106.22292646,2574.3408,96.80448,0.0,0.0,74.05460409907715
237.8,39.96006594,-106.22292615,2574.3408,96.89592,0.0,0.0,54.462322208025626
237.9,39.96006615,-106.22292584,2574.3408,96.89592,0.491744,0.0,68.19859051364818
238.0,39.96006637,-106.22292555,2574.3408,96.89592,0.491744,0.0,68.19859051364818
238.1,39.96006654,-106.22292533,2574.3408,96.89592,0.491744,0.0,68.19859051364818
238.2,39.96006664,-106.22292533,2574.3408,96.89592,0.0,0.0,45.0
238.3,39.96006675,-106.22292523,2574.3408,96.89592,0.0,0.0,45.0
238.4,39.96006683,-106.22292516,2574.3408,96.89592,0.0,0.0,0.0
238.5,39.96006688,-106.22292512,2574.3408,96.89592,0.0,0.0,0.0
238.6,39.96006683,-106.22292526,2574.3408,96.89592,0.491744,0.0,0.0
238.7,39.96006687,-106.22292529,2574.3408,96.89592,0.0,0.0,0.0
238.8,39.9600669,-106.22292533,2574.3408,96.89592,0.0,0.0,0.0
238.9,39.96006692,-106.22292542,2574.3408,96.89592,0.0,0.0,0.0
239.0,39.96006696,-106.22292564,2574.3408,96.89592,0.491744,0.0,0.0
239.1,39.96006697,-106.22292583,2574.3408,96.89592,0.0,0.0,270.0
239.2,39.96006697,-106.22292603,2574.3408,96.89592,0.0,0.0,270.0
239.3,39.96006698,-106.22292622,2574.3408,96.98736,0.0,0.0,270.0
239.4,39.96006701,-106.22292639,2574.3408,96.98736,0.0,0.0,270.0
239.5,39.96006701,-106.22292651,2574.3408,96.98736,0.0,0.0,0.0
239.6,39.96006702,-106.22292657,2574.3408,96.98736,0.0,0.0,0.0
239.7,39.96006702,-106.22292659,2574.3408,96.98736,0.0,0.0,0.0
239.8,39.96006704,-106.22292658,2574.3408,96.89592,0.0,0.0,0.0
239.9,39.96006716,-106.22292649,2574.3408,96.89592,0.0,0.0,0.0
240.0,39.96006723,-106.22292643,2574.3408,96.89592,0.0,0.0,0.0
240.1,39.9600673,-106.2229264,2574.3408,96.89592,0.0,0.0,0.0
240.2,39.96006736,-106.2229264,2574.3408,96.89592,0.0,0.0,0.0
240.3,39.96006753,-106.22292625,2574.3408,96.89592,0.0,0.0,270.0
240.4,39.96006749,-106.22292631,2574.3408,96.89592,0.0,0.0,270.0
240.5,39.96006746,-106.22292637,2574.3408,96.89592,0.0,0.0,0.0
240.6,39.96006745,-106.22292642,2574.3408,96.80448,0.0,0.0,0.0
240.7,39.96006737,-106.22292649,2574.3408,96.80448,0.0,0.0,0.0
240.8,39.96006737,-106.22292648,2574.3408,96.80448,0.0,0.0,0.0
240.9,39.96006736,-106.22292645,2574.3408,96.80448,0.0,0.0,0.0
241.0,39.96006735,-106.22292637,2574.3408,96.80448,0.0,0.0,0.0
241.1,39.96006748,-106.22292623,2574.3408,96.80448,0.0,0.0,0.0
241.2,39.96006749,-106.22292616,2574.3408,96.80448,0.0,0.0,0.0
241.3,39.96006748,-106.22292609,2574.3408,96.80448,0.491744,0.0,0.0
241.4,39.96006744,-106.22292601,2574.3408,96.80448,0.0,0.0,0.0
241.5,39.96006744,-106.22292593,2574.3408,96.80448,0.491744,0.0,0.0
241.6,39.96006753,-106.22292578,2574.036,96.71304,0.0,0.0,0.0
241.7,39.96006758,-106.22292561,2574.036,96.71304,0.491744,0.0,90.0
241.8,39.9600676,-106.2229254,2574.3408,96.80448,0.0,-0.089408,90.0
241.9,39.96006762,-106.22292517,2574.3408,96.80448,0.491744,-0.089408,90.0
242.0,39.96006768,-106.22292493,2574.3408,96.80448,0.0,-0.089408,90.0
242.1,39.96006771,-106.22292469,2574.3408,96.80448,0.491744,0.0,90.0
242.2,39.96006777,-106.2229244,2574.3408,96.80448,0.491744,-0.089408,90.0
242.3,39.96006782,-106.22292413,2574.3408,96.80448,0.0,0.0,90.0
242.4,39.96006791,-106.22292365,2574.3408,96.80448,0.491744,0.0,90.0
242.5,39.96006791,-106.22292344,2574.3408,96.80448,0.491744,0.0,90.0
242.6,39.96006788,-106.22292331,2574.3408,96.80448,0.0,0.0,90.0
242.7,39.96006783,-106.22292322,2574.3408,96.89592,0.0,-0.089408,0.0
242.8,39.96006772,-106.2229231,2574.3408,96.89592,0.0,0.0,180.0
242.9,39.96006761,-106.22292305,2574.3408,96.89592,0.0,0.0,180.0
243.0,39.96006747,-106.22292302,2574.3408,96.89592,0.0,0.0,180.0
243.1,39.96006731,-106.22292299,2574.3408,96.98736,0.0,0.0,180.0
243.2,39.96006709,-106.22292295,2574.3408,96.89592,0.0,0.0,135.0
243.3,39.96006679,-106.22292296,2574.3408,96.89592,0.0,0.0,135.0
243.4,39.96006664,-106.22292285,2574.3408,96.89592,0.0,0.0,135.0
243.5,39.96006652,-106.22292275,2574.3408,96.89592,0.0,0.0,180.0
243.6,39.96006642,-106.22292262,2574.3408,96.98736,0.0,0.0,0.0
243.7,39.96006631,-106.22292226,2574.3408,96.98736,0.0,0.0,0.0
243.8,39.96006625,-106.22292209,2574.3408,96.98736,0.0,0.0,90.0
243.9,39.96006623,-106.2229218,2574.3408,96.98736,0.0,0.0,90.0
244.0,39.96006628,-106.22292129,2574.3408,96.98736,0.491744,0.0,90.0
244.1,39.96006645,-106.22292045,2574.3408,96.98736,0.491744,0.0,84.28940686250036
244.2,39.96006658,-106.2229191,2574.3408,96.98736,0.938784,0.0,80.21759296819272
244.3,39.96006677,-106.2229174,2574.3408,96.98736,1.34112,0.0,82.09283729704157
244.4,39.96006703,-106.22291515,2574.3408,96.98736,1.654048,0.0,81.15818543980834
244.5,39.96006743,-106.22291214,2574.3408,96.98736,2.2352,0.0,82.1847064532331
244.6,39.96006779,-106.22290905,2574.3408,96.98736,2.68224,0.0,81.46923439005184
244.7,39.96006817,-106.22290567,2574.3408,96.98736,2.771648,0.0,82.56859202882748
244.8,39.96006863,-106.22290164,2574.3408,96.98736,3.218688,0.0,81.7643806757905
244.9,39.96006913,-106.22289742,2574.3408,96.98736,3.531616,0.0,82.62623363866976
245.0,39.96007015,-106.22289223,2574.3408,96.98736,4.068064,0.0,81.95710576649469
245.1,39.96007079,-106.22288732,2574.6456000000003,97.10928,4.380992,0.0,80.7273982227997
245.2,39.9600715,-106.22288189,2574.3408,96.98736,4.4704,0.0,81.33586456689193
245.3,39.96007223,-106.22287633,2574.3408,96.98736,4.738624,0.0,81.0273733851036
245.4,39.96007328,-106.22287015,2574.3408,96.98736,5.096256,0.0,81.39861514128512
245.5,39.96007411,-106.22286382,2574.3408,96.98736,5.409184,0.0,81.8057366653698
245.6,39.96007504,-106.22285682,2574.3408,96.98736,5.766816,0.0,81.51105611949527
245.7,39.96007598,-106.22284973,2574.3408,96.98736,6.079744,0.0,81.13173716679239
245.8,39.96007727,-106.22284204,2574.3408,96.98736,6.437376,0.0,81.54497232282256
245.9,39.96007836,-106.22283381,2574.3408,96.98736,6.92912,0.0,80.77917595936208
246.0,39.96007947,-106.22282527,2574.3408,96.89592,7.242048,0.089408,81.17362904577209
246.1,39.96008052,-106.2228169,2574.3408,96.89592,7.286752,0.0,81.53595433603732
246.2,39.96008166,-106.22280837,2574.3408,96.89592,7.286752,0.0,81.86989764584405
246.3,39.9600827,-106.22279943,2574.3408,96.89592,7.554975999999999,0.0,81.5156778650296
246.4,39.96008383,-106.22278962,2574.3408,96.89592,8.091424,0.0,81.82723512244547
246.5,39.96008493,-106.22277993,2574.3408,96.89592,8.404352,0.0,82.11686068327026
246.6,39.96008611,-106.22276933,2574.3408,96.80448,8.761984,0.0,82.27338238090277
246.7,39.9600873,-106.22275906,2574.3408,96.80448,8.985504,0.0,81.98674815585844
246.8,39.96008852,-106.22274805,2574.3408,96.80448,9.16432,0.0,82.13745437784496
246.9,39.96008972,-106.22273726,2574.3408,96.80448,9.38784,0.0,82.38806240328506
247.0,39.96009104,-106.22272555,2574.3408,96.80448,9.700768,0.0,82.5575587573457
247.1,39.96009235,-106.22271449,2574.036,96.71304,9.83488,0.0,82.18958559649928
247.2,39.96009367,-106.22270212,2574.036,96.71304,10.103104,0.0,81.6978387651161
247.3,39.960095,-106.22269009,2574.036,96.71304,10.50544,0.0,81.83605489755706
247.4,39.96009656,-106.22267719,2574.036,96.71304,10.72896,0.0,81.53871185742867
247.5,39.96009831,-106.22266456,2574.036,96.71304,11.041888,0.0,81.74056202012116
247.6,39.96009989,-106.22265115,2574.036,96.71304,11.265408,0.0,81.90160532357731
247.7,39.96010143,-106.22263816,2574.036,96.71304,11.354816,0.0,81.58919111897728
247.8,39.96010308,-106.22262425,2574.036,96.71304,11.578335999999998,0.0,81.74747095286392
247.9,39.96010476,-106.22261089,2574.036,96.71304,11.757152,0.0,81.44816976617994
248.0,39.96010645,-106.22259652,2574.036,96.71304,11.980672,-0.089408,81.603682723362
248.1,39.96010812,-106.22258248,2574.036,96.71304,12.248895999999998,-0.089408,81.11298524445726
248.2,39.96010996,-106.22256728,2574.036,96.71304,12.606528,-0.089408,81.26921502626323
248.3,39.96011174,-106.22255254,2574.036,96.59112,12.919455999999998,-0.089408,80.9334972601838
248.4,39.9601137,-106.22253574,2574.036,96.59112,13.590016,-0.089408,81.05823840968833
248.5,39.96011552,-106.22252085,2574.036,96.59112,13.679424,-0.089408,80.82527270824949
248.6,39.96011745,-106.22250542,2574.036,96.71304,13.098272,-0.089408,80.88684442492456
248.7,39.96011931,-106.22249053,2574.036,96.59112,13.098272,-0.089408,81.03724686071035
248.9,39.96012306,-106.22246048,2574.036,96.59112,12.919455999999998,-0.089408,80.84357867351594
249.0,39.96012514,-106.22244493,2574.036,96.59112,13.142976,-0.089408,80.56794497326518
249.1,39.96012716,-106.22242976,2574.036,96.59112,13.277088,-0.089408,80.62790729142091
249.2,39.96012939,-106.22241363,2574.036,96.59112,13.545312,0.0,80.68711871421561
249.3,39.96013148,-106.22239765,2574.036,96.59112,13.902944,-0.089408,80.74559313470411
249.4,39.96013364,-106.22238096,2574.036,96.59112,14.126464,-0.089408,80.27242144859838
249.5,39.96013578,-106.22236479,2574.036,96.59112,14.215872,-0.089408,80.01257842498649
249.6,39.96013812,-106.22234666,2574.036,96.59112,14.841728000000002,-0.089408,80.0737544933483
249.7,39.96014046,-106.22233013,2574.036,96.71304,14.97584,-0.089408,79.78913230892209
249.8,39.96014297,-106.22231305,2574.036,96.71304,14.573504,-0.089408,79.44481856705119
249.9,39.96014542,-106.22229656,2574.036,96.59112,14.573504,-0.089408,78.9964591482505
250.0,39.96014805,-106.22227876,2574.036,96.59112,14.886432,-0.089408,78.9964591482505
250.1,39.96015067,-106.22226167,2574.036,96.59112,15.154656,-0.089408,78.75747429430811
250.2,39.96015331,-106.22224436,2574.036,96.71304,14.931136,-0.089408,78.8240924967642
250.3,39.96015591,-106.22222748,2574.036,96.71304,14.841728000000002,-0.089408,78.8240924967642
250.4,39.96015877,-106.22220905,2574.036,96.71304,15.333472,-0.089408,78.8240924967642
250.5,39.96016152,-106.22219127,2574.036,96.71304,15.735808,-0.089408,78.88993571356923
250.6,39.96016402,-106.222175,2574.036,96.71304,14.797024,-0.089408,78.88993571356923
250.7,39.96016654,-106.22215863,2574.036,96.71304,14.215872,-0.089408,78.88993571356923
250.8,39.96016938,-106.22214019,2574.3408,96.80448,15.109951999999998,-0.089408,78.95501721899768
250.9,39.96017159,-106.22212484,2574.036,96.71304,14.662912,0.0,78.95501721899768
251.0,39.96017429,-106.2221066,2574.3408,96.80448,14.573504,0.22352,78.88993571356923
251.1,39.96017682,-106.22208945,2574.036,96.71304,15.333472,0.402336,78.88993571356923
251.2,39.9601794,-106.2220719,2574.036,96.59112,15.065248,0.804672,78.88993571356923
251.3,39.96018165,-106.22205403,2574.036,96.49968,15.333472,1.1176,78.88993571356923
251.4,39.96018433,-106.22203587,2573.7312,96.40824,15.601696,1.385824,79.22365656519389
251.5,39.96018691,-106.22201847,2573.7312,96.19488,15.42288,1.609344,78.88993571356923
251.6,39.96018964,-106.22200014,2573.4264000000003,96.012,15.512288000000002,1.922272,79.22365656519389
251.7,39.96019221,-106.22198289,2573.1216,95.79864,15.467584,2.190496,79.15969454566942
251.8,39.96019484,-106.22196464,2572.8168,95.49384,15.378176,2.279904,78.88993571356923
251.9,39.96019734,-106.22194806,2572.512,95.18904,15.109951999999998,2.414016,78.88993571356923
252.0,39.96019979,-106.22193182,2572.512,95.00616,14.260576,2.592832,78.88993571356923
252.1,39.96020222,-106.22191572,2572.2072000000003,94.70136,14.037056,2.68224,78.55697652374579
252.2,39.9602048,-106.22189786,2571.9024,94.488,14.707616,2.68224,78.55697652374579
252.3,39.96020754,-106.22188048,2571.5976,94.09176,15.288768,2.816352,78.22479880121193
252.4,39.96021045,-106.22186274,2571.2928,93.78696,15.288768,2.90576,78.22479880121193
252.5,39.96021333,-106.22184566,2570.9880000000003,93.51264,15.19936,2.90576,77.79953127261922
252.6,39.96021665,-106.22182687,2570.6832,93.20784,15.691104,2.90576,77.25471052686714
252.7,39.96021972,-106.22180947,2570.3784,92.90304,15.825216,2.90576,77.25471052686714
252.8,39.96022282,-106.22179218,2570.0736,92.59824,15.19936,2.90576,76.9306821037178
252.9,39.96022607,-106.22177416,2569.7688000000003,92.29344,15.467584,2.90576,76.9306821037178
253.0,39.96022917,-106.2217573,2569.464,92.11056,15.288768,2.90576,77.25471052686714
253.1,39.96023219,-106.2217405,2569.1592,91.71432,14.75232,2.995168,76.9306821037178
253.2,39.96023539,-106.22172264,2568.8544,91.50096,15.154656,2.90576,76.9306821037178
253.3,39.9602385,-106.2217054,2568.5496000000003,91.19616,15.378176,2.90576,77.00538320808352
253.4,39.96024185,-106.2216869,2568.2448,90.89136,15.6464,2.90576,77.00538320808352
253.5,39.96024505,-106.22166877,2567.94,90.49512,16.048735999999998,2.995168,77.00538320808352
253.6,39.96024835,-106.22165053,2567.6352,90.19032,15.914624,2.995168,77.00538320808352
253.7,39.96025147,-106.22163323,2567.3304000000003,89.88552,15.556992,2.995168,77.00538320808352
253.8,39.96025473,-106.22161511,2567.0256,89.48928000000001,15.512288000000002,2.995168,77.00538320808352
253.9,39.96025774,-106.2215981,2566.7208,89.21496,15.378176,2.995168,77.32768406367643
254.0,39.96026082,-106.22158054,2566.416,88.91016,15.109951999999998,2.90576,77.32768406367643
254.1,39.96026377,-106.22156356,2566.1112000000003,88.60536,15.109951999999998,2.90576,77.32768406367643
254.2,39.96026694,-106.22154517,2565.8064,88.30056,15.467584,2.90576,77.65080229659554
254.3,39.96026977,-106.22152798,2565.5016,87.99576,15.512288000000002,2.90576,77.65080229659554
254.4,39.96027289,-106.22150968,2565.1968,87.69096,15.467584,2.90576,77.32768406367643
254.5,39.9602759,-106.22149227,2564.5872,87.29472,15.601696,2.90576,77.32768406367643
254.6,39.96027911,-106.221474,2564.2824,86.98992,15.601696,2.90576,77.07924966416846
254.7,39.9602821,-106.22145726,2563.9776,86.68512,15.288768,2.90576,77.07924966416846
254.8,39.96028557,-106.221438,2563.6728000000003,86.41080000000001,15.780511999999998,2.90576,77.07924966416846
254.9,39.96028874,-106.22142054,2563.368,86.10600000000001,16.09344,2.90576,77.07924966416846
255.0,39.96029209,-106.2214022,2563.0632,85.80120000000001,15.691104,2.90576,77.07924966416846
255.1,39.96029529,-106.22138474,2562.7584,85.40496,15.691104,2.90576,76.59990837226911
255.2,39.96029876,-106.22136634,2562.4536000000003,85.10016,15.735808,2.995168,76.28140139699155
255.3,39.96030203,-106.22134885,2562.1488,84.79536,15.735808,2.995168,76.28140139699155
255.4,39.96030556,-106.22133048,2561.844,84.49056,15.735808,2.90576,76.04262197368121
255.5,39.96030888,-106.2213133,2561.5392,84.09432,15.6464,2.995168,76.04262197368121
255.6,39.96031218,-106.22129726,2561.2344000000003,83.78952,14.618208,2.90576,76.04262197368121
255.7,39.9603154,-106.22128049,2560.9296,83.51520000000001,14.439391999999998,2.90576,76.04262197368121
255.8,39.96031883,-106.22126238,2560.6248,83.2104,15.288768,2.995168,76.04262197368121
255.9,39.96032216,-106.22124467,2560.32,82.9056,15.735808,2.995168,76.04262197368121
256.0,39.96032606,-106.22122341,2560.0152000000003,82.50936,17.076928000000002,2.995168,76.47286489207698
256.1,39.96032945,-106.2212051,2559.7104,82.20456,17.345152,2.90576,76.47286489207698
256.2,39.96033291,-106.2211862,2559.4056,81.89976,16.316959999999998,2.90576,76.78725312166478
256.3,39.96033613,-106.22116834,2559.1008,81.59496,16.09344,2.995168,76.78725312166478
256.4,39.96033935,-106.22114965,2558.7960000000003,81.41208000000002,16.004032,2.90576,76.78725312166478
256.5,39.96034249,-106.2211321,2558.4912,81.10728000000002,15.825216,2.90576,76.78725312166478
256.6,39.9603458,-106.22111373,2558.1864,80.80248000000002,15.735808,2.90576,76.6754687381092
256.7,39.96034895,-106.22109626,2557.8816,80.40624000000001,15.691104,2.995168,76.6754687381092
256.8,39.96035227,-106.22107789,2557.5768000000003,80.19288000000002,15.691104,2.90576,76.6754687381092
256.9,39.96035534,-106.22106097,2557.272,79.88808000000002,15.467584,2.90576,76.6754687381092
257.0,39.96035869,-106.22104262,2556.9672,79.49184000000001,15.467584,2.90576,76.6754687381092
257.1,39.96036187,-106.22102493,2556.6624,79.30896,15.780511999999998,2.90576,76.6754687381092
257.2,39.96036521,-106.22100605,2556.3576000000003,79.00416,16.004032,2.90576,76.6754687381092
257.3,39.96036847,-106.22098774,2556.0528,78.60792,16.272256,2.995168,76.6754687381092
257.4,39.96037174,-106.22096964,2555.748,78.30311999999999,15.959328,2.995168,76.6754687381092
257.5,39.9603747,-106.2209533,2555.4432,77.99832,15.065248,2.90576,76.6754687381092
257.6,39.96037816,-106.22093412,2555.1384000000003,77.69352,15.556992,2.90576,77.15229514128237
257.7,39.96038115,-106.22091758,2554.8336,77.38872,15.6464,2.90576,77.15229514128237
257.8,39.96038439,-106.22089922,2554.5288,77.1144,15.288768,2.995168,77.07924966416846
257.9,39.96038748,-106.22088176,2554.224,76.68768,15.691104,2.995168,77.07924966416846
258.0,39.96039076,-106.22086347,2553.9192000000003,76.41336,15.6464,2.90576,77.07924966416846
258.1,39.9603939,-106.22084596,2553.6144,76.2,15.691104,2.90576,76.9306821037178
258.2,39.96039712,-106.22082793,2553.3096,75.8952,15.556992,2.90576,77.14368743247138
258.3,39.96040017,-106.22081092,2553.0048,75.5904,15.333472,2.90576,77.0686095998912
258.4,39.96040334,-106.22079318,2552.7000000000003,75.2856,15.19936,2.90576,76.99266494424955
258.5,39.96040633,-106.22077641,2552.3952,75.01128,15.109951999999998,2.995168,77.24875751246248
258.6,39.96040945,-106.22075899,2552.0904,74.61504000000001,14.97584,2.995168,76.7989128242944
258.7,39.96041241,-106.2207424,2551.7856,74.31024000000001,14.886432,2.995168,77.13460215794981
258.8,39.96041552,-106.22072499,2551.4808000000003,74.00544000000001,14.886432,2.995168,77.13460215794981
258.9,39.96041842,-106.22070859,2551.176,73.70064,14.797024,2.995168,77.13460215794981
259.0,39.96042119,-106.22069223,2550.8712,73.39584,14.30528,2.90576,77.13460215794981
259.1,39.96042403,-106.22067611,2550.5664,73.21296,14.171168,2.90576,76.7989128242944
259.2,39.96042707,-106.22065924,2550.2616000000003,72.90816,14.439391999999998,2.90576,77.13460215794981
259.3,39.96043002,-106.2206429,2549.9568,72.51192,14.5288,2.995168,77.13460215794981
259.4,39.96043339,-106.22062464,2549.652,72.20712,15.154656,2.995168,76.91583863785479
259.5,39.96043644,-106.22060768,2549.3472,71.90232,15.42288,2.995168,77.24875751246248
259.6,39.96043959,-106.22058995,2549.0424000000003,71.59752,15.154656,2.995168,76.91583863785479
259.7,39.96044262,-106.2205729,2548.7376,71.29272,15.19936,2.90576,76.91583863785479
259.8,39.96044602,-106.22055342,2548.4328,70.98792,15.959328,2.90576,77.24875751246248
259.9,39.96044906,-106.22053624,2548.128,70.80504,16.004032,2.90576,77.24875751246248
260.0,39.96045223,-106.2205184,2547.8232000000003,70.50024,15.333472,2.90576,77.24875751246248
260.1,39.96045522,-106.22050165,2547.5184,70.104,15.109951999999998,2.995168,76.91583863785479
260.2,39.96045831,-106.22048449,2547.2136,69.7992,14.841728000000002,2.995168,76.91583863785479
260.3,39.96046112,-106.22046905,2546.9088,69.58584,14.260576,2.995168,76.91583863785479
260.4,39.96046431,-106.22045157,2546.6040000000003,69.1896,14.439391999999998,2.995168,76.99266494424955
260.5,39.96046738,-106.22043471,2546.2992,68.8848,15.020544,2.90576,76.99266494424955
260.6,39.96047065,-106.22041663,2545.9944,68.61048,15.288768,2.90576,77.0686095998912
260.7,39.96047384,-106.2203991,2545.6896,68.30568,15.601696,2.90576,76.74018532901312
260.8,39.96047701,-106.22038161,2545.3848000000003,68.00088,15.333472,2.90576,77.0686095998912
260.9,39.96048004,-106.22036491,2545.08,67.69608,14.97584,2.995168,77.0686095998912
261.0,39.96048328,-106.22034719,2544.7752,67.39128,15.065248,2.90576,76.81703484145919
261.1,39.96048634,-106.2203307,2544.4704,67.08648,14.97584,2.90576,76.81703484145919
261.2,39.96048969,-106.22031238,2544.1656000000003,66.9036,15.244064,2.90576,76.81703484145919
261.3,39.96049288,-106.220295,2543.8608,66.5988,15.6464,2.90576,76.81703484145919
261.4,39.96049621,-106.22027691,2543.556,66.294,15.556992,2.90576,76.3286928678042
261.5,39.9604996,-106.22025915,2543.556,65.9892,15.735808,2.90576,76.3286928678042
261.6,39.96050298,-106.22024122,2542.9464000000003,65.59296,15.6464,2.90576,76.3286928678042
261.7,39.96050619,-106.22022416,2542.6416,65.28816,15.378176,2.995168,76.3286928678042
261.8,39.96050956,-106.22020623,2542.3368,65.01384,15.333472,2.90576,76.44623590226837
261.9,39.96051276,-106.22018931,2542.3368,64.80048000000001,15.288768,2.90576,76.44623590226837
262.0,39.96051592,-106.22017272,2541.7272000000003,64.40424,14.707616,2.90576,76.44623590226837
262.1,39.96051908,-106.22015611,2541.7272000000003,64.19088,14.573504,2.90576,76.44623590226837
262.2,39.96052241,-106.22013869,2541.1176,63.79464000000001,14.931136,2.995168,76.12436095940598
262.3,39.96052563,-106.22012189,2540.8128,63.48984000000001,15.020544,2.995168,76.00424824230276
262.4,39.96052913,-106.22010344,2540.5080000000003,63.18504000000001,15.467584,2.995168,76.00424824230276
262.5,39.96053247,-106.22008596,2540.2032,62.910720000000005,15.780511999999998,2.995168,76.00424824230276
262.6,39.96053605,-106.22006748,2539.8984,62.605920000000005,15.780511999999998,2.995168,75.92303459187053
262.7,39.96053942,-106.22005005,2539.5936,62.20968,15.780511999999998,2.995168,75.92303459187053
262.8,39.96054308,-106.22003097,2539.2888000000003,61.90488,16.048735999999998,2.995168,75.92303459187053
262.9,39.96054637,-106.22001389,2538.984,61.60008,15.86992,2.995168,75.92303459187053
263.0,39.96054982,-106.21999605,2538.6792,61.29528,15.333472,2.995168,75.92303459187053
263.2,39.96055638,-106.21996176,2538.0696000000003,60.68568,15.288768,2.995168,75.92303459187053
263.3,39.96055967,-106.21994482,2537.7648,60.41136,15.020544,2.995168,75.92303459187053
263.4,39.96056318,-106.21992702,2537.46,60.10656,15.288768,2.995168,75.92303459187053
263.5,39.96056653,-106.21991006,2537.1552,59.80176,15.288768,2.90576,75.92303459187053
263.7,39.96057348,-106.21987537,2536.5456,59.19216,15.154656,2.995168,75.92303459187053
263.8,39.96057695,-106.21985752,2536.2408,58.88736,15.42288,2.995168,75.92303459187053
263.9,39.96058028,-106.21984034,2535.936,58.613040000000005,15.378176,2.995168,75.92303459187053
264.0,39.96058378,-106.21982205,2535.6312000000003,58.18632,15.601696,2.995168,76.24921356989068
264.1,39.96058714,-106.21980429,2535.3264,58.003440000000005,15.825216,2.90576,76.24921356989068
264.2,39.96059042,-106.21978677,2535.0216,57.698640000000005,15.467584,2.90576,76.24921356989068
264.3,39.96059355,-106.21977007,2534.7168,57.39384,15.020544,2.90576,76.24921356989068
264.4,39.96059686,-106.2197524,2534.4120000000003,57.08904,15.065248,2.90576,76.24921356989068
264.5,39.9605997,-106.21973643,2534.1072,56.81472,14.75232,2.995168,76.24921356989068
264.6,39.96060308,-106.21971865,2533.8024,56.50992,14.797024,2.90576,76.24921356989068
264.7,39.96060632,-106.21970169,2533.4976,56.11368,15.244064,2.995168,76.24921356989068
264.8,39.96060974,-106.21968382,2533.1928000000003,55.90032000000001,15.288768,2.90576,76.24921356989068
264.9,39.96061316,-106.21966666,2532.888,55.59552000000001,15.42288,2.816352,76.16882287016614
265.0,39.96061654,-106.2196491,2532.5832,55.29072000000001,15.288768,2.816352,75.88005201965393
265.1,39.96061975,-106.21963272,2532.2784,54.89448,14.931136,2.816352,75.57922687248902
265.2,39.96062307,-106.21961589,2531.9736000000003,54.7116,14.618208,2.816352,75.74440163321464
265.3,39.96062609,-106.21960047,2531.6688,54.4068,14.171168,2.816352,76.05427111635277
265.4,39.96062881,-106.21958599,2531.364,54.102,13.142976,2.90576,76.57177055177726
265.5,39.96063149,-106.21957179,2531.0592,53.7972,12.561824,2.90576,76.40260923973352
265.6,39.96063415,-106.21955722,2530.7544000000003,53.4924,12.606528,2.90576,76.26824850788898
265.7,39.96063661,-106.21954368,2530.7544000000003,53.1876,12.338304,2.90576,76.8589302422846
265.8,39.96063915,-106.21952936,2530.4496,52.91328,12.204192,2.90576,77.27564431457762
265.9,39.96064138,-106.21951661,2530.1448,52.60848,11.84656,2.90576,77.85572195043301
266.0,39.96064351,-106.21950392,2529.84,52.395120000000006,11.131296,2.90576,78.25196050326036
266.1,39.96064537,-106.21949244,2529.5352000000003,52.090320000000006,10.550144,2.90576,78.17851165939277
266.2,39.96064691,-106.21948134,2529.2304,51.785520000000005,9.790176,2.90576,79.01134890350602
266.3,39.96064845,-106.21947105,2528.9256,51.60264000000001,9.298432,2.90576,79.08211463956854
266.4,39.96064997,-106.21946081,2528.6208,51.29784000000001,8.9408,2.90576,79.04593735660166
266.5,39.96065132,-106.21945145,2528.3160000000003,50.99304000000001,8.538464000000001,2.90576,80.06590252964344
266.6,39.96065259,-106.21944196,2528.0112,50.68824000000001,8.180832,2.90576,80.09050030012361
266.7,39.96065373,-106.21943352,2527.7064,50.413920000000005,7.733792,2.90576,80.24203655865222
266.8,39.96065478,-106.21942529,2527.4016,50.10912,7.197344,2.90576,81.37264685593476
266.9,39.96065566,-106.21941813,2527.0968000000003,49.80432,6.660896,2.90576,81.51105611949527
267.0,39.96065647,-106.21941138,2527.0968000000003,49.59096,5.990336,2.995168,81.8057366653698
267.1,39.96065694,-106.21940611,2526.792,49.28616,5.14096,2.90576,82.14668669802177
267.2,39.96065749,-106.21940023,2526.4872,49.10328,4.783328,2.90576,82.94215335011893
267.3,39.96065796,-106.219395,2526.1824,48.707040000000006,4.738624,2.995168,83.46336635120292
267.4,39.96065841,-106.21938984,2525.8776000000003,48.402240000000006,4.4704,2.995168,84.0938588862295
267.5,39.96065872,-106.21938526,2525.5728,48.18888,4.202176,2.995168,84.7376046004049
267.6,39.96065894,-106.21938136,2525.268,47.91456,3.621024,2.995168,85.73210669970922
267.7,39.96065909,-106.2193781,2524.9632,47.487840000000006,3.084576,2.995168,88.02506598911805
267.8,39.9606592,-106.21937526,2524.6584000000003,47.30496,2.592832,2.995168,90.0
267.9,39.96065926,-106.21937278,2524.3536,46.90872,2.2352,2.995168,90.0
268.0,39.96065927,-106.21937084,2524.0488,46.60392,1.966976,2.995168,90.0
268.1,39.96065923,-106.21936949,2523.744,46.29912,1.34112,2.995168,90.0
268.2,39.96065916,-106.21936858,2523.4392000000003,45.99432,0.938784,2.995168,90.0
268.3,39.9606592,-106.21936801,2523.1344,45.68952,0.67056,2.995168,90.0
268.4,39.96065917,-106.21936782,2522.8296,45.415200000000006,0.0,2.995168,0.0
268.5,39.96065916,-106.21936788,2522.5248,45.110400000000006,0.0,2.995168,270.0
268.6,39.96065919,-106.21936814,2522.2200000000003,44.805600000000005,0.0,2.995168,270.0
268.7,39.96065924,-106.21936848,2521.9152,44.500800000000005,0.0,2.995168,270.0
268.8,39.9606594,-106.21936851,2521.6104,44.196000000000005,0.0,2.995168,270.0
268.9,39.96065944,-106.21936887,2521.3056,43.891200000000005,0.0,2.90576,270.0
269.0,39.96065949,-106.21936921,2521.0008000000003,43.70832,0.0,2.90576,270.0
269.1,39.96065952,-106.2193695,2520.696,43.31208,0.67056,2.995168,270.0
269.2,39.96065945,-106.21936914,2520.3912,43.00728,0.0,2.995168,270.0
269.3,39.96065945,-106.2193693,2520.0864,42.79392000000001,0.0,2.90576,270.0
269.4,39.9606595,-106.21936941,2519.7816000000003,42.48912000000001,0.491744,2.816352,270.0
269.5,39.96065955,-106.21936949,2519.4768,42.2148,0.0,2.503424,0.0
269.6,39.96065971,-106.21936911,2519.4768,42.00144,0.491744,2.101088,90.0
269.7,39.96065971,-106.21936873,2519.172,41.78808,0.0,1.6987519999999998,90.0
269.8,39.96065972,-106.21936784,2518.8672,41.6052,0.491744,1.296416,90.0
269.9,39.96065977,-106.21936644,2518.8672,41.51376,0.938784,0.89408,90.0
270.0,39.96065994,-106.21936411,2518.8672,41.51376,1.519936,0.581152,87.45519562018688
270.1,39.9606601,-106.21936154,2518.8672,41.39184000000001,2.01168,0.312928,84.89783474764181
270.2,39.96066035,-106.21935819,2518.8672,41.39184000000001,2.503424,0.089408,84.0355128987469
270.3,39.96066066,-106.21935451,2518.8672,41.39184000000001,2.995168,0.089408,84.7376046004049
270.4,39.96066109,-106.21935013,2518.8672,41.39184000000001,3.442208,0.0,83.8113840367584
270.5,39.96066184,-106.21934505,2518.8672,41.39184000000001,4.068064,0.0,83.03174325862147
270.6,39.96066248,-106.21933984,2518.8672,41.39184000000001,4.380992,0.0,83.59564727361584
270.7,39.96066309,-106.21933445,2518.8672,41.39184000000001,4.559807999999999,0.0,84.01940047523658
270.8,39.96066368,-106.21932832,2518.8672,41.39184000000001,4.91744,0.0,83.37922391768501
270.9,39.96066435,-106.21932194,2518.8672,41.39184000000001,5.36448,0.0,83.86777750232068
271.0,39.96066499,-106.21931531,2518.8672,41.39184000000001,5.588,0.0,84.2007823709016
271.1,39.96066561,-106.21930857,2518.8672,41.39184000000001,5.722112,0.0,84.5794047162376
271.2,39.96066632,-106.21930091,2518.8672,41.51376,6.169152,0.0,84.80557109226521
271.3,39.96066704,-106.21929363,2518.8672,41.39184000000001,6.392672,0.0,83.70318128101559
271.4,39.96066773,-106.21928571,2518.8672,41.51376,6.526784,0.0,83.70318128101559
271.5,39.96066843,-106.21927841,2518.8672,41.51376,6.526784,-0.089408,82.62146415732616
271.6,39.96066917,-106.2192715,2518.8672,41.6052,6.124447999999999,-0.089408,81.99527114270711
271.7,39.96066993,-106.21926514,2518.8672,41.51376,5.677408,0.0,82.34229030628615
271.8,39.96067062,-106.21925878,2518.8672,41.6052,5.498592,0.0,82.94215335011893
271.9,39.96067118,-106.21925333,2518.8672,41.6052,5.051552,0.0,83.46336635120292
272.0,39.96067162,-106.21924839,2519.172,41.69664,4.4704,0.0,84.0938588862295
272.1,39.96067194,-106.2192442,2518.8672,41.6052,3.933952,0.089408,84.87180895814714
272.2,39.96067197,-106.21924224,2518.8672,41.6052,2.68224,0.089408,85.85537625889572
272.3,39.96067206,-106.21923911,2518.8672,41.6052,2.190496,0.089408,90.0
272.4,39.96067207,-106.21923616,2518.8672,41.6052,2.592832,0.089408,90.0
272.5,39.960672,-106.21923375,2518.8672,41.6052,2.324608,0.089408,92.54480437981312
272.6,39.96067181,-106.21923217,2518.8672,41.51376,1.6987519999999998,0.089408,97.90716270295844
272.7,39.96067163,-106.21923055,2518.8672,41.51376,1.34112,0.089408,100.4914770123316
272.8,39.96067144,-106.21922932,2518.8672,41.51376,1.162304,0.089408,105.52411099675425
272.9,39.9606712,-106.21922847,2518.8672,41.51376,0.938784,0.089408,119.05460409907715
273.0,39.9606709,-106.21922785,2518.8672,41.39184000000001,0.67056,0.089408,158.19859051364824
273.1,39.96067068,-106.21922775,2518.8672,41.39184000000001,0.67056,0.089408,180.0
273.2,39.96067048,-106.21922792,2518.8672,41.39184000000001,0.0,0.0,225.0
273.3,39.96067034,-106.21922816,2518.8672,41.39184000000001,0.0,0.0,225.0
273.4,39.96067031,-106.21922852,2518.8672,41.51376,0.0,0.0,0.0
273.5,39.96067025,-106.21922867,2518.8672,41.39184000000001,0.0,0.0,0.0
273.6,39.96067024,-106.21922873,2518.8672,41.39184000000001,0.0,0.0,0.0
273.7,39.96067024,-106.21922872,2518.8672,41.39184000000001,0.491744,0.0,0.0
273.8,39.96067022,-106.21922858,2518.8672,41.39184000000001,0.0,0.0,0.0
273.9,39.96067026,-106.21922763,2518.8672,41.39184000000001,0.491744,0.0,180.0
274.0,39.96067013,-106.21922744,2518.8672,41.39184000000001,0.491744,0.0,180.0
274.1,39.96067002,-106.21922732,2518.8672,41.39184000000001,0.0,0.0,180.0
274.2,39.96066992,-106.21922728,2518.8672,41.39184000000001,0.0,0.0,180.0
274.3,39.9606697,-106.21922676,2518.5624000000003,41.3004,0.0,0.0,270.0
274.4,39.96066962,-106.21922687,2518.5624000000003,41.3004,0.0,0.0,270.0
274.5,39.96066957,-106.21922698,2518.5624000000003,41.3004,0.0,0.0,270.0
274.6,39.96066955,-106.21922713,2518.5624000000003,41.3004,0.0,0.0,0.0
274.7,39.96066957,-106.21922734,2518.5624000000003,41.3004,0.0,0.0,0.0
274.8,39.96066955,-106.21922749,2518.5624000000003,41.3004,0.0,0.0,0.0
274.9,39.96066951,-106.21922763,2518.5624000000003,41.3004,0.0,0.0,270.0
275.0,39.96066942,-106.21922778,2518.5624000000003,41.3004,0.0,0.0,270.0
275.1,39.96066918,-106.21922806,2518.5624000000003,41.3004,0.0,0.0,270.0
275.2,39.9606691,-106.21922833,2518.5624000000003,41.3004,0.0,0.0,270.0
275.3,39.96066901,-106.21922862,2518.5624000000003,41.20896,0.0,0.0,270.0
275.4,39.96066885,-106.21922899,2518.5624000000003,41.3004,0.67056,0.0,254.05460409907715
275.5,39.9606686,-106.21922943,2518.5624000000003,41.3004,0.67056,-0.089408,232.1250163489018
275.6,39.96066803,-106.21923027,2518.8672,41.39184000000001,0.804672,-0.089408,220.2363583092738
275.7,39.96066728,-106.219231,2518.5624000000003,41.3004,1.162304,0.0,210.579226872489
275.8,39.96066615,-106.21923194,2518.5624000000003,41.3004,1.251712,0.0,207.8972710309476
275.9,39.96066466,-106.21923303,2518.5624000000003,41.3004,1.78816,0.0,206.05349531049092
276.0,39.96066227,-106.2192346,2518.5624000000003,41.3004,2.414016,0.0,204.8423891054552
276.1,39.96065987,-106.21923606,2518.5624000000003,41.3004,2.995168,0.0,204.0442232693678
276.2,39.96065691,-106.21923777,2518.5624000000003,41.3004,3.308096,0.0,202.19028889612252
276.3,39.96065377,-106.21923954,2518.5624000000003,41.20896,3.665728,0.0,203.96248897457815
276.4,39.96064971,-106.21924167,2518.5624000000003,41.3004,4.336288,0.0,203.4480625779578
276.5,39.96064639,-106.21924356,2518.5624000000003,41.3004,4.4704,0.0,203.96248897457815
276.6,39.96064304,-106.21924551,2518.5624000000003,41.3004,4.02336,0.0,205.27772223555291
276.7,39.96064018,-106.21924722,2518.5624000000003,41.3004,3.79984,0.0,204.0442232693678
276.8,39.96063776,-106.21924901,2518.8672,41.39184000000001,3.308096,0.0,204.0573494500117
276.9,39.96063566,-106.21925032,2518.5624000000003,41.3004,2.861056,0.0,204.1791071466892
277.0,39.96063381,-106.21925145,2518.5624000000003,41.3004,2.414016,0.0,204.22774531795412
277.1,39.96063238,-106.21925231,2518.5624000000003,41.3004,2.01168,0.0,202.75097634278765
277.2,39.96063132,-106.21925292,2518.8672,41.39184000000001,1.519936,0.0,203.74949449286677
277.3,39.96063168,-106.21925283,2518.5624000000003,41.3004,0.67056,0.0,206.565051177078
277.4,39.96063119,-106.21925317,2518.8672,41.39184000000001,0.0,0.0,208.3007557660064
277.5,39.96063085,-106.21925341,2518.8672,41.39184000000001,0.67056,0.0,209.05460409907715
277.6,39.96063056,-106.21925362,2518.8672,41.39184000000001,0.0,0.0,215.5376777919744
277.7,39.96063089,-106.21925351,2518.8672,41.39184000000001,0.0,0.0,201.80140948635184
277.8,39.96063076,-106.2192537,2518.8672,41.39184000000001,0.0,0.0,248.19859051364816
277.9,39.96063068,-106.21925388,2518.8672,41.39184000000001,0.0,0.0,225.0
278.0,39.96063058,-106.21925412,2518.8672,41.39184000000001,0.0,0.0,248.19859051364816
278.1,39.96063035,-106.2192546,2518.5624000000003,41.3004,0.491744,0.0,248.19859051364816
278.2,39.96063024,-106.21925494,2518.5624000000003,41.3004,0.0,0.0,248.19859051364816
278.3,39.9606301,-106.21925523,2518.5624000000003,41.3004,0.0,0.0,248.19859051364816
278.4,39.96062988,-106.21925548,2518.5624000000003,41.3004,0.0,0.0,248.19859051364816
278.5,39.96062901,-106.2192563,2518.5624000000003,41.3004,0.67056,0.0,201.80140948635184
278.6,39.96062875,-106.21925659,2518.5624000000003,41.3004,0.804672,0.0,225.0
278.7,39.96062852,-106.21925684,2518.5624000000003,41.3004,0.0,0.0,225.0
278.8,39.96062833,-106.21925706,2518.5624000000003,41.3004,0.0,0.0,225.0
278.9,39.96062819,-106.21925725,2518.5624000000003,41.3004,0.0,0.0,225.0
279.0,39.96062803,-106.2192576,2518.5624000000003,41.3004,0.0,0.0,270.0
279.1,39.96062799,-106.21925773,2518.5624000000003,41.3004,0.0,0.0,0.0
279.2,39.96062798,-106.21925783,2518.5624000000003,41.3004,0.491744,0.0,0.0
279.3,39.96062799,-106.21925791,2518.5624000000003,41.3004,0.0,0.0,0.0
279.4,39.9606281,-106.21925812,2518.8672,41.39184000000001,0.491744,0.0,0.0
279.5,39.96062814,-106.21925817,2518.5624000000003,41.3004,0.0,0.0,0.0
279.6,39.96062818,-106.21925818,2518.5624000000003,41.3004,0.0,0.0,0.0
279.7,39.96062822,-106.21925818,2518.8672,41.39184000000001,0.491744,0.0,0.0
279.8,39.96062822,-106.21925826,2518.8672,41.39184000000001,0.0,0.0,0.0
279.9,39.96062825,-106.21925826,2518.8672,41.39184000000001,0.0,0.0,0.0
280.0,39.96062832,-106.21925826,2518.8672,41.39184000000001,0.0,0.0,0.0
280.1,39.96062838,-106.21925826,2518.8672,41.39184000000001,0.0,0.0,0.0
280.2,39.96062858,-106.21925837,2518.5624000000003,41.3004,0.0,0.0,0.0
280.3,39.96062865,-106.21925837,2518.5624000000003,41.3004,0.0,0.0,0.0
280.4,39.96062867,-106.21925834,2518.5624000000003,41.3004,0.0,0.0,0.0
280.5,39.96062868,-106.2192583,2518.5624000000003,41.3004,0.0,0.0,0.0
280.6,39.96062869,-106.21925825,2518.5624000000003,41.3004,0.491744,0.0,0.0
280.7,39.96062864,-106.21925822,2518.5624000000003,41.3004,0.0,0.0,0.0
280.8,39.9606287,-106.21925816,2518.5624000000003,41.3004,0.0,0.0,0.0
280.9,39.96062874,-106.21925811,2518.5624000000003,41.20896,0.0,0.0,0.0
281.0,39.96062876,-106.21925806,2518.5624000000003,41.20896,0.0,0.0,0.0
281.1,39.96062889,-106.21925807,2518.5624000000003,41.20896,0.0,0.0,0.0
281.2,39.96062884,-106.21925803,2518.5624000000003,41.20896,0.0,0.0,0.0
281.3,39.96062873,-106.21925803,2518.5624000000003,41.08704000000001,0.0,0.0,180.0
281.4,39.96062852,-106.21925811,2518.5624000000003,41.20896,0.0,-0.089408,195.94539590092288
281.5,39.96062818,-106.2192583,2518.5624000000003,41.08704000000001,0.0,0.0,204.44395478041653
281.6,39.96062759,-106.21925862,2518.5624000000003,41.20896,0.67056,0.0,197.3540246362613
281.7,39.96062688,-106.21925901,2518.5624000000003,41.20896,0.938784,0.0,201.25050550713323
281.8,39.96062601,-106.21925949,2518.5624000000003,41.20896,0.938784,0.0,202.24902365721235
281.9,39.96062484,-106.21926021,2518.5624000000003,41.08704000000001,1.162304,0.0,202.24902365721235
282.0,39.96062391,-106.21926072,2518.5624000000003,41.08704000000001,1.34112,0.0,204.22774531795412
282.1,39.96062312,-106.21926117,2518.5624000000003,41.08704000000001,0.938784,0.0,206.565051177078
282.2,39.96062233,-106.21926171,2518.2576,40.9956,1.162304,0.0,203.6293777306568
282.3,39.96062167,-106.21926216,2518.2576,40.9956,0.804672,0.0,208.3007557660064
282.4,39.96062118,-106.21926261,2518.2576,40.9956,0.67056,0.0,212.47119229084848
282.5,39.9606207,-106.21926296,2518.2576,40.9956,0.67056,0.0,209.05460409907715
282.6,39.96062031,-106.21926333,2518.2576,40.90416,0.67056,0.0,215.5376777919744
282.7,39.96062004,-106.21926362,2518.2576,40.9956,0.491744,0.0,225.0
282.8,39.96062028,-106.21926388,2518.2576,40.90416,0.0,0.0,248.19859051364816
282.9,39.96062023,-106.21926412,2518.2576,40.90416,0.0,-0.089408,248.19859051364816
283.0,39.96062019,-106.21926439,2518.2576,40.90416,0.0,-0.089408,270.0
283.1,39.9606202,-106.21926462,2518.2576,40.90416,0.0,-0.089408,270.0
283.2,39.96062042,-106.21926484,2518.2576,40.9956,0.0,-0.089408,270.0
283.3,39.96062049,-106.21926501,2518.2576,40.90416,0.0,-0.089408,270.0
283.4,39.96062061,-106.2192652,2518.2576,40.90416,0.0,-0.089408,0.0
283.5,39.96062071,-106.21926535,2518.2576,40.90416,0.0,-0.089408,0.0
283.6,39.96062082,-106.21926535,2518.2576,40.90416,0.0,-0.089408,0.0
283.7,39.96062083,-106.21926542,2518.2576,40.90416,0.0,-0.089408,0.0
283.8,39.96062072,-106.21926553,2518.2576,40.90416,0.0,0.0,0.0
283.9,39.96062061,-106.21926561,2518.2576,40.9956,0.0,0.0,0.0
284.0,39.96062054,-106.21926565,2518.2576,40.90416,0.0,0.0,0.0
284.1,39.96062026,-106.21926567,2518.2576,40.812720000000006,0.0,0.0,0.0
284.2,39.96062025,-106.21926573,2518.2576,40.812720000000006,0.0,0.0,0.0
284.3,39.96062023,-106.21926574,2518.2576,40.812720000000006,0.0,0.0,0.0
284.4,39.96062021,-106.21926571,2518.2576,40.90416,0.0,0.0,0.0
284.5,39.96062022,-106.21926568,2518.2576,40.90416,0.0,0.0,0.0
284.6,39.9606202,-106.21926563,2518.2576,40.812720000000006,0.0,0.0,0.0
284.7,39.96062018,-106.21926558,2518.2576,40.812720000000006,0.0,0.0,0.0
284.8,39.96062012,-106.21926549,2518.2576,40.90416,0.0,0.0,0.0
284.9,39.96062002,-106.21926527,2518.2576,40.812720000000006,0.0,0.0,0.0
285.0,39.96062004,-106.21926532,2518.2576,40.90416,0.0,0.0,0.0
285.1,39.96062007,-106.21926536,2518.2576,40.90416,0.0,0.0,0.0
285.2,39.96062011,-106.21926541,2518.2576,40.90416,0.0,0.0,0.0
285.3,39.96062022,-106.21926546,2518.2576,40.9956,0.0,0.0,0.0
285.4,39.96062019,-106.21926546,2518.2576,40.9956,0.0,0.0,0.0
285.5,39.96062018,-106.21926548,2518.2576,40.9956,0.0,0.0,0.0
285.6,39.96062023,-106.21926555,2518.2576,40.9956,0.0,0.0,0.0
285.7,39.96062029,-106.2192656,2518.2576,40.9956,0.0,0.0,0.0
285.8,39.96062047,-106.21926564,2518.2576,40.9956,0.0,0.0,0.0
285.9,39.96062049,-106.21926569,2518.5624000000003,41.08704000000001,0.0,0.0,0.0
286.0,39.96062051,-106.21926574,2518.5624000000003,41.08704000000001,0.0,0.0,0.0
286.1,39.96062052,-106.21926578,2518.5624000000003,41.08704000000001,0.491744,0.0,0.0
286.2,39.96062062,-106.21926579,2518.5624000000003,41.08704000000001,0.0,0.0,0.0
286.3,39.96062064,-106.2192658,2518.5624000000003,41.08704000000001,0.0,0.0,0.0
286.4,39.96062066,-106.21926578,2518.5624000000003,41.08704000000001,0.0,0.0,0.0
286.5,39.96062068,-106.21926575,2518.5624000000003,41.08704000000001,0.0,0.0,0.0
286.6,39.96062072,-106.21926568,2518.5624000000003,41.08704000000001,0.0,0.0,0.0
286.7,39.96062072,-106.21926563,2518.5624000000003,41.20896,0.0,0.0,0.0
286.8,39.96062072,-106.21926552,2518.5624000000003,41.08704000000001,0.491744,0.0,0.0
286.9,39.96062073,-106.21926544,2518.5624000000003,41.20896,0.0,0.0,0.0
287.0,39.96062084,-106.21926529,2518.5624000000003,41.20896,0.491744,0.0,0.0
287.1,39.9606209,-106.21926524,2518.5624000000003,41.20896,0.491744,0.0,0.0
287.2,39.96062096,-106.2192652,2518.5624000000003,41.20896,0.0,0.0,0.0
287.3,39.96062099,-106.21926515,2518.5624000000003,41.08704000000001,0.491744,0.089408,0.0
287.4,39.96062099,-106.21926505,2518.5624000000003,41.08704000000001,0.0,0.0,0.0
287.5,39.96062097,-106.21926481,2518.5624000000003,41.08704000000001,0.0,0.0,90.0
287.6,39.96062095,-106.21926447,2518.5624000000003,41.20896,0.491744,0.0,90.0
287.7,39.96062091,-106.21926374,2518.5624000000003,41.20896,0.0,0.089408,90.0
287.9,39.96062079,-106.21926072,2518.5624000000003,41.20896,1.1176,0.0,90.0
288.0,39.9606208,-106.21925838,2518.5624000000003,41.08704000000001,1.56464,0.089408,92.43664824681014
288.1,39.96062076,-106.21925575,2518.5624000000003,41.08704000000001,2.101088,0.0,92.12109639666149
288.2,39.96062063,-106.21925271,2518.5624000000003,41.08704000000001,2.45872,0.0,91.97493401088197
288.3,39.96062057,-106.21924908,2518.5624000000003,41.08704000000001,2.861056,0.089408,92.04540848888723
288.4,39.96062047,-106.21924587,2518.5624000000003,41.08704000000001,2.90576,0.0,92.12109639666149
288.5,39.96062039,-106.21924291,2518.5624000000003,41.08704000000001,2.68224,0.0,92.12109639666149
288.6,39.96062033,-106.21923978,2518.5624000000003,41.20896,2.592832,0.0,92.04540848888723
288.7,39.96062027,-106.21923711,2518.5624000000003,41.08704000000001,2.414016,0.089408,91.81830296445185
288.8,39.96062019,-106.21923367,2518.5624000000003,41.20896,2.592832,0.0,90.0
288.9,39.9606201,-106.21922991,2518.5624000000003,41.20896,3.084576,0.0,91.38035407344444
289.0,39.96062001,-106.21922524,2518.5624000000003,41.20896,3.621024,0.0,91.2730300200567
289.1,39.96061992,-106.21922042,2518.5624000000003,41.20896,4.068064,0.0,91.16913932790744
289.2,39.96061999,-106.21921482,2518.5624000000003,41.20896,4.4704,0.089408,92.67542665602912
289.3,39.96061985,-106.21920921,2518.5624000000003,41.20896,4.738624,0.089408,92.46811791382856
289.4,39.96061961,-106.21920282,2518.5624000000003,41.20896,5.096256,0.089408,92.32781508904117
289.5,39.96061939,-106.21919665,2518.5624000000003,41.20896,5.319776,0.089408,93.08218082452817
289.6,39.96061918,-106.2191885,2518.5624000000003,41.20896,6.079744,0.089408,92.88296345253956
289.7,39.96061891,-106.21918104,2518.5624000000003,41.3004,6.660896,0.0,93.5517333548204
289.8,39.96061857,-106.21917275,2518.5624000000003,41.20896,6.7056,0.089408,93.34465031826583
289.9,39.96061823,-106.21916446,2518.5624000000003,41.3004,7.063232,0.089408,93.1995397095626
290.0,39.96061786,-106.21915475,2518.5624000000003,41.20896,7.689088,0.089408,93.0664855011259
290.1,39.96061748,-106.21914593,2518.5624000000003,41.20896,7.912608,0.089408,92.94404634998762
290.2,39.96061708,-106.21913657,2518.5624000000003,41.20896,7.778496,0.089408,92.81555668421124
290.3,39.96061667,-106.2191272,2518.5624000000003,41.20896,8.002016,0.089408,93.31342539979278
290.4,39.96061627,-106.21911716,2518.5624000000003,41.20896,8.314944,0.089408,93.19593801359592
290.5,39.96061582,-106.21910688,2518.5624000000003,41.08704000000001,8.672576,0.089408,93.08648926378106
290.6,39.96061532,-106.21909574,2518.5624000000003,41.08704000000001,9.16432,0.089408,92.99846713969448
290.7,39.96061486,-106.21908538,2518.5624000000003,41.08704000000001,9.16432,0.089408,92.90191046888368
290.8,39.96061435,-106.21907292,2518.5624000000003,41.08704000000001,9.745472,0.089408,92.81137359452651
290.9,39.96061399,-106.21906124,2518.2576,40.9956,10.28192,0.089408,92.73814651935515
291.0,39.96061351,-106.21904864,2518.2576,40.9956,10.371328,0.089408,93.13966014782028
291.1,39.96061305,-106.21903633,2518.2576,40.9956,10.639552,0.089408,93.04976046926843
291.2,39.96061254,-106.21902305,2518.2576,40.9956,10.907775999999998,0.089408,92.50936473985172
291.3,39.96061222,-106.21901018,2518.2576,40.90416,11.131296,0.0,92.47005129596084
291.4,39.96061183,-106.21899651,2518.2576,40.90416,11.310112,0.0,92.40413605375367
291.5,39.96061139,-106.21898304,2518.2576,40.90416,11.578335999999998,0.0,92.77709610692553
291.6,39.96061079,-106.21896826,2518.2576,40.90416,12.07008,0.0,92.72631099390628
291.7,39.96061023,-106.218954,2518.2576,40.90416,12.383008,0.0,92.6582522347078
291.8,39.96060967,-106.2189395,2518.2576,40.90416,12.248895999999998,0.0,93.20202058332212
291.9,39.96060904,-106.21892478,2518.2576,40.90416,12.472416,0.0,93.56399146706394
292.0,39.96060824,-106.2189084,2518.2576,40.90416,13.277088,-0.089408,93.53955916854994
292.1,39.96060744,-106.2188942,2518.2576,40.90416,13.053568,-0.22352,93.20202058332212
292.2,39.96060675,-106.21887924,2518.2576,40.90416,12.472416,-0.312928,93.30583023154968
292.3,39.9606061,-106.21886537,2518.2576,40.90416,12.2936,-0.22352,93.37885429929815
292.4,39.9606054,-106.21885112,2518.2576,40.90416,12.025376,-0.22352,93.56245458372018
292.5,39.96060474,-106.2188379,2518.2576,40.9956,11.712448,-0.089408,93.64738565245688
292.6,39.9606041,-106.21882466,2518.2576,40.9956,11.310112,-0.089408,93.78264544659628
292.7,39.96060351,-106.21881235,2518.2576,40.9956,10.907775999999998,0.0,93.1934492732833
292.8,39.96060291,-106.2188,2518.2576,40.9956,10.550144,0.0,93.39713291933975
292.9,39.96060237,-106.21878887,2518.2576,40.9956,10.013696,0.0,93.54236119219372
293.0,39.96060162,-106.21877864,2518.5624000000003,41.08704000000001,9.119616,0.0,93.16388361888072
293.1,39.96060112,-106.21876878,2518.2576,40.9956,8.583167999999999,0.0,93.34859481445687
293.2,39.96060065,-106.21875899,2518.2576,40.9956,8.404352,0.0,92.87836949973403
293.3,39.96060029,-106.21875022,2518.2576,40.9956,7.912608,0.089408,92.33051886797892
293.4,39.96059996,-106.21874272,2518.2576,40.90416,6.92912,0.089408,91.70472831900724
293.5,39.96059978,-106.21873443,2518.2576,40.90416,6.750304,0.089408,90.69027719786504
293.6,39.96059968,-106.21872542,2518.2576,40.90416,7.37616,0.089408,90.0
293.7,39.96059974,-106.21871676,2518.2576,40.812720000000006,7.554975999999999,0.089408,88.31531568210369
293.8,39.96060009,-106.21870689,2518.2576,40.90416,7.912608,0.0,87.66948113202108
293.9,39.9606005,-106.21869817,2518.2576,40.90416,7.912608,0.0,86.25383795039636
294.0,39.96060104,-106.21868917,2518.2576,40.90416,7.554975999999999,-0.089408,86.09145570554057
294.1,39.96060157,-106.21868104,2518.2576,40.90416,7.331455999999999,-0.089408,85.8608107442738
294.2,39.96060209,-106.21867304,2518.2576,40.90416,6.884416,-0.089408,86.34777721969368
294.3,39.96060255,-106.21866522,2518.2576,40.90416,6.750304,-0.089408,86.09950625761815
294.4,39.96060298,-106.2186582,2518.2576,40.90416,6.347968,0.0,85.88181029601122
294.5,39.96060338,-106.21865185,2518.2576,40.9956,5.722112,0.0,85.67493956526152
294.6,39.96060378,-106.21864548,2518.2576,40.9956,5.409184,0.0,85.40574666873363
294.7,39.96060376,-106.21863995,2518.2576,40.9956,5.051552,0.0,84.13039955698531
294.8,39.96060419,-106.21863441,2518.2576,40.9956,4.738624,0.0,83.90413845540417
294.9,39.96060462,-106.21862947,2518.2576,40.9956,4.4704,0.0,83.32553095288245
295.0,39.9606051,-106.21862461,2518.5624000000003,41.08704000000001,4.202176,0.0,83.9559078377589
295.1,39.9606054,-106.21862068,2518.5624000000003,41.08704000000001,3.755136,0.0,83.24642596446904
295.2,39.96060579,-106.21861669,2518.5624000000003,41.20896,3.442208,0.0,82.56859202882748
295.3,39.96060613,-106.2186132,2518.5624000000003,41.08704000000001,3.173984,0.0,82.11686068327026
295.4,39.96060647,-106.21860975,2518.5624000000003,41.20896,2.995168,0.0,81.86989764584405
295.5,39.96060661,-106.21860664,2518.5624000000003,41.20896,2.771648,0.089408,82.11686068327026
295.6,39.96060704,-106.21860301,2518.5624000000003,41.20896,2.90576,0.089408,81.31364541876337
295.7,39.9606075,-106.21859926,2518.5624000000003,41.20896,3.173984,0.0,80.53767779197437
295.8,39.96060806,-106.21859487,2518.5624000000003,41.20896,3.531616,0.089408,81.50144112050634
295.9,39.96060864,-106.21859023,2518.5624000000003,41.20896,3.933952,0.089408,80.53767779197437
296.0,39.96060941,-106.21858389,2518.5624000000003,41.20896,4.738624,0.089408,81.33586456689193
296.1,39.96061008,-106.21857821,2518.5624000000003,41.20896,5.185664,0.089408,81.86989764584405
296.2,39.9606108,-106.21857174,2518.5624000000003,41.20896,5.230368,0.0,81.53871185742867
296.3,39.96061152,-106.21856518,2518.5624000000003,41.20896,5.632704,0.089408,82.11686068327026
296.4,39.96061238,-106.21855678,2518.5624000000003,41.3004,6.437376,0.0,81.69432379444402
296.5,39.96061322,-106.2185495,2518.5624000000003,41.3004,6.750304,0.0,82.03824910899192
296.6,39.96061419,-106.21854151,2518.5624000000003,41.20896,6.571488,0.089408,81.65610841596691
296.7,39.96061511,-106.218534,2518.5624000000003,41.3004,6.7056,0.0,82.02323121247338
296.8,39.96061638,-106.21852465,2518.5624000000003,41.20896,7.286752,0.089408,81.2802534937627
296.9,39.96061741,-106.21851608,2518.5624000000003,41.20896,7.733792,0.089408,81.63411387596739
297.0,39.96061852,-106.21850672,2518.5624000000003,41.20896,7.733792,0.089408,81.3268259521202
297.1,39.96061962,-106.21849744,2518.5624000000003,41.20896,8.04672,0.089408,81.6070748126075
297.2,39.96062089,-106.21848731,2518.5624000000003,41.20896,8.359648,0.089408,81.32183111475922
297.3,39.96062211,-106.21847736,2518.5624000000003,41.20896,8.672576,0.089408,81.62574097240099
297.4,39.96062344,-106.21846665,2518.5624000000003,41.08704000000001,8.896096,0.089408,81.23241875544704
297.5,39.96062468,-106.21845683,2518.5624000000003,41.08704000000001,8.851392,0.0,81.35939358617605
297.6,39.96062616,-106.21844538,2518.5624000000003,41.08704000000001,9.209024,0.0,80.39905924102897
297.7,39.96062767,-106.21843519,2518.5624000000003,41.08704000000001,9.38784,0.0,79.64397375072997
297.8,39.96062923,-106.21842447,2518.5624000000003,41.20896,9.074912,-0.089408,79.74880124918258
297.9,39.96063068,-106.21841483,2518.5624000000003,41.08704000000001,8.851392,0.0,79.36123339049323
298.0,39.96063215,-106.21840552,2518.5624000000003,41.08704000000001,8.27024,0.0,78.81824578980331
298.1,39.96063355,-106.21839798,2518.5624000000003,41.08704000000001,7.331455999999999,0.0,78.21767486553767
298.2,39.96063494,-106.21838953,2518.5624000000003,41.20896,6.973824,0.0,78.61853725164019
298.3,39.9606362,-106.21838202,2518.5624000000003,41.08704000000001,6.92912,0.0,77.93223104134665
298.4,39.96063743,-106.21837479,2518.5624000000003,41.08704000000001,6.437376,0.0,78.04812486997525
298.5,39.96063836,-106.21836999,2518.5624000000003,41.20896,5.275072000000001,0.0,77.23443421894137
298.6,39.96063955,-106.21836349,2518.5624000000003,41.08704000000001,4.962144,0.0,77.21654605857566
298.7,39.96064063,-106.21835768,2518.5624000000003,41.08704000000001,5.409184,0.0,76.84905131905532
298.8,39.96064166,-106.21835221,2518.5624000000003,41.08704000000001,4.962144,0.0,77.34744349944202
298.9,39.96064242,-106.21834712,2518.5624000000003,41.08704000000001,4.604512000000001,0.0,77.47119229084848
299.0,39.9606432,-106.21834226,2518.5624000000003,41.08704000000001,4.336288,0.0,77.00538320808352
299.1,39.96064381,-106.21833846,2518.5624000000003,41.08704000000001,3.79984,0.0,79.01934998982642
299.2,39.96064434,-106.2183352,2518.5624000000003,41.08704000000001,3.084576,0.0,79.26110289909457
299.3,39.96064474,-106.21833253,2518.5624000000003,41.08704000000001,2.592832,0.0,79.59228868750995
299.4,39.96064488,-106.21833052,2518.5624000000003,41.08704000000001,2.01168,0.0,80.0737544933483
299.5,39.96064507,-106.21832878,2518.5624000000003,41.08704000000001,1.56464,0.0,86.30861401354872
299.6,39.96064515,-106.21832742,2518.5624000000003,41.08704000000001,1.34112,0.089408,90.0
299.7,39.96064515,-106.21832647,2518.2576,40.9956,0.938784,0.089408,90.0
299.8,39.96064498,-106.218326,2518.5624000000003,41.08704000000001,0.67056,0.0,90.0
299.9,39.96064485,-106.21832568,2518.5624000000003,41.08704000000001,0.491744,0.0,111.80140948635182
300.0,39.96064463,-106.21832553,2518.5624000000003,41.08704000000001,0.0,0.0,135.0
300.1,39.96064442,-106.21832547,2518.5624000000003,41.08704000000001,0.0,0.0,180.0
300.2,39.96064419,-106.21832496,2518.5624000000003,41.08704000000001,0.0,0.0,180.0
300.3,39.960644,-106.21832498,2518.5624000000003,41.08704000000001,0.0,0.0,201.80140948635184
300.4,39.96064377,-106.21832507,2518.5624000000003,41.08704000000001,0.0,0.0,201.80140948635184
300.5,39.96064351,-106.21832521,2518.5624000000003,41.08704000000001,0.0,0.0,195.94539590092288
300.6,39.96064321,-106.21832487,2518.5624000000003,41.08704000000001,0.0,0.0,190.304846468766
300.7,39.9606427,-106.21832503,2518.5624000000003,41.20896,0.0,0.0,188.7461622625552
300.8,39.96064201,-106.21832516,2518.5624000000003,41.08704000000001,0.67056,0.0,186.3401917459099
300.9,39.96064132,-106.21832529,2518.5624000000003,41.08704000000001,0.67056,0.0,186.3401917459099
301.0,39.9606405,-106.21832536,2518.5624000000003,41.20896,0.938784,0.0,185.71059313749964
301.1,39.96063959,-106.21832489,2518.5624000000003,41.08704000000001,0.938784,0.089408,195.52411099675425
301.2,39.9606388,-106.21832513,2518.5624000000003,41.08704000000001,0.938784,0.089408,195.52411099675425
301.3,39.96063807,-106.21832541,2518.5624000000003,41.08704000000001,0.67056,0.0,197.3540246362613
301.4,39.96063735,-106.21832577,2518.5624000000003,41.20896,0.938784,0.0,208.3007557660064
301.5,39.96063672,-106.21832613,2518.5624000000003,41.20896,0.938784,0.0,212.47119229084848
301.6,39.96063624,-106.2183265,2518.5624000000003,41.20896,0.67056,0.0,209.05460409907715
301.7,39.96063586,-106.21832685,2518.5624000000003,41.20896,0.67056,0.0,215.5376777919744
301.8,39.96063561,-106.21832714,2518.5624000000003,41.20896,0.67056,0.0,225.0
301.9,39.96063574,-106.21832752,2518.5624000000003,41.20896,0.0,0.0,201.80140948635184
302.0,39.96063566,-106.21832769,2518.5624000000003,41.08704000000001,0.0,0.0,225.0
302.1,39.96063561,-106.2183278,2518.5624000000003,41.08704000000001,0.0,0.0,0.0
302.2,39.96063556,-106.21832785,2518.2576,40.9956,0.0,0.089408,0.0
302.3,39.9606358,-106.21832769,2518.2576,40.9956,0.0,0.0,0.0
302.4,39.96063582,-106.21832772,2518.2576,40.9956,0.0,0.0,270.0
302.5,39.96063587,-106.21832778,2518.2576,40.90416,0.0,0.0,270.0
302.6,39.96063592,-106.21832791,2518.2576,40.90416,0.0,0.0,270.0
302.7,39.96063596,-106.21832806,2518.2576,40.90416,0.0,0.0,270.0
302.8,39.96063594,-106.21832852,2518.2576,40.90416,0.67056,0.0,270.0
302.9,39.96063592,-106.21832871,2518.2576,40.90416,0.491744,0.0,270.0
303.0,39.96063592,-106.21832892,2518.2576,40.812720000000006,0.0,0.0,270.0
303.1,39.96063591,-106.2183291,2518.2576,40.812720000000006,0.0,0.0,270.0
303.2,39.96063585,-106.21832945,2518.2576,40.812720000000006,0.0,0.0,270.0
303.3,39.96063581,-106.21832963,2517.9528,40.6908,0.0,0.0,270.0
303.4,39.96063578,-106.21832984,2517.9528,40.6908,0.0,0.0,270.0
303.5,39.96063573,-106.21833004,2518.2576,40.812720000000006,0.0,0.0,270.0
303.6,39.96063568,-106.21833046,2517.9528,40.6908,0.491744,0.0,270.0
303.7,39.96063564,-106.21833062,2517.9528,40.6908,0.0,0.0,0.0
303.8,39.9606356,-106.2183307,2517.9528,40.6908,0.0,0.0,0.0
303.9,39.96063559,-106.21833076,2517.9528,40.59936,0.0,0.0,0.0
304.0,39.96063571,-106.21833083,2517.9528,40.59936,0.0,0.0,0.0
304.1,39.96063574,-106.21833082,2517.9528,40.59936,0.0,-0.089408,0.0
304.2,39.96063575,-106.21833074,2517.9528,40.59936,0.491744,-0.089408,0.0
304.3,39.96063574,-106.21833068,2517.9528,40.59936,0.0,-0.089408,0.0
304.4,39.96063571,-106.21833064,2517.9528,40.59936,0.491744,-0.089408,0.0
304.5,39.96063566,-106.21833063,2517.9528,40.6908,0.0,-0.089408,0.0
304.6,39.96063564,-106.21833056,2517.9528,40.6908,0.0,-0.089408,0.0
304.7,39.96063563,-106.21833052,2517.9528,40.6908,0.0,-0.089408,0.0
304.8,39.96063558,-106.21833056,2517.9528,40.6908,0.0,-0.089408,180.0
304.9,39.96063553,-106.2183307,2518.2576,40.812720000000006,0.0,-0.22352,195.94539590092288
305.1,39.96063434,-106.21833144,2518.2576,40.812720000000006,0.625856,-0.089408,202.24902365721235
305.2,39.96063326,-106.21833207,2518.2576,40.812720000000006,0.983488,-0.089408,199.5366549381284
305.3,39.96063173,-106.21833308,2518.2576,40.812720000000006,1.654048,-0.089408,200.409882833804
305.4,39.96062979,-106.21833402,2518.2576,40.90416,2.056384,-0.089408,199.44003482817615
305.5,39.9606275,-106.21833506,2518.2576,40.90416,2.503424,-0.089408,197.61257784292383
305.6,39.9606246,-106.21833631,2518.2576,40.90416,3.039872,0.0,198.66691427422023
305.7,39.96062079,-106.2183379,2518.2576,40.90416,3.933952,0.0,198.01976928177717
305.8,39.9606171,-106.21833946,2518.2576,40.9956,4.380992,0.0,197.1455509188617
305.9,39.96061315,-106.21834107,2518.2576,40.90416,4.4704,0.0,196.44860812703985
306.0,39.96060855,-106.21834287,2518.2576,40.90416,4.962144,0.0,196.606980578617
306.1,39.96060378,-106.2183447,2518.2576,40.90416,5.453887999999999,0.0,196.06640053519664
306.2,39.9605981,-106.21834678,2518.2576,40.90416,6.03504,0.0,195.8323866204222
306.3,39.96059253,-106.21834888,2518.2576,40.90416,6.526784,0.0,195.42216131873863
306.4,39.96058624,-106.21835124,2518.2576,40.90416,6.884416,0.0,195.79592898907396
306.5,39.96057996,-106.21835359,2518.2576,40.9956,7.286752,0.0,195.6158428740487
306.6,39.96057295,-106.21835623,2518.2576,40.9956,7.689088,0.0,195.6295955897806
306.7,39.96056612,-106.21835874,2518.2576,40.9956,8.002016,0.0,195.47401268875828
306.8,39.96055864,-106.21836144,2518.5624000000003,41.08704000000001,8.27024,0.0,195.33328479305356
306.9,39.96055129,-106.21836415,2518.2576,40.9956,8.583167999999999,0.0,195.70863782901571
307.0,39.96054381,-106.21836696,2518.5624000000003,41.08704000000001,8.583167999999999,0.0,196.0958769193666
307.1,39.96053584,-106.21837,2518.5624000000003,41.08704000000001,8.9408,0.0,196.09081634885212
307.2,39.96052698,-106.21837336,2518.5624000000003,41.08704000000001,9.745472,0.0,196.1892062570269
307.3,39.96051827,-106.21837671,2518.5624000000003,41.20896,10.192512,0.0,196.1815962451826
307.4,39.96050878,-106.21838056,2518.5624000000003,41.20896,10.550144,0.089408,196.2410710374543
307.5,39.96049967,-106.21838414,2518.5624000000003,41.20896,10.818368,0.402336,196.2323506611562
307.6,39.96048999,-106.21838795,2518.5624000000003,41.08704000000001,10.907775999999998,0.715264,195.91412091521184
307.7,39.96048054,-106.21839165,2518.2576,40.9956,11.086592,0.89408,196.1892062570269
307.8,39.9604703,-106.21839561,2518.2576,40.90416,11.39952,1.1176,196.3036764598436
307.9,39.96046135,-106.21839908,2518.2576,40.812720000000006,11.131296,1.207008,196.2940474565989
308.0,39.96045,-106.21840353,2517.9528,40.59936,11.801856,1.519936,196.46001481204004
308.1,39.96043944,-106.21840768,2517.9528,40.386,12.74064,1.922272,196.81685429018452
308.2,39.96042807,-106.21841215,2517.648,40.203120000000006,12.74064,2.190496,196.64103655387
308.3,39.96041702,-106.21841657,2517.3432000000003,39.898320000000005,13.008864,2.414016,196.64103655387
308.4,39.96040604,-106.2184209,2517.0384,39.593520000000005,12.785344,2.592832,196.93608386131768
308.5,39.96039575,-106.21842497,2516.7336,39.288720000000005,12.338304,2.68224,196.57879077547312
308.6,39.96038565,-106.21842897,2516.4288,39.0144,11.84656,2.90576,196.84572691579115
308.7,39.9603765,-106.21843262,2516.1240000000003,38.7096,11.176,2.90576,197.00285263875736
308.8,39.96036634,-106.21843675,2515.8192,38.4048,11.220704,2.995168,196.3631367508748
308.9,39.96035742,-106.21844028,2515.5144,38.1,11.086592,2.995168,196.0457972809476
309.0,39.96034831,-106.21844377,2515.2096,37.70376,10.460736,3.084576,195.59281093926637
309.1,39.96034135,-106.21844645,2514.9048000000003,37.39896,9.343136,3.084576,195.20803919063533
309.2,39.96033306,-106.21844937,2514.6,37.09416,8.806688,3.084576,194.51426629366844
309.3,39.96032551,-106.21845194,2514.2952,36.78936,9.119616,3.084576,194.03624346792648
309.4,39.96031793,-106.21845447,2513.9904,36.51504,8.71728,2.995168,194.11153354221628
309.5,39.96031106,-106.21845669,2513.3808,36.08832,8.27024,3.084576,193.2405199151872
309.6,39.96030456,-106.21845865,2513.3808,35.90544,7.644384,2.995168,193.7878529163268
309.7,39.96029843,-106.21846059,2512.7712,35.5092,7.197344,2.995168,193.86102756302117
309.8,39.96029259,-106.21846251,2512.4664,35.2044,6.8397120000000005,2.816352,194.68519703712155
309.9,39.96028728,-106.21846432,2512.4664,34.99104,6.392672,2.503424,194.72297506175025
310.0,39.96028208,-106.21846638,2512.1616,34.68624,6.079744,2.101088,195.21632671202295
310.1,39.96027718,-106.2184681,2511.8568,34.50336,5.856224,1.609344,194.27251338440036
310.2,39.96027239,-106.21846981,2511.8568,34.41192,5.588,1.1176,194.96671956400485
310.3,39.9602684,-106.21847127,2511.552,34.29,5.051552,0.715264,195.52411099675425
310.4,39.96026462,-106.21847308,2511.552,34.29,4.559807999999999,0.402336,195.75117366345305
310.5,39.96026176,-106.21847418,2511.552,34.29,3.889248,0.089408,195.03781590358224
310.6,39.96025922,-106.21847513,2511.8568,34.41192,3.12928,0.0,193.06931789628217
310.7,39.96025716,-106.21847587,2511.8568,34.41192,2.68224,0.0,193.1725534233269
310.8,39.96025547,-106.21847625,2511.8568,34.41192,2.101088,-0.089408,192.6803834918198
310.9,39.96025403,-106.2184767,2511.8568,34.50336,1.832864,-0.089408,192.72435568542235
311.0,39.96025284,-106.21847708,2511.8568,34.41192,1.519936,0.0,194.5344550805401
311.1,39.96025198,-106.21847737,2511.8568,34.50336,1.251712,0.0,194.03624346792648
311.2,39.96025137,-106.21847761,2511.8568,34.50336,0.67056,0.0,197.3540246362613
311.3,39.96025095,-106.21847786,2511.8568,34.41192,0.67056,0.0,190.304846468766
311.4,39.96025058,-106.21847807,2511.8568,34.41192,0.0,0.0,192.52880770915152
311.5,39.96025029,-106.21847826,2511.8568,34.41192,0.491744,0.0,195.94539590092288
311.6,39.96024997,-106.21847847,2511.8568,34.41192,0.0,0.0,195.94539590092288
311.7,39.96024929,-106.21847893,2511.8568,34.41192,0.804672,0.0,201.80140948635184
311.8,39.96024903,-106.21847913,2511.552,34.29,0.67056,0.0,225.0
311.9,39.96024878,-106.21847935,2511.552,34.29,0.491744,0.0,225.0
312.0,39.96024854,-106.21847963,2511.552,34.29,0.0,0.0,225.0
312.1,39.96024791,-106.21848003,2511.552,34.29,0.491744,0.0,225.0
312.2,39.96024765,-106.21848026,2511.552,34.29,0.67056,0.0,201.80140948635184
312.3,39.96024739,-106.21848044,2511.552,34.19856,0.0,0.0,201.80140948635184
312.4,39.9602471,-106.21848057,2511.552,34.19856,0.0,0.0,180.0
312.5,39.96024642,-106.21848079,2511.552,34.19856,0.67056,0.0,180.0
312.6,39.96024618,-106.21848091,2511.552,34.19856,0.0,0.0,180.0
312.7,39.96024599,-106.21848101,2511.552,34.10712,0.0,0.0,180.0
312.8,39.96024586,-106.21848108,2511.552,34.10712,0.0,0.0,180.0
312.9,39.96024575,-106.21848116,2511.552,34.10712,0.0,0.0,225.0
313.0,39.96024574,-106.2184813,2511.552,34.10712,0.0,0.0,270.0
313.1,39.96024569,-106.21848147,2511.552,34.10712,0.0,0.0,270.0
313.2,39.96024567,-106.21848164,2511.552,34.10712,0.0,0.0,270.0
313.3,39.96024568,-106.2184818,2511.552,34.10712,0.0,0.0,270.0
313.4,39.96024583,-106.21848198,2511.552,34.10712,0.0,0.0,270.0
313.5,39.96024591,-106.21848212,2511.552,34.19856,0.0,-0.089408,0.0
313.6,39.96024603,-106.21848224,2511.552,34.19856,0.0,-0.089408,0.0
313.7,39.96024617,-106.21848229,2511.552,34.19856,0.0,-0.089408,0.0
313.8,39.96024646,-106.21848225,2511.552,34.29,0.0,0.0,45.0
313.9,39.96024662,-106.21848212,2511.552,34.29,0.491744,0.0,45.0
314.0,39.9602468,-106.21848188,2511.552,34.29,0.491744,0.0,68.19859051364818
314.1,39.96024701,-106.21848151,2511.552,34.29,0.491744,0.0,60.94539590092285
314.2,39.96024738,-106.21848065,2511.552,34.29,0.67056,0.0,61.699244233993625
314.3,39.96024776,-106.21847968,2511.552,34.29,0.938784,0.0,67.75097634278762
314.4,39.96024826,-106.21847826,2511.552,34.29,1.162304,0.0,67.24902365721238
314.5,39.96024889,-106.21847649,2511.552,34.29,1.519936,0.0,67.16634582208246
314.6,39.96024977,-106.2184741,2511.8568,34.41192,1.966976,0.0,69.04422326936782
314.7,39.96025104,-106.21847095,2511.8568,34.41192,2.68224,0.0,67.83365417791754
314.8,39.96025209,-106.2184677,2511.8568,34.41192,2.995168,0.0,68.355564859286
314.9,39.9602532,-106.21846424,2511.8568,34.41192,3.12928,0.0,68.62937773065681
315.0,39.96025448,-106.2184602,2511.8568,34.41192,3.442208,0.0,69.60512391795163
315.1,39.96025599,-106.21845547,2511.8568,34.41192,4.068064,0.0,69.96278983080703
315.2,39.96025748,-106.21845062,2511.8568,34.41192,4.380992,0.0,70.11483488614454
315.3,39.96025898,-106.21844562,2511.552,34.29,4.515104,0.089408,70.38212059188174
315.4,39.96026065,-106.21844,2511.552,34.29,4.828032,0.312928,70.10456866523435
315.5,39.96026251,-106.21843407,2511.552,34.29,5.275072000000001,0.581152,70.34617594194668
315.6,39.96026429,-106.21842788,2511.552,34.19856,5.543296,0.715264,69.66077788734776
315.7,39.96026607,-106.21842174,2511.552,34.10712,5.632704,0.804672,69.0874523086323
315.8,39.96026801,-106.21841508,2511.552,33.9852,5.81152,0.804672,69.05252941304883
315.9,39.96026985,-106.21840864,2511.2472,33.89376,5.945632,0.89408,69.16332463505648
316.0,39.96027206,-106.21840123,2511.2472,33.71088,6.303264,0.983488,68.76938885995372
316.1,39.96027412,-106.21839436,2510.9424,33.58896,6.526784,1.207008,68.88309533553661
316.2,39.9602766,-106.21838618,2510.9424,33.40608,6.884416,1.296416,68.86017519134236
316.3,39.96027897,-106.21837837,2510.6376,33.314640000000004,7.331455999999999,1.296416,69.08486337096684
316.4,39.96028165,-106.21836968,2510.6376,33.10128,7.554975999999999,1.385824,68.62937773065681
316.5,39.96028423,-106.21836113,2510.3328,32.88792,7.867904,1.385824,68.84830861653518
316.6,39.96028705,-106.21835195,2510.3328,32.79648,8.136128,1.519936,69.05029852960519
316.7,39.96028979,-106.21834295,2510.028,32.6136,8.314944,1.609344,68.91960292007747
316.8,39.96029283,-106.21833323,2509.7232,32.400240000000004,8.627872,1.609344,67.98299123204743
316.9,39.96029574,-106.21832369,2509.7232,32.18688,8.851392,1.609344,68.19859051364818
317.0,39.96029891,-106.21831332,2509.4184,32.004000000000005,9.16432,1.385824,68.39945131923918
317.1,39.96030205,-106.21830313,2509.4184,31.912560000000003,9.432544,0.983488,68.34401096157751
317.2,39.96030539,-106.21829226,2509.1136,31.79064,9.656064,0.715264,68.24609944099632
317.3,39.96030872,-106.21828148,2509.1136,31.6992,9.924288,0.491744,68.42869280874538
317.4,39.96031236,-106.21826987,2509.1136,31.607760000000003,10.28192,0.312928,67.65935204000584
317.5,39.96031595,-106.21825861,2509.1136,31.6992,10.550144,0.22352,67.2349908924885
317.6,39.96032003,-106.21824642,2509.1136,31.607760000000003,10.863072,0.089408,66.55707928503773
317.7,39.96032396,-106.21823471,2509.1136,31.607760000000003,11.131296,0.089408,66.29226018529243
317.8,39.96032827,-106.21822214,2509.1136,31.607760000000003,11.310112,0.0,65.74158789843739
317.9,39.96033243,-106.21821012,2508.8088,31.48584,11.488928,0.089408,65.70192849316663
318.0,39.9603368,-106.2181976,2508.8088,31.48584,11.488928,0.402336,65.70192849316663
318.1,39.96034113,-106.21818607,2508.8088,31.3944,11.310112,0.89408,65.8819974652456
318.2,39.96034559,-106.21817327,2508.8088,31.30296,11.444224,1.296416,65.55604521958344
318.3,39.96034988,-106.21816097,2508.504,31.0896,11.757152,1.6987519999999998,65.73321156746681
318.4,39.96035447,-106.21814784,2508.1992,30.906720000000004,11.935968,2.101088,66.3213673667866
318.5,39.9603591,-106.21813499,2508.1992,30.69336,12.204192,2.279904,65.90798047100964
318.6,39.96036394,-106.21812101,2507.8944,30.38856,12.606528,2.503424,65.95284794775313
318.7,39.96036845,-106.21810793,2507.5896,30.11424,12.651232,2.68224,66.12161486154861
318.8,39.96037294,-106.2180947,2507.2848,29.80944,12.2936,2.816352,66.07889475207367
318.9,39.96037708,-106.21808195,2506.98,29.59608,12.07008,2.90576,66.11872398239097
319.0,39.96038185,-106.21806801,2506.6752,29.19984,12.383008,2.90576,65.89776549883885
319.1,39.96038652,-106.21805438,2506.3704,28.89504,12.874752,2.90576,65.70117916630909
319.2,39.96039164,-106.21803952,2506.0656,28.59024,13.277088,2.90576,65.74608027568343
319.3,39.96039661,-106.21802523,2505.7608,28.28544,13.63472,2.995168,65.55604521958344
319.4,39.96040174,-106.21801053,2505.456,28.01112,13.545312,2.995168,65.43282867939871
319.5,39.96040676,-106.2179962,2505.1512,27.70632,13.590016,2.995168,65.25063350928247
319.6,39.96041225,-106.21798064,2504.8464,27.40152,14.037056,2.90576,65.22485943116806
319.7,39.96041752,-106.21796586,2504.5416,27.188160000000003,14.260576,2.90576,65.12436266158954
319.8,39.96042314,-106.2179504,2504.2368,26.791920000000005,14.260576,2.90576,64.78939500767899
319.9,39.96042843,-106.21793576,2503.932,26.487120000000004,14.171168,2.90576,64.77082227833705
320.0,39.96043398,-106.21792036,2503.6272,26.2128,14.126464,2.995168,64.99363302913287
320.1,39.96043942,-106.21790539,2503.3224,25.908,14.30528,2.90576,64.8264754754698
320.2,39.96044544,-106.21788895,2503.0176,25.6032,14.841728000000002,2.90576,64.97272120761943
320.3,39.96045117,-106.21787325,2502.7128,25.2984,15.154656,2.90576,64.8079536325721
320.4,39.96045718,-106.21785668,2502.408,24.9936,15.244064,2.90576,64.71803897037967
320.5,39.96046302,-106.21784068,2502.1032,24.59736,15.378176,2.90576,64.71803897037967
320.6,39.9604696,-106.21782258,2501.7984,24.29256,16.09344,2.90576,64.40723816346218
320.7,39.96047555,-106.21780653,2501.4936,23.98776,16.138144,2.90576,64.25128422098601
320.8,39.96048171,-106.21779006,2501.1888,23.71344,15.42288,2.90576,64.25128422098601
320.9,39.96048761,-106.21777431,2500.884,23.40864,15.288768,2.90576,64.0977239067866
321.0,39.96049361,-106.21775856,2500.5792,23.10384,14.97584,2.90576,63.94650468950903
321.1,39.9604997,-106.2177424,2500.2744,22.79904,15.154656,2.90576,63.94650468950903
321.2,39.96050626,-106.21772501,2499.9696,22.49424,15.914624,2.90576,63.72395408692745
321.3,39.96051248,-106.21770864,2499.6648,22.18944,16.048735999999998,2.90576,63.43494882292202
321.4,39.96051893,-106.21769184,2499.0552,21.7932,15.780511999999998,2.995168,63.43494882292202
321.5,39.96052517,-106.21767573,2499.0552,21.4884,15.691104,2.995168,63.5783672455712
321.6,39.96053183,-106.21765871,2498.7504,21.21408,15.825216,2.90576,63.29188849721618
321.7,39.96053785,-106.21764332,2498.4456,20.90928,15.512288000000002,2.995168,63.29188849721618
321.8,39.96054486,-106.21762529,2497.836,20.51304,15.959328,2.995168,63.29188849721618
321.9,39.96055096,-106.21761001,2497.836,20.29968,15.959328,2.90576,63.006843867018745
322.0,39.96055778,-106.21759277,2497.2264,19.90344,15.601696,2.90576,63.006843867018745
322.1,39.96056464,-106.21757546,2496.9216,19.59864,16.585184,2.90576,63.15095719812695
322.2,39.96057152,-106.21755808,2496.6168,19.29384,16.629888,2.995168,62.58197294253955
322.3,39.96057821,-106.21754128,2496.3120000000004,18.8976,16.406368,2.995168,62.58197294253955
322.4,39.9605851,-106.21752402,2496.0072,18.71472,16.361664,2.90576,62.72762945437773
322.5,39.96059166,-106.21750757,2495.7024,18.288,16.182848,2.90576,62.72762945437773
322.6,39.96059822,-106.21749106,2495.3976,18.01368,15.825216,2.90576,62.72762945437773
322.7,39.96060546,-106.21747294,2495.0928000000004,17.70888,16.629888,2.995168,62.58197294253955
322.8,39.96061251,-106.21745529,2494.788,17.40408,17.166335999999998,2.90576,62.58197294253955
322.9,39.96061914,-106.21743876,2494.4832,17.09928,16.451072,2.90576,62.58197294253955
323.0,39.96062594,-106.21742187,2494.1784,16.79448,16.09344,2.90576,62.30052719194498
323.1,39.96063245,-106.21740578,2493.8736000000004,16.39824,15.86992,2.995168,62.30052719194498
323.2,39.96063907,-106.21738962,2493.5688,16.09344,15.556992,2.90576,61.87143238432719
323.3,39.9606457,-106.21737341,2493.264,15.78864,15.6464,2.90576,61.87143238432719
323.4,39.96065271,-106.21735634,2492.9592,15.51432,16.048735999999998,2.90576,62.02052561151987
323.5,39.96065941,-106.21734008,2492.6544000000004,15.20952,16.138144,2.90576,62.02052561151987
323.6,39.96066656,-106.21732286,2492.3496,14.90472,16.227552,2.995168,62.02052561151987
323.7,39.96067336,-106.21730637,2492.0448,14.59992,16.316959999999998,2.995168,61.87143238432719
323.8,39.96068061,-106.21728882,2491.74,14.29512,16.451072,2.995168,61.87143238432719
323.9,39.96068712,-106.2172733,2491.4352000000003,13.99032,16.048735999999998,2.995168,61.36405855696762
324.0,39.96069462,-106.21725571,2491.1304,13.594080000000002,16.138144,2.995168,60.63350034530703
324.1,39.9607015,-106.2172401,2490.8256,13.4112,16.227552,2.90576,60.0345200119894
324.2,39.96070894,-106.21722382,2490.5208,13.1064,15.735808,2.90576,58.785802121857216
324.3,39.9607162,-106.2172086,2490.2160000000003,12.710160000000002,15.735808,2.995168,57.49112138734688
324.4,39.96072427,-106.21719332,2489.9112,12.405360000000002,15.556992,2.90576,55.99086619660551
324.5,39.96073206,-106.21717861,2489.6064,12.100560000000002,15.512288000000002,2.995168,54.598047996989465
324.6,39.96074017,-106.21716409,2489.3016,11.79576,15.288768,2.90576,53.0287537932673
324.7,39.96074839,-106.21715021,2488.9968000000003,11.49096,15.109951999999998,2.90576,51.554180590392775
324.8,39.96075754,-106.21713606,2488.692,11.18616,15.333472,2.816352,49.07682233959679
324.9,39.96076637,-106.21712426,2488.3872,10.91184,14.886432,2.816352,47.26050191114126
325.0,39.96077551,-106.217112,2488.0824,10.698480000000002,14.30528,2.592832,44.74535376772712
325.1,39.96078441,-106.21710099,2487.7776000000003,10.393680000000002,14.126464,2.190496,42.12454631601474
325.2,39.9607935,-106.2170907,2487.7776000000003,10.30224,13.500608,1.6987519999999998,39.48969425285128
325.3,39.96080339,-106.21708138,2487.4728,10.2108,13.455904,1.207008,36.98674815585844
325.4,39.9608132,-106.21707234,2487.4728,10.08888,13.455904,0.804672,33.85711014166071
325.5,39.9608222,-106.2170648,2487.4728,9.99744,12.606528,0.491744,31.244960554005104
325.6,39.96083288,-106.21705666,2487.4728,9.99744,12.830048,0.22352,28.54323085608729
325.7,39.96084291,-106.21705027,2487.4728,10.08888,13.098272,0.0,25.889879641798075
325.8,39.96085285,-106.21704422,2487.4728,10.2108,12.2936,-0.089408,24.075498255078852
325.9,39.96086159,-106.21703936,2487.4728,10.2108,11.354816,-0.22352,22.40540888336534
326.0,39.96087139,-106.2170343,2487.7776000000003,10.30224,11.131296,-0.312928,21.84691843588644
326.1,39.96087798,-106.21703115,2487.7776000000003,10.393680000000002,9.745472,-0.312928,22.22756858256901
326.2,39.96088643,-106.2170269,2487.7776000000003,10.393680000000002,8.9408,-0.089408,22.640305824630616
326.3,39.96089407,-106.21702292,2487.7776000000003,10.393680000000002,9.61136,-0.089408,22.31944039297508
326.4,39.96090233,-106.21701843,2487.7776000000003,10.393680000000002,9.521952,0.0,22.2366966824643
326.5,39.96090963,-106.2170145,2487.7776000000003,10.393680000000002,9.343136,0.0,21.85882006785272
326.6,39.96091713,-106.21700969,2487.7776000000003,10.393680000000002,9.030208,0.0,21.131669986692657
326.7,39.96092336,-106.21700646,2487.7776000000003,10.393680000000002,8.359648,0.0,20.885801460693017
326.8,39.96092947,-106.21700333,2487.7776000000003,10.30224,7.331455999999999,0.089408,21.385727931928383
326.9,39.96093462,-106.2170007,2487.7776000000003,10.30224,6.750304,0.0,20.83667536494352
327.0,39.96093975,-106.21699769,2487.4728,10.2108,6.213856,0.22352,19.798876354524907
327.1,39.96094452,-106.21699534,2487.4728,10.2108,5.945632,0.581152,19.86704500708663
327.2,39.9609493,-106.21699305,2487.4728,10.08888,5.677408,0.983488,19.334808537826405
327.3,39.96095367,-106.216991,2487.4728,9.99744,5.453887999999999,1.296416,19.551995173240584
327.4,39.96095788,-106.21698918,2487.168,9.814560000000002,5.051552,1.519936,18.604965473802334
327.5,39.96096162,-106.21698757,2486.8632,9.6012,4.649216,1.385824,17.860094070679054
327.6,39.96096502,-106.2169862,2486.8632,9.50976,4.157472,1.1176,18.666914274220236
327.7,39.96096759,-106.21698509,2486.8632,9.38784,3.486912,0.804672,19.65382405805332
327.8,39.96096973,-106.21698418,2486.5584000000003,9.20496,2.771648,0.581152,18.886087369709287
327.9,39.96097103,-106.21698348,2486.5584000000003,9.11352,2.01168,0.402336,19.798876354524907
328.0,39.96097187,-106.21698303,2486.5584000000003,9.11352,1.251712,0.312928,24.44395478041656
328.1,39.96097225,-106.21698284,2486.5584000000003,9.20496,0.804672,0.089408,0.0
328.2,39.96097225,-106.21698287,2486.5584000000003,9.20496,0.0,0.089408,0.0
328.3,39.9609715,-106.21698338,2486.5584000000003,9.20496,0.491744,0.0,225.0
328.4,39.96097126,-106.21698367,2486.5584000000003,9.20496,0.67056,0.0,270.0
328.5,39.96097109,-106.21698403,2486.5584000000003,9.20496,0.67056,0.0,270.0
328.6,39.96097109,-106.21698448,2486.5584000000003,9.20496,0.491744,0.0,285.94539590092285
328.7,39.96097136,-106.21698526,2486.5584000000003,9.2964,0.67056,0.0,299.05460409907715
328.8,39.96097162,-106.21698577,2486.5584000000003,9.2964,0.67056,0.312928,315.0
328.9,39.96097194,-106.21698625,2486.5584000000003,9.20496,0.67056,0.715264,315.0
329.0,39.96097235,-106.21698674,2486.5584000000003,9.11352,0.67056,1.1176,315.0
329.1,39.96097363,-106.21698714,2486.2536,8.9916,0.938784,1.385824,320.71059313749964
329.2,39.96097417,-106.21698769,2486.2536,8.80872,1.0728959999999998,1.6987519999999998,320.71059313749964
329.3,39.96097468,-106.21698823,2486.2536,8.6868,0.67056,1.78816,320.71059313749964
329.4,39.96097518,-106.21698875,2485.9488,8.50392,0.67056,1.922272,320.71059313749964
329.5,39.96097599,-106.21698887,2485.644,8.290560000000001,0.67056,1.922272,315.0
329.6,39.96097634,-106.21698942,2485.644,8.10768,0.938784,2.01168,315.0
329.7,39.96097663,-106.21698996,2485.3392000000003,7.89432,0.67056,1.922272,307.8749836510982
329.8,39.96097688,-106.21699055,2485.3392000000003,7.802880000000001,0.67056,1.609344,305.5376777919744
329.9,39.96097695,-106.21699101,2485.0344,7.58952,0.67056,1.207008,270.0
330.0,39.96097649,-106.21699124,2485.0344,7.498080000000001,0.67056,0.804672,225.0
330.1,39.96097621,-106.21699144,2485.0344,7.498080000000001,0.491744,0.491744,201.80140948635184
330.2,39.96097592,-106.21699161,2485.0344,7.498080000000001,0.0,0.312928,180.0
330.3,39.96097567,-106.21699175,2485.0344,7.498080000000001,0.0,0.089408,180.0
330.4,39.96097526,-106.21699181,2485.0344,7.58952,0.0,0.0,225.0
330.5,39.9609751,-106.216992,2485.0344,7.498080000000001,0.491744,0.0,225.0
330.6,39.96097497,-106.21699224,2485.0344,7.498080000000001,0.0,0.0,270.0
330.7,39.9609749,-106.21699244,2485.0344,7.58952,0.0,0.0,270.0
330.8,39.96097486,-106.21699261,2485.0344,7.58952,0.0,0.0,270.0
330.9,39.96097485,-106.21699273,2485.0344,7.71144,0.0,0.0,270.0
331.0,39.96097485,-106.21699281,2485.0344,7.71144,0.0,0.0,0.0
331.1,39.96097496,-106.21699289,2485.0344,7.71144,0.0,0.0,0.0
331.2,39.9609754,-106.21699293,2485.0344,7.58952,0.0,0.089408,0.0
331.3,39.96097597,-106.21699301,2485.0344,7.58952,0.491744,0.089408,0.0
331.4,39.96097684,-106.21699307,2485.0344,7.58952,0.804672,0.089408,355.7636052009412
331.5,39.96097792,-106.21699313,2485.0344,7.71144,0.938784,0.089408,356.6335393365702
331.6,39.96097953,-106.21699324,2485.0344,7.58952,1.519936,0.089408,0.0
331.7,39.96098177,-106.21699334,2485.0344,7.58952,2.190496,0.089408,0.0
331.8,39.9609839,-106.21699341,2485.0344,7.58952,2.414016,0.0,0.0
331.9,39.96098627,-106.21699346,2485.0344,7.58952,2.548128,0.0,0.0
332.0,39.96098915,-106.21699349,2485.0344,7.58952,2.90576,0.0,0.0
332.1,39.9609922,-106.2169934,2485.0344,7.58952,3.308096,0.0,0.0
332.2,39.96099577,-106.21699332,2485.0344,7.58952,3.665728,0.0,0.0
332.3,39.96099927,-106.2169932,2485.0344,7.58952,3.933952,0.0,1.2453642667683198
332.4,39.96100323,-106.21699294,2485.0344,7.58952,4.157472,0.0,2.92072152100036
332.5,39.96100721,-106.21699242,2485.0344,7.71144,4.380992,0.0,3.814074834290352
332.6,39.96101159,-106.21699185,2485.0344,7.58952,4.69392,0.0,5.710593137499643
332.7,39.961016,-106.21699114,2485.0344,7.58952,4.872736,0.0,7.989326766396914
332.8,39.96102088,-106.2169902,2485.0344,7.71144,5.185664,0.0,9.54038180484264
332.9,39.96102549,-106.2169888,2485.0344,7.71144,5.36448,0.0,11.673710312884792
333.0,39.96103059,-106.21698733,2485.0344,7.71144,5.543296,0.0,13.477822753241298
333.1,39.96103548,-106.21698573,2485.0344,7.71144,5.722112,0.0,14.370001515179297
333.2,39.96104059,-106.21698384,2485.0344,7.71144,5.766816,0.0,17.434874694799305
333.3,39.96104546,-106.2169818,2485.3392000000003,7.802880000000001,5.766816,0.0,18.292775964565067
333.4,39.96105042,-106.21697894,2485.3392000000003,7.802880000000001,5.856224,0.0,21.20281864380968
333.5,39.96105508,-106.21697648,2485.3392000000003,7.89432,5.81152,0.0,22.40540888336534
333.6,39.96105949,-106.21697395,2485.3392000000003,7.802880000000001,5.498592,0.0,23.629377730656813
333.7,39.96106382,-106.21697133,2485.3392000000003,7.89432,5.319776,0.0,24.87415391412765
333.8,39.96106811,-106.21696852,2485.3392000000003,7.802880000000001,5.319776,0.0,25.01689347810003
333.9,39.96107198,-106.21696612,2485.3392000000003,7.89432,5.051552,0.0,24.95475057457901
334.0,39.96107619,-106.21696354,2485.3392000000003,7.802880000000001,4.962144,0.089408,23.49856567595208
334.1,39.96107973,-106.21696147,2485.3392000000003,7.802880000000001,4.738624,0.089408,23.44806257795784
334.2,39.96108303,-106.21696013,2485.3392000000003,7.802880000000001,4.068064,0.0,20.04524942542099
334.3,39.96108585,-106.21695885,2485.3392000000003,7.802880000000001,3.531616,0.0,17.10272896905235
334.4,39.96108831,-106.216958,2485.3392000000003,7.802880000000001,3.12928,0.0,13.0693178962822
334.5,39.9610903,-106.21695749,2485.3392000000003,7.802880000000001,2.592832,0.0,10.840305454330576
334.6,39.96109141,-106.21695799,2485.3392000000003,7.802880000000001,1.78816,0.089408,0.0
334.7,39.96109265,-106.2169581,2485.3392000000003,7.802880000000001,1.34112,0.089408,356.0548137709624
334.8,39.96109368,-106.21695843,2485.3392000000003,7.802880000000001,1.162304,0.089408,342.64597536373867
334.9,39.9610943,-106.21695888,2485.3392000000003,7.802880000000001,0.938784,0.089408,322.1250163489018
335.0,39.96109444,-106.21695933,2485.0344,7.71144,0.491744,0.22352,270.0
335.1,39.9610936,-106.21695937,2485.0344,7.71144,0.0,0.22352,248.19859051364816
335.2,39.96109327,-106.21695967,2485.0344,7.58952,0.67056,0.22352,215.5376777919744
335.3,39.9610928,-106.21696002,2485.0344,7.58952,0.67056,0.22352,219.28940686250036
335.4,39.96109215,-106.21696055,2485.0344,7.58952,0.67056,0.22352,230.9061411137705
335.5,39.96109092,-106.21696017,2485.0344,7.58952,0.938784,0.089408,234.24611274556324
335.6,39.96109002,-106.21696156,2485.0344,7.498080000000001,1.162304,0.089408,237.0947570770121
335.7,39.96108905,-106.21696321,2485.0344,7.498080000000001,1.654048,0.089408,235.98065001017352
335.8,39.96108769,-106.21696563,2485.0344,7.498080000000001,2.190496,0.0,237.68038349181984
335.9,39.96108634,-106.21696737,2484.7296,7.40664,2.324608,0.0,238.73626830562256
336.0,39.96108478,-106.21697055,2485.0344,7.498080000000001,2.592832,0.0,238.1725534233269
336.1,39.96108334,-106.2169734,2485.0344,7.498080000000001,3.039872,0.0,236.30993247402023
336.2,39.96108183,-106.21697618,2485.0344,7.498080000000001,2.90576,0.0,235.43747535111817
336.3,39.96108027,-106.21697823,2485.0344,7.58952,2.68224,0.0,231.14662565964667
336.4,39.96107896,-106.21698013,2485.0344,7.58952,2.279904,0.0,225.0
336.5,39.96107793,-106.21698141,2485.0344,7.58952,1.877568,0.0,221.98721249581664
336.6,39.96107707,-106.2169822,2485.0344,7.498080000000001,1.430528,0.0,206.565051177078
336.7,39.96107634,-106.21698251,2485.0344,7.498080000000001,0.938784,0.0,180.0
336.8,39.9610759,-106.21698161,2485.0344,7.498080000000001,0.67056,0.0,155.55604521958344
336.9,39.96107542,-106.21698105,2485.0344,7.498080000000001,0.67056,0.0,124.69515353123398
337.0,39.96107513,-106.21697998,2485.0344,7.498080000000001,0.67056,0.0,104.03624346792652
337.1,39.961075,-106.21697857,2485.0344,7.58952,1.0728959999999998,0.0,93.94518622903756
337.2,39.96107581,-106.21697629,2485.0344,7.58952,1.654048,0.0,90.0
337.3,39.96107601,-106.21697425,2485.0344,7.58952,1.966976,0.0,83.65980825409008
337.4,39.96107639,-106.21697151,2485.0344,7.58952,2.01168,0.0,79.99202019855863
337.5,39.96107687,-106.21696865,2485.0344,7.71144,2.414016,0.0,79.26110289909457
337.6,39.96107821,-106.21696565,2485.0344,7.71144,2.726944,0.0,76.17134902771983
337.7,39.96107901,-106.21696211,2485.0344,7.71144,3.084576,0.0,75.96375653207355
337.8,39.96107995,-106.21695829,2485.0344,7.71144,3.263392,0.0,74.24882633654698
337.9,39.96108105,-106.2169539,2485.0344,7.71144,3.665728,0.0,73.61045966596521
338.0,39.96108301,-106.21695008,2485.0344,7.71144,3.889248,0.0,71.3784206335124
338.1,39.96108437,-106.21694532,2485.0344,7.71144,4.068064,0.0,70.86635679409449
338.2,39.96108591,-106.21693995,2485.0344,7.71144,4.604512000000001,0.0,69.74936649071753
338.3,39.9610875,-106.21693451,2485.0344,7.71144,4.91744,0.0,70.01689347810003
338.4,39.96108933,-106.21692846,2485.0344,7.58952,5.230368,0.0,68.79718135619032
338.5,39.96109164,-106.21692311,2485.0344,7.58952,5.36448,0.0,68.27894919800269
338.6,39.9610938,-106.21691636,2485.0344,7.58952,5.722112,0.0,68.57954088079009
338.7,39.96109583,-106.21690995,2485.0344,7.498080000000001,6.079744,0.0,68.051300916473
338.8,39.96109815,-106.21690248,2485.0344,7.498080000000001,6.347968,0.0,68.61427206807161
338.9,39.96110051,-106.21689532,2485.0344,7.498080000000001,6.750304,0.0,68.19859051364818
339.0,39.96110315,-106.21688673,2485.0344,7.498080000000001,7.242048,0.0,67.75097634278762
339.1,39.96110566,-106.2168786,2484.7296,7.40664,7.689088,0.0,68.01475441878995
339.2,39.96110839,-106.21686969,2484.7296,7.40664,7.8232,0.0,68.2574157286187
339.3,39.96111082,-106.21686153,2484.7296,7.40664,7.8232,0.0,68.4813906826077
339.4,39.96111397,-106.2168513,2484.7296,7.40664,8.404352,0.0,68.5232090204596
339.5,39.9611167,-106.21684226,2484.7296,7.315200000000001,8.851392,0.0,69.24592868120061
339.6,39.96111988,-106.21683147,2484.7296,7.40664,9.074912,0.0,69.21888834175127
339.7,39.96112258,-106.21682174,2484.7296,7.315200000000001,9.343136,0.0,69.41208838797752
339.8,39.96112546,-106.21681179,2484.7296,7.315200000000001,8.9408,-0.089408,69.21888834175127
339.9,39.9611284,-106.21680155,2484.7296,7.315200000000001,9.16432,-0.22352,69.84578884315442
340.0,39.9611312,-106.21679171,2484.7296,7.315200000000001,9.119616,-0.089408,69.83516755526489
340.1,39.96113369,-106.21678288,2484.7296,7.315200000000001,8.49376,-0.089408,69.44395478041656
340.2,39.96113561,-106.21677527,2484.7296,7.315200000000001,7.420864000000001,-0.22352,70.3692977241916
340.3,39.96113771,-106.2167676,2484.7296,7.40664,6.884416,-0.089408,70.98632561147025
340.4,39.96113969,-106.21676008,2484.7296,7.40664,6.8397120000000005,-0.089408,71.06466407828577
340.5,39.96114144,-106.21675331,2484.7296,7.40664,6.392672,0.0,71.43086926896217
340.6,39.96114296,-106.21674754,2484.7296,7.40664,5.677408,-0.089408,73.1683312417585
340.7,39.96114441,-106.21674161,2484.7296,7.40664,5.230368,0.0,73.84266013541207
340.8,39.9611457,-106.21673581,2485.0344,7.498080000000001,5.230368,0.0,74.29136217098426
341.0,39.96114707,-106.21672723,2485.0344,7.58952,4.202176,0.0,78.11134196037199
341.1,39.96114761,-106.21672353,2485.0344,7.498080000000001,3.57632,0.0,80.39479584498707
341.2,39.96114804,-106.21672013,2485.0344,7.58952,3.084576,0.0,82.61395684873276
341.3,39.96114827,-106.21671751,2485.0344,7.58952,2.592832,0.0,87.45519562018688
341.5,39.96114804,-106.21671424,2485.0344,7.71144,1.654048,0.0,90.0
341.6,39.96114805,-106.21671227,2485.0344,7.71144,1.475232,0.0,86.82016988013578
341.7,39.96114818,-106.21671028,2485.0344,7.71144,1.78816,0.0,82.8749836510982
341.8,39.96114846,-106.21670786,2485.3392000000003,7.802880000000001,1.877568,0.0,77.82854179141253
341.9,39.96114899,-106.21670496,2485.3392000000003,7.802880000000001,2.324608,0.0,77.77487732426425
342.0,39.96114971,-106.21670137,2485.3392000000003,7.802880000000001,2.861056,0.0,76.94475277620342
342.1,39.96115044,-106.21669761,2485.3392000000003,7.89432,3.218688,0.0,77.00538320808352
342.2,39.96115128,-106.21669323,2485.3392000000003,7.89432,3.531616,0.0,77.05349048436307
342.3,39.96115265,-106.21668736,2485.3392000000003,7.89432,4.515104,0.0,76.82744657667308
342.4,39.96115371,-106.21668188,2485.3392000000003,7.89432,5.006848,0.0,75.03328043599515
342.5,39.96115485,-106.21667625,2485.3392000000003,7.89432,4.872736,0.0,74.83553910026154
342.6,39.96115616,-106.21666999,2485.3392000000003,7.89432,5.230368,0.0,74.52867183447984
342.7,39.96115763,-106.21666255,2485.3392000000003,7.802880000000001,6.03504,0.0,74.78741713137953
342.8,39.96115901,-106.2166564,2485.3392000000003,7.802880000000001,5.990336,0.0,74.52867183447984
342.9,39.9611603,-106.21665067,2485.3392000000003,7.802880000000001,5.275072000000001,0.0,73.84266013541207
343.0,39.96116158,-106.21664493,2485.3392000000003,7.89432,5.051552,0.0,74.29136217098426
343.1,39.96116241,-106.21664063,2485.3392000000003,7.89432,4.425696,0.0,73.96766064606402
343.2,39.96116329,-106.21663626,2485.3392000000003,7.802880000000001,3.79984,0.0,76.6754687381092
343.3,39.96116399,-106.21663264,2485.3392000000003,7.89432,3.531616,0.0,76.56897112931836
343.4,39.96116455,-106.21662952,2485.3392000000003,7.89432,2.90576,0.22352,77.36663806472501
343.5,39.961165,-106.21662685,2485.3392000000003,7.89432,2.503424,0.402336,77.82854179141253
343.6,39.96116513,-106.21662523,2485.3392000000003,7.802880000000001,1.832864,0.715264,78.69006752597977
343.7,39.96116544,-106.21662307,2485.0344,7.71144,1.654048,0.983488,79.56252464888183
343.8,39.96116564,-106.21662127,2485.0344,7.58952,1.78816,1.385824,78.36636600105953
343.9,39.96116578,-106.21661979,2485.0344,7.498080000000001,1.430528,1.78816,80.21759296819272
344.0,39.96116568,-106.21661905,2484.7296,7.193280000000001,0.938784,2.190496,77.19573393471325
344.1,39.96116578,-106.21661801,2484.4248,7.010400000000001,0.67056,2.414016,83.65980825409008
344.2,39.96116585,-106.21661716,2484.1200000000003,6.797040000000001,0.938784,2.503424,90.0
344.3,39.96116581,-106.21661657,2483.8152,6.492240000000001,0.67056,2.592832,90.0
344.4,39.96116579,-106.21661573,2483.5104,6.1874400000000005,0.67056,2.503424,135.0
344.5,39.96116559,-106.21661549,2483.2056,5.91312,0.491744,2.414016,180.0
344.6,39.96116535,-106.21661541,2483.2056,5.69976,0.0,2.414016,180.0
344.7,39.96116507,-106.21661539,2482.9008000000003,5.60832,0.0,2.414016,180.0
344.8,39.96116486,-106.21661506,2482.596,5.30352,0.0,2.279904,180.0
344.9,39.96116463,-106.21661512,2482.596,5.09016,0.0,2.279904,201.80140948635184
345.0,39.96116434,-106.21661526,2482.2912,4.907280000000001,0.67056,2.279904,225.0
345.1,39.9611641,-106.2166154,2481.9864,4.60248,0.491744,2.279904,225.0
345.2,39.96116391,-106.21661556,2481.6816000000003,4.38912,0.67056,2.279904,225.0
345.3,39.96116374,-106.21661543,2481.3768,4.1148,0.0,2.279904,225.0
345.4,39.96116359,-106.21661565,2481.3768,3.99288,0.0,2.101088,225.0
345.5,39.96116347,-106.21661582,2481.072,3.81,0.0,1.922272,225.0
345.6,39.96116335,-106.21661594,2481.072,3.5966400000000003,0.0,1.609344,225.0
345.7,39.96116329,-106.21661575,2480.7672,3.41376,0.0,1.207008,225.0
345.8,39.96116316,-106.21661594,2480.7672,3.2918400000000005,0.0,0.804672,225.0
345.9,39.96116306,-106.21661616,2480.4624000000003,3.2004,0.0,0.402336,270.0
346.0,39.96116299,-106.21661639,2480.7672,3.2918400000000005,0.0,0.089408,270.0
346.1,39.96116295,-106.2166165,2480.7672,3.2918400000000005,0.0,0.0,270.0
346.2,39.96116292,-106.21661657,2480.7672,3.2918400000000005,0.491744,0.0,270.0
346.3,39.9611629,-106.21661665,2480.4624000000003,3.2004,0.0,0.312928,270.0
346.4,39.96116289,-106.21661676,2480.4624000000003,3.2004,0.491744,0.581152,270.0
346.5,39.96116286,-106.21661684,2480.4624000000003,3.10896,0.0,0.491744,270.0
346.6,39.96116283,-106.21661702,2480.4624000000003,3.10896,0.0,0.312928,270.0
346.7,39.96116278,-106.21661717,2480.4624000000003,3.10896,0.0,0.089408,225.0
346.8,39.96116268,-106.21661728,2480.4624000000003,3.10896,0.0,0.0,180.0
346.9,39.96116259,-106.21661734,2480.4624000000003,3.10896,0.0,0.0,180.0
347.0,39.96116246,-106.21661725,2480.4624000000003,3.2004,0.0,0.0,0.0
347.1,39.9611624,-106.21661723,2480.4624000000003,3.2004,0.0,0.0,0.0
347.2,39.96116236,-106.21661719,2480.4624000000003,3.2004,0.0,0.0,0.0
347.3,39.96116233,-106.21661714,2480.4624000000003,3.2004,0.0,0.0,0.0
347.4,39.96116226,-106.21661698,2480.4624000000003,3.10896,0.0,0.0,0.0
347.5,39.96116224,-106.21661694,2480.4624000000003,3.10896,0.0,0.0,0.0
347.6,39.96116224,-106.21661689,2480.4624000000003,3.10896,0.0,0.0,0.0
347.7,39.96116223,-106.21661687,2480.4624000000003,3.2004,0.491744,0.0,0.0
347.8,39.96116223,-106.21661687,2480.4624000000003,3.2004,0.491744,0.0,0.0
347.9,39.96116221,-106.2166169,2480.4624000000003,3.2004,0.0,0.0,0.0
348.0,39.9611622,-106.21661696,2480.4624000000003,3.2004,0.0,0.0,0.0
348.1,39.96116217,-106.21661702,2480.4624000000003,3.2004,0.0,0.0,0.0
348.2,39.96116222,-106.21661716,2480.4624000000003,3.2004,0.0,0.0,0.0
348.3,39.9611622,-106.21661723,2480.4624000000003,3.2004,0.0,0.0,0.0
348.4,39.96116218,-106.21661733,2480.4624000000003,3.2004,0.0,0.0,0.0
348.5,39.96116215,-106.21661739,2480.4624000000003,3.2004,0.0,0.0,0.0
348.6,39.96116209,-106.2166174,2480.4624000000003,3.2004,0.0,0.0,0.0
348.7,39.96116205,-106.21661741,2480.4624000000003,3.2004,0.0,0.0,0.0
348.8,39.96116205,-106.21661744,2480.4624000000003,3.2004,0.0,0.0,0.0
348.9,39.96116205,-106.21661744,2480.4624000000003,3.2004,0.0,0.0,0.0
349.0,39.96116204,-106.2166174,2480.4624000000003,3.2004,0.0,0.0,0.0
349.1,39.96116208,-106.21661725,2480.4624000000003,3.2004,0.0,0.0,0.0
349.2,39.96116211,-106.2166172,2480.4624000000003,3.2004,0.0,0.0,0.0
349.3,39.96116216,-106.21661716,2480.4624000000003,3.2004,0.0,0.0,0.0
349.4,39.9611622,-106.21661714,2480.4624000000003,3.2004,0.0,0.0,0.0
349.5,39.96116228,-106.21661706,2480.4624000000003,3.2004,0.0,0.0,0.0
349.6,39.96116235,-106.21661704,2480.4624000000003,3.2004,0.0,0.0,0.0
349.7,39.96116239,-106.21661703,2480.4624000000003,3.2004,0.0,0.0,0.0
349.8,39.96116241,-106.21661704,2480.4624000000003,3.2004,0.0,0.0,0.0
349.9,39.96116248,-106.21661703,2480.4624000000003,3.2004,0.0,0.0,0.0
350.0,39.96116251,-106.2166171,2480.4624000000003,3.2004,0.0,0.0,0.0
350.1,39.96116254,-106.21661718,2480.4624000000003,3.2004,0.0,0.0,0.0
350.2,39.96116258,-106.21661723,2480.4624000000003,3.2004,0.0,0.0,0.0
350.3,39.96116259,-106.21661728,2480.4624000000003,3.2004,0.0,0.0,0.0
350.4,39.96116255,-106.21661737,2480.4624000000003,3.2004,0.0,0.0,0.0
350.5,39.96116253,-106.2166174,2480.4624000000003,3.2004,0.0,0.0,0.0
350.6,39.96116252,-106.2166174,2480.4624000000003,3.2004,0.0,0.0,0.0
350.7,39.96116251,-106.21661737,2480.4624000000003,3.2004,0.0,0.0,0.0
350.8,39.96116247,-106.21661717,2480.4624000000003,3.10896,0.0,0.0,0.0
350.9,39.9611625,-106.2166171,2480.4624000000003,3.10896,0.0,0.0,0.0
351.0,39.96116254,-106.21661706,2480.4624000000003,3.10896,0.0,0.0,0.0
351.1,39.96116257,-106.216617,2480.4624000000003,3.10896,0.0,0.0,0.0
351.2,39.9611626,-106.2166169,2480.4624000000003,3.2004,0.0,0.0,0.0
351.3,39.96116262,-106.21661683,2480.4624000000003,3.2004,0.0,0.0,0.0
351.4,39.96116266,-106.21661678,2480.4624000000003,3.2004,0.0,0.0,0.0
351.5,39.96116268,-106.21661673,2480.4624000000003,3.2004,0.0,0.0,0.0
351.6,39.96116278,-106.21661669,2480.4624000000003,3.2004,0.0,0.0,0.0
351.7,39.96116281,-106.21661664,2480.4624000000003,3.2004,0.0,0.0,0.0
351.8,39.96116283,-106.21661658,2480.4624000000003,3.2004,0.491744,0.0,0.0
351.9,39.96116284,-106.21661652,2480.4624000000003,3.2004,0.0,0.0,0.0
352.0,39.96116282,-106.21661644,2480.4624000000003,3.2004,0.0,0.0,0.0
352.1,39.9611628,-106.21661641,2480.4624000000003,3.2004,0.0,0.0,0.0
352.2,39.9611628,-106.21661638,2480.4624000000003,3.2004,0.0,0.0,0.0
352.3,39.96116278,-106.21661637,2480.4624000000003,3.2004,0.0,0.0,0.0
352.4,39.96116273,-106.21661639,2480.4624000000003,3.2004,0.0,0.0,0.0
352.5,39.96116272,-106.21661644,2480.4624000000003,3.2004,0.0,0.0,0.0
352.6,39.96116269,-106.21661647,2480.4624000000003,3.2004,0.0,0.0,0.0
352.7,39.96116264,-106.21661647,2480.4624000000003,3.2004,0.0,0.0,0.0
352.8,39.96116254,-106.21661641,2480.4624000000003,3.2004,0.0,0.0,0.0
352.9,39.9611625,-106.21661628,2480.4624000000003,3.2004,0.0,0.0,0.0
353.0,39.96116247,-106.21661617,2480.4624000000003,3.2004,0.0,0.0,90.0
353.1,39.96116245,-106.21661606,2480.4624000000003,3.2004,0.0,0.0,0.0
353.2,39.96116242,-106.21661597,2480.4624000000003,3.2004,0.0,0.0,0.0
353.3,39.96116256,-106.21661589,2480.4624000000003,3.10896,0.0,0.0,0.0
353.4,39.96116256,-106.21661587,2480.4624000000003,3.10896,0.0,0.0,0.0
353.5,39.96116255,-106.21661587,2480.4624000000003,3.10896,0.0,0.0,0.0
353.6,39.96116249,-106.21661588,2480.4624000000003,3.10896,0.491744,0.0,0.0
353.7,39.96116243,-106.21661596,2480.4624000000003,3.10896,0.0,0.0,0.0
353.8,39.96116229,-106.21661623,2480.4624000000003,3.10896,0.0,0.0,0.0
353.9,39.96116222,-106.21661638,2480.4624000000003,3.10896,0.0,0.0,0.0
354.0,39.96116215,-106.2166165,2480.4624000000003,3.10896,0.0,0.0,0.0
354.1,39.9611621,-106.21661662,2480.4624000000003,3.10896,0.0,0.0,0.0
354.2,39.96116203,-106.21661686,2480.4624000000003,3.10896,0.0,0.0,0.0
354.3,39.96116199,-106.21661694,2480.4624000000003,3.10896,0.0,0.0,0.0
354.4,39.96116197,-106.21661699,2480.4624000000003,3.10896,0.0,0.0,0.0
354.5,39.96116194,-106.21661701,2480.4624000000003,3.10896,0.0,0.0,0.0
354.6,39.96116194,-106.21661699,2480.4624000000003,3.10896,0.0,0.0,0.0
354.7,39.9611619,-106.21661696,2480.4624000000003,3.10896,0.0,0.0,0.0
354.8,39.96116185,-106.21661692,2480.4624000000003,3.10896,0.0,0.0,0.0
354.9,39.96116182,-106.21661688,2480.4624000000003,3.10896,0.0,0.0,0.0
355.0,39.96116172,-106.21661672,2480.4624000000003,3.10896,0.0,0.0,0.0
355.1,39.96116169,-106.21661671,2480.4624000000003,3.10896,0.491744,0.0,0.0
355.2,39.96116166,-106.21661675,2480.4624000000003,3.10896,0.491744,0.0,0.0
355.3,39.96116163,-106.21661679,2480.4624000000003,3.10896,0.0,0.0,0.0
355.4,39.96116161,-106.21661683,2480.4624000000003,3.10896,0.491744,0.0,0.0
355.5,39.96116158,-106.21661686,2480.4624000000003,3.10896,0.0,0.0,0.0
355.6,39.96116156,-106.21661694,2480.4624000000003,3.10896,0.491744,0.0,0.0
355.7,39.96116156,-106.21661695,2480.4624000000003,3.10896,0.491744,0.0,0.0
355.8,39.96116157,-106.21661685,2480.4624000000003,3.10896,0.0,0.0,90.0
355.9,39.96116161,-106.21661675,2480.4624000000003,3.10896,0.491744,0.0,90.0
356.0,39.96116162,-106.21661659,2480.4624000000003,3.10896,0.0,0.0,90.0
356.1,39.96116164,-106.21661643,2480.4624000000003,3.10896,0.0,0.0,90.0
356.2,39.96116167,-106.21661626,2480.4624000000003,3.10896,0.0,0.0,0.0
356.3,39.96116178,-106.21661603,2480.4624000000003,3.10896,0.0,0.0,0.0
356.4,39.96116174,-106.21661592,2480.4624000000003,3.10896,0.0,0.0,0.0
356.5,39.9611617,-106.21661583,2480.4624000000003,3.10896,0.0,0.0,0.0
356.6,39.96116166,-106.21661576,2480.4624000000003,3.10896,0.0,0.0,0.0
356.7,39.96116159,-106.21661579,2480.4624000000003,3.10896,0.0,0.0,0.0
356.8,39.96116157,-106.21661581,2480.4624000000003,3.10896,0.0,0.0,0.0
356.9,39.96116155,-106.2166158,2480.4624000000003,3.10896,0.0,0.0,0.0
357.0,39.96116149,-106.21661575,2480.4624000000003,3.10896,0.0,0.0,0.0
357.1,39.96116146,-106.2166157,2480.4624000000003,3.10896,0.0,0.0,0.0
357.2,39.96116147,-106.21661553,2480.4624000000003,3.10896,0.0,0.0,0.0
357.3,39.96116147,-106.21661547,2480.4624000000003,3.10896,0.0,0.0,0.0
357.4,39.96116149,-106.21661546,2480.4624000000003,3.10896,0.0,0.0,0.0
357.5,39.96116148,-106.21661543,2480.4624000000003,3.10896,0.0,0.0,0.0
357.6,39.9611615,-106.21661532,2480.4624000000003,3.10896,0.0,0.0,0.0
357.7,39.96116146,-106.21661532,2480.4624000000003,3.10896,0.0,0.0,0.0
357.8,39.96116142,-106.21661534,2480.4624000000003,3.10896,0.0,0.0,0.0
357.9,39.9611614,-106.21661534,2480.4624000000003,3.10896,0.0,0.0,0.0
358.0,39.96116147,-106.21661529,2480.4624000000003,3.10896,0.0,0.0,0.0
358.1,39.96116147,-106.21661526,2480.4624000000003,3.10896,0.0,0.0,0.0
358.2,39.96116146,-106.21661523,2480.4624000000003,3.10896,0.0,0.0,0.0
358.3,39.96116147,-106.21661522,2480.4624000000003,3.10896,0.0,0.0,0.0
358.4,39.96116152,-106.21661516,2480.4624000000003,3.10896,0.0,0.0,0.0
358.5,39.96116155,-106.21661518,2480.4624000000003,3.10896,0.0,0.0,0.0
358.6,39.96116159,-106.21661519,2480.4624000000003,3.10896,0.0,0.0,0.0
358.7,39.9611616,-106.21661519,2480.4624000000003,3.10896,0.0,0.0,0.0
358.8,39.96116155,-106.21661519,2480.4624000000003,3.10896,0.0,0.0,0.0
358.9,39.96116145,-106.21661521,2480.4624000000003,3.10896,0.0,0.0,0.0
359.0,39.96116143,-106.2166152,2480.4624000000003,3.10896,0.0,0.0,0.0
359.1,39.96116144,-106.21661525,2480.4624000000003,3.10896,0.0,0.0,0.0
359.2,39.96116145,-106.21661536,2480.4624000000003,3.10896,0.0,0.0,270.0
359.3,39.96116144,-106.21661539,2480.4624000000003,3.10896,0.0,0.0,270.0
359.4,39.96116149,-106.21661555,2480.4624000000003,3.10896,0.0,0.0,270.0
359.5,39.96116152,-106.2166157,2480.4624000000003,3.10896,0.0,0.0,270.0
359.6,39.96116151,-106.21661584,2480.4624000000003,3.10896,0.0,0.0,270.0
359.7,39.96116159,-106.21661589,2480.4624000000003,3.10896,0.0,0.0,0.0
359.8,39.96116156,-106.21661595,2480.4624000000003,3.10896,0.0,0.0,0.0
359.9,39.96116153,-106.21661599,2480.4624000000003,3.10896,0.0,0.0,0.0
360.0,39.96116149,-106.21661603,2480.4624000000003,3.10896,0.491744,0.0,0.0
360.1,39.96116137,-106.21661591,2480.4624000000003,3.10896,0.0,0.0,0.0
360.2,39.96116139,-106.21661592,2480.4624000000003,3.10896,0.0,0.0,0.0
360.3,39.96116142,-106.21661591,2480.4624000000003,3.10896,0.0,0.0,0.0
360.4,39.96116148,-106.21661588,2480.4624000000003,3.10896,0.0,0.0,0.0
360.5,39.96116153,-106.21661583,2480.4624000000003,3.10896,0.0,0.0,0.0
360.6,39.96116148,-106.21661564,2480.4624000000003,3.10896,0.0,0.0,0.0
360.7,39.9611615,-106.21661559,2480.4624000000003,3.10896,0.0,0.0,0.0
360.8,39.96116157,-106.21661558,2480.4624000000003,3.10896,0.0,0.0,0.0
360.9,39.96116162,-106.21661557,2480.4624000000003,3.10896,0.0,0.0,0.0
361.0,39.96116166,-106.21661555,2480.4624000000003,3.10896,0.0,0.0,0.0
361.1,39.96116168,-106.21661554,2480.4624000000003,3.10896,0.0,0.0,0.0
361.2,39.96116167,-106.21661557,2480.4624000000003,3.10896,0.0,0.0,0.0
361.3,39.96116168,-106.21661562,2480.4624000000003,3.10896,0.0,0.0,0.0
361.4,39.96116167,-106.21661579,2480.4624000000003,3.10896,0.0,0.0,0.0
361.5,39.96116169,-106.21661587,2480.4624000000003,3.10896,0.0,0.0,0.0
361.6,39.9611617,-106.21661595,2480.4624000000003,3.10896,0.491744,0.0,0.0
361.7,39.96116171,-106.21661604,2480.4624000000003,3.10896,0.0,0.0,0.0
361.8,39.96116173,-106.21661617,2480.4624000000003,3.10896,0.491744,0.0,0.0
361.9,39.96116175,-106.21661621,2480.4624000000003,3.10896,0.0,0.0,0.0
362.0,39.96116173,-106.2166162,2480.4624000000003,3.10896,0.0,0.0,0.0
362.1,39.96116172,-106.21661617,2480.4624000000003,3.10896,0.0,0.0,0.0
362.2,39.96116169,-106.21661612,2480.4624000000003,3.10896,0.0,0.0,0.0
362.3,39.96116164,-106.21661593,2480.4624000000003,3.10896,0.0,0.0,0.0
362.4,39.96116168,-106.21661588,2480.4624000000003,3.10896,0.0,0.0,0.0
362.5,39.96116169,-106.21661582,2480.4624000000003,3.10896,0.0,0.0,0.0
362.6,39.96116166,-106.21661572,2480.4624000000003,3.10896,0.0,0.0,0.0
362.7,39.96116161,-106.21661555,2480.4624000000003,3.10896,0.0,0.0,0.0
362.8,39.96116158,-106.2166155,2480.4624000000003,3.10896,0.0,0.0,0.0
362.9,39.96116156,-106.21661545,2480.4624000000003,3.10896,0.491744,0.0,0.0
363.0,39.96116156,-106.21661539,2480.4624000000003,3.10896,0.491744,0.0,0.0
363.1,39.96116155,-106.21661525,2480.4624000000003,3.10896,0.491744,0.0,0.0
363.2,39.96116156,-106.21661526,2480.4624000000003,3.10896,0.491744,0.0,0.0
363.3,39.96116156,-106.21661526,2480.4624000000003,3.10896,0.491744,0.0,0.0
363.4,39.96116157,-106.21661525,2480.4624000000003,3.10896,0.0,0.0,0.0
363.5,39.96116165,-106.21661522,2480.4624000000003,3.10896,0.491744,0.0,0.0
363.6,39.96116165,-106.2166152,2480.4624000000003,3.10896,0.0,0.0,0.0
363.7,39.96116166,-106.21661517,2480.4624000000003,3.10896,0.0,0.0,0.0
363.8,39.96116165,-106.21661513,2480.4624000000003,3.10896,0.0,0.0,0.0
363.9,39.96116166,-106.2166151,2480.4624000000003,3.10896,0.491744,0.0,0.0
364.0,39.96116176,-106.21661496,2480.4624000000003,3.10896,0.0,0.0,0.0
364.1,39.96116181,-106.21661494,2480.4624000000003,3.10896,0.0,0.0,0.0
364.2,39.96116187,-106.21661496,2480.4624000000003,3.10896,0.0,0.0,0.0
364.3,39.96116191,-106.216615,2480.4624000000003,3.10896,0.0,0.0,0.0
364.4,39.96116198,-106.21661513,2480.4624000000003,3.10896,0.0,0.0,0.0
364.5,39.96116199,-106.21661518,2480.4624000000003,3.10896,0.0,0.0,0.0
364.6,39.961162,-106.21661519,2480.4624000000003,3.10896,0.0,0.0,0.0
364.7,39.961162,-106.21661519,2480.4624000000003,3.10896,0.0,0.0,0.0
364.8,39.96116208,-106.21661509,2480.4624000000003,3.10896,0.491744,0.0,0.0
364.9,39.96116206,-106.21661509,2480.4624000000003,3.10896,0.0,0.0,0.0
365.0,39.96116203,-106.21661509,2480.4624000000003,3.10896,0.0,0.0,0.0
365.1,39.96116199,-106.21661506,2480.4624000000003,3.10896,0.0,0.0,0.0
365.2,39.96116207,-106.21661488,2480.4624000000003,3.10896,0.0,0.0,0.0
365.3,39.96116203,-106.2166148,2480.4624000000003,3.10896,0.0,0.0,0.0
365.4,39.96116197,-106.21661477,2480.4624000000003,3.10896,0.0,0.0,0.0
365.5,39.96116192,-106.21661477,2480.4624000000003,3.10896,0.0,0.0,0.0
365.6,39.96116186,-106.21661478,2480.4624000000003,3.10896,0.0,0.0,0.0
365.7,39.96116188,-106.21661478,2480.4624000000003,3.10896,0.0,0.0,0.0
365.8,39.96116185,-106.21661482,2480.4624000000003,3.10896,0.0,0.0,0.0
365.9,39.96116182,-106.21661486,2480.4624000000003,3.10896,0.0,0.0,0.0
366.0,39.96116176,-106.21661493,2480.4624000000003,3.10896,0.0,0.0,0.0
366.1,39.96116182,-106.21661501,2480.4624000000003,3.10896,0.0,0.0,0.0
366.2,39.96116181,-106.21661504,2480.4624000000003,3.10896,0.0,0.0,0.0
366.3,39.96116179,-106.21661505,2480.4624000000003,3.10896,0.0,0.0,0.0
366.4,39.96116175,-106.21661505,2480.4624000000003,3.10896,0.0,0.0,0.0
366.5,39.96116178,-106.21661498,2480.4624000000003,3.10896,0.0,0.0,0.0
366.6,39.96116177,-106.21661504,2480.4624000000003,3.10896,0.0,0.0,0.0
366.7,39.96116175,-106.21661508,2480.4624000000003,3.10896,0.0,0.0,0.0
366.8,39.9611617,-106.21661511,2480.4624000000003,3.10896,0.0,0.0,0.0
366.9,39.96116166,-106.21661514,2480.4624000000003,3.10896,0.0,0.0,0.0
367.0,39.96116159,-106.2166152,2480.4624000000003,3.10896,0.0,0.0,0.0
367.1,39.96116153,-106.21661525,2480.4624000000003,3.10896,0.491744,0.0,0.0
367.2,39.96116147,-106.21661527,2480.4624000000003,3.10896,0.0,0.0,0.0
367.3,39.96116142,-106.21661532,2480.4624000000003,3.10896,0.0,0.0,0.0
367.4,39.96116134,-106.21661534,2480.4624000000003,3.10896,0.0,0.0,0.0
367.5,39.9611613,-106.21661542,2480.4624000000003,3.10896,0.0,0.0,0.0
367.6,39.96116128,-106.21661552,2480.4624000000003,3.10896,0.0,0.0,0.0
367.7,39.96116126,-106.21661562,2480.4624000000003,3.10896,0.0,0.0,0.0
367.8,39.96116127,-106.21661576,2480.4624000000003,3.10896,0.0,0.0,0.0
367.9,39.96116128,-106.21661587,2480.4624000000003,3.10896,0.0,0.0,0.0
368.0,39.96116131,-106.21661598,2480.4624000000003,3.10896,0.0,0.0,0.0
368.1,39.96116134,-106.21661608,2480.4624000000003,3.10896,0.0,0.0,0.0
368.2,39.96116137,-106.21661607,2480.4624000000003,3.10896,0.0,0.0,0.0
368.3,39.96116139,-106.21661613,2480.4624000000003,3.10896,0.0,0.0,0.0
368.4,39.96116143,-106.2166162,2480.4624000000003,3.10896,0.0,0.0,0.0
368.5,39.96116148,-106.21661624,2480.4624000000003,3.10896,0.0,0.0,0.0
368.6,39.96116164,-106.21661615,2480.4624000000003,3.2004,0.0,0.0,0.0
368.7,39.96116168,-106.21661616,2480.4624000000003,3.2004,0.0,0.0,0.0
368.8,39.96116168,-106.21661619,2480.4624000000003,3.2004,0.0,0.0,0.0
368.9,39.96116168,-106.21661624,2480.4624000000003,3.2004,0.0,0.0,0.0
369.0,39.96116166,-106.2166163,2480.4624000000003,3.2004,0.0,0.0,0.0
369.1,39.96116153,-106.21661637,2480.4624000000003,3.2004,0.0,0.0,0.0
369.2,39.9611615,-106.21661642,2480.4624000000003,3.2004,0.0,0.0,0.0
369.3,39.96116146,-106.21661645,2480.4624000000003,3.2004,0.0,0.0,0.0
369.4,39.96116141,-106.21661644,2480.4624000000003,3.2004,0.0,0.0,0.0
369.5,39.96116133,-106.2166163,2480.4624000000003,3.2004,0.0,0.0,0.0
369.6,39.9611613,-106.21661628,2480.4624000000003,3.2004,0.491744,0.0,0.0
369.7,39.96116129,-106.21661624,2480.4624000000003,3.2004,0.0,0.0,0.0
369.8,39.9611613,-106.2166162,2480.4624000000003,3.2004,0.491744,0.0,0.0
369.9,39.96116135,-106.2166161,2480.4624000000003,3.2004,0.0,0.0,0.0
370.0,39.96116135,-106.21661609,2480.4624000000003,3.2004,0.0,0.0,0.0
370.1,39.96116136,-106.21661611,2480.4624000000003,3.2004,0.0,0.0,0.0
370.2,39.9611614,-106.21661614,2480.4624000000003,3.2004,0.0,0.0,0.0
370.3,39.96116143,-106.21661621,2480.4624000000003,3.2004,0.0,0.0,0.0
370.4,39.96116147,-106.21661632,2480.4624000000003,3.2004,0.0,0.0,0.0
370.5,39.96116149,-106.2166164,2480.4624000000003,3.2004,0.0,0.0,0.0
370.6,39.9611615,-106.21661644,2480.4624000000003,3.2004,0.0,0.0,0.0
370.7,39.9611615,-106.21661647,2480.4624000000003,3.2004,0.0,0.0,0.0
370.8,39.96116142,-106.21661647,2480.4624000000003,3.2004,0.0,0.0,0.0
370.9,39.96116142,-106.21661648,2480.4624000000003,3.2004,0.0,0.0,0.0
371.0,39.96116146,-106.21661649,2480.4624000000003,3.2004,0.0,0.0,0.0
371.1,39.96116149,-106.21661651,2480.4624000000003,3.2004,0.0,0.0,0.0
371.2,39.96116154,-106.21661654,2480.4624000000003,3.2004,0.0,0.0,0.0
371.3,39.96116155,-106.21661656,2480.4624000000003,3.2004,0.0,0.0,0.0
371.4,39.96116156,-106.21661656,2480.4624000000003,3.2004,0.0,0.0,0.0
371.5,39.96116158,-106.21661652,2480.4624000000003,3.2004,0.0,0.0,0.0
371.6,39.9611617,-106.21661638,2480.4624000000003,3.2004,0.491744,0.0,0.0
371.7,39.96116171,-106.21661631,2480.4624000000003,3.2004,0.0,0.0,0.0
371.8,39.96116174,-106.21661625,2480.4624000000003,3.2004,0.0,0.0,0.0
371.9,39.96116177,-106.21661616,2480.4624000000003,3.2004,0.0,0.0,0.0
372.0,39.96116183,-106.21661595,2480.4624000000003,3.2004,0.0,0.0,0.0
372.1,39.96116188,-106.21661584,2480.4624000000003,3.2004,0.0,0.0,0.0
372.2,39.96116196,-106.21661574,2480.4624000000003,3.2004,0.0,0.0,0.0
372.3,39.96116206,-106.21661566,2480.4624000000003,3.10896,0.0,0.0,0.0
372.4,39.96116217,-106.21661557,2480.4624000000003,3.10896,0.0,0.0,0.0
372.5,39.96116239,-106.21661543,2480.4624000000003,3.10896,0.0,0.0,0.0
372.6,39.96116248,-106.21661532,2480.4624000000003,3.10896,0.0,0.0,0.0
372.7,39.96116255,-106.21661522,2480.4624000000003,3.10896,0.0,0.0,0.0
372.8,39.9611626,-106.21661514,2480.4624000000003,3.10896,0.0,0.0,0.0
372.9,39.96116261,-106.21661495,2480.4624000000003,3.10896,0.0,0.0,0.0
373.0,39.96116261,-106.21661487,2480.4624000000003,3.2004,0.491744,0.0,0.0
373.1,39.96116261,-106.21661481,2480.4624000000003,3.2004,0.0,0.0,0.0
373.2,39.9611626,-106.21661475,2480.4624000000003,3.2004,0.491744,0.0,0.0
373.3,39.96116251,-106.21661468,2480.4624000000003,3.10896,0.0,0.0,0.0
373.4,39.96116246,-106.21661472,2480.4624000000003,3.2004,0.0,0.0,0.0
373.5,39.96116243,-106.21661479,2480.4624000000003,3.10896,0.0,0.0,0.0
373.6,39.96116244,-106.21661488,2480.4624000000003,3.10896,0.491744,0.0,0.0
373.7,39.96116243,-106.21661499,2480.4624000000003,3.10896,0.0,0.0,0.0
373.8,39.96116243,-106.21661506,2480.4624000000003,3.2004,0.0,0.0,0.0
373.9,39.96116243,-106.21661512,2480.4624000000003,3.2004,0.0,0.0,0.0
374.0,39.96116242,-106.21661516,2480.4624000000003,3.2004,0.0,0.0,0.0
374.1,39.96116242,-106.21661519,2480.4624000000003,3.2004,0.0,0.0,0.0
374.2,39.96116243,-106.21661515,2480.4624000000003,3.2004,0.0,0.0,0.0
374.3,39.96116243,-106.21661517,2480.4624000000003,3.2004,0.0,0.0,0.0
374.4,39.96116243,-106.21661519,2480.4624000000003,3.2004,0.0,0.0,0.0
374.5,39.96116242,-106.2166152,2480.4624000000003,3.2004,0.0,0.0,0.0
374.6,39.96116242,-106.21661521,2480.4624000000003,3.2004,0.0,0.0,0.0
374.7,39.9611624,-106.21661524,2480.4624000000003,3.2004,0.0,0.0,0.0
374.8,39.96116238,-106.21661525,2480.4624000000003,3.2004,0.0,0.0,0.0
374.9,39.96116236,-106.21661529,2480.4624000000003,3.2004,0.0,0.0,0.0
375.0,39.96116236,-106.21661537,2480.4624000000003,3.2004,0.0,0.0,0.0
375.1,39.96116235,-106.21661543,2480.4624000000003,3.2004,0.0,0.0,0.0
375.2,39.96116233,-106.2166155,2480.4624000000003,3.2004,0.0,0.0,0.0
375.3,39.96116231,-106.21661558,2480.4624000000003,3.2004,0.0,0.0,0.0
375.4,39.96116234,-106.21661572,2480.4624000000003,3.2004,0.0,0.0,0.0
375.5,39.9611623,-106.21661581,2480.4624000000003,3.2004,0.0,0.0,0.0
375.6,39.96116222,-106.21661592,2480.4624000000003,3.2004,0.0,0.0,0.0
375.7,39.96116212,-106.21661602,2480.4624000000003,3.2004,0.0,0.0,0.0
375.8,39.96116201,-106.21661613,2480.4624000000003,3.2004,0.0,0.0,180.0
375.9,39.96116181,-106.21661635,2480.4624000000003,3.2004,0.0,0.0,0.0
376.0,39.96116173,-106.21661643,2480.4624000000003,3.2004,0.0,0.0,0.0
376.1,39.96116168,-106.2166165,2480.4624000000003,3.2004,0.0,0.0,0.0
376.2,39.96116166,-106.21661657,2480.4624000000003,3.2004,0.0,0.0,0.0
376.3,39.96116167,-106.21661654,2480.4624000000003,3.2004,0.0,0.0,0.0
376.4,39.96116164,-106.21661666,2480.4624000000003,3.2004,0.0,0.0,0.0
376.5,39.96116162,-106.21661675,2480.4624000000003,3.10896,0.0,0.0,0.0
376.6,39.96116162,-106.21661678,2480.4624000000003,3.10896,0.0,0.0,0.0
376.7,39.96116161,-106.2166168,2480.4624000000003,3.10896,0.0,0.0,0.0
376.8,39.9611616,-106.21661684,2480.4624000000003,3.10896,0.0,0.0,0.0
376.9,39.96116161,-106.21661682,2480.4624000000003,3.10896,0.0,0.0,0.0
377.0,39.96116163,-106.21661675,2480.4624000000003,3.10896,0.0,0.0,90.0
377.1,39.96116167,-106.21661645,2480.4624000000003,3.10896,0.0,0.0,90.0
377.2,39.96116168,-106.21661629,2480.4624000000003,3.10896,0.0,0.0,0.0
377.3,39.96116166,-106.21661617,2480.4624000000003,3.10896,0.0,0.0,0.0
377.4,39.9611616,-106.21661606,2480.4624000000003,3.10896,0.0,0.0,0.0
377.5,39.96116156,-106.21661599,2480.4624000000003,3.10896,0.67056,0.0,0.0
377.6,39.96116148,-106.21661598,2480.4624000000003,3.10896,0.0,0.0,0.0
377.7,39.96116151,-106.21661597,2480.4624000000003,3.2004,0.0,0.0,0.0
377.8,39.96116156,-106.21661599,2480.4624000000003,3.2004,0.0,0.0,0.0
377.9,39.9611616,-106.21661602,2480.4624000000003,3.2004,0.0,0.0,0.0
378.0,39.96116159,-106.21661612,2480.4624000000003,3.2004,0.0,0.0,0.0
378.1,39.96116163,-106.21661616,2480.4624000000003,3.2004,0.0,0.0,0.0
378.2,39.9611617,-106.21661621,2480.4624000000003,3.10896,0.0,0.0,0.0
378.3,39.96116174,-106.21661624,2480.4624000000003,3.10896,0.0,0.0,0.0
378.4,39.96116185,-106.21661615,2480.4624000000003,3.10896,0.0,0.0,0.0
378.5,39.96116183,-106.21661617,2480.4624000000003,3.10896,0.0,0.0,0.0
378.6,39.96116177,-106.21661623,2480.4624000000003,3.10896,0.0,0.0,0.0
378.7,39.9611617,-106.2166163,2480.4624000000003,3.10896,0.491744,0.0,0.0
378.8,39.96116161,-106.21661634,2480.4624000000003,3.10896,0.0,0.0,0.0
378.9,39.96116157,-106.2166164,2480.4624000000003,3.10896,0.0,0.0,0.0
379.0,39.96116153,-106.2166165,2480.4624000000003,3.10896,0.0,0.0,0.0
379.1,39.96116149,-106.21661661,2480.4624000000003,3.10896,0.0,0.0,270.0
379.2,39.96116141,-106.21661676,2480.4624000000003,3.10896,0.0,0.0,270.0
379.3,39.96116135,-106.21661693,2480.4624000000003,3.10896,0.0,0.0,270.0
379.4,39.96116132,-106.21661704,2480.4624000000003,3.10896,0.0,0.0,0.0
379.5,39.96116127,-106.21661713,2480.4624000000003,3.10896,0.0,0.0,0.0
379.6,39.96116119,-106.2166172,2480.4624000000003,3.10896,0.0,0.0,0.0
379.7,39.96116112,-106.21661717,2480.4624000000003,3.10896,0.0,0.0,0.0
379.8,39.96116103,-106.21661718,2480.4624000000003,3.10896,0.0,0.0,0.0
379.9,39.96116095,-106.2166172,2480.4624000000003,3.10896,0.0,0.0,0.0
380.0,39.96116088,-106.21661724,2480.4624000000003,3.10896,0.0,0.0,0.0
380.1,39.9611608,-106.21661727,2480.4624000000003,3.10896,0.0,0.0,0.0
380.2,39.96116075,-106.21661727,2480.4624000000003,3.10896,0.0,0.0,0.0
380.3,39.96116073,-106.21661724,2480.4624000000003,3.10896,0.0,0.0,0.0
380.4,39.96116072,-106.21661716,2480.4624000000003,3.10896,0.0,0.0,0.0
380.5,39.96116079,-106.21661696,2480.4624000000003,3.10896,0.0,0.0,0.0
380.6,39.96116077,-106.21661688,2480.4624000000003,3.10896,0.0,0.0,0.0
380.7,39.96116077,-106.21661679,2480.4624000000003,3.10896,0.0,0.0,0.0
380.8,39.96116079,-106.2166167,2480.4624000000003,3.10896,0.0,0.0,0.0
380.9,39.96116082,-106.21661665,2480.4624000000003,3.10896,0.0,0.0,0.0
381.0,39.96116079,-106.21661671,2480.4624000000003,3.2004,0.0,0.0,0.0
381.1,39.96116081,-106.21661673,2480.4624000000003,3.2004,0.0,0.0,0.0
381.2,39.96116085,-106.21661676,2480.4624000000003,3.2004,0.0,0.0,0.0
381.3,39.96116091,-106.21661679,2480.4624000000003,3.2004,0.0,0.0,0.0
381.4,39.96116103,-106.21661697,2480.4624000000003,3.2004,0.0,0.0,0.0
381.5,39.96116112,-106.21661699,2480.4624000000003,3.2004,0.0,0.0,0.0
381.6,39.96116125,-106.21661701,2480.4624000000003,3.2004,0.0,0.0,0.0
381.7,39.96116138,-106.21661701,2480.4624000000003,3.2004,0.0,0.0,0.0
381.8,39.96116171,-106.21661696,2480.4624000000003,3.2004,0.0,0.0,0.0
381.9,39.96116179,-106.21661691,2480.4624000000003,3.2004,0.0,0.0,0.0
382.0,39.96116183,-106.2166168,2480.4624000000003,3.2004,0.0,0.0,0.0
382.1,39.96116185,-106.21661668,2480.4624000000003,3.2004,0.0,0.0,0.0
382.2,39.96116183,-106.21661638,2480.4624000000003,3.2004,0.0,0.0,90.0
382.3,39.96116182,-106.21661613,2480.4624000000003,3.2004,0.0,0.0,90.0
382.4,39.9611618,-106.21661576,2480.4624000000003,3.2004,0.491744,0.0,90.0
382.5,39.96116179,-106.21661535,2480.4624000000003,3.2004,0.67056,0.0,90.0
382.6,39.96116179,-106.21661488,2480.4624000000003,3.2004,0.491744,0.0,90.0
382.7,39.96116177,-106.2166141,2480.4624000000003,3.2004,0.491744,0.0,90.0
382.8,39.96116171,-106.21661364,2480.4624000000003,3.2004,0.491744,0.0,90.0
382.9,39.96116167,-106.21661327,2480.4624000000003,3.2004,0.491744,0.0,90.0
383.0,39.96116162,-106.216613,2480.4624000000003,3.2004,0.491744,0.0,90.0
383.1,39.96116146,-106.21661265,2480.4624000000003,3.2004,0.491744,0.0,90.0
383.2,39.96116143,-106.21661253,2480.4624000000003,3.2004,0.0,0.0,0.0
383.3,39.96116142,-106.21661246,2480.4624000000003,3.2004,0.0,0.0,0.0
383.4,39.96116142,-106.21661241,2480.4624000000003,3.2004,0.0,0.0,0.0
383.5,39.96116138,-106.21661243,2480.4624000000003,3.2004,0.0,0.0,90.0
383.6,39.96116147,-106.21661222,2480.4624000000003,3.2004,0.0,0.0,68.19859051364818
383.7,39.96116166,-106.21661179,2480.4624000000003,3.2004,0.491744,0.0,60.94539590092285
383.8,39.96116196,-106.21661111,2480.4624000000003,3.2004,0.491744,0.0,60.64224645720873
383.9,39.96116256,-106.21661021,2480.4624000000003,3.2004,0.938784,0.0,61.18920625702691
384.0,39.96116318,-106.21660895,2480.4624000000003,3.2004,1.162304,0.0,59.34933204294714
384.1,39.96116389,-106.21660746,2480.4624000000003,3.2004,1.430528,0.0,59.85861444792465
384.2,39.96116477,-106.21660563,2480.4624000000003,3.2004,1.654048,0.22352,60.94539590092285
384.3,39.96116566,-106.21660375,2480.4624000000003,3.10896,1.877568,0.402336,60.94539590092285
384.4,39.96116694,-106.21660126,2480.4624000000003,3.10896,2.190496,0.804672,60.94539590092285
384.5,39.96116788,-106.21659938,2480.4624000000003,2.9870400000000004,2.190496,0.983488,59.53445508054011
384.6,39.96116885,-106.21659755,2480.1576,2.8956,1.877568,1.207008,55.40771131249005
384.7,39.96116973,-106.21659599,2480.1576,2.80416,1.78816,1.207008,56.30993247402023
384.8,39.96117056,-106.21659481,2479.8528,2.5908,1.519936,1.207008,48.012787504183336
384.9,39.9611712,-106.21659384,2479.8528,2.49936,1.251712,1.1176,50.9061411137705
385.0,39.9611718,-106.21659313,2479.8528,2.4079200000000003,0.938784,1.1176,45.0
385.1,39.96117219,-106.21659269,2479.8528,2.286,0.67056,0.89408,52.1250163489018
385.2,39.96117211,-106.21659308,2479.548,2.19456,0.0,0.804672,35.537677791974374
385.3,39.96117229,-106.21659292,2479.548,2.10312,0.0,0.715264,21.80140948635181
385.4,39.96117244,-106.21659288,2479.548,2.01168,0.0,0.581152,0.0
385.5,39.96117253,-106.21659292,2479.548,2.01168,0.0,0.491744,0.0
385.6,39.96117243,-106.21659329,2479.2432000000003,1.88976,0.0,0.312928,0.0
385.7,39.96117248,-106.2165934,2479.2432000000003,1.88976,0.0,0.22352,0.0
385.8,39.96117256,-106.21659353,2479.2432000000003,1.88976,0.0,0.089408,0.0
385.9,39.96117261,-106.21659364,2479.2432000000003,1.88976,0.0,0.089408,0.0
386.0,39.96117268,-106.21659374,2479.2432000000003,1.79832,0.0,0.0,270.0
386.1,39.96117284,-106.2165937,2479.2432000000003,1.79832,0.0,0.0,270.0
386.2,39.96117282,-106.21659383,2479.2432000000003,1.79832,0.0,0.0,270.0
386.3,39.96117283,-106.21659396,2479.2432000000003,1.79832,0.0,0.0,270.0
386.4,39.96117286,-106.2165941,2479.2432000000003,1.79832,0.0,0.0,270.0
386.5,39.96117289,-106.21659399,2479.2432000000003,1.79832,0.0,0.0,270.0
386.6,39.96117298,-106.21659416,2479.2432000000003,1.88976,0.0,0.0,270.0
386.7,39.96117304,-106.21659429,2479.2432000000003,1.88976,0.0,0.0,270.0
386.8,39.96117306,-106.21659439,2479.2432000000003,1.88976,0.0,0.0,0.0
386.9,39.96117316,-106.2165944,2479.2432000000003,1.88976,0.0,0.0,0.0
387.0,39.9611731,-106.21659439,2479.2432000000003,1.88976,0.0,0.0,180.0
387.1,39.96117298,-106.21659432,2479.2432000000003,1.88976,0.0,0.0,158.19859051364824
387.2,39.96117275,-106.21659416,2479.2432000000003,1.88976,0.0,0.0,144.46232220802565
387.3,39.96117236,-106.21659378,2479.2432000000003,1.88976,0.0,0.0,147.52880770915152
387.4,39.96117179,-106.21659329,2479.2432000000003,1.88976,0.67056,0.0,150.64224645720873
387.5,39.96117107,-106.21659266,2479.2432000000003,1.88976,0.938784,0.0,151.18920625702697
387.6,39.96117019,-106.21659185,2479.2432000000003,1.88976,1.162304,0.0,143.9726266148964
387.7,39.96116909,-106.21659083,2479.2432000000003,1.88976,1.430528,0.0,146.30993247402023
387.8,39.9611676,-106.21658931,2479.2432000000003,1.88976,1.78816,0.0,145.40771131249005
387.9,39.96116629,-106.21658807,2479.2432000000003,1.88976,1.877568,0.0,144.637538112931
388.0,39.96116481,-106.21658664,2479.2432000000003,1.88976,1.966976,0.0,143.6731740478798
388.1,39.96116334,-106.21658519,2479.2432000000003,1.88976,2.01168,0.0,143.13010235415595
388.2,39.96116175,-106.21658336,2479.2432000000003,1.88976,2.2352,0.0,144.60520415501293
388.3,39.96116014,-106.21658174,2479.2432000000003,1.88976,2.324608,0.0,144.05788812861766
388.4,39.96115835,-106.21658001,2479.2432000000003,1.88976,2.414016,0.0,144.21102654081665
388.5,39.96115657,-106.2165783,2479.2432000000003,1.88976,2.414016,0.0,145.43747535111817
388.6,39.96115477,-106.21657654,2479.2432000000003,1.88976,2.503424,0.0,144.1178627537958
388.7,39.96115287,-106.21657474,2479.2432000000003,1.88976,2.503424,0.0,144.1178627537958
388.8,39.9611508,-106.21657281,2479.2432000000003,1.88976,2.68224,0.0,143.6955028774248
388.9,39.96114882,-106.21657095,2479.2432000000003,1.88976,2.771648,0.0,143.6955028774248
389.0,39.96114677,-106.21656905,2479.2432000000003,1.88976,2.68224,0.0,143.6955028774248
389.1,39.96114482,-106.21656715,2479.2432000000003,1.88976,2.771648,0.0,143.6955028774248
389.2,39.9611429,-106.21656527,2479.2432000000003,1.88976,2.68224,0.0,142.20605700138327
389.3,39.96114086,-106.2165632,2479.2432000000003,1.88976,2.726944,0.0,142.20605700138327
389.4,39.96113879,-106.216561,2479.2432000000003,1.88976,2.90576,0.0,142.20605700138327
389.5,39.9611371,-106.21655901,2479.2432000000003,1.79832,2.771648,0.0,142.20605700138327
389.6,39.96113518,-106.21655696,2479.2432000000003,1.79832,2.6375360000000003,0.0,141.0440921622411
389.7,39.96113336,-106.21655496,2479.2432000000003,1.79832,2.771648,0.0,139.60009566626331
389.8,39.96113143,-106.21655278,2479.2432000000003,1.79832,2.771648,0.0,138.3664606634298
389.9,39.9611299,-106.21655103,2479.2432000000003,1.79832,2.503424,0.0,138.3664606634298
390.0,39.96112797,-106.21654867,2479.2432000000003,1.79832,2.592832,0.0,135.0
390.1,39.96112633,-106.21654659,2479.2432000000003,1.79832,2.771648,0.0,135.0
390.2,39.96112476,-106.21654455,2479.2432000000003,1.79832,2.548128,0.0,135.0
390.3,39.96112334,-106.21654282,2479.2432000000003,1.79832,2.324608,0.089408,135.0
390.4,39.96112203,-106.21654117,2479.2432000000003,1.79832,2.01168,0.312928,137.04540848888723
390.5,39.96112091,-106.21653978,2479.2432000000003,1.79832,1.877568,0.491744,135.0
390.6,39.9611199,-106.2165385,2479.2432000000003,1.70688,1.654048,0.715264,135.0
390.7,39.96111943,-106.21653798,2478.9384,1.58496,1.162304,0.89408,138.3664606634298
390.8,39.96111879,-106.21653716,2478.9384,1.4935200000000002,0.804672,0.983488,135.0
390.9,39.96111831,-106.21653658,2478.9384,1.40208,0.938784,0.983488,140.7105931374997
391.0,39.96111792,-106.21653615,2478.6336,1.31064,0.67056,1.1176,135.0
391.1,39.96111769,-106.21653591,2478.6336,1.18872,0.0,0.89408,158.19859051364824
391.2,39.96111796,-106.21653595,2478.6336,1.09728,0.0,0.804672,90.0
391.3,39.96111801,-106.2165359,2478.3288,1.00584,0.0,0.491744,0.0
391.4,39.96111814,-106.21653584,2478.3288,1.00584,0.0,0.312928,0.0
391.5,39.96111834,-106.2165358,2478.3288,1.00584,0.0,0.22352,0.0
391.6,39.96111853,-106.21653555,2478.3288,1.00584,0.0,0.089408,0.0
391.7,39.96111893,-106.21653553,2478.3288,1.00584,0.0,0.0,0.0
391.8,39.9611195,-106.21653551,2478.3288,1.00584,0.491744,0.0,0.0
391.9,39.96112023,-106.21653546,2478.3288,1.00584,0.67056,0.0,0.0
392.0,39.96112116,-106.21653512,2478.3288,1.00584,0.938784,0.0,0.0
392.1,39.96112222,-106.21653504,2478.3288,1.00584,1.162304,0.0,0.0
392.2,39.96112344,-106.21653496,2478.3288,1.00584,1.251712,0.0,0.0
392.3,39.9611247,-106.2165349,2478.6336,1.09728,1.34112,0.0,0.0
392.4,39.96112614,-106.21653479,2478.6336,1.09728,1.430528,0.0,0.0
392.5,39.96112755,-106.21653476,2478.6336,1.09728,1.56464,0.0,0.0
392.6,39.96112909,-106.21653473,2478.6336,1.09728,1.56464,0.0,0.0
392.7,39.96113057,-106.21653473,2478.6336,1.09728,1.654048,0.0,0.0
392.8,39.96113212,-106.21653476,2478.6336,1.09728,1.6987519999999998,0.0,0.0
392.9,39.96113348,-106.21653487,2478.6336,1.09728,1.654048,0.0,0.0
393.0,39.96113511,-106.21653489,2478.6336,1.09728,1.6987519999999998,0.0,0.0
393.1,39.96113671,-106.21653493,2478.6336,1.09728,1.78816,0.0,0.0
393.2,39.96113844,-106.21653499,2478.6336,1.09728,1.877568,0.0,0.0
393.3,39.96113997,-106.21653507,2478.6336,1.09728,1.78816,0.0,0.0
393.4,39.96114166,-106.21653517,2478.6336,1.09728,1.78816,0.0,0.0
393.5,39.96114327,-106.21653526,2478.6336,1.09728,1.78816,0.0,0.0
393.6,39.96114499,-106.21653531,2478.6336,1.09728,1.877568,0.0,0.0
393.7,39.96114653,-106.21653544,2478.6336,1.09728,1.78816,0.0,0.0
393.8,39.96114815,-106.21653549,2478.6336,1.09728,1.78816,0.0,0.0
393.9,39.96114969,-106.21653552,2478.6336,1.09728,1.78816,0.0,0.0
394.0,39.9611513,-106.21653551,2478.6336,1.09728,1.78816,0.0,0.0
394.1,39.96115265,-106.21653556,2478.6336,1.09728,1.654048,0.0,0.0
394.2,39.96115414,-106.21653559,2478.6336,1.09728,1.56464,0.0,0.0
394.3,39.96115549,-106.21653561,2478.6336,1.09728,1.56464,0.0,0.0
394.4,39.96115685,-106.21653565,2478.6336,1.09728,1.519936,0.0,0.0
394.5,39.96115808,-106.21653572,2478.6336,1.09728,1.519936,0.0,0.0
394.6,39.96115908,-106.21653606,2478.6336,1.09728,1.162304,0.0,356.0548137709624
394.7,39.96116025,-106.21653623,2478.6336,1.09728,1.162304,0.0,356.0548137709624
394.8,39.96116149,-106.21653642,2478.6336,1.09728,1.34112,0.0,356.0548137709624
394.9,39.96116262,-106.2165366,2478.6336,1.09728,1.34112,0.0,355.7636052009412
395.0,39.96116383,-106.21653685,2478.6336,1.09728,1.34112,0.0,355.4260787400991
395.1,39.96116484,-106.21653701,2478.6336,1.09728,1.251712,0.0,355.4260787400991
395.2,39.96116583,-106.21653719,2478.6336,1.09728,1.162304,0.0,354.8055710922652
395.3,39.96116672,-106.21653737,2478.6336,1.09728,1.162304,0.0,354.2894068625004
395.4,39.9611675,-106.21653755,2478.6336,1.09728,0.938784,0.0,354.2894068625004
395.5,39.9611683,-106.21653771,2478.6336,1.09728,0.938784,0.0,354.2894068625004
395.6,39.96116912,-106.21653784,2478.6336,1.09728,0.804672,0.0,353.6598082540901
395.7,39.96116983,-106.21653796,2478.6336,1.09728,0.67056,0.0,352.8749836510982
395.8,39.96117047,-106.21653799,2478.6336,1.09728,0.67056,0.0,352.8749836510982
395.9,39.96117103,-106.21653812,2478.6336,1.09728,0.67056,0.0,351.2538377374448
396.0,39.96117154,-106.21653825,2478.6336,1.09728,0.67056,0.0,349.695153531234
396.1,39.96117199,-106.21653839,2478.6336,1.09728,0.67056,0.0,349.695153531234
396.2,39.96117244,-106.21653857,2478.6336,1.09728,0.491744,0.0,349.695153531234
396.3,39.96117276,-106.21653878,2478.6336,1.09728,0.0,0.0,347.4711922908485
396.4,39.96117323,-106.21653892,2478.3288,1.00584,0.0,0.0,347.4711922908485
396.5,39.96117362,-106.21653905,2478.3288,1.00584,0.0,0.0,344.05460409907715
396.6,39.96117395,-106.21653921,2478.3288,1.00584,0.0,0.0,344.05460409907715
396.7,39.96117434,-106.21653944,2478.3288,1.00584,0.0,0.0,338.1985905136482
396.8,39.96117452,-106.21653952,2478.3288,1.00584,0.0,0.0,0.0
396.9,39.96117467,-106.2165396,2478.3288,1.00584,0.0,0.0,0.0
397.0,39.9611748,-106.21653968,2478.3288,1.00584,0.0,0.0,0.0
397.1,39.96117483,-106.21653974,2478.3288,1.00584,0.0,0.0,0.0
397.2,39.96117491,-106.21653984,2478.3288,1.00584,0.0,0.0,0.0
397.3,39.961175,-106.21653993,2478.3288,1.00584,0.0,0.0,0.0
397.4,39.9611751,-106.21654001,2478.3288,1.00584,0.491744,0.0,0.0
397.5,39.96117526,-106.21654019,2478.3288,1.00584,0.0,0.0,0.0
397.6,39.96117536,-106.2165403,2478.3288,1.00584,0.0,0.0,315.0
397.7,39.96117547,-106.21654042,2478.3288,1.00584,0.0,0.0,315.0
397.8,39.96117558,-106.21654054,2478.3288,1.00584,0.491744,0.0,315.0
397.9,39.96117569,-106.21654068,2478.3288,1.00584,0.0,0.0,315.0
398.0,39.96117585,-106.21654099,2478.3288,1.00584,0.491744,0.0,315.0
398.1,39.96117597,-106.21654115,2478.3288,1.00584,0.0,0.0,315.0
398.2,39.96117612,-106.21654134,2478.3288,1.00584,0.0,0.0,315.0
398.3,39.96117624,-106.21654148,2478.3288,0.9144,0.0,0.0,315.0
398.4,39.96117634,-106.21654159,2478.3288,0.9144,0.0,0.0,315.0
398.5,39.96117644,-106.21654168,2478.3288,0.9144,0.0,0.0,315.0
398.6,39.9611765,-106.21654179,2478.3288,0.9144,0.0,0.0,0.0
398.7,39.96117659,-106.21654188,2478.3288,0.9144,0.0,0.0,0.0
398.8,39.9611767,-106.21654191,2478.3288,0.9144,0.0,0.0,0.0
398.9,39.96117686,-106.21654196,2478.3288,0.9144,0.0,0.0,0.0
399.0,39.96117705,-106.21654202,2478.3288,0.9144,0.0,0.0,0.0
399.1,39.96117724,-106.21654207,2478.3288,0.9144,0.0,0.0,0.0
399.2,39.96117751,-106.21654209,2478.3288,0.9144,0.0,0.0,0.0
399.3,39.96117774,-106.21654214,2478.3288,0.9144,0.0,0.0,0.0
399.4,39.96117799,-106.21654219,2478.3288,0.9144,0.0,0.0,0.0
399.5,39.96117822,-106.21654223,2478.3288,0.9144,0.0,0.0,0.0
399.6,39.96117845,-106.21654224,2478.3288,0.9144,0.0,0.0,0.0
399.7,39.96117861,-106.21654226,2478.3288,0.9144,0.0,0.0,0.0
399.8,39.96117885,-106.21654233,2478.3288,0.9144,0.0,0.0,0.0
399.9,39.96117907,-106.21654239,2478.3288,0.9144,0.0,0.0,0.0
400.0,39.96117931,-106.21654243,2478.3288,0.9144,0.0,0.0,0.0
400.1,39.96117953,-106.21654255,2478.3288,1.00584,0.0,0.0,0.0
400.2,39.96117966,-106.21654255,2478.3288,1.00584,0.0,0.0,0.0
400.3,39.96117979,-106.21654255,2478.3288,1.00584,0.0,0.0,0.0
400.4,39.96117992,-106.21654257,2478.3288,1.00584,0.0,0.0,0.0
400.5,39.96117997,-106.21654252,2478.3288,1.00584,0.0,0.0,0.0
400.6,39.96117998,-106.21654249,2478.3288,1.00584,0.0,0.0,0.0
400.7,39.96117998,-106.21654247,2478.3288,1.00584,0.491744,0.0,0.0
400.8,39.96117997,-106.21654245,2478.3288,1.00584,0.491744,0.0,0.0
400.9,39.9611799,-106.21654237,2478.3288,1.00584,0.0,0.0,0.0
401.0,39.96117992,-106.21654238,2478.3288,1.00584,0.0,0.0,0.0
401.1,39.96117997,-106.21654239,2478.3288,1.00584,0.0,0.0,0.0
401.2,39.96118006,-106.2165424,2478.3288,1.00584,0.0,0.0,0.0
401.3,39.96118018,-106.21654244,2478.3288,1.00584,0.0,0.0,0.0
401.4,39.96118043,-106.2165426,2478.3288,1.00584,0.491744,0.0,0.0
401.5,39.96118067,-106.21654263,2478.3288,1.00584,0.0,0.0,0.0
401.6,39.96118096,-106.21654263,2478.3288,1.00584,0.0,0.0,0.0
401.7,39.96118127,-106.21654264,2478.3288,1.00584,0.0,0.0,0.0
401.8,39.96118168,-106.21654268,2478.3288,1.00584,0.491744,0.0,0.0
401.9,39.961182,-106.21654267,2478.3288,1.00584,0.0,0.0,0.0
402.0,39.96118236,-106.21654264,2478.3288,1.00584,0.0,0.0,0.0
402.1,39.96118274,-106.21654262,2478.3288,1.00584,0.0,0.0,0.0
402.2,39.96118323,-106.21654265,2478.3288,1.00584,0.0,0.0,0.0
402.3,39.96118365,-106.21654266,2478.3288,1.00584,0.491744,0.0,0.0
402.4,39.96118405,-106.21654265,2478.3288,1.00584,0.491744,0.0,0.0
402.5,39.96118441,-106.21654264,2478.3288,1.00584,0.0,0.0,0.0
402.6,39.96118477,-106.21654253,2478.3288,1.00584,0.491744,0.0,0.0
402.7,39.96118512,-106.2165425,2478.3288,1.00584,0.0,0.0,0.0
402.8,39.96118548,-106.21654247,2478.3288,1.00584,0.67056,0.0,0.0
402.9,39.96118582,-106.21654245,2478.3288,1.00584,0.491744,0.0,0.0
403.0,39.96118616,-106.21654244,2478.3288,1.00584,0.67056,0.0,0.0
403.1,39.96118652,-106.21654235,2478.3288,1.00584,0.491744,0.0,0.0
403.2,39.96118676,-106.21654241,2478.3288,1.00584,0.0,0.0,0.0
403.3,39.96118698,-106.21654246,2478.3288,1.00584,0.0,0.0,0.0
403.4,39.9611872,-106.21654248,2478.3288,1.00584,0.0,0.0,0.0
403.5,39.96118727,-106.21654251,2478.3288,1.00584,0.0,0.0,0.0
403.6,39.96118742,-106.2165426,2478.3288,1.00584,0.0,0.0,0.0
403.7,39.96118754,-106.21654268,2478.3288,1.00584,0.0,0.0,0.0
403.8,39.9611877,-106.21654275,2478.3288,1.00584,0.0,0.0,0.0
403.9,39.9611877,-106.21654282,2478.3288,1.00584,0.0,0.0,0.0
404.0,39.96118781,-106.2165429,2478.3288,1.00584,0.0,0.0,0.0
404.1,39.96118789,-106.21654297,2478.3288,1.00584,0.0,0.0,0.0
404.2,39.96118795,-106.21654305,2478.3288,1.00584,0.0,0.0,0.0
404.3,39.96118795,-106.21654308,2478.3288,1.00584,0.0,0.0,0.0
404.4,39.96118805,-106.21654317,2478.3288,1.00584,0.0,0.0,0.0
404.5,39.96118815,-106.21654326,2478.3288,1.00584,0.0,0.0,0.0
404.6,39.96118828,-106.21654339,2478.3288,1.00584,0.0,0.0,0.0
404.7,39.96118842,-106.21654352,2478.3288,1.00584,0.0,0.0,0.0
404.8,39.96118862,-106.21654373,2478.3288,1.00584,0.0,0.0,0.0
404.9,39.9611888,-106.21654384,2478.3288,1.00584,0.0,0.0,0.0
405.0,39.96118907,-106.21654395,2478.3288,1.00584,0.491744,0.0,0.0
405.1,39.96118931,-106.21654402,2478.3288,1.00584,0.0,0.0,0.0
405.2,39.96118954,-106.21654403,2478.3288,1.00584,0.491744,0.0,0.0
405.3,39.96118973,-106.21654408,2478.3288,1.00584,0.0,0.0,0.0
405.4,39.96118993,-106.21654413,2478.3288,1.00584,0.491744,0.0,0.0
405.5,39.96119013,-106.2165442,2478.3288,1.00584,0.67056,0.0,0.0
405.6,39.96119034,-106.21654431,2478.3288,1.00584,0.0,0.0,0.0
405.7,39.96119055,-106.21654441,2478.3288,1.00584,0.491744,0.0,338.1985905136482
405.8,39.96119074,-106.2165445,2478.3288,1.00584,0.0,0.0,338.1985905136482
405.9,39.96119093,-106.2165446,2478.3288,1.00584,0.0,0.0,315.0
406.0,39.96119118,-106.21654476,2478.3288,1.00584,0.0,0.0,315.0
406.1,39.96119134,-106.2165449,2478.3288,1.00584,0.0,0.0,0.0
406.2,39.96119146,-106.21654506,2478.3288,1.00584,0.0,0.0,0.0
406.3,39.96119155,-106.21654517,2478.3288,1.00584,0.0,0.0,0.0
406.4,39.96119162,-106.21654523,2478.3288,1.00584,0.0,0.0,0.0
406.5,39.96119162,-106.21654535,2478.3288,1.00584,0.0,0.0,0.0
406.6,39.96119157,-106.21654539,2478.3288,1.00584,0.0,0.0,0.0
406.7,39.96119152,-106.21654541,2478.3288,1.00584,0.0,0.0,0.0
406.8,39.96119148,-106.2165454,2478.3288,1.00584,0.0,0.0,0.0
406.9,39.9611913,-106.21654541,2478.3288,1.00584,0.0,0.0,0.0
407.0,39.96119126,-106.21654538,2478.3288,1.00584,0.0,0.0,0.0
407.1,39.96119121,-106.21654535,2478.3288,1.00584,0.0,0.0,0.0
407.2,39.96119115,-106.21654533,2478.3288,1.00584,0.0,0.0,0.0
407.3,39.96119109,-106.21654529,2478.3288,1.00584,0.491744,0.0,0.0
407.4,39.96119106,-106.21654524,2478.3288,1.00584,0.0,0.0,0.0
407.5,39.96119103,-106.2165452,2478.3288,1.00584,0.0,0.0,0.0
407.6,39.96119098,-106.2165452,2478.3288,1.00584,0.0,0.0,0.0
407.7,39.96119086,-106.21654525,2478.3288,1.00584,0.0,0.0,0.0
407.8,39.96119078,-106.2165452,2478.3288,1.00584,0.0,0.0,0.0
407.9,39.96119072,-106.21654515,2478.3288,1.00584,0.0,0.0,0.0
408.0,39.96119069,-106.2165451,2478.3288,1.00584,0.0,0.0,0.0
408.1,39.96119066,-106.21654509,2478.3288,1.00584,0.0,0.0,0.0
408.2,39.96119065,-106.21654517,2478.3288,1.00584,0.0,0.0,0.0
408.3,39.96119063,-106.2165452,2478.3288,1.00584,0.0,0.0,0.0
408.4,39.96119062,-106.21654522,2478.3288,1.00584,0.0,0.0,0.0
408.5,39.9611906,-106.21654523,2478.3288,1.00584,0.0,0.0,0.0
408.6,39.96119054,-106.21654515,2478.3288,1.00584,0.0,0.0,0.0
408.7,39.96119052,-106.21654514,2478.3288,1.00584,0.0,0.0,0.0
408.8,39.96119049,-106.21654514,2478.3288,1.00584,0.0,0.0,0.0
408.9,39.96119048,-106.21654513,2478.3288,1.00584,0.0,0.0,0.0
409.0,39.9611905,-106.21654498,2478.3288,1.00584,0.0,0.0,0.0
409.1,39.96119052,-106.21654494,2478.3288,1.00584,0.0,0.0,0.0
409.2,39.96119055,-106.21654493,2478.3288,1.00584,0.0,0.0,0.0
409.3,39.96119059,-106.21654491,2478.3288,1.00584,0.0,0.0,0.0
409.4,39.96119066,-106.21654483,2478.3288,1.00584,0.0,0.0,0.0
409.5,39.96119071,-106.2165448,2478.3288,1.00584,0.0,0.0,0.0
409.6,39.96119078,-106.21654476,2478.3288,1.00584,0.0,0.0,0.0
409.7,39.96119086,-106.21654475,2478.3288,1.00584,0.0,0.0,0.0
409.8,39.96119096,-106.21654477,2478.3288,1.00584,0.0,0.0,0.0
409.9,39.96119116,-106.21654474,2478.3288,1.00584,0.0,0.0,0.0
410.0,39.96119128,-106.2165447,2478.3288,1.00584,0.0,0.0,0.0
410.1,39.96119147,-106.21654464,2478.3288,1.00584,0.491744,0.0,0.0
410.2,39.96119175,-106.21654456,2478.3288,1.00584,0.0,0.0,0.0
410.3,39.96119199,-106.21654436,2478.3288,1.00584,0.0,0.0,0.0
410.4,39.96119234,-106.21654426,2478.3288,1.00584,0.491744,0.0,0.0
410.5,39.96119267,-106.21654417,2478.3288,1.00584,0.0,0.0,0.0
410.6,39.961193,-106.21654409,2478.3288,1.00584,0.491744,0.0,0.0
410.7,39.96119339,-106.2165439,2478.3288,1.00584,0.491744,0.0,0.0
410.8,39.96119365,-106.21654379,2478.3288,1.00584,0.491744,0.0,0.0
410.9,39.96119385,-106.21654369,2478.3288,1.00584,0.0,0.0,0.0
411.0,39.96119399,-106.2165436,2478.3288,1.00584,0.0,0.0,0.0
411.1,39.96119401,-106.21654346,2478.3288,1.00584,0.0,0.0,0.0
411.2,39.96119413,-106.21654341,2478.3288,1.00584,0.0,0.0,0.0
411.3,39.96119421,-106.21654338,2478.3288,1.00584,0.0,0.0,0.0
411.4,39.96119424,-106.21654335,2478.3288,1.00584,0.0,0.0,0.0
411.5,39.96119425,-106.21654334,2478.3288,1.00584,0.0,0.0,0.0
411.6,39.96119415,-106.21654337,2478.3288,1.00584,0.0,0.0,0.0
411.7,39.96119415,-106.21654341,2478.3288,1.00584,0.0,0.0,0.0
411.8,39.96119419,-106.21654346,2478.3288,1.00584,0.0,0.0,0.0
411.9,39.9611942,-106.21654353,2478.3288,1.00584,0.491744,0.0,0.0
412.0,39.96119423,-106.21654357,2478.3288,1.00584,0.0,0.0,0.0
412.1,39.96119419,-106.21654366,2478.3288,1.00584,0.0,0.0,0.0
412.2,39.96119412,-106.21654379,2478.3288,1.00584,0.0,0.0,0.0
412.3,39.96119406,-106.21654388,2478.3288,1.00584,0.0,0.0,0.0
412.4,39.96119395,-106.21654397,2478.3288,1.00584,0.0,0.0,0.0
412.5,39.9611939,-106.21654399,2478.3288,1.00584,0.0,0.0,0.0
412.6,39.96119387,-106.21654399,2478.3288,1.00584,0.0,0.0,0.0
412.7,39.96119384,-106.21654399,2478.3288,1.00584,0.0,0.0,0.0
412.8,39.96119389,-106.21654388,2478.3288,1.00584,0.0,0.0,180.0
412.9,39.96119379,-106.21654391,2478.3288,1.00584,0.0,0.0,180.0
413.0,39.96119361,-106.21654394,2478.3288,1.00584,0.0,0.0,180.0
413.1,39.96119336,-106.21654402,2478.3288,1.00584,0.0,0.0,180.0
413.2,39.96119295,-106.21654416,2478.3288,1.00584,0.491744,0.0,192.52880770915152
413.3,39.96119232,-106.21654434,2478.3288,1.00584,0.67056,0.0,188.7461622625552
413.4,39.96119159,-106.21654455,2478.3288,1.00584,0.938784,0.0,185.71059313749964
413.5,39.96119064,-106.21654477,2478.3288,1.00584,0.938784,0.0,184.2363947990588
413.6,39.96118932,-106.21654501,2478.3288,1.00584,1.34112,0.0,187.9071627029585
413.7,39.96118758,-106.21654526,2478.3288,1.00584,1.654048,0.0,186.3401917459099
413.8,39.96118553,-106.21654561,2478.3288,1.00584,2.101088,0.0,187.38604315126724
414.0,39.96118006,-106.2165465,2478.3288,1.00584,2.816352,0.0,187.1250163489018
414.1,39.9611764,-106.21654716,2478.3288,0.9144,3.442208,0.0,186.3401917459099
414.2,39.96117277,-106.21654774,2478.3288,0.9144,4.068064,0.0,186.81821457165185
414.3,39.96116892,-106.21654835,2478.3288,0.9144,4.202176,0.0,186.21563589970265
414.4,39.96116448,-106.21654908,2478.3288,0.9144,4.604512000000001,0.0,186.74005609794693
414.5,39.96115967,-106.21654991,2478.3288,0.9144,5.185664,0.0,186.2344800955412
414.6,39.96115484,-106.21655071,2478.3288,0.9144,5.409184,0.0,187.29419630854085
414.7,39.96114936,-106.21655162,2478.3288,1.00584,5.81152,0.0,186.8090501796134
414.8,39.96114348,-106.21655259,2478.3288,1.00584,6.347968,0.0,187.1743242364823
414.9,39.96113793,-106.21655353,2478.3288,1.00584,6.437376,0.0,186.753574035531
415.0,39.96113103,-106.21655509,2478.3288,1.00584,7.018528,0.0,187.1693629186168
415.1,39.96112466,-106.21655619,2478.3288,1.00584,7.465567999999999,0.0,186.86999230821425
415.2,39.96111782,-106.21655735,2478.3288,1.00584,7.420864000000001,0.0,187.16530873291592
415.3,39.96111085,-106.21655854,2478.3288,1.00584,7.733792,0.0,186.9301334966632
415.4,39.96110282,-106.21656006,2478.3288,1.00584,8.404352,0.0,186.67446904711755
415.5,39.96109509,-106.21656139,2478.3288,1.00584,8.851392,0.0,187.23237870827765
415.6,39.96108685,-106.21656274,2478.3288,1.00584,8.9408,-0.22352,187.53944513950933
415.7,39.9610787,-106.21656407,2478.3288,1.00584,9.16432,-0.491744,187.2243156940453
415.8,39.96107009,-106.21656532,2478.6336,1.09728,9.38784,-0.89408,186.93434890126957
415.9,39.96106164,-106.21656669,2478.6336,1.18872,9.521952,-1.207008,187.1863280210724
416.0,39.96105123,-106.21656838,2478.6336,1.31064,10.550144,-1.6987519999999998,186.91838640669368
416.1,39.96104146,-106.21656993,2478.9384,1.4935200000000002,11.310112,-2.01168,186.59060876814888
416.2,39.9610305,-106.21657165,2479.2432000000003,1.79832,11.62304,-2.414016,186.747898657459
416.3,39.96102001,-106.21657328,2479.548,2.01168,11.980672,-2.816352,186.4783645797729
416.4,39.96100855,-106.21657503,2479.8528,2.4079200000000003,12.2936,-3.218688,186.87481802870423
416.5,39.96099716,-106.21657674,2480.1576,2.7127200000000005,12.785344,-3.710432,186.66413729241256
416.6,39.96098466,-106.21657858,2480.4624000000003,3.2004,13.366496,-4.112768,186.84277341263092
416.7,39.96097201,-106.21658031,2481.072,3.5966400000000003,14.08176,-4.380992,186.68817898247468
416.8,39.96095909,-106.21658227,2481.3768,4.1148,14.30528,-4.604512000000001,186.9221603847088
416.9,39.96094735,-106.21658405,2481.9864,4.51104,13.813536,-4.783328,186.81435288940972
417.0,39.96093369,-106.21658616,2482.2912,4.99872,14.215872,-4.91744,186.68931539763403
417.1,39.96092154,-106.21658812,2482.9008000000003,5.39496,14.439391999999998,-4.91744,186.62849414082652
417.2,39.96090845,-106.21659012,2483.2056,5.91312,14.126464,-5.006848,186.5490915741953
417.3,39.96089456,-106.21659221,2483.8152,6.492240000000001,15.109951999999998,-5.006848,186.8495579927665
417.4,39.96088063,-106.21659429,2484.4248,7.010400000000001,15.556992,-5.006848,186.7889745744388
417.5,39.96086736,-106.21659621,2485.0344,7.498080000000001,15.19936,-5.096256,186.74917478956965
417.6,39.96085374,-106.21659828,2485.3392000000003,7.98576,15.065248,-5.006848,186.74917478956965
417.7,39.96084067,-106.21660026,2485.9488,8.50392,14.931136,-5.006848,186.7098368077569
417.8,39.96082673,-106.21660238,2486.2536,8.9916,15.109951999999998,-5.006848,186.7098368077569
417.9,39.96081438,-106.21660438,2486.8632,9.38784,14.707616,-5.006848,186.67095267425387
418.0,39.96079918,-106.21660676,2487.168,9.906,15.42288,-5.006848,187.1662511597122
418.1,39.96078542,-106.21660896,2487.7776000000003,10.393680000000002,16.227552,-4.91744,187.1045754723116
418.2,39.960771,-106.21661132,2488.3872,10.91184,15.780511999999998,-4.91744,187.4314079711725
418.3,39.96075728,-106.21661361,2488.692,11.30808,15.780511999999998,-4.783328,187.3890503301609
418.4,39.96074286,-106.21661618,2489.3016,11.79576,15.780511999999998,-4.783328,187.3890503301609
418.5,39.96072916,-106.2166185,2489.6064,12.31392,15.780511999999998,-4.91744,187.34717017911635
418.6,39.96071475,-106.21662095,2490.2160000000003,12.8016,15.735808,-4.91744,187.34717017911635
418.7,39.96070119,-106.2166233,2490.5208,13.19784,15.691104,-4.91744,187.34717017911635
418.8,39.96068783,-106.21662586,2491.1304,13.68552,15.109951999999998,-4.91744,187.6699051861773
418.9,39.96067417,-106.21662834,2491.4352000000003,14.11224,15.19936,-4.91744,187.62671788260224
419.0,39.9606594,-106.21663104,2492.0448,14.59992,15.959328,-4.91744,187.947195459088
419.1,39.96064535,-106.21663365,2492.3496,14.99616,16.182848,-4.91744,187.947195459088
419.2,39.96062985,-106.21663667,2492.9592,15.51432,16.585184,-4.91744,187.90273934316545
419.3,39.96061587,-106.21663933,2493.264,16.002000000000002,16.585184,-4.91744,187.90273934316545
419.4,39.96060122,-106.21664212,2493.8736000000004,16.48968,16.09344,-5.006848,187.90273934316545
419.5,39.96058727,-106.21664478,2494.4832,17.00784,16.048735999999998,-4.91744,188.2209758378515
419.6,39.96057253,-106.21664777,2494.788,17.40408,16.138144,-4.91744,187.90273934316545
419.7,39.96055861,-106.21665043,2495.0928000000004,17.80032,16.138144,-4.91744,187.90273934316545
419.9,39.96053013,-106.21665584,2496.3120000000004,18.80616,15.86992,-4.91744,187.90273934316545
420.0,39.9605155,-106.21665856,2496.6168,19.2024,16.138144,-4.91744,187.90273934316545
420.1,39.96050164,-106.21666117,2497.2264,19.69008,16.004032,-4.91744,187.90273934316545
420.2,39.96048702,-106.21666392,2497.5312,20.20824,16.004032,-4.91744,187.90273934316545
420.3,39.9604732,-106.21666651,2498.1408,20.695920000000005,16.004032,-4.783328,187.99215130568535
420.4,39.9604589,-106.21666918,2498.4456,21.092160000000003,15.780511999999998,-4.69392,188.1535553939894
420.5,39.96044566,-106.21667179,2499.0552,21.61032,15.467584,-4.380992,188.0337260287138
420.6,39.96043238,-106.2166743,2499.36,22.00656,14.886432,-4.02336,188.30440449206768
420.7,39.96041999,-106.21667666,2499.6648,22.31136,14.439391999999998,-3.621024,188.48628822444576
420.8,39.96040718,-106.21667914,2499.9696,22.58568,14.171168,-3.084576,188.28579702395373
420.9,39.96039632,-106.21668131,2500.2744,22.79904,13.321792,-2.592832,188.10353963954856
421.0,39.96038513,-106.21668351,2500.5792,23.10384,12.383008,-2.190496,188.2931828801182
421.1,39.9603742,-106.21668566,2500.5792,23.286720000000003,12.427712,-1.6987519999999998,188.4628911355909
421.2,39.9603617,-106.21668808,2500.884,23.40864,13.18768,-1.207008,188.0732048758252
421.3,39.96034958,-106.21669077,2500.884,23.50008,13.85824,-0.804672,188.2758928270752
421.4,39.96033798,-106.21669304,2500.884,23.50008,13.366496,-0.491744,188.55183023382008
421.5,39.96032748,-106.21669512,2500.884,23.591520000000003,12.427712,-0.312928,188.4758214577137
421.6,39.96031722,-106.21669723,2500.884,23.591520000000003,11.667744,-0.089408,188.32565033042684
421.7,39.96030771,-106.21669917,2501.1888,23.71344,11.131296,0.0,188.70951642200492
421.8,39.96029793,-106.21670131,2500.884,23.591520000000003,10.863072,0.0,188.63080178854844
421.9,39.96028966,-106.21670298,2500.884,23.591520000000003,10.192512,0.0,189.06929329989157
422.0,39.96028113,-106.21670473,2501.1888,23.71344,9.432544,0.0,188.85430818832185
422.1,39.9602742,-106.21670615,2501.1888,23.80488,8.71728,0.0,188.7690622531476
422.2,39.96026739,-106.21670747,2501.1888,23.896320000000003,7.733792,0.0,188.67317404787977
422.3,39.96026071,-106.21670878,2501.4936,23.98776,7.554975999999999,0.0,188.5645186425756
422.4,39.96025406,-106.21671007,2501.4936,23.98776,7.465567999999999,0.0,188.130102354156
422.5,39.96024809,-106.21671123,2501.4936,23.98776,7.063232,0.089408,187.96175089100808
422.6,39.96024201,-106.21671238,2501.4936,23.98776,6.795007999999999,0.22352,188.6156481841641
422.7,39.96023665,-106.21671343,2501.4936,24.10968,6.437376,0.089408,188.60138485871488
422.8,39.96023227,-106.21671435,2501.4936,24.10968,5.498592,0.089408,189.54913392873596
422.9,39.96022804,-106.21671529,2501.4936,24.10968,4.828032,0.0,189.2726017772003
423.0,39.96022428,-106.21671638,2501.4936,24.201120000000003,4.559807999999999,0.0,190.08059798754232
423.1,39.96022083,-106.21671721,2501.7984,24.29256,4.112768,0.0,188.901716032892
423.2,39.96021753,-106.21671803,2501.7984,24.29256,3.79984,0.089408,189.7066524093397
423.3,39.96021469,-106.21671874,2501.7984,24.29256,3.486912,0.089408,189.323591778138
423.4,39.96021202,-106.21671938,2501.7984,24.29256,3.084576,0.089408,190.73889710090543
423.5,39.96020948,-106.21672007,2501.7984,24.29256,2.950464,0.089408,190.40771131249005
423.6,39.96020751,-106.21672065,2501.7984,24.29256,2.548128,0.089408,191.82148834060723
423.7,39.96020583,-106.21672116,2501.7984,24.29256,2.101088,0.089408,192.72435568542235
423.8,39.96020466,-106.21672154,2501.4936,24.201120000000003,1.654048,0.22352,191.3099324740202
423.9,39.96020368,-106.21672202,2501.4936,24.201120000000003,1.34112,0.089408,195.52411099675425
424.0,39.96020304,-106.21672221,2501.7984,24.29256,0.938784,0.089408,190.304846468766
424.1,39.96020267,-106.21672233,2501.7984,24.29256,0.67056,0.089408,180.0
424.2,39.96020247,-106.2167224,2501.7984,24.29256,0.0,0.089408,180.0
424.3,39.96020239,-106.21672243,2501.7984,24.29256,0.0,0.089408,180.0
424.4,39.96020233,-106.21672238,2501.7984,24.29256,0.0,0.089408,180.0
424.5,39.96020235,-106.2167223,2501.7984,24.29256,0.0,0.22352,0.0
424.6,39.96020247,-106.21672221,2501.7984,24.29256,0.0,0.22352,21.80140948635181
424.7,39.96020243,-106.21672203,2501.7984,24.29256,0.0,0.22352,8.74616226255523
424.8,39.96020312,-106.21672185,2501.7984,24.29256,0.0,0.22352,5.710593137499643
424.9,39.96020407,-106.21672167,2501.7984,24.29256,0.938784,0.312928,3.9451862290375743
425.0,39.96020542,-106.2167215,2501.7984,24.29256,1.251712,0.22352,7.495857639729877
425.1,39.96020702,-106.21672129,2501.7984,24.29256,1.56464,0.22352,6.34019174590992
425.2,39.96020918,-106.21672108,2501.7984,24.29256,2.101088,0.22352,5.29008120537128
425.3,39.96021149,-106.21672075,2501.4936,24.201120000000003,2.45872,0.312928,4.537772507906652
425.4,39.96021432,-106.21672035,2501.4936,24.201120000000003,2.90576,0.312928,5.552971033036783
425.5,39.96021731,-106.21671991,2501.4936,24.201120000000003,3.263392,0.22352,6.581944655178006
425.6,39.96022097,-106.21671929,2501.4936,24.201120000000003,3.755136,0.22352,6.0440921622411
425.7,39.96022455,-106.21671869,2501.4936,24.201120000000003,4.02336,0.22352,6.6744690471175545
425.8,39.96022865,-106.21671796,2501.4936,24.201120000000003,4.291583999999999,0.312928,7.193470055295563
425.9,39.96023286,-106.21671719,2501.4936,24.201120000000003,4.649216,0.312928,6.740056097946933
426.0,39.96023781,-106.21671615,2501.4936,24.10968,5.096256,0.312928,7.657709693713855
426.1,39.96024266,-106.21671526,2501.4936,24.10968,5.498592,0.22352,7.294196308540847
426.2,39.96024808,-106.21671428,2501.4936,24.10968,5.766816,0.312928,7.7651660184253615
426.3,39.96025352,-106.21671327,2501.4936,24.10968,6.079744,0.22352,8.073204875825184
426.4,39.9602596,-106.21671203,2501.4936,24.10968,6.48208,0.22352,7.696051722016591
426.5,39.96026558,-106.21671089,2501.4936,24.10968,6.795007999999999,0.22352,8.130102354155952
426.6,39.96027212,-106.21670968,2501.4936,23.98776,7.018528,0.22352,7.781046222983548
426.7,39.96027863,-106.21670847,2501.4936,23.98776,7.331455999999999,0.22352,8.464045663962679
426.8,39.96028579,-106.2167071,2501.4936,23.98776,7.644384,0.22352,8.130102354155952
426.9,39.96029283,-106.21670575,2501.4936,23.98776,8.002016,0.22352,7.864024795499517
427.0,39.96030053,-106.21670429,2501.4936,23.98776,8.27024,0.22352,8.172764877554528
427.1,39.96030809,-106.21670287,2501.1888,23.896320000000003,8.583167999999999,0.22352,7.883139316729739
427.2,39.96031629,-106.2167014,2501.1888,23.896320000000003,8.851392,0.22352,8.209901438370707
427.3,39.96032435,-106.21670002,2501.1888,23.896320000000003,9.119616,0.089408,7.937188000622939
427.4,39.96033332,-106.21669836,2501.1888,23.896320000000003,9.566656,0.089408,7.681904616251472
427.5,39.960342,-106.21669678,2501.1888,23.80488,9.879584,0.089408,7.442441242654297
427.6,39.96035071,-106.21669526,2501.1888,23.80488,9.790176,0.089408,7.312154865298226
427.7,39.96036026,-106.21669372,2501.1888,23.80488,10.237215999999998,0.089408,7.578535474859791
427.8,39.96036946,-106.21669215,2501.1888,23.71344,10.50544,0.089408,7.452077443404676
427.9,39.9603794,-106.21669044,2501.1888,23.71344,10.72896,0.089408,7.240590129645
428.0,39.96038956,-106.21668865,2501.1888,23.71344,11.265408,0.0,7.125016348901795
428.1,39.96039932,-106.21668689,2501.1888,23.71344,11.176,0.0,6.931356798315846
428.2,39.96041023,-106.21668504,2501.1888,23.71344,11.62304,0.0,7.450249068656205
428.3,39.96042134,-106.21668318,2501.1888,23.71344,12.338304,0.0,7.338606336236239
428.4,39.96043252,-106.21668133,2501.1888,23.71344,12.51712,0.0,7.151036228817475
428.5,39.96044332,-106.21667952,2501.1888,23.71344,12.338304,0.0,7.048074882824835
428.6,39.96045483,-106.21667769,2501.1888,23.71344,12.51712,0.0,7.326406660169539
428.7,39.96046593,-106.21667582,2501.1888,23.71344,12.651232,0.0,7.27500495788928
428.8,39.96047776,-106.21667379,2501.1888,23.71344,12.830048,0.0,7.568397021589419
428.9,39.96048855,-106.21667192,2501.1888,23.71344,12.695936,0.0,7.439825156290908
429.0,39.96050108,-106.21666976,2500.884,23.591520000000003,13.098272,0.0,7.389604549790363
429.1,39.9605127,-106.21666769,2500.884,23.591520000000003,13.545312,0.0,7.645013271670734
429.2,39.96052507,-106.21666545,2501.1888,23.71344,13.455904,0.0,8.156838600238302
429.3,39.96053696,-106.21666328,2500.884,23.591520000000003,13.63472,0.0,8.050928135301888
429.4,39.96054951,-106.21666091,2500.884,23.591520000000003,13.724128,0.0,7.973271232570369
429.5,39.96056164,-106.21665866,2500.884,23.591520000000003,13.85824,0.0,7.872015002819808
429.6,39.96057384,-106.21665636,2500.884,23.591520000000003,13.679424,0.0,8.181350801591861
429.7,39.9605862,-106.21665403,2500.884,23.591520000000003,13.768832,0.0,8.05441444638177
429.8,39.9605993,-106.21665153,2500.884,23.591520000000003,14.30528,0.0,8.355576492202658
429.9,39.9606126,-106.21664903,2500.884,23.591520000000003,14.841728000000002,-0.089408,8.304404492067647
430.0,39.96062592,-106.21664649,2500.884,23.591520000000003,14.931136,-0.22352,8.355576492202658
430.1,39.96063851,-106.21664412,2500.884,23.591520000000003,14.573504,-0.312928,8.130102354155952
430.2,39.96065151,-106.21664171,2501.1888,23.71344,14.349984,-0.402336,7.922321653000665
430.3,39.96066376,-106.21663943,2501.1888,23.71344,14.171168,-0.312928,8.156838600238302
430.4,39.96067639,-106.2166371,2501.1888,23.71344,13.992352,-0.22352,7.880146588630453
430.5,39.96068786,-106.21663497,2501.1888,23.71344,13.545312,-0.089408,8.130102354155952
430.6,39.96069907,-106.21663288,2501.1888,23.80488,12.74064,-0.089408,7.982051573811645
430.7,39.96070882,-106.21663114,2501.1888,23.80488,11.801856,0.0,7.883139316729739
430.8,39.96071888,-106.21662926,2501.1888,23.80488,11.131296,0.0,8.259437979878783
430.9,39.96072808,-106.21662751,2501.1888,23.80488,10.818368,0.0,8.163945102442938
431.0,39.96073753,-106.21662563,2501.1888,23.80488,10.50544,0.0,8.555558243412861
431.1,39.96074513,-106.21662371,2501.1888,23.71344,9.61136,0.0,8.204706191568675
431.2,39.96075405,-106.21662193,2501.1888,23.71344,9.343136,0.0,8.640606413823946
431.3,39.96076206,-106.21662031,2501.1888,23.71344,9.521952,0.0,8.67816888524078
431.6,39.96078403,-106.21661582,2501.1888,23.71344,8.449055999999999,0.581152,8.564518642575592
431.7,39.9607907,-106.2166145,2500.884,23.591520000000003,8.04672,1.1176,7.877699671866821
431.8,39.96079665,-106.21661333,2500.884,23.50008,7.1079360000000005,1.609344,8.130102354155952
431.9,39.96080274,-106.21661216,2500.5792,23.286720000000003,6.795007999999999,2.01168,7.696051722016591
432.0,39.96080827,-106.21661123,2500.5792,23.10384,6.526784,2.279904,7.96175089100808
432.1,39.96081373,-106.21661021,2500.2744,22.89048,6.169152,2.503424,8.488943880504735
432.2,39.96081939,-106.21660911,2499.9696,22.58568,6.25856,2.68224,8.74616226255523
432.4,39.96083101,-106.21660679,2499.36,22.00656,6.48208,2.995168,8.194263334630193
432.5,39.96083623,-106.21660581,2499.0552,21.61032,6.303264,3.084576,8.004728857292832
432.6,39.96084148,-106.21660486,2498.7504,21.30552,5.900928,3.084576,7.650650955359424
432.7,39.96084711,-106.21660387,2498.4456,21.00072,6.079744,3.084576,8.187802011904523
432.8,39.96085321,-106.21660309,2498.1408,20.695920000000005,6.526784,2.995168,7.96175089100808
432.9,39.96085868,-106.21660213,2497.836,20.391120000000004,6.437376,2.995168,7.594643368591448
433.0,39.96086543,-106.21660091,2497.5312,20.086320000000004,6.8397120000000005,2.995168,7.877699671866821
433.1,39.96087172,-106.21659974,2497.2264,19.812,7.331455999999999,2.90576,8.826370954227912
433.2,39.96087857,-106.21659849,2496.9216,19.59864,7.37616,2.816352,7.781046222983548
433.3,39.96088512,-106.21659723,2496.6168,19.29384,7.554975999999999,2.816352,8.130102354155952
433.4,39.96089145,-106.21659596,2496.6168,19.11096,7.242048,2.816352,8.62735314406524
433.5,39.96089721,-106.21659478,2496.3120000000004,18.80616,6.795007999999999,2.816352,8.86826283320761
433.6,39.96090259,-106.21659364,2496.0072,18.50136,6.25856,2.816352,8.615648184164115
433.7,39.96090773,-106.21659231,2495.7024,18.19656,5.945632,2.90576,8.46128814257139
433.9,39.96091677,-106.21659037,2495.0928000000004,17.70888,5.319776,2.90576,8.82974466790904
434.0,39.96092073,-106.21658956,2494.788,17.40408,4.872736,2.90576,8.042894233505308
434.1,39.96092341,-106.2165889,2494.4832,17.09928,3.755136,2.90576,7.549421768263301
434.2,39.96092677,-106.21658831,2494.1784,16.79448,3.442208,2.995168,7.125016348901795
434.3,39.96092953,-106.21658782,2493.8736000000004,16.48968,3.442208,2.995168,8.130102354155952
434.5,39.96093346,-106.21658708,2493.264,15.910560000000002,2.503424,2.995168,9.926245506651696
434.6,39.96093491,-106.21658672,2492.9592,15.605760000000002,2.01168,2.995168,9.16234704572173
434.7,39.96093596,-106.21658645,2492.6544000000004,15.300960000000002,1.519936,3.084576,12.804266065286754
434.8,39.96093677,-106.21658623,2492.6544000000004,15.0876,0.938784,2.995168,7.125016348901795
434.9,39.96093676,-106.21658612,2492.3496,14.81328,0.491744,3.084576,10.304846468766016
435.0,39.96093716,-106.21658596,2491.74,14.38656,0.0,3.084576,10.304846468766016
435.1,39.96093752,-106.21658584,2491.74,14.20368,0.67056,3.084576,10.304846468766016
435.2,39.96093802,-106.21658572,2491.4352000000003,13.898880000000002,0.0,2.995168,8.74616226255523
435.3,39.96093856,-106.21658558,2491.1304,13.594080000000002,0.67056,2.995168,8.74616226255523
435.4,39.96093976,-106.21658528,2490.8256,13.289280000000002,1.0728959999999998,2.90576,17.35402463626133
435.5,39.96094048,-106.21658497,2490.5208,13.1064,1.162304,2.816352,21.25050550713325
435.6,39.96094136,-106.21658457,2490.2160000000003,12.8016,1.0728959999999998,2.816352,24.227745317954145
435.7,39.9609423,-106.21658405,2489.9112,12.4968,1.162304,2.816352,26.565051177077976
435.8,39.96094403,-106.2165831,2489.6064,12.192,1.654048,2.90576,25.709953780811247
435.9,39.9609453,-106.2165823,2489.3016,11.8872,1.78816,2.90576,20.924501744921145
436.0,39.96094694,-106.21658131,2488.9968000000003,11.61288,1.78816,2.90576,22.833654177917538
436.1,39.96094854,-106.21658034,2488.692,11.39952,2.01168,2.90576,23.962488974578207
436.2,39.96095079,-106.21657896,2488.3872,11.00328,2.414016,2.995168,26.113912630290717
436.3,39.96095306,-106.21657751,2488.0824,10.78992,2.771648,2.995168,24.962789830807026
436.4,39.96095569,-106.21657585,2487.7776000000003,10.48512,3.039872,2.90576,27.61302782308445
436.5,39.96095848,-106.21657399,2487.4728,10.2108,3.3528,2.90576,27.824096384253263
436.6,39.96096191,-106.2165716,2487.168,9.906,3.933952,2.592832,29.054604099077157
436.7,39.96096534,-106.2165691,2487.168,9.69264,4.336288,2.190496,29.538782259558104
436.8,39.96096931,-106.21656613,2486.8632,9.38784,4.69392,1.78816,29.7448812969422
436.9,39.96097364,-106.21656283,2486.5584000000003,9.2964,5.36448,1.296416,30.488940499830903
437.0,39.96097833,-106.21655916,2486.5584000000003,9.20496,5.81152,0.89408,30.745349281773315
437.1,39.96098341,-106.21655507,2486.5584000000003,9.11352,6.347968,0.581152,31.299601334628505
437.2,39.96098887,-106.21655072,2486.5584000000003,9.11352,6.884416,0.312928,31.774197726285426
437.3,39.96099443,-106.21654625,2486.5584000000003,9.11352,7.197344,0.22352,31.31598024775252
437.4,39.9610006,-106.21654125,2486.2536,8.9916,7.689088,0.0,31.304123495591
437.5,39.96100686,-106.21653606,2486.5584000000003,9.11352,8.180832,-0.089408,31.865977693603668
437.6,39.96101293,-106.21653119,2486.5584000000003,9.11352,8.091424,-0.089408,31.82744657667314
437.7,39.96101857,-106.2165267,2486.5584000000003,9.11352,7.644384,-0.22352,31.083122566698705
437.8,39.96102432,-106.21652221,2486.5584000000003,9.20496,7.37616,-0.089408,30.963756532073543
437.9,39.96102878,-106.21651878,2486.5584000000003,9.20496,6.616192,0.0,32.13289585998092
438.0,39.96103373,-106.2165147,2486.5584000000003,9.20496,6.124447999999999,0.0,33.20657031508955
438.1,39.96103792,-106.21651109,2486.5584000000003,9.20496,6.03504,0.0,33.55895613123255
438.2,39.96104209,-106.21650731,2486.5584000000003,9.20496,5.632704,0.0,35.24203655865222
438.3,39.96104421,-106.2165047,2486.5584000000003,9.11352,4.425696,0.0,35.86284898586126
438.4,39.96104736,-106.21650152,2486.5584000000003,9.11352,3.844544,0.0,37.11686068327026
438.5,39.96105002,-106.21649873,2486.2536,8.9916,4.068064,0.089408,38.11827636936306
438.6,39.96105255,-106.21649605,2486.2536,8.9916,3.755136,0.089408,40.006256014176586
438.7,39.96105461,-106.21649373,2486.2536,8.9916,3.308096,0.089408,42.45519562018694
438.8,39.96105602,-106.2164917,2486.2536,8.9916,2.68224,0.0,43.53119928561421
438.9,39.96105752,-106.21648987,2486.2536,8.9916,2.279904,0.0,42.35745470593525
439.0,39.9610589,-106.21648823,2486.2536,8.9916,2.2352,0.0,42.95459151111277
439.1,39.96106004,-106.21648691,2486.2536,8.9916,1.877568,0.0,45.0
439.2,39.96106108,-106.21648601,2486.2536,8.9916,1.519936,0.0,42.27368900609372
439.3,39.96106193,-106.21648511,2486.2536,8.9916,1.162304,0.0,41.63353933657021
439.4,39.96106271,-106.21648436,2486.2536,8.9916,1.0728959999999998,0.0,39.0938588862295
439.5,39.96106333,-106.21648383,2486.5584000000003,9.11352,0.804672,0.0,34.695153531233984
439.6,39.96106417,-106.21648332,2486.5584000000003,9.20496,0.938784,0.0,24.44395478041656
439.7,39.96106459,-106.21648304,2486.5584000000003,9.20496,0.804672,0.0,15.945395900922849
439.9,39.96106514,-106.21648274,2486.5584000000003,9.20496,0.44704,0.0,0.0
440.0,39.9610653,-106.21648251,2486.5584000000003,9.20496,0.44704,0.0,0.0
440.1,39.96106536,-106.21648252,2486.5584000000003,9.20496,0.0,0.0,0.0
440.2,39.9610654,-106.21648257,2486.5584000000003,9.20496,0.0,0.0,0.0
440.3,39.96106539,-106.2164827,2486.5584000000003,9.2964,0.0,0.0,270.0
440.4,39.96106536,-106.2164829,2486.5584000000003,9.20496,0.0,0.0,270.0
440.5,39.96106556,-106.21648292,2486.5584000000003,9.2964,0.0,0.0,270.0
440.6,39.96106556,-106.2164832,2486.5584000000003,9.2964,0.0,0.089408,270.0
440.7,39.96106564,-106.21648363,2486.5584000000003,9.2964,0.491744,0.089408,280.304846468766
440.8,39.96106585,-106.21648436,2486.5584000000003,9.2964,0.67056,0.089408,293.6293777306568
440.9,39.96106631,-106.21648508,2486.5584000000003,9.2964,0.67056,0.0,303.02386755579664
441.0,39.96106697,-106.2164864,2486.5584000000003,9.2964,1.162304,0.0,304.59228868750995
441.1,39.9610679,-106.21648804,2486.5584000000003,9.2964,1.519936,0.089408,308.453709216706
441.2,39.96106916,-106.21649004,2486.5584000000003,9.2964,1.966976,0.089408,311.8201698801358
441.3,39.96107084,-106.2164925,2486.5584000000003,9.2964,2.503424,0.089408,311.6335393365702
441.4,39.96107271,-106.21649507,2486.5584000000003,9.2964,2.90576,0.089408,313.806510576018
441.5,39.96107471,-106.2164978,2486.5584000000003,9.2964,3.12928,0.089408,313.95837332399003
441.6,39.96107693,-106.21650081,2486.5584000000003,9.2964,3.397504,0.0,314.0289780689208
441.7,39.96108,-106.21650463,2486.5584000000003,9.2964,4.157472,0.0,315.0
441.8,39.96108281,-106.21650835,2486.5584000000003,9.2964,4.604512000000001,0.0,314.15747573925955
441.9,39.96108563,-106.21651204,2486.8632,9.38784,4.4704,0.0,314.2151753970081
442.0,39.9610887,-106.21651601,2486.5584000000003,9.2964,4.604512000000001,0.0,314.23610153907
442.1,39.96109172,-106.21651994,2486.5584000000003,9.2964,4.783328,0.0,315.0
442.2,39.96109486,-106.21652396,2486.5584000000003,9.2964,4.783328,0.089408,315.0
442.3,39.96109804,-106.21652804,2486.5584000000003,9.2964,4.91744,0.089408,316.0809241866607
442.4,39.96110147,-106.21653232,2486.5584000000003,9.2964,5.096256,0.0,315.0
442.5,39.96110476,-106.21653646,2486.5584000000003,9.20496,5.185664,0.089408,315.6986943829835
442.6,39.96110798,-106.21654063,2486.5584000000003,9.20496,5.051552,0.089408,315.6986943829835
442.7,39.96111124,-106.21654484,2486.5584000000003,9.20496,5.051552,0.089408,315.0
442.8,39.96111468,-106.21654923,2486.5584000000003,9.20496,5.230368,0.0,315.0
442.9,39.96111776,-106.21655325,2486.5584000000003,9.20496,5.096256,0.0,314.23610153907
443.0,39.96112038,-106.21655692,2486.5584000000003,9.11352,4.559807999999999,0.0,312.93988897627685
443.1,39.96112286,-106.21656041,2486.5584000000003,9.11352,4.157472,0.0,312.70938995736145
443.2,39.96112514,-106.21656375,2486.5584000000003,9.11352,3.933952,0.089408,312.3245733439708
443.3,39.96112703,-106.21656662,2486.5584000000003,9.11352,3.531616,0.089408,311.2686030008396
443.4,39.96112855,-106.21656917,2486.2536,8.9916,2.950464,0.089408,308.33334010909863
443.5,39.96112979,-106.21657126,2486.2536,8.9916,2.503424,0.089408,306.3268259521202
443.6,39.96113054,-106.21657273,2486.2536,8.9916,1.877568,0.089408,295.70995378081125
443.7,39.961131,-106.21657376,2486.2536,8.9916,1.251712,0.0,296.565051177078
443.8,39.96113134,-106.21657458,2486.2536,8.9916,0.938784,0.0,294.44395478041656
443.9,39.96113097,-106.21657438,2486.2536,8.9916,0.67056,0.0,285.94539590092285
444.0,39.96113105,-106.21657466,2486.5584000000003,9.11352,0.0,0.0,338.1985905136482
444.1,39.9611311,-106.21657475,2486.2536,8.9916,0.0,0.0,0.0
444.2,39.96113119,-106.2165747,2486.5584000000003,9.11352,0.0,0.0,0.0
444.3,39.96113127,-106.21657433,2486.5584000000003,9.20496,0.0,0.0,0.0
444.4,39.96113141,-106.2165742,2486.5584000000003,9.20496,0.0,0.0,0.0
444.5,39.96113151,-106.21657408,2486.5584000000003,9.20496,0.0,0.0,0.0
444.6,39.9611316,-106.21657402,2486.5584000000003,9.20496,0.0,0.0,0.0
444.7,39.96113225,-106.21657429,2486.5584000000003,9.20496,0.67056,0.0,0.0
444.8,39.9611323,-106.2165743,2486.5584000000003,9.20496,0.67056,0.0,0.0
444.9,39.96113231,-106.21657432,2486.5584000000003,9.20496,0.0,0.0,0.0
445.0,39.96113226,-106.21657433,2486.5584000000003,9.20496,0.0,0.089408,180.0
445.1,39.96113253,-106.21657483,2486.5584000000003,9.20496,0.0,0.089408,180.0
445.2,39.96113231,-106.21657484,2486.5584000000003,9.11352,0.0,0.089408,180.0
445.3,39.96113209,-106.21657482,2486.5584000000003,9.20496,0.0,0.0,180.0
445.4,39.96113189,-106.21657476,2486.5584000000003,9.20496,0.0,0.0,180.0
445.5,39.96113169,-106.21657472,2486.5584000000003,9.20496,0.0,0.0,180.0
445.6,39.96113147,-106.21657454,2486.5584000000003,9.20496,0.0,0.0,180.0
445.7,39.96113119,-106.21657452,2486.5584000000003,9.20496,0.0,0.0,180.0
445.8,39.96113091,-106.21657456,2486.5584000000003,9.20496,0.491744,0.0,180.0
445.9,39.96113062,-106.2165746,2486.5584000000003,9.20496,0.491744,0.0,180.0
446.0,39.96113023,-106.2165747,2486.5584000000003,9.20496,0.491744,0.0,180.0
446.1,39.96112994,-106.21657474,2486.5584000000003,9.20496,0.491744,0.0,180.0
446.2,39.96112969,-106.21657479,2486.5584000000003,9.20496,0.491744,0.0,180.0
446.3,39.96112946,-106.21657484,2486.5584000000003,9.20496,0.0,0.0,180.0
446.4,39.96112925,-106.21657493,2486.5584000000003,9.20496,0.0,0.0,180.0
446.5,39.96112906,-106.21657501,2486.5584000000003,9.20496,0.0,0.0,180.0
446.6,39.96112887,-106.21657511,2486.5584000000003,9.20496,0.0,0.0,180.0
446.7,39.96112874,-106.21657521,2486.5584000000003,9.20496,0.0,0.0,225.0
446.8,39.9611287,-106.21657526,2486.5584000000003,9.20496,0.0,0.0,180.0
446.9,39.9611286,-106.21657534,2486.5584000000003,9.20496,0.0,0.0,180.0
447.0,39.96112846,-106.21657543,2486.5584000000003,9.20496,0.0,0.0,180.0
447.1,39.96112833,-106.21657549,2486.5584000000003,9.20496,0.0,0.0,180.0
447.2,39.96112823,-106.21657553,2486.5584000000003,9.20496,0.0,0.0,180.0
447.3,39.96112806,-106.21657546,2486.5584000000003,9.20496,0.0,0.0,180.0
447.4,39.96112791,-106.21657549,2486.5584000000003,9.20496,0.0,0.0,180.0
447.5,39.96112778,-106.21657553,2486.5584000000003,9.11352,0.0,0.0,180.0
447.6,39.96112767,-106.21657559,2486.5584000000003,9.11352,0.0,0.0,180.0
447.7,39.96112745,-106.21657567,2486.5584000000003,9.11352,0.0,0.0,0.0
447.8,39.96112737,-106.21657571,2486.5584000000003,9.11352,0.0,0.0,0.0
447.9,39.96112731,-106.21657574,2486.5584000000003,9.11352,0.0,0.0,0.0
448.0,39.96112729,-106.21657573,2486.5584000000003,9.11352,0.0,0.0,0.0
448.1,39.96112731,-106.21657574,2486.5584000000003,9.11352,0.0,0.0,0.0
448.2,39.96112736,-106.21657576,2486.5584000000003,9.11352,0.0,0.0,0.0
448.4,39.96112743,-106.21657572,2486.5584000000003,9.11352,0.0,0.0,0.0
448.5,39.96112756,-106.21657579,2486.5584000000003,9.11352,0.0,0.0,0.0
448.6,39.96112761,-106.21657578,2486.5584000000003,9.11352,0.0,0.0,0.0
448.7,39.96112764,-106.21657576,2486.5584000000003,9.11352,0.0,0.0,0.0
448.8,39.96112765,-106.21657572,2486.5584000000003,9.11352,0.0,0.0,0.0
448.9,39.96112766,-106.21657569,2486.5584000000003,9.11352,0.0,0.0,0.0
449.0,39.96112758,-106.2165757,2486.5584000000003,9.11352,0.0,0.0,0.0
449.1,39.96112758,-106.21657569,2486.5584000000003,9.11352,0.0,0.0,0.0
449.2,39.96112761,-106.21657569,2486.5584000000003,9.11352,0.491744,0.0,0.0
449.3,39.96112763,-106.21657568,2486.5584000000003,9.11352,0.0,0.0,0.0
449.4,39.96112765,-106.21657562,2486.5584000000003,9.11352,0.0,0.0,0.0
449.5,39.96112763,-106.21657556,2486.5584000000003,9.11352,0.0,0.0,0.0
449.6,39.96112759,-106.21657552,2486.5584000000003,9.11352,0.491744,0.0,0.0
449.7,39.96112756,-106.21657547,2486.5584000000003,9.11352,0.0,0.0,0.0
449.8,39.96112749,-106.21657531,2486.5584000000003,9.11352,0.0,0.0,0.0
449.9,39.96112745,-106.21657524,2486.5584000000003,9.11352,0.0,0.0,0.0
450.0,39.96112742,-106.2165752,2486.5584000000003,9.11352,0.0,0.0,0.0
450.1,39.96112738,-106.21657516,2486.5584000000003,9.11352,0.0,0.0,0.0
450.2,39.96112739,-106.21657506,2486.5584000000003,9.20496,0.0,0.0,0.0
450.3,39.96112737,-106.21657504,2486.5584000000003,9.20496,0.0,0.0,0.0
450.4,39.96112734,-106.21657505,2486.5584000000003,9.20496,0.0,0.0,0.0
450.5,39.96112733,-106.21657506,2486.5584000000003,9.20496,0.0,0.0,0.0
450.6,39.96112736,-106.21657508,2486.5584000000003,9.20496,0.0,0.0,0.0
450.7,39.96112741,-106.21657511,2486.5584000000003,9.20496,0.0,0.0,0.0
450.8,39.96112741,-106.21657504,2486.5584000000003,9.11352,0.0,0.0,0.0
450.9,39.96112741,-106.21657494,2486.5584000000003,9.11352,0.0,0.0,0.0
451.0,39.96112742,-106.21657482,2486.5584000000003,9.11352,0.0,0.0,0.0
451.1,39.96112739,-106.21657456,2486.2536,8.9916,0.0,0.0,0.0
451.2,39.96112733,-106.21657444,2486.2536,8.9916,0.0,0.0,0.0
451.3,39.96112726,-106.21657435,2486.2536,8.9916,0.0,0.0,0.0
451.4,39.96112719,-106.21657428,2486.2536,8.9916,0.0,0.0,0.0
451.5,39.96112702,-106.21657424,2486.2536,8.9916,0.0,0.0,0.0
451.6,39.9611269,-106.21657424,2486.2536,8.9916,0.0,0.0,0.0
451.7,39.96112679,-106.21657426,2486.2536,8.9916,0.0,0.0,0.0
451.8,39.96112667,-106.21657431,2486.2536,8.9916,0.0,0.0,0.0
452.0,39.96112642,-106.21657454,2486.2536,8.9916,0.312928,0.0,0.0
452.1,39.96112641,-106.21657457,2486.5584000000003,9.11352,0.0,0.0,0.0
452.3,39.9611264,-106.21657456,2486.5584000000003,9.11352,0.0,0.0,0.0
452.4,39.96112633,-106.21657457,2486.5584000000003,9.11352,0.0,0.0,0.0
452.5,39.9611263,-106.21657459,2486.5584000000003,9.11352,0.0,0.0,0.0
452.6,39.96112629,-106.21657457,2486.5584000000003,9.11352,0.0,0.0,0.0
452.7,39.96112627,-106.21657455,2486.5584000000003,9.11352,0.0,0.0,0.0
452.8,39.96112619,-106.21657446,2486.5584000000003,9.11352,0.491744,0.0,0.0
452.9,39.96112616,-106.21657446,2486.5584000000003,9.11352,0.0,0.0,0.0
453.0,39.96112613,-106.21657449,2486.5584000000003,9.11352,0.491744,0.0,0.0
453.1,39.9611261,-106.21657453,2486.5584000000003,9.20496,0.491744,0.0,0.0
453.2,39.96112595,-106.2165747,2486.5584000000003,9.20496,0.0,0.0,0.0
453.3,39.96112594,-106.21657477,2486.5584000000003,9.20496,0.0,0.0,0.0
453.4,39.96112596,-106.2165748,2486.5584000000003,9.20496,0.0,0.0,0.0
453.5,39.96112598,-106.21657481,2486.5584000000003,9.20496,0.0,0.0,0.0
453.6,39.96112597,-106.21657481,2486.5584000000003,9.11352,0.0,0.0,0.0
453.7,39.96112598,-106.21657479,2486.5584000000003,9.11352,0.0,0.0,0.0
453.8,39.96112603,-106.21657473,2486.5584000000003,9.11352,0.491744,0.0,0.0
453.9,39.96112608,-106.21657468,2486.5584000000003,9.11352,0.0,0.0,0.0
454.0,39.9611262,-106.21657463,2486.5584000000003,9.20496,0.491744,0.0,0.0
454.1,39.96112639,-106.21657451,2486.5584000000003,9.11352,0.0,0.0,0.0
454.2,39.96112646,-106.21657452,2486.5584000000003,9.11352,0.0,0.0,0.0
454.3,39.96112655,-106.21657455,2486.5584000000003,9.20496,0.0,0.0,0.0
454.4,39.96112669,-106.21657461,2486.5584000000003,9.11352,0.0,0.0,0.0
454.5,39.96112685,-106.21657475,2486.5584000000003,9.20496,0.0,0.0,0.0
454.6,39.96112693,-106.21657482,2486.5584000000003,9.20496,0.0,0.0,0.0
454.7,39.961127,-106.21657487,2486.5584000000003,9.20496,0.0,0.0,0.0
454.8,39.96112707,-106.21657491,2486.5584000000003,9.20496,0.0,0.0,0.0
454.9,39.96112708,-106.21657494,2486.5584000000003,9.20496,0.0,0.0,0.0
455.0,39.96112706,-106.21657498,2486.5584000000003,9.20496,0.0,0.0,0.0
455.1,39.96112701,-106.216575,2486.5584000000003,9.20496,0.0,0.0,0.0
455.2,39.96112693,-106.21657501,2486.5584000000003,9.20496,0.0,0.089408,0.0
455.3,39.96112666,-106.21657505,2486.5584000000003,9.20496,0.0,0.089408,0.0
455.4,39.96112661,-106.21657507,2486.5584000000003,9.20496,0.0,0.0,0.0
455.5,39.96112658,-106.21657509,2486.5584000000003,9.20496,0.0,0.0,0.0
455.6,39.96112656,-106.21657512,2486.5584000000003,9.2964,0.0,0.0,0.0
455.7,39.96112658,-106.21657514,2486.5584000000003,9.2964,0.0,0.0,0.0
455.8,39.96112669,-106.21657525,2486.5584000000003,9.2964,0.491744,0.089408,0.0
455.9,39.96112679,-106.21657523,2486.5584000000003,9.2964,0.0,0.089408,0.0
456.0,39.96112696,-106.21657516,2486.5584000000003,9.2964,0.0,0.0,0.0
456.1,39.9611271,-106.2165751,2486.5584000000003,9.2964,0.0,0.0,0.0
456.2,39.96112727,-106.21657497,2486.5584000000003,9.2964,0.0,0.089408,0.0
456.3,39.96112737,-106.21657492,2486.5584000000003,9.2964,0.0,0.089408,0.0
456.4,39.96112749,-106.21657491,2486.5584000000003,9.2964,0.0,0.089408,0.0
456.5,39.96112757,-106.21657491,2486.8632,9.38784,0.0,0.0,0.0
456.6,39.96112755,-106.21657504,2486.8632,9.38784,0.0,0.0,0.0
456.7,39.96112755,-106.21657509,2486.8632,9.38784,0.0,0.089408,0.0
456.8,39.96112757,-106.21657512,2486.8632,9.38784,0.0,0.089408,0.0
456.9,39.96112758,-106.21657515,2486.8632,9.38784,0.491744,0.089408,0.0
457.0,39.96112756,-106.2165752,2486.5584000000003,9.2964,0.0,0.089408,0.0
457.1,39.96112758,-106.21657528,2486.5584000000003,9.2964,0.491744,0.089408,0.0
457.2,39.96112761,-106.21657538,2486.5584000000003,9.2964,0.0,0.089408,0.0
457.3,39.96112766,-106.21657546,2486.5584000000003,9.2964,0.0,0.089408,0.0
457.4,39.96112773,-106.21657551,2486.5584000000003,9.2964,0.0,0.089408,0.0
457.5,39.96112782,-106.21657562,2486.5584000000003,9.2964,0.0,0.089408,0.0
457.6,39.96112785,-106.21657563,2486.5584000000003,9.2964,0.0,0.089408,0.0
457.7,39.96112787,-106.21657563,2486.5584000000003,9.20496,0.0,0.089408,0.0
457.8,39.96112786,-106.21657564,2486.5584000000003,9.20496,0.0,0.089408,0.0
457.9,39.96112775,-106.21657561,2486.5584000000003,9.20496,0.0,0.089408,0.0
458.0,39.96112773,-106.21657563,2486.5584000000003,9.20496,0.0,0.089408,0.0
458.1,39.96112771,-106.21657565,2486.5584000000003,9.20496,0.0,0.0,0.0
458.2,39.96112769,-106.21657569,2486.5584000000003,9.20496,0.0,0.0,0.0
458.3,39.96112757,-106.2165758,2486.5584000000003,9.20496,0.0,0.0,0.0
458.4,39.96112754,-106.21657585,2486.5584000000003,9.11352,0.0,0.089408,0.0
458.5,39.96112752,-106.21657587,2486.5584000000003,9.11352,0.0,0.0,0.0
458.6,39.96112753,-106.21657588,2486.5584000000003,9.11352,0.491744,0.0,0.0
458.7,39.96112749,-106.21657602,2486.5584000000003,9.11352,0.0,0.0,0.0
458.8,39.9611275,-106.216576,2486.5584000000003,9.11352,0.0,0.0,0.0
458.9,39.96112749,-106.21657595,2486.5584000000003,9.11352,0.0,0.0,0.0
459.0,39.96112743,-106.21657585,2486.2536,8.9916,0.0,0.0,0.0
459.1,39.96112739,-106.21657579,2486.2536,8.9916,0.0,0.0,0.0
459.2,39.96112727,-106.2165758,2486.5584000000003,9.11352,0.0,0.0,0.0
459.3,39.96112728,-106.21657577,2486.2536,8.9916,0.0,0.0,0.0
459.4,39.96112733,-106.21657574,2486.2536,8.9916,0.0,0.0,0.0
459.5,39.96112736,-106.21657574,2486.5584000000003,9.11352,0.0,0.0,0.0
459.6,39.96112745,-106.21657586,2486.5584000000003,9.11352,0.0,0.0,0.0
459.7,39.96112748,-106.2165759,2486.5584000000003,9.11352,0.0,0.0,0.0
459.8,39.96112756,-106.21657591,2486.5584000000003,9.11352,0.0,0.0,0.0
459.9,39.96112762,-106.21657593,2486.5584000000003,9.11352,0.0,0.22352,0.0
460.0,39.96112775,-106.21657606,2486.2536,8.9916,0.0,0.491744,0.0
460.1,39.96112778,-106.21657608,2486.2536,8.90016,0.0,0.804672,0.0
460.2,39.96112779,-106.21657607,2486.2536,8.80872,0.0,0.89408,0.0
460.3,39.96112781,-106.21657605,2486.2536,8.6868,0.0,0.983488,0.0
460.4,39.96112784,-106.21657608,2485.9488,8.59536,0.0,0.983488,0.0
460.5,39.96112789,-106.21657605,2485.9488,8.50392,0.0,0.983488,0.0
460.6,39.96112794,-106.21657602,2485.9488,8.41248,0.0,0.983488,0.0
460.7,39.96112794,-106.21657598,2485.644,8.19912,0.0,0.983488,0.0
460.8,39.96112791,-106.21657591,2485.644,8.10768,0.0,0.983488,0.0
460.9,39.96112783,-106.21657593,2485.3392000000003,7.98576,0.0,0.983488,0.0
461.0,39.96112777,-106.2165759,2485.3392000000003,7.89432,0.0,0.983488,0.0
461.1,39.96112772,-106.21657587,2485.3392000000003,7.802880000000001,0.0,0.983488,0.0
461.2,39.9611277,-106.21657583,2485.0344,7.71144,0.491744,0.89408,0.0
461.3,39.96112762,-106.21657577,2485.0344,7.58952,0.0,0.89408,0.0
461.4,39.96112765,-106.21657569,2485.0344,7.498080000000001,0.491744,0.89408,0.0
461.5,39.96112765,-106.21657569,2484.7296,7.40664,0.0,0.89408,0.0
461.6,39.9611276,-106.21657579,2484.7296,7.315200000000001,0.0,0.89408,0.0
461.7,39.96112752,-106.21657603,2484.7296,7.315200000000001,0.0,0.89408,0.0
461.8,39.96112759,-106.21657599,2484.4248,7.10184,0.491744,0.89408,0.0
461.9,39.96112762,-106.21657595,2484.4248,7.10184,0.0,0.89408,0.0
462.0,39.96112761,-106.21657588,2484.4248,7.010400000000001,0.0,0.89408,0.0
462.1,39.96112758,-106.21657571,2484.4248,6.88848,0.491744,0.804672,0.0
462.2,39.96112756,-106.2165757,2484.1200000000003,6.797040000000001,0.0,0.491744,0.0
462.3,39.9611275,-106.21657567,2484.1200000000003,6.797040000000001,0.491744,0.312928,0.0
462.4,39.96112738,-106.2165756,2484.1200000000003,6.7056,0.0,0.22352,0.0
462.5,39.96112729,-106.2165755,2484.1200000000003,6.61416,0.0,0.089408,0.0
462.6,39.96112717,-106.21657521,2484.1200000000003,6.7056,0.0,0.0,0.0
462.7,39.96112715,-106.21657515,2484.1200000000003,6.61416,0.0,0.0,0.0
462.8,39.96112712,-106.21657515,2484.1200000000003,6.61416,0.0,0.22352,0.0
462.9,39.96112714,-106.21657513,2484.1200000000003,6.61416,0.0,0.402336,0.0
463.0,39.96112727,-106.21657504,2484.1200000000003,6.61416,0.491744,0.581152,0.0
463.1,39.96112738,-106.21657497,2483.8152,6.492240000000001,0.0,0.715264,0.0
463.2,39.96112747,-106.2165749,2483.8152,6.4008,0.491744,0.715264,0.0
463.3,39.96112753,-106.21657485,2483.8152,6.4008,0.0,0.804672,0.0
463.4,39.9611275,-106.21657475,2483.8152,6.4008,0.491744,0.804672,0.0
463.5,39.96112752,-106.21657474,2483.8152,6.30936,0.0,0.804672,0.0
463.6,39.96112753,-106.21657475,2483.5104,6.1874400000000005,0.0,0.804672,0.0
463.7,39.96112751,-106.21657478,2483.5104,6.096,0.0,0.804672,0.0
463.8,39.96112723,-106.2165749,2483.5104,6.00456,0.0,0.89408,0.0
463.9,39.96112719,-106.21657492,2483.2056,5.91312,0.0,0.89408,0.0
464.0,39.96112724,-106.2165749,2483.2056,5.7912,0.0,0.89408,0.0
464.1,39.96112728,-106.21657484,2483.2056,5.69976,0.0,0.89408,0.0
464.2,39.96112731,-106.21657474,2482.9008000000003,5.60832,0.0,0.804672,0.0
464.3,39.96112739,-106.21657448,2482.9008000000003,5.486400000000001,0.0,0.715264,0.0
464.4,39.96112735,-106.21657452,2482.9008000000003,5.486400000000001,0.0,0.491744,0.0
464.5,39.96112733,-106.21657455,2482.9008000000003,5.39496,0.0,0.312928,0.0
464.6,39.96112734,-106.21657455,2482.9008000000003,5.39496,0.0,0.089408,0.0
464.7,39.96112739,-106.21657454,2482.9008000000003,5.39496,0.0,0.089408,0.0
464.8,39.96112746,-106.21657451,2482.9008000000003,5.39496,0.0,0.0,0.0
464.9,39.96112754,-106.2165745,2482.9008000000003,5.39496,0.0,0.0,0.0
465.0,39.9611276,-106.21657456,2482.9008000000003,5.39496,0.0,0.0,0.0
465.1,39.96112777,-106.21657472,2482.9008000000003,5.39496,0.0,0.0,0.0
465.2,39.96112789,-106.21657483,2482.9008000000003,5.39496,0.0,0.0,0.0
465.3,39.961128,-106.21657491,2482.9008000000003,5.39496,0.0,0.0,0.0
465.4,39.96112809,-106.21657496,2482.9008000000003,5.39496,0.0,0.0,0.0
465.5,39.9611282,-106.21657499,2482.9008000000003,5.39496,0.0,0.0,0.0
465.6,39.96112825,-106.21657503,2482.9008000000003,5.39496,0.0,0.0,0.0
465.7,39.96112827,-106.21657507,2482.9008000000003,5.39496,0.0,0.0,0.0
465.8,39.96112826,-106.21657513,2482.9008000000003,5.39496,0.0,0.0,0.0
465.9,39.96112825,-106.21657519,2482.9008000000003,5.39496,0.0,0.0,0.0
466.0,39.96112817,-106.21657531,2482.9008000000003,5.39496,0.0,0.0,0.0
466.1,39.96112816,-106.21657539,2482.9008000000003,5.39496,0.0,0.0,0.0
466.2,39.96112811,-106.21657547,2482.9008000000003,5.39496,0.0,0.0,0.0
466.3,39.96112808,-106.21657557,2482.9008000000003,5.39496,0.0,0.0,0.0
466.4,39.96112803,-106.21657575,2482.9008000000003,5.39496,0.0,0.0,0.0
466.5,39.96112802,-106.21657581,2482.9008000000003,5.39496,0.0,0.0,0.0
466.6,39.961128,-106.21657584,2482.9008000000003,5.39496,0.0,0.0,0.0
466.7,39.96112796,-106.21657586,2482.9008000000003,5.39496,0.0,0.0,0.0
466.8,39.96112791,-106.21657589,2482.9008000000003,5.39496,0.0,0.0,0.0
466.9,39.96112788,-106.21657589,2482.9008000000003,5.39496,0.0,0.0,0.0
467.0,39.96112787,-106.21657589,2482.9008000000003,5.39496,0.0,0.0,0.0
467.1,39.96112784,-106.21657588,2482.9008000000003,5.39496,0.0,0.0,0.0
467.2,39.96112783,-106.21657597,2482.9008000000003,5.39496,0.0,0.0,0.0
467.3,39.9611278,-106.21657595,2482.9008000000003,5.39496,0.0,0.0,0.0
467.4,39.96112778,-106.2165759,2482.596,5.30352,0.0,0.0,0.0
467.5,39.96112776,-106.21657586,2482.596,5.30352,0.0,0.0,0.0
467.6,39.96112772,-106.2165758,2482.596,5.30352,0.0,0.0,0.0
467.7,39.9611277,-106.2165757,2482.596,5.30352,0.0,0.0,0.0
467.8,39.96112763,-106.21657554,2482.596,5.30352,0.0,0.0,0.0
467.9,39.96112756,-106.21657541,2482.596,5.30352,0.0,0.0,0.0
468.0,39.96112752,-106.21657532,2482.596,5.30352,0.0,0.0,0.0
468.1,39.96112743,-106.21657521,2482.596,5.30352,0.0,0.0,0.0
468.2,39.96112741,-106.21657517,2482.596,5.30352,0.0,0.0,0.0
468.3,39.96112741,-106.21657514,2482.596,5.30352,0.0,0.0,0.0
468.4,39.9611274,-106.2165751,2482.596,5.30352,0.0,0.0,0.0
468.5,39.96112741,-106.2165751,2482.596,5.30352,0.0,0.0,0.0
468.6,39.9611274,-106.21657506,2482.596,5.30352,0.0,0.0,0.0
468.7,39.9611274,-106.21657504,2482.596,5.30352,0.0,0.0,0.0
468.8,39.96112741,-106.21657502,2482.596,5.30352,0.0,0.0,0.0
468.9,39.96112736,-106.21657499,2482.596,5.30352,0.0,0.0,0.0
469.0,39.96112733,-106.21657503,2482.596,5.30352,0.0,0.0,0.0
469.1,39.96112729,-106.21657507,2482.596,5.30352,0.0,0.0,0.0
469.2,39.96112722,-106.21657511,2482.596,5.30352,0.0,0.089408,0.0
469.3,39.96112716,-106.21657514,2482.596,5.30352,0.0,0.22352,0.0
469.4,39.96112693,-106.21657519,2482.596,5.30352,0.0,0.402336,0.0
469.5,39.9611269,-106.21657523,2482.596,5.21208,0.0,0.491744,0.0
469.6,39.96112691,-106.21657529,2482.596,5.09016,0.0,0.581152,0.0
469.7,39.96112689,-106.21657533,2482.596,5.09016,0.0,0.581152,0.0
469.8,39.96112686,-106.21657534,2482.2912,4.99872,0.0,0.402336,0.0
469.9,39.96112682,-106.21657539,2482.2912,4.99872,0.0,0.22352,0.0
470.0,39.96112678,-106.21657546,2482.2912,4.99872,0.0,0.089408,0.0
470.1,39.96112678,-106.21657549,2482.2912,4.99872,0.0,0.089408,0.0
470.2,39.96112713,-106.21657535,2482.2912,4.907280000000001,0.491744,0.089408,0.0
470.3,39.96112721,-106.21657532,2482.2912,4.907280000000001,0.0,0.0,0.0
470.4,39.96112728,-106.21657531,2482.2912,4.907280000000001,0.0,0.0,0.0
470.5,39.96112739,-106.21657524,2482.2912,4.907280000000001,0.0,0.0,45.0
470.6,39.9611274,-106.2165753,2482.2912,4.907280000000001,0.0,0.0,45.0
470.7,39.96112761,-106.21657507,2482.2912,4.907280000000001,0.0,0.0,45.0
470.8,39.96112792,-106.21657471,2482.2912,4.907280000000001,0.491744,0.0,37.874983651098205
470.9,39.96112831,-106.21657427,2482.2912,4.907280000000001,0.67056,0.0,39.28940686250036
471.0,39.96112883,-106.2165737,2482.2912,4.907280000000001,0.67056,0.0,39.28940686250036
471.1,39.96112945,-106.21657287,2482.2912,4.907280000000001,0.938784,0.0,45.0
471.2,39.96112999,-106.21657217,2482.2912,4.907280000000001,0.938784,0.0,45.0
471.3,39.96113056,-106.21657146,2482.2912,4.907280000000001,0.938784,0.0,40.23635830927384
471.4,39.96113121,-106.21657071,2482.2912,4.907280000000001,0.938784,0.0,45.0
471.5,39.96113191,-106.21656973,2482.2912,4.907280000000001,1.0728959999999998,0.0,39.0938588862295
471.6,39.96113255,-106.21656897,2482.2912,4.907280000000001,0.938784,0.0,39.0938588862295
471.7,39.96113326,-106.21656815,2482.2912,4.907280000000001,0.938784,0.0,41.63353933657021
471.8,39.961134,-106.21656729,2482.2912,4.907280000000001,1.0728959999999998,0.0,41.63353933657021
471.9,39.96113469,-106.21656643,2482.2912,4.907280000000001,1.0728959999999998,0.0,45.0
472.0,39.96113538,-106.21656548,2482.2912,4.907280000000001,0.938784,0.0,45.0
472.1,39.96113603,-106.2165646,2482.2912,4.907280000000001,1.162304,0.0,45.0
472.2,39.96113685,-106.21656359,2482.2912,4.907280000000001,1.0728959999999998,0.0,45.0
472.3,39.96113747,-106.21656276,2482.2912,4.907280000000001,1.162304,0.0,45.0
472.4,39.96113821,-106.2165618,2482.2912,4.907280000000001,0.938784,0.0,45.0
472.5,39.9611389,-106.21656087,2482.2912,4.907280000000001,1.162304,0.0,48.36646066342979
472.6,39.96113959,-106.21655992,2482.2912,4.907280000000001,1.162304,0.0,45.0
472.7,39.96114027,-106.21655898,2482.2912,4.99872,1.162304,0.0,50.9061411137705
472.8,39.96114089,-106.21655806,2482.2912,4.99872,1.0728959999999998,0.0,49.76364169072616
472.9,39.96114137,-106.21655736,2482.2912,4.99872,0.938784,0.0,55.304846468766016
473.0,39.96114182,-106.21655664,2482.2912,4.99872,0.804672,0.0,50.71059313749964
473.1,39.96114216,-106.2165561,2482.2912,4.99872,0.804672,0.0,52.1250163489018
473.2,39.96114233,-106.2165558,2482.2912,4.99872,0.491744,0.0,54.462322208025626
473.3,39.96114253,-106.21655545,2482.2912,4.99872,0.491744,0.0,54.462322208025626
473.4,39.96114264,-106.21655515,2482.2912,4.99872,0.491744,0.0,68.19859051364818
473.5,39.96114272,-106.21655495,2482.2912,4.99872,0.0,0.0,90.0
473.6,39.96114271,-106.21655492,2482.2912,4.99872,0.0,0.0,90.0
473.7,39.96114276,-106.21655488,2482.2912,4.99872,0.0,0.0,0.0
473.8,39.96114274,-106.21655491,2482.2912,4.99872,0.0,0.0,0.0
473.9,39.96114273,-106.21655495,2482.2912,4.99872,0.0,0.0,0.0
474.0,39.96114269,-106.21655512,2482.2912,4.99872,0.0,0.0,0.0
474.1,39.9611427,-106.21655516,2482.2912,4.99872,0.0,0.0,0.0
474.2,39.96114273,-106.21655517,2482.2912,4.99872,0.0,0.0,0.0
474.3,39.96114275,-106.21655519,2482.2912,4.99872,0.0,0.0,0.0
474.4,39.96114275,-106.21655525,2482.2912,4.99872,0.0,0.0,0.0
474.5,39.9611429,-106.21655517,2482.2912,4.99872,0.0,0.0,0.0
474.6,39.96114291,-106.21655518,2482.2912,4.99872,0.0,0.0,0.0
474.7,39.9611429,-106.21655519,2482.2912,4.99872,0.0,0.0,0.0
474.8,39.96114289,-106.21655522,2482.2912,4.907280000000001,0.0,0.0,0.0
474.9,39.96114292,-106.21655511,2482.2912,4.907280000000001,0.491744,0.0,0.0
475.0,39.96114288,-106.21655514,2482.2912,4.907280000000001,0.0,0.0,0.0
475.1,39.96114285,-106.21655517,2482.2912,4.907280000000001,0.0,0.0,0.0
475.2,39.96114283,-106.21655518,2482.2912,4.907280000000001,0.0,0.0,0.0
475.3,39.96114284,-106.21655508,2482.2912,4.907280000000001,0.0,0.0,0.0
475.4,39.96114285,-106.2165551,2482.2912,4.907280000000001,0.0,0.0,0.0
475.5,39.96114285,-106.21655512,2482.2912,4.907280000000001,0.0,0.0,0.0
475.6,39.96114286,-106.21655513,2482.2912,4.907280000000001,0.0,0.0,0.0
475.7,39.96114296,-106.21655512,2482.2912,4.907280000000001,0.0,0.0,0.0
475.8,39.96114295,-106.2165551,2482.2912,4.907280000000001,0.0,0.0,0.0
475.9,39.96114295,-106.2165551,2482.2912,4.907280000000001,0.0,0.0,0.0
476.0,39.96114293,-106.21655515,2482.2912,4.907280000000001,0.0,0.0,0.0
476.1,39.96114293,-106.2165552,2482.2912,4.907280000000001,0.0,0.0,0.0
476.2,39.96114296,-106.21655542,2482.2912,4.907280000000001,0.0,0.0,0.0
476.3,39.96114298,-106.21655549,2482.2912,4.907280000000001,0.0,0.0,0.0
476.4,39.96114305,-106.21655552,2482.2912,4.907280000000001,0.0,0.0,0.0
476.5,39.96114311,-106.21655555,2482.2912,4.907280000000001,0.0,0.0,0.0
476.6,39.96114324,-106.21655558,2482.2912,4.907280000000001,0.0,0.0,0.0
476.7,39.96114326,-106.2165556,2482.2912,4.907280000000001,0.0,0.0,0.0
476.8,39.96114327,-106.21655564,2482.2912,4.907280000000001,0.0,0.0,0.0
476.9,39.96114328,-106.21655564,2482.2912,4.907280000000001,0.0,0.0,0.0
477.0,39.96114332,-106.2165557,2482.2912,4.907280000000001,0.0,0.0,0.0
477.1,39.96114334,-106.21655568,2482.2912,4.907280000000001,0.0,0.0,0.0
477.2,39.96114336,-106.21655567,2482.2912,4.907280000000001,0.0,0.0,0.0
477.3,39.96114336,-106.21655565,2482.2912,4.907280000000001,0.0,0.0,0.0
477.4,39.96114329,-106.21655566,2482.2912,4.907280000000001,0.0,0.0,0.0
477.5,39.96114325,-106.21655565,2482.2912,4.907280000000001,0.0,0.0,0.0
477.6,39.96114321,-106.21655569,2482.2912,4.907280000000001,0.0,0.0,0.0
477.7,39.96114318,-106.21655571,2482.2912,4.907280000000001,0.0,0.0,0.0
477.8,39.96114314,-106.21655571,2482.2912,4.907280000000001,0.0,0.0,0.0
477.9,39.96114304,-106.21655583,2482.2912,4.907280000000001,0.0,0.0,0.0
478.0,39.96114305,-106.2165558,2482.2912,4.907280000000001,0.0,0.0,0.0
478.1,39.96114304,-106.2165558,2482.2912,4.907280000000001,0.0,0.0,0.0
478.2,39.961143,-106.21655584,2482.2912,4.907280000000001,0.0,0.0,0.0
478.3,39.96114294,-106.21655596,2482.2912,4.907280000000001,0.0,0.0,0.0
478.4,39.96114286,-106.21655598,2482.2912,4.907280000000001,0.0,0.0,0.0
478.5,39.96114278,-106.216556,2482.2912,4.907280000000001,0.0,0.0,0.0
478.6,39.9611427,-106.21655601,2482.2912,4.907280000000001,0.0,0.0,0.0
478.7,39.96114254,-106.21655603,2482.2912,4.907280000000001,0.0,0.0,0.0
478.8,39.96114248,-106.21655606,2482.2912,4.907280000000001,0.0,0.0,0.0
478.9,39.96114244,-106.21655607,2482.2912,4.907280000000001,0.0,0.0,0.0
479.0,39.9611424,-106.21655605,2482.2912,4.907280000000001,0.0,0.0,0.0
479.1,39.96114238,-106.21655604,2482.2912,4.907280000000001,0.0,0.0,0.0
479.2,39.96114234,-106.216556,2482.2912,4.907280000000001,0.0,0.0,0.0
479.3,39.96114228,-106.21655597,2482.2912,4.907280000000001,0.0,0.0,0.0
479.4,39.96114217,-106.21655594,2482.2912,4.907280000000001,0.0,0.0,0.0
479.5,39.96114209,-106.2165559,2482.2912,4.907280000000001,0.0,0.0,0.0
479.6,39.96114193,-106.21655578,2482.2912,4.907280000000001,0.0,0.0,0.0
479.7,39.96114187,-106.21655571,2482.2912,4.907280000000001,0.0,0.0,0.0
479.8,39.9611418,-106.21655564,2482.2912,4.907280000000001,0.0,0.0,0.0
479.9,39.96114174,-106.21655559,2482.2912,4.907280000000001,0.0,0.0,0.0
480.0,39.96114172,-106.2165556,2482.2912,4.907280000000001,0.0,0.0,0.0
480.1,39.96114167,-106.21655559,2482.2912,4.907280000000001,0.0,0.0,0.0
480.2,39.96114163,-106.21655557,2482.2912,4.907280000000001,0.0,0.0,0.0
480.3,39.9611416,-106.21655555,2482.2912,4.907280000000001,0.0,0.0,0.0
480.4,39.96114161,-106.21655559,2482.2912,4.907280000000001,0.0,0.0,0.0
480.5,39.96114158,-106.21655557,2482.2912,4.907280000000001,0.0,0.0,0.0
480.6,39.96114153,-106.21655554,2482.2912,4.907280000000001,0.0,0.0,0.0
480.7,39.96114151,-106.21655553,2482.2912,4.907280000000001,0.0,0.0,0.0
480.8,39.96114159,-106.21655546,2482.2912,4.907280000000001,0.0,0.0,0.0
480.9,39.96114159,-106.21655549,2482.2912,4.907280000000001,0.0,0.0,0.0
481.0,39.96114155,-106.21655555,2482.2912,4.907280000000001,0.0,0.0,0.0
481.1,39.9611415,-106.21655562,2482.2912,4.907280000000001,0.0,0.0,0.0
481.2,39.96114143,-106.21655567,2482.2912,4.907280000000001,0.0,0.0,0.0
481.3,39.96114135,-106.2165558,2482.2912,4.907280000000001,0.0,0.0,0.0
481.4,39.96114134,-106.21655585,2482.2912,4.907280000000001,0.0,0.0,0.0
481.5,39.9611413,-106.21655588,2482.2912,4.907280000000001,0.0,0.0,0.0
481.6,39.96114124,-106.2165559,2482.2912,4.907280000000001,0.0,0.0,0.0
481.7,39.96114121,-106.21655596,2482.2912,4.907280000000001,0.0,0.0,0.0
481.8,39.96114115,-106.21655597,2482.2912,4.907280000000001,0.0,0.0,0.0
481.9,39.96114113,-106.21655596,2482.2912,4.907280000000001,0.0,0.0,0.0
482.0,39.96114115,-106.21655593,2482.2912,4.907280000000001,0.0,0.0,0.0
482.1,39.96114118,-106.21655587,2482.2912,4.907280000000001,0.0,0.0,0.0
482.2,39.96114116,-106.21655591,2482.2912,4.907280000000001,0.0,0.0,0.0
482.3,39.96114115,-106.21655594,2482.2912,4.907280000000001,0.0,0.0,0.0
482.4,39.96114116,-106.21655596,2482.2912,4.907280000000001,0.0,0.0,0.0
482.5,39.96114124,-106.21655601,2482.2912,4.907280000000001,0.0,0.0,0.0
482.6,39.96114124,-106.21655599,2482.2912,4.907280000000001,0.0,0.0,0.0
482.7,39.96114123,-106.21655598,2482.2912,4.907280000000001,0.491744,0.0,0.0
482.8,39.96114123,-106.216556,2482.2912,4.907280000000001,0.491744,0.0,0.0
482.9,39.96114123,-106.21655601,2482.2912,4.907280000000001,0.67056,0.0,0.0
483.0,39.96114126,-106.21655603,2482.2912,4.907280000000001,0.67056,0.0,0.0
483.1,39.96114128,-106.216556,2482.2912,4.907280000000001,0.0,0.0,0.0
483.2,39.9611413,-106.21655597,2482.2912,4.907280000000001,0.67056,0.0,0.0
483.3,39.96114133,-106.21655593,2482.2912,4.907280000000001,0.0,0.0,0.0
483.4,39.96114139,-106.2165559,2482.2912,4.907280000000001,0.0,0.0,0.0
483.5,39.96114143,-106.21655586,2482.2912,4.907280000000001,0.0,0.0,0.0
483.6,39.9611415,-106.21655579,2482.2912,4.907280000000001,0.0,0.0,0.0
483.7,39.96114156,-106.21655575,2482.2912,4.907280000000001,0.0,0.0,0.0
483.8,39.9611416,-106.21655574,2482.2912,4.907280000000001,0.0,0.0,0.0
483.9,39.96114163,-106.21655571,2482.2912,4.907280000000001,0.0,0.0,0.0
484.0,39.96114167,-106.21655566,2482.2912,4.907280000000001,0.0,0.0,0.0
484.1,39.96114171,-106.21655561,2482.2912,4.907280000000001,0.0,0.0,0.0
484.2,39.9611418,-106.21655552,2482.2912,4.907280000000001,0.0,0.0,0.0
484.3,39.96114183,-106.21655547,2482.2912,4.907280000000001,0.0,0.0,0.0
484.4,39.96114182,-106.21655541,2482.2912,4.907280000000001,0.0,0.0,0.0
484.5,39.96114182,-106.21655537,2482.2912,4.907280000000001,0.0,0.0,0.0
484.6,39.96114179,-106.21655536,2482.2912,4.907280000000001,0.0,0.0,0.0
484.7,39.96114165,-106.21655538,2482.2912,4.907280000000001,0.0,0.0,0.0
484.8,39.96114167,-106.21655533,2482.2912,4.907280000000001,0.491744,0.0,0.0
484.9,39.96114168,-106.21655529,2482.2912,4.907280000000001,0.0,0.0,0.0
485.0,39.96114169,-106.21655527,2482.2912,4.907280000000001,0.0,0.0,0.0
485.1,39.96114172,-106.21655527,2482.2912,4.907280000000001,0.0,0.0,0.0
485.2,39.96114173,-106.21655522,2482.2912,4.907280000000001,0.0,0.0,0.0
485.3,39.96114173,-106.21655519,2482.2912,4.907280000000001,0.491744,0.0,0.0
485.4,39.96114171,-106.2165552,2482.2912,4.907280000000001,0.0,0.0,0.0
485.5,39.96114161,-106.21655524,2482.2912,4.907280000000001,0.0,0.0,0.0
485.6,39.96114163,-106.2165552,2482.2912,4.907280000000001,0.0,0.0,0.0
485.7,39.96114165,-106.21655516,2482.2912,4.907280000000001,0.0,0.0,0.0
485.8,39.96114168,-106.21655514,2482.2912,4.907280000000001,0.0,0.0,0.0
485.9,39.96114168,-106.21655519,2482.2912,4.907280000000001,0.0,0.0,0.0
486.0,39.9611417,-106.21655519,2482.2912,4.907280000000001,0.0,0.0,0.0
486.1,39.96114172,-106.2165552,2482.2912,4.907280000000001,0.0,0.0,0.0
486.2,39.96114174,-106.2165552,2482.2912,4.907280000000001,0.0,0.0,0.0
486.3,39.96114178,-106.21655519,2482.2912,4.907280000000001,0.0,0.0,0.0
486.4,39.96114187,-106.21655526,2482.2912,4.907280000000001,0.0,0.0,0.0
486.5,39.96114195,-106.21655525,2482.2912,4.907280000000001,0.491744,0.0,0.0
486.6,39.96114205,-106.21655523,2482.2912,4.907280000000001,0.0,0.0,0.0
486.7,39.96114211,-106.21655522,2482.2912,4.907280000000001,0.0,0.0,0.0
486.8,39.96114213,-106.21655536,2482.2912,4.907280000000001,0.0,0.0,0.0
486.9,39.96114216,-106.21655537,2482.2912,4.907280000000001,0.0,0.0,0.0
487.0,39.9611422,-106.21655536,2482.2912,4.907280000000001,0.0,0.0,0.0
487.1,39.96114223,-106.21655535,2482.2912,4.907280000000001,0.0,0.0,0.0
487.2,39.96114223,-106.21655536,2482.2912,4.907280000000001,0.0,0.0,0.0
487.3,39.96114225,-106.21655535,2482.2912,4.907280000000001,0.491744,0.0,0.0
487.4,39.96114225,-106.21655535,2482.2912,4.907280000000001,0.491744,0.0,0.0
487.5,39.96114228,-106.21655533,2482.2912,4.907280000000001,0.0,0.0,0.0
487.6,39.9611424,-106.21655525,2482.2912,4.907280000000001,0.0,0.0,0.0
487.7,39.96114249,-106.2165552,2482.2912,4.907280000000001,0.0,0.0,0.0
487.8,39.96114256,-106.21655517,2482.2912,4.907280000000001,0.491744,0.0,0.0
487.9,39.96114263,-106.21655513,2482.2912,4.907280000000001,0.0,0.0,0.0
488.0,39.96114268,-106.21655507,2482.2912,4.907280000000001,0.0,0.0,0.0
488.1,39.96114277,-106.21655496,2482.2912,4.907280000000001,0.0,0.0,0.0
488.2,39.96114281,-106.21655489,2482.2912,4.907280000000001,0.0,0.0,0.0
488.3,39.96114285,-106.21655484,2482.2912,4.907280000000001,0.0,0.0,0.0
488.4,39.96114287,-106.2165548,2482.2912,4.907280000000001,0.0,0.0,0.0
488.5,39.96114285,-106.2165547,2482.2912,4.907280000000001,0.0,0.0,0.0
488.6,39.96114287,-106.21655462,2482.2912,4.907280000000001,0.0,0.089408,0.0
488.7,39.96114288,-106.21655457,2482.2912,4.78536,0.0,0.22352,0.0
488.8,39.96114289,-106.21655455,2482.2912,4.78536,0.0,0.312928,0.0
488.9,39.96114292,-106.21655445,2482.2912,4.78536,0.491744,0.402336,0.0
489.0,39.96114291,-106.21655441,2481.9864,4.69392,0.0,0.402336,0.0
489.1,39.96114292,-106.21655439,2481.9864,4.69392,0.491744,0.491744,0.0
489.2,39.96114296,-106.2165544,2481.9864,4.60248,0.0,0.581152,0.0
489.3,39.9611431,-106.21655433,2481.9864,4.60248,0.491744,0.715264,0.0
489.4,39.96114317,-106.21655435,2481.9864,4.51104,0.67056,0.715264,0.0
489.5,39.96114322,-106.21655436,2481.6816000000003,4.38912,0.0,0.715264,0.0
489.6,39.96114327,-106.21655435,2481.6816000000003,4.29768,0.0,0.715264,0.0
489.7,39.96114326,-106.21655436,2481.6816000000003,4.20624,0.0,0.804672,0.0
489.8,39.96114308,-106.21655431,2481.3768,4.1148,0.0,0.804672,0.0
489.9,39.96114303,-106.21655431,2481.3768,4.1148,0.491744,0.804672,0.0
490.0,39.96114306,-106.2165543,2481.3768,3.99288,0.0,0.804672,0.0
490.1,39.9611431,-106.21655429,2481.3768,3.901440000000001,0.0,0.804672,0.0
490.2,39.96114328,-106.21655426,2481.072,3.81,0.0,0.804672,0.0
490.3,39.96114331,-106.21655426,2481.072,3.68808,0.0,0.715264,0.0
490.4,39.96114332,-106.21655427,2481.072,3.5966400000000003,0.0,0.715264,0.0
490.5,39.96114334,-106.21655428,2481.072,3.5966400000000003,0.0,0.715264,0.0
490.6,39.96114346,-106.21655429,2480.7672,3.5052000000000003,0.0,0.715264,0.0
490.7,39.96114348,-106.21655428,2480.7672,3.41376,0.0,0.715264,0.0
490.8,39.96114349,-106.21655425,2480.7672,3.2918400000000005,0.0,0.715264,0.0
490.9,39.96114349,-106.21655426,2480.4624000000003,3.2004,0.0,0.715264,0.0
491.0,39.96114344,-106.21655431,2480.4624000000003,3.2004,0.0,0.715264,0.0
491.1,39.96114345,-106.21655435,2480.4624000000003,3.10896,0.0,0.715264,0.0
491.2,39.96114346,-106.21655438,2480.4624000000003,2.9870400000000004,0.0,0.715264,0.0
491.3,39.96114349,-106.21655441,2480.1576,2.8956,0.0,0.715264,0.0
491.4,39.96114355,-106.21655445,2480.1576,2.8956,0.0,0.715264,0.0
491.5,39.96114366,-106.21655456,2480.1576,2.80416,0.491744,0.715264,0.0
491.6,39.96114366,-106.21655461,2480.1576,2.7127200000000005,0.491744,0.715264,0.0
491.7,39.96114366,-106.21655464,2479.8528,2.5908,0.0,0.715264,0.0
491.8,39.96114367,-106.21655463,2479.8528,2.49936,0.0,0.715264,0.0
491.9,39.96114367,-106.21655459,2479.8528,2.49936,0.0,0.715264,0.0
492.0,39.96114365,-106.21655457,2479.8528,2.4079200000000003,0.0,0.581152,0.0
492.1,39.96114362,-106.21655456,2479.8528,2.286,0.0,0.491744,0.0
492.2,39.96114359,-106.21655459,2479.8528,2.286,0.0,0.402336,0.0
492.3,39.96114362,-106.21655459,2479.548,2.19456,0.0,0.312928,0.0
492.4,39.9611437,-106.21655456,2479.548,2.19456,0.0,0.312928,0.0
492.5,39.96114376,-106.21655455,2479.548,2.19456,0.0,0.312928,0.0
492.6,39.96114379,-106.21655454,2479.548,2.10312,0.0,0.312928,0.0
492.7,39.96114394,-106.21655457,2479.548,2.10312,0.0,0.312928,0.0
492.8,39.96114403,-106.21655458,2479.548,2.01168,0.0,0.312928,0.0
492.9,39.96114406,-106.21655459,2479.548,2.01168,0.0,0.22352,0.0
493.0,39.96114401,-106.2165546,2479.548,2.01168,0.0,0.22352,0.0
493.1,39.96114401,-106.21655459,2479.548,2.01168,0.0,0.312928,0.0
493.2,39.96114407,-106.21655453,2479.2432000000003,1.88976,0.0,0.22352,0.0
493.3,39.96114405,-106.21655449,2479.2432000000003,1.88976,0.0,0.22352,0.0
493.4,39.96114397,-106.21655446,2479.2432000000003,1.88976,0.0,0.312928,0.0
493.5,39.9611439,-106.21655447,2479.2432000000003,1.88976,0.0,0.312928,0.0
493.6,39.96114372,-106.21655449,2479.2432000000003,1.79832,0.0,0.312928,0.0
493.7,39.96114366,-106.21655451,2479.2432000000003,1.79832,0.0,0.312928,0.0
493.8,39.96114357,-106.2165545,2479.2432000000003,1.79832,0.0,0.312928,0.0
493.9,39.9611435,-106.21655448,2479.2432000000003,1.70688,0.0,0.312928,0.0
494.0,39.96114351,-106.2165545,2479.2432000000003,1.70688,0.0,0.312928,0.0
494.1,39.96114345,-106.21655448,2479.2432000000003,1.70688,0.0,0.312928,0.0
494.2,39.96114336,-106.21655446,2478.9384,1.58496,0.491744,0.312928,0.0
494.3,39.96114331,-106.21655444,2478.9384,1.58496,0.0,0.22352,0.0
494.4,39.9611433,-106.21655444,2478.9384,1.58496,0.0,0.22352,0.0
494.5,39.9611433,-106.21655443,2478.9384,1.58496,0.0,0.22352,0.0
494.6,39.9611433,-106.21655442,2478.9384,1.4935200000000002,0.0,0.22352,0.0
494.7,39.96114335,-106.2165544,2478.9384,1.4935200000000002,0.0,0.22352,0.0
494.8,39.96114346,-106.21655437,2478.9384,1.4935200000000002,0.0,0.22352,0.0
494.9,39.96114377,-106.21655423,2478.9384,1.40208,0.0,0.312928,0.0
495.0,39.96114385,-106.21655422,2478.9384,1.40208,0.0,0.312928,0.0
495.1,39.96114392,-106.21655418,2478.9384,1.40208,0.0,0.22352,0.0
495.2,39.96114399,-106.21655413,2478.9384,1.40208,0.0,0.22352,0.0
495.3,39.9611441,-106.21655409,2478.6336,1.31064,0.0,0.22352,0.0
495.4,39.96114414,-106.21655408,2478.6336,1.31064,0.491744,0.22352,0.0
495.5,39.96114414,-106.2165541,2478.6336,1.31064,0.0,0.22352,0.0
495.6,39.96114409,-106.21655413,2478.6336,1.31064,0.491744,0.22352,0.0
495.7,39.96114396,-106.21655421,2478.6336,1.18872,0.0,0.22352,0.0
495.8,39.96114399,-106.2165542,2478.6336,1.18872,0.0,0.22352,0.0
495.9,39.96114401,-106.21655419,2478.6336,1.18872,0.0,0.22352,0.0
496.0,39.96114399,-106.21655419,2478.6336,1.09728,0.0,0.22352,0.0
496.1,39.961144,-106.21655424,2478.6336,1.09728,0.0,0.22352,0.0
496.2,39.96114398,-106.21655427,2478.6336,1.09728,0.0,0.22352,0.0
496.3,39.96114401,-106.21655428,2478.6336,1.09728,0.0,0.22352,0.0
496.4,39.96114408,-106.21655428,2478.3288,1.00584,0.0,0.22352,0.0
496.5,39.96114414,-106.21655428,2478.3288,1.00584,0.491744,0.22352,0.0
496.6,39.96114426,-106.21655427,2478.3288,1.00584,0.0,0.22352,0.0
496.7,39.96114428,-106.21655428,2478.3288,1.00584,0.0,0.22352,0.0
496.8,39.96114428,-106.21655431,2478.3288,1.00584,0.0,0.22352,0.0
496.9,39.96114427,-106.21655432,2478.3288,0.9144,0.0,0.22352,0.0
497.0,39.96114415,-106.21655438,2478.3288,0.9144,0.0,0.22352,0.0
497.1,39.96114412,-106.21655437,2478.3288,0.9144,0.0,0.22352,0.0
497.2,39.96114409,-106.21655435,2478.3288,0.7924800000000001,0.0,0.089408,0.0
497.3,39.96114407,-106.21655431,2478.3288,0.7924800000000001,0.0,0.0,0.0
497.4,39.96114411,-106.21655413,2478.3288,0.7924800000000001,0.0,0.0,0.0
497.5,39.96114408,-106.21655407,2478.3288,0.7924800000000001,0.0,0.0,0.0
497.6,39.96114402,-106.21655403,2478.3288,0.7924800000000001,0.0,0.0,0.0
497.7,39.96114401,-106.216554,2478.3288,0.7924800000000001,0.0,0.0,0.0
497.8,39.96114413,-106.21655404,2478.3288,0.7924800000000001,0.0,0.0,0.0
497.9,39.96114419,-106.21655403,2478.3288,0.7924800000000001,0.0,0.0,0.0
498.0,39.96114425,-106.216554,2478.3288,0.7924800000000001,0.0,0.0,0.0
498.1,39.96114431,-106.216554,2478.3288,0.7924800000000001,0.0,0.0,0.0
498.2,39.96114434,-106.21655405,2478.3288,0.7924800000000001,0.0,0.0,0.0
498.3,39.9611444,-106.21655412,2478.3288,0.7924800000000001,0.0,0.0,0.0
498.4,39.96114438,-106.21655412,2478.3288,0.7924800000000001,0.0,0.0,0.0
498.5,39.96114436,-106.21655411,2478.3288,0.7924800000000001,0.0,0.0,0.0
498.6,39.96114432,-106.2165541,2478.3288,0.7924800000000001,0.0,0.0,0.0
498.7,39.96114419,-106.21655407,2478.3288,0.7924800000000001,0.0,0.0,0.0
498.8,39.96114416,-106.21655411,2478.3288,0.7924800000000001,0.0,0.0,0.0
498.9,39.96114413,-106.21655415,2478.3288,0.7924800000000001,0.0,0.0,0.0
499.0,39.96114412,-106.21655419,2478.3288,0.7924800000000001,0.0,0.0,0.0
499.1,39.9611441,-106.21655435,2478.3288,0.7924800000000001,0.0,0.0,0.0
499.2,39.96114409,-106.21655436,2478.3288,0.7924800000000001,0.0,0.0,0.0
499.3,39.96114408,-106.21655435,2478.3288,0.7924800000000001,0.0,0.0,0.0
499.4,39.96114406,-106.21655433,2478.3288,0.7924800000000001,0.491744,0.0,0.0
499.5,39.96114404,-106.21655435,2478.3288,0.7924800000000001,0.0,0.0,0.0
499.6,39.961144,-106.21655438,2478.3288,0.7924800000000001,0.0,0.0,0.0
499.7,39.96114396,-106.21655441,2478.3288,0.7924800000000001,0.0,0.0,0.0
499.8,39.96114391,-106.21655443,2478.3288,0.7924800000000001,0.0,0.0,0.0
499.9,39.96114386,-106.21655446,2478.3288,0.7924800000000001,0.491744,0.0,0.0
500.0,39.9611437,-106.21655457,2478.3288,0.7924800000000001,0.0,0.0,0.0
500.1,39.96114364,-106.2165546,2478.3288,0.7924800000000001,0.0,0.0,0.0
500.2,39.96114357,-106.21655462,2478.3288,0.7924800000000001,0.0,0.0,0.0
500.3,39.96114351,-106.21655463,2478.3288,0.7924800000000001,0.0,0.0,0.0
500.4,39.96114342,-106.21655472,2478.3288,0.7924800000000001,0.0,0.0,0.0
500.5,39.96114338,-106.21655471,2478.3288,0.7924800000000001,0.491744,0.0,0.0
500.6,39.96114333,-106.21655472,2478.3288,0.7924800000000001,0.0,0.0,0.0
500.7,39.96114329,-106.21655472,2478.3288,0.7924800000000001,0.0,0.0,0.0
500.8,39.96114328,-106.21655474,2478.3288,0.7924800000000001,0.0,0.0,0.0
500.9,39.96114326,-106.21655475,2478.3288,0.7924800000000001,0.0,0.0,0.0
501.0,39.96114324,-106.21655476,2478.3288,0.7924800000000001,0.0,0.0,0.0
501.1,39.96114322,-106.21655479,2478.3288,0.7924800000000001,0.0,0.0,0.0
501.2,39.96114317,-106.21655496,2478.3288,0.7924800000000001,0.0,0.0,0.0
501.3,39.96114316,-106.21655498,2478.3288,0.7924800000000001,0.0,0.0,0.0
501.4,39.96114317,-106.21655495,2478.3288,0.7924800000000001,0.0,0.0,0.0
501.5,39.96114318,-106.21655493,2478.3288,0.7924800000000001,0.0,0.0,0.0
501.6,39.96114319,-106.21655491,2478.3288,0.7924800000000001,0.0,0.0,0.0
501.7,39.96114329,-106.21655484,2478.3288,0.7924800000000001,0.0,0.0,0.0
501.8,39.96114331,-106.21655472,2478.3288,0.7924800000000001,0.0,0.0,0.0
501.9,39.96114334,-106.21655462,2478.3288,0.7924800000000001,0.0,0.0,0.0
502.0,39.96114336,-106.21655456,2478.3288,0.7924800000000001,0.491744,0.0,0.0
502.1,39.9611434,-106.21655443,2478.3288,0.7924800000000001,0.0,0.0,0.0
502.2,39.96114342,-106.21655437,2478.3288,0.7924800000000001,0.0,0.0,0.0
502.3,39.96114346,-106.21655429,2478.3288,0.7924800000000001,0.0,0.0,0.0
502.4,39.96114351,-106.21655421,2478.3288,0.7924800000000001,0.0,0.0,0.0
502.5,39.96114358,-106.21655417,2478.3288,0.7924800000000001,0.0,0.0,0.0
502.6,39.96114367,-106.21655416,2478.3288,0.7924800000000001,0.0,0.0,0.0
502.7,39.9611437,-106.21655418,2478.3288,0.7924800000000001,0.0,0.0,0.0
502.8,39.96114368,-106.21655423,2478.3288,0.7924800000000001,0.0,0.0,0.0
502.9,39.96114361,-106.21655433,2478.3288,0.7924800000000001,0.0,0.0,0.0
503.0,39.9611436,-106.21655427,2478.3288,0.7924800000000001,0.0,0.0,0.0
503.1,39.96114357,-106.21655422,2478.3288,0.7924800000000001,0.0,0.0,0.0
503.2,39.96114354,-106.21655418,2478.3288,0.7924800000000001,0.0,0.0,0.0
503.3,39.96114352,-106.21655414,2478.3288,0.7924800000000001,0.0,0.0,0.0
503.4,39.96114348,-106.21655414,2478.3288,0.7924800000000001,0.0,0.0,0.0
503.5,39.96114345,-106.21655411,2478.3288,0.7924800000000001,0.0,0.0,0.0
503.6,39.96114341,-106.21655407,2478.3288,0.7924800000000001,0.0,0.0,0.0
503.7,39.96114337,-106.21655403,2478.3288,0.7924800000000001,0.0,0.0,0.0
503.8,39.96114327,-106.21655395,2478.3288,0.7924800000000001,0.0,0.0,0.0
503.9,39.96114327,-106.21655391,2478.3288,0.7924800000000001,0.0,0.0,0.0
504.0,39.96114329,-106.21655385,2478.3288,0.7924800000000001,0.0,0.0,0.0
504.1,39.9611433,-106.21655382,2478.3288,0.7924800000000001,0.0,0.0,0.0
504.2,39.9611434,-106.21655386,2478.3288,0.7924800000000001,0.0,0.0,0.0
504.3,39.96114338,-106.21655385,2478.3288,0.7924800000000001,0.0,0.0,0.0
504.4,39.96114332,-106.21655383,2478.3288,0.7924800000000001,0.0,0.0,0.0
504.5,39.96114328,-106.21655382,2478.3288,0.7924800000000001,0.0,0.0,0.0
504.6,39.96114319,-106.21655376,2478.3288,0.7924800000000001,0.0,0.0,0.0
504.7,39.96114317,-106.21655374,2478.3288,0.7924800000000001,0.0,0.0,0.0
504.8,39.96114314,-106.21655372,2478.3288,0.7924800000000001,0.0,0.0,0.0
504.9,39.96114312,-106.21655371,2478.3288,0.7924800000000001,0.0,0.0,0.0
505.0,39.96114309,-106.21655373,2478.3288,0.7924800000000001,0.0,0.0,0.0
505.1,39.96114313,-106.21655373,2478.3288,0.7924800000000001,0.0,0.0,0.0
505.2,39.96114312,-106.21655374,2478.3288,0.7924800000000001,0.0,0.0,0.0
505.3,39.96114308,-106.21655375,2478.3288,0.7924800000000001,0.0,0.0,0.0
505.4,39.96114303,-106.21655377,2478.3288,0.7924800000000001,0.0,0.0,0.0
505.5,39.961143,-106.21655382,2478.3288,0.7924800000000001,0.0,0.0,0.0
505.6,39.96114301,-106.21655385,2478.3288,0.7924800000000001,0.0,0.0,0.0
505.7,39.96114303,-106.21655389,2478.3288,0.7924800000000001,0.0,0.0,0.0
505.8,39.96114306,-106.21655392,2478.3288,0.7924800000000001,0.0,0.0,0.0
505.9,39.96114312,-106.21655394,2478.3288,0.7924800000000001,0.0,0.0,0.0
506.0,39.96114321,-106.21655392,2478.3288,0.7924800000000001,0.0,0.0,0.0
506.1,39.96114327,-106.21655388,2478.3288,0.7924800000000001,0.0,0.0,0.0
506.2,39.96114328,-106.21655382,2478.3288,0.7924800000000001,0.0,0.0,0.0
506.3,39.96114326,-106.21655375,2478.3288,0.7924800000000001,0.0,0.0,0.0
506.4,39.96114325,-106.21655372,2478.3288,0.7924800000000001,0.0,0.0,0.0
506.5,39.96114324,-106.21655369,2478.3288,0.7924800000000001,0.0,0.0,0.0
506.6,39.96114323,-106.21655367,2478.3288,0.7924800000000001,0.0,0.0,0.0
506.7,39.96114322,-106.21655365,2478.3288,0.7924800000000001,0.0,0.0,0.0
506.8,39.9611432,-106.21655362,2478.3288,0.7924800000000001,0.0,0.0,0.0
506.9,39.96114322,-106.21655362,2478.3288,0.7924800000000001,0.491744,0.0,0.0
507.0,39.96114324,-106.21655367,2478.3288,0.7924800000000001,0.0,0.0,0.0
507.1,39.96114325,-106.21655369,2478.3288,0.7924800000000001,0.0,0.0,0.0
507.2,39.96114327,-106.21655368,2478.3288,0.7924800000000001,0.0,0.0,0.0
507.3,39.96114327,-106.21655366,2478.3288,0.7924800000000001,0.0,0.0,0.0
507.4,39.96114325,-106.21655363,2478.3288,0.7924800000000001,0.0,0.0,0.0
507.5,39.96114322,-106.2165536,2478.3288,0.7924800000000001,0.0,0.0,0.0
507.6,39.96114315,-106.21655354,2478.3288,0.7924800000000001,0.0,0.0,0.0
507.7,39.96114313,-106.21655351,2478.3288,0.7924800000000001,0.0,0.0,0.0
507.8,39.96114312,-106.21655349,2478.3288,0.7924800000000001,0.0,0.0,0.0
507.9,39.96114309,-106.21655346,2478.3288,0.7924800000000001,0.0,0.0,0.0
508.0,39.96114301,-106.21655339,2478.3288,0.7924800000000001,0.0,0.0,0.0
508.1,39.961143,-106.21655336,2478.3288,0.7924800000000001,0.0,0.0,0.0
508.2,39.96114301,-106.21655333,2478.3288,0.7924800000000001,0.0,0.0,0.0
508.3,39.96114301,-106.21655331,2478.3288,0.7924800000000001,0.0,0.0,0.0
508.4,39.96114301,-106.21655332,2478.3288,0.7924800000000001,0.0,0.0,0.0
508.5,39.96114305,-106.21655333,2478.3288,0.7924800000000001,0.0,0.0,0.0
508.6,39.96114305,-106.21655328,2478.3288,0.7924800000000001,0.0,0.0,0.0
508.7,39.96114303,-106.21655324,2478.3288,0.7924800000000001,0.0,0.0,0.0
508.8,39.96114301,-106.21655321,2478.3288,0.7924800000000001,0.0,0.0,0.0
508.9,39.96114295,-106.21655317,2478.3288,0.7924800000000001,0.0,0.0,0.0
509.0,39.96114298,-106.2165531,2478.3288,0.7924800000000001,0.0,0.0,0.0
509.1,39.96114302,-106.21655304,2478.3288,0.7924800000000001,0.0,0.0,0.0
509.2,39.96114306,-106.21655301,2478.3288,0.7924800000000001,0.0,0.0,0.0
509.3,39.96114312,-106.21655297,2478.3288,0.7924800000000001,0.0,0.0,0.0
509.4,39.96114312,-106.21655291,2478.3288,0.7924800000000001,0.0,0.0,0.0
509.5,39.9611431,-106.21655288,2478.3288,0.7924800000000001,0.0,0.0,0.0
509.6,39.96114307,-106.21655288,2478.3288,0.7924800000000001,0.0,0.0,0.0
509.7,39.96114297,-106.21655291,2478.3288,0.7924800000000001,0.0,0.0,0.0
509.8,39.96114293,-106.21655286,2478.3288,0.7924800000000001,0.0,0.0,0.0
509.9,39.96114292,-106.2165528,2478.3288,0.7924800000000001,0.0,0.0,0.0
510.0,39.96114296,-106.21655275,2478.3288,0.7924800000000001,0.0,0.0,0.0
510.1,39.961143,-106.21655272,2478.3288,0.7924800000000001,0.491744,0.0,0.0
510.2,39.96114316,-106.21655265,2478.3288,0.7924800000000001,0.491744,0.0,0.0
510.3,39.96114322,-106.21655266,2478.3288,0.7924800000000001,0.0,0.0,0.0
510.4,39.96114325,-106.21655269,2478.3288,0.7924800000000001,0.0,0.0,0.0
510.5,39.96114326,-106.21655274,2478.3288,0.7924800000000001,0.0,0.0,0.0
510.6,39.96114322,-106.21655286,2478.3288,0.7924800000000001,0.0,0.0,0.0
510.7,39.9611432,-106.2165529,2478.3288,0.7924800000000001,0.0,0.0,0.0
510.8,39.96114319,-106.21655292,2478.3288,0.7924800000000001,0.0,0.0,0.0
510.9,39.96114316,-106.21655292,2478.3288,0.7924800000000001,0.0,0.0,0.0
511.0,39.96114311,-106.21655294,2478.3288,0.7924800000000001,0.0,0.0,0.0
511.1,39.96114308,-106.21655292,2478.3288,0.7924800000000001,0.0,0.0,0.0
511.2,39.96114308,-106.2165529,2478.3288,0.7924800000000001,0.0,0.0,0.0
511.3,39.9611431,-106.21655288,2478.3288,0.7924800000000001,0.0,0.0,0.0
511.4,39.96114319,-106.21655284,2478.3288,0.7924800000000001,0.0,0.0,0.0
511.5,39.96114323,-106.21655279,2478.3288,0.7924800000000001,0.0,0.0,0.0
511.6,39.96114327,-106.21655275,2478.3288,0.7924800000000001,0.0,0.0,0.0
511.7000000000001,39.9611433,-106.21655272,2478.3288,0.7924800000000001,0.0,0.0,0.0
511.8,39.96114333,-106.21655269,2478.3288,0.7924800000000001,0.0,0.0,0.0
511.9,39.96114336,-106.2165527,2478.3288,0.7924800000000001,0.0,0.0,0.0
512.0,39.96114337,-106.21655263,2478.3288,0.7924800000000001,0.0,0.0,0.0
512.1,39.96114338,-106.2165526,2478.3288,0.7924800000000001,0.0,0.0,0.0
512.2,39.9611434,-106.21655261,2478.3288,0.7924800000000001,0.0,0.0,0.0
512.3,39.96114336,-106.21655268,2478.3288,0.7924800000000001,0.0,0.0,0.0
512.4,39.9611434,-106.21655273,2478.3288,0.7924800000000001,0.0,0.0,0.0
512.5,39.96114342,-106.21655279,2478.3288,0.7924800000000001,0.0,0.0,0.0
512.6,39.96114343,-106.21655285,2478.3288,0.7924800000000001,0.0,0.0,0.0
512.7,39.96114345,-106.21655297,2478.3288,0.7924800000000001,0.0,0.0,0.0
512.8,39.96114347,-106.21655317,2478.3288,0.7924800000000001,0.0,0.0,0.0
512.9,39.96114348,-106.21655331,2478.3288,0.7924800000000001,0.0,0.0,0.0
513.0,39.96114346,-106.21655338,2478.3288,0.7924800000000001,0.0,0.0,0.0
513.1,39.96114333,-106.21655346,2478.3288,0.7924800000000001,0.0,0.0,0.0
513.2,39.96114328,-106.2165535,2478.3288,0.7924800000000001,0.0,0.0,0.0
513.3,39.96114325,-106.21655349,2478.3288,0.7924800000000001,0.0,0.0,0.0
513.4,39.96114323,-106.21655342,2478.3288,0.7924800000000001,0.0,0.0,0.0
513.5,39.96114322,-106.21655335,2478.3288,0.7924800000000001,0.0,0.0,0.0
513.6,39.96114324,-106.21655318,2478.3288,0.7924800000000001,0.0,0.0,0.0
513.7,39.96114323,-106.21655312,2478.3288,0.7924800000000001,0.0,0.0,0.0
513.8,39.96114322,-106.21655304,2478.3288,0.7924800000000001,0.0,0.0,0.0
513.9,39.96114322,-106.21655297,2478.3288,0.7924800000000001,0.0,0.0,0.0
514.0,39.96114322,-106.21655282,2478.3288,0.7924800000000001,0.491744,0.0,0.0
514.1,39.96114326,-106.21655275,2478.3288,0.7924800000000001,0.0,0.0,0.0
514.2,39.9611433,-106.21655268,2478.3288,0.7924800000000001,0.491744,0.0,0.0
514.3,39.96114334,-106.21655261,2478.3288,0.7924800000000001,0.0,0.0,0.0
514.4,39.9611434,-106.21655246,2478.3288,0.7924800000000001,0.0,0.0,0.0
514.5,39.96114346,-106.21655239,2478.3288,0.7924800000000001,0.0,0.0,0.0
514.6,39.96114353,-106.21655233,2478.3288,0.7924800000000001,0.0,0.0,0.0
514.7,39.96114358,-106.21655231,2478.3288,0.7924800000000001,0.0,0.0,0.0
514.8,39.9611437,-106.21655236,2478.3288,0.7924800000000001,0.0,0.0,0.0
514.9,39.96114376,-106.21655238,2478.3288,0.7924800000000001,0.0,0.0,0.0
515.0,39.96114383,-106.2165524,2478.3288,0.7924800000000001,0.0,0.0,0.0
515.1,39.96114386,-106.21655241,2478.3288,0.7924800000000001,0.491744,0.0,0.0
515.2,39.96114386,-106.21655242,2478.3288,0.7924800000000001,0.0,0.0,0.0
515.3,39.9611439,-106.21655245,2478.3288,0.7924800000000001,0.0,0.0,0.0
515.4,39.96114383,-106.21655247,2478.3288,0.7924800000000001,0.0,0.0,0.0
515.5,39.9611438,-106.21655249,2478.3288,0.7924800000000001,0.0,0.089408,0.0
515.7,39.96114374,-106.21655249,2478.0240000000003,0.70104,0.0,0.312928,0.0
515.8,39.96114374,-106.21655247,2478.0240000000003,0.70104,0.0,0.312928,0.0
515.9,39.96114376,-106.21655246,2478.0240000000003,0.70104,0.0,0.402336,0.0
516.0,39.96114378,-106.21655244,2478.0240000000003,0.6096,0.0,0.491744,0.0
516.1,39.96114378,-106.21655242,2478.0240000000003,0.6096,0.0,0.402336,0.0
516.2,39.96114373,-106.21655239,2478.0240000000003,0.48768,0.0,0.402336,0.0
516.3,39.96114373,-106.21655236,2478.0240000000003,0.48768,0.0,0.402336,0.0
516.4,39.96114377,-106.21655232,2477.7192,0.39624,0.0,0.402336,0.0
516.5,39.9611437,-106.21655225,2477.7192,0.39624,0.0,0.402336,0.0
516.6,39.96114364,-106.21655223,2477.7192,0.3048,0.0,0.402336,0.0
516.7,39.96114366,-106.21655225,2477.7192,0.3048,0.491744,0.402336,0.0
516.8,39.9611438,-106.21655232,2477.7192,0.3048,0.0,0.312928,0.0
516.9,39.9611439,-106.21655235,2477.7192,0.21336,0.0,0.312928,0.0
517.0,39.96114399,-106.21655241,2477.7192,0.21336,0.0,0.312928,0.0
517.1,39.96114407,-106.2165524,2477.4144,0.09144,0.0,0.312928,0.0
517.2,39.96114418,-106.2165524,2477.4144,0.09144,0.0,0.22352,0.0
517.3,39.96114427,-106.21655239,2477.4144,0.09144,0.491744,0.22352,0.0
517.4,39.96114439,-106.21655237,2477.4144,0.09144,0.491744,0.22352,0.0
517.5,39.96114448,-106.21655234,2477.4144,0.0,0.0,0.22352,0.0
517.6,39.96114457,-106.21655228,2477.4144,0.0,0.0,0.22352,0.0
517.7,39.96114462,-106.21655225,2477.4144,0.0,0.0,0.22352,0.0
517.8,39.96114459,-106.21655216,2477.4144,0.0,0.0,0.22352,0.0
517.9,39.96114458,-106.21655218,2477.4144,0.0,0.0,0.22352,0.0
518.0,39.96114455,-106.21655223,2477.4144,0.0,0.491744,0.22352,0.0
518.1,39.96114454,-106.21655226,2477.4144,0.0,0.0,0.22352,0.0
518.2,39.96114448,-106.21655226,2477.4144,-0.09144,0.0,0.22352,0.0
518.3,39.96114445,-106.2165523,2477.4144,-0.09144,0.0,0.22352,0.0
518.4,39.96114437,-106.21655236,2477.4144,-0.09144,0.0,0.22352,0.0
518.5,39.96114432,-106.21655237,2477.1096,-0.21336,0.0,0.22352,0.0
518.6,39.96114431,-106.21655231,2477.1096,-0.21336,0.0,0.22352,0.0
518.7,39.96114424,-106.2165522,2477.1096,-0.21336,0.0,0.22352,0.0
518.8,39.96114429,-106.21655219,2477.1096,-0.21336,0.0,0.0,0.0
518.9,39.96114432,-106.21655213,2477.1096,-0.21336,0.0,0.0,0.0
519.0,39.96114433,-106.2165521,2477.1096,-0.21336,0.0,0.0,0.0
519.1,39.96114447,-106.21655203,2477.1096,-0.3048,0.0,0.0,0.0
519.2,39.96114445,-106.21655203,2477.1096,-0.3048,0.0,0.0,0.0
519.3,39.96114444,-106.21655202,2477.1096,-0.3048,0.0,0.0,0.0
519.4,39.96114441,-106.21655201,2477.1096,-0.3048,0.491744,0.0,0.0
519.5,39.96114439,-106.216552,2477.1096,-0.3048,0.0,0.0,0.0
519.6,39.96114436,-106.216552,2477.1096,-0.3048,0.0,0.0,0.0
519.7,39.96114435,-106.21655201,2477.1096,-0.3048,0.0,0.0,0.0
519.8,39.96114436,-106.21655202,2477.1096,-0.3048,0.0,0.0,0.0
519.9,39.96114441,-106.21655211,2477.1096,-0.3048,0.0,0.0,0.0
520.0,39.96114442,-106.21655216,2477.1096,-0.3048,0.0,0.0,0.0
520.1,39.96114442,-106.21655216,2477.4144,0.0,0.0,0.0,0.0
