timestamp,latitude,longitude,altitude,height,ground_speed,vertical_speed,course
0.0,40.01216424,-104.9513881,1560.576,0.0,0.0,0.0,0.0
0.1000000000000227,40.01216422,-104.9513881,1560.576,0.0,0.0,0.0,0.0
0.1999999999999886,40.01216423,-104.9513881,1560.576,0.0,0.0,0.0,0.0
0.3000000000000113,40.01216421,-104.9513881,1560.576,0.0,0.0,0.0,0.0
0.4000000000000341,40.01216422,-104.9513881,1560.576,0.0,0.0,0.0,0.0
0.5,40.01216421,-104.9513879,1560.576,0.0,0.0,0.0,0.0
0.6000000000000227,40.01216421,-104.9513879,1560.576,0.0,0.0,0.0,0.0
0.6999999999999886,40.0121642,-104.9513879,1560.576,0.0,0.0,0.0,0.0
0.8000000000000114,40.01216421,-104.9513879,1560.576,0.0,0.0,0.0,0.0
0.9000000000000341,40.01216435,-104.9513879,1560.576,0.0,0.0,0.0,0.0
1.0,40.01216437,-104.9513879,1560.576,0.0,0.0,0.0,0.0
1.1000000000000227,40.01216434,-104.951388,1560.576,0.0,0.0,0.0,0.0
1.1999999999999886,40.01216436,-104.9513879,1560.576,0.0,0.0,0.0,0.0
1.3000000000000114,40.01216433,-104.951388,1560.576,0.0,0.0,0.0,0.0
1.400000000000034,40.01216434,-104.9513879,1560.576,0.0,0.0,0.0,0.0
1.5,40.01216432,-104.951388,1560.576,0.0,0.0,0.0,0.0
1.6000000000000227,40.01216433,-104.951388,1560.576,0.0,0.0,0.0,0.0
1.6999999999999886,40.01216431,-104.951388,1560.576,0.0,0.0,0.0,0.0
1.8000000000000114,40.01216432,-104.951388,1560.576,0.0,0.0,0.0,0.0
2.0,40.01216431,-104.951388,1560.576,0.0,0.0,0.0,0.0
2.1000000000000227,40.01216429,-104.951388,1560.576,0.0,0.0,0.0,0.0
2.1999999999999886,40.0121643,-104.951388,1560.576,0.0,0.0,0.0,0.0
2.400000000000034,40.01216429,-104.9513878,1560.576,0.0,0.0,0.0,0.0
2.6999999999999886,40.01216428,-104.9513878,1560.576,0.0,0.0,0.0,0.0
2.800000000000012,40.01216428,-104.9513878,1560.576,0.0,0.0,0.0,0.0
3.0,40.01216427,-104.9513879,1560.576,0.0,0.0,0.0,0.0
3.1000000000000227,40.01216427,-104.9513879,1560.576,0.0,0.0,0.0,0.0
3.1999999999999886,40.01216427,-104.9513879,1560.576,0.0,0.0,0.0,0.0
3.300000000000012,40.01216427,-104.9513879,1560.576,0.0,0.0,0.0,0.0
3.400000000000034,40.01216426,-104.9513879,1560.576,0.0,0.0,0.0,0.0
3.5,40.01216427,-104.9513879,1560.576,0.0,0.0,0.0,0.0
3.6000000000000227,40.01216426,-104.9513879,1560.576,0.0,0.0,0.0,0.0
3.6999999999999886,40.01216427,-104.9513879,1560.576,0.0,0.0,0.0,0.0
3.8000000000000114,40.01216426,-104.9513879,1560.576,0.0,0.0,0.0,0.0
3.900000000000034,40.01216427,-104.9513879,1560.576,0.0,0.0,0.0,0.0
4.0,40.01216426,-104.9513879,1560.576,0.0,0.0,0.0,0.0
4.100000000000023,40.01216427,-104.9513879,1560.576,0.0,0.0,0.0,0.0
4.199999999999989,40.01216427,-104.9513879,1560.576,0.0,0.0,0.0,0.0
4.300000000000011,40.01216427,-104.9513879,1560.576,0.0,0.0,0.0,0.0
4.400000000000034,40.01216427,-104.9513879,1560.576,0.0,0.0,0.0,0.0
4.5,40.01216428,-104.9513879,1560.576,0.0,0.0,0.0,0.0
4.600000000000023,40.01216428,-104.9513879,1560.576,0.0,0.0,0.0,0.0
4.699999999999989,40.01216428,-104.9513879,1560.576,0.0,0.0,0.0,0.0
4.800000000000011,40.01216428,-104.9513879,1560.576,0.0,0.0,0.0,0.0
4.900000000000034,40.01216428,-104.9513879,1560.576,0.0,0.0,0.0,0.0
5.100000000000023,40.01216429,-104.9513879,1560.576,0.0,0.0,0.0,0.0
5.199999999999989,40.01216429,-104.9513879,1560.576,0.0,0.0,0.0,0.0
5.400000000000034,40.01216429,-104.9513879,1560.576,0.0,0.0,0.0,0.0
5.5,40.01216429,-104.9513879,1560.576,0.0,0.0,0.0,0.0
5.600000000000023,40.01216429,-104.9513879,1560.576,0.0,0.0,0.0,0.0
5.699999999999989,40.01216445,-104.9513877,1560.576,0.0,0.0,0.0,0.0
5.800000000000011,40.01216449,-104.9513877,1560.576,0.0,0.0,-0.089408,0.0
6.0,40.01216467,-104.9513875,1560.576,0.0,0.0,-0.402336,45.0
6.100000000000023,40.01216476,-104.9513872,1560.8808,0.09144,0.0,-0.491744,45.0
6.199999999999989,40.01216491,-104.951387,1560.8808,0.09144,0.0,-0.715264,45.0
6.5,40.01216504,-104.9513865,1561.1856,0.48768,0.357632,-1.519936,0.0
6.600000000000023,40.0121651,-104.9513865,1561.1856,0.6096,0.22352,-1.78816,0.0
6.699999999999989,40.01216525,-104.9513866,1561.4904,0.7924800000000001,0.0,-2.190496,0.0
6.800000000000011,40.01216533,-104.9513865,1561.7952,1.09728,0.0,-2.592832,0.0
6.900000000000034,40.01216545,-104.9513865,1562.1,1.40208,0.0,-3.084576,0.0
7.0,40.0121655,-104.9513865,1562.4048,1.70688,0.0,-3.397504,0.0
7.100000000000023,40.01216544,-104.9513865,1562.7096,2.10312,0.0,-3.710432,0.0
7.199999999999989,40.01216544,-104.9513866,1563.3192,2.49936,0.0,-3.889248,0.0
7.300000000000011,40.01216568,-104.9513869,1563.624,2.8956,0.67056,-4.112768,0.0
7.400000000000034,40.01216566,-104.951387,1563.9288,3.2918400000000005,0.0,-4.202176,0.0
7.699999999999989,40.01216577,-104.9513875,1565.148,4.60248,0.22352,-3.889248,0.0
8.100000000000023,40.01216514,-104.9513877,1566.672,5.91312,0.0,-2.503424,0.0
8.199999999999989,40.01216498,-104.9513878,1566.672,6.096,0.0,-2.101088,0.0
8.300000000000011,40.01216475,-104.9513879,1566.9768,6.30936,0.0,-1.6987519999999998,0.0
8.400000000000034,40.0121646,-104.951388,1566.9768,6.4008,0.0,-1.296416,0.0
8.699999999999989,40.0121639,-104.9513881,1567.2816,6.61416,0.0,-0.22352,180.0
8.900000000000034,40.01216345,-104.9513884,1567.2816,6.7056,0.312928,0.0,225.0
9.0,40.01216344,-104.9513885,1567.2816,6.7056,0.0,0.0,270.0
9.100000000000025,40.01216358,-104.9513889,1567.2816,6.7056,0.0,0.0,291.8014094863518
9.199999999999989,40.01216377,-104.9513893,1567.2816,6.7056,0.67056,0.0,305.5376777919744
9.300000000000011,40.01216418,-104.9513896,1567.2816,6.7056,0.491744,0.0,307.8749836510982
9.5,40.01216497,-104.9513906,1567.2816,6.7056,0.44704,0.0,310.23635830927384
9.600000000000025,40.01216554,-104.9513913,1567.2816,6.61416,0.625856,0.0,315.0
9.699999999999989,40.0121661,-104.951392,1567.2816,6.61416,0.938784,0.0,315.0
9.800000000000011,40.01216657,-104.9513926,1567.2816,6.61416,0.938784,0.0,315.0
9.900000000000034,40.01216714,-104.9513931,1567.2816,6.61416,0.938784,0.0,322.1250163489018
10.0,40.01216748,-104.9513934,1567.2816,6.61416,0.67056,0.0,324.4623222080256
10.100000000000025,40.0121679,-104.9513938,1567.2816,6.61416,0.67056,0.0,324.4623222080256
10.199999999999989,40.01216814,-104.951394,1567.2816,6.61416,0.0,0.0,338.1985905136482
10.400000000000034,40.01216854,-104.9513943,1567.2816,6.61416,0.0,0.0,0.0
10.5,40.0121687,-104.9513946,1567.2816,6.61416,0.0,0.0,0.0
10.800000000000011,40.0121691,-104.9513947,1567.2816,6.61416,0.22352,0.0,0.0
10.900000000000034,40.01216905,-104.9513948,1567.2816,6.61416,0.0,0.0,0.0
11.0,40.01216911,-104.9513948,1567.2816,6.7056,0.0,0.0,0.0
11.300000000000011,40.01216895,-104.9513949,1567.2816,6.7056,0.0,0.0,0.0
11.5,40.01216891,-104.9513949,1567.2816,6.7056,0.0,0.0,0.0
11.600000000000025,40.01216892,-104.9513949,1567.2816,6.7056,0.0,0.0,0.0
11.800000000000011,40.01216888,-104.9513949,1567.2816,6.7056,0.0,0.0,0.0
11.900000000000034,40.01216884,-104.9513948,1567.2816,6.7056,0.0,0.0,0.0
12.100000000000025,40.01216882,-104.9513948,1567.2816,6.7056,0.0,0.0,0.0
12.300000000000011,40.01216865,-104.9513947,1567.2816,6.7056,0.0,0.0,0.0
12.400000000000034,40.01216862,-104.9513947,1567.2816,6.7056,0.0,0.0,0.0
12.5,40.01216863,-104.9513946,1567.2816,6.7056,0.0,0.0,0.0
12.600000000000025,40.01216861,-104.9513946,1567.2816,6.7056,0.0,0.0,0.0
12.699999999999989,40.01216864,-104.9513946,1567.2816,6.7056,0.0,0.0,0.0
12.800000000000011,40.01216861,-104.9513946,1567.2816,6.7056,0.491744,0.0,0.0
12.900000000000034,40.01216865,-104.9513945,1567.2816,6.7056,0.0,0.0,0.0
13.300000000000011,40.01216856,-104.9513945,1567.2816,6.7056,0.0,0.0,0.0
13.400000000000034,40.01216855,-104.9513945,1567.2816,6.7056,0.0,0.0,0.0
13.5,40.01216874,-104.9513944,1567.2816,6.7056,0.0,0.0,0.0
13.600000000000025,40.01216875,-104.9513943,1567.2816,6.7056,0.0,0.0,0.0
13.699999999999989,40.01216873,-104.9513943,1567.2816,6.7056,0.0,0.0,0.0
13.800000000000011,40.01216872,-104.9513943,1567.2816,6.7056,0.0,0.0,0.0
13.900000000000034,40.01216868,-104.9513943,1567.2816,6.7056,0.0,0.0,0.0
14.0,40.01216867,-104.9513942,1567.2816,6.7056,0.0,0.0,0.0
14.100000000000025,40.01216867,-104.9513943,1567.2816,6.7056,0.0,0.0,0.0
14.300000000000011,40.01216868,-104.9513943,1567.2816,6.7056,0.0,0.0,0.0
14.400000000000034,40.01216868,-104.9513943,1567.2816,6.7056,0.0,0.0,0.0
14.699999999999989,40.01216874,-104.9513941,1567.2816,6.7056,0.0,0.0,0.0
14.800000000000011,40.01216874,-104.951394,1567.2816,6.7056,0.0,0.0,0.0
14.900000000000034,40.01216874,-104.9513941,1567.2816,6.7056,0.0,0.0,0.0
15.100000000000025,40.01216888,-104.951394,1567.2816,6.7056,0.0,0.0,0.0
15.199999999999989,40.0121689,-104.9513939,1567.2816,6.7056,0.0,0.0,0.0
15.300000000000011,40.01216887,-104.9513939,1567.2816,6.7056,0.0,0.0,0.0
15.699999999999989,40.01216916,-104.9513938,1567.2816,6.7056,0.0,0.0,0.0
15.800000000000011,40.0121692,-104.9513938,1567.2816,6.7056,0.0,0.0,0.0
16.0,40.01216932,-104.9513937,1567.2816,6.7056,0.0,0.0,0.0
16.100000000000023,40.01216938,-104.9513936,1567.2816,6.7056,0.0,0.0,0.0
16.19999999999999,40.01216941,-104.9513935,1567.2816,6.7056,0.0,0.0,0.0
16.30000000000001,40.01216947,-104.9513936,1567.2816,6.7056,0.491744,0.0,0.0
16.400000000000034,40.0121695,-104.9513935,1567.2816,6.7056,0.0,0.0,0.0
16.5,40.01216957,-104.9513934,1567.2816,6.7056,0.0,-0.312928,0.0
16.600000000000023,40.01216961,-104.9513934,1567.5864,6.797040000000001,0.0,-0.715264,0.0
16.69999999999999,40.0121697,-104.9513933,1567.5864,6.88848,0.0,-1.207008,0.0
16.80000000000001,40.01216975,-104.9513932,1567.5864,7.010400000000001,0.0,-1.6987519999999998,0.0
16.900000000000034,40.01216982,-104.9513933,1567.8912,7.193280000000001,0.0,-2.190496,0.0
17.100000000000023,40.01216987,-104.9513929,1568.5008,7.71144,0.0,-3.084576,0.0
17.400000000000034,40.01216998,-104.9513929,1569.4152,8.80872,0.0,-3.889248,0.0
17.5,40.01216991,-104.9513929,1570.0248,9.20496,0.0,-4.02336,0.0
17.80000000000001,40.01217015,-104.951393,1571.244,10.48512,0.0,-4.02336,0.0
17.900000000000034,40.01216976,-104.9513929,1571.5488,10.91184,0.0,-4.02336,0.0
18.0,40.01216972,-104.9513929,1571.8536,11.30808,0.0,-4.02336,0.0
18.100000000000023,40.01216972,-104.9513933,1572.4632,11.70432,0.0,-4.02336,0.0
18.19999999999999,40.01216967,-104.9513933,1572.768,12.100560000000002,0.0,-4.02336,0.0
18.30000000000001,40.01216971,-104.9513935,1573.0728,12.4968,0.0,-4.02336,0.0
18.400000000000038,40.01216968,-104.9513935,1573.6824,12.89304,0.0,-4.02336,0.0
18.5,40.01216961,-104.9513938,1573.9872,13.289280000000002,0.0,-4.02336,0.0
18.69999999999999,40.01216951,-104.951394,1574.9016,14.11224,0.0,-4.02336,0.0
18.80000000000001,40.01216949,-104.951394,1575.2064,14.50848,0.0,-4.02336,0.0
18.900000000000038,40.01216944,-104.9513943,1575.5112,14.90472,0.0,-4.02336,0.0
19.0,40.01216944,-104.9513944,1576.1208,15.300960000000002,0.0,-4.02336,0.0
19.100000000000023,40.01216955,-104.9513944,1576.4256,15.6972,0.0,-4.02336,0.0
19.30000000000001,40.01216948,-104.9513944,1577.0352,16.48968,0.0,-3.889248,0.0
19.5,40.01216948,-104.9513945,1577.9496,17.31264,0.0,-3.889248,0.0
19.600000000000023,40.01216949,-104.9513945,1578.2544,17.70888,0.0,-3.889248,0.0
19.69999999999999,40.01216943,-104.9513946,1578.864,18.10512,0.0,-3.889248,0.0
19.80000000000001,40.01216942,-104.9513947,1579.1688,18.50136,0.0,-4.02336,0.0
19.900000000000038,40.01216953,-104.9513948,1579.4736,18.8976,0.0,-4.02336,0.0
20.0,40.01216953,-104.9513948,1580.0832,19.29384,0.0,-4.02336,0.0
20.30000000000001,40.0121694,-104.9513948,1581.3024,20.51304,0.0,-3.889248,0.0
20.400000000000038,40.01216939,-104.9513949,1581.6072,20.90928,0.0,-3.889248,0.0
20.5,40.0121694,-104.9513948,1581.912,21.30552,0.0,-3.889248,0.0
20.600000000000023,40.01216939,-104.9513948,1582.5216,21.701760000000004,0.0,-3.889248,0.0
20.69999999999999,40.0121694,-104.9513947,1582.5216,22.00656,0.0,-3.889248,0.0
20.80000000000001,40.0121694,-104.9513947,1583.1312,22.49424,0.0,-3.889248,0.0
21.0,40.01216945,-104.9513947,1583.7408,23.19528,0.312928,-3.889248,0.0
21.100000000000023,40.01216932,-104.9513947,1584.3504,23.591520000000003,0.0,-3.889248,0.0
21.19999999999999,40.01216932,-104.9513946,1584.6552,23.98776,0.491744,-3.889248,0.0
21.30000000000001,40.01216946,-104.9513945,1584.96,24.41448,0.0,-3.889248,0.0
21.5,40.01216942,-104.951394,1585.8744000000002,25.20696,0.44704,-3.889248,0.0
21.600000000000023,40.01216941,-104.9513939,1586.1792,25.6032,0.312928,-4.02336,0.0
21.69999999999999,40.01216941,-104.9513939,1586.7888,25.99944,0.0,-3.889248,0.0
21.80000000000001,40.01216944,-104.9513938,1587.0936000000002,26.39568,0.0,-4.02336,0.0
22.0,40.01216953,-104.9513936,1588.008,27.188160000000003,0.0,-3.621024,0.0
22.100000000000023,40.01216954,-104.9513938,1588.3128000000002,27.492960000000004,0.0,-3.218688,0.0
22.19999999999999,40.01216958,-104.9513937,1588.6176,27.797760000000004,0.0,-2.90576,0.0
22.30000000000001,40.01216969,-104.9513939,1588.9224000000002,28.102560000000004,0.0,-2.503424,0.0
22.400000000000038,40.01216974,-104.9513939,1588.9224000000002,28.28544,0.0,-2.01168,0.0
22.5,40.01216967,-104.9513939,1588.9224000000002,28.40736,0.0,-1.609344,0.0
22.600000000000023,40.01216971,-104.9513939,1589.2272,28.59024,0.0,-1.207008,0.0
22.69999999999999,40.0121698,-104.9513939,1589.2272,28.59024,0.0,-0.715264,0.0
22.80000000000001,40.01216986,-104.9513939,1589.2272,28.71216,0.0,-0.312928,0.0
22.900000000000038,40.01216993,-104.9513937,1589.2272,28.71216,0.0,-0.089408,0.0
23.0,40.01217,-104.9513937,1589.2272,28.71216,0.0,0.0,0.0
23.100000000000023,40.01217021,-104.9513937,1589.2272,28.71216,0.0,0.0,0.0
23.19999999999999,40.0121703,-104.9513936,1589.2272,28.71216,0.491744,0.0,0.0
23.30000000000001,40.01217033,-104.9513936,1589.2272,28.71216,0.0,0.0,0.0
23.400000000000038,40.01217043,-104.9513935,1589.2272,28.71216,0.0,0.0,0.0
23.900000000000038,40.01217136,-104.9513923,1589.2272,28.498800000000003,0.22352,0.0,0.0
24.0,40.01217151,-104.9513921,1589.2272,28.498800000000003,0.22352,0.0,0.0
24.100000000000023,40.01217152,-104.9513918,1589.2272,28.498800000000003,0.0,0.0,0.0
24.19999999999999,40.01217165,-104.9513916,1589.2272,28.498800000000003,0.0,0.0,0.0
24.30000000000001,40.01217178,-104.9513915,1589.2272,28.498800000000003,0.0,0.0,0.0
24.400000000000038,40.01217188,-104.9513913,1589.2272,28.498800000000003,0.0,0.0,0.0
24.5,40.01217202,-104.9513911,1589.2272,28.498800000000003,0.0,0.0,0.0
24.600000000000023,40.01217211,-104.951391,1588.9224000000002,28.40736,0.0,0.0,0.0
24.69999999999999,40.01217215,-104.9513908,1588.9224000000002,28.40736,0.0,0.0,0.0
24.80000000000001,40.01217225,-104.9513908,1588.9224000000002,28.40736,0.0,0.0,270.0
24.900000000000038,40.0121724,-104.9513909,1588.9224000000002,28.40736,0.0,0.0,285.94539590092285
25.0,40.0121726,-104.9513914,1588.9224000000002,28.40736,0.0,0.0,291.0375110254218
25.100000000000023,40.01217289,-104.9513923,1588.9224000000002,28.40736,0.67056,0.0,289.29004621918875
25.19999999999999,40.01217326,-104.9513937,1588.9224000000002,28.40736,0.938784,-0.089408,287.24145939894
25.30000000000001,40.0121736,-104.9513954,1588.9224000000002,28.40736,1.519936,-0.089408,286.1443387802835
25.400000000000038,40.01217414,-104.9513977,1588.9224000000002,28.40736,1.78816,-0.089408,285.4612177404419
25.5,40.01217473,-104.9514004,1588.9224000000002,28.40736,2.2352,-0.089408,285.94539590092285
25.600000000000023,40.01217544,-104.9514036,1588.9224000000002,28.40736,2.592832,-0.089408,285.94539590092285
25.69999999999999,40.01217639,-104.9514068,1588.9224000000002,28.40736,2.861056,-0.089408,286.1644991522569
25.900000000000038,40.01217828,-104.9514147,1588.9224000000002,28.40736,3.308096,-0.089408,286.76255446183274
26.0,40.01217932,-104.9514193,1588.9224000000002,28.40736,3.710432,-0.089408,286.6992442339936
26.100000000000023,40.01218061,-104.9514245,1588.9224000000002,28.40736,4.336288,-0.089408,286.80869162620684
26.19999999999999,40.01218179,-104.9514299,1588.9224000000002,28.40736,4.69392,-0.089408,285.72474572274746
26.30000000000001,40.01218317,-104.9514349,1588.9224000000002,28.40736,4.649216,-0.089408,285.73880143744947
26.400000000000038,40.01218446,-104.9514408,1588.9224000000002,28.40736,4.872736,-0.089408,284.96215525432655
26.5,40.01218604,-104.9514471,1588.9224000000002,28.40736,5.453887999999999,-0.089408,285.69492414342
26.600000000000023,40.01218747,-104.9514536,1588.9224000000002,28.40736,5.677408,-0.089408,285.70863782901574
26.69999999999999,40.01218921,-104.9514604,1588.9224000000002,28.40736,5.945632,-0.089408,285.25511870305775
26.80000000000001,40.01219076,-104.9514675,1588.9224000000002,28.40736,6.169152,-0.089408,285.5025387916316
26.900000000000038,40.01219251,-104.9514749,1589.2272,28.498800000000003,6.437376,-0.089408,285.0830598223299
27.0,40.01219415,-104.9514824,1589.2272,28.498800000000003,6.616192,-0.089408,285.4221613187387
27.19999999999999,40.01219749,-104.9514983,1589.2272,28.498800000000003,6.884416,-0.089408,285.6008378066155
27.400000000000038,40.01220118,-104.9515151,1589.2272,28.498800000000003,7.242048,-0.089408,284.9535647531895
27.5,40.01220305,-104.9515238,1589.2272,28.498800000000003,7.510272,0.0,285.16746587060226
27.600000000000023,40.0122049,-104.9515325,1589.2272,28.498800000000003,7.689088,0.0,284.995079129176
27.69999999999999,40.01220675,-104.9515415,1589.2272,28.59024,7.8232,0.0,284.6615477486092
27.80000000000001,40.01220865,-104.9515506,1589.2272,28.498800000000003,7.957312,0.0,285.0332581293883
27.900000000000038,40.01221067,-104.9515601,1589.2272,28.59024,8.225536,0.0,284.712047009334
28.0,40.01221265,-104.9515695,1589.2272,28.59024,8.359648,0.0,284.5564243200743
28.100000000000023,40.0122147,-104.9515792,1589.2272,28.59024,8.449055999999999,0.0,284.9898623596818
28.19999999999999,40.01221674,-104.9515889,1589.2272,28.59024,8.583167999999999,0.0,284.75872446075647
28.30000000000001,40.01221866,-104.9515989,1589.2272,28.59024,8.672576,0.0,284.60846693392887
28.400000000000038,40.01222074,-104.9516089,1589.2272,28.59024,8.806688,0.0,284.46117347303164
28.5,40.01222285,-104.951619,1589.2272,28.59024,8.851392,0.0,284.8756820016388
28.600000000000023,40.01222499,-104.9516292,1589.2272,28.59024,8.985504,0.0,284.6567511157604
28.69999999999999,40.01222732,-104.9516403,1589.2272,28.59024,9.38784,0.0,284.51426629366847
28.80000000000001,40.01222954,-104.9516508,1589.2272,28.498800000000003,9.521952,0.0,285.1820063061016
28.900000000000038,40.01223155,-104.9516605,1589.2272,28.498800000000003,8.896096,0.0,285.0378159035822
29.0,40.01223381,-104.951671,1589.2272,28.59024,8.985504,0.0,285.0378159035822
29.100000000000023,40.01223589,-104.9516819,1589.2272,28.59024,9.432544,0.0,285.35013649242444
29.19999999999999,40.01223819,-104.9516927,1589.2272,28.59024,9.521952,0.0,285.2080391906353
29.30000000000001,40.01224052,-104.9517035,1589.2272,28.498800000000003,9.521952,0.0,285.72474572274746
29.400000000000038,40.01224292,-104.9517144,1589.2272,28.498800000000003,9.656064,0.0,285.5809238482516
29.5,40.0122453,-104.9517254,1589.2272,28.498800000000003,9.700768,0.0,286.0908163488522
29.600000000000023,40.01224777,-104.9517364,1589.2272,28.498800000000003,9.745472,0.0,285.94539590092285
29.69999999999999,40.01225014,-104.9517477,1589.2272,28.498800000000003,9.879584,0.0,285.7320047851073
29.80000000000001,40.01225266,-104.9517589,1589.2272,28.498800000000003,9.924288,0.0,285.7320047851073
29.900000000000038,40.01225514,-104.95177,1589.2272,28.498800000000003,9.879584,0.0,286.3318116084683
30.0,40.0122577,-104.9517813,1589.2272,28.498800000000003,9.924288,0.0,286.3318116084683
30.5,40.01227091,-104.9518385,1589.2272,28.59024,10.147808,-0.089408,287.0107615046762
30.600000000000023,40.01227372,-104.95185,1589.2272,28.59024,10.192512,0.0,287.48799737614854
30.69999999999999,40.01227641,-104.9518616,1589.2272,28.59024,10.326624,0.0,287.48799737614854
30.80000000000001,40.01227929,-104.9518732,1589.2272,28.59024,10.371328,0.0,288.1991650530454
30.900000000000038,40.01228224,-104.9518848,1589.2272,28.59024,10.416032,0.0,288.1991650530454
31.0,40.0122852,-104.9518965,1589.2272,28.59024,10.416032,0.0,288.434948822922
31.100000000000023,40.01228808,-104.951908,1589.2272,28.59024,10.371328,0.0,288.434948822922
31.19999999999999,40.0122911,-104.9519196,1589.2272,28.59024,10.371328,0.0,288.434948822922
31.30000000000001,40.01229432,-104.9519321,1589.2272,28.59024,10.818368,0.0,289.1384087202847
31.400000000000038,40.01229741,-104.9519437,1589.2272,28.59024,10.863072,0.0,289.1384087202847
31.5,40.01230043,-104.9519544,1589.2272,28.59024,10.103104,0.0,289.1384087202847
31.600000000000023,40.01230349,-104.9519657,1589.2272,28.59024,9.968992,-0.22352,289.1581390485828
31.69999999999999,40.01230641,-104.9519765,1589.2272,28.59024,9.968992,-0.312928,289.8905821299604
31.900000000000038,40.01231178,-104.9519958,1589.5320000000002,28.803600000000003,9.074912,-0.983488,290.20856833706256
32.0,40.01231411,-104.9520039,1589.5320000000002,28.98648,8.27024,-1.519936,290.045249425421
32.10000000000002,40.01231639,-104.9520114,1589.8368,29.108400000000003,7.15264,-1.922272,289.8768721946033
32.19999999999999,40.01231819,-104.9520177,1590.1416000000002,29.4132,6.303264,-2.414016,289.6538240580533
32.30000000000001,40.01231962,-104.9520237,1590.4464,29.687520000000003,5.543296,-2.995168,289.50244850666223
32.400000000000034,40.01232088,-104.9520283,1590.7512000000002,29.992320000000003,4.738624,-3.397504,290.3948760820484
32.69999999999999,40.01232305,-104.9520396,1591.6656,31.0896,3.531616,-3.084576,290.32313682966293
32.80000000000001,40.0123237,-104.9520423,1591.9704000000002,31.30296,3.084576,-2.68224,288.7998851586526
32.900000000000034,40.01232401,-104.9520447,1592.2752,31.48584,2.2352,-2.592832,288.8860873697093
33.0,40.01232431,-104.9520465,1592.5800000000002,31.79064,1.78816,-2.90576,288.434948822922
33.10000000000002,40.01232417,-104.9520479,1592.8848,32.09544,1.34112,-3.218688,277.1250163489018
33.400000000000034,40.01232346,-104.9520498,1593.7992000000002,33.19272,0.759968,-3.79984,248.19859051364816
33.5,40.01232288,-104.9520501,1594.4088000000002,33.71088,0.581152,-3.889248,248.19859051364816
33.69999999999999,40.01232213,-104.9520507,1595.0184000000002,34.41192,0.5364479999999999,-4.02336,225.0
33.80000000000001,40.01232187,-104.952051,1595.6280000000002,34.8996,0.44704,-3.889248,225.0
33.900000000000034,40.01232133,-104.9520508,1595.9328,35.29584,0.0,-3.621024,225.0
34.0,40.01232114,-104.952051,1596.2376000000002,35.60064,0.491744,-3.308096,0.0
34.10000000000002,40.01232097,-104.9520508,1596.5424,35.90544,0.0,-2.90576,0.0
34.19999999999999,40.01232107,-104.9520508,1596.8472000000002,36.30168,0.0,-2.503424,15.945395900922849
34.30000000000001,40.01232126,-104.9520504,1597.152,36.51504,0.0,-2.101088,24.44395478041656
34.400000000000034,40.01232176,-104.9520501,1597.4568000000002,36.69792,0.67056,-1.609344,21.25050550713325
34.5,40.01232241,-104.9520497,1597.4568000000002,36.78936,0.67056,-1.207008,22.249023657212376
34.60000000000002,40.01232331,-104.9520492,1597.4568000000002,36.91128,0.938784,-0.804672,22.166345822082462
34.69999999999999,40.01232445,-104.9520485,1597.7616,37.00272,1.162304,-0.402336,19.53665493812838
34.80000000000001,40.0123258,-104.9520478,1597.7616,37.00272,1.519936,-0.089408,18.886087369709287
35.10000000000002,40.01233138,-104.9520443,1597.7616,37.09416,2.101088,0.0,21.44773632710536
35.19999999999999,40.01233383,-104.9520429,1597.7616,37.09416,2.45872,0.0,21.644435140713995
35.30000000000001,40.01233649,-104.9520413,1597.7616,37.09416,3.12928,0.0,21.948699083527003
35.400000000000034,40.0123394,-104.9520396,1597.7616,37.09416,3.442208,0.0,21.399810132082223
35.5,40.01234274,-104.9520375,1597.7616,37.1856,3.844544,0.0,21.67464911902414
35.60000000000002,40.01234607,-104.9520356,1597.7616,37.1856,4.068064,0.0,22.27589784825898
35.69999999999999,40.01234974,-104.9520333,1597.7616,37.1856,4.291583999999999,0.0,22.47943439710309
35.80000000000001,40.01235344,-104.9520311,1597.7616,37.09416,4.515104,0.0,22.442753365294323
35.900000000000034,40.01235762,-104.9520285,1597.7616,37.09416,4.828032,0.0,22.61986494804046
36.0,40.01236168,-104.9520261,1597.7616,37.09416,5.051552,0.0,23.06151953229352
36.10000000000002,40.01236605,-104.9520234,1597.7616,37.09416,5.14096,0.0,23.198590513648185
36.30000000000001,40.01237501,-104.952018,1597.7616,37.09416,5.453887999999999,0.0,22.765009107511503
36.400000000000034,40.0123796,-104.9520153,1597.7616,37.09416,5.498592,0.0,23.259220945528284
36.5,40.01238486,-104.9520121,1597.7616,37.09416,5.990336,0.0,23.73293980407197
36.60000000000002,40.01238973,-104.9520092,1597.7616,37.09416,6.169152,0.0,22.85481996177674
36.69999999999999,40.01239447,-104.9520064,1597.7616,37.09416,5.856224,0.0,23.702645950966257
36.80000000000001,40.01239954,-104.9520034,1597.7616,37.09416,5.990336,0.0,23.36434447605961
36.900000000000034,40.0124049,-104.9520003,1597.7616,37.00272,6.347968,0.0,22.873665190626696
37.0,40.01241017,-104.9519972,1597.7616,37.00272,6.48208,0.0,23.304890539203143
37.10000000000002,40.01241561,-104.9519941,1597.7616,37.00272,6.526784,0.0,22.98871680208066
37.19999999999999,40.01242104,-104.951991,1597.7616,37.00272,6.616192,0.0,22.68055960702492
37.30000000000001,40.01242674,-104.9519879,1597.7616,37.00272,6.750304,0.0,22.945742289597035
37.400000000000034,40.01243233,-104.9519847,1597.7616,37.00272,6.795007999999999,0.0,22.64912734565604
37.5,40.01243808,-104.9519816,1597.7616,37.00272,6.8397120000000005,0.0,22.359694175369384
37.60000000000002,40.01244382,-104.9519784,1597.7616,37.00272,6.92912,0.0,22.359694175369384
37.80000000000001,40.0124556,-104.9519719,1597.4568000000002,36.91128,7.063232,0.0,21.80140948635181
37.900000000000034,40.01246148,-104.9519686,1597.7616,37.00272,7.1079360000000005,0.0,22.06789956241022
38.0,40.01246749,-104.9519653,1597.4568000000002,36.91128,7.15264,0.0,21.80140948635181
38.10000000000002,40.01247368,-104.9519623,1597.7616,37.00272,7.286752,0.0,21.80140948635181
38.19999999999999,40.01247981,-104.951959,1597.7616,37.00272,7.331455999999999,0.0,21.54097591853844
38.30000000000001,40.01248598,-104.9519559,1597.7616,37.00272,7.331455999999999,0.0,21.54097591853844
38.400000000000034,40.01249223,-104.9519526,1597.7616,37.00272,7.420864000000001,0.0,21.2864051136591
38.5,40.01249846,-104.9519494,1597.7616,37.00272,7.465567999999999,0.0,20.91513662903316
38.60000000000002,40.01250482,-104.9519462,1597.7616,37.00272,7.510272,0.0,20.91513662903316
38.69999999999999,40.01251112,-104.9519431,1597.7616,37.00272,7.554975999999999,0.0,20.67442476087388
38.80000000000001,40.01251757,-104.9519398,1597.7616,37.00272,7.59968,0.0,20.67442476087388
38.900000000000034,40.01252411,-104.9519367,1597.7616,37.00272,7.689088,0.0,20.43895591491304
39.0,40.01253073,-104.9519335,1597.4568000000002,36.91128,7.778496,0.0,19.87217581924392
39.19999999999999,40.0125453,-104.9519267,1597.4568000000002,36.91128,8.359648,0.0,19.592281891051528
39.30000000000001,40.01255182,-104.9519238,1597.4568000000002,36.91128,8.27024,0.0,18.99665415548856
39.400000000000034,40.01255935,-104.9519204,1597.4568000000002,36.91128,8.27024,0.0,19.072554387855348
39.5,40.01256708,-104.9519168,1597.4568000000002,36.91128,8.985504,0.0,18.96219571458937
39.60000000000002,40.01257502,-104.9519132,1597.7616,37.00272,9.209024,0.0,18.607525950160834
39.69999999999999,40.01258305,-104.9519097,1597.7616,37.00272,9.38784,0.0,18.687351505211154
39.80000000000001,40.01259135,-104.951906,1597.7616,37.00272,9.61136,0.0,18.35227098779211
40.10000000000002,40.01261717,-104.9518947,1597.7616,37.00272,10.013696,0.0,18.19916505304542
40.19999999999999,40.01262613,-104.9518908,1597.7616,37.00272,10.192512,0.0,17.8188889145228
40.30000000000001,40.01263504,-104.9518869,1597.7616,37.00272,10.460736,0.0,18.13018691250096
40.400000000000034,40.01264427,-104.951883,1597.7616,37.00272,10.594848,0.0,17.835014942668067
40.60000000000002,40.01266319,-104.9518751,1597.7616,37.00272,10.95248,0.0,17.340258231068958
40.69999999999999,40.01267286,-104.9518712,1597.7616,37.00272,11.086592,0.0,17.20374992728
40.80000000000001,40.01268263,-104.9518675,1597.7616,37.00272,11.310112,-0.089408,15.79020727849371
40.900000000000034,40.01269263,-104.9518638,1597.7616,37.00272,11.444224,-0.089408,14.364582449697195
41.0,40.01270263,-104.9518607,1597.7616,37.00272,11.488928,-0.089408,12.283955441107196
41.10000000000002,40.01271257,-104.9518579,1597.7616,37.00272,11.354816,0.0,10.605872312862402
41.19999999999999,40.01272271,-104.9518557,1597.7616,37.00272,11.354816,0.0,8.54183939788777
41.30000000000001,40.01273296,-104.9518535,1597.4568000000002,36.91128,11.488928,0.0,6.985610834422005
41.400000000000034,40.01274324,-104.9518521,1597.4568000000002,36.91128,11.488928,0.0,5.599339336520586
41.5,40.01275385,-104.9518505,1597.4568000000002,36.91128,11.667744,0.0,4.449847066655934
41.60000000000002,40.01276434,-104.9518494,1597.4568000000002,36.78936,11.801856,0.0,4.36525773502791
41.69999999999999,40.01277561,-104.9518479,1597.4568000000002,36.78936,12.159488,0.0,4.332313983188499
41.80000000000001,40.01278634,-104.9518466,1597.4568000000002,36.78936,12.2936,0.0,5.369169814830741
41.900000000000034,40.0127964,-104.9518452,1597.4568000000002,36.91128,11.62304,0.0,5.752924699441167
42.10000000000002,40.01281819,-104.9518421,1597.4568000000002,36.91128,11.891264,-0.089408,6.525764471951106
42.19999999999999,40.01282916,-104.9518403,1597.4568000000002,36.91128,12.204192,-0.089408,7.099184168725572
42.30000000000001,40.01284047,-104.9518387,1597.4568000000002,36.78936,12.472416,-0.089408,7.458127592823189
42.400000000000034,40.01285156,-104.9518367,1597.4568000000002,36.78936,12.561824,-0.089408,7.458127592823189
42.60000000000002,40.01287474,-104.9518326,1597.4568000000002,36.78936,12.830048,-0.089408,7.81131273808063
42.69999999999999,40.0128859,-104.9518309,1597.4568000000002,36.78936,12.830048,-0.089408,7.326406660169539
42.80000000000001,40.01289725,-104.9518291,1597.4568000000002,36.78936,12.606528,-0.089408,6.317731621810253
43.0,40.01291883,-104.9518266,1597.4568000000002,36.78936,12.248895999999998,-0.089408,3.652222780306317
43.10000000000002,40.01293026,-104.9518258,1597.4568000000002,36.78936,12.2936,-0.089408,2.233809260142948
43.19999999999999,40.0129416,-104.9518253,1597.4568000000002,36.78936,12.651232,-0.089408,1.0157761810452826
43.30000000000001,40.01295298,-104.9518253,1597.4568000000002,36.78936,12.651232,-0.089408,0.0
43.400000000000034,40.01296435,-104.9518255,1597.4568000000002,36.69792,12.651232,-0.089408,358.9842238189547
43.5,40.01297579,-104.9518256,1597.4568000000002,36.69792,12.695936,-0.089408,358.1848961298783
43.60000000000002,40.0129872,-104.9518263,1597.4568000000002,36.69792,12.74064,-0.089408,356.7754773934801
43.69999999999999,40.01299875,-104.9518271,1597.4568000000002,36.69792,12.785344,-0.089408,356.7754773934801
43.80000000000001,40.01301022,-104.9518279,1597.4568000000002,36.69792,12.830048,-0.089408,357.7974018382342
43.900000000000034,40.01302172,-104.9518284,1597.4568000000002,36.69792,12.785344,-0.089408,358.5979356709586
44.0,40.01303325,-104.9518287,1597.4568000000002,36.69792,12.785344,-0.089408,359.59933674420785
44.10000000000002,40.01304496,-104.9518288,1597.4568000000002,36.69792,12.919455999999998,-0.089408,0.0
44.19999999999999,40.01305654,-104.9518287,1597.4568000000002,36.69792,12.96416,-0.089408,0.991177575010795
44.30000000000001,40.01306911,-104.9518285,1597.4568000000002,36.69792,13.4112,-0.089408,1.3875157474432172
44.400000000000034,40.01308082,-104.951828,1597.4568000000002,36.69792,13.500608,-0.089408,2.179755991741501
44.5,40.01309155,-104.9518276,1597.4568000000002,36.69792,12.472416,-0.089408,2.5755825563163057
44.60000000000002,40.0131032,-104.9518267,1597.4568000000002,36.69792,12.427712,-0.089408,3.5395591685499426
44.69999999999999,40.01311487,-104.9518259,1597.4568000000002,36.69792,12.96416,-0.089408,3.93167148002226
44.80000000000001,40.01312656,-104.9518247,1597.4568000000002,36.69792,13.008864,-0.22352,4.910261221582573
44.900000000000034,40.01313832,-104.9518235,1597.4568000000002,36.69792,13.098272,-0.22352,5.300926516525692
45.0,40.01315006,-104.951822,1597.4568000000002,36.69792,13.098272,-0.22352,5.691098146923935
45.10000000000002,40.0131619,-104.9518206,1597.4568000000002,36.69792,13.18768,-0.22352,6.039541989163524
45.30000000000001,40.0131856,-104.9518168,1597.4568000000002,36.69792,13.277088,-0.089408,7.389604549790363
45.400000000000034,40.01319746,-104.9518147,1597.4568000000002,36.69792,13.277088,-0.22352,7.721825800131
45.5,40.01320926,-104.9518127,1597.4568000000002,36.69792,13.277088,-0.22352,8.293182880118195
45.60000000000002,40.01322115,-104.9518104,1597.4568000000002,36.69792,13.321792,-0.089408,8.67317404787974
45.69999999999999,40.01323298,-104.951808,1597.4568000000002,36.69792,13.321792,-0.22352,9.052397923621696
45.80000000000001,40.01324491,-104.9518055,1597.4568000000002,36.69792,13.366496,-0.22352,9.43082370679366
45.900000000000034,40.0132568,-104.951803,1597.4568000000002,36.69792,13.4112,-0.089408,9.43082370679366
46.0,40.01326877,-104.9518003,1597.4568000000002,36.69792,13.455904,-0.089408,9.711568181239045
46.10000000000002,40.01328076,-104.9517975,1597.4568000000002,36.69792,13.545312,-0.089408,9.711568181239045
46.19999999999999,40.01329276,-104.9517948,1597.4568000000002,36.69792,13.545312,-0.089408,9.711568181239045
46.30000000000001,40.01330478,-104.951792,1597.4568000000002,36.69792,13.545312,0.0,9.711568181239045
46.400000000000034,40.01331678,-104.9517893,1597.4568000000002,36.69792,13.545312,-0.089408,9.711568181239045
46.5,40.01332883,-104.9517866,1597.4568000000002,36.69792,13.590016,-0.089408,9.711568181239045
46.60000000000002,40.01334083,-104.9517839,1597.4568000000002,36.69792,13.545312,-0.089408,9.711568181239045
46.80000000000001,40.01336466,-104.9517783,1597.4568000000002,36.69792,13.500608,-0.089408,9.711568181239045
46.900000000000034,40.0133776,-104.9517752,1597.4568000000002,36.69792,13.85824,-0.089408,10.271003720479086
47.0,40.01338973,-104.9517724,1597.4568000000002,36.78936,14.171168,-0.089408,10.2039737217317
47.10000000000002,40.0134008,-104.9517697,1597.4568000000002,36.78936,13.098272,-0.22352,10.2039737217317
47.19999999999999,40.01341291,-104.9517669,1597.4568000000002,36.78936,13.098272,-0.22352,10.137803853085131
47.30000000000001,40.01342505,-104.951764,1597.4568000000002,36.78936,13.679424,-0.22352,10.137803853085131
47.400000000000034,40.01343723,-104.9517612,1597.4568000000002,36.78936,13.724128,-0.22352,9.585340332491851
47.5,40.01344938,-104.9517584,1597.4568000000002,36.78936,13.724128,-0.089408,9.523437682994311
47.60000000000002,40.01346162,-104.9517557,1597.4568000000002,36.69792,13.768832,-0.089408,9.523437682994311
47.69999999999999,40.01347387,-104.9517529,1597.4568000000002,36.69792,13.813536,-0.089408,9.523437682994311
47.80000000000001,40.01348609,-104.9517502,1597.4568000000002,36.69792,13.768832,-0.089408,9.523437682994311
47.900000000000034,40.01349843,-104.9517475,1597.4568000000002,36.69792,13.85824,0.0,9.156421326484065
48.0,40.01351063,-104.9517449,1597.4568000000002,36.69792,13.813536,0.0,8.788645531719567
48.10000000000002,40.01352301,-104.9517424,1597.4568000000002,36.69792,13.85824,-0.089408,8.475093614986179
48.19999999999999,40.01353522,-104.95174,1597.4568000000002,36.69792,13.813536,-0.089408,8.103539639548558
48.30000000000001,40.01354747,-104.9517379,1597.4568000000002,36.69792,13.724128,-0.22352,7.125016348901795
48.5,40.01357192,-104.9517344,1597.4568000000002,36.78936,13.679424,-0.22352,5.075452378478985
48.60000000000002,40.0135842,-104.9517331,1597.4568000000002,36.78936,13.679424,-0.089408,4.139189255726194
48.69999999999999,40.01359657,-104.9517319,1597.4568000000002,36.78936,13.768832,-0.089408,3.3885569907234867
48.80000000000001,40.01360887,-104.9517311,1597.4568000000002,36.69792,13.768832,-0.089408,2.448656583824402
48.900000000000034,40.01362126,-104.9517304,1597.4568000000002,36.69792,13.724128,-0.089408,1.6957613171808248
49.0,40.01363354,-104.95173,1597.4568000000002,36.69792,13.724128,-0.089408,0.9422798335169772
49.10000000000002,40.01364582,-104.9517298,1597.4568000000002,36.69792,13.679424,-0.089408,0.0
49.19999999999999,40.01365809,-104.9517299,1597.4568000000002,36.69792,13.63472,-0.089408,359.6230595204029
49.400000000000034,40.0136828,-104.9517307,1597.4568000000002,36.69792,13.724128,-0.089408,357.9277015543809
49.5,40.01369603,-104.9517313,1597.4568000000002,36.69792,14.08176,-0.089408,356.98721249581666
49.69999999999999,40.01371964,-104.9517335,1597.152,36.60648,13.679424,-0.089408,355.8608107442738
49.80000000000001,40.01373188,-104.9517349,1597.4568000000002,36.69792,13.321792,-0.089408,354.924547621521
49.900000000000034,40.0137442,-104.9517366,1597.4568000000002,36.69792,13.724128,-0.089408,354.1774647460358
50.0,40.0137564,-104.9517384,1597.4568000000002,36.69792,13.724128,-0.22352,353.20211749971367
50.10000000000002,40.0137687,-104.9517406,1597.4568000000002,36.69792,13.724128,-0.089408,352.4550709612432
50.19999999999999,40.01378087,-104.9517429,1597.4568000000002,36.69792,13.724128,-0.089408,351.5249063850138
50.30000000000001,40.01379303,-104.9517454,1597.152,36.60648,13.679424,-0.089408,350.72360178896525
50.400000000000034,40.01380512,-104.9517481,1597.152,36.60648,13.679424,-0.089408,349.7960262782683
50.5,40.01381734,-104.9517512,1597.4568000000002,36.69792,13.724128,-0.089408,349.4264765814391
50.60000000000002,40.01382937,-104.9517543,1597.4568000000002,36.69792,13.768832,-0.089408,348.6161375289279
50.69999999999999,40.01384123,-104.9517576,1597.4568000000002,36.69792,13.545312,-0.089408,347.695321152837
50.80000000000001,40.01385319,-104.9517611,1597.4568000000002,36.69792,13.545312,-0.089408,347.2041289206624
51.10000000000002,40.01388913,-104.951773,1597.4568000000002,36.78936,13.724128,-0.089408,345.5532046290638
51.19999999999999,40.01390102,-104.9517772,1597.4568000000002,36.91128,13.724128,-0.22352,344.6463221404058
51.30000000000001,40.01391279,-104.9517815,1597.4568000000002,36.78936,13.63472,-0.089408,344.18382304894345
51.60000000000002,40.01394829,-104.9517953,1597.4568000000002,36.78936,13.679424,-0.089408,342.9247576105196
51.69999999999999,40.01396016,-104.9518002,1597.4568000000002,36.78936,13.768832,-0.089408,342.4555874304386
51.80000000000001,40.01397192,-104.9518052,1597.4568000000002,36.78936,13.813536,0.0,342.0982953622218
51.900000000000034,40.01398359,-104.9518103,1597.4568000000002,36.78936,13.724128,0.0,341.7424369246103
52.0,40.01399531,-104.9518155,1597.4568000000002,36.78936,13.724128,-0.089408,341.3880307943604
52.10000000000002,40.01400799,-104.9518212,1597.4568000000002,36.78936,14.349984,-0.089408,340.85918406259555
52.19999999999999,40.0140198,-104.9518266,1597.4568000000002,36.78936,14.439391999999998,-0.089408,340.5084864978834
52.30000000000001,40.01403034,-104.9518318,1597.4568000000002,36.78936,13.232384,-0.089408,340.15930191603167
52.60000000000002,40.0140655,-104.9518488,1597.4568000000002,36.78936,13.545312,-0.089408,339.16203232678544
52.69999999999999,40.01407732,-104.9518547,1597.4568000000002,36.78936,13.947648,-0.089408,339.16203232678544
52.80000000000001,40.01408898,-104.9518605,1597.4568000000002,36.78936,13.947648,-0.089408,338.816495875054
52.900000000000034,40.01410065,-104.9518665,1597.4568000000002,36.78936,13.902944,-0.089408,338.816495875054
53.0,40.0141123,-104.9518725,1597.4568000000002,36.78936,13.947648,-0.089408,338.47256704831767
53.10000000000002,40.01412373,-104.9518785,1597.4568000000002,36.69792,13.813536,-0.089408,338.47256704831767
53.19999999999999,40.01413535,-104.9518845,1597.4568000000002,36.69792,13.813536,-0.089408,338.47256704831767
53.30000000000001,40.01414715,-104.9518907,1597.4568000000002,36.69792,14.037056,-0.089408,338.47256704831767
53.60000000000002,40.01418223,-104.9519083,1597.4568000000002,36.69792,13.992352,-0.22352,340.15930191603167
53.69999999999999,40.01419402,-104.9519138,1597.4568000000002,36.69792,13.947648,-0.22352,341.5064065921192
53.80000000000001,40.01420583,-104.9519189,1597.4568000000002,36.69792,13.85824,-0.22352,342.568067397653
54.0,40.01422958,-104.9519279,1597.4568000000002,36.69792,13.768832,-0.22352,345.4587587321751
54.10000000000002,40.01424153,-104.951932,1597.4568000000002,36.69792,13.768832,-0.089408,346.8352824326845
54.19999999999999,40.01425341,-104.9519355,1597.4568000000002,36.69792,13.63472,-0.089408,347.94504086484835
54.400000000000034,40.01427714,-104.9519416,1597.152,36.60648,13.455904,-0.089408,350.5059701142411
54.5,40.01428893,-104.9519444,1597.152,36.60648,13.4112,-0.089408,351.65100366014354
54.60000000000002,40.01430078,-104.9519464,1597.152,36.60648,13.277088,-0.089408,352.9953527587055
54.69999999999999,40.01431361,-104.9519485,1597.152,36.60648,13.85824,-0.089408,354.34749651428973
54.80000000000001,40.01432553,-104.9519499,1597.152,36.60648,13.813536,-0.22352,356.0950825563056
54.900000000000034,40.01433628,-104.9519506,1597.152,36.60648,12.651232,-0.22352,357.45953259538965
55.0,40.01434806,-104.9519512,1597.4568000000002,36.69792,12.51712,-0.22352,358.62201675369505
55.10000000000002,40.01435987,-104.9519515,1597.4568000000002,36.69792,13.142976,-0.22352,0.0
55.19999999999999,40.01437159,-104.9519514,1597.4568000000002,36.69792,13.098272,-0.22352,0.984366703054718
55.30000000000001,40.01438311,-104.9519509,1597.4568000000002,36.69792,12.919455999999998,-0.089408,2.179755991741501
55.400000000000034,40.01439474,-104.9519501,1597.4568000000002,36.69792,12.874752,-0.089408,3.5639914670639428
55.5,40.01440636,-104.9519489,1597.4568000000002,36.69792,12.96416,-0.22352,4.995674241508198
55.60000000000002,40.01441791,-104.9519473,1597.4568000000002,36.69792,12.919455999999998,-0.22352,6.186230328920885
55.69999999999999,40.01442949,-104.9519454,1597.4568000000002,36.69792,12.96416,-0.22352,7.621071309297065
55.80000000000001,40.01444096,-104.9519432,1597.4568000000002,36.69792,12.919455999999998,-0.089408,9.003703693486727
55.900000000000034,40.01445223,-104.9519407,1597.4568000000002,36.69792,12.785344,-0.089408,9.857232297905457
56.0,40.01446355,-104.9519378,1597.4568000000002,36.69792,12.785344,-0.089408,11.30993247402023
56.10000000000002,40.01447495,-104.9519345,1597.4568000000002,36.69792,12.919455999999998,-0.089408,12.813205959037418
56.19999999999999,40.01448614,-104.951931,1597.4568000000002,36.69792,12.874752,-0.089408,13.987563972831538
56.30000000000001,40.01449722,-104.9519271,1597.4568000000002,36.69792,12.785344,-0.089408,15.556579323187975
56.400000000000034,40.0145082,-104.9519229,1597.4568000000002,36.69792,12.74064,-0.22352,17.02841541861858
56.60000000000002,40.01452957,-104.9519132,1597.4568000000002,36.69792,12.606528,-0.22352,20.508098971768447
56.80000000000001,40.01455048,-104.9519018,1597.4568000000002,36.69792,12.561824,-0.22352,24.255988388052288
56.900000000000034,40.01456067,-104.9518956,1597.4568000000002,36.78936,12.561824,-0.089408,26.007897463465383
57.0,40.01457058,-104.951889,1597.4568000000002,36.78936,12.427712,-0.089408,27.68106156848529
57.30000000000001,40.0145999,-104.9518668,1597.4568000000002,36.78936,12.51712,-0.089408,32.76040016306814
57.60000000000002,40.01462613,-104.9518428,1597.4568000000002,36.78936,12.204192,-0.089408,37.67147996225356
57.80000000000001,40.01464308,-104.9518246,1597.4568000000002,36.78936,11.980672,-0.089408,40.66993971541052
57.900000000000034,40.01465114,-104.9518151,1597.4568000000002,36.78936,12.159488,-0.089408,42.60157866590748
58.0,40.01465904,-104.9518053,1597.4568000000002,36.78936,12.07008,-0.089408,44.39690880561949
58.10000000000002,40.01466678,-104.9517952,1597.4568000000002,36.69792,12.159488,-0.089408,45.60309119438051
58.19999999999999,40.01467419,-104.9517848,1597.4568000000002,36.78936,12.114784,-0.089408,47.71198346744495
58.30000000000001,40.01468135,-104.9517744,1597.4568000000002,36.78936,11.980672,-0.089408,49.37558357275066
58.400000000000034,40.01468823,-104.9517636,1597.4568000000002,36.69792,11.980672,-0.089408,51.07245640720771
58.5,40.01469494,-104.9517524,1597.4568000000002,36.69792,12.025376,-0.089408,52.9155124230266
58.60000000000002,40.0147013,-104.9517411,1597.4568000000002,36.69792,12.025376,-0.089408,54.63753811293094
58.69999999999999,40.01470751,-104.9517295,1597.4568000000002,36.69792,11.980672,-0.089408,56.30993247402023
58.80000000000001,40.01471333,-104.9517178,1597.4568000000002,36.69792,11.935968,0.0,57.81105064542237
58.900000000000034,40.01471938,-104.9517051,1597.4568000000002,36.69792,12.2936,-0.089408,59.55642432007431
59.0,40.01472467,-104.9516929,1597.4568000000002,36.69792,12.2936,-0.089408,61.78730120284911
59.10000000000002,40.01472936,-104.9516808,1597.4568000000002,36.69792,11.757152,-0.22352,63.14312224878569
59.19999999999999,40.01473404,-104.9516683,1597.4568000000002,36.69792,11.712448,-0.22352,64.7058071498625
59.30000000000001,40.01473853,-104.9516558,1597.4568000000002,36.78936,11.801856,-0.22352,66.54473523744343
59.5,40.01474604,-104.9516313,1597.4568000000002,36.69792,11.39952,-0.089408,69.49502052403693
59.60000000000002,40.01474955,-104.9516184,1597.4568000000002,36.69792,11.39952,-0.089408,71.08126236532092
59.69999999999999,40.01475288,-104.9516053,1597.4568000000002,36.69792,11.712448,-0.089408,72.54079736437279
59.80000000000001,40.01475583,-104.9515922,1597.4568000000002,36.69792,11.712448,-0.089408,74.62905440719283
60.0,40.01476141,-104.9515648,1597.4568000000002,36.69792,11.935968,-0.089408,77.95164878177667
60.10000000000002,40.01476299,-104.9515523,1597.4568000000002,36.69792,11.62304,-0.089408,79.47608835795273
60.30000000000001,40.01476618,-104.9515258,1597.4568000000002,36.78936,11.220704,-0.089408,83.06864320168415
60.400000000000034,40.01476736,-104.9515125,1597.4568000000002,36.78936,11.444224,-0.089408,84.40066066347947
60.60000000000002,40.01476902,-104.9514856,1597.4568000000002,36.78936,11.444224,-0.089408,87.54914736222895
60.69999999999999,40.01476946,-104.9514721,1597.4568000000002,36.78936,11.488928,-0.089408,88.8854367275153
61.0,40.01476887,-104.9514315,1597.4568000000002,36.78936,11.533632,-0.089408,92.89576197346662
61.10000000000002,40.014768,-104.951418,1597.4568000000002,36.78936,11.533632,-0.089408,94.44984706665592
61.19999999999999,40.014767,-104.9514044,1597.4568000000002,36.78936,11.578335999999998,-0.089408,95.99740057391551
61.30000000000001,40.01476586,-104.951391,1597.4568000000002,36.78936,11.578335999999998,0.0,97.53622301716916
61.400000000000034,40.01476431,-104.9513775,1597.4568000000002,36.78936,11.578335999999998,0.0,98.84665168804116
61.5,40.01476239,-104.9513641,1597.4568000000002,36.69792,11.62304,0.0,100.44319406349696
61.60000000000002,40.01476027,-104.9513507,1597.4568000000002,36.69792,11.62304,-0.089408,101.95658424314912
61.69999999999999,40.01475783,-104.9513375,1597.4568000000002,36.78936,11.62304,-0.089408,103.34145930340526
61.80000000000001,40.01475516,-104.9513242,1597.4568000000002,36.78936,11.62304,-0.089408,104.9456239171256
61.900000000000034,40.01475237,-104.9513111,1597.4568000000002,36.78936,11.62304,-0.089408,106.42660898069364
62.0,40.01474918,-104.9512981,1597.4568000000002,36.69792,11.667744,-0.089408,108.08770592583625
62.10000000000002,40.01474585,-104.9512852,1597.4568000000002,36.69792,11.62304,-0.089408,109.476575498932
62.19999999999999,40.01474216,-104.9512723,1597.4568000000002,36.69792,11.62304,-0.089408,111.06897493193122
62.60000000000002,40.01472447,-104.9512207,1597.4568000000002,36.69792,11.980672,-0.089408,116.66167128703016
62.69999999999999,40.01471984,-104.9512097,1597.4568000000002,36.69792,11.757152,-0.089408,118.00917670801384
62.80000000000001,40.01471462,-104.9511975,1597.4568000000002,36.69792,11.310112,-0.089408,119.53257738850664
63.0,40.01470349,-104.9511734,1597.4568000000002,36.69792,11.935968,-0.089408,122.45492894200538
63.10000000000002,40.0146974,-104.9511616,1597.4568000000002,36.69792,12.025376,-0.089408,123.80795991004196
63.19999999999999,40.01469116,-104.9511499,1597.4568000000002,36.69792,12.114784,-0.089408,125.26822549258152
63.30000000000001,40.01468474,-104.9511383,1597.4568000000002,36.69792,12.159488,-0.089408,126.66002393427648
63.400000000000034,40.014678,-104.951127,1597.4568000000002,36.69792,12.204192,-0.089408,128.33334010909863
63.5,40.01467098,-104.9511158,1597.4568000000002,36.69792,12.2936,-0.089408,129.4063965508877
63.60000000000002,40.01466377,-104.9511048,1597.4568000000002,36.69792,12.338304,-0.089408,131.02953993955668
63.900000000000034,40.014641,-104.9510728,1597.4568000000002,36.69792,12.383008,-0.22352,134.70767713077146
64.10000000000002,40.01462481,-104.9510524,1597.4568000000002,36.69792,12.427712,-0.22352,137.3137224978242
64.19999999999999,40.01461643,-104.9510426,1597.4568000000002,36.69792,12.51712,-0.089408,138.46822925891718
64.30000000000001,40.01460777,-104.951033,1597.4568000000002,36.69792,12.561824,-0.089408,139.90729984228813
64.40000000000003,40.01459902,-104.9510236,1597.4568000000002,36.69792,12.606528,-0.089408,141.0541918941149
64.5,40.01459011,-104.9510144,1597.4568000000002,36.69792,12.606528,-0.089408,142.48088617952368
64.69999999999999,40.01457183,-104.9509969,1597.152,36.60648,12.606528,-0.089408,144.67496536186195
64.80000000000001,40.01456244,-104.9509885,1597.152,36.60648,12.651232,-0.089408,145.91788536043146
64.90000000000003,40.01455284,-104.9509802,1597.152,36.60648,12.74064,-0.089408,147.54432240671792
65.0,40.01454312,-104.9509723,1597.152,36.60648,12.74064,-0.22352,148.76078511179128
65.10000000000002,40.01453264,-104.950964,1597.152,36.60648,13.18768,-0.312928,150.17992743452623
65.19999999999999,40.01452253,-104.9509567,1597.4568000000002,36.69792,13.232384,-0.22352,151.37354932705034
65.30000000000001,40.01451315,-104.9509504,1597.4568000000002,36.69792,12.2936,-0.22352,152.63178957111177
65.40000000000003,40.01450283,-104.9509436,1597.152,36.60648,12.2936,-0.22352,154.06257701453978
65.5,40.01449233,-104.9509372,1597.152,36.60648,12.874752,-0.22352,155.21099307628072
65.60000000000002,40.01448174,-104.9509311,1597.152,36.60648,12.874752,-0.089408,156.644435140714
65.69999999999999,40.01447117,-104.9509252,1597.152,36.51504,12.785344,-0.089408,158.08726465727975
65.80000000000001,40.0144604,-104.9509198,1597.152,36.51504,12.785344,-0.089408,159.91396703879366
65.90000000000003,40.01444958,-104.9509146,1597.152,36.51504,12.830048,-0.22352,161.24850312980493
66.0,40.01443866,-104.95091,1597.152,36.51504,12.785344,-0.22352,162.97158458138142
66.10000000000002,40.01442764,-104.9509059,1597.152,36.60648,12.785344,-0.22352,164.44342067681202
66.19999999999999,40.01441659,-104.9509021,1597.152,36.60648,12.74064,-0.22352,165.91474390116036
66.30000000000001,40.01440563,-104.9508986,1597.152,36.60648,12.651232,-0.22352,167.77817018515225
66.40000000000003,40.01439447,-104.9508957,1597.152,36.60648,12.606528,-0.22352,169.56778935340742
66.69999999999999,40.01436047,-104.9508894,1597.152,36.60648,12.695936,-0.22352,174.53090502988812
66.80000000000001,40.01434911,-104.9508883,1597.152,36.60648,12.695936,-0.22352,176.34777721969365
67.0,40.01432625,-104.9508872,1597.152,36.60648,12.695936,-0.22352,180.0
67.10000000000002,40.01431483,-104.9508872,1597.152,36.60648,12.695936,-0.22352,181.01577618104525
67.19999999999999,40.01430346,-104.9508878,1597.152,36.51504,12.695936,-0.22352,182.6394261379073
67.5,40.01426958,-104.9508921,1597.152,36.51504,12.606528,-0.22352,187.81131273808063
67.69999999999999,40.01424669,-104.9508973,1597.152,36.51504,12.74064,-0.22352,191.99438919754607
67.90000000000003,40.01422583,-104.9509044,1597.152,36.51504,12.427712,-0.22352,195.94539590092285
68.0,40.01421524,-104.9509087,1597.152,36.51504,12.07008,-0.22352,197.974487488836
68.10000000000002,40.01420488,-104.9509133,1597.152,36.51504,12.248895999999998,-0.22352,199.2999761635457
68.19999999999999,40.01419476,-104.9509181,1597.152,36.60648,12.07008,-0.491744,200.5049794759631
68.30000000000001,40.01418503,-104.9509228,1597.152,36.60648,11.757152,-0.402336,200.7941149555037
68.40000000000003,40.01417569,-104.9509275,1597.152,36.60648,11.310112,-0.312928,200.88580146069305
68.5,40.01416656,-104.9509322,1597.152,36.60648,10.997184,-0.22352,201.21261983080788
68.60000000000002,40.01415802,-104.9509366,1597.4568000000002,36.69792,10.550144,-0.22352,201.27708670657765
68.69999999999999,40.0141498,-104.9509412,1597.4568000000002,36.69792,10.103104,-0.22352,201.6005486807608
68.80000000000001,40.01414209,-104.9509453,1597.4568000000002,36.69792,9.61136,-0.22352,201.4854433170634
68.90000000000003,40.0141344,-104.9509495,1597.4568000000002,36.69792,9.253728,-0.089408,201.9116995898096
69.0,40.01412748,-104.9509532,1597.4568000000002,36.69792,8.761984,-0.089408,201.74258427138133
69.10000000000002,40.01412073,-104.9509569,1597.4568000000002,36.69792,8.225536,-0.089408,202.2349908924885
69.19999999999999,40.01411461,-104.9509602,1597.4568000000002,36.69792,7.778496,-0.089408,202.06789956241025
69.30000000000001,40.01410864,-104.9509636,1597.4568000000002,36.69792,7.286752,-0.089408,202.64912734565604
69.40000000000003,40.01410334,-104.9509665,1597.4568000000002,36.69792,6.795007999999999,-0.089408,202.87366519062672
69.5,40.01409833,-104.9509693,1597.4568000000002,36.78936,6.213856,-0.089408,202.3801350519596
69.60000000000002,40.01409381,-104.9509718,1597.4568000000002,36.78936,5.722112,0.0,203.7135948863409
69.69999999999999,40.01408949,-104.9509742,1597.4568000000002,36.78936,5.319776,0.0,203.6906894028274
69.80000000000001,40.0140857,-104.9509763,1597.4568000000002,36.78936,4.872736,0.0,203.96248897457812
69.90000000000003,40.01408223,-104.9509784,1597.4568000000002,36.78936,4.4704,0.0,203.96248897457815
70.0,40.01407921,-104.9509802,1597.4568000000002,36.78936,3.933952,0.0,205.27772223555291
70.10000000000002,40.01407665,-104.9509817,1597.4568000000002,36.78936,3.442208,0.0,205.79602649449996
70.30000000000001,40.01407226,-104.9509844,1597.4568000000002,36.78936,2.816352,0.089408,206.05349531049092
70.40000000000003,40.01407063,-104.9509855,1597.4568000000002,36.78936,2.45872,0.089408,206.565051177078
70.5,40.01406945,-104.9509861,1597.4568000000002,36.78936,1.654048,0.0,204.14554196042164
70.60000000000002,40.01406837,-104.9509867,1597.4568000000002,36.91128,1.34112,0.0,203.74949449286677
70.69999999999999,40.01406759,-104.9509872,1597.4568000000002,36.91128,1.162304,0.0,200.77225468204583
70.80000000000001,40.01406629,-104.9509878,1597.4568000000002,36.91128,1.162304,0.0,196.99082329198612
70.90000000000003,40.01406487,-104.9509884,1597.4568000000002,36.91128,1.654048,0.0,196.82140989004083
71.0,40.01406295,-104.9509892,1597.4568000000002,36.78936,2.01168,0.0,197.41797079220285
71.10000000000002,40.01406089,-104.9509897,1597.4568000000002,36.78936,2.279904,0.0,197.24145939893995
71.19999999999999,40.01405832,-104.9509907,1597.4568000000002,36.78936,2.68224,0.0,196.62075691389205
71.30000000000001,40.0140558,-104.9509915,1597.4568000000002,36.78936,2.861056,0.0,195.12400730831055
71.40000000000003,40.01405264,-104.9509927,1597.4568000000002,36.69792,3.308096,0.0,195.19524852681988
71.5,40.01404976,-104.9509939,1597.4568000000002,36.69792,3.486912,0.0,196.032339353936
71.60000000000002,40.01404605,-104.9509953,1597.4568000000002,36.69792,3.844544,0.0,197.1455509188617
71.69999999999999,40.01404247,-104.950997,1597.152,36.60648,4.24688,0.0,197.06285717346137
71.80000000000001,40.0140382,-104.9509988,1597.152,36.60648,4.559807999999999,0.0,197.17590361574676
71.90000000000003,40.014034,-104.9510004,1597.152,36.60648,4.872736,0.0,197.52556837372288
72.0,40.01402919,-104.9510023,1597.152,36.60648,5.230368,0.0,197.168172435182
72.10000000000002,40.01402449,-104.9510036,1597.152,36.51504,5.453887999999999,0.0,196.53483785734517
72.19999999999999,40.01401915,-104.9510057,1597.152,36.60648,5.766816,0.0,196.27626294206
72.30000000000001,40.01401351,-104.951008,1597.152,36.60648,6.392672,0.0,196.95984702206505
72.40000000000003,40.01400765,-104.9510104,1597.152,36.60648,6.7056,0.0,196.91210683179096
72.5,40.01400155,-104.9510131,1597.152,36.60648,6.973824,0.0,196.97191691434764
72.60000000000002,40.01399519,-104.9510157,1597.152,36.60648,7.286752,0.0,196.92751306414704
72.69999999999999,40.01398842,-104.9510188,1597.152,36.60648,7.689088,0.0,196.886791123944
72.90000000000003,40.01397373,-104.951025,1597.4568000000002,36.69792,8.404352,0.0,197.3722484840924
73.0,40.01396634,-104.951028,1597.4568000000002,36.69792,8.583167999999999,0.0,197.01468327652296
73.10000000000002,40.01395914,-104.9510312,1597.152,36.60648,8.538464000000001,0.0,196.97549946792972
73.19999999999999,40.01395138,-104.9510344,1597.152,36.60648,8.761984,0.0,197.1027289690524
73.30000000000001,40.01394319,-104.9510376,1597.152,36.60648,9.298432,0.0,196.7784549386164
73.5,40.01392637,-104.9510446,1597.152,36.60648,9.700768,0.0,197.19854122006583
73.60000000000002,40.01391777,-104.9510481,1597.152,36.60648,9.879584,0.0,196.82140989004083
73.69999999999999,40.01390868,-104.9510518,1597.152,36.51504,10.326624,0.0,197.01076150467625
73.80000000000001,40.01389968,-104.9510554,1597.152,36.51504,10.550144,0.0,197.12070129578825
74.0,40.01388103,-104.9510631,1597.152,36.60648,10.72896,-0.089408,197.0341728791093
74.10000000000002,40.01387119,-104.9510671,1597.152,36.60648,11.086592,-0.089408,197.20374992728
74.19999999999999,40.01386141,-104.9510711,1597.152,36.60648,11.444224,-0.089408,196.8714323843272
74.30000000000001,40.01385136,-104.9510752,1597.152,36.60648,11.533632,-0.089408,197.03776779562563
74.40000000000003,40.01384123,-104.9510793,1597.152,36.60648,11.757152,0.0,197.2629964657792
74.5,40.01383081,-104.9510835,1597.152,36.60648,11.980672,0.0,197.0079469554073
74.60000000000002,40.01382036,-104.9510877,1597.152,36.51504,12.159488,0.0,196.6992442339936
74.69999999999999,40.01380981,-104.951092,1597.152,36.60648,12.204192,0.0,197.1795329170349
74.80000000000001,40.01379911,-104.9510963,1597.152,36.60648,12.338304,0.0,197.05696557661705
75.0,40.01377718,-104.9511051,1597.152,36.60648,12.651232,-0.089408,196.64103655387
75.10000000000002,40.01376602,-104.9511092,1597.152,36.60648,12.785344,-0.089408,196.52579638992563
75.19999999999999,40.01375493,-104.9511136,1597.4568000000002,36.69792,12.874752,0.0,196.52579638992563
75.30000000000001,40.01374373,-104.9511181,1597.152,36.60648,12.96416,0.0,196.79476895294349
75.40000000000003,40.0137325,-104.9511224,1597.152,36.60648,13.008864,0.0,196.68026583802884
75.5,40.01372031,-104.9511271,1597.152,36.60648,13.590016,0.0,196.5113282809805
75.60000000000002,40.01370886,-104.9511316,1597.4568000000002,36.69792,13.724128,0.0,196.5113282809805
75.69999999999999,40.01369847,-104.9511357,1597.4568000000002,36.69792,12.695936,0.0,196.4005397156453
75.80000000000001,40.01368704,-104.9511402,1597.152,36.60648,12.651232,0.0,196.4005397156453
75.90000000000003,40.01367523,-104.9511445,1597.4568000000002,36.69792,13.455904,0.0,196.29118795769855
76.0,40.01366368,-104.951149,1597.152,36.60648,13.545312,0.0,196.6622195027898
76.10000000000002,40.01365211,-104.9511534,1597.152,36.60648,13.4112,0.0,196.5520964881339
76.19999999999999,40.01364044,-104.951158,1597.4568000000002,36.69792,13.455904,0.0,196.3895403340348
76.30000000000001,40.01362859,-104.9511623,1597.4568000000002,36.69792,13.590016,0.0,196.3895403340348
76.40000000000003,40.01361689,-104.9511668,1597.152,36.60648,13.63472,0.089408,196.3895403340348
76.5,40.01360526,-104.9511714,1597.152,36.60648,13.545312,0.312928,196.3895403340348
76.60000000000002,40.01359356,-104.9511759,1597.152,36.60648,13.545312,0.491744,196.3895403340348
76.69999999999999,40.01358166,-104.9511804,1597.152,36.51504,13.679424,0.491744,196.3895403340348
77.10000000000002,40.01353436,-104.9511983,1596.8472000000002,36.30168,13.724128,0.804672,196.1775702337277
77.19999999999999,40.01352245,-104.9512028,1596.8472000000002,36.21024,13.724128,1.1176,196.1775702337277
77.30000000000001,40.0135105,-104.9512072,1596.8472000000002,36.08832,13.768832,1.296416,196.1775702337277
77.40000000000003,40.01349857,-104.9512116,1596.5424,35.90544,13.768832,1.609344,195.7142622306383
77.5,40.01348665,-104.9512159,1596.2376000000002,35.69208,13.768832,1.922272,195.7142622306383
77.60000000000002,40.01347469,-104.9512203,1596.2376000000002,35.5092,13.768832,1.922272,196.0735741647464
77.69999999999999,40.01346269,-104.9512248,1595.9328,35.29584,13.85824,1.609344,195.8191939475001
77.80000000000001,40.01345054,-104.9512293,1595.9328,35.2044,13.947648,1.1176,195.71962560901588
77.90000000000003,40.01343843,-104.9512337,1595.6280000000002,35.11296,13.992352,0.715264,195.71962560901588
78.0,40.01342619,-104.9512381,1595.6280000000002,34.99104,14.037056,0.402336,195.62127179816528
78.10000000000002,40.01341314,-104.9512428,1595.6280000000002,34.8996,14.618208,0.312928,195.62127179816528
78.30000000000001,40.01338965,-104.9512512,1595.3232,34.80816,14.037056,-0.22352,195.81617695105655
78.40000000000003,40.01337809,-104.9512553,1595.6280000000002,34.8996,13.455904,-0.312928,195.4612177404419
78.60000000000002,40.01335634,-104.9512631,1595.6280000000002,34.8996,12.785344,0.312928,195.77194805685485
78.80000000000001,40.01333537,-104.9512714,1595.3232,34.68624,12.338304,1.207008,195.66816042175248
78.90000000000003,40.01332521,-104.9512748,1595.3232,34.5948,12.025376,1.609344,195.66002913184357
79.0,40.01331571,-104.9512783,1595.0184000000002,34.41192,11.310112,2.101088,195.78075330951535
79.10000000000002,40.0133062,-104.9512815,1595.0184000000002,34.19856,10.95248,2.503424,195.70863782901571
79.19999999999999,40.01329737,-104.9512848,1594.7136,33.9852,10.550144,2.68224,195.7320047851073
79.30000000000001,40.01328881,-104.9512879,1594.4088000000002,33.71088,10.0584,2.68224,195.87117861145703
79.40000000000003,40.0132809,-104.9512909,1594.104,33.40608,9.521952,2.414016,196.02586744844976
79.5,40.01327349,-104.9512935,1593.7992000000002,33.19272,8.851392,1.922272,196.24763157278565
79.60000000000002,40.01326687,-104.9512959,1593.7992000000002,33.009840000000004,8.091424,1.519936,196.6657575168754
79.69999999999999,40.01326088,-104.9512979,1593.4944,32.88792,7.242048,0.983488,196.95984702206505
79.80000000000001,40.0132556,-104.9512999,1593.4944,32.79648,6.48208,0.581152,197.168172435182
79.90000000000003,40.01325094,-104.9513015,1593.4944,32.705040000000004,5.766816,0.402336,196.886791123944
80.0,40.01324668,-104.9513031,1593.4944,32.705040000000004,5.096256,0.581152,196.7502645050257
80.10000000000002,40.01324242,-104.9513047,1593.1896000000002,32.6136,4.91744,0.983488,195.70863782901571
80.19999999999999,40.01323864,-104.951306,1593.1896000000002,32.49168,4.604512000000001,1.296416,195.20240870917613
80.30000000000001,40.01323529,-104.9513068,1593.1896000000002,32.400240000000004,4.068064,1.296416,193.86968643850503
80.40000000000003,40.01323228,-104.9513078,1592.8848,32.308800000000005,3.621024,0.983488,194.62087398863164
80.5,40.01322988,-104.9513085,1592.8848,32.18688,3.084576,0.715264,193.53585636913425
80.60000000000002,40.013228,-104.9513091,1592.8848,32.09544,2.45872,0.402336,192.6803834918198
80.69999999999999,40.01322639,-104.9513096,1592.8848,32.09544,2.01168,0.312928,193.5704343851615
80.90000000000003,40.01322507,-104.9513098,1592.8848,32.09544,1.162304,0.0,187.1250163489018
81.0,40.01322449,-104.9513099,1592.8848,32.18688,0.715264,-0.089408,180.0
81.10000000000002,40.01322432,-104.9513098,1592.8848,32.18688,0.491744,-0.089408,180.0
81.19999999999999,40.01322389,-104.9513097,1592.8848,32.308800000000005,0.491744,0.0,180.0
81.30000000000001,40.01322377,-104.9513094,1592.8848,32.18688,0.491744,0.0,180.0
81.40000000000003,40.01322344,-104.9513093,1592.8848,32.18688,0.0,0.0,180.0
81.5,40.01322348,-104.951309,1592.8848,32.09544,0.0,0.0,180.0
81.69999999999999,40.0132234,-104.951309,1592.8848,32.09544,0.0,0.0,180.0
81.80000000000001,40.01322321,-104.9513089,1592.8848,32.09544,0.0,0.0,180.0
81.90000000000003,40.01322329,-104.9513086,1592.5800000000002,32.004000000000005,0.0,0.0,180.0
82.0,40.01322312,-104.9513085,1592.5800000000002,32.004000000000005,0.491744,0.0,180.0
82.19999999999999,40.01322287,-104.9513085,1592.5800000000002,32.004000000000005,0.0,0.0,180.0
82.30000000000001,40.01322287,-104.9513085,1592.5800000000002,32.004000000000005,0.312928,0.0,180.0
82.40000000000003,40.0132227,-104.9513084,1592.5800000000002,32.004000000000005,0.0,0.0,180.0
82.5,40.01322243,-104.9513085,1592.5800000000002,32.004000000000005,0.491744,0.0,180.0
82.60000000000002,40.01322192,-104.9513086,1592.5800000000002,32.004000000000005,0.0,0.0,187.1250163489018
82.69999999999999,40.01322112,-104.951309,1592.5800000000002,32.004000000000005,0.938784,0.0,191.3099324740202
82.80000000000001,40.01321995,-104.9513093,1592.5800000000002,32.004000000000005,1.162304,0.0,192.72435568542235
83.0,40.01321659,-104.95131,1592.8848,32.09544,1.6987519999999998,0.0,192.652556500558
83.10000000000002,40.01321468,-104.951311,1592.8848,32.09544,1.966976,0.0,193.06931789628217
83.19999999999999,40.01321229,-104.9513118,1592.8848,32.09544,2.503424,0.0,194.2500326978036
83.30000000000001,40.01320959,-104.9513129,1592.5800000000002,32.004000000000005,2.90576,0.0,195.03781590358224
83.40000000000003,40.01320696,-104.9513138,1592.8848,32.09544,3.084576,-0.089408,194.2500326978036
83.5,40.01320457,-104.9513145,1592.8848,32.09544,2.861056,0.0,193.06931789628217
83.60000000000002,40.01320255,-104.9513152,1592.8848,32.09544,2.503424,0.0,193.73626830562256
83.69999999999999,40.01320073,-104.951316,1592.5800000000002,32.004000000000005,2.2352,0.0,194.03624346792648
83.80000000000001,40.01319943,-104.9513165,1592.5800000000002,32.004000000000005,1.78816,0.089408,194.5344550805401
83.90000000000003,40.013198,-104.9513174,1592.5800000000002,32.004000000000005,1.6987519999999998,0.089408,197.6501242199301
84.0,40.01319718,-104.9513177,1592.5800000000002,31.912560000000003,1.251712,0.0,195.52411099675425
84.10000000000002,40.01319607,-104.9513179,1592.5800000000002,32.004000000000005,1.162304,0.0,187.1250163489018
84.19999999999999,40.01319542,-104.9513182,1592.5800000000002,32.004000000000005,0.938784,0.0,188.7461622625552
84.30000000000001,40.01319444,-104.9513184,1592.8848,32.09544,0.938784,-0.089408,188.7461622625552
84.40000000000003,40.01319405,-104.9513186,1592.8848,32.09544,0.804672,0.0,180.0
84.5,40.01319373,-104.9513185,1592.8848,32.09544,0.0,0.0,0.0
84.69999999999999,40.01319454,-104.9513182,1592.5800000000002,32.004000000000005,0.0,0.0,15.524110996754246
84.90000000000003,40.01319678,-104.9513174,1592.8848,32.09544,0.8493759999999999,0.0,14.036243467926454
85.0,40.01319848,-104.9513168,1592.8848,32.09544,1.56464,0.0,16.113418233089305
85.10000000000002,40.01320054,-104.9513161,1592.8848,32.18688,2.101088,0.0,16.504361381755018
85.19999999999999,40.01320281,-104.9513152,1592.8848,32.18688,2.503424,0.0,15.945395900922849
85.30000000000001,40.01320489,-104.9513144,1592.8848,32.18688,2.503424,0.0,17.417970792202823
85.40000000000003,40.01320681,-104.9513137,1592.8848,32.09544,2.324608,0.0,16.821409890040854
85.5,40.01320839,-104.9513129,1592.8848,32.09544,2.101088,0.0,14.82647997035565
85.60000000000002,40.01320957,-104.9513124,1592.8848,32.09544,1.654048,0.0,15.642246457208728
85.69999999999999,40.01321057,-104.9513117,1592.8848,32.09544,1.34112,0.0,21.25050550713325
85.80000000000001,40.01321119,-104.9513114,1592.8848,32.09544,1.0728959999999998,0.0,24.44395478041656
85.90000000000003,40.01321223,-104.951311,1592.8848,32.09544,1.162304,0.0,29.054604099077157
86.0,40.01321255,-104.9513108,1592.8848,32.18688,0.67056,0.0,21.80140948635181
86.19999999999999,40.01321299,-104.9513106,1592.8848,32.18688,0.44704,0.0,45.0
86.30000000000001,40.01321337,-104.9513105,1592.8848,32.18688,0.312928,0.0,0.0
86.40000000000003,40.0132134,-104.9513104,1592.8848,32.18688,0.0,0.0,0.0
86.5,40.01321338,-104.9513105,1592.8848,32.18688,0.0,0.22352,0.0
86.60000000000002,40.01321335,-104.9513105,1592.8848,32.18688,0.0,0.581152,0.0
86.69999999999999,40.01321319,-104.9513106,1592.8848,32.09544,0.0,0.983488,0.0
86.90000000000003,40.01321307,-104.9513108,1592.5800000000002,31.79064,0.0,1.922272,0.0
87.0,40.01321299,-104.9513108,1592.2752,31.607760000000003,0.0,2.279904,0.0
87.10000000000002,40.01321273,-104.951311,1591.9704000000002,31.3944,0.0,2.503424,180.0
87.19999999999999,40.01321251,-104.9513111,1591.6656,31.0896,0.0,2.816352,195.94539590092288
87.40000000000003,40.01321136,-104.9513117,1591.056,30.51048,0.5364479999999999,2.995168,199.29004621918872
87.5,40.01321022,-104.9513123,1591.056,30.297120000000003,0.89408,2.995168,197.24145939893995
87.69999999999999,40.01320729,-104.9513134,1590.4464,29.687520000000003,1.609344,2.90576,196.11341823308928
87.80000000000001,40.01320537,-104.9513142,1590.1416000000002,29.4132,1.877568,2.90576,197.41797079220285
87.90000000000003,40.01320311,-104.9513151,1589.8368,29.108400000000003,2.414016,2.90576,195.42216131873863
88.0,40.01320059,-104.951316,1589.5320000000002,28.803600000000003,2.771648,2.90576,195.03781590358224
88.10000000000002,40.01319779,-104.951317,1589.2272,28.498800000000003,3.084576,2.90576,195.12400730831055
88.19999999999999,40.01319468,-104.9513181,1588.9224000000002,28.102560000000004,3.442208,2.90576,195.19524852681988
88.30000000000001,40.01319177,-104.9513189,1588.6176,27.797760000000004,3.486912,2.90576,194.191096549024
88.40000000000003,40.01318811,-104.9513201,1588.3128000000002,27.492960000000004,3.755136,2.995168,194.8934729588416
88.5,40.01318413,-104.9513214,1588.008,27.188160000000003,4.380992,2.90576,194.96671956400485
88.69999999999999,40.01317578,-104.9513242,1587.3984,26.60904,4.69392,2.995168,195.21258286862047
88.80000000000001,40.01317104,-104.9513259,1586.7888,26.2128,5.006848,2.995168,195.69492414342
89.10000000000002,40.01315502,-104.9513317,1585.8744000000002,25.2984,5.990336,2.995168,195.0830598223299
89.19999999999999,40.01314922,-104.9513338,1585.5696,24.9936,6.303264,2.995168,195.42216131873863
89.30000000000001,40.0131431,-104.9513359,1585.2648000000002,24.6888,6.884416,2.995168,195.79592898907396
89.40000000000003,40.01313681,-104.9513382,1584.96,24.41448,7.15264,2.995168,195.80251395393552
89.5,40.01313012,-104.9513408,1584.6552,23.98776,7.510272,2.995168,196.0845756583733
89.60000000000002,40.01312338,-104.9513433,1584.3504,23.71344,7.778496,2.995168,195.4545562151245
89.69999999999999,40.01311628,-104.951346,1584.0456,23.40864,8.002016,2.995168,195.64224645720876
89.80000000000001,40.01310909,-104.9513487,1583.7408,23.0124,8.27024,2.995168,195.903111200472
89.90000000000003,40.01310164,-104.9513514,1583.436,22.707600000000003,8.449055999999999,2.995168,195.33328479305356
90.0,40.01309404,-104.9513542,1583.1312,22.402800000000003,8.71728,2.995168,195.8657078027738
90.10000000000002,40.01308617,-104.9513572,1582.8264,22.098000000000003,8.9408,2.995168,196.02297984742847
90.3,40.01306982,-104.9513632,1582.2168,21.4884,9.343136,2.995168,195.87117861145703
90.40000000000003,40.01306143,-104.9513663,1581.912,21.092160000000003,9.521952,2.995168,195.5809238482516
90.5,40.01305274,-104.9513698,1581.6072,20.90928,9.879584,2.90576,195.59281093926637
90.60000000000002,40.01304396,-104.951373,1581.3024,20.51304,10.103104,2.90576,195.3215100748648
90.7,40.01303488,-104.9513764,1580.9976,20.20824,10.326624,2.995168,195.70863782901571
90.8,40.01302573,-104.9513798,1580.6928,19.90344,10.550144,2.90576,195.9122002038764
90.90000000000003,40.01301637,-104.9513833,1580.388,19.59864,10.684256,2.90576,195.5875052832473
91.10000000000002,40.01299638,-104.9513908,1579.7784,18.98904,11.310112,2.995168,195.66002913184357
91.2,40.01298647,-104.9513945,1579.4736,18.71472,11.533632,2.995168,195.7902072784937
91.3,40.01297724,-104.951398,1579.1688,18.40992,11.086592,2.90576,195.5479395582888
91.40000000000003,40.01296712,-104.9514018,1578.5592,18.01368,11.176,2.995168,195.37094559280715
91.5,40.01295678,-104.9514056,1578.2544,17.70888,11.801856,2.995168,195.76718254247567
91.60000000000002,40.01294637,-104.9514093,1577.9496,17.40408,11.980672,2.995168,195.6505154396182
91.7,40.01293581,-104.9514131,1577.6448,17.09928,12.07008,2.995168,195.36608521282335
91.90000000000003,40.01291416,-104.9514206,1577.0352,16.48968,12.338304,2.68224,194.28470582855712
92.0,40.01290308,-104.9514243,1576.7304,16.18488,12.51712,2.190496,193.69257110580227
92.2,40.01288047,-104.9514316,1576.4256,15.78864,12.874752,1.296416,192.9797771705148
92.3,40.01286889,-104.951435,1576.4256,15.6972,13.053568,0.89408,192.50744463053184
92.40000000000003,40.01285732,-104.9514384,1576.4256,15.605760000000002,13.18768,0.491744,192.42270453504528
92.5,40.01284555,-104.9514418,1576.4256,15.605760000000002,13.277088,0.22352,191.8482662384144
92.60000000000002,40.0128339,-104.951445,1576.1208,15.51432,13.321792,0.089408,191.4639530156925
92.7,40.01282222,-104.9514484,1576.4256,15.605760000000002,13.277088,0.0,191.07859141821808
93.0,40.0127867,-104.9514576,1576.4256,15.605760000000002,13.4112,0.0,190.5837406677082
93.10000000000002,40.01277468,-104.9514608,1576.4256,15.605760000000002,13.455904,0.0,189.94057303311305
93.2,40.01276275,-104.9514637,1576.4256,15.6972,13.545312,0.0,189.94057303311305
93.3,40.01275089,-104.9514665,1576.4256,15.6972,13.455904,0.0,189.4940298857589
93.40000000000003,40.01273888,-104.9514693,1576.4256,15.6972,13.455904,0.0,189.4940298857589
93.5,40.01272676,-104.951472,1576.4256,15.6972,13.63472,0.0,189.4308237067937
93.60000000000002,40.01271466,-104.9514748,1576.4256,15.78864,13.679424,0.0,189.0523979236217
93.7,40.01270166,-104.9514777,1576.4256,15.6972,14.171168,0.0,188.96275313928965
93.8,40.01268941,-104.9514804,1576.4256,15.6972,14.260576,0.0,188.5871683279188
93.90000000000003,40.01267822,-104.9514828,1576.4256,15.6972,13.18768,0.0,188.53076560994813
94.0,40.01266599,-104.9514853,1576.4256,15.6972,13.18768,0.0,188.53076560994813
94.10000000000002,40.01265441,-104.9514878,1576.4256,15.6972,13.4112,0.0,188.47509361498615
94.2,40.01264217,-104.9514903,1576.4256,15.6972,13.4112,0.0,188.47509361498615
94.3,40.01262867,-104.951493,1576.4256,15.6972,14.484096,0.0,188.42013833726017
94.40000000000003,40.01261626,-104.9514955,1576.4256,15.6972,14.573504,0.0,188.42013833726017
94.5,40.01260399,-104.9514981,1576.4256,15.605760000000002,13.902944,0.0,188.33901949395016
94.60000000000002,40.01259152,-104.9515005,1576.4256,15.605760000000002,13.947648,0.0,187.97327123257037
94.7,40.01257906,-104.9515029,1576.4256,15.605760000000002,14.037056,0.0,187.97327123257037
94.8,40.01256654,-104.9515053,1576.1208,15.51432,14.037056,0.0,187.9223216530007
94.90000000000003,40.01255393,-104.9515076,1576.1208,15.51432,14.126464,0.0,187.9223216530007
95.10000000000002,40.01252887,-104.9515122,1576.1208,15.51432,14.08176,0.0,187.3759118688938
95.40000000000003,40.01249115,-104.9515189,1576.1208,15.51432,14.08176,0.0,187.3759118688938
95.5,40.01247873,-104.951521,1576.1208,15.51432,14.08176,0.0,187.01088148092092
95.60000000000002,40.01246617,-104.9515231,1576.1208,15.51432,13.992352,0.0,187.01088148092092
95.7,40.01245359,-104.9515251,1576.1208,15.51432,14.08176,-0.089408,186.966239852492
96.0,40.01241559,-104.9515312,1576.4256,15.605760000000002,14.171168,-0.312928,186.60292187397943
96.10000000000002,40.0124031,-104.9515332,1576.4256,15.605760000000002,14.126464,-0.312928,186.60292187397943
96.3,40.01237681,-104.9515372,1576.4256,15.6972,14.484096,-0.491744,186.60292187397943
96.5,40.01235272,-104.9515408,1576.4256,15.910560000000002,14.08176,-0.804672,186.23906975504755
96.60000000000002,40.01234011,-104.9515427,1576.7304,16.002000000000002,13.679424,-0.804672,186.23906975504755
96.7,40.01232737,-104.9515445,1576.7304,16.09344,14.171168,-0.89408,186.23906975504755
96.8,40.01231475,-104.9515463,1576.7304,16.09344,14.171168,-0.89408,186.23906975504755
96.90000000000003,40.01230222,-104.9515482,1577.0352,16.3068,14.08176,-0.983488,186.23906975504755
97.0,40.01228958,-104.95155,1577.0352,16.39824,14.08176,-1.296416,186.199514912989
97.10000000000002,40.01227678,-104.9515518,1577.0352,16.48968,14.215872,-1.6987519999999998,185.656215634516
97.2,40.01226403,-104.9515535,1577.34,16.79448,14.30528,-2.190496,185.620533828592
97.3,40.01225133,-104.9515552,1577.6448,17.00784,14.215872,-2.503424,185.620533828592
97.40000000000003,40.01223856,-104.951557,1577.9496,17.31264,14.260576,-2.90576,185.620533828592
97.60000000000002,40.01221281,-104.9515605,1578.5592,17.89176,14.349984,-3.486912,185.620533828592
97.7,40.01219992,-104.9515621,1578.864,18.288,14.394688,-3.710432,185.26002221567097
97.8,40.01218712,-104.9515638,1579.4736,18.71472,14.349984,-3.889248,185.26002221567097
98.10000000000002,40.01214846,-104.9515689,1580.6928,19.90344,14.394688,-4.112768,185.2934422530305
98.2,40.01213563,-104.9515706,1580.9976,20.391120000000004,14.394688,-4.02336,185.2934422530305
98.3,40.01212289,-104.9515723,1581.6072,20.787360000000003,14.30528,-4.112768,185.2934422530305
98.40000000000003,40.01211008,-104.9515741,1581.912,21.21408,14.260576,-4.02336,185.2934422530305
98.5,40.01209724,-104.9515756,1582.2168,21.61032,14.349984,-4.02336,185.2934422530305
98.60000000000002,40.01208445,-104.9515774,1582.5216,22.00656,14.30528,-4.02336,185.2934422530305
98.7,40.01207171,-104.9515793,1583.1312,22.402800000000003,14.260576,-3.889248,185.2934422530305
99.0,40.01203225,-104.9515849,1584.3504,23.71344,14.618208,-3.79984,185.656215634516
99.10000000000002,40.01202054,-104.9515867,1584.6552,24.10968,14.30528,-3.79984,185.656215634516
99.2,40.01200775,-104.9515885,1584.96,24.41448,13.724128,-3.79984,185.656215634516
99.3,40.01199477,-104.9515903,1585.5696,24.90216,14.394688,-3.889248,185.620533828592
99.40000000000003,40.01198197,-104.951592,1585.8744000000002,25.2984,14.394688,-3.889248,185.620533828592
99.5,40.0119693,-104.9515938,1586.4840000000002,25.69464,14.215872,-3.889248,185.620533828592
99.60000000000002,40.01195652,-104.9515955,1586.7888,26.09088,14.215872,-4.02336,185.26002221567097
99.7,40.01194361,-104.9515974,1587.0936000000002,26.487120000000004,14.394688,-4.02336,185.26002221567097
99.8,40.01193085,-104.9515991,1587.7032000000002,27.00528,14.349984,-4.02336,185.2934422530305
99.90000000000003,40.01191808,-104.9516007,1588.008,27.40152,14.260576,-4.02336,185.26002221567097
100.0,40.01190533,-104.9516023,1588.6176,27.797760000000004,14.260576,-4.112768,185.2934422530305
100.10000000000002,40.01189253,-104.9516041,1588.9224000000002,28.194000000000003,14.30528,-4.02336,185.2934422530305
100.2,40.01187982,-104.9516057,1589.2272,28.59024,14.260576,-4.02336,185.2934422530305
100.3,40.01186714,-104.9516073,1589.5320000000002,28.98648,14.171168,-4.02336,185.2934422530305
100.40000000000003,40.01185439,-104.9516089,1590.1416000000002,29.4132,14.215872,-4.02336,185.26002221567097
100.5,40.01184155,-104.9516105,1590.4464,29.80944,14.30528,-4.02336,185.26002221567097
100.60000000000002,40.01182878,-104.9516121,1590.7512000000002,30.20568,14.30528,-4.02336,185.26002221567097
100.7,40.01181607,-104.9516136,1591.3608000000002,30.601920000000003,14.215872,-4.02336,185.26002221567097
100.8,40.01180331,-104.9516152,1591.6656,30.99816,14.215872,-4.02336,185.26002221567097
100.90000000000003,40.01179049,-104.9516168,1591.9704000000002,31.30296,14.30528,-3.889248,185.26002221567097
101.0,40.01177774,-104.9516183,1592.2752,31.6992,14.260576,-3.889248,185.2934422530305
101.10000000000002,40.01176507,-104.9516198,1592.8848,32.09544,14.171168,-3.889248,185.26002221567097
101.40000000000003,40.01172684,-104.9516246,1593.7992000000002,33.19272,14.215872,-3.889248,184.89909245378772
101.5,40.01171309,-104.951626,1594.4088000000002,33.58896,14.5288,-3.889248,184.89909245378772
101.60000000000002,40.01170025,-104.9516274,1594.7136,33.9852,14.841728000000002,-3.79984,184.89909245378772
101.7,40.01168861,-104.9516288,1595.0184000000002,34.41192,13.679424,-3.79984,184.53777250790665
101.8,40.01167589,-104.9516302,1595.3232,34.80816,13.590016,-3.79984,184.53777250790665
101.90000000000003,40.01166314,-104.9516315,1595.9328,35.2044,14.215872,-3.79984,184.02056710366307
102.0,40.01165044,-104.9516327,1596.2376000000002,35.60064,14.171168,-3.79984,183.6329507394882
102.10000000000002,40.0116378,-104.9516338,1596.5424,35.99688,14.126464,-3.889248,183.2704879231836
102.2,40.01162511,-104.9516347,1597.152,36.39312,14.126464,-4.02336,182.37832997335548
102.3,40.01161232,-104.9516352,1597.4568000000002,36.91128,14.171168,-4.112768,181.6470286612588
102.40000000000003,40.0115997,-104.9516355,1598.0664000000002,37.30752,14.126464,-4.112768,180.3684565253377
102.5,40.01158706,-104.9516355,1598.3712,37.70376,14.037056,-4.112768,179.0729647302278
102.60000000000002,40.01157464,-104.951635,1598.6760000000002,38.1,13.947648,-4.112768,177.55134341617554
102.7,40.01156205,-104.9516339,1599.2856000000002,38.58768,13.902944,-4.380992,175.7059853289635
102.8,40.01155078,-104.9516325,1599.5904,39.0144,13.321792,-4.69392,174.63083018516932
103.0,40.01153105,-104.9516301,1600.5048000000002,39.898320000000005,11.533632,-4.291583999999999,174.26350461312882
103.10000000000002,40.01152215,-104.9516295,1600.8096,40.11168,10.639552,-3.79984,174.83153202366168
103.2,40.01151449,-104.9516286,1601.1144000000002,40.386,9.209024,-3.397504,175.84614691304887
103.5,40.01149416,-104.951626,1602.0288,41.3004,7.8232,-2.279904,175.88181029601128
103.60000000000002,40.01148958,-104.9516256,1602.3336000000002,41.6052,6.973824,-2.101088,177.16588898369355
103.7,40.01148623,-104.9516251,1602.6384,41.91,4.4704,-2.01168,178.4088597288054
103.8,40.01148374,-104.951625,1602.6384,42.09288,3.308096,-1.78816,180.0
103.90000000000003,40.01148252,-104.9516248,1602.9432000000002,42.30624,2.01168,-1.519936,180.0
104.0,40.01148106,-104.9516248,1603.248,42.48912000000001,1.56464,-0.983488,183.36646066342985
104.10000000000002,40.01148036,-104.9516249,1603.248,42.70248,1.162304,-0.715264,184.2363947990588
104.2,40.01147943,-104.9516249,1603.5528000000002,42.79392000000001,0.938784,-0.402336,185.1944289077348
104.40000000000003,40.01147859,-104.9516244,1603.5528000000002,42.88536,0.5364479999999999,-0.089408,190.304846468766
104.5,40.01147847,-104.951624,1603.5528000000002,42.88536,0.44704,0.0,195.94539590092288
104.60000000000002,40.01147833,-104.9516239,1603.5528000000002,43.00728,0.0,0.0,201.80140948635184
104.7,40.01147806,-104.9516232,1603.5528000000002,43.00728,0.491744,0.0,225.0
104.8,40.01147806,-104.951623,1603.5528000000002,43.00728,0.491744,0.0,180.0
104.90000000000003,40.01147827,-104.9516229,1603.5528000000002,43.00728,0.0,0.0,0.0
105.0,40.01147835,-104.9516227,1603.5528000000002,43.00728,0.0,0.0,0.0
105.10000000000002,40.01147897,-104.9516228,1603.5528000000002,43.00728,0.0,0.0,0.0
105.2,40.01147915,-104.9516226,1603.5528000000002,43.00728,0.0,0.0,0.0
105.3,40.01147967,-104.9516228,1603.5528000000002,43.00728,0.491744,0.0,0.0
105.5,40.01148046,-104.9516226,1603.5528000000002,42.88536,0.44704,0.0,0.0
105.7,40.01148136,-104.9516224,1603.5528000000002,42.88536,0.491744,0.0,0.0
105.8,40.01148159,-104.9516222,1603.5528000000002,42.88536,0.44704,0.0,0.0
105.90000000000003,40.0114823,-104.9516224,1603.5528000000002,42.88536,0.67056,0.0,0.0
106.0,40.01148252,-104.9516223,1603.5528000000002,42.88536,0.491744,0.0,0.0
106.10000000000002,40.01148303,-104.9516226,1603.5528000000002,42.88536,0.67056,0.0,0.0
106.2,40.01148323,-104.9516225,1603.5528000000002,42.88536,0.0,0.0,0.0
106.3,40.01148362,-104.9516224,1603.5528000000002,42.88536,0.0,0.0,0.0
106.40000000000003,40.01148379,-104.9516223,1603.5528000000002,42.88536,0.491744,0.0,0.0
106.5,40.01148411,-104.9516225,1603.5528000000002,42.88536,0.0,0.0,0.0
106.60000000000002,40.01148426,-104.9516225,1603.5528000000002,42.88536,0.491744,0.0,0.0
106.7,40.01148452,-104.9516224,1603.5528000000002,42.88536,0.0,0.0,0.0
106.8,40.01148463,-104.9516224,1603.5528000000002,42.88536,0.0,0.0,0.0
106.90000000000003,40.01148477,-104.9516226,1603.5528000000002,42.88536,0.0,0.0,0.0
107.0,40.01148486,-104.9516226,1603.5528000000002,42.88536,0.0,0.0,0.0
107.10000000000002,40.01148465,-104.9516226,1603.5528000000002,42.88536,0.0,0.0,0.0
107.3,40.01148445,-104.9516228,1603.5528000000002,42.88536,0.312928,0.0,180.0
107.40000000000003,40.01148443,-104.9516228,1603.5528000000002,42.88536,0.0,0.0,180.0
107.5,40.01148402,-104.951623,1603.5528000000002,42.88536,0.491744,0.0,180.0
107.60000000000002,40.01148395,-104.9516231,1603.5528000000002,42.88536,0.0,0.0,180.0
107.7,40.01148368,-104.9516231,1603.5528000000002,42.88536,0.0,0.0,180.0
107.8,40.01148358,-104.9516232,1603.5528000000002,42.88536,0.0,0.0,180.0
108.2,40.01148293,-104.9516238,1603.5528000000002,42.88536,0.2682239999999999,0.0,180.0
108.3,40.01148273,-104.9516239,1603.5528000000002,42.88536,0.2682239999999999,0.0,180.0
108.40000000000003,40.01148263,-104.951624,1603.5528000000002,42.88536,0.0,0.0,180.0
108.5,40.01148245,-104.9516242,1603.5528000000002,42.88536,0.0,0.0,180.0
108.60000000000002,40.01148236,-104.9516243,1603.5528000000002,42.88536,0.0,0.0,180.0
108.7,40.01148216,-104.9516242,1603.5528000000002,42.88536,0.0,0.0,180.0
108.90000000000003,40.01148199,-104.9516243,1603.5528000000002,42.79392000000001,0.0,0.0,0.0
109.0,40.01148192,-104.9516243,1603.5528000000002,42.79392000000001,0.0,0.0,0.0
109.10000000000002,40.01148179,-104.9516244,1603.5528000000002,42.79392000000001,0.0,0.0,0.0
109.2,40.01148172,-104.9516244,1603.5528000000002,42.79392000000001,0.0,0.0,0.0
109.3,40.01148171,-104.9516245,1603.5528000000002,42.79392000000001,0.0,0.0,0.0
109.40000000000003,40.01148167,-104.9516246,1603.5528000000002,42.79392000000001,0.0,0.0,0.0
109.5,40.01148163,-104.9516245,1603.5528000000002,42.79392000000001,0.0,0.0,0.0
109.60000000000002,40.01148159,-104.9516246,1603.5528000000002,42.79392000000001,0.0,0.0,0.0
109.7,40.01148163,-104.9516246,1603.5528000000002,42.79392000000001,0.0,0.0,0.0
109.8,40.01148159,-104.9516246,1603.5528000000002,42.79392000000001,0.0,0.0,0.0
109.90000000000003,40.01148144,-104.9516246,1603.5528000000002,42.79392000000001,0.0,0.0,0.0
110.0,40.01148139,-104.9516246,1603.5528000000002,42.79392000000001,0.491744,0.0,0.0
110.10000000000002,40.01148143,-104.9516246,1603.5528000000002,42.79392000000001,0.491744,0.0,0.0
110.2,40.01148141,-104.9516246,1603.5528000000002,42.79392000000001,0.491744,0.0,0.0
110.3,40.01148115,-104.9516244,1603.5528000000002,42.88536,0.0,0.0,0.0
110.40000000000003,40.01148113,-104.9516244,1603.5528000000002,42.88536,0.0,0.0,0.0
110.5,40.01148105,-104.9516244,1603.5528000000002,42.88536,0.0,0.0,0.0
110.60000000000002,40.01148103,-104.9516244,1603.5528000000002,42.88536,0.0,0.0,0.0
110.7,40.01148077,-104.9516244,1603.5528000000002,42.88536,0.0,0.0,0.0
110.8,40.01148074,-104.9516245,1603.5528000000002,42.88536,0.0,0.0,0.0
110.90000000000003,40.01148077,-104.9516244,1603.5528000000002,42.88536,0.0,0.0,0.0
111.0,40.01148074,-104.9516245,1603.5528000000002,42.88536,0.0,0.0,0.0
111.10000000000002,40.01148059,-104.9516244,1603.5528000000002,43.00728,0.0,0.0,0.0
111.2,40.01148055,-104.9516244,1603.5528000000002,43.00728,0.0,0.0,0.0
111.40000000000003,40.01148055,-104.9516244,1603.5528000000002,43.00728,0.0,0.0,0.0
111.5,40.01148059,-104.9516245,1603.5528000000002,43.00728,0.0,0.0,0.0
111.60000000000002,40.01148058,-104.9516245,1603.5528000000002,43.00728,0.0,0.0,0.0
111.90000000000003,40.01148075,-104.9516245,1603.5528000000002,43.00728,0.0,0.0,0.0
112.0,40.01148077,-104.9516246,1603.5528000000002,43.00728,0.0,0.0,0.0
112.10000000000002,40.01148072,-104.9516246,1603.5528000000002,43.00728,0.0,0.0,0.0
112.3,40.01148068,-104.9516246,1603.8576,43.09872000000001,0.0,0.0,0.0
112.40000000000003,40.0114807,-104.9516246,1603.8576,43.09872000000001,0.0,0.0,0.0
112.5,40.01148068,-104.9516244,1603.8576,43.09872000000001,0.0,0.0,0.0
112.60000000000002,40.01148071,-104.9516244,1603.8576,43.09872000000001,0.0,0.0,0.0
112.7,40.01148069,-104.9516244,1603.8576,43.09872000000001,0.0,0.0,0.0
112.8,40.01148071,-104.9516244,1603.5528000000002,43.00728,0.0,0.0,0.0
112.90000000000003,40.0114805,-104.9516244,1603.8576,43.09872000000001,0.0,0.0,0.0
113.0,40.01148049,-104.9516244,1603.5528000000002,43.00728,0.0,0.0,0.0
113.10000000000002,40.0114806,-104.9516244,1603.5528000000002,43.00728,0.0,0.0,0.0
113.2,40.0114806,-104.9516244,1603.5528000000002,43.00728,0.0,0.0,0.0
113.3,40.0114806,-104.9516242,1603.5528000000002,43.00728,0.0,0.0,0.0
113.40000000000003,40.0114806,-104.9516242,1603.5528000000002,43.00728,0.0,0.0,0.0
113.5,40.01148078,-104.9516242,1603.5528000000002,43.00728,0.0,0.0,0.0
113.60000000000002,40.0114808,-104.9516242,1603.5528000000002,43.00728,0.0,0.0,0.0
113.7,40.01148093,-104.9516242,1603.5528000000002,43.00728,0.0,0.0,0.0
113.8,40.01148098,-104.9516242,1603.5528000000002,43.00728,0.0,0.0,0.0
114.10000000000002,40.01148121,-104.9516241,1603.5528000000002,43.00728,0.0,0.0,0.0
114.2,40.01148128,-104.9516241,1603.5528000000002,43.00728,0.0,0.0,0.0
114.5,40.01148158,-104.9516243,1603.5528000000002,43.00728,0.22352,0.0,0.0
114.60000000000002,40.01148163,-104.9516244,1603.5528000000002,43.00728,0.22352,0.0,0.0
114.7,40.01148159,-104.9516244,1603.5528000000002,43.00728,0.0,0.0,0.0
114.8,40.01148163,-104.9516245,1603.5528000000002,43.00728,0.0,0.0,0.0
114.90000000000003,40.01148165,-104.9516247,1603.5528000000002,43.00728,0.0,0.0,0.0
115.0,40.01148169,-104.9516248,1603.5528000000002,43.00728,0.0,0.0,0.0
115.10000000000002,40.01148177,-104.951625,1603.5528000000002,43.00728,0.0,0.0,0.0
115.2,40.01148183,-104.951625,1603.5528000000002,43.00728,0.0,0.0,0.0
115.3,40.01148192,-104.9516251,1603.5528000000002,43.00728,0.0,0.0,0.0
115.40000000000003,40.01148198,-104.9516251,1603.5528000000002,43.00728,0.0,0.0,0.0
115.5,40.01148217,-104.9516253,1603.5528000000002,43.00728,0.0,0.0,0.0
115.60000000000002,40.01148222,-104.9516254,1603.5528000000002,43.00728,0.491744,0.089408,0.0
115.8,40.01148225,-104.9516254,1603.5528000000002,43.00728,0.0,0.0,0.0
115.90000000000003,40.01148215,-104.9516255,1603.5528000000002,43.00728,0.0,0.0,0.0
116.0,40.01148215,-104.9516256,1603.5528000000002,43.00728,0.0,0.0,0.0
116.10000000000002,40.01148214,-104.9516257,1603.5528000000002,43.00728,0.0,0.0,0.0
116.2,40.01148215,-104.9516258,1603.8576,43.09872000000001,0.0,0.0,0.0
116.3,40.011482,-104.9516257,1603.8576,43.09872000000001,0.0,0.0,0.0
116.40000000000003,40.011482,-104.9516258,1603.8576,43.09872000000001,0.0,0.0,0.0
116.5,40.01148189,-104.9516259,1603.8576,43.09872000000001,0.491744,0.0,0.0
116.60000000000002,40.01148189,-104.951626,1603.8576,43.09872000000001,0.491744,0.0,0.0
116.7,40.01148184,-104.9516259,1603.8576,43.09872000000001,0.0,0.0,0.0
116.90000000000003,40.01148181,-104.9516259,1603.8576,43.09872000000001,0.0,0.0,0.0
117.0,40.01148179,-104.9516259,1603.8576,43.09872000000001,0.0,0.0,0.0
117.10000000000002,40.01148159,-104.951626,1603.8576,43.09872000000001,0.0,0.0,0.0
117.2,40.01148155,-104.951626,1603.5528000000002,43.00728,0.0,0.089408,0.0
117.40000000000003,40.01148151,-104.9516261,1603.5528000000002,43.00728,0.0,0.0,0.0
117.5,40.01148124,-104.9516262,1603.8576,43.09872000000001,0.0,0.0,0.0
117.60000000000002,40.01148119,-104.9516262,1603.5528000000002,43.00728,0.0,0.0,0.0
117.7,40.01148106,-104.9516261,1603.5528000000002,43.00728,0.0,0.0,0.0
117.8,40.01148103,-104.9516261,1603.5528000000002,43.00728,0.0,0.0,0.0
117.90000000000003,40.01148106,-104.951626,1603.8576,43.09872000000001,0.491744,0.0,0.0
118.10000000000002,40.011481,-104.951626,1603.5528000000002,43.00728,0.0,0.0,0.0
118.2,40.01148096,-104.951626,1603.5528000000002,43.00728,0.0,0.0,0.0
118.3,40.011481,-104.951626,1603.5528000000002,43.00728,0.0,0.0,0.0
118.5,40.01148089,-104.9516259,1603.8576,43.09872000000001,0.0,0.0,0.0
118.60000000000002,40.01148084,-104.9516259,1603.8576,43.09872000000001,0.0,0.0,0.0
118.7,40.01148085,-104.9516258,1603.8576,43.09872000000001,0.0,0.0,0.0
118.8,40.0114808,-104.9516258,1603.5528000000002,43.00728,0.0,0.0,0.0
118.90000000000003,40.01148083,-104.9516259,1603.5528000000002,43.00728,0.0,0.0,0.0
119.0,40.01148079,-104.9516258,1603.5528000000002,43.00728,0.0,0.089408,0.0
119.10000000000002,40.01148094,-104.9516259,1603.5528000000002,43.00728,0.0,0.0,0.0
119.2,40.01148092,-104.9516259,1603.5528000000002,43.00728,0.0,0.0,0.0
119.3,40.01148101,-104.951626,1603.5528000000002,43.00728,0.0,0.0,0.0
119.40000000000003,40.01148101,-104.951626,1603.8576,43.09872000000001,0.0,0.0,0.0
119.5,40.01148105,-104.9516259,1603.5528000000002,43.00728,0.0,0.0,0.0
119.60000000000002,40.01148106,-104.9516259,1603.5528000000002,43.00728,0.0,0.0,0.0
119.8,40.0114811,-104.9516258,1603.5528000000002,43.00728,0.0,0.0,0.0
119.90000000000003,40.01148125,-104.9516259,1603.8576,43.09872000000001,0.0,0.0,0.0
120.0,40.01148128,-104.9516259,1603.8576,43.09872000000001,0.0,0.0,0.0
120.10000000000002,40.01148125,-104.9516258,1603.8576,43.09872000000001,0.491744,0.0,0.0
120.2,40.01148128,-104.9516257,1603.8576,43.09872000000001,0.67056,0.0,0.0
120.3,40.01148141,-104.9516257,1603.8576,43.09872000000001,0.0,0.0,0.0
120.40000000000003,40.01148145,-104.9516257,1603.8576,43.09872000000001,0.491744,0.0,0.0
120.5,40.01148154,-104.9516255,1603.8576,43.09872000000001,0.0,0.0,0.0
120.60000000000002,40.01148159,-104.9516255,1603.8576,43.09872000000001,0.0,0.0,0.0
120.7,40.01148165,-104.9516254,1603.8576,43.09872000000001,0.0,0.089408,0.0
120.8,40.0114817,-104.9516254,1603.8576,43.09872000000001,0.0,0.0,0.0
121.0,40.01148176,-104.9516254,1603.8576,43.09872000000001,0.0,-0.22352,0.0
121.10000000000002,40.01148177,-104.9516253,1603.8576,43.09872000000001,0.0,-0.581152,0.0
121.40000000000003,40.01148172,-104.9516251,1604.1624000000002,43.586400000000005,0.0,-2.190496,0.0
121.5,40.01148166,-104.9516251,1604.4672,43.891200000000005,0.0,-2.68224,0.0
121.60000000000002,40.01148163,-104.951625,1604.7720000000002,44.196000000000005,0.0,-3.218688,0.0
121.7,40.01148122,-104.9516248,1605.0768,44.500800000000005,0.0,-3.621024,0.0
121.8,40.01148115,-104.9516248,1605.6864,44.89704,0.0,-3.79984,0.0
121.90000000000003,40.01148141,-104.951625,1605.9912000000002,45.20184,0.0,-3.889248,0.0
122.0,40.01148136,-104.951625,1606.296,45.59808,0.0,-4.02336,0.0
122.10000000000002,40.01148112,-104.9516249,1606.6008000000002,45.99432,0.0,-4.02336,0.0
122.2,40.01148103,-104.951625,1607.2104000000002,46.39056,0.0,-4.02336,0.0
122.3,40.01148065,-104.9516248,1607.5152,46.90872,0.0,-4.02336,0.0
122.40000000000003,40.01148049,-104.9516248,1608.1248,47.30496,0.0,-4.02336,0.0
122.5,40.01148046,-104.9516251,1608.4296000000002,47.7012,0.0,-4.02336,0.0
122.60000000000002,40.01148027,-104.9516252,1608.7344,48.097440000000006,0.0,-4.02336,0.0
122.7,40.01148041,-104.9516257,1609.0392000000002,48.49368,0.0,-4.02336,0.0
122.8,40.0114802,-104.9516259,1609.6488000000002,48.88992,0.67056,-4.02336,0.0
122.90000000000003,40.01147995,-104.9516263,1609.9536,49.28616,0.0,-3.889248,180.0
123.0,40.0114797,-104.9516265,1610.2584000000002,49.71288,0.491744,-3.889248,180.0
123.10000000000002,40.01147944,-104.9516267,1610.8680000000002,50.10912,0.0,-3.889248,180.0
123.2,40.01147921,-104.9516269,1611.1728,50.50536,0.0,-3.889248,180.0
123.40000000000003,40.01147887,-104.9516273,1612.0872000000002,51.29784000000001,0.312928,-3.889248,180.0
123.5,40.01147862,-104.9516276,1612.392,51.69408,0.44704,-4.02336,180.0
123.60000000000002,40.01147843,-104.9516277,1612.6968000000002,52.090320000000006,0.0,-4.02336,180.0
123.7,40.01147802,-104.951628,1613.3064000000002,52.60848,0.67056,-4.02336,180.0
123.8,40.01147785,-104.9516282,1613.6112,53.004720000000006,0.491744,-4.02336,180.0
124.10000000000002,40.01147751,-104.9516285,1614.8304,54.19344000000001,0.0,-4.02336,0.0
124.2,40.01147744,-104.9516285,1615.1352000000002,54.58968,0.0,-4.02336,0.0
124.3,40.01147722,-104.9516286,1615.7448000000002,54.98592000000001,0.0,-4.02336,0.0
124.40000000000003,40.01147717,-104.9516286,1616.0496,55.41264,0.0,-4.02336,0.0
124.5,40.01147717,-104.9516286,1616.6592,55.90032000000001,0.0,-4.02336,0.0
124.60000000000002,40.01147717,-104.9516285,1616.9640000000002,56.29656,0.0,-4.02336,0.0
124.8,40.01147726,-104.9516286,1617.8784,57.08904,0.0,-4.02336,0.0
124.90000000000003,40.01147721,-104.9516285,1618.1832000000002,57.48528,0.0,-4.02336,0.0
125.0,40.01147725,-104.9516285,1618.488,57.912000000000006,0.0,-4.02336,0.0
125.10000000000002,40.01147728,-104.9516285,1619.0976,58.308240000000005,0.0,-4.02336,0.0
125.2,40.01147734,-104.9516284,1619.4024000000002,58.70448,0.0,-4.02336,0.0
125.3,40.01147747,-104.9516283,1619.7072,59.10072,0.0,-4.02336,0.0
125.40000000000003,40.01147754,-104.9516282,1620.3168,59.49696,0.0,-4.02336,0.0
125.5,40.01147775,-104.951628,1620.6216000000002,59.8932,0.0,-4.02336,0.0
125.60000000000002,40.01147783,-104.9516279,1620.9264,60.289440000000006,0.0,-4.02336,0.0
125.7,40.01147782,-104.9516279,1621.2312000000002,60.68568,0.0,-4.02336,0.0
125.8,40.01147791,-104.9516279,1621.8408000000002,61.20384000000001,0.491744,-4.02336,0.0
125.90000000000003,40.01147809,-104.9516279,1622.1456,61.60008,0.0,-4.02336,0.0
126.0,40.0114782,-104.9516279,1622.7552,61.99632,0.0,-4.02336,0.0
126.10000000000002,40.01147835,-104.9516278,1623.0600000000002,62.39256,0.0,-4.02336,0.0
126.2,40.01147847,-104.9516278,1623.3648,62.7888,0.0,-4.02336,0.0
126.40000000000003,40.01147865,-104.9516277,1624.2792000000002,63.61176,0.0,-4.02336,0.0
126.5,40.01147887,-104.9516275,1624.584,64.00800000000001,0.0,-4.02336,0.0
126.60000000000002,40.01147897,-104.9516275,1625.1936,64.40424,0.0,-4.02336,0.0
126.7,40.01147902,-104.9516276,1625.4984000000002,64.89192,0.0,-4.02336,0.0
126.8,40.0114791,-104.9516275,1626.1080000000002,65.28816,0.0,-4.02336,0.0
126.90000000000003,40.01147915,-104.9516274,1626.4128,65.71488000000001,0.0,-4.02336,0.0
127.0,40.01147921,-104.9516274,1626.7176000000002,66.11112,0.0,-4.02336,0.0
127.2,40.0114793,-104.9516275,1627.632,66.9036,0.0,-4.02336,0.0
127.40000000000003,40.01147943,-104.9516273,1628.2416,67.69608,0.0,-4.02336,0.0
127.60000000000002,40.01147947,-104.9516272,1629.1560000000002,68.48856,0.0,-4.02336,0.0
127.7,40.01147954,-104.9516271,1629.4608,68.8848,0.0,-4.02336,0.0
127.8,40.01147956,-104.9516271,1630.0704,69.31152,0.0,-4.02336,0.0
127.90000000000003,40.01147951,-104.9516272,1630.3752000000002,69.70776,0.0,-4.02336,0.0
128.0,40.01147952,-104.9516272,1630.68,70.104,0.0,-4.02336,0.0
128.10000000000002,40.01147964,-104.9516271,1631.2896,70.50024,0.0,-3.889248,0.0
128.2,40.01147966,-104.9516271,1631.5944000000002,70.89648,0.0,-3.889248,0.0
128.3,40.01147946,-104.9516271,1631.8992,71.29272,0.0,-4.02336,0.0
128.40000000000003,40.01147947,-104.9516271,1632.5088,71.68896,0.0,-4.02336,0.0
128.5,40.01147961,-104.9516269,1632.8136000000002,72.20712,0.0,-4.02336,0.0
128.60000000000002,40.01147962,-104.9516269,1633.4232000000002,72.60336,0.0,-4.02336,0.0
128.7,40.01147958,-104.9516269,1633.728,72.9996,0.0,-3.889248,0.0
128.8,40.01147958,-104.9516269,1634.0328000000002,73.39584,0.0,-3.889248,0.0
128.90000000000003,40.0114797,-104.9516268,1634.3376,73.79208,0.0,-3.889248,0.0
129.0,40.01147973,-104.9516267,1634.6424000000002,74.09688,0.0,-3.79984,0.0
129.10000000000002,40.01147958,-104.9516267,1635.2520000000002,74.49312,0.0,-3.486912,0.0
129.2,40.01147957,-104.9516267,1635.5568,74.88936,0.0,-3.084576,0.0
129.3,40.01147946,-104.9516267,1635.8616000000002,75.19416,0.0,-2.68224,180.0
129.40000000000003,40.01147917,-104.9516268,1636.1664,75.40752,0.0,-2.190496,192.52880770915152
129.5,40.01147867,-104.9516268,1636.1664,75.5904,0.491744,-1.78816,188.7461622625552
129.60000000000002,40.011478,-104.951627,1636.4712000000002,75.80376,0.67056,-1.296416,195.52411099675425
129.7,40.01147692,-104.9516273,1636.4712000000002,75.8952,0.938784,-0.89408,197.6501242199301
129.8,40.01147586,-104.9516277,1636.776,75.98664000000001,1.34112,-0.491744,194.5344550805401
129.90000000000003,40.01147442,-104.9516282,1636.776,76.10856,1.430528,-0.312928,197.92791976200724
130.0,40.01147289,-104.9516288,1636.776,76.10856,1.78816,-0.089408,196.82140989004083
130.10000000000002,40.0114711,-104.9516297,1636.776,76.2,1.877568,0.0,198.08344538304863
130.2,40.011469,-104.9516306,1636.776,76.2,2.324608,0.0,197.8188889145228
130.3,40.01146692,-104.9516317,1637.0808000000002,76.29144000000001,2.45872,0.0,198.69898280418116
130.40000000000003,40.01146425,-104.9516329,1637.0808000000002,76.29144000000001,2.816352,0.0,199.1481374579396
130.5,40.01146138,-104.9516344,1636.776,76.2,3.308096,0.0,199.69862137458028
130.60000000000002,40.01145812,-104.9516358,1636.776,76.2,3.621024,0.0,199.61209370890407
130.8,40.01145088,-104.9516391,1636.776,76.2,4.112768,0.0,199.26526430918005
130.90000000000003,40.011447,-104.951641,1636.776,76.2,4.380992,0.0,198.5954407827566
131.2,40.01143283,-104.9516467,1636.776,76.2,5.275072000000001,0.0,198.30262624174816
131.3,40.0114276,-104.9516488,1636.776,76.2,5.632704,0.0,197.4254360403056
131.40000000000003,40.01142206,-104.951651,1636.776,76.10856,6.25856,0.0,197.4680232512777
131.5,40.01141622,-104.9516534,1636.776,76.10856,6.616192,0.0,197.61816005057503
131.60000000000002,40.01141014,-104.9516558,1636.776,75.98664000000001,6.92912,0.0,197.6501242199301
131.7,40.01140382,-104.951658,1636.776,75.98664000000001,7.15264,0.0,196.92751306414704
131.8,40.01139721,-104.9516606,1636.776,75.98664000000001,7.465567999999999,0.0,196.886791123944
131.90000000000003,40.01139021,-104.9516633,1636.776,75.98664000000001,7.912608,0.0,196.5157025889531
132.0,40.01138308,-104.9516661,1636.776,75.98664000000001,8.180832,0.0,196.7873012028491
132.10000000000002,40.01137556,-104.9516689,1636.776,75.98664000000001,8.49376,0.0,196.1892062570269
132.2,40.01136795,-104.9516717,1636.776,75.98664000000001,8.761984,0.0,196.42218749831528
132.3,40.0113602,-104.9516747,1636.776,75.98664000000001,8.896096,-0.089408,195.86854044129987
132.40000000000003,40.01135216,-104.9516777,1636.776,75.98664000000001,9.16432,0.0,196.0958769193666
132.5,40.01134382,-104.9516807,1636.4712000000002,75.8952,9.477248,-0.089408,195.7247457227474
132.60000000000002,40.01133534,-104.9516838,1636.4712000000002,75.8952,9.700768,-0.089408,195.94539590092288
132.7,40.01132615,-104.9516873,1636.4712000000002,75.8952,10.237215999999998,0.0,195.4559990703121
132.8,40.01131722,-104.9516905,1636.4712000000002,75.8952,10.460736,0.0,195.843082117687
132.90000000000003,40.01130869,-104.9516934,1636.4712000000002,75.8952,10.0584,-0.089408,195.576400080584
133.0,40.01129944,-104.9516967,1636.4712000000002,75.8952,10.237215999999998,-0.089408,195.31833579345457
133.10000000000002,40.01128978,-104.9517002,1636.776,75.98664000000001,10.907775999999998,-0.089408,195.4612177404419
133.2,40.01128018,-104.9517036,1636.776,75.98664000000001,11.086592,-0.089408,195.33691133773596
133.3,40.01127036,-104.9517072,1636.776,75.98664000000001,11.176,-0.089408,195.0345200119894
133.40000000000003,40.01126048,-104.9517107,1636.776,75.98664000000001,11.354816,-0.089408,195.3544180482013
133.60000000000002,40.0112405,-104.9517178,1636.776,75.98664000000001,11.488928,-0.22352,195.23540911335945
133.7,40.01123062,-104.9517215,1636.776,76.10856,11.488928,-0.402336,195.0345200119894
133.8,40.01122108,-104.9517249,1636.776,76.10856,11.220704,-0.491744,194.62087398863164
133.90000000000003,40.01121184,-104.9517282,1636.776,76.2,10.818368,-0.312928,194.64188454123337
134.0,40.01120309,-104.9517312,1636.776,76.2,10.371328,-0.089408,194.93141717813756
134.10000000000002,40.01119471,-104.9517345,1636.776,76.10856,9.879584,0.0,195.1820063061016
134.2,40.01118683,-104.9517374,1636.776,76.10856,9.432544,0.0,195.17772688225503
134.3,40.01117875,-104.9517401,1636.776,76.10856,9.209024,0.0,195.3092734879832
134.40000000000003,40.01117169,-104.9517427,1636.776,76.10856,8.71728,0.0,195.6295955897806
134.5,40.01116478,-104.9517452,1636.776,76.10856,8.091424,0.0,195.99358409772995
134.60000000000002,40.01115864,-104.9517474,1636.776,76.10856,7.554975999999999,0.0,195.42216131873863
134.7,40.01115264,-104.9517497,1636.776,76.10856,7.018528,0.0,195.8323866204222
134.8,40.01114743,-104.9517516,1636.776,76.10856,6.48208,0.0,196.31385242626052
134.90000000000003,40.0111427,-104.9517534,1636.776,76.10856,5.722112,0.0,195.4713281655201
135.0,40.01113847,-104.951755,1636.776,76.10856,5.185664,0.0,196.48445318953569
135.10000000000002,40.01113454,-104.9517565,1636.776,76.10856,4.738624,0.0,196.032339353936
135.2,40.01113123,-104.9517578,1636.776,76.10856,4.202176,0.0,196.14433878028348
135.3,40.01112803,-104.951759,1636.776,76.2,3.79984,0.0,197.1027289690524
135.40000000000003,40.01112558,-104.95176,1636.776,76.2,3.263392,0.0,196.50436138175505
135.5,40.01112408,-104.9517605,1636.776,76.2,2.279904,0.0,196.82140989004083
135.60000000000002,40.01112259,-104.951761,1636.776,76.2,1.78816,0.0,196.1892062570269
135.7,40.01112134,-104.9517615,1636.776,76.2,1.519936,0.0,194.03624346792648
135.90000000000003,40.01112062,-104.9517617,1637.0808000000002,76.29144000000001,0.759968,0.0,180.0
136.0,40.01112032,-104.9517617,1637.0808000000002,76.41336,0.44704,0.0,180.0
136.2,40.01112025,-104.9517617,1637.0808000000002,76.41336,0.0,0.0,180.0
136.3,40.01112023,-104.9517614,1637.0808000000002,76.41336,0.0,0.0,0.0
136.5,40.01112046,-104.9517611,1637.0808000000002,76.41336,0.0,0.0,0.0
136.8,40.01112092,-104.9517608,1637.0808000000002,76.41336,0.2682239999999999,0.0,0.0
136.90000000000003,40.01112137,-104.9517606,1637.0808000000002,76.41336,0.0,0.089408,0.0
137.10000000000002,40.01112174,-104.9517605,1637.0808000000002,76.41336,0.0,0.089408,0.0
137.40000000000003,40.01112208,-104.9517605,1637.0808000000002,76.29144000000001,0.0,0.089408,0.0
137.5,40.01112224,-104.9517604,1637.0808000000002,76.29144000000001,0.22352,0.089408,0.0
137.60000000000002,40.01112224,-104.9517604,1637.0808000000002,76.29144000000001,0.0,0.0,0.0
137.7,40.01112233,-104.9517605,1637.0808000000002,76.29144000000001,0.0,0.0,0.0
137.8,40.01112232,-104.9517605,1637.0808000000002,76.29144000000001,0.0,0.0,0.0
137.90000000000003,40.01112234,-104.9517604,1637.0808000000002,76.29144000000001,0.491744,0.0,0.0
138.0,40.01112232,-104.9517604,1637.0808000000002,76.29144000000001,0.0,0.0,0.0
138.10000000000002,40.01112225,-104.9517605,1637.0808000000002,76.29144000000001,0.0,0.0,0.0
138.2,40.01112223,-104.9517605,1637.0808000000002,76.29144000000001,0.0,0.0,0.0
138.3,40.01112222,-104.9517604,1636.776,76.2,0.0,0.0,0.0
138.40000000000003,40.01112218,-104.9517604,1637.0808000000002,76.29144000000001,0.491744,0.0,0.0
138.5,40.01112188,-104.9517603,1637.0808000000002,76.29144000000001,0.0,0.0,0.0
138.7,40.01112173,-104.9517603,1636.776,76.2,0.312928,0.0,0.0
138.8,40.01112168,-104.9517604,1637.0808000000002,76.29144000000001,0.0,0.0,0.0
138.90000000000003,40.01112164,-104.9517604,1636.776,76.2,0.0,0.0,0.0
139.0,40.0111216,-104.9517605,1636.776,76.2,0.0,0.0,0.0
139.10000000000002,40.01112157,-104.9517607,1636.776,76.2,0.0,0.0,0.0
139.2,40.01112153,-104.9517608,1636.776,76.2,0.0,0.0,0.0
139.3,40.01112118,-104.9517609,1636.776,76.2,0.0,0.0,0.0
139.40000000000003,40.01112111,-104.951761,1636.776,76.2,0.0,0.0,0.0
139.5,40.01112095,-104.9517608,1636.776,76.2,0.0,0.0,0.0
139.60000000000002,40.01112089,-104.9517608,1636.776,76.2,0.0,0.0,0.0
139.7,40.01112076,-104.9517609,1636.776,76.2,0.0,0.0,0.0
139.8,40.01112069,-104.9517609,1636.776,76.2,0.0,0.0,0.0
139.90000000000003,40.01112054,-104.951761,1636.776,76.2,0.0,0.0,0.0
140.0,40.01112047,-104.951761,1636.776,76.2,0.0,0.0,0.0
140.10000000000002,40.01112048,-104.951761,1636.776,76.2,0.0,0.0,0.0
140.40000000000003,40.01112023,-104.9517612,1636.776,76.2,0.0,0.0,0.0
140.5,40.01112021,-104.9517612,1636.776,76.2,0.0,0.0,0.0
140.60000000000002,40.01112014,-104.9517612,1636.776,76.2,0.0,0.0,0.0
140.8,40.01112003,-104.9517614,1636.776,76.10856,0.0,0.0,0.0
140.90000000000003,40.01111986,-104.9517613,1636.776,76.2,0.0,0.0,0.0
141.0,40.01111979,-104.9517613,1636.776,76.2,0.0,0.0,0.0
141.10000000000002,40.0111198,-104.9517613,1636.776,76.10856,0.0,0.0,0.0
141.2,40.01111975,-104.9517613,1636.776,76.10856,0.0,0.0,0.0
141.3,40.0111196,-104.9517613,1636.776,76.10856,0.0,0.0,0.0
141.40000000000003,40.01111957,-104.9517613,1636.776,76.10856,0.0,0.0,0.0
141.5,40.01111944,-104.9517614,1636.776,76.10856,0.0,0.0,0.0
141.60000000000002,40.01111942,-104.9517613,1636.776,76.10856,0.0,0.0,0.0
141.7,40.01111941,-104.9517613,1636.776,76.10856,0.491744,0.0,0.0
141.8,40.0111194,-104.9517613,1636.776,76.10856,0.0,0.0,0.0
141.90000000000003,40.01111949,-104.9517613,1636.776,76.10856,0.0,0.0,0.0
142.0,40.01111948,-104.9517613,1636.776,76.10856,0.0,0.0,0.0
142.10000000000002,40.01111946,-104.9517614,1636.776,76.10856,0.0,0.0,0.0
142.3,40.01111876,-104.9517616,1636.776,76.10856,0.312928,0.0,201.03751102542185
142.40000000000003,40.01111794,-104.951762,1636.776,76.10856,0.5364479999999999,0.0,197.6501242199301
142.5,40.01111675,-104.9517624,1636.776,76.10856,1.162304,0.0,199.5366549381284
142.60000000000002,40.01111526,-104.9517632,1636.776,76.10856,1.519936,0.0,198.8860873697093
142.7,40.01111377,-104.9517639,1636.776,76.10856,1.78816,0.0,198.79988515865267
142.8,40.01111168,-104.9517649,1636.776,76.10856,2.056384,0.0,200.32313682966293
142.90000000000003,40.01110936,-104.9517659,1636.776,76.10856,2.68224,0.0,200.1363034282481
143.0,40.01110668,-104.9517672,1636.776,76.10856,2.995168,0.0,200.4622715234222
143.10000000000002,40.01110376,-104.9517688,1636.776,76.2,3.308096,0.0,200.045249425421
143.2,40.01110051,-104.9517704,1636.776,76.2,3.665728,0.0,199.2592916437672
143.3,40.01109719,-104.9517718,1636.776,76.2,3.933952,0.0,200.6954507340633
143.40000000000003,40.0110934,-104.9517737,1636.776,76.10856,4.202176,0.0,200.55604521958347
143.60000000000002,40.01108493,-104.9517778,1636.776,76.10856,4.872736,0.0,199.9831065219
143.7,40.01108033,-104.95178,1636.776,76.10856,5.14096,0.0,200.3392221126522
143.8,40.01107545,-104.9517823,1636.776,76.10856,5.588,0.0,200.0952311919048
143.90000000000003,40.01107021,-104.9517848,1636.776,76.10856,5.990336,0.0,199.8768721946033
144.0,40.0110648,-104.9517873,1636.776,76.10856,6.25856,0.0,199.6803130896904
144.10000000000002,40.01105919,-104.9517901,1636.776,76.10856,6.526784,0.0,199.88516511385544
144.2,40.01105329,-104.9517929,1636.776,76.10856,6.8397120000000005,0.0,200.045249425421
144.3,40.01104698,-104.9517958,1636.776,76.10856,7.197344,0.0,199.3231843181618
144.40000000000003,40.01104063,-104.9517987,1636.776,75.98664000000001,7.465567999999999,0.0,199.40232783821813
144.5,40.01103398,-104.9518018,1636.776,75.98664000000001,7.689088,0.0,199.58699386342343
144.60000000000002,40.01102725,-104.951805,1636.776,75.98664000000001,7.867904,0.0,199.0466242976358
144.7,40.01102018,-104.9518082,1636.776,75.98664000000001,8.136128,0.0,199.23067237566127
144.8,40.01101311,-104.9518115,1636.776,75.98664000000001,8.314944,0.0,199.7988763545249
144.90000000000003,40.01100578,-104.9518148,1636.776,75.98664000000001,8.49376,-0.089408,199.38979007679416
145.10000000000002,40.01099084,-104.9518217,1636.4712000000002,75.8952,8.761984,0.0,199.262599141282
145.2,40.01098323,-104.9518252,1636.4712000000002,75.8952,8.851392,0.0,199.6152020352458
145.3,40.01097542,-104.9518286,1636.4712000000002,75.8952,9.074912,-0.089408,199.2368591567098
145.40000000000003,40.01096757,-104.9518322,1636.4712000000002,75.8952,9.209024,-0.089408,199.48612957246576
145.5,40.01095944,-104.9518361,1636.4712000000002,75.8952,9.432544,-0.089408,199.3030002726676
145.7,40.01094275,-104.9518439,1636.4712000000002,75.8952,9.790176,-0.089408,199.70797884297872
145.8,40.01093444,-104.9518477,1636.4712000000002,75.8952,9.83488,-0.089408,199.44003482817615
145.90000000000003,40.01092666,-104.9518512,1636.4712000000002,75.8952,9.477248,-0.089408,199.26526430918005
146.0,40.01091823,-104.951855,1636.4712000000002,75.8952,9.521952,-0.089408,199.5839937702482
146.2,40.01090087,-104.9518627,1636.776,75.98664000000001,10.103104,-0.089408,199.15813904858277
146.40000000000003,40.01088317,-104.9518707,1636.776,75.98664000000001,10.326624,-0.089408,199.4679092018044
146.5,40.01087448,-104.9518748,1636.776,75.98664000000001,10.371328,-0.089408,199.30180643649345
146.60000000000002,40.01086562,-104.9518789,1636.776,75.98664000000001,10.371328,0.0,199.13840872028467
146.7,40.01085646,-104.9518831,1636.776,75.98664000000001,10.639552,0.0,199.3589941756947
146.8,40.01084745,-104.9518872,1636.776,75.98664000000001,10.684256,-0.089408,199.3589941756947
146.90000000000003,40.0108383,-104.9518913,1636.776,76.10856,10.684256,-0.089408,199.198847283852
147.10000000000002,40.01082005,-104.9518998,1636.776,76.10856,10.773664,-0.089408,199.0412307384393
147.3,40.0108018,-104.9519084,1636.776,76.10856,10.773664,-0.089408,199.55825153699743
147.40000000000003,40.01079252,-104.9519126,1636.776,76.10856,10.818368,0.0,199.55825153699743
147.5,40.01078332,-104.9519169,1636.776,76.10856,10.907775999999998,0.0,199.55825153699743
147.60000000000002,40.01077399,-104.9519212,1636.776,76.10856,10.907775999999998,0.0,199.4009339838051
147.7,40.01076439,-104.9519256,1636.776,76.10856,11.131296,0.0,199.8429703734581
147.8,40.01075496,-104.9519299,1636.776,76.10856,11.220704,0.0,199.6070774438571
147.90000000000003,40.0107454,-104.9519344,1636.776,76.10856,11.220704,0.0,199.6070774438571
148.0,40.01073588,-104.9519388,1636.776,76.10856,11.265408,0.0,199.4527870602187
148.10000000000002,40.01072632,-104.9519432,1636.776,76.10856,11.265408,0.0,199.88516511385544
148.2,40.01071673,-104.9519477,1636.776,76.10856,11.310112,0.0,199.73036125473104
148.3,40.01070647,-104.9519526,1636.776,76.10856,11.712448,0.0,199.73036125473104
148.40000000000003,40.01069677,-104.951957,1636.776,76.10856,11.801856,0.0,199.30081407839535
148.5,40.01068803,-104.9519607,1636.776,76.10856,10.818368,-0.089408,197.64022857589845
148.60000000000002,40.01067832,-104.9519645,1636.776,76.10856,10.72896,-0.089408,195.66002913184357
148.8,40.01065876,-104.951971,1636.776,76.10856,11.220704,0.0,191.90058968866688
149.10000000000002,40.01062932,-104.9519778,1636.776,76.10856,11.131296,0.0,187.18234077150848
149.3,40.01060912,-104.9519808,1636.776,76.10856,11.176,0.0,184.10183868767083
149.40000000000003,40.01059891,-104.9519817,1636.776,76.2,11.310112,0.0,182.48955292199915
149.5,40.01058851,-104.9519824,1636.776,76.2,11.488928,0.0,181.57243042767337
149.7,40.01056776,-104.9519827,1636.776,76.2,11.533632,0.0,179.55927192723902
149.8,40.01055725,-104.9519824,1636.776,76.2,11.578335999999998,0.0,178.01747613891564
149.90000000000003,40.0105467,-104.9519817,1636.776,76.2,11.712448,-0.089408,176.5053610727466
150.0,40.01053614,-104.9519806,1637.0808000000002,76.29144000000001,11.757152,-0.089408,175.2001638860953
150.10000000000002,40.01052553,-104.9519792,1637.0808000000002,76.29144000000001,11.801856,0.0,173.68381151180324
150.2,40.01051494,-104.9519774,1637.0808000000002,76.29144000000001,11.84656,0.0,172.17628926811472
150.3,40.0105043,-104.9519753,1637.0808000000002,76.29144000000001,11.935968,0.0,171.31958157492875
150.40000000000003,40.01049367,-104.951973,1637.0808000000002,76.29144000000001,11.980672,0.0,169.90537726253058
150.5,40.01048297,-104.9519703,1637.0808000000002,76.29144000000001,12.07008,0.0,169.06618321424423
150.7,40.01046164,-104.9519643,1637.0808000000002,76.29144000000001,12.114784,0.0,167.1957339347132
151.0,40.01042855,-104.9519532,1637.0808000000002,76.29144000000001,12.427712,0.0,164.453672726921
151.10000000000002,40.01041871,-104.9519493,1637.0808000000002,76.29144000000001,12.338304,0.0,163.65711745655813
151.2,40.01040799,-104.9519451,1637.0808000000002,76.29144000000001,11.935968,0.0,163.06391613868232
151.3,40.01039735,-104.9519406,1637.0808000000002,76.29144000000001,12.427712,0.0,162.27877821518064
151.40000000000003,40.01038663,-104.951936,1637.0808000000002,76.29144000000001,12.51712,0.0,161.30696382574183
151.60000000000002,40.01036491,-104.9519261,1637.0808000000002,76.29144000000001,12.695936,0.0,160.15537243386837
151.7,40.0103541,-104.9519208,1637.0808000000002,76.29144000000001,12.785344,0.0,159.77514056883194
151.8,40.01034333,-104.9519154,1637.0808000000002,76.29144000000001,12.830048,0.0,158.83269759940242
151.90000000000003,40.01033256,-104.9519097,1637.0808000000002,76.29144000000001,12.874752,0.0,158.45902408146162
152.0,40.01032175,-104.951904,1637.0808000000002,76.29144000000001,12.96416,0.0,157.68441142412917
152.10000000000002,40.01031099,-104.9518981,1637.0808000000002,76.29144000000001,12.96416,0.0,157.31944039297514
152.2,40.01030021,-104.9518922,1636.776,76.2,13.008864,0.0,156.80140948635176
152.3,40.01028937,-104.951886,1636.776,76.2,13.098272,0.0,156.43845465222898
152.40000000000003,40.0102786,-104.9518797,1636.776,76.2,13.098272,0.089408,155.8977654988389
152.5,40.01026767,-104.9518732,1636.776,76.2,13.232384,0.0,155.34699615180887
152.60000000000002,40.01025685,-104.9518667,1636.776,76.2,13.321792,0.0,154.9948114818011
152.8,40.0102353,-104.9518531,1636.776,76.2,13.277088,0.0,154.470302009467
152.90000000000003,40.01022428,-104.9518462,1636.776,76.2,13.4112,0.0,154.12315331596164
153.10000000000002,40.01020271,-104.9518322,1636.776,76.2,13.455904,0.0,153.77803322244552
153.3,40.01018102,-104.951818,1637.0808000000002,76.29144000000001,13.455904,0.0,153.43494882292202
153.40000000000003,40.01017019,-104.9518107,1637.0808000000002,76.29144000000001,13.500608,0.0,152.92415302875952
153.5,40.01015837,-104.9518028,1637.0808000000002,76.29144000000001,14.126464,0.0,152.58618455136843
153.60000000000002,40.01014745,-104.9517953,1637.0808000000002,76.29144000000001,14.260576,0.0,152.58618455136843
153.7,40.01013756,-104.9517886,1637.0808000000002,76.29144000000001,13.053568,0.0,152.25027142278827
153.90000000000003,40.01011602,-104.9517734,1637.0808000000002,76.29144000000001,13.18768,0.0,151.91641783200205
154.0,40.01010521,-104.9517658,1637.0808000000002,76.29144000000001,13.63472,0.0,151.58462735740676
154.10000000000002,40.01009511,-104.9517586,1637.0808000000002,76.29144000000001,13.232384,0.0,151.58462735740676
154.2,40.01008438,-104.9517509,1637.0808000000002,76.29144000000001,13.18768,0.0,151.09081634885217
154.40000000000003,40.01006175,-104.9517347,1637.0808000000002,76.29144000000001,14.126464,0.089408,150.5809238482516
154.60000000000002,40.01004007,-104.9517189,1637.0808000000002,76.29144000000001,14.08176,0.0,150.25511870305775
154.7,40.01002934,-104.9517108,1637.0808000000002,76.29144000000001,13.768832,0.0,150.25511870305775
154.90000000000003,40.01000777,-104.9516946,1637.0808000000002,76.29144000000001,13.813536,0.0,149.93141717813756
155.0,40.009997,-104.9516865,1636.776,76.2,13.85824,0.0,149.93141717813756
155.10000000000002,40.00998639,-104.9516783,1636.776,76.2,13.768832,0.0,149.44980937462014
155.2,40.00997565,-104.9516701,1636.776,76.2,13.768832,0.0,149.44980937462014
155.3,40.00996496,-104.9516618,1636.776,76.2,13.813536,0.0,149.93141717813756
155.40000000000003,40.00995421,-104.9516538,1637.0808000000002,76.29144000000001,13.768832,-0.089408,150.5809238482516
155.5,40.00994345,-104.9516461,1637.0808000000002,76.29144000000001,13.679424,-0.22352,152.07304716570877
155.60000000000002,40.00993276,-104.9516389,1637.0808000000002,76.29144000000001,13.500608,-0.089408,153.43494882292202
155.7,40.00992211,-104.9516323,1637.0808000000002,76.29144000000001,13.232384,-0.089408,155.01876039378396
155.8,40.0099115,-104.951626,1637.0808000000002,76.29144000000001,13.053568,0.0,156.4854433170634
155.90000000000003,40.00990071,-104.9516199,1637.0808000000002,76.29144000000001,13.008864,0.0,157.78504548074534
156.0,40.00989014,-104.9516145,1637.0808000000002,76.29144000000001,12.830048,0.0,159.4919010282315
156.10000000000002,40.00987853,-104.9516086,1637.0808000000002,76.29144000000001,13.232384,0.0,160.2630985044991
156.3,40.00985813,-104.9515989,1637.0808000000002,76.41336,12.651232,0.22352,160.2630985044991
156.40000000000003,40.00984753,-104.9515939,1637.0808000000002,76.41336,12.204192,0.089408,159.4919010282315
156.5,40.00983686,-104.9515885,1637.0808000000002,76.41336,12.651232,0.0,158.91853926738645
156.60000000000002,40.00982624,-104.9515831,1637.0808000000002,76.41336,12.695936,0.0,158.53873296597578
156.7,40.00981557,-104.9515776,1637.0808000000002,76.41336,12.695936,0.0,158.16089592730168
156.8,40.00980493,-104.951572,1637.0808000000002,76.41336,12.74064,0.0,157.78504548074534
156.90000000000003,40.00979435,-104.9515666,1637.0808000000002,76.41336,12.695936,0.0,157.38013505195954
157.0,40.00978369,-104.9515608,1637.0808000000002,76.5048,12.74064,0.0,157.0112831979194
157.10000000000002,40.00977293,-104.9515551,1637.0808000000002,76.5048,12.874752,0.0,156.644435140714
157.2,40.00976225,-104.951549,1637.0808000000002,76.5048,12.919455999999998,0.0,156.2796044276954
157.3,40.00975158,-104.951543,1637.0808000000002,76.5048,12.919455999999998,0.0,156.2796044276954
157.40000000000003,40.00974091,-104.9515368,1637.0808000000002,76.5048,12.96416,0.0,155.7361685400606
157.5,40.00973032,-104.9515305,1637.0808000000002,76.5048,12.96416,0.0,155.37643521383643
157.60000000000002,40.00971965,-104.9515241,1637.0808000000002,76.5048,13.008864,0.089408,155.01876039378396
157.7,40.00970904,-104.9515176,1637.0808000000002,76.5048,13.053568,0.089408,154.66315409860158
157.8,40.00969838,-104.951511,1637.0808000000002,76.5048,13.098272,0.089408,154.1336432059055
157.90000000000003,40.00968759,-104.9515041,1637.0808000000002,76.5048,13.232384,0.089408,153.78324714358075
158.0,40.00967691,-104.9514972,1637.0808000000002,76.5048,13.277088,0.089408,153.43494882292202
158.10000000000002,40.00966629,-104.9514904,1637.0808000000002,76.5048,13.18768,0.089408,153.43494882292202
158.2,40.00965558,-104.9514834,1637.0808000000002,76.5048,13.277088,0.089408,153.43494882292202
158.3,40.00964475,-104.9514765,1637.0808000000002,76.5048,13.366496,0.0,153.95423169951118
158.40000000000003,40.009634,-104.9514699,1637.0808000000002,76.5048,13.321792,0.0,155.18389486747628
158.5,40.00962341,-104.9514635,1637.0808000000002,76.5048,13.098272,0.0,156.644435140714
158.60000000000002,40.00961272,-104.9514576,1637.0808000000002,76.5048,12.919455999999998,0.0,157.93713831496302
158.7,40.0096012,-104.9514517,1637.3856,76.59624000000001,13.321792,0.0,159.63446373591103
158.8,40.00959048,-104.9514467,1637.0808000000002,76.5048,13.232384,0.089408,161.04181659489382
158.90000000000003,40.00958073,-104.9514423,1637.0808000000002,76.5048,12.07008,0.089408,162.42211628333473
159.0,40.00957014,-104.9514381,1637.0808000000002,76.5048,11.891264,0.089408,163.8238066383916
159.10000000000002,40.00955975,-104.951434,1637.0808000000002,76.5048,12.204192,0.089408,165.24567335010852
159.2,40.00954922,-104.9514305,1637.0808000000002,76.5048,12.07008,0.089408,166.37931246939968
159.3,40.00953854,-104.9514271,1637.0808000000002,76.5048,12.159488,0.089408,167.84505830277772
159.40000000000003,40.00952804,-104.9514243,1637.0808000000002,76.5048,12.07008,0.089408,169.3271329634175
159.5,40.00951746,-104.9514217,1637.0808000000002,76.5048,11.935968,0.089408,170.1806993612421
159.60000000000002,40.009507,-104.9514196,1637.0808000000002,76.5048,11.84656,0.089408,171.68487424320813
159.7,40.00949665,-104.9514177,1637.0808000000002,76.5048,11.667744,0.089408,173.1220650210479
159.8,40.00948624,-104.9514162,1637.0808000000002,76.5048,11.62304,0.089408,174.00259942608443
159.90000000000003,40.00947578,-104.951415,1637.0808000000002,76.41336,11.667744,0.089408,175.10723088572013
160.10000000000002,40.00945501,-104.9514132,1637.0808000000002,76.41336,11.62304,0.089408,177.54914736222895
160.3,40.00943435,-104.9514124,1637.0808000000002,76.41336,11.533632,0.089408,179.550630551292
160.40000000000003,40.00942404,-104.9514123,1637.0808000000002,76.41336,11.488928,0.089408,180.0
160.5,40.00941377,-104.9514128,1637.0808000000002,76.41336,11.444224,0.089408,181.12330271407544
160.60000000000002,40.0094035,-104.9514132,1637.0808000000002,76.41336,11.444224,0.089408,181.57243042767337
160.8,40.00938306,-104.9514146,1637.0808000000002,76.41336,11.39952,0.089408,183.61862948014436
160.90000000000003,40.00937264,-104.9514157,1637.0808000000002,76.29144000000001,11.444224,0.089408,184.06952246031025
161.2,40.00934186,-104.9514198,1637.0808000000002,76.29144000000001,11.488928,0.0,186.0915137088542
161.3,40.00933089,-104.9514216,1637.0808000000002,76.29144000000001,11.667744,0.0,186.985610834422
161.40000000000003,40.00932061,-104.9514233,1637.0808000000002,76.41336,11.891264,0.0,187.6539711025141
161.5,40.00931157,-104.9514252,1637.0808000000002,76.41336,10.863072,0.0,188.0983946764227
161.60000000000002,40.00930142,-104.9514273,1637.0808000000002,76.41336,10.773664,0.0,188.54183939788777
161.7,40.00929108,-104.9514295,1637.0808000000002,76.41336,11.533632,0.0,188.98425555314003
161.8,40.00928092,-104.9514318,1637.0808000000002,76.41336,11.578335999999998,0.0,189.645844256612
161.90000000000003,40.00927069,-104.9514342,1637.0808000000002,76.41336,11.488928,0.0,190.0854762999625
162.0,40.00926054,-104.9514367,1637.0808000000002,76.41336,11.533632,0.0,190.6058723128624
162.10000000000002,40.00925045,-104.9514394,1637.0808000000002,76.41336,11.488928,0.0,191.04630344713507
162.2,40.0092403,-104.9514421,1637.0808000000002,76.41336,11.488928,0.0,191.4854167017586
162.3,40.00923018,-104.9514451,1637.0808000000002,76.41336,11.488928,0.0,192.14151640790948
162.40000000000003,40.00922004,-104.951448,1637.0808000000002,76.41336,11.533632,0.0,192.14151640790948
162.5,40.00920973,-104.9514511,1637.0808000000002,76.41336,11.667744,0.0,192.57713817387
162.7,40.00918959,-104.9514575,1637.0808000000002,76.41336,11.62304,0.089408,193.44392098488453
162.8,40.00917946,-104.9514607,1637.0808000000002,76.41336,11.533632,0.089408,193.44392098488453
162.90000000000003,40.00916931,-104.951464,1637.0808000000002,76.41336,11.62304,0.089408,194.089941464869
163.3,40.00912887,-104.9514782,1637.0808000000002,76.41336,11.62304,0.0,194.80087005832195
163.40000000000003,40.00911907,-104.9514817,1637.0808000000002,76.41336,11.578335999999998,0.0,195.21454096231145
163.5,40.00910975,-104.9514851,1637.0808000000002,76.41336,11.041888,-0.22352,195.70863782901571
163.60000000000002,40.00910106,-104.9514883,1637.0808000000002,76.41336,10.416032,-0.22352,195.43964553531927
163.7,40.0090927,-104.9514916,1637.0808000000002,76.41336,9.879584,0.089408,196.0958769193666
163.90000000000003,40.00907644,-104.9514982,1637.0808000000002,76.29144000000001,9.521952,0.22352,195.903111200472
164.0,40.00906943,-104.951501,1636.776,76.2,9.030208,0.22352,196.4455844434966
164.10000000000002,40.00906343,-104.9515031,1637.0808000000002,76.29144000000001,7.510272,0.089408,196.97191691434764
164.2,40.00905745,-104.9515056,1637.0808000000002,76.29144000000001,6.92912,0.089408,197.4680232512777
164.3,40.00905154,-104.9515079,1637.0808000000002,76.29144000000001,6.92912,0.089408,196.8583987677383
164.60000000000002,40.00903759,-104.951514,1637.0808000000002,76.41336,5.81152,0.089408,197.89613292503924
164.7,40.00903371,-104.9515154,1637.0808000000002,76.41336,5.230368,0.0,197.62229722866823
164.8,40.00903053,-104.9515169,1637.0808000000002,76.41336,4.157472,0.0,198.66691427422023
164.90000000000003,40.00902783,-104.9515182,1637.0808000000002,76.5048,3.486912,0.0,199.2495258726817
165.0,40.0090255,-104.9515193,1637.0808000000002,76.5048,2.995168,0.0,200.32313682966293
165.10000000000002,40.00902357,-104.9515203,1637.0808000000002,76.5048,2.548128,0.0,200.409882833804
165.2,40.009022,-104.9515211,1637.3856,76.59624000000001,2.056384,0.0,200.92450174492117
165.3,40.00902095,-104.9515218,1637.3856,76.59624000000001,1.56464,0.0,203.74949449286677
165.40000000000003,40.00902008,-104.9515223,1637.3856,76.68768,1.162304,0.0,201.25050550713323
165.5,40.00901974,-104.9515225,1637.3856,76.68768,0.67056,0.0,204.44395478041653
165.60000000000002,40.00901934,-104.9515228,1637.3856,76.68768,0.67056,0.089408,215.5376777919744
165.7,40.00901935,-104.951523,1637.3856,76.68768,0.491744,0.089408,201.80140948635184
165.8,40.00901919,-104.9515231,1637.3856,76.68768,0.0,0.22352,225.0
165.90000000000003,40.00901949,-104.951523,1637.3856,76.68768,0.0,0.22352,270.0
166.0,40.00901947,-104.9515231,1637.3856,76.68768,0.0,0.22352,0.0
166.10000000000002,40.00901974,-104.9515232,1637.3856,76.68768,0.0,0.22352,0.0
166.2,40.0090198,-104.9515232,1637.3856,76.68768,0.0,0.22352,0.0
166.3,40.00902034,-104.9515229,1637.3856,76.68768,0.491744,0.22352,0.0
166.40000000000003,40.00902048,-104.9515229,1637.3856,76.68768,0.0,0.22352,0.0
166.5,40.00902085,-104.9515228,1637.3856,76.68768,0.0,0.22352,0.0
166.60000000000002,40.00902102,-104.9515228,1637.3856,76.68768,0.0,0.22352,0.0
166.7,40.00902149,-104.9515226,1637.3856,76.68768,0.0,0.22352,0.0
166.8,40.00902167,-104.9515226,1637.3856,76.59624000000001,0.0,0.22352,0.0
166.90000000000003,40.009022,-104.9515225,1637.3856,76.59624000000001,0.0,0.22352,0.0
167.0,40.00902215,-104.9515225,1637.3856,76.59624000000001,0.67056,0.22352,0.0
167.10000000000002,40.00902243,-104.9515226,1637.3856,76.59624000000001,0.0,0.22352,0.0
167.2,40.00902254,-104.9515226,1637.3856,76.59624000000001,0.0,0.22352,0.0
167.3,40.00902284,-104.9515223,1637.3856,76.59624000000001,0.0,0.22352,0.0
167.40000000000003,40.00902293,-104.9515223,1637.3856,76.59624000000001,0.0,0.22352,0.0
167.60000000000002,40.00902321,-104.9515224,1637.3856,76.59624000000001,0.0,0.22352,0.0
167.7,40.00902319,-104.9515224,1637.3856,76.59624000000001,0.0,0.22352,0.0
167.90000000000003,40.00902337,-104.9515223,1637.3856,76.59624000000001,0.0,0.089408,0.0
168.0,40.0090236,-104.9515222,1637.3856,76.59624000000001,0.0,0.312928,0.0
168.10000000000002,40.009024,-104.9515222,1637.3856,76.59624000000001,0.0,0.715264,10.304846468766016
168.2,40.00902465,-104.951522,1637.0808000000002,76.5048,0.67056,0.983488,17.35402463626133
168.3,40.00902534,-104.9515217,1637.0808000000002,76.41336,0.804672,1.519936,19.290046219188756
168.40000000000003,40.00902639,-104.9515213,1636.776,76.2,1.0728959999999998,1.922272,15.642246457208728
168.5,40.0090273,-104.9515209,1636.776,75.98664000000001,1.162304,2.279904,17.24145939893998
168.60000000000002,40.00902875,-104.9515203,1636.4712000000002,75.80376,1.430528,2.592832,16.990823291986146
168.7,40.00903009,-104.9515197,1636.1664,75.5904,1.56464,2.816352,15.37625124882618
168.8,40.00903204,-104.951519,1635.8616000000002,75.2856,1.877568,2.90576,15.461217740441896
168.90000000000003,40.00903397,-104.9515182,1635.5568,75.01128,2.324608,2.90576,16.504361381755018
169.0,40.00903643,-104.9515173,1635.2520000000002,74.70648,2.548128,2.90576,14.931417178137565
169.10000000000002,40.00903918,-104.9515162,1635.2520000000002,74.49312,3.084576,2.90576,15.03781590358227
169.2,40.00904219,-104.951515,1634.9472,74.18832,3.308096,2.90576,16.557071375636667
169.3,40.00904542,-104.9515137,1634.3376,73.79208,3.621024,2.90576,17.15242174021182
169.40000000000003,40.00904901,-104.9515122,1634.0328000000002,73.48728,3.978656,2.90576,17.24145939893998
169.60000000000002,40.00905706,-104.9515085,1633.4232000000002,72.90816,4.559807999999999,2.90576,18.26790620724114
169.7,40.00906126,-104.9515066,1633.4232000000002,72.60336,4.783328,2.90576,17.8188889145228
169.8,40.00906607,-104.9515045,1632.8136000000002,72.20712,5.275072000000001,2.90576,18.57927038044465
169.90000000000003,40.00907133,-104.9515022,1632.5088,71.90232,5.900928,2.816352,18.56913073103783
170.0,40.00907685,-104.9514998,1632.2040000000002,71.59752,6.303264,2.503424,18.935335921714227
170.2,40.00908908,-104.9514942,1631.8992,71.10984,6.973824,1.609344,18.980606416337764
170.3,40.0090958,-104.9514911,1631.5944000000002,70.98792,7.420864000000001,1.1176,19.046624297635788
170.7,40.00912652,-104.9514767,1631.5944000000002,70.80504,8.851392,0.0,20.211648506912184
170.8,40.00913483,-104.9514727,1631.5944000000002,70.80504,9.209024,0.0,20.071525864538728
170.90000000000003,40.0091434,-104.9514686,1631.5944000000002,70.80504,10.013696,0.0,19.94030056833037
171.0,40.00915219,-104.9514643,1631.5944000000002,70.80504,10.28192,0.0,20.297569772228712
171.3,40.00918049,-104.9514504,1631.5944000000002,70.89648,10.997184,0.0,20.47515711400968
171.40000000000003,40.00919,-104.9514458,1631.5944000000002,70.89648,11.220704,0.0,20.31519562673208
171.5,40.00919949,-104.9514411,1631.5944000000002,70.89648,11.265408,0.0,20.634820302183183
171.7,40.00921893,-104.9514318,1631.5944000000002,70.89648,11.444224,0.22352,20.40020939484253
172.2,40.00926795,-104.9514081,1630.9848000000002,70.4088,11.578335999999998,1.296416,20.12959589145919
172.3,40.00927807,-104.9514033,1630.9848000000002,70.28688,11.667744,1.609344,20.12959589145919
172.5,40.00929847,-104.9513936,1630.3752000000002,69.7992,12.025376,2.279904,20.382121011129755
172.60000000000002,40.00930877,-104.9513886,1630.3752000000002,69.58584,12.114784,2.592832,20.235271166382063
172.7,40.00931923,-104.9513836,1630.0704,69.31152,12.2936,2.816352,20.09043536204132
172.90000000000003,40.0093402,-104.9513733,1629.1560000000002,68.61048,12.427712,2.995168,20.12345107774297
173.2,40.00937261,-104.9513577,1628.2416,67.60464,12.651232,2.995168,20.086032961206342
173.3,40.00938377,-104.9513526,1627.9368000000002,67.29984,12.874752,2.995168,19.881187069043847
173.40000000000003,40.00939481,-104.9513472,1627.632,66.99504,13.098272,2.995168,20.4401089562989
173.50000000000006,40.0094058,-104.9513419,1627.3272000000002,66.5988,13.053568,2.995168,20.3026276623562
173.59999999999997,40.00941698,-104.9513365,1627.0224,66.294,13.142976,2.995168,20.166906875563768
173.7,40.00942817,-104.951331,1626.7176000000002,65.9892,13.277088,2.995168,20.166906875563768
173.8,40.00943946,-104.9513255,1626.4128,65.59296,13.321792,2.995168,20.397205841714992
174.09999999999997,40.00947378,-104.951309,1625.1936,64.58712,13.500608,2.995168,20.06463148041786
174.2,40.00948526,-104.9513034,1624.8888000000002,64.31280000000001,13.590016,2.995168,20.422333024723457
174.3,40.00949763,-104.9512972,1624.584,64.00800000000001,14.171168,2.995168,20.29027621184292
174.40000000000003,40.00950925,-104.9512915,1624.2792000000002,63.61176,14.260576,2.995168,20.29027621184292
174.50000000000006,40.00951973,-104.9512862,1623.9744,63.30696,13.142976,2.995168,20.29027621184292
174.59999999999997,40.0095313,-104.9512806,1623.6696000000002,63.00216,13.098272,2.995168,20.159845606486957
174.7,40.00954308,-104.951275,1623.3648,62.69736,13.85824,2.995168,20.159845606486957
174.8,40.00955472,-104.9512693,1623.0600000000002,62.30112,13.85824,2.995168,20.51212358808482
175.00000000000006,40.00957787,-104.9512577,1622.4504000000002,61.69152,13.813536,2.995168,20.31667951203974
175.09999999999997,40.00958942,-104.9512518,1622.1456,61.38672,13.768832,2.995168,20.31667951203974
175.2,40.00960111,-104.951246,1621.8408000000002,61.1124,13.85824,2.995168,20.31667951203974
175.3,40.00961302,-104.9512405,1621.536,60.8076,13.992352,2.995168,20.18835368299352
175.40000000000003,40.00962477,-104.9512348,1620.9264,60.41136,13.992352,2.995168,20.18835368299352
175.50000000000006,40.00963655,-104.9512291,1620.6216000000002,60.10656,13.947648,2.995168,20.18835368299352
175.7,40.00966003,-104.9512175,1620.3168,59.49696,13.947648,2.995168,20.18835368299352
175.8,40.00967183,-104.9512118,1620.0120000000002,59.19216,13.947648,2.995168,20.061572344542757
175.90000000000003,40.00968365,-104.9512062,1619.7072,58.88736,13.992352,2.995168,19.715738643325835
176.00000000000006,40.00969549,-104.9512006,1619.4024000000002,58.613040000000005,13.992352,2.995168,19.715738643325835
176.09999999999997,40.00970756,-104.9511951,1619.0976,58.308240000000005,14.126464,2.995168,19.368402349586063
176.2,40.00971947,-104.9511896,1618.7928000000002,58.003440000000005,14.126464,2.995168,19.246778005458623
176.3,40.00973129,-104.9511839,1618.488,57.698640000000005,14.037056,2.995168,19.246778005458623
176.50000000000006,40.00975513,-104.9511731,1617.5736000000002,56.997600000000006,14.037056,2.995168,18.89981310118344
176.59999999999997,40.00976711,-104.9511677,1617.2688,56.692800000000005,14.037056,2.90576,18.722864889479126
176.7,40.00977921,-104.9511627,1616.9640000000002,56.388000000000005,14.08176,2.995168,18.203918706026517
176.8,40.00979126,-104.9511575,1616.6592,56.11368,14.126464,2.995168,17.85622325731424
176.90000000000003,40.0098042,-104.9511517,1616.3544000000002,55.80888,14.662912,2.995168,17.744671625056924
177.00000000000006,40.00981638,-104.9511466,1616.0496,55.50408,14.707616,2.90576,17.744671625056924
177.09999999999997,40.00982743,-104.9511419,1615.7448000000002,55.19928,13.590016,2.90576,17.397512885605067
177.2,40.00983958,-104.9511369,1615.44,54.89448,13.545312,2.90576,16.94261076590908
177.7,40.00990115,-104.9511134,1614.2208,53.40096,14.260576,2.90576,15.62127179816531
177.8,40.0099135,-104.951109,1613.9160000000002,53.09616,14.260576,2.995168,15.12870792192814
177.90000000000003,40.00992589,-104.9511047,1613.3064000000002,52.699920000000006,14.260576,2.90576,14.78030267081516
178.00000000000006,40.00993826,-104.9511006,1613.0016,52.395120000000006,14.215872,2.995168,13.904428256819244
178.09999999999997,40.0099507,-104.9510963,1612.6968000000002,52.090320000000006,14.260576,2.995168,13.904428256819244
178.2,40.00996311,-104.9510924,1612.392,51.785520000000005,14.260576,2.995168,13.19890323137605
178.3,40.00997534,-104.9510886,1612.0872000000002,51.5112,14.08176,2.995168,12.66705992500789
178.40000000000003,40.00998775,-104.951085,1611.7824,51.11496,14.037056,2.995168,12.31125488009127
178.50000000000006,40.01000132,-104.9510811,1611.4776000000002,50.81016,14.797024,3.084576,11.596767522128062
178.59999999999997,40.01001385,-104.9510778,1611.1728,50.50536,14.841728000000002,3.084576,10.630850230978126
178.7,40.0100261,-104.951075,1610.8680000000002,50.10912,14.037056,3.084576,9.91275144672386
179.00000000000006,40.01006261,-104.9510676,1609.9536,49.19472,13.724128,2.995168,7.010881480920943
179.2,40.0100878,-104.951064,1609.0392000000002,48.49368,13.85824,2.995168,4.993743985823414
179.3,40.01010003,-104.9510623,1608.7344,48.18888,13.947648,2.995168,4.072439278019317
179.59999999999997,40.01013859,-104.9510595,1608.1248,47.30496,14.126464,2.995168,1.2977406767390107
179.90000000000003,40.0101759,-104.9510602,1606.9056,46.29912,14.08176,3.084576,358.3316625517067
180.00000000000006,40.01018834,-104.9510609,1606.6008000000002,45.90288,13.813536,3.084576,357.59091862552776
180.09999999999997,40.01020163,-104.9510617,1606.296,45.59808,14.30528,3.084576,356.2726430360545
180.2,40.01021409,-104.9510629,1605.9912000000002,45.20184,14.349984,3.084576,355.9011203083377
180.3,40.01022547,-104.9510638,1605.6864,44.89704,13.277088,3.084576,356.2726430360545
180.40000000000003,40.01023783,-104.9510648,1605.3816000000002,44.59224,13.232384,3.084576,356.6444799091913
180.50000000000009,40.01025016,-104.9510655,1604.7720000000002,44.196000000000005,13.724128,3.084576,357.5513434161756
180.6,40.01026248,-104.9510661,1604.4672,43.891200000000005,13.724128,3.084576,358.68092238449145
180.7,40.01027471,-104.9510664,1604.1624000000002,43.586400000000005,13.63472,3.084576,359.6230595204029
180.90000000000003,40.01029925,-104.9510663,1603.5528000000002,42.88536,13.63472,2.995168,0.948518960986064
181.00000000000009,40.01031148,-104.9510659,1603.248,42.61104,13.63472,2.995168,1.7069849023546908
181.1,40.01032373,-104.9510656,1602.9432000000002,42.30624,13.590016,2.995168,2.464852917991209
181.2,40.01033594,-104.9510648,1602.6384,42.00144,13.590016,2.995168,3.032702616176948
181.3,40.010348,-104.951064,1602.3336000000002,41.69664,13.500608,2.995168,3.410944955355717
181.40000000000003,40.01036018,-104.9510629,1602.0288,41.39184000000001,13.500608,2.995168,4.166504885548704
181.50000000000009,40.01037247,-104.9510618,1601.7240000000002,41.08704000000001,13.63472,2.90576,5.108887347653592
181.6,40.01038466,-104.9510602,1601.4192,40.812720000000006,13.679424,2.90576,5.485094349643191
181.7,40.01039701,-104.9510587,1601.1144000000002,40.507920000000006,13.724128,2.995168,6.423470436556556
181.8,40.01040923,-104.9510568,1600.8096,40.203120000000006,13.724128,2.995168,6.797882500286335
181.90000000000003,40.0104213,-104.9510549,1600.5048000000002,39.80688,13.590016,2.995168,7.171712165387078
182.00000000000009,40.01043349,-104.9510527,1600.2,39.50208,13.590016,2.995168,8.103539639548558
182.1,40.01044662,-104.9510504,1599.8952000000002,39.19728,14.215872,2.90576,8.475093614986179
182.2,40.0104589,-104.9510479,1599.5904,38.89248,14.30528,2.90576,8.845930932015392
182.3,40.01047,-104.9510455,1599.2856000000002,38.58768,13.142976,2.90576,9.21602268481456
182.40000000000003,40.01048215,-104.9510428,1598.9808,38.31336,13.098272,2.995168,9.648045316098148
182.50000000000009,40.01049433,-104.95104,1598.6760000000002,38.00856,13.724128,2.995168,10.2039737217317
182.6,40.01050645,-104.9510371,1598.3712,37.70376,13.724128,2.995168,10.57352341856091
182.7,40.01051866,-104.951034,1598.0664000000002,37.39896,13.768832,2.995168,10.942185409009369
183.1,40.0105672,-104.9510206,1596.8472000000002,36.08832,13.813536,2.995168,12.225122675735747
183.2,40.01057928,-104.951017,1596.5424,35.90544,13.768832,2.995168,12.671233004073144
183.40000000000003,40.01060335,-104.9510097,1595.9328,35.2044,13.768832,2.995168,13.582963529836718
183.7,40.01063979,-104.9509979,1595.0184000000002,34.19856,13.85824,2.995168,13.945728883647234
183.8,40.01065187,-104.9509939,1594.7136,33.89376,13.902944,2.995168,14.215853473673576
183.90000000000003,40.01066402,-104.9509897,1594.4088000000002,33.58896,13.902944,2.995168,14.574216198038757
184.00000000000009,40.01067613,-104.9509856,1594.104,33.314640000000004,13.947648,2.995168,14.574216198038757
184.1,40.01068814,-104.9509812,1593.7992000000002,33.009840000000004,13.902944,2.995168,15.10957512234046
184.2,40.01070026,-104.9509769,1593.1896000000002,32.6136,13.902944,2.995168,15.10957512234046
184.40000000000003,40.01072472,-104.9509683,1592.5800000000002,32.004000000000005,14.037056,2.995168,15.464992414625328
184.6,40.01074898,-104.9509595,1591.9704000000002,31.3944,14.037056,3.084576,15.464992414625328
184.7,40.01076209,-104.9509547,1591.6656,30.99816,14.394688,3.084576,15.367431764633068
184.8,40.01077435,-104.9509502,1591.3608000000002,30.69336,14.662912,2.995168,15.367431764633068
184.90000000000003,40.01078558,-104.9509461,1591.056,30.38856,13.545312,2.995168,15.367431764633068
185.1,40.01080992,-104.9509376,1590.4464,29.687520000000003,13.679424,3.084576,14.481769321124773
185.2,40.01082212,-104.9509335,1590.1416000000002,29.4132,13.992352,2.995168,14.12548915823146
185.3,40.01083443,-104.9509295,1589.8368,29.108400000000003,14.037056,3.084576,13.409595867094083
185.40000000000003,40.01084667,-104.9509258,1589.2272,28.71216,14.037056,2.995168,12.428989378930908
185.50000000000009,40.01085895,-104.9509221,1588.9224000000002,28.40736,13.992352,2.995168,11.708064773920682
185.6,40.01087123,-104.9509189,1588.9224000000002,28.102560000000004,13.947648,2.995168,10.80161823569074
185.7,40.01088358,-104.9509159,1588.6176,27.797760000000004,13.947648,2.995168,9.523437682994311
185.8,40.01089587,-104.9509134,1588.3128000000002,27.492960000000004,13.902944,2.995168,8.420138337260141
185.90000000000003,40.01090825,-104.9509108,1588.008,27.188160000000003,13.902944,2.995168,7.125016348901795
186.1,40.01093279,-104.9509072,1587.0936000000002,26.487120000000004,13.813536,2.995168,4.701245004788234
186.2,40.01094503,-104.950906,1586.7888,26.2128,13.724128,2.995168,3.788889877884628
186.3,40.01095745,-104.9509049,1586.4840000000002,25.908,13.724128,2.995168,2.464852917991209
186.50000000000009,40.01098195,-104.9509039,1585.8744000000002,25.20696,13.679424,2.995168,0.3794367014189674
186.90000000000003,40.0110309,-104.9509057,1584.6552,23.896320000000003,13.590016,2.995168,356.5663696375495
187.00000000000009,40.01104304,-104.9509069,1584.3504,23.591520000000003,13.590016,2.995168,355.23635830927384
187.1,40.01105513,-104.9509082,1583.7408,23.19528,13.500608,2.995168,354.47856358535205
187.2,40.01106718,-104.9509099,1583.436,22.89048,13.455904,2.995168,353.4910435594974
187.3,40.01108036,-104.9509119,1583.1312,22.58568,14.126464,2.995168,352.7330455941883
187.40000000000003,40.01109245,-104.9509141,1582.8264,22.18944,14.171168,2.995168,351.7068171198818
187.6,40.01111521,-104.9509193,1582.2168,21.4884,13.098272,2.995168,350.19157899517296
187.7,40.01112736,-104.9509223,1581.912,21.21408,13.142976,2.816352,349.2514059941584
187.8,40.0111393,-104.9509254,1581.6072,20.90928,13.63472,2.414016,348.5034369824142
187.90000000000003,40.01115132,-104.9509289,1581.3024,20.695920000000005,13.590016,1.922272,347.5740571345725
188.00000000000009,40.01116326,-104.9509323,1581.3024,20.51304,13.63472,1.609344,347.5740571345725
188.1,40.01117521,-104.9509357,1580.9976,20.29968,13.590016,1.296416,348.5034369824142
188.2,40.01118713,-104.9509386,1580.6928,20.086320000000004,13.545312,0.89408,350.19157899517296
188.3,40.01119907,-104.9509411,1580.6928,20.086320000000004,13.455904,0.491744,351.7068171198818
188.40000000000003,40.01121099,-104.9509431,1580.6928,19.99488,13.4112,0.312928,353.04237485122434
188.50000000000009,40.01122293,-104.9509455,1580.6928,19.99488,13.4112,0.22352,354.3855729009544
188.6,40.01123482,-104.9509469,1580.6928,19.99488,13.321792,0.089408,355.7059853289635
188.7,40.01124673,-104.9509488,1580.6928,19.90344,13.321792,0.0,356.8743246650612
188.8,40.01125856,-104.9509496,1580.6928,19.99488,13.232384,0.0,357.8499736489614
188.90000000000003,40.0112705,-104.9509505,1580.6928,19.90344,13.232384,0.0,358.6314191930469
189.00000000000009,40.0112823,-104.9509508,1580.6928,19.90344,13.18768,0.0,0.0
189.2,40.01130594,-104.9509511,1580.6928,19.90344,13.142976,0.0,0.984366703054718
189.3,40.01131759,-104.950951,1580.6928,19.90344,13.098272,0.0,1.7714697400340924
189.40000000000003,40.01132931,-104.9509505,1580.6928,19.99488,13.008864,0.0,2.557904550192177
189.50000000000009,40.01134077,-104.95095,1580.6928,19.90344,12.874752,0.0,3.1688497099731308
189.6,40.01135244,-104.9509491,1580.6928,19.99488,12.874752,0.0,3.958794061465028
189.7,40.01136405,-104.9509479,1580.6928,19.99488,12.96416,0.0,4.944074410797839
189.8,40.01137572,-104.9509466,1580.6928,19.99488,12.96416,0.0,5.337399988442712
189.90000000000003,40.01138821,-104.9509452,1580.6928,19.99488,13.500608,0.0,6.122503661487372
190.1,40.0114106,-104.9509415,1580.6928,19.99488,13.008864,0.0,7.490729123854464
190.2,40.01142226,-104.9509395,1580.6928,19.99488,12.74064,0.0,7.880146588630453
190.3,40.01143388,-104.9509373,1580.6928,19.99488,13.053568,0.0,8.46289113559095
190.40000000000003,40.01144554,-104.950935,1580.6928,19.99488,13.098272,0.0,9.23712939983676
190.50000000000009,40.01145718,-104.9509324,1580.6928,19.99488,13.098272,0.0,9.622994191549424
190.6,40.01146885,-104.9509298,1580.6928,20.086320000000004,13.142976,0.0,10.007979801441364
190.7,40.01148052,-104.950927,1580.6928,20.086320000000004,13.18768,0.0,10.58374066770824
190.8,40.0114922,-104.9509241,1580.6928,20.086320000000004,13.18768,0.0,10.892829601077665
190.90000000000003,40.01150388,-104.9509211,1580.6928,20.086320000000004,13.232384,0.0,10.892829601077665
191.1,40.01152738,-104.9509149,1580.6928,20.086320000000004,13.277088,0.089408,11.27206349109224
191.2,40.0115391,-104.9509117,1580.6928,20.086320000000004,13.321792,0.0,11.650299437537685
191.3,40.0115508,-104.9509085,1580.6928,20.086320000000004,13.277088,0.0,11.650299437537685
191.40000000000003,40.01156254,-104.9509053,1580.6928,20.086320000000004,13.321792,0.0,12.215719134130836
191.50000000000009,40.01157424,-104.9509017,1580.6928,20.086320000000004,13.366496,0.089408,12.215719134130836
191.6,40.011586,-104.9508983,1580.6928,19.99488,13.366496,0.089408,12.59133490824314
191.7,40.01159799,-104.9508948,1580.6928,19.99488,13.545312,0.0,12.508100886954708
191.8,40.01160983,-104.9508913,1580.6928,19.99488,13.590016,0.0,12.508100886954708
191.90000000000003,40.01162182,-104.9508878,1580.6928,19.99488,13.590016,0.0,12.134814711720423
192.00000000000009,40.01163372,-104.9508847,1580.6928,19.99488,13.590016,0.0,10.748594005841596
192.1,40.01164563,-104.9508817,1580.6928,19.99488,13.500608,0.0,9.43082370679366
192.2,40.01165758,-104.9508792,1580.6928,19.99488,13.455904,0.0,8.293182880118195
192.3,40.01166947,-104.9508771,1580.6928,19.90344,13.4112,0.0,6.957625148775662
192.50000000000009,40.01169458,-104.950873,1580.6928,19.90344,13.813536,0.0,5.177092817639618
192.8,40.01172947,-104.9508683,1580.388,19.812,13.4112,0.0,6.957625148775662
193.2,40.01177639,-104.9508572,1580.388,19.812,13.142976,-0.089408,13.597390760266478
193.3,40.01178859,-104.9508535,1580.388,19.812,13.366496,0.0,15.556579323187975
193.40000000000003,40.01179956,-104.9508492,1580.388,19.69008,13.321792,0.0,17.329492083912044
193.50000000000009,40.01181021,-104.9508448,1580.388,19.69008,12.561824,0.0,19.348471534947464
193.6,40.01182084,-104.9508398,1580.388,19.69008,12.51712,0.0,20.652583931113558
193.7,40.01183068,-104.9508351,1580.388,19.69008,12.114784,0.0,21.61118515369776
193.8,40.0118411,-104.9508295,1580.388,19.69008,12.114784,0.0,22.604033011578736
193.90000000000003,40.01185175,-104.9508242,1580.388,19.69008,12.606528,0.0,22.604033011578736
194.2,40.01188304,-104.9508075,1580.388,19.812,12.561824,-0.089408,21.991129917177147
194.3,40.01189357,-104.9508021,1580.6928,19.90344,12.51712,-0.22352,21.461267034024218
194.50000000000009,40.01191505,-104.9507914,1580.6928,19.99488,12.695936,-0.491744,20.353229148068863
194.6,40.01192497,-104.9507866,1580.6928,19.99488,12.427712,-0.22352,20.634820302183183
194.7,40.0119335,-104.9507821,1580.6928,19.99488,10.997184,-0.089408,20.282559088916628
194.8,40.01194259,-104.9507778,1580.6928,19.90344,10.50544,0.0,20.04524942542099
194.90000000000003,40.01195173,-104.9507733,1580.388,19.812,10.818368,0.0,20.376435213836373
195.1,40.01196897,-104.9507646,1580.388,19.69008,10.460736,0.0,20.75407131879939
195.3,40.01198406,-104.9507571,1580.388,19.59864,9.61136,0.0,21.518609317392304
195.40000000000003,40.01199101,-104.9507535,1580.388,19.59864,8.761984,0.0,21.97971527851689
195.50000000000009,40.01199764,-104.95075,1580.388,19.69008,8.136128,0.0,22.849762071649195
195.6,40.01200397,-104.9507465,1580.388,19.69008,7.778496,-0.089408,23.153081564113563
195.7,40.01200947,-104.9507434,1580.388,19.812,7.15264,-0.089408,23.051300916473
195.90000000000003,40.01202005,-104.9507373,1580.6928,19.90344,6.526784,-0.089408,24.05029852960513
196.3,40.01203661,-104.9507274,1580.6928,19.90344,5.498592,0.0,23.962488974578207
196.40000000000003,40.0120397,-104.9507255,1580.6928,19.90344,4.828032,0.089408,23.29456325389441
196.50000000000009,40.01204242,-104.9507239,1580.6928,19.90344,3.531616,0.089408,24.227745317954145
196.6,40.01204468,-104.9507226,1580.6928,19.90344,2.995168,0.0,24.179107146689205
196.7,40.0120465,-104.9507213,1580.6928,19.99488,2.503424,0.0,25.346175941946683
196.8,40.01204791,-104.9507204,1580.6928,19.99488,2.01168,0.0,28.88658176691069
196.90000000000003,40.01204874,-104.9507196,1580.6928,19.99488,1.519936,-0.089408,28.81079374297309
197.00000000000009,40.01204938,-104.950719,1580.6928,19.99488,0.938784,-0.089408,39.28940686250036
197.1,40.01204977,-104.9507186,1580.6928,19.99488,0.67056,0.0,54.462322208025626
197.2,40.01204993,-104.9507183,1580.6928,19.99488,0.67056,0.0,90.0
197.3,40.01204959,-104.9507179,1580.6928,19.90344,0.491744,0.0,90.0
197.40000000000003,40.0120495,-104.9507177,1580.6928,19.90344,0.491744,0.0,135.0
197.50000000000009,40.01204915,-104.9507177,1580.6928,19.90344,0.67056,0.0,180.0
197.6,40.01204892,-104.9507176,1580.388,19.812,0.491744,0.0,180.0
197.90000000000003,40.01204774,-104.9507176,1580.388,19.69008,0.357632,0.89408,180.0
198.00000000000009,40.01204742,-104.9507175,1580.388,19.59864,0.357632,1.385824,180.0
198.1,40.01204689,-104.9507176,1580.0832,19.38528,0.0,1.78816,180.0
198.2,40.01204655,-104.9507175,1579.7784,19.2024,0.0,2.279904,180.0
198.40000000000003,40.01204562,-104.9507176,1579.4736,18.71472,0.5364479999999999,2.90576,180.0
198.50000000000009,40.01204512,-104.9507176,1579.1688,18.40992,0.44704,2.90576,180.0
198.6,40.01204472,-104.9507174,1578.864,18.10512,0.67056,2.68224,180.0
198.7,40.01204407,-104.9507173,1578.5592,17.89176,0.67056,2.279904,180.0
198.8,40.01204351,-104.9507169,1578.2544,17.70888,0.67056,1.78816,156.37062226934313
198.90000000000003,40.01204276,-104.9507163,1578.2544,17.58696,0.938784,1.1176,149.42077312751098
199.00000000000009,40.0120418,-104.9507151,1578.2544,17.58696,1.34112,0.402336,140.8263420295558
199.1,40.0120407,-104.9507137,1578.2544,17.70888,1.56464,0.089408,136.9091524329964
199.2,40.01203942,-104.9507117,1578.2544,17.58696,1.966976,0.0,131.82016988013572
199.3,40.01203829,-104.9507094,1578.2544,17.49552,2.2352,0.0,128.65980825409008
199.40000000000003,40.01203677,-104.9507066,1577.9496,17.40408,2.592832,0.0,125.13419305691563
199.50000000000009,40.01203557,-104.9507039,1577.9496,17.40408,2.816352,0.0,123.69006752597976
199.6,40.01203379,-104.9507004,1577.9496,17.40408,3.12928,0.0,123.8869594640517
199.7,40.012032,-104.9506969,1577.9496,17.40408,3.531616,0.0,122.42106476250694
199.8,40.01202992,-104.9506928,1578.2544,17.49552,3.889248,-0.089408,122.19573393471325
199.90000000000003,40.01202789,-104.9506886,1578.2544,17.49552,4.202176,-0.089408,122.42755499577248
200.00000000000009,40.01202552,-104.9506839,1578.2544,17.49552,4.515104,0.0,122.22875743509854
200.1,40.01202315,-104.9506789,1578.2544,17.49552,4.872736,0.0,121.476839349584
200.2,40.01202049,-104.9506736,1578.2544,17.49552,5.185664,0.0,122.25471052686714
200.3,40.01201766,-104.9506677,1578.2544,17.49552,5.677408,0.0,122.09892725478517
200.50000000000009,40.01201182,-104.9506561,1578.2544,17.49552,5.900928,0.0,122.56455849747238
200.7,40.012005,-104.9506431,1578.2544,17.49552,6.303264,-0.089408,122.32613999437685
200.8,40.01200173,-104.9506366,1577.9496,17.40408,6.660896,-0.22352,122.80696552449302
201.2,40.0119899,-104.9506144,1578.2544,17.49552,5.945632,0.0,123.69006752597976
201.3,40.01198719,-104.9506093,1577.9496,17.40408,5.677408,0.0,124.6583547055211
201.40000000000003,40.01198503,-104.9506054,1577.9496,17.40408,4.738624,0.0,124.23746277685756
201.50000000000009,40.01198266,-104.9506012,1577.9496,17.40408,4.291583999999999,0.0,125.53767779197436
201.6,40.01198093,-104.9505982,1578.2544,17.49552,3.844544,0.0,125.13419305691563
201.8,40.01197837,-104.9505925,1578.2544,17.58696,2.950464,0.0,113.9624889745782
201.90000000000003,40.01197744,-104.9505898,1578.2544,17.58696,2.726944,0.0,103.73626830562256
202.40000000000003,40.01197906,-104.9505778,1578.5592,17.80032,2.101088,0.0,59.38139459109061
202.50000000000009,40.01198054,-104.9505752,1578.5592,17.89176,2.145792,0.0,53.69550287742476
202.6,40.01198219,-104.9505724,1578.5592,17.89176,2.861056,0.0,48.57633437499737
202.7,40.01198425,-104.9505697,1578.5592,17.89176,3.084576,0.0,46.636577041616704
202.8,40.01198647,-104.9505667,1578.5592,18.01368,3.442208,0.0,43.99491399474584
202.90000000000003,40.01198907,-104.9505637,1578.5592,18.01368,3.665728,0.089408,41.74277805933304
203.00000000000009,40.01199185,-104.9505604,1578.5592,18.01368,4.02336,0.089408,39.80557109226521
203.2,40.01199812,-104.9505542,1578.5592,18.01368,4.291583999999999,0.089408,37.40535663140855
203.40000000000003,40.01200589,-104.9505468,1578.5592,18.01368,4.872736,0.22352,36.30449712257524
203.50000000000009,40.01200996,-104.9505433,1578.5592,18.01368,5.36448,0.22352,35.17472295785154
203.6,40.01201434,-104.9505393,1578.864,18.10512,5.677408,0.089408,34.159694545669424
203.7,40.012019,-104.9505352,1578.5592,18.01368,6.079744,0.089408,33.91743053697036
203.90000000000003,40.01202941,-104.9505264,1578.5592,18.01368,6.660896,0.22352,33.17851165939277
204.00000000000009,40.01203482,-104.9505217,1578.5592,18.01368,7.018528,0.22352,32.41703750592308
204.1,40.01204061,-104.9505172,1578.5592,17.89176,7.331455999999999,0.22352,32.18510589189077
204.2,40.01204652,-104.9505123,1578.5592,17.89176,7.644384,0.22352,32.421064762506944
204.3,40.01205293,-104.9505073,1578.5592,17.89176,8.04672,0.22352,31.93844891667186
204.40000000000003,40.01205934,-104.9505021,1578.5592,17.89176,8.359648,0.22352,31.328692867804197
204.50000000000009,40.01206619,-104.9504966,1578.5592,17.89176,8.672576,0.22352,31.01388406041508
204.6,40.01207308,-104.9504911,1578.5592,17.89176,8.9408,0.089408,31.40260923973352
204.7,40.01208037,-104.9504855,1578.5592,17.89176,9.209024,0.089408,31.15379158817348
204.8,40.0120877,-104.9504798,1578.5592,17.89176,9.432544,0.089408,31.28850646056748
204.90000000000003,40.01209509,-104.9504738,1578.5592,17.89176,9.566656,0.0,31.00977722861296
205.1,40.01210937,-104.9504627,1578.5592,18.01368,9.38784,-0.089408,30.55596427550779
205.2,40.01211593,-104.9504576,1578.5592,18.01368,8.985504,0.0,30.910058535130982
205.3,40.01212217,-104.9504526,1578.5592,18.01368,8.314944,0.089408,31.304123495591
205.40000000000003,40.01212798,-104.9504481,1578.5592,17.89176,7.8232,0.22352,31.44623590226837
205.50000000000009,40.01213433,-104.9504428,1578.5592,17.80032,7.957312,0.312928,31.92608114174965
205.6,40.01213951,-104.9504387,1578.5592,17.80032,7.554975999999999,0.312928,31.032210238467258
205.7,40.01214418,-104.9504353,1578.2544,17.70888,6.347968,0.312928,30.88846645778375
205.90000000000003,40.01215265,-104.9504287,1578.2544,17.70888,5.632704,0.22352,30.411081267125383
206.1,40.01215957,-104.9504235,1578.2544,17.70888,4.962144,0.22352,30.846587412148608
206.2,40.01216232,-104.9504215,1578.2544,17.70888,4.112768,0.089408,29.744881296942253
206.50000000000009,40.01216843,-104.950417,1578.5592,17.80032,2.816352,0.0,29.054604099077157
206.6,40.01216969,-104.9504161,1578.5592,17.80032,2.369312,0.0,30.65066795705286
206.7,40.01217065,-104.9504155,1578.5592,17.80032,1.34112,0.0,31.42956561483851
206.8,40.01217124,-104.9504149,1578.5592,17.80032,1.0728959999999998,0.0,39.28940686250036
206.90000000000003,40.01217148,-104.9504148,1578.5592,17.80032,0.67056,0.0,45.0
207.00000000000009,40.01217168,-104.9504145,1578.5592,17.80032,0.0,0.0,68.19859051364818
207.1,40.01217161,-104.9504145,1578.5592,17.89176,0.0,0.0,90.0
207.2,40.01217162,-104.9504143,1578.5592,17.80032,0.0,0.089408,90.0
207.3,40.01217137,-104.9504144,1578.5592,17.80032,0.0,0.089408,0.0
207.40000000000003,40.01217128,-104.9504143,1578.5592,17.80032,0.0,0.089408,180.0
207.50000000000009,40.01217077,-104.9504146,1578.5592,17.80032,0.0,0.089408,180.0
207.7,40.01217022,-104.9504147,1578.5592,17.80032,0.44704,0.312928,180.0
207.8,40.01217007,-104.9504148,1578.5592,17.80032,0.312928,0.581152,248.19859051364816
207.90000000000003,40.0121696,-104.9504155,1578.2544,17.70888,0.67056,0.983488,270.0
208.00000000000009,40.01216957,-104.9504162,1578.2544,17.58696,0.67056,1.519936,270.0
208.1,40.01216933,-104.9504172,1577.9496,17.40408,0.67056,2.01168,270.0
208.3,40.01216931,-104.9504199,1577.6448,17.00784,0.983488,2.68224,279.7824070318073
208.40000000000003,40.01216962,-104.9504216,1577.34,16.70304,1.251712,2.90576,281.0035408517495
208.50000000000009,40.01216977,-104.9504241,1577.0352,16.48968,1.832864,2.90576,283.73626830562256
208.6,40.01217033,-104.9504268,1576.7304,16.18488,2.2352,2.90576,283.53585636913425
208.7,40.01217095,-104.9504296,1576.7304,16.002000000000002,2.414016,2.816352,281.659292653523
208.8,40.01217166,-104.9504331,1576.4256,15.6972,2.771648,2.816352,283.0552472237966
208.90000000000003,40.01217225,-104.9504369,1576.1208,15.51432,3.218688,2.90576,282.9946167919165
209.00000000000009,40.01217314,-104.9504411,1575.816,15.0876,3.531616,2.90576,283.2405199151872
209.1,40.01217427,-104.9504454,1575.5112,14.81328,3.79984,2.995168,285.52411099675425
209.2,40.01217543,-104.9504502,1575.2064,14.50848,4.068064,2.995168,286.80869162620684
209.3,40.01217692,-104.9504552,1574.9016,14.20368,4.4704,2.995168,286.7502645050257
209.40000000000003,40.01217836,-104.9504608,1574.5968,13.898880000000002,4.783328,2.90576,288.12186024790134
209.50000000000009,40.01218027,-104.9504665,1574.292,13.594080000000002,5.096256,2.90576,289.02560603756865
209.6,40.01218201,-104.9504728,1573.9872,13.289280000000002,5.498592,2.90576,288.9832170592262
209.7,40.01218393,-104.9504794,1573.6824,13.014960000000002,5.856224,2.90576,289.598811324586
209.8,40.01218594,-104.9504864,1573.3776,12.58824,6.213856,2.995168,289.4184707420611
209.90000000000003,40.01218808,-104.9504937,1573.0728,12.31392,6.526784,2.995168,290.426024763089
210.00000000000009,40.01219038,-104.9505015,1572.768,12.00912,6.884416,2.995168,290.22485943116806
210.1,40.01219306,-104.9505096,1572.1584,11.61288,7.286752,2.995168,290.6744247608739
210.2,40.01219566,-104.9505181,1571.8536,11.30808,7.644384,2.995168,291.38363516476176
210.3,40.01219846,-104.950527,1571.5488,11.00328,8.04672,2.995168,291.282648998579
210.40000000000003,40.01220131,-104.9505363,1571.244,10.698480000000002,8.359648,2.995168,291.08039707992253
210.6,40.01220744,-104.9505557,1570.6344,10.08888,8.806688,2.592832,291.29303081811213
210.7,40.01221109,-104.9505669,1570.6344,9.906,9.38784,2.101088,291.948699083527
210.8,40.0122145,-104.9505778,1570.6344,9.906,10.192512,1.609344,291.7550161527556
210.90000000000003,40.01221783,-104.9505884,1570.3296,9.69264,9.879584,0.983488,292.0678995624102
211.00000000000009,40.01222144,-104.9506001,1570.3296,9.69264,10.237215999999998,0.581152,291.54097591853844
211.1,40.01222523,-104.9506119,1570.3296,9.6012,10.863072,0.22352,291.5465744899016
211.3,40.01223245,-104.9506366,1570.3296,9.6012,11.131296,0.0,290.6348203021832
211.40000000000003,40.01223604,-104.9506491,1570.3296,9.6012,11.265408,-0.089408,290.40020939484253
211.50000000000009,40.01223952,-104.950662,1570.3296,9.6012,11.533632,-0.089408,290.2466200755882
211.6,40.01224307,-104.9506748,1570.3296,9.6012,11.62304,-0.089408,290.0952311919048
211.8,40.01225003,-104.9506998,1570.3296,9.69264,11.444224,-0.402336,289.60707744385707
212.00000000000009,40.01225624,-104.9507231,1570.3296,9.69264,10.907775999999998,0.0,289.3018064364934
212.1,40.01225972,-104.9507348,1570.0248,9.38784,10.550144,0.0,289.4114868586836
212.2,40.01226254,-104.9507454,1570.0248,9.2964,10.103104,0.0,289.1231533159617
212.3,40.01226503,-104.9507558,1570.0248,9.2964,9.432544,0.0,289.07255438785535
212.40000000000003,40.01226749,-104.9507653,1570.0248,9.2964,8.9408,0.0,288.7257878452726
212.50000000000009,40.01227004,-104.9507744,1570.0248,9.2964,8.404352,0.0,288.6417918936993
212.6,40.0122722,-104.9507828,1570.0248,9.2964,7.867904,0.0,288.32326128502405
212.7,40.01227417,-104.9507904,1570.0248,9.2964,7.197344,0.0,288.1942116702002
212.8,40.01227599,-104.9507975,1570.0248,9.2964,6.660896,0.0,288.0434120053313
212.90000000000003,40.01227741,-104.9508039,1570.0248,9.38784,6.03504,0.0,287.70972452386275
213.00000000000009,40.01227889,-104.9508099,1570.0248,9.38784,5.498592,0.0,288.5954407827566
213.1,40.01228016,-104.9508149,1570.0248,9.38784,4.91744,0.0,287.89613292503924
213.2,40.01228136,-104.9508197,1570.0248,9.38784,4.380992,0.0,287.62229722866823
213.3,40.01228243,-104.9508239,1570.0248,9.38784,4.02336,0.0,288.6669142742202
213.40000000000003,40.01228334,-104.9508275,1570.0248,9.38784,3.486912,0.0,287.6125778429238
213.50000000000009,40.01228389,-104.9508295,1570.0248,9.50976,2.592832,-0.089408,286.504361381755
213.6,40.01228449,-104.950832,1570.0248,9.50976,2.056384,-0.089408,286.1134182330893
213.7,40.01228481,-104.9508335,1570.0248,9.50976,1.832864,-0.089408,284.03624346792645
213.8,40.01228512,-104.9508351,1570.3296,9.6012,1.34112,-0.089408,280.4914770123316
213.90000000000003,40.01228503,-104.9508357,1570.3296,9.6012,1.0728959999999998,-0.089408,276.3401917459099
214.00000000000009,40.01228507,-104.9508364,1570.3296,9.69264,0.491744,0.0,270.0
214.1,40.01228493,-104.9508362,1570.3296,9.69264,0.0,0.0,270.0
214.2,40.01228483,-104.9508363,1570.3296,9.69264,0.0,0.0,270.0
214.3,40.01228472,-104.9508358,1570.3296,9.69264,0.0,0.0,180.0
214.40000000000003,40.0122846,-104.9508357,1570.3296,9.69264,0.0,0.0,180.0
214.50000000000009,40.01228427,-104.950835,1570.3296,9.69264,0.491744,0.0,135.0
214.6,40.01228412,-104.9508347,1570.3296,9.814560000000002,0.491744,0.0,135.0
214.7,40.01228375,-104.9508339,1570.3296,9.69264,0.491744,0.0,111.80140948635182
214.8,40.01228357,-104.9508334,1570.3296,9.814560000000002,0.67056,0.0,111.80140948635182
214.90000000000003,40.01228312,-104.9508325,1570.3296,9.814560000000002,0.491744,0.089408,135.0
215.00000000000009,40.01228275,-104.9508321,1570.3296,9.814560000000002,0.67056,0.089408,155.55604521958344
215.1,40.01228194,-104.9508313,1570.3296,9.814560000000002,0.804672,0.089408,173.65980825409008
215.2,40.01228093,-104.950831,1570.3296,9.814560000000002,1.162304,0.089408,180.0
215.3,40.01227948,-104.9508306,1570.3296,9.814560000000002,1.430528,0.089408,180.0
215.40000000000003,40.01227777,-104.9508306,1570.3296,9.69264,1.78816,0.0,182.5448043798131
215.50000000000009,40.01227594,-104.9508304,1570.3296,9.69264,1.966976,0.0,185.29008120537125
215.7,40.01227102,-104.9508309,1570.3296,9.69264,2.503424,0.0,187.6506509553594
215.8,40.01226835,-104.9508313,1570.3296,9.69264,2.816352,0.0,188.130102354156
215.90000000000003,40.01226584,-104.9508315,1570.3296,9.6012,2.90576,0.089408,187.1250163489018
216.00000000000009,40.0122638,-104.9508317,1570.3296,9.6012,2.503424,0.089408,186.3401917459099
216.2,40.01226097,-104.9508321,1570.0248,9.50976,1.832864,0.0,183.94518622903755
216.40000000000003,40.0122588,-104.950832,1570.0248,9.50976,1.385824,0.0,180.0
216.50000000000009,40.01225784,-104.9508319,1570.0248,9.50976,1.162304,0.0,180.0
216.6,40.01225728,-104.9508316,1570.0248,9.50976,0.67056,0.0,180.0
216.7,40.0122567,-104.9508317,1570.0248,9.50976,0.491744,0.0,180.0
216.8,40.01225632,-104.9508314,1570.0248,9.50976,0.491744,0.0,180.0
216.90000000000003,40.01225593,-104.9508312,1570.0248,9.50976,0.0,0.0,164.0546040990771
217.00000000000009,40.01225565,-104.9508309,1570.0248,9.50976,0.491744,0.0,158.19859051364824
217.1,40.01225566,-104.9508308,1570.0248,9.50976,0.0,0.0,158.19859051364824
217.2,40.01225546,-104.9508305,1570.0248,9.50976,0.0,0.0,135.0
217.3,40.01225547,-104.9508301,1570.0248,9.50976,0.491744,0.0,135.0
217.40000000000003,40.01225532,-104.9508298,1570.0248,9.50976,0.491744,0.0,135.0
217.50000000000009,40.01225536,-104.9508298,1570.0248,9.50976,0.0,0.0,180.0
217.7,40.01225537,-104.9508305,1570.0248,9.50976,0.0,0.0,262.8749836510982
217.8,40.01225523,-104.9508316,1570.0248,9.50976,0.44704,0.0,265.4260787400991
217.90000000000003,40.01225495,-104.9508333,1570.0248,9.50976,1.162304,0.0,266.6335393365702
218.00000000000009,40.01225476,-104.9508353,1570.0248,9.50976,1.519936,0.0,267.33699923393283
218.1,40.01225483,-104.9508375,1570.0248,9.50976,1.78816,0.0,267.75425743410494
218.2,40.01225464,-104.9508404,1570.0248,9.50976,2.190496,0.0,265.23635830927384
218.3,40.01225459,-104.9508437,1570.0248,9.50976,2.592832,0.0,265.8553762588957
218.40000000000003,40.01225439,-104.9508475,1570.0248,9.50976,2.995168,0.0,266.3322119444685
218.50000000000009,40.0122542,-104.9508519,1570.0248,9.50976,3.442208,0.0,266.6335393365702
218.6,40.01225397,-104.9508565,1570.0248,9.50976,3.79984,0.0,266.955221555806
218.7,40.01225385,-104.9508615,1570.0248,9.50976,4.157472,0.0,267.22083313592793
218.8,40.0122536,-104.950867,1570.0248,9.50976,4.425696,0.0,267.3974377975002
218.90000000000003,40.01225335,-104.9508727,1570.3296,9.6012,4.783328,-0.22352,267.3974377975002
219.00000000000009,40.0122531,-104.9508781,1570.3296,9.6012,4.738624,-0.402336,267.1658889836935
219.2,40.01225273,-104.9508872,1570.3296,9.6012,4.112768,-0.089408,266.4677054161091
219.3,40.01225297,-104.9508913,1570.0248,9.50976,3.755136,0.0,268.3397176310172
219.40000000000003,40.01225283,-104.9508944,1570.0248,9.50976,3.039872,0.0,268.02506598911805
219.50000000000009,40.01225269,-104.9508981,1570.0248,9.50976,2.90576,0.0,267.66269414087617
219.7,40.01225238,-104.9509026,1570.0248,9.50976,2.279904,0.0,266.3086140135487
219.8,40.01225228,-104.9509039,1570.0248,9.50976,1.743456,0.0,264.8055710922652
220.00000000000009,40.0122518,-104.9509057,1570.0248,9.50976,0.89408,0.0,259.695153531234
220.2,40.01225147,-104.9509067,1570.3296,9.6012,0.67056,0.0,248.19859051364816
220.3,40.01225124,-104.9509069,1570.3296,9.6012,0.312928,0.0,225.0
220.40000000000003,40.01225113,-104.950907,1570.3296,9.6012,0.0,0.0,0.0
220.50000000000009,40.01225102,-104.9509067,1570.3296,9.6012,0.0,0.0,0.0
220.6,40.01225093,-104.9509067,1570.3296,9.6012,0.67056,0.0,0.0
220.7,40.01225075,-104.9509063,1570.3296,9.6012,0.0,0.0,0.0
220.8,40.01225067,-104.9509062,1570.3296,9.6012,0.0,0.0,0.0
220.90000000000003,40.01225046,-104.9509057,1570.3296,9.69264,0.0,0.0,90.0
221.00000000000009,40.01225038,-104.9509056,1570.3296,9.69264,0.491744,0.0,90.0
221.3,40.01225014,-104.9509046,1570.3296,9.69264,0.0,0.0,0.0
221.40000000000003,40.01225008,-104.9509045,1570.3296,9.69264,0.22352,0.0,0.0
221.50000000000009,40.01224995,-104.9509042,1570.3296,9.69264,0.0,0.0,0.0
221.6,40.01224989,-104.9509041,1570.3296,9.69264,0.0,0.0,0.0
222.1,40.01224932,-104.9509033,1570.3296,9.69264,0.22352,0.0,0.0
222.2,40.01224929,-104.9509033,1570.3296,9.69264,0.178816,0.0,0.0
222.3,40.01224917,-104.9509034,1570.3296,9.69264,0.0,0.0,0.0
222.40000000000003,40.01224914,-104.9509033,1570.3296,9.69264,0.0,0.0,0.0
222.50000000000009,40.01224885,-104.9509034,1570.3296,9.69264,0.0,0.0,0.0
222.6,40.01224882,-104.9509035,1570.3296,9.69264,0.0,0.0,0.0
222.7,40.01224867,-104.9509036,1570.3296,9.69264,0.0,0.0,0.0
223.1,40.01224852,-104.9509041,1570.3296,9.69264,0.178816,0.0,270.0
223.2,40.01224849,-104.9509042,1570.3296,9.69264,0.0,0.0,0.0
223.3,40.01224854,-104.9509043,1570.3296,9.69264,0.0,0.0,0.0
223.40000000000003,40.01224854,-104.9509043,1570.3296,9.69264,0.0,0.0,0.0
223.50000000000009,40.01224856,-104.9509045,1570.3296,9.69264,0.0,0.0,0.0
223.6,40.01224856,-104.9509045,1570.3296,9.69264,0.0,-0.22352,0.0
223.7,40.01224839,-104.9509046,1570.3296,9.814560000000002,0.0,-0.581152,0.0
223.8,40.01224824,-104.9509044,1570.6344,9.906,0.0,-0.983488,158.19859051364824
223.90000000000003,40.01224779,-104.9509041,1570.6344,9.99744,0.0,-1.385824,145.30484646876602
224.00000000000009,40.01224692,-104.9509032,1570.9392,10.2108,0.67056,-1.922272,144.2461127455632
224.1,40.01224557,-104.950902,1570.9392,10.393680000000002,1.519936,-2.414016,143.13010235415595
224.2,40.01224387,-104.9509003,1571.244,10.698480000000002,2.01168,-2.503424,144.21102654081665
224.3,40.01224225,-104.9508986,1571.5488,10.91184,2.324608,-2.279904,143.6955028774248
224.40000000000003,40.01224011,-104.9508965,1571.8536,11.09472,2.68224,-2.01168,143.47114463301483
224.50000000000009,40.01223817,-104.9508945,1571.8536,11.30808,2.861056,-1.6987519999999998,143.44752724790845
224.7,40.01223319,-104.9508895,1572.4632,11.70432,3.263392,-1.207008,142.721825800131
224.90000000000003,40.01222727,-104.9508836,1572.4632,11.8872,3.79984,-0.983488,144.39546601956692
225.1,40.01222042,-104.9508773,1572.768,12.100560000000002,4.380992,-0.402336,144.16234704572173
225.2,40.01221685,-104.9508738,1572.768,12.100560000000002,4.783328,-0.22352,143.71974650623736
225.3,40.01221274,-104.95087,1572.768,12.100560000000002,5.275072000000001,-0.089408,142.94347181059038
225.6,40.0122005,-104.9508571,1572.768,12.100560000000002,5.766816,0.0,139.93208742826482
225.7,40.01219539,-104.9508525,1572.768,12.100560000000002,6.079744,0.0,139.99374398582336
225.8,40.01219093,-104.9508474,1572.768,12.100560000000002,6.750304,0.0,137.95631065750365
226.00000000000009,40.0121819,-104.9508358,1572.768,12.100560000000002,6.884416,0.089408,133.99491399474584
226.1,40.01217741,-104.9508292,1572.768,12.100560000000002,7.15264,0.089408,131.02061754732176
226.2,40.01217316,-104.9508225,1572.768,12.100560000000002,7.465567999999999,0.0,128.50065372034544
226.3,40.01216875,-104.9508147,1572.768,12.100560000000002,7.778496,0.0,125.18521332794774
226.40000000000003,40.01216488,-104.9508072,1572.768,12.100560000000002,7.957312,0.0,122.3944226456154
226.50000000000009,40.01216151,-104.9507996,1572.768,12.100560000000002,7.59968,0.0,120.11373315098244
226.8,40.01215268,-104.950774,1572.768,12.192,7.8232,-0.983488,108.23249108070382
227.00000000000009,40.012149,-104.9507554,1573.0728,12.4968,8.002016,-2.01168,100.63876660950676
227.2,40.01214694,-104.9507357,1573.6824,12.89304,8.314944,-2.995168,92.683775159469
227.3,40.01214657,-104.9507251,1573.9872,13.19784,8.672576,-3.397504,90.0
227.40000000000003,40.01214675,-104.9507147,1574.292,13.594080000000002,8.896096,-3.486912,87.41049815275909
227.50000000000009,40.01214706,-104.9507041,1574.5968,13.99032,8.896096,-3.710432,84.88268515002738
227.6,40.01214793,-104.9506935,1574.9016,14.29512,9.074912,-3.79984,82.5329233597397
227.7,40.01214883,-104.9506824,1575.5112,14.69136,9.298432,-3.889248,80.18069936124209
227.8,40.01215032,-104.9506715,1575.816,15.0876,9.432544,-3.889248,78.42796606281166
227.90000000000003,40.0121523,-104.9506606,1576.1208,15.51432,9.477248,-3.889248,76.86597769360367
228.00000000000009,40.01215436,-104.9506495,1576.4256,15.910560000000002,9.61136,-3.889248,74.76764481561463
228.1,40.01215678,-104.9506385,1577.0352,16.3068,9.745472,-4.02336,73.02968098228337
228.2,40.01215944,-104.9506273,1577.34,16.70304,9.879584,-4.02336,71.32329826780989
228.3,40.01216243,-104.9506163,1577.6448,17.09928,9.968992,-4.02336,69.17910714668915
228.40000000000003,40.01216571,-104.9506052,1578.2544,17.49552,10.0584,-4.02336,67.49647150023259
228.50000000000009,40.01216953,-104.9505943,1578.5592,18.01368,10.147808,-4.112768,65.22485943116806
228.6,40.0121735,-104.9505835,1579.1688,18.40992,10.147808,-4.112768,62.764853300697496
228.7,40.01217786,-104.950573,1579.4736,18.80616,10.192512,-4.112768,60.628578571133744
228.8,40.01218249,-104.9505628,1579.7784,19.2024,10.192512,-4.112768,57.78052800028132
228.90000000000003,40.01218779,-104.9505522,1580.388,19.69008,10.460736,-4.02336,55.04934858812487
229.00000000000009,40.01219313,-104.9505426,1580.6928,20.086320000000004,10.416032,-4.02336,51.85707233409926
229.1,40.01219843,-104.9505343,1581.3024,20.51304,9.61136,-4.02336,49.20267950371937
229.2,40.01220438,-104.9505258,1581.6072,20.787360000000003,9.521952,-4.02336,46.28939790406025
229.40000000000003,40.01221729,-104.9505102,1582.2168,21.61032,9.790176,-4.02336,39.53289841191116
229.6,40.01223102,-104.9504972,1583.1312,22.402800000000003,9.566656,-4.02336,32.60033357369025
229.7,40.01223824,-104.9504916,1583.436,22.79904,9.38784,-3.889248,29.248826336546983
229.8,40.01224528,-104.9504868,1583.7408,23.19528,9.074912,-3.79984,26.17528998175993
229.90000000000003,40.01225289,-104.9504822,1584.3504,23.591520000000003,9.074912,-3.889248,22.6887852590412
230.00000000000009,40.01226003,-104.9504787,1584.6552,23.98776,8.896096,-3.889248,18.725787845272578
230.2,40.01227415,-104.9504736,1585.5696,24.810720000000003,8.27024,-3.710432,12.73429079534759
230.50000000000009,40.01229688,-104.9504683,1586.4840000000002,25.69464,8.404352,-2.503424,6.6325146151384615
230.6,40.01230382,-104.9504674,1586.7888,25.99944,8.359648,-2.101088,4.372931276881104
230.7,40.01231045,-104.9504671,1586.7888,26.09088,7.554975999999999,-1.609344,2.385944030388828
230.8,40.01231725,-104.9504669,1587.0936000000002,26.30424,7.465567999999999,-1.207008,0.0
231.1,40.01233674,-104.9504689,1587.0936000000002,26.487120000000004,7.331455999999999,-0.089408,352.8306370813832
231.2,40.01234324,-104.9504701,1587.0936000000002,26.487120000000004,7.242048,0.0,350.2420365586522
231.3,40.01234935,-104.9504722,1587.0936000000002,26.487120000000004,7.15264,0.0,346.13897243697886
231.40000000000003,40.01235563,-104.9504744,1587.0936000000002,26.487120000000004,7.15264,0.089408,341.9095106313078
231.50000000000009,40.01236122,-104.9504773,1587.0936000000002,26.487120000000004,6.973824,0.0,337.9321004375898
231.6,40.01236726,-104.9504806,1587.0936000000002,26.487120000000004,6.973824,0.0,334.5519951732406
231.7,40.01237292,-104.9504844,1587.3984,26.60904,7.15264,0.0,330.1240073083106
231.8,40.01237871,-104.9504886,1587.3984,26.60904,7.242048,0.0,327.0776691623642
231.90000000000003,40.01238375,-104.950493,1587.3984,26.60904,7.063232,0.0,323.82037955202105
232.00000000000009,40.01238916,-104.9504982,1587.3984,26.60904,7.1079360000000005,0.0,320.5429920875041
232.1,40.01239488,-104.9505042,1587.3984,26.60904,7.778496,0.0,317.1386825776663
232.2,40.01239994,-104.9505103,1587.3984,26.60904,7.912608,0.0,314.53037298031035
232.3,40.01240466,-104.9505168,1587.3984,26.60904,7.644384,0.0,311.248270929474
232.40000000000003,40.01240929,-104.9505236,1587.3984,26.60904,7.733792,0.0,308.7616673103607
232.50000000000009,40.01241368,-104.9505309,1587.3984,26.60904,7.8232,0.0,306.2885624480496
232.6,40.01241785,-104.9505384,1587.3984,26.60904,7.867904,0.0,303.15792388467224
232.8,40.01242476,-104.9505532,1587.3984,26.60904,7.554975999999999,0.0,299.8759926916894
232.90000000000003,40.01242801,-104.9505603,1587.3984,26.60904,7.286752,0.0,299.93151184050777
233.00000000000009,40.01243098,-104.950567,1587.3984,26.60904,6.795007999999999,0.089408,299.94194253027297
233.1,40.01243397,-104.9505737,1587.0936000000002,26.487120000000004,6.571488,0.491744,299.3806078612892
233.2,40.01243664,-104.9505797,1587.0936000000002,26.30424,6.25856,0.89408,299.6907265120168
233.3,40.01243959,-104.9505862,1586.7888,26.2128,6.169152,1.385824,299.80094368561925
233.40000000000003,40.01244205,-104.9505918,1586.7888,25.99944,5.945632,1.922272,299.7448812969422
233.8,40.01245068,-104.9506126,1585.5696,24.9936,5.14096,3.084576,297.89727103094765
233.90000000000003,40.01245212,-104.9506172,1585.2648000000002,24.6888,4.872736,3.084576,295.9743939624313
234.1,40.0124552,-104.9506246,1584.6552,24.10968,3.79984,2.592832,297.3777027713317
234.2,40.01245634,-104.9506272,1584.6552,23.98776,3.218688,2.01168,297.0955524937518
234.3,40.01245721,-104.9506285,1584.6552,23.896320000000003,2.01168,1.296416,298.8865817669107
234.40000000000003,40.01245777,-104.9506296,1584.3504,23.80488,1.251712,0.715264,291.25050550713325
234.50000000000009,40.0124582,-104.9506302,1584.3504,23.80488,0.67056,0.22352,282.5288077091515
234.6,40.01245834,-104.9506306,1584.3504,23.71344,0.0,0.0,270.0
234.7,40.0124586,-104.9506307,1584.3504,23.71344,0.0,0.0,270.0
234.8,40.01245868,-104.9506308,1584.3504,23.71344,0.0,-0.089408,270.0
234.90000000000003,40.01245856,-104.9506306,1584.3504,23.71344,0.0,-0.089408,0.0
235.00000000000009,40.01245861,-104.9506306,1584.3504,23.71344,0.0,0.0,0.0
235.1,40.01245869,-104.9506301,1584.3504,23.71344,0.0,0.0,0.0
235.2,40.01245872,-104.9506301,1584.3504,23.71344,0.0,0.0,0.0
235.3,40.01245872,-104.9506296,1584.3504,23.80488,0.0,0.0,90.0
235.40000000000003,40.01245872,-104.9506295,1584.3504,23.80488,0.0,0.0,90.0
235.50000000000009,40.01245889,-104.9506291,1584.3504,23.80488,0.0,0.0,90.0
235.6,40.01245888,-104.950629,1584.3504,23.80488,0.0,0.0,0.0
235.7,40.01245877,-104.9506289,1584.3504,23.80488,0.0,0.0,0.0
235.8,40.01245872,-104.9506289,1584.6552,23.896320000000003,0.0,0.0,0.0
236.00000000000009,40.01245875,-104.9506287,1584.6552,23.896320000000003,0.0,0.0,0.0
236.3,40.01245827,-104.9506289,1584.6552,23.896320000000003,0.0,0.0,270.0
236.40000000000003,40.01245816,-104.950629,1584.6552,23.896320000000003,0.22352,0.0,270.0
236.50000000000009,40.01245804,-104.9506293,1584.6552,23.896320000000003,0.0,0.0,270.0
236.6,40.01245795,-104.9506295,1584.6552,23.896320000000003,0.0,0.0,270.0
237.1,40.01245738,-104.9506304,1584.6552,23.896320000000003,0.178816,0.0,270.0
237.2,40.01245734,-104.9506305,1584.6552,23.896320000000003,0.22352,0.0,0.0
237.3,40.01245723,-104.9506307,1584.6552,23.896320000000003,0.0,0.0,0.0
237.40000000000003,40.01245719,-104.9506307,1584.6552,23.896320000000003,0.0,0.0,0.0
237.50000000000009,40.01245717,-104.950631,1584.6552,23.896320000000003,0.0,0.0,0.0
237.6,40.01245714,-104.950631,1584.6552,23.896320000000003,0.0,0.0,0.0
237.7,40.01245707,-104.9506311,1584.6552,23.896320000000003,0.0,0.0,0.0
237.8,40.01245704,-104.9506311,1584.3504,23.80488,0.0,0.0,0.0
237.90000000000003,40.01245698,-104.9506313,1584.6552,23.896320000000003,0.0,0.0,0.0
238.00000000000009,40.01245696,-104.9506313,1584.6552,23.896320000000003,0.0,0.0,0.0
238.1,40.01245705,-104.9506316,1584.6552,23.896320000000003,0.0,0.0,0.0
238.2,40.01245705,-104.9506316,1584.6552,23.896320000000003,0.0,0.0,0.0
238.3,40.01245711,-104.9506316,1584.3504,23.80488,0.0,0.0,0.0
238.40000000000003,40.01245713,-104.9506316,1584.3504,23.80488,0.0,0.0,0.0
238.7,40.01245735,-104.9506316,1584.3504,23.80488,0.0,0.0,0.0
238.8,40.0124574,-104.9506315,1584.3504,23.80488,0.0,0.0,0.0
238.90000000000003,40.01245735,-104.9506316,1584.3504,23.80488,0.491744,0.0,0.0
239.00000000000009,40.01245741,-104.9506316,1584.3504,23.80488,0.0,0.0,0.0
239.1,40.0124575,-104.9506315,1584.3504,23.80488,0.491744,0.0,0.0
239.40000000000003,40.0124577,-104.9506314,1584.6552,23.896320000000003,0.0,0.0,0.0
239.50000000000009,40.01245771,-104.9506314,1584.6552,23.896320000000003,0.0,0.0,0.0
239.6,40.01245776,-104.9506313,1584.6552,23.896320000000003,0.0,0.0,0.0
239.7,40.0124579,-104.9506312,1584.6552,23.896320000000003,0.0,0.0,0.0
239.8,40.01245791,-104.9506312,1584.6552,23.896320000000003,0.0,0.0,0.0
239.90000000000003,40.01245801,-104.9506313,1584.6552,23.896320000000003,0.0,0.0,0.0
240.00000000000009,40.01245801,-104.9506313,1584.6552,23.896320000000003,0.0,0.0,0.0
240.1,40.01245815,-104.9506315,1584.6552,23.896320000000003,0.0,0.0,0.0
240.2,40.01245816,-104.9506315,1584.6552,23.896320000000003,0.0,0.0,0.0
240.3,40.01245811,-104.9506315,1584.6552,23.896320000000003,0.0,0.0,0.0
240.40000000000003,40.01245813,-104.9506315,1584.3504,23.80488,0.0,0.0,0.0
240.50000000000009,40.01245821,-104.9506314,1584.3504,23.80488,0.0,0.0,0.0
240.6,40.01245827,-104.9506314,1584.3504,23.80488,0.0,0.0,0.0
240.7,40.0124582,-104.9506313,1584.3504,23.80488,0.0,0.0,0.0
240.8,40.01245827,-104.9506313,1584.3504,23.80488,0.0,0.0,0.0
240.90000000000003,40.01245842,-104.9506313,1584.3504,23.80488,0.0,0.0,0.0
241.00000000000009,40.0124585,-104.9506313,1584.6552,23.896320000000003,0.0,0.0,0.0
241.1,40.01245868,-104.9506312,1584.6552,23.896320000000003,0.0,0.0,0.0
241.2,40.01245875,-104.9506312,1584.6552,23.896320000000003,0.0,0.0,0.0
241.3,40.01245871,-104.9506313,1584.6552,23.896320000000003,0.0,0.0,0.0
241.50000000000009,40.0124589,-104.9506311,1584.6552,23.896320000000003,0.0,0.0,0.0
241.6,40.01245898,-104.9506311,1584.3504,23.80488,0.0,0.0,0.0
241.7,40.01245901,-104.9506312,1584.6552,23.896320000000003,0.0,0.0,0.0
241.90000000000003,40.01245913,-104.9506311,1584.6552,23.896320000000003,0.0,0.0,0.0
242.00000000000009,40.01245921,-104.9506311,1584.6552,23.896320000000003,0.0,0.0,0.0
242.1,40.01245932,-104.950631,1584.6552,23.896320000000003,0.0,0.0,0.0
242.2,40.01245939,-104.950631,1584.6552,23.896320000000003,0.0,0.0,0.0
242.3,40.01245946,-104.950631,1584.6552,23.896320000000003,0.0,0.0,0.0
242.40000000000003,40.01245954,-104.950631,1584.6552,23.896320000000003,0.0,0.0,0.0
242.7,40.01245968,-104.9506307,1584.3504,23.80488,0.0,0.0,0.0
242.90000000000003,40.0124597,-104.9506307,1584.3504,23.80488,0.0,0.0,0.0
243.00000000000009,40.01245969,-104.9506306,1584.6552,23.896320000000003,0.0,0.0,0.0
243.1,40.0124596,-104.9506306,1584.6552,23.896320000000003,0.0,0.0,0.0
243.2,40.01245958,-104.9506305,1584.6552,23.896320000000003,0.0,0.0,0.0
243.3,40.01245946,-104.9506305,1584.6552,23.896320000000003,0.0,0.0,0.0
243.6,40.01245951,-104.9506304,1584.6552,23.896320000000003,0.0,0.0,0.0
243.7,40.01245942,-104.9506302,1584.6552,23.896320000000003,0.0,0.0,0.0
243.8,40.01245942,-104.9506302,1584.6552,23.98776,0.0,0.0,0.0
243.90000000000003,40.01245934,-104.9506303,1584.6552,23.98776,0.491744,0.0,0.0
244.1,40.0124594,-104.9506301,1584.6552,23.896320000000003,0.0,0.0,0.0
244.2,40.01245941,-104.9506301,1584.6552,23.98776,0.0,0.0,0.0
244.3,40.01245941,-104.9506302,1584.6552,23.98776,0.0,0.0,0.0
244.50000000000009,40.01245938,-104.9506301,1584.6552,23.98776,0.0,0.0,0.0
244.6,40.01245938,-104.95063,1584.6552,23.98776,0.0,0.0,0.0
244.7,40.01245948,-104.9506302,1584.6552,23.98776,0.0,0.0,0.0
244.8,40.01245949,-104.9506302,1584.6552,23.98776,0.0,0.0,0.0
244.90000000000003,40.01245943,-104.9506302,1584.6552,23.98776,0.0,0.0,0.0
245.00000000000009,40.01245941,-104.9506301,1584.6552,23.98776,0.0,0.0,0.0
245.1,40.01245938,-104.9506301,1584.6552,23.896320000000003,0.491744,0.0,0.0
245.2,40.01245937,-104.95063,1584.6552,23.896320000000003,0.0,0.0,0.0
245.3,40.01245939,-104.9506299,1584.6552,23.896320000000003,0.0,0.0,0.0
245.40000000000003,40.01245939,-104.9506298,1584.6552,23.896320000000003,0.0,0.0,0.0
245.50000000000009,40.01245928,-104.9506298,1584.6552,23.896320000000003,0.0,0.0,0.0
245.7,40.01245928,-104.9506297,1584.6552,23.896320000000003,0.0,0.0,0.0
245.90000000000003,40.01245919,-104.9506296,1584.6552,23.896320000000003,0.0,0.0,0.0
246.00000000000009,40.01245921,-104.9506296,1584.6552,23.896320000000003,0.0,0.0,0.0
246.1,40.01245927,-104.9506295,1584.6552,23.896320000000003,0.491744,0.0,0.0
246.2,40.01245928,-104.9506294,1584.6552,23.896320000000003,0.0,0.0,0.0
246.40000000000003,40.01245936,-104.9506294,1584.6552,23.896320000000003,0.0,0.0,0.0
246.50000000000009,40.01245924,-104.9506294,1584.6552,23.896320000000003,0.312928,0.0,0.0
246.6,40.01245918,-104.9506294,1584.6552,23.896320000000003,0.0,0.0,0.0
246.7,40.01245927,-104.9506295,1584.6552,23.896320000000003,0.0,0.0,0.0
246.90000000000003,40.01245903,-104.9506296,1584.6552,23.896320000000003,0.0,0.0,0.0
247.00000000000009,40.01245892,-104.9506296,1584.6552,23.896320000000003,0.312928,0.0,0.0
247.1,40.01245894,-104.9506297,1584.6552,23.896320000000003,0.0,0.0,0.0
247.2,40.01245884,-104.9506297,1584.6552,23.896320000000003,0.0,0.0,0.0
247.3,40.01245875,-104.9506298,1584.6552,23.896320000000003,0.0,0.0,0.0
247.40000000000003,40.01245865,-104.9506299,1584.6552,23.896320000000003,0.0,0.0,0.0
247.50000000000009,40.01245875,-104.9506298,1584.6552,23.896320000000003,0.0,0.0,0.0
247.6,40.01245866,-104.9506298,1584.3504,23.80488,0.0,0.0,0.0
247.7,40.01245846,-104.95063,1584.3504,23.80488,0.0,0.0,0.0
247.8,40.01245838,-104.95063,1584.3504,23.80488,0.0,0.0,0.0
248.00000000000009,40.01245837,-104.9506302,1584.3504,23.80488,0.0,0.0,0.0
248.2,40.0124582,-104.9506301,1584.3504,23.80488,0.0,0.0,0.0
248.3,40.01245805,-104.95063,1584.3504,23.80488,0.0,0.0,0.0
248.40000000000003,40.012458,-104.95063,1584.3504,23.80488,0.0,0.0,0.0
248.50000000000009,40.01245785,-104.95063,1584.3504,23.80488,0.0,0.0,0.0
248.6,40.0124578,-104.95063,1584.3504,23.80488,0.0,0.0,0.0
248.7,40.01245781,-104.9506299,1584.3504,23.80488,0.0,0.0,0.0
248.8,40.01245777,-104.9506299,1584.3504,23.80488,0.0,0.0,0.0
248.90000000000003,40.01245792,-104.9506298,1584.3504,23.80488,0.0,0.0,0.0
249.00000000000009,40.01245793,-104.9506298,1584.3504,23.80488,0.0,0.0,0.0
249.1,40.01245789,-104.9506298,1584.3504,23.80488,0.0,0.0,0.0
249.50000000000009,40.01245832,-104.9506297,1584.6552,23.896320000000003,0.0,0.0,0.0
249.6,40.01245838,-104.9506297,1584.6552,23.896320000000003,0.0,0.0,0.0
249.7,40.01245836,-104.9506298,1584.6552,23.896320000000003,0.0,0.0,0.0
249.90000000000003,40.01245862,-104.9506299,1584.6552,23.896320000000003,0.0,0.0,0.0
250.00000000000009,40.01245869,-104.9506299,1584.6552,23.896320000000003,0.0,0.0,0.0
250.1,40.01245869,-104.9506299,1584.6552,23.896320000000003,0.0,0.0,270.0
250.3,40.01245852,-104.9506314,1584.6552,23.896320000000003,0.44704,0.0,264.2894068625004
250.50000000000009,40.01245794,-104.9506344,1584.6552,23.98776,0.983488,0.0,259.5625246488818
250.6,40.01245756,-104.9506367,1584.6552,23.98776,1.56464,0.0,259.1596945456694
250.7,40.01245696,-104.9506391,1584.6552,23.98776,2.056384,0.0,256.9306821037178
250.8,40.01245636,-104.9506422,1584.6552,23.98776,2.503424,0.0,256.1713490277198
251.00000000000009,40.01245501,-104.9506498,1584.6552,23.98776,3.12928,0.0,256.130313561495
251.1,40.01245407,-104.950654,1584.6552,23.98776,3.442208,0.0,255.808903450976
251.2,40.01245309,-104.9506588,1584.6552,23.98776,3.978656,0.0,255.4034244745058
251.3,40.01245202,-104.950664,1584.6552,23.98776,4.380992,0.0,255.3112132266816
251.40000000000003,40.01245087,-104.9506696,1584.6552,23.98776,4.738624,0.0,256.20913310263904
251.50000000000009,40.01244975,-104.9506754,1584.6552,23.98776,5.006848,0.0,255.96375653207352
251.6,40.01244846,-104.9506818,1584.6552,23.98776,5.36448,0.0,255.854204505897
251.7,40.0124471,-104.9506886,1584.6552,23.98776,5.81152,0.0,255.55596427550776
251.8,40.01244565,-104.9506958,1584.6552,23.896320000000003,6.169152,0.0,255.47985098146296
251.90000000000003,40.01244414,-104.9507031,1584.6552,23.896320000000003,6.392672,0.0,255.3148029628785
252.00000000000009,40.01244251,-104.950711,1584.6552,23.896320000000003,6.7056,0.0,255.25643716352928
252.1,40.01244059,-104.9507199,1584.6552,23.896320000000003,7.37616,0.0,254.866916851513
252.2,40.01243878,-104.9507285,1584.3504,23.80488,7.733792,0.0,254.8325341293977
252.3,40.01243705,-104.9507373,1584.3504,23.80488,7.689088,0.0,254.7166984268526
252.40000000000003,40.01243511,-104.9507466,1584.3504,23.80488,8.04672,0.0,254.6907265120168
252.50000000000009,40.01243325,-104.9507556,1584.3504,23.80488,8.04672,0.0,255.24127553924356
252.6,40.01243118,-104.9507655,1584.3504,23.80488,8.314944,0.0,255.1243179983612
252.7,40.01242888,-104.950776,1584.3504,23.80488,8.985504,0.0,254.6710782726944
252.8,40.01242663,-104.9507865,1584.3504,23.80488,9.298432,0.0,254.6498635075756
253.1,40.01241931,-104.9508202,1584.3504,23.71344,9.790176,0.0,253.9509952074668
253.2,40.01241671,-104.9508318,1584.3504,23.591520000000003,10.0584,0.0,253.8184037548174
253.3,40.01241402,-104.9508438,1584.3504,23.591520000000003,10.50544,0.0,253.6240658826444
253.40000000000003,40.01241131,-104.9508559,1584.3504,23.591520000000003,10.684256,0.0,253.95721759878825
253.50000000000009,40.01240855,-104.9508685,1584.3504,23.591520000000003,10.95248,-0.089408,253.7676493388438
253.6,40.01240573,-104.9508811,1584.3504,23.591520000000003,11.131296,-0.089408,254.08587908478816
253.7,40.01240272,-104.9508941,1584.3504,23.71344,11.354816,-0.22352,253.5596204783198
253.8,40.01239976,-104.950907,1584.3504,23.71344,11.488928,-0.089408,253.25802961470689
253.90000000000003,40.0123967,-104.9509202,1584.3504,23.71344,11.62304,-0.089408,252.96223220437437
254.00000000000009,40.01239357,-104.9509333,1584.3504,23.71344,11.712448,0.0,252.73700353422083
254.1,40.01239008,-104.9509466,1584.3504,23.71344,11.84656,0.0,252.11463412476692
254.2,40.01238669,-104.9509599,1584.3504,23.591520000000003,11.935968,0.0,251.4292794418444
254.3,40.01238322,-104.9509734,1584.3504,23.591520000000003,12.025376,0.0,251.16156644201925
254.40000000000003,40.01237957,-104.9509868,1584.3504,23.591520000000003,12.159488,-0.089408,250.1613514878252
254.50000000000009,40.01237553,-104.9510014,1584.3504,23.591520000000003,12.651232,-0.089408,249.37012005387385
254.6,40.01237154,-104.9510149,1584.3504,23.71344,12.74064,-0.22352,248.3925497575464
254.7,40.01236791,-104.9510274,1584.3504,23.71344,11.84656,-0.089408,248.00515512597707
254.8,40.01236362,-104.9510408,1584.3504,23.71344,11.891264,-0.089408,247.2366966824643
254.90000000000003,40.01235865,-104.9510554,1584.3504,23.71344,13.008864,-0.089408,245.7440116119477
255.1,40.01234934,-104.9510807,1584.3504,23.71344,12.51712,-0.089408,243.0635065095512
255.2,40.01234409,-104.9510936,1584.3504,23.71344,12.114784,-0.089408,241.3895403340348
255.50000000000009,40.01232674,-104.9511305,1584.3504,23.71344,12.338304,-0.089408,235.84030545433055
255.7,40.01231385,-104.9511533,1584.3504,23.71344,12.204192,-0.089408,231.4074402825332
255.8,40.01230702,-104.951164,1584.3504,23.71344,11.980672,-0.089408,229.16243543852167
255.90000000000003,40.01229997,-104.9511743,1584.3504,23.80488,11.801856,-0.089408,226.72619964881767
256.00000000000006,40.01229274,-104.9511839,1584.3504,23.80488,11.62304,-0.089408,224.6816933885486
256.1,40.01228538,-104.9511931,1584.6552,23.896320000000003,11.39952,-0.089408,222.5529513576764
256.2,40.01227785,-104.9512016,1584.6552,23.896320000000003,11.220704,-0.089408,220.2226936828901
256.3,40.01227025,-104.9512099,1584.6552,23.98776,11.041888,0.0,217.91671400024745
256.40000000000003,40.01226252,-104.9512174,1584.6552,23.98776,10.863072,0.0,215.5094393617753
256.50000000000006,40.01225462,-104.9512242,1584.6552,23.98776,10.594848,0.0,213.06580407494144
256.6,40.0122468,-104.9512305,1584.6552,23.98776,10.371328,0.0,210.6997225508144
256.7,40.01223887,-104.9512363,1584.6552,23.98776,10.147808,0.0,208.211704268684
256.8,40.01223108,-104.9512414,1584.6552,23.98776,9.879584,0.0,205.60218755144177
256.90000000000003,40.01222338,-104.9512458,1584.6552,23.98776,9.521952,0.0,203.08931706791716
257.00000000000006,40.01221575,-104.9512497,1584.6552,23.98776,9.253728,0.0,199.6152020352458
257.1,40.01220804,-104.9512529,1584.6552,23.98776,9.030208,0.0,197.5854855069275
257.2,40.01220068,-104.9512556,1584.6552,24.10968,8.761984,0.0,194.5564243200743
257.3,40.01219334,-104.9512577,1584.6552,24.10968,8.404352,0.0,191.49656301758577
257.40000000000003,40.01218633,-104.9512593,1584.6552,24.10968,8.136128,0.0,188.2699615869812
257.50000000000006,40.01217896,-104.9512604,1584.6552,24.10968,8.091424,0.0,185.50547785797832
257.6,40.01217236,-104.951261,1584.6552,24.10968,7.778496,0.089408,182.52082790771016
257.7,40.01216677,-104.9512608,1584.6552,23.98776,6.795007999999999,0.089408,180.0
257.8,40.01216081,-104.9512605,1584.6552,23.98776,6.437376,0.0,176.4482666451796
257.90000000000003,40.01215487,-104.9512597,1584.6552,23.98776,6.616192,0.0,173.33869836022984
258.00000000000006,40.01214953,-104.9512585,1584.6552,23.98776,6.347968,0.0,168.9485429733346
258.1,40.01214457,-104.9512567,1584.6552,23.98776,5.856224,0.089408,165.6299984848207
258.2,40.01213996,-104.9512549,1584.6552,23.896320000000003,5.543296,0.089408,162.82409638425327
258.3,40.01213579,-104.9512528,1584.6552,23.896320000000003,5.14096,0.089408,159.82934658814963
258.40000000000003,40.01213208,-104.9512509,1584.6552,23.896320000000003,4.69392,0.089408,158.65421335091025
258.6,40.012126,-104.9512473,1584.6552,23.896320000000003,3.933952,0.089408,157.44275336529438
258.7,40.01212343,-104.9512458,1584.6552,23.896320000000003,3.531616,0.089408,157.83365417791754
258.8,40.01212147,-104.9512447,1584.6552,23.896320000000003,2.816352,0.089408,158.19859051364824
258.90000000000003,40.01211981,-104.9512435,1584.6552,23.896320000000003,2.190496,0.402336,161.11391263029077
259.00000000000006,40.01211843,-104.9512428,1584.3504,23.80488,1.877568,0.715264,160.46334506187168
259.1,40.01211724,-104.9512419,1584.3504,23.71344,1.519936,1.1176,161.56505117707798
259.2,40.01211626,-104.9512414,1584.3504,23.591520000000003,1.34112,1.609344,157.75097634278768
259.40000000000003,40.01211473,-104.9512402,1583.7408,23.19528,0.983488,2.503424,162.64597536373867
259.50000000000006,40.01211414,-104.9512397,1583.7408,23.0124,0.89408,2.68224,158.96248897457815
259.6,40.01211369,-104.9512395,1583.436,22.707600000000003,0.67056,2.90576,180.0
259.8,40.01211363,-104.9512391,1582.8264,22.098000000000003,0.44704,3.084576,180.0
260.00000000000006,40.01211346,-104.9512387,1582.2168,21.4884,0.22352,2.995168,180.0
260.1,40.01211367,-104.9512384,1581.912,21.21408,0.44704,2.90576,180.0
260.2,40.01211366,-104.9512383,1581.6072,21.00072,0.0,2.816352,180.0
260.3,40.01211385,-104.9512384,1581.3024,20.60448,0.0,2.816352,180.0
260.40000000000003,40.01211387,-104.9512383,1580.9976,20.29968,0.0,2.90576,180.0
260.50000000000006,40.0121141,-104.9512385,1580.6928,19.90344,0.0,2.995168,0.0
260.6,40.01211418,-104.9512383,1580.388,19.59864,0.0,2.995168,0.0
260.7,40.01211453,-104.9512386,1580.0832,19.29384,0.0,2.995168,0.0
260.90000000000003,40.01211483,-104.9512388,1579.4736,18.80616,0.0,2.90576,0.0
261.00000000000006,40.012115,-104.9512388,1579.1688,18.50136,0.0,2.90576,0.0
261.1,40.01211506,-104.9512388,1578.864,18.19656,0.0,2.90576,0.0
261.2,40.01211518,-104.9512388,1578.5592,17.89176,0.0,2.90576,0.0
261.3,40.0121154,-104.9512388,1578.2544,17.58696,0.0,2.995168,0.0
261.40000000000003,40.0121155,-104.9512387,1577.9496,17.19072,0.0,2.995168,0.0
261.50000000000006,40.01211557,-104.9512386,1577.6448,16.88592,0.0,2.995168,0.0
261.6,40.01211564,-104.9512385,1577.34,16.70304,0.0,2.995168,0.0
261.7,40.01211577,-104.9512386,1577.0352,16.39824,0.491744,2.90576,0.0
261.8,40.01211579,-104.9512386,1576.7304,16.09344,0.0,2.90576,0.0
261.90000000000003,40.01211568,-104.9512384,1576.4256,15.78864,0.0,2.90576,0.0
262.1,40.01211571,-104.9512387,1575.816,15.20952,0.0,2.995168,0.0
262.2,40.01211567,-104.9512387,1575.5112,14.90472,0.312928,3.084576,180.0
262.3,40.0121157,-104.951239,1575.2064,14.59992,0.0,2.995168,180.0
262.40000000000003,40.01211561,-104.951239,1574.9016,14.29512,0.0,2.90576,180.0
262.50000000000006,40.0121152,-104.9512388,1574.9016,14.11224,0.0,2.90576,180.0
262.6,40.01211505,-104.9512388,1574.5968,13.80744,0.491744,2.816352,180.0
262.7,40.01211483,-104.9512389,1574.292,13.50264,0.0,2.816352,180.0
262.90000000000003,40.01211443,-104.951239,1573.6824,12.89304,0.312928,2.90576,180.0
263.00000000000006,40.01211432,-104.9512391,1573.3776,12.58824,0.0,2.90576,180.0
263.1,40.01211411,-104.9512391,1573.0728,12.31392,0.491744,2.90576,180.0
263.2,40.01211403,-104.9512391,1572.768,12.00912,0.0,2.995168,180.0
263.3,40.01211392,-104.9512392,1572.1584,11.61288,0.491744,3.084576,0.0
263.40000000000003,40.01211389,-104.9512391,1571.8536,11.30808,0.0,3.218688,0.0
263.50000000000006,40.01211376,-104.9512389,1571.5488,10.91184,0.0,3.084576,0.0
263.6,40.01211377,-104.951239,1571.244,10.698480000000002,0.0,2.995168,0.0
263.7,40.01211369,-104.9512392,1571.244,10.48512,0.0,2.90576,0.0
263.90000000000003,40.01211348,-104.9512394,1570.3296,9.814560000000002,0.0,2.90576,180.0
264.00000000000006,40.01211339,-104.9512395,1570.0248,9.38784,0.0,2.995168,180.0
264.1,40.01211335,-104.9512395,1569.72,9.11352,0.0,2.995168,180.0
264.2,40.01211326,-104.9512396,1569.4152,8.80872,0.0,2.995168,180.0
264.3,40.01211321,-104.9512396,1569.1104,8.50392,0.0,2.995168,180.0
264.6,40.01211296,-104.9512401,1568.196,7.58952,0.0,2.995168,0.0
264.7,40.0121129,-104.95124,1567.8912,7.315200000000001,0.22352,2.995168,0.0
264.90000000000003,40.01211285,-104.9512403,1567.2816,6.7056,0.0,2.995168,0.0
265.1,40.01211302,-104.9512406,1566.672,6.096,0.357632,2.90576,0.0
265.2,40.01211306,-104.9512408,1566.3672,5.7912,0.0,2.90576,0.0
265.3,40.01211317,-104.9512409,1566.0624,5.486400000000001,0.491744,2.592832,0.0
265.40000000000003,40.01211324,-104.9512411,1566.0624,5.30352,0.0,2.101088,0.0
265.50000000000006,40.01211315,-104.951241,1565.7576,5.09016,0.0,1.609344,0.0
265.6,40.01211317,-104.951241,1565.7576,4.99872,0.0,1.1176,0.0
265.7,40.01211321,-104.9512409,1565.4528,4.907280000000001,0.0,0.89408,90.0
265.90000000000003,40.01211327,-104.9512409,1565.4528,4.69392,0.0,0.491744,0.0
266.00000000000006,40.01211329,-104.9512409,1565.4528,4.69392,0.0,0.402336,0.0
266.1,40.01211342,-104.951241,1565.4528,4.69392,0.0,0.402336,0.0
266.2,40.01211343,-104.9512411,1565.148,4.60248,0.0,0.491744,0.0
266.3,40.01211355,-104.9512416,1565.148,4.60248,0.0,0.312928,0.0
266.40000000000003,40.01211357,-104.9512417,1565.148,4.60248,0.491744,0.089408,0.0
266.50000000000006,40.01211369,-104.9512417,1565.148,4.60248,0.0,0.0,0.0
266.6,40.01211371,-104.9512419,1565.4528,4.69392,0.0,0.0,0.0
266.8,40.01211367,-104.9512418,1565.4528,4.69392,0.0,-0.089408,0.0
266.90000000000003,40.01211349,-104.9512418,1565.4528,4.69392,0.312928,0.0,0.0
267.00000000000006,40.01211348,-104.9512419,1565.4528,4.78536,0.0,0.0,0.0
267.1,40.0121135,-104.9512418,1565.4528,4.78536,0.0,0.0,0.0
267.2,40.01211351,-104.9512419,1565.4528,4.78536,0.0,0.0,0.0
267.3,40.01211337,-104.9512419,1565.4528,4.78536,0.0,0.0,0.0
267.50000000000006,40.01211323,-104.9512419,1565.4528,4.78536,0.0,0.0,0.0
267.7,40.01211324,-104.951242,1565.4528,4.78536,0.0,0.0,0.0
267.8,40.01211322,-104.951242,1565.4528,4.78536,0.0,0.0,0.0
268.00000000000006,40.01211306,-104.9512421,1565.4528,4.78536,0.0,0.0,0.0
268.1,40.0121131,-104.9512421,1565.4528,4.78536,0.0,0.0,0.0
268.2,40.01211307,-104.9512422,1565.4528,4.78536,0.0,0.0,0.0
268.3,40.01211297,-104.9512421,1565.4528,4.78536,0.0,0.0,0.0
268.40000000000003,40.01211295,-104.9512421,1565.4528,4.78536,0.0,0.0,0.0
268.50000000000006,40.01211304,-104.9512422,1565.4528,4.78536,0.0,0.0,0.0
268.6,40.01211303,-104.9512423,1565.4528,4.78536,0.491744,0.089408,0.0
268.7,40.01211293,-104.9512424,1565.4528,4.78536,0.0,0.0,0.0
268.8,40.0121129,-104.9512424,1565.4528,4.78536,0.0,0.0,0.0
268.90000000000003,40.01211293,-104.9512425,1565.4528,4.78536,0.0,0.0,0.0
269.00000000000006,40.0121129,-104.9512425,1565.4528,4.78536,0.491744,0.0,0.0
269.1,40.01211292,-104.9512426,1565.4528,4.78536,0.0,0.0,0.0
269.2,40.01211288,-104.9512426,1565.4528,4.78536,0.0,0.0,0.0
269.3,40.01211291,-104.9512425,1565.4528,4.78536,0.0,0.0,0.0
269.40000000000003,40.01211287,-104.9512425,1565.4528,4.78536,0.0,0.0,0.0
269.50000000000006,40.01211306,-104.9512427,1565.4528,4.78536,0.0,0.0,0.0
269.6,40.01211305,-104.9512427,1565.4528,4.78536,0.0,0.0,0.0
269.7,40.01211308,-104.9512428,1565.4528,4.78536,0.0,0.0,0.0
269.8,40.01211307,-104.9512428,1565.4528,4.78536,0.0,0.0,0.0
270.00000000000006,40.0121131,-104.951243,1565.4528,4.78536,0.0,0.0,0.0
270.1,40.01211311,-104.9512431,1565.4528,4.78536,0.0,0.0,0.0
270.2,40.01211309,-104.9512431,1565.4528,4.78536,0.0,0.0,0.0
270.40000000000003,40.01211303,-104.9512431,1565.4528,4.78536,0.0,0.0,0.0
270.50000000000006,40.01211316,-104.9512433,1565.4528,4.78536,0.0,0.0,0.0
270.6,40.01211313,-104.9512433,1565.4528,4.78536,0.0,0.0,0.0
270.7,40.01211315,-104.9512433,1565.4528,4.78536,0.0,0.0,0.0
270.8,40.01211314,-104.9512434,1565.4528,4.78536,0.491744,0.0,0.0
270.90000000000003,40.01211319,-104.9512433,1565.4528,4.78536,0.0,0.0,0.0
271.00000000000006,40.01211319,-104.9512433,1565.4528,4.78536,0.0,0.0,0.0
271.1,40.01211324,-104.9512434,1565.4528,4.78536,0.0,0.0,0.0
271.2,40.01211326,-104.9512435,1565.4528,4.78536,0.0,0.0,0.0
271.40000000000003,40.01211329,-104.9512434,1565.4528,4.78536,0.0,0.089408,0.0
271.50000000000006,40.01211341,-104.9512436,1565.4528,4.78536,0.0,0.402336,0.0
271.6,40.01211344,-104.9512436,1565.4528,4.69392,0.0,0.715264,0.0
271.7,40.01211341,-104.9512437,1565.4528,4.69392,0.0,1.1176,0.0
271.8,40.01211345,-104.9512437,1565.148,4.51104,0.0,1.207008,0.0
271.90000000000003,40.01211345,-104.9512436,1565.148,4.38912,0.0,0.983488,0.0
272.00000000000006,40.01211351,-104.9512436,1564.8432,4.29768,0.0,0.581152,0.0
272.1,40.01211364,-104.9512438,1564.8432,4.29768,0.0,0.402336,0.0
272.2,40.01211372,-104.9512438,1564.8432,4.20624,0.0,0.491744,0.0
272.3,40.01211364,-104.951244,1564.8432,4.20624,0.491744,0.804672,0.0
272.40000000000003,40.01211371,-104.951244,1564.8432,4.1148,0.491744,1.207008,0.0
272.50000000000006,40.01211402,-104.951244,1564.5384,3.901440000000001,0.0,1.609344,0.0
272.6,40.01211409,-104.9512441,1564.2336,3.68808,0.491744,2.01168,0.0
272.7,40.01211404,-104.9512443,1564.2336,3.5052000000000003,0.0,2.414016,0.0
272.8,40.01211407,-104.9512443,1563.9288,3.2918400000000005,0.0,2.592832,0.0
272.90000000000003,40.01211433,-104.9512442,1563.624,2.9870400000000004,0.491744,2.68224,0.0
273.00000000000006,40.01211435,-104.9512442,1563.3192,2.7127200000000005,0.0,2.68224,0.0
273.1,40.01211401,-104.9512443,1563.3192,2.49936,0.0,2.503424,0.0
273.2,40.012114,-104.9512443,1563.0144,2.19456,0.0,2.414016,0.0
273.3,40.01211399,-104.9512444,1562.7096,2.01168,0.0,2.279904,0.0
273.50000000000006,40.01211401,-104.9512444,1562.1,1.4935200000000002,0.0,1.922272,0.0
273.6,40.01211398,-104.9512444,1562.1,1.31064,0.0,1.78816,0.0
273.7,40.01211406,-104.9512445,1561.7952,1.18872,0.0,1.6987519999999998,0.0
273.90000000000003,40.01211392,-104.9512444,1561.4904,0.7924800000000001,0.0,1.385824,0.0
274.00000000000006,40.01211384,-104.9512444,1561.4904,0.70104,0.0,1.296416,0.0
274.1,40.0121133,-104.9512444,1561.1856,0.6096,0.0,0.983488,0.0
274.2,40.01211318,-104.9512444,1561.1856,0.48768,0.491744,0.581152,0.0
274.3,40.01211326,-104.9512443,1561.1856,0.48768,0.0,0.312928,0.0
274.40000000000003,40.01211322,-104.9512443,1561.1856,0.39624,0.0,0.089408,0.0
274.50000000000006,40.01211333,-104.9512443,1561.1856,0.39624,0.0,0.0,0.0
274.6,40.01211363,-104.9512445,1561.1856,0.39624,0.0,0.0,330.94539590092285
274.7,40.01211424,-104.9512448,1561.1856,0.39624,0.0,0.0,336.3706222693432
274.8,40.01211498,-104.9512454,1561.1856,0.48768,0.938784,0.0,331.1892062570269
274.90000000000003,40.01211557,-104.951246,1561.1856,0.48768,0.804672,0.0,332.5255683737229
275.00000000000006,40.01211665,-104.9512469,1561.1856,0.48768,1.162304,0.0,331.1134182330893
275.1,40.01211786,-104.9512476,1561.1856,0.48768,1.519936,0.0,331.1134182330893
275.2,40.01211896,-104.9512485,1561.1856,0.48768,1.519936,0.0,329.34933204294714
275.3,40.01211997,-104.9512495,1561.1856,0.48768,1.519936,0.0,333.434948822922
275.40000000000003,40.01212074,-104.9512501,1561.1856,0.48768,1.162304,0.0,333.434948822922
275.50000000000006,40.01212139,-104.9512507,1561.1856,0.48768,1.0728959999999998,0.0,330.6422464572087
275.6,40.01212188,-104.9512512,1561.1856,0.48768,0.67056,0.0,331.6992442339936
275.8,40.01212303,-104.951252,1561.1856,0.48768,0.715264,0.0,331.6992442339936
275.90000000000003,40.01212383,-104.9512526,1561.1856,0.48768,0.89408,0.0,330.6422464572087
276.00000000000006,40.01212447,-104.9512531,1561.1856,0.48768,0.938784,0.0,328.5704343851615
276.1,40.01212513,-104.9512537,1561.1856,0.48768,0.938784,0.0,331.1892062570269
276.2,40.01212601,-104.9512545,1561.1856,0.48768,1.0728959999999998,0.0,329.420773127511
276.3,40.01212705,-104.9512551,1561.1856,0.48768,1.162304,0.0,327.3807569288072
276.40000000000003,40.01212811,-104.951256,1561.1856,0.48768,1.34112,0.0,329.34933204294714
276.50000000000006,40.01212921,-104.951257,1561.1856,0.48768,1.519936,0.0,331.1134182330893
276.6,40.0121303,-104.9512579,1561.1856,0.48768,1.430528,0.0,329.34933204294714
276.7,40.01213135,-104.9512586,1561.1856,0.48768,1.519936,0.0,329.420773127511
276.8,40.01213215,-104.9512592,1561.1856,0.48768,1.162304,0.0,328.5704343851615
276.90000000000003,40.01213292,-104.9512599,1561.1856,0.48768,1.0728959999999998,0.0,325.304846468766
277.00000000000006,40.01213342,-104.9512603,1561.1856,0.48768,0.804672,0.0,327.5288077091515
277.1,40.01213399,-104.9512607,1561.1856,0.48768,0.67056,0.0,330.94539590092285
277.3,40.01213453,-104.9512611,1561.1856,0.48768,0.44704,0.0,338.1985905136482
277.40000000000003,40.01213467,-104.9512612,1561.1856,0.48768,0.0,0.0,315.0
277.50000000000006,40.0121349,-104.9512615,1561.1856,0.48768,0.0,0.0,0.0
277.6,40.01213497,-104.9512616,1561.1856,0.48768,0.0,0.0,0.0
277.7,40.01213493,-104.9512615,1561.1856,0.48768,0.0,0.0,0.0
277.90000000000003,40.01213498,-104.9512615,1561.1856,0.48768,0.0,0.0,0.0
278.1,40.01213484,-104.9512617,1561.1856,0.48768,0.0,0.0,0.0
278.2,40.01213488,-104.9512617,1561.1856,0.48768,0.0,0.0,0.0
278.3,40.01213473,-104.9512617,1561.1856,0.48768,0.0,0.0,0.0
278.50000000000006,40.01213478,-104.9512617,1561.1856,0.48768,0.0,0.0,0.0
278.6,40.0121348,-104.9512617,1561.1856,0.48768,0.0,0.0,0.0
278.7,40.0121347,-104.9512617,1561.1856,0.48768,0.0,0.0,0.0
278.8,40.01213472,-104.9512616,1561.1856,0.48768,0.0,0.0,0.0
278.90000000000003,40.01213472,-104.9512616,1561.1856,0.48768,0.0,0.0,0.0
279.1,40.0121348,-104.9512616,1561.1856,0.48768,0.0,0.0,0.0
279.2,40.01213491,-104.9512617,1561.1856,0.48768,0.312928,0.0,315.0
279.3,40.01213518,-104.9512619,1561.1856,0.48768,0.0,0.0,315.0
279.40000000000003,40.01213547,-104.9512623,1561.1856,0.48768,0.67056,0.0,307.8749836510982
279.50000000000006,40.01213593,-104.951263,1561.1856,0.48768,0.67056,0.0,309.2894068625004
279.6,40.01213637,-104.9512637,1561.1856,0.48768,0.67056,0.0,310.23635830927384
279.7,40.01213681,-104.9512644,1561.1856,0.48768,0.804672,0.0,310.23635830927384
279.8,40.01213721,-104.9512651,1561.1856,0.48768,0.804672,0.0,304.695153531234
279.90000000000003,40.01213746,-104.9512658,1561.1856,0.48768,0.804672,0.0,302.4711922908485
280.00000000000006,40.01213769,-104.9512664,1561.1856,0.48768,0.491744,0.0,299.05460409907715
280.1,40.01213792,-104.9512667,1561.1856,0.48768,0.67056,0.0,305.5376777919744
280.2,40.01213805,-104.951267,1561.1856,0.48768,0.491744,0.0,291.8014094863518
280.3,40.01213814,-104.9512675,1561.1856,0.39624,0.67056,0.0,291.8014094863518
280.40000000000003,40.01213819,-104.9512677,1561.1856,0.48768,0.67056,0.0,270.0
280.50000000000006,40.01213827,-104.9512681,1561.1856,0.48768,0.0,0.0,270.0
280.90000000000003,40.01213826,-104.9512689,1561.1856,0.48768,0.2682239999999999,0.0,0.0
281.00000000000006,40.01213822,-104.951269,1561.1856,0.48768,0.0,0.0,0.0
281.1,40.01213807,-104.9512689,1561.1856,0.48768,0.0,0.0,0.0
281.2,40.01213798,-104.951269,1561.1856,0.48768,0.0,0.0,0.0
281.50000000000006,40.01213735,-104.9512687,1561.1856,0.39624,0.0,0.0,180.0
281.6,40.01213721,-104.9512687,1561.1856,0.39624,0.0,0.0,0.0
281.90000000000003,40.01213703,-104.9512684,1561.1856,0.39624,0.0,0.0,0.0
282.00000000000006,40.01213698,-104.9512684,1561.1856,0.39624,0.0,0.0,0.0
282.1,40.01213695,-104.9512684,1561.1856,0.39624,0.0,0.0,0.0
282.2,40.01213689,-104.9512683,1561.1856,0.39624,0.0,0.0,0.0
282.3,40.01213698,-104.9512682,1561.1856,0.39624,0.0,0.0,0.0
282.40000000000003,40.01213691,-104.9512681,1561.1856,0.39624,0.0,0.312928,0.0
282.50000000000006,40.0121368,-104.9512681,1561.1856,0.39624,0.0,0.581152,0.0
282.6,40.01213672,-104.951268,1560.8808,0.3048,0.0,0.804672,0.0
282.7,40.01213679,-104.951268,1560.8808,0.21336,0.0,0.89408,0.0
282.90000000000003,40.01213662,-104.9512681,1560.576,0.0,0.0,0.89408,0.0
283.00000000000006,40.0121365,-104.9512681,1560.576,0.0,0.0,0.804672,0.0
283.1,40.01213649,-104.9512682,1560.576,-0.09144,0.491744,0.804672,0.0
283.2,40.01213646,-104.9512682,1560.576,-0.09144,0.0,0.715264,0.0
283.3,40.01213682,-104.9512681,1560.576,-0.21336,0.0,0.581152,0.0
283.40000000000003,40.01213693,-104.9512681,1560.2712,-0.3048,0.0,0.581152,0.0
283.50000000000006,40.01213694,-104.9512685,1560.2712,-0.39624,0.0,0.491744,0.0
283.6,40.01213704,-104.9512685,1560.2712,-0.39624,0.491744,0.491744,0.0
283.7,40.01213726,-104.9512683,1560.2712,-0.48768,0.0,0.402336,0.0
283.8,40.01213734,-104.9512683,1560.2712,-0.48768,0.0,0.402336,0.0
283.90000000000003,40.01213733,-104.9512684,1560.2712,-0.48768,0.0,0.402336,0.0
284.1,40.0121376,-104.9512683,1559.9664,-0.6096,0.312928,0.312928,0.0
284.2,40.01213763,-104.9512683,1559.9664,-0.70104,0.0,0.312928,0.0
284.3,40.01213784,-104.9512684,1559.9664,-0.70104,0.0,0.312928,0.0
284.40000000000003,40.01213785,-104.9512684,1559.9664,-0.70104,0.0,0.312928,0.0
284.50000000000006,40.01213765,-104.9512686,1559.9664,-0.7924800000000001,0.0,0.22352,0.0
284.6,40.01213765,-104.9512686,1559.9664,-0.7924800000000001,0.0,0.22352,0.0
284.7,40.01213778,-104.9512686,1559.9664,-0.7924800000000001,0.0,0.22352,0.0
284.90000000000003,40.01213763,-104.9512688,1559.6616,-0.9144,0.0,0.22352,0.0
285.00000000000006,40.01213763,-104.9512688,1559.6616,-0.9144,0.0,0.22352,0.0
285.1,40.01213778,-104.9512687,1559.6616,-0.9144,0.0,0.22352,0.0
285.2,40.01213778,-104.9512687,1559.6616,-0.9144,0.0,0.22352,0.0
285.3,40.0121376,-104.951269,1559.6616,-0.9144,0.0,0.22352,0.0
285.50000000000006,40.01213771,-104.9512688,1559.6616,-1.00584,0.0,0.22352,0.0
285.6,40.01213768,-104.9512688,1559.6616,-1.00584,0.0,0.22352,0.0
285.7,40.01213766,-104.9512688,1559.6616,-1.00584,0.0,0.089408,0.0
285.90000000000003,40.01213758,-104.9512689,1559.6616,-1.09728,0.0,0.089408,0.0
286.00000000000006,40.01213759,-104.9512689,1559.6616,-1.09728,0.0,0.089408,0.0
286.1,40.01213769,-104.9512689,1559.6616,-1.09728,0.0,0.089408,0.0
286.3,40.01213772,-104.9512689,1559.6616,-1.09728,0.0,0.0,0.0
286.50000000000006,40.01213767,-104.9512689,1559.6616,-1.09728,0.0,0.0,0.0
286.6,40.01213765,-104.9512689,1559.6616,-1.09728,0.0,0.0,0.0
286.7,40.0121376,-104.9512689,1559.3568,-1.18872,0.0,0.22352,0.0
286.8,40.01213758,-104.9512689,1559.3568,-1.18872,0.0,0.312928,0.0
286.90000000000003,40.01213761,-104.9512689,1559.3568,-1.18872,0.0,0.312928,0.0
287.00000000000006,40.01213762,-104.9512688,1559.3568,-1.31064,0.0,0.402336,0.0
287.1,40.01213767,-104.9512688,1559.3568,-1.31064,0.0,0.402336,0.0
287.2,40.01213769,-104.9512688,1559.3568,-1.40208,0.0,0.312928,0.0
287.3,40.01213772,-104.9512689,1559.3568,-1.40208,0.0,0.312928,0.0
287.40000000000003,40.01213776,-104.9512689,1559.3568,-1.40208,0.0,0.312928,0.0
287.7,40.01213806,-104.9512687,1559.052,-1.4935200000000002,0.0,0.312928,0.0
287.8,40.01213809,-104.9512687,1559.052,-1.58496,0.0,0.22352,0.0
287.90000000000003,40.01213804,-104.9512686,1559.052,-1.58496,0.0,0.089408,0.0
288.00000000000006,40.01213802,-104.9512686,1559.052,-1.58496,0.0,0.089408,0.0
288.1,40.01213784,-104.9512687,1559.052,-1.58496,0.0,0.089408,0.0
288.2,40.01213778,-104.9512687,1559.052,-1.58496,0.0,0.089408,0.0
288.3,40.01213776,-104.9512686,1559.052,-1.70688,0.0,0.089408,0.0
288.40000000000003,40.01213771,-104.9512686,1559.052,-1.70688,0.0,0.089408,0.0
288.6,40.01213759,-104.9512686,1559.052,-1.70688,0.0,0.0,0.0
288.7,40.01213758,-104.9512685,1559.052,-1.70688,0.0,0.0,0.0
288.8,40.01213757,-104.9512685,1559.052,-1.70688,0.0,0.0,0.0
288.90000000000003,40.01213756,-104.9512685,1559.052,-1.70688,0.0,0.0,0.0
289.00000000000006,40.01213754,-104.9512685,1559.052,-1.70688,0.0,0.0,0.0
289.1,40.0121376,-104.9512686,1559.052,-1.70688,0.0,0.0,0.0
289.2,40.01213758,-104.9512687,1559.052,-1.70688,0.0,0.0,0.0
289.3,40.01213761,-104.9512686,1559.052,-1.70688,0.0,0.0,0.0
289.40000000000003,40.01213761,-104.9512686,1559.052,-1.70688,0.0,0.0,0.0
289.6,40.01213763,-104.9512686,1559.052,-1.70688,0.0,0.0,0.0
