timestamp,latitude,longitude,altitude,height,ground_speed,vertical_speed,course
0.0,39.96126301,-106.21631337,2477.4144,0.0,0.0,0.0,0.0
0.0999999999999999,39.96126302,-106.21631333,2477.4144,0.0,0.0,0.0,0.0
0.2,39.96126302,-106.21631332,2477.4144,0.0,0.0,0.0,0.0
0.2999999999999999,39.961263,-106.21631331,2477.4144,0.0,0.0,0.0,0.0
0.4,39.96126296,-106.21631331,2477.4144,0.0,0.0,0.0,0.0
0.4999999999999999,39.96126292,-106.2163133,2477.4144,0.0,0.0,0.0,0.0
0.6,39.96126286,-106.21631327,2477.4144,0.0,0.0,0.0,0.0
0.7000000000000001,39.96126282,-106.21631322,2477.4144,0.0,0.0,0.0,0.0
0.7999999999999999,39.9612628,-106.21631321,2477.4144,0.0,0.0,0.0,0.0
0.9,39.96126281,-106.21631321,2477.4144,0.0,0.0,0.0,270.0
1.0,39.96126281,-106.21631321,2477.4144,0.0,0.0,0.0,0.0
1.1,39.96126274,-106.21631322,2477.4144,0.0,0.0,0.0,0.0
1.2000000000000002,39.96126271,-106.21631326,2477.4144,0.0,0.0,0.0,0.0
1.3000000000000005,39.96126268,-106.21631323,2477.4144,0.0,0.0,0.0,270.0
1.4,39.96126264,-106.21631321,2477.4144,0.0,0.0,0.0,270.0
1.5,39.96126265,-106.21631319,2477.4144,0.0,0.0,0.0,0.0
1.5,39.96126265,-106.21631319,2477.4144,0.0,0.0,0.0,0.0
1.7000000000000002,39.96126279,-106.21631319,2477.4144,0.0,0.0,0.0,0.0
1.8000000000000005,39.96126288,-106.21631321,2477.4144,0.0,0.0,0.0,0.0
1.9,39.96126314,-106.21631313,2477.4144,0.0,0.0,0.0,0.0
2.0,39.96126332,-106.21631309,2477.4144,0.0,0.0,-0.089408,0.0
2.1,39.96126346,-106.21631324,2477.7192,0.09144,0.0,-0.089408,0.0
2.2,39.96126355,-106.21631333,2477.7192,0.09144,0.0,-0.089408,0.0
2.3000000000000003,39.96126357,-106.21631339,2477.7192,0.09144,0.0,-0.089408,0.0
2.4,39.96126358,-106.21631343,2477.7192,0.09144,0.491744,-0.089408,0.0
2.5,39.96126346,-106.21631336,2477.7192,0.09144,0.0,-0.089408,0.0
2.6,39.96126336,-106.2163133,2477.7192,0.09144,0.491744,-0.089408,0.0
2.7,39.96126316,-106.21631317,2477.7192,0.09144,0.491744,-0.089408,180.0
2.9,39.9612626,-106.21631291,2477.7192,0.21336,0.312928,-0.22352,180.0
3.0,39.96126229,-106.21631279,2477.7192,0.21336,0.44704,-0.22352,180.0
3.1,39.96126187,-106.21631262,2477.7192,0.21336,0.0,-0.312928,180.0
3.3000000000000003,39.96126114,-106.21631247,2477.7192,0.3048,0.44704,-0.402336,180.0
3.4,39.96126083,-106.21631244,2477.7192,0.3048,0.44704,-0.402336,180.0
3.5000000000000004,39.96126055,-106.21631246,2478.0240000000003,0.39624,0.0,-0.491744,180.0
3.7,39.96126012,-106.21631244,2478.0240000000003,0.48768,0.0,-0.491744,180.0
3.9,39.96125994,-106.2163124,2478.0240000000003,0.6096,0.22352,-0.491744,0.0
4.0,39.9612599,-106.21631238,2478.0240000000003,0.6096,0.0,-0.402336,0.0
4.1,39.96125992,-106.21631238,2478.3288,0.70104,0.0,-0.402336,0.0
4.199999999999999,39.96125991,-106.21631237,2478.3288,0.70104,0.0,-0.491744,0.0
4.3,39.96125994,-106.21631237,2478.3288,0.7924800000000001,0.0,-0.402336,0.0
4.4,39.96125995,-106.21631237,2478.3288,0.7924800000000001,0.0,-0.402336,0.0
4.5,39.96125994,-106.2163123,2478.3288,0.9144,0.0,-0.402336,0.0
4.6,39.96125995,-106.21631225,2478.3288,0.9144,0.0,-0.402336,0.0
4.699999999999999,39.96125994,-106.21631223,2478.6336,1.00584,0.0,-0.402336,0.0
4.8,39.96125995,-106.21631221,2478.6336,1.00584,0.0,-0.491744,0.0
4.9,39.96125997,-106.21631222,2478.6336,1.09728,0.0,-0.402336,0.0
5.0,39.96126,-106.21631223,2478.6336,1.09728,0.0,-0.22352,0.0
5.1,39.96126008,-106.21631221,2478.6336,1.09728,0.0,-0.22352,0.0
5.199999999999999,39.96126015,-106.2163122,2478.6336,1.18872,0.0,-0.089408,0.0
5.3,39.96126025,-106.21631219,2478.6336,1.09728,0.491744,0.0,0.0
5.4,39.96126035,-106.21631219,2478.6336,1.09728,0.0,0.0,0.0
5.5,39.96126044,-106.2163122,2478.6336,1.09728,0.67056,0.0,0.0
5.6,39.96126052,-106.21631222,2478.6336,1.09728,0.0,0.0,0.0
5.699999999999999,39.96126059,-106.21631218,2478.6336,1.09728,0.0,0.0,0.0
5.8,39.96126064,-106.21631217,2478.6336,1.09728,0.0,0.0,0.0
5.9,39.96126066,-106.21631216,2478.6336,1.09728,0.0,0.0,0.0
6.0,39.96126068,-106.21631216,2478.6336,1.09728,0.0,0.0,0.0
6.1,39.96126064,-106.21631211,2478.6336,1.09728,0.0,0.0,0.0
6.199999999999999,39.96126063,-106.21631207,2478.6336,1.09728,0.0,0.0,0.0
6.3,39.96126062,-106.21631199,2478.6336,1.09728,0.0,0.0,0.0
6.4,39.96126063,-106.21631192,2478.6336,1.09728,0.0,0.0,0.0
6.5,39.96126067,-106.21631181,2478.6336,1.09728,0.0,0.0,0.0
6.6,39.96126069,-106.21631172,2478.6336,1.09728,0.0,0.0,0.0
6.8,39.96126077,-106.2163115,2478.6336,1.18872,0.0,0.0,0.0
6.9,39.96126082,-106.21631141,2478.6336,1.18872,0.0,0.0,0.0
7.0,39.96126085,-106.21631135,2478.6336,1.18872,0.0,0.0,0.0
7.1,39.96126092,-106.21631135,2478.6336,1.18872,0.0,0.0,0.0
7.199999999999999,39.96126096,-106.21631134,2478.6336,1.18872,0.0,0.0,0.0
7.299999999999999,39.96126106,-106.21631141,2478.6336,1.18872,0.0,0.0,0.0
7.4,39.96126111,-106.21631146,2478.6336,1.18872,0.0,0.0,0.0
7.5,39.96126121,-106.21631154,2478.6336,1.18872,0.0,0.0,0.0
7.6,39.96126127,-106.21631159,2478.6336,1.18872,0.0,0.0,0.0
7.699999999999999,39.96126135,-106.21631164,2478.6336,1.18872,0.0,0.0,0.0
7.799999999999999,39.96126139,-106.21631168,2478.6336,1.18872,0.0,0.0,0.0
7.9,39.9612615,-106.21631176,2478.6336,1.18872,0.0,0.0,0.0
8.0,39.96126157,-106.21631183,2478.6336,1.18872,0.0,0.0,0.0
8.1,39.96126168,-106.21631188,2478.6336,1.18872,0.0,0.0,0.0
8.2,39.96126174,-106.21631193,2478.6336,1.18872,0.491744,0.0,0.0
8.299999999999999,39.96126182,-106.21631195,2478.6336,1.18872,0.0,0.0,0.0
8.4,39.96126187,-106.21631199,2478.6336,1.18872,0.491744,0.0,0.0
8.5,39.96126198,-106.21631201,2478.6336,1.18872,0.0,0.0,0.0
8.6,39.96126205,-106.21631204,2478.6336,1.18872,0.0,-0.089408,0.0
8.7,39.96126214,-106.216312,2478.6336,1.18872,0.0,-0.581152,0.0
8.799999999999999,39.96126219,-106.21631195,2478.9384,1.31064,0.0,-1.207008,0.0
8.9,39.96126222,-106.21631183,2478.9384,1.4935200000000002,0.0,-1.6987519999999998,0.0
9.0,39.96126221,-106.21631171,2479.2432000000003,1.70688,0.0,-2.101088,90.0
9.1,39.96126219,-106.21631148,2479.548,2.01168,0.0,-2.414016,90.0
9.2,39.96126217,-106.21631132,2479.8528,2.4079200000000003,0.0,-2.816352,0.0
9.3,39.96126217,-106.21631113,2480.1576,2.7127200000000005,0.0,-2.90576,0.0
9.4,39.96126218,-106.21631101,2480.4624000000003,2.9870400000000004,0.0,-2.816352,0.0
9.5,39.96126226,-106.21631091,2480.7672,3.2918400000000005,0.0,-2.68224,0.0
9.6,39.96126234,-106.21631085,2481.072,3.5052000000000003,0.0,-2.414016,0.0
9.7,39.96126253,-106.21631091,2481.3768,3.68808,0.0,-2.190496,0.0
9.8,39.96126269,-106.21631098,2481.3768,3.901440000000001,0.0,-2.101088,0.0
9.9,39.96126291,-106.21631108,2481.6816000000003,4.1148,0.0,-2.101088,0.0
10.1,39.96126331,-106.21631133,2481.9864,4.38912,0.0,-2.190496,0.0
10.2,39.96126347,-106.21631145,2482.2912,4.69392,0.312928,-2.190496,0.0
10.3,39.96126361,-106.21631156,2482.596,4.907280000000001,0.0,-2.190496,0.0
10.5,39.96126385,-106.21631174,2482.9008000000003,5.39496,0.0,-2.414016,0.0
10.6,39.96126394,-106.21631181,2483.2056,5.60832,0.0,-2.592832,0.0
10.7,39.96126404,-106.21631188,2483.5104,5.91312,0.0,-2.68224,0.0
10.8,39.96126412,-106.21631194,2483.8152,6.1874400000000005,0.0,-2.68224,0.0
10.9,39.96126424,-106.21631197,2484.1200000000003,6.492240000000001,0.0,-2.68224,0.0
11.0,39.96126434,-106.21631201,2484.4248,6.797040000000001,0.0,-2.68224,0.0
11.1,39.96126444,-106.21631203,2484.7296,7.10184,0.0,-2.592832,0.0
11.2,39.96126454,-106.21631206,2485.0344,7.40664,0.0,-2.68224,0.0
11.3,39.96126461,-106.21631211,2485.0344,7.58952,0.0,-2.90576,0.0
11.4,39.96126468,-106.21631217,2485.3392000000003,7.89432,0.0,-2.995168,0.0
11.5,39.96126473,-106.21631213,2485.644,8.19912,0.0,-3.218688,0.0
11.6,39.96126479,-106.21631212,2486.2536,8.59536,0.0,-3.308096,0.0
11.7,39.96126486,-106.21631206,2486.5584000000003,8.90016,0.0,-3.397504,0.0
11.8,39.96126493,-106.21631206,2486.8632,9.2964,0.0,-3.397504,0.0
11.9,39.96126499,-106.21631198,2487.168,9.6012,0.0,-3.397504,0.0
12.0,39.96126506,-106.21631197,2487.4728,9.99744,0.0,-3.397504,0.0
12.1,39.96126514,-106.21631196,2487.7776000000003,10.30224,0.0,-3.397504,0.0
12.2,39.96126524,-106.21631199,2488.3872,10.698480000000002,0.0,-3.308096,0.0
12.3,39.96126535,-106.21631194,2488.692,11.00328,0.0,-3.397504,0.0
12.4,39.96126547,-106.21631195,2488.9968000000003,11.39952,0.0,-3.397504,0.0
12.5,39.96126555,-106.21631184,2489.3016,11.70432,0.0,-3.486912,0.0
12.6,39.96126565,-106.21631181,2489.6064,12.100560000000002,0.0,-3.486912,0.0
12.7,39.96126571,-106.21631163,2489.9112,12.405360000000002,0.0,-3.486912,0.0
12.8,39.96126579,-106.21631155,2490.2160000000003,12.8016,0.0,-3.621024,0.0
12.9,39.96126586,-106.21631137,2490.8256,13.19784,0.0,-3.710432,0.0
13.0,39.96126594,-106.2163113,2491.1304,13.594080000000002,0.0,-3.79984,0.0
13.1,39.96126603,-106.21631118,2491.4352000000003,13.99032,0.0,-4.02336,0.0
13.2,39.96126612,-106.21631113,2492.0448,14.38656,0.0,-3.889248,0.0
13.3,39.96126612,-106.21631099,2492.3496,14.81328,0.0,-3.397504,0.0
13.4,39.96126615,-106.21631092,2492.6544000000004,15.0876,0.0,-2.816352,0.0
13.5,39.96126618,-106.21631074,2492.9592,15.3924,0.0,-2.190496,0.0
13.6,39.96126623,-106.21631064,2493.264,15.605760000000002,0.0,-1.519936,0.0
13.7,39.96126625,-106.21631047,2493.264,15.6972,0.0,-0.804672,0.0
13.8,39.9612663,-106.2163104,2493.264,15.605760000000002,0.0,-0.312928,0.0
13.9,39.96126628,-106.21631029,2493.264,15.605760000000002,0.0,0.0,0.0
14.0,39.9612663,-106.21631026,2492.9592,15.51432,0.0,0.312928,0.0
14.1,39.96126639,-106.2163102,2492.9592,15.3924,0.0,0.491744,0.0
14.2,39.96126645,-106.21631019,2492.9592,15.3924,0.0,0.491744,0.0
14.3,39.96126645,-106.21630999,2492.9592,15.3924,0.0,0.402336,0.0
14.4,39.96126641,-106.21630989,2492.9592,15.3924,0.0,0.22352,0.0
14.5,39.96126631,-106.21630966,2492.9592,15.3924,0.0,0.089408,0.0
14.6,39.9612662,-106.21630956,2492.9592,15.51432,0.0,0.0,0.0
14.7,39.96126601,-106.21630945,2492.9592,15.51432,0.0,-0.089408,0.0
14.8,39.96126583,-106.21630944,2493.264,15.605760000000002,0.0,-0.22352,0.0
14.9,39.96126555,-106.2163094,2493.264,15.6972,0.0,-0.22352,0.0
15.0,39.96126531,-106.21630945,2493.264,15.6972,0.67056,-0.312928,0.0
15.1,39.96126504,-106.21630948,2493.264,15.78864,0.491744,-0.22352,0.0
15.2,39.9612648,-106.21630958,2493.5688,15.910560000000002,0.0,-0.22352,0.0
15.4,39.96126437,-106.21630983,2493.5688,15.910560000000002,0.0,0.0,270.0
15.499999999999998,39.96126411,-106.21630994,2493.5688,15.910560000000002,0.0,0.0,270.0
15.7,39.96126364,-106.2163102,2493.5688,15.910560000000002,0.0,0.089408,270.0
15.8,39.96126342,-106.21631033,2493.5688,15.910560000000002,0.0,0.089408,225.0
15.9,39.96126322,-106.21631036,2493.5688,15.910560000000002,0.0,0.22352,225.0
15.999999999999998,39.96126302,-106.21631043,2493.5688,15.910560000000002,0.0,0.22352,180.0
16.1,39.96126284,-106.21631041,2493.264,15.78864,0.0,0.22352,180.0
16.200000000000003,39.96126262,-106.21631045,2493.264,15.78864,0.0,0.22352,180.0
16.400000000000002,39.96126161,-106.21631045,2493.264,15.78864,0.44704,0.089408,187.1250163489018
16.5,39.96126045,-106.2163105,2493.264,15.78864,0.8493759999999999,0.089408,184.57392125990089
16.6,39.961259,-106.21631059,2493.264,15.78864,1.519936,0.089408,183.17983011986425
16.700000000000003,39.96125676,-106.21631073,2493.264,15.78864,2.101088,0.089408,182.5448043798131
16.8,39.96125431,-106.21631089,2493.264,15.78864,2.592832,0.22352,182.0454084888872
16.900000000000002,39.96125094,-106.21631118,2493.264,15.78864,3.218688,0.089408,181.7623910236605
17.0,39.96124754,-106.21631143,2493.264,15.78864,3.755136,0.089408,181.54815769897797
17.1,39.96124316,-106.21631185,2493.264,15.78864,4.336288,0.089408,183.5322945838909
17.200000000000003,39.96123903,-106.21631221,2493.264,15.78864,4.738624,0.089408,183.36646066342985
17.3,39.96123447,-106.21631283,2493.264,15.78864,4.828032,0.0,183.17983011986425
17.400000000000002,39.96123011,-106.21631335,2493.5688,15.910560000000002,4.962144,0.0,184.3510779515739
17.5,39.9612257,-106.21631413,2493.5688,15.910560000000002,4.872736,0.0,184.25884612217035
17.700000000000003,39.96121722,-106.2163157,2493.5688,15.910560000000002,4.828032,0.0,185.71059313749964
17.8,39.96121328,-106.21631643,2493.5688,15.910560000000002,4.649216,0.089408,186.0440921622411
17.900000000000002,39.96121011,-106.21631733,2493.5688,15.910560000000002,4.02336,0.089408,186.753574035531
18.0,39.96120717,-106.21631807,2493.5688,15.910560000000002,3.486912,0.089408,187.8831393167297
18.1,39.961205,-106.21631882,2493.5688,15.910560000000002,2.90576,0.089408,189.13017648227867
18.200000000000003,39.96120296,-106.21631943,2493.5688,15.910560000000002,2.414016,0.22352,188.47114463301483
18.3,39.96120182,-106.21631995,2493.5688,15.910560000000002,1.832864,0.22352,190.43747535111817
18.4,39.96120068,-106.21632038,2493.264,15.78864,1.34112,0.089408,189.1623470457217
18.5,39.96120031,-106.2163206,2493.264,15.78864,0.938784,0.089408,191.3099324740202
18.6,39.96119983,-106.21632081,2493.264,15.78864,0.491744,0.089408,186.3401917459099
18.700000000000003,39.96119983,-106.21632078,2493.264,15.78864,0.0,0.089408,187.1250163489018
18.8,39.96119973,-106.21632081,2493.264,15.78864,0.0,0.089408,190.304846468766
18.9,39.96119961,-106.21632059,2493.264,15.78864,0.0,0.089408,180.0
19.0,39.96119949,-106.2163205,2493.264,15.78864,0.0,0.089408,180.0
19.1,39.96119909,-106.21632025,2493.264,15.78864,0.0,0.089408,180.0
19.200000000000003,39.96119885,-106.21632012,2493.264,15.78864,0.0,0.089408,180.0
19.3,39.96119814,-106.21631993,2493.264,15.78864,0.67056,0.089408,180.0
19.4,39.96119776,-106.21631983,2493.264,15.78864,0.67056,0.089408,180.0
19.5,39.9611968,-106.21631974,2493.264,15.78864,0.67056,0.089408,180.0
19.6,39.96119625,-106.21631968,2493.264,15.78864,0.938784,0.089408,180.0
19.700000000000003,39.96119501,-106.21631968,2493.264,15.78864,0.938784,0.089408,180.0
19.8,39.96119433,-106.21631969,2493.264,15.78864,1.0728959999999998,0.089408,180.0
19.9,39.96119319,-106.21631977,2493.264,15.78864,0.938784,0.089408,180.0
20.0,39.9611925,-106.21631982,2493.264,15.78864,0.938784,0.089408,180.0
20.1,39.96119143,-106.21631993,2493.264,15.78864,0.938784,0.0,180.0
20.200000000000003,39.96119081,-106.21631999,2493.264,15.78864,0.938784,0.0,180.0
20.3,39.96118988,-106.21632013,2493.264,15.78864,0.67056,0.0,180.0
20.4,39.96118937,-106.21632021,2493.264,15.78864,0.804672,0.089408,180.0
20.5,39.96118859,-106.21632035,2493.264,15.78864,0.67056,0.089408,0.0
20.6,39.96118818,-106.21632043,2493.264,15.78864,0.67056,0.089408,0.0
20.700000000000003,39.96118765,-106.21632057,2493.264,15.78864,0.0,0.089408,0.0
20.8,39.9611874,-106.21632065,2493.264,15.78864,0.0,0.089408,0.0
20.9,39.96118702,-106.21632072,2493.264,15.78864,0.0,0.089408,0.0
21.0,39.96118687,-106.21632075,2493.264,15.78864,0.0,0.089408,0.0
21.1,39.96118661,-106.21632083,2493.264,15.78864,0.491744,0.089408,0.0
21.200000000000003,39.96118655,-106.21632086,2493.264,15.6972,0.0,0.089408,0.0
21.3,39.96118635,-106.21632097,2493.264,15.6972,0.0,0.089408,0.0
21.4,39.96118635,-106.21632102,2493.264,15.6972,0.491744,0.089408,0.0
21.5,39.96118625,-106.21632116,2493.264,15.6972,0.0,0.089408,0.0
21.6,39.9611863,-106.21632123,2493.264,15.6972,0.0,0.089408,0.0
21.700000000000003,39.96118623,-106.21632138,2493.264,15.6972,0.0,0.089408,0.0
21.8,39.96118631,-106.21632145,2493.264,15.6972,0.0,0.089408,0.0
21.9,39.96118622,-106.21632159,2493.264,15.6972,0.0,0.0,0.0
22.0,39.96118629,-106.21632165,2493.264,15.6972,0.0,0.089408,0.0
22.1,39.9611862,-106.21632178,2493.264,15.6972,0.0,0.089408,0.0
22.200000000000003,39.96118628,-106.21632184,2493.264,15.6972,0.0,0.0,0.0
22.3,39.96118622,-106.21632197,2493.264,15.6972,0.0,0.089408,0.0
22.4,39.96118633,-106.21632203,2493.264,15.6972,0.0,0.089408,0.0
22.5,39.96118628,-106.21632216,2493.264,15.6972,0.0,0.089408,0.0
22.6,39.96118638,-106.21632223,2493.264,15.605760000000002,0.491744,0.089408,0.0
22.700000000000003,39.96118631,-106.21632234,2493.264,15.605760000000002,0.0,0.089408,0.0
22.8,39.9611864,-106.21632239,2493.264,15.605760000000002,0.0,0.089408,0.0
22.9,39.96118631,-106.21632245,2493.264,15.605760000000002,0.0,0.089408,0.0
23.0,39.96118639,-106.21632246,2493.264,15.605760000000002,0.0,0.0,0.0
23.1,39.96118634,-106.21632248,2493.264,15.605760000000002,0.0,0.0,0.0
23.200000000000003,39.96118644,-106.21632245,2493.264,15.605760000000002,0.0,0.0,0.0
23.3,39.96118642,-106.21632244,2493.264,15.605760000000002,0.0,0.0,0.0
23.4,39.96118653,-106.2163224,2493.264,15.605760000000002,0.0,0.0,0.0
23.5,39.96118657,-106.21632237,2493.264,15.605760000000002,0.0,0.0,0.0
23.700000000000003,39.96118677,-106.21632238,2493.264,15.605760000000002,0.0,0.0,0.0
23.8,39.96118694,-106.21632239,2493.264,15.605760000000002,0.0,0.0,0.0
23.9,39.961187,-106.21632247,2493.264,15.605760000000002,0.0,0.0,0.0
24.1,39.96118727,-106.21632257,2493.264,15.605760000000002,0.0,0.089408,0.0
24.200000000000003,39.96118745,-106.21632259,2493.264,15.605760000000002,0.0,0.0,0.0
24.3,39.96118751,-106.21632275,2493.264,15.605760000000002,0.0,0.0,0.0
24.4,39.96118764,-106.21632282,2493.264,15.605760000000002,0.0,0.0,0.0
24.6,39.96118775,-106.21632307,2493.264,15.605760000000002,0.0,0.0,0.0
24.700000000000003,39.96118779,-106.21632324,2493.264,15.605760000000002,0.0,0.0,0.0
24.8,39.96118791,-106.21632332,2493.264,15.605760000000002,0.0,0.0,0.0
24.9,39.96118795,-106.21632349,2493.264,15.605760000000002,0.0,0.0,0.0
25.0,39.96118807,-106.21632355,2492.9592,15.51432,0.0,0.0,0.0
25.1,39.96118811,-106.21632368,2492.9592,15.51432,0.0,0.0,0.0
25.200000000000003,39.96118823,-106.21632373,2492.9592,15.51432,0.0,0.0,0.0
25.3,39.96118826,-106.21632379,2492.9592,15.51432,0.0,0.0,0.0
25.4,39.96118837,-106.21632379,2492.9592,15.51432,0.0,0.0,0.0
25.5,39.96118841,-106.21632384,2492.9592,15.51432,0.0,0.0,0.0
25.700000000000003,39.96118856,-106.21632389,2492.9592,15.51432,0.0,0.0,0.0
25.8,39.96118867,-106.21632391,2493.264,15.605760000000002,0.0,0.0,0.0
25.9,39.96118872,-106.216324,2493.264,15.605760000000002,0.0,0.0,0.0
26.0,39.96118882,-106.21632404,2493.264,15.605760000000002,0.0,0.0,0.0
26.200000000000003,39.96118901,-106.21632422,2493.264,15.605760000000002,0.0,0.0,0.0
26.3,39.96118908,-106.21632438,2493.264,15.605760000000002,0.44704,0.0,0.0
26.4,39.9611892,-106.21632446,2492.9592,15.51432,0.0,0.0,0.0
26.5,39.9611892,-106.21632466,2492.9592,15.51432,0.0,0.0,0.0
26.6,39.96118904,-106.21632479,2492.9592,15.51432,0.0,0.0,180.0
26.700000000000003,39.9611883,-106.21632503,2492.9592,15.51432,0.491744,0.0,188.7461622625552
26.8,39.96118726,-106.21632525,2492.9592,15.51432,0.938784,0.089408,184.57392125990089
26.9,39.96118548,-106.21632565,2492.9592,15.51432,1.654048,0.089408,183.17983011986425
27.0,39.96118346,-106.21632598,2492.9592,15.51432,2.190496,0.089408,186.07245640720768
27.1,39.96118038,-106.21632655,2492.9592,15.51432,2.861056,0.089408,184.927109947649
27.200000000000003,39.96117725,-106.21632704,2492.9592,15.51432,3.486912,0.089408,185.79279649503212
27.3,39.96117304,-106.21632785,2492.9592,15.51432,4.068064,0.089408,185.12819104185283
27.4,39.96116893,-106.21632854,2492.9592,15.51432,4.69392,0.0,185.9061411137705
27.5,39.96116386,-106.21632949,2492.9592,15.51432,5.14096,0.0,185.3558250428552
27.6,39.96115896,-106.2163303,2492.9592,15.51432,5.588,0.0,185.98059952476345
27.700000000000003,39.96115346,-106.2163314,2492.9592,15.51432,5.856224,0.0,185.5114774160206
27.8,39.961148,-106.21633236,2492.9592,15.51432,6.169152,0.0,186.1322224976793
27.9,39.96114222,-106.21633359,2492.9592,15.51432,6.347968,0.0,185.7992176290984
28.0,39.96113637,-106.21633468,2492.9592,15.51432,6.526784,0.0,186.91122711902463
28.1,39.96113039,-106.21633607,2492.9592,15.51432,6.660896,0.0,186.5662986207463
28.200000000000003,39.9611242,-106.2163373,2492.9592,15.51432,6.8397120000000005,0.0,187.0763781776368
28.3,39.96111801,-106.21633869,2492.9592,15.51432,6.92912,0.0,186.753574035531
28.4,39.9611115,-106.21633998,2492.9592,15.51432,7.15264,0.0,187.2597240462598
28.5,39.96110489,-106.21634142,2492.9592,15.51432,7.37616,0.0,186.995192297258
28.700000000000003,39.96109092,-106.2163443,2492.9592,15.51432,7.733792,0.0,187.16530873291592
28.8,39.96108354,-106.21634575,2492.9592,15.51432,8.002016,0.0,187.86402479549952
28.9,39.96107602,-106.21634737,2492.9592,15.51432,8.404352,0.0,187.57467968315785
29.0,39.96106814,-106.21634891,2492.9592,15.51432,8.672576,0.0,187.3057595333108
29.1,39.96106011,-106.21635055,2492.9592,15.51432,8.9408,0.0,187.16044972689116
29.200000000000003,39.96105175,-106.21635212,2492.9592,15.51432,9.209024,0.0,187.46707664026036
29.3,39.96104314,-106.21635381,2492.9592,15.51432,9.521952,0.0,187.32640666016957
29.4,39.96103425,-106.21635543,2492.9592,15.51432,9.83488,0.0,187.09251732827303
29.5,39.96102518,-106.21635715,2492.9592,15.51432,10.0584,0.0,186.87302993834143
29.6,39.96101586,-106.21635881,2492.9592,15.51432,10.326624,0.0,186.753574035531
29.700000000000003,39.96100636,-106.21636057,2492.9592,15.51432,10.550144,0.0,187.094749167611
29.8,39.96099661,-106.21636225,2492.9592,15.51432,10.818368,0.0,186.91838640669368
29.9,39.9609867,-106.216364,2492.9592,15.51432,11.041888,0.0,186.77794873419904
30.0,39.96097654,-106.21636568,2492.9592,15.51432,11.265408,0.0,186.66961984231236
30.1,39.96096597,-106.21636741,2492.9592,15.51432,11.62304,0.0,186.48811511651056
30.200000000000003,39.96095526,-106.21636911,2492.9592,15.51432,11.935968,0.089408,186.36437738377825
30.3,39.96094462,-106.21637089,2492.9592,15.51432,11.980672,0.0,186.2687209561442
30.5,39.96092269,-106.2163744,2492.9592,15.51432,12.159488,0.0,186.4783645797729
30.6,39.96091142,-106.21637614,2492.9592,15.51432,12.383008,0.0,186.38559251256703
30.8,39.96088843,-106.21637967,2492.9592,15.51432,12.785344,0.0,186.1862303289209
30.9,39.96087669,-106.21638147,2492.9592,15.51432,13.098272,0.0,186.12250366148737
31.1,39.96085272,-106.216385,2492.9592,15.51432,13.321792,0.0,185.9389377784845
31.300000000000004,39.96082808,-106.21638839,2492.9592,15.51432,13.590016,0.0,185.39629223989903
31.4,39.96081549,-106.21639003,2492.9592,15.51432,13.85824,0.0,185.32728844818664
31.6,39.96078918,-106.21639319,2492.9592,15.51432,14.484096,0.0,185.1782847042981
31.700000000000003,39.96077667,-106.21639464,2492.9592,15.3924,14.439391999999998,0.0,184.7636416907262
31.800000000000004,39.96076335,-106.21639612,2492.9592,15.3924,14.439391999999998,0.0,184.6915715658268
31.9,39.96074978,-106.21639751,2492.9592,15.3924,14.97584,0.0,184.63546342690265
32.0,39.96073609,-106.21639891,2492.9592,15.3924,15.19936,0.0,184.5942533312664
32.1,39.96072218,-106.21640032,2492.9592,15.3924,15.378176,0.0,184.54043062803987
32.2,39.96070814,-106.21640172,2492.9592,15.3924,15.601696,0.0,184.4748965062461
32.300000000000004,39.96069362,-106.21640309,2492.9592,15.3924,15.914624,0.0,184.42381305694363
32.4,39.9606791,-106.21640445,2492.9592,15.3924,16.182848,0.0,184.3987053549955
32.5,39.96066479,-106.2164058,2492.9592,15.3924,16.048735999999998,0.0,184.01698541390195
32.6,39.96065031,-106.21640712,2492.9592,15.3924,16.048735999999998,0.0,183.9946170081481
32.7,39.96063504,-106.21640844,2492.9592,15.3924,16.585184,0.0,183.95061813834184
32.800000000000004,39.96061985,-106.21640975,2492.9592,15.3924,16.98752,0.0,183.91824886406735
32.9,39.96060498,-106.21641106,2492.9592,15.3924,16.719296,0.0,183.8759047881811
33.0,39.96058994,-106.21641238,2492.9592,15.3924,16.674591999999997,0.0,183.85507359617517
33.1,39.9605745,-106.21641371,2492.9592,15.3924,16.98752,0.0,183.82424267438117
33.2,39.96056025,-106.21641494,2492.9592,15.3924,16.54048,0.0,183.80396083977703
33.300000000000004,39.96054533,-106.21641629,2492.9592,15.3924,16.227552,0.0,183.7838926880849
33.4,39.96053016,-106.21641765,2492.9592,15.3924,16.764,0.0,183.7640348649057
33.5,39.96051461,-106.21641909,2492.9592,15.3924,17.121631999999998,0.0,183.7640348649057
33.6,39.96049823,-106.21642055,2492.9592,15.3924,17.792192,-0.089408,183.7346353295426
33.800000000000004,39.96046836,-106.21642312,2492.9592,15.3924,16.629888,0.0,183.7152891054288
33.9,39.96045301,-106.21642439,2492.9592,15.3924,16.808704,0.0,183.69614200698595
34.0,39.96043748,-106.21642567,2492.9592,15.3924,17.21104,0.0,183.69614200698595
34.1,39.96042199,-106.21642691,2492.9592,15.3924,17.255744,0.0,183.23693010901764
34.2,39.96040635,-106.21642816,2492.9592,15.3924,17.345152,0.0,183.23693010901764
34.300000000000004,39.96039077,-106.21642939,2492.9592,15.3924,17.389855999999998,0.0,183.21220976010923
34.4,39.96037506,-106.21643062,2492.9592,15.3924,17.43456,0.0,183.21220976010923
34.5,39.96035928,-106.21643175,2492.9592,15.3924,17.523968,0.0,183.1959380135959
34.6,39.96034342,-106.21643291,2492.9592,15.3924,17.613376,0.0,182.90592099965332
34.7,39.96032747,-106.21643401,2492.9592,15.3924,17.702784,0.0,182.89126959622052
34.800000000000004,39.96031147,-106.21643513,2492.9592,15.3924,17.792192,0.0,182.89126959622052
34.9,39.96029541,-106.21643624,2492.9592,15.3924,17.836896,0.0,182.89126959622052
35.0,39.96027933,-106.21643736,2492.9592,15.300960000000002,17.8816,0.0,182.87676507030056
35.1,39.96026319,-106.21643839,2492.9592,15.300960000000002,17.926304000000002,0.0,182.87676507030056
35.2,39.96024702,-106.21643945,2492.9592,15.300960000000002,17.971008,0.0,182.86240522611172
35.300000000000004,39.96023042,-106.21644048,2492.9592,15.300960000000002,18.239232,0.0,182.86240522611172
35.4,39.96021396,-106.21644155,2492.9592,15.300960000000002,18.418048,0.0,182.86240522611172
35.5,39.96019799,-106.21644255,2492.9592,15.300960000000002,18.060416,0.0,182.86240522611172
35.6,39.96018194,-106.21644358,2492.9592,15.300960000000002,17.836896,-0.089408,182.86240522611172
35.7,39.96016601,-106.2164445,2492.9592,15.300960000000002,17.792192,-0.22352,182.5895018472409
35.800000000000004,39.96015012,-106.21644544,2492.9592,15.3924,17.702784,-0.312928,182.61575487542183
35.9,39.9601346,-106.2164462,2492.9592,15.3924,17.479264,-0.402336,182.6493288031904
36.0,39.96011921,-106.21644701,2492.9592,15.51432,17.21104,-0.491744,182.6907721202149
36.1,39.96010438,-106.21644767,2493.264,15.605760000000002,16.808704,-0.402336,182.44966262012704
36.2,39.96008975,-106.21644838,2493.264,15.6972,16.406368,-0.402336,182.5307630176354
36.3,39.96007595,-106.21644894,2493.264,15.78864,15.825216,-0.312928,182.10908973725776
36.4,39.96006227,-106.21644957,2493.264,15.78864,15.288768,-0.089408,182.1579504521576
36.5,39.96004937,-106.21645007,2493.5688,15.910560000000002,14.797024,-0.089408,182.2356368961463
36.7,39.96002464,-106.21645107,2493.5688,15.910560000000002,13.947648,0.089408,182.37832997335548
36.8,39.96001282,-106.21645159,2493.264,15.78864,13.545312,0.22352,182.08601019191488
36.9,39.96000212,-106.21645195,2493.264,15.78864,12.51712,0.312928,182.16478915345348
37.0,39.95999149,-106.21645241,2493.264,15.78864,11.891264,0.312928,182.2497487034576
37.2,39.95997168,-106.21645306,2493.264,15.6972,11.265408,0.312928,182.021364940356
37.3,39.95996243,-106.21645319,2493.264,15.6972,10.326624,0.312928,182.1124112702291
37.5,39.95994502,-106.21645341,2493.264,15.6972,9.879584,0.22352,181.80602529760125
37.6,39.95993695,-106.21645353,2493.264,15.6972,9.432544,0.22352,181.3639275316029
37.7,39.95992939,-106.21645337,2493.264,15.6972,8.404352,0.22352,181.4392896278824
37.8,39.95992221,-106.21645337,2493.264,15.6972,8.180832,0.22352,181.5398382886236
37.9,39.95991511,-106.21645307,2493.264,15.6972,7.957312,0.22352,180.65478040226768
38.1,39.9599027,-106.21645264,2493.264,15.6972,7.242048,0.22352,180.0
38.2,39.95989727,-106.21645249,2493.264,15.6972,6.616192,0.089408,180.0
38.3,39.9598927,-106.21645212,2493.264,15.6972,5.588,0.089408,180.0
38.4,39.95988841,-106.21645189,2493.264,15.6972,4.872736,0.22352,180.0
38.5,39.95988385,-106.21645146,2493.264,15.605760000000002,4.91744,0.22352,180.0
38.7,39.95987552,-106.2164508,2493.264,15.605760000000002,4.649216,0.089408,180.0
38.8,39.9598718,-106.21645054,2493.264,15.605760000000002,4.4704,0.089408,180.0
38.9,39.959868,-106.21645011,2493.264,15.605760000000002,4.24688,0.0,180.0
39.0,39.95986461,-106.21644985,2493.264,15.605760000000002,3.978656,0.0,180.0
39.1,39.95986105,-106.21644949,2493.264,15.605760000000002,3.889248,-0.089408,180.0
39.3,39.95985454,-106.21644916,2493.264,15.605760000000002,3.755136,-0.22352,180.0
39.4,39.95985157,-106.21644917,2493.264,15.6972,3.308096,-0.22352,181.59114027119455
39.5,39.95984839,-106.21644922,2493.264,15.6972,3.442208,-0.089408,181.6602823689828
39.6,39.95984558,-106.2164494,2493.264,15.6972,3.3528,-0.089408,184.2678933002908
39.7,39.95984255,-106.2164497,2493.264,15.6972,3.218688,-0.089408,186.14662565964667
39.8,39.9598399,-106.21645012,2493.264,15.6972,3.173984,-0.089408,188.130102354156
39.9,39.95983711,-106.21645079,2493.264,15.6972,3.084576,0.0,190.73889710090543
40.0,39.95983469,-106.21645157,2493.264,15.6972,2.90576,0.0,193.06931789628217
40.2,39.95983011,-106.21645371,2493.264,15.6972,2.726944,0.0,202.2034785320574
40.4,39.95982638,-106.21645659,2493.264,15.6972,2.369312,0.0,214.01934998982645
40.5,39.95982463,-106.21645838,2493.264,15.6972,2.45872,0.0,217.34934904464055
40.6,39.95982318,-106.21646023,2493.264,15.6972,2.414016,0.0,222.35745470593528
40.7,39.95982186,-106.21646229,2493.264,15.6972,2.279904,0.0,231.14662565964667
40.8,39.95982073,-106.21646447,2493.264,15.6972,2.324608,0.0,235.98065001017352
40.9,39.95981971,-106.21646702,2493.264,15.6972,2.324608,0.0,240.94539590092285
41.1,39.95981795,-106.21647308,2493.264,15.6972,2.6375360000000003,0.0,249.22774531795417
41.2,39.95981716,-106.21647668,2493.264,15.6972,2.861056,0.0,253.37924308610792
41.4,39.9598155,-106.21648564,2493.264,15.605760000000002,3.710432,0.0,256.4520610119995
41.5,39.95981465,-106.21649104,2493.264,15.605760000000002,4.828032,0.0,257.7352262721076
41.7,39.95981295,-106.21650282,2493.264,15.605760000000002,4.962144,0.0,260.2724214485984
41.9,39.9598113,-106.21651596,2493.264,15.6972,5.677408,0.0,261.17962044797895
42.0,39.95981055,-106.21652282,2493.264,15.6972,5.766816,-0.089408,261.53871185742867
42.2,39.95980895,-106.21653705,2493.264,15.6972,6.124447999999999,-0.089408,261.9952711427071
42.3,39.95980818,-106.21654424,2493.264,15.6972,6.124447999999999,-0.089408,263.0887728809753
42.4,39.95980748,-106.21655156,2493.264,15.78864,6.213856,-0.089408,263.0887728809753
42.5,39.95980676,-106.21655879,2493.264,15.78864,6.25856,-0.089408,263.1909498203866
42.6,39.9598061,-106.21656617,2493.264,15.78864,6.25856,0.0,264.5794047162376
42.7,39.95980556,-106.21657317,2493.264,15.78864,6.169152,0.0,264.5794047162376
42.8,39.95980505,-106.21658042,2493.264,15.78864,6.079744,0.0,265.409456814394
42.9,39.95980465,-106.21658753,2493.264,15.78864,6.124447999999999,0.0,266.241444314528
43.0,39.95980429,-106.2165948,2493.264,15.78864,6.169152,0.0,267.07502205084364
43.1,39.95980403,-106.21660186,2493.264,15.78864,6.124447999999999,0.0,267.8630891462428
43.2,39.95980383,-106.21660894,2493.264,15.78864,6.03504,0.0,269.11859600341785
43.3,39.95980377,-106.21661522,2493.264,15.78864,5.677408,0.0,270.0
43.4,39.95980378,-106.21662132,2493.264,15.78864,5.275072000000001,0.0,270.0
43.5,39.95980392,-106.21662609,2493.264,15.78864,4.649216,0.0,270.0
43.6,39.95980409,-106.21663069,2493.264,15.78864,4.02336,0.0,271.2730300200567
43.7,39.95980427,-106.21663391,2493.264,15.78864,3.308096,0.0,271.4688007143858
43.8,39.95980449,-106.216637,2493.264,15.78864,2.68224,0.089408,274.3987053549955
43.9,39.95980463,-106.21663857,2493.264,15.78864,2.01168,0.089408,275.2900812053713
44.1,39.95980491,-106.21664058,2493.264,15.6972,1.1176,0.089408,279.7824070318073
44.2,39.95980509,-106.21664112,2493.264,15.6972,0.715264,0.0,282.80426606528675
44.3,39.95980495,-106.21664073,2493.264,15.6972,0.0,0.0,287.35402463626133
44.4,39.959805,-106.2166405,2493.264,15.6972,0.67056,0.0,294.44395478041656
44.5,39.95980474,-106.21663999,2493.264,15.6972,0.491744,0.0,299.05460409907715
44.6,39.95980472,-106.21663962,2493.264,15.78864,0.491744,-0.089408,305.5376777919744
44.7,39.95980444,-106.21663956,2493.264,15.78864,0.0,-0.089408,285.94539590092285
44.8,39.95980438,-106.21663941,2493.264,15.78864,0.0,0.0,285.94539590092285
44.9,39.95980405,-106.21663998,2493.264,15.78864,0.0,0.0,291.8014094863518
45.1,39.95980374,-106.21664113,2493.264,15.78864,0.44704,0.0,285.94539590092285
45.2,39.95980369,-106.21664159,2493.264,15.78864,0.44704,0.0,291.8014094863518
45.3,39.95980349,-106.21664286,2493.264,15.78864,0.67056,0.0,291.8014094863518
45.4,39.95980345,-106.2166435,2493.264,15.78864,0.0,0.089408,291.8014094863518
45.5,39.95980339,-106.21664477,2493.264,15.78864,0.67056,0.089408,291.8014094863518
45.6,39.95980343,-106.21664548,2493.264,15.6972,0.67056,0.0,291.8014094863518
45.7,39.9598035,-106.21664671,2493.264,15.6972,0.938784,0.0,291.8014094863518
45.8,39.95980361,-106.21664741,2493.264,15.6972,0.67056,0.0,291.8014094863518
46.0,39.95980388,-106.21664907,2493.264,15.6972,0.759968,0.0,291.8014094863518
46.2,39.95980419,-106.21665045,2493.264,15.6972,0.804672,0.0,315.0
46.3,39.95980431,-106.21665106,2493.264,15.6972,0.5364479999999999,0.0,315.0
46.4,39.95980445,-106.21665147,2493.264,15.6972,0.67056,0.0,315.0
46.5,39.95980459,-106.21665194,2493.264,15.6972,0.67056,0.0,315.0
46.6,39.95980473,-106.21665225,2493.264,15.6972,0.67056,0.0,315.0
46.7,39.95980487,-106.2166526,2493.264,15.6972,0.0,0.0,315.0
46.8,39.95980501,-106.21665299,2493.264,15.6972,0.67056,0.0,285.94539590092285
46.9,39.95980504,-106.21665377,2493.264,15.6972,0.0,0.0,270.0
47.0,39.95980502,-106.21665483,2493.264,15.6972,0.804672,0.0,270.0
47.1,39.95980488,-106.21665666,2493.264,15.6972,1.162304,0.0,266.3086140135487
47.2,39.95980467,-106.2166588,2493.264,15.6972,1.6987519999999998,0.0,262.8749836510982
47.3,39.95980426,-106.21666193,2493.264,15.6972,2.279904,0.0,261.86989764584405
47.4,39.95980379,-106.2166652,2493.264,15.6972,2.726944,0.0,261.17962044797895
47.5,39.95980319,-106.21666958,2493.264,15.6972,3.308096,0.0,260.394795844987
47.6,39.95980255,-106.2166739,2493.264,15.6972,3.755136,0.0,259.7651972365768
47.7,39.95980189,-106.21667912,2493.264,15.6972,4.112768,0.0,258.4078245897089
47.8,39.95980116,-106.21668414,2493.264,15.6972,4.4704,0.0,259.0888716157166
47.9,39.95980044,-106.21668976,2493.264,15.6972,4.559807999999999,0.0,258.3106308245608
48.0,39.95979963,-106.2166952,2493.264,15.6972,4.783328,0.0,258.92979742206063
48.1,39.95979889,-106.21670098,2493.264,15.6972,4.872736,0.0,257.9885216136346
48.2,39.95979805,-106.21670662,2493.264,15.6972,4.91744,0.0,258.23171106797935
48.3,39.95979733,-106.21671231,2493.264,15.6972,4.91744,0.0,258.23171106797935
48.4,39.95979652,-106.21671796,2493.264,15.6972,4.872736,0.0,259.59228868750995
48.5,39.95979595,-106.21672328,2493.264,15.6972,4.738624,0.0,259.59228868750995
48.6,39.95979524,-106.21672877,2493.264,15.6972,4.649216,0.0,259.89496363496204
48.7,39.9597947,-106.21673385,2493.264,15.6972,4.559807999999999,0.0,260.08724855327614
48.8,39.95979402,-106.21673924,2493.264,15.6972,4.515104,0.0,260.08724855327614
48.9,39.95979346,-106.21674443,2493.264,15.6972,4.515104,0.0,260.2724214485984
49.0,39.95979273,-106.21674996,2493.264,15.6972,4.604512000000001,0.0,259.4126786817629
49.2,39.95979117,-106.21676094,2493.264,15.6972,4.738624,0.0,258.69006752597977
49.3,39.95979031,-106.2167665,2493.264,15.6972,4.783328,0.0,257.19573393471325
49.4,39.95978932,-106.21677227,2493.264,15.6972,4.91744,0.0,257.4170375059231
49.5,39.95978828,-106.21677801,2493.264,15.6972,5.006848,0.0,256.4462359022683
49.6,39.95978707,-106.2167842,2493.264,15.6972,5.230368,0.0,255.48330004114536
49.7,39.95978583,-106.21678972,2493.264,15.6972,5.14096,0.0,254.7874171313795
49.8,39.95978446,-106.21679567,2493.264,15.6972,5.096256,0.0,253.39301942138297
49.9,39.95978302,-106.21680151,2493.264,15.6972,5.230368,0.0,253.39301942138297
50.0,39.95978153,-106.21680749,2493.264,15.6972,5.275072000000001,0.0,252.75854060106
50.1,39.95977995,-106.21681367,2493.264,15.6972,5.453887999999999,0.0,251.86191784440268
50.2,39.95977832,-106.21681994,2493.264,15.6972,5.588,0.0,252.29027547613725
50.3,39.9597766,-106.21682623,2493.264,15.6972,5.677408,0.0,251.70722403543493
50.4,39.95977483,-106.21683261,2493.264,15.6972,5.722112,0.0,250.43621638041736
50.5,39.95977293,-106.2168393,2493.264,15.6972,5.945632,0.0,249.9047688080952
50.6,39.95977096,-106.21684601,2493.264,15.6972,6.124447999999999,0.0,249.3937393861632
50.7,39.95976884,-106.21685292,2493.264,15.6972,6.213856,0.0,249.05252941304883
50.8,39.95976663,-106.2168598,2493.264,15.6972,6.347968,0.0,248.27580849858617
50.9,39.95976424,-106.21686704,2493.264,15.6972,6.526784,0.0,246.69510946079689
51.0,39.95976174,-106.21687417,2493.264,15.6972,6.660896,0.0,245.95577673063215
51.1,39.9597591,-106.21688122,2493.264,15.6972,6.660896,0.0,244.48612957246576
51.3,39.95975333,-106.2168954,2493.264,15.6972,6.795007999999999,0.0,242.40270413135624
51.4,39.95975022,-106.21690251,2493.264,15.6972,6.884416,0.0,240.7247457227474
51.5,39.95974687,-106.21690964,2493.264,15.6972,7.1079360000000005,0.0,239.42077312751096
51.6,39.95974341,-106.21691671,2493.264,15.6972,7.15264,0.0,238.4652080948117
51.7,39.95973977,-106.21692371,2493.264,15.6972,7.197344,0.0,237.2209193319304
51.9,39.95973211,-106.21693759,2493.264,15.6972,7.242048,0.0,234.71325102494023
52.0,39.95972809,-106.21694445,2493.264,15.6972,7.331455999999999,0.0,233.5555582434129
52.2,39.95971974,-106.216958,2493.264,15.6972,7.37616,0.0,231.72435309310964
52.3,39.95971547,-106.21696469,2493.264,15.6972,7.420864000000001,0.0,231.1768011826042
52.5,39.95970668,-106.21697795,2493.264,15.78864,7.465567999999999,-0.089408,229.43647448565736
52.6,39.95970215,-106.2169845,2493.264,15.78864,7.465567999999999,0.0,228.65222278030632
52.7,39.9596976,-106.21699098,2493.264,15.78864,7.510272,0.0,227.6799739401079
52.8,39.95969291,-106.21699739,2493.264,15.78864,7.510272,0.0,226.706178294447
52.9,39.9596882,-106.21700375,2493.264,15.78864,7.554975999999999,0.0,226.20859243202685
53.0,39.95968335,-106.21701002,2493.264,15.78864,7.59968,0.0,225.0
53.1,39.95967849,-106.21701622,2493.264,15.78864,7.554975999999999,0.0,223.79140756797315
53.2,39.9596735,-106.2170223,2493.264,15.78864,7.59968,0.0,222.82525588538996
53.3,39.95966848,-106.21702829,2493.264,15.78864,7.59968,0.0,221.86033985217972
53.4,39.95966335,-106.21703416,2493.264,15.78864,7.554975999999999,0.0,221.86033985217972
53.5,39.95965813,-106.21704007,2493.264,15.78864,7.644384,0.0,220.67493956526155
53.6,39.95965258,-106.21704612,2493.264,15.78864,7.867904,0.0,219.8935154276716
53.7,39.95964768,-106.21705138,2493.264,15.78864,7.554975999999999,0.0,218.9275435927923
53.8,39.9596424,-106.21705687,2493.264,15.6972,7.286752,0.0,218.9275435927923
53.9,39.95963714,-106.21706231,2493.264,15.6972,7.465567999999999,0.0,217.96502408956889
54.0,39.95963178,-106.21706767,2493.264,15.6972,7.510272,0.0,217.96502408956889
54.1,39.95962638,-106.21707299,2493.264,15.6972,7.510272,0.0,217.00647850636025
54.2,39.95962092,-106.21707822,2493.264,15.6972,7.554975999999999,0.0,216.1796204479789
54.3,39.95961544,-106.21708341,2493.264,15.6972,7.554975999999999,0.0,215.5772193864649
54.4,39.9596099,-106.21708852,2493.264,15.6972,7.554975999999999,0.0,215.02007885425544
54.5,39.95960439,-106.21709362,2493.264,15.6972,7.510272,0.0,215.02007885425544
54.6,39.95959882,-106.21709866,2493.264,15.6972,7.510272,0.0,214.630800380257
54.7,39.9595932,-106.21710377,2493.264,15.6972,7.59968,0.0,214.06887707758852
54.8,39.95958754,-106.21710879,2493.264,15.6972,7.644384,0.0,214.06887707758852
54.9,39.95958184,-106.21711373,2493.264,15.6972,7.59968,0.0,213.69006752597977
55.0,39.95957611,-106.21711858,2493.264,15.6972,7.59968,0.0,213.1237355962404
55.1,39.9595704,-106.21712346,2493.264,15.6972,7.59968,0.0,212.5500034921934
55.2,39.95956465,-106.21712822,2493.264,15.6972,7.59968,0.0,212.1851058918908
55.3,39.95955889,-106.21713291,2493.264,15.6972,7.554975999999999,0.0,211.3159802477525
55.4,39.95955311,-106.21713749,2493.264,15.6972,7.554975999999999,0.0,210.72748661559964
55.5,39.95954741,-106.21714184,2493.264,15.6972,7.420864000000001,0.0,210.72748661559964
55.6,39.95954169,-106.21714614,2493.264,15.6972,7.331455999999999,0.0,210.13171864150175
55.7,39.95953589,-106.21715042,2493.264,15.6972,7.331455999999999,0.0,209.87599269168945
55.8,39.95953014,-106.2171546,2493.264,15.6972,7.37616,0.0,208.9509952074668
55.9,39.9595245,-106.21715858,2493.264,15.6972,7.197344,0.0,208.66818839153171
56.0,39.95951889,-106.2171625,2493.264,15.6972,7.1079360000000005,0.0,208.02968098228337
56.1,39.9595133,-106.21716635,2493.264,15.6972,7.063232,0.0,207.7240562359714
56.2,39.95950776,-106.21717013,2493.264,15.6972,6.973824,0.0,207.7240562359714
56.3,39.95950248,-106.21717362,2493.264,15.6972,6.795007999999999,0.0,207.24508784252072
56.4,39.95949718,-106.21717711,2493.264,15.6972,6.571488,0.0,206.9112450275389
56.5,39.95949198,-106.21718041,2493.264,15.6972,6.526784,0.0,206.9112450275389
56.6,39.95948675,-106.21718373,2493.264,15.6972,6.437376,0.0,206.21675285641925
56.7,39.95948174,-106.21718689,2493.264,15.6972,6.347968,0.0,206.565051177078
56.8,39.95947665,-106.21719008,2493.264,15.6972,6.213856,0.0,205.85554218880333
56.9,39.95947141,-106.21719326,2493.264,15.6972,6.347968,0.0,205.85554218880333
57.0,39.95946612,-106.21719646,2493.264,15.6972,6.48208,0.0,205.51387042753424
57.1,39.95946069,-106.21719966,2493.264,15.6972,6.571488,0.0,205.1805284704048
57.2,39.95945516,-106.21720293,2493.264,15.6972,6.660896,0.0,205.06200825579444
57.3,39.95944926,-106.21720639,2493.264,15.605760000000002,6.92912,0.0,204.14554196042164
57.4,39.95944319,-106.21720995,2493.264,15.605760000000002,7.286752,0.0,204.41554834768544
57.5,39.95943653,-106.21721387,2493.264,15.605760000000002,7.733792,0.0,204.36245301531216
57.6,39.95942938,-106.21721806,2493.264,15.605760000000002,8.404352,0.0,204.3410899366925
57.7,39.9594222,-106.21722235,2493.264,15.6972,8.761984,0.0,203.78203042322136
57.8,39.9594146,-106.21722684,2493.264,15.6972,9.030208,0.0,204.39675892658263
57.9,39.95940649,-106.21723181,2493.264,15.6972,9.61136,0.0,204.10223450116112
58.0,39.95939829,-106.21723673,2493.264,15.6972,10.013696,0.0,204.33539905674368
58.1,39.95938934,-106.21724233,2493.264,15.6972,10.550144,0.0,204.06563158055727
58.2,39.95938041,-106.21724775,2493.264,15.6972,10.997184,0.0,204.26129085247777
58.3,39.95937105,-106.21725362,2493.264,15.6972,11.265408,0.0,204.10797096284733
58.4,39.95936165,-106.21725936,2493.264,15.6972,11.533632,0.0,204.27027325930945
58.5,39.95935194,-106.21726546,2493.264,15.6972,11.757152,0.0,204.12408018860245
58.7,39.95933166,-106.21727801,2493.264,15.6972,12.2936,0.0,204.44395478041653
58.8,39.95932118,-106.21728438,2493.264,15.6972,12.606528,0.0,204.3045492659367
59.0,39.95930063,-106.21729699,2493.264,15.6972,12.695936,0.0,204.29260144429503
59.1,39.95929015,-106.21730346,2493.264,15.6972,12.695936,0.0,204.42747627080095
59.3,39.95926843,-106.21731661,2493.264,15.6972,13.18768,0.0,204.2539197243166
59.4,39.95925719,-106.21732331,2493.264,15.6972,13.455904,0.0,203.9432944092952
59.5,39.95924594,-106.21733014,2493.264,15.6972,13.768832,0.0,203.90590988219245
59.6,39.95923435,-106.21733703,2493.264,15.6972,13.992352,0.0,204.1110195025509
59.7,39.9592227,-106.217344,2493.264,15.6972,14.215872,0.0,203.92619136808588
59.8,39.95921072,-106.21735103,2493.264,15.6972,14.439391999999998,0.0,204.1064931438999
59.9,39.95919905,-106.21735795,2493.264,15.6972,14.439391999999998,0.0,203.74949449286677
60.0,39.95918701,-106.21736499,2493.264,15.6972,14.484096,0.0,203.92727338004943
60.1,39.95917464,-106.21737236,2493.264,15.6972,14.886432,0.0,204.04901228469544
60.2,39.95916208,-106.21737978,2493.264,15.6972,15.19936,0.0,204.22003494530347
60.3,39.95914954,-106.21738728,2493.264,15.6972,15.333472,0.0,204.08203290143655
60.4,39.95913683,-106.21739481,2493.264,15.6972,15.42288,0.0,204.25057535241325
60.5,39.9591242,-106.21740241,2493.264,15.6972,15.512288000000002,0.0,204.11419853930693
60.6,39.95911138,-106.21741002,2493.264,15.6972,15.556992,0.0,203.91231755175087
60.8,39.95908565,-106.21742533,2493.264,15.6972,15.691104,0.0,203.9459772230142
60.9,39.95907248,-106.21743314,2493.264,15.6972,15.825216,0.0,203.9459772230142
61.0,39.95905923,-106.21744091,2493.264,15.6972,16.138144,0.0,203.8146504220474
61.1,39.95904642,-106.21744841,2493.264,15.6972,15.86992,0.0,203.8146504220474
61.2,39.9590334,-106.21745599,2493.264,15.605760000000002,15.735808,0.0,203.62018540288184
61.3,39.95901992,-106.21746379,2493.264,15.605760000000002,16.138144,0.0,203.62018540288184
61.4,39.95900649,-106.21747153,2493.264,15.605760000000002,16.361664,0.0,203.62018540288184
61.5,39.95899359,-106.21747892,2493.264,15.605760000000002,16.004032,0.0,203.51796167369224
61.6,39.95897991,-106.21748672,2493.264,15.605760000000002,16.138144,-0.089408,203.51796167369224
61.7,39.95896816,-106.21749334,2493.264,15.605760000000002,15.42288,-0.22352,203.4789214094602
61.8,39.95895561,-106.21750044,2493.264,15.6972,14.707616,-0.22352,203.5052163758077
61.9,39.95894332,-106.2175074,2493.264,15.6972,15.065248,-0.312928,203.30967176166567
62.0,39.95893108,-106.21751441,2493.264,15.78864,14.886432,-0.312928,203.7873801691921
62.1,39.95891948,-106.21752113,2493.5688,15.910560000000002,14.484096,-0.312928,204.1064931438999
62.2,39.95890805,-106.21752787,2493.5688,15.910560000000002,14.037056,-0.312928,204.2612908524778
62.3,39.95889727,-106.21753435,2493.5688,15.910560000000002,13.590016,-0.22352,204.60188100537223
62.4,39.95888756,-106.21754029,2493.5688,16.002000000000002,12.561824,0.0,205.14844273027907
62.5,39.95887815,-106.21754607,2493.5688,16.002000000000002,11.757152,0.0,205.36579778347857
62.6,39.95886883,-106.21755195,2493.5688,16.002000000000002,11.533632,0.0,205.88987964179807
62.7,39.95886042,-106.21755724,2493.5688,16.002000000000002,10.95248,0.0,206.3618755056116
62.8,39.95885224,-106.21756261,2493.5688,16.002000000000002,10.28192,0.0,206.99992540310407
62.9,39.95884503,-106.21756737,2493.5688,16.002000000000002,9.566656,0.0,207.60248711439493
63.0,39.95883811,-106.21757232,2493.5688,16.002000000000002,8.851392,0.0,209.64250657650237
63.1,39.95883206,-106.2175769,2493.5688,16.002000000000002,8.27024,0.0,211.81885392834025
63.2,39.9588263,-106.21758197,2493.5688,16.002000000000002,7.733792,0.22352,214.79177364118613
63.3,39.95882115,-106.21758737,2493.5688,16.002000000000002,7.510272,0.402336,218.56195048500155
63.4,39.95881631,-106.21759334,2493.5688,15.910560000000002,7.37616,0.581152,223.4151456069495
63.50000000000001,39.95881201,-106.21759989,2493.264,15.78864,7.37616,0.715264,227.9648613091602
63.6,39.95880788,-106.2176073,2493.264,15.78864,7.554975999999999,0.581152,232.80640082923577
63.7,39.95880452,-106.21761487,2493.264,15.6972,7.644384,0.491744,236.4889812021592
63.8,39.95880126,-106.21762309,2493.264,15.6972,7.644384,0.402336,239.63024063551785
63.9,39.95879828,-106.2176323,2493.264,15.605760000000002,8.180832,0.402336,242.88536587523305
64.0,39.95879547,-106.21764168,2493.264,15.605760000000002,8.538464000000001,0.22352,245.16260399078604
64.1,39.95879243,-106.21765187,2493.264,15.6972,8.9408,0.0,246.68689442328588
64.19999999999999,39.95878961,-106.21766214,2493.264,15.6972,9.298432,-0.089408,247.4667499209957
64.3,39.95878653,-106.21767278,2493.264,15.78864,9.477248,-0.089408,248.70696918188787
64.39999999999999,39.95878363,-106.21768358,2493.264,15.78864,9.745472,-0.22352,248.7907738657772
64.5,39.95878002,-106.21769495,2493.264,15.78864,10.103104,-0.22352,249.26129085247777
64.6,39.95877655,-106.21770702,2493.5688,15.910560000000002,10.72896,-0.089408,248.9076604941725
64.69999999999999,39.9587727,-106.21771844,2493.5688,15.910560000000002,10.818368,0.0,249.06872330187483
64.8,39.95876905,-106.21773055,2493.5688,15.910560000000002,10.863072,0.0,248.60018986791775
64.89999999999999,39.95876484,-106.2177426,2493.5688,15.910560000000002,11.176,0.0,248.2860649182236
65.0,39.95876089,-106.21775496,2493.264,15.78864,11.354816,0.089408,248.19859051364816
65.19999999999999,39.95875208,-106.21778027,2493.264,15.78864,11.712448,0.089408,247.95408653762848
65.3,39.95874722,-106.21779322,2493.264,15.78864,11.980672,0.089408,247.28097891296937
65.39999999999999,39.95874256,-106.21780651,2493.264,15.6972,12.383008,0.089408,246.9116995898096
65.5,39.95873741,-106.21782031,2493.264,15.6972,12.74064,0.089408,246.2881654067401
65.6,39.95873239,-106.21783426,2493.264,15.6972,13.098272,0.089408,245.7073985557049
65.69999999999999,39.95872685,-106.21784834,2493.264,15.6972,13.277088,0.089408,245.21099307628077
65.8,39.95872136,-106.21786252,2493.264,15.6972,13.545312,0.0,244.13364320590549
66.0,39.95870979,-106.21789054,2493.264,15.6972,13.545312,0.0,242.0730471657088
66.1,39.95870356,-106.21790465,2493.264,15.6972,13.679424,0.089408,241.40463405853103
66.19999999999999,39.95869719,-106.21791888,2493.264,15.6972,13.947648,0.0,240.43964553531924
66.39999999999999,39.95868355,-106.21794727,2493.264,15.605760000000002,14.260576,0.0,238.22580227371455
66.5,39.95867599,-106.21796209,2493.264,15.6972,15.109951999999998,0.0,237.6118851465991
66.69999999999999,39.9586609,-106.21799059,2493.264,15.6972,14.886432,0.0,235.96596537423875
66.8,39.9586532,-106.21800461,2493.264,15.6972,14.75232,0.0,235.23819766651297
66.89999999999999,39.95864546,-106.21801825,2493.264,15.6972,14.573504,0.0,234.66506651224435
67.0,39.95863752,-106.21803208,2493.264,15.6972,14.618208,0.0,233.959916814858
67.19999999999999,39.95862126,-106.21805989,2493.264,15.6972,14.886432,0.0,233.130102354156
67.3,39.95861278,-106.21807438,2493.264,15.6972,15.109951999999998,0.0,232.72182580013092
67.39999999999999,39.95860421,-106.21808871,2493.264,15.6972,15.512288000000002,0.0,232.45207744340468
67.5,39.95859564,-106.21810324,2493.264,15.6972,15.556992,0.0,232.18426739242685
67.69999999999999,39.95857832,-106.21813211,2493.264,15.6972,15.6464,0.0,231.5231612227474
67.8,39.9585695,-106.21814649,2493.264,15.6972,15.6464,-0.312928,231.31441766779548
67.89999999999999,39.95856073,-106.21816104,2493.264,15.6972,15.735808,-0.715264,231.057695794521
68.0,39.95855177,-106.21817547,2493.264,15.78864,15.780511999999998,-1.207008,230.6760706796289
68.1,39.95854285,-106.21819008,2493.5688,16.002000000000002,15.86992,-1.609344,230.88244559009536
68.19999999999999,39.95853381,-106.21820455,2493.8736000000004,16.18488,15.914624,-2.01168,230.63068275763524
68.3,39.95852454,-106.21821962,2494.1784,16.48968,16.182848,-2.279904,230.63068275763524
68.39999999999999,39.95851526,-106.21823438,2494.1784,16.70304,16.361664,-2.503424,230.3807223320319
68.5,39.95850628,-106.21824896,2494.4832,17.00784,16.09344,-2.68224,230.3807223320319
68.6,39.9584972,-106.21826344,2494.788,17.31264,15.959328,-2.816352,230.3807223320319
68.69999999999999,39.95848833,-106.21827798,2495.0928000000004,17.58696,15.914624,-2.995168,230.3807223320319
68.8,39.95847932,-106.21829245,2495.3976,17.89176,15.86992,-3.218688,230.3807223320319
68.89999999999999,39.95847043,-106.21830692,2495.7024,18.19656,15.825216,-3.218688,230.3807223320319
69.0,39.95846141,-106.21832132,2496.0072,18.50136,15.825216,-3.308096,230.13255443987296
69.1,39.95845198,-106.21833638,2496.3120000000004,18.80616,16.227552,-3.397504,229.92514486964063
69.19999999999999,39.95844265,-106.21835108,2496.6168,19.2024,16.406368,-3.397504,230.17363943857708
69.3,39.95843383,-106.21836499,2496.9216,19.5072,15.825216,-3.397504,229.8596144309724
69.39999999999999,39.95842488,-106.21837894,2497.2264,19.812,15.467584,-3.397504,229.8596144309724
69.5,39.958416,-106.21839267,2497.5312,20.086320000000004,15.42288,-3.397504,229.64797069138703
69.6,39.95840704,-106.21840647,2497.836,20.391120000000004,15.378176,-3.218688,229.64797069138703
69.69999999999999,39.95839809,-106.21842012,2498.1408,20.695920000000005,15.378176,-3.218688,229.4344705061012
69.8,39.95838911,-106.21843383,2498.7504,21.092160000000003,15.333472,-3.308096,229.4344705061012
70.0,39.95837075,-106.21846158,2499.36,21.701760000000004,15.512288000000002,-3.218688,229.21909534924845
70.1,39.95836155,-106.21847532,2499.6648,22.00656,15.601696,-3.308096,229.21909534924845
70.19999999999999,39.95835243,-106.21848903,2499.9696,22.31136,15.512288000000002,-3.397504,229.21909534924845
70.3,39.95834351,-106.21850237,2500.2744,22.707600000000003,15.288768,-3.486912,229.2538364361192
70.39999999999999,39.95833457,-106.2185158,2500.5792,23.0124,15.109951999999998,-3.621024,229.2538364361192
70.5,39.95832557,-106.21852922,2500.884,23.40864,15.19936,-3.621024,229.2538364361192
70.6,39.95831657,-106.21854266,2501.4936,23.80488,15.19936,-3.79984,229.2538364361192
70.69999999999999,39.95830752,-106.21855611,2501.7984,24.201120000000003,15.244064,-3.79984,228.9247453524474
70.8,39.95829849,-106.21856954,2502.1032,24.59736,15.244064,-3.710432,228.9247453524474
70.89999999999999,39.95828936,-106.21858298,2502.408,24.90216,15.288768,-3.79984,228.9247453524474
71.0,39.95828029,-106.21859636,2502.7128,25.2984,15.288768,-3.79984,228.70291353901112
71.1,39.95827122,-106.21860978,2503.3224,25.69464,15.244064,-3.79984,228.70291353901112
71.19999999999999,39.95826219,-106.21862312,2503.6272,26.09088,15.19936,-3.621024,228.70291353901112
71.3,39.95825304,-106.21863649,2503.932,26.39568,15.19936,-3.486912,228.70291353901112
71.39999999999999,39.95824393,-106.21864981,2504.2368,26.791920000000005,15.244064,-3.486912,228.4502467789624
71.5,39.95823495,-106.21866299,2504.5416,27.096720000000005,15.109951999999998,-3.397504,228.4502467789624
71.6,39.95822592,-106.21867622,2504.8464,27.40152,15.065248,-3.218688,228.4502467789624
71.69999999999999,39.95821612,-106.21869054,2505.456,27.797760000000004,15.735808,-3.308096,228.19953970956252
71.8,39.95820653,-106.21870451,2505.7608,28.102560000000004,16.182848,-3.486912,228.42185903099903
71.89999999999999,39.95819723,-106.21871809,2506.0656,28.498800000000003,15.735808,-3.621024,228.1733140526214
72.0,39.9581879,-106.21873167,2506.3704,28.803600000000003,15.512288000000002,-3.621024,228.1733140526214
72.1,39.9581787,-106.21874508,2506.6752,29.19984,15.42288,-3.621024,228.5035316447845
72.3,39.95816009,-106.21877226,2507.5896,29.992320000000003,15.467584,-3.79984,228.3528898963901
72.39999999999999,39.95815071,-106.21878597,2507.8944,30.38856,15.556992,-3.79984,228.3528898963901
72.5,39.95814131,-106.21879983,2508.504,30.7848,15.735808,-3.79984,228.3528898963901
72.6,39.95813189,-106.21881366,2508.8088,31.211520000000004,15.780511999999998,-3.710432,228.32607360749208
72.69999999999999,39.95812223,-106.21882799,2509.1136,31.48584,16.004032,-3.710432,228.32607360749208
72.8,39.95811264,-106.21884213,2509.4184,31.912560000000003,16.182848,-3.621024,228.32607360749208
73.0,39.95809381,-106.21886987,2510.028,32.6136,15.86992,-2.816352,228.3528898963901
73.19999999999999,39.95807519,-106.2188972,2510.6376,33.009840000000004,15.691104,-1.609344,228.5035316447845
73.39999999999999,39.9580568,-106.21892399,2510.6376,33.10128,15.333472,-0.402336,228.19953970956252
73.5,39.95804783,-106.21893701,2510.6376,33.10128,15.19936,-0.089408,228.00017839798
73.6,39.95803841,-106.21895061,2510.6376,33.10128,15.244064,0.0,227.91083782616772
73.69999999999999,39.95803013,-106.21896247,2510.6376,33.10128,14.662912,0.0,228.0907232251212
73.8,39.95802144,-106.21897491,2510.6376,33.10128,13.992352,0.089408,228.02603508302545
73.89999999999999,39.95801302,-106.21898653,2510.6376,33.10128,13.992352,0.089408,227.56759732918775
74.0,39.95800464,-106.21899817,2510.6376,33.19272,13.590016,0.089408,227.62640563829075
74.1,39.95799636,-106.21900921,2510.6376,33.19272,13.4112,0.0,227.3970285300596
74.19999999999999,39.95798818,-106.21902032,2510.9424,33.314640000000004,13.142976,0.0,227.1920697202244
74.3,39.95797967,-106.21903152,2510.9424,33.314640000000004,13.277088,-0.22352,226.94619511703075
74.39999999999999,39.95797145,-106.21904254,2510.9424,33.49752,13.277088,-0.581152,226.8476102659946
74.5,39.95796357,-106.21905289,2511.2472,33.58896,12.785344,-0.89408,226.7357045889284
74.6,39.95795589,-106.21906311,2511.2472,33.80232,12.2936,-0.983488,226.62812384316624
74.69999999999999,39.95794817,-106.21907311,2511.552,33.89376,12.159488,-0.983488,226.35319195377969
74.8,39.95794064,-106.21908301,2511.552,34.10712,11.980672,-0.983488,226.075129710597
74.89999999999999,39.95793337,-106.21909241,2511.8568,34.29,11.62304,-0.89408,226.40479205003496
75.0,39.95792626,-106.21910179,2511.8568,34.41192,11.310112,-0.804672,226.2801395596049
75.1,39.95791939,-106.21911095,2512.1616,34.50336,11.086592,-0.804672,226.7950067373364
75.19999999999999,39.95791276,-106.21912,2512.1616,34.5948,10.818368,-0.715264,227.3579059707169
75.3,39.95790639,-106.21912882,2512.1616,34.68624,10.50544,-0.312928,227.7426113574816
75.39999999999999,39.95790025,-106.21913756,2512.1616,34.68624,10.237215999999998,0.0,228.19953970956257
75.5,39.95789447,-106.21914619,2512.1616,34.68624,9.924288,0.089408,229.5958876918648
75.8,39.95787966,-106.21917084,2512.1616,34.5948,8.896096,0.312928,235.20822635881385
75.89999999999999,39.95787596,-106.2191785,2512.1616,34.5948,8.583167999999999,0.22352,237.92599912470595
76.0,39.95787275,-106.21918592,2512.1616,34.5948,7.465567999999999,0.22352,240.47132816552016
76.1,39.95787031,-106.21919306,2512.1616,34.5948,6.973824,0.22352,244.61787940811828
76.19999999999999,39.95786834,-106.21919989,2512.1616,34.5948,6.437376,0.22352,248.5795408807901
76.3,39.95786737,-106.21920587,2512.1616,34.68624,5.677408,0.0,253.43117082040092
76.39999999999999,39.95786681,-106.21921158,2512.4664,34.80816,5.006848,0.0,259.87532834460217
76.5,39.95786699,-106.21921651,2512.4664,34.80816,4.515104,0.0,265.00625601417664
76.6,39.95786743,-106.21922125,2512.4664,34.80816,4.157472,0.089408,270.0
76.69999999999999,39.95786832,-106.21922501,2512.4664,34.80816,3.665728,0.0,274.70785224437225
76.8,39.95786938,-106.21922862,2512.4664,34.80816,3.3528,0.0,279.9638041899072
76.89999999999999,39.9578703,-106.2192312,2512.4664,34.80816,2.861056,0.0,284.2500326978036
77.0,39.95787137,-106.2192336,2512.4664,34.8996,2.414016,0.0,287.4179707922028
77.1,39.95787181,-106.21923459,2512.4664,34.8996,1.6987519999999998,0.0,288.0041616059134
77.19999999999999,39.95787248,-106.21923549,2512.4664,34.99104,0.938784,0.0,290.77225468204585
77.3,39.95787216,-106.2192355,2512.4664,34.99104,0.67056,0.0,294.22774531795415
77.39999999999999,39.95787231,-106.21923548,2512.4664,34.99104,0.0,0.0,302.4711922908485
77.5,39.95787141,-106.21923493,2512.4664,34.99104,0.67056,0.0,305.5376777919744
77.6,39.95787112,-106.21923433,2512.7712,35.11296,0.938784,0.0,0.0
77.69999999999999,39.95786985,-106.21923367,2512.7712,35.11296,0.938784,0.0,90.0
77.8,39.95786929,-106.21923288,2512.7712,35.11296,1.162304,0.0,90.0
77.89999999999999,39.957868,-106.21923249,2512.7712,35.11296,1.162304,0.0,111.80140948635182
78.0,39.95786731,-106.21923184,2512.7712,35.11296,1.251712,0.089408,105.94539590092285
78.1,39.95786611,-106.21923192,2512.7712,35.11296,1.0728959999999998,0.22352,105.94539590092285
78.19999999999999,39.95786547,-106.21923155,2512.4664,34.99104,0.938784,0.22352,105.94539590092285
78.3,39.95786456,-106.21923206,2512.4664,34.99104,0.67056,0.312928,105.94539590092285
78.39999999999999,39.95786403,-106.21923197,2512.4664,34.99104,0.67056,0.22352,111.80140948635182
78.6,39.95786311,-106.21923288,2512.4664,34.8996,0.625856,0.22352,90.0
78.69999999999999,39.95786285,-106.21923373,2512.4664,34.8996,0.625856,0.089408,90.0
78.89999999999999,39.9578627,-106.2192348,2512.4664,34.8996,0.67056,0.0,90.0
79.1,39.95786292,-106.21923566,2512.4664,34.99104,0.491744,0.0,74.05460409907715
79.19999999999999,39.9578631,-106.21923576,2512.4664,34.99104,0.312928,0.0,74.05460409907715
79.3,39.95786365,-106.21923601,2512.4664,34.99104,0.0,0.089408,52.1250163489018
79.39999999999999,39.95786422,-106.21923589,2512.4664,34.8996,0.491744,0.089408,34.695153531233984
79.5,39.95786545,-106.21923608,2512.4664,34.8996,1.34112,0.089408,17.65012421993015
79.69999999999999,39.95786897,-106.21923619,2512.4664,34.8996,1.743456,0.22352,2.663000766067171
79.89999999999999,39.95787452,-106.21923659,2512.4664,34.80816,3.084576,0.22352,0.0
80.0,39.95787779,-106.21923688,2512.4664,34.80816,3.263392,0.089408,358.45184230102205
80.1,39.95788211,-106.21923742,2512.4664,34.80816,4.202176,0.089408,356.5526131481348
80.19999999999999,39.95788632,-106.21923792,2512.4664,34.80816,4.738624,0.089408,356.88915934650925
80.3,39.95789134,-106.21923858,2512.4664,34.80816,5.14096,0.0,355.9143832200251
80.39999999999999,39.95789627,-106.21923925,2512.4664,34.80816,5.543296,0.0,355.19204603696954
80.5,39.95790185,-106.21924002,2512.4664,34.80816,5.900928,0.0,354.5829778861434
80.6,39.95790737,-106.21924084,2512.4664,34.80816,6.213856,0.0,353.9667469937993
80.69999999999999,39.95791352,-106.21924166,2512.4664,34.80816,6.526784,0.0,354.2894068625004
80.8,39.95791963,-106.21924258,2512.4664,34.80816,6.8397120000000005,0.0,353.33869836022984
80.89999999999999,39.95792614,-106.21924346,2512.4664,34.80816,7.018528,0.0,352.8256757635177
81.0,39.95793272,-106.2192445,2512.4664,34.80816,7.331455999999999,0.0,353.15722658736905
81.1,39.95793959,-106.21924541,2512.4664,34.80816,7.510272,0.0,352.7402759537402
81.19999999999999,39.95794661,-106.21924651,2512.4664,34.80816,7.778496,0.0,353.004807702742
81.3,39.95795391,-106.21924762,2512.4664,34.80816,8.002016,0.089408,352.62623363866976
81.39999999999999,39.95796139,-106.2192489,2512.4664,34.80816,8.27024,0.0,351.96055544916334
81.5,39.95796891,-106.21925004,2512.4664,34.80816,8.404352,0.089408,352.22086280908565
81.6,39.9579771,-106.21925143,2512.4664,34.80816,8.806688,0.089408,351.912120025462
81.69999999999999,39.95798475,-106.21925264,2512.4664,34.80816,8.896096,0.089408,352.11686068327026
81.8,39.95799305,-106.2192541,2512.4664,34.80816,8.9408,0.089408,352.3493490446406
81.89999999999999,39.95800176,-106.2192556,2512.4664,34.80816,9.521952,0.089408,352.06281199937706
82.0,39.95801062,-106.21925724,2512.4664,34.80816,9.83488,0.089408,351.71931775727825
82.19999999999999,39.95802932,-106.21926062,2512.1616,34.68624,10.50544,0.22352,351.3691982114516
82.3,39.95803873,-106.21926232,2512.1616,34.68624,10.50544,0.089408,351.51839420597065
82.39999999999999,39.95804832,-106.21926416,2512.1616,34.68624,10.684256,0.0,351.69783876511616
82.6,39.95806813,-106.21926798,2512.1616,34.68624,10.997184,0.0,351.6070748126075
82.69999999999999,39.95807813,-106.21926992,2512.1616,34.68624,11.176,0.0,351.2885624480496
82.8,39.95808837,-106.21927201,2512.1616,34.68624,11.39952,0.0,351.0850730428521
82.89999999999999,39.95809908,-106.21927427,2512.1616,34.68624,11.801856,0.0,351.2538377374448
83.1,39.95812098,-106.21927907,2512.1616,34.68624,12.248895999999998,0.0,350.39801742381485
83.19999999999999,39.95813213,-106.2192816,2512.1616,34.68624,12.427712,0.0,350.16096261399895
83.3,39.95814407,-106.21928446,2512.1616,34.68624,13.053568,0.0,349.89696299914846
83.39999999999999,39.95815493,-106.21928712,2512.1616,34.68624,12.874752,0.0,349.5677893534074
83.5,39.9581665,-106.21929005,2512.1616,34.68624,12.695936,0.0,349.7488012491826
83.6,39.95817813,-106.219293,2512.1616,34.68624,13.142976,0.0,349.2342444552571
83.69999999999999,39.95818995,-106.21929599,2512.1616,34.68624,13.277088,0.0,349.307787844716
83.89999999999999,39.95821364,-106.21930209,2512.1616,34.68624,13.4112,0.0,349.03360905565944
84.0,39.9582255,-106.21930521,2512.1616,34.5948,13.455904,0.0,348.72793650890776
84.1,39.95823734,-106.21930841,2512.1616,34.5948,13.455904,0.0,348.72793650890776
84.19999999999999,39.95824912,-106.21931158,2512.1616,34.68624,13.4112,-0.22352,348.9214085817819
84.3,39.95826049,-106.21931465,2512.1616,34.68624,13.142976,-0.491744,348.968780029866
84.39999999999999,39.9582715,-106.21931755,2512.4664,34.80816,12.695936,-0.581152,349.1464326572758
84.5,39.95828147,-106.21932019,2512.4664,34.99104,11.891264,-0.491744,349.55680593650305
84.6,39.95829136,-106.21932269,2512.7712,35.11296,11.265408,-0.402336,349.7154856025995
84.69999999999999,39.95830102,-106.21932533,2512.7712,35.2044,11.086592,-0.089408,349.80067050128747
84.89999999999999,39.95831871,-106.21932996,2512.7712,35.29584,10.371328,0.0,350.3718438715133
85.0,39.95832691,-106.219332,2512.7712,35.2044,9.790176,0.089408,350.40686573726964
85.19999999999999,39.95834191,-106.21933627,2512.7712,35.11296,8.538464000000001,0.491744,350.08724855327614
85.39999999999999,39.95835743,-106.21934123,2512.4664,34.8996,8.896096,0.715264,349.3641044239643
85.6,39.95837445,-106.21934707,2512.1616,34.68624,9.343136,0.581152,348.5412476541228
85.8,39.95839237,-106.21935328,2512.1616,34.5948,10.326624,0.402336,348.22197516671145
85.89999999999999,39.95840261,-106.21935685,2512.1616,34.5948,10.818368,0.22352,347.9543676147342
86.1,39.95842342,-106.21936358,2512.1616,34.5948,11.935968,0.0,347.8584835920905
86.3,39.95844537,-106.21937034,2512.1616,34.68624,12.248895999999998,0.0,347.9351155894745
86.5,39.95846855,-106.21937721,2512.4664,34.80816,12.874752,0.0,347.919682383245
86.69999999999999,39.9584924,-106.21938407,2512.4664,34.80816,13.590016,0.0,347.9052429229879
86.8,39.95850433,-106.21938749,2512.4664,34.80816,13.590016,0.0,347.98852161363453
87.1,39.9585405,-106.21939762,2512.4664,34.80816,13.679424,0.0,347.8651852882796
87.3,39.95856563,-106.2194048,2512.4664,34.80816,13.947648,0.0,347.4105404650423
87.39999999999999,39.9585784,-106.21940857,2512.4664,34.80816,14.394688,0.089408,347.5710106210691
87.5,39.95859099,-106.21941225,2512.1616,34.68624,14.439391999999998,0.089408,347.3329400749921
87.6,39.95860365,-106.21941605,2512.1616,34.68624,14.394688,0.089408,346.8835638746085
87.69999999999999,39.95861634,-106.21941992,2512.1616,34.68624,14.484096,0.089408,346.6982775663284
87.8,39.95862915,-106.21942392,2512.1616,34.68624,14.573504,0.0,346.6982775663284
87.89999999999999,39.958642,-106.21942793,2512.1616,34.68624,14.662912,0.0,346.43549256004474
88.1,39.95866745,-106.21943604,2512.1616,34.68624,14.573504,-0.22352,346.1821082932641
88.19999999999999,39.95867986,-106.21944007,2512.4664,34.80816,14.439391999999998,-0.491744,346.14364849830145
88.3,39.95869146,-106.21944389,2512.4664,34.8996,13.768832,-0.715264,346.01041432266646
88.39999999999999,39.95870277,-106.21944761,2512.4664,34.99104,13.142976,-0.581152,346.4026092397335
88.5,39.95871302,-106.21945103,2512.7712,35.11296,12.338304,-0.312928,346.3668864110082
88.69999999999999,39.95873277,-106.21945758,2512.7712,35.29584,11.354816,0.0,346.98871292065365
88.8,39.95874226,-106.21946066,2512.7712,35.2044,11.176,0.089408,346.9708051920563
88.89999999999999,39.95875087,-106.21946376,2512.7712,35.2044,10.416032,0.089408,346.7872531216648
89.0,39.95875948,-106.21946668,2512.7712,35.2044,9.879584,0.312928,346.56181184164933
89.1,39.95876754,-106.21946987,2512.7712,35.11296,9.61136,0.581152,346.4462359022684
89.19999999999999,39.95877589,-106.21947292,2512.4664,34.99104,9.477248,0.715264,345.96375653207355
89.3,39.95878405,-106.21947651,2512.4664,34.8996,9.566656,0.715264,345.6064070315095
89.39999999999999,39.95879256,-106.21947993,2512.4664,34.80816,9.745472,0.715264,345.25643716352926
89.5,39.95880172,-106.21948406,2512.1616,34.68624,10.326624,0.581152,344.9927346009944
89.6,39.95881156,-106.21948808,2512.1616,34.68624,11.131296,0.581152,344.52474491083615
89.69999999999999,39.95882139,-106.21949241,2512.1616,34.5948,11.488928,0.402336,344.8818118852011
89.8,39.95883163,-106.21949655,2512.1616,34.5948,11.712448,0.312928,344.8590161649231
89.89999999999999,39.95884321,-106.21950119,2512.1616,34.5948,12.695936,0.22352,345.24567335010846
90.0,39.95885442,-106.21950543,2512.1616,34.5948,13.232384,0.0,344.96218409641773
90.1,39.95886638,-106.21950975,2512.1616,34.5948,13.4112,0.0,345.32824920409814
90.2,39.95887806,-106.21951388,2512.1616,34.5948,13.63472,-0.089408,345.579226872489
90.3,39.95889054,-106.21951797,2512.1616,34.68624,13.902944,-0.089408,345.7740361012482
90.4,39.95890271,-106.21952199,2512.1616,34.68624,14.126464,-0.089408,346.1028236849846
90.5,39.95891543,-106.21952576,2512.1616,34.68624,14.260576,-0.089408,346.1940437948701
90.7,39.95894078,-106.21953327,2512.1616,34.68624,14.484096,-0.089408,346.23190954851697
90.8,39.95895349,-106.21953711,2512.1616,34.68624,14.484096,0.0,346.31907464068064
90.9,39.9589664,-106.21954073,2512.1616,34.68624,14.618208,0.0,346.5323219401291
91.0,39.95897928,-106.21954455,2512.4664,34.80816,14.662912,-0.089408,346.6158047790865
91.1,39.9589922,-106.2195482,2512.1616,34.68624,14.707616,0.0,346.352050298028
91.2,39.95900518,-106.21955203,2512.1616,34.68624,14.75232,0.0,346.7797581867844
91.3,39.9590182,-106.21955575,2512.1616,34.68624,14.797024,0.0,346.6397815552355
91.4,39.95903135,-106.21955963,2512.1616,34.68624,14.886432,0.0,346.7198153078242
91.5,39.95904448,-106.21956342,2512.1616,34.68624,14.97584,0.0,346.7989128242944
91.7,39.95907106,-106.21957129,2512.1616,34.68624,15.109951999999998,0.0,346.7401853290131
91.8,39.9590845,-106.21957534,2512.1616,34.68624,15.19936,0.0,346.7401853290131
91.9,39.95909768,-106.21957929,2512.1616,34.68624,15.19936,0.0,346.81703484145913
92.0,39.95911108,-106.21958336,2512.1616,34.5948,15.154656,0.0,346.4462359022684
92.1,39.95912455,-106.21958743,2512.1616,34.5948,15.333472,0.0,346.52350209656333
92.2,39.9591382,-106.21959162,2512.1616,34.5948,15.467584,0.0,346.5999083722691
92.3,39.95915223,-106.21959592,2512.1616,34.5948,15.780511999999998,0.0,346.3586212627086
92.4,39.95916625,-106.21960028,2512.1616,34.5948,16.048735999999998,0.0,346.472864892077
92.5,39.95918071,-106.21960484,2512.1616,34.68624,16.272256,0.0,346.15930450834435
92.6,39.95919501,-106.2196094,2512.1616,34.5948,16.451072,0.0,346.2360358514527
92.7,39.95920908,-106.21961391,2512.1616,34.5948,16.227552,0.0,346.3119372667281
92.8,39.9592232,-106.21961845,2512.1616,34.5948,16.138144,0.0,346.07903963507925
92.9,39.95923709,-106.21962294,2512.1616,34.5948,16.048735999999998,0.0,346.07903963507925
93.0,39.95925114,-106.21962749,2512.1616,34.5948,16.004032,0.0,346.15486916391035
93.1,39.95926564,-106.21963214,2512.1616,34.5948,16.361664,0.0,346.2671066003942
93.2,39.95928014,-106.21963683,2512.1616,34.5948,16.629888,0.0,345.8123809806824
93.3,39.95929475,-106.21964156,2512.1616,34.5948,16.674591999999997,0.0,345.8884664577837
93.5,39.95932411,-106.21965119,2512.1616,34.5948,16.808704,0.0,345.7405273517895
93.6,39.95933886,-106.21965609,2512.1616,34.5948,16.853408,-0.089408,345.4435756799257
93.8,39.9593681,-106.21966589,2512.1616,34.68624,16.808704,0.0,345.2641641735314
93.9,39.95938294,-106.21967089,2512.1616,34.68624,17.032224,0.0,345.3410008448672
94.0,39.95939777,-106.21967597,2512.1616,34.68624,17.032224,-0.089408,345.3410008448672
94.3,39.95944339,-106.21969218,2512.1616,34.5948,17.389855999999998,0.0,345.1265842660411
94.4,39.95945851,-106.21969757,2512.1616,34.68624,17.479264,0.0,344.6923404776365
94.6,39.95948882,-106.21970835,2512.1616,34.5948,17.43456,0.089408,344.7710198806732
94.7,39.95950398,-106.21971374,2512.1616,34.5948,17.479264,0.0,344.7710198806732
94.9,39.95953426,-106.21972456,2512.1616,34.5948,17.479264,0.0,344.6023870000305
95.0,39.95954941,-106.21972999,2512.1616,34.5948,17.479264,0.0,344.6023870000305
95.2,39.95957981,-106.2197409,2512.1616,34.5948,17.523968,0.0,344.6023870000305
95.3,39.95959505,-106.21974649,2512.1616,34.5948,17.568672,0.0,344.6804316283849
95.4,39.95961028,-106.21975203,2512.1616,34.5948,17.613376,0.0,344.6804316283849
95.5,39.95962559,-106.21975764,2512.1616,34.5948,17.613376,-0.089408,344.39732634918664
95.6,39.95964166,-106.21976349,2512.1616,34.68624,18.10512,-0.089408,344.4758890032457
95.7,39.95965592,-106.21976875,2512.1616,34.68624,17.523968,0.0,344.4758890032457
95.8,39.95967102,-106.21977431,2512.1616,34.68624,16.98752,0.0,344.4758890032457
95.9,39.95968651,-106.21978016,2512.1616,34.5948,17.702784,0.0,344.19483824443444
96.0,39.95970192,-106.21978594,2512.1616,34.5948,17.8816,0.0,344.19483824443444
96.1,39.95971738,-106.21979187,2512.1616,34.5948,17.8816,0.0,344.19483824443444
96.2,39.9597327,-106.21979769,2512.1616,34.5948,17.836896,0.0,344.19483824443444
96.3,39.95974799,-106.21980367,2512.1616,34.5948,17.747488,0.0,343.6929945836869
96.4,39.9597632,-106.21980957,2512.1616,34.5948,17.702784,-0.089408,343.6929945836869
96.5,39.95977836,-106.21981562,2512.1616,34.5948,17.613376,0.0,343.6929945836869
96.6,39.95979349,-106.21982158,2512.1616,34.5948,17.613376,0.0,343.6929945836869
96.7,39.9598086,-106.21982776,2512.1616,34.68624,17.568672,0.0,343.4126614430726
96.8,39.95982371,-106.21983383,2512.1616,34.68624,17.613376,0.0,343.4126614430726
96.9,39.95983882,-106.21984008,2512.1616,34.68624,17.613376,0.0,343.1331430422563
97.0,39.95985393,-106.21984625,2512.1616,34.68624,17.613376,0.0,343.1331430422563
97.2,39.95988413,-106.21985885,2512.1616,34.68624,17.613376,0.0,342.8544490811382
97.3,39.95989933,-106.21986534,2512.1616,34.68624,17.658079999999998,0.0,342.8544490811382
97.4,39.9599145,-106.21987172,2512.1616,34.68624,17.747488,0.0,342.8544490811382
97.5,39.95992976,-106.21987821,2512.1616,34.5948,17.792192,0.0,342.8544490811382
97.6,39.95994497,-106.21988461,2512.1616,34.5948,17.792192,0.0,342.8544490811382
97.7,39.95996065,-106.21989126,2512.1616,34.5948,18.060416,0.0,342.4379746577224
97.8,39.95997612,-106.21989777,2512.1616,34.5948,18.194528,0.089408,342.4379746577224
97.9,39.95999125,-106.21990422,2512.1616,34.5948,17.8816,0.0,342.4379746577224
98.0,39.96000638,-106.21991062,2512.1616,34.5948,17.702784,0.0,342.4379746577224
98.1,39.96002155,-106.21991709,2512.1616,34.5948,17.702784,0.0,342.4379746577224
98.2,39.96003672,-106.2199235,2512.1616,34.5948,17.747488,-0.089408,342.4379746577224
98.4,39.96006549,-106.21993577,2512.1616,34.5948,17.121631999999998,-0.089408,342.2498286840871
98.5,39.96008063,-106.2199423,2512.1616,34.68624,17.121631999999998,-0.089408,342.2498286840871
98.6,39.96009582,-106.2199488,2512.1616,34.68624,17.747488,0.0,342.2498286840871
98.7,39.96011122,-106.21995542,2512.1616,34.68624,17.926304000000002,0.0,342.2498286840871
98.8,39.96012648,-106.21996194,2512.1616,34.68624,17.926304000000002,0.0,342.2498286840871
98.9,39.96014221,-106.21996873,2512.1616,34.5948,18.149824,0.0,342.1613828330028
99.0,39.96015767,-106.21997535,2512.1616,34.5948,18.239232,0.0,342.1613828330028
99.1,39.96017287,-106.21998195,2512.1616,34.5948,17.971008,0.0,342.1613828330028
99.2,39.960188,-106.21998847,2512.1616,34.68624,17.792192,0.0,342.1613828330028
99.3,39.96020356,-106.21999522,2512.1616,34.68624,17.971008,0.0,341.88564771652403
99.4,39.96021897,-106.22000184,2512.1616,34.68624,18.149824,0.0,341.88564771652403
99.5,39.96023444,-106.22000853,2512.1616,34.68624,18.060416,-0.089408,342.2498286840871
99.6,39.96025057,-106.22001542,2512.1616,34.68624,18.507456,0.0,342.2498286840871
99.7,39.96026519,-106.22002172,2512.1616,34.68624,17.971008,0.0,342.2498286840871
99.8,39.96028052,-106.22002827,2512.1616,34.68624,17.523968,0.0,341.97527647876154
99.9,39.96029594,-106.22003493,2512.1616,34.68624,17.971008,0.0,341.97527647876154
100.0,39.96031132,-106.22004152,2512.1616,34.68624,18.015712,0.0,342.06405168349994
100.1,39.96032676,-106.22004816,2512.1616,34.68624,18.015712,0.0,342.06405168349994
100.4,39.96037357,-106.22006817,2512.1616,34.68624,18.239232,0.0,342.1956396405322
100.5,39.96038885,-106.22007472,2512.1616,34.5948,18.149824,0.0,342.1956396405322
100.7,39.96041944,-106.22008778,2512.1616,34.68624,17.8816,-0.089408,342.1956396405322
100.8,39.96043473,-106.22009428,2512.1616,34.68624,17.8816,0.0,342.06405168349994
100.9,39.96045001,-106.22010085,2512.1616,34.68624,17.8816,0.0,342.06405168349994
101.0,39.96046529,-106.22010737,2512.1616,34.68624,17.8816,0.0,342.06405168349994
101.1,39.96048055,-106.22011384,2512.1616,34.68624,17.8816,-0.089408,342.06405168349994
101.2,39.96049579,-106.2201203,2512.4664,34.80816,17.836896,0.0,341.97527647876154
101.3,39.96051101,-106.22012675,2512.4664,34.80816,17.836896,0.0,341.97527647876154
101.4,39.9605262,-106.2201332,2512.1616,34.68624,17.792192,0.0,341.97527647876154
101.5,39.96054139,-106.22013963,2512.1616,34.68624,17.747488,0.0,341.97527647876154
101.6,39.96055734,-106.22014638,2512.1616,34.68624,18.194528,0.0,341.97527647876154
101.8,39.96056863,-106.22021376,2512.1616,34.68624,29.370528,0.089408,341.88564771652403
101.9,39.96058106,-106.22020809,2512.1616,34.68624,19.625056,0.0,341.88564771652403
102.0,39.96059685,-106.22019573,2512.1616,34.68624,17.479264,0.0,341.88564771652403
102.1,39.960617,-106.22019142,2512.1616,34.68624,21.189696,0.0,341.88564771652403
102.2,39.96063487,-106.22019503,2512.1616,34.68624,21.144992,-0.089408,341.88564771652403
102.3,39.9606553,-106.22019628,2512.1616,34.68624,21.413216,0.0,342.1613828330028
102.4,39.96067358,-106.22019922,2512.1616,34.68624,21.592032,-0.089408,342.07208023799274
102.5,39.96070027,-106.22020002,2512.1616,34.68624,25.03424,-0.22352,342.07208023799274
102.6,39.96071737,-106.22020625,2512.1616,34.68624,24.542496,-0.089408,342.34987578006985
102.7,39.96073555,-106.22021547,2512.1616,34.68624,20.697952,0.0,342.34987578006985
102.8,39.96075302,-106.22022272,2512.1616,34.68624,21.01088,0.089408,342.34987578006985
102.9,39.96077002,-106.22023238,2512.1616,34.68624,20.474432,0.089408,342.34987578006985
103.0,39.9607869,-106.22024019,2512.1616,34.68624,20.250912,0.0,342.34987578006985
103.1,39.9608012,-106.22024867,2512.1616,34.68624,18.686272,0.0,342.07208023799274
103.2,39.96081642,-106.22025625,2512.1616,34.68624,17.792192,0.0,341.9364934904488
103.3,39.96082995,-106.22026419,2512.1616,34.5948,17.300448,0.089408,341.9364934904488
103.4,39.96084462,-106.2202715,2512.1616,34.5948,16.98752,0.0,341.9364934904488
103.5,39.960858,-106.22027877,2512.1616,34.5948,16.808704,-0.089408,341.9364934904488
103.6,39.96087314,-106.22028612,2512.1616,34.68624,17.032224,-0.089408,341.9364934904488
103.7,39.96088587,-106.2202926,2512.1616,34.68624,16.585184,-0.089408,341.9364934904488
103.8,39.96090019,-106.22029936,2512.1616,34.68624,16.048735999999998,0.0,341.9364934904488
103.9,39.96091386,-106.22030593,2512.1616,34.68624,16.585184,0.0,341.565051177078
104.0,39.96092817,-106.22031256,2512.1616,34.5948,16.54048,0.0,341.565051177078
104.1,39.96094207,-106.22031905,2512.1616,34.5948,16.629888,0.0,341.565051177078
104.2,39.96095642,-106.22032564,2512.1616,34.5948,16.674591999999997,-0.22352,341.4714307056375
104.3,39.96097053,-106.22033215,2512.1616,34.5948,16.764,0.0,341.4714307056375
104.4,39.96098495,-106.22033874,2512.1616,34.5948,16.808704,-0.089408,341.4714307056375
104.5,39.9609993,-106.22034525,2512.1616,34.5948,16.942816,-0.089408,341.4714307056375
104.6,39.96101383,-106.22035182,2512.1616,34.5948,16.98752,-0.22352,341.4714307056375
104.7,39.96102836,-106.22035837,2512.1616,34.68624,17.121631999999998,-0.22352,341.4714307056375
104.8,39.96104295,-106.22036494,2512.1616,34.5948,17.121631999999998,0.0,341.4714307056375
104.9,39.96105756,-106.22037155,2512.1616,34.5948,17.166335999999998,-0.089408,341.4714307056375
105.0,39.9610722,-106.22037817,2512.1616,34.5948,17.21104,0.0,341.4714307056375
105.1,39.96108688,-106.22038475,2512.1616,34.5948,17.255744,0.0,341.4714307056375
105.2,39.96110157,-106.22039134,2512.1616,34.5948,17.255744,0.089408,341.4714307056375
105.3,39.96111632,-106.22039802,2512.1616,34.50336,17.345152,0.089408,341.4714307056375
105.4,39.96113105,-106.22040466,2512.1616,34.50336,17.345152,0.0,341.4714307056375
105.5,39.96114613,-106.22041145,2512.1616,34.50336,17.523968,0.089408,341.4714307056375
105.6,39.96116109,-106.22041815,2512.1616,34.50336,17.658079999999998,0.0,341.4714307056375
105.7,39.96117574,-106.22042473,2512.1616,34.50336,17.389855999999998,-0.089408,341.4714307056375
105.8,39.96119045,-106.22043129,2512.1616,34.50336,17.255744,-0.089408,341.4714307056375
105.9,39.96120509,-106.22043784,2512.1616,34.50336,17.255744,0.0,341.565051177078
106.0,39.96121981,-106.2204444,2512.1616,34.50336,17.255744,-0.089408,341.565051177078
106.1,39.96123454,-106.220451,2511.8568,34.41192,17.300448,0.0,341.565051177078
106.2,39.9612493,-106.22045759,2511.8568,34.41192,17.345152,0.0,341.28601549589644
106.3,39.96126407,-106.22046422,2511.8568,34.41192,17.345152,0.0,341.28601549589644
106.4,39.96127889,-106.22047085,2511.8568,34.41192,17.389855999999998,-0.089408,341.379928139485
106.5,39.96129369,-106.22047751,2511.8568,34.41192,17.43456,0.0,341.379928139485
106.6,39.96130852,-106.22048416,2511.8568,34.41192,17.43456,-0.089408,341.28601549589644
106.7,39.96132331,-106.22049086,2512.1616,34.50336,17.43456,-0.312928,341.28601549589644
106.8,39.96133815,-106.22049746,2512.1616,34.50336,17.43456,-0.089408,341.65776271349694
107.0,39.96136791,-106.22051028,2512.1616,34.5948,17.43456,-0.22352,342.6371822730292
107.1,39.9613829,-106.22051634,2512.1616,34.5948,17.43456,-0.22352,343.04810575455303
107.2,39.96139872,-106.22052248,2512.1616,34.5948,17.8816,-0.312928,344.1150001900382
107.3,39.96141312,-106.22052747,2512.1616,34.68624,17.43456,-0.312928,344.75770775285355
107.4,39.96142832,-106.22053261,2512.4664,34.80816,16.98752,-0.312928,345.7499673021964
107.5,39.96144361,-106.220537,2512.4664,34.80816,17.43456,-0.402336,346.6754687381092
107.6,39.96145971,-106.22054158,2512.4664,34.8996,17.8816,-0.402336,347.4870329814908
107.8,39.96148963,-106.22054878,2512.4664,34.8996,17.389855999999998,0.0,348.77639962465173
107.9,39.96150486,-106.22055196,2512.4664,34.8996,16.98752,0.0,349.35325025257646
108.0,39.96152016,-106.22055524,2512.4664,34.8996,17.255744,0.089408,349.7873323661132
108.2,39.96155176,-106.22056138,2512.1616,34.68624,17.568672,0.089408,350.65901555957066
108.4,39.96158165,-106.2205667,2512.1616,34.5948,16.764,0.089408,351.3887833866765
108.5,39.96159692,-106.22056923,2512.1616,34.5948,16.898111999999998,0.0,351.68149422711616
108.7,39.96162727,-106.22057419,2512.1616,34.50336,16.98752,0.312928,352.4541023908855
108.8,39.96164244,-106.22057661,2511.8568,34.41192,16.98752,0.22352,352.4541023908855
108.9,39.9616575,-106.22057885,2511.8568,34.29,16.942816,0.0,352.74680538727466
109.0,39.96167276,-106.22058114,2511.8568,34.29,16.942816,0.089408,353.03988950071306
109.1,39.96168804,-106.22058327,2511.8568,34.29,17.076928000000002,0.0,353.03988950071306
109.2,39.96170343,-106.22058544,2511.8568,34.19856,17.166335999999998,0.089408,353.36748538486154
109.3,39.96171893,-106.2205873,2511.552,34.10712,17.255744,0.0,353.6598082540901
109.4,39.96173446,-106.22058924,2511.552,34.10712,17.345152,-0.089408,354.0989100877956
109.5,39.96175013,-106.22059086,2511.552,34.10712,17.389855999999998,-0.22352,354.3920348122605
109.6,39.96176577,-106.22059258,2511.8568,34.19856,17.479264,-0.312928,354.7126232116716
109.7,39.96178153,-106.22059384,2511.8568,34.19856,17.523968,-0.402336,355.4436415615108
109.8,39.96179724,-106.22059509,2511.8568,34.29,17.523968,-0.491744,356.0295399395567
109.9,39.96181342,-106.22059536,2511.8568,34.41192,17.747488,-0.402336,357.6446888684852
110.0,39.96182939,-106.22059537,2512.1616,34.50336,17.8816,-0.312928,0.0
110.1,39.96184495,-106.22059359,2512.1616,34.50336,17.523968,-0.22352,1.9239409845512228
110.2,39.96186043,-106.22059159,2512.1616,34.50336,17.345152,-0.089408,4.330060284589479
110.3,39.96187558,-106.22058729,2511.8568,34.41192,17.255744,-0.089408,7.087702267877546
110.4,39.96189063,-106.22058305,2511.8568,34.41192,17.166335999999998,-0.22352,9.561664595711932
110.5,39.96190502,-106.22057644,2511.8568,34.41192,16.98752,-0.22352,12.446129874021608
110.6,39.96192006,-106.22056973,2511.8568,34.41192,17.345152,-0.22352,15.309273487983203
110.7,39.96193341,-106.22056108,2511.8568,34.41192,17.076928000000002,-0.312928,18.385683332472468
110.8,39.96194727,-106.22055267,2511.8568,34.41192,16.764,-0.089408,20.924501744921145
110.9,39.96195933,-106.22054255,2511.8568,34.41192,16.451072,-0.089408,23.656613877953987
111.0,39.96197165,-106.22053269,2511.8568,34.41192,16.004032,0.0,26.139068100434827
111.1,39.96198311,-106.2205212,2511.8568,34.41192,16.048735999999998,0.22352,28.354961785324065
111.2,39.96199487,-106.22051003,2511.8568,34.29,16.09344,0.089408,30.79879792975925
111.3,39.96200561,-106.22049797,2511.8568,34.29,15.959328,0.089408,33.19922784018144
111.4,39.96201657,-106.22048588,2511.8568,34.19856,15.86992,0.22352,35.48137668381338
111.5,39.96202632,-106.22047343,2511.8568,34.19856,15.556992,0.0,37.775684305954655
111.6,39.96203633,-106.22046065,2511.8568,34.19856,15.378176,-0.089408,39.82636056142292
111.7,39.96204587,-106.22044716,2511.8568,34.19856,15.601696,-0.089408,41.915187669502416
111.8,39.96205553,-106.22043341,2511.8568,34.29,15.780511999999998,-0.22352,43.73717131153904
111.9,39.96206462,-106.22041956,2511.8568,34.29,15.735808,0.0,45.57179518347323
112.0,39.96207374,-106.22040529,2511.8568,34.29,15.691104,0.0,47.05355056351101
112.1,39.96208248,-106.22039097,2511.8568,34.19856,15.735808,0.089408,48.54073367154291
112.2,39.96209119,-106.22037614,2511.552,34.10712,15.735808,0.089408,49.88616907980753
112.3,39.96209947,-106.22036167,2511.552,34.10712,15.6464,0.0,51.34019174590992
112.4,39.96210772,-106.22034653,2511.552,34.10712,15.601696,0.0,52.5574817578256
112.5,39.96211589,-106.2203314,2511.552,34.10712,15.780511999999998,0.0,53.54183939788777
112.6,39.96212395,-106.22031569,2511.552,33.9852,15.959328,0.0,54.82772401116313
112.7,39.96213215,-106.22029986,2511.552,33.9852,16.182848,0.0,55.44319406349695
112.8,39.96214014,-106.22028359,2511.552,33.89376,16.361664,0.22352,56.13800266894685
112.9,39.96214843,-106.2202672,2511.2472,33.80232,16.585184,0.089408,56.5674398615991
113.0,39.96215652,-106.22025056,2511.2472,33.80232,16.764,-0.089408,56.48032834196266
113.1,39.96216512,-106.22023393,2511.2472,33.80232,16.942816,-0.22352,56.48032834196266
113.2,39.96217352,-106.22021734,2511.2472,33.80232,17.032224,-0.312928,56.053958989350576
113.3,39.96218292,-106.22020068,2511.2472,33.80232,17.300448,-0.089408,54.9826892360951
113.4,39.96219198,-106.22018436,2511.2472,33.80232,17.389855999999998,-0.089408,53.68785868381457
113.5,39.96220184,-106.22016901,2511.2472,33.71088,17.121631999999998,0.0,52.16593215688101
113.6,39.96221199,-106.22015309,2511.2472,33.71088,17.345152,0.0,50.39344088792194
113.7,39.96222197,-106.22013969,2511.2472,33.58896,16.764,-0.089408,48.85803578181202
113.8,39.96223229,-106.22012552,2511.2472,33.71088,16.272256,-0.312928,47.74721042012254
113.9,39.96224399,-106.22011145,2511.2472,33.71088,17.166335999999998,-0.312928,46.42388487487489
114.0,39.96225518,-106.22009747,2511.2472,33.71088,17.479264,-0.089408,45.653535680677805
114.1,39.96226735,-106.22008341,2511.2472,33.71088,17.658079999999998,-0.22352,45.0
114.2,39.96227898,-106.2200696,2511.2472,33.80232,17.792192,-0.402336,44.351396241109
114.3,39.96229126,-106.22005535,2511.2472,33.80232,17.8816,-0.402336,44.0326209847039
114.4,39.96230309,-106.22004146,2511.2472,33.80232,17.971008,-0.22352,43.393997010717726
114.5,39.9623151,-106.22002725,2511.552,33.89376,17.836896,-0.491744,43.40590922777744
114.6,39.96232683,-106.22001335,2511.552,33.89376,17.836896,-0.581152,43.40590922777744
114.7,39.96233899,-106.21999811,2511.552,33.9852,18.194528,-0.715264,43.8394707523513
114.8,39.9623508,-106.21998344,2511.552,34.10712,18.462752,-0.491744,44.05391715804302
114.9,39.96236235,-106.21996795,2511.8568,34.19856,18.283936,-0.715264,44.79089224406937
115.0,39.96237372,-106.21995293,2511.8568,34.29,18.194528,-0.581152,45.20759249564634
115.1,39.96238487,-106.21993674,2511.8568,34.29,18.239232,-0.402336,46.13954877006961
115.2,39.96239592,-106.2199211,2511.8568,34.41192,18.32864,-0.22352,46.86094106601303
115.4,39.96241756,-106.2198882,2511.8568,34.41192,18.373344,-0.089408,47.98039260779751
115.6,39.96243899,-106.21985417,2511.8568,34.41192,18.77568,0.0,49.085616779974885
115.7,39.96244921,-106.21983725,2511.8568,34.41192,18.641568,-0.22352,49.78899754370127
115.8,39.96245945,-106.21982067,2511.8568,34.41192,18.239232,0.0,49.78899754370127
115.9,39.96247032,-106.2198025,2512.1616,34.50336,18.909792,-0.22352,50.286337361968776
116.0,39.96248092,-106.21978508,2512.1616,34.50336,19.312128,-0.22352,50.69040435062794
116.1,39.96249073,-106.21976869,2512.1616,34.50336,18.32864,0.0,50.87147942440362
116.2,39.96250059,-106.2197522,2512.1616,34.50336,17.792192,-0.22352,51.09390425359419
116.3,39.96251067,-106.2197354,2512.1616,34.50336,18.015712,-0.089408,51.27328350908397
116.4,39.9625207,-106.21971862,2512.1616,34.5948,18.149824,-0.22352,51.60907884275719
116.5,39.96253081,-106.21970187,2512.1616,34.5948,18.149824,-0.22352,52.01185827447512
116.7,39.96255087,-106.21966843,2512.1616,34.5948,18.10512,-0.22352,52.01185827447512
116.8,39.96256078,-106.21965172,2512.1616,34.5948,18.015712,0.0,52.23852313759295
116.9,39.96257084,-106.21963508,2512.1616,34.68624,18.015712,-0.312928,52.466585728540906
117.0,39.96258069,-106.21961836,2512.4664,34.80816,18.015712,-0.22352,52.7286369959516
117.2,39.96260027,-106.21958499,2512.4664,34.80816,17.926304000000002,0.0,53.30346273136303
117.3,39.96260999,-106.21956829,2512.4664,34.80816,17.8816,0.0,53.30346273136303
117.5,39.96262938,-106.21953488,2512.4664,34.80816,17.836896,-0.089408,53.535831997724586
117.7,39.96264869,-106.21950131,2512.4664,34.80816,17.8816,0.0,53.7073702715204
117.8,39.96265821,-106.21948447,2512.4664,34.80816,17.8816,0.0,53.94070103526229
117.9,39.96266786,-106.21946749,2512.4664,34.8996,17.926304000000002,-0.22352,54.462322208025626
118.0,39.96267729,-106.21945046,2512.4664,34.8996,17.971008,-0.22352,54.86580694308435
118.1,39.96268675,-106.21943313,2512.4664,34.99104,18.015712,-0.22352,55.35042782709996
118.2,39.96269593,-106.21941575,2512.4664,34.99104,18.060416,0.0,56.15044567782775
118.4,39.96271371,-106.21938002,2512.4664,34.99104,18.149824,0.0,57.93406645301752
118.5,39.96272258,-106.21936071,2512.4664,34.99104,18.507456,0.0,58.91428584131603
118.7,39.96273877,-106.21932325,2512.7712,35.11296,18.32864,0.0,60.6965258369093
118.8,39.96274637,-106.21930452,2512.7712,35.11296,18.239232,0.0,61.91080875572436
118.9,39.96275369,-106.21928497,2512.7712,35.2044,18.283936,0.089408,63.05425157149523
119.0,39.96276086,-106.21926546,2512.7712,35.11296,18.507456,0.089408,63.87616172589122
119.1,39.96276735,-106.21924603,2512.7712,35.2044,18.239232,0.0,64.88916509845609
119.2,39.96277413,-106.21922547,2512.7712,35.2044,18.596864,0.0,65.63754698468779
119.3,39.9627799,-106.21920668,2512.7712,35.2044,18.149824,0.089408,66.45103734568283
119.4,39.96278599,-106.21918679,2512.7712,35.11296,17.747488,0.089408,67.07784243077253
119.5,39.96279184,-106.21916685,2512.7712,35.11296,18.239232,0.089408,67.72724647066627
119.6,39.9627977,-106.21914685,2512.7712,35.11296,18.239232,0.312928,68.09413159654412
119.7,39.96280361,-106.21912703,2512.4664,34.99104,18.194528,0.402336,68.09413159654412
119.8,39.96280947,-106.21910713,2512.4664,34.8996,18.149824,0.581152,68.25115543423368
119.9,39.96281569,-106.21908696,2512.4664,34.80816,18.373344,0.491744,68.25115543423368
120.0,39.96282171,-106.21906685,2512.4664,34.80816,18.462752,0.089408,68.25115543423368
120.1,39.96282805,-106.21904708,2512.4664,34.80816,18.32864,0.089408,68.51455668293659
120.2,39.96283409,-106.21902725,2512.4664,34.80816,18.239232,0.089408,68.91145052423235
120.3,39.96284042,-106.21900772,2512.4664,34.8996,18.10512,0.0,68.91145052423235
120.4,39.96284642,-106.21898803,2512.4664,34.80816,18.060416,0.22352,69.07549825507886
120.5,39.96285253,-106.21896889,2512.4664,34.80816,17.8816,0.22352,69.17723210072614
120.6,39.96285837,-106.21894946,2512.1616,34.68624,17.747488,0.22352,69.44395478041656
120.7,39.96286433,-106.21893018,2512.1616,34.68624,17.747488,0.089408,69.44395478041656
120.8,39.96287007,-106.21891068,2512.1616,34.68624,17.747488,0.089408,69.71161194935439
120.9,39.96287592,-106.21889113,2512.1616,34.5948,17.836896,0.0,69.71161194935439
121.0,39.96288155,-106.2188715,2512.1616,34.68624,17.8816,0.0,69.9801967840275
121.1,39.96288754,-106.2188507,2512.1616,34.68624,18.373344,0.0,69.9801967840275
121.2,39.96289322,-106.21883032,2512.1616,34.68624,18.686272,-0.089408,70.38479796475423
121.3,39.96289874,-106.21881075,2512.4664,34.80816,18.149824,-0.089408,70.38479796475423
121.4,39.96290416,-106.21879108,2512.4664,34.80816,17.792192,-0.22352,70.48071794778951
121.5,39.96290968,-106.21877135,2512.4664,34.8996,17.8816,0.0,70.48071794778951
121.7,39.96292063,-106.21873157,2512.4664,34.80816,17.971008,0.0,70.75047412731828
121.8,39.96292605,-106.21871162,2512.4664,34.8996,18.015712,0.0,70.84438755456034
122.0,39.962937,-106.2186714,2512.4664,34.8996,18.149824,0.0,70.84438755456034
122.2,39.96294788,-106.21863093,2512.4664,34.99104,18.239232,0.0,71.25147302844061
122.3,39.96295337,-106.21861049,2512.4664,34.99104,18.32864,0.0,71.25147302844061
122.5,39.96296412,-106.21857033,2512.4664,34.99104,18.239232,0.0,71.25147302844061
122.6,39.96296969,-106.21854941,2512.4664,34.99104,18.373344,0.0,71.25147302844061
122.8,39.96298031,-106.2185096,2512.7712,35.11296,17.971008,0.0,71.25147302844061
123.0,39.96299096,-106.21846864,2512.4664,34.99104,18.418048,0.22352,72.01266534793854
123.1,39.96299597,-106.21844844,2512.4664,34.99104,18.10512,0.0,72.28233175663354
123.3,39.96300557,-106.21840774,2512.4664,34.99104,18.149824,0.089408,73.39539240872944
123.4,39.96301018,-106.21838727,2512.4664,34.99104,18.149824,0.0,73.66629571352564
123.5,39.96301461,-106.21836646,2512.4664,34.99104,18.283936,0.0,74.05460409907715
123.6,39.96301894,-106.21834574,2512.4664,34.99104,18.373344,0.0,74.73251441185192
123.7,39.96302331,-106.21832371,2512.4664,34.99104,18.865088,0.089408,75.07763428774501
123.8,39.96302749,-106.21830219,2512.4664,34.99104,19.178016,0.22352,75.69173113617751
123.9,39.96303125,-106.21828136,2512.4664,34.99104,18.596864,0.22352,76.10001258796439
124.0,39.96303493,-106.21826049,2512.4664,34.99104,18.239232,0.0,76.711345865238
124.1,39.96303856,-106.21823903,2512.7712,35.11296,18.507456,0.0,76.9843572348941
124.3,39.96304545,-106.21819679,2512.7712,35.11296,18.507456,0.0,78.00310069207643
124.4,39.96304873,-106.21817581,2512.7712,35.11296,18.373344,0.089408,78.00310069207643
124.5,39.96305201,-106.21815478,2512.7712,35.11296,18.283936,0.089408,78.27747902989773
124.7,39.96305852,-106.21811214,2512.7712,35.11296,18.507456,0.089408,78.55240373631443
124.8,39.96306169,-106.21809073,2512.7712,35.11296,18.55216,0.0,79.04593735660166
124.9,39.96306497,-106.21806927,2512.7712,35.11296,18.596864,0.22352,79.32026828441855
125.0,39.96306808,-106.2180479,2512.7712,35.11296,18.596864,0.089408,79.32026828441855
125.1,39.96307122,-106.21802703,2512.7712,35.11296,18.32864,0.22352,79.59509551548558
125.2,39.96307419,-106.21800602,2512.7712,35.11296,18.149824,0.089408,79.59509551548558
125.3,39.96307732,-106.21798499,2512.7712,35.11296,18.239232,0.089408,79.91940201245768
125.4,39.96308027,-106.21796386,2512.4664,34.99104,18.283936,0.22352,79.91940201245768
125.5,39.96308331,-106.2179426,2512.4664,34.99104,18.373344,0.22352,80.33133133891636
125.6,39.96308619,-106.21792133,2512.4664,34.99104,18.418048,0.312928,80.33133133891636
125.7,39.96308915,-106.21789991,2512.4664,34.99104,18.462752,0.22352,80.60651529931721
125.8,39.96309194,-106.21787855,2512.4664,34.99104,18.507456,0.0,80.60651529931721
125.9,39.96309488,-106.21785666,2512.4664,34.99104,18.686272,0.0,80.60651529931721
126.0,39.96309765,-106.21783501,2512.4664,34.99104,18.820384,0.089408,80.8821372462042
126.1,39.96310049,-106.21781375,2512.4664,34.99104,18.55216,0.089408,80.8821372462042
126.2,39.9631032,-106.21779251,2512.4664,34.99104,18.373344,0.0,80.8821372462042
126.3,39.96310604,-106.21777073,2512.4664,34.99104,18.596864,0.0,80.8821372462042
126.4,39.96310874,-106.21774914,2512.4664,34.99104,18.730976,0.089408,81.15818543980834
126.5,39.96311149,-106.21772801,2512.4664,34.99104,18.462752,0.22352,81.15818543980834
126.6,39.96311414,-106.21770686,2512.4664,34.8996,18.239232,0.22352,80.8821372462042
126.7,39.96311696,-106.2176852,2512.4664,34.8996,18.507456,0.0,81.15818543980834
126.8,39.96311965,-106.21766369,2512.4664,34.8996,18.641568,0.0,81.15818543980834
126.9,39.96312242,-106.21764214,2512.4664,34.8996,18.596864,0.089408,80.8821372462042
127.0,39.9631251,-106.21762075,2512.4664,34.8996,18.55216,0.089408,80.83765295427827
127.1,39.96312796,-106.21759933,2512.4664,34.8996,18.507456,0.22352,80.83765295427827
127.2,39.96313069,-106.21757802,2512.4664,34.80816,18.462752,0.22352,80.83765295427827
127.29999999999998,39.96313349,-106.21755668,2512.4664,34.80816,18.418048,0.0,80.83765295427827
127.4,39.96313618,-106.21753543,2512.4664,34.80816,18.418048,0.089408,80.77011375627228
127.5,39.96313894,-106.21751428,2512.4664,34.80816,18.32864,0.089408,80.77011375627228
127.7,39.96314451,-106.21747208,2512.1616,34.68624,18.239232,0.22352,80.44432426234187
127.79999999999998,39.9631473,-106.21745105,2512.1616,34.5948,18.239232,0.089408,80.44432426234187
128.0,39.96315305,-106.21740894,2512.1616,34.5948,18.194528,0.0,80.39695982804733
128.2,39.96315891,-106.21736695,2512.1616,34.50336,18.194528,0.089408,80.39695982804733
128.29999999999998,39.96316196,-106.217346,2512.1616,34.50336,18.194528,0.0,80.39695982804733
128.4,39.96316488,-106.21732514,2512.1616,34.50336,18.060416,-0.089408,80.39695982804733
128.6,39.96317087,-106.21728355,2512.1616,34.5948,18.060416,-0.22352,80.34912798470026
128.7,39.96317392,-106.21726264,2512.1616,34.5948,18.060416,-0.089408,80.34912798470026
128.9,39.96318002,-106.21721993,2512.1616,34.5948,18.507456,-0.089408,80.34912798470026
129.0,39.96318301,-106.21719855,2512.1616,34.5948,18.507456,-0.089408,80.34912798470026
129.1,39.96318591,-106.21717802,2512.1616,34.5948,18.149824,0.0,80.34912798470026
129.2,39.96318876,-106.21715743,2512.1616,34.5948,17.792192,-0.089408,80.34912798470026
129.29999999999998,39.96319167,-106.21713682,2512.1616,34.5948,17.836896,-0.089408,80.06669966613367
129.4,39.96319452,-106.21711618,2512.1616,34.5948,17.8816,-0.22352,80.06669966613367
129.5,39.96319748,-106.21709547,2512.1616,34.5948,17.926304000000002,-0.089408,80.06669966613367
129.6,39.96320051,-106.21707378,2512.1616,34.5948,18.373344,-0.089408,80.01703654663271
129.7,39.96320329,-106.2170541,2512.1616,34.5948,17.926304000000002,-0.089408,80.01703654663271
129.79999999999998,39.96320614,-106.21703349,2512.1616,34.68624,17.479264,-0.22352,80.01703654663271
129.9,39.96320905,-106.21701289,2512.1616,34.68624,17.8816,-0.22352,80.2274579439067
130.0,39.96321182,-106.21699239,2512.4664,34.80816,17.792192,-0.22352,80.51379460056353
130.1,39.96321463,-106.21697128,2512.4664,34.8996,18.015712,-0.089408,80.80061027024391
130.2,39.9632172,-106.21695046,2512.4664,34.8996,18.10512,-0.089408,81.51965812063366
130.29999999999998,39.96321951,-106.21693,2512.4664,34.8996,17.792192,0.0,82.15657892504936
130.5,39.96322329,-106.21688879,2512.4664,34.8996,17.702784,0.0,84.20303138092999
130.6,39.96322477,-106.21686808,2512.4664,34.8996,17.702784,0.0,85.06791257173518
130.7,39.96322575,-106.21684718,2512.4664,34.8996,17.792192,0.0,86.09950625761815
130.79999999999998,39.96322655,-106.21682633,2512.4664,34.8996,17.792192,0.0,87.10873040377942
130.9,39.96322687,-106.21680525,2512.4664,34.99104,17.8816,0.0,88.11975319618995
131.0,39.96322707,-106.21678428,2512.4664,34.99104,17.926304000000002,0.0,88.98730128658656
131.1,39.96322691,-106.21676314,2512.4664,34.8996,17.971008,0.089408,89.7106298365594
131.2,39.96322664,-106.21674211,2512.4664,34.99104,17.971008,0.0,90.2893701634406
131.29999999999998,39.96322613,-106.21672108,2512.4664,34.99104,17.926304000000002,0.0,91.01269871341344
131.4,39.96322546,-106.21670015,2512.4664,34.99104,17.8816,0.0,91.5911402711946
131.5,39.9632246,-106.21667821,2512.4664,34.99104,18.283936,0.0,92.60256220249984
131.7,39.9632223,-106.21663636,2512.7712,35.11296,17.8816,0.0,94.20961105965176
131.79999999999998,39.96322074,-106.21661586,2512.7712,35.11296,17.792192,0.0,95.22065123062396
131.9,39.96321901,-106.21659551,2512.7712,35.11296,17.523968,0.089408,96.5157004073896
132.0,39.96321687,-106.21657507,2512.4664,34.99104,17.523968,0.089408,97.41266139767424
132.1,39.9632144,-106.21655478,2512.4664,34.99104,17.568672,0.22352,99.19938972975608
132.2,39.96321146,-106.2165345,2512.4664,34.99104,17.523968,0.22352,100.53918372862825
132.29999999999998,39.96320805,-106.21651453,2512.4664,34.99104,17.523968,0.089408,102.16588143427056
132.4,39.96320418,-106.21649461,2512.4664,34.99104,17.479264,0.0,103.89424678339331
132.5,39.96319987,-106.21647552,2512.4664,34.99104,17.21104,0.0,105.60267365081336
132.6,39.96319511,-106.21645638,2512.4664,34.99104,17.032224,0.0,107.36281772697087
132.7,39.96318977,-106.21643762,2512.4664,34.99104,17.121631999999998,0.0,109.22743550884854
132.79999999999998,39.96318401,-106.21641889,2512.7712,35.11296,17.121631999999998,0.0,111.11212874260252
132.9,39.96317766,-106.21640015,2512.7712,35.11296,17.345152,0.0,112.84804287161636
133.0,39.96317098,-106.21638167,2512.7712,35.11296,17.43456,0.0,114.49341163435088
133.1,39.96316403,-106.21636436,2512.7712,35.11296,17.032224,0.089408,115.9640685382301
133.2,39.96315668,-106.21634706,2512.7712,35.11296,16.764,0.22352,117.76548554399731
133.29999999999998,39.96314878,-106.21632973,2512.7712,35.11296,16.98752,0.312928,119.22805194314516
133.4,39.96314051,-106.21631256,2512.7712,35.11296,17.21104,0.089408,120.9125080846377
133.5,39.96313175,-106.21629529,2512.7712,35.11296,17.479264,0.22352,122.44830144927256
133.7,39.96311434,-106.2162634,2512.4664,34.99104,16.674591999999997,0.22352,125.3467504239644
133.79999999999998,39.96310483,-106.21624731,2512.4664,34.99104,16.898111999999998,0.22352,126.84002497935734
133.9,39.96309538,-106.21623186,2512.4664,34.99104,17.076928000000002,0.312928,128.12369577655875
134.0,39.96308546,-106.21621665,2512.4664,34.99104,16.942816,0.22352,129.82466968472886
134.1,39.96307508,-106.21620104,2512.4664,34.8996,17.300448,0.22352,131.19995793043347
134.2,39.96306434,-106.21618588,2512.4664,34.8996,17.613376,0.312928,132.4738830883805
134.29999999999998,39.96305406,-106.21617152,2512.4664,34.8996,17.166335999999998,0.22352,133.3153156821037
134.4,39.96304329,-106.21615736,2512.4664,34.8996,16.853408,0.089408,134.58025820866465
134.5,39.96303239,-106.21614305,2512.4664,34.8996,17.121631999999998,0.0,135.20910775593063
134.6,39.96302104,-106.21612899,2512.4664,34.99104,17.300448,0.0,136.25445162268153
134.79999999999998,39.96299872,-106.21610179,2512.4664,34.99104,17.121631999999998,0.0,137.50770172706626
134.9,39.96298746,-106.21608824,2512.4664,34.99104,16.98752,0.0,138.22014275333595
135.0,39.96297577,-106.21607487,2512.4664,34.99104,17.166335999999998,0.0,138.74492717354207
135.1,39.96296404,-106.21606099,2512.4664,34.99104,17.43456,0.089408,139.15964229371264
135.2,39.96295199,-106.21604749,2512.4664,34.99104,17.613376,0.089408,139.63546342690267
135.29999999999998,39.96294006,-106.21603368,2512.4664,34.99104,17.702784,0.089408,140.0454639407837
135.4,39.96292783,-106.21602031,2512.4664,34.8996,17.747488,0.089408,140.45494705819806
135.5,39.9629157,-106.21600673,2512.4664,34.8996,17.747488,0.0,141.06811252704065
135.7,39.96289097,-106.21598015,2512.4664,34.99104,17.792192,0.0,141.88347799480903
135.79999999999998,39.96287838,-106.21596713,2512.4664,34.99104,17.836896,0.0,142.06170612106268
135.9,39.96286584,-106.21595395,2512.4664,34.99104,17.8816,0.0,142.8113127380807
136.0,39.96285306,-106.21594118,2512.7712,35.11296,17.8816,0.0,143.47542682878515
136.1,39.96284026,-106.21592841,2512.4664,34.99104,17.926304000000002,0.089408,144.1104075431101
136.2,39.9628272,-106.21591609,2512.4664,34.99104,17.926304000000002,0.089408,145.1139521457917
136.29999999999998,39.96281454,-106.21590455,2512.4664,34.99104,17.523968,0.0,145.91232761779543
136.6,39.96277243,-106.21587,2512.4664,34.99104,18.418048,0.0,149.77455027504658
136.79999999999998,39.96274414,-106.21585005,2512.4664,34.99104,17.8816,0.0,152.5971624915112
136.9,39.96272947,-106.21584096,2512.7712,35.11296,17.926304000000002,0.0,154.3381858310446
137.0,39.96271474,-106.21583236,2512.7712,35.11296,18.015712,0.0,155.90474555356627
137.1,39.96269995,-106.21582479,2512.7712,35.11296,17.792192,0.089408,157.49261189905872
137.2,39.96268506,-106.2158176,2512.7712,35.11296,17.658079999999998,0.089408,159.2559883880523
137.29999999999998,39.96267018,-106.21581144,2512.7712,35.11296,17.479264,0.0,161.28601549589644
137.4,39.96265516,-106.21580564,2512.7712,35.11296,17.389855999999998,0.089408,162.9189780878795
137.5,39.96264026,-106.21580096,2512.7712,35.11296,17.21104,0.089408,164.6023870000305
137.6,39.96262517,-106.21579657,2512.7712,35.11296,17.121631999999998,0.089408,166.18023829605488
137.7,39.96261025,-106.21579304,2512.7712,35.11296,17.032224,0.089408,167.84281791099374
137.79999999999998,39.96259514,-106.21578979,2512.7712,35.11296,16.942816,0.089408,169.60131401369097
137.9,39.96258032,-106.21578718,2512.7712,35.11296,16.853408,0.089408,170.9334972601838
138.0,39.96256526,-106.21578493,2512.4664,34.99104,16.719296,0.22352,172.5751066143041
138.1,39.96255048,-106.21578307,2512.4664,34.99104,16.674591999999997,0.312928,173.9275435927923
138.2,39.96253545,-106.21578167,2512.4664,34.99104,16.629888,0.22352,175.28680582387403
138.29999999999998,39.9625207,-106.21578051,2512.4664,34.99104,16.585184,0.089408,176.21610731191504
138.4,39.96250565,-106.21577989,2512.4664,34.8996,16.585184,0.22352,177.57622865588644
138.5,39.9624908,-106.21577937,2512.4664,34.8996,16.629888,0.22352,178.64324834405784
138.6,39.96247568,-106.21577936,2512.4664,34.8996,16.674591999999997,0.089408,179.24615166692922
138.7,39.96246071,-106.21577902,2512.4664,34.8996,16.719296,0.22352,180.0
138.79999999999998,39.96244549,-106.21577922,2512.4664,34.80816,16.808704,0.22352,180.29919195159363
138.9,39.96243028,-106.21577889,2512.4664,34.80816,16.898111999999998,0.22352,180.7440592028887
139.0,39.96241485,-106.21577917,2512.4664,34.80816,17.032224,0.0,181.03624476925208
139.1,39.96239938,-106.21577879,2512.4664,34.80816,17.166335999999998,0.0,181.0309181854304
139.2,39.96238375,-106.21577905,2512.4664,34.80816,17.300448,0.0,181.3152332609748
139.29999999999998,39.96236724,-106.21577865,2512.4664,34.8996,17.8816,-0.089408,181.3085592772787
139.4,39.96235093,-106.21577896,2512.4664,34.8996,18.239232,0.0,181.59114027119455
139.5,39.96233524,-106.21577869,2512.4664,34.8996,17.792192,0.0,181.88024680381005
139.6,39.96231938,-106.21577909,2512.4664,34.8996,17.523968,-0.089408,182.3021082924366
139.79999999999998,39.96228743,-106.21578011,2512.4664,34.8996,17.747488,-0.089408,183.57633437499732
139.9,39.962271,-106.21578106,2512.4664,34.99104,18.283936,0.0,184.45374451146935
140.0,39.96225471,-106.21578274,2512.4664,34.8996,18.239232,0.0,185.7390984980896
140.1,39.96223877,-106.21578484,2512.4664,34.8996,17.971008,0.0,187.0186834437361
140.2,39.96222282,-106.21578756,2512.4664,34.8996,17.836896,0.089408,188.29127149169108
140.4,39.96219119,-106.21579473,2512.4664,34.8996,17.836896,0.0,190.58470817496092
140.5,39.96217512,-106.21579934,2512.4664,34.8996,18.32864,0.22352,191.89598673996065
140.7,39.96214359,-106.21580971,2512.4664,34.80816,18.149824,0.22352,193.6935694466485
140.79999999999998,39.96212794,-106.2158154,2512.1616,34.68624,18.060416,0.22352,194.6504689134341
141.0,39.9620967,-106.21582734,2512.1616,34.68624,18.10512,0.089408,195.59908580283923
141.2,39.9620654,-106.21583944,2512.1616,34.68624,18.149824,0.0,196.2152932697241
141.29999999999998,39.96204969,-106.21584519,2512.1616,34.68624,18.149824,0.0,196.2152932697241
141.5,39.96201825,-106.21585674,2512.1616,34.68624,18.149824,0.0,196.33370428647436
141.6,39.96200179,-106.21586292,2512.1616,34.5948,18.462752,0.0,196.33370428647436
141.7,39.96198685,-106.21586788,2512.1616,34.5948,18.10512,0.0,196.06204815816017
141.79999999999998,39.96197123,-106.21587359,2512.1616,34.5948,17.568672,-0.089408,196.1407438637671
141.9,39.96195517,-106.21587877,2512.1616,34.5948,18.239232,-0.089408,196.2201936956028
142.0,39.9619394,-106.2158844,2512.1616,34.5948,18.283936,-0.089408,196.2201936956028
142.1,39.96192398,-106.21588937,2512.1616,34.5948,17.926304000000002,0.0,196.30040823585483
142.2,39.96190864,-106.2158948,2512.1616,34.5948,17.658079999999998,0.0,196.30040823585483
142.29999999999998,39.9618937,-106.21589976,2512.1616,34.5948,17.389855999999998,-0.089408,196.42218749831528
142.4,39.96187874,-106.21590516,2512.1616,34.5948,17.21104,0.0,196.50436138175505
142.5,39.96186341,-106.21591041,2512.1616,34.5948,17.43456,-0.089408,196.58733855692745
142.6,39.96184823,-106.215916,2512.1616,34.5948,17.568672,0.0,196.58733855692745
142.7,39.96183295,-106.21592141,2512.1616,34.50336,17.568672,0.0,196.67113050734253
142.79999999999998,39.96181781,-106.21592706,2512.1616,34.5948,17.568672,0.0,196.58733855692745
142.9,39.96180278,-106.21593246,2512.1616,34.5948,17.43456,-0.089408,196.58733855692745
143.0,39.96178776,-106.21593812,2512.1616,34.5948,17.345152,0.0,196.8668569577437
143.1,39.96177211,-106.2159439,2512.1616,34.5948,17.747488,-0.089408,196.78264414527072
143.2,39.96175663,-106.21594984,2512.1616,34.5948,18.015712,-0.089408,196.97549946792972
143.29999999999998,39.96174116,-106.21595562,2512.1616,34.68624,17.8816,-0.22352,196.8500944298715
143.4,39.96172575,-106.21596154,2512.1616,34.68624,17.8816,-0.089408,196.8500944298715
143.5,39.96170965,-106.2159677,2512.1616,34.68624,18.239232,0.0,196.7674859591248
143.6,39.96169378,-106.21597389,2512.1616,34.68624,18.55216,0.0,197.09232479638425
143.79999999999998,39.96166204,-106.21598612,2512.1616,34.68624,18.418048,0.0,196.886791123944
143.9,39.96164554,-106.21599242,2512.1616,34.68624,18.641568,0.0,196.80591533162328
144.0,39.96162929,-106.21599871,2512.1616,34.68624,18.954496,0.0,196.80591533162328
144.1,39.96161314,-106.21600488,2512.1616,34.68624,18.77568,0.0,196.72578848945523
144.2,39.96159706,-106.2160111,2512.1616,34.68624,18.686272,0.0,196.72578848945523
144.29999999999998,39.9615804,-106.21601752,2512.1616,34.68624,18.9992,0.0,196.6464005510172
144.4,39.96156396,-106.21602391,2512.1616,34.68624,19.178016,0.0,196.91032604951013
144.5,39.96154738,-106.21603033,2512.1616,34.68624,19.133312,0.0,196.8305659832106
144.6,39.96153096,-106.21603672,2512.1616,34.68624,19.133312,0.0,196.8305659832106
144.7,39.9615145,-106.21604319,2512.1616,34.5948,19.088608,0.089408,196.8305659832106
144.79999999999998,39.96149816,-106.2160496,2512.1616,34.5948,19.043904,0.089408,196.8305659832106
144.9,39.96148212,-106.21605584,2512.1616,34.5948,18.77568,0.0,196.5677416429749
145.0,39.96146603,-106.21606208,2512.1616,34.50336,18.641568,0.0,196.5677416429749
145.1,39.96144957,-106.21606842,2512.1616,34.50336,18.865088,0.0,196.5677416429749
145.2,39.96143319,-106.21607471,2512.1616,34.50336,19.043904,0.0,196.05799800851847
145.29999999999998,39.96141713,-106.21608069,2512.1616,34.50336,18.77568,0.0,196.05799800851847
145.4,39.96140104,-106.2160867,2512.1616,34.5948,18.596864,-0.089408,196.05799800851847
145.5,39.96138452,-106.21609273,2512.1616,34.50336,18.865088,0.0,195.7950629444609
145.6,39.96136729,-106.21609906,2512.1616,34.50336,19.490944,0.0,195.7950629444609
145.7,39.96135193,-106.21610456,2512.1616,34.50336,18.820384,0.0,195.7950629444609
145.79999999999998,39.96133575,-106.21611041,2512.1616,34.50336,18.194528,-0.089408,195.7209277858228
145.9,39.96131911,-106.21611633,2512.1616,34.50336,18.909792,-0.089408,195.45842159679503
146.0,39.96130263,-106.21612228,2512.1616,34.50336,19.088608,0.0,195.45842159679503
146.1,39.96128642,-106.21612808,2512.1616,34.50336,18.865088,-0.089408,195.45842159679503
146.2,39.96127022,-106.2161339,2512.1616,34.50336,18.686272,0.0,195.45842159679503
146.29999999999998,39.96125354,-106.2161399,2512.1616,34.50336,18.954496,-0.089408,195.45842159679503
146.4,39.96123701,-106.21614588,2512.1616,34.50336,19.178016,-0.089408,195.45842159679503
146.5,39.96122072,-106.21615175,2512.1616,34.50336,18.909792,0.0,195.45842159679503
146.6,39.96120445,-106.21615762,2512.1616,34.50336,18.77568,0.0,195.45842159679503
146.7,39.96118808,-106.21616353,2512.1616,34.50336,18.820384,0.0,195.45842159679503
146.79999999999998,39.96117175,-106.21616942,2512.1616,34.50336,18.865088,0.0,195.45842159679503
146.9,39.96115489,-106.21617546,2512.1616,34.50336,19.133312,0.0,195.38606665179887
147.0,39.96113823,-106.21618144,2511.8568,34.41192,19.312128,0.0,195.38606665179887
147.2,39.96110422,-106.21619374,2511.8568,34.41192,19.490944,-0.089408,195.38606665179887
147.4,39.96107115,-106.21620561,2511.8568,34.41192,19.088608,0.0,195.38606665179887
147.6,39.96103821,-106.21621734,2511.8568,34.29,18.9992,0.0,195.38606665179887
147.7,39.96102171,-106.21622315,2511.8568,34.29,18.9992,0.0,195.38606665179887
147.79999999999998,39.96100523,-106.21622901,2511.8568,34.19856,18.9992,0.0,195.31436974658283
147.9,39.96098835,-106.21623499,2511.8568,34.19856,19.22272,0.0,195.31436974658283
148.0,39.96097165,-106.21624095,2511.8568,34.19856,19.356832,-0.089408,195.38606665179887
148.1,39.96095532,-106.21624673,2511.8568,34.29,19.043904,-0.22352,195.12400730831055
148.2,39.96093897,-106.21625254,2511.8568,34.29,18.820384,-0.22352,195.12400730831055
148.29999999999998,39.96092264,-106.21625827,2511.8568,34.29,18.820384,-0.22352,195.12400730831055
148.5,39.96088988,-106.21626974,2511.8568,34.29,18.865088,-0.22352,195.12400730831055
148.6,39.9608735,-106.21627548,2511.8568,34.41192,18.865088,-0.312928,195.12400730831055
148.7,39.96085701,-106.21628122,2511.8568,34.41192,18.909792,-0.312928,195.12400730831055
148.79999999999998,39.96084059,-106.21628701,2511.8568,34.41192,18.954496,-0.312928,195.12400730831055
148.9,39.96082408,-106.21629287,2511.8568,34.41192,18.954496,-0.312928,195.12400730831055
149.0,39.96080766,-106.21629872,2511.8568,34.41192,18.954496,-0.312928,195.12400730831055
149.1,39.9607912,-106.21630464,2512.1616,34.50336,18.954496,-0.312928,195.12400730831055
149.2,39.96077481,-106.21631046,2512.1616,34.50336,18.954496,-0.22352,195.12400730831055
149.4,39.96074133,-106.21632217,2512.1616,34.50336,19.133312,-0.089408,194.4660364067161
149.5,39.96072501,-106.21632767,2512.1616,34.50336,19.088608,-0.089408,194.4660364067161
149.6,39.9607087,-106.21633312,2512.1616,34.50336,18.730976,-0.089408,194.2017420819232
149.7,39.96069158,-106.21633875,2512.1616,34.50336,19.178016,0.0,194.2017420819232
149.79999999999998,39.96067476,-106.21634425,2512.1616,34.50336,19.44624,-0.089408,193.93682925968756
149.9,39.96065875,-106.21634938,2512.1616,34.50336,18.820384,-0.22352,193.93682925968756
150.0,39.96064261,-106.21635452,2512.1616,34.50336,18.373344,-0.089408,193.5383204917679
150.1,39.96062645,-106.21635962,2512.1616,34.50336,18.462752,-0.089408,193.5383204917679
150.2,39.96061022,-106.21636469,2512.1616,34.50336,18.507456,-0.22352,193.27190196299412
150.29999999999998,39.96059397,-106.21636979,2512.1616,34.50336,18.55216,-0.089408,193.27190196299412
150.4,39.9605777,-106.21637483,2512.1616,34.50336,18.596864,-0.089408,193.00489774991007
150.5,39.96056137,-106.21637991,2512.1616,34.5948,18.641568,-0.22352,193.00489774991007
150.6,39.96054423,-106.21638513,2512.1616,34.5948,19.133312,-0.089408,193.00489774991007
150.7,39.96052864,-106.21638992,2512.1616,34.5948,18.686272,0.0,192.73731755372845
150.79999999999998,39.96051228,-106.21639483,2512.1616,34.5948,18.239232,0.0,192.73731755372845
150.9,39.96049578,-106.21639986,2512.1616,34.50336,18.77568,0.0,192.73731755372845
151.0,39.96047936,-106.21640475,2512.1616,34.50336,18.77568,0.089408,192.73731755372845
151.1,39.96046288,-106.2164097,2511.8568,34.41192,18.77568,0.089408,192.4691712180538
151.2,39.96044652,-106.21641452,2511.8568,34.41192,18.730976,0.089408,192.52880770915152
151.29999999999998,39.96043013,-106.21641946,2511.8568,34.29,18.686272,0.0,192.52880770915152
151.4,39.96041385,-106.21642428,2511.8568,34.29,18.641568,0.0,192.58900813828623
151.5,39.96039753,-106.21642917,2511.8568,34.29,18.596864,0.0,192.58900813828623
151.6,39.9603805,-106.21643418,2511.8568,34.29,18.9992,-0.089408,192.58900813828623
151.7,39.9603651,-106.21643877,2511.8568,34.41192,18.507456,-0.22352,192.2707203578153
151.79999999999998,39.96034897,-106.2164435,2511.8568,34.41192,17.971008,-0.22352,192.2707203578153
151.9,39.96033282,-106.21644818,2511.8568,34.41192,18.373344,-0.22352,192.2707203578153
152.0,39.96031675,-106.2164528,2511.8568,34.41192,18.32864,-0.089408,192.33050042496023
152.1,39.96030064,-106.21645746,2511.8568,34.41192,18.32864,-0.22352,192.33050042496023
152.2,39.9602846,-106.21646205,2512.1616,34.50336,18.32864,-0.22352,192.33050042496023
152.29999999999998,39.96026819,-106.21646685,2512.1616,34.50336,18.462752,-0.22352,192.05542584618087
152.4,39.96025197,-106.2164715,2511.8568,34.41192,18.596864,-0.089408,192.05542584618087
152.5,39.96023603,-106.21647603,2512.1616,34.50336,18.283936,-0.089408,192.05542584618087
152.6,39.9602193,-106.21648073,2512.1616,34.50336,18.596864,0.0,192.05542584618087
152.7,39.96020446,-106.21648486,2511.8568,34.41192,17.971008,-0.089408,191.7797860281868
152.79999999999998,39.96018872,-106.21648923,2512.1616,34.50336,17.389855999999998,-0.089408,191.7797860281868
152.9,39.9601726,-106.21649383,2512.1616,34.50336,18.10512,-0.089408,191.7797860281868
153.0,39.96015655,-106.21649835,2512.1616,34.50336,18.283936,-0.089408,192.05542584618087
153.1,39.96014075,-106.21650291,2512.1616,34.50336,18.10512,-0.089408,192.05542584618087
153.2,39.96012492,-106.2165074,2512.1616,34.50336,18.015712,-0.089408,191.7797860281868
153.29999999999998,39.96010864,-106.21651202,2512.1616,34.50336,18.239232,-0.089408,191.7797860281868
153.4,39.9600925,-106.21651653,2512.1616,34.50336,18.418048,-0.089408,191.7797860281868
153.5,39.96007576,-106.21652114,2512.1616,34.50336,18.686272,-0.089408,191.7797860281868
153.6,39.96006064,-106.21652526,2512.1616,34.5948,18.10512,-0.089408,191.7797860281868
153.7,39.96004428,-106.21652974,2512.1616,34.5948,17.8816,-0.089408,191.50359202460615
153.79999999999998,39.96002809,-106.21653411,2512.1616,34.5948,18.507456,0.0,191.56013079421777
153.9,39.96001216,-106.21653849,2512.1616,34.5948,18.239232,0.0,191.50359202460615
154.0,39.95999625,-106.2165428,2512.1616,34.50336,18.10512,0.0,191.50359202460615
154.1,39.95997989,-106.21654716,2512.1616,34.50336,18.32864,0.0,191.50359202460615
154.2,39.95996366,-106.21655147,2512.1616,34.50336,18.507456,0.0,191.50359202460615
154.29999999999998,39.95994774,-106.21655581,2512.1616,34.50336,18.239232,0.089408,191.50359202460615
154.4,39.9599318,-106.2165601,2511.8568,34.41192,18.10512,0.089408,191.50359202460615
154.5,39.95991535,-106.21656449,2511.8568,34.41192,18.373344,0.0,191.50359202460615
154.6,39.95989904,-106.21656886,2511.8568,34.41192,18.596864,0.0,191.7797860281868
154.7,39.95988306,-106.21657322,2511.8568,34.41192,18.32864,0.0,191.7797860281868
154.79999999999998,39.95986711,-106.21657766,2511.8568,34.41192,18.149824,0.0,192.05542584618087
154.9,39.95984999,-106.21658272,2511.8568,34.41192,18.820384,-0.089408,192.7420286581849
155.0,39.95983336,-106.21658778,2511.8568,34.41192,19.267424,-0.089408,193.353370207241
155.1,39.95981798,-106.21659303,2512.1616,34.50336,18.32864,-0.089408,193.96778976153277
155.29999999999998,39.95978692,-106.21660469,2512.1616,34.50336,17.8816,-0.089408,196.06204815816017
155.4,39.95977134,-106.21661106,2512.1616,34.50336,18.015712,-0.089408,197.09232479638425
155.6,39.95974059,-106.21662565,2512.1616,34.5948,18.194528,-0.089408,199.4242595588851
155.7,39.95972621,-106.21663324,2512.1616,34.5948,17.8816,0.0,200.1897302022695
155.79999999999998,39.95971111,-106.21664124,2512.1616,34.68624,17.658079999999998,0.0,201.1913385943704
155.9,39.95969654,-106.21664972,2512.1616,34.68624,17.926304000000002,0.0,202.2790843992144
156.0,39.95968192,-106.21665832,2512.1616,34.68624,17.792192,0.0,203.31093503538415
156.2,39.95965248,-106.21667687,2512.1616,34.68624,18.194528,0.0,204.71538486703528
156.29999999999998,39.95963834,-106.21668625,2512.1616,34.68624,18.015712,0.0,205.80030309680689
156.4,39.95962417,-106.21669585,2512.1616,34.68624,17.702784,0.0,206.43758580446533
156.5,39.95961021,-106.21670554,2512.1616,34.68624,17.658079999999998,0.0,207.2052008466015
156.6,39.95959623,-106.21671554,2512.1616,34.68624,17.658079999999998,0.089408,208.03877858291716
156.7,39.95958246,-106.21672558,2512.1616,34.68624,17.613376,0.0,208.8170955224805
156.79999999999998,39.95956873,-106.21673602,2512.1616,34.68624,17.613376,0.089408,209.58458889088053
156.9,39.95955486,-106.2167468,2512.1616,34.68624,17.792192,0.0,210.81570575172915
157.0,39.95954123,-106.21675798,2512.1616,34.68624,17.926304000000002,0.089408,212.0053832080835
157.1,39.95952792,-106.21676945,2512.1616,34.68624,17.836896,0.0,213.24841294172663
157.2,39.95951485,-106.21678136,2512.1616,34.68624,17.747488,0.0,214.65835470552108
157.29999999999998,39.95950223,-106.21679363,2512.1616,34.5948,17.613376,0.0,216.23039749075863
157.4,39.95948982,-106.21680636,2512.1616,34.5948,17.523968,0.0,217.7206173083545
157.5,39.95947743,-106.21682004,2512.1616,34.68624,17.792192,0.0,219.57940471623763
157.6,39.95946488,-106.21683468,2512.1616,34.68624,18.373344,0.0,221.449703241712
157.7,39.95945489,-106.2168476,2512.1616,34.68624,17.166335999999998,0.0,223.3153156821037
157.79999999999998,39.95944438,-106.21686179,2512.1616,34.68624,16.227552,0.0,225.0
157.9,39.95943485,-106.21687623,2512.1616,34.68624,16.495776,0.0,226.813227301139
158.0,39.9594253,-106.2168912,2512.1616,34.68624,16.406368,0.0,228.87125623198563
158.1,39.95941663,-106.21690616,2512.1616,34.68624,16.272256,0.0,230.4096049444734
158.2,39.95940797,-106.21692165,2512.4664,34.80816,16.138144,0.0,232.3002322538071
158.29999999999998,39.95940048,-106.21693644,2512.4664,34.80816,15.735808,0.0,234.12053040345924
158.4,39.95939299,-106.21695194,2512.4664,34.80816,15.378176,-0.089408,235.877193123152
158.5,39.95938577,-106.21696796,2512.4664,34.80816,15.735808,0.0,237.74528947313289
158.6,39.95937835,-106.21698534,2512.4664,34.8996,16.406368,-0.089408,239.68668794993704
158.7,39.95937218,-106.21700096,2512.4664,34.8996,15.959328,0.0,241.17537504920557
158.79999999999998,39.95936596,-106.21701782,2512.4664,34.8996,15.467584,0.0,243.00684386701877
158.9,39.9593602,-106.21703441,2512.4664,34.8996,15.735808,0.089408,244.86704500708663
159.0,39.95935479,-106.21705149,2512.4664,34.8996,15.6464,0.0,246.6746491190241
159.1,39.95934984,-106.21706832,2512.4664,34.8996,15.556992,0.089408,248.43920129664733
159.2,39.95934527,-106.21708566,2512.4664,34.8996,15.512288000000002,0.089408,250.0307096773772
159.29999999999998,39.9593411,-106.21710261,2512.4664,34.8996,15.378176,0.089408,251.87253899165577
159.4,39.95933736,-106.21712011,2512.4664,34.8996,15.333472,0.0,253.8309683123904
159.5,39.95933393,-106.21713761,2512.4664,34.8996,15.42288,0.0,255.56559908090117
159.6,39.9593308,-106.21715642,2512.4664,34.8996,15.914624,0.0,257.0792496641684
159.7,39.95932832,-106.21717311,2512.4664,34.8996,15.467584,0.0,258.5934474160276
159.79999999999998,39.95932611,-106.21719111,2512.4664,34.99104,15.020544,0.0,260.1341930569156
159.9,39.9593241,-106.21720877,2512.4664,34.99104,15.378176,0.0,261.5910882673993
160.0,39.95932251,-106.21722687,2512.4664,34.99104,15.378176,0.0,262.6109496698391
160.1,39.95932088,-106.21724495,2512.7712,35.11296,15.512288000000002,0.0,264.11066280974217
160.2,39.95931973,-106.21726334,2512.7712,35.11296,15.601696,0.089408,265.2499451668596
160.29999999999998,39.95931867,-106.2172806,2512.4664,34.99104,15.244064,0.089408,266.3930043117434
160.5,39.95931748,-106.21731599,2512.4664,34.99104,14.97584,0.22352,268.5311992856142
160.6,39.95931741,-106.21733407,2512.4664,34.99104,15.19936,0.22352,269.6753814931886
160.7,39.9593173,-106.21735246,2512.4664,34.99104,15.512288000000002,0.22352,270.81150068371187
160.79999999999998,39.95931774,-106.21737104,2512.4664,34.8996,15.735808,0.22352,271.7698121158623
160.9,39.95931829,-106.21738963,2512.4664,34.8996,15.825216,0.089408,272.8945126923575
161.0,39.95931934,-106.21740832,2512.4664,34.8996,15.914624,0.22352,273.9946170081481
161.1,39.95932042,-106.21742648,2512.4664,34.8996,15.735808,0.22352,274.9490214259108
161.2,39.95932198,-106.21744491,2512.4664,34.8996,15.6464,0.089408,276.0589877239784
161.29999999999998,39.95932357,-106.21746331,2512.4664,34.8996,15.780511999999998,0.0,276.84908421550364
161.4,39.9593256,-106.2174819,2512.4664,34.8996,15.914624,0.0,277.79373177924583
161.5,39.95932766,-106.21750052,2512.4664,34.8996,16.004032,0.0,278.5777165250165
161.6,39.95933025,-106.21752017,2512.4664,34.8996,16.495776,0.0,279.5142205448402
161.7,39.95933249,-106.21753801,2512.4664,34.8996,16.182848,0.0,280.2348027634232
161.79999999999998,39.95933526,-106.21755682,2512.4664,34.8996,15.86992,0.089408,280.8501046297974
161.9,39.95933798,-106.21757576,2512.4664,34.8996,16.361664,0.089408,281.6156701244662
162.0,39.95934111,-106.21759469,2512.4664,34.8996,16.451072,0.089408,282.22512267573575
162.1,39.95934415,-106.21761368,2512.4664,34.80816,16.495776,0.0,282.9829925722519
162.2,39.9593476,-106.21763259,2512.4664,34.80816,16.54048,0.0,283.65905484508204
162.29999999999998,39.959351,-106.21765158,2512.4664,34.8996,16.585184,0.0,284.412194630867
162.4,39.9593548,-106.21767046,2512.4664,34.8996,16.629888,0.0,285.01107757799133
162.5,39.95935863,-106.21768991,2512.4664,34.8996,16.853408,0.0,285.75497488281405
162.6,39.95936286,-106.21770907,2512.4664,34.80816,17.032224,0.0,286.4330980111484
162.7,39.95936703,-106.2177278,2512.4664,34.80816,16.808704,0.0,287.17056135193815
162.79999999999998,39.95937157,-106.21774651,2512.4664,34.80816,16.674591999999997,0.0,287.7563503406541
163.0,39.95938097,-106.21778403,2512.4664,34.80816,16.808704,0.0,289.060318726466
163.1,39.95938583,-106.21780289,2512.4664,34.80816,16.942816,0.0,289.7760766026392
163.29999999999998,39.95939616,-106.2178401,2512.4664,34.80816,16.898111999999998,0.0,291.2113315904197
163.4,39.95940166,-106.21785854,2512.4664,34.80816,16.853408,0.089408,291.7734193666864
163.6,39.95941335,-106.2178964,2512.1616,34.68624,17.389855999999998,0.0,293.296464999098
163.7,39.95941954,-106.2179154,2512.1616,34.68624,17.479264,0.0,294.0986550809426
163.79999999999998,39.95942602,-106.21793409,2512.1616,34.68624,17.523968,0.0,294.76472883361794
163.9,39.95943258,-106.21795286,2512.4664,34.80816,17.523968,0.0,295.4378491109399
164.0,39.95943942,-106.21797135,2512.4664,34.80816,17.523968,0.0,296.10085941606513
164.1,39.95944637,-106.21798983,2512.4664,34.80816,17.523968,0.0,296.89623696549336
164.2,39.95945367,-106.21800802,2512.4664,34.80816,17.523968,0.0,298.0287363491263
164.29999999999998,39.95946123,-106.21802612,2512.4664,34.80816,17.523968,0.0,299.3416547009803
164.4,39.95946915,-106.2180439,2512.4664,34.80816,17.568672,0.0,300.6082021807871
164.5,39.95947744,-106.21806144,2512.1616,34.68624,17.523968,0.0,302.05232130204485
164.6,39.95948606,-106.21807869,2512.1616,34.68624,17.568672,0.0,303.3212156719396
164.7,39.95949507,-106.21809569,2512.1616,34.68624,17.568672,0.0,304.750979216244
164.79999999999998,39.95950435,-106.21811245,2512.4664,34.80816,17.613376,0.0,305.63980919808665
164.9,39.9595139,-106.21812899,2512.4664,34.80816,17.658079999999998,0.0,306.8991749961385
165.0,39.95952369,-106.21814531,2512.4664,34.80816,17.658079999999998,0.0,307.5418724071768
165.1,39.95953371,-106.21816145,2512.4664,34.80816,17.658079999999998,0.0,308.70529913735623
165.2,39.95954395,-106.2181774,2512.4664,34.80816,17.702784,0.089408,309.545052941802
165.29999999999998,39.95955444,-106.21819368,2512.1616,34.68624,17.926304000000002,0.089408,310.17677276299503
165.4,39.95956507,-106.21820969,2512.1616,34.68624,18.10512,0.089408,310.39756324607305
165.5,39.95957514,-106.21822506,2512.1616,34.68624,17.658079999999998,0.089408,310.9143832200251
165.7,39.95959589,-106.21825662,2512.1616,34.68624,17.702784,0.0,311.15905097466305
165.79999999999998,39.95960652,-106.21827262,2512.1616,34.68624,17.836896,0.0,310.97173633351485
166.0,39.95962692,-106.21830483,2512.1616,34.68624,17.8816,0.0,310.4781112185419
166.1,39.95963712,-106.21832187,2512.1616,34.68624,18.015712,0.0,310.29449286775457
166.2,39.95964757,-106.21833856,2512.1616,34.68624,18.373344,0.0,309.8960570870202
166.4,39.95966748,-106.21837231,2512.1616,34.68624,18.194528,0.0,309.21007734654205
166.5,39.95967743,-106.21839003,2512.1616,34.68624,18.32864,0.0,308.9443151340661
166.6,39.95968757,-106.21840734,2512.1616,34.68624,18.641568,0.0,308.5504652961577
166.7,39.95969741,-106.21842522,2512.1616,34.68624,18.641568,0.0,308.15722658736905
166.79999999999998,39.95970737,-106.21844275,2512.1616,34.68624,18.686272,0.0,307.764634543879
166.9,39.9597168,-106.21846035,2512.1616,34.68624,18.462752,0.0,307.50927087614554
167.0,39.95972643,-106.2184778,2512.1616,34.68624,18.32864,0.0,307.0089647987552
167.1,39.95973613,-106.2184961,2512.1616,34.68624,18.641568,0.0,306.78621350937215
167.2,39.95974591,-106.21851406,2512.1616,34.68624,18.865088,0.0,306.6198206617967
167.29999999999998,39.95975567,-106.21853237,2512.1616,34.68624,18.865088,0.0,306.4547181046992
167.4,39.95976544,-106.21855039,2512.1616,34.68624,18.909792,0.0,306.2314536601177
167.5,39.95977524,-106.21856873,2512.1616,34.5948,18.909792,0.0,305.98679564435724
167.6,39.95978551,-106.21858777,2512.1616,34.5948,19.44624,0.0,305.8252727082495
167.7,39.95979487,-106.21860519,2512.1616,34.5948,18.9992,0.0,305.8252727082495
167.79999999999998,39.95980468,-106.21862335,2512.1616,34.5948,18.55216,0.0,305.8252727082495
167.9,39.95981508,-106.21864245,2512.1616,34.5948,19.44624,0.0,305.6650015368618
168.0,39.95982523,-106.21866109,2512.1616,34.68624,19.714464,-0.089408,305.6650015368618
168.1,39.95983515,-106.21867931,2512.1616,34.68624,19.267424,-0.089408,305.6650015368618
168.2,39.95984501,-106.21869745,2512.1616,34.68624,18.9992,0.0,305.6650015368618
168.29999999999998,39.95985468,-106.21871507,2512.1616,34.68624,18.730976,0.0,305.6650015368618
168.4,39.95986439,-106.21873284,2512.1616,34.68624,18.507456,0.0,305.44191891816007
168.5,39.95987429,-106.2187509,2512.1616,34.5948,18.77568,0.0,305.44191891816007
168.6,39.95988417,-106.21876893,2512.1616,34.5948,18.909792,0.0,305.6650015368618
168.7,39.95989387,-106.21878648,2512.1616,34.68624,18.641568,-0.089408,306.20945681718604
168.79999999999998,39.95990377,-106.21880392,2512.1616,34.68624,18.462752,-0.22352,307.1733389949775
168.9,39.95991396,-106.21882098,2512.1616,34.68624,18.462752,-0.22352,308.20405598398105
169.0,39.95992442,-106.21883765,2512.4664,34.80816,18.373344,-0.22352,310.14597353201304
169.1,39.95993576,-106.21885376,2512.4664,34.80816,18.507456,-0.22352,312.09255486565166
169.2,39.95994717,-106.21886919,2512.4664,34.80816,18.462752,-0.312928,314.3926469951905
169.29999999999998,39.959959,-106.21888277,2512.4664,34.8996,17.8816,-0.22352,316.5426014752257
169.4,39.95997093,-106.21889599,2512.4664,34.8996,17.479264,-0.22352,318.74492717354207
169.5,39.95998354,-106.2189075,2512.4664,34.99104,17.255744,-0.22352,321.1080383181826
169.6,39.95999613,-106.21891878,2512.4664,34.99104,17.032224,-0.22352,323.8839506872268
169.7,39.96000943,-106.21892872,2512.4664,34.99104,16.98752,-0.22352,326.2249869773062
169.79999999999998,39.96002255,-106.21893835,2512.4664,34.99104,16.898111999999998,0.0,328.6366977860499
169.9,39.96003588,-106.21894628,2512.7712,35.11296,16.495776,0.0,330.89952258845653
170.0,39.96004913,-106.21895409,2512.4664,34.99104,16.227552,0.089408,333.00684386701874
170.1,39.96006235,-106.21896064,2512.4664,34.99104,15.914624,0.22352,335.1576108945448
170.2,39.96007569,-106.218967,2512.4664,34.99104,15.780511999999998,0.312928,337.2682536546488
170.29999999999998,39.9600885,-106.21897233,2512.4664,34.99104,15.378176,0.312928,339.19625258779126
170.4,39.96010167,-106.21897738,2512.4664,34.8996,15.109951999999998,0.312928,341.3057960255766
170.5,39.96011517,-106.21898221,2512.4664,34.8996,15.42288,0.22352,343.1272760939204
170.6,39.96012884,-106.21898646,2512.4664,34.8996,15.601696,0.22352,345.00492087082404
170.7,39.96014206,-106.2189903,2512.4664,34.8996,15.333472,0.089408,346.4462359022684
170.79999999999998,39.96015554,-106.21899352,2512.4664,34.8996,15.154656,0.089408,348.4620582369506
170.9,39.9601685,-106.21899658,2512.4664,34.8996,14.931136,0.089408,349.99202019855863
171.1,39.96019525,-106.2190016,2512.4664,34.8996,14.886432,0.089408,352.7920365074348
171.2,39.96020889,-106.21900338,2512.4664,34.8996,15.109951999999998,0.089408,353.9559078377589
171.29999999999998,39.96022249,-106.21900539,2512.4664,34.8996,15.244064,0.22352,355.4860115419987
171.5,39.96024982,-106.21900798,2512.4664,34.8996,15.244064,0.089408,357.82313828996223
171.7,39.96027723,-106.21900948,2512.4664,34.8996,15.244064,0.089408,359.6678542742531
171.79999999999998,39.96029101,-106.21900954,2512.4664,34.8996,15.288768,0.0,0.0
171.9,39.96030471,-106.21901,2512.4664,34.8996,15.288768,0.089408,0.83031548625803
172.0,39.96031852,-106.21900967,2512.4664,34.8996,15.288768,0.089408,1.4857245891005846
172.1,39.96033193,-106.2190099,2512.4664,34.8996,15.109951999999998,0.089408,2.14552435489702
172.2,39.96034556,-106.21900934,2512.4664,34.8996,15.020544,0.089408,2.969453841659913
172.29999999999998,39.96035954,-106.21900916,2512.4664,34.8996,15.333472,0.0,3.627729929487316
172.4,39.96037355,-106.21900814,2512.4664,34.8996,15.556992,0.0,4.423813056943629
172.5,39.96038733,-106.2190074,2512.4664,34.8996,15.467584,0.0,5.075988188561098
172.6,39.96040121,-106.21900596,2512.4664,34.8996,15.42288,0.0,5.856013585428968
172.7,39.96041522,-106.21900468,2512.4664,34.8996,15.556992,0.0,6.178896577497142
172.79999999999998,39.96042927,-106.21900281,2512.4664,34.8996,15.6464,0.0,6.984339515980878
172.9,39.96044351,-106.21900105,2512.4664,34.8996,15.780511999999998,0.0,7.264810584084273
173.0,39.96045772,-106.21899878,2512.4664,34.8996,15.914624,0.0,7.584011381422101
173.1,39.96047247,-106.21899651,2512.4664,34.8996,16.227552,0.089408,8.152633135343478
173.2,39.96048703,-106.21899379,2512.4664,34.8996,16.451072,0.089408,8.939565003151529
173.29999999999998,39.96050116,-106.21899123,2512.4664,34.80816,16.09344,0.089408,9.202596972021638
173.4,39.96051539,-106.21898826,2512.4664,34.80816,15.959328,0.089408,9.462322208025626
173.5,39.9605302,-106.21898527,2512.1616,34.68624,16.361664,0.22352,9.926245506651696
173.6,39.96054493,-106.21898192,2512.1616,34.68624,16.629888,0.22352,10.17944248233664
173.7,39.96055991,-106.2189786,2512.1616,34.68624,16.764,0.22352,10.401513153761186
173.79999999999998,39.96057479,-106.21897499,2512.1616,34.5948,16.853408,0.089408,10.704930889659408
173.9,39.96059022,-106.21897128,2512.1616,34.5948,17.121631999999998,0.089408,11.0996185488641
174.0,39.96060543,-106.21896735,2512.1616,34.5948,17.345152,0.089408,11.339789573721532
174.1,39.96062056,-106.21896351,2512.1616,34.5948,17.21104,0.089408,11.638015080099764
174.2,39.96063566,-106.21895947,2512.1616,34.5948,17.121631999999998,0.089408,11.873090649843109
174.29999999999998,39.96065124,-106.21895537,2512.1616,34.5948,17.389855999999998,0.089408,11.780523776915402
174.4,39.96066667,-106.21895112,2512.1616,34.5948,17.613376,0.0,12.220244986264449
174.5,39.96068269,-106.21894678,2512.1616,34.5948,17.836896,0.0,12.1571820890062
174.6,39.9606972,-106.21894269,2512.1616,34.5948,17.345152,0.0,12.448109481508425
174.7,39.96071255,-106.21893847,2512.1616,34.5948,16.98752,0.0,12.38428390815102
174.79999999999998,39.96072793,-106.21893407,2512.1616,34.5948,17.479264,0.0,12.60860679336622
174.9,39.96074348,-106.21892976,2512.1616,34.5948,17.613376,-0.089408,12.60860679336622
175.0,39.96075903,-106.21892528,2512.1616,34.5948,17.702784,0.0,12.79780000284802
175.1,39.96077464,-106.21892086,2512.1616,34.5948,17.747488,0.0,12.733490854272418
175.2,39.96079025,-106.21891628,2512.1616,34.5948,17.792192,0.0,12.733490854272418
175.29999999999998,39.96080598,-106.21891166,2512.1616,34.5948,17.8816,0.0,13.091893064346834
175.4,39.96082172,-106.21890694,2512.1616,34.5948,17.926304000000002,0.0,13.026883981773324
175.5,39.96083767,-106.21890223,2512.1616,34.5948,18.060416,0.0,13.306178994897325
175.7,39.96087041,-106.21889222,2512.1616,34.5948,18.686272,0.0,13.484676588630292
175.79999999999998,39.96088687,-106.21888702,2512.1616,34.5948,18.730976,0.0,13.693569446648496
175.9,39.9609023,-106.21888194,2512.1616,34.5948,18.239232,0.0,13.967789761532742
176.0,39.96091792,-106.21887667,2512.1616,34.5948,17.792192,-0.089408,14.65046891343411
176.1,39.96093354,-106.2188712,2512.1616,34.68624,17.971008,0.0,14.85033829898424
176.2,39.96094934,-106.21886556,2512.1616,34.68624,18.10512,0.0,15.12036300227851
176.29999999999998,39.96096556,-106.21885949,2512.1616,34.68624,18.462752,0.0,15.792403528857278
176.4,39.96098173,-106.21885337,2512.1616,34.68624,18.730976,-0.089408,15.983415656134184
176.5,39.96099809,-106.21884693,2512.1616,34.68624,18.865088,0.0,16.24914801614642
176.7,39.96103034,-106.21883392,2512.1616,34.68624,18.865088,0.0,16.83056598321059
176.79999999999998,39.96104638,-106.21882733,2512.1616,34.68624,18.686272,0.0,17.09266295026748
177.0,39.96107928,-106.21881363,2512.1616,34.68624,19.043904,0.0,17.232515318539186
177.1,39.96109544,-106.21880688,2512.1616,34.68624,19.088608,0.0,17.620777890027057
177.2,39.96111158,-106.21880008,2512.1616,34.68624,18.865088,0.0,17.620777890027057
177.29999999999998,39.96112787,-106.21879329,2512.1616,34.68624,18.954496,0.0,17.878696595841348
177.4,39.96114413,-106.21878641,2512.1616,34.68624,18.9992,0.0,17.878696595841348
177.6,39.9611782,-106.21877205,2512.1616,34.68624,19.89328,0.0,18.13586842483909
177.79999999999998,39.96121048,-106.21875842,2512.1616,34.68624,18.865088,0.0,18.052131939240155
178.0,39.96124347,-106.21874455,2512.1616,34.68624,19.043904,0.0,18.3075306945467
178.2,39.96127631,-106.21873062,2512.1616,34.68624,19.22272,0.0,18.3075306945467
178.29999999999998,39.96129303,-106.21872344,2512.1616,34.68624,19.312128,0.0,18.689218364534497
178.4,39.9613096,-106.21871624,2512.1616,34.68624,19.490944,0.0,18.689218364534497
178.5,39.96132584,-106.21870923,2512.1616,34.68624,19.22272,0.0,18.3075306945467
178.79999999999998,39.96137474,-106.21868825,2512.1616,34.68624,19.088608,0.0,18.3075306945467
178.9,39.96139104,-106.21868134,2512.1616,34.68624,19.088608,0.0,18.3075306945467
179.0,39.96140734,-106.2186744,2512.1616,34.68624,19.043904,0.0,18.3075306945467
179.1,39.96142368,-106.21866751,2512.1616,34.68624,19.088608,0.0,18.3075306945467
179.2,39.96144,-106.21866062,2512.1616,34.68624,19.088608,0.0,18.052131939240155
179.29999999999998,39.9614568,-106.21865362,2512.1616,34.68624,19.356832,0.0,18.052131939240155
179.4,39.9614734,-106.21864672,2512.1616,34.68624,19.490944,0.0,17.795988923930395
179.5,39.96148969,-106.21864004,2512.1616,34.68624,19.178016,0.0,17.795988923930395
179.6,39.96150677,-106.21863301,2512.1616,34.68624,19.44624,0.0,17.795988923930395
179.7,39.96152218,-106.2186267,2512.1616,34.5948,18.954496,0.0,17.620777890027057
179.79999999999998,39.96153841,-106.21862005,2512.1616,34.5948,18.418048,0.0,17.620777890027057
179.9,39.96155468,-106.21861338,2512.1616,34.5948,18.954496,0.0,17.620777890027057
180.0,39.96157091,-106.21860673,2512.1616,34.5948,18.954496,0.0,17.35402463626133
180.1,39.96158712,-106.21860003,2512.1616,34.50336,18.909792,0.089408,17.35402463626133
180.3,39.96161945,-106.21858659,2512.1616,34.50336,18.865088,0.0,17.35402463626133
180.4,39.96163558,-106.21857992,2512.1616,34.50336,18.865088,-0.089408,17.35402463626133
180.5,39.96165214,-106.21857296,2512.1616,34.50336,19.088608,-0.089408,17.43595762704973
180.6,39.96166932,-106.21856586,2512.1616,34.5948,19.66976,-0.089408,17.43595762704973
180.7,39.96168489,-106.21855939,2512.1616,34.5948,19.088608,-0.089408,17.43595762704973
180.8,39.96170117,-106.21855272,2512.1616,34.5948,18.55216,-0.089408,17.09266295026748
180.9,39.96171786,-106.21854578,2512.1616,34.5948,19.22272,-0.089408,17.09266295026748
181.0,39.96173432,-106.21853907,2512.1616,34.5948,19.312128,-0.089408,17.09266295026748
181.1,39.96175001,-106.21853268,2512.1616,34.5948,18.730976,-0.089408,17.09266295026748
181.2,39.9617659,-106.2185263,2512.1616,34.5948,18.373344,-0.089408,16.83056598321059
181.3,39.96178178,-106.21851995,2512.1616,34.5948,18.462752,-0.089408,16.83056598321059
181.4,39.9617978,-106.2185136,2512.1616,34.5948,18.55216,0.0,16.71228675129919
181.5,39.96181421,-106.218507,2512.1616,34.5948,18.865088,0.0,16.71228675129919
181.6,39.96183054,-106.2185005,2512.1616,34.5948,19.043904,0.0,16.83056598321059
181.7,39.96184649,-106.21849402,2512.1616,34.5948,18.77568,0.0,17.09266295026748
181.8,39.96186249,-106.21848759,2512.1616,34.5948,18.596864,0.0,17.09266295026748
181.9,39.96187886,-106.21848078,2512.1616,34.50336,18.865088,0.0,17.09266295026748
182.0,39.96189512,-106.2184741,2512.1616,34.50336,19.043904,0.0,17.09266295026748
182.1,39.96191131,-106.21846715,2512.1616,34.50336,18.954496,0.0,17.43595762704973
182.2,39.96192743,-106.21846035,2512.1616,34.50336,18.909792,0.0,17.43595762704973
182.3,39.96194313,-106.21845343,2512.1616,34.50336,18.641568,0.0,17.828208332058182
182.4,39.96195894,-106.21844663,2512.1616,34.50336,18.462752,0.0,17.828208332058182
182.5,39.96197499,-106.21843944,2512.1616,34.50336,18.686272,-0.089408,17.91250938596329
182.6,39.961991,-106.21843249,2512.1616,34.50336,18.820384,0.0,17.91250938596329
182.7,39.96200697,-106.21842532,2512.1616,34.50336,18.77568,0.0,17.91250938596329
182.8,39.9620229,-106.21841839,2512.1616,34.50336,18.730976,-0.089408,17.997584955401294
182.9,39.9620384,-106.21841149,2512.1616,34.50336,18.418048,-0.089408,17.997584955401294
183.0,39.962054,-106.21840474,2512.1616,34.50336,18.239232,-0.089408,17.60209256020778
183.1,39.96206956,-106.21839792,2512.1616,34.5948,18.283936,-0.089408,17.686314832769312
183.2,39.96208518,-106.21839124,2512.1616,34.5948,18.283936,-0.089408,17.686314832769312
183.3,39.96210087,-106.21838452,2512.1616,34.5948,18.32864,0.0,17.420579889628755
183.4,39.96211655,-106.21837792,2512.1616,34.5948,18.32864,-0.089408,17.420579889628755
183.5,39.96213307,-106.21837101,2512.1616,34.5948,18.77568,-0.089408,17.420579889628755
183.6,39.96215004,-106.21836396,2512.1616,34.5948,19.535648,-0.089408,17.546713327682255
183.7,39.96216469,-106.21835775,2512.1616,34.5948,18.462752,-0.089408,17.546713327682255
183.8,39.96218018,-106.21835116,2512.1616,34.5948,17.613376,0.0,17.814121020757227
183.9,39.96219563,-106.21834437,2512.1616,34.5948,18.10512,0.0,18.301599693220798
184.0,39.96221109,-106.21833748,2512.1616,34.5948,18.149824,0.0,18.83375291265884
184.1,39.96222657,-106.21833017,2512.1616,34.5948,18.239232,0.0,19.190551448544227
184.2,39.96224199,-106.2183228,2512.1616,34.5948,18.283936,0.0,19.94706388909094
184.3,39.96225737,-106.21831491,2512.1616,34.5948,18.32864,0.0,20.47403013172197
184.4,39.96227265,-106.21830697,2512.1616,34.5948,18.32864,0.0,21.279604427695404
184.5,39.9622879,-106.21829833,2512.1616,34.5948,18.373344,0.0,22.166345822082462
184.6,39.96230305,-106.21828975,2512.1616,34.5948,18.418048,0.0,22.66313152808368
184.7,39.9623182,-106.21828058,2512.1616,34.5948,18.462752,0.0,23.2909731803058
184.9,39.96234823,-106.21826205,2512.1616,34.5948,18.507456,0.0,24.36245301531221
185.0,39.96236313,-106.21825269,2512.1616,34.5948,18.418048,0.0,24.61824681889533
185.1,39.96237765,-106.21824323,2512.1616,34.5948,18.239232,0.0,24.991387122975425
185.2,39.96239221,-106.21823376,2512.1616,34.5948,18.060416,0.0,25.49363784720225
185.4,39.96242184,-106.21821404,2512.1616,34.5948,18.373344,0.0,26.123838274108778
185.5,39.96243624,-106.21820424,2512.1616,34.5948,18.32864,0.0,26.817732138762324
185.6,39.96245058,-106.21819431,2512.1616,34.5948,18.060416,0.0,27.32389130134652
185.7,39.96246491,-106.21818423,2512.1616,34.5948,18.060416,0.0,27.95606606368432
185.9,39.96249329,-106.21816319,2512.1616,34.5948,18.149824,0.0,29.79759129082385
186.1,39.96252185,-106.21814024,2512.1616,34.68624,18.641568,-0.089408,31.9306821037178
186.2,39.96253594,-106.2181282,2512.1616,34.68624,18.686272,-0.089408,33.297098519778615
186.4,39.96256269,-106.21810307,2512.4664,34.80816,18.32864,-0.089408,35.7030808530298
186.5,39.96257551,-106.21808977,2512.4664,34.80816,18.283936,-0.089408,37.32552048310606
186.7,39.9626002,-106.21806213,2512.4664,34.80816,18.10512,0.0,39.93383133743555
186.8,39.96261211,-106.2180478,2512.4664,34.80816,18.060416,0.0,41.75265720967707
186.9,39.96262338,-106.21803269,2512.4664,34.80816,17.971008,0.0,43.38076254612582
187.0,39.96263448,-106.21801739,2512.1616,34.68624,17.971008,0.0,45.20389871046677
187.1,39.96264463,-106.21800179,2512.1616,34.68624,17.702784,0.0,47.03813560500737
187.2,39.96265465,-106.21798584,2512.4664,34.80816,17.523968,0.0,49.085616779974885
187.3,39.96266421,-106.21796886,2512.4664,34.80816,17.747488,0.0,51.06811252704068
187.4,39.96267354,-106.21795174,2512.4664,34.80816,17.926304000000002,0.0,53.04289423350531
187.5,39.96268218,-106.2179339,2512.4664,34.80816,17.926304000000002,0.0,54.93638994342831
187.6,39.96269055,-106.21791594,2512.4664,34.80816,17.971008,0.0,56.99438919754607
187.7,39.96269829,-106.21789743,2512.4664,34.80816,17.926304000000002,0.089408,58.88690641379662
187.8,39.96270576,-106.21787878,2512.4664,34.80816,17.971008,0.089408,60.524110996754246
187.9,39.96271266,-106.21785978,2512.4664,34.80816,17.926304000000002,0.089408,62.463926891842846
188.0,39.96271927,-106.2178406,2512.4664,34.80816,17.926304000000002,0.0,64.21267181718565
188.1,39.96272542,-106.21782117,2512.4664,34.80816,17.926304000000002,0.0,65.64003897231294
188.2,39.96273126,-106.21780155,2512.4664,34.80816,17.926304000000002,0.089408,67.39128209063472
188.3,39.96273675,-106.21778182,2512.4664,34.80816,17.926304000000002,0.089408,68.81696299702423
188.4,39.96274189,-106.21776186,2512.4664,34.80816,17.926304000000002,0.089408,70.28796826182304
188.5,39.96274675,-106.21774188,2512.4664,34.80816,17.926304000000002,0.089408,71.29264857256533
188.6,39.96275124,-106.21772162,2512.1616,34.68624,17.926304000000002,0.089408,72.6116408183276
188.7,39.9627558,-106.21770096,2512.1616,34.68624,18.149824,0.089408,73.69959176414517
188.8,39.96275988,-106.21768019,2512.1616,34.68624,18.283936,0.089408,75.09623077508712
188.9,39.96276374,-106.21765998,2512.1616,34.68624,18.015712,0.0,76.13716937880804
189.0,39.96276722,-106.21763942,2512.1616,34.68624,17.836896,0.0,76.79207153722086
189.1,39.96277072,-106.21761909,2512.1616,34.68624,17.836896,0.0,77.82581718351537
189.2,39.96277385,-106.21759841,2512.1616,34.68624,17.836896,0.0,78.43986920578226
189.3,39.96277715,-106.21757782,2512.1616,34.68624,17.971008,0.0,78.85711014166066
189.4,39.96278008,-106.21755697,2512.1616,34.68624,17.971008,0.0,79.41529182503905
189.5,39.96278327,-106.2175363,2512.1616,34.68624,18.015712,0.0,79.74583532209579
189.6,39.96278605,-106.21751539,2512.1616,34.68624,18.015712,0.0,80.44432426234187
189.7,39.96278909,-106.21749457,2512.1616,34.68624,18.060416,0.0,80.7245365816317
189.8,39.9627917,-106.21747359,2512.1616,34.68624,18.060416,0.0,81.04944134376836
190.0,39.96279691,-106.21743152,2512.1616,34.5948,18.149824,0.089408,82.03038960567864
190.1,39.96279951,-106.21741052,2512.1616,34.5948,18.149824,0.089408,82.3115522300971
190.2,39.96280173,-106.21738943,2512.1616,34.5948,18.149824,0.0,82.7875092465228
190.3,39.96280412,-106.21736782,2512.1616,34.5948,18.373344,0.0,83.06754436045242
190.4,39.96280616,-106.21734634,2512.1616,34.5948,18.507456,0.0,83.34791269847426
190.5,39.96280828,-106.21732479,2512.1616,34.5948,18.462752,0.0,83.6286014055894
190.6,39.96281014,-106.21730337,2512.1616,34.5948,18.418048,0.0,83.9095975358996
190.7,39.96281201,-106.21728235,2512.1616,34.5948,18.194528,0.0,83.9095975358996
190.9,39.9628155,-106.21723961,2512.1616,34.5948,18.194528,0.0,84.35945056784317
191.0,39.9628171,-106.21721807,2512.1616,34.5948,18.373344,-0.22352,84.63979253559046
191.1,39.96281877,-106.2171964,2512.1616,34.5948,18.507456,-0.22352,84.63979253559046
191.2,39.9628203,-106.21717486,2512.1616,34.5948,18.507456,-0.089408,84.63979253559046
191.3,39.96282192,-106.21715274,2512.1616,34.68624,18.686272,-0.089408,84.92039213998544
191.5,39.96282501,-106.21710954,2512.1616,34.5948,18.641568,0.0,84.92039213998544
191.6,39.9628265,-106.21708814,2512.1616,34.5948,18.418048,0.0,84.92039213998544
191.7,39.96282807,-106.21706673,2512.1616,34.5948,18.32864,0.0,84.94522372389605
191.9,39.96283102,-106.21702431,2512.1616,34.50336,18.194528,0.0,84.94522372389605
192.0,39.96283242,-106.21700317,2512.1616,34.50336,18.149824,0.0,84.94522372389605
192.1,39.96283385,-106.21698136,2512.1616,34.50336,18.373344,0.0,85.22470808993194
192.2,39.96283518,-106.21695968,2512.1616,34.5948,18.596864,-0.089408,85.22470808993194
192.3,39.96283641,-106.21693773,2512.1616,34.50336,18.641568,-0.089408,85.64435798113698
192.4,39.96283761,-106.21691598,2512.1616,34.50336,18.641568,0.0,85.66557559729375
192.6,39.96283983,-106.21687226,2512.1616,34.5948,18.641568,-0.089408,85.94425069578006
192.7,39.9628409,-106.21685094,2512.1616,34.50336,18.507456,-0.089408,85.94425069578006
192.8,39.96284198,-106.21682956,2512.1616,34.50336,18.239232,0.0,86.22311813647582
192.9,39.96284302,-106.2168081,2512.1616,34.50336,18.283936,0.0,86.22311813647582
193.0,39.96284408,-106.21678665,2512.1616,34.50336,18.32864,0.0,86.22311813647582
193.2,39.96284606,-106.21674354,2512.1616,34.50336,18.418048,-0.089408,86.22311813647582
193.3,39.96284708,-106.21672138,2512.1616,34.50336,18.596864,0.0,86.50216489322747
193.4,39.96284811,-106.21669953,2512.1616,34.50336,18.77568,-0.089408,86.50216489322747
193.5,39.96284916,-106.2166775,2512.1616,34.50336,18.730976,-0.089408,86.50216489322747
193.6,39.96285026,-106.21665464,2512.1616,34.50336,19.178016,-0.089408,86.50216489322747
193.7,39.96285128,-106.21663392,2512.1616,34.50336,18.596864,-0.22352,86.48501950343206
193.8,39.9628523,-106.21661228,2512.1616,34.50336,18.10512,-0.089408,86.90594194108292
193.9,39.96285325,-106.21659016,2512.1616,34.50336,18.686272,-0.22352,87.18674555308064
194.0,39.96285411,-106.2165683,2512.1616,34.50336,18.77568,-0.22352,87.18674555308064
194.1,39.96285472,-106.21654701,2512.1616,34.50336,18.418048,-0.089408,87.46768448261525
194.2,39.96285533,-106.21652564,2512.1616,34.50336,18.194528,0.0,87.74874530948745
194.3,39.96285561,-106.21650428,2512.1616,34.50336,18.239232,0.0,88.45184230102205
194.4,39.96285587,-106.21648287,2512.1616,34.50336,18.239232,0.0,89.01466605102206
194.5,39.96285571,-106.21646082,2512.1616,34.50336,18.507456,-0.089408,89.71982727219205
194.6,39.96285552,-106.21644072,2512.1616,34.50336,17.971008,-0.089408,90.280172727808
194.7,39.96285477,-106.21641896,2512.1616,34.50336,17.836896,0.0,91.26058388589536
194.8,39.96285398,-106.21639733,2512.1616,34.50336,18.507456,0.0,92.24025735414476
194.9,39.96285263,-106.21637598,2512.1616,34.50336,18.373344,0.0,93.0789573728299
195.0,39.9628512,-106.21635464,2512.1616,34.5948,18.239232,0.0,94.35564201886302
195.1,39.96284913,-106.21633322,2512.1616,34.5948,18.32864,0.0,95.33401967797964
195.2,39.96284695,-106.21631191,2512.1616,34.5948,18.373344,0.0,96.61952973615098
195.3,39.96284398,-106.21629006,2512.1616,34.5948,18.596864,0.0,98.18980616670416
195.4,39.96284088,-106.21626858,2512.1616,34.5948,18.77568,-0.089408,99.78720366465608
195.5,39.96283695,-106.21624718,2512.1616,34.5948,18.686272,-0.089408,101.77978602818678
195.6,39.96283281,-106.21622615,2512.1616,34.5948,18.641568,-0.089408,103.41870808106876
195.7,39.96282772,-106.21620595,2512.1616,34.5948,18.283936,-0.089408,105.37967454926502
195.8,39.96282242,-106.21618589,2512.1616,34.5948,18.10512,0.0,107.44718842328224
195.9,39.96281607,-106.21616593,2512.1616,34.5948,18.239232,0.0,109.51928205221049
196.0,39.96280959,-106.21614631,2512.1616,34.5948,18.32864,0.0,111.85493191778312
196.1,39.96280239,-106.21612778,2512.1616,34.50336,17.971008,0.0,113.71235490582922
196.2,39.96279496,-106.21610947,2512.1616,34.50336,17.702784,0.0,115.97775737772032
196.3,39.96278685,-106.21609196,2512.1616,34.50336,17.523968,0.0,117.94303442338298
196.4,39.96277851,-106.2160747,2512.1616,34.50336,17.43456,0.0,120.35262472763702
196.5,39.96276926,-106.21605755,2512.1616,34.50336,17.613376,-0.089408,122.60914333931908
196.6,39.96275991,-106.21604105,2512.1616,34.5948,17.658079999999998,-0.089408,124.82992158128042
196.7,39.9627506,-106.21602642,2512.1616,34.5948,16.853408,-0.089408,126.93137378052847
196.8,39.96274093,-106.21601204,2512.1616,34.5948,16.272256,-0.089408,129.3662255210471
196.9,39.96273106,-106.21599884,2512.1616,34.68624,16.004032,-0.22352,132.08156527921847
197.0,39.96272076,-106.21598605,2512.1616,34.68624,15.780511999999998,-0.312928,134.77263698900947
197.1,39.96271049,-106.21597451,2512.4664,34.80816,15.42288,-0.312928,137.09525256462382
197.2,39.96269979,-106.21596342,2512.4664,34.80816,15.109951999999998,-0.22352,139.7244516971709
197.3,39.96268914,-106.21595359,2512.4664,34.80816,14.841728000000002,-0.089408,141.97619647704482
197.4,39.96267809,-106.21594408,2512.4664,34.80816,14.618208,0.0,144.2628251746993
197.5,39.96266729,-106.21593539,2512.4664,34.80816,14.394688,0.089408,146.64781436729663
197.6,39.96265605,-106.21592714,2512.4664,34.80816,14.215872,0.22352,148.7632640534897
197.7,39.96264522,-106.21591949,2512.1616,34.68624,14.037056,0.22352,150.89366936109718
197.8,39.96263389,-106.21591247,2512.1616,34.68624,13.813536,0.22352,153.2737796853869
198.0,39.96261152,-106.21590006,2512.1616,34.68624,13.679424,0.089408,157.40859086263868
198.2,39.96258897,-106.21589002,2512.1616,34.68624,13.366496,0.0,161.98239078530992
198.3,39.96257793,-106.21588559,2512.1616,34.68624,13.098272,0.0,163.9760809236892
198.5,39.96255536,-106.21587845,2512.4664,34.80816,12.874752,0.0,167.78428086586916
198.6,39.96254385,-106.21587577,2512.4664,34.80816,12.919455999999998,0.0,170.05942696688703
198.7,39.96253266,-106.21587312,2512.4664,34.80816,12.830048,0.0,171.6510036601435
198.8,39.96252112,-106.21587132,2512.4664,34.80816,12.785344,0.0,172.9953527587055
198.9,39.96250982,-106.21586938,2512.4664,34.80816,12.785344,0.0,174.73505324539417
199.0,39.9624982,-106.21586832,2512.4664,34.80816,12.785344,0.0,176.50831530097958
199.1,39.96248621,-106.21586697,2512.4664,34.80816,13.18768,0.0,177.8645365576233
199.2,39.96247416,-106.21586658,2512.4664,34.80816,13.366496,0.0,179.02897806892088
199.4,39.96245105,-106.21586651,2512.4664,34.80816,13.008864,0.0,181.7298836218131
199.5,39.96243943,-106.21586676,2512.4664,34.80816,12.874752,0.0,183.07333251107332
199.6,39.96242759,-106.21586786,2512.4664,34.80816,13.053568,0.0,184.22223020614268
199.7,39.96241549,-106.21586891,2512.4664,34.80816,13.321792,0.0,185.8996250465277
199.8,39.96240334,-106.21587083,2512.4664,34.80816,13.545312,0.0,187.2190208248697
199.9,39.96239121,-106.21587282,2512.1616,34.68624,13.590016,0.0,188.9039619573749
200.0,39.96237904,-106.21587556,2512.1616,34.68624,13.679424,0.0,190.13780385308516
200.1,39.96236682,-106.21587836,2512.1616,34.68624,13.768832,0.0,191.2369442593448
200.2,39.96235458,-106.21588182,2512.1616,34.68624,13.85824,0.0,192.50871802571356
200.3,39.96234261,-106.21588528,2512.1616,34.68624,13.768832,0.0,193.768090451483
200.4,39.96233052,-106.21588939,2512.1616,34.68624,13.768832,0.0,194.91968585571487
200.5,39.96231816,-106.21589355,2512.1616,34.68624,14.037056,0.0,195.62127179816528
200.7,39.96229344,-106.21590315,2512.1616,34.68624,14.349984,0.0,197.86768241306407
200.8,39.96228107,-106.21590852,2512.1616,34.68624,14.394688,0.0,198.5468544999882
200.9,39.96226888,-106.21591383,2512.1616,34.68624,14.394688,0.0,199.2151933055224
201.0,39.96225656,-106.21591966,2512.1616,34.68624,14.439391999999998,0.0,199.9235320390665
201.1,39.96224419,-106.21592528,2512.1616,34.68624,14.573504,0.0,200.45503019816528
201.2,39.96223169,-106.2159314,2512.1616,34.68624,14.707616,0.0,200.81638775979025
201.3,39.96221896,-106.21593729,2512.1616,34.68624,14.931136,0.0,200.6954507340633
201.4,39.96220614,-106.21594359,2512.1616,34.68624,15.109951999999998,0.0,200.8319773529816
201.5,39.96219298,-106.2159495,2512.1616,34.68624,15.333472,0.0,200.59503519622095
201.6,39.96217979,-106.21595576,2512.1616,34.68624,15.512288000000002,0.0,200.3060148719557
201.7,39.9621659,-106.2159616,2512.1616,34.68624,15.914624,0.0,199.88516511385544
201.8,39.96215214,-106.21596774,2512.1616,34.68624,16.227552,0.0,199.205697568314
201.9,39.96213834,-106.21597316,2512.1616,34.68624,16.09344,0.0,198.74134044519272
202.0,39.96212455,-106.21597887,2512.1616,34.68624,16.048735999999998,0.0,198.33318022743467
202.1,39.96211048,-106.21598388,2512.1616,34.68624,16.138144,0.0,197.92791976200724
202.2,39.96209652,-106.21598922,2512.1616,34.68624,16.182848,0.0,197.4690955031633
202.3,39.96208207,-106.2159942,2512.1616,34.68624,16.406368,-0.089408,197.16191880286527
202.4,39.96206789,-106.21599941,2512.1616,34.68624,16.495776,-0.089408,196.8537215612578
202.5,39.96205399,-106.21600399,2512.1616,34.68624,16.138144,0.0,196.54451660711808
202.7,39.96202637,-106.2160133,2512.1616,34.5948,15.86992,0.0,195.76718254247567
202.8,39.96201263,-106.21601804,2512.1616,34.5948,15.825216,0.0,195.8558013226386
203.0,39.96198533,-106.21602738,2512.1616,34.5948,15.691104,0.0,195.94539590092285
203.1,39.96197166,-106.21603214,2512.1616,34.5948,15.691104,0.0,195.94539590092285
203.2,39.96195807,-106.21603705,2512.1616,34.5948,15.691104,0.0,196.26020470831196
203.3,39.96194445,-106.21604205,2512.1616,34.5948,15.691104,0.0,196.26020470831196
203.4,39.96193089,-106.21604714,2512.1616,34.50336,15.735808,0.0,196.73052775778257
203.5,39.96191695,-106.21605251,2512.1616,34.50336,15.914624,0.0,196.73052775778257
203.6,39.9619032,-106.21605787,2512.1616,34.50336,16.048735999999998,0.0,196.73052775778257
203.7,39.96188965,-106.21606321,2512.1616,34.50336,15.86992,0.0,197.0427961671528
203.8,39.96187615,-106.2160686,2512.1616,34.50336,15.735808,0.0,197.0427961671528
203.9,39.96186214,-106.21607425,2512.1616,34.50336,16.004032,0.0,197.3540246362613
204.0,39.96184835,-106.21607988,2512.1616,34.50336,16.182848,0.0,197.3540246362613
204.1,39.96183474,-106.2160855,2512.1616,34.50336,15.959328,0.0,197.66420007753004
204.2,39.9618212,-106.21609115,2512.1616,34.50336,15.825216,0.0,197.66420007753004
204.3,39.96180692,-106.21609716,2512.1616,34.50336,16.227552,0.0,197.66420007753004
204.4,39.96179297,-106.21610308,2512.1616,34.50336,16.495776,-0.089408,197.66420007753004
204.5,39.96177957,-106.21610866,2512.1616,34.50336,15.959328,-0.089408,197.66420007753004
204.6,39.96176616,-106.21611432,2512.1616,34.5948,15.6464,-0.089408,198.2799561094296
204.7,39.96175244,-106.21611999,2512.1616,34.5948,15.825216,-0.089408,198.3830034341506
204.8,39.96173891,-106.2161257,2512.1616,34.5948,15.914624,-0.089408,198.01597435665929
204.9,39.96172577,-106.21613109,2512.1616,34.5948,15.556992,-0.089408,198.1189826536336
205.0,39.9617128,-106.21613658,2512.1616,34.5948,15.244064,-0.22352,198.48864681986456
205.1,39.96170018,-106.2161418,2512.1616,34.5948,14.931136,-0.22352,198.54471071836747
205.2,39.96168785,-106.21614709,2512.1616,34.68624,14.573504,-0.089408,198.71719175919287
205.3,39.96167616,-106.21615202,2512.1616,34.68624,14.037056,0.0,198.89981310118347
205.4,39.96166474,-106.21615703,2512.1616,34.68624,13.545312,0.0,199.0380400173025
205.5,39.96165386,-106.21616166,2512.1616,34.68624,13.053568,0.0,199.24363033537549
205.7,39.9616334,-106.21617062,2512.1616,34.68624,12.248895999999998,0.089408,199.44003482817615
205.8,39.96162372,-106.21617501,2512.1616,34.68624,11.801856,0.22352,199.476575498932
205.9,39.9616145,-106.21617885,2512.1616,34.68624,11.086592,0.22352,199.57785515598863
206.0,39.96160542,-106.21618291,2512.1616,34.68624,10.72896,0.089408,199.6070774438571
206.2,39.96158777,-106.21619034,2512.1616,34.68624,10.416032,0.089408,200.045249425421
206.3,39.96157902,-106.21619377,2512.1616,34.68624,10.28192,0.0,199.60408815082943
206.4,39.96157054,-106.21619744,2512.1616,34.68624,10.0584,0.0,199.4679092018044
206.5,39.9615619,-106.2162008,2512.1616,34.68624,9.968992,0.0,199.89543133476565
206.8,39.96153688,-106.21621134,2512.1616,34.68624,9.83488,0.0,200.3981189946277
206.9,39.96152836,-106.21621483,2512.4664,34.80816,9.790176,0.0,200.2656974709475
207.0,39.9615205,-106.21621835,2512.4664,34.80816,9.566656,0.0,200.15421115684555
207.2,39.96150589,-106.21622503,2512.4664,34.80816,8.806688,0.0,200.7019284931666
207.3,39.96149904,-106.21622812,2512.4664,34.80816,8.404352,0.0,201.13166998669263
207.4,39.96149267,-106.21623123,2512.4664,34.80816,7.8232,0.0,202.24902365721235
207.5,39.96148658,-106.2162341,2512.4664,34.80816,7.37616,0.089408,202.06789956241025
207.7,39.96147561,-106.21623965,2512.1616,34.68624,6.526784,0.089408,203.3048905392031
207.8,39.96147067,-106.21624233,2512.1616,34.68624,6.347968,0.089408,203.70264595096623
207.9,39.96146591,-106.21624476,2512.1616,34.68624,5.81152,0.089408,204.10223450116112
208.0,39.96146158,-106.21624725,2512.1616,34.68624,5.453887999999999,0.089408,204.60512391795163
208.1,39.96145766,-106.21624937,2512.1616,34.68624,4.962144,0.089408,205.62199594460697
208.2,39.96145408,-106.21625158,2512.1616,34.68624,4.515104,0.089408,207.06110613747325
208.3,39.96145071,-106.21625358,2512.1616,34.68624,4.24688,0.089408,207.8972710309476
208.4,39.96144766,-106.2162557,2512.1616,34.5948,3.978656,0.0,209.98163936884933
208.5,39.96144465,-106.21625783,2512.1616,34.5948,3.844544,0.0,212.0053832080835
208.6,39.961442,-106.21626008,2512.1616,34.5948,3.665728,0.0,213.8869594640517
208.8,39.96143714,-106.21626476,2512.1616,34.68624,3.3528,-0.089408,219.23736711340152
208.9,39.96143465,-106.21626738,2512.1616,34.68624,3.442208,-0.089408,221.32550047917036
209.0,39.96143243,-106.21627016,2512.1616,34.68624,3.486912,-0.089408,223.95837332399003
209.1,39.96142982,-106.21627336,2512.4664,34.80816,3.665728,-0.089408,226.00508600525416
209.2,39.96142754,-106.21627665,2512.4664,34.80816,3.844544,-0.089408,228.0127875041833
209.3,39.96142497,-106.21628035,2512.4664,34.80816,3.978656,0.0,230.28124062844512
209.4,39.96142267,-106.2162841,2512.4664,34.80816,4.157472,0.0,231.95295746817396
209.5,39.96141981,-106.2162885,2512.4664,34.80816,4.515104,0.0,232.1250163489018
209.6,39.96141734,-106.21629279,2512.4664,34.80816,4.738624,0.0,233.6156481841641
209.7,39.96141462,-106.21629732,2512.1616,34.68624,4.738624,0.0,234.323591778138
209.8,39.96141218,-106.21630182,2512.1616,34.68624,4.828032,0.0,235.3416452944789
209.9,39.9614096,-106.2163065,2512.1616,34.68624,4.783328,0.0,235.99250758026773
210.0,39.9614072,-106.21631118,2512.1616,34.68624,4.828032,0.0,236.62216796356955
210.1,39.96140456,-106.21631605,2512.1616,34.68624,4.91744,0.0,236.62216796356955
210.2,39.96140207,-106.21632086,2512.1616,34.68624,5.006848,0.0,235.69221215528404
210.3,39.96139942,-106.21632563,2512.1616,34.68624,4.962144,0.0,236.3099324740202
210.4,39.96139685,-106.21633037,2512.1616,34.68624,4.962144,0.089408,234.78240703180728
210.5,39.96139402,-106.21633527,2512.1616,34.68624,5.051552,0.22352,233.45502767717744
210.6,39.96139116,-106.21634027,2512.1616,34.5948,5.275072000000001,0.312928,232.8001878841817
210.7,39.96138842,-106.21634452,2512.1616,34.5948,5.006848,0.581152,231.93434890126957
210.8,39.96138555,-106.21634892,2512.1616,34.50336,4.828032,0.89408,230.4037913602497
210.9,39.96138251,-106.2163529,2511.8568,34.29,4.828032,1.207008,227.76385737091252
211.0,39.96137947,-106.21635683,2511.8568,34.19856,4.783328,1.519936,225.7848246029919
211.1,39.96137621,-106.21636037,2511.552,33.9852,4.69392,1.6987519999999998,222.99746686817312
211.2,39.96137298,-106.21636383,2511.2472,33.80232,4.69392,2.01168,220.53915174148344
211.3,39.96136965,-106.21636673,2510.9424,33.49752,4.515104,2.190496,218.29016319224309
211.4,39.96136634,-106.21636956,2510.9424,33.314640000000004,4.380992,2.414016,215.676408221862
211.5,39.961363,-106.21637194,2510.6376,33.009840000000004,4.291583999999999,2.592832,212.13724898104175
211.7,39.96135631,-106.21637594,2510.028,32.49168,4.068064,2.592832,204.77514056883192
211.8,39.96135298,-106.21637748,2509.7232,32.18688,4.02336,2.592832,200.3948760820484
211.9,39.9613498,-106.21637849,2509.4184,32.004000000000005,3.79984,2.592832,195.75117366345305
212.0,39.96134661,-106.21637923,2509.1136,31.6992,3.621024,2.503424,189.7066524093397
212.1,39.96134355,-106.21637946,2509.1136,31.48584,3.486912,2.414016,185.2623953995951
212.2,39.96134047,-106.21637941,2508.8088,31.30296,3.442208,2.279904,180.0
212.3,39.96133772,-106.2163789,2508.504,30.99816,3.218688,2.190496,178.451842301022
212.4,39.9613349,-106.21637819,2508.504,30.7848,3.12928,2.279904,174.44702896696322
212.5,39.96133228,-106.21637741,2508.1992,30.601920000000003,3.084576,2.503424,170.9421118713824
212.7,39.96132724,-106.21637571,2507.5896,30.11424,2.950464,2.592832,166.17134902771988
212.9,39.96132259,-106.2163741,2506.98,29.50464,2.771648,2.816352,163.30075576600643
213.0,39.9613204,-106.21637315,2506.6752,29.19984,2.68224,2.816352,162.18111108547726
213.2,39.96131696,-106.2163722,2506.0656,28.59024,2.190496,2.995168,163.17859010995917
213.3,39.96131571,-106.21637235,2505.7608,28.28544,1.743456,2.995168,163.0091767080139
213.4,39.96131457,-106.21637208,2505.456,28.01112,1.34112,2.995168,162.75854060106008
213.5,39.96131398,-106.21637258,2505.1512,27.70632,0.938784,2.995168,162.34987578006985
213.8,39.96131322,-106.21637347,2504.5416,26.91384,0.44704,2.90576,150.94539590092285
213.9,39.9613134,-106.21637417,2504.2368,26.60904,0.402336,2.90576,158.19859051364824
214.0,39.96131353,-106.21637445,2503.932,26.30424,0.491744,2.90576,135.0
214.1,39.96131376,-106.21637521,2503.6272,25.99944,0.0,2.90576,135.0
214.2,39.96131393,-106.21637552,2503.3224,25.69464,0.491744,2.995168,90.0
214.3,39.96131405,-106.21637612,2503.0176,25.38984,0.491744,2.90576,90.0
214.4,39.96131417,-106.21637637,2502.7128,25.08504,0.0,2.90576,90.0
214.5,39.96131408,-106.21637689,2502.408,24.810720000000003,0.67056,2.995168,0.0
214.6,39.96131408,-106.21637714,2502.1032,24.505920000000003,0.491744,2.995168,0.0
214.7,39.96131381,-106.21637771,2501.7984,24.10968,0.0,3.084576,0.0
214.8,39.9613137,-106.216378,2501.4936,23.80488,0.67056,3.084576,0.0
214.9,39.96131338,-106.21637845,2501.1888,23.50008,0.0,3.084576,0.0
215.0,39.96131326,-106.21637865,2500.5792,23.10384,0.67056,3.218688,0.0
215.1,39.96131315,-106.21637899,2500.2744,22.79904,0.0,3.084576,45.0
215.2,39.96131335,-106.21637904,2499.9696,22.49424,0.0,3.084576,29.054604099077157
215.3,39.96131388,-106.21637911,2499.6648,22.18944,0.491744,2.995168,21.037511025421797
215.4,39.96131458,-106.21637893,2499.36,21.7932,0.67056,2.90576,23.629377730656813
215.5,39.96131532,-106.21637881,2499.0552,21.4884,0.804672,2.90576,23.629377730656813
215.7,39.96131667,-106.2163784,2498.4456,21.00072,0.804672,2.90576,29.054604099077157
215.8,39.96131705,-106.21637819,2498.1408,20.695920000000005,0.715264,2.995168,68.19859051364818
215.9,39.96131688,-106.21637812,2497.836,20.29968,0.491744,2.995168,158.19859051364824
216.0,39.96131645,-106.21637801,2497.5312,19.99488,0.0,2.995168,171.25383773744477
216.1,39.96131533,-106.21637823,2497.2264,19.69008,0.938784,3.084576,174.2894068625003
216.2,39.96131414,-106.21637827,2496.9216,19.38528,1.34112,3.084576,175.76360520094113
216.3,39.96131233,-106.21637862,2496.6168,18.98904,1.654048,2.995168,176.05481377096248
216.4,39.96131071,-106.21637874,2496.3120000000004,18.71472,1.877568,2.995168,180.0
216.5,39.96130887,-106.21637919,2496.0072,18.40992,1.966976,2.90576,180.0
216.7,39.96130572,-106.21638009,2495.3976,17.80032,1.78816,2.995168,180.0
216.8,39.96130427,-106.21638053,2495.0928000000004,17.49552,1.743456,2.995168,183.94518622903755
216.9,39.961303,-106.21638119,2494.788,17.19072,1.519936,2.995168,189.78240703180728
217.0,39.96130167,-106.21638174,2494.4832,16.88592,1.519936,2.995168,193.5704343851615
217.1,39.96130045,-106.21638257,2494.1784,16.6116,1.56464,2.995168,196.1892062570269
217.2,39.96129907,-106.21638331,2493.8736000000004,16.18488,1.654048,2.995168,194.82647997035568
217.3,39.96129776,-106.21638429,2493.5688,15.910560000000002,1.654048,2.995168,196.99082329198612
217.4,39.96129626,-106.21638512,2493.264,15.605760000000002,1.6987519999999998,2.995168,196.14433878028348
217.5,39.9612948,-106.21638608,2492.6544000000004,15.20952,1.78816,2.995168,196.14433878028348
217.7,39.96129131,-106.21638787,2492.0448,14.59992,2.056384,3.084576,194.34933204294717
217.8,39.9612894,-106.21638868,2491.74,14.11224,2.101088,3.308096,193.73626830562256
217.9,39.96128759,-106.21638945,2491.4352000000003,13.80744,2.101088,2.995168,193.1725534233269
218.0,39.96128566,-106.21639017,2491.1304,13.594080000000002,2.190496,2.414016,193.1725534233269
218.1,39.96128368,-106.21639093,2490.8256,13.4112,2.324608,1.78816,192.652556500558
218.2,39.9612816,-106.21639166,2490.8256,13.19784,2.414016,1.207008,192.17145820858747
218.3,39.96127958,-106.21639234,2490.8256,13.19784,2.414016,0.491744,192.17145820858747
218.4,39.96127747,-106.21639296,2490.8256,13.19784,2.324608,0.0,190.0079798014413
218.5,39.96127529,-106.21639344,2490.8256,13.289280000000002,2.414016,-0.402336,190.0079798014413
218.6,39.9612731,-106.21639395,2490.8256,13.4112,2.503424,-0.581152,190.0079798014413
218.7,39.96127097,-106.21639449,2491.1304,13.50264,2.414016,-0.581152,192.652556500558
218.8,39.9612689,-106.21639507,2491.1304,13.594080000000002,2.414016,-0.581152,193.1725534233269
218.9,39.96126709,-106.21639568,2491.1304,13.594080000000002,2.2352,-0.402336,193.73626830562256
219.0,39.96126536,-106.21639628,2491.1304,13.594080000000002,2.056384,-0.22352,195.37625124882615
219.1,39.96126406,-106.21639695,2491.1304,13.50264,1.78816,0.0,196.99082329198612
219.3,39.96126208,-106.21639823,2490.8256,13.289280000000002,1.34112,0.312928,203.74949449286677
219.4,39.96126134,-106.21639882,2490.8256,13.289280000000002,1.162304,0.402336,204.22774531795412
219.5,39.96126108,-106.21639935,2490.8256,13.19784,0.67056,0.402336,209.35775354279127
219.6,39.96126077,-106.21639979,2490.5208,13.1064,0.491744,0.402336,212.47119229084848
219.7,39.96126089,-106.21640016,2490.5208,13.014960000000002,0.0,0.312928,217.87498365109815
219.8,39.96126092,-106.21640045,2490.5208,13.014960000000002,0.0,0.312928,225.0
219.9,39.96126116,-106.21640062,2490.5208,12.89304,0.0,0.089408,225.0
220.0,39.96126132,-106.21640074,2490.5208,12.89304,0.0,0.0,270.0
220.1,39.96126151,-106.21640073,2490.5208,12.89304,0.0,0.0,0.0
220.2,39.9612617,-106.21640072,2490.5208,12.89304,0.0,-0.089408,0.0
220.3,39.96126177,-106.21640066,2490.5208,13.014960000000002,0.0,-0.089408,0.0
220.4,39.9612619,-106.21640062,2490.5208,13.014960000000002,0.0,-0.22352,0.0
220.5,39.96126183,-106.21640061,2490.5208,13.014960000000002,0.0,-0.22352,0.0
220.6,39.96126188,-106.2164006,2490.5208,13.014960000000002,0.491744,-0.22352,0.0
220.7,39.96126168,-106.21640067,2490.5208,13.014960000000002,0.0,-0.22352,0.0
220.8,39.96126166,-106.21640069,2490.5208,13.014960000000002,0.0,-0.089408,0.0
220.9,39.96126143,-106.21640086,2490.5208,13.014960000000002,0.0,-0.089408,0.0
221.1,39.96126123,-106.21640113,2490.5208,13.014960000000002,0.0,0.0,0.0
221.2,39.96126122,-106.2164012,2490.5208,13.014960000000002,0.0,0.0,0.0
221.3,39.96126113,-106.21640133,2490.5208,13.014960000000002,0.67056,0.0,0.0
221.4,39.96126115,-106.21640135,2490.5208,13.014960000000002,0.0,0.0,0.0
221.6,39.96126118,-106.21640139,2490.5208,12.89304,0.312928,0.0,0.0
221.7,39.96126119,-106.21640142,2490.5208,12.89304,0.0,0.0,0.0
221.8,39.96126125,-106.21640139,2490.5208,12.89304,0.0,0.0,0.0
221.9,39.96126126,-106.21640141,2490.5208,12.89304,0.0,-0.089408,0.0
222.0,39.96126132,-106.21640136,2490.5208,12.89304,0.0,-0.089408,0.0
222.1,39.96126139,-106.21640137,2490.5208,13.014960000000002,0.0,-0.089408,0.0
222.2,39.96126149,-106.21640134,2490.5208,13.014960000000002,0.0,-0.089408,0.0
222.3,39.96126157,-106.21640128,2490.5208,13.014960000000002,0.0,-0.089408,0.0
222.4,39.96126167,-106.21640121,2490.5208,13.014960000000002,0.0,-0.089408,0.0
222.6,39.96126184,-106.21640108,2490.5208,13.014960000000002,0.0,-0.089408,0.0
222.7,39.96126188,-106.21640107,2490.5208,13.014960000000002,0.0,-0.089408,0.0
222.8,39.96126195,-106.21640102,2490.5208,13.014960000000002,0.0,-0.089408,0.0
222.9,39.96126201,-106.216401,2490.5208,13.014960000000002,0.0,-0.089408,0.0
223.0,39.9612621,-106.21640094,2490.5208,13.014960000000002,0.0,0.0,0.0
223.1,39.96126213,-106.21640089,2490.5208,13.014960000000002,0.0,0.0,0.0
223.2,39.96126219,-106.21640081,2490.5208,13.014960000000002,0.0,0.0,0.0
223.3,39.96126214,-106.21640071,2490.5208,13.014960000000002,0.0,0.0,0.0
223.4,39.96126214,-106.21640059,2490.5208,13.014960000000002,0.0,0.0,0.0
223.5,39.96126206,-106.21640046,2490.5208,13.014960000000002,0.0,-0.089408,0.0
223.6,39.96126204,-106.21640034,2490.5208,13.014960000000002,0.0,-0.089408,0.0
223.7,39.961262,-106.21640027,2490.5208,13.014960000000002,0.0,-0.089408,0.0
223.8,39.96126201,-106.21640019,2490.5208,13.014960000000002,0.0,-0.089408,0.0
223.9,39.96126206,-106.21640014,2490.5208,13.014960000000002,0.0,-0.089408,0.0
224.0,39.96126214,-106.21640007,2490.5208,13.014960000000002,0.0,-0.089408,0.0
224.1,39.96126227,-106.21640007,2490.5208,13.014960000000002,0.0,-0.089408,0.0
224.2,39.96126238,-106.21640004,2490.5208,13.1064,0.0,-0.089408,0.0
224.3,39.96126253,-106.21639999,2490.5208,13.1064,0.0,-0.089408,0.0
224.4,39.96126266,-106.21639994,2490.5208,13.1064,0.0,-0.089408,0.0
224.5,39.96126276,-106.21639986,2490.5208,13.1064,0.0,-0.089408,0.0
224.6,39.96126286,-106.21639979,2490.5208,13.1064,0.0,-0.089408,0.0
224.7,39.96126296,-106.21639969,2490.5208,13.1064,0.0,0.0,0.0
224.8,39.96126305,-106.21639961,2490.5208,13.1064,0.0,0.0,0.0
224.9,39.96126309,-106.21639954,2490.5208,13.1064,0.0,0.0,0.0
225.0,39.96126314,-106.21639947,2490.5208,13.014960000000002,0.0,0.0,0.0
225.1,39.96126314,-106.21639937,2490.5208,13.014960000000002,0.0,0.0,0.0
225.2,39.96126318,-106.21639929,2490.5208,13.014960000000002,0.0,0.0,0.0
225.3,39.96126318,-106.21639919,2490.5208,13.014960000000002,0.0,0.0,0.0
225.5,39.96126316,-106.216399,2490.5208,13.014960000000002,0.0,0.0,0.0
225.6,39.96126315,-106.21639891,2490.5208,13.014960000000002,0.0,-0.089408,0.0
225.8,39.96126304,-106.21639877,2490.5208,13.014960000000002,0.44704,-0.089408,0.0
225.9,39.96126298,-106.21639867,2490.5208,13.014960000000002,0.0,-0.089408,0.0
226.0,39.96126296,-106.2163986,2490.5208,13.014960000000002,0.0,-0.089408,0.0
226.1,39.96126292,-106.21639849,2490.5208,13.014960000000002,0.0,-0.089408,0.0
226.2,39.96126291,-106.2163984,2490.5208,13.014960000000002,0.0,-0.089408,0.0
226.3,39.9612629,-106.21639834,2490.5208,13.1064,0.0,-0.089408,0.0
226.4,39.96126289,-106.21639828,2490.5208,13.1064,0.491744,-0.089408,0.0
226.5,39.9612629,-106.2163982,2490.5208,13.1064,0.0,0.0,0.0
226.7,39.96126293,-106.21639803,2490.5208,13.1064,0.0,0.0,0.0
226.8,39.96126295,-106.21639795,2490.5208,13.1064,0.0,0.0,0.0
226.9,39.96126295,-106.21639785,2490.5208,13.1064,0.0,-0.089408,0.0
227.0,39.96126297,-106.21639777,2490.5208,13.1064,0.0,0.0,0.0
227.1,39.96126301,-106.21639769,2490.5208,13.1064,0.0,0.0,0.0
227.2,39.96126304,-106.21639763,2490.5208,13.1064,0.0,0.0,0.0
227.3,39.96126305,-106.21639758,2490.5208,13.1064,0.0,0.0,0.0
227.4,39.96126306,-106.21639754,2490.5208,13.1064,0.0,0.0,0.0
227.5,39.96126305,-106.2163975,2490.5208,13.1064,0.0,0.0,0.0
227.6,39.96126305,-106.21639746,2490.5208,13.1064,0.0,0.0,0.0
227.7,39.96126304,-106.21639744,2490.5208,13.1064,0.0,0.0,0.0
227.8,39.96126304,-106.21639742,2490.5208,13.1064,0.0,0.0,0.0
227.9,39.96126304,-106.2163974,2490.5208,13.1064,0.491744,0.0,0.0
228.0,39.96126305,-106.21639739,2490.5208,13.1064,0.0,0.0,0.0
228.1,39.96126304,-106.21639737,2490.5208,13.1064,0.491744,0.0,0.0
228.2,39.96126304,-106.21639737,2490.5208,13.1064,0.0,0.0,0.0
228.3,39.96126298,-106.21639733,2490.5208,13.014960000000002,0.0,0.0,0.0
228.4,39.96126294,-106.21639733,2490.5208,13.014960000000002,0.491744,0.0,0.0
228.6,39.96126287,-106.21639728,2490.5208,13.014960000000002,0.0,0.0,0.0
228.7,39.96126281,-106.21639728,2490.5208,13.014960000000002,0.312928,0.0,0.0
228.8,39.96126277,-106.2163973,2490.5208,13.014960000000002,0.0,0.0,0.0
228.9,39.96126267,-106.21639722,2490.5208,13.014960000000002,0.0,0.0,0.0
229.0,39.96126263,-106.2163972,2490.5208,13.014960000000002,0.0,0.0,0.0
229.1,39.96126256,-106.21639707,2490.5208,13.014960000000002,0.0,0.0,0.0
229.2,39.96126255,-106.21639701,2490.5208,13.014960000000002,0.0,-0.089408,0.0
229.3,39.96126246,-106.21639686,2490.5208,13.014960000000002,0.0,-0.089408,0.0
229.4,39.96126243,-106.21639679,2490.5208,13.014960000000002,0.0,-0.089408,0.0
229.5,39.9612623,-106.21639659,2490.5208,13.014960000000002,0.67056,-0.089408,0.0
229.6,39.96126224,-106.21639652,2490.5208,13.014960000000002,0.0,-0.089408,0.0
229.7,39.96126213,-106.21639633,2490.5208,13.1064,0.0,-0.089408,0.0
229.8,39.96126207,-106.21639625,2490.5208,13.1064,0.0,-0.089408,0.0
229.9,39.96126193,-106.21639609,2490.5208,13.1064,0.0,-0.089408,0.0
230.0,39.96126184,-106.21639603,2490.5208,13.1064,0.0,-0.089408,0.0
230.1,39.96126178,-106.21639598,2490.5208,13.1064,0.0,0.0,0.0
230.2,39.96126174,-106.21639598,2490.5208,13.1064,0.0,0.0,0.0
230.3,39.96126173,-106.21639597,2490.5208,13.1064,0.0,0.0,0.0
230.4,39.96126172,-106.21639599,2490.5208,13.1064,0.67056,0.0,0.0
230.5,39.96126168,-106.21639598,2490.5208,13.014960000000002,0.0,0.0,0.0
230.6,39.96126166,-106.21639599,2490.5208,13.014960000000002,0.491744,0.0,0.0
230.7,39.96126165,-106.21639592,2490.5208,13.014960000000002,0.0,0.0,0.0
230.8,39.96126166,-106.2163959,2490.5208,13.014960000000002,0.0,0.0,0.0
230.9,39.96126169,-106.2163959,2490.5208,13.014960000000002,0.0,0.0,0.0
231.0,39.96126171,-106.21639591,2490.5208,13.014960000000002,0.0,0.0,0.0
231.1,39.96126175,-106.2163959,2490.5208,13.014960000000002,0.0,0.0,0.0
231.2,39.96126177,-106.21639591,2490.5208,13.014960000000002,0.0,0.0,0.0
231.3,39.96126178,-106.21639595,2490.5208,13.014960000000002,0.0,0.0,0.0
231.4,39.96126179,-106.21639599,2490.5208,13.014960000000002,0.0,0.0,0.0
231.5,39.96126173,-106.21639602,2490.5208,13.014960000000002,0.0,0.0,0.0
231.6,39.96126169,-106.21639605,2490.5208,13.014960000000002,0.0,0.0,0.0
231.7,39.96126158,-106.21639607,2490.5208,13.014960000000002,0.491744,0.0,0.0
231.8,39.96126151,-106.21639612,2490.5208,13.014960000000002,0.0,0.0,0.0
232.0,39.96126124,-106.21639612,2490.5208,13.014960000000002,0.0,0.0,0.0
232.1,39.96126111,-106.21639601,2490.5208,13.014960000000002,0.0,-0.089408,0.0
232.2,39.96126101,-106.21639599,2490.5208,13.014960000000002,0.0,-0.089408,0.0
232.3,39.96126087,-106.21639591,2490.5208,13.014960000000002,0.0,-0.089408,0.0
232.4,39.96126077,-106.2163959,2490.5208,13.014960000000002,0.0,-0.089408,0.0
232.6,39.96126062,-106.21639576,2490.5208,13.1064,0.0,-0.089408,0.0
232.8,39.96126047,-106.21639562,2490.5208,13.1064,0.0,-0.089408,0.0
232.9,39.96126041,-106.21639552,2490.5208,13.1064,0.0,-0.089408,0.0
233.0,39.96126037,-106.21639548,2490.5208,13.1064,0.0,0.0,0.0
233.1,39.96126037,-106.21639547,2490.5208,13.1064,0.0,0.0,0.0
233.2,39.96126037,-106.21639548,2490.5208,13.1064,0.0,0.0,0.0
233.3,39.96126036,-106.21639548,2490.5208,13.1064,0.0,0.0,0.0
233.5,39.96126033,-106.21639551,2490.5208,13.1064,0.0,0.0,0.0
233.6,39.96126031,-106.21639553,2490.5208,13.1064,0.0,0.0,0.0
233.7,39.96126037,-106.21639548,2490.5208,13.1064,0.0,-0.089408,0.0
233.8,39.96126042,-106.21639547,2490.5208,13.1064,0.0,-0.089408,0.0
233.9,39.96126043,-106.21639538,2490.5208,13.1064,0.0,-0.089408,0.0
234.0,39.96126044,-106.21639535,2490.8256,13.19784,0.491744,-0.089408,0.0
234.1,39.96126046,-106.21639522,2490.8256,13.19784,0.0,-0.089408,0.0
234.2,39.96126048,-106.21639517,2490.8256,13.19784,0.0,-0.22352,0.0
234.3,39.96126051,-106.21639507,2490.8256,13.19784,0.0,-0.089408,0.0
234.4,39.96126054,-106.21639504,2490.8256,13.19784,0.0,-0.089408,0.0
234.5,39.9612605,-106.21639496,2490.8256,13.289280000000002,0.0,-0.089408,0.0
234.6,39.9612605,-106.21639494,2490.8256,13.289280000000002,0.0,-0.089408,0.0
234.7,39.96126047,-106.21639488,2490.8256,13.289280000000002,0.0,0.0,0.0
234.8,39.96126047,-106.21639486,2490.8256,13.19784,0.0,0.0,0.0
234.9,39.96126044,-106.21639482,2490.8256,13.19784,0.0,0.0,0.0
235.0,39.96126044,-106.21639482,2490.8256,13.19784,0.0,0.0,0.0
235.1,39.96126043,-106.21639476,2490.8256,13.19784,0.0,0.0,0.0
235.2,39.96126043,-106.21639475,2490.8256,13.19784,0.0,0.0,0.0
235.3,39.96126037,-106.21639469,2490.8256,13.19784,0.0,0.0,0.0
235.4,39.96126034,-106.21639469,2490.8256,13.19784,0.0,0.0,0.0
235.5,39.96126025,-106.21639467,2490.8256,13.19784,0.491744,0.0,0.0
235.6,39.96126021,-106.21639469,2490.8256,13.19784,0.0,0.0,0.0
235.7,39.96126017,-106.21639464,2490.8256,13.19784,0.0,0.0,0.0
235.8,39.96126016,-106.21639463,2490.8256,13.19784,0.0,0.0,0.0
235.9,39.9612601,-106.21639449,2490.8256,13.19784,0.0,0.0,0.0
236.0,39.96126008,-106.21639443,2490.8256,13.19784,0.0,0.0,0.0
236.1,39.96125997,-106.21639434,2490.8256,13.19784,0.0,0.0,0.0
236.2,39.96125992,-106.21639431,2490.8256,13.19784,0.0,0.0,0.0
236.3,39.96125983,-106.21639422,2490.8256,13.19784,0.0,0.0,0.0
236.4,39.96125979,-106.2163942,2490.8256,13.19784,0.0,0.0,0.0
236.5,39.9612597,-106.21639413,2490.8256,13.19784,0.0,0.0,0.0
236.6,39.96125965,-106.21639411,2490.8256,13.19784,0.0,0.0,0.0
236.7,39.96125955,-106.21639405,2490.8256,13.19784,0.0,0.0,0.0
236.8,39.96125949,-106.21639404,2490.8256,13.19784,0.0,0.0,0.0
236.9,39.96125935,-106.21639402,2490.8256,13.19784,0.0,0.0,0.0
237.0,39.96125927,-106.21639403,2490.8256,13.19784,0.491744,0.0,0.0
237.1,39.96125917,-106.21639403,2490.5208,13.1064,0.0,0.0,0.0
237.2,39.96125912,-106.21639406,2490.5208,13.1064,0.0,0.0,0.0
237.3,39.96125902,-106.21639412,2490.5208,13.1064,0.0,0.0,0.0
237.4,39.96125897,-106.21639419,2490.5208,13.1064,0.0,0.0,0.0
237.5,39.96125892,-106.21639423,2490.5208,13.1064,0.0,0.0,0.0
237.6,39.96125891,-106.2163943,2490.8256,13.19784,0.0,0.0,0.0
237.7,39.96125888,-106.21639438,2490.8256,13.19784,0.0,-0.089408,0.0
237.8,39.96125888,-106.21639446,2490.8256,13.19784,0.0,-0.089408,0.0
237.9,39.96125879,-106.2163945,2490.8256,13.19784,0.0,-0.089408,0.0
238.0,39.96125876,-106.21639457,2490.8256,13.19784,0.0,-0.089408,0.0
238.1,39.96125868,-106.21639456,2490.8256,13.19784,0.0,0.0,0.0
238.2,39.96125864,-106.21639461,2490.8256,13.19784,0.0,0.0,0.0
238.3,39.96125849,-106.21639456,2490.8256,13.19784,0.0,0.0,0.0
238.4,39.96125842,-106.21639457,2490.8256,13.19784,0.0,0.0,0.0
238.5,39.96125826,-106.2163945,2490.8256,13.19784,0.0,0.0,0.0
238.7,39.96125807,-106.21639438,2490.8256,13.19784,0.0,0.0,0.0
238.8,39.96125802,-106.21639432,2490.8256,13.19784,0.0,0.0,0.0
238.9,39.96125795,-106.21639423,2490.5208,13.1064,0.0,0.0,0.0
239.0,39.9612579,-106.21639418,2490.5208,13.1064,0.0,0.0,0.0
239.1,39.96125788,-106.21639417,2490.5208,13.1064,0.0,0.0,0.0
239.2,39.96125787,-106.21639416,2490.8256,13.19784,0.0,0.0,0.0
239.3,39.96125788,-106.21639411,2490.8256,13.19784,0.491744,0.0,0.0
239.5,39.96125784,-106.216394,2490.8256,13.19784,0.0,0.0,0.0
239.7,39.96125781,-106.21639383,2490.8256,13.19784,0.0,-0.089408,0.0
239.8,39.96125781,-106.21639378,2490.8256,13.19784,0.0,-0.089408,0.0
239.9,39.96125771,-106.21639367,2490.8256,13.19784,0.0,-0.089408,0.0
240.0,39.96125766,-106.21639362,2490.8256,13.289280000000002,0.0,0.0,0.0
240.1,39.96125756,-106.21639351,2490.8256,13.289280000000002,0.0,0.0,0.0
240.3,39.96125747,-106.21639345,2490.8256,13.289280000000002,0.0,0.0,0.0
240.4,39.96125746,-106.21639345,2490.8256,13.289280000000002,0.0,0.0,0.0
240.5,39.96125747,-106.21639352,2490.8256,13.19784,0.0,0.0,0.0
240.6,39.9612575,-106.21639357,2490.8256,13.19784,0.0,0.0,0.0
240.7,39.96125754,-106.21639371,2490.8256,13.19784,0.0,0.0,0.0
240.8,39.9612576,-106.21639383,2490.8256,13.19784,0.0,0.089408,0.0
240.9,39.96125772,-106.21639398,2490.8256,13.19784,0.0,0.0,0.0
241.0,39.96125782,-106.2163941,2490.8256,13.19784,0.0,0.0,0.0
241.2,39.96125801,-106.21639431,2490.8256,13.19784,0.0,0.0,0.0
241.3,39.96125802,-106.21639437,2490.8256,13.19784,0.0,0.0,0.0
241.5,39.961258,-106.21639433,2490.8256,13.19784,0.0,0.0,0.0
241.6,39.96125799,-106.21639431,2490.8256,13.19784,0.0,0.0,0.0
241.7,39.96125789,-106.21639416,2490.8256,13.19784,0.0,-0.089408,0.0
241.8,39.96125785,-106.2163941,2490.8256,13.289280000000002,0.0,-0.089408,0.0
241.9,39.96125778,-106.21639397,2490.8256,13.289280000000002,0.0,-0.089408,0.0
242.1,39.96125774,-106.21639384,2490.8256,13.289280000000002,0.0,0.0,0.0
242.2,39.96125776,-106.21639381,2490.8256,13.289280000000002,0.0,0.0,0.0
242.3,39.96125782,-106.21639379,2490.8256,13.289280000000002,0.0,0.0,0.0
242.4,39.96125787,-106.2163938,2490.8256,13.289280000000002,0.0,0.0,0.0
242.5,39.9612579,-106.2163938,2490.8256,13.289280000000002,0.491744,0.0,0.0
242.7,39.96125802,-106.21639388,2490.8256,13.289280000000002,0.0,0.0,0.0
242.8,39.96125808,-106.21639393,2490.8256,13.289280000000002,0.0,0.0,0.0
242.9,39.96125814,-106.21639399,2490.8256,13.4112,0.0,0.0,0.0
243.0,39.96125819,-106.21639406,2490.8256,13.4112,0.0,0.0,0.0
243.1,39.96125824,-106.21639414,2490.8256,13.4112,0.0,0.0,0.0
243.2,39.96125828,-106.21639422,2490.8256,13.4112,0.0,0.0,0.0
243.3,39.96125827,-106.21639429,2490.8256,13.4112,0.0,0.0,0.0
243.4,39.96125828,-106.21639437,2490.8256,13.4112,0.0,0.0,0.0
243.5,39.9612583,-106.21639443,2490.8256,13.4112,0.0,0.0,0.0
243.6,39.96125833,-106.21639452,2490.8256,13.4112,0.0,0.0,0.0
243.8,39.96125835,-106.21639466,2490.8256,13.4112,0.0,0.0,0.0
243.9,39.96125833,-106.21639465,2490.8256,13.4112,0.0,0.0,0.0
244.0,39.96125834,-106.21639469,2490.8256,13.4112,0.0,0.0,0.0
244.1,39.96125834,-106.21639471,2490.8256,13.4112,0.0,0.0,0.0
244.2,39.96125837,-106.21639477,2490.8256,13.4112,0.0,0.0,0.0
244.3,39.96125843,-106.21639479,2490.8256,13.4112,0.0,0.0,0.0
244.4,39.96125849,-106.21639485,2490.8256,13.4112,0.0,0.0,0.0
244.5,39.96125852,-106.21639482,2490.8256,13.4112,0.0,0.0,0.0
244.6,39.96125855,-106.21639484,2490.8256,13.4112,0.0,0.0,0.0
244.7,39.96125859,-106.21639478,2490.8256,13.4112,0.0,0.0,0.0
244.8,39.96125863,-106.21639476,2490.8256,13.4112,0.0,0.0,0.0
244.9,39.96125862,-106.21639464,2490.8256,13.4112,0.0,0.0,0.0
245.0,39.96125865,-106.21639458,2490.8256,13.4112,0.491744,0.0,0.0
245.1,39.96125863,-106.21639437,2490.8256,13.4112,0.0,0.0,0.0
245.2,39.96125865,-106.21639427,2490.8256,13.4112,0.67056,0.0,0.0
245.3,39.96125862,-106.21639411,2490.8256,13.4112,0.0,0.0,0.0
245.4,39.96125864,-106.21639404,2490.8256,13.4112,0.0,0.0,0.0
245.5,39.96125862,-106.21639389,2490.8256,13.4112,0.0,0.0,0.0
245.6,39.96125864,-106.21639381,2490.8256,13.4112,0.0,0.0,0.0
245.7,39.96125862,-106.2163937,2490.8256,13.4112,0.0,0.0,0.0
245.8,39.96125863,-106.21639364,2490.8256,13.4112,0.0,0.0,0.0
245.9,39.9612586,-106.21639356,2490.8256,13.4112,0.0,0.0,0.0
246.0,39.96125859,-106.21639351,2490.8256,13.4112,0.0,0.0,0.0
246.1,39.9612586,-106.21639345,2490.8256,13.4112,0.0,0.0,0.0
246.2,39.96125861,-106.21639342,2490.8256,13.4112,0.0,0.0,0.0
246.3,39.9612586,-106.21639337,2490.8256,13.4112,0.0,0.0,0.0
246.4,39.9612586,-106.21639333,2490.8256,13.4112,0.0,0.0,0.0
246.5,39.96125859,-106.21639328,2490.8256,13.4112,0.0,0.0,0.0
246.6,39.9612586,-106.21639323,2490.8256,13.4112,0.0,0.0,0.0
246.7,39.96125859,-106.21639316,2490.8256,13.4112,0.0,0.0,0.0
246.8,39.96125859,-106.21639312,2490.8256,13.4112,0.0,0.0,0.0
246.9,39.96125862,-106.21639305,2490.8256,13.4112,0.0,0.0,0.0
247.0,39.96125865,-106.21639301,2490.8256,13.4112,0.491744,0.0,0.0
247.2,39.9612586,-106.21639286,2490.8256,13.4112,0.0,0.0,0.0
247.3,39.96125862,-106.21639284,2490.8256,13.4112,0.0,0.0,0.0
247.4,39.96125864,-106.21639284,2490.8256,13.4112,0.0,0.0,0.0
247.6,39.96125867,-106.21639287,2490.8256,13.4112,0.0,0.0,0.0
247.7,39.96125868,-106.21639289,2490.8256,13.4112,0.0,0.0,0.0
247.8,39.9612587,-106.21639291,2490.8256,13.4112,0.0,0.0,0.0
247.9,39.96125871,-106.21639292,2490.8256,13.4112,0.0,0.089408,0.0
248.0,39.96125873,-106.21639294,2490.8256,13.289280000000002,0.0,0.0,0.0
248.1,39.96125873,-106.2163929,2490.8256,13.289280000000002,0.0,0.0,0.0
248.2,39.96125875,-106.21639291,2490.8256,13.289280000000002,0.0,0.0,0.0
248.3,39.96125875,-106.21639291,2490.8256,13.289280000000002,0.0,0.0,0.0
248.5,39.96125875,-106.21639292,2490.8256,13.289280000000002,0.0,0.0,0.0
248.6,39.96125876,-106.21639293,2490.8256,13.289280000000002,0.0,0.0,0.0
248.7,39.9612587,-106.21639288,2490.8256,13.289280000000002,0.0,0.0,0.0
248.8,39.96125868,-106.21639288,2490.8256,13.4112,0.0,0.0,0.0
248.9,39.96125866,-106.21639276,2490.8256,13.4112,0.0,0.0,0.0
249.0,39.96125867,-106.21639273,2490.8256,13.4112,0.0,0.0,0.0
249.1,39.96125867,-106.21639263,2490.8256,13.4112,0.0,0.0,0.0
249.2,39.96125871,-106.21639261,2490.8256,13.4112,0.0,0.0,0.0
249.3,39.96125872,-106.21639252,2490.8256,13.4112,0.0,0.0,0.0
249.4,39.96125876,-106.2163925,2490.8256,13.4112,0.0,0.0,0.0
249.5,39.96125871,-106.21639236,2490.8256,13.4112,0.0,0.0,0.0
249.6,39.9612587,-106.21639231,2490.8256,13.4112,0.0,0.0,0.0
249.7,39.96125865,-106.21639219,2490.8256,13.4112,0.491744,0.0,0.0
249.8,39.96125863,-106.21639215,2490.8256,13.289280000000002,0.0,0.0,0.0
249.9,39.96125853,-106.21639203,2490.8256,13.289280000000002,0.0,0.0,0.0
250.0,39.96125848,-106.21639197,2490.8256,13.289280000000002,0.0,0.0,0.0
250.1,39.96125841,-106.21639186,2490.8256,13.289280000000002,0.0,0.0,0.0
250.2,39.96125838,-106.2163918,2490.8256,13.289280000000002,0.0,0.0,0.0
250.3,39.96125834,-106.21639169,2490.8256,13.289280000000002,0.0,0.0,0.0
250.4,39.96125834,-106.21639164,2490.8256,13.289280000000002,0.0,0.0,0.0
250.5,39.96125835,-106.21639156,2490.8256,13.289280000000002,0.0,0.0,0.0
250.6,39.96125837,-106.21639152,2490.8256,13.289280000000002,0.0,0.0,0.0
250.7,39.96125844,-106.21639151,2490.8256,13.289280000000002,0.0,0.0,0.0
250.8,39.96125851,-106.21639153,2490.8256,13.289280000000002,0.0,0.0,0.0
250.9,39.96125863,-106.21639157,2490.8256,13.289280000000002,0.0,0.0,0.0
251.0,39.96125874,-106.21639163,2490.8256,13.289280000000002,0.0,0.0,0.0
251.1,39.96125881,-106.21639168,2490.8256,13.289280000000002,0.0,0.0,0.0
251.2,39.96125889,-106.21639175,2490.8256,13.289280000000002,0.0,0.0,0.0
251.3,39.96125896,-106.21639184,2490.8256,13.289280000000002,0.0,0.0,0.0
251.4,39.96125902,-106.21639194,2490.8256,13.289280000000002,0.0,0.0,0.0
251.5,39.96125906,-106.21639202,2490.8256,13.19784,0.0,0.0,0.0
251.6,39.96125913,-106.21639212,2490.8256,13.19784,0.0,0.0,0.0
251.7,39.96125921,-106.21639221,2490.8256,13.19784,0.0,0.0,0.0
251.8,39.96125931,-106.21639232,2490.8256,13.19784,0.0,0.0,0.0
251.9,39.96125937,-106.21639241,2490.8256,13.19784,0.0,0.0,0.0
252.0,39.96125945,-106.21639254,2490.8256,13.19784,0.0,0.0,0.0
252.1,39.96125948,-106.21639262,2490.8256,13.19784,0.0,0.0,0.0
252.2,39.96125954,-106.21639274,2490.8256,13.19784,0.0,0.0,0.0
252.3,39.96125951,-106.21639283,2490.8256,13.19784,0.0,0.0,0.0
252.4,39.96125952,-106.21639296,2490.8256,13.19784,0.0,0.0,270.0
252.5,39.96125946,-106.216393,2490.8256,13.19784,0.0,-0.22352,0.0
252.6,39.96125946,-106.2163931,2490.8256,13.289280000000002,0.491744,-0.22352,0.0
252.7,39.96125945,-106.21639311,2490.8256,13.289280000000002,0.0,-0.089408,0.0
252.8,39.96125947,-106.21639319,2490.8256,13.289280000000002,0.0,-0.089408,270.0
252.9,39.9612595,-106.2163932,2490.8256,13.4112,0.0,-0.089408,270.0
253.0,39.96125955,-106.21639327,2490.8256,13.4112,0.0,-0.089408,270.0
253.1,39.96125956,-106.21639331,2490.8256,13.4112,0.0,0.0,270.0
253.2,39.9612596,-106.21639339,2490.8256,13.4112,0.0,0.0,270.0
253.3,39.96125964,-106.2163934,2490.8256,13.4112,0.0,0.0,270.0
253.4,39.9612597,-106.21639347,2490.8256,13.4112,0.0,0.0,270.0
253.5,39.96125976,-106.21639352,2490.8256,13.289280000000002,0.0,0.0,270.0
253.7,39.96125987,-106.21639369,2490.8256,13.289280000000002,0.0,0.0,0.0
253.8,39.96125991,-106.21639379,2490.8256,13.289280000000002,0.0,0.0,0.0
253.9,39.96125994,-106.21639391,2490.8256,13.289280000000002,0.0,0.0,0.0
254.0,39.96125997,-106.21639403,2490.8256,13.289280000000002,0.0,0.0,0.0
254.1,39.96126001,-106.21639414,2490.8256,13.289280000000002,0.0,0.0,0.0
254.2,39.96126005,-106.21639424,2490.8256,13.289280000000002,0.0,0.0,0.0
254.4,39.96126015,-106.21639443,2490.8256,13.289280000000002,0.0,0.0,0.0
254.6,39.96126027,-106.2163946,2490.8256,13.289280000000002,0.0,0.0,0.0
254.7,39.96126034,-106.21639469,2490.8256,13.289280000000002,0.0,0.0,0.0
254.8,39.96126041,-106.21639479,2490.8256,13.289280000000002,0.0,0.0,0.0
254.9,39.96126046,-106.21639491,2490.8256,13.289280000000002,0.0,0.0,0.0
255.0,39.96126053,-106.21639503,2490.8256,13.289280000000002,0.0,0.0,0.0
255.1,39.96126054,-106.2163951,2490.8256,13.289280000000002,0.0,0.0,0.0
255.2,39.96126058,-106.21639518,2490.8256,13.4112,0.0,0.0,0.0
255.3,39.9612606,-106.2163952,2490.8256,13.4112,0.0,0.0,0.0
255.5,39.96126062,-106.2163953,2490.8256,13.4112,0.0,0.0,0.0
255.6,39.96126063,-106.21639537,2490.8256,13.4112,0.0,0.0,0.0
255.7,39.9612606,-106.21639536,2490.8256,13.4112,0.0,0.0,0.0
255.8,39.9612606,-106.21639539,2490.8256,13.4112,0.0,0.0,0.0
255.9,39.96126056,-106.21639534,2490.8256,13.4112,0.491744,0.0,0.0
256.0,39.96126055,-106.21639535,2490.8256,13.4112,0.491744,0.0,0.0
256.1,39.96126052,-106.2163953,2490.8256,13.4112,0.0,0.0,0.0
256.20000000000005,39.96126052,-106.21639531,2491.1304,13.50264,0.0,0.0,0.0
256.3,39.96126049,-106.21639531,2491.1304,13.50264,0.0,0.0,0.0
256.40000000000003,39.96126051,-106.21639534,2491.1304,13.50264,0.0,0.0,0.0
256.5,39.96126046,-106.21639527,2491.1304,13.50264,0.0,0.0,0.0
256.6,39.96126046,-106.21639525,2491.1304,13.50264,0.0,0.0,0.0
256.70000000000005,39.96126043,-106.21639518,2491.1304,13.50264,0.0,0.0,0.0
256.8,39.96126044,-106.21639517,2491.1304,13.50264,0.0,0.0,0.0
256.90000000000003,39.96126036,-106.21639508,2491.1304,13.50264,0.0,0.0,0.0
257.0,39.96126032,-106.21639504,2490.8256,13.4112,0.0,0.0,0.0
257.1,39.96126024,-106.21639498,2490.8256,13.4112,0.0,0.0,0.0
257.20000000000005,39.96126019,-106.21639494,2490.8256,13.4112,0.0,0.0,0.0
257.3,39.96126008,-106.21639487,2490.8256,13.4112,0.0,0.0,0.0
257.40000000000003,39.96126001,-106.21639483,2490.8256,13.4112,0.0,0.0,0.0
257.5,39.96125989,-106.21639478,2490.8256,13.4112,0.0,0.0,0.0
257.6,39.96125981,-106.21639473,2490.8256,13.4112,0.0,0.0,0.0
257.70000000000005,39.96125972,-106.21639465,2490.8256,13.4112,0.0,0.0,0.0
257.8,39.96125966,-106.2163946,2490.8256,13.4112,0.0,0.0,0.0
257.90000000000003,39.96125959,-106.21639454,2490.8256,13.4112,0.0,0.0,0.0
258.0,39.96125955,-106.21639452,2490.8256,13.4112,0.0,0.0,0.0
258.1,39.96125956,-106.21639449,2490.8256,13.4112,0.0,0.0,0.0
258.20000000000005,39.96125956,-106.21639449,2490.8256,13.289280000000002,0.0,0.0,0.0
258.3,39.96125956,-106.21639447,2490.8256,13.289280000000002,0.491744,0.0,0.0
258.40000000000003,39.96125956,-106.21639448,2490.8256,13.289280000000002,0.491744,0.0,0.0
258.5,39.96125959,-106.21639445,2490.8256,13.4112,0.0,0.0,0.0
258.6,39.96125963,-106.21639446,2490.8256,13.4112,0.0,0.0,0.0
258.70000000000005,39.96125967,-106.21639446,2490.8256,13.4112,0.0,0.0,0.0
258.8,39.96125972,-106.21639448,2490.8256,13.4112,0.0,0.0,0.0
258.90000000000003,39.96125975,-106.21639449,2490.8256,13.4112,0.0,0.0,0.0
259.0,39.9612598,-106.21639452,2490.8256,13.4112,0.0,0.0,0.0
259.1,39.96125983,-106.21639446,2490.8256,13.4112,0.0,0.0,0.0
259.20000000000005,39.96125988,-106.21639445,2490.8256,13.4112,0.0,0.0,0.0
259.3,39.9612599,-106.2163944,2490.8256,13.4112,0.0,0.0,0.0
259.40000000000003,39.96125993,-106.2163944,2490.8256,13.4112,0.0,0.0,0.0
259.5,39.96125992,-106.21639438,2490.8256,13.4112,0.0,0.0,0.0
259.6,39.96125993,-106.2163944,2490.8256,13.4112,0.0,0.0,0.0
259.70000000000005,39.96125985,-106.21639435,2490.8256,13.4112,0.0,0.0,0.0
259.8,39.96125983,-106.21639435,2490.8256,13.4112,0.0,0.0,0.0
259.90000000000003,39.96125977,-106.21639431,2490.8256,13.4112,0.0,0.0,0.0
260.0,39.96125977,-106.2163943,2490.8256,13.4112,0.0,0.0,0.0
260.1,39.96125969,-106.21639426,2490.8256,13.4112,0.0,0.0,0.0
260.20000000000005,39.96125966,-106.21639425,2490.8256,13.4112,0.0,0.0,0.0
260.3,39.96125962,-106.21639416,2490.8256,13.4112,0.0,0.0,0.0
260.40000000000003,39.9612596,-106.2163941,2490.8256,13.4112,0.0,0.0,0.0
260.5,39.96125952,-106.21639399,2490.8256,13.4112,0.0,0.0,0.0
260.6,39.96125948,-106.21639393,2490.8256,13.4112,0.491744,0.0,0.0
260.8,39.9612594,-106.2163938,2490.8256,13.4112,0.0,0.0,0.0
261.0,39.96125939,-106.2163937,2490.8256,13.4112,0.0,0.0,0.0
261.1,39.96125935,-106.21639353,2490.8256,13.4112,0.0,0.0,0.0
261.20000000000005,39.96125933,-106.21639331,2490.8256,13.4112,0.491744,0.0,90.0
261.3,39.96125929,-106.21639279,2490.8256,13.4112,0.491744,0.0,90.0
261.40000000000003,39.96125927,-106.2163922,2490.8256,13.4112,0.67056,0.0,90.0
261.5,39.96125922,-106.21639126,2490.8256,13.4112,0.67056,0.0,90.0
261.70000000000005,39.96125908,-106.21638875,2490.8256,13.4112,0.983488,0.0,90.0
261.8,39.96125899,-106.2163872,2490.8256,13.4112,1.162304,0.0,90.0
261.90000000000003,39.96125885,-106.21638512,2490.8256,13.4112,1.654048,0.0,90.0
262.0,39.96125874,-106.21638303,2490.8256,13.4112,1.78816,0.0,90.0
262.1,39.96125858,-106.21638054,2490.8256,13.4112,2.01168,0.0,93.01278750418334
262.20000000000005,39.96125844,-106.21637801,2490.8256,13.4112,2.190496,0.0,92.66300076606716
262.3,39.96125832,-106.21637502,2490.8256,13.4112,2.414016,0.0,92.43664824681014
262.40000000000003,39.96125821,-106.21637202,2490.8256,13.4112,2.548128,0.0,92.24574256589506
262.5,39.9612581,-106.21636858,2490.8256,13.4112,2.771648,0.0,90.0
262.6,39.961258,-106.21636518,2490.8256,13.4112,2.90576,0.0,90.0
262.70000000000005,39.96125791,-106.21636157,2490.8256,13.4112,2.950464,0.0,90.0
262.8,39.96125783,-106.21635791,2490.8256,13.4112,3.12928,0.0,90.0
262.90000000000003,39.96125775,-106.21635409,2490.8256,13.4112,3.173984,0.0,90.0
263.0,39.96125767,-106.2163502,2490.8256,13.4112,3.308096,0.0,90.0
263.1,39.96125762,-106.21634627,2490.8256,13.4112,3.308096,0.0,90.0
263.20000000000005,39.96125757,-106.21634227,2490.8256,13.4112,3.397504,0.0,90.0
263.3,39.96125756,-106.21633838,2490.8256,13.289280000000002,3.3528,0.0,90.0
263.40000000000003,39.96125753,-106.21633439,2490.8256,13.289280000000002,3.397504,0.0,90.0
263.5,39.9612575,-106.21633045,2490.8256,13.289280000000002,3.3528,0.0,90.0
263.6,39.96125749,-106.21632657,2490.8256,13.289280000000002,3.308096,0.0,90.0
263.8,39.96125753,-106.21631991,2490.8256,13.289280000000002,2.995168,0.0,90.0
263.90000000000003,39.9612576,-106.21631767,2490.8256,13.289280000000002,1.877568,0.089408,90.0
264.0,39.96125766,-106.21631551,2490.8256,13.19784,1.877568,0.089408,90.0
264.1,39.96125767,-106.21631441,2490.8256,13.19784,1.519936,0.0,90.0
264.20000000000005,39.96125768,-106.21631319,2490.8256,13.19784,0.938784,0.0,90.0
264.3,39.96125761,-106.21631304,2490.8256,13.19784,0.67056,0.0,90.0
264.40000000000003,39.96125755,-106.21631264,2490.8256,13.19784,0.0,0.0,90.0
264.6,39.9612572,-106.21631278,2490.8256,13.289280000000002,0.0,-0.089408,90.0
264.70000000000005,39.96125696,-106.21631292,2490.8256,13.289280000000002,0.312928,-0.089408,102.52880770915152
264.8,39.96125679,-106.21631294,2490.8256,13.4112,0.0,-0.089408,105.94539590092285
264.90000000000003,39.96125657,-106.21631292,2490.8256,13.4112,0.0,-0.089408,105.94539590092285
265.0,39.96125641,-106.2163129,2490.8256,13.4112,0.0,0.0,90.0
265.1,39.96125614,-106.21631258,2490.8256,13.4112,0.0,0.089408,90.0
265.20000000000005,39.96125596,-106.2163124,2490.8256,13.4112,0.0,0.312928,111.80140948635182
265.3,39.96125575,-106.21631182,2490.8256,13.289280000000002,0.67056,0.402336,90.0
265.40000000000003,39.96125559,-106.2163115,2490.8256,13.289280000000002,0.67056,0.581152,90.0
265.6,39.96125539,-106.21631046,2490.5208,13.1064,0.491744,0.89408,90.0
265.70000000000005,39.96125533,-106.21630974,2490.5208,13.014960000000002,0.44704,0.983488,90.0
265.8,39.96125525,-106.21630933,2490.2160000000003,12.8016,0.67056,1.1176,90.0
265.90000000000003,39.96125513,-106.21630865,2490.2160000000003,12.710160000000002,0.67056,1.1176,90.0
266.0,39.96125501,-106.21630827,2490.2160000000003,12.58824,0.491744,0.983488,90.0
266.1,39.96125489,-106.21630772,2489.9112,12.4968,0.67056,0.983488,90.0
266.3,39.96125468,-106.21630698,2489.9112,12.405360000000002,0.44704,0.89408,0.0
266.40000000000003,39.9612546,-106.21630676,2489.9112,12.31392,0.0,0.89408,0.0
266.5,39.96125449,-106.2163065,2489.6064,12.192,0.0,0.89408,0.0
266.6,39.96125443,-106.21630634,2489.6064,12.100560000000002,0.0,0.89408,0.0
266.70000000000005,39.96125436,-106.21630613,2489.6064,12.00912,0.0,0.89408,0.0
266.90000000000003,39.96125421,-106.21630588,2489.6064,11.8872,0.0,0.983488,0.0
267.0,39.96125415,-106.21630581,2489.3016,11.70432,0.0,1.207008,0.0
267.20000000000005,39.96125406,-106.21630579,2488.9968000000003,11.49096,0.0,1.296416,0.0
267.3,39.96125402,-106.21630575,2488.9968000000003,11.30808,0.0,1.519936,0.0
267.40000000000003,39.96125402,-106.21630576,2488.692,11.09472,0.0,1.609344,0.0
267.5,39.96125398,-106.21630578,2488.692,11.00328,0.0,1.609344,0.0
267.6,39.96125397,-106.21630583,2488.3872,10.78992,0.0,1.6987519999999998,0.0
267.70000000000005,39.9612539,-106.21630584,2488.0824,10.60704,0.0,1.609344,0.0
267.8,39.96125384,-106.2163059,2488.0824,10.48512,0.0,1.609344,270.0
267.90000000000003,39.96125373,-106.21630597,2487.7776000000003,10.30224,0.0,1.609344,270.0
268.1,39.96125363,-106.2163061,2487.4728,9.99744,0.0,1.385824,0.0
268.20000000000005,39.96125362,-106.21630613,2487.4728,9.906,0.0,1.296416,0.0
268.3,39.96125352,-106.21630609,2487.4728,9.814560000000002,0.0,1.296416,0.0
268.40000000000003,39.96125345,-106.21630607,2487.168,9.6012,0.0,1.296416,0.0
268.5,39.96125338,-106.21630599,2487.168,9.50976,0.0,1.296416,0.0
268.6,39.96125343,-106.21630596,2486.8632,9.38784,0.0,1.207008,0.0
268.70000000000005,39.96125374,-106.2163059,2486.8632,9.2964,0.0,1.207008,0.0
268.8,39.96125417,-106.21630586,2486.5584000000003,9.11352,0.491744,1.296416,0.0
268.90000000000003,39.9612548,-106.21630582,2486.5584000000003,8.9916,0.491744,1.207008,0.0
269.0,39.9612555,-106.21630581,2486.5584000000003,8.90016,0.804672,1.296416,0.0
269.1,39.96125642,-106.21630571,2486.2536,8.6868,0.938784,1.296416,0.0
269.20000000000005,39.96125734,-106.21630566,2486.2536,8.59536,0.938784,1.296416,0.0
269.40000000000003,39.96125966,-106.21630561,2485.9488,8.290560000000001,1.251712,1.296416,0.0
269.5,39.96126083,-106.21630559,2485.644,8.10768,1.251712,1.296416,0.0
269.6,39.96126202,-106.21630564,2485.644,7.98576,1.34112,1.385824,355.4260787400991
269.70000000000005,39.96126301,-106.21630576,2485.3392000000003,7.89432,1.162304,1.385824,354.8055710922652
269.8,39.961264,-106.21630592,2485.3392000000003,7.71144,1.162304,1.385824,354.2894068625004
269.90000000000003,39.96126471,-106.21630605,2485.0344,7.58952,0.938784,1.519936,353.6598082540901
270.0,39.96126542,-106.21630621,2485.0344,7.40664,0.67056,1.609344,352.8749836510982
270.1,39.96126585,-106.21630633,2484.7296,7.193280000000001,0.67056,1.609344,352.8749836510982
270.20000000000005,39.96126634,-106.2163065,2484.4248,7.010400000000001,0.0,1.6987519999999998,351.2538377374448
270.3,39.96126653,-106.21630671,2484.4248,6.88848,0.0,1.609344,335.55604521958344
270.40000000000003,39.96126681,-106.21630696,2484.1200000000003,6.7056,0.0,1.609344,335.55604521958344
270.5,39.96126687,-106.21630725,2484.1200000000003,6.61416,0.0,1.519936,322.1250163489018
270.6,39.96126707,-106.2163076,2483.8152,6.4008,0.491744,1.519936,322.1250163489018
270.70000000000005,39.9612672,-106.21630803,2483.8152,6.30936,0.0,1.296416,322.1250163489018
270.8,39.96126741,-106.21630852,2483.8152,6.1874400000000005,0.491744,1.1176,315.0
270.90000000000003,39.96126761,-106.21630901,2483.5104,6.096,0.491744,0.804672,315.0
271.0,39.96126782,-106.21630947,2483.5104,6.00456,0.0,0.402336,315.0
271.1,39.96126784,-106.21630974,2483.5104,6.00456,0.491744,0.0,285.94539590092285
271.20000000000005,39.96126772,-106.21631,2483.5104,6.096,0.0,-0.22352,248.19859051364816
271.3,39.96126725,-106.21631003,2483.5104,6.096,0.491744,-0.312928,195.94539590092288
271.40000000000003,39.96126671,-106.21631014,2483.8152,6.1874400000000005,0.67056,-0.402336,192.52880770915152
271.5,39.96126577,-106.21631008,2483.8152,6.1874400000000005,0.938784,-0.312928,190.304846468766
271.6,39.96126494,-106.21631015,2483.8152,6.30936,0.938784,-0.22352,188.7461622625552
271.70000000000005,39.96126411,-106.21631022,2483.8152,6.30936,0.804672,-0.089408,201.03751102542185
271.8,39.96126335,-106.21631038,2483.8152,6.30936,0.804672,0.0,201.03751102542185
271.90000000000003,39.9612625,-106.21631053,2483.8152,6.1874400000000005,0.67056,0.089408,201.03751102542185
272.0,39.96126179,-106.21631077,2483.8152,6.1874400000000005,0.938784,0.22352,204.44395478041653
272.1,39.96126139,-106.21631108,2483.5104,6.096,0.491744,0.312928,217.87498365109815
272.20000000000005,39.961261,-106.2163114,2483.5104,6.00456,0.67056,0.312928,225.0
272.3,39.96126092,-106.21631175,2483.5104,6.00456,0.491744,0.312928,234.46232220802565
272.40000000000003,39.96126078,-106.2163121,2483.5104,6.00456,0.0,0.312928,234.46232220802565
272.5,39.96126096,-106.21631246,2483.5104,5.91312,0.491744,0.22352,254.05460409907715
272.6,39.96126102,-106.21631282,2483.5104,5.91312,0.491744,0.089408,270.0
272.8,39.9612614,-106.21631351,2483.5104,5.91312,0.312928,0.0,270.0
272.90000000000003,39.96126168,-106.2163138,2483.5104,5.91312,0.44704,0.0,270.0
273.0,39.96126185,-106.21631408,2483.5104,6.00456,0.0,0.0,270.0
273.1,39.96126204,-106.21631425,2483.5104,6.00456,0.0,-0.089408,270.0
273.20000000000005,39.96126216,-106.21631446,2483.5104,6.00456,0.0,-0.089408,270.0
273.3,39.96126223,-106.21631458,2483.5104,6.00456,0.0,-0.089408,270.0
273.40000000000003,39.96126229,-106.21631474,2483.5104,6.00456,0.0,0.0,270.0
273.6,39.96126235,-106.21631481,2483.5104,6.00456,0.0,0.0,0.0
273.8,39.96126234,-106.21631459,2483.5104,6.00456,0.0,0.0,0.0
273.90000000000003,39.96126224,-106.21631441,2483.5104,6.00456,0.0,0.0,0.0
274.0,39.96126219,-106.21631422,2483.5104,6.00456,0.0,0.0,90.0
274.1,39.96126204,-106.21631384,2483.5104,6.00456,0.0,0.0,90.0
274.20000000000005,39.96126194,-106.21631347,2483.5104,6.00456,0.491744,0.0,90.0
274.3,39.96126179,-106.21631302,2483.5104,6.00456,0.67056,0.0,90.0
274.40000000000003,39.96126168,-106.21631256,2483.5104,6.00456,0.491744,0.0,90.0
274.5,39.96126148,-106.21631197,2483.5104,6.00456,0.67056,0.0,102.52880770915152
274.70000000000005,39.96126104,-106.21631038,2483.5104,6.00456,0.625856,0.0,98.74616226255525
274.8,39.96126079,-106.21630941,2483.5104,6.00456,0.759968,0.0,107.35402463626131
274.90000000000003,39.96126047,-106.21630817,2483.5104,6.00456,0.938784,0.0,105.52411099675425
275.0,39.96126018,-106.21630691,2483.5104,6.00456,1.162304,0.0,104.03624346792652
275.1,39.96125979,-106.2163054,2483.5104,6.00456,1.162304,0.0,102.80426606528675
275.20000000000005,39.96125943,-106.2163039,2483.5104,6.00456,1.34112,0.0,105.64224645720871
275.3,39.96125898,-106.21630219,2483.5104,6.00456,1.34112,0.0,104.53445508054013
275.40000000000003,39.96125858,-106.21630049,2483.5104,6.00456,1.519936,0.0,103.57043438516148
275.5,39.96125814,-106.2162987,2483.5104,6.00456,1.519936,0.0,102.72435568542238
275.6,39.96125773,-106.21629687,2483.5104,6.00456,1.654048,0.0,102.72435568542238
275.70000000000005,39.96125728,-106.21629495,2483.5104,6.096,1.654048,0.0,101.63363399894048
275.8,39.96125688,-106.21629301,2483.5104,6.096,1.654048,0.0,101.63363399894048
275.90000000000003,39.96125649,-106.2162911,2483.5104,6.096,1.6987519999999998,0.0,101.63363399894048
276.0,39.96125612,-106.2162892,2483.5104,6.00456,1.6987519999999998,0.0,101.63363399894048
276.1,39.9612558,-106.21628755,2483.5104,6.00456,1.519936,0.0,102.72435568542238
276.20000000000005,39.96125551,-106.21628598,2483.5104,6.00456,1.34112,0.0,104.53445508054013
276.3,39.96125525,-106.21628484,2483.5104,6.00456,1.162304,0.0,102.80426606528675
276.40000000000003,39.961255,-106.21628378,2483.5104,6.00456,1.0728959999999998,0.0,105.52411099675425
276.5,39.96125485,-106.21628326,2483.5104,6.00456,0.804672,0.0,107.35402463626131
276.6,39.96125469,-106.21628278,2483.5104,6.00456,0.67056,0.0,114.44395478041656
276.70000000000005,39.96125452,-106.21628276,2483.5104,6.00456,0.491744,0.0,119.05460409907715
276.8,39.96125434,-106.21628263,2483.5104,6.00456,0.0,0.0,125.53767779197436
276.90000000000003,39.9612542,-106.21628283,2483.5104,6.00456,0.0,0.0,135.0
277.0,39.96125406,-106.21628291,2483.5104,6.00456,0.0,0.0,135.0
277.1,39.96125389,-106.21628315,2483.5104,6.00456,0.0,0.0,135.0
277.20000000000005,39.96125373,-106.21628332,2483.5104,6.00456,0.0,0.0,180.0
277.3,39.96125362,-106.21628343,2483.5104,6.096,0.0,0.0,180.0
277.40000000000003,39.96125353,-106.21628356,2483.5104,6.00456,0.0,0.089408,180.0
277.5,39.96125344,-106.21628356,2483.5104,6.00456,0.0,0.312928,180.0
277.6,39.96125337,-106.21628362,2483.5104,6.00456,0.0,0.402336,180.0
277.70000000000005,39.96125328,-106.21628352,2483.5104,5.91312,0.0,0.491744,0.0
277.8,39.96125322,-106.21628352,2483.2056,5.7912,0.0,0.715264,0.0
277.90000000000003,39.96125311,-106.2162833,2483.2056,5.69976,0.0,0.89408,0.0
278.0,39.96125304,-106.21628323,2483.2056,5.60832,0.0,0.983488,0.0
278.1,39.96125295,-106.21628294,2483.2056,5.486400000000001,0.0,1.1176,0.0
278.20000000000005,39.96125288,-106.21628282,2482.9008000000003,5.39496,0.0,1.1176,0.0
278.3,39.96125278,-106.2162826,2482.9008000000003,5.21208,0.0,1.1176,0.0
278.40000000000003,39.96125271,-106.21628251,2482.596,5.09016,0.0,0.983488,0.0
278.5,39.96125259,-106.21628228,2482.596,4.99872,0.0,0.89408,0.0
278.6,39.96125249,-106.21628222,2482.596,4.99872,0.0,0.89408,0.0
278.70000000000005,39.96125237,-106.21628212,2482.596,4.907280000000001,0.0,0.804672,0.0
278.8,39.96125227,-106.21628214,2482.2912,4.78536,0.0,0.804672,0.0
278.90000000000003,39.9612522,-106.21628216,2482.2912,4.78536,0.0,0.715264,0.0
279.0,39.96125215,-106.21628225,2482.2912,4.69392,0.0,0.715264,0.0
279.1,39.96125209,-106.21628229,2482.2912,4.69392,0.0,0.581152,0.0
279.20000000000005,39.96125205,-106.21628238,2482.2912,4.60248,0.0,0.581152,0.0
279.3,39.96125202,-106.21628243,2481.9864,4.51104,0.0,0.581152,0.0
279.40000000000003,39.96125201,-106.21628252,2481.9864,4.51104,0.0,0.581152,0.0
279.5,39.961252,-106.21628254,2481.9864,4.38912,0.0,0.581152,0.0
279.6,39.96125199,-106.21628255,2481.9864,4.38912,0.0,0.581152,0.0
279.70000000000005,39.96125199,-106.2162826,2481.9864,4.29768,0.0,0.715264,0.0
279.8,39.961252,-106.21628265,2481.6816000000003,4.20624,0.0,0.715264,0.0
280.0,39.96125205,-106.2162826,2481.6816000000003,3.99288,0.0,0.804672,0.0
280.20000000000005,39.96125213,-106.2162826,2481.3768,3.901440000000001,0.0,0.715264,0.0
280.3,39.96125218,-106.2162826,2481.3768,3.81,0.0,0.804672,0.0
280.40000000000003,39.96125224,-106.21628263,2481.3768,3.68808,0.0,0.804672,0.0
280.5,39.96125227,-106.21628264,2481.072,3.5966400000000003,0.0,0.804672,0.0
280.6,39.96125232,-106.21628269,2481.072,3.5966400000000003,0.491744,0.804672,0.0
280.70000000000005,39.96125232,-106.21628267,2481.072,3.5052000000000003,0.0,0.804672,0.0
280.8,39.96125234,-106.2162827,2481.072,3.41376,0.491744,0.804672,0.0
280.90000000000003,39.96125232,-106.21628273,2480.7672,3.2918400000000005,0.0,0.804672,0.0
281.0,39.96125233,-106.21628279,2480.7672,3.2004,0.0,0.804672,0.0
281.1,39.96125229,-106.21628284,2480.7672,3.10896,0.491744,0.715264,0.0
281.20000000000005,39.9612523,-106.21628291,2480.7672,3.10896,0.0,0.715264,0.0
281.40000000000003,39.96125246,-106.21628302,2480.4624000000003,2.8956,0.0,0.581152,0.0
281.5,39.96125271,-106.21628312,2480.4624000000003,2.8956,0.0,0.402336,0.0
281.6,39.96125305,-106.21628323,2480.4624000000003,2.80416,0.0,0.312928,0.0
281.70000000000005,39.9612535,-106.21628325,2480.4624000000003,2.80416,0.491744,0.089408,0.0
281.8,39.96125404,-106.21628332,2480.4624000000003,2.80416,0.67056,0.0,0.0
281.90000000000003,39.96125479,-106.2162834,2480.4624000000003,2.80416,0.804672,0.0,0.0
282.0,39.96125554,-106.21628351,2480.4624000000003,2.80416,0.67056,0.0,352.8749836510982
282.1,39.96125638,-106.21628355,2480.4624000000003,2.80416,0.938784,0.0,353.6598082540901
282.20000000000005,39.9612572,-106.21628365,2480.4624000000003,2.8956,0.938784,-0.089408,353.6598082540901
282.3,39.96125807,-106.21628371,2480.4624000000003,2.8956,0.804672,0.0,352.8749836510982
282.40000000000003,39.96125886,-106.21628383,2480.4624000000003,2.8956,0.938784,0.0,352.8749836510982
282.5,39.96125944,-106.21628384,2480.4624000000003,2.80416,0.67056,0.0,351.2538377374448
282.6,39.96126,-106.21628391,2480.4624000000003,2.80416,0.491744,0.0,349.695153531234
282.70000000000005,39.96126029,-106.2162839,2480.4624000000003,2.80416,0.67056,0.0,347.4711922908485
282.8,39.96126062,-106.21628394,2480.4624000000003,2.80416,0.0,0.089408,347.4711922908485
282.90000000000003,39.96126068,-106.21628391,2480.4624000000003,2.80416,0.0,0.0,0.0
283.0,39.96126083,-106.21628393,2480.4624000000003,2.80416,0.0,0.0,0.0
283.1,39.96126075,-106.21628383,2480.1576,2.7127200000000005,0.0,0.0,0.0
283.20000000000005,39.96126077,-106.21628382,2480.1576,2.7127200000000005,0.0,0.0,0.0
283.3,39.96126058,-106.21628377,2480.1576,2.7127200000000005,0.0,0.0,0.0
283.40000000000003,39.9612605,-106.21628377,2480.1576,2.7127200000000005,0.0,0.0,0.0
283.5,39.96126033,-106.21628371,2480.1576,2.7127200000000005,0.0,0.0,0.0
283.6,39.96126023,-106.2162837,2480.1576,2.7127200000000005,0.0,0.0,0.0
283.70000000000005,39.96126009,-106.21628371,2480.1576,2.7127200000000005,0.0,0.0,0.0
283.8,39.96125992,-106.21628376,2480.1576,2.7127200000000005,0.0,0.0,180.0
283.90000000000003,39.96125964,-106.21628382,2480.1576,2.7127200000000005,0.0,0.0,180.0
284.0,39.9612594,-106.21628388,2480.1576,2.7127200000000005,0.0,0.0,180.0
284.1,39.96125926,-106.21628395,2480.1576,2.7127200000000005,0.0,0.0,180.0
284.20000000000005,39.96125915,-106.21628403,2480.1576,2.7127200000000005,0.0,0.0,0.0
284.3,39.96125912,-106.21628415,2480.1576,2.7127200000000005,0.0,0.0,0.0
284.40000000000003,39.9612591,-106.21628425,2480.1576,2.7127200000000005,0.0,0.089408,0.0
284.5,39.96125921,-106.21628441,2480.1576,2.7127200000000005,0.0,0.491744,0.0
284.6,39.96125929,-106.21628454,2480.1576,2.5908,0.0,0.581152,0.0
284.70000000000005,39.96125943,-106.21628463,2480.1576,2.49936,0.0,0.804672,0.0
284.8,39.96125954,-106.21628471,2479.8528,2.4079200000000003,0.0,1.1176,0.0
284.90000000000003,39.96125973,-106.21628467,2479.8528,2.286,0.0,1.1176,0.0
285.0,39.96125987,-106.21628468,2479.548,2.10312,0.0,1.296416,0.0
285.1,39.96126002,-106.21628466,2479.548,2.01168,0.0,1.296416,0.0
285.3,39.96126015,-106.21628464,2479.2432000000003,1.79832,0.0,0.804672,0.0
285.40000000000003,39.9612601,-106.21628463,2479.2432000000003,1.70688,0.0,0.402336,180.0
285.5,39.96125984,-106.2162845,2479.2432000000003,1.70688,0.0,0.089408,180.0
285.6,39.9612594,-106.2162844,2479.2432000000003,1.79832,0.0,0.0,180.0
285.70000000000005,39.96125865,-106.21628419,2479.2432000000003,1.79832,0.67056,-0.22352,180.0
285.8,39.96125794,-106.21628406,2479.548,1.88976,0.804672,-0.402336,180.0
285.90000000000003,39.96125706,-106.21628386,2479.548,2.01168,0.938784,-0.402336,180.0
286.0,39.96125636,-106.21628375,2479.548,2.10312,0.938784,-0.402336,180.0
286.1,39.96125573,-106.21628358,2479.548,2.10312,0.804672,-0.312928,180.0
286.20000000000005,39.96125526,-106.2162835,2479.548,2.10312,0.67056,-0.089408,180.0
286.3,39.96125493,-106.21628342,2479.548,2.10312,0.0,0.0,180.0
286.5,39.96125462,-106.21628339,2479.548,2.01168,0.312928,0.089408,180.0
286.6,39.96125456,-106.2162834,2479.548,2.01168,0.0,0.22352,0.0
286.70000000000005,39.96125465,-106.21628341,2479.548,1.88976,0.0,0.312928,0.0
286.8,39.9612547,-106.21628342,2479.548,1.88976,0.491744,0.312928,0.0
287.0,39.961255,-106.21628337,2479.2432000000003,1.79832,0.0,0.312928,0.0
287.1,39.96125511,-106.21628331,2479.2432000000003,1.79832,0.0,0.22352,0.0
287.3,39.9612552,-106.21628317,2479.2432000000003,1.79832,0.0,0.0,0.0
287.40000000000003,39.96125523,-106.2162831,2479.2432000000003,1.79832,0.0,0.0,0.0
287.6,39.9612552,-106.21628287,2479.2432000000003,1.79832,0.0,0.0,0.0
287.70000000000005,39.96125513,-106.21628288,2479.2432000000003,1.79832,0.0,-0.089408,270.0
287.90000000000003,39.961255,-106.21628342,2479.2432000000003,1.79832,0.0,0.0,270.0
288.0,39.96125495,-106.21628386,2479.2432000000003,1.79832,0.44704,0.0,270.0
288.1,39.96125481,-106.21628443,2479.548,1.88976,0.491744,0.0,270.0
288.20000000000005,39.96125474,-106.21628497,2479.548,1.88976,0.67056,0.0,270.0
288.3,39.96125468,-106.21628547,2479.548,1.88976,0.67056,0.0,270.0
288.40000000000003,39.96125467,-106.21628593,2479.548,1.88976,0.67056,0.0,270.0
288.5,39.96125466,-106.21628636,2479.548,1.88976,0.0,0.0,270.0
288.6,39.96125468,-106.21628673,2479.548,1.88976,0.67056,0.0,270.0
288.70000000000005,39.96125465,-106.2162869,2479.548,1.88976,0.0,0.0,270.0
288.8,39.96125465,-106.21628709,2479.2432000000003,1.79832,0.0,0.0,270.0
288.90000000000003,39.96125465,-106.21628705,2479.2432000000003,1.79832,0.0,0.0,270.0
289.0,39.96125466,-106.21628707,2479.2432000000003,1.79832,0.0,0.0,0.0
289.1,39.9612546,-106.21628687,2479.2432000000003,1.79832,0.0,0.0,0.0
289.20000000000005,39.96125458,-106.21628679,2479.2432000000003,1.79832,0.0,0.0,0.0
289.3,39.96125454,-106.21628652,2479.2432000000003,1.79832,0.0,0.0,0.0
289.40000000000003,39.96125452,-106.21628636,2479.2432000000003,1.79832,0.0,0.0,0.0
289.5,39.96125449,-106.21628616,2479.2432000000003,1.79832,0.491744,0.0,0.0
289.6,39.96125448,-106.21628604,2479.2432000000003,1.79832,0.0,0.0,0.0
289.70000000000005,39.96125442,-106.21628586,2479.2432000000003,1.79832,0.0,0.0,0.0
289.8,39.96125439,-106.21628573,2479.2432000000003,1.79832,0.0,0.0,0.0
289.90000000000003,39.96125436,-106.21628555,2479.2432000000003,1.79832,0.0,0.0,0.0
290.0,39.96125434,-106.2162855,2479.2432000000003,1.79832,0.0,0.0,0.0
290.1,39.96125434,-106.21628557,2479.2432000000003,1.79832,0.0,0.0,270.0
290.20000000000005,39.96125434,-106.21628567,2479.2432000000003,1.79832,0.0,0.0,270.0
290.3,39.9612543,-106.2162857,2479.2432000000003,1.79832,0.0,0.0,270.0
290.40000000000003,39.96125429,-106.21628575,2479.548,1.88976,0.0,0.0,270.0
290.5,39.96125433,-106.21628587,2479.548,1.88976,0.0,0.0,0.0
290.6,39.96125437,-106.21628596,2479.548,1.88976,0.0,0.0,0.0
290.70000000000005,39.96125441,-106.21628602,2479.548,1.88976,0.0,0.0,0.0
290.8,39.96125445,-106.21628606,2479.548,1.88976,0.0,0.0,0.0
290.90000000000003,39.96125453,-106.21628605,2479.548,1.88976,0.0,0.0,0.0
291.0,39.96125459,-106.21628606,2479.548,1.88976,0.491744,0.0,0.0
291.1,39.96125463,-106.21628606,2479.548,1.88976,0.0,0.0,0.0
291.20000000000005,39.96125466,-106.21628607,2479.548,1.88976,0.0,0.0,0.0
291.3,39.96125471,-106.21628603,2479.548,1.88976,0.0,0.0,0.0
291.40000000000003,39.96125476,-106.21628591,2479.548,1.88976,0.0,0.0,90.0
291.5,39.96125483,-106.21628556,2479.548,1.88976,0.0,0.0,90.0
291.6,39.96125491,-106.21628521,2479.548,1.88976,0.491744,0.0,90.0
291.70000000000005,39.96125498,-106.21628485,2479.548,1.88976,0.491744,0.0,90.0
291.8,39.96125506,-106.21628454,2479.548,1.88976,0.491744,0.0,90.0
291.90000000000003,39.96125512,-106.21628418,2479.548,1.88976,0.491744,0.0,90.0
292.0,39.96125517,-106.21628391,2479.548,1.88976,0.67056,0.0,90.0
292.1,39.96125507,-106.21628371,2479.548,1.88976,0.0,0.0,158.19859051364824
292.20000000000005,39.9612548,-106.21628354,2479.548,1.88976,0.0,0.0,164.0546040990771
292.3,39.96125415,-106.21628343,2479.548,1.88976,0.0,0.0,169.69515353123393
292.40000000000003,39.96125353,-106.21628333,2479.2432000000003,1.79832,0.67056,0.0,169.69515353123393
292.5,39.96125285,-106.21628331,2479.548,1.88976,0.67056,0.0,180.0
292.6,39.96125229,-106.21628328,2479.548,1.88976,0.67056,0.0,180.0
292.70000000000005,39.96125174,-106.21628333,2479.548,1.88976,0.67056,0.0,180.0
292.8,39.96125147,-106.21628338,2479.548,1.88976,0.67056,0.0,0.0
292.90000000000003,39.96125164,-106.21628351,2479.548,1.88976,0.0,0.0,0.0
293.0,39.96125193,-106.21628365,2479.548,1.88976,0.0,0.0,0.0
293.1,39.96125264,-106.2162838,2479.548,1.88976,0.0,0.0,349.695153531234
293.20000000000005,39.96125332,-106.21628395,2479.548,1.88976,0.938784,0.0,351.2538377374448
293.3,39.9612543,-106.21628402,2479.548,1.88976,0.804672,0.0,352.8749836510982
293.40000000000003,39.96125513,-106.21628414,2479.548,1.88976,1.162304,0.0,352.8749836510982
293.5,39.96125607,-106.21628417,2479.548,1.88976,0.938784,0.0,0.0
293.70000000000005,39.96125755,-106.21628422,2479.548,1.88976,0.938784,0.0,0.0
293.8,39.96125815,-106.21628425,2479.548,1.88976,0.0,0.0,0.0
294.0,39.961259,-106.2162842,2479.548,1.88976,0.5364479999999999,0.089408,0.0
294.1,39.96125932,-106.21628411,2479.548,1.88976,0.44704,0.0,0.0
294.3,39.96125977,-106.21628401,2479.548,1.88976,0.491744,0.0,0.0
294.40000000000003,39.96125995,-106.21628399,2479.548,1.88976,0.0,0.0,0.0
294.5,39.96125998,-106.21628387,2479.548,1.88976,0.0,0.089408,0.0
294.6,39.96126009,-106.21628381,2479.548,1.88976,0.0,0.491744,0.0
294.70000000000005,39.9612601,-106.21628373,2479.2432000000003,1.79832,0.0,0.89408,0.0
294.8,39.96126018,-106.21628369,2479.2432000000003,1.70688,0.0,1.1176,0.0
294.90000000000003,39.96126018,-106.21628354,2478.9384,1.4935200000000002,0.0,1.385824,0.0
295.0,39.96126025,-106.21628346,2478.9384,1.31064,0.491744,1.519936,0.0
295.1,39.9612603,-106.21628327,2478.6336,1.18872,0.0,1.385824,0.0
295.20000000000005,39.96126035,-106.21628315,2478.6336,1.00584,0.491744,1.296416,0.0
295.3,39.96126036,-106.21628305,2478.3288,0.9144,0.0,0.983488,0.0
295.40000000000003,39.96126034,-106.21628298,2478.3288,0.7924800000000001,0.0,0.804672,0.0
295.5,39.96126025,-106.21628288,2478.3288,0.7924800000000001,0.0,0.491744,0.0
295.6,39.96126013,-106.21628282,2478.3288,0.7924800000000001,0.0,0.089408,0.0
295.70000000000005,39.96125997,-106.21628277,2478.3288,0.9144,0.0,-0.089408,180.0
295.8,39.96125981,-106.21628275,2478.3288,0.9144,0.0,-0.312928,180.0
295.90000000000003,39.96125961,-106.21628267,2478.6336,1.00584,0.0,-0.402336,180.0
296.0,39.96125947,-106.21628264,2478.6336,1.09728,0.0,-0.402336,0.0
296.1,39.96125941,-106.21628263,2478.6336,1.09728,0.0,-0.312928,0.0
296.20000000000005,39.96125937,-106.21628265,2478.6336,1.18872,0.0,-0.22352,0.0
296.3,39.96125944,-106.21628259,2478.6336,1.18872,0.0,-0.089408,0.0
296.40000000000003,39.96125952,-106.21628256,2478.6336,1.18872,0.0,0.0,0.0
296.5,39.96125965,-106.21628242,2478.6336,1.09728,0.0,0.089408,0.0
296.6,39.96125977,-106.21628234,2478.6336,1.09728,0.491744,0.22352,0.0
296.70000000000005,39.96125989,-106.21628213,2478.6336,1.09728,0.0,0.22352,0.0
296.8,39.96126,-106.216282,2478.6336,1.00584,0.0,0.312928,0.0
296.90000000000003,39.96126015,-106.21628179,2478.6336,1.00584,0.0,0.312928,0.0
297.0,39.96126026,-106.21628167,2478.3288,0.9144,0.0,0.312928,0.0
297.1,39.96126028,-106.21628149,2478.3288,0.9144,0.0,0.22352,0.0
297.20000000000005,39.9612603,-106.21628139,2478.3288,0.9144,0.0,0.089408,0.0
297.3,39.96126027,-106.21628121,2478.3288,0.9144,0.0,0.089408,0.0
297.40000000000003,39.96126027,-106.2162811,2478.3288,0.9144,0.0,0.0,0.0
297.5,39.96126021,-106.216281,2478.3288,0.9144,0.0,0.0,0.0
297.6,39.96126017,-106.21628094,2478.3288,0.9144,0.0,0.0,0.0
297.70000000000005,39.96126012,-106.21628085,2478.3288,0.9144,0.0,0.0,0.0
297.8,39.96126008,-106.2162808,2478.6336,1.00584,0.0,0.0,0.0
297.90000000000003,39.9612601,-106.21628074,2478.6336,1.00584,0.0,0.0,0.0
298.0,39.96126012,-106.21628073,2478.6336,1.00584,0.0,0.0,0.0
298.1,39.96126019,-106.2162807,2478.6336,1.00584,0.0,0.0,0.0
298.20000000000005,39.96126024,-106.2162807,2478.6336,1.00584,0.0,0.0,0.0
298.3,39.96126034,-106.21628069,2478.6336,1.00584,0.0,0.0,0.0
298.40000000000003,39.96126042,-106.2162807,2478.6336,1.00584,0.491744,0.0,0.0
298.5,39.96126051,-106.21628074,2478.6336,1.00584,0.0,0.0,0.0
298.6,39.96126059,-106.2162808,2478.6336,1.00584,0.0,0.0,0.0
298.70000000000005,39.96126067,-106.21628086,2478.6336,1.00584,0.0,-0.089408,0.0
298.8,39.96126073,-106.21628094,2478.6336,1.00584,0.0,-0.22352,0.0
298.90000000000003,39.96126077,-106.21628098,2478.6336,1.00584,0.0,-0.22352,0.0
299.0,39.9612608,-106.21628104,2478.6336,1.09728,0.0,-0.089408,0.0
299.1,39.96126079,-106.21628103,2478.6336,1.09728,0.0,-0.089408,0.0
299.20000000000005,39.96126079,-106.21628107,2478.6336,1.09728,0.0,-0.089408,0.0
299.3,39.96126076,-106.21628099,2478.6336,1.09728,0.0,0.0,0.0
299.5,39.96126071,-106.21628091,2478.6336,1.09728,0.0,0.0,0.0
299.6,39.96126069,-106.21628092,2478.6336,1.09728,0.938784,0.0,0.0
299.8,39.96126067,-106.21628077,2478.6336,1.09728,0.0,0.0,0.0
299.90000000000003,39.96126057,-106.21628063,2478.6336,1.09728,0.0,0.0,0.0
300.0,39.9612605,-106.21628056,2478.6336,1.09728,0.0,-0.089408,0.0
300.1,39.96126043,-106.21628035,2478.6336,1.09728,0.0,-0.402336,0.0
300.20000000000005,39.96126038,-106.21628022,2478.6336,1.18872,0.0,-0.581152,0.0
300.3,39.96126029,-106.21628004,2478.9384,1.31064,0.0,-0.491744,0.0
300.40000000000003,39.96126022,-106.21627993,2478.9384,1.31064,0.0,-0.312928,0.0
300.5,39.96126022,-106.21627975,2478.9384,1.40208,0.0,-0.312928,0.0
300.6,39.96126025,-106.21627964,2478.9384,1.40208,0.0,-0.22352,0.0
300.70000000000005,39.96126048,-106.21627948,2478.9384,1.40208,0.0,-0.089408,0.0
300.8,39.9612607,-106.21627937,2478.9384,1.40208,0.491744,0.0,0.0
300.90000000000003,39.96126097,-106.21627923,2478.9384,1.40208,0.0,0.0,0.0
301.0,39.96126118,-106.21627913,2478.9384,1.40208,0.0,0.089408,0.0
301.1,39.96126132,-106.21627901,2478.9384,1.31064,0.0,0.089408,0.0
301.20000000000005,39.96126129,-106.21627894,2478.9384,1.31064,0.491744,0.22352,180.0
301.3,39.9612609,-106.21627881,2478.9384,1.31064,0.491744,0.089408,180.0
301.40000000000003,39.96126046,-106.21627875,2478.9384,1.31064,0.491744,0.089408,180.0
301.5,39.96125981,-106.21627859,2478.9384,1.31064,0.67056,0.0,180.0
301.6,39.96125924,-106.21627851,2478.9384,1.31064,0.67056,0.0,180.0
301.70000000000005,39.96125858,-106.21627838,2478.9384,1.31064,0.67056,0.0,180.0
301.8,39.96125805,-106.21627831,2478.9384,1.31064,0.67056,-0.089408,180.0
301.90000000000003,39.96125752,-106.21627824,2478.9384,1.31064,0.67056,0.0,180.0
302.0,39.96125707,-106.2162782,2478.9384,1.31064,0.491744,0.0,180.0
302.1,39.96125669,-106.21627816,2478.9384,1.31064,0.67056,0.0,180.0
302.20000000000005,39.96125637,-106.21627819,2478.9384,1.40208,0.0,0.0,201.80140948635184
302.3,39.96125626,-106.21627833,2478.9384,1.40208,0.0,0.0,225.0
302.40000000000003,39.96125613,-106.21627859,2478.9384,1.31064,0.0,0.0,248.19859051364816
302.5,39.96125611,-106.21627904,2478.9384,1.31064,0.491744,0.0,254.05460409907715
302.70000000000005,39.96125607,-106.21628027,2478.9384,1.31064,0.44704,0.0,257.4711922908485
302.8,39.96125605,-106.21628095,2478.9384,1.31064,0.5364479999999999,0.0,270.0
303.0,39.96125601,-106.21628202,2478.9384,1.31064,0.0,0.0,270.0
303.20000000000005,39.96125601,-106.21628276,2478.9384,1.31064,0.67056,0.0,270.0
303.3,39.96125599,-106.21628284,2478.9384,1.40208,0.312928,0.0,270.0
303.40000000000003,39.96125599,-106.21628296,2478.9384,1.40208,0.0,0.0,270.0
303.5,39.96125594,-106.21628275,2478.9384,1.40208,0.0,0.0,0.0
303.6,39.96125593,-106.21628268,2478.9384,1.40208,0.0,0.0,0.0
303.70000000000005,39.96125589,-106.21628227,2478.9384,1.40208,0.0,0.0,0.0
303.8,39.96125588,-106.21628206,2478.9384,1.40208,0.491744,0.0,0.0
303.90000000000003,39.96125582,-106.2162817,2478.9384,1.40208,0.0,0.0,0.0
304.0,39.96125579,-106.21628155,2478.9384,1.40208,0.491744,0.0,0.0
304.1,39.96125565,-106.21628148,2478.9384,1.40208,0.0,0.0,270.0
304.20000000000005,39.96125555,-106.21628151,2478.9384,1.40208,0.491744,0.0,270.0
304.3,39.96125539,-106.21628147,2478.9384,1.40208,0.0,0.0,270.0
304.40000000000003,39.96125527,-106.21628147,2478.9384,1.40208,0.0,0.0,0.0
304.5,39.96125508,-106.21628156,2478.9384,1.40208,0.0,0.0,0.0
304.6,39.96125492,-106.21628162,2478.9384,1.40208,0.0,0.0,0.0
304.70000000000005,39.96125473,-106.21628172,2478.9384,1.40208,0.0,0.0,0.0
304.8,39.96125458,-106.21628177,2478.9384,1.40208,0.0,0.0,0.0
304.90000000000003,39.96125442,-106.21628173,2478.9384,1.40208,0.0,0.0,0.0
305.0,39.9612543,-106.21628169,2478.9384,1.40208,0.0,0.0,0.0
305.1,39.96125419,-106.21628158,2478.9384,1.40208,0.0,0.0,0.0
305.20000000000005,39.9612541,-106.21628149,2478.9384,1.40208,0.491744,0.0,0.0
305.3,39.96125407,-106.2162814,2478.9384,1.40208,0.0,0.0,0.0
305.40000000000003,39.96125403,-106.21628131,2478.9384,1.40208,0.0,0.0,0.0
305.5,39.961254,-106.21628121,2478.9384,1.40208,0.491744,0.0,0.0
305.6,39.96125396,-106.21628122,2478.9384,1.40208,0.0,0.0,0.0
305.8,39.96125391,-106.21628152,2478.9384,1.40208,0.312928,0.0,0.0
305.90000000000003,39.9612539,-106.21628154,2478.9384,1.40208,0.0,0.0,0.0
306.0,39.96125387,-106.21628157,2478.9384,1.40208,0.0,0.0,0.0
306.1,39.96125385,-106.2162816,2478.9384,1.40208,0.0,0.0,0.0
306.3,39.96125384,-106.21628161,2478.9384,1.40208,0.0,0.0,0.0
306.40000000000003,39.9612539,-106.21628158,2478.9384,1.40208,0.0,0.0,0.0
306.6,39.96125426,-106.21628138,2478.9384,1.40208,0.0,0.0,0.0
306.8,39.96125451,-106.21628105,2478.9384,1.40208,0.0,0.0,45.0
306.90000000000003,39.96125459,-106.21628089,2478.9384,1.40208,0.0,0.0,90.0
307.0,39.96125467,-106.21628075,2478.9384,1.40208,0.0,0.0,90.0
307.20000000000005,39.96125481,-106.21628037,2478.9384,1.40208,0.0,0.0,45.0
307.40000000000003,39.96125515,-106.21628,2478.9384,1.40208,0.0,0.0,45.0
307.5,39.96125523,-106.21627984,2478.9384,1.40208,0.0,0.0,45.0
307.6,39.96125533,-106.2162797,2478.9384,1.40208,0.0,0.0,0.0
307.70000000000005,39.96125532,-106.21627956,2478.9384,1.40208,0.0,0.0,0.0
307.8,39.96125537,-106.21627944,2478.9384,1.40208,0.0,0.0,0.0
307.90000000000003,39.96125548,-106.21627937,2478.9384,1.40208,0.0,0.0,0.0
308.0,39.96125564,-106.21627929,2478.9384,1.4935200000000002,0.0,0.0,0.0
308.1,39.96125579,-106.21627918,2478.9384,1.4935200000000002,0.491744,0.0,0.0
308.20000000000005,39.96125596,-106.21627908,2478.9384,1.4935200000000002,0.491744,0.0,0.0
308.3,39.96125612,-106.21627899,2478.9384,1.4935200000000002,0.0,0.0,0.0
308.40000000000003,39.96125628,-106.216279,2478.9384,1.40208,0.0,0.0,0.0
308.5,39.96125642,-106.21627916,2478.9384,1.40208,0.0,0.0,315.0
308.6,39.96125654,-106.21627944,2478.9384,1.40208,0.0,0.0,291.8014094863518
308.70000000000005,39.96125659,-106.21627985,2478.9384,1.40208,0.67056,0.0,285.94539590092285
308.8,39.96125665,-106.21628032,2478.9384,1.40208,0.491744,0.0,270.0
308.90000000000003,39.96125666,-106.21628091,2478.9384,1.40208,0.491744,0.0,270.0
309.0,39.96125669,-106.21628142,2478.9384,1.40208,0.491744,0.0,270.0
309.1,39.96125666,-106.21628189,2478.9384,1.40208,0.0,0.0,270.0
309.20000000000005,39.96125666,-106.21628244,2478.9384,1.4935200000000002,0.67056,0.0,270.0
309.3,39.96125665,-106.21628304,2478.9384,1.4935200000000002,0.491744,0.0,270.0
309.40000000000003,39.96125667,-106.21628364,2478.9384,1.4935200000000002,0.0,0.0,270.0
309.5,39.96125664,-106.21628392,2478.9384,1.4935200000000002,0.67056,0.0,270.0
309.6,39.96125664,-106.21628432,2478.9384,1.4935200000000002,0.491744,0.0,270.0
309.70000000000005,39.96125659,-106.21628467,2478.9384,1.4935200000000002,0.491744,0.0,270.0
309.8,39.96125658,-106.21628514,2478.9384,1.4935200000000002,0.491744,0.0,270.0
309.90000000000003,39.96125654,-106.21628545,2478.9384,1.40208,0.67056,0.0,270.0
310.0,39.96125653,-106.21628583,2478.9384,1.40208,0.0,0.0,270.0
310.1,39.96125648,-106.21628598,2478.9384,1.40208,0.0,0.0,270.0
310.20000000000005,39.96125648,-106.21628618,2478.9384,1.40208,0.0,0.0,270.0
310.3,39.96125648,-106.21628623,2478.9384,1.40208,0.0,0.0,270.0
310.40000000000003,39.96125651,-106.21628634,2478.9384,1.40208,0.0,0.0,270.0
310.5,39.96125659,-106.21628627,2478.9384,1.40208,0.0,0.0,270.0
310.6,39.96125665,-106.21628628,2478.9384,1.40208,0.0,0.0,0.0
310.70000000000005,39.96125673,-106.21628615,2478.9384,1.40208,0.0,0.0,0.0
310.8,39.96125682,-106.21628609,2478.9384,1.40208,0.0,0.0,0.0
311.0,39.96125704,-106.21628578,2478.9384,1.40208,0.312928,0.0,0.0
311.1,39.96125722,-106.21628558,2478.9384,1.40208,0.0,0.0,0.0
311.20000000000005,39.9612574,-106.21628543,2478.9384,1.40208,0.0,0.0,0.0
311.40000000000003,39.96125771,-106.21628507,2478.9384,1.40208,0.0,0.0,0.0
311.5,39.9612578,-106.21628494,2478.9384,1.40208,0.0,0.0,0.0
311.70000000000005,39.96125781,-106.21628474,2478.9384,1.40208,0.0,0.0,0.0
311.8,39.96125777,-106.21628466,2478.9384,1.40208,0.0,0.0,0.0
311.90000000000003,39.96125762,-106.21628462,2478.9384,1.40208,0.0,0.0,0.0
312.0,39.9612576,-106.21628458,2478.9384,1.40208,0.0,0.0,0.0
312.1,39.96125768,-106.21628455,2478.9384,1.40208,0.0,0.0,0.0
312.20000000000005,39.96125787,-106.21628449,2478.9384,1.40208,0.0,0.0,0.0
312.3,39.96125813,-106.21628444,2478.9384,1.40208,0.0,0.0,0.0
312.40000000000003,39.9612584,-106.21628437,2478.9384,1.40208,0.0,0.0,0.0
312.5,39.96125869,-106.21628425,2478.9384,1.40208,0.491744,0.0,0.0
312.6,39.96125894,-106.21628415,2478.9384,1.40208,0.0,0.0,0.0
312.70000000000005,39.96125915,-106.21628401,2478.9384,1.40208,0.0,0.0,0.0
312.8,39.96125933,-106.2162839,2478.9384,1.40208,0.0,0.0,0.0
312.90000000000003,39.96125938,-106.21628373,2478.9384,1.40208,0.0,0.0,45.0
313.0,39.96125943,-106.21628359,2478.9384,1.40208,0.491744,0.0,90.0
313.1,39.9612593,-106.21628341,2478.9384,1.40208,0.0,0.0,90.0
313.20000000000005,39.96125919,-106.21628328,2478.9384,1.40208,0.0,0.0,0.0
313.3,39.96125886,-106.21628305,2478.9384,1.40208,0.0,0.0,135.0
313.40000000000003,39.96125859,-106.21628288,2478.9384,1.40208,0.0,0.0,135.0
313.5,39.96125819,-106.21628265,2478.9384,1.40208,0.0,0.0,135.0
313.6,39.9612579,-106.21628248,2478.9384,1.40208,0.491744,0.0,135.0
313.70000000000005,39.96125758,-106.2162823,2478.9384,1.4935200000000002,0.491744,0.0,180.0
313.8,39.96125733,-106.21628217,2478.9384,1.4935200000000002,0.0,0.0,180.0
313.90000000000003,39.96125711,-106.21628207,2478.9384,1.4935200000000002,0.0,0.0,180.0
314.0,39.96125694,-106.21628199,2478.9384,1.4935200000000002,0.0,0.0,0.0
314.1,39.96125684,-106.21628195,2478.9384,1.4935200000000002,0.0,0.0,0.0
314.20000000000005,39.96125676,-106.21628192,2478.9384,1.4935200000000002,0.0,0.0,0.0
314.3,39.96125675,-106.21628184,2478.9384,1.4935200000000002,0.0,0.0,0.0
314.40000000000003,39.96125673,-106.21628177,2478.9384,1.4935200000000002,0.0,0.0,0.0
314.5,39.96125673,-106.21628169,2478.9384,1.4935200000000002,0.0,0.0,0.0
314.6,39.96125671,-106.21628164,2478.9384,1.4935200000000002,0.0,0.0,0.0
314.70000000000005,39.96125667,-106.21628155,2478.9384,1.4935200000000002,0.0,0.0,0.0
314.8,39.96125663,-106.2162815,2478.9384,1.4935200000000002,0.0,0.0,0.0
314.90000000000003,39.96125656,-106.21628142,2478.9384,1.4935200000000002,0.0,0.0,0.0
315.0,39.96125651,-106.21628137,2478.9384,1.4935200000000002,0.0,0.0,0.0
315.1,39.96125641,-106.21628128,2478.9384,1.4935200000000002,0.0,0.0,0.0
315.20000000000005,39.96125634,-106.21628124,2478.9384,1.4935200000000002,0.0,0.0,0.0
315.3,39.96125624,-106.21628117,2478.9384,1.4935200000000002,0.491744,0.0,0.0
315.40000000000003,39.96125618,-106.21628114,2478.9384,1.4935200000000002,0.0,0.0,0.0
315.5,39.96125607,-106.21628108,2478.9384,1.4935200000000002,0.491744,0.0,0.0
315.6,39.96125601,-106.21628105,2478.9384,1.4935200000000002,0.0,0.0,0.0
315.70000000000005,39.9612559,-106.21628092,2478.9384,1.4935200000000002,0.0,0.0,0.0
315.8,39.96125583,-106.21628084,2478.9384,1.4935200000000002,0.0,0.0,0.0
315.90000000000003,39.96125575,-106.21628078,2478.9384,1.40208,0.0,0.0,0.0
316.0,39.9612557,-106.21628075,2478.9384,1.40208,0.0,0.0,0.0
316.1,39.96125559,-106.21628068,2478.9384,1.40208,0.0,0.0,0.0
316.20000000000005,39.96125553,-106.21628065,2478.9384,1.40208,0.0,0.0,0.0
316.3,39.96125546,-106.2162806,2478.9384,1.40208,0.0,0.0,0.0
316.40000000000003,39.96125543,-106.21628058,2478.9384,1.40208,0.0,0.089408,0.0
316.5,39.96125544,-106.21628059,2478.9384,1.40208,0.0,0.089408,0.0
316.6,39.96125545,-106.21628061,2478.9384,1.40208,0.0,0.089408,0.0
316.70000000000005,39.96125544,-106.2162806,2478.9384,1.40208,0.0,0.089408,0.0
316.8,39.96125545,-106.21628061,2478.9384,1.40208,0.0,0.0,0.0
316.90000000000003,39.96125541,-106.21628059,2478.9384,1.40208,0.0,0.0,0.0
317.0,39.9612554,-106.2162806,2478.9384,1.40208,0.0,0.0,0.0
317.1,39.96125538,-106.21628054,2478.9384,1.40208,0.0,0.0,0.0
317.20000000000005,39.96125538,-106.21628052,2478.9384,1.40208,0.0,0.0,0.0
317.3,39.96125532,-106.21628044,2478.9384,1.40208,0.0,0.0,0.0
317.5,39.96125528,-106.2162803,2478.9384,1.40208,0.0,0.0,0.0
317.70000000000005,39.96125522,-106.21628017,2478.9384,1.40208,0.0,0.0,0.0
317.8,39.96125521,-106.21628013,2478.9384,1.40208,0.0,0.0,0.0
318.0,39.96125522,-106.21628003,2478.9384,1.40208,0.0,0.0,0.0
318.1,39.96125523,-106.21628005,2478.9384,1.40208,0.0,0.0,0.0
318.20000000000005,39.96125525,-106.21628009,2478.9384,1.40208,0.0,0.0,0.0
318.3,39.96125525,-106.21628014,2478.9384,1.40208,0.0,0.0,0.0
318.40000000000003,39.96125527,-106.21628019,2478.9384,1.40208,0.0,0.0,0.0
318.70000000000005,39.96125539,-106.21628027,2478.9384,1.40208,0.0,0.0,0.0
318.90000000000003,39.96125547,-106.21628033,2478.9384,1.40208,0.0,0.0,0.0
319.1,39.96125559,-106.21628036,2478.9384,1.40208,0.0,0.0,0.0
319.20000000000005,39.96125566,-106.2162804,2478.9384,1.40208,0.0,0.0,0.0
319.3,39.96125572,-106.21628044,2478.9384,1.40208,0.0,0.0,0.0
319.5,39.96125585,-106.21628059,2478.9384,1.40208,0.0,0.0,0.0
319.6,39.96125591,-106.21628066,2478.9384,1.4935200000000002,0.0,0.0,0.0
319.70000000000005,39.96125595,-106.21628068,2478.9384,1.4935200000000002,0.0,0.0,0.0
319.8,39.961256,-106.21628072,2478.9384,1.4935200000000002,0.0,0.0,0.0
319.90000000000003,39.96125604,-106.21628069,2478.9384,1.4935200000000002,0.491744,0.0,0.0
320.0,39.9612561,-106.21628071,2478.9384,1.40208,0.0,0.0,0.0
320.1,39.96125614,-106.21628071,2478.9384,1.40208,0.0,0.0,0.0
320.20000000000005,39.9612562,-106.21628074,2478.9384,1.40208,0.0,0.0,0.0
320.3,39.96125625,-106.21628068,2478.9384,1.40208,0.0,0.0,0.0
320.40000000000003,39.96125632,-106.21628068,2478.9384,1.40208,0.0,0.0,0.0
320.5,39.96125636,-106.21628063,2478.9384,1.40208,0.0,0.0,0.0
320.70000000000005,39.96125646,-106.21628062,2478.9384,1.40208,0.0,0.0,0.0
320.8,39.96125651,-106.21628064,2478.9384,1.40208,0.0,0.0,0.0
320.90000000000003,39.96125653,-106.21628063,2478.9384,1.4935200000000002,0.0,0.0,0.0
321.0,39.96125657,-106.21628066,2478.9384,1.4935200000000002,0.0,0.0,0.0
321.1,39.96125655,-106.21628065,2478.9384,1.4935200000000002,0.0,0.0,0.0
321.20000000000005,39.96125655,-106.21628068,2478.9384,1.4935200000000002,0.0,0.0,0.0
321.3,39.96125656,-106.21628067,2478.9384,1.4935200000000002,0.0,0.0,0.0
321.40000000000003,39.96125658,-106.2162807,2478.9384,1.4935200000000002,0.0,0.0,0.0
321.5,39.96125658,-106.21628069,2478.9384,1.4935200000000002,0.491744,0.0,0.0
321.6,39.9612566,-106.21628073,2478.9384,1.4935200000000002,0.0,0.0,0.0
321.70000000000005,39.96125659,-106.21628068,2478.9384,1.4935200000000002,0.0,0.0,0.0
321.8,39.96125661,-106.2162807,2478.9384,1.4935200000000002,0.0,0.0,0.0
321.90000000000003,39.96125664,-106.21628067,2478.9384,1.4935200000000002,0.0,0.0,0.0
322.0,39.96125667,-106.21628069,2478.9384,1.4935200000000002,0.0,0.0,0.0
322.1,39.96125666,-106.21628065,2478.9384,1.4935200000000002,0.0,0.0,0.0
322.3,39.96125664,-106.21628064,2478.9384,1.4935200000000002,0.0,0.0,0.0
322.40000000000003,39.96125663,-106.21628068,2478.9384,1.4935200000000002,0.0,0.0,0.0
322.5,39.9612566,-106.21628073,2478.9384,1.4935200000000002,0.0,0.0,270.0
322.70000000000005,39.96125659,-106.2162809,2478.9384,1.4935200000000002,0.0,0.0,270.0
322.8,39.96125661,-106.216281,2478.9384,1.4935200000000002,0.0,0.0,0.0
322.90000000000003,39.96125665,-106.21628104,2478.9384,1.4935200000000002,0.0,0.0,0.0
323.0,39.96125668,-106.21628111,2478.9384,1.4935200000000002,0.0,0.0,0.0
323.1,39.96125669,-106.21628111,2478.9384,1.4935200000000002,0.0,0.0,0.0
323.20000000000005,39.9612567,-106.21628115,2478.9384,1.4935200000000002,0.0,0.0,0.0
323.40000000000003,39.96125668,-106.21628111,2478.9384,1.4935200000000002,0.0,0.0,0.0
323.6,39.96125666,-106.21628112,2478.9384,1.4935200000000002,0.0,0.0,0.0
323.70000000000005,39.96125664,-106.21628109,2478.9384,1.4935200000000002,0.0,0.0,0.0
323.8,39.96125664,-106.21628111,2478.9384,1.4935200000000002,0.0,0.0,0.0
323.90000000000003,39.96125669,-106.21628114,2478.9384,1.4935200000000002,0.0,0.0,0.0
324.0,39.96125674,-106.2162812,2478.9384,1.4935200000000002,0.0,0.0,0.0
324.1,39.96125678,-106.2162812,2478.9384,1.4935200000000002,0.0,0.0,0.0
324.20000000000005,39.96125682,-106.21628125,2478.9384,1.4935200000000002,0.0,0.0,0.0
324.3,39.96125684,-106.21628128,2478.9384,1.4935200000000002,0.0,0.0,0.0
324.40000000000003,39.96125685,-106.21628134,2478.9384,1.4935200000000002,0.0,0.0,0.0
324.5,39.96125687,-106.21628132,2478.9384,1.4935200000000002,0.0,0.0,0.0
324.6,39.96125689,-106.21628135,2478.9384,1.4935200000000002,0.0,0.0,0.0
324.70000000000005,39.96125693,-106.21628134,2478.9384,1.4935200000000002,0.0,0.0,0.0
324.8,39.96125697,-106.21628137,2478.9384,1.4935200000000002,0.0,0.0,0.0
324.90000000000003,39.96125698,-106.21628135,2478.9384,1.4935200000000002,0.0,0.0,0.0
325.0,39.961257,-106.21628136,2478.9384,1.4935200000000002,0.0,0.0,0.0
325.1,39.961257,-106.21628138,2478.9384,1.4935200000000002,0.0,0.0,0.0
325.20000000000005,39.96125701,-106.21628142,2478.9384,1.4935200000000002,0.0,0.0,0.0
325.3,39.96125701,-106.21628142,2478.9384,1.4935200000000002,0.0,0.0,0.0
325.40000000000003,39.96125702,-106.21628144,2478.9384,1.4935200000000002,0.0,0.0,0.0
325.5,39.961257,-106.21628142,2478.9384,1.4935200000000002,0.0,0.0,0.0
325.6,39.96125699,-106.21628144,2478.9384,1.4935200000000002,0.0,0.0,0.0
325.70000000000005,39.961257,-106.21628141,2478.9384,1.4935200000000002,0.0,0.0,0.0
325.8,39.96125702,-106.21628142,2478.9384,1.4935200000000002,0.0,0.0,0.0
325.90000000000003,39.96125697,-106.21628134,2478.9384,1.4935200000000002,0.0,0.0,0.0
326.0,39.96125694,-106.21628131,2478.9384,1.4935200000000002,0.0,0.0,0.0
326.1,39.96125691,-106.21628125,2478.9384,1.4935200000000002,0.0,0.0,0.0
326.20000000000005,39.96125688,-106.21628122,2478.9384,1.4935200000000002,0.0,0.0,0.0
326.3,39.96125685,-106.21628124,2478.9384,1.4935200000000002,0.0,0.0,270.0
326.40000000000003,39.96125684,-106.21628149,2478.9384,1.4935200000000002,0.0,0.0,270.0
326.6,39.9612569,-106.21628327,2478.9384,1.4935200000000002,0.67056,0.0,270.0
326.70000000000005,39.96125697,-106.21628477,2478.9384,1.4935200000000002,0.89408,0.0,270.0
326.8,39.96125703,-106.21628625,2478.9384,1.4935200000000002,1.162304,0.0,270.0
326.90000000000003,39.96125709,-106.21628784,2478.9384,1.4935200000000002,1.34112,0.0,270.0
327.0,39.96125713,-106.21628921,2478.9384,1.4935200000000002,1.251712,0.0,270.0
327.1,39.96125716,-106.21629039,2478.9384,1.4935200000000002,1.162304,0.0,270.0
327.20000000000005,39.96125718,-106.21629137,2478.9384,1.4935200000000002,0.938784,0.0,270.0
327.3,39.96125712,-106.21629191,2478.9384,1.4935200000000002,0.67056,0.0,270.0
327.40000000000003,39.96125705,-106.21629242,2478.9384,1.4935200000000002,0.0,0.0,270.0
327.5,39.96125699,-106.21629239,2478.9384,1.4935200000000002,0.0,0.089408,270.0
327.6,39.96125693,-106.21629249,2478.9384,1.4935200000000002,0.0,0.22352,270.0
327.70000000000005,39.96125684,-106.21629211,2478.9384,1.40208,0.0,0.402336,270.0
327.8,39.96125678,-106.21629194,2478.9384,1.40208,0.0,0.491744,0.0
327.90000000000003,39.96125677,-106.21629149,2478.9384,1.31064,0.0,0.491744,0.0
328.0,39.96125675,-106.21629123,2478.6336,1.18872,0.491744,0.581152,0.0
328.1,39.96125673,-106.21629076,2478.6336,1.18872,0.491744,0.581152,0.0
328.20000000000005,39.96125671,-106.21629044,2478.6336,1.09728,0.0,0.581152,0.0
328.3,39.96125672,-106.21629012,2478.6336,1.00584,0.67056,0.581152,0.0
328.40000000000003,39.96125672,-106.21628989,2478.6336,1.00584,0.0,0.581152,0.0
328.5,39.96125675,-106.21628975,2478.3288,0.9144,0.0,0.491744,0.0
328.6,39.96125676,-106.21628962,2478.3288,0.9144,0.0,0.491744,0.0
328.70000000000005,39.96125675,-106.21628964,2478.3288,0.7924800000000001,0.0,0.402336,0.0
328.8,39.96125673,-106.2162896,2478.3288,0.7924800000000001,0.0,0.402336,0.0
328.90000000000003,39.96125668,-106.21628961,2478.3288,0.7924800000000001,0.0,0.312928,0.0
329.0,39.96125666,-106.21628959,2478.3288,0.7924800000000001,0.0,0.312928,0.0
329.1,39.9612567,-106.21628962,2478.3288,0.70104,0.0,0.312928,0.0
329.20000000000005,39.96125674,-106.21628961,2478.3288,0.70104,0.0,0.312928,0.0
329.3,39.96125684,-106.21628964,2478.3288,0.70104,0.0,0.312928,0.0
329.40000000000003,39.96125693,-106.21628964,2478.0240000000003,0.6096,0.0,0.312928,0.0
329.6,39.9612571,-106.21628965,2478.0240000000003,0.6096,0.0,0.402336,0.0
329.70000000000005,39.9612572,-106.21628968,2478.0240000000003,0.48768,0.0,0.402336,0.0
329.90000000000003,39.96125732,-106.21628967,2478.0240000000003,0.39624,0.0,0.491744,0.0
330.0,39.96125736,-106.21628967,2477.7192,0.3048,0.0,0.491744,0.0
330.20000000000005,39.9612574,-106.21628964,2477.7192,0.21336,0.0,0.581152,0.0
330.3,39.96125737,-106.21628958,2477.7192,0.09144,0.0,0.581152,0.0
330.40000000000003,39.96125737,-106.21628956,2477.7192,0.09144,0.0,0.491744,0.0
330.5,39.96125732,-106.2162895,2477.4144,0.0,0.0,0.491744,0.0
330.6,39.96125733,-106.21628949,2477.4144,0.0,0.491744,0.491744,0.0
330.70000000000005,39.96125739,-106.21628953,2477.4144,0.0,0.0,0.491744,0.0
330.8,39.96125747,-106.21628958,2477.4144,0.0,0.0,0.402336,0.0
330.90000000000003,39.96125757,-106.21628952,2477.4144,-0.09144,0.0,0.402336,0.0
331.0,39.96125766,-106.2162895,2477.4144,-0.09144,0.0,0.402336,0.0
331.1,39.9612577,-106.21628941,2477.4144,-0.21336,0.0,0.402336,0.0
331.20000000000005,39.96125776,-106.21628937,2477.4144,-0.21336,0.491744,0.402336,0.0
331.40000000000003,39.96125795,-106.21628944,2477.1096,-0.3048,0.0,0.491744,0.0
331.5,39.961258,-106.21628939,2477.1096,-0.39624,0.312928,0.402336,0.0
331.6,39.96125807,-106.21628939,2477.1096,-0.39624,0.0,0.402336,0.0
331.70000000000005,39.96125812,-106.2162894,2477.1096,-0.48768,0.0,0.491744,0.0
331.8,39.96125821,-106.21628945,2477.1096,-0.48768,0.0,0.491744,0.0
331.90000000000003,39.96125829,-106.21628953,2476.8048000000003,-0.6096,0.0,0.491744,315.0
332.0,39.96125842,-106.21628969,2476.8048000000003,-0.70104,0.0,0.491744,315.0
332.1,39.96125864,-106.21628985,2476.8048000000003,-0.70104,0.0,0.491744,338.1985905136482
332.20000000000005,39.96125886,-106.21629005,2476.8048000000003,-0.7924800000000001,0.0,0.491744,338.1985905136482
332.3,39.9612591,-106.21629022,2476.8048000000003,-0.7924800000000001,0.0,0.402336,338.1985905136482
332.40000000000003,39.96125933,-106.21629039,2476.8048000000003,-0.7924800000000001,0.491744,0.402336,338.1985905136482
332.5,39.96125957,-106.21629055,2476.8048000000003,-0.9144,0.0,0.402336,338.1985905136482
332.6,39.96125978,-106.21629069,2476.8048000000003,-0.9144,0.491744,0.402336,315.0
332.70000000000005,39.96125998,-106.21629066,2476.5,-1.00584,0.0,0.402336,0.0
332.8,39.96126015,-106.21629069,2476.5,-1.00584,0.0,0.402336,0.0
332.90000000000003,39.96126028,-106.21629064,2476.5,-1.09728,0.0,0.402336,0.0
333.0,39.96126044,-106.21629066,2476.5,-1.18872,0.491744,0.491744,0.0
333.1,39.9612606,-106.21629062,2476.5,-1.18872,0.0,0.491744,0.0
333.20000000000005,39.96126078,-106.21629063,2476.1952,-1.31064,0.491744,0.402336,0.0
333.3,39.96126082,-106.21629052,2476.1952,-1.31064,0.0,0.0,0.0
333.40000000000003,39.96126083,-106.21629047,2476.1952,-1.31064,0.0,0.089408,0.0
333.5,39.96126065,-106.21629038,2476.1952,-1.31064,0.0,0.0,0.0
333.6,39.96126061,-106.21629036,2476.1952,-1.31064,0.0,0.0,0.0
333.70000000000005,39.96126042,-106.21629033,2476.1952,-1.31064,0.0,0.0,0.0
333.8,39.96126027,-106.21629039,2476.1952,-1.40208,0.0,0.0,0.0
333.90000000000003,39.96126024,-106.21629038,2476.1952,-1.40208,0.491744,0.0,0.0
334.0,39.96126022,-106.2162904,2476.1952,-1.40208,0.0,0.0,0.0
334.1,39.96126016,-106.21629045,2476.1952,-1.40208,0.0,0.0,0.0
334.20000000000005,39.96126012,-106.21629052,2476.1952,-1.40208,0.0,0.0,0.0
334.3,39.96126009,-106.21629046,2476.1952,-1.40208,0.0,0.0,0.0
334.40000000000003,39.96126008,-106.21629046,2476.1952,-1.40208,0.0,0.0,0.0
334.5,39.96126007,-106.21629041,2476.1952,-1.40208,0.0,0.0,0.0
334.70000000000005,39.96126003,-106.21629036,2476.1952,-1.40208,0.312928,0.0,0.0
334.8,39.96126002,-106.21629037,2476.1952,-1.40208,0.0,0.0,0.0
334.90000000000003,39.96126001,-106.21629028,2476.1952,-1.4935200000000002,0.491744,0.0,0.0
335.0,39.96126002,-106.21629025,2476.1952,-1.4935200000000002,0.0,0.0,0.0
335.1,39.96126004,-106.21629018,2476.1952,-1.4935200000000002,0.0,0.0,0.0
335.20000000000005,39.96126006,-106.21629017,2476.1952,-1.4935200000000002,0.0,0.0,0.0
335.3,39.96126003,-106.21629014,2476.1952,-1.4935200000000002,0.0,0.0,0.0
335.40000000000003,39.96126003,-106.21629016,2476.1952,-1.4935200000000002,0.0,0.0,0.0
335.5,39.96126001,-106.21629015,2476.1952,-1.4935200000000002,0.491744,0.0,0.0
335.6,39.96126002,-106.21629017,2476.1952,-1.4935200000000002,0.0,0.0,0.0
335.70000000000005,39.96126002,-106.21629015,2476.1952,-1.4935200000000002,0.0,0.0,0.0
335.8,39.96126003,-106.21629018,2476.1952,-1.4935200000000002,0.0,0.0,0.0
335.90000000000003,39.96126004,-106.2162902,2476.1952,-1.4935200000000002,0.0,0.0,0.0
