timestamp,latitude,longitude,altitude,height,ground_speed,vertical_speed,course
0.0,40.01209328,-104.9513522,1560.576,0.0,0.0,0.0,0.0
0.099999999999909,40.01209329,-104.9513522,1560.576,0.0,0.0,0.0,0.0
0.1999999999999318,40.01209327,-104.9513522,1560.576,0.0,0.0,0.0,0.0
0.2999999999999545,40.01209328,-104.9513522,1560.576,0.0,0.0,0.0,0.0
0.3999999999999772,40.0120934,-104.9513522,1560.576,0.0,0.0,0.0,0.0
0.5,40.01209342,-104.9513522,1560.576,0.0,0.0,0.0,0.0
0.599999999999909,40.01209339,-104.9513522,1560.576,0.0,0.0,0.0,0.0
0.6999999999999318,40.0120934,-104.9513522,1560.576,0.0,0.0,0.0,0.0
0.7999999999999545,40.01209337,-104.9513522,1560.576,0.0,0.0,0.0,0.0
0.8999999999999773,40.01209339,-104.9513522,1560.576,0.0,0.0,0.0,0.0
1.0,40.01209336,-104.9513522,1560.576,0.0,0.0,0.0,0.0
1.099999999999909,40.01209337,-104.9513522,1560.576,0.0,0.0,0.0,0.0
1.1999999999999318,40.01209335,-104.951352,1560.576,0.0,0.0,0.0,0.0
1.2999999999999543,40.01209336,-104.951352,1560.576,0.0,0.0,0.0,0.0
1.3999999999999773,40.01209349,-104.9513522,1560.576,0.0,0.0,0.0,0.0
1.5,40.0120935,-104.9513522,1560.576,0.0,0.0,0.0,0.0
1.599999999999909,40.01209347,-104.951352,1560.576,0.0,0.0,0.0,0.0
1.6999999999999318,40.01209349,-104.951352,1560.576,0.0,0.0,0.0,0.0
1.7999999999999543,40.01209346,-104.9513522,1560.576,0.0,0.0,0.0,0.0
1.8999999999999773,40.01209347,-104.9513522,1560.576,0.0,0.0,0.0,0.0
2.0,40.01209345,-104.9513522,1560.576,0.0,0.0,0.0,0.0
2.099999999999909,40.01209346,-104.9513522,1560.576,0.0,0.0,0.0,0.0
2.199999999999932,40.01209345,-104.9513522,1560.576,0.0,0.0,0.0,0.0
2.2999999999999545,40.01209345,-104.9513522,1560.576,0.0,0.0,0.0,0.0
2.3999999999999773,40.01209358,-104.9513522,1560.576,0.0,0.0,0.0,0.0
2.5,40.0120936,-104.9513522,1560.576,0.0,0.0,0.0,0.0
2.599999999999909,40.01209357,-104.9513522,1560.576,0.0,0.0,0.0,0.0
2.699999999999932,40.01209358,-104.9513522,1560.576,0.0,0.0,0.0,0.0
2.7999999999999545,40.01209356,-104.9513522,1560.576,0.0,0.0,0.0,0.0
2.8999999999999773,40.01209357,-104.9513522,1560.576,0.0,0.0,0.0,0.0
3.0,40.01209355,-104.9513522,1560.576,0.0,0.0,0.0,0.0
3.099999999999909,40.01209356,-104.9513522,1560.576,0.0,0.0,0.0,0.0
3.199999999999932,40.01209355,-104.9513522,1560.576,0.0,0.0,0.0,0.0
3.3999999999999773,40.01209369,-104.9513522,1560.576,0.0,0.0,0.0,0.0
3.5,40.0120937,-104.9513522,1560.576,0.0,0.0,0.0,0.0
3.599999999999909,40.01209368,-104.9513522,1560.576,0.0,0.0,0.0,0.0
3.7999999999999545,40.01209367,-104.9513522,1560.576,0.0,0.0,0.0,0.0
4.0,40.01209366,-104.9513522,1560.576,0.0,0.22352,0.0,0.0
4.199999999999932,40.01209365,-104.9513522,1560.576,0.0,0.0,0.0,0.0
4.2999999999999545,40.01209366,-104.9513522,1560.576,0.0,0.0,0.0,0.0
4.399999999999977,40.01209379,-104.9513523,1560.576,0.0,0.0,0.0,0.0
4.5,40.0120938,-104.9513523,1560.576,0.0,0.0,0.0,0.0
4.599999999999909,40.01209363,-104.9513522,1560.576,0.0,0.0,0.0,0.0
4.699999999999932,40.01209363,-104.9513522,1560.576,0.0,0.0,0.0,0.0
4.7999999999999545,40.01209377,-104.9513523,1560.576,0.0,0.0,0.0,0.0
4.899999999999977,40.01209378,-104.9513523,1560.576,0.0,0.0,0.0,0.0
5.0,40.01209376,-104.9513523,1560.576,0.0,0.491744,0.0,0.0
5.099999999999909,40.01209377,-104.9513523,1560.576,0.0,0.0,0.0,0.0
5.199999999999932,40.01209375,-104.9513523,1560.576,0.0,0.0,0.0,0.0
5.2999999999999545,40.01209376,-104.9513523,1560.576,0.0,0.491744,0.0,0.0
5.399999999999977,40.01209375,-104.9513523,1560.576,0.0,0.0,0.0,0.0
5.5,40.01209376,-104.9513523,1560.576,0.0,0.0,0.0,0.0
5.599999999999909,40.01209375,-104.9513523,1560.576,0.0,0.0,0.0,0.0
5.699999999999932,40.01209375,-104.9513523,1560.576,0.0,0.0,0.0,0.0
5.7999999999999545,40.01209389,-104.9513523,1560.576,0.0,0.0,0.0,0.0
6.0,40.01209388,-104.9513523,1560.576,0.0,0.0,0.0,0.0
6.2999999999999545,40.01209388,-104.9513523,1560.576,0.0,0.0,0.0,0.0
6.399999999999977,40.01209386,-104.9513523,1560.576,0.0,0.0,0.0,0.0
6.5,40.01209387,-104.9513523,1560.576,0.0,0.0,0.0,0.0
6.599999999999909,40.012094,-104.9513521,1560.576,0.0,0.0,0.0,0.0
6.699999999999932,40.01209402,-104.9513521,1560.576,0.0,0.0,0.0,0.0
6.7999999999999545,40.01209399,-104.9513521,1560.576,0.0,0.491744,0.0,0.0
6.899999999999977,40.012094,-104.9513521,1560.576,0.0,0.0,0.0,0.0
7.0,40.01209397,-104.9513521,1560.576,0.0,0.0,0.0,0.0
7.099999999999909,40.01209399,-104.9513521,1560.576,0.0,0.491744,0.0,0.0
7.199999999999932,40.01209396,-104.9513521,1560.576,0.0,0.0,0.0,0.0
7.299999999999954,40.01209397,-104.9513521,1560.576,0.0,0.0,0.0,0.0
7.399999999999977,40.0120941,-104.9513521,1560.576,0.0,0.0,0.0,0.0
7.5,40.01209412,-104.9513521,1560.576,0.0,0.0,0.0,0.0
7.599999999999909,40.01209409,-104.9513521,1560.576,0.0,0.0,0.0,0.0
7.699999999999932,40.0120941,-104.9513521,1560.576,0.0,0.0,0.0,0.0
7.799999999999954,40.01209407,-104.9513521,1560.576,0.0,0.0,0.0,0.0
7.899999999999977,40.01209408,-104.9513521,1560.576,0.0,0.0,0.0,0.0
8.0,40.01209406,-104.9513521,1560.576,0.0,0.0,0.0,0.0
8.099999999999909,40.01209407,-104.9513521,1560.576,0.0,0.0,0.0,0.0
8.199999999999932,40.01209405,-104.9513522,1560.576,0.0,0.0,0.0,0.0
8.299999999999955,40.01209406,-104.9513521,1560.576,0.0,0.0,0.0,0.0
8.399999999999977,40.01209419,-104.9513522,1560.576,0.0,0.0,0.0,0.0
8.5,40.01209421,-104.9513522,1560.576,0.0,0.0,0.0,0.0
8.599999999999909,40.01209418,-104.9513522,1560.576,0.0,0.0,0.0,0.0
8.699999999999932,40.01209419,-104.9513522,1560.576,0.0,0.0,0.0,0.0
8.799999999999955,40.01209417,-104.9513522,1560.576,0.0,0.0,0.0,0.0
8.899999999999977,40.01209418,-104.9513522,1560.576,0.0,0.0,0.0,0.0
9.0,40.01209416,-104.9513522,1560.576,0.0,0.0,0.0,0.0
9.099999999999907,40.01209417,-104.9513522,1560.576,0.0,0.0,0.0,0.0
9.199999999999932,40.0120943,-104.951352,1560.576,0.0,0.0,0.0,0.0
9.299999999999956,40.01209432,-104.951352,1560.576,0.0,0.0,0.0,0.0
9.399999999999975,40.01209428,-104.951352,1560.576,0.0,0.0,0.0,0.0
9.5,40.0120943,-104.951352,1560.576,0.0,0.0,0.0,0.0
9.599999999999907,40.01209427,-104.951352,1560.576,0.0,0.491744,0.0,0.0
9.699999999999932,40.01209428,-104.951352,1560.576,0.0,0.0,0.0,0.0
9.899999999999975,40.01209443,-104.951352,1560.576,0.0,0.44704,0.0,0.0
10.0,40.01209439,-104.9513521,1560.576,0.0,0.0,0.0,0.0
10.099999999999907,40.0120944,-104.951352,1560.576,0.0,0.0,0.0,0.0
10.199999999999932,40.01209437,-104.9513521,1560.576,0.0,0.0,0.0,0.0
10.299999999999956,40.01209438,-104.951352,1560.576,0.0,0.0,0.0,0.0
10.399999999999975,40.01209436,-104.9513521,1560.576,0.0,0.0,0.0,0.0
10.5,40.01209437,-104.9513521,1560.576,0.0,0.0,0.0,0.0
10.599999999999907,40.01209435,-104.9513521,1560.576,0.0,0.0,0.0,0.0
10.699999999999932,40.01209436,-104.9513521,1560.576,0.0,0.0,0.0,0.0
10.799999999999956,40.01209449,-104.9513521,1560.576,0.0,0.0,0.0,0.0
10.899999999999975,40.01209451,-104.9513521,1560.576,0.0,0.0,0.0,0.0
11.0,40.01209448,-104.9513521,1560.576,0.0,0.0,0.0,0.0
11.099999999999907,40.01209449,-104.9513521,1560.576,0.0,0.0,0.0,0.0
11.199999999999932,40.01209446,-104.9513521,1560.576,0.0,0.0,0.0,0.0
11.399999999999975,40.0120946,-104.9513521,1560.576,0.0,0.0,0.0,0.0
11.5,40.01209462,-104.9513521,1560.576,0.0,0.0,0.0,0.0
11.699999999999932,40.0120946,-104.9513521,1560.576,0.0,0.0,0.0,0.0
11.799999999999956,40.01209457,-104.9513519,1560.576,0.0,0.0,0.0,0.0
11.899999999999975,40.01209458,-104.9513519,1560.576,0.0,0.0,0.0,0.0
12.0,40.01209456,-104.9513519,1560.576,0.0,0.0,0.0,0.0
12.099999999999907,40.01209457,-104.9513519,1560.576,0.0,0.0,0.0,0.0
12.199999999999932,40.0120947,-104.9513519,1560.576,0.0,0.0,0.0,0.0
12.299999999999956,40.01209472,-104.9513519,1560.576,0.0,0.0,0.0,0.0
12.399999999999975,40.01209469,-104.9513519,1560.576,0.0,0.0,0.0,0.0
12.5,40.0120947,-104.9513519,1560.576,0.0,0.0,0.0,0.0
12.599999999999907,40.01209467,-104.9513518,1560.576,0.0,0.0,0.0,0.0
12.699999999999932,40.01209469,-104.9513518,1560.576,0.0,0.0,0.0,0.0
12.799999999999956,40.01209466,-104.9513518,1560.576,0.0,0.0,0.0,0.0
12.899999999999975,40.01209467,-104.9513518,1560.576,0.0,0.0,0.0,0.0
13.0,40.01209465,-104.9513518,1560.576,0.0,0.0,0.0,0.0
13.099999999999907,40.01209466,-104.9513518,1560.576,0.0,0.0,0.0,0.0
13.199999999999932,40.01209464,-104.9513518,1560.576,0.0,0.0,0.0,0.0
13.299999999999956,40.01209465,-104.9513518,1560.576,0.0,0.0,0.0,0.0
13.399999999999975,40.01209464,-104.9513518,1560.576,0.0,0.0,0.0,0.0
13.5,40.01209464,-104.9513518,1560.576,0.0,0.0,0.0,0.0
13.599999999999907,40.01209463,-104.9513519,1560.576,0.0,0.0,0.0,0.0
13.699999999999932,40.01209463,-104.9513518,1560.576,0.0,0.0,0.0,0.0
13.799999999999956,40.01209463,-104.9513519,1560.576,0.0,0.0,0.0,0.0
13.899999999999975,40.01209463,-104.9513519,1560.576,0.0,0.0,0.0,0.0
14.0,40.01209463,-104.9513519,1560.576,0.0,0.0,0.0,0.0
14.099999999999907,40.01209463,-104.9513519,1560.576,0.0,0.0,0.0,0.0
14.199999999999932,40.01209463,-104.9513517,1560.576,0.0,0.0,0.0,0.0
14.299999999999956,40.01209463,-104.9513517,1560.576,0.0,0.0,0.0,0.0
14.399999999999975,40.01209463,-104.9513517,1560.576,0.0,0.0,0.0,0.0
14.5,40.01209463,-104.9513517,1560.576,0.0,0.0,0.0,0.0
14.599999999999907,40.01209463,-104.9513517,1560.576,0.0,0.0,0.0,0.0
14.699999999999932,40.01209463,-104.9513517,1560.576,0.0,0.0,0.0,0.0
14.799999999999956,40.01209463,-104.9513518,1560.576,0.0,0.0,0.0,0.0
14.899999999999975,40.01209463,-104.9513518,1560.576,0.0,0.0,0.0,0.0
15.0,40.01209463,-104.9513518,1560.576,0.0,0.0,0.0,0.0
15.099999999999907,40.01209463,-104.9513518,1560.576,0.0,0.0,0.0,0.0
15.199999999999932,40.01209463,-104.9513518,1560.576,0.0,0.0,0.0,0.0
15.299999999999956,40.01209463,-104.9513518,1560.576,0.0,0.0,0.0,0.0
15.399999999999975,40.01209463,-104.9513516,1560.576,0.0,0.0,0.0,0.0
15.5,40.01209463,-104.9513516,1560.576,0.0,0.0,0.0,0.0
15.599999999999907,40.01209463,-104.9513516,1560.576,0.0,0.0,0.0,0.0
15.699999999999932,40.01209463,-104.9513516,1560.576,0.0,0.0,0.0,0.0
15.799999999999956,40.01209463,-104.9513516,1560.576,0.0,0.0,0.0,0.0
15.899999999999975,40.01209463,-104.9513516,1560.576,0.0,0.0,0.0,0.0
16.0,40.01209463,-104.9513517,1560.576,0.0,0.0,0.0,0.0
16.09999999999991,40.01209463,-104.9513516,1560.576,0.0,0.0,0.0,0.0
16.199999999999932,40.01209463,-104.9513517,1560.576,0.0,0.0,0.0,0.0
16.299999999999955,40.01209462,-104.9513517,1560.576,0.0,0.0,0.0,0.0
16.5,40.01209462,-104.9513517,1560.576,0.0,0.0,0.0,0.0
16.59999999999991,40.01209463,-104.9513517,1560.576,0.0,0.0,0.0,0.0
16.699999999999932,40.01209463,-104.9513517,1560.576,0.0,0.0,0.0,0.0
16.799999999999955,40.01209463,-104.9513517,1560.576,0.0,0.0,0.0,0.0
16.899999999999977,40.01209463,-104.9513517,1560.576,0.0,0.0,0.0,0.0
17.0,40.01209464,-104.9513515,1560.576,0.0,0.0,0.0,0.0
17.09999999999991,40.01209464,-104.9513515,1560.576,0.0,0.0,0.0,0.0
17.199999999999932,40.01209464,-104.9513515,1560.576,0.0,0.0,0.0,0.0
17.299999999999955,40.01209464,-104.9513515,1560.576,0.0,0.0,0.0,0.0
17.399999999999977,40.01209464,-104.9513515,1560.576,0.0,0.0,0.0,0.0
17.5,40.01209464,-104.9513515,1560.576,0.0,0.0,0.0,0.0
17.59999999999991,40.01209464,-104.9513516,1560.576,0.0,0.0,0.0,0.0
17.699999999999932,40.01209464,-104.9513515,1560.576,0.0,0.0,0.0,0.0
17.799999999999955,40.01209464,-104.9513516,1560.576,0.0,0.0,0.0,0.0
17.899999999999977,40.01209464,-104.9513516,1560.576,0.0,0.0,0.0,0.0
18.0,40.01209464,-104.9513516,1560.576,0.0,0.0,0.0,0.0
18.19999999999993,40.01209468,-104.9513516,1560.576,0.0,0.0,-0.089408,0.0
18.299999999999955,40.01209476,-104.9513516,1560.576,0.0,0.0,-0.312928,0.0
18.5,40.012095,-104.9513517,1560.8808,0.09144,0.0,-0.804672,0.0
18.69999999999993,40.01209518,-104.9513519,1560.8808,0.3048,0.0,-1.296416,270.0
18.799999999999955,40.01209527,-104.951352,1561.1856,0.48768,0.0,-1.609344,270.0
19.0,40.01209542,-104.9513523,1561.4904,0.9144,0.0,-2.414016,0.0
19.09999999999991,40.01209543,-104.9513523,1561.7952,1.09728,0.0,-2.816352,0.0
19.19999999999993,40.01209532,-104.9513526,1562.1,1.40208,0.0,-2.995168,0.0
19.399999999999977,40.0120953,-104.9513525,1562.7096,2.10312,0.0,-3.308096,0.0
19.5,40.01209534,-104.9513525,1563.0144,2.4079200000000003,0.0,-3.218688,0.0
19.59999999999991,40.01209557,-104.9513526,1563.3192,2.7127200000000005,0.0,-3.084576,270.0
19.69999999999993,40.01209566,-104.9513527,1563.624,2.9870400000000004,0.0,-2.90576,270.0
19.799999999999955,40.01209566,-104.951353,1563.9288,3.2918400000000005,0.0,-2.592832,270.0
19.899999999999977,40.01209574,-104.9513531,1564.2336,3.5966400000000003,0.0,-2.279904,270.0
20.0,40.01209587,-104.9513532,1564.5384,3.81,0.0,-2.01168,270.0
20.09999999999991,40.01209593,-104.9513532,1564.5384,3.99288,0.0,-1.609344,0.0
20.19999999999993,40.01209589,-104.9513531,1564.8432,4.1148,0.0,-1.207008,0.0
20.299999999999955,40.01209594,-104.9513531,1564.8432,4.20624,0.0,-0.804672,0.0
20.399999999999977,40.01209598,-104.9513534,1564.8432,4.29768,0.0,-0.402336,0.0
20.5,40.01209604,-104.9513534,1564.8432,4.29768,0.0,-0.089408,0.0
20.59999999999991,40.01209627,-104.9513532,1565.148,4.38912,0.0,0.0,0.0
20.69999999999993,40.01209633,-104.9513532,1565.148,4.38912,0.0,0.089408,0.0
20.799999999999955,40.01209617,-104.9513533,1564.8432,4.29768,0.0,0.089408,0.0
20.899999999999977,40.01209617,-104.9513534,1564.8432,4.29768,0.67056,0.089408,0.0
21.0,40.012096,-104.9513536,1564.8432,4.29768,0.491744,0.089408,0.0
21.09999999999991,40.01209596,-104.9513537,1564.8432,4.20624,0.0,0.0,0.0
21.19999999999993,40.01209604,-104.9513535,1564.8432,4.20624,0.0,0.0,0.0
21.299999999999955,40.01209599,-104.9513536,1564.8432,4.20624,0.0,0.0,0.0
21.399999999999977,40.01209586,-104.9513537,1564.8432,4.20624,0.0,0.0,0.0
21.5,40.01209579,-104.9513537,1564.8432,4.20624,0.0,0.0,0.0
21.59999999999991,40.01209585,-104.9513537,1564.8432,4.20624,0.0,0.0,0.0
21.69999999999993,40.01209577,-104.9513537,1564.8432,4.20624,0.0,0.0,0.0
21.799999999999955,40.01209569,-104.9513539,1564.8432,4.20624,0.0,0.0,0.0
21.899999999999977,40.01209563,-104.951354,1564.8432,4.20624,0.0,0.0,0.0
22.0,40.01209549,-104.9513539,1564.8432,4.20624,0.0,-0.089408,0.0
22.09999999999991,40.01209544,-104.9513539,1564.8432,4.20624,0.0,0.0,0.0
22.19999999999993,40.01209533,-104.9513541,1564.8432,4.20624,0.0,0.0,0.0
22.299999999999955,40.01209528,-104.9513541,1564.8432,4.20624,0.0,0.0,0.0
22.399999999999977,40.01209527,-104.951354,1564.8432,4.20624,0.0,0.0,0.0
22.5,40.01209523,-104.951354,1564.8432,4.20624,0.0,0.0,0.0
22.69999999999993,40.01209512,-104.951354,1564.8432,4.29768,0.0,0.0,0.0
22.799999999999955,40.01209519,-104.951354,1564.8432,4.29768,0.0,0.0,0.0
22.899999999999977,40.01209515,-104.951354,1564.8432,4.29768,0.0,0.0,0.0
23.0,40.01209523,-104.9513538,1564.8432,4.29768,0.0,0.0,0.0
23.19999999999993,40.01209525,-104.9513538,1564.8432,4.29768,0.0,0.0,0.0
23.299999999999955,40.01209523,-104.9513538,1564.8432,4.29768,0.0,0.0,0.0
23.399999999999977,40.0120953,-104.9513537,1564.8432,4.29768,0.0,0.0,0.0
23.5,40.01209529,-104.9513536,1564.8432,4.29768,0.0,0.0,0.0
23.59999999999991,40.01209548,-104.9513537,1564.8432,4.29768,0.0,0.0,0.0
23.69999999999993,40.0120955,-104.9513536,1564.8432,4.29768,0.0,0.0,0.0
23.899999999999977,40.01209551,-104.9513535,1564.8432,4.29768,0.0,0.0,0.0
24.0,40.0120955,-104.9513534,1564.8432,4.29768,0.0,0.0,0.0
24.09999999999991,40.01209552,-104.9513533,1564.8432,4.29768,0.0,0.0,0.0
24.19999999999993,40.0120955,-104.9513533,1564.8432,4.29768,0.0,0.0,0.0
24.299999999999955,40.01209554,-104.9513532,1564.8432,4.29768,0.0,0.0,0.0
24.399999999999977,40.01209565,-104.9513532,1564.8432,4.29768,0.0,0.0,0.0
24.5,40.01209568,-104.9513531,1564.8432,4.29768,0.0,0.0,0.0
24.59999999999991,40.0120956,-104.9513531,1564.8432,4.29768,0.0,0.0,0.0
24.69999999999993,40.01209562,-104.951353,1564.8432,4.29768,0.0,0.0,0.0
24.799999999999955,40.01209572,-104.951353,1564.8432,4.29768,0.0,0.0,0.0
25.09999999999991,40.01209573,-104.9513527,1564.8432,4.29768,0.22352,0.0,0.0
25.19999999999993,40.01209585,-104.9513527,1564.8432,4.29768,0.0,0.0,0.0
25.299999999999955,40.01209589,-104.9513526,1564.8432,4.29768,0.0,0.0,0.0
25.399999999999977,40.01209583,-104.9513526,1564.8432,4.29768,0.0,0.0,0.0
25.5,40.01209587,-104.9513526,1564.8432,4.29768,0.0,0.0,0.0
25.59999999999991,40.01209596,-104.9513525,1564.8432,4.29768,0.0,0.0,0.0
25.69999999999993,40.01209601,-104.9513525,1564.8432,4.29768,0.0,0.0,0.0
25.799999999999955,40.01209609,-104.9513524,1564.8432,4.29768,0.0,-0.312928,0.0
25.899999999999977,40.01209615,-104.9513524,1564.8432,4.29768,0.0,-0.804672,0.0
26.0,40.01209609,-104.9513523,1565.148,4.38912,0.0,-1.207008,0.0
26.09999999999991,40.01209616,-104.9513523,1565.148,4.60248,0.0,-1.6987519999999998,0.0
26.19999999999993,40.01209624,-104.9513522,1565.4528,4.78536,0.0,-2.190496,0.0
26.299999999999955,40.01209631,-104.9513522,1565.7576,4.99872,0.0,-2.68224,0.0
26.399999999999977,40.01209618,-104.9513521,1566.0624,5.30352,0.0,-3.218688,0.0
26.5,40.0120962,-104.951352,1566.3672,5.60832,0.0,-3.486912,0.0
26.59999999999991,40.0120962,-104.9513519,1566.672,6.00456,0.0,-3.710432,0.0
26.69999999999993,40.01209622,-104.9513519,1566.9768,6.4008,0.0,-3.889248,0.0
26.799999999999955,40.01209614,-104.9513517,1567.2816,6.797040000000001,0.0,-4.02336,0.0
26.899999999999977,40.01209615,-104.9513516,1567.8912,7.193280000000001,0.491744,-4.02336,0.0
27.0,40.01209628,-104.9513518,1568.196,7.58952,0.0,-4.02336,0.0
27.09999999999991,40.01209631,-104.9513517,1568.5008,7.98576,0.0,-4.02336,0.0
27.19999999999993,40.01209628,-104.9513517,1569.1104,8.41248,0.0,-4.02336,0.0
27.299999999999955,40.01209632,-104.9513517,1569.4152,8.80872,0.0,-4.02336,0.0
27.399999999999977,40.0120966,-104.951352,1569.72,9.20496,0.491744,-4.02336,0.0
27.5,40.01209667,-104.951352,1570.3296,9.69264,0.0,-4.02336,0.0
27.59999999999991,40.01209716,-104.9513523,1570.6344,10.08888,0.0,-4.02336,0.0
27.69999999999993,40.01209727,-104.9513523,1571.244,10.48512,0.491744,-4.02336,0.0
27.799999999999955,40.01209721,-104.9513521,1571.5488,10.91184,0.0,-4.02336,0.0
27.899999999999977,40.01209729,-104.9513521,1571.8536,11.30808,0.0,-4.02336,0.0
28.0,40.01209725,-104.9513518,1572.4632,11.70432,0.0,-4.02336,0.0
28.09999999999991,40.01209729,-104.9513519,1572.768,12.100560000000002,0.67056,-4.02336,0.0
28.19999999999993,40.01209719,-104.951352,1573.0728,12.4968,0.0,-4.02336,254.05460409907715
28.299999999999955,40.01209702,-104.9513527,1573.6824,12.89304,0.67056,-4.02336,252.64597536373867
28.399999999999977,40.01209657,-104.9513536,1573.9872,13.289280000000002,0.67056,-4.02336,251.565051177078
28.5,40.01209609,-104.9513554,1574.292,13.68552,1.34112,-4.02336,251.1139126302907
28.59999999999991,40.01209533,-104.9513573,1574.5968,14.11224,1.78816,-4.02336,251.20011484134733
28.69999999999993,40.01209453,-104.9513601,1575.2064,14.50848,2.2352,-4.02336,250.34617594194668
28.799999999999955,40.01209375,-104.951363,1575.5112,14.90472,2.592832,-3.889248,251.30101719581887
28.899999999999977,40.01209269,-104.9513667,1575.816,15.300960000000002,2.995168,-3.889248,249.954750574579
29.0,40.01209149,-104.9513707,1576.4256,15.6972,3.531616,-3.889248,250.3013786254197
29.09999999999991,40.01209018,-104.9513752,1576.7304,16.09344,3.889248,-3.889248,249.3045492659367
29.19999999999993,40.01208897,-104.9513801,1577.0352,16.48968,4.291583999999999,-3.889248,249.8293465881496
29.299999999999955,40.01208742,-104.9513856,1577.6448,16.88592,4.649216,-3.889248,250.44800482675944
29.399999999999977,40.0120858,-104.9513917,1577.9496,17.31264,5.230368,-3.889248,249.66077788734776
29.5,40.01208402,-104.951398,1578.2544,17.58696,5.632704,-3.889248,250.43621638041736
29.59999999999991,40.01208228,-104.9514043,1578.5592,18.01368,5.722112,-4.02336,250.9743939624313
29.69999999999993,40.01208065,-104.9514102,1579.1688,18.40992,5.498592,-4.02336,250.10456866523435
29.799999999999955,40.0120795,-104.9514157,1579.4736,18.80616,5.096256,-4.02336,251.74810416292144
29.899999999999977,40.01207826,-104.9514203,1579.7784,19.2024,4.559807999999999,-4.02336,251.98023071822288
30.0,40.0120773,-104.951425,1580.0832,19.59864,4.157472,-4.02336,250.8518625420604
30.09999999999991,40.0120764,-104.9514284,1580.6928,19.99488,3.621024,-3.889248,251.565051177078
30.19999999999993,40.01207555,-104.9514324,1580.9976,20.391120000000004,3.3528,-3.889248,252.5820292077972
30.299999999999955,40.01207492,-104.9514349,1581.3024,20.787360000000003,2.861056,-3.889248,253.1785901099592
30.399999999999977,40.01207411,-104.9514376,1581.912,21.21408,2.369312,-3.889248,252.0720802379928
30.5,40.01207371,-104.9514392,1582.2168,21.4884,2.01168,-3.889248,250.20112364547504
30.59999999999991,40.01207308,-104.9514409,1582.5216,21.91512,1.519936,-3.889248,248.74949449286677
30.69999999999993,40.01207285,-104.9514418,1582.8264,22.31136,1.162304,-3.889248,248.96248897457815
30.799999999999955,40.01207256,-104.9514425,1583.436,22.707600000000003,0.67056,-3.889248,245.55604521958347
30.899999999999977,40.01207242,-104.9514431,1583.7408,23.10384,0.67056,-3.889248,257.4711922908485
31.0,40.01207172,-104.9514435,1584.0456,23.50008,0.67056,-3.889248,254.05460409907715
31.09999999999991,40.01207157,-104.9514439,1584.3504,23.80488,0.67056,-3.889248,248.19859051364816
31.19999999999993,40.01207191,-104.9514451,1584.96,24.201120000000003,0.67056,-3.889248,270.0
31.299999999999955,40.01207182,-104.9514455,1585.2648000000002,24.59736,0.67056,-3.889248,254.05460409907715
31.399999999999977,40.0120716,-104.9514461,1585.5696,24.9936,0.491744,-4.02336,230.71059313749964
31.5,40.01207068,-104.9514465,1586.1792,25.38984,0.804672,-4.02336,228.36646066342985
31.59999999999991,40.01206986,-104.9514479,1586.4840000000002,25.78608,1.162304,-3.889248,230.82634202955575
31.69999999999993,40.01206874,-104.9514496,1586.7888,26.09088,1.654048,-3.486912,226.9091524329964
31.799999999999955,40.01206718,-104.9514507,1587.0936000000002,26.487120000000004,1.877568,-3.218688,225.0
31.899999999999977,40.01206562,-104.9514529,1587.3984,26.70048,2.190496,-2.816352,225.0
32.0,40.01206397,-104.9514549,1587.7032000000002,27.00528,2.503424,-2.279904,226.3019526725789
32.19999999999993,40.0120598,-104.9514597,1588.008,27.31008,2.90576,-1.385824,225.0
32.299999999999955,40.01205755,-104.9514627,1588.008,27.40152,3.263392,-0.983488,225.0
32.39999999999998,40.01205505,-104.9514656,1588.008,27.40152,3.665728,-0.715264,225.0
32.5,40.01205243,-104.951469,1588.008,27.492960000000004,3.933952,-0.491744,225.0
32.59999999999991,40.01204961,-104.9514726,1588.008,27.492960000000004,4.24688,-0.312928,226.2188752351313
32.69999999999993,40.01204652,-104.9514766,1588.008,27.492960000000004,4.604512000000001,-0.312928,225.7440592028887
32.799999999999955,40.01204319,-104.9514808,1588.3128000000002,27.61488,5.006848,-0.312928,225.68206039317263
33.09999999999991,40.01203144,-104.9514956,1588.3128000000002,27.61488,5.81152,-0.402336,225.55090397921856
33.19999999999993,40.01202688,-104.9515009,1588.3128000000002,27.61488,6.213856,-0.581152,225.0
33.299999999999955,40.01202212,-104.9515069,1588.3128000000002,27.70632,7.063232,-0.804672,224.26860424690247
33.39999999999998,40.01201728,-104.951513,1588.3128000000002,27.797760000000004,7.420864000000001,-1.1176,224.53794727856925
33.5,40.01201186,-104.9515197,1588.6176,27.8892,7.867904,-1.609344,224.1319485502545
33.59999999999991,40.01200593,-104.9515269,1588.6176,28.102560000000004,8.627872,-2.01168,223.7897058310788
33.69999999999993,40.01199979,-104.9515344,1588.9224000000002,28.28544,9.16432,-2.503424,223.649844388534
33.799999999999955,40.01199345,-104.9515422,1589.2272,28.498800000000003,9.521952,-2.816352,223.33166255170667
33.89999999999998,40.01198689,-104.9515502,1589.5320000000002,28.803600000000003,9.83488,-2.816352,223.35297133874124
34.299999999999955,40.01195951,-104.9515835,1590.1416000000002,29.59608,10.326624,-1.385824,223.08504898595743
34.39999999999998,40.01195257,-104.9515923,1590.4464,29.80944,10.460736,-0.983488,223.1080345816405
34.5,40.01194554,-104.9516008,1590.4464,29.80944,10.72896,-0.581152,223.46108057561355
34.59999999999991,40.01193844,-104.9516097,1590.4464,29.80944,10.818368,-0.312928,223.48814565717325
34.69999999999993,40.01193123,-104.9516185,1590.4464,29.90088,10.95248,-0.089408,223.84433410618004
34.799999999999955,40.01192374,-104.9516274,1590.4464,29.80944,11.131296,0.0,223.53951748815635
34.89999999999998,40.0119163,-104.9516365,1590.4464,29.80944,11.265408,0.0,223.71986044039508
35.0,40.01190879,-104.9516457,1590.4464,29.687520000000003,11.39952,0.0,223.5797344536009
35.09999999999991,40.01190115,-104.9516551,1590.4464,29.687520000000003,11.578335999999998,0.0,223.59520794996504
35.19999999999993,40.01189334,-104.9516647,1590.4464,29.687520000000003,11.801856,0.0,223.61034798442284
35.299999999999955,40.01188551,-104.9516743,1590.1416000000002,29.59608,11.935968,0.0,223.62516521943056
35.39999999999998,40.01187757,-104.9516841,1590.1416000000002,29.59608,12.07008,0.0,223.64680804622031
35.59999999999991,40.01186157,-104.9517039,1590.1416000000002,29.50464,12.204192,0.0,223.96375523074792
35.69999999999993,40.01185343,-104.9517139,1590.1416000000002,29.4132,12.2936,0.0,223.6746271560778
35.799999999999955,40.01184521,-104.951724,1589.8368,29.29128,12.51712,0.0,223.68811221749587
35.89999999999998,40.01183694,-104.9517342,1589.8368,29.29128,12.606528,-0.089408,223.70783311375007
36.0,40.01182862,-104.9517446,1589.8368,29.29128,12.695936,-0.089408,223.70783311375007
36.09999999999991,40.01182025,-104.9517549,1589.8368,29.29128,12.785344,-0.22352,223.72065430762396
36.19999999999993,40.01181175,-104.9517651,1589.8368,29.29128,12.830048,-0.22352,223.44420082607223
36.29999999999996,40.01180326,-104.9517755,1589.8368,29.19984,12.919455999999998,-0.22352,223.73322361226
36.39999999999998,40.01179473,-104.9517861,1589.8368,29.19984,13.008864,-0.22352,223.4594090970046
36.5,40.01178615,-104.9517966,1589.8368,29.19984,13.053568,-0.22352,223.4594090970046
36.59999999999991,40.01177741,-104.951807,1589.8368,29.19984,13.098272,-0.22352,223.3397176310172
36.69999999999993,40.01176874,-104.9518176,1589.8368,29.19984,13.18768,-0.22352,223.3397176310172
36.79999999999996,40.01176008,-104.9518282,1589.8368,29.19984,13.18768,-0.312928,223.0725041133281
36.89999999999998,40.01175132,-104.9518388,1589.8368,29.19984,13.277088,-0.312928,223.0725041133281
37.0,40.01174265,-104.9518495,1589.8368,29.29128,13.277088,-0.22352,222.8079302797756
37.29999999999996,40.01171581,-104.9518813,1589.8368,29.19984,13.4112,-0.22352,222.15786211634432
37.39999999999998,40.01170688,-104.9518918,1589.8368,29.19984,13.4112,-0.22352,222.15786211634432
37.5,40.01169779,-104.9519023,1589.8368,29.19984,13.4112,-0.312928,221.617659132012
37.59999999999991,40.01168875,-104.9519128,1589.8368,29.29128,13.500608,-0.312928,221.0780574936277
37.69999999999993,40.01167952,-104.9519232,1589.8368,29.29128,13.500608,-0.22352,220.82816659631493
37.79999999999996,40.01167017,-104.9519332,1589.8368,29.29128,13.500608,-0.22352,220.29214775562772
37.89999999999998,40.01166073,-104.9519434,1589.8368,29.29128,13.545312,-0.22352,219.48969425285128
38.09999999999991,40.01164154,-104.9519634,1589.8368,29.29128,13.63472,-0.312928,217.8915766942234
38.19999999999993,40.01163173,-104.9519731,1589.8368,29.29128,13.679424,-0.312928,216.7940594644375
38.29999999999996,40.01162185,-104.9519825,1589.8368,29.29128,13.63472,-0.312928,216.26401641552445
38.39999999999998,40.01161183,-104.9519918,1589.8368,29.29128,13.63472,-0.22352,215.20852143889655
38.5,40.01160171,-104.9520008,1589.8368,29.29128,13.63472,-0.22352,213.79529381632955
38.59999999999991,40.01159169,-104.9520096,1589.8368,29.29128,13.545312,-0.22352,213.26994101718077
38.69999999999993,40.01158138,-104.9520182,1589.8368,29.29128,13.500608,-0.22352,212.2671898687908
38.79999999999996,40.0115709,-104.9520265,1589.8368,29.29128,13.590016,-0.22352,211.1255171963378
38.89999999999998,40.01156037,-104.9520346,1589.8368,29.29128,13.590016,-0.22352,210.1202782479968
39.0,40.01154962,-104.9520424,1589.8368,29.29128,13.63472,-0.22352,209.27525427725257
39.09999999999991,40.01153891,-104.9520501,1589.8368,29.29128,13.63472,-0.22352,208.7774580204724
39.19999999999993,40.01152806,-104.9520577,1589.8368,29.29128,13.63472,-0.22352,207.92695283429123
39.29999999999996,40.01151721,-104.9520649,1589.8368,29.29128,13.63472,-0.22352,207.07584697124045
39.39999999999998,40.01150635,-104.952072,1589.8368,29.29128,13.545312,-0.089408,206.3107816354655
39.5,40.01149538,-104.9520789,1589.8368,29.29128,13.500608,-0.22352,205.4633450618716
39.59999999999991,40.0114842,-104.9520858,1589.8368,29.29128,13.63472,-0.22352,204.60188100537223
39.69999999999993,40.01147305,-104.9520923,1589.8368,29.29128,13.679424,-0.22352,204.09766582407065
40.0,40.01143926,-104.9521106,1589.8368,29.29128,13.545312,-0.312928,201.66115082034665
40.09999999999991,40.01142783,-104.9521164,1589.8368,29.29128,13.590016,-0.312928,201.1725786194296
40.29999999999996,40.01140459,-104.9521278,1589.8368,29.29128,13.768832,-0.22352,200.15984560648693
40.39999999999998,40.01139285,-104.952133,1589.8368,29.29128,13.813536,-0.089408,199.61613773624865
40.5,40.01138116,-104.9521383,1589.8368,29.29128,13.768832,-0.089408,198.7318154902467
40.59999999999991,40.01136945,-104.9521433,1589.8368,29.29128,13.724128,-0.22352,198.25756307538973
41.0,40.01132209,-104.9521619,1589.8368,29.19984,13.724128,-0.22352,195.7142622306383
41.19999999999993,40.01129806,-104.9521701,1589.8368,29.19984,13.768832,-0.22352,194.66782490370005
41.59999999999991,40.01124949,-104.9521856,1589.8368,29.19984,13.85824,-0.22352,192.8698499880104
41.69999999999993,40.01123726,-104.9521891,1589.8368,29.19984,13.902944,-0.22352,192.50871802571356
41.79999999999996,40.01122509,-104.9521924,1589.8368,29.108400000000003,13.85824,-0.22352,192.14657327768396
41.89999999999998,40.01121281,-104.9521957,1589.8368,29.108400000000003,13.85824,-0.22352,191.78344053275515
42.0,40.0112005,-104.952199,1589.8368,29.108400000000003,13.947648,-0.22352,190.8016182356907
42.09999999999991,40.01118817,-104.9522021,1589.8368,29.108400000000003,13.947648,-0.312928,190.43747535111817
42.19999999999993,40.01117599,-104.9522049,1589.8368,29.108400000000003,13.85824,-0.312928,190.07247783743887
42.39999999999998,40.01115123,-104.95221,1589.8368,29.108400000000003,13.85824,-0.22352,188.33901949395016
42.5,40.01113882,-104.9522123,1589.8368,29.108400000000003,13.947648,-0.22352,187.97327123257037
42.59999999999991,40.01112642,-104.9522144,1589.8368,29.108400000000003,13.902944,-0.22352,187.05609603790103
42.69999999999993,40.01111399,-104.9522163,1589.8368,29.108400000000003,13.902944,-0.312928,186.68817898247468
42.79999999999996,40.01110155,-104.9522182,1589.8368,29.108400000000003,13.902944,-0.312928,185.7660227682365
42.89999999999998,40.01108913,-104.9522198,1589.8368,29.108400000000003,13.902944,-0.312928,185.39629223989903
43.0,40.01107676,-104.9522211,1589.8368,29.108400000000003,13.85824,-0.312928,185.02611041569824
43.09999999999991,40.01106435,-104.9522224,1589.8368,29.108400000000003,13.813536,-0.22352,184.0988796916623
43.19999999999993,40.01105185,-104.9522235,1589.8368,29.108400000000003,13.902944,-0.22352,183.7273569639455
43.29999999999996,40.01103942,-104.9522245,1589.8368,29.19984,13.902944,-0.22352,183.35552009080868
43.5,40.01101447,-104.9522259,1589.8368,29.19984,13.85824,-0.22352,182.05206537040868
43.59999999999991,40.01100197,-104.9522264,1589.8368,29.19984,13.902944,-0.22352,181.6683374482933
43.69999999999993,40.01098951,-104.9522269,1589.8368,29.19984,13.902944,-0.312928,181.297740676739
43.79999999999996,40.01097705,-104.952227,1589.8368,29.19984,13.85824,-0.22352,180.92703526977215
44.0,40.01095213,-104.9522274,1589.8368,29.19984,13.85824,-0.312928,180.37084129082805
44.09999999999991,40.01093964,-104.9522274,1589.8368,29.29128,13.85824,-0.312928,180.0
44.19999999999993,40.01092716,-104.9522273,1589.8368,29.29128,13.85824,-0.22352,180.0
44.29999999999996,40.01091464,-104.9522271,1589.8368,29.29128,13.902944,-0.22352,179.62915870917195
44.39999999999998,40.0109022,-104.9522268,1589.8368,29.29128,13.85824,-0.22352,179.62915870917195
44.5,40.01088967,-104.9522265,1589.8368,29.29128,13.902944,-0.22352,179.0729647302278
44.59999999999991,40.01087713,-104.9522261,1589.8368,29.29128,13.947648,-0.22352,178.71060209593975
44.69999999999993,40.01086459,-104.9522256,1589.8368,29.29128,13.947648,-0.22352,178.71060209593975
44.79999999999996,40.01085197,-104.9522249,1589.8368,29.19984,13.992352,-0.22352,178.34238540489025
44.89999999999998,40.01083938,-104.9522242,1589.8368,29.19984,14.037056,-0.22352,177.9743056218773
45.0,40.01082691,-104.9522237,1589.8368,29.19984,13.947648,-0.22352,177.9743056218773
45.19999999999993,40.01080064,-104.9522219,1589.8368,29.29128,14.394688,-0.089408,177.60639303271523
45.5,40.01076475,-104.9522191,1589.8368,29.19984,13.85824,-0.22352,176.7086601881863
45.59999999999991,40.01075114,-104.9522179,1589.8368,29.19984,13.768832,-0.22352,176.7086601881863
45.69999999999993,40.01073851,-104.9522168,1589.8368,29.19984,14.618208,-0.22352,176.343898282626
45.79999999999996,40.0107258,-104.9522156,1589.8368,29.19984,14.126464,-0.22352,176.343898282626
45.89999999999998,40.01071317,-104.9522144,1589.8368,29.19984,14.126464,-0.22352,175.9794328963369
46.0,40.01070048,-104.9522131,1589.8368,29.19984,14.126464,-0.22352,175.9794328963369
46.09999999999991,40.01068783,-104.9522118,1589.8368,29.19984,14.126464,-0.22352,175.9794328963369
46.19999999999993,40.01067503,-104.9522104,1589.8368,29.19984,14.171168,-0.22352,175.43335439460134
46.29999999999996,40.01066238,-104.952209,1589.8368,29.19984,14.215872,-0.22352,175.43335439460134
46.39999999999998,40.01064977,-104.9522076,1589.8368,29.19984,14.08176,-0.22352,175.40411230813515
46.5,40.01063714,-104.9522062,1589.8368,29.19984,14.08176,-0.22352,175.40411230813515
46.59999999999991,40.01062452,-104.9522046,1589.8368,29.19984,14.08176,-0.22352,175.03820928980917
46.69999999999993,40.01061189,-104.9522031,1589.8368,29.19984,14.126464,-0.22352,175.03820928980917
46.79999999999996,40.01059937,-104.9522016,1589.8368,29.19984,14.037056,-0.22352,175.03820928980917
46.89999999999998,40.01058678,-104.9522001,1589.8368,29.19984,14.037056,-0.312928,175.03820928980917
47.0,40.0105741,-104.9521986,1589.8368,29.19984,14.126464,-0.22352,175.03820928980917
47.09999999999991,40.0105615,-104.952197,1589.8368,29.29128,14.126464,-0.22352,175.03820928980917
47.29999999999996,40.01053634,-104.9521939,1589.8368,29.29128,14.037056,-0.22352,174.67271155181334
47.39999999999998,40.01052478,-104.9521924,1589.8368,29.19984,13.679424,-0.22352,174.67271155181334
47.5,40.01051229,-104.9521907,1589.8368,29.29128,13.455904,-0.22352,174.67271155181334
47.59999999999991,40.01049862,-104.9521889,1589.8368,29.29128,14.618208,-0.312928,174.67271155181334
47.69999999999993,40.01048602,-104.9521872,1589.8368,29.29128,14.707616,-0.22352,174.30764811610663
47.79999999999996,40.0104734,-104.9521854,1589.8368,29.29128,14.08176,-0.22352,174.30764811610663
47.89999999999998,40.01046079,-104.9521836,1589.8368,29.29128,14.08176,-0.22352,174.30764811610663
48.0,40.01044821,-104.9521818,1589.8368,29.29128,14.08176,-0.089408,174.30764811610663
48.09999999999991,40.01043562,-104.9521801,1589.8368,29.29128,14.08176,-0.22352,174.30764811610663
48.19999999999993,40.01042302,-104.9521783,1589.8368,29.29128,14.08176,-0.22352,174.30764811610663
48.29999999999996,40.01041044,-104.9521765,1589.8368,29.29128,14.08176,-0.22352,174.30764811610663
48.59999999999991,40.01037281,-104.952171,1589.8368,29.29128,14.037056,-0.22352,174.30764811610663
48.69999999999993,40.01036024,-104.9521692,1589.8368,29.29128,14.037056,-0.22352,174.30764811610663
48.79999999999996,40.01034773,-104.9521674,1589.8368,29.29128,14.037056,-0.22352,174.30764811610663
48.89999999999998,40.01033516,-104.9521656,1589.8368,29.29128,14.037056,-0.22352,174.30764811610663
49.0,40.01032263,-104.952164,1589.8368,29.29128,14.037056,-0.089408,174.30764811610663
49.09999999999991,40.01031008,-104.9521622,1589.8368,29.29128,14.037056,-0.089408,174.27104871525512
49.19999999999993,40.01029772,-104.9521604,1589.8368,29.29128,13.947648,-0.089408,174.27104871525512
49.29999999999996,40.0102852,-104.9521586,1589.8368,29.29128,13.902944,-0.089408,174.27104871525512
49.39999999999998,40.01027266,-104.9521568,1589.8368,29.29128,13.992352,-0.089408,174.27104871525512
49.5,40.01026014,-104.952155,1589.8368,29.29128,14.037056,-0.22352,174.27104871525512
49.59999999999991,40.0102477,-104.9521533,1589.8368,29.29128,13.947648,-0.22352,174.27104871525512
49.69999999999993,40.0102352,-104.9521515,1589.8368,29.29128,13.947648,-0.22352,174.27104871525512
49.79999999999996,40.01022259,-104.9521498,1589.8368,29.29128,14.037056,-0.22352,174.27104871525512
49.89999999999998,40.0102101,-104.952148,1589.8368,29.29128,14.037056,-0.22352,174.27104871525512
50.0,40.01019767,-104.9521462,1589.8368,29.19984,13.947648,-0.22352,174.27104871525512
50.09999999999991,40.0101852,-104.9521444,1589.8368,29.19984,13.902944,-0.22352,174.27104871525512
50.19999999999993,40.01017274,-104.9521427,1589.8368,29.19984,13.947648,-0.22352,174.27104871525512
50.39999999999998,40.0101479,-104.9521391,1589.8368,29.29128,13.902944,-0.22352,174.27104871525512
50.59999999999991,40.01012301,-104.9521355,1589.8368,29.19984,13.902944,-0.089408,174.27104871525512
50.69999999999993,40.01011058,-104.9521337,1589.8368,29.29128,13.902944,-0.22352,174.27104871525512
50.79999999999996,40.01009798,-104.952132,1589.8368,29.29128,13.992352,-0.22352,174.27104871525512
50.89999999999998,40.01008553,-104.9521303,1589.8368,29.29128,13.992352,-0.22352,174.27104871525512
51.0,40.01007308,-104.9521285,1589.8368,29.19984,13.902944,-0.22352,174.27104871525512
51.09999999999991,40.01006063,-104.9521267,1589.8368,29.29128,13.902944,-0.22352,174.27104871525512
51.39999999999998,40.01002329,-104.9521214,1589.8368,29.29128,13.902944,-0.22352,174.27104871525512
51.5,40.01001083,-104.9521196,1589.8368,29.29128,13.947648,-0.22352,174.27104871525512
51.59999999999991,40.0099985,-104.9521177,1589.8368,29.29128,13.85824,-0.22352,174.27104871525512
51.79999999999996,40.00997357,-104.9521141,1589.8368,29.29128,13.902944,-0.22352,174.27104871525512
52.0,40.00994863,-104.9521106,1589.8368,29.29128,13.947648,-0.22352,173.72086945247918
52.09999999999991,40.00993615,-104.9521088,1589.8368,29.29128,13.947648,-0.22352,173.72086945247918
52.19999999999993,40.00992366,-104.9521069,1589.8368,29.29128,13.992352,-0.312928,173.76093024495242
52.29999999999996,40.00991114,-104.9521051,1589.8368,29.29128,13.992352,-0.22352,173.76093024495242
52.59999999999991,40.00987354,-104.9520997,1589.8368,29.19984,14.037056,-0.22352,174.30764811610663
52.69999999999993,40.009861,-104.9520979,1589.8368,29.19984,14.037056,-0.22352,174.30764811610663
52.79999999999996,40.00984841,-104.9520963,1589.8368,29.19984,14.037056,-0.22352,174.30764811610663
52.89999999999998,40.00983587,-104.9520945,1589.8368,29.19984,14.037056,-0.22352,174.30764811610663
53.0,40.0098233,-104.9520927,1589.8368,29.19984,14.037056,-0.22352,174.30764811610663
53.09999999999991,40.00981077,-104.952091,1589.8368,29.19984,14.037056,-0.22352,174.30764811610663
53.19999999999993,40.00979836,-104.9520894,1589.8368,29.19984,13.947648,-0.22352,174.30764811610663
53.29999999999996,40.00978583,-104.9520877,1589.8368,29.19984,13.902944,-0.312928,174.67271155181334
53.39999999999998,40.009774,-104.9520863,1589.8368,29.19984,13.590016,-0.22352,174.67271155181334
53.5,40.00976154,-104.9520847,1589.8368,29.19984,13.590016,-0.22352,174.67271155181334
53.69999999999993,40.00973637,-104.9520815,1589.8368,29.19984,14.037056,-0.312928,175.03820928980917
53.79999999999996,40.0097237,-104.9520798,1589.8368,29.19984,14.08176,-0.312928,175.03820928980917
53.89999999999998,40.00971122,-104.9520783,1589.8368,29.19984,14.037056,-0.22352,175.03820928980917
54.0,40.00969843,-104.9520769,1589.8368,29.19984,14.08176,-0.22352,175.03820928980917
54.09999999999991,40.00968592,-104.9520755,1589.8368,29.19984,14.126464,-0.22352,175.40411230813515
54.19999999999993,40.00967343,-104.952074,1589.8368,29.19984,13.947648,-0.22352,175.40411230813515
54.29999999999996,40.00966091,-104.9520727,1589.8368,29.19984,13.947648,-0.22352,175.40411230813515
54.39999999999998,40.00964826,-104.9520714,1589.8368,29.19984,14.037056,-0.312928,175.95366277021049
54.5,40.00963575,-104.9520701,1589.8368,29.19984,14.037056,-0.22352,175.95366277021049
54.59999999999991,40.00962227,-104.9520686,1589.8368,29.19984,14.484096,-0.22352,175.95366277021049
54.69999999999993,40.00960968,-104.9520674,1589.8368,29.19984,14.5288,-0.22352,176.32045076154952
54.79999999999996,40.00959712,-104.9520663,1589.8368,29.29128,14.037056,-0.22352,176.2967009708858
55.0,40.00957235,-104.9520642,1589.8368,29.29128,13.85824,0.0,176.64447990919132
55.19999999999993,40.00954841,-104.9520624,1589.8368,29.29128,13.545312,-0.089408,176.66614933846336
55.29999999999996,40.009536,-104.9520614,1590.1416000000002,29.4132,13.500608,-0.22352,177.03587545295625
55.39999999999998,40.00952338,-104.9520603,1590.1416000000002,29.4132,13.947648,-0.22352,177.03587545295625
55.5,40.00951092,-104.9520594,1590.1416000000002,29.4132,13.947648,-0.22352,177.03587545295625
55.69999999999993,40.00948491,-104.9520577,1590.1416000000002,29.4132,14.260576,-0.089408,177.60639303271523
55.79999999999996,40.00947346,-104.952057,1590.1416000000002,29.4132,13.902944,-0.089408,177.60639303271523
55.89999999999998,40.00946098,-104.9520562,1590.1416000000002,29.50464,13.321792,-0.22352,177.60639303271523
56.0,40.00944839,-104.9520555,1590.1416000000002,29.50464,13.947648,-0.22352,177.60639303271523
56.09999999999991,40.00943589,-104.9520547,1590.1416000000002,29.50464,13.947648,-0.089408,177.9743056218773
56.19999999999993,40.00942321,-104.9520539,1590.1416000000002,29.50464,14.037056,-0.089408,177.9743056218773
56.29999999999996,40.00941069,-104.9520532,1590.1416000000002,29.50464,14.037056,-0.089408,177.9743056218773
56.39999999999998,40.00939714,-104.9520524,1590.1416000000002,29.50464,14.484096,-0.089408,177.9743056218773
56.5,40.00938451,-104.9520518,1590.1416000000002,29.50464,14.573504,-0.089408,177.9743056218773
56.59999999999991,40.00937215,-104.952051,1590.1416000000002,29.50464,13.902944,-0.089408,177.9743056218773
56.69999999999993,40.0093595,-104.9520504,1590.1416000000002,29.50464,13.902944,-0.089408,177.98723867539331
56.79999999999996,40.00934699,-104.9520498,1590.1416000000002,29.50464,13.992352,-0.089408,178.3529713387412
56.89999999999998,40.00933432,-104.9520492,1590.1416000000002,29.50464,13.992352,-0.089408,178.3529713387412
57.0,40.00932173,-104.9520486,1590.1416000000002,29.4132,14.037056,-0.22352,178.34238540489025
57.09999999999991,40.00930929,-104.952048,1590.1416000000002,29.50464,13.947648,-0.491744,178.30423868281923
57.19999999999993,40.00929725,-104.9520476,1590.1416000000002,29.50464,13.63472,-0.491744,178.6314191930469
57.29999999999996,40.00928563,-104.9520471,1590.1416000000002,29.50464,13.142976,-0.312928,178.5780563415576
57.39999999999998,40.00927427,-104.9520469,1590.1416000000002,29.50464,12.785344,-0.22352,178.9430022232151
57.5,40.00926355,-104.9520466,1590.1416000000002,29.50464,12.2936,-0.089408,178.8982938847937
57.59999999999991,40.0092531,-104.9520462,1590.1416000000002,29.50464,11.801856,-0.089408,178.84499963195526
57.69999999999993,40.00924334,-104.952046,1590.1416000000002,29.50464,11.220704,-0.089408,179.51238811707503
57.79999999999996,40.0092337,-104.9520457,1590.1416000000002,29.50464,10.773664,-0.089408,179.48844413341294
57.89999999999998,40.00922484,-104.9520456,1590.1416000000002,29.50464,10.28192,-0.089408,180.0
58.0,40.00921625,-104.9520453,1590.1416000000002,29.50464,9.700768,0.0,180.0
58.09999999999991,40.00920794,-104.9520452,1590.1416000000002,29.50464,9.38784,0.0,180.0
58.19999999999993,40.00919954,-104.9520448,1590.1416000000002,29.50464,9.298432,0.0,180.0
58.29999999999996,40.00919162,-104.9520448,1590.1416000000002,29.50464,9.074912,0.0,180.0
58.39999999999998,40.00918404,-104.9520445,1590.1416000000002,29.50464,8.627872,-0.089408,180.0
58.5,40.00917651,-104.9520445,1590.1416000000002,29.50464,8.404352,-0.089408,180.0
58.59999999999991,40.0091691,-104.9520442,1590.1416000000002,29.50464,8.314944,-0.089408,180.0
58.69999999999993,40.00916188,-104.9520442,1590.1416000000002,29.59608,8.136128,-0.089408,180.0
58.79999999999996,40.00915494,-104.9520443,1590.1416000000002,29.50464,7.867904,-0.089408,180.0
58.89999999999998,40.00914804,-104.9520443,1590.1416000000002,29.59608,7.689088,-0.089408,180.68206039317263
59.0,40.00914142,-104.9520443,1590.1416000000002,29.59608,7.510272,-0.089408,180.69027719786507
59.09999999999991,40.00913483,-104.9520445,1590.1416000000002,29.59608,7.331455999999999,0.0,180.71171220603568
59.19999999999993,40.00912845,-104.9520446,1590.1416000000002,29.59608,7.197344,0.0,180.7206636225177
59.29999999999996,40.00912203,-104.9520448,1590.1416000000002,29.59608,7.1079360000000005,0.0,180.7206636225177
59.39999999999998,40.00911578,-104.9520448,1590.1416000000002,29.59608,7.018528,0.0,181.77880031567383
59.5,40.0091092,-104.9520451,1590.1416000000002,29.59608,7.1079360000000005,-0.22352,181.7569883099082
59.59999999999991,40.00910253,-104.9520454,1590.4464,29.687520000000003,7.331455999999999,-0.581152,182.3579059707169
59.69999999999993,40.0090955,-104.9520458,1590.4464,29.687520000000003,7.644384,-0.983488,182.2647545482234
59.79999999999996,40.0090885,-104.9520462,1590.4464,29.90088,7.8232,-1.385824,182.8466169158161
59.89999999999998,40.009081,-104.9520466,1590.7512000000002,30.11424,8.091424,-1.922272,182.74079059418256
60.0,40.0090734,-104.9520471,1591.056,30.297120000000003,8.404352,-2.414016,182.64254529406472
60.09999999999991,40.00906541,-104.9520475,1591.3608000000002,30.601920000000003,8.672576,-2.90576,182.5895018472409
60.19999999999993,40.00905746,-104.9520482,1591.6656,30.906720000000004,8.851392,-3.308096,182.52611691161957
60.29999999999996,40.00904911,-104.9520488,1591.9704000000002,31.211520000000004,9.074912,-3.486912,183.02724518228
60.39999999999998,40.00904081,-104.9520497,1592.2752,31.607760000000003,9.298432,-3.621024,182.95631065750365
60.5,40.00903216,-104.9520504,1592.5800000000002,32.09544,9.432544,-3.710432,182.90191046888364
60.59999999999991,40.00902355,-104.952051,1592.8848,32.400240000000004,9.61136,-3.79984,182.87545368398523
60.69999999999993,40.00901462,-104.9520517,1593.4944,32.88792,9.790176,-3.79984,182.8113735945265
60.79999999999996,40.0090058,-104.9520525,1593.7992000000002,33.314640000000004,9.879584,-3.79984,182.78653356949323
60.89999999999998,40.00899663,-104.9520532,1594.4088000000002,33.71088,10.013696,-3.710432,183.26333131823537
61.0,40.00898729,-104.9520543,1594.7136,34.10712,10.326624,-3.621024,183.23501505778452
61.19999999999993,40.00896824,-104.952056,1595.3232,34.68624,10.550144,-3.218688,183.8622090538652
61.39999999999998,40.00894938,-104.9520578,1595.9328,35.38728,10.550144,-2.90576,184.21909534924845
61.59999999999991,40.00892868,-104.9520599,1596.5424,35.99688,11.041888,-2.995168,184.5557753287536
61.69999999999993,40.00891853,-104.952061,1596.8472000000002,36.30168,11.488928,-3.084576,184.51991111453515
61.79999999999996,40.00890805,-104.9520627,1597.152,36.60648,11.533632,-3.084576,184.93095530197297
61.89999999999998,40.00889767,-104.952064,1597.4568000000002,36.91128,11.667744,-3.084576,185.55603842312505
62.09999999999991,40.00887644,-104.9520668,1598.0664000000002,37.39896,11.757152,-2.995168,185.83949231151743
62.19999999999993,40.00886585,-104.9520683,1598.3712,37.61232,11.84656,-3.084576,186.2219587740025
62.29999999999996,40.0088551,-104.95207,1598.6760000000002,38.00856,11.935968,-3.084576,186.6473414360392
62.39999999999998,40.00884405,-104.9520717,1598.9808,38.19144,12.204192,-3.084576,187.2302426392516
62.5,40.00883313,-104.9520736,1598.9808,38.49624,12.2936,-3.084576,187.15103622881745
62.59999999999991,40.0088221,-104.9520753,1599.2856000000002,38.80104,12.2936,-3.084576,187.51214410305275
62.69999999999993,40.00881105,-104.9520774,1599.5904,39.10584000000001,12.383008,-3.084576,187.92432055217
62.79999999999996,40.0087999,-104.9520794,1599.8952000000002,39.41064000000001,12.472416,-3.084576,188.2758928270752
62.89999999999998,40.00878875,-104.9520816,1600.2,39.68496,12.51712,-2.995168,188.2758928270752
63.0,40.00877758,-104.9520837,1600.5048000000002,39.98976,12.561824,-2.995168,188.82386194304047
63.09999999999991,40.00876632,-104.9520861,1600.8096,40.29456,12.606528,-2.995168,189.13017648227867
63.19999999999993,40.00875477,-104.9520885,1601.1144000000002,40.59936,12.830048,-3.084576,189.46232220802565
63.29999999999996,40.00874337,-104.952091,1601.4192,40.90416,12.919455999999998,-3.084576,189.85723229790548
63.59999999999991,40.00870898,-104.9520993,1602.6384,41.91,12.919455999999998,-3.084576,190.7657555447429
63.69999999999993,40.00869748,-104.9521023,1602.9432000000002,42.2148,12.96416,-3.084576,190.7657555447429
63.79999999999996,40.00868596,-104.9521051,1602.9432000000002,42.39768,13.053568,-3.084576,191.1546597389283
63.89999999999998,40.00867441,-104.9521081,1603.248,42.70248,13.053568,-3.084576,191.07859141821808
64.09999999999991,40.00865107,-104.9521152,1604.1624000000002,43.40352000000001,13.232384,-3.084576,192.42270453504528
64.19999999999993,40.00863957,-104.9521185,1604.4672,43.70832,13.232384,-3.084576,192.42270453504528
64.29999999999995,40.00862794,-104.952122,1604.7720000000002,44.10456,13.18768,-3.084576,192.6756658483959
64.39999999999998,40.00861624,-104.9521255,1605.0768,44.40936,13.321792,-3.218688,193.052520541292
64.5,40.00860457,-104.9521291,1605.3816000000002,44.71416,13.321792,-3.218688,193.052520541292
64.59999999999991,40.00859282,-104.9521328,1605.6864,45.110400000000006,13.4112,-3.084576,193.4282294482227
64.69999999999993,40.00858112,-104.9521366,1605.9912000000002,45.415200000000006,13.4112,-2.995168,193.9895856773336
64.79999999999995,40.00856947,-104.9521402,1606.296,45.59808,13.366496,-2.995168,193.9895856773336
64.89999999999998,40.00855773,-104.9521441,1606.6008000000002,45.90288,13.4112,-2.995168,194.2676468119732
65.0,40.0085461,-104.9521483,1606.9056,46.29912,13.455904,-2.90576,194.6369030215085
65.09999999999991,40.00853439,-104.9521524,1607.2104000000002,46.60392,13.455904,-2.68224,194.73380371895087
65.19999999999993,40.0085227,-104.9521562,1607.5152,46.7868,13.4112,-2.503424,195.10403144247195
65.29999999999995,40.00851099,-104.9521603,1607.8200000000002,47.0916,13.455904,-2.414016,195.6569527657957
65.39999999999998,40.00849918,-104.9521644,1607.8200000000002,47.30496,13.545312,-2.414016,195.6569527657957
65.5,40.00848747,-104.9521688,1608.1248,47.487840000000006,13.545312,-2.414016,196.3895403340348
65.59999999999991,40.00847594,-104.9521731,1608.4296000000002,47.792640000000006,13.455904,-2.279904,196.75379430908197
65.69999999999993,40.0084643,-104.9521778,1608.7344,48.006,13.455904,-2.279904,197.4680232512777
65.79999999999995,40.00845254,-104.9521824,1608.7344,48.18888,13.590016,-2.190496,197.83185762854148
65.89999999999998,40.00844097,-104.9521874,1609.0392000000002,48.402240000000006,13.590016,-2.01168,198.3138162771536
66.0,40.0084295,-104.9521924,1609.344,48.58512,13.500608,-2.01168,198.6767017321901
66.09999999999991,40.00841801,-104.9521976,1609.344,48.79848,13.500608,-1.922272,199.57710580953085
66.19999999999993,40.00840653,-104.9522032,1609.6488000000002,49.01184000000001,13.590016,-1.922272,200.42233302472343
66.29999999999995,40.00839512,-104.9522088,1609.9536,49.19472,13.590016,-2.01168,201.30931059717255
66.39999999999998,40.00838363,-104.9522148,1609.9536,49.40808,13.679424,-2.101088,202.153344737778
66.5,40.00837231,-104.9522209,1610.2584000000002,49.59096,13.679424,-2.279904,203.24849971662852
66.59999999999991,40.00836119,-104.9522271,1610.5632,49.80432,13.545312,-2.503424,203.9432944092952
66.69999999999993,40.00835004,-104.9522337,1610.8680000000002,50.10912,13.545312,-2.592832,204.9598373532505
66.79999999999995,40.00833879,-104.9522404,1611.1728,50.413920000000005,13.679424,-2.68224,205.4633450618716
66.89999999999998,40.00832783,-104.9522474,1611.4776000000002,50.68824000000001,13.679424,-2.90576,207.07584697124045
67.0,40.00831701,-104.9522546,1611.4776000000002,50.9016,13.545312,-3.084576,207.92695283429123
67.09999999999991,40.00830631,-104.9522622,1611.7824,51.29784000000001,13.545312,-3.486912,209.4614749709679
67.19999999999993,40.00829564,-104.9522702,1612.392,51.69408,13.590016,-3.710432,210.3112132266816
67.29999999999995,40.00828521,-104.9522784,1612.6968000000002,52.090320000000006,13.590016,-3.79984,211.6200368729387
67.39999999999998,40.00827489,-104.9522867,1613.0016,52.395120000000006,13.500608,-3.79984,212.47119229084848
67.5,40.00826474,-104.9522953,1613.3064000000002,52.79136,13.455904,-3.79984,213.3152406708388
67.79999999999995,40.00823586,-104.9523217,1614.5256000000002,54.01056,13.142976,-3.710432,216.52312177553893
67.89999999999998,40.00822638,-104.9523311,1615.1352000000002,54.4068,13.098272,-3.710432,217.60392344028733
68.0,40.00821681,-104.9523407,1615.44,54.7116,13.321792,-3.621024,218.96231747857712
68.39999999999998,40.00818087,-104.9523816,1616.9640000000002,56.20512000000001,13.277088,-3.621024,223.0538048829692
68.59999999999991,40.00816342,-104.9524036,1617.5736000000002,56.90616,13.321792,-3.621024,225.70384394822136
68.79999999999995,40.00814785,-104.9524255,1618.1832000000002,57.607200000000006,13.098272,-3.79984,227.89126959622052
68.89999999999998,40.00814036,-104.9524365,1618.488,58.003440000000005,12.651232,-3.79984,228.97046006044332
69.0,40.00813342,-104.9524476,1618.7928000000002,58.308240000000005,12.383008,-3.79984,229.92454970011897
69.09999999999991,40.00812646,-104.9524587,1619.4024000000002,58.70448,12.204192,-3.79984,231.07245640720768
69.19999999999993,40.00811977,-104.9524697,1619.7072,59.10072,12.114784,-3.889248,232.2587508364776
69.29999999999995,40.00811333,-104.9524807,1620.0120000000002,59.40552,11.891264,-3.889248,233.4843221349704
69.39999999999998,40.0081073,-104.9524917,1620.3168,59.80176,11.62304,-3.889248,233.93956500315156
69.5,40.00810138,-104.9525025,1620.9264,60.198,11.444224,-3.79984,235.2325945782964
69.69999999999993,40.00809028,-104.9525239,1621.536,60.8076,11.086592,-3.218688,236.30993247402023
69.79999999999995,40.008085,-104.9525347,1621.8408000000002,61.1124,10.95248,-2.90576,237.10657795151184
70.0,40.00807483,-104.9525555,1622.1456,61.60008,10.639552,-2.101088,238.4412048370986
70.09999999999991,40.00807008,-104.9525659,1622.4504000000002,61.69152,10.416032,-1.6987519999999998,239.9428832135084
70.19999999999993,40.00806547,-104.9525763,1622.4504000000002,61.90488,10.237215999999998,-1.296416,240.57254359681025
70.29999999999995,40.00806109,-104.9525865,1622.4504000000002,61.90488,10.0584,-0.89408,241.326853510565
70.39999999999998,40.0080571,-104.9525957,1622.7552,61.99632,9.477248,-0.491744,242.25375990959537
70.5,40.00805307,-104.9526056,1622.7552,61.99632,9.298432,-0.089408,243.1942116702002
70.59999999999991,40.00804882,-104.9526164,1622.7552,61.99632,9.968992,0.0,243.9246444160512
70.69999999999993,40.00804513,-104.9526262,1622.4504000000002,61.90488,9.83488,0.089408,244.93253656193951
70.79999999999995,40.00804136,-104.9526358,1622.4504000000002,61.81344000000001,9.253728,0.089408,245.365536264089
70.89999999999998,40.00803799,-104.9526453,1622.4504000000002,61.69152,9.030208,0.089408,245.6525839311136
71.0,40.00803471,-104.9526547,1622.4504000000002,61.69152,8.896096,0.0,246.76235306464855
71.09999999999991,40.0080316,-104.9526639,1622.4504000000002,61.69152,8.71728,0.0,247.07858110209128
71.19999999999993,40.00802869,-104.9526727,1622.4504000000002,61.69152,8.359648,0.0,248.14117993214728
71.29999999999995,40.00802581,-104.9526816,1622.4504000000002,61.69152,8.225536,-0.089408,248.2574157286187
71.39999999999998,40.00802314,-104.9526905,1622.4504000000002,61.81344000000001,8.180832,-0.491744,248.61636483523824
71.5,40.00802052,-104.9526991,1622.4504000000002,61.90488,8.002016,-0.983488,249.79143166293744
71.59999999999991,40.00801798,-104.9527076,1622.7552,61.99632,7.867904,-1.385824,250.18852285845296
71.69999999999993,40.00801557,-104.9527161,1622.7552,62.08776,7.733792,-1.922272,250.59767216178187
71.79999999999995,40.00801336,-104.9527243,1623.0600000000002,62.30112,7.554975999999999,-2.279904,251.24134965215777
71.89999999999998,40.00801111,-104.9527326,1623.3648,62.605920000000005,7.465567999999999,-2.90576,251.01939358366224
72.09999999999991,40.00800697,-104.9527488,1623.9744,63.30696,7.331455999999999,-3.621024,253.02808308565236
72.19999999999993,40.00800488,-104.9527569,1624.2792000000002,63.7032,7.286752,-3.79984,253.5084736940861
72.29999999999995,40.00800308,-104.952765,1624.584,64.09944,7.197344,-4.02336,254.20407101092607
72.39999999999998,40.00800159,-104.9527729,1625.1936,64.49568000000001,7.063232,-4.02336,255.25643716352928
72.5,40.00800006,-104.9527809,1625.4984000000002,64.89192,6.973824,-4.02336,256.50426671920417
72.59999999999991,40.00799865,-104.9527888,1625.8032,65.28816,6.973824,-4.02336,257.06194368281353
72.69999999999993,40.00799734,-104.9527967,1626.1080000000002,65.59296,6.884416,-4.02336,258.169886673832
72.79999999999995,40.00799618,-104.9528045,1626.7176000000002,65.9892,6.795007999999999,-4.02336,258.69006752597977
72.89999999999998,40.00799511,-104.9528122,1627.0224,66.38544,6.7056,-3.889248,260.2175929681927
73.0,40.00799423,-104.9528198,1627.3272000000002,66.81216,6.571488,-3.889248,261.2538377374448
73.09999999999991,40.00799341,-104.9528273,1627.9368000000002,67.2084,6.526784,-3.889248,261.9267951241748
73.19999999999993,40.00799278,-104.952835,1628.2416,67.5132,6.526784,-3.889248,262.7249950421107
73.39999999999998,40.00799146,-104.9528498,1628.8512,68.30568,6.437376,-3.889248,264.6569442414248
73.59999999999991,40.00799063,-104.9528645,1629.7656000000002,69.00672,6.303264,-3.889248,266.241444314528
73.69999999999993,40.00799035,-104.9528717,1630.0704,69.40296,6.25856,-3.889248,267.07502205084364
73.79999999999995,40.00799044,-104.9528788,1630.3752000000002,69.7992,6.124447999999999,-3.79984,267.8630891462428
73.89999999999998,40.00799033,-104.9528859,1630.68,70.104,6.079744,-3.79984,269.14490260373327
74.0,40.00799015,-104.952893,1630.9848000000002,70.50024,6.03504,-3.486912,269.13194855025444
74.19999999999993,40.00799017,-104.952907,1631.5944000000002,70.98792,5.990336,-2.816352,270.0
74.29999999999995,40.00799023,-104.9529138,1631.8992,71.29272,5.900928,-2.414016,270.0
74.39999999999998,40.00799017,-104.9529206,1632.2040000000002,71.50608,5.766816,-2.01168,270.0
74.5,40.00799029,-104.9529272,1632.2040000000002,71.59752,5.677408,-1.519936,270.93155659807746
74.59999999999991,40.00799053,-104.9529338,1632.5088,71.81088,5.632704,-1.1176,270.93155659807746
74.69999999999993,40.00799073,-104.9529402,1632.5088,71.81088,5.588,-0.581152,272.3662479914558
75.19999999999993,40.00799196,-104.9529704,1632.2040000000002,71.68896,5.230368,0.089408,274.67741785888177
75.29999999999995,40.00799231,-104.9529762,1632.2040000000002,71.59752,5.096256,0.089408,274.80795396303046
75.39999999999998,40.00799244,-104.952982,1632.2040000000002,71.59752,4.91744,0.0,274.80795396303046
75.5,40.00799282,-104.9529876,1632.2040000000002,71.59752,4.828032,0.0,274.8990924537878
75.59999999999991,40.00799318,-104.952993,1632.2040000000002,71.59752,4.69392,0.0,276.09586154459583
75.69999999999993,40.00799361,-104.9529983,1632.2040000000002,71.50608,4.604512000000001,0.0,276.21563589970265
75.79999999999995,40.00799419,-104.9530036,1632.2040000000002,71.50608,4.559807999999999,0.0,276.21563589970265
75.89999999999998,40.00799468,-104.9530088,1632.2040000000002,71.50608,4.515104,0.0,276.40435272638416
76.0,40.00799528,-104.9530141,1632.2040000000002,71.50608,4.515104,-0.089408,277.55634405643946
76.09999999999991,40.00799583,-104.9530192,1632.2040000000002,71.50608,4.4704,-0.089408,277.71189241265887
76.19999999999993,40.00799641,-104.9530238,1632.2040000000002,71.50608,4.202176,-0.089408,277.8739381317256
76.29999999999995,40.007997,-104.9530287,1632.2040000000002,71.50608,4.068064,-0.089408,277.8739381317256
76.39999999999998,40.00799769,-104.9530341,1632.2040000000002,71.50608,4.4704,-0.089408,279.86580694308435
76.5,40.00799833,-104.953039,1632.2040000000002,71.50608,4.425696,-0.089408,279.86580694308435
76.59999999999991,40.00799889,-104.9530438,1631.8992,71.41464,4.157472,-0.089408,279.86580694308435
76.69999999999993,40.00799955,-104.9530486,1631.8992,71.41464,4.157472,-0.089408,280.0805979875423
76.79999999999995,40.00800018,-104.9530534,1631.8992,71.41464,4.157472,-0.089408,280.0805979875423
76.89999999999998,40.00800087,-104.9530581,1631.8992,71.41464,4.157472,-0.089408,281.6893691754392
77.0,40.00800167,-104.9530624,1631.8992,71.41464,3.933952,-0.089408,281.6893691754392
77.09999999999991,40.00800241,-104.953067,1631.8992,71.41464,3.889248,-0.089408,281.6893691754392
77.19999999999993,40.00800319,-104.9530715,1631.8992,71.41464,3.978656,-0.089408,281.9565842431491
77.29999999999995,40.00800395,-104.9530761,1631.8992,71.41464,3.978656,-0.089408,281.9565842431491
77.39999999999998,40.00800465,-104.9530807,1631.8992,71.29272,3.978656,-0.089408,281.9565842431491
77.5,40.00800542,-104.9530851,1631.8992,71.29272,3.933952,-0.22352,281.9565842431491
77.59999999999991,40.00800607,-104.9530897,1631.8992,71.29272,3.933952,-0.22352,281.9565842431491
77.69999999999993,40.00800686,-104.9530941,1631.8992,71.29272,3.889248,-0.22352,283.5479389880005
77.79999999999995,40.00800783,-104.9530989,1631.8992,71.29272,4.02336,-0.22352,283.5479389880005
77.89999999999998,40.00800866,-104.9531032,1631.8992,71.29272,4.02336,-0.22352,283.5479389880005
78.0,40.00800951,-104.9531075,1631.8992,71.29272,3.79984,-0.22352,283.869686438505
78.09999999999991,40.00801036,-104.9531119,1631.8992,71.29272,3.79984,-0.22352,283.869686438505
78.19999999999993,40.00801123,-104.9531159,1631.8992,71.29272,3.621024,-0.22352,283.869686438505
78.29999999999995,40.00801209,-104.9531201,1631.8992,71.29272,3.665728,-0.22352,283.869686438505
78.39999999999998,40.00801284,-104.9531245,1631.8992,71.29272,3.755136,-0.22352,283.869686438505
78.5,40.00801369,-104.9531287,1631.8992,71.41464,3.755136,-0.22352,283.869686438505
78.59999999999991,40.00801463,-104.9531333,1631.8992,71.41464,3.844544,-0.22352,284.3813945910906
78.69999999999993,40.00801551,-104.9531375,1631.8992,71.41464,3.933952,-0.22352,284.3813945910906
78.79999999999995,40.00801652,-104.9531416,1631.8992,71.41464,3.755136,-0.22352,285.751173663453
78.89999999999998,40.00801743,-104.9531458,1631.8992,71.41464,3.665728,-0.22352,285.751173663453
79.0,40.00801852,-104.9531499,1631.8992,71.41464,3.665728,-0.22352,285.751173663453
79.09999999999991,40.00801946,-104.953154,1631.8992,71.41464,3.665728,-0.22352,285.751173663453
79.19999999999993,40.00802041,-104.9531579,1632.2040000000002,71.50608,3.531616,-0.22352,285.751173663453
79.29999999999995,40.00802135,-104.953162,1632.2040000000002,71.50608,3.531616,-0.22352,286.1443387802835
79.39999999999998,40.00802241,-104.9531663,1632.2040000000002,71.50608,3.755136,-0.22352,286.1443387802835
79.5,40.00802337,-104.9531704,1632.2040000000002,71.50608,3.755136,-0.22352,286.1443387802835
80.0,40.00802826,-104.9531906,1632.2040000000002,71.59752,3.621024,-0.089408,286.1443387802835
80.09999999999991,40.00802924,-104.9531947,1632.2040000000002,71.59752,3.621024,-0.089408,286.1443387802835
80.19999999999993,40.00803031,-104.9531987,1632.2040000000002,71.59752,3.621024,-0.089408,286.1443387802835
80.29999999999995,40.0080313,-104.9532027,1632.2040000000002,71.59752,3.621024,-0.089408,286.55707137563667
80.39999999999998,40.00803204,-104.9532067,1632.2040000000002,71.59752,3.531616,-0.089408,286.55707137563667
80.5,40.00803301,-104.9532107,1632.2040000000002,71.59752,3.531616,-0.089408,286.55707137563667
80.69999999999993,40.00803506,-104.9532184,1632.2040000000002,71.59752,3.486912,-0.089408,286.55707137563667
80.79999999999995,40.00803598,-104.9532224,1632.2040000000002,71.59752,3.486912,0.0,286.55707137563667
81.29999999999995,40.00804084,-104.953242,1632.2040000000002,71.68896,3.531616,0.0,288.6669142742202
81.39999999999998,40.00804173,-104.9532457,1632.2040000000002,71.68896,3.486912,0.0,289.1481374579396
81.69999999999993,40.00804474,-104.9532574,1632.2040000000002,71.68896,3.442208,0.0,286.99082329198615
81.79999999999995,40.00804568,-104.9532611,1632.2040000000002,71.68896,3.442208,0.0,286.99082329198615
81.89999999999998,40.00804663,-104.9532649,1632.2040000000002,71.68896,3.3528,0.0,287.68439202655776
82.0,40.00804744,-104.9532687,1632.2040000000002,71.59752,3.3528,0.089408,287.68439202655776
82.19999999999993,40.00804906,-104.9532759,1632.2040000000002,71.50608,3.263392,0.715264,286.620756913892
82.29999999999995,40.00804992,-104.9532795,1631.8992,71.41464,3.173984,1.1176,286.620756913892
82.39999999999998,40.00805085,-104.9532829,1631.8992,71.29272,3.12928,1.385824,287.10272896905235
82.5,40.00805172,-104.9532862,1631.5944000000002,71.10984,2.995168,1.207008,288.434948822922
82.59999999999991,40.00805236,-104.9532892,1631.5944000000002,70.98792,2.861056,0.89408,289.02560603756865
82.69999999999993,40.00805315,-104.9532922,1631.5944000000002,70.89648,2.68224,0.581152,288.434948822922
82.79999999999995,40.0080541,-104.9532951,1631.5944000000002,70.89648,2.68224,0.312928,289.4400348281762
82.89999999999998,40.00805485,-104.9532978,1631.5944000000002,70.89648,2.592832,0.089408,290.1706534118504
83.0,40.0080558,-104.9533002,1631.5944000000002,70.89648,2.369312,0.089408,290.9557767306322
83.09999999999991,40.00805652,-104.9533026,1631.2896,70.80504,2.324608,0.22352,292.71441235316723
83.19999999999993,40.00805681,-104.953305,1631.2896,70.80504,2.101088,0.22352,291.8014094863518
83.29999999999995,40.00805739,-104.953307,1631.2896,70.80504,2.01168,0.0,289.85521436932106
83.39999999999998,40.00805816,-104.9533087,1631.2896,70.80504,1.78816,0.0,289.5366549381284
83.5,40.00805862,-104.9533102,1631.2896,70.7136,1.519936,0.0,292.16634582208246
83.59999999999991,40.00805916,-104.9533116,1631.2896,70.7136,1.34112,0.0,292.2490236572124
83.69999999999993,40.00805951,-104.9533128,1631.2896,70.7136,1.162304,0.0,289.29004621918875
83.79999999999995,40.00806003,-104.9533137,1631.2896,70.7136,1.0728959999999998,0.0,293.6293777306568
83.89999999999998,40.00806027,-104.9533145,1631.2896,70.7136,0.804672,0.0,291.0375110254218
84.0,40.00806043,-104.9533152,1631.2896,70.7136,0.67056,0.0,282.5288077091515
84.09999999999991,40.00806056,-104.9533156,1631.2896,70.7136,0.491744,0.0,285.94539590092285
84.19999999999993,40.0080607,-104.9533159,1631.2896,70.7136,0.491744,0.0,270.0
84.29999999999995,40.00806074,-104.953316,1631.2896,70.7136,0.0,0.0,0.0
84.39999999999998,40.00806068,-104.9533161,1631.2896,70.7136,0.0,0.0,0.0
84.59999999999991,40.00806052,-104.9533156,1631.2896,70.7136,0.0,0.0,111.80140948635182
84.69999999999993,40.00806042,-104.9533153,1631.2896,70.7136,0.312928,0.0,90.0
85.19999999999993,40.00806021,-104.9533136,1631.2896,70.7136,0.312928,0.0,90.0
85.29999999999995,40.00806022,-104.9533133,1631.2896,70.7136,0.312928,0.0,90.0
85.39999999999998,40.00806046,-104.9533129,1631.2896,70.7136,0.67056,0.0,90.0
85.5,40.0080605,-104.9533127,1631.2896,70.7136,0.491744,0.0,90.0
85.59999999999991,40.0080605,-104.9533124,1631.2896,70.80504,0.0,0.0,90.0
85.69999999999993,40.00806055,-104.9533121,1631.2896,70.80504,0.0,0.0,90.0
85.79999999999995,40.00806065,-104.9533117,1631.2896,70.80504,0.0,0.0,90.0
85.89999999999998,40.00806072,-104.9533114,1631.2896,70.80504,0.0,0.0,90.0
86.0,40.00806078,-104.9533111,1631.2896,70.80504,0.0,0.0,90.0
86.09999999999991,40.00806085,-104.9533109,1631.2896,70.80504,0.0,0.0,90.0
86.19999999999993,40.00806087,-104.9533105,1631.2896,70.80504,0.491744,0.0,90.0
86.29999999999995,40.00806092,-104.9533103,1631.2896,70.80504,0.0,0.0,90.0
86.39999999999998,40.00806094,-104.9533099,1631.2896,70.80504,0.491744,0.0,90.0
86.5,40.00806098,-104.9533096,1631.2896,70.80504,0.491744,0.0,90.0
86.59999999999991,40.00806098,-104.9533094,1631.2896,70.80504,0.0,0.0,90.0
86.69999999999993,40.00806101,-104.9533092,1631.2896,70.80504,0.0,0.0,90.0
86.79999999999995,40.00806105,-104.953309,1631.2896,70.80504,0.0,0.0,90.0
86.89999999999998,40.00806107,-104.9533088,1631.2896,70.80504,0.0,0.0,90.0
87.0,40.00806116,-104.9533087,1631.2896,70.80504,0.0,0.0,90.0
87.09999999999991,40.00806119,-104.9533086,1631.2896,70.80504,0.0,0.0,0.0
87.19999999999993,40.00806142,-104.9533084,1631.2896,70.80504,0.0,0.0,0.0
87.29999999999995,40.00806147,-104.9533083,1631.2896,70.80504,0.491744,0.0,0.0
87.39999999999998,40.00806152,-104.9533082,1631.2896,70.80504,0.0,0.0,0.0
87.5,40.00806156,-104.9533081,1631.2896,70.80504,0.0,0.0,0.0
87.59999999999991,40.0080616,-104.9533079,1631.2896,70.80504,0.0,0.0,0.0
87.69999999999993,40.00806164,-104.9533078,1631.2896,70.80504,0.0,0.0,0.0
87.79999999999995,40.00806169,-104.9533078,1631.2896,70.80504,0.491744,0.0,0.0
87.89999999999998,40.00806172,-104.9533078,1631.2896,70.80504,0.0,0.0,0.0
88.0,40.00806178,-104.9533078,1631.5944000000002,70.89648,0.491744,0.0,0.0
88.09999999999991,40.00806181,-104.9533078,1631.2896,70.80504,0.0,0.0,0.0
88.19999999999993,40.00806189,-104.9533078,1631.2896,70.80504,0.0,0.0,0.0
88.29999999999995,40.00806192,-104.9533078,1631.2896,70.80504,0.0,0.0,0.0
88.39999999999998,40.00806184,-104.9533078,1631.2896,70.80504,0.0,0.0,0.0
88.5,40.00806186,-104.9533078,1631.2896,70.80504,0.0,0.0,0.0
88.59999999999991,40.00806196,-104.9533079,1631.2896,70.80504,0.0,0.0,0.0
88.69999999999993,40.00806198,-104.9533079,1631.2896,70.80504,0.0,0.0,0.0
88.79999999999995,40.00806192,-104.953308,1631.2896,70.80504,0.0,0.0,0.0
88.89999999999998,40.00806194,-104.953308,1631.2896,70.80504,0.0,0.0,0.0
89.0,40.00806175,-104.9533082,1631.2896,70.80504,0.0,0.0,0.0
89.09999999999991,40.00806175,-104.9533082,1631.2896,70.80504,0.0,0.0,0.0
89.19999999999993,40.00806175,-104.9533083,1631.5944000000002,70.89648,0.0,0.0,0.0
89.29999999999995,40.00806174,-104.9533083,1631.5944000000002,70.89648,0.0,0.0,0.0
89.39999999999998,40.00806174,-104.9533084,1631.2896,70.80504,0.0,0.0,0.0
89.5,40.00806173,-104.9533084,1631.5944000000002,70.89648,0.0,0.0,0.0
89.59999999999991,40.00806187,-104.9533085,1631.5944000000002,70.89648,0.0,0.0,0.0
89.69999999999993,40.00806187,-104.9533085,1631.5944000000002,70.89648,0.0,0.0,0.0
89.79999999999995,40.00806186,-104.9533086,1631.5944000000002,70.89648,0.0,0.0,0.0
89.89999999999998,40.00806186,-104.9533086,1631.2896,70.80504,0.0,0.0,0.0
90.0,40.00806171,-104.9533087,1631.2896,70.80504,0.0,0.0,0.0
90.09999999999992,40.00806168,-104.9533087,1631.5944000000002,70.89648,0.0,0.0,0.0
90.19999999999992,40.0080617,-104.9533088,1631.2896,70.80504,0.0,0.0,0.0
90.29999999999995,40.00806168,-104.9533088,1631.2896,70.80504,0.0,0.0,0.0
90.39999999999998,40.00806173,-104.9533089,1631.2896,70.80504,0.0,0.0,0.0
90.5,40.00806171,-104.9533089,1631.2896,70.80504,0.0,0.0,0.0
90.59999999999992,40.0080616,-104.953309,1631.5944000000002,70.89648,0.491744,0.0,0.0
90.69999999999992,40.00806158,-104.9533091,1631.5944000000002,70.89648,0.0,0.0,0.0
90.79999999999995,40.0080616,-104.9533091,1631.5944000000002,70.89648,0.67056,0.0,0.0
90.89999999999998,40.00806157,-104.9533092,1631.5944000000002,70.89648,0.0,0.0,0.0
91.0,40.00806159,-104.9533094,1631.5944000000002,70.89648,0.0,0.0,0.0
91.09999999999992,40.00806157,-104.9533095,1631.5944000000002,70.89648,0.67056,0.0,0.0
91.19999999999992,40.00806161,-104.9533095,1631.5944000000002,70.89648,0.0,0.0,0.0
91.29999999999995,40.00806159,-104.9533096,1631.5944000000002,70.89648,0.491744,0.0,0.0
91.39999999999998,40.00806163,-104.9533096,1631.5944000000002,70.89648,0.0,0.0,0.0
91.5,40.00806161,-104.9533096,1631.5944000000002,70.89648,0.0,0.0,0.0
91.59999999999992,40.00806163,-104.9533096,1631.5944000000002,70.89648,0.491744,0.0,0.0
91.69999999999992,40.00806161,-104.9533097,1631.5944000000002,70.89648,0.0,0.0,0.0
91.79999999999995,40.00806178,-104.9533096,1631.5944000000002,70.89648,0.0,0.0,0.0
91.89999999999998,40.00806179,-104.9533096,1631.5944000000002,70.89648,0.0,0.0,0.0
92.0,40.0080618,-104.9533097,1631.5944000000002,70.89648,0.0,0.0,0.0
92.09999999999992,40.00806183,-104.9533098,1631.5944000000002,70.89648,0.0,0.0,0.0
92.19999999999992,40.00806184,-104.9533097,1631.5944000000002,70.89648,0.0,0.0,0.0
92.29999999999995,40.00806189,-104.9533098,1631.5944000000002,70.89648,0.0,0.0,0.0
92.39999999999998,40.00806188,-104.9533097,1631.5944000000002,70.89648,0.0,0.0,0.0
92.5,40.00806192,-104.9533097,1631.5944000000002,70.89648,0.0,0.0,0.0
92.59999999999992,40.00806187,-104.9533099,1631.5944000000002,70.89648,0.0,0.0,0.0
92.69999999999992,40.0080619,-104.9533099,1631.5944000000002,70.89648,0.0,0.0,0.0
92.79999999999995,40.00806183,-104.95331,1631.5944000000002,70.89648,0.0,0.0,0.0
92.89999999999998,40.00806184,-104.95331,1631.5944000000002,70.89648,0.0,0.0,0.0
93.0,40.00806179,-104.9533101,1631.5944000000002,70.89648,0.0,0.0,0.0
93.09999999999992,40.0080618,-104.9533101,1631.5944000000002,70.89648,0.0,0.0,0.0
93.19999999999992,40.00806163,-104.9533105,1631.5944000000002,70.89648,0.67056,0.0,0.0
93.29999999999995,40.0080616,-104.9533106,1631.5944000000002,70.89648,0.0,0.0,0.0
93.39999999999998,40.00806132,-104.9533107,1631.5944000000002,70.89648,0.0,0.0,0.0
93.5,40.00806126,-104.9533108,1631.5944000000002,70.98792,0.0,0.0,0.0
93.59999999999992,40.00806147,-104.9533108,1631.5944000000002,70.89648,0.0,0.0,0.0
93.69999999999992,40.00806144,-104.9533109,1631.5944000000002,70.89648,0.0,0.0,0.0
93.79999999999995,40.0080615,-104.9533109,1631.5944000000002,70.98792,0.491744,0.0,0.0
93.89999999999998,40.00806148,-104.953311,1631.5944000000002,70.98792,0.0,0.0,0.0
94.0,40.00806153,-104.9533111,1631.5944000000002,70.89648,0.491744,0.0,0.0
94.09999999999992,40.00806151,-104.9533112,1631.5944000000002,70.89648,0.0,0.0,0.0
94.19999999999992,40.00806167,-104.9533112,1631.5944000000002,70.98792,0.0,0.0,0.0
94.29999999999995,40.00806165,-104.9533112,1631.5944000000002,70.89648,0.0,0.0,0.0
94.39999999999998,40.00806163,-104.9533112,1631.5944000000002,70.89648,0.0,0.0,0.0
94.5,40.00806161,-104.9533112,1631.5944000000002,70.89648,0.0,0.0,0.0
94.59999999999992,40.00806175,-104.9533113,1631.5944000000002,70.89648,0.0,0.0,0.0
94.69999999999992,40.00806175,-104.9533113,1631.5944000000002,70.89648,0.0,0.0,0.0
94.79999999999995,40.00806176,-104.9533114,1631.5944000000002,70.89648,0.0,0.0,0.0
94.89999999999998,40.00806176,-104.9533114,1631.5944000000002,70.89648,0.0,0.0,0.0
95.0,40.00806179,-104.9533114,1631.5944000000002,70.89648,0.0,0.0,0.0
95.09999999999992,40.00806181,-104.9533114,1631.5944000000002,70.89648,0.0,0.0,0.0
95.19999999999992,40.00806182,-104.9533115,1631.5944000000002,70.89648,0.491744,0.0,0.0
95.29999999999995,40.00806185,-104.9533116,1631.5944000000002,70.89648,0.0,0.0,0.0
95.39999999999998,40.00806184,-104.9533116,1631.5944000000002,70.89648,0.0,0.0,0.0
95.5,40.00806186,-104.9533117,1631.5944000000002,70.89648,0.0,0.0,0.0
95.59999999999992,40.00806183,-104.9533118,1631.5944000000002,70.89648,0.0,0.0,0.0
95.69999999999992,40.00806185,-104.9533119,1631.5944000000002,70.89648,0.0,0.0,0.0
95.79999999999995,40.00806181,-104.9533119,1631.5944000000002,70.89648,0.0,0.0,0.0
95.89999999999998,40.00806182,-104.9533119,1631.5944000000002,70.89648,0.491744,0.0,0.0
96.0,40.00806194,-104.9533121,1631.5944000000002,70.89648,0.0,0.0,0.0
96.09999999999992,40.00806196,-104.9533121,1631.5944000000002,70.89648,0.0,0.0,0.0
96.19999999999992,40.00806191,-104.9533121,1631.5944000000002,70.89648,0.0,0.0,0.0
96.29999999999995,40.00806193,-104.9533122,1631.5944000000002,70.89648,0.0,0.0,0.0
96.39999999999998,40.00806205,-104.9533124,1631.5944000000002,70.89648,0.0,0.0,0.0
96.5,40.00806207,-104.9533124,1631.5944000000002,70.89648,0.0,0.0,0.0
96.59999999999992,40.00806203,-104.9533124,1631.5944000000002,70.89648,0.0,0.0,0.0
96.69999999999992,40.00806205,-104.9533125,1631.5944000000002,70.89648,0.0,0.0,0.0
96.79999999999995,40.00806202,-104.9533125,1631.5944000000002,70.89648,0.0,0.0,0.0
96.89999999999998,40.00806204,-104.9533125,1631.5944000000002,70.89648,0.0,0.0,0.0
97.0,40.00806216,-104.9533127,1631.5944000000002,70.89648,0.67056,0.0,0.0
97.09999999999992,40.00806218,-104.9533128,1631.5944000000002,70.89648,0.0,0.0,0.0
97.19999999999992,40.00806212,-104.9533128,1631.5944000000002,70.89648,0.491744,0.0,0.0
97.29999999999995,40.00806213,-104.9533128,1631.5944000000002,70.89648,0.0,0.0,0.0
97.39999999999998,40.00806208,-104.9533127,1631.5944000000002,70.89648,0.491744,0.0,0.0
97.5,40.00806208,-104.9533128,1631.5944000000002,70.89648,0.0,0.0,0.0
97.59999999999992,40.00806205,-104.9533127,1631.5944000000002,70.89648,0.0,0.0,0.0
97.69999999999992,40.00806205,-104.9533127,1631.5944000000002,70.89648,0.0,0.0,0.0
97.79999999999995,40.00806205,-104.9533128,1631.5944000000002,70.89648,0.0,0.0,0.0
97.89999999999998,40.00806205,-104.9533129,1631.5944000000002,70.89648,0.0,0.0,0.0
98.0,40.00806192,-104.9533128,1631.5944000000002,70.98792,0.0,0.0,0.0
98.19999999999992,40.00806192,-104.9533128,1631.5944000000002,70.89648,0.0,0.0,0.0
98.69999999999992,40.0080619,-104.953313,1631.5944000000002,70.89648,0.0,0.0,0.0
98.79999999999995,40.00806194,-104.9533129,1631.5944000000002,70.89648,0.0,0.0,0.0
98.89999999999998,40.00806193,-104.953313,1631.5944000000002,70.89648,0.0,0.0,0.0
99.0,40.00806196,-104.9533129,1631.5944000000002,70.89648,0.0,0.0,0.0
99.09999999999992,40.00806195,-104.9533129,1631.5944000000002,70.89648,0.0,0.0,0.0
99.19999999999992,40.00806196,-104.9533129,1631.5944000000002,70.89648,0.0,0.0,0.0
99.29999999999995,40.00806196,-104.9533129,1631.5944000000002,70.89648,0.0,0.0,0.0
99.39999999999998,40.00806196,-104.9533129,1631.5944000000002,70.89648,0.0,0.0,0.0
99.59999999999992,40.0080621,-104.9533131,1631.5944000000002,70.89648,0.0,0.0,0.0
99.69999999999992,40.00806211,-104.9533131,1631.5944000000002,70.89648,0.0,0.0,0.0
99.79999999999995,40.0080621,-104.953313,1631.5944000000002,70.89648,0.0,0.0,0.0
99.89999999999998,40.00806211,-104.9533131,1631.5944000000002,70.89648,0.0,0.0,0.0
100.0,40.00806223,-104.953313,1631.5944000000002,70.89648,0.0,0.0,0.0
100.09999999999992,40.00806225,-104.953313,1631.5944000000002,70.89648,0.0,0.0,0.0
100.19999999999992,40.00806221,-104.9533131,1631.5944000000002,70.89648,0.0,0.0,0.0
100.29999999999995,40.00806222,-104.9533132,1631.5944000000002,70.89648,0.0,0.0,0.0
100.39999999999998,40.0080622,-104.9533131,1631.5944000000002,70.89648,0.0,0.0,0.0
100.5,40.00806221,-104.9533131,1631.5944000000002,70.89648,0.0,0.0,0.0
100.59999999999992,40.0080622,-104.9533131,1631.5944000000002,70.89648,0.0,0.0,0.0
100.69999999999992,40.00806222,-104.9533131,1631.5944000000002,70.89648,0.0,0.0,0.0
100.79999999999995,40.00806221,-104.953313,1631.5944000000002,70.89648,0.0,0.0,0.0
100.89999999999998,40.00806223,-104.953313,1631.5944000000002,70.89648,0.0,0.0,0.0
101.0,40.00806234,-104.953313,1631.5944000000002,70.89648,0.0,0.0,0.0
101.09999999999992,40.00806237,-104.953313,1631.5944000000002,70.89648,0.0,0.0,0.0
101.19999999999992,40.00806233,-104.953313,1631.5944000000002,70.89648,0.0,0.0,0.0
101.29999999999995,40.00806235,-104.953313,1631.5944000000002,70.89648,0.0,0.0,0.0
101.39999999999998,40.00806231,-104.9533132,1631.5944000000002,70.89648,0.0,0.0,0.0
101.5,40.00806233,-104.9533132,1631.5944000000002,70.89648,0.0,0.0,0.0
101.59999999999992,40.00806244,-104.9533132,1631.5944000000002,70.89648,0.0,0.0,0.0
101.69999999999992,40.00806246,-104.9533132,1631.5944000000002,70.89648,0.0,0.0,0.0
101.79999999999995,40.00806256,-104.9533132,1631.5944000000002,70.89648,0.0,0.0,0.0
101.89999999999998,40.00806259,-104.9533132,1631.5944000000002,70.89648,0.0,0.0,0.0
102.0,40.00806252,-104.9533132,1631.5944000000002,70.89648,0.0,0.0,0.0
102.09999999999992,40.00806254,-104.9533132,1631.5944000000002,70.89648,0.0,0.0,0.0
102.39999999999998,40.00806276,-104.9533133,1631.5944000000002,70.89648,0.0,0.0,0.0
102.5,40.0080628,-104.9533133,1631.5944000000002,70.89648,0.0,0.0,0.0
102.59999999999992,40.00806275,-104.9533133,1631.5944000000002,70.89648,0.0,0.0,0.0
102.69999999999992,40.00806278,-104.9533133,1631.5944000000002,70.89648,0.0,0.0,0.0
102.79999999999995,40.00806288,-104.9533133,1631.5944000000002,70.89648,0.0,0.0,0.0
102.89999999999998,40.00806293,-104.9533133,1631.5944000000002,70.89648,0.0,0.0,0.0
103.0,40.00806287,-104.9533134,1631.5944000000002,70.89648,0.0,0.0,0.0
103.09999999999992,40.00806291,-104.9533135,1631.5944000000002,70.89648,0.0,0.0,0.0
103.19999999999992,40.008063,-104.9533136,1631.5944000000002,70.89648,0.0,0.0,0.0
103.29999999999995,40.00806304,-104.9533136,1631.5944000000002,70.89648,0.0,0.0,0.0
103.39999999999998,40.00806296,-104.9533135,1631.5944000000002,70.89648,0.0,0.0,0.0
103.59999999999992,40.00806293,-104.9533136,1631.5944000000002,70.89648,0.0,0.0,0.0
103.79999999999995,40.0080629,-104.9533138,1631.5944000000002,70.89648,0.0,0.0,0.0
103.89999999999998,40.00806291,-104.9533138,1631.5944000000002,70.89648,0.0,0.0,0.0
104.0,40.00806273,-104.9533139,1631.5944000000002,70.89648,0.0,0.0,0.0
104.09999999999992,40.00806273,-104.9533139,1631.5944000000002,70.89648,0.0,0.0,0.0
104.19999999999992,40.00806259,-104.953314,1631.5944000000002,70.89648,0.0,0.0,0.0
104.5,40.00806258,-104.9533142,1631.5944000000002,70.89648,0.0,0.0,0.0
104.59999999999992,40.00806261,-104.9533142,1631.5944000000002,70.89648,0.0,0.0,0.0
104.69999999999992,40.00806259,-104.9533143,1631.5944000000002,70.89648,0.0,0.0,0.0
104.79999999999995,40.0080626,-104.9533143,1631.5944000000002,70.89648,0.0,0.0,0.0
104.89999999999998,40.00806258,-104.9533144,1631.5944000000002,70.89648,0.0,0.0,0.0
105.0,40.00806261,-104.9533145,1631.5944000000002,70.89648,0.0,0.0,0.0
105.09999999999992,40.0080626,-104.9533145,1631.5944000000002,70.98792,0.0,0.0,0.0
105.19999999999992,40.00806263,-104.9533146,1631.5944000000002,70.89648,0.0,0.0,0.0
105.29999999999995,40.00806262,-104.9533146,1631.5944000000002,70.89648,0.0,0.0,0.0
105.39999999999998,40.00806251,-104.9533146,1631.5944000000002,70.89648,0.0,0.0,0.0
105.5,40.00806249,-104.9533147,1631.5944000000002,70.89648,0.0,0.0,0.0
105.59999999999992,40.00806252,-104.9533146,1631.5944000000002,70.89648,0.491744,0.0,0.0
105.69999999999992,40.00806251,-104.9533146,1631.5944000000002,70.89648,0.0,0.0,0.0
105.79999999999995,40.00806237,-104.9533147,1631.5944000000002,70.89648,0.0,0.0,0.0
105.89999999999998,40.00806234,-104.9533147,1631.5944000000002,70.89648,0.491744,0.0,0.0
106.0,40.00806223,-104.9533148,1631.5944000000002,70.89648,0.0,0.0,0.0
106.09999999999992,40.00806218,-104.9533148,1631.5944000000002,70.89648,0.0,0.0,0.0
106.19999999999992,40.00806225,-104.9533148,1631.5944000000002,70.89648,0.0,0.0,0.0
106.39999999999998,40.00806213,-104.9533149,1631.5944000000002,70.89648,0.0,0.0,0.0
106.5,40.00806208,-104.9533149,1631.5944000000002,70.89648,0.312928,0.0,0.0
106.59999999999992,40.00806201,-104.9533148,1631.5944000000002,70.98792,0.0,0.0,0.0
106.69999999999992,40.00806196,-104.9533149,1631.5944000000002,70.98792,0.0,0.0,0.0
106.79999999999995,40.00806191,-104.9533149,1631.5944000000002,70.98792,0.0,0.0,0.0
106.89999999999998,40.00806186,-104.953315,1631.5944000000002,70.89648,0.0,0.0,0.0
107.0,40.0080618,-104.9533151,1631.5944000000002,70.98792,0.0,0.0,0.0
107.19999999999992,40.0080617,-104.953315,1631.5944000000002,70.98792,0.0,0.089408,0.0
107.29999999999995,40.00806165,-104.953315,1631.5944000000002,70.98792,0.0,0.0,0.0
107.39999999999998,40.00806161,-104.9533151,1631.5944000000002,70.98792,0.0,0.0,0.0
107.59999999999992,40.00806165,-104.9533151,1631.5944000000002,70.98792,0.0,0.0,0.0
107.69999999999992,40.00806161,-104.9533151,1631.5944000000002,70.89648,0.0,0.089408,0.0
107.79999999999995,40.00806152,-104.9533151,1631.5944000000002,70.98792,0.0,0.0,0.0
107.89999999999998,40.00806147,-104.9533151,1631.5944000000002,70.89648,0.0,0.0,0.0
108.0,40.00806154,-104.9533151,1631.5944000000002,70.98792,0.0,0.0,0.0
108.09999999999992,40.00806149,-104.9533151,1631.5944000000002,70.98792,0.0,0.0,0.0
108.19999999999992,40.00806141,-104.9533149,1631.5944000000002,70.89648,0.0,0.089408,0.0
108.29999999999995,40.00806136,-104.9533149,1631.5944000000002,70.89648,0.0,0.089408,0.0
108.39999999999998,40.00806131,-104.9533149,1631.5944000000002,70.89648,0.0,0.0,0.0
108.5,40.00806127,-104.9533149,1631.5944000000002,70.89648,0.0,0.0,0.0
108.59999999999992,40.00806123,-104.9533149,1631.5944000000002,70.98792,0.0,0.0,0.0
108.69999999999992,40.00806118,-104.9533149,1631.5944000000002,70.89648,0.0,0.0,0.0
108.79999999999995,40.00806113,-104.9533148,1631.5944000000002,70.98792,0.0,0.0,0.0
108.89999999999998,40.00806109,-104.9533148,1631.5944000000002,70.98792,0.0,0.0,0.0
109.0,40.00806104,-104.9533148,1631.5944000000002,70.89648,0.67056,0.089408,0.0
109.09999999999992,40.00806102,-104.9533148,1631.5944000000002,70.98792,0.0,0.089408,0.0
109.19999999999992,40.00806098,-104.9533148,1631.5944000000002,70.89648,0.67056,0.089408,0.0
109.29999999999995,40.00806096,-104.9533148,1631.5944000000002,70.89648,0.0,0.089408,0.0
109.39999999999998,40.00806087,-104.9533147,1631.5944000000002,70.89648,0.0,0.089408,0.0
109.5,40.00806083,-104.9533146,1631.5944000000002,70.89648,0.0,0.0,0.0
109.59999999999992,40.00806087,-104.9533147,1631.5944000000002,70.89648,0.0,0.0,0.0
109.69999999999992,40.00806084,-104.9533147,1631.5944000000002,70.89648,0.0,0.0,0.0
109.79999999999995,40.00806088,-104.9533147,1631.5944000000002,70.89648,0.0,0.0,0.0
109.89999999999998,40.00806086,-104.9533147,1631.5944000000002,70.89648,0.0,0.0,0.0
110.0,40.00806091,-104.9533149,1631.5944000000002,70.89648,0.0,0.0,0.0
110.09999999999992,40.0080609,-104.9533149,1631.5944000000002,70.89648,0.491744,0.0,0.0
110.19999999999992,40.00806095,-104.9533149,1631.5944000000002,70.89648,0.0,0.0,0.0
110.29999999999995,40.00806094,-104.9533149,1631.5944000000002,70.89648,0.0,0.0,0.0
110.59999999999992,40.00806097,-104.9533152,1631.5944000000002,70.89648,0.0,0.0,0.0
110.69999999999992,40.00806097,-104.9533153,1631.5944000000002,70.89648,0.0,0.0,0.0
110.79999999999995,40.00806096,-104.9533152,1631.5944000000002,70.89648,0.0,0.0,0.0
110.89999999999998,40.00806095,-104.9533152,1631.5944000000002,70.89648,0.0,0.0,0.0
111.09999999999992,40.00806095,-104.9533155,1631.5944000000002,70.89648,0.0,0.0,0.0
111.19999999999992,40.00806095,-104.9533153,1631.5944000000002,70.89648,0.0,0.0,0.0
111.29999999999995,40.00806093,-104.9533154,1631.5944000000002,70.89648,0.0,0.0,0.0
111.39999999999998,40.00806079,-104.9533154,1631.5944000000002,70.89648,0.0,0.0,0.0
111.5,40.00806076,-104.9533155,1631.5944000000002,70.89648,0.0,0.0,0.0
111.59999999999992,40.0080608,-104.9533156,1631.5944000000002,70.89648,0.0,0.0,0.0
111.69999999999992,40.00806079,-104.9533156,1631.5944000000002,70.89648,0.0,0.0,0.0
111.79999999999995,40.0080607,-104.9533157,1631.5944000000002,70.89648,0.0,0.0,0.0
111.89999999999998,40.00806068,-104.9533158,1631.5944000000002,70.89648,0.0,0.0,0.0
112.0,40.0080606,-104.9533157,1631.5944000000002,70.89648,0.0,0.0,0.0
112.09999999999992,40.00806059,-104.9533157,1631.5944000000002,70.89648,0.0,0.0,0.0
112.19999999999992,40.0080605,-104.9533158,1631.5944000000002,70.89648,0.0,0.0,0.0
112.29999999999995,40.00806049,-104.9533159,1631.5944000000002,70.89648,0.0,0.0,0.0
112.39999999999998,40.00806054,-104.9533159,1631.5944000000002,70.89648,0.0,0.0,0.0
112.5,40.00806053,-104.953316,1631.5944000000002,70.89648,0.0,0.0,0.0
112.59999999999992,40.00806042,-104.9533159,1631.5944000000002,70.89648,0.0,0.0,0.0
112.69999999999992,40.00806042,-104.9533159,1631.5944000000002,70.89648,0.0,0.0,0.0
112.79999999999995,40.00806061,-104.9533158,1631.5944000000002,70.89648,0.0,0.0,0.0
112.89999999999998,40.00806062,-104.9533158,1631.5944000000002,70.89648,0.0,0.0,0.0
113.0,40.0080606,-104.9533159,1631.5944000000002,70.89648,0.0,0.0,0.0
113.09999999999992,40.00806061,-104.9533159,1631.5944000000002,70.89648,0.0,0.0,0.0
113.19999999999992,40.00806059,-104.9533159,1631.5944000000002,70.98792,0.491744,0.0,0.0
113.29999999999995,40.00806059,-104.9533159,1631.5944000000002,70.89648,0.0,0.0,0.0
113.39999999999998,40.00806071,-104.9533159,1631.5944000000002,70.89648,0.0,0.0,0.0
113.5,40.00806072,-104.9533159,1631.5944000000002,70.89648,0.0,0.0,0.0
113.59999999999992,40.00806069,-104.9533159,1631.5944000000002,70.89648,0.0,0.0,0.0
113.69999999999992,40.0080607,-104.9533159,1631.5944000000002,70.89648,0.0,0.0,0.0
113.79999999999995,40.00806067,-104.9533159,1631.5944000000002,70.89648,0.0,0.0,0.0
113.89999999999998,40.00806067,-104.9533159,1631.5944000000002,70.89648,0.0,0.0,0.0
114.09999999999992,40.00806066,-104.9533159,1631.5944000000002,70.89648,0.312928,0.0,0.0
114.19999999999992,40.0080608,-104.9533157,1631.5944000000002,70.89648,0.0,0.0,0.0
114.29999999999995,40.00806082,-104.9533157,1631.5944000000002,70.89648,0.491744,0.0,0.0
114.59999999999992,40.00806081,-104.9533157,1631.5944000000002,70.89648,0.0,0.0,0.0
114.79999999999995,40.00806081,-104.9533156,1631.5944000000002,70.89648,0.0,0.0,0.0
114.89999999999998,40.00806082,-104.9533156,1631.5944000000002,70.89648,0.0,0.0,0.0
115.0,40.0080608,-104.9533156,1631.5944000000002,70.89648,0.0,0.0,0.0
115.19999999999992,40.0080608,-104.9533156,1631.5944000000002,70.89648,0.0,0.0,0.0
115.29999999999995,40.00806082,-104.9533156,1631.5944000000002,70.89648,0.0,0.0,0.0
115.39999999999998,40.00806066,-104.9533156,1631.5944000000002,70.89648,0.491744,0.0,0.0
115.69999999999992,40.00806062,-104.9533154,1631.5944000000002,70.89648,0.0,0.0,0.0
115.79999999999995,40.00806061,-104.9533155,1631.5944000000002,70.89648,0.0,0.0,0.0
115.89999999999998,40.00806058,-104.9533154,1631.5944000000002,70.89648,0.0,0.0,0.0
116.0,40.0080606,-104.9533155,1631.5944000000002,70.89648,0.0,0.0,0.0
116.09999999999992,40.00806058,-104.9533155,1631.5944000000002,70.89648,0.0,0.0,0.0
116.19999999999992,40.00806061,-104.9533154,1631.5944000000002,70.89648,0.0,0.0,0.0
116.29999999999995,40.00806059,-104.9533154,1631.5944000000002,70.89648,0.0,0.0,0.0
116.39999999999998,40.00806076,-104.9533156,1631.2896,70.80504,0.0,0.0,0.0
116.5,40.00806076,-104.9533156,1631.2896,70.80504,0.0,0.0,0.0
116.59999999999992,40.00806061,-104.9533158,1631.2896,70.80504,0.0,0.0,0.0
116.69999999999992,40.00806058,-104.9533158,1631.2896,70.80504,0.0,0.0,0.0
116.79999999999995,40.0080606,-104.9533158,1631.2896,70.80504,0.0,0.0,0.0
116.89999999999998,40.00806058,-104.9533158,1631.2896,70.80504,0.0,0.0,0.0
117.0,40.00806047,-104.9533159,1631.2896,70.80504,0.0,0.0,0.0
117.09999999999992,40.00806044,-104.9533159,1631.2896,70.80504,0.0,0.0,0.0
117.19999999999992,40.0080605,-104.9533158,1631.2896,70.80504,0.0,0.0,0.0
117.39999999999998,40.00806051,-104.9533158,1631.2896,70.80504,0.0,0.0,0.0
117.5,40.0080605,-104.9533158,1631.2896,70.80504,0.0,0.0,0.0
117.59999999999992,40.0080604,-104.9533159,1631.2896,70.80504,0.0,0.0,0.0
117.69999999999992,40.00806038,-104.953316,1631.2896,70.80504,0.0,0.0,0.0
117.79999999999995,40.00806042,-104.9533159,1631.2896,70.80504,0.0,0.0,0.0
117.89999999999998,40.00806042,-104.9533159,1631.2896,70.80504,0.0,0.0,0.0
118.0,40.00806046,-104.9533159,1631.2896,70.80504,0.0,0.0,0.0
118.09999999999992,40.00806046,-104.9533159,1631.2896,70.80504,0.0,0.0,0.0
118.19999999999992,40.00806062,-104.9533159,1631.2896,70.80504,0.0,0.0,0.0
118.29999999999995,40.00806064,-104.9533159,1631.2896,70.80504,0.0,0.0,0.0
118.39999999999998,40.00806061,-104.9533157,1631.2896,70.80504,0.0,0.0,0.0
118.59999999999992,40.00806075,-104.9533157,1631.2896,70.80504,0.0,0.0,0.0
118.79999999999995,40.00806073,-104.9533157,1631.2896,70.80504,0.0,0.0,0.0
118.89999999999998,40.00806075,-104.9533157,1631.2896,70.80504,0.0,0.0,0.0
119.0,40.00806071,-104.9533157,1631.2896,70.80504,0.0,0.0,0.0
119.09999999999992,40.00806073,-104.9533157,1631.2896,70.80504,0.0,0.0,0.0
119.19999999999992,40.00806069,-104.9533157,1631.2896,70.80504,0.0,0.0,0.0
119.29999999999995,40.0080607,-104.9533157,1631.2896,70.80504,0.0,0.0,0.0
119.39999999999998,40.00806068,-104.9533157,1631.2896,70.80504,0.0,0.0,0.0
119.5,40.00806068,-104.9533157,1631.2896,70.80504,0.0,0.0,0.0
119.59999999999992,40.00806066,-104.9533157,1631.2896,70.80504,0.0,0.0,0.0
119.69999999999992,40.00806066,-104.9533157,1631.2896,70.80504,0.0,0.0,0.0
119.79999999999995,40.00806052,-104.9533157,1631.2896,70.80504,0.491744,0.0,0.0
119.89999999999998,40.00806051,-104.9533157,1631.2896,70.80504,0.491744,0.0,0.0
120.0,40.00806039,-104.9533156,1631.2896,70.80504,0.0,0.0,0.0
120.09999999999992,40.00806037,-104.9533156,1631.2896,70.80504,0.0,0.0,0.0
120.19999999999992,40.00806026,-104.9533156,1631.5944000000002,70.89648,0.0,0.0,0.0
120.29999999999995,40.00806023,-104.9533156,1631.5944000000002,70.89648,0.0,0.0,0.0
120.69999999999992,40.00806014,-104.9533155,1631.5944000000002,70.89648,0.0,0.0,0.0
120.79999999999995,40.00806006,-104.9533155,1631.5944000000002,70.89648,0.0,0.0,0.0
121.39999999999998,40.00805971,-104.9533154,1631.5944000000002,70.89648,0.0,0.0,0.0
121.5,40.00805966,-104.9533154,1631.5944000000002,70.89648,0.0,0.0,0.0
121.59999999999992,40.0080596,-104.9533153,1631.5944000000002,70.89648,0.0,0.0,0.0
121.69999999999992,40.00805955,-104.9533153,1631.5944000000002,70.89648,0.491744,0.0,0.0
121.89999999999998,40.00805944,-104.9533153,1631.5944000000002,70.89648,0.0,0.0,0.0
122.0,40.00805954,-104.9533152,1631.5944000000002,70.89648,0.0,0.0,0.0
122.09999999999992,40.0080595,-104.9533152,1631.5944000000002,70.89648,0.0,0.0,0.0
122.19999999999992,40.00805942,-104.9533152,1631.5944000000002,70.89648,0.0,0.0,0.0
122.29999999999995,40.00805937,-104.9533152,1631.2896,70.80504,0.0,0.0,0.0
122.39999999999998,40.00805944,-104.9533153,1631.5944000000002,70.89648,0.0,0.0,0.0
122.5,40.00805939,-104.9533153,1631.5944000000002,70.89648,0.0,0.0,0.0
122.59999999999992,40.00805931,-104.9533151,1631.5944000000002,70.89648,0.0,0.0,0.0
122.69999999999992,40.00805926,-104.9533151,1631.5944000000002,70.89648,0.0,0.0,0.0
122.79999999999995,40.00805907,-104.9533151,1631.5944000000002,70.89648,0.0,0.0,0.0
123.09999999999992,40.00805893,-104.9533149,1631.5944000000002,70.89648,0.0,0.0,0.0
123.19999999999992,40.00805889,-104.9533148,1631.5944000000002,70.89648,0.0,0.0,0.0
123.39999999999998,40.00805879,-104.9533148,1631.5944000000002,70.89648,0.312928,0.0,0.0
123.59999999999992,40.00805869,-104.9533147,1631.5944000000002,70.89648,0.0,0.0,0.0
123.69999999999992,40.00805864,-104.9533147,1631.5944000000002,70.89648,0.0,0.0,0.0
123.89999999999998,40.00805854,-104.9533146,1631.5944000000002,70.89648,0.0,0.0,0.0
124.0,40.00805863,-104.9533147,1631.5944000000002,70.89648,0.0,0.0,0.0
124.09999999999992,40.0080586,-104.9533147,1631.2896,70.80504,0.0,0.0,0.0
124.19999999999992,40.0080587,-104.9533146,1631.2896,70.80504,0.491744,0.0,0.0
124.39999999999998,40.00805861,-104.9533146,1631.2896,70.80504,0.0,0.0,0.0
124.5,40.0080586,-104.9533146,1631.2896,70.80504,0.0,0.0,0.0
124.59999999999992,40.00805866,-104.9533146,1631.2896,70.80504,0.0,0.0,0.0
124.69999999999992,40.00805867,-104.9533146,1631.2896,70.80504,0.0,0.0,0.0
124.79999999999995,40.00805854,-104.9533147,1631.2896,70.80504,0.0,0.0,0.0
124.89999999999998,40.00805853,-104.9533147,1631.2896,70.80504,0.0,0.0,0.0
125.0,40.00805855,-104.9533148,1631.2896,70.80504,0.0,0.0,0.0
125.09999999999992,40.00805854,-104.9533148,1631.2896,70.80504,0.0,0.0,0.0
125.19999999999992,40.00805855,-104.9533148,1631.2896,70.80504,0.0,0.0,0.0
125.29999999999995,40.00805854,-104.9533148,1631.2896,70.80504,0.0,0.0,0.0
125.39999999999998,40.00805854,-104.9533148,1631.2896,70.80504,0.0,0.0,0.0
125.5,40.00805853,-104.9533148,1631.2896,70.80504,0.0,0.0,0.0
125.59999999999992,40.00805853,-104.9533149,1631.2896,70.80504,0.0,0.0,0.0
125.69999999999992,40.00805851,-104.9533149,1631.2896,70.80504,0.0,0.0,0.0
125.79999999999995,40.00805853,-104.9533149,1631.2896,70.80504,0.491744,0.0,0.0
125.89999999999998,40.00805851,-104.9533148,1631.2896,70.80504,0.0,0.0,0.0
126.0,40.0080584,-104.9533148,1631.2896,70.80504,0.0,0.0,0.0
126.09999999999992,40.00805838,-104.9533148,1631.2896,70.80504,0.0,0.0,0.0
126.19999999999992,40.00805828,-104.9533149,1631.2896,70.80504,0.0,0.0,0.0
126.29999999999995,40.00805825,-104.9533149,1631.2896,70.80504,0.0,0.0,0.0
126.39999999999998,40.00805816,-104.9533147,1631.2896,70.80504,0.0,0.0,0.0
126.59999999999992,40.00805817,-104.9533148,1631.2896,70.80504,0.312928,0.0,0.0
126.69999999999992,40.00805814,-104.9533148,1631.2896,70.80504,0.312928,0.0,0.0
126.89999999999998,40.00805815,-104.9533148,1631.2896,70.7136,0.0,0.0,0.0
127.0,40.00805821,-104.9533146,1631.2896,70.7136,0.312928,0.0,0.0
127.09999999999992,40.0080582,-104.9533146,1631.2896,70.7136,0.0,0.0,0.0
127.19999999999992,40.00805826,-104.9533146,1631.2896,70.7136,0.0,0.0,0.0
127.39999999999998,40.00805831,-104.9533145,1631.2896,70.7136,0.0,0.0,0.0
127.59999999999992,40.00805833,-104.9533145,1631.2896,70.7136,0.0,0.0,0.0
127.69999999999992,40.00805836,-104.9533145,1631.2896,70.80504,0.0,0.0,0.0
127.79999999999995,40.00805833,-104.9533144,1631.2896,70.7136,0.0,0.0,0.0
127.89999999999998,40.00805834,-104.9533143,1631.2896,70.80504,0.0,0.0,0.0
128.0,40.00805844,-104.9533144,1631.2896,70.80504,0.491744,0.0,0.0
128.0999999999999,40.00805846,-104.9533144,1631.2896,70.7136,0.0,0.0,0.0
128.19999999999993,40.00805855,-104.9533143,1631.2896,70.7136,0.0,0.0,0.0
128.29999999999995,40.00805858,-104.9533143,1631.2896,70.7136,0.0,0.0,0.0
128.39999999999998,40.00805853,-104.9533142,1631.2896,70.80504,0.0,0.0,0.0
128.5,40.00805855,-104.9533142,1631.2896,70.7136,0.0,0.0,0.0
128.5999999999999,40.00805865,-104.9533142,1631.2896,70.80504,0.0,0.0,0.0
128.69999999999993,40.00805867,-104.9533142,1631.2896,70.80504,0.0,0.0,0.0
128.79999999999995,40.00805863,-104.9533143,1631.2896,70.80504,0.0,0.0,0.0
128.89999999999998,40.00805865,-104.9533142,1631.2896,70.7136,0.0,0.0,0.0
129.0,40.00805861,-104.9533142,1631.2896,70.7136,0.0,0.0,0.0
129.0999999999999,40.00805863,-104.9533142,1631.2896,70.7136,0.0,0.0,0.0
129.19999999999993,40.0080586,-104.9533142,1631.2896,70.7136,0.0,0.0,0.0
129.29999999999995,40.00805861,-104.9533142,1631.2896,70.80504,0.0,0.0,0.0
129.39999999999998,40.00805858,-104.9533142,1631.2896,70.80504,0.491744,0.0,0.0
129.5,40.00805859,-104.9533142,1631.2896,70.80504,0.0,0.0,0.0
129.5999999999999,40.00805858,-104.9533142,1631.2896,70.7136,0.0,0.0,0.0
129.69999999999993,40.00805858,-104.9533142,1631.2896,70.7136,0.0,0.0,0.0
129.79999999999995,40.00805857,-104.9533142,1631.2896,70.7136,0.0,0.0,0.0
129.89999999999998,40.00805857,-104.9533142,1631.2896,70.7136,0.0,0.0,0.0
130.0,40.00805842,-104.9533141,1631.2896,70.7136,0.0,0.0,0.0
130.0999999999999,40.0080584,-104.9533141,1631.2896,70.7136,0.0,0.0,0.0
130.19999999999993,40.00805842,-104.9533141,1631.2896,70.7136,0.0,0.0,0.0
130.29999999999995,40.00805841,-104.9533141,1631.2896,70.7136,0.0,0.0,0.0
130.39999999999998,40.00805844,-104.9533142,1631.2896,70.7136,0.0,0.0,0.0
130.5,40.00805844,-104.9533142,1631.2896,70.7136,0.0,0.0,0.0
130.5999999999999,40.00805845,-104.9533142,1631.2896,70.7136,0.0,0.0,0.0
130.69999999999993,40.00805845,-104.9533142,1631.2896,70.7136,0.0,0.0,0.0
130.79999999999995,40.00805847,-104.9533142,1631.2896,70.7136,0.0,0.0,0.0
130.89999999999998,40.00805848,-104.9533142,1631.2896,70.7136,0.0,0.0,0.0
131.0,40.00805863,-104.9533142,1631.2896,70.7136,0.67056,0.0,0.0
131.0999999999999,40.00805865,-104.9533142,1631.2896,70.7136,0.0,0.0,0.0
131.19999999999993,40.00805876,-104.9533142,1631.2896,70.7136,0.0,0.0,0.0
131.39999999999998,40.00805888,-104.9533142,1631.2896,70.7136,0.0,0.0,0.0
131.5,40.00805892,-104.9533142,1631.2896,70.7136,0.0,0.0,0.0
131.79999999999995,40.00805899,-104.9533142,1631.2896,70.7136,0.22352,0.0,0.0
132.0,40.00805913,-104.9533142,1631.2896,70.7136,0.0,0.0,0.0
132.0999999999999,40.00805919,-104.9533142,1631.2896,70.7136,0.0,0.0,0.0
132.19999999999993,40.00805926,-104.9533142,1631.2896,70.7136,0.0,0.0,0.0
132.29999999999995,40.00805932,-104.9533142,1631.2896,70.7136,0.0,0.0,0.0
132.39999999999998,40.00805936,-104.9533142,1631.2896,70.7136,0.0,0.0,0.0
132.79999999999995,40.0080597,-104.9533142,1631.2896,70.7136,0.0,0.0,0.0
132.89999999999998,40.00805978,-104.9533142,1631.2896,70.7136,0.0,0.0,0.0
133.0999999999999,40.00805969,-104.9533142,1631.2896,70.7136,0.0,0.0,0.0
133.19999999999993,40.00805973,-104.9533144,1631.2896,70.7136,0.0,0.0,0.0
133.39999999999998,40.00805982,-104.9533144,1631.2896,70.7136,0.0,0.0,0.0
133.5,40.00805986,-104.9533144,1631.2896,70.7136,0.0,0.0,0.0
133.5999999999999,40.00805991,-104.9533145,1631.2896,70.7136,0.0,0.0,0.0
133.69999999999993,40.00805996,-104.9533145,1631.2896,70.7136,0.0,0.0,0.0
133.79999999999995,40.00806001,-104.9533145,1631.2896,70.7136,0.491744,0.0,0.0
133.89999999999998,40.00806005,-104.9533145,1631.2896,70.7136,0.0,0.0,0.0
134.0,40.0080601,-104.9533146,1631.2896,70.7136,0.0,0.0,0.0
134.0999999999999,40.00806014,-104.9533146,1631.2896,70.7136,0.0,0.0,0.0
134.19999999999993,40.0080602,-104.9533147,1631.2896,70.7136,0.0,0.0,0.0
134.29999999999995,40.00806025,-104.9533147,1631.2896,70.7136,0.0,0.0,0.0
134.39999999999998,40.00806033,-104.9533148,1631.2896,70.7136,0.0,0.0,0.0
134.5,40.00806039,-104.9533148,1631.2896,70.7136,0.491744,0.0,0.0
134.5999999999999,40.00806031,-104.9533149,1631.2896,70.7136,0.0,0.0,0.0
134.69999999999993,40.00806036,-104.9533149,1631.2896,70.7136,0.0,0.0,0.0
134.79999999999995,40.00806041,-104.9533149,1631.2896,70.7136,0.0,0.0,0.0
134.89999999999998,40.00806045,-104.9533149,1631.2896,70.7136,0.0,0.0,0.0
135.0,40.00806032,-104.9533149,1631.2896,70.7136,0.0,0.0,0.0
135.0999999999999,40.00806033,-104.9533149,1631.2896,70.7136,0.0,0.0,0.0
135.19999999999993,40.00806024,-104.9533149,1631.2896,70.7136,0.0,0.0,0.0
135.29999999999995,40.00806024,-104.9533149,1631.2896,70.7136,0.0,0.0,0.0
135.39999999999998,40.00806024,-104.9533149,1631.2896,70.7136,0.0,0.0,0.0
135.5,40.00806024,-104.9533149,1631.2896,70.7136,0.0,0.0,0.0
135.5999999999999,40.00806027,-104.9533149,1631.2896,70.7136,0.0,0.0,0.0
135.79999999999995,40.00806029,-104.9533147,1631.2896,70.7136,0.0,0.0,0.0
135.89999999999998,40.0080603,-104.9533146,1631.2896,70.7136,0.0,0.0,0.0
136.5,40.00806002,-104.9533146,1631.2896,70.7136,0.0,0.0,0.0
136.5999999999999,40.00806009,-104.9533145,1631.2896,70.7136,0.0,0.0,0.0
136.69999999999993,40.00806007,-104.9533144,1631.2896,70.7136,0.0,0.0,0.0
136.79999999999995,40.00806012,-104.9533145,1631.2896,70.7136,0.0,0.0,0.0
136.89999999999998,40.00806011,-104.9533144,1631.2896,70.7136,0.0,0.0,0.0
137.0,40.00806013,-104.9533144,1631.2896,70.7136,0.0,0.0,0.0
137.0999999999999,40.00806011,-104.9533143,1631.2896,70.7136,0.0,0.0,0.0
137.19999999999993,40.00806012,-104.9533144,1631.2896,70.7136,0.0,0.0,0.0
137.29999999999995,40.0080601,-104.9533144,1631.2896,70.7136,0.0,0.0,0.0
137.39999999999998,40.00806011,-104.9533145,1631.2896,70.7136,0.0,0.0,0.0
137.5,40.00806009,-104.9533145,1631.2896,70.7136,0.0,0.0,0.0
137.5999999999999,40.00805996,-104.9533143,1631.2896,70.7136,0.0,0.0,0.0
137.79999999999995,40.00806009,-104.9533144,1631.2896,70.7136,0.0,0.0,0.0
137.89999999999998,40.0080601,-104.9533144,1631.2896,70.80504,0.0,0.0,0.0
138.0,40.00806004,-104.9533144,1631.2896,70.7136,0.0,0.0,0.0
138.0999999999999,40.00806006,-104.9533144,1631.2896,70.7136,0.0,0.0,0.0
138.19999999999993,40.00806009,-104.9533144,1631.2896,70.7136,0.0,0.0,0.0
138.29999999999995,40.0080601,-104.9533143,1631.2896,70.7136,0.0,0.0,0.0
138.39999999999998,40.0080601,-104.9533144,1631.2896,70.7136,0.0,0.0,0.0
138.5,40.00806013,-104.9533144,1631.2896,70.7136,0.0,0.0,0.0
138.5999999999999,40.00806026,-104.9533145,1631.2896,70.7136,0.0,0.0,0.0
138.69999999999993,40.0080603,-104.9533145,1631.2896,70.7136,0.0,0.0,0.0
138.79999999999995,40.00806029,-104.9533146,1631.2896,70.7136,0.0,0.0,0.0
138.89999999999998,40.0080603,-104.9533146,1631.2896,70.7136,0.0,0.0,0.0
139.0,40.00806035,-104.9533146,1631.2896,70.7136,0.0,0.0,0.0
139.0999999999999,40.00806035,-104.9533146,1631.2896,70.7136,0.0,0.0,0.0
139.19999999999993,40.00806041,-104.9533147,1631.2896,70.7136,0.0,0.0,0.0
139.29999999999995,40.00806041,-104.9533147,1631.2896,70.7136,0.0,0.0,0.0
139.39999999999998,40.00806037,-104.9533148,1631.2896,70.7136,0.0,0.0,0.0
139.5,40.00806036,-104.9533149,1631.2896,70.7136,0.0,0.0,0.0
139.5999999999999,40.00806036,-104.9533148,1631.2896,70.7136,0.0,0.0,0.0
139.69999999999993,40.00806036,-104.9533148,1631.2896,70.7136,0.0,0.0,0.0
139.79999999999995,40.00806038,-104.9533149,1631.2896,70.7136,0.0,0.0,0.0
139.89999999999998,40.00806039,-104.953315,1631.2896,70.7136,0.0,0.0,0.0
140.0,40.00806046,-104.9533149,1631.2896,70.7136,0.0,0.0,0.0
140.0999999999999,40.00806045,-104.953315,1631.2896,70.7136,0.0,0.0,0.0
140.19999999999993,40.0080604,-104.953315,1631.2896,70.7136,0.0,0.0,0.0
140.29999999999995,40.00806038,-104.953315,1631.2896,70.7136,0.0,0.0,0.0
140.39999999999998,40.00806035,-104.9533149,1631.2896,70.7136,0.0,0.0,0.0
140.5,40.00806033,-104.9533149,1631.2896,70.7136,0.0,0.0,0.0
140.5999999999999,40.00806019,-104.953315,1631.2896,70.7136,0.0,0.0,0.0
140.69999999999993,40.00806015,-104.953315,1631.2896,70.7136,0.0,0.0,0.0
140.79999999999995,40.00806012,-104.953315,1631.2896,70.7136,0.0,0.0,135.0
140.89999999999998,40.00805983,-104.9533147,1631.2896,70.7136,0.0,0.0,142.1250163489018
141.0,40.0080593,-104.9533142,1631.2896,70.59168,0.67056,0.0,140.9061411137705
141.0999999999999,40.00805842,-104.9533134,1631.2896,70.59168,0.804672,0.0,144.2461127455632
141.19999999999993,40.00805748,-104.9533122,1631.2896,70.7136,1.34112,0.0,141.11550356628538
141.29999999999995,40.00805604,-104.9533107,1631.2896,70.7136,1.78816,0.0,140.79279649503218
141.39999999999998,40.00805451,-104.9533091,1631.2896,70.7136,2.101088,0.0,141.34019174590992
141.5,40.00805253,-104.953307,1631.2896,70.7136,2.503424,0.0,139.86451443776048
141.5999999999999,40.00805044,-104.9533048,1631.2896,70.7136,2.90576,0.0,140.98059952476348
141.69999999999993,40.00804795,-104.9533021,1631.2896,70.7136,3.308096,0.0,141.88172363063694
141.79999999999995,40.0080452,-104.9532994,1631.2896,70.7136,3.665728,0.0,142.1250163489018
141.89999999999998,40.0080422,-104.9532962,1631.2896,70.7136,4.068064,0.0,140.34305575857513
142.0,40.00803892,-104.9532928,1631.2896,70.7136,4.515104,0.0,141.08852815419516
142.0999999999999,40.00803545,-104.9532891,1631.2896,70.7136,4.828032,0.0,141.34019174590992
142.19999999999993,40.00803175,-104.9532854,1631.2896,70.80504,5.096256,0.0,141.0440921622411
142.29999999999995,40.00802783,-104.9532812,1631.2896,70.80504,5.409184,0.0,140.42522636842034
142.39999999999998,40.00802334,-104.9532768,1631.2896,70.80504,5.945632,0.0,141.00900595749454
142.5,40.00801895,-104.9532722,1631.2896,70.80504,6.25856,0.0,140.7105931374997
142.5999999999999,40.00801427,-104.9532674,1631.2896,70.80504,6.437376,0.0,140.98059952476348
142.69999999999993,40.00800945,-104.9532623,1631.2896,70.80504,6.795007999999999,0.0,140.99538680407545
142.79999999999995,40.00800435,-104.9532569,1631.2896,70.7136,7.1079360000000005,0.0,140.51147741602065
142.89999999999998,40.00799911,-104.9532514,1631.2896,70.7136,7.37616,0.0,140.97156589779644
143.19999999999993,40.00798198,-104.9532333,1631.2896,70.7136,8.002016,0.0,140.62462804144593
143.39999999999998,40.0079697,-104.9532203,1631.2896,70.7136,8.404352,0.0,140.26769712804423
143.5,40.00796331,-104.9532135,1631.2896,70.7136,8.896096,0.0,140.7302217011419
143.5999999999999,40.00795664,-104.9532065,1631.2896,70.7136,9.343136,0.0,140.5768586499238
143.69999999999993,40.00794988,-104.9531994,1631.2896,70.7136,9.566656,0.0,140.80357549584812
143.79999999999995,40.00794278,-104.9531919,1631.2896,70.7136,9.924288,0.0,141.0569522053096
143.89999999999998,40.00793563,-104.9531844,1631.2896,70.7136,10.147808,0.0,141.77215996611358
144.0,40.0079282,-104.9531769,1631.2896,70.7136,10.326624,0.0,141.60846433831688
144.0999999999999,40.00792066,-104.9531692,1631.2896,70.7136,10.550144,0.0,141.78897457443878
144.29999999999995,40.00790481,-104.9531532,1631.2896,70.7136,10.95248,0.0,142.34717017911635
144.5999999999999,40.00787988,-104.9531285,1631.2896,70.59168,11.39952,0.0,142.9542140977303
144.79999999999995,40.00786264,-104.953112,1631.2896,70.7136,11.712448,0.0,143.51578240435003
144.89999999999998,40.00785386,-104.9531036,1631.2896,70.59168,11.935968,0.0,143.76906225314758
145.0,40.00784497,-104.9530954,1631.2896,70.7136,12.114784,0.0,143.67816888524078
145.0999999999999,40.00783601,-104.9530869,1631.2896,70.59168,12.204192,0.0,144.0494305628789
145.19999999999993,40.00782689,-104.9530783,1631.2896,70.59168,12.427712,0.0,143.95742072897076
145.29999999999995,40.00781777,-104.9530697,1631.2896,70.59168,12.51712,0.0,144.1993897297561
145.39999999999998,40.00780863,-104.953061,1631.2896,70.59168,12.561824,0.0,144.1993897297561
145.5,40.00779936,-104.9530523,1631.2896,70.59168,12.651232,0.0,143.94275394840977
145.5999999999999,40.00778994,-104.9530437,1630.9848000000002,70.50024,12.74064,0.0,144.18054195762613
145.69999999999993,40.00778055,-104.953035,1630.9848000000002,70.50024,12.785344,-0.089408,144.18054195762613
145.79999999999995,40.00777132,-104.9530263,1630.9848000000002,70.50024,12.74064,-0.402336,144.53433194746293
145.89999999999998,40.00776237,-104.9530181,1631.2896,70.59168,12.383008,-0.491744,144.637538112931
146.0,40.00775395,-104.9530103,1631.2896,70.59168,11.801856,-0.402336,144.5666859897144
146.0999999999999,40.00774572,-104.9530028,1631.2896,70.59168,11.354816,-0.22352,144.6807988593851
146.19999999999993,40.00773741,-104.9529956,1631.2896,70.59168,11.131296,0.0,144.80609275989707
146.29999999999995,40.00772988,-104.9529887,1630.9848000000002,70.50024,10.639552,0.0,144.73272503297522
146.39999999999998,40.00772252,-104.9529817,1630.9848000000002,70.50024,10.192512,0.0,144.87405925175744
146.5,40.00771579,-104.9529755,1630.9848000000002,70.50024,9.656064,0.0,144.6986617377101
146.5999999999999,40.00770942,-104.9529694,1630.9848000000002,70.4088,8.985504,0.0,144.85647082136268
146.69999999999993,40.00770353,-104.952964,1630.9848000000002,70.4088,8.404352,0.0,145.19932949871253
146.79999999999995,40.00769802,-104.9529587,1630.9848000000002,70.4088,7.8232,0.0,144.7132510249403
146.89999999999998,40.007693,-104.9529541,1630.9848000000002,70.4088,7.242048,0.0,144.46232220802565
147.0,40.0076884,-104.9529498,1630.9848000000002,70.4088,6.571488,0.0,145.35905248808376
147.0999999999999,40.00768421,-104.9529459,1630.9848000000002,70.4088,5.990336,0.0,144.85132734280808
147.19999999999993,40.00768036,-104.9529424,1630.9848000000002,70.4088,5.453887999999999,-0.089408,145.00797980144137
147.29999999999995,40.00767693,-104.9529393,1630.9848000000002,70.4088,4.91744,-0.089408,145.3416452944789
147.39999999999998,40.00767395,-104.9529365,1630.9848000000002,70.50024,4.336288,-0.089408,146.4889812021592
147.5,40.00767118,-104.9529341,1630.9848000000002,70.50024,3.933952,-0.089408,146.513831184487
147.5999999999999,40.00766886,-104.9529318,1630.9848000000002,70.50024,3.442208,-0.089408,148.17255342332692
147.69999999999993,40.00766673,-104.95293,1631.2896,70.59168,2.995168,-0.089408,147.68038349181984
147.79999999999995,40.00766506,-104.9529285,1631.2896,70.59168,2.592832,-0.089408,149.82647997035565
147.89999999999998,40.00766356,-104.9529273,1631.2896,70.7136,2.056384,-0.089408,149.53445508054017
148.0,40.00766239,-104.9529265,1631.2896,70.7136,1.78816,-0.089408,149.34933204294714
148.0999999999999,40.0076615,-104.9529257,1631.2896,70.7136,1.34112,-0.089408,151.18920625702697
148.19999999999993,40.00766079,-104.952925,1631.2896,70.7136,1.0728959999999998,0.0,145.30484646876602
148.29999999999995,40.0076603,-104.9529245,1631.2896,70.80504,0.67056,0.0,147.52880770915152
148.39999999999998,40.00766001,-104.9529241,1631.2896,70.7136,0.67056,0.0,142.1250163489018
148.5,40.00765971,-104.9529237,1631.2896,70.7136,0.491744,0.0,144.46232220802565
148.5999999999999,40.00765947,-104.9529236,1631.2896,70.7136,0.0,0.0,135.0
148.69999999999993,40.00765925,-104.9529234,1631.2896,70.7136,0.0,0.0,158.19859051364824
148.79999999999995,40.00765921,-104.9529234,1631.2896,70.59168,0.0,0.0,158.19859051364824
148.89999999999998,40.00765906,-104.9529232,1631.2896,70.59168,0.0,0.0,135.0
149.0,40.00765914,-104.9529231,1631.2896,70.59168,0.0,0.0,135.0
149.0999999999999,40.00765904,-104.952923,1631.2896,70.59168,0.0,0.0,180.0
149.19999999999993,40.00765907,-104.9529232,1631.2896,70.59168,0.0,0.0,180.0
149.29999999999995,40.00765899,-104.9529231,1631.2896,70.59168,0.0,0.0,180.0
149.5,40.00765882,-104.9529231,1631.2896,70.59168,0.0,0.0,180.0
149.79999999999995,40.00765876,-104.952923,1630.9848000000002,70.50024,0.0,0.0,0.0
149.89999999999998,40.0076587,-104.9529229,1630.9848000000002,70.50024,0.0,0.0,0.0
150.0,40.0076587,-104.952923,1630.9848000000002,70.50024,0.0,0.0,0.0
150.0999999999999,40.00765866,-104.952923,1630.9848000000002,70.50024,0.0,0.0,0.0
150.19999999999993,40.00765852,-104.9529229,1630.9848000000002,70.50024,0.0,0.0,0.0
150.29999999999995,40.00765849,-104.9529229,1630.9848000000002,70.50024,0.0,0.0,0.0
150.5999999999999,40.00765836,-104.9529226,1630.9848000000002,70.50024,0.0,0.0,0.0
150.79999999999995,40.00765794,-104.9529221,1630.9848000000002,70.50024,0.2682239999999999,0.0,147.52880770915152
150.89999999999998,40.00765722,-104.9529215,1630.9848000000002,70.50024,0.44704,0.0,143.9726266148964
151.0,40.00765601,-104.9529204,1630.9848000000002,70.50024,1.34112,0.0,145.2221686336361
151.0999999999999,40.00765426,-104.9529188,1630.9848000000002,70.50024,2.01168,-0.089408,147.68038349181984
151.19999999999993,40.00765234,-104.952917,1630.9848000000002,70.50024,2.503424,-0.089408,146.30993247402023
151.29999999999995,40.00764965,-104.9529146,1630.9848000000002,70.50024,3.12928,-0.089408,146.8643904512811
151.39999999999998,40.00764656,-104.952912,1630.9848000000002,70.50024,3.844544,-0.089408,146.95187513002475
151.5,40.00764299,-104.9529089,1630.9848000000002,70.50024,4.380992,-0.089408,145.59733514502358
151.5999999999999,40.00763899,-104.9529056,1630.9848000000002,70.50024,5.006848,0.0,146.9565842431491
151.69999999999993,40.00763457,-104.9529018,1631.2896,70.59168,5.588,0.0,147.0114783863654
151.79999999999995,40.00762976,-104.9528979,1631.2896,70.59168,6.124447999999999,0.0,146.63363399894047
151.89999999999998,40.00762452,-104.9528933,1631.2896,70.59168,6.660896,0.0,146.6114864238885
152.0,40.00761879,-104.9528886,1631.2896,70.59168,7.242048,0.0,146.681374787391
152.0999999999999,40.00761276,-104.9528834,1631.2896,70.7136,7.778496,0.0,146.39700805973737
152.29999999999995,40.00759958,-104.9528719,1631.2896,70.7136,8.538464000000001,0.0,146.6221679635696
152.39999999999998,40.00759238,-104.9528658,1631.2896,70.80504,9.074912,0.0,147.3448404442385
152.5999999999999,40.00757669,-104.9528532,1631.2896,70.80504,10.013696,0.0,148.95247776808492
152.69999999999993,40.00756825,-104.9528468,1631.2896,70.80504,10.416032,0.0,150.4001709995294
152.79999999999995,40.00755901,-104.9528402,1631.2896,70.80504,11.310112,0.0,151.2284970305787
152.89999999999998,40.00754967,-104.9528337,1631.5944000000002,70.89648,11.757152,0.0,152.37224848409244
153.19999999999993,40.00751986,-104.9528144,1631.5944000000002,70.89648,12.204192,0.0,155.01876039378396
153.29999999999995,40.00750901,-104.9528081,1631.5944000000002,70.89648,12.561824,0.0,156.0959562069661
153.39999999999998,40.00749748,-104.9528017,1631.5944000000002,70.89648,13.545312,0.0,156.7768926801832
153.5,40.00748588,-104.9527955,1631.5944000000002,70.89648,13.947648,0.0,157.75864338134932
153.5999999999999,40.00747359,-104.9527892,1631.2896,70.80504,14.30528,0.0,158.86017519134236
153.79999999999995,40.00744776,-104.9527767,1631.2896,70.80504,15.109951999999998,0.089408,160.1045686652344
153.89999999999998,40.00743468,-104.9527708,1631.2896,70.80504,15.333472,0.089408,160.93080646265184
154.0,40.00742109,-104.9527651,1631.2896,70.80504,15.6464,0.089408,161.72004389057042
154.0999999999999,40.00740737,-104.9527594,1631.2896,70.80504,15.959328,0.089408,162.53090449683668
154.19999999999993,40.00739358,-104.9527537,1631.2896,70.80504,16.048735999999998,0.089408,162.86246898247623
154.29999999999995,40.00737932,-104.9527482,1631.2896,70.80504,16.316959999999998,0.0,163.43486787884626
154.39999999999998,40.00736474,-104.9527425,1631.2896,70.80504,16.719296,0.0,164.03358583901002
154.5,40.00735004,-104.9527371,1631.2896,70.80504,16.942816,0.0,164.24136983222763
154.5999999999999,40.00733621,-104.952732,1631.2896,70.80504,16.495776,0.0,164.69234047763644
154.69999999999993,40.00732125,-104.9527268,1631.2896,70.7136,16.585184,0.0,165.31678024760402
154.79999999999995,40.00730613,-104.9527214,1631.2896,70.7136,17.345152,0.0,165.39153306607113
154.89999999999998,40.00729087,-104.9527162,1631.2896,70.7136,17.479264,0.0,165.8219355852931
155.0,40.00727535,-104.952711,1631.2896,70.7136,17.658079999999998,0.0,165.99877839782994
155.0999999999999,40.00725979,-104.952706,1631.2896,70.59168,17.836896,0.0,166.34758366155188
155.19999999999993,40.00724393,-104.9527011,1631.2896,70.59168,17.971008,0.0,166.51532341136976
155.29999999999995,40.00722807,-104.9526962,1631.2896,70.59168,18.10512,0.0,166.92087621993323
155.39999999999998,40.00721193,-104.9526912,1630.9848000000002,70.50024,18.283936,0.0,166.9843572348941
155.5,40.00719583,-104.9526864,1630.9848000000002,70.50024,18.418048,0.0,167.04723548662446
155.5999999999999,40.00717845,-104.9526813,1630.9848000000002,70.50024,19.088608,0.0,167.4109918617138
155.69999999999993,40.00716202,-104.9526765,1630.9848000000002,70.50024,19.267424,0.0,167.87626175221067
155.79999999999995,40.00714575,-104.9526718,1630.9848000000002,70.4088,18.596864,0.0,168.25968478878815
155.89999999999998,40.00712912,-104.9526673,1630.9848000000002,70.4088,18.730976,0.0,168.60985883430703
156.0,40.00711266,-104.9526629,1630.9848000000002,70.4088,18.77568,0.0,168.92979742206057
156.0999999999999,40.00709587,-104.9526586,1630.9848000000002,70.4088,18.865088,-0.089408,169.38034472384493
156.19999999999993,40.00707909,-104.9526545,1630.9848000000002,70.4088,18.9992,-0.089408,169.69515353123393
156.29999999999995,40.00706214,-104.9526504,1630.9848000000002,70.28688,19.088608,-0.089408,169.69515353123393
156.39999999999998,40.00704535,-104.9526465,1630.9848000000002,70.28688,19.088608,-0.089408,170.03084373206195
156.5,40.00702828,-104.9526426,1630.9848000000002,70.28688,19.133312,-0.089408,170.34010692155766
156.5999999999999,40.00701109,-104.952639,1630.9848000000002,70.28688,19.312128,-0.089408,170.77832302628417
156.69999999999993,40.00699386,-104.9526353,1630.9848000000002,70.28688,19.356832,-0.089408,170.82077892163022
156.79999999999995,40.00697693,-104.9526316,1630.9848000000002,70.4088,19.267424,-0.089408,171.08250522232265
156.89999999999998,40.0069596,-104.9526281,1630.9848000000002,70.4088,19.312128,-0.089408,171.40408856307909
157.0,40.00694236,-104.9526247,1630.9848000000002,70.4088,19.44624,-0.22352,171.44329402758524
157.0999999999999,40.00692495,-104.9526212,1630.9848000000002,70.4088,19.490944,-0.22352,171.70285503016316
157.19999999999993,40.00690745,-104.952618,1630.9848000000002,70.28688,19.625056,-0.089408,171.70285503016316
157.29999999999995,40.00688996,-104.9526148,1630.9848000000002,70.28688,19.625056,-0.089408,172.12881806316898
157.39999999999998,40.00687254,-104.9526115,1630.9848000000002,70.28688,19.580352,-0.089408,172.1644748935114
157.5,40.00685493,-104.9526084,1630.9848000000002,70.28688,19.66976,-0.22352,172.42257291079216
157.5999999999999,40.00683715,-104.9526052,1630.9848000000002,70.4088,19.848576,-0.22352,172.45677370960107
157.69999999999993,40.00681945,-104.9526022,1630.9848000000002,70.4088,19.89328,-0.22352,172.71404087351982
157.79999999999995,40.00680148,-104.9525992,1630.9848000000002,70.4088,19.982688,-0.22352,172.76307797403206
157.89999999999998,40.0067837,-104.9525962,1630.9848000000002,70.4088,20.027392,-0.22352,173.0189425931702
158.0,40.00676601,-104.9525933,1630.9848000000002,70.4088,19.89328,-0.089408,173.0189425931702
158.0999999999999,40.00674817,-104.9525904,1630.9848000000002,70.4088,19.89328,-0.089408,173.43278307464402
158.19999999999993,40.00673049,-104.9525877,1630.9848000000002,70.4088,19.89328,-0.089408,173.43278307464402
158.29999999999995,40.00671263,-104.9525849,1630.9848000000002,70.4088,19.89328,-0.089408,173.6882006102959
158.39999999999998,40.00669476,-104.9525822,1630.9848000000002,70.4088,19.982688,-0.089408,173.6882006102959
158.5,40.00667684,-104.9525795,1630.9848000000002,70.4088,20.027392,-0.089408,173.71634082529863
158.5999999999999,40.00665892,-104.9525768,1630.9848000000002,70.4088,20.072096,0.0,173.71634082529863
158.69999999999993,40.00664096,-104.9525742,1630.9848000000002,70.4088,20.072096,-0.089408,173.99766642858367
158.79999999999995,40.00662294,-104.9525718,1630.9848000000002,70.50024,20.1168,-0.22352,173.99766642858367
158.89999999999998,40.00660489,-104.9525692,1630.9848000000002,70.50024,20.161504,-0.22352,173.99766642858367
159.0,40.00658679,-104.9525668,1631.2896,70.59168,20.206208,-0.22352,174.25133658271227
159.0999999999999,40.00656872,-104.9525644,1631.2896,70.59168,20.206208,-0.089408,174.25133658271227
159.19999999999993,40.00655046,-104.9525621,1631.2896,70.59168,20.295616,0.0,174.25133658271227
159.29999999999995,40.00653236,-104.9525597,1631.2896,70.59168,20.295616,0.0,174.5416428711685
159.39999999999998,40.00651418,-104.9525574,1631.2896,70.59168,20.250912,-0.089408,174.5416428711685
159.5,40.00649603,-104.952555,1631.2896,70.59168,20.295616,-0.089408,174.5416428711685
159.5999999999999,40.006478,-104.9525527,1631.2896,70.59168,20.206208,0.0,174.5416428711685
159.69999999999993,40.00645983,-104.9525504,1631.2896,70.59168,20.206208,0.0,174.5416428711685
159.79999999999995,40.00644174,-104.9525482,1631.2896,70.7136,20.250912,0.0,174.5416428711685
159.89999999999998,40.00642355,-104.952546,1631.2896,70.7136,20.250912,0.0,174.56564998813258
160.0,40.00640534,-104.9525437,1631.2896,70.7136,20.34032,0.0,174.94275146744087
160.0999999999999,40.00638714,-104.9525415,1631.2896,70.7136,20.34032,0.0,174.94275146744087
160.19999999999993,40.006369,-104.952539,1631.2896,70.7136,20.295616,0.0,174.94275146744087
160.29999999999995,40.00635078,-104.9525368,1631.2896,70.7136,20.295616,0.0,174.94275146744087
160.39999999999998,40.00633266,-104.9525346,1631.2896,70.7136,20.295616,0.0,174.94275146744087
160.5,40.00631442,-104.9525324,1631.2896,70.7136,20.295616,0.0,174.96491532054335
160.5999999999999,40.00629619,-104.9525302,1631.2896,70.7136,20.385024,0.0,174.96491532054335
160.69999999999993,40.00627792,-104.952528,1631.2896,70.7136,20.385024,0.0,174.96491532054335
160.79999999999995,40.00625958,-104.9525259,1631.2896,70.7136,20.429728,0.0,174.96491532054335
160.89999999999998,40.00624129,-104.9525237,1631.2896,70.7136,20.429728,0.0,174.96491532054335
161.0,40.00622288,-104.9525215,1631.2896,70.7136,20.474432,-0.089408,174.96491532054335
161.0999999999999,40.00620458,-104.9525193,1631.2896,70.7136,20.474432,-0.089408,174.96491532054335
161.19999999999993,40.00618615,-104.9525171,1631.2896,70.7136,20.519136,-0.089408,174.96491532054335
161.29999999999995,40.0061679,-104.9525149,1631.2896,70.7136,20.474432,0.0,174.94275146744087
161.39999999999998,40.00614958,-104.9525129,1631.2896,70.7136,20.385024,0.0,174.94275146744087
161.5,40.00613133,-104.9525108,1631.2896,70.7136,20.385024,0.089408,174.96491532054335
161.5999999999999,40.006113,-104.9525085,1631.2896,70.59168,20.429728,0.0,174.96491532054335
161.69999999999993,40.00609464,-104.9525064,1631.2896,70.7136,20.474432,0.0,174.98688624496413
161.79999999999995,40.00607608,-104.9525043,1631.2896,70.7136,20.608544,-0.089408,175.23635830927378
161.89999999999998,40.00605767,-104.9525022,1631.2896,70.7136,20.653248,-0.089408,175.23635830927378
162.0,40.00604069,-104.9525002,1631.2896,70.7136,19.759168000000003,0.0,175.23635830927378
162.0999999999999,40.00602245,-104.9524981,1631.2896,70.7136,19.66976,0.0,175.23635830927378
162.19999999999993,40.00600243,-104.9524959,1631.2896,70.7136,21.368512,0.0,175.23635830927378
162.29999999999995,40.00598399,-104.9524938,1631.2896,70.7136,21.45792,-0.089408,175.23635830927378
162.39999999999998,40.00596555,-104.9524918,1631.2896,70.7136,20.56384,-0.089408,175.23635830927378
162.5,40.00594714,-104.9524898,1631.2896,70.7136,20.56384,0.0,175.48601154199878
162.5999999999999,40.00592883,-104.9524877,1631.2896,70.7136,20.474432,0.0,175.48601154199878
162.69999999999993,40.00591044,-104.9524857,1631.2896,70.7136,20.474432,0.0,175.48601154199878
162.79999999999995,40.00589193,-104.9524838,1631.2896,70.7136,20.56384,0.0,175.23635830927378
162.89999999999998,40.00587347,-104.9524818,1631.2896,70.7136,20.608544,0.0,175.23635830927378
163.0,40.00585513,-104.9524796,1631.2896,70.7136,20.519136,0.0,174.98688624496413
163.0999999999999,40.00583672,-104.9524773,1631.2896,70.7136,20.519136,-0.089408,174.1152938944001
163.19999999999993,40.00581845,-104.9524745,1631.2896,70.7136,20.519136,-0.089408,173.21695114479883
163.29999999999995,40.00580018,-104.9524715,1631.2896,70.7136,20.474432,-0.22352,172.4385715723331
163.39999999999998,40.00578206,-104.9524681,1631.2896,70.7136,20.429728,-0.089408,171.47550238909844
163.5,40.00576408,-104.9524642,1631.2896,70.7136,20.295616,-0.089408,170.0141563646871
163.5999999999999,40.00574627,-104.9524597,1631.2896,70.7136,20.206208,-0.089408,168.7655559928579
163.69999999999993,40.00572865,-104.9524548,1631.2896,70.7136,20.072096,0.0,167.5271178753453
163.79999999999995,40.00571125,-104.9524496,1631.2896,70.59168,19.937984,0.0,166.27770286686643
163.89999999999998,40.00569401,-104.9524437,1631.2896,70.59168,19.848576,0.0,164.9847067589376
164.0,40.00567674,-104.9524374,1631.2896,70.59168,19.848576,0.0,163.7866183100141
164.0999999999999,40.00565978,-104.9524306,1631.2896,70.59168,19.803872,0.0,162.47443162627712
164.19999999999993,40.00564303,-104.9524235,1631.2896,70.59168,19.625056,0.089408,161.77189424785536
164.29999999999995,40.00562637,-104.952416,1631.2896,70.7136,19.580352,0.0,160.6109012082644
164.39999999999998,40.00560967,-104.9524082,1631.2896,70.7136,19.66976,0.0,159.61301372505034
164.5,40.00559324,-104.9523999,1631.2896,70.80504,19.66976,0.0,158.6612323119817
164.5999999999999,40.00557678,-104.9523914,1631.2896,70.80504,19.625056,0.0,157.71242670840934
164.69999999999993,40.00556055,-104.9523825,1631.5944000000002,70.89648,19.625056,0.0,156.732295189943
164.79999999999995,40.00554448,-104.9523731,1631.5944000000002,70.89648,19.580352,-0.089408,155.78422747040213
164.89999999999998,40.00552845,-104.9523636,1631.5944000000002,70.89648,19.580352,0.0,155.1973398465825
165.0,40.00551232,-104.9523538,1631.5944000000002,70.89648,19.66976,0.0,154.8406980839684
165.29999999999995,40.00546428,-104.9523242,1631.5944000000002,70.89648,19.714464,0.0,155.4159053045621
165.39999999999998,40.00544908,-104.9523153,1631.5944000000002,70.89648,19.401536,0.0,156.0507036983439
165.5,40.00543289,-104.9523061,1631.5944000000002,70.89648,19.088608,0.0,156.989488063164
165.5999999999999,40.00541523,-104.9522964,1631.5944000000002,70.89648,20.474432,0.0,158.17432292530134
165.69999999999993,40.00539873,-104.952288,1631.5944000000002,70.89648,20.474432,0.0,159.36723310758782
165.79999999999995,40.00538229,-104.95228,1631.5944000000002,70.89648,19.625056,0.0,160.6109012082644
165.89999999999998,40.00536565,-104.9522726,1631.2896,70.80504,19.535648,0.0,161.60678152622722
166.0,40.00534916,-104.9522654,1631.2896,70.80504,19.44624,0.0,162.81950279975956
166.0999999999999,40.00533241,-104.9522589,1631.2896,70.80504,19.401536,0.089408,163.78211512852204
166.19999999999993,40.00531581,-104.9522525,1631.2896,70.7136,19.356832,0.089408,164.6749800146083
166.29999999999995,40.00529893,-104.9522466,1631.2896,70.7136,19.312128,0.089408,165.2564371635293
166.39999999999998,40.00528213,-104.9522408,1631.2896,70.7136,19.356832,0.089408,165.89927059474064
166.5,40.00526515,-104.9522353,1631.2896,70.7136,19.401536,0.0,166.2523170557172
166.5999999999999,40.00524848,-104.9522298,1631.2896,70.7136,19.312128,0.0,166.2523170557172
166.69999999999993,40.00523144,-104.9522245,1631.2896,70.7136,19.312128,0.0,166.5708837300291
166.79999999999995,40.00521454,-104.952219,1631.2896,70.7136,19.401536,0.0,166.9559306228208
166.89999999999998,40.00519741,-104.9522138,1631.2896,70.7136,19.44624,0.0,167.01522953545054
167.0,40.00518035,-104.9522089,1631.2896,70.7136,19.490944,0.0,167.27150653892852
167.0999999999999,40.00516312,-104.9522038,1631.2896,70.7136,19.535648,0.0,167.58490244572693
167.19999999999993,40.00514594,-104.9521989,1631.2896,70.7136,19.580352,0.0,167.66886053401197
167.29999999999995,40.00512861,-104.952194,1631.2896,70.7136,19.625056,0.0,167.9234436147242
167.39999999999998,40.00511134,-104.9521894,1631.2896,70.59168,19.66976,0.0,168.2317110679794
167.5,40.00509393,-104.9521846,1631.2896,70.7136,19.66976,0.0,168.2317110679794
167.5999999999999,40.00507783,-104.9521803,1631.2896,70.59168,19.043904,0.0,168.66468171483052
167.69999999999993,40.00506049,-104.9521757,1631.2896,70.59168,18.954496,0.0,168.66468171483052
167.79999999999995,40.00504276,-104.9521711,1631.2896,70.59168,19.89328,0.0,168.66468171483052
167.89999999999998,40.00502534,-104.9521666,1631.2896,70.59168,19.937984,0.0,168.91874126328753
168.0,40.00500654,-104.9521619,1630.9848000000002,70.50024,20.519136,0.0,168.9683229872254
168.0999999999999,40.00498895,-104.9521574,1630.9848000000002,70.50024,20.608544,0.0,168.9683229872254
168.19999999999993,40.00497126,-104.952153,1630.9848000000002,70.50024,19.982688,0.0,169.2217408950113
168.29999999999995,40.0049536,-104.9521487,1630.9848000000002,70.50024,19.982688,0.0,169.52257640399512
168.39999999999998,40.00493587,-104.9521444,1630.9848000000002,70.50024,20.027392,0.0,169.90249561592475
168.5,40.00491815,-104.9521402,1630.9848000000002,70.50024,20.027392,-0.089408,170.15627660930568
168.5999999999999,40.00490037,-104.9521365,1630.9848000000002,70.50024,20.027392,-0.089408,170.7273982227997
168.69999999999993,40.0048826,-104.9521328,1630.9848000000002,70.50024,20.027392,-0.089408,171.1074512917519
168.79999999999995,40.00486483,-104.9521291,1630.9848000000002,70.4088,20.027392,-0.089408,171.61541298900397
168.89999999999998,40.00484703,-104.9521257,1630.9848000000002,70.4088,19.982688,-0.089408,171.86989764584405
169.0,40.00482918,-104.9521225,1630.9848000000002,70.4088,20.027392,-0.089408,172.5409476328673
169.0999999999999,40.00481129,-104.9521195,1630.9848000000002,70.4088,20.027392,-0.089408,172.7954062307208
169.19999999999993,40.00479348,-104.9521164,1630.9848000000002,70.4088,20.027392,-0.089408,173.0810826884823
169.29999999999995,40.00477554,-104.9521137,1630.9848000000002,70.4088,20.027392,-0.089408,173.71634082529863
169.39999999999998,40.00475748,-104.952111,1630.9848000000002,70.4088,20.161504,-0.089408,173.97088790945088
169.5,40.0047395,-104.9521085,1630.9848000000002,70.28688,20.161504,-0.089408,174.22567409733676
169.5999999999999,40.00472149,-104.952106,1630.9848000000002,70.28688,20.1168,-0.089408,174.4806896356347
169.69999999999993,40.00470355,-104.9521037,1630.9848000000002,70.4088,20.072096,-0.22352,174.84055731599324
169.79999999999995,40.00468554,-104.9521016,1630.9848000000002,70.28688,20.072096,-0.22352,175.09723920768647
169.89999999999998,40.0046676,-104.9520995,1630.9848000000002,70.4088,20.072096,-0.22352,175.37490810128554
170.0,40.00464969,-104.9520975,1630.9848000000002,70.4088,19.982688,-0.089408,175.63083362477937
170.0999999999999,40.00463176,-104.9520957,1630.9848000000002,70.4088,19.982688,-0.089408,175.9971141132139
170.19999999999993,40.00461377,-104.9520939,1630.9848000000002,70.4088,20.027392,0.0,175.9971141132139
170.29999999999995,40.00459584,-104.9520923,1630.9848000000002,70.4088,20.027392,0.0,176.25460452090476
170.39999999999998,40.00457774,-104.9520908,1630.9848000000002,70.4088,20.072096,-0.089408,176.52788338241362
170.5,40.00455976,-104.9520893,1630.9848000000002,70.4088,20.072096,-0.089408,176.7845160082518
170.5999999999999,40.00454178,-104.9520879,1630.9848000000002,70.50024,20.027392,-0.089408,176.7845160082518
170.69999999999993,40.00452379,-104.9520865,1630.9848000000002,70.50024,20.027392,-0.089408,177.16970403947607
170.79999999999995,40.004506,-104.9520852,1630.9848000000002,70.50024,19.937984,-0.089408,177.16970403947607
170.89999999999998,40.00448802,-104.9520839,1630.9848000000002,70.50024,19.89328,-0.089408,177.42664053682324
171.0,40.00446988,-104.9520829,1630.9848000000002,70.50024,20.1168,0.0,177.43813907506546
171.0999999999999,40.00445182,-104.9520818,1630.9848000000002,70.50024,20.161504,-0.089408,177.69403327600503
171.19999999999993,40.00443367,-104.9520807,1630.9848000000002,70.50024,20.161504,-0.089408,177.96367454520168
171.29999999999995,40.00441554,-104.9520797,1630.9848000000002,70.50024,20.206208,-0.089408,177.96367454520168
171.39999999999998,40.00439724,-104.9520789,1630.9848000000002,70.50024,20.250912,-0.089408,177.96367454520168
171.5,40.00437912,-104.952078,1630.9848000000002,70.50024,20.250912,0.0,178.33414934769098
171.5999999999999,40.00436099,-104.9520773,1630.9848000000002,70.50024,20.161504,0.0,178.33414934769098
171.69999999999993,40.00434287,-104.9520766,1630.9848000000002,70.4088,20.161504,-0.089408,178.5903212567904
171.79999999999995,40.00432471,-104.952076,1630.9848000000002,70.50024,20.161504,-0.089408,178.5903212567904
171.89999999999998,40.00430658,-104.9520753,1630.9848000000002,70.50024,20.161504,-0.089408,178.8465495488947
172.0,40.00428859,-104.9520748,1630.9848000000002,70.50024,20.072096,-0.089408,178.85423716182493
172.0999999999999,40.00427042,-104.9520742,1630.9848000000002,70.50024,20.1168,-0.22352,178.85423716182493
172.19999999999993,40.00425216,-104.9520737,1630.9848000000002,70.50024,20.250912,-0.22352,178.85423716182493
172.29999999999995,40.00423398,-104.9520732,1630.9848000000002,70.50024,20.250912,-0.22352,179.10880419650744
172.39999999999998,40.0042158,-104.9520728,1630.9848000000002,70.50024,20.206208,-0.089408,179.10880419650744
172.5,40.00419758,-104.9520724,1630.9848000000002,70.50024,20.250912,-0.089408,179.1127469089904
172.5999999999999,40.00417928,-104.952072,1630.9848000000002,70.50024,20.295616,-0.089408,179.3662229794976
172.69999999999993,40.00416097,-104.9520717,1630.9848000000002,70.4088,20.34032,-0.089408,179.36901472251498
172.79999999999995,40.00414266,-104.9520713,1630.9848000000002,70.4088,20.385024,-0.089408,179.36901472251498
172.89999999999998,40.00412434,-104.9520711,1630.9848000000002,70.4088,20.385024,0.0,179.36901472251498
173.0,40.00410612,-104.952071,1630.9848000000002,70.28688,20.295616,0.0,179.74759731771087
173.0999999999999,40.0040878,-104.9520708,1630.9848000000002,70.28688,20.295616,-0.089408,179.74759731771087
173.19999999999993,40.00406935,-104.9520706,1630.9848000000002,70.28688,20.429728,-0.089408,179.74759731771087
173.29999999999995,40.00405096,-104.9520705,1630.9848000000002,70.4088,20.474432,-0.22352,179.74870433279102
173.39999999999998,40.00403245,-104.9520705,1630.9848000000002,70.4088,20.519136,-0.22352,180.0
173.5,40.004014,-104.9520704,1630.9848000000002,70.4088,20.56384,-0.22352,180.0
173.5999999999999,40.0039956,-104.9520702,1630.9848000000002,70.28688,20.474432,-0.22352,180.0
173.69999999999993,40.00397708,-104.9520702,1630.9848000000002,70.28688,20.519136,-0.22352,180.0
173.79999999999995,40.00395848,-104.9520702,1630.9848000000002,70.28688,20.653248,-0.22352,180.0
173.89999999999998,40.00393993,-104.9520701,1630.9848000000002,70.28688,20.653248,-0.22352,179.75034676727512
174.0,40.00392146,-104.9520699,1630.9848000000002,70.28688,20.56384,-0.089408,178.86930904876203
174.0999999999999,40.00390321,-104.952069,1630.9848000000002,70.28688,20.429728,-0.22352,177.18234710317074
174.19999999999993,40.00388533,-104.9520673,1630.9848000000002,70.28688,20.1168,-0.402336,174.73415968822087
174.29999999999995,40.00386816,-104.9520648,1630.9848000000002,70.28688,19.580352,-0.491744,172.63892232842204
174.39999999999998,40.00385196,-104.9520617,1630.9848000000002,70.4088,18.686272,-0.402336,171.00519723622529
174.5,40.00383635,-104.9520582,1630.9848000000002,70.4088,17.926304000000002,-0.402336,169.65514251852483
174.5999999999999,40.00382101,-104.9520543,1630.9848000000002,70.4088,17.479264,-0.402336,168.32121567193963
174.69999999999993,40.00380703,-104.9520503,1630.9848000000002,70.50024,16.629888,-0.312928,167.00538320808346
174.79999999999995,40.00379301,-104.9520459,1631.2896,70.59168,15.959328,-0.22352,165.63136995188393
174.89999999999998,40.00378029,-104.9520414,1631.2896,70.59168,15.333472,-0.089408,164.61943917769463
175.0,40.00376774,-104.9520362,1631.2896,70.59168,14.618208,0.0,162.92475761051958
175.0999999999999,40.00375637,-104.9520313,1631.2896,70.59168,13.992352,-0.089408,161.12863909831287
175.19999999999993,40.00374542,-104.9520258,1631.2896,70.59168,13.18768,-0.089408,159.34741606888645
175.29999999999995,40.00373538,-104.9520205,1631.2896,70.7136,12.561824,-0.089408,157.3465206354507
175.39999999999998,40.00372576,-104.9520145,1631.2896,70.80504,11.935968,-0.089408,155.27268561330993
175.5,40.00371694,-104.9520089,1631.2896,70.80504,11.39952,0.0,153.32745217698255
175.5999999999999,40.00370875,-104.9520027,1631.5944000000002,70.89648,10.72896,-0.089408,150.3805608223053
175.69999999999993,40.00370114,-104.9519967,1631.5944000000002,70.89648,10.192512,0.0,148.07912378006682
175.79999999999995,40.00369418,-104.9519904,1631.5944000000002,70.89648,9.656064,0.0,145.3758449200511
175.89999999999998,40.00368772,-104.9519841,1631.5944000000002,70.98792,9.209024,0.0,142.30575953331083
176.0,40.00368209,-104.9519777,1631.5944000000002,70.98792,8.627872,0.0,138.0821808245281
176.0999999999999,40.00367688,-104.9519711,1631.5944000000002,70.98792,8.180832,0.0,135.0
176.19999999999993,40.00367241,-104.9519645,1631.5944000000002,70.98792,7.778496,0.0,129.3624571155401
176.29999999999995,40.00366847,-104.9519576,1631.5944000000002,70.98792,7.420864000000001,0.0,124.69515353123398
176.39999999999998,40.00366547,-104.9519508,1631.5944000000002,71.10984,6.973824,0.089408,119.93151184050782
176.5,40.00366275,-104.9519438,1631.5944000000002,71.10984,6.7056,0.089408,114.44395478041656
176.5999999999999,40.00366088,-104.9519367,1631.5944000000002,71.10984,6.526784,0.089408,108.56312708674557
176.69999999999993,40.00365933,-104.9519295,1631.5944000000002,71.10984,6.392672,0.089408,102.75002583581636
176.79999999999995,40.00365849,-104.9519222,1631.5944000000002,71.10984,6.303264,0.089408,97.37853584267384
176.89999999999998,40.00365808,-104.9519147,1631.5944000000002,71.10984,6.303264,0.089408,92.0309142368531
177.0,40.00365842,-104.9519074,1631.5944000000002,71.10984,6.25856,0.089408,87.15786211634435
177.0999999999999,40.00365908,-104.9518998,1631.5944000000002,71.10984,6.347968,0.089408,82.03824910899192
177.19999999999993,40.00366049,-104.9518922,1631.5944000000002,70.98792,6.616192,0.22352,76.80353680778154
177.29999999999995,40.00366218,-104.9518843,1631.5944000000002,70.98792,6.795007999999999,0.22352,72.381839949425
177.39999999999998,40.0036646,-104.9518767,1631.5944000000002,70.89648,6.973824,0.22352,68.86017519134236
177.5,40.00366732,-104.9518687,1631.5944000000002,70.89648,7.242048,0.22352,64.65382405805332
177.5999999999999,40.00367078,-104.9518609,1631.2896,70.80504,7.554975999999999,0.22352,61.36313675087479
177.69999999999993,40.00367451,-104.9518527,1631.2896,70.80504,7.912608,0.089408,58.06155108332814
177.79999999999995,40.00367888,-104.9518446,1631.2896,70.80504,8.27024,0.089408,55.724448537471176
177.89999999999998,40.00368357,-104.9518363,1631.2896,70.80504,8.627872,0.089408,53.18780201190452
178.0,40.00368901,-104.9518279,1631.2896,70.7136,9.074912,0.089408,51.08074093281698
178.0999999999999,40.00369462,-104.9518194,1631.2896,70.7136,9.477248,0.089408,49.139189255726194
178.19999999999993,40.00370071,-104.951811,1631.2896,70.7136,9.700768,0.089408,46.99999229903421
178.29999999999995,40.00370718,-104.9518023,1631.2896,70.59168,10.103104,0.089408,45.522439436958734
178.39999999999998,40.00371408,-104.9517937,1631.2896,70.59168,10.50544,0.0,44.32596310201552
178.5,40.0037214,-104.9517848,1631.2896,70.59168,10.863072,0.0,42.89091026274224
178.5999999999999,40.00372936,-104.9517759,1631.2896,70.59168,11.354816,0.0,41.522213480201856
178.69999999999993,40.00373747,-104.9517669,1631.2896,70.7136,11.757152,0.0,40.55431164650429
178.79999999999995,40.0037458,-104.9517578,1631.2896,70.59168,11.980672,0.0,39.80557109226521
178.89999999999998,40.00375456,-104.9517486,1631.2896,70.59168,12.2936,0.0,38.88449643371462
179.0,40.00376369,-104.9517395,1631.2896,70.59168,12.651232,0.0,37.99873244250466
179.0999999999999,40.00377305,-104.9517302,1631.2896,70.59168,12.919455999999998,0.0,37.22236210987069
179.19999999999993,40.00378291,-104.951721,1631.2896,70.59168,13.277088,0.0,36.52312177553898
179.29999999999995,40.00379286,-104.9517117,1631.2896,70.59168,13.545312,0.0,36.041219634112224
179.39999999999998,40.00380308,-104.9517023,1631.2896,70.59168,13.768832,0.0,35.279784051939146
179.5,40.00381359,-104.9516929,1631.2896,70.7136,14.037056,0.0,34.545916214216504
179.5999999999999,40.00382426,-104.9516833,1631.2896,70.7136,14.30528,0.0,34.23337328830138
179.69999999999993,40.00383525,-104.9516738,1631.2896,70.59168,14.5288,0.0,34.03024203319944
179.79999999999995,40.00384654,-104.9516642,1631.2896,70.59168,14.797024,0.0,33.450738176440666
179.89999999999998,40.00385802,-104.9516545,1631.2896,70.59168,15.065248,0.0,33.40782458970892
180.0,40.00386956,-104.9516448,1631.2896,70.59168,15.19936,0.089408,33.03794860233376
180.0999999999999,40.00388142,-104.9516351,1630.9848000000002,70.50024,15.42288,0.089408,32.68578222197789
180.19999999999996,40.00389355,-104.9516252,1630.9848000000002,70.50024,15.735808,0.089408,32.07400087529402
180.29999999999995,40.00390591,-104.9516153,1630.9848000000002,70.50024,16.004032,0.0,31.75305463014496
180.4,40.00391914,-104.9516045,1630.9848000000002,70.50024,16.719296,-0.089408,31.525724204349277
180.5,40.00393205,-104.9515943,1631.2896,70.59168,17.076928000000002,-0.089408,31.122470196791998
180.5999999999999,40.00394414,-104.9515847,1631.2896,70.59168,16.227552,-0.089408,31.19868096300729
180.69999999999996,40.00395736,-104.9515745,1630.9848000000002,70.50024,16.406368,0.0,30.808903450976004
180.79999999999995,40.00397067,-104.9515642,1630.9848000000002,70.50024,17.166335999999998,-0.089408,30.60820218078709
180.9,40.0039843,-104.9515538,1630.9848000000002,70.50024,17.389855999999998,-0.089408,30.235353160980253
181.0,40.00399798,-104.9515436,1630.9848000000002,70.50024,17.523968,-0.089408,29.942948884639577
181.0999999999999,40.00401195,-104.9515332,1630.9848000000002,70.50024,17.702784,0.0,29.833711891679968
181.19999999999996,40.00402612,-104.9515227,1630.9848000000002,70.50024,18.015712,0.0,29.551136700431755
181.29999999999995,40.00404042,-104.9515123,1630.9848000000002,70.50024,18.149824,0.0,29.411668092894104
181.4,40.00405471,-104.9515019,1630.9848000000002,70.50024,18.194528,0.0,29.068190956662875
181.5,40.00406935,-104.9514915,1630.9848000000002,70.50024,18.32864,0.0,28.79864064536912
181.5999999999999,40.0040842,-104.9514809,1630.9848000000002,70.50024,18.686272,-0.089408,28.226224712743143
181.69999999999996,40.00409921,-104.9514706,1630.9848000000002,70.50024,18.865088,0.0,27.96818161295204
181.79999999999995,40.00411442,-104.9514602,1630.9848000000002,70.50024,18.954496,0.0,27.651669071313396
181.9,40.00412973,-104.9514499,1630.9848000000002,70.50024,19.088608,0.0,27.403174164243296
182.0,40.00414517,-104.9514394,1630.9848000000002,70.50024,19.267424,0.0,27.21949163986585
182.0999999999999,40.00416078,-104.9514292,1630.9848000000002,70.50024,19.401536,0.0,26.742436924610278
182.19999999999996,40.00417644,-104.9514188,1630.9848000000002,70.50024,19.490944,0.0,26.623936849575276
182.29999999999995,40.00419232,-104.9514085,1630.9848000000002,70.50024,19.625056,0.0,26.331905853464438
182.4,40.00420836,-104.9513983,1630.9848000000002,70.50024,19.759168000000003,-0.089408,26.102532226930062
182.5,40.00422455,-104.9513882,1631.2896,70.59168,19.89328,-0.089408,25.641005824305296
182.5999999999999,40.00424086,-104.9513779,1631.2896,70.59168,20.027392,0.0,25.24219097532904
182.69999999999996,40.00425723,-104.9513679,1631.2896,70.59168,20.1168,0.0,25.13295499291337
182.79999999999995,40.0042737,-104.951358,1630.9848000000002,70.50024,20.1168,0.0,24.91711526233155
182.9,40.00429033,-104.9513481,1631.2896,70.59168,20.250912,0.0,24.757500243184552
183.0,40.0043082,-104.9513375,1631.2896,70.59168,21.100288000000003,-0.089408,24.42309719869752
183.0999999999999,40.00432506,-104.9513275,1631.2896,70.59168,21.189696,0.0,24.42309719869752
183.19999999999996,40.00434042,-104.9513184,1631.2896,70.59168,19.66976,0.0,24.19320898728876
183.29999999999995,40.00435719,-104.9513086,1631.2896,70.59168,19.580352,0.0,24.09015315616085
183.4,40.00437404,-104.9512989,1630.9848000000002,70.50024,20.474432,0.0,23.987919855958808
183.5,40.00439092,-104.9512892,1630.9848000000002,70.50024,20.519136,0.0,23.64375739643924
183.5999999999999,40.00440799,-104.9512795,1631.2896,70.59168,20.608544,0.0,23.493589060007597
183.69999999999996,40.00442495,-104.9512699,1630.9848000000002,70.50024,20.608544,0.0,23.493589060007597
183.79999999999995,40.0044419,-104.9512603,1630.9848000000002,70.50024,20.56384,0.0,23.16588744670128
183.9,40.00445896,-104.9512507,1630.9848000000002,70.50024,20.608544,-0.089408,23.16588744670128
184.19999999999996,40.00451046,-104.9512224,1630.9848000000002,70.50024,20.697952,-0.089408,22.83968087185906
184.29999999999995,40.00452759,-104.9512131,1630.9848000000002,70.50024,20.697952,-0.089408,22.610291718469853
184.4,40.00454484,-104.9512039,1630.9848000000002,70.4088,20.653248,0.0,22.706370840305908
184.5,40.00456196,-104.9511947,1630.9848000000002,70.4088,20.653248,0.0,22.3801350519596
184.5999999999999,40.00457919,-104.9511855,1630.9848000000002,70.28688,20.653248,0.0,22.285587646832766
184.69999999999996,40.00459643,-104.9511763,1630.9848000000002,70.4088,20.697952,0.0,22.285587646832766
184.79999999999995,40.00461381,-104.9511669,1630.9848000000002,70.4088,20.78736,-0.22352,22.37343300736353
184.9,40.00463116,-104.9511577,1630.9848000000002,70.4088,20.876768,-0.089408,22.14518003822332
185.0,40.00464863,-104.9511485,1630.9848000000002,70.50024,20.876768,-0.089408,22.14518003822332
185.0999999999999,40.004666,-104.9511394,1630.9848000000002,70.4088,20.876768,-0.089408,22.14518003822332
185.19999999999996,40.0046834,-104.95113,1630.9848000000002,70.4088,20.876768,-0.089408,22.14518003822332
185.29999999999995,40.00470079,-104.9511208,1630.9848000000002,70.4088,20.876768,-0.089408,21.70988275987122
185.4,40.00471814,-104.9511117,1630.9848000000002,70.4088,20.832064,-0.089408,21.70988275987122
185.5,40.00473557,-104.9511027,1630.9848000000002,70.4088,20.832064,-0.089408,21.480556475034007
185.5999999999999,40.0047531,-104.9510938,1630.9848000000002,70.50024,20.876768,-0.089408,21.161259816828306
185.69999999999996,40.00477062,-104.9510849,1630.9848000000002,70.4088,20.876768,-0.089408,21.161259816828306
185.79999999999995,40.00478821,-104.9510761,1630.9848000000002,70.50024,20.921472,-0.089408,20.931276698125146
185.9,40.00480578,-104.9510674,1630.9848000000002,70.50024,20.921472,-0.089408,20.931276698125146
186.0,40.00482353,-104.9510589,1630.9848000000002,70.50024,20.966176,-0.089408,20.498418103472886
186.0999999999999,40.00484115,-104.9510503,1630.9848000000002,70.50024,20.966176,-0.089408,20.267476621968967
186.19999999999996,40.00485874,-104.9510418,1630.9848000000002,70.50024,20.876768,-0.089408,20.035845626586536
186.29999999999995,40.00487635,-104.9510335,1630.9848000000002,70.50024,20.832064,-0.089408,19.80352962987513
186.4,40.00489406,-104.9510254,1631.2896,70.59168,20.832064,-0.089408,19.30180643649345
186.5,40.00491164,-104.9510174,1631.2896,70.59168,20.78736,-0.089408,19.0662817225662
186.5999999999999,40.00492925,-104.9510096,1631.2896,70.7136,20.697952,0.0,18.83008586542951
186.69999999999996,40.00494683,-104.9510018,1631.2896,70.7136,20.653248,0.0,18.83008586542951
186.79999999999995,40.00496436,-104.9509941,1631.2896,70.7136,20.608544,-0.089408,18.395516083440384
186.9,40.00498202,-104.9509865,1631.2896,70.80504,20.608544,-0.22352,18.158541279710107
187.0,40.00499973,-104.9509792,1631.2896,70.80504,20.653248,-0.089408,17.9209218042389
187.0999999999999,40.0050174,-104.9509718,1631.2896,70.80504,20.653248,-0.089408,17.606918814215703
187.19999999999996,40.00503509,-104.9509645,1631.2896,70.80504,20.608544,0.0,17.68266322987995
187.29999999999995,40.00505274,-104.9509573,1631.2896,70.80504,20.608544,0.0,17.44377124791123
187.4,40.00507021,-104.9509503,1631.2896,70.80504,20.429728,0.0,17.084258376683465
187.5,40.00508782,-104.9509432,1631.2896,70.80504,20.429728,0.0,17.084258376683465
187.5999999999999,40.00510562,-104.9509361,1631.2896,70.80504,20.608544,0.0,17.010761504676225
187.69999999999996,40.00512329,-104.9509291,1631.2896,70.80504,20.608544,0.0,16.771223818630403
187.79999999999995,40.00514103,-104.9509222,1631.2896,70.80504,20.56384,0.0,16.771223818630403
187.9,40.00515871,-104.9509154,1631.2896,70.80504,20.519136,0.0,16.53108100340569
188.0,40.00517636,-104.9509087,1631.2896,70.80504,20.474432,-0.089408,16.53108100340569
188.0999999999999,40.00519406,-104.9509019,1631.2896,70.80504,20.474432,-0.089408,16.29033923192526
188.19999999999996,40.00521192,-104.9508952,1631.5944000000002,70.89648,20.56384,-0.089408,16.361077455346333
188.29999999999995,40.00522953,-104.9508886,1631.2896,70.80504,20.519136,0.0,15.997451410082364
188.4,40.00524707,-104.9508821,1631.2896,70.80504,20.295616,0.089408,16.06737578250744
188.5,40.00526467,-104.9508756,1631.2896,70.7136,20.295616,0.089408,15.997451410082364
188.5999999999999,40.00528232,-104.9508689,1631.2896,70.80504,20.385024,0.0,15.997451410082364
188.69999999999996,40.0053,-104.9508623,1631.2896,70.80504,20.429728,0.0,15.928117318963814
188.79999999999995,40.00531775,-104.9508558,1631.2896,70.80504,20.474432,0.0,15.685905920066432
188.9,40.00533547,-104.9508494,1631.2896,70.80504,20.474432,0.0,15.443118076953
189.0,40.00535309,-104.950843,1631.2896,70.80504,20.385024,0.22352,15.266237619959384
189.0999999999999,40.00537074,-104.9508368,1631.2896,70.80504,20.34032,0.22352,14.89869543440028
189.19999999999996,40.0053884,-104.9508307,1631.2896,70.7136,20.295616,0.089408,14.83367070569858
189.29999999999995,40.00540617,-104.9508247,1631.2896,70.80504,20.385024,0.0,14.737167504483352
189.4,40.00542386,-104.9508188,1631.5944000000002,70.89648,20.34032,0.0,14.493867758276169
189.5,40.00544167,-104.9508128,1631.5944000000002,70.89648,20.385024,-0.089408,14.493867758276169
189.5999999999999,40.00545955,-104.9508068,1631.5944000000002,70.98792,20.474432,0.0,14.493867758276169
189.69999999999996,40.00547734,-104.9508009,1631.5944000000002,70.98792,20.474432,0.0,14.25003269780359
189.79999999999995,40.00549523,-104.9507949,1631.5944000000002,70.89648,20.474432,0.0,14.25003269780359
189.9,40.00551304,-104.950789,1631.5944000000002,70.89648,20.474432,0.0,14.25003269780359
190.0,40.00553071,-104.9507832,1631.5944000000002,70.89648,20.34032,0.0,14.25003269780359
190.0999999999999,40.00554853,-104.9507773,1631.5944000000002,70.89648,20.34032,0.0,14.005669415592024
190.19999999999996,40.00556638,-104.9507715,1631.5944000000002,70.89648,20.429728,0.0,14.005669415592024
190.29999999999995,40.00558423,-104.9507657,1631.5944000000002,70.89648,20.474432,0.0,13.944911271884337
190.4,40.00560218,-104.95076,1631.5944000000002,70.89648,20.474432,0.0,13.57886271394932
190.5,40.00562007,-104.9507543,1631.2896,70.80504,20.519136,0.0,13.57886271394932
190.5999999999999,40.00563789,-104.9507486,1631.2896,70.80504,20.429728,0.0,13.520079238161657
190.69999999999996,40.00565585,-104.9507431,1631.2896,70.80504,20.474432,0.0,13.276397042315978
190.79999999999995,40.00567392,-104.9507375,1631.2896,70.80504,20.56384,0.0,13.276397042315978
190.9,40.00569192,-104.950732,1631.2896,70.80504,20.608544,0.0,13.276397042315978
191.0,40.00570992,-104.9507263,1631.2896,70.80504,20.56384,0.0,13.276397042315978
191.0999999999999,40.00572793,-104.9507208,1631.2896,70.80504,20.56384,0.0,13.03222478094483
191.19999999999996,40.00574596,-104.9507155,1631.2896,70.7136,20.56384,0.089408,13.03222478094483
191.29999999999995,40.00576395,-104.9507102,1631.2896,70.7136,20.519136,0.089408,12.787569869689491
191.4,40.00578192,-104.9507049,1631.2896,70.7136,20.519136,0.0,12.419699001216712
191.5,40.00579994,-104.9506998,1631.2896,70.7136,20.474432,0.0,12.173870560887565
191.5999999999999,40.00581797,-104.9506949,1631.2896,70.80504,20.474432,0.0,11.680853788786692
191.69999999999996,40.00583597,-104.9506902,1631.2896,70.80504,20.429728,0.0,11.062114903851125
191.79999999999995,40.00585394,-104.9506858,1631.5944000000002,70.89648,20.385024,0.0,10.81387751362496
191.9,40.00587196,-104.9506815,1631.5944000000002,70.89648,20.34032,0.0,10.271003720479086
192.0,40.00588997,-104.9506773,1631.5944000000002,70.89648,20.34032,0.0,9.649291093179045
192.0999999999999,40.00590804,-104.9506735,1631.5944000000002,70.89648,20.34032,0.0,9.150256778014864
192.19999999999996,40.00592596,-104.9506699,1631.5944000000002,70.98792,20.250912,0.0,8.524497610901562
192.29999999999995,40.00594405,-104.9506664,1631.5944000000002,70.98792,20.250912,0.0,8.219209248899062
192.4,40.00596222,-104.9506631,1631.5944000000002,70.98792,20.34032,0.0,7.594643368591448
192.5,40.00598036,-104.95066,1631.5944000000002,70.98792,20.34032,0.0,7.344299289502658
192.5999999999999,40.00599856,-104.950657,1631.5944000000002,70.98792,20.385024,0.0,7.093672927787111
192.69999999999996,40.00601675,-104.9506542,1631.5944000000002,70.98792,20.385024,0.089408,6.4375624840700425
192.79999999999995,40.00603487,-104.9506517,1631.5944000000002,70.98792,20.295616,0.0,6.187106471461448
192.9,40.0060531,-104.9506492,1631.5944000000002,70.98792,20.34032,0.089408,5.936412864036356
193.0,40.00607133,-104.9506468,1631.5944000000002,70.98792,20.385024,0.0,5.660607737301461
193.0999999999999,40.00608963,-104.9506445,1631.5944000000002,70.98792,20.429728,0.0,5.410552522505611
193.19999999999996,40.00610805,-104.9506424,1631.5944000000002,70.98792,20.519136,0.0,5.035084679456645
193.29999999999995,40.00612639,-104.9506403,1631.5944000000002,70.98792,20.519136,0.0,4.784529688165037
193.4,40.00614464,-104.9506385,1631.5944000000002,70.98792,20.385024,0.0,4.513988458001279
193.5,40.00616301,-104.9506367,1631.5944000000002,70.89648,20.429728,0.0,4.264163349152739
193.5999999999999,40.00618131,-104.9506351,1631.5944000000002,70.89648,20.429728,0.0,3.889123840360583
193.69999999999996,40.00619966,-104.9506335,1631.5944000000002,70.89648,20.429728,0.089408,3.638909945490127
193.79999999999995,40.00621815,-104.950632,1631.5944000000002,70.89648,20.519136,0.089408,3.638909945490127
193.9,40.00623654,-104.9506306,1631.5944000000002,70.89648,20.519136,0.0,3.3885569907234867
194.0,40.00625472,-104.9506293,1631.5944000000002,70.89648,20.385024,0.0,3.138074427380616
194.0999999999999,40.00627304,-104.9506281,1631.2896,70.80504,20.295616,0.089408,2.774277311300807
194.19999999999996,40.00629144,-104.9506268,1631.2896,70.80504,20.429728,0.089408,2.774277311300807
194.29999999999995,40.00630973,-104.9506257,1631.2896,70.80504,20.429728,0.089408,2.5224122834394507
194.4,40.00632789,-104.9506248,1631.5944000000002,70.89648,20.295616,0.0,2.270449670665073
194.5,40.00634616,-104.9506239,1631.5944000000002,70.89648,20.250912,0.0,2.270449670665073
194.5999999999999,40.00636448,-104.950623,1631.5944000000002,70.89648,20.34032,0.0,2.018399166793131
194.69999999999996,40.00638276,-104.9506222,1631.5944000000002,70.98792,20.34032,0.0,2.018399166793131
194.79999999999995,40.00640109,-104.9506214,1631.5944000000002,70.98792,20.385024,0.0,1.6401798699785104
194.9,40.00641937,-104.9506207,1631.5944000000002,70.98792,20.385024,0.0,1.6401798699785104
195.0,40.00643754,-104.9506202,1631.5944000000002,70.98792,20.250912,0.0,1.387952176984811
195.0999999999999,40.0064558,-104.9506196,1631.5944000000002,70.98792,20.250912,0.0,1.387952176984811
195.19999999999996,40.00647419,-104.9506191,1631.5944000000002,70.98792,20.385024,0.0,1.387952176984811
195.29999999999995,40.0064925,-104.9506186,1631.5944000000002,70.98792,20.385024,0.0,1.135670666979422
195.4,40.00651076,-104.950618,1631.5944000000002,70.98792,20.34032,0.0,1.135670666979422
195.5,40.00652908,-104.9506176,1631.5944000000002,70.98792,20.34032,0.089408,0.8833451077889549
195.5999999999999,40.0065474,-104.9506174,1631.5944000000002,70.98792,20.385024,0.089408,0.8833451077889549
195.69999999999996,40.00656572,-104.950617,1631.5944000000002,70.89648,20.385024,0.0,0.8833451077889549
195.79999999999995,40.00658399,-104.9506167,1631.5944000000002,70.98792,20.34032,0.0,0.630985277485081
195.9,40.00660227,-104.9506165,1631.5944000000002,70.89648,20.34032,0.0,0.630985277485081
196.0,40.00662063,-104.9506162,1631.5944000000002,70.98792,20.385024,0.089408,0.630985277485081
196.0999999999999,40.0066389,-104.950616,1631.5944000000002,70.98792,20.385024,0.089408,0.630985277485081
196.19999999999996,40.00665708,-104.9506158,1631.5944000000002,70.98792,20.250912,0.0,0.630985277485081
196.29999999999995,40.0066754,-104.9506156,1631.5944000000002,70.98792,20.295616,0.0,0.2524026822891301
196.4,40.00669381,-104.9506155,1631.5944000000002,70.98792,20.429728,0.0,0.2524026822891301
196.5,40.00671216,-104.9506153,1631.5944000000002,70.98792,20.429728,0.089408,0.2512956672089217
196.5999999999999,40.00673048,-104.9506152,1631.5944000000002,70.98792,20.385024,0.089408,0.2512956672089217
196.69999999999996,40.00674888,-104.9506151,1631.5944000000002,70.98792,20.429728,0.0,0.0
196.79999999999995,40.00676723,-104.950615,1631.5944000000002,70.98792,20.429728,0.0,0.0
196.9,40.00678566,-104.950615,1631.5944000000002,70.98792,20.429728,0.0,0.0
197.0,40.00680412,-104.9506151,1631.5944000000002,70.98792,20.519136,0.089408,0.0
197.0999999999999,40.00682251,-104.9506152,1631.5944000000002,70.98792,20.474432,0.22352,0.0
197.19999999999996,40.00684082,-104.9506153,1631.5944000000002,70.89648,20.385024,0.22352,0.0
197.29999999999995,40.00685926,-104.9506154,1631.5944000000002,70.89648,20.429728,0.089408,0.0
197.4,40.00687791,-104.9506154,1631.5944000000002,70.98792,20.608544,0.0,359.75034676727506
197.5,40.00689643,-104.9506156,1631.5944000000002,70.98792,20.653248,0.0,359.75034676727506
197.5999999999999,40.006915,-104.9506159,1631.5944000000002,70.98792,20.608544,0.0,359.75034676727506
197.69999999999996,40.00693349,-104.9506161,1631.5944000000002,70.98792,20.608544,0.0,359.75034676727506
198.0,40.00698898,-104.950617,1631.5944000000002,70.98792,20.56384,0.0,359.37588765379473
198.0999999999999,40.00700747,-104.9506173,1631.5944000000002,70.98792,20.56384,0.089408,359.37588765379473
198.29999999999995,40.00704442,-104.950618,1631.5944000000002,70.89648,20.56384,0.089408,359.37588765379473
198.4,40.00706287,-104.9506184,1631.5944000000002,70.98792,20.519136,0.0,359.37588765379473
198.5,40.00708136,-104.9506188,1631.5944000000002,70.98792,20.519136,-0.089408,359.37588765379473
198.79999999999995,40.00713653,-104.9506201,1631.5944000000002,71.10984,20.474432,0.0,359.1205286029892
199.0,40.00717326,-104.9506209,1631.5944000000002,70.98792,20.429728,0.089408,359.11665489221105
199.19999999999996,40.0072096,-104.9506219,1631.5944000000002,70.98792,20.295616,0.22352,359.11274690899035
199.29999999999995,40.00722784,-104.9506223,1631.5944000000002,70.89648,20.250912,0.089408,359.11665489221105
199.5,40.00726452,-104.9506231,1631.5944000000002,70.98792,20.34032,0.0,359.11665489221105
199.79999999999995,40.00731902,-104.9506244,1631.5944000000002,70.98792,20.295616,0.312928,359.1088041965075
199.9,40.00733717,-104.9506249,1631.5944000000002,70.89648,20.206208,0.22352,359.11274690899035
200.0,40.00735544,-104.9506254,1631.5944000000002,70.89648,20.250912,0.22352,359.11274690899035
200.0999999999999,40.00737366,-104.9506259,1631.5944000000002,70.98792,20.295616,0.089408,359.11665489221105
200.19999999999996,40.00739193,-104.9506263,1631.5944000000002,70.98792,20.295616,0.0,358.8643293330206
200.29999999999995,40.00741018,-104.9506269,1631.5944000000002,70.98792,20.295616,0.089408,358.8643293330206
200.4,40.00742852,-104.9506273,1631.5944000000002,71.10984,20.34032,0.089408,358.8643293330206
200.5,40.00744677,-104.9506278,1631.5944000000002,71.10984,20.34032,0.089408,358.8643293330206
200.5999999999999,40.00746514,-104.9506283,1631.5944000000002,71.10984,20.385024,0.089408,358.8643293330206
200.69999999999996,40.00748341,-104.9506289,1631.5944000000002,71.10984,20.385024,0.089408,358.8643293330206
200.79999999999995,40.00750165,-104.9506294,1631.5944000000002,71.10984,20.295616,0.089408,358.8643293330206
200.9,40.00751994,-104.9506299,1631.5944000000002,71.10984,20.295616,0.089408,358.8643293330206
201.0,40.00753833,-104.9506305,1631.5944000000002,71.10984,20.385024,0.089408,358.8643293330206
201.0999999999999,40.00755664,-104.9506311,1631.5944000000002,71.10984,20.385024,0.089408,358.8643293330206
201.19999999999996,40.00757487,-104.9506315,1631.5944000000002,71.10984,20.295616,0.089408,358.8643293330206
201.29999999999995,40.00759316,-104.9506321,1631.5944000000002,71.10984,20.295616,0.22352,358.8643293330206
201.4,40.00761146,-104.9506328,1631.5944000000002,71.10984,20.34032,0.089408,358.8643293330206
201.5999999999999,40.00764811,-104.9506337,1631.5944000000002,71.10984,20.385024,0.089408,358.8643293330206
201.69999999999996,40.0076664,-104.9506342,1631.5944000000002,71.10984,20.385024,0.089408,358.8643293330206
201.9,40.00770301,-104.9506355,1631.5944000000002,71.10984,20.34032,0.0,358.8643293330206
202.19999999999996,40.00775649,-104.9506371,1631.5944000000002,71.10984,20.027392,0.089408,358.85930556638624
202.5,40.00781241,-104.9506386,1631.5944000000002,70.98792,20.295616,0.089408,358.85930556638624
202.5999999999999,40.00783056,-104.9506392,1631.5944000000002,70.98792,20.608544,0.089408,358.85930556638624
202.79999999999995,40.00786699,-104.9506401,1631.5944000000002,70.98792,20.250912,0.089408,359.1088041965075
202.9,40.00788517,-104.9506406,1631.5944000000002,70.98792,20.250912,0.089408,359.1088041965075
203.0,40.00790316,-104.9506411,1631.5944000000002,70.89648,20.1168,0.089408,359.1088041965075
203.0999999999999,40.00792135,-104.9506416,1631.5944000000002,70.89648,20.1168,0.089408,358.85423716182487
203.19999999999996,40.00793962,-104.9506423,1631.5944000000002,70.89648,20.250912,0.089408,358.85423716182487
203.29999999999995,40.00795778,-104.9506428,1631.5944000000002,70.89648,20.250912,0.089408,358.85423716182487
203.4,40.00797585,-104.9506432,1631.5944000000002,70.89648,20.161504,0.089408,358.85423716182487
203.5999999999999,40.00801214,-104.9506442,1631.5944000000002,70.98792,20.161504,0.0,358.85423716182487
203.69999999999996,40.0080303,-104.9506447,1631.5944000000002,70.98792,20.161504,0.0,358.85423716182487
203.79999999999995,40.0080483,-104.9506454,1631.5944000000002,70.98792,20.1168,0.0,358.85423716182487
203.9,40.00806642,-104.9506459,1631.5944000000002,70.98792,20.072096,0.0,358.85423716182487
204.0,40.00808464,-104.9506463,1631.5944000000002,70.98792,20.206208,0.0,359.10282399101243
204.0999999999999,40.0081027,-104.9506467,1631.5944000000002,70.98792,20.161504,0.089408,359.10282399101243
204.19999999999996,40.00812076,-104.9506471,1631.5944000000002,70.89648,20.072096,0.22352,359.35913433908013
204.29999999999995,40.00813882,-104.9506475,1631.5944000000002,70.89648,20.072096,0.089408,359.35913433908013
204.4,40.00815681,-104.9506477,1631.5944000000002,70.98792,20.027392,0.0,359.7436447553437
204.5,40.00817486,-104.9506479,1631.5944000000002,70.98792,20.027392,0.0,359.7436447553437
204.5999999999999,40.00819271,-104.9506482,1631.5944000000002,70.98792,19.937984,0.089408,359.7424926124212
204.69999999999996,40.00821063,-104.9506483,1631.5944000000002,70.98792,19.89328,0.089408,0.0
204.79999999999995,40.00822855,-104.9506482,1631.5944000000002,70.98792,19.937984,0.0,0.0
205.0,40.00826426,-104.9506484,1631.5944000000002,71.10984,19.89328,0.0,0.0
205.0999999999999,40.00828205,-104.9506483,1631.5944000000002,71.10984,19.848576,0.0,0.0
205.19999999999996,40.0082997,-104.9506483,1631.5944000000002,71.10984,19.714464,0.0,0.2598430236119498
205.29999999999995,40.00831746,-104.9506481,1631.5944000000002,71.10984,19.66976,0.0,0.2598430236119498
205.4,40.00833517,-104.9506479,1631.5944000000002,71.10984,19.714464,0.0,0.2598430236119498
205.5,40.00835287,-104.9506477,1631.5944000000002,71.10984,19.66976,0.0,0.6495841794848616
205.5999999999999,40.00837068,-104.9506474,1631.5944000000002,71.10984,19.759168000000003,0.0,0.6495841794848616
205.69999999999996,40.0083884,-104.950647,1631.5944000000002,71.10984,19.759168000000003,0.089408,0.9093804491991476
206.0,40.00844165,-104.9506459,1631.5944000000002,70.98792,19.714464,0.089408,1.1638625016639708
206.19999999999996,40.00847755,-104.9506447,1631.5944000000002,71.10984,19.848576,0.0,1.1586330880851392
206.29999999999995,40.00849543,-104.9506441,1631.5944000000002,71.10984,19.937984,0.0,1.4224020136779814
206.4,40.00851454,-104.9506434,1631.5944000000002,71.10984,20.56384,0.22352,1.4288501482770355
206.5,40.00853245,-104.9506427,1631.5944000000002,70.98792,20.608544,0.22352,1.4288501482770355
206.5999999999999,40.00854878,-104.9506421,1631.5944000000002,70.98792,19.043904,0.22352,1.4224020136779814
206.69999999999996,40.0085666,-104.9506415,1631.5944000000002,70.98792,18.9992,0.089408,1.4224020136779814
206.79999999999995,40.00858446,-104.9506407,1631.5944000000002,71.10984,19.848576,0.0,1.6808836028429823
207.0,40.00861996,-104.9506392,1631.5944000000002,71.10984,19.803872,0.0,1.6885022548209463
207.0999999999999,40.00863768,-104.9506384,1631.5944000000002,71.10984,19.714464,0.089408,1.6885022548209463
207.19999999999996,40.00865555,-104.9506376,1631.5944000000002,71.10984,19.803872,0.089408,2.0778470535701103
207.29999999999995,40.00867329,-104.9506368,1631.5944000000002,71.10984,19.803872,0.089408,2.0778470535701103
207.4,40.00869092,-104.950636,1631.5944000000002,71.10984,19.66976,0.0,2.068474421422593
207.5,40.00870874,-104.9506351,1631.5944000000002,71.10984,19.714464,0.0,2.068474421422593
207.5999999999999,40.00872668,-104.9506341,1631.5944000000002,71.10984,19.89328,0.0,2.316319355959763
207.69999999999996,40.00874458,-104.9506332,1631.5944000000002,71.10984,19.937984,0.0,2.316319355959763
207.79999999999995,40.00876261,-104.9506324,1631.5944000000002,71.10984,19.982688,0.089408,2.316319355959763
207.9,40.00878053,-104.9506314,1631.5944000000002,70.98792,19.982688,0.22352,2.316319355959763
208.0,40.00879838,-104.9506303,1631.5944000000002,70.98792,19.89328,0.22352,2.3059667239950272
208.0999999999999,40.00881639,-104.9506293,1631.5944000000002,70.89648,19.937984,0.22352,2.3059667239950272
208.19999999999996,40.00883462,-104.9506282,1631.5944000000002,70.98792,20.161504,0.089408,2.290610042638548
208.29999999999995,40.00885276,-104.9506272,1631.5944000000002,70.98792,20.250912,0.089408,2.290610042638548
208.5,40.00888905,-104.9506251,1631.5944000000002,70.98792,20.206208,0.089408,2.5448043798131152
208.5999999999999,40.00890729,-104.9506241,1631.5944000000002,70.89648,20.206208,0.089408,2.5448043798131152
208.69999999999996,40.00892546,-104.950623,1631.5944000000002,70.89648,20.250912,0.0,2.533558888394566
208.79999999999995,40.00894367,-104.9506219,1631.5944000000002,70.98792,20.250912,0.0,2.7865335694932583
208.9,40.00896186,-104.9506207,1631.5944000000002,70.98792,20.250912,0.0,2.7865335694932583
209.0999999999999,40.00899826,-104.9506183,1631.5944000000002,70.98792,20.250912,0.0,2.817652896829202
209.19999999999996,40.00901636,-104.950617,1631.5944000000002,70.98792,20.206208,0.089408,3.201127026148868
209.29999999999995,40.00903444,-104.9506157,1631.5944000000002,70.98792,20.161504,0.089408,3.201127026148868
209.4,40.00905255,-104.9506142,1631.5944000000002,70.98792,20.161504,0.0,3.433630362450515
209.5,40.00907068,-104.9506128,1631.5944000000002,70.98792,20.161504,0.0,3.433630362450515
209.5999999999999,40.00908872,-104.9506113,1631.5944000000002,71.10984,20.161504,0.0,3.433630362450515
209.69999999999996,40.00910683,-104.9506098,1631.5944000000002,71.10984,20.1168,0.089408,3.687295768046397
209.79999999999995,40.00912492,-104.9506083,1631.5944000000002,70.98792,20.161504,0.089408,3.687295768046397
209.9,40.00914305,-104.9506068,1631.5944000000002,70.98792,20.161504,0.089408,3.687295768046397
210.0,40.00916116,-104.950605,1631.5944000000002,71.10984,20.206208,0.0,3.687295768046397
210.19999999999996,40.00919738,-104.9506018,1631.5944000000002,71.10984,20.206208,0.089408,3.940816508216813
210.29999999999995,40.00921551,-104.9506001,1631.5944000000002,71.10984,20.206208,0.089408,3.940816508216813
210.4,40.00923367,-104.9505984,1631.5944000000002,71.10984,20.206208,0.089408,3.940816508216813
210.5,40.00925182,-104.9505967,1631.5944000000002,71.10984,20.250912,0.089408,3.940816508216813
210.5999999999999,40.00926988,-104.9505949,1631.5944000000002,71.10984,20.206208,0.089408,4.320804954984453
210.69999999999996,40.00928804,-104.9505931,1631.5944000000002,71.10984,20.206208,0.089408,4.320804954984453
210.79999999999995,40.00930627,-104.9505913,1631.5944000000002,71.10984,20.295616,0.089408,4.320804954984453
210.9,40.00932445,-104.9505895,1631.5944000000002,70.98792,20.295616,0.089408,4.301758274059068
211.0999999999999,40.00936084,-104.9505859,1631.5944000000002,70.98792,20.295616,0.089408,4.301758274059068
211.19999999999996,40.00937882,-104.9505841,1631.5944000000002,70.98792,20.206208,0.089408,3.9234338460609592
211.29999999999995,40.00939701,-104.9505823,1631.5944000000002,71.10984,20.161504,0.089408,3.9234338460609592
211.4,40.00941525,-104.9505805,1631.5944000000002,71.10984,20.295616,0.0,3.6710250137784897
211.5,40.00943347,-104.9505789,1631.5944000000002,71.10984,20.34032,0.089408,3.6710250137784897
211.5999999999999,40.00945156,-104.9505776,1631.5944000000002,71.10984,20.206208,0.089408,3.418473417471944
211.69999999999996,40.00946972,-104.9505762,1631.5944000000002,71.10984,20.206208,0.0,3.1798301198642207
211.79999999999995,40.00948784,-104.9505746,1631.5944000000002,71.10984,20.206208,0.089408,3.1798301198642207
211.9,40.00950591,-104.9505733,1631.5944000000002,71.10984,20.161504,0.089408,2.817652896829202
212.0,40.00952387,-104.9505722,1631.5944000000002,70.98792,20.072096,0.089408,2.5618609249345923
212.0999999999999,40.00954188,-104.9505711,1631.5944000000002,71.10984,20.027392,0.089408,2.5618609249345923
212.19999999999996,40.0095598,-104.9505701,1631.5944000000002,71.10984,19.982688,0.0,2.290610042638548
212.29999999999995,40.00957782,-104.9505691,1631.5944000000002,71.10984,19.982688,0.089408,2.3059667239950272
212.4,40.00959593,-104.950568,1631.5944000000002,71.10984,20.1168,0.089408,2.3059667239950272
212.5,40.00961397,-104.9505671,1631.5944000000002,70.98792,20.1168,0.089408,2.036325454798259
212.5999999999999,40.00963193,-104.9505663,1631.5944000000002,70.98792,20.027392,0.0,2.036325454798259
212.69999999999996,40.00964997,-104.9505655,1631.5944000000002,70.98792,20.027392,0.089408,1.6547511764867977
212.79999999999995,40.00966814,-104.9505648,1631.5944000000002,70.98792,20.1168,0.089408,1.6547511764867977
212.9,40.0096862,-104.950564,1631.5944000000002,70.98792,20.161504,0.089408,1.6547511764867977
213.0,40.00970425,-104.9505634,1631.5944000000002,70.98792,20.072096,0.089408,1.4002846392056654
213.4,40.00977707,-104.9505611,1631.5944000000002,70.89648,20.206208,0.089408,1.14069443361376
213.5,40.00979522,-104.9505606,1631.5944000000002,70.89648,20.250912,0.22352,0.8872530910096543
213.5999999999999,40.00981363,-104.9505602,1631.2896,70.80504,20.34032,0.22352,0.8872530910096543
213.69999999999996,40.00983185,-104.9505598,1631.2896,70.80504,20.385024,0.089408,0.8872530910096543
213.79999999999995,40.00984999,-104.9505596,1631.5944000000002,70.89648,20.206208,0.0,0.630985277485081
213.9,40.00986824,-104.9505593,1631.5944000000002,70.89648,20.206208,0.0,0.630985277485081
214.0999999999999,40.00990479,-104.9505587,1631.5944000000002,70.89648,20.295616,0.0,0.630985277485081
214.19999999999996,40.00992449,-104.9505585,1631.5944000000002,70.89648,20.832064,0.0,0.6337770205024071
214.29999999999995,40.00994285,-104.9505583,1631.5944000000002,70.89648,21.144992,0.0,0.2535194937720462
214.4,40.00995949,-104.9505581,1631.5944000000002,70.89648,19.44624,0.0,0.2535194937720462
214.5,40.00997769,-104.950558,1631.2896,70.80504,19.356832,0.0,0.2535194937720462
214.69999999999996,40.01001422,-104.9505578,1631.2896,70.80504,20.295616,0.089408,0.0
214.79999999999995,40.01003255,-104.9505578,1631.2896,70.80504,20.34032,0.312928,0.0
214.9,40.01005068,-104.9505578,1631.2896,70.7136,20.250912,0.581152,0.0
215.0,40.01006874,-104.9505578,1631.2896,70.7136,20.1168,0.983488,0.0
215.0999999999999,40.0100866,-104.9505579,1631.2896,70.59168,19.982688,1.385824,359.74015697638805
215.19999999999996,40.01010411,-104.9505582,1630.9848000000002,70.4088,19.66976,1.922272,359.3459669989782
215.29999999999995,40.01012165,-104.9505586,1630.68,70.19544,19.490944,2.279904,358.81200894743364
215.4,40.01013888,-104.9505596,1630.68,70.01256,19.356832,2.592832,358.2763416186549
215.5,40.01015628,-104.9505606,1630.3752000000002,69.70776,19.267424,2.68224,357.34931031657817
215.5999999999999,40.01017366,-104.9505621,1630.0704,69.40296,19.356832,2.68224,356.4236656250026
215.69999999999996,40.01019103,-104.9505638,1629.7656000000002,69.09816,19.356832,2.816352,355.23635830927384
215.79999999999995,40.01020817,-104.950566,1629.4608,68.79336,19.267424,2.995168,354.31567125649525
215.9,40.01022546,-104.9505685,1629.1560000000002,68.39712,19.267424,3.084576,353.49898867778643
216.0,40.01024311,-104.9505713,1628.8512,68.09232,19.535648,3.084576,352.6139568487328
216.0999999999999,40.01026039,-104.9505745,1628.2416,67.69608,19.580352,3.084576,351.66480461532234
216.19999999999996,40.01027767,-104.9505782,1627.9368000000002,67.39128,19.44624,2.995168,350.49446831335376
216.29999999999995,40.01029497,-104.9505822,1627.632,67.08648,19.490944,2.995168,350.02228737984944
216.4,40.01031236,-104.9505862,1627.3272000000002,66.81216,19.580352,2.995168,349.1243116641444
216.5,40.01032972,-104.9505908,1627.3272000000002,66.5988,19.66976,2.90576,348.6135712035908
216.5999999999999,40.01034741,-104.9505953,1627.0224,66.294,19.848576,2.90576,348.03152434841616
216.69999999999996,40.01036481,-104.9506004,1626.7176000000002,65.9892,19.937984,2.90576,347.2186660045366
217.0,40.01041682,-104.950617,1625.8032,65.19672,19.848576,2.90576,345.65066795705286
217.0999999999999,40.0104341,-104.950623,1625.4984000000002,64.89192,19.848576,2.90576,345.1515479818221
217.19999999999996,40.01045155,-104.9506289,1625.1936,64.58712,19.982688,2.90576,344.5308819361013
217.29999999999995,40.01046883,-104.9506353,1624.8888000000002,64.31280000000001,19.982688,2.90576,344.2836450480579
217.4,40.01048486,-104.9506413,1624.584,63.88608,19.267424,2.90576,343.790975072192
217.5,40.01050202,-104.950648,1624.2792000000002,63.61176,19.22272,2.90576,343.17859010995915
217.5999999999999,40.01052059,-104.9506555,1623.9744,63.30696,20.78736,2.90576,342.82186948932986
217.69999999999996,40.01053783,-104.9506626,1623.6696000000002,62.910720000000005,20.832064,2.995168,342.57723879106044
217.79999999999995,40.01055508,-104.9506697,1623.3648,62.605920000000005,20.1168,2.995168,341.8892105444625
217.9,40.01057224,-104.9506771,1623.0600000000002,62.30112,20.1168,2.995168,341.6459773655134
218.0,40.01058932,-104.9506846,1622.7552,61.99632,20.072096,2.995168,341.32158615726166
218.0999999999999,40.01060641,-104.9506923,1622.4504000000002,61.69152,20.072096,2.995168,340.7159874559693
218.19999999999996,40.01062336,-104.9507,1622.1456,61.38672,20.027392,2.995168,340.3892943711284
218.29999999999995,40.01064035,-104.950708,1621.536,60.99048,20.027392,2.995168,340.14813000258226
218.4,40.01065715,-104.950716,1621.2312000000002,60.68568,19.982688,3.084576,339.77514056883194
218.5,40.01067401,-104.9507242,1620.9264,60.41136,19.937984,3.084576,339.32330051388067
218.5999999999999,40.01069067,-104.9507325,1620.6216000000002,60.10656,19.89328,2.995168,339.0825670082985
218.69999999999996,40.01070747,-104.950741,1620.3168,59.80176,19.937984,2.995168,338.84260420929974
218.79999999999995,40.01072429,-104.9507495,1620.3168,59.5884,20.027392,2.995168,338.6034167992603
218.9,40.01074105,-104.9507581,1619.7072,59.19216,20.027392,2.995168,338.50945771932504
219.0,40.01075761,-104.9507667,1619.4024000000002,58.88736,19.937984,2.995168,338.1508837973515
219.0999999999999,40.01077435,-104.9507754,1619.0976,58.613040000000005,19.937984,2.995168,338.2460994409963
219.19999999999996,40.01079108,-104.950784,1618.7928000000002,58.308240000000005,20.027392,2.995168,338.2460994409963
219.29999999999995,40.01080786,-104.9507927,1618.7928000000002,58.09488,20.027392,2.90576,338.2460994409963
219.4,40.01082457,-104.9508014,1618.1832000000002,57.698640000000005,20.027392,2.995168,338.2460994409963
219.5,40.01084139,-104.95081,1618.1832000000002,57.39384,20.027392,2.90576,338.696595923234
219.5999999999999,40.0108578,-104.950819,1617.5736000000002,56.997600000000006,19.937984,2.995168,338.696595923234
219.69999999999996,40.01087463,-104.9508276,1617.2688,56.692800000000005,19.937984,2.995168,338.696595923234
219.79999999999995,40.01089144,-104.9508362,1616.9640000000002,56.388000000000005,20.072096,2.995168,338.696595923234
219.9,40.01090832,-104.9508447,1616.6592,56.11368,20.072096,2.995168,338.696595923234
220.0,40.01092503,-104.9508534,1616.3544000000002,55.68696,20.072096,2.995168,338.9349385137204
220.0999999999999,40.01094193,-104.9508619,1616.0496,55.41264,20.072096,2.995168,339.0720061005447
220.19999999999996,40.01095902,-104.9508701,1615.7448000000002,55.10784,20.206208,2.995168,339.3098426675766
220.29999999999995,40.01097598,-104.9508785,1615.44,54.80304,20.206208,2.995168,339.3098426675766
220.4,40.01099294,-104.950887,1615.1352000000002,54.4068,20.206208,3.084576,339.3098426675766
220.5,40.01100991,-104.9508954,1614.8304,54.102,20.161504,3.084576,339.3098426675766
220.5999999999999,40.01102689,-104.9509036,1614.5256000000002,53.7972,20.161504,3.084576,339.3098426675766
220.69999999999996,40.01104388,-104.9509119,1613.9160000000002,53.40096,20.161504,3.084576,339.6371693874782
220.79999999999995,40.01106095,-104.9509203,1613.6112,53.09616,20.206208,2.995168,339.6371693874782
220.9,40.01107797,-104.9509286,1613.3064000000002,52.79136,20.250912,2.995168,339.6371693874782
221.0,40.01109504,-104.9509368,1613.0016,52.48656,20.206208,2.995168,339.6371693874782
221.0999999999999,40.0111121,-104.9509451,1612.6968000000002,52.21224000000001,20.206208,2.995168,339.7251769629982
221.19999999999996,40.01112928,-104.9509534,1612.392,51.785520000000005,20.295616,2.995168,339.7251769629982
221.29999999999995,40.01114636,-104.9509616,1612.0872000000002,51.60264000000001,20.295616,2.995168,340.0818669291903
221.4,40.01116343,-104.9509698,1611.7824,51.2064,20.250912,2.995168,339.9951452234933
221.5,40.01118047,-104.9509779,1611.4776000000002,50.9016,20.206208,2.995168,340.23470569442964
221.5999999999999,40.01119763,-104.950986,1611.1728,50.5968,20.206208,2.995168,340.14813000258226
221.69999999999996,40.0112146,-104.9509939,1610.8680000000002,50.292,20.161504,2.995168,340.3892943711284
221.79999999999995,40.01123162,-104.9510017,1610.5632,49.9872,20.072096,2.816352,340.6311842520034
221.9,40.01124839,-104.9510093,1610.2584000000002,49.71288,19.89328,2.101088,340.8587575484368
222.0,40.01126584,-104.9510173,1610.2584000000002,49.59096,20.161504,1.78816,340.8266324328748
222.0999999999999,40.01128144,-104.9510243,1609.9536,49.40808,19.44624,2.01168,341.0211202442866
222.19999999999996,40.01129507,-104.9510301,1609.6488000000002,49.01184000000001,17.121631999999998,2.414016,340.8518625420604
222.29999999999995,40.01130919,-104.9510365,1609.0392000000002,48.49368,16.272256,2.816352,340.9692759830333
222.4,40.01132339,-104.951043,1608.7344,48.18888,16.674591999999997,2.995168,340.7802265740861
222.5,40.01133604,-104.9510488,1608.4296000000002,47.91456,15.825216,2.995168,340.7848066944776
222.5999999999999,40.01134863,-104.9510546,1608.1248,47.60976,14.886432,2.995168,340.3838622637513
222.69999999999996,40.0113598,-104.9510599,1607.8200000000002,47.30496,14.037056,2.995168,340.2920211570213
222.79999999999995,40.01137068,-104.9510652,1607.8200000000002,47.0916,13.053568,2.995168,340.01689347810003
222.9,40.01138044,-104.9510699,1607.5152,46.7868,12.248895999999998,2.995168,339.6848043732679
223.0,40.0113899,-104.9510748,1607.2104000000002,46.60392,11.444224,2.995168,339.24352058724526
223.0999999999999,40.01139832,-104.951079,1606.9056,46.39056,10.684256,2.90576,339.2879209082204
223.19999999999996,40.01140617,-104.9510833,1606.6008000000002,46.08576,9.745472,2.90576,338.8387401831717
223.29999999999995,40.01141333,-104.9510869,1606.6008000000002,45.90288,8.985504,2.90576,338.717351001421
223.4,40.01141995,-104.9510905,1606.296,45.59808,8.27024,2.90576,338.13569725733583
223.5999999999999,40.01143127,-104.9510966,1605.6864,45.110400000000006,7.197344,2.90576,338.2758084985862
223.69999999999996,40.01143612,-104.9510992,1605.3816000000002,44.89704,6.48208,2.90576,337.59459111663466
223.79999999999995,40.01144033,-104.9511018,1605.3816000000002,44.59224,5.498592,2.90576,336.9384804677065
223.9,40.0114441,-104.9511039,1605.0768,44.28744,4.872736,2.90576,337.5205656028969
224.0999999999999,40.0114498,-104.9511073,1604.4672,43.70832,3.844544,2.995168,335.77225468204585
224.29999999999995,40.01145315,-104.9511096,1603.8576,43.09872000000001,2.771648,2.995168,332.10272896905235
224.5,40.0114548,-104.951111,1603.248,42.61104,1.609344,2.995168,331.6992442339936
224.5999999999999,40.01145481,-104.9511113,1602.9432000000002,42.30624,0.759968,2.995168,315.0
224.79999999999995,40.01145454,-104.9511116,1602.3336000000002,41.78808,0.312928,2.90576,180.0
224.9,40.01145437,-104.9511117,1602.0288,41.51376,0.0,2.816352,180.0
225.0,40.01145355,-104.9511109,1601.7240000000002,41.20896,0.67056,2.816352,164.0546040990771
225.19999999999996,40.01145242,-104.9511104,1601.1144000000002,40.59936,0.759968,2.90576,150.94539590092285
225.29999999999995,40.01145198,-104.9511102,1600.8096,40.29456,0.625856,2.90576,167.47119229084842
225.4,40.01145142,-104.9511101,1600.5048000000002,39.898320000000005,0.491744,2.995168,167.47119229084842
225.5,40.01145094,-104.9511101,1600.2,39.593520000000005,0.67056,2.995168,180.0
225.5999999999999,40.01145011,-104.9511096,1599.8952000000002,39.288720000000005,0.67056,3.084576,180.0
225.69999999999996,40.01144961,-104.9511096,1599.5904,39.10584000000001,0.67056,3.084576,180.0
225.79999999999995,40.01144886,-104.9511094,1599.2856000000002,38.80104,0.67056,3.084576,180.0
225.9,40.01144836,-104.9511094,1599.2856000000002,38.58768,0.67056,2.995168,180.0
226.0,40.0114478,-104.9511092,1598.9808,38.31336,0.491744,2.995168,180.0
226.0999999999999,40.01144734,-104.9511091,1598.6760000000002,38.1,0.67056,2.90576,180.0
226.19999999999996,40.01144691,-104.951109,1598.6760000000002,38.00856,0.67056,2.90576,180.0
226.29999999999995,40.01144649,-104.951109,1598.6760000000002,37.88664,0.491744,2.90576,180.0
226.4,40.01144617,-104.951109,1598.3712,37.70376,0.0,2.90576,180.0
226.5,40.01144577,-104.9511089,1598.0664000000002,37.4904,0.0,2.90576,180.0
226.5999999999999,40.01144548,-104.9511086,1598.0664000000002,37.30752,0.491744,2.90576,180.0
226.69999999999996,40.01144513,-104.9511085,1597.7616,37.09416,0.491744,2.816352,180.0
226.9,40.01144441,-104.9511082,1597.152,36.60648,0.312928,2.90576,180.0
227.0999999999999,40.01144395,-104.9511078,1596.8472000000002,36.08832,0.402336,2.90576,180.0
227.19999999999996,40.0114439,-104.9511076,1596.5424,35.814,0.44704,2.995168,180.0
227.29999999999995,40.01144371,-104.9511075,1596.2376000000002,35.60064,0.0,2.995168,0.0
227.4,40.01144386,-104.9511076,1595.9328,35.29584,0.0,3.084576,0.0
227.5,40.01144451,-104.9511075,1595.6280000000002,34.99104,0.491744,2.995168,0.0
227.5999999999999,40.0114458,-104.9511072,1595.3232,34.68624,0.938784,2.995168,0.0
227.69999999999996,40.01144754,-104.9511071,1595.0184000000002,34.50336,1.654048,2.90576,2.3373058591238305
227.79999999999995,40.01144959,-104.951107,1594.7136,34.19856,2.101088,2.995168,1.9091524329963927
227.9,40.01145223,-104.9511067,1594.4088000000002,33.89376,2.6375360000000003,2.995168,3.9724959407506617
228.0999999999999,40.01145882,-104.9511062,1593.7992000000002,33.19272,3.442208,2.995168,3.04477844419398
228.19999999999996,40.01146281,-104.9511059,1593.4944,32.88792,3.933952,2.995168,2.726310993906281
228.29999999999995,40.01146734,-104.9511055,1593.1896000000002,32.6136,4.783328,2.995168,2.4681179138285643
228.4,40.01147231,-104.951105,1592.8848,32.308800000000005,5.319776,2.995168,2.2369790634377296
228.5,40.01147779,-104.9511047,1592.5800000000002,32.004000000000005,5.856224,2.995168,2.030914236853107
228.5999999999999,40.0114838,-104.9511042,1592.2752,31.6992,6.392672,2.995168,1.8840502310918052
228.69999999999996,40.01149021,-104.9511039,1591.9704000000002,31.3944,6.92912,2.995168,1.7569883099081949
228.79999999999995,40.0114972,-104.9511034,1591.6656,31.0896,7.465567999999999,3.084576,1.6651060581036743
228.9,40.01150446,-104.9511031,1591.3608000000002,30.7848,7.957312,3.084576,1.5650690855922562
229.0,40.01151229,-104.9511027,1591.056,30.51048,8.404352,3.084576,1.46880071438585
229.0999999999999,40.01152036,-104.9511025,1590.7512000000002,30.20568,8.851392,3.084576,0.5617053325665324
229.19999999999996,40.01152885,-104.9511023,1590.4464,29.90088,9.209024,2.995168,0.5379727301122443
229.29999999999995,40.01153771,-104.9511021,1590.1416000000002,29.59608,9.656064,2.68224,0.5115558665870594
229.4,40.01154739,-104.9511018,1590.1416000000002,29.4132,10.326624,2.190496,0.4794513987965842
229.5,40.01155736,-104.9511016,1589.8368,29.19984,10.907775999999998,1.609344,0.4529216289611781
229.5999999999999,40.01156775,-104.9511014,1589.8368,29.108400000000003,11.310112,1.1176,0.4340506321394173
229.69999999999996,40.01157874,-104.9511012,1589.5320000000002,28.98648,11.891264,0.715264,0.4136807502193846
229.79999999999995,40.01159065,-104.9511009,1589.5320000000002,28.98648,12.74064,0.581152,0.4006632557921534
229.9,40.01160236,-104.9511007,1589.5320000000002,28.98648,13.142976,0.804672,0.3965042551330953
230.0,40.01161392,-104.9511007,1589.5320000000002,28.89504,12.919455999999998,1.207008,0.3937792260868491
230.0999999999999,40.01162581,-104.9511006,1589.5320000000002,28.803600000000003,13.053568,1.609344,0.0
230.19999999999996,40.01163784,-104.9511008,1589.2272,28.71216,13.277088,2.01168,0.0
230.29999999999995,40.01164988,-104.9511007,1589.2272,28.59024,13.4112,2.279904,0.0
230.4,40.01166207,-104.9511006,1588.9224000000002,28.40736,13.455904,2.503424,0.0
230.5,40.01167437,-104.9511005,1588.6176,28.102560000000004,13.63472,2.68224,0.0
230.79999999999995,40.01171234,-104.9511009,1587.7032000000002,27.096720000000005,13.992352,3.084576,0.0
230.9,40.01172528,-104.951101,1587.3984,26.791920000000005,14.171168,3.084576,359.6441301693781
231.0,40.01173854,-104.951101,1587.0936000000002,26.39568,14.573504,2.68224,359.65380614953904
231.0999999999999,40.01175215,-104.9511012,1586.7888,26.09088,14.931136,2.101088,359.66296989014216
231.19999999999996,40.0117663,-104.9511015,1586.4840000000002,25.908,15.42288,1.609344,359.1838760044144
231.29999999999995,40.01178069,-104.9511018,1586.1792,25.69464,15.86992,1.207008,359.2042764472607
231.4,40.01179555,-104.9511022,1586.1792,25.6032,16.272256,0.89408,359.2194518397165
231.5,40.01181058,-104.9511025,1586.1792,25.51176,16.629888,0.581152,358.93344646252706
231.5999999999999,40.01182565,-104.9511028,1586.1792,25.51176,16.719296,0.402336,358.9446707893316
231.69999999999996,40.01184118,-104.9511032,1586.1792,25.51176,17.032224,0.089408,358.96375523074795
231.79999999999995,40.01185702,-104.9511036,1586.1792,25.6032,17.43456,0.0,358.97696981133214
231.9,40.01187298,-104.9511041,1586.1792,25.69464,17.702784,0.0,358.69804732742114
232.0,40.01188898,-104.9511047,1586.1792,25.69464,17.792192,0.0,358.70458756819096
232.0999999999999,40.01190518,-104.9511053,1586.4840000000002,25.78608,17.926304000000002,0.0,358.7110624398131
232.19999999999996,40.01192035,-104.951106,1586.4840000000002,25.908,17.43456,0.0,358.4364835614052
232.29999999999995,40.0119366,-104.9511066,1586.4840000000002,25.99944,17.479264,0.089408,358.4364835614052
232.4,40.01195428,-104.9511073,1586.4840000000002,25.99944,18.865088,0.22352,358.4442008260723
232.5,40.01197085,-104.951108,1586.4840000000002,25.99944,19.043904,0.089408,358.4594090970046
232.5999999999999,40.01198756,-104.9511087,1586.7888,26.09088,18.507456,0.089408,358.1927230879702
232.69999999999996,40.01200431,-104.9511095,1586.7888,26.2128,18.596864,0.089408,358.1927230879702
232.9,40.01203763,-104.9511111,1586.7888,26.2128,18.55216,0.22352,357.7974018382342
233.0,40.01205475,-104.9511121,1586.7888,26.09088,18.730976,0.22352,357.8079302797756
233.0999999999999,40.01207172,-104.9511131,1586.7888,26.09088,18.954496,0.22352,357.53424100500223
233.19999999999996,40.01208867,-104.9511139,1586.4840000000002,25.99944,18.865088,0.312928,357.5517902783908
233.29999999999995,40.01210572,-104.9511149,1586.4840000000002,25.99944,18.909792,0.312928,357.56335175318986
233.4,40.01212291,-104.9511162,1586.4840000000002,25.908,19.043904,0.22352,357.3057157101439
233.5,40.01214011,-104.9511173,1586.4840000000002,25.78608,19.133312,0.22352,357.3057157101439
233.5999999999999,40.01215714,-104.9511183,1586.4840000000002,25.78608,19.043904,0.22352,357.0506005480888
233.69999999999996,40.01217441,-104.9511195,1586.1792,25.69464,19.088608,0.22352,356.64927129101096
233.79999999999995,40.01219188,-104.9511212,1586.1792,25.6032,19.356832,0.22352,356.6725957582734
233.9,40.01220925,-104.9511226,1586.1792,25.6032,19.401536,0.089408,356.40707498422904
234.19999999999996,40.0122617,-104.951127,1586.1792,25.38984,19.44624,0.0,356.1771630034423
234.29999999999995,40.01227927,-104.9511285,1585.8744000000002,25.2984,19.490944,0.0,356.1946473120136
234.4,40.01229689,-104.9511303,1585.8744000000002,25.20696,19.625056,0.0,356.1946473120136
234.5,40.01231453,-104.951132,1585.8744000000002,25.20696,19.66976,0.089408,355.93306155009304
234.69999999999996,40.01235001,-104.9511354,1585.5696,24.9936,19.759168000000003,0.0,355.9790198495899
234.79999999999995,40.012368,-104.9511371,1585.5696,24.9936,19.89328,-0.089408,355.9790198495899
234.9,40.01238585,-104.9511388,1585.5696,24.9936,19.982688,-0.089408,355.9971141132139
235.0,40.0124036,-104.9511405,1585.5696,24.9936,19.848576,-0.22352,355.9971141132139
235.0999999999999,40.01242148,-104.9511423,1585.5696,24.9936,19.848576,-0.089408,355.6111851644148
235.19999999999996,40.01243946,-104.951144,1585.5696,24.9936,19.982688,-0.089408,355.6111851644148
235.29999999999995,40.01245737,-104.9511459,1585.5696,24.810720000000003,20.027392,-0.22352,355.6111851644148
235.4,40.01247535,-104.9511477,1585.5696,24.810720000000003,20.027392,-0.312928,355.6308336247794
235.5,40.01249333,-104.9511496,1585.5696,24.810720000000003,20.072096,-0.312928,355.3749081012855
235.5999999999999,40.01251129,-104.9511516,1585.5696,24.90216,20.027392,-0.312928,355.3749081012855
235.69999999999996,40.01252924,-104.9511535,1585.5696,24.90216,20.027392,-0.22352,355.3749081012855
235.79999999999995,40.01254749,-104.9511553,1585.5696,24.90216,20.161504,-0.22352,355.3749081012855
235.9,40.01256553,-104.9511572,1585.5696,24.90216,20.250912,-0.312928,355.3955128430185
236.0,40.01258351,-104.9511592,1585.5696,24.90216,20.072096,-0.402336,355.3955128430185
236.0999999999999,40.01260158,-104.9511612,1585.5696,24.9936,20.1168,-0.402336,355.1409007864106
236.4,40.01265593,-104.9511673,1585.5696,24.9936,20.206208,-0.402336,355.1409007864106
236.5,40.01267399,-104.9511694,1585.5696,24.9936,20.206208,-0.312928,355.1409007864106
236.5999999999999,40.01269211,-104.9511713,1585.5696,24.9936,20.206208,-0.22352,355.1409007864106
236.69999999999996,40.01271019,-104.9511734,1585.5696,24.9936,20.206208,-0.312928,355.1409007864106
236.79999999999995,40.01272824,-104.9511755,1585.5696,24.9936,20.161504,-0.312928,355.1409007864106
236.9,40.01274631,-104.9511776,1585.5696,24.9936,20.161504,-0.312928,355.1409007864106
237.0999999999999,40.01278246,-104.9511821,1585.5696,24.9936,20.161504,-0.22352,354.86362150757225
237.19999999999996,40.01280051,-104.9511841,1585.5696,24.9936,20.161504,-0.22352,354.86362150757225
237.29999999999995,40.0128185,-104.9511862,1585.5696,24.9936,20.1168,-0.312928,355.11916740266366
237.4,40.01283652,-104.9511882,1585.5696,24.9936,20.1168,-0.312928,355.11916740266366
237.5,40.01285449,-104.9511903,1585.8744000000002,25.08504,20.072096,-0.312928,355.11916740266366
237.5999999999999,40.01287225,-104.9511924,1585.8744000000002,25.08504,19.937984,-0.22352,355.0972392076864
237.69999999999996,40.01289009,-104.9511944,1585.8744000000002,25.20696,19.89328,-0.22352,355.0751135768575
237.79999999999995,40.01290782,-104.9511961,1585.8744000000002,25.20696,19.848576,-0.22352,355.333141628561
237.9,40.01292557,-104.951198,1585.8744000000002,25.2984,19.803872,-0.22352,355.30131948270053
238.0,40.0129434,-104.9512002,1586.1792,25.38984,19.848576,-0.22352,355.5612836322953
238.0999999999999,40.01296111,-104.951202,1586.1792,25.51176,19.848576,-0.312928,355.5612836322953
238.19999999999996,40.01297871,-104.9512035,1586.1792,25.6032,19.66976,-0.312928,355.5612836322953
238.29999999999995,40.01299636,-104.9512053,1586.1792,25.6032,19.66976,-0.22352,355.93306155009304
238.4,40.01301391,-104.951207,1586.1792,25.69464,19.625056,-0.22352,355.93306155009304
238.5,40.01303147,-104.9512087,1586.1792,25.69464,19.580352,-0.089408,355.9143832200251
238.5999999999999,40.01304919,-104.9512104,1586.1792,25.69464,19.66976,0.0,356.1771630034423
238.69999999999996,40.01306663,-104.9512119,1586.4840000000002,25.78608,19.580352,0.0,356.15951752607714
238.79999999999995,40.01308391,-104.9512135,1586.4840000000002,25.78608,19.356832,0.0,356.4236656250026
238.9,40.01310131,-104.9512149,1586.4840000000002,25.78608,19.312128,0.0,356.40707498422904
239.0,40.01311861,-104.9512164,1586.4840000000002,25.908,19.312128,0.0,356.40707498422904
239.0999999999999,40.01313595,-104.9512179,1586.4840000000002,25.908,19.312128,0.0,356.40707498422904
239.19999999999996,40.01315339,-104.9512192,1586.4840000000002,25.908,19.356832,0.0,356.6725957582734
239.4,40.01318792,-104.9512219,1586.4840000000002,25.908,19.312128,0.0,356.64927129101096
239.5,40.01320516,-104.9512232,1586.4840000000002,25.908,19.22272,0.089408,357.0506005480888
239.5999999999999,40.01322236,-104.9512244,1586.4840000000002,25.78608,19.178016,0.089408,357.0506005480888
239.69999999999996,40.01323958,-104.9512256,1586.4840000000002,25.78608,19.178016,0.0,357.0506005480888
239.79999999999995,40.01325682,-104.9512269,1586.4840000000002,25.78608,19.178016,0.0,357.0506005480888
239.9,40.01327407,-104.951228,1586.4840000000002,25.78608,19.22272,0.0,357.0506005480888
240.0,40.01329111,-104.9512292,1586.4840000000002,25.908,19.088608,0.089408,357.0506005480888
240.19999999999996,40.01332544,-104.9512313,1586.4840000000002,25.78608,19.043904,0.0,357.31831684357934
240.29999999999995,40.01334263,-104.9512324,1586.4840000000002,25.78608,19.133312,0.0,357.31831684357934
240.4,40.0133598,-104.9512335,1586.4840000000002,25.78608,19.133312,0.0,357.3057157101439
240.5,40.01337697,-104.9512345,1586.4840000000002,25.78608,19.133312,0.0,357.5748046098687
240.5999999999999,40.01339417,-104.9512355,1586.4840000000002,25.78608,19.133312,0.0,357.5748046098687
240.69999999999996,40.01341133,-104.9512365,1586.1792,25.69464,19.133312,0.0,357.5748046098687
240.79999999999995,40.01342853,-104.9512376,1586.4840000000002,25.78608,19.133312,0.0,357.5748046098687
240.9,40.01344565,-104.9512386,1586.1792,25.69464,19.088608,0.089408,357.5748046098687
241.0,40.01346298,-104.9512396,1586.1792,25.69464,19.178016,0.0,357.5748046098687
241.0999999999999,40.01348017,-104.9512405,1586.1792,25.69464,19.22272,0.0,357.5748046098687
241.19999999999996,40.01349707,-104.9512414,1586.4840000000002,25.78608,18.954496,0.0,357.5748046098687
241.4,40.01353134,-104.9512432,1586.4840000000002,25.78608,18.9992,0.0,357.83381643806985
241.5,40.01354845,-104.951244,1586.4840000000002,25.78608,19.043904,0.0,357.84400060038143
241.5999999999999,40.01356571,-104.951245,1586.4840000000002,25.78608,19.133312,0.0,357.84400060038143
241.69999999999996,40.01358288,-104.9512458,1586.4840000000002,25.78608,19.133312,0.0,357.84400060038143
241.79999999999995,40.0136,-104.9512465,1586.4840000000002,25.78608,19.088608,0.089408,357.84400060038143
241.9,40.01361718,-104.9512474,1586.4840000000002,25.78608,19.088608,0.089408,357.84400060038143
242.0,40.01363454,-104.9512482,1586.4840000000002,25.78608,19.22272,0.0,357.8540894950965
242.0999999999999,40.01365177,-104.951249,1586.4840000000002,25.78608,19.267424,0.0,357.8540894950965
242.19999999999996,40.01366903,-104.9512499,1586.4840000000002,25.908,19.178016,0.0,358.25617065509755
242.29999999999995,40.01368626,-104.9512506,1586.4840000000002,25.908,19.178016,0.089408,358.24796950197845
242.4,40.01370338,-104.9512514,1586.4840000000002,25.908,19.088608,0.089408,358.24796950197845
242.5,40.01372058,-104.9512522,1586.4840000000002,25.908,19.088608,0.089408,358.24796950197845
242.5999999999999,40.01373774,-104.9512529,1586.4840000000002,25.908,19.133312,0.0,357.8540894950965
242.69999999999996,40.01375497,-104.9512538,1586.4840000000002,25.908,19.133312,0.089408,357.8540894950965
242.79999999999995,40.01377345,-104.9512544,1586.4840000000002,25.908,19.848576,0.089408,358.25617065509755
242.9,40.01379082,-104.9512551,1586.4840000000002,25.908,19.937984,0.089408,358.25617065509755
243.0,40.0138066,-104.9512557,1586.4840000000002,25.908,18.462752,0.0,358.25617065509755
243.0999999999999,40.01382386,-104.9512565,1586.4840000000002,25.99944,18.373344,0.0,358.25617065509755
243.19999999999996,40.01384121,-104.9512573,1586.4840000000002,25.99944,19.267424,0.0,358.25617065509755
243.29999999999995,40.01385844,-104.9512581,1586.4840000000002,25.99944,19.22272,0.0,358.25617065509755
243.4,40.01387562,-104.9512588,1586.4840000000002,25.908,19.133312,0.089408,358.25617065509755
243.5,40.01389283,-104.9512596,1586.4840000000002,25.908,19.133312,0.22352,358.25617065509755
243.5999999999999,40.01391024,-104.9512602,1586.4840000000002,25.908,19.267424,0.089408,358.25617065509755
243.69999999999996,40.01392753,-104.9512609,1586.4840000000002,25.908,19.312128,0.089408,358.26832947284856
243.79999999999995,40.01394478,-104.9512617,1586.4840000000002,25.908,19.22272,0.089408,358.26832947284856
243.9,40.01396209,-104.9512624,1586.4840000000002,25.908,19.22272,0.22352,358.26832947284856
244.0,40.01397935,-104.9512632,1586.4840000000002,25.908,19.22272,0.22352,358.26832947284856
244.0999999999999,40.01399671,-104.9512639,1586.4840000000002,25.78608,19.267424,0.22352,358.2763416186549
244.19999999999996,40.01401424,-104.9512647,1586.4840000000002,25.78608,19.401536,0.089408,358.2763416186549
244.29999999999995,40.01403167,-104.9512655,1586.4840000000002,25.908,19.44624,0.0,358.2763416186549
244.4,40.0140491,-104.9512663,1586.4840000000002,25.908,19.401536,0.0,358.2763416186549
244.5,40.01406647,-104.951267,1586.4840000000002,25.908,19.356832,0.0,358.26832947284856
244.5999999999999,40.01408389,-104.9512677,1586.4840000000002,25.908,19.356832,0.089408,358.26832947284856
244.69999999999996,40.01410124,-104.9512684,1586.4840000000002,25.908,19.356832,0.089408,358.26832947284856
244.79999999999995,40.01411861,-104.9512692,1586.4840000000002,25.908,19.312128,0.0,358.2763416186549
244.9,40.01413602,-104.9512699,1586.4840000000002,25.908,19.356832,0.0,358.2763416186549
245.0,40.01415347,-104.9512706,1586.4840000000002,25.908,19.401536,0.0,358.2763416186549
245.0999999999999,40.01417093,-104.9512713,1586.4840000000002,25.908,19.401536,0.089408,358.28427998630343
245.19999999999996,40.01418843,-104.951272,1586.4840000000002,25.908,19.44624,0.089408,358.28427998630343
245.29999999999995,40.01420593,-104.9512727,1586.4840000000002,25.78608,19.44624,0.0,358.28427998630343
245.4,40.01422344,-104.9512734,1586.4840000000002,25.78608,19.490944,0.0,358.28427998630343
245.5,40.01424097,-104.9512741,1586.4840000000002,25.78608,19.490944,0.0,358.28427998630343
245.5999999999999,40.01425827,-104.9512748,1586.4840000000002,25.78608,19.356832,0.089408,358.28427998630343
245.69999999999996,40.01427578,-104.9512756,1586.4840000000002,25.78608,19.356832,0.089408,358.28427998630343
245.79999999999995,40.01429346,-104.9512764,1586.4840000000002,25.78608,19.580352,0.089408,358.29214558987894
245.9,40.01431103,-104.9512771,1586.4840000000002,25.78608,19.625056,0.089408,358.29214558987894
246.0,40.0143285,-104.9512777,1586.4840000000002,25.78608,19.490944,0.089408,358.29214558987894
246.0999999999999,40.01434606,-104.9512784,1586.4840000000002,25.78608,19.490944,0.0,358.55477086562973
246.19999999999996,40.01436366,-104.951279,1586.4840000000002,25.78608,19.580352,0.0,358.55477086562973
246.29999999999995,40.01438125,-104.9512795,1586.4840000000002,25.78608,19.580352,0.0,359.080192657465
246.4,40.01439881,-104.9512799,1586.4840000000002,25.78608,19.535648,0.0,359.34296711000525
246.5,40.01441636,-104.95128,1586.4840000000002,25.78608,19.535648,0.0,0.0
246.5999999999999,40.01443391,-104.9512794,1586.4840000000002,25.908,19.490944,0.0,1.1934894239820435
246.69999999999996,40.01445134,-104.9512786,1586.4840000000002,25.908,19.44624,0.0,2.385944030388828
246.79999999999995,40.01446882,-104.9512772,1586.4840000000002,25.908,19.44624,0.0,4.123492021202651
246.9,40.01448606,-104.9512752,1586.4840000000002,25.99944,19.356832,-0.089408,5.7773247396496
247.0,40.01450205,-104.9512725,1586.7888,26.09088,18.596864,0.0,6.874818028704226
247.19999999999996,40.01453682,-104.9512657,1586.4840000000002,25.99944,18.9992,0.089408,9.462322208025626
247.29999999999995,40.01455346,-104.9512616,1586.4840000000002,25.99944,19.312128,0.089408,11.202132451619946
247.4,40.01457003,-104.9512572,1586.4840000000002,25.99944,18.820384,0.22352,12.065912082211357
247.5999999999999,40.0146024,-104.9512467,1586.4840000000002,25.99944,18.641568,0.0,14.708303899682733
247.69999999999996,40.01461842,-104.9512408,1586.4840000000002,25.99944,18.507456,0.089408,16.059987307160668
247.79999999999995,40.01463421,-104.9512344,1586.7888,26.09088,18.462752,0.089408,17.546713327682255
247.9,40.01464984,-104.9512276,1586.4840000000002,25.99944,18.32864,0.22352,18.92464441605125
248.0,40.01466498,-104.9512204,1586.4840000000002,25.908,18.10512,0.22352,20.72197519159016
248.19999999999996,40.01469495,-104.9512039,1586.4840000000002,25.99944,18.015712,0.0,24.06436096694756
248.29999999999995,40.01470946,-104.951195,1586.4840000000002,25.99944,17.971008,0.0,25.78732818281435
248.4,40.01472341,-104.9511856,1586.4840000000002,25.99944,17.658079999999998,0.0,27.547168340302164
248.5,40.01473715,-104.9511757,1586.4840000000002,25.99944,17.43456,0.0,29.487125672941488
248.5999999999999,40.0147504,-104.9511652,1586.4840000000002,25.908,17.345152,0.0,31.558143385687856
248.69999999999996,40.01476327,-104.9511543,1586.4840000000002,25.908,17.166335999999998,0.0,33.69006752597977
248.79999999999995,40.01477561,-104.9511429,1586.4840000000002,25.908,16.898111999999998,0.089408,35.519845305929266
248.9,40.01478762,-104.9511311,1586.4840000000002,25.908,16.719296,0.089408,37.64411781077206
249.0,40.01479917,-104.9511187,1586.4840000000002,25.78608,16.674591999999997,0.089408,39.80557109226521
249.0999999999999,40.01481024,-104.951106,1586.4840000000002,25.78608,16.495776,0.0,41.99889121141382
249.19999999999996,40.01482068,-104.9510928,1586.4840000000002,25.78608,16.272256,0.0,44.32330965972068
249.29999999999995,40.01483075,-104.9510794,1586.4840000000002,25.78608,16.09344,0.0,46.48638329756335
249.4,40.01484021,-104.9510654,1586.4840000000002,25.78608,15.959328,0.0,48.9372251648241
249.5,40.01484919,-104.9510512,1586.1792,25.69464,15.780511999999998,0.0,51.31441766779551
249.5999999999999,40.01485765,-104.9510367,1586.4840000000002,25.78608,15.601696,0.0,53.16345262950074
249.69999999999996,40.01486558,-104.9510219,1586.4840000000002,25.78608,15.42288,0.0,55.56101069119637
249.79999999999995,40.01487285,-104.9510069,1586.4840000000002,25.78608,15.244064,0.0,57.77751983461207
249.9,40.01487971,-104.9509918,1586.4840000000002,25.78608,15.065248,0.089408,60.12717895400414
250.0,40.01488599,-104.9509765,1586.4840000000002,25.78608,14.886432,0.089408,62.42027952329374
250.0999999999999,40.01489171,-104.950961,1586.4840000000002,25.78608,14.707616,0.0,65.08952500932105
250.5999999999999,40.01491121,-104.9508816,1586.4840000000002,25.78608,14.260576,0.0,78.83511982245142
250.69999999999996,40.01491331,-104.9508655,1586.4840000000002,25.78608,14.126464,0.0,81.21135446828043
250.79999999999995,40.01491489,-104.9508494,1586.4840000000002,25.78608,13.85824,0.0,84.2339772317635
250.9,40.01491583,-104.9508332,1586.4840000000002,25.78608,13.813536,0.089408,86.64447990919132
251.19999999999996,40.0149152,-104.9507852,1586.1792,25.69464,13.679424,0.089408,94.73223814247967
251.29999999999995,40.0149138,-104.9507694,1586.1792,25.69464,13.590016,0.089408,97.21902082486967
251.4,40.0149119,-104.9507538,1586.1792,25.6032,13.500608,0.089408,100.27100372047909
251.5999999999999,40.01490618,-104.9507228,1586.1792,25.6032,13.545312,0.089408,105.5545712700744
251.79999999999995,40.01489805,-104.9506923,1586.1792,25.51176,13.63472,0.089408,111.1725786194296
251.9,40.01489324,-104.9506774,1586.1792,25.51176,13.724128,0.0,113.71519796906102
252.0,40.01488797,-104.950663,1586.1792,25.51176,13.679424,0.0,116.4816512658009
252.19999999999996,40.01487584,-104.9506355,1586.1792,25.6032,13.545312,0.0,121.37686370158916
252.29999999999995,40.01486894,-104.9506219,1586.1792,25.6032,13.63472,0.0,124.25227390162796
252.5,40.01485323,-104.9505942,1586.1792,25.6032,14.439391999999998,0.0,129.19978225256284
252.5999999999999,40.01484478,-104.9505814,1586.1792,25.51176,14.573504,0.0,131.543380827958
252.69999999999996,40.01483591,-104.9505692,1586.1792,25.51176,14.349984,0.0,134.49297093908524
252.79999999999995,40.01482653,-104.9505571,1586.1792,25.51176,14.484096,0.0,136.62941864841144
252.9,40.01481672,-104.9505457,1586.1792,25.51176,14.618208,0.0,139.11222884471846
253.0,40.01480631,-104.9505349,1586.1792,25.51176,14.707616,0.0,141.34019174590992
253.0999999999999,40.01479564,-104.9505245,1586.1792,25.51176,14.797024,0.0,144.17807900016248
253.19999999999996,40.01478382,-104.9505137,1586.1792,25.38984,15.42288,0.089408,146.5492618235594
253.29999999999995,40.01477227,-104.9505042,1586.1792,25.51176,15.601696,0.0,148.53803185531285
253.4,40.01476117,-104.9504963,1586.1792,25.51176,14.618208,0.0,151.077489683056
253.5,40.01474895,-104.9504879,1586.1792,25.51176,14.707616,0.0,153.13418633867855
253.69999999999996,40.01472345,-104.9504725,1586.1792,25.51176,15.512288000000002,0.0,156.95190462114886
253.9,40.01469671,-104.950459,1586.1792,25.38984,15.780511999999998,0.0,160.49755149333782
254.19999999999996,40.01465426,-104.9504422,1586.1792,25.38984,16.227552,0.0,165.287952990666
254.29999999999995,40.01463959,-104.9504374,1586.1792,25.51176,16.54048,0.0,166.03826335550275
254.4,40.01462479,-104.9504328,1586.1792,25.38984,16.853408,0.0,167.25647864226585
254.5,40.01460975,-104.9504286,1586.1792,25.38984,16.98752,-0.089408,168.5134110060776
254.5999999999999,40.01459463,-104.9504246,1586.1792,25.38984,17.121631999999998,-0.089408,169.15969454566948
254.69999999999996,40.01457926,-104.950421,1586.1792,25.38984,17.255744,0.0,170.29334759066023
254.79999999999995,40.01456364,-104.9504178,1585.8744000000002,25.2984,17.479264,0.0,171.1420412363716
255.0,40.01453208,-104.9504118,1585.8744000000002,25.20696,17.702784,0.0,172.9107823215495
255.19999999999996,40.01449985,-104.9504072,1585.8744000000002,25.20696,17.8816,-0.22352,174.57318750142713
255.29999999999995,40.01448353,-104.9504052,1585.8744000000002,25.2984,18.10512,-0.22352,175.17753309430327
255.4,40.01446717,-104.9504035,1585.8744000000002,25.2984,18.239232,-0.089408,175.92438772132266
255.5,40.01445067,-104.950402,1585.8744000000002,25.20696,18.32864,0.0,176.20461263390325
255.5999999999999,40.01443403,-104.9504008,1585.8744000000002,25.20696,18.462752,0.0,176.94341955185052
255.69999999999996,40.01441734,-104.9503997,1585.8744000000002,25.20696,18.55216,0.0,177.51044707800088
255.79999999999995,40.01439951,-104.9503987,1585.8744000000002,25.20696,19.22272,0.0,177.78677182360423
255.9,40.01438259,-104.9503979,1585.8744000000002,25.20696,19.312128,0.0,178.48532032198773
256.0,40.01436715,-104.9503976,1585.8744000000002,25.20696,18.015712,-0.089408,178.7665493951722
256.0999999999999,40.0143502,-104.9503972,1585.8744000000002,25.20696,18.015712,-0.089408,179.3195595502665
256.19999999999993,40.01433306,-104.950397,1585.8744000000002,25.20696,18.954496,-0.089408,179.72781307126286
256.29999999999995,40.01431599,-104.9503969,1585.8744000000002,25.20696,19.043904,-0.089408,180.0
256.4,40.01429874,-104.950397,1585.8744000000002,25.20696,19.088608,0.0,180.26962520740744
256.5,40.01428151,-104.9503973,1585.8744000000002,25.20696,19.178016,-0.089408,180.67088010572803
256.5999999999999,40.01426436,-104.9503977,1585.8744000000002,25.2984,19.133312,-0.089408,181.2074605964711
256.69999999999993,40.01424706,-104.9503982,1585.8744000000002,25.2984,19.133312,0.0,181.2074605964711
256.79999999999995,40.0142297,-104.9503988,1585.8744000000002,25.2984,19.267424,0.22352,181.4756773081494
256.9,40.01421249,-104.9503995,1585.8744000000002,25.20696,19.22272,0.581152,181.75203049802155
257.0,40.01419513,-104.9504001,1585.8744000000002,25.08504,19.22272,0.89408,182.15599939961857
257.0999999999999,40.01417786,-104.950401,1585.8744000000002,25.08504,19.267424,0.983488,182.4138496289582
257.19999999999993,40.01416051,-104.9504021,1585.5696,24.9936,19.267424,0.89408,182.6506896834218
257.29999999999995,40.01414296,-104.9504033,1585.5696,24.90216,19.401536,0.402336,182.88862154984292
257.4,40.01412534,-104.9504041,1585.5696,24.810720000000003,19.580352,0.089408,183.24458734654343
257.5,40.01410759,-104.9504055,1585.5696,24.810720000000003,19.66976,0.089408,183.24458734654343
257.5999999999999,40.01408994,-104.950407,1585.5696,24.810720000000003,19.714464,0.089408,183.5274680503741
257.69999999999993,40.01407219,-104.9504084,1585.2648000000002,24.6888,19.714464,0.089408,183.76233272357013
257.79999999999995,40.01405432,-104.95041,1585.2648000000002,24.59736,19.848576,0.089408,183.76233272357013
258.0,40.01401857,-104.950413,1585.2648000000002,24.505920000000003,19.89328,0.089408,183.74539547909524
258.0999999999999,40.01400063,-104.9504146,1585.2648000000002,24.505920000000003,19.937984,0.089408,183.72860983277096
258.19999999999993,40.01398255,-104.950416,1585.2648000000002,24.505920000000003,20.072096,0.089408,183.456619172042
258.29999999999995,40.01396452,-104.9504174,1585.2648000000002,24.505920000000003,20.1168,0.089408,183.456619172042
258.4,40.01394633,-104.950419,1585.2648000000002,24.505920000000003,20.161504,0.0,183.4336303624505
258.5999999999999,40.01390973,-104.9504217,1585.2648000000002,24.505920000000003,20.34032,-0.089408,183.16578875768653
258.69999999999993,40.01389149,-104.950423,1585.2648000000002,24.505920000000003,20.34032,-0.089408,183.16578875768653
258.79999999999995,40.01387324,-104.9504242,1585.2648000000002,24.505920000000003,20.295616,-0.089408,182.78653356949323
258.9,40.01385499,-104.9504254,1584.96,24.41448,20.295616,0.0,182.78653356949323
259.0,40.01383671,-104.9504266,1584.96,24.41448,20.34032,0.0,182.78653356949323
259.0999999999999,40.01381844,-104.9504277,1584.96,24.41448,20.34032,0.0,182.78653356949323
259.19999999999993,40.0138,-104.9504289,1584.96,24.29256,20.429728,0.0,182.53355888839457
259.29999999999995,40.01378168,-104.95043,1584.96,24.29256,20.474432,0.0,182.52241228343948
259.4,40.01376326,-104.950431,1584.96,24.29256,20.429728,0.0,182.52241228343948
259.5,40.01374485,-104.9504321,1584.96,24.29256,20.519136,-0.089408,182.51136326716303
259.5999999999999,40.01372645,-104.9504332,1584.96,24.41448,20.474432,-0.089408,182.2605019111413
259.69999999999993,40.01370802,-104.9504342,1584.96,24.41448,20.519136,-0.22352,182.2605019111413
259.79999999999995,40.01368938,-104.9504351,1584.96,24.41448,20.608544,-0.089408,182.00955381302117
259.9,40.01367098,-104.9504358,1584.96,24.41448,20.608544,-0.089408,181.64017986997848
260.0,40.0136525,-104.9504363,1584.96,24.41448,20.519136,-0.089408,181.13567066697945
260.0999999999999,40.0136342,-104.9504366,1584.96,24.41448,20.474432,-0.089408,180.253519493772
260.19999999999993,40.01361589,-104.9504363,1584.96,24.29256,20.34032,0.0,179.3634064240365
260.29999999999995,40.01359769,-104.9504358,1584.96,24.29256,20.295616,0.0,178.5997153607943
260.4,40.01357944,-104.9504349,1584.96,24.41448,20.250912,-0.089408,177.45519562018694
260.5,40.01356128,-104.9504335,1584.96,24.41448,20.250912,-0.089408,176.543380827958
260.5999999999999,40.01354314,-104.9504317,1584.96,24.41448,20.206208,-0.089408,175.6503072759176
260.69999999999993,40.0135251,-104.9504296,1584.96,24.41448,20.161504,-0.089408,174.86362150757225
260.79999999999995,40.01350709,-104.9504271,1584.96,24.41448,20.1168,-0.089408,173.943870277242
260.9,40.01348918,-104.9504244,1584.96,24.41448,20.072096,0.0,173.43278307464402
261.0,40.01346982,-104.9504211,1584.96,24.41448,20.876768,0.0,172.5409476328673
261.0999999999999,40.01345184,-104.9504178,1584.96,24.41448,20.966176,0.0,171.61541298900397
261.19999999999993,40.01343541,-104.9504143,1584.96,24.41448,19.356832,0.0,171.1074512917519
261.29999999999995,40.01341762,-104.9504104,1585.2648000000002,24.505920000000003,19.267424,-0.089408,170.22194377534606
261.4,40.01339964,-104.9504059,1585.2648000000002,24.505920000000003,20.206208,0.0,169.59228868750995
261.5,40.01338193,-104.9504014,1585.2648000000002,24.505920000000003,20.206208,0.0,169.01746841682416
261.5999999999999,40.01336419,-104.9503967,1584.96,24.41448,20.1168,0.089408,168.33670596513616
261.69999999999993,40.01334654,-104.9503917,1584.96,24.41448,20.1168,0.0,167.83346622453428
261.79999999999995,40.01332863,-104.9503864,1584.96,24.41448,20.250912,0.0,167.6375075842857
261.9,40.01331096,-104.9503811,1585.2648000000002,24.505920000000003,20.295616,0.0,167.3881148534009
262.0,40.01329324,-104.9503758,1585.2648000000002,24.505920000000003,20.161504,0.0,167.3881148534009
262.0999999999999,40.01327553,-104.9503705,1585.2648000000002,24.505920000000003,20.206208,0.0,167.3881148534009
262.19999999999993,40.01325759,-104.9503651,1585.2648000000002,24.505920000000003,20.34032,0.0,167.71904559490065
262.29999999999995,40.01323978,-104.95036,1585.2648000000002,24.59736,20.385024,0.0,167.96736657531483
262.4,40.01322198,-104.950355,1585.2648000000002,24.59736,20.250912,-0.089408,168.2678695969504
262.5,40.0132041,-104.9503501,1585.2648000000002,24.59736,20.295616,-0.089408,168.51606786280183
262.5999999999999,40.01318614,-104.9503453,1585.2648000000002,24.59736,20.34032,0.0,168.88918324745885
262.69999999999993,40.01316827,-104.9503406,1585.2648000000002,24.59736,20.295616,0.0,169.1384601245113
262.79999999999995,40.0131503,-104.9503358,1585.2648000000002,24.59736,20.34032,0.0,169.38815388006103
262.9,40.01313238,-104.9503314,1585.2648000000002,24.59736,20.34032,0.0,169.63825605290322
263.0,40.01311452,-104.950327,1585.2648000000002,24.59736,20.250912,0.0,170.05813916082502
263.19999999999993,40.01307848,-104.9503189,1585.2648000000002,24.6888,20.295616,0.0,170.80931876679006
263.29999999999995,40.01306044,-104.9503151,1585.2648000000002,24.59736,20.34032,0.089408,171.4377566547763
263.4,40.01304246,-104.9503115,1585.2648000000002,24.59736,20.250912,0.0,172.60695361626517
263.5999999999999,40.01300634,-104.9503071,1585.2648000000002,24.6888,20.161504,-0.402336,176.77002981835187
263.69999999999993,40.01298856,-104.9503061,1585.5696,24.810720000000003,20.027392,-0.402336,178.8174568966591
263.79999999999995,40.01297116,-104.950306,1585.5696,24.810720000000003,19.580352,-0.312928,180.66619997018316
263.9,40.01295401,-104.9503066,1585.2648000000002,24.6888,19.22272,-0.089408,182.7198449314675
264.0,40.01293684,-104.9503081,1585.2648000000002,24.59736,19.088608,0.0,184.9937439858234
264.0999999999999,40.0129204,-104.9503104,1585.2648000000002,24.505920000000003,18.77568,0.0,186.9324556395476
264.19999999999993,40.01290414,-104.9503133,1584.96,24.41448,18.32864,0.089408,189.08460519449824
264.29999999999995,40.01288845,-104.9503171,1584.96,24.29256,17.971008,0.22352,191.45295708836025
264.4,40.01287281,-104.9503213,1584.96,24.201120000000003,17.747488,0.22352,193.7490489834193
264.5,40.01285783,-104.9503266,1584.96,24.201120000000003,17.523968,0.089408,196.25420954463047
264.5999999999999,40.01284308,-104.9503325,1584.96,24.201120000000003,17.21104,0.089408,198.67467871900288
264.69999999999993,40.01282886,-104.9503393,1584.96,24.201120000000003,16.98752,0.0,201.11492276302997
264.79999999999995,40.01281508,-104.9503468,1584.96,24.29256,16.719296,0.0,203.9310250680688
264.9,40.01280163,-104.9503551,1584.96,24.29256,16.585184,0.0,206.35568872456307
265.0,40.01278867,-104.9503638,1585.2648000000002,24.505920000000003,16.361664,0.0,208.673146489435
265.0999999999999,40.01277592,-104.9503733,1585.2648000000002,24.505920000000003,16.272256,0.0,210.882409053113
265.19999999999993,40.0127637,-104.9503834,1585.2648000000002,24.505920000000003,16.182848,0.0,213.1171288282963
265.29999999999995,40.01275169,-104.9503941,1585.2648000000002,24.59736,16.138144,0.0,215.37085134150988
265.4,40.01274044,-104.9504054,1585.2648000000002,24.59736,15.959328,0.0,217.63677806542225
265.5,40.01272919,-104.9504173,1585.2648000000002,24.6888,15.914624,0.0,220.1138309201925
265.5999999999999,40.01271856,-104.9504297,1585.2648000000002,24.6888,15.959328,0.0,222.5104470780008
265.69999999999993,40.01270806,-104.9504426,1585.2648000000002,24.6888,15.959328,0.0,224.5470783710388
265.79999999999995,40.01269818,-104.9504562,1585.5696,24.810720000000003,16.004032,0.0,226.80399511620055
265.9,40.01268837,-104.9504702,1585.5696,24.810720000000003,16.048735999999998,0.0,228.5903226021396
266.19999999999993,40.01266153,-104.9505149,1585.2648000000002,24.6888,16.09344,0.089408,233.6620522532256
266.29999999999995,40.01265289,-104.9505305,1585.2648000000002,24.6888,16.182848,0.312928,234.62524815612392
266.4,40.01264463,-104.9505464,1585.2648000000002,24.6888,16.406368,0.804672,235.44319406349692
266.5999999999999,40.01262857,-104.9505789,1584.96,24.41448,16.406368,1.6987519999999998,237.21794050347464
266.69999999999993,40.01262065,-104.9505952,1584.96,24.29256,16.451072,2.190496,238.07696191991943
266.79999999999995,40.01261276,-104.9506116,1584.6552,23.98776,16.495776,2.503424,239.1423466420327
266.9,40.01260521,-104.9506285,1584.3504,23.80488,16.585184,2.68224,240.1409838350769
267.0,40.01259796,-104.950646,1584.0456,23.50008,16.764,2.68224,241.7403017543849
267.29999999999995,40.01257841,-104.950697,1583.436,22.707600000000003,16.361664,2.816352,243.9531135803631
267.4,40.01257285,-104.950713,1582.8264,22.31136,15.86992,2.995168,244.3652450789552
267.5,40.01256729,-104.9507281,1582.5216,21.91512,14.618208,3.084576,244.7406094801911
267.5999999999999,40.01256197,-104.9507433,1582.2168,21.61032,14.260576,3.084576,244.87978825768568
267.69999999999993,40.01255706,-104.9507571,1581.912,21.30552,13.590016,3.084576,245.40679461198232
267.79999999999995,40.01255238,-104.9507706,1581.6072,21.00072,12.785344,2.995168,245.6954507340633
267.9,40.01254806,-104.9507832,1581.3024,20.60448,12.204192,2.995168,246.28264899857905
268.0,40.01254378,-104.950796,1580.9976,20.29968,11.801856,3.084576,246.5644065795196
268.19999999999993,40.01253596,-104.95082,1580.0832,19.59864,11.354816,3.084576,247.93210043758975
268.29999999999995,40.01253256,-104.9508314,1580.0832,19.29384,10.863072,3.084576,249.06872330187483
268.4,40.01252901,-104.9508428,1579.7784,18.98904,10.416032,2.995168,249.8874117109245
268.5,40.01252604,-104.9508537,1579.4736,18.71472,10.147808,2.995168,250.73473569082
268.5999999999999,40.01252307,-104.9508645,1579.1688,18.40992,9.790176,2.995168,251.565051177078
268.69999999999993,40.01252058,-104.9508749,1578.864,18.10512,9.521952,2.592832,253.43563258728156
268.79999999999995,40.01251836,-104.9508845,1578.5592,17.89176,8.9408,2.101088,254.66671520694644
268.9,40.01251649,-104.9508941,1578.5592,17.80032,8.538464000000001,1.519936,256.0382633555028
269.0,40.01251455,-104.9509036,1578.2544,17.58696,8.404352,0.983488,256.492161124727
269.0999999999999,40.01251293,-104.9509131,1578.2544,17.49552,8.359648,0.581152,257.6702503649277
269.19999999999993,40.01251126,-104.9509227,1578.2544,17.49552,8.314944,0.312928,258.111341960372
269.29999999999995,40.01250954,-104.9509329,1578.2544,17.49552,8.627872,0.089408,257.1328958599809
269.4,40.01250754,-104.9509429,1578.2544,17.49552,8.851392,0.0,256.49364458741763
269.5,40.01250549,-104.9509538,1578.2544,17.49552,9.16432,0.0,255.44642720928744
269.79999999999995,40.01249913,-104.950986,1578.2544,17.58696,9.477248,-0.089408,254.6784899251352
269.9,40.01249664,-104.9509978,1578.2544,17.70888,9.700768,0.0,254.29136217098423
270.0,40.01249443,-104.9510095,1578.2544,17.58696,10.326624,0.0,254.0877997961236
270.0999999999999,40.01249175,-104.9510217,1578.2544,17.58696,10.550144,0.0,253.95721759878825
270.19999999999993,40.01248907,-104.951034,1578.2544,17.58696,10.863072,0.0,253.7676493388438
270.29999999999995,40.01248617,-104.9510466,1578.2544,17.58696,11.086592,0.089408,252.99714736124264
270.4,40.0124833,-104.9510597,1578.2544,17.49552,11.39952,0.089408,252.831827564818
270.5,40.01248013,-104.9510727,1578.2544,17.49552,11.62304,0.0,251.91229407416373
270.69999999999993,40.0124734,-104.9510993,1578.2544,17.58696,11.801856,0.0,250.55996517182385
270.79999999999995,40.01246981,-104.951113,1578.2544,17.58696,12.07008,0.0,250.3038183009351
270.9,40.01246594,-104.9511265,1578.2544,17.49552,12.2936,0.089408,249.12700263749215
271.0,40.01246183,-104.9511405,1578.2544,17.49552,12.51712,0.089408,248.16089592730165
271.0999999999999,40.01245744,-104.9511543,1578.2544,17.49552,12.74064,0.0,247.1663458220825
271.19999999999993,40.01245268,-104.9511687,1578.2544,17.49552,13.053568,-0.22352,245.74608027568345
271.29999999999995,40.01244743,-104.9511832,1578.2544,17.49552,13.500608,-0.715264,244.4255552278999
271.4,40.01244181,-104.9511985,1578.2544,17.58696,14.037056,-1.296416,243.1153104122198
271.5,40.01243581,-104.9512136,1578.5592,17.80032,14.439391999999998,-1.922272,242.4202795232937
271.5999999999999,40.01242944,-104.9512291,1578.5592,18.01368,14.75232,-2.592832,241.51299286399055
271.69999999999993,40.01242291,-104.9512446,1578.864,18.288,15.020544,-3.218688,241.3222285939578
271.79999999999995,40.01241602,-104.9512607,1579.1688,18.5928,15.378176,-3.79984,240.4612177404419
271.9,40.01240902,-104.9512765,1579.7784,19.11096,15.601696,-4.202176,239.74356283647077
272.0,40.01240163,-104.951293,1580.0832,19.5072,15.914624,-4.380992,239.06415178501453
272.0999999999999,40.01239421,-104.9513091,1580.6928,19.99488,16.138144,-4.69392,238.53994980197095
272.19999999999993,40.01238643,-104.9513256,1580.9976,20.391120000000004,16.227552,-4.783328,238.24694536985504
272.29999999999995,40.01237867,-104.9513418,1581.6072,20.90928,16.406368,-4.783328,237.9778440232173
272.4,40.01237122,-104.9513574,1581.912,21.396960000000004,16.004032,-4.91744,237.480841391757
272.5,40.01236321,-104.9513738,1582.5216,22.00656,16.09344,-5.006848,237.12532297409277
272.5999999999999,40.0123543,-104.951392,1583.1312,22.49424,17.479264,-5.006848,236.9054128240748
272.69999999999993,40.01234595,-104.9514087,1583.7408,23.0124,17.702784,-5.006848,236.3945018288609
272.9,40.01232878,-104.9514422,1584.6552,24.10968,17.121631999999998,-5.006848,235.93734956426408
273.0,40.01232008,-104.951459,1585.2648000000002,24.59736,17.21104,-4.91744,235.8578230810913
273.0999999999999,40.0123112,-104.951476,1585.8744000000002,25.08504,17.389855999999998,-4.783328,235.6132370192633
273.19999999999993,40.01230208,-104.9514931,1586.1792,25.51176,17.613376,-4.783328,235.1755108430432
273.4,40.01228382,-104.9515274,1587.3984,26.70048,17.747488,-4.91744,234.86580694308435
273.5,40.01227451,-104.9515446,1588.008,27.40152,17.836896,-5.006848,234.62995127776432
273.5999999999999,40.01226505,-104.9515619,1588.6176,28.102560000000004,18.015712,-5.006848,234.52867513668707
273.79999999999995,40.01224586,-104.9515966,1590.1416000000002,29.4132,18.194528,-5.096256,234.00370369348676
273.9,40.01223615,-104.951614,1590.7512000000002,29.992320000000003,18.239232,-5.096256,234.00370369348676
274.0,40.01222576,-104.9516325,1591.056,30.51048,18.954496,-5.096256,233.6632014709012
274.0999999999999,40.01221588,-104.95165,1591.6656,30.99816,19.043904,-5.006848,233.6632014709012
274.19999999999993,40.01220671,-104.9516658,1592.2752,31.48584,17.702784,-5.006848,233.43784039814733
274.29999999999995,40.01219678,-104.9516831,1592.5800000000002,32.004000000000005,17.658079999999998,-5.006848,233.21378649062785
274.4,40.01218675,-104.9517004,1593.1896000000002,32.49168,18.462752,-4.69392,233.0460910074524
274.5,40.01217678,-104.9517177,1593.4944,33.009840000000004,18.462752,-4.380992,233.0460910074524
274.5999999999999,40.01216682,-104.9517348,1594.104,33.49752,18.373344,-3.889248,232.7920780782184
274.69999999999993,40.01215689,-104.9517518,1594.4088000000002,33.80232,18.283936,-3.308096,232.62107130929704
274.79999999999995,40.01214688,-104.9517688,1594.7136,34.10712,18.239232,-2.816352,232.44871787382203
274.9,40.01213687,-104.9517855,1595.0184000000002,34.50336,18.149824,-2.414016,231.78658535883145
275.0999999999999,40.0121162,-104.9518179,1595.6280000000002,34.99104,17.971008,-1.609344,229.78899754370127
275.19999999999993,40.01210576,-104.9518334,1595.6280000000002,35.11296,17.836896,-1.207008,229.08561677997488
275.29999999999995,40.01209517,-104.9518489,1595.9328,35.29584,17.658079999999998,-0.804672,228.1969828325081
275.4,40.01208428,-104.9518638,1595.9328,35.29584,17.613376,-0.312928,227.0750263614174
275.5,40.0120734,-104.9518786,1595.9328,35.2044,17.523968,-0.089408,226.13954877006964
275.5999999999999,40.01206208,-104.9518936,1595.6280000000002,35.11296,17.702784,0.0,225.0
275.69999999999993,40.01205065,-104.9519078,1595.6280000000002,34.99104,17.747488,0.089408,223.65818205935972
275.79999999999995,40.01203892,-104.9519221,1595.3232,34.80816,17.702784,0.312928,222.234732167281
275.9,40.01202692,-104.9519358,1595.3232,34.5948,17.792192,0.402336,221.13179596167828
276.0,40.01201421,-104.9519496,1595.0184000000002,34.41192,18.060416,0.312928,219.75081247926568
276.0999999999999,40.01200147,-104.9519628,1595.0184000000002,34.29,18.239232,0.089408,218.50566932671532
276.19999999999993,40.01198842,-104.9519759,1594.7136,34.19856,18.194528,0.0,216.9539089925476
276.29999999999995,40.01197499,-104.9519885,1594.7136,34.19856,18.32864,-0.089408,215.42460479059008
276.4,40.01196123,-104.9520005,1594.7136,34.19856,18.373344,-0.312928,213.69006752597977
276.5,40.01194713,-104.9520123,1594.7136,34.19856,18.507456,-0.402336,212.31247862613
276.5999999999999,40.01193288,-104.9520235,1594.7136,34.19856,18.55216,-0.402336,210.89269938018617
276.69999999999993,40.01191839,-104.9520344,1594.7136,34.19856,18.55216,-0.312928,209.77914910356984
276.79999999999995,40.01190367,-104.9520452,1594.7136,34.10712,18.686272,-0.22352,208.5549835218828
276.9,40.01188883,-104.9520553,1594.7136,33.9852,18.686272,-0.089408,206.9981643706011
277.0,40.01187402,-104.9520646,1594.4088000000002,33.89376,18.462752,-0.22352,205.57622544369255
277.0999999999999,40.01185875,-104.9520738,1594.4088000000002,33.80232,18.462752,-0.312928,204.46679088104597
277.4,40.01181174,-104.9520996,1594.7136,34.19856,18.865088,-0.581152,201.08684438632585
277.5,40.01179595,-104.9521074,1595.0184000000002,34.29,18.865088,-0.491744,200.29933103931225
277.69999999999993,40.011764,-104.9521221,1595.0184000000002,34.29,18.820384,-0.402336,198.434948822922
277.79999999999995,40.01174767,-104.9521291,1595.0184000000002,34.29,18.909792,-0.312928,197.8282083320582
277.9,40.01173148,-104.9521357,1595.0184000000002,34.29,18.954496,-0.402336,196.8305659832106
278.0,40.01171531,-104.9521417,1595.0184000000002,34.41192,18.77568,-0.491744,195.7950629444609
278.0999999999999,40.01169895,-104.9521476,1595.0184000000002,34.50336,18.77568,-0.402336,195.26714804982896
278.29999999999995,40.01166614,-104.9521584,1595.3232,34.5948,18.820384,-0.402336,193.5383204917679
278.4,40.0116496,-104.9521634,1595.3232,34.5948,18.820384,-0.312928,192.94345072272347
278.5,40.01163296,-104.9521683,1595.3232,34.68624,18.909792,-0.312928,192.32249663755255
278.5999999999999,40.0116163,-104.9521729,1595.3232,34.68624,18.954496,-0.22352,191.6023909895564
278.69999999999993,40.0115995,-104.9521773,1595.3232,34.68624,18.9992,-0.22352,191.01828595327385
278.79999999999995,40.01158271,-104.9521815,1595.3232,34.68624,19.043904,-0.22352,190.56999122082703
278.9,40.01156573,-104.9521855,1595.3232,34.68624,19.088608,-0.089408,189.969156267938
279.0,40.01154878,-104.9521892,1595.3232,34.68624,19.133312,-0.089408,189.26452398513297
279.0999999999999,40.01153163,-104.9521928,1595.3232,34.68624,19.22272,-0.22352,188.95878036588775
279.19999999999993,40.01151444,-104.9521963,1595.3232,34.68624,19.312128,-0.22352,188.39292518739248
279.29999999999995,40.01149715,-104.9521996,1595.3232,34.68624,19.401536,-0.22352,187.9985609465036
279.4,40.01147994,-104.9522026,1595.3232,34.5948,19.356832,-0.22352,187.4200148952612
279.5,40.01146257,-104.9522056,1595.3232,34.5948,19.401536,-0.22352,187.1578130136158
279.5999999999999,40.01144515,-104.9522085,1595.3232,34.5948,19.490944,-0.22352,186.7329213268596
279.69999999999993,40.01142768,-104.9522112,1595.0184000000002,34.50336,19.535648,-0.089408,186.47116993167796
279.79999999999995,40.01141028,-104.9522138,1595.0184000000002,34.50336,19.490944,-0.089408,186.18075538165925
279.9,40.01139272,-104.9522162,1595.0184000000002,34.41192,19.535648,-0.089408,185.91965320679407
280.0,40.01137506,-104.9522185,1595.0184000000002,34.41192,19.66976,-0.089408,185.63251581197488
280.0999999999999,40.0113574,-104.9522207,1595.0184000000002,34.29,19.714464,-0.22352,185.2180171235751
280.19999999999993,40.01133977,-104.9522227,1595.0184000000002,34.29,19.714464,-0.312928,184.69868051729944
280.29999999999995,40.01132202,-104.9522246,1595.0184000000002,34.29,19.759168000000003,-0.402336,184.40864046492075
280.4,40.01130426,-104.9522264,1595.0184000000002,34.41192,19.803872,-0.402336,184.02098015041008
280.5,40.01128647,-104.9522281,1595.0184000000002,34.41192,19.803872,-0.312928,184.02098015041008
280.5999999999999,40.01126846,-104.9522298,1595.0184000000002,34.29,19.937984,-0.22352,183.76233272357013
280.69999999999993,40.01125063,-104.9522312,1595.0184000000002,34.29,19.982688,-0.22352,183.24458734654343
280.79999999999995,40.0112328,-104.9522325,1595.0184000000002,34.29,19.848576,-0.312928,182.8430529032112
280.9,40.01121491,-104.9522337,1595.0184000000002,34.29,19.89328,-0.312928,182.5849616154496
281.0999999999999,40.01117905,-104.9522355,1595.0184000000002,34.41192,19.937984,-0.491744,181.6733333744709
281.19999999999993,40.01116085,-104.9522362,1595.0184000000002,34.41192,20.027392,-0.491744,181.422402013678
281.29999999999995,40.01114297,-104.9522367,1595.0184000000002,34.50336,20.072096,-0.312928,181.1691393279074
281.4,40.0111255,-104.9522371,1595.0184000000002,34.41192,19.66976,-0.089408,180.90938044919915
281.5,40.0111077,-104.9522373,1595.0184000000002,34.29,19.625056,-0.089408,180.25984302361192
281.5999999999999,40.01108944,-104.9522375,1595.0184000000002,34.41192,20.027392,-0.22352,180.0
281.69999999999993,40.01107155,-104.9522374,1595.0184000000002,34.50336,20.1168,-0.312928,179.74133006661327
281.79999999999995,40.01105392,-104.9522371,1595.3232,34.5948,19.759168000000003,-0.312928,179.35041582051508
281.9,40.01103608,-104.9522367,1595.3232,34.68624,19.714464,-0.312928,178.83086067209263
282.19999999999993,40.01098264,-104.9522344,1595.6280000000002,34.8996,19.803872,-0.22352,177.92215294642995
282.29999999999995,40.01096483,-104.9522334,1595.6280000000002,34.99104,19.803872,-0.22352,177.4033312123645
282.4,40.01094697,-104.9522322,1595.6280000000002,35.11296,19.848576,-0.22352,177.14407473082883
282.5,40.0109292,-104.9522309,1595.9328,35.2044,19.848576,-0.22352,176.4964683552156
282.5999999999999,40.01091147,-104.9522293,1595.9328,35.2044,19.759168000000003,-0.22352,176.2119726466458
282.69999999999993,40.01089374,-104.9522275,1595.9328,35.2044,19.759168000000003,0.0,175.56128363229527
282.79999999999995,40.01087612,-104.9522256,1595.9328,35.2044,19.714464,0.0,175.04154908051464
282.9,40.01085843,-104.9522235,1595.9328,35.2044,19.714464,0.0,174.39303917908603
283.0,40.0108407,-104.9522211,1595.9328,35.2044,19.803872,0.0,173.61673952290369
283.0999999999999,40.01082305,-104.9522182,1595.6280000000002,35.11296,19.803872,0.0,172.42257291079216
283.19999999999993,40.01080544,-104.9522147,1595.6280000000002,35.11296,19.803872,0.0,170.96636997557266
283.29999999999995,40.01078803,-104.9522107,1595.6280000000002,35.11296,19.714464,0.0,169.3320821103714
283.4,40.01077086,-104.9522062,1595.9328,35.2044,19.580352,-0.089408,167.47119229084842
283.5,40.01075398,-104.9522009,1595.9328,35.2044,19.401536,-0.089408,165.7685416843574
283.5999999999999,40.0107374,-104.9521951,1595.9328,35.2044,19.178016,-0.089408,164.01724135281597
283.69999999999993,40.01072129,-104.9521887,1595.6280000000002,35.11296,18.909792,0.0,162.0024150445987
283.79999999999995,40.0107054,-104.9521816,1595.6280000000002,34.99104,18.686272,0.0,160.14844273027904
283.9,40.01069013,-104.9521739,1595.6280000000002,34.8996,18.418048,0.0,158.14578335854253
284.0,40.01067498,-104.9521657,1595.3232,34.80816,18.194528,0.0,156.19792128959807
284.0999999999999,40.01066054,-104.9521569,1595.3232,34.68624,17.971008,0.0,154.0222426222797
284.19999999999993,40.01064642,-104.9521474,1595.3232,34.68624,17.702784,0.0,151.8493114118251
284.29999999999995,40.01063292,-104.9521375,1595.3232,34.5948,17.43456,0.0,149.73273596972265
284.4,40.01061963,-104.9521268,1595.3232,34.5948,17.300448,-0.089408,147.31944525663664
284.5,40.01060715,-104.9521157,1595.3232,34.5948,17.032224,-0.089408,144.73064266068332
284.5999999999999,40.01059505,-104.9521041,1595.3232,34.5948,16.719296,-0.22352,142.41238231040307
284.69999999999993,40.01058364,-104.9520921,1595.3232,34.5948,16.495776,-0.22352,140.2963060754637
284.79999999999995,40.01057261,-104.9520794,1595.3232,34.68624,16.316959999999998,-0.22352,137.84536136557938
285.0999999999999,40.01054305,-104.9520397,1595.3232,34.80816,15.86992,-0.22352,130.4922292065986
285.19999999999993,40.01053446,-104.9520257,1595.6280000000002,34.8996,15.601696,-0.22352,128.23382517744693
285.29999999999995,40.01052641,-104.9520117,1595.6280000000002,34.8996,15.109951999999998,-0.089408,125.82192099983752
285.4,40.0105189,-104.9519974,1595.6280000000002,34.99104,14.841728000000002,-0.089408,123.44542435212054
285.5,40.01051192,-104.951983,1595.6280000000002,34.99104,14.618208,0.0,121.60750224624894
285.5999999999999,40.01050556,-104.9519685,1595.6280000000002,35.11296,14.349984,0.0,119.24882633654698
285.69999999999993,40.01049963,-104.9519539,1595.6280000000002,34.99104,14.171168,0.0,116.72851943400082
285.79999999999995,40.01049464,-104.951939,1595.6280000000002,34.99104,13.992352,0.0,114.41333170502514
285.9,40.01048981,-104.951924,1595.6280000000002,34.99104,13.85824,0.0,111.73229518994304
286.0,40.01048566,-104.9519087,1595.6280000000002,35.11296,13.813536,0.0,109.26354902074796
286.0999999999999,40.01048184,-104.9518935,1595.6280000000002,35.11296,13.724128,0.0,107.1857061442248
286.19999999999993,40.01047859,-104.9518779,1595.6280000000002,35.11296,13.679424,0.0,104.90707225522908
286.29999999999995,40.01047574,-104.9518624,1595.6280000000002,35.11296,13.679424,0.0,102.42594286542749
286.4,40.01047322,-104.9518469,1595.9328,35.2044,13.545312,0.0,100.27100372047909
286.5,40.01047132,-104.9518312,1595.9328,35.29584,13.545312,0.0,98.2108384860362
286.5999999999999,40.01047015,-104.9518155,1595.9328,35.29584,13.455904,0.0,95.52143641464797
286.69999999999993,40.01046917,-104.9517997,1595.9328,35.38728,13.455904,0.0,93.81407483429037
286.79999999999995,40.01046868,-104.9517839,1595.9328,35.38728,13.500608,0.0,91.327810111747
286.9,40.01046863,-104.951768,1596.2376000000002,35.5092,13.500608,0.0,89.62305952040288
287.0,40.01046922,-104.9517522,1596.2376000000002,35.60064,13.545312,0.0,87.92770155438092
287.0999999999999,40.01046999,-104.9517362,1596.2376000000002,35.60064,13.545312,0.089408,86.23596513509426
287.19999999999993,40.01047121,-104.9517204,1596.2376000000002,35.60064,13.590016,0.22352,84.17746474603581
287.29999999999995,40.01047281,-104.9517043,1596.2376000000002,35.5092,13.63472,0.312928,81.94907186469811
287.4,40.01047471,-104.9516895,1596.2376000000002,35.5092,13.277088,0.312928,80.84357867351594
287.5,40.01047701,-104.9516737,1596.2376000000002,35.5092,13.277088,0.402336,79.19838176430926
287.69999999999993,40.01048313,-104.9516406,1596.2376000000002,35.60064,14.215872,0.22352,75.6095367512591
287.79999999999995,40.0104867,-104.9516247,1596.2376000000002,35.60064,14.349984,0.22352,73.50847369408609
288.0,40.01049495,-104.9515929,1596.2376000000002,35.60064,14.215872,0.22352,70.4905277998991
288.0999999999999,40.01049959,-104.9515771,1596.2376000000002,35.60064,14.349984,0.312928,68.98791985595881
288.19999999999993,40.01050481,-104.9515612,1596.2376000000002,35.5092,14.573504,0.402336,67.38013505195954
288.5999999999999,40.01052888,-104.951499,1595.9328,35.38728,14.797024,0.22352,60.91220020387641
288.69999999999993,40.0105357,-104.9514836,1596.2376000000002,35.5092,14.886432,0.22352,59.87748812903829
288.9,40.01055008,-104.951453,1595.9328,35.38728,15.244064,0.22352,57.41429264608559
289.0,40.01055792,-104.9514379,1595.9328,35.38728,15.378176,0.22352,56.40153236322709
289.0999999999999,40.01056597,-104.9514229,1595.9328,35.38728,15.556992,0.22352,55.16964157656986
289.19999999999993,40.01057455,-104.951408,1595.9328,35.38728,15.735808,0.22352,54.044666534410624
289.29999999999995,40.01058311,-104.9513932,1595.9328,35.38728,15.825216,0.22352,52.93555037008883
289.4,40.01059176,-104.9513785,1595.9328,35.38728,15.780511999999998,0.22352,52.22431569404535
289.5,40.01060079,-104.951364,1595.9328,35.38728,15.825216,0.089408,50.83561844484154
289.5999999999999,40.01061063,-104.9513487,1595.9328,35.38728,16.495776,0.089408,50.13255443987299
289.69999999999993,40.01062014,-104.9513343,1595.9328,35.38728,16.585184,0.089408,49.31176190198244
289.79999999999995,40.01062913,-104.9513213,1595.9328,35.38728,15.512288000000002,0.22352,48.27370624478402
289.9,40.01063901,-104.9513074,1595.9328,35.38728,15.556992,0.312928,47.25457496593504
290.0,40.01064916,-104.9512936,1595.9328,35.29584,16.227552,0.402336,46.22837623488056
290.0999999999999,40.01065951,-104.95128,1595.9328,35.29584,16.316959999999998,0.312928,45.33246694264602
290.19999999999993,40.01067001,-104.9512663,1595.9328,35.29584,16.451072,0.089408,44.56263613247927
290.29999999999995,40.01068083,-104.9512528,1595.9328,35.38728,16.54048,0.089408,43.7904799414552
290.4,40.01069169,-104.9512397,1595.9328,35.38728,16.54048,0.089408,43.0325979700807
290.5,40.01070283,-104.9512265,1595.9328,35.38728,16.585184,0.089408,42.38755580734068
290.5999999999999,40.0107142,-104.9512132,1595.9328,35.29584,16.853408,0.089408,41.53177074108282
290.69999999999993,40.01072572,-104.9512003,1595.9328,35.29584,16.898111999999998,0.089408,40.89901830231537
290.79999999999995,40.01073732,-104.9511876,1595.9328,35.29584,16.853408,0.089408,39.74742248620123
290.9,40.01074923,-104.9511749,1595.9328,35.2044,16.942816,0.089408,39.01333593239008
291.0,40.01076143,-104.9511624,1595.9328,35.2044,17.166335999999998,0.089408,38.30873556744774
291.29999999999995,40.01079755,-104.9511267,1595.6280000000002,35.11296,16.898111999999998,0.089408,36.48477152593961
291.5,40.01082398,-104.9511018,1595.6280000000002,35.11296,17.300448,0.0,35.4010969314582
291.5999999999999,40.01083698,-104.9510899,1595.6280000000002,34.99104,17.971008,0.089408,34.992020198558635
291.69999999999993,40.0108501,-104.9510783,1595.6280000000002,34.8996,17.658079999999998,0.089408,34.05578030093244
291.79999999999995,40.01086313,-104.9510668,1595.6280000000002,34.8996,17.568672,0.0,33.56859255707843
292.0,40.01088997,-104.9510444,1595.3232,34.80816,17.658079999999998,0.0,32.37177808260958
292.0999999999999,40.0109036,-104.9510334,1595.3232,34.80816,17.747488,0.0,31.607502246248885
292.19999999999993,40.01091824,-104.9510217,1595.3232,34.68624,18.418048,0.0,31.06220279174579
292.29999999999995,40.01093225,-104.951011,1595.3232,34.68624,18.55216,0.0,30.22544972495342
292.5,40.0109592,-104.950991,1595.3232,34.80816,17.523968,0.0,29.193806399321545
292.5999999999999,40.01097323,-104.9509806,1595.3232,34.68624,17.479264,0.0,28.679036269380617
292.69999999999993,40.01098756,-104.9509707,1595.3232,34.68624,17.971008,-0.089408,27.83808119713467
292.79999999999995,40.01100201,-104.950961,1595.3232,34.80816,18.060416,-0.22352,26.94574842850477
292.9,40.01101665,-104.9509515,1595.3232,34.80816,18.10512,-0.22352,26.31125093449168
293.0,40.01103142,-104.950942,1595.3232,34.80816,18.239232,-0.089408,25.870208093377077
293.0999999999999,40.01104626,-104.9509329,1595.3232,34.68624,18.283936,0.0,24.991387122975425
293.19999999999993,40.01106118,-104.950924,1595.3232,34.68624,18.239232,0.0,24.36245301531221
293.29999999999995,40.01107624,-104.9509153,1595.3232,34.80816,18.283936,-0.089408,23.548962654317165
293.4,40.01109148,-104.9509069,1595.3232,34.80816,18.373344,-0.089408,22.922157569227466
293.5,40.01110676,-104.9508986,1595.6280000000002,34.8996,18.373344,-0.089408,22.060899467208287
293.5999999999999,40.01112215,-104.9508906,1595.3232,34.80816,18.373344,-0.089408,21.387541979308992
293.69999999999993,40.01113765,-104.9508828,1595.3232,34.80816,18.418048,-0.089408,21.02753786981964
293.79999999999995,40.0111532,-104.9508751,1595.3232,34.80816,18.507456,-0.089408,20.279727290396067
294.0,40.01118477,-104.9508604,1595.3232,34.80816,18.596864,0.0,18.872312690442755
294.0999999999999,40.01120067,-104.9508535,1595.3232,34.68624,18.641568,0.0,18.174120065469083
294.29999999999995,40.01123273,-104.9508401,1595.3232,34.68624,18.686272,0.0,17.173514400139368
294.4,40.01124884,-104.9508337,1595.3232,34.68624,18.730976,-0.089408,16.56774164297491
294.5,40.01126502,-104.9508276,1595.3232,34.68624,18.730976,0.0,16.17215901578254
294.5999999999999,40.01128135,-104.9508215,1595.3232,34.68624,18.820384,-0.089408,15.53144344866115
294.69999999999993,40.01129768,-104.9508157,1595.3232,34.5948,18.865088,-0.089408,14.799257379816597
294.79999999999995,40.01131408,-104.9508103,1595.3232,34.5948,18.820384,0.0,14.466036406716114
294.9,40.01133054,-104.9508049,1595.3232,34.5948,18.865088,-0.089408,13.87131652128113
295.0,40.01134712,-104.9507995,1595.3232,34.5948,18.954496,-0.089408,13.47453813535992
295.19999999999993,40.01138031,-104.9507896,1595.3232,34.68624,18.954496,-0.089408,12.322496637552549
295.29999999999995,40.01139693,-104.9507849,1595.3232,34.68624,18.909792,-0.22352,11.923697039365264
295.4,40.01141375,-104.9507804,1595.3232,34.80816,18.9992,-0.22352,11.336544538763803
295.5,40.01143045,-104.9507761,1595.3232,34.80816,18.9992,-0.22352,11.07020257793937
295.5999999999999,40.01144699,-104.9507717,1595.3232,34.80816,18.865088,-0.089408,10.669782804496664
295.69999999999993,40.01146363,-104.9507677,1595.3232,34.80816,18.77568,-0.491744,10.255527970498347
295.79999999999995,40.01147979,-104.950764,1595.6280000000002,34.8996,18.507456,-1.385824,9.933300333866327
295.9,40.01149521,-104.9507604,1595.6280000000002,35.11296,17.836896,-1.609344,9.859341610284789
296.0,40.01151012,-104.950757,1595.9328,35.2044,17.121631999999998,-1.296416,9.202596972021638
296.0999999999999,40.0115242,-104.950754,1595.6280000000002,34.99104,16.361664,-0.804672,8.972626614896399
296.19999999999993,40.01153825,-104.950751,1595.3232,34.68624,15.825216,-0.22352,8.811583311440302
296.29999999999995,40.01155111,-104.9507485,1595.3232,34.5948,15.109951999999998,0.0,8.593817063287645
296.4,40.01156406,-104.9507457,1595.3232,34.5948,14.5288,0.0,8.348996339856456
296.5999999999999,40.01158693,-104.9507417,1595.3232,34.68624,13.4112,0.0,8.035710710534772
296.69999999999993,40.01159683,-104.9507399,1595.3232,34.68624,12.248895999999998,0.0,7.452077443404676
296.79999999999995,40.01160609,-104.9507384,1595.6280000000002,34.8996,10.72896,-0.089408,7.543226290398877
296.9,40.01161456,-104.9507369,1595.6280000000002,34.8996,9.968992,-0.089408,7.539445139509326
297.0,40.0116229,-104.9507356,1595.6280000000002,34.99104,9.432544,-0.089408,7.574679683157854
297.0999999999999,40.01163012,-104.9507344,1595.6280000000002,35.11296,8.71728,-0.089408,7.288952323610147
297.19999999999993,40.01163662,-104.9507335,1595.6280000000002,35.11296,7.689088,0.0,7.259724046259805
297.29999999999995,40.0116426,-104.9507324,1595.9328,35.2044,6.973824,0.0,7.27500495788928
297.4,40.0116483,-104.9507315,1595.9328,35.2044,6.526784,0.0,7.125016348901795
297.5,40.01165311,-104.9507306,1595.9328,35.2044,5.900928,0.0,6.62077608231499
297.5999999999999,40.01165724,-104.9507298,1595.6280000000002,35.11296,5.006848,0.0,7.711892412658869
297.69999999999993,40.01166084,-104.9507291,1595.6280000000002,35.11296,4.336288,0.0,7.549421768263301
298.0,40.01166774,-104.9507275,1595.6280000000002,35.11296,2.950464,0.0,11.821488340607232
298.0999999999999,40.01166936,-104.950727,1595.6280000000002,35.11296,2.414016,0.0,11.003540851749506
298.19999999999993,40.01167061,-104.9507265,1595.6280000000002,35.11296,1.654048,0.0,12.72435568542238
298.29999999999995,40.01167181,-104.9507261,1595.6280000000002,35.11296,1.430528,0.0,14.534455080540113
298.5,40.01167345,-104.9507256,1595.9328,35.2044,1.1176,0.0,17.65012421993015
298.5999999999999,40.01167394,-104.9507253,1595.9328,35.2044,0.8493759999999999,0.0,19.290046219188756
298.69999999999993,40.01167477,-104.9507249,1595.9328,35.29584,0.804672,0.0,14.036243467926454
298.79999999999995,40.01167506,-104.9507246,1595.9328,35.29584,0.67056,0.0,21.25050550713325
298.9,40.0116758,-104.9507243,1595.9328,35.29584,0.804672,0.0,15.524110996754246
299.0999999999999,40.01167678,-104.9507236,1595.9328,35.29584,0.715264,0.089408,17.35402463626133
299.19999999999993,40.01167713,-104.9507233,1595.9328,35.29584,0.625856,0.089408,17.35402463626133
299.29999999999995,40.01167777,-104.9507229,1595.9328,35.29584,0.67056,0.089408,17.35402463626133
299.4,40.01167795,-104.9507226,1595.9328,35.2044,0.67056,0.22352,21.037511025421797
299.5,40.01167854,-104.9507223,1595.9328,35.2044,0.491744,0.089408,21.037511025421797
299.69999999999993,40.01167957,-104.9507216,1595.9328,35.2044,0.715264,0.089408,21.037511025421797
299.79999999999995,40.01167992,-104.9507214,1595.6280000000002,35.11296,0.625856,0.089408,21.037511025421797
299.9,40.01168049,-104.9507211,1595.6280000000002,35.11296,0.67056,0.089408,21.037511025421797
300.0,40.01168107,-104.9507208,1595.6280000000002,35.11296,0.67056,0.089408,21.037511025421797
300.0999999999999,40.01168165,-104.9507206,1595.6280000000002,35.11296,0.67056,0.089408,21.037511025421797
300.4,40.01168318,-104.9507198,1595.6280000000002,35.11296,0.625856,0.0,21.037511025421797
300.5,40.01168373,-104.9507196,1595.6280000000002,35.11296,0.581152,0.089408,21.037511025421797
300.5999999999999,40.01168438,-104.9507194,1595.6280000000002,35.11296,0.67056,0.089408,21.037511025421797
300.69999999999993,40.01168492,-104.9507191,1595.6280000000002,35.11296,0.67056,0.089408,21.037511025421797
300.79999999999995,40.01168543,-104.950719,1595.6280000000002,34.99104,0.0,0.089408,8.74616226255523
300.9,40.01168595,-104.9507188,1595.6280000000002,34.99104,0.67056,0.089408,8.74616226255523
301.0,40.01168649,-104.9507184,1595.6280000000002,34.99104,0.804672,0.089408,21.037511025421797
301.19999999999993,40.01168745,-104.9507182,1595.6280000000002,34.8996,0.625856,0.0,8.74616226255523
301.29999999999995,40.01168796,-104.950718,1595.6280000000002,34.8996,0.44704,0.0,8.74616226255523
301.4,40.01168872,-104.9507177,1595.6280000000002,34.8996,0.67056,0.0,8.74616226255523
301.5,40.01168924,-104.9507175,1595.6280000000002,34.8996,0.67056,0.0,8.74616226255523
301.5999999999999,40.01168981,-104.9507174,1595.6280000000002,34.8996,0.491744,0.0,8.74616226255523
301.69999999999993,40.01169032,-104.9507172,1595.6280000000002,34.99104,0.67056,0.0,8.74616226255523
301.79999999999995,40.01169088,-104.9507171,1595.6280000000002,34.8996,0.491744,0.0,10.304846468766016
301.9,40.01169138,-104.950717,1595.6280000000002,34.99104,0.67056,0.0,10.304846468766016
302.0,40.01169211,-104.9507167,1595.6280000000002,34.8996,0.491744,0.0,10.304846468766016
302.0999999999999,40.01169261,-104.9507165,1595.6280000000002,34.8996,0.67056,0.0,10.304846468766016
302.19999999999993,40.01169319,-104.9507164,1595.6280000000002,34.8996,0.67056,0.0,10.304846468766016
302.29999999999995,40.01169369,-104.9507163,1595.6280000000002,34.8996,0.67056,0.0,10.304846468766016
302.4,40.01169413,-104.950716,1595.6280000000002,34.8996,0.67056,0.0,10.304846468766016
302.5,40.0116946,-104.9507158,1595.6280000000002,34.8996,0.67056,0.0,10.304846468766016
302.5999999999999,40.01169537,-104.9507157,1595.3232,34.80816,0.67056,0.0,10.304846468766016
302.69999999999993,40.01169586,-104.9507156,1595.3232,34.80816,0.67056,0.0,10.304846468766016
302.79999999999995,40.01169617,-104.9507154,1595.3232,34.80816,0.0,0.0,10.304846468766016
303.0,40.01169715,-104.950715,1595.3232,34.80816,0.44704,0.0,10.304846468766016
303.0999999999999,40.01169761,-104.9507149,1595.3232,34.80816,0.44704,0.0,10.304846468766016
303.19999999999993,40.01169814,-104.9507148,1595.3232,34.80816,0.67056,0.0,10.304846468766016
303.29999999999995,40.01169859,-104.9507146,1595.3232,34.80816,0.491744,0.0,10.304846468766016
303.4,40.01169913,-104.9507145,1595.3232,34.80816,0.491744,0.0,10.304846468766016
303.5,40.01169958,-104.9507143,1595.3232,34.80816,0.67056,0.0,10.304846468766016
303.5999999999999,40.01170013,-104.9507142,1595.3232,34.80816,0.491744,0.0,10.304846468766016
303.69999999999993,40.01170058,-104.950714,1595.3232,34.80816,0.67056,0.0,12.528807709151522
303.79999999999995,40.01170099,-104.950714,1595.3232,34.80816,0.0,0.0,12.528807709151522
303.9,40.0117014,-104.9507139,1595.3232,34.80816,0.491744,0.0,0.0
304.0,40.01170193,-104.9507137,1595.3232,34.80816,0.67056,-0.089408,0.0
304.0999999999999,40.0117023,-104.9507136,1595.3232,34.80816,0.67056,-0.089408,0.0
304.19999999999993,40.01170254,-104.9507135,1595.3232,34.80816,0.0,-0.089408,0.0
304.29999999999995,40.01170284,-104.9507134,1595.3232,34.80816,0.0,-0.089408,0.0
304.4,40.01170317,-104.9507133,1595.3232,34.80816,0.0,0.0,0.0
304.5,40.01170342,-104.9507132,1595.3232,34.80816,0.67056,0.0,0.0
304.5999999999999,40.01170358,-104.9507131,1595.3232,34.80816,0.0,0.0,0.0
304.69999999999993,40.01170377,-104.9507131,1595.3232,34.80816,0.67056,0.0,0.0
304.79999999999995,40.01170391,-104.9507129,1595.3232,34.80816,0.0,0.0,0.0
304.9,40.01170405,-104.9507129,1595.3232,34.80816,0.0,0.0,0.0
305.0,40.01170416,-104.9507129,1595.3232,34.80816,0.0,0.0,0.0
305.0999999999999,40.01170425,-104.9507128,1595.3232,34.80816,0.0,0.0,0.0
305.19999999999993,40.01170419,-104.9507127,1595.6280000000002,34.8996,0.0,0.0,0.0
305.29999999999995,40.01170424,-104.9507127,1595.3232,34.80816,0.0,0.0,0.0
305.4,40.01170427,-104.9507125,1595.3232,34.80816,0.491744,0.0,0.0
305.5,40.0117043,-104.9507125,1595.6280000000002,34.8996,0.0,-0.089408,0.0
305.5999999999999,40.01170427,-104.9507125,1595.6280000000002,34.8996,0.0,0.0,0.0
305.69999999999993,40.01170427,-104.9507125,1595.6280000000002,34.8996,0.0,0.0,0.0
305.79999999999995,40.01170431,-104.9507124,1595.6280000000002,34.8996,0.0,0.0,0.0
305.9,40.01170428,-104.9507124,1595.6280000000002,34.8996,0.0,0.0,0.0
306.0,40.01170423,-104.9507123,1595.6280000000002,34.8996,0.0,0.0,0.0
306.0999999999999,40.0117042,-104.9507123,1595.6280000000002,34.8996,0.0,0.0,0.0
306.19999999999993,40.01170422,-104.9507122,1595.6280000000002,34.8996,0.0,0.0,0.0
306.29999999999995,40.01170418,-104.9507122,1595.6280000000002,34.8996,0.0,0.0,0.0
306.4,40.01170408,-104.9507121,1595.6280000000002,34.8996,0.0,0.0,0.0
306.5,40.01170403,-104.9507121,1595.6280000000002,34.8996,0.0,0.0,0.0
306.5999999999999,40.01170409,-104.950712,1595.6280000000002,34.8996,0.0,0.0,0.0
306.69999999999993,40.01170404,-104.950712,1595.6280000000002,34.8996,0.0,0.0,0.0
306.79999999999995,40.01170394,-104.9507122,1595.6280000000002,34.99104,0.0,0.0,0.0
306.9,40.01170387,-104.9507122,1595.6280000000002,34.99104,0.0,0.0,0.0
307.0,40.01170395,-104.9507122,1595.6280000000002,34.99104,0.0,0.0,0.0
307.0999999999999,40.0117039,-104.9507122,1595.6280000000002,34.99104,0.0,0.0,0.0
307.19999999999993,40.01170385,-104.9507123,1595.6280000000002,34.99104,0.0,0.0,0.0
307.29999999999995,40.0117038,-104.9507123,1595.6280000000002,34.99104,0.0,0.0,0.0
307.4,40.01170376,-104.9507124,1595.6280000000002,34.99104,0.0,0.0,0.0
307.5,40.01170372,-104.9507124,1595.6280000000002,34.99104,0.0,0.0,0.0
307.5999999999999,40.01170367,-104.9507124,1595.6280000000002,34.99104,0.0,0.0,0.0
307.69999999999993,40.01170363,-104.9507124,1595.6280000000002,34.99104,0.0,0.0,0.0
307.79999999999995,40.01170359,-104.9507125,1595.6280000000002,34.99104,0.0,0.0,0.0
307.9,40.01170364,-104.9507126,1595.6280000000002,34.8996,0.0,0.312928,0.0
308.0999999999999,40.01170449,-104.9507127,1595.3232,34.80816,0.312928,1.1176,0.0
308.19999999999993,40.01170517,-104.9507129,1595.3232,34.5948,0.625856,1.609344,0.0
308.29999999999995,40.01170617,-104.950713,1595.0184000000002,34.50336,0.804672,2.101088,355.7636052009412
308.4,40.01170722,-104.9507131,1594.7136,34.19856,1.162304,2.503424,356.6335393365702
308.5,40.01170883,-104.9507134,1594.7136,33.9852,1.519936,2.68224,357.4551956201869
308.5999999999999,40.01171064,-104.9507137,1594.4088000000002,33.71088,1.877568,2.90576,354.7099187946287
308.79999999999995,40.01171604,-104.9507146,1593.7992000000002,33.10128,2.68224,2.503424,355.1792339219073
308.9,40.01171977,-104.9507151,1593.4944,32.88792,3.397504,2.01168,354.90788487550105
309.0999999999999,40.01172948,-104.9507163,1593.1896000000002,32.49168,5.006848,0.89408,355.409456814394
309.19999999999993,40.01173518,-104.950717,1593.1896000000002,32.49168,5.722112,0.491744,355.8608107442738
309.29999999999995,40.01174162,-104.9507177,1592.8848,32.400240000000004,6.795007999999999,0.312928,356.2088343126348
309.4,40.01174875,-104.9507182,1592.8848,32.400240000000004,7.554975999999999,0.089408,356.4834525036645
309.5,40.01175627,-104.9507189,1592.8848,32.400240000000004,8.180832,0.0,356.6865746002072
309.5999999999999,40.01176411,-104.9507197,1592.8848,32.400240000000004,8.538464000000001,0.0,356.867534801432
309.69999999999993,40.0117725,-104.9507204,1592.8848,32.400240000000004,9.030208,0.0,357.04368934249635
309.79999999999995,40.01178133,-104.9507211,1592.8848,32.400240000000004,9.566656,0.0,357.16333989887454
309.9,40.01179054,-104.9507219,1592.8848,32.400240000000004,10.0584,0.0,357.26185348064485
310.0,40.01180015,-104.9507226,1592.8848,32.400240000000004,10.460736,0.0,356.8865612519428
310.19999999999993,40.01182046,-104.950724,1593.1896000000002,32.49168,11.086592,0.0,357.10423802653344
310.29999999999995,40.01183109,-104.9507248,1593.1896000000002,32.49168,11.488928,0.0,357.1808940511267
310.4,40.01184221,-104.9507256,1593.1896000000002,32.49168,12.114784,0.0,357.25359932265576
310.5,40.01185334,-104.9507264,1593.1896000000002,32.6136,12.383008,0.0,357.2934871322972
310.5999999999999,40.0118649,-104.9507272,1593.1896000000002,32.6136,12.651232,0.0,357.3417477652922
310.69999999999993,40.01187631,-104.950728,1593.1896000000002,32.6136,12.785344,0.0,357.36057386209274
310.79999999999995,40.011888,-104.9507289,1593.1896000000002,32.49168,12.874752,0.0,357.37913536096795
310.9,40.01189961,-104.9507297,1593.1896000000002,32.49168,12.96416,0.0,357.3974377975002
311.0,40.01191169,-104.9507305,1593.1896000000002,32.49168,13.18768,0.0,356.83115029002687
311.0999999999999,40.01192348,-104.9507314,1592.8848,32.400240000000004,13.277088,0.0,356.8528853959064
311.19999999999993,40.01193548,-104.9507323,1592.8848,32.400240000000004,13.232384,0.0,356.8743246650612
311.29999999999995,40.0119474,-104.9507332,1592.8848,32.400240000000004,13.321792,0.0,356.8743246650612
311.4,40.01195947,-104.9507342,1592.8848,32.400240000000004,13.366496,0.0,356.89547409073566
311.5,40.0119715,-104.9507351,1592.8848,32.308800000000005,13.4112,0.0,356.9266674889266
311.5999999999999,40.01198374,-104.9507361,1592.8848,32.308800000000005,13.545312,0.0,356.9471174852076
311.69999999999993,40.01199589,-104.9507371,1592.8848,32.308800000000005,13.590016,0.0,356.9471174852076
311.79999999999995,40.0120082,-104.9507381,1592.8848,32.308800000000005,13.63472,0.0,356.96729738382305
311.9,40.01202045,-104.9507391,1592.8848,32.18688,13.679424,0.0,356.96729738382305
312.0,40.01203265,-104.95074,1592.8848,32.18688,13.63472,0.0,356.96729738382305
312.0999999999999,40.01204496,-104.950741,1592.8848,32.18688,13.63472,0.0,356.98721249581666
312.19999999999993,40.01205725,-104.9507419,1592.8848,32.18688,13.679424,0.0,356.98721249581666
312.29999999999995,40.01206961,-104.9507429,1592.8848,32.18688,13.724128,-0.089408,356.98721249581666
312.4,40.01208203,-104.9507439,1592.8848,32.18688,13.813536,-0.089408,356.6114430092765
312.5,40.0120944,-104.9507449,1592.5800000000002,32.09544,13.813536,-0.089408,356.98721249581666
312.5999999999999,40.01210676,-104.9507458,1592.5800000000002,32.09544,13.768832,-0.089408,356.98721249581666
312.69999999999993,40.01211908,-104.9507468,1592.5800000000002,32.09544,13.724128,-0.22352,356.96729738382305
312.9,40.01214326,-104.9507488,1592.5800000000002,32.09544,13.545312,-0.22352,356.9266674889266
313.0,40.01215541,-104.9507497,1592.5800000000002,32.09544,13.500608,-0.22352,356.9266674889266
313.0999999999999,40.01216738,-104.9507507,1592.5800000000002,32.09544,13.455904,-0.089408,356.8743246650612
313.19999999999993,40.01217909,-104.9507514,1592.5800000000002,32.09544,13.18768,-0.089408,356.46044083145006
313.29999999999995,40.01219084,-104.9507524,1592.5800000000002,32.09544,13.053568,-0.089408,356.43600853293606
313.4,40.01220259,-104.9507535,1592.5800000000002,32.09544,13.098272,-0.089408,356.39872188277656
313.5,40.01221414,-104.9507545,1592.5800000000002,32.09544,13.008864,-0.089408,356.3734282161204
313.5999999999999,40.01222565,-104.9507557,1592.5800000000002,32.09544,12.874752,-0.089408,355.9432621387051
313.69999999999993,40.01223699,-104.9507568,1592.5800000000002,32.09544,12.74064,-0.089408,355.9143832200251
313.79999999999995,40.01224804,-104.9507578,1592.5800000000002,32.09544,12.472416,-0.22352,355.84035770628736
313.9,40.01225913,-104.950759,1592.5800000000002,32.09544,12.338304,-0.22352,355.80999227447614
314.0,40.01227008,-104.9507601,1592.8848,32.18688,12.2936,-0.312928,355.7321066997092
314.19999999999993,40.01229125,-104.9507622,1592.8848,32.18688,11.935968,-0.22352,355.55015293334407
314.29999999999995,40.01230154,-104.9507633,1592.5800000000002,32.09544,11.712448,-0.089408,355.9304775396898
314.4,40.01231172,-104.9507644,1592.5800000000002,32.09544,11.39952,-0.089408,355.84871473357833
314.5,40.0123218,-104.9507655,1592.5800000000002,32.09544,11.310112,0.0,355.3893506813394
314.5999999999999,40.01233188,-104.9507665,1592.5800000000002,32.09544,11.265408,0.22352,355.48008888546485
314.69999999999993,40.01234224,-104.9507676,1592.5800000000002,32.09544,11.39952,0.22352,355.6012946450045
314.79999999999995,40.01235291,-104.9507689,1592.5800000000002,32.09544,11.757152,0.089408,355.30713749441014
315.0,40.01237498,-104.9507714,1592.8848,32.18688,12.159488,0.0,355.6012946450045
315.19999999999993,40.01239876,-104.9507738,1592.8848,32.400240000000004,12.785344,-0.089408,355.8334951144513
315.29999999999995,40.01241116,-104.950775,1592.8848,32.400240000000004,13.455904,-0.089408,355.9536627702104
315.4,40.01242356,-104.9507761,1593.1896000000002,32.49168,13.813536,-0.089408,356.0424468858721
315.5,40.01243649,-104.9507773,1593.1896000000002,32.6136,14.126464,-0.089408,356.09145570554057
315.5999999999999,40.01244955,-104.9507785,1593.1896000000002,32.6136,14.484096,0.0,356.174366606352
315.69999999999993,40.01246293,-104.9507797,1593.1896000000002,32.6136,14.75232,0.0,356.2201861420007
315.79999999999995,40.01247637,-104.9507808,1593.1896000000002,32.6136,14.931136,0.0,356.2759420272517
316.0,40.01250411,-104.9507831,1593.1896000000002,32.6136,15.288768,0.0,356.3930043117434
316.0999999999999,40.01251834,-104.9507843,1593.1896000000002,32.6136,15.601696,0.0,356.4637466114783
316.19999999999993,40.01253286,-104.9507856,1593.1896000000002,32.6136,16.004032,0.0,356.50294026070173
316.29999999999995,40.01254748,-104.9507868,1593.1896000000002,32.6136,16.227552,0.089408,356.5507287284837
316.4,40.01256241,-104.950788,1593.1896000000002,32.49168,16.451072,0.089408,356.5880303870356
316.5,40.0125774,-104.9507892,1593.1896000000002,32.49168,16.674591999999997,0.089408,356.6335393365702
316.5999999999999,40.01259267,-104.9507904,1593.1896000000002,32.49168,16.853408,0.0,356.66908261954995
316.9,40.01263914,-104.9507942,1592.8848,32.400240000000004,17.21104,0.0,356.7630698909824
317.0,40.01265505,-104.9507955,1592.8848,32.400240000000004,17.389855999999998,0.0,356.7877902398908
317.0999999999999,40.01267097,-104.9507967,1592.8848,32.400240000000004,17.747488,0.0,356.8201698801358
317.19999999999993,40.01268698,-104.950798,1592.8848,32.400240000000004,17.792192,0.0,356.83611638111927
317.4,40.01271971,-104.9508007,1592.8848,32.308800000000005,18.10512,0.0,356.89069254906474
317.5,40.01273607,-104.9508019,1592.8848,32.308800000000005,18.239232,0.0,356.48501950343206
317.5999999999999,40.01275252,-104.9508031,1592.8848,32.308800000000005,18.283936,0.0,356.5021648932276
317.69999999999993,40.01276906,-104.9508044,1592.8848,32.18688,18.373344,0.0,356.5021648932276
317.79999999999995,40.01278564,-104.9508057,1592.8848,32.308800000000005,18.462752,0.0,356.5275720176906
317.9,40.01280233,-104.950807,1592.8848,32.308800000000005,18.507456,0.0,356.5443062819082
318.29999999999995,40.01287139,-104.9508125,1592.8848,32.308800000000005,19.088608,0.0,356.617659132012
318.4,40.01288706,-104.9508136,1592.8848,32.308800000000005,18.865088,0.0,357.0367457002964
318.5,40.01290425,-104.9508149,1592.8848,32.308800000000005,18.283936,-0.089408,357.0506005480888
318.5999999999999,40.0129217,-104.9508161,1592.8848,32.308800000000005,19.312128,-0.089408,357.0711418003069
318.69999999999993,40.01293904,-104.9508173,1592.8848,32.400240000000004,19.356832,-0.089408,357.33699923393283
318.79999999999995,40.01295659,-104.9508182,1592.8848,32.308800000000005,19.401536,-0.089408,357.34931031657817
318.9,40.01297405,-104.9508193,1592.8848,32.308800000000005,19.490944,-0.089408,357.3615081745888
319.0,40.01299149,-104.9508205,1592.8848,32.308800000000005,19.44624,-0.089408,357.3615081745888
319.0999999999999,40.01300902,-104.9508216,1592.8848,32.308800000000005,19.44624,0.0,357.62503848423864
319.19999999999993,40.01302676,-104.9508226,1592.8848,32.308800000000005,19.625056,0.0,357.62503848423864
319.29999999999995,40.01304433,-104.9508236,1592.8848,32.308800000000005,19.66976,0.0,357.6359204140805
319.4,40.013062,-104.9508245,1592.8848,32.308800000000005,19.625056,0.0,357.8983456723288
319.5,40.01307965,-104.9508254,1592.8848,32.308800000000005,19.66976,0.0,357.90793372051985
319.5999999999999,40.0130973,-104.9508263,1592.8848,32.308800000000005,19.625056,0.0,357.90793372051985
319.69999999999993,40.01311502,-104.9508271,1592.8848,32.308800000000005,19.66976,0.0,358.29993942497185
319.79999999999995,40.01313286,-104.9508279,1592.8848,32.308800000000005,19.803872,0.0,358.31149774517905
319.9,40.01315066,-104.9508286,1592.8848,32.308800000000005,19.803872,0.0,358.31149774517905
320.0999999999999,40.01318638,-104.9508302,1592.8848,32.308800000000005,19.848576,-0.089408,358.32666662552907
320.19999999999993,40.01320426,-104.9508309,1592.8848,32.308800000000005,19.89328,-0.089408,357.9408140716108
320.29999999999995,40.01322221,-104.9508318,1592.8848,32.308800000000005,19.937984,-0.089408,357.68368064404024
320.4,40.01324031,-104.950833,1592.8848,32.400240000000004,20.072096,-0.22352,357.1697040394761
320.5,40.01325828,-104.9508344,1592.8848,32.400240000000004,20.072096,-0.22352,356.271390167229
320.5999999999999,40.01327632,-104.9508362,1592.8848,32.400240000000004,20.072096,-0.22352,355.35411852735854
320.69999999999993,40.01329414,-104.9508383,1592.8848,32.400240000000004,19.982688,-0.22352,354.1736579704442
320.79999999999995,40.01331317,-104.9508409,1593.1896000000002,32.49168,20.608544,-0.22352,352.93968806121234
320.9,40.01333087,-104.950844,1592.8848,32.400240000000004,20.56384,-0.089408,351.7405620201212
321.0,40.01334679,-104.9508476,1592.8848,32.400240000000004,18.909792,-0.089408,350.49446831335376
321.0999999999999,40.01336404,-104.9508518,1592.8848,32.400240000000004,18.730976,0.0,348.94955750683624
321.29999999999995,40.01339817,-104.950862,1592.8848,32.400240000000004,19.490944,-0.089408,345.89927059474064
321.4,40.01341506,-104.9508677,1593.1896000000002,32.49168,19.44624,-0.089408,344.5332852069497
321.5,40.01343159,-104.9508741,1592.8848,32.400240000000004,19.267424,0.0,342.9269528342912
321.5999999999999,40.01344808,-104.950881,1592.8848,32.400240000000004,19.22272,0.0,341.6077137004765
321.69999999999993,40.01346419,-104.9508885,1592.8848,32.400240000000004,19.133312,0.0,339.50740523012973
321.79999999999995,40.01348,-104.9508963,1592.8848,32.400240000000004,18.909792,0.0,337.7681840045527
322.19999999999993,40.0135405,-104.950935,1593.1896000000002,32.6136,18.730976,0.0,329.9762245041156
322.29999999999995,40.01355453,-104.9509461,1593.1896000000002,32.6136,18.596864,0.0,327.6047535947229
322.4,40.01356799,-104.9509577,1593.1896000000002,32.49168,18.10512,0.0,325.27768778245445
322.5,40.01358105,-104.95097,1593.1896000000002,32.49168,17.926304000000002,0.0,323.3034627313631
322.5999999999999,40.01359373,-104.950983,1593.1896000000002,32.6136,17.8816,-0.089408,320.7927964950322
322.79999999999995,40.01361646,-104.9510093,1593.1896000000002,32.49168,17.21104,0.0,316.4688007143858
322.9,40.01362737,-104.9510235,1592.8848,32.400240000000004,16.942816,0.0,314.046923376375
323.0,40.0136387,-104.9510393,1592.8848,32.400240000000004,17.792192,0.0,311.4703397048205
323.0999999999999,40.01364853,-104.9510545,1592.8848,32.308800000000005,17.658079999999998,0.0,309.16050768848254
323.29999999999995,40.01366629,-104.951086,1592.8848,32.308800000000005,16.764,-0.089408,303.86199733105315
323.4,40.01367476,-104.9511037,1592.8848,32.400240000000004,17.032224,-0.089408,301.422112990074
323.5,40.01368215,-104.9511204,1592.8848,32.400240000000004,17.076928000000002,-0.089408,298.82462495079443
323.5999999999999,40.01368809,-104.9511358,1593.1896000000002,32.49168,15.556992,-0.089408,296.4216327544288
323.69999999999993,40.01369416,-104.9511528,1593.1896000000002,32.49168,15.333472,0.0,293.8146504220474
323.79999999999995,40.01369938,-104.95117,1593.1896000000002,32.49168,15.86992,0.0,291.2589091121644
323.9,40.01370418,-104.9511873,1593.1896000000002,32.6136,15.735808,0.0,288.6942039744234
324.0,40.01370819,-104.951205,1593.1896000000002,32.6136,15.691104,0.0,285.94539590092285
324.0999999999999,40.01371173,-104.9512226,1593.1896000000002,32.705040000000004,15.601696,0.0,283.796680629059
324.19999999999993,40.01371439,-104.9512405,1593.4944,32.79648,15.512288000000002,0.0,281.1478056302386
324.29999999999995,40.01371672,-104.9512584,1593.4944,32.88792,15.467584,0.0,278.53076560994816
324.4,40.01371838,-104.9512763,1593.4944,32.88792,15.42288,0.0,276.3401917459099
324.5,40.01371952,-104.9512943,1593.4944,32.88792,15.378176,0.089408,273.68062217303043
324.5999999999999,40.01371976,-104.9513122,1593.4944,33.009840000000004,15.288768,0.089408,271.17255691093425
324.69999999999993,40.0137197,-104.9513301,1593.7992000000002,33.10128,15.244064,0.089408,269.15747573925955
324.79999999999995,40.01371889,-104.9513479,1593.7992000000002,33.10128,15.19936,0.22352,266.96952315413944
324.9,40.01371767,-104.9513657,1593.7992000000002,33.19272,15.19936,0.22352,264.2558416762328
325.0,40.01371567,-104.9513832,1593.7992000000002,33.10128,15.109951999999998,0.312928,261.7028550301631
325.4,40.01370251,-104.9514528,1593.4944,33.009840000000004,15.19936,0.312928,252.19812794850912
325.5,40.01369779,-104.9514698,1593.4944,33.009840000000004,15.288768,0.312928,249.7174409110834
325.5999999999999,40.01369233,-104.9514865,1593.4944,32.88792,15.42288,0.312928,247.4569389999421
325.69999999999993,40.01368654,-104.9515031,1593.4944,32.88792,15.512288000000002,0.312928,245.28255908891663
325.79999999999995,40.01368025,-104.9515194,1593.4944,32.79648,15.556992,0.312928,242.7713208229088
325.9,40.01367348,-104.9515355,1593.4944,32.79648,15.601696,0.312928,240.7856200197316
326.0999999999999,40.01365788,-104.9515683,1593.1896000000002,32.6136,16.182848,0.312928,236.94201156953693
326.19999999999993,40.01365026,-104.9515823,1593.1896000000002,32.6136,15.825216,0.312928,234.96835617047384
326.29999999999995,40.01364173,-104.9515973,1593.1896000000002,32.49168,15.288768,0.22352,233.13010235415595
326.4,40.01363244,-104.9516121,1592.8848,32.400240000000004,16.138144,0.22352,231.3401917459099
326.5,40.01362307,-104.9516266,1592.8848,32.308800000000005,16.227552,0.22352,229.72630329294043
326.5999999999999,40.01361339,-104.9516408,1592.8848,32.308800000000005,16.182848,0.089408,227.9184347207816
326.69999999999993,40.01360329,-104.9516547,1592.8848,32.18688,16.272256,0.0,226.2188752351313
326.79999999999995,40.01359277,-104.9516684,1592.8848,32.18688,16.406368,0.0,224.66753305735395
326.9,40.01358198,-104.9516817,1592.8848,32.308800000000005,16.495776,0.0,223.350864979513
327.0,40.01357081,-104.9516947,1592.8848,32.308800000000005,16.585184,0.0,221.60785192313185
327.0999999999999,40.01355938,-104.9517074,1592.8848,32.308800000000005,16.674591999999997,0.0,220.43473761558303
327.19999999999993,40.01354766,-104.9517201,1592.8848,32.308800000000005,16.808704,0.0,218.92296029710468
327.29999999999995,40.01353566,-104.9517323,1592.8848,32.308800000000005,16.898111999999998,0.0,217.66139366376376
327.4,40.01352339,-104.9517441,1592.8848,32.400240000000004,16.942816,0.0,216.38435181583588
327.5,40.01351085,-104.9517557,1592.8848,32.400240000000004,17.032224,0.0,215.1524430258837
327.5999999999999,40.01349815,-104.9517669,1592.8848,32.400240000000004,17.076928000000002,0.0,213.814623372187
327.69999999999993,40.0134851,-104.9517779,1592.8848,32.400240000000004,17.166335999999998,0.0,212.4483014492725
328.0,40.01344554,-104.9518086,1592.8848,32.308800000000005,17.121631999999998,0.0,208.94001269283933
328.0999999999999,40.01343162,-104.9518183,1592.8848,32.308800000000005,17.166335999999998,0.0,207.6831965231928
328.19999999999993,40.01341721,-104.9518278,1592.8848,32.308800000000005,17.747488,0.0,206.76059915334883
328.29999999999995,40.01340285,-104.9518369,1592.8848,32.308800000000005,17.836896,0.0,205.52578594769372
328.4,40.01338815,-104.9518458,1592.8848,32.308800000000005,17.8816,0.0,204.75495178196024
328.5,40.01337339,-104.9518544,1592.8848,32.308800000000005,17.971008,0.0,203.686681677344
328.69999999999993,40.01334319,-104.9518709,1592.8848,32.400240000000004,18.10512,-0.089408,202.1176663269875
328.9,40.01331256,-104.9518862,1592.8848,32.400240000000004,18.194528,0.0,200.62211123759465
329.0,40.01329701,-104.9518935,1592.8848,32.308800000000005,18.283936,0.0,199.68224928121143
329.0999999999999,40.01328146,-104.9519005,1592.8848,32.308800000000005,18.32864,0.0,198.9246444160512
329.19999999999993,40.01326577,-104.9519072,1592.8848,32.308800000000005,18.32864,-0.089408,197.9003225401277
329.29999999999995,40.01325013,-104.9519136,1592.8848,32.308800000000005,18.283936,-0.089408,197.09232479638425
329.4,40.01323455,-104.9519197,1592.8848,32.308800000000005,18.149824,-0.089408,196.1407438637671
329.5,40.01321891,-104.9519255,1592.8848,32.18688,18.060416,0.0,195.17992743452623
329.5999999999999,40.01320334,-104.951931,1592.8848,32.18688,18.015712,-0.089408,194.2810957359708
329.69999999999993,40.01318778,-104.951936,1592.8848,32.18688,17.8816,-0.22352,193.4394340166973
329.79999999999995,40.01317226,-104.9519408,1592.8848,32.18688,17.792192,-0.22352,192.797800002848
329.9,40.0131569,-104.9519453,1592.5800000000002,32.09544,17.613376,-0.089408,192.6731696700747
330.0,40.01314178,-104.9519498,1592.5800000000002,32.004000000000005,17.389855999999998,-0.089408,192.4481094815084
330.0999999999999,40.01312668,-104.9519541,1592.5800000000002,32.004000000000005,17.21104,-0.089408,192.22024498626445
330.19999999999993,40.0131117,-104.9519583,1592.5800000000002,31.912560000000003,17.121631999999998,0.0,192.90435175511269
330.29999999999995,40.01309675,-104.9519629,1592.5800000000002,31.79064,17.032224,0.0,193.2664808465837
330.4,40.01308161,-104.9519676,1592.2752,31.6992,17.166335999999998,0.0,193.99970279717067
330.5,40.01306668,-104.9519725,1592.2752,31.6992,17.21104,-0.22352,194.2917006647309
330.5999999999999,40.01305194,-104.9519773,1592.5800000000002,31.79064,16.98752,-0.402336,194.36636914607655
330.69999999999993,40.01303714,-104.9519822,1592.5800000000002,31.912560000000003,16.942816,-0.491744,194.1469954811075
330.9,40.01300811,-104.9519913,1592.8848,32.18688,16.719296,-0.491744,192.74891452640145
331.0,40.01299398,-104.9519954,1592.8848,32.400240000000004,16.406368,-0.491744,191.8395684218983
331.0999999999999,40.01297988,-104.951999,1593.1896000000002,32.49168,16.048735999999998,-0.402336,190.55025395059
331.19999999999993,40.01296497,-104.9520026,1593.1896000000002,32.6136,16.406368,-0.312928,189.29924168206335
331.29999999999995,40.01295126,-104.9520053,1593.1896000000002,32.6136,16.138144,-0.22352,187.6281496685807
331.4,40.01293929,-104.9520074,1593.1896000000002,32.6136,14.394688,-0.089408,186.28249208816135
331.5,40.01292638,-104.952009,1593.1896000000002,32.6136,13.902944,0.0,184.4951396127192
331.5999999999999,40.01291381,-104.9520104,1593.1896000000002,32.6136,14.215872,0.0,182.96412454704375
331.69999999999993,40.01290166,-104.9520109,1593.1896000000002,32.49168,13.768832,0.0,180.96124838602475
331.79999999999995,40.0128898,-104.9520111,1593.1896000000002,32.49168,13.366496,0.0,179.6034957448669
332.0,40.01286702,-104.9520097,1593.1896000000002,32.49168,12.830048,0.0,175.3927138991985
332.0999999999999,40.01285626,-104.9520082,1593.1896000000002,32.49168,12.472416,0.0,173.30275567105423
332.19999999999993,40.01284581,-104.9520064,1593.1896000000002,32.6136,11.891264,0.0,171.1533483119589
332.29999999999995,40.01283566,-104.9520039,1593.1896000000002,32.6136,11.578335999999998,0.0,168.82341665568106
332.5,40.01281608,-104.9519979,1593.1896000000002,32.6136,11.265408,0.089408,164.53878225955805
332.5999999999999,40.01280689,-104.9519943,1593.1896000000002,32.6136,10.997184,0.089408,161.8698130874991
332.69999999999993,40.0127979,-104.95199,1593.1896000000002,32.6136,10.639552,0.089408,159.24352058724526
332.79999999999995,40.01278916,-104.9519855,1593.1896000000002,32.705040000000004,10.550144,0.089408,156.1874342231907
332.9,40.01278071,-104.9519802,1593.1896000000002,32.705040000000004,10.460736,0.089408,152.99166343563684
333.0,40.01277273,-104.9519745,1593.1896000000002,32.705040000000004,10.237215999999998,0.0,150.19314384403373
333.0999999999999,40.01276482,-104.9519681,1593.4944,32.79648,10.192512,0.0,146.9341959250586
333.19999999999993,40.01275726,-104.9519613,1593.4944,32.88792,10.28192,0.0,144.637538112931
333.4,40.01274293,-104.9519463,1593.4944,32.88792,10.192512,0.089408,139.3987053549955
333.5,40.01273602,-104.9519382,1593.4944,32.88792,10.237215999999998,0.089408,136.5765500551837
333.5999999999999,40.01272945,-104.9519294,1593.4944,32.88792,10.371328,0.089408,134.12398601088205
333.69999999999993,40.01272305,-104.9519205,1593.4944,32.88792,10.416032,0.22352,131.89664067825663
333.79999999999995,40.01271653,-104.9519105,1593.4944,32.88792,10.818368,0.22352,129.64953722006908
334.0,40.01270594,-104.9518915,1593.4944,32.88792,10.416032,0.22352,125.0905003001236
334.0999999999999,40.01270063,-104.9518811,1593.4944,32.88792,10.237215999999998,0.22352,123.15523331038388
334.19999999999993,40.01269655,-104.9518711,1593.4944,33.009840000000004,10.103104,0.22352,120.67375867833624
334.29999999999995,40.01269184,-104.9518602,1593.4944,33.009840000000004,10.192512,0.22352,118.49563861824498
334.4,40.012687,-104.9518484,1593.4944,33.009840000000004,10.997184,0.22352,116.88101734636638
334.5,40.01268276,-104.9518369,1593.4944,33.009840000000004,11.131296,0.22352,114.88960116331036
334.5999999999999,40.01267873,-104.951825,1593.4944,33.009840000000004,10.997184,0.312928,113.44292071496228
334.69999999999993,40.012675,-104.951813,1593.4944,32.88792,11.086592,0.312928,111.80140948635182
334.79999999999995,40.01267135,-104.9518002,1593.4944,32.88792,11.310112,0.312928,109.88516511385546
334.9,40.01266813,-104.9517877,1593.4944,32.88792,11.39952,0.22352,108.07460275953474
335.0,40.01266501,-104.9517747,1593.4944,32.88792,11.39952,0.22352,106.4403795216802
335.29999999999995,40.01265778,-104.9517351,1593.4944,32.88792,11.578335999999998,0.22352,100.87719312315198
335.4,40.01265586,-104.9517215,1593.4944,32.88792,11.578335999999998,0.22352,99.39083655639348
335.5999999999999,40.01265308,-104.9516936,1593.4944,32.79648,11.891264,0.312928,95.36916981483074
335.69999999999993,40.01265228,-104.9516796,1593.4944,32.79648,11.980672,0.22352,93.41658819177133
335.79999999999995,40.01265156,-104.9516655,1593.4944,32.79648,12.025376,0.22352,91.90211277465691
335.9,40.01265142,-104.9516511,1593.1896000000002,32.705040000000004,12.114784,0.22352,90.0
336.0,40.0126518,-104.9516367,1593.1896000000002,32.705040000000004,12.248895999999998,0.22352,88.54187684410277
336.0999999999999,40.01265235,-104.9516222,1593.4944,32.79648,12.338304,0.22352,86.69416976845031
336.19999999999993,40.01265301,-104.9516075,1593.4944,32.79648,12.427712,0.089408,85.50741852008468
336.29999999999995,40.01265419,-104.9515928,1593.4944,32.79648,12.561824,0.22352,83.68226837818975
336.4,40.01265562,-104.9515782,1593.4944,32.79648,12.561824,0.22352,82.32552048310606
336.5,40.01265748,-104.9515633,1593.4944,32.79648,12.695936,0.22352,80.60312125810401
336.5999999999999,40.01265988,-104.9515482,1593.4944,32.79648,13.008864,0.22352,78.53604698430746
336.69999999999993,40.0126625,-104.951533,1593.4944,32.79648,13.18768,0.0,76.94747945870802
336.79999999999995,40.01266545,-104.9515179,1593.4944,32.79648,13.277088,0.0,75.36309697849151
336.9,40.01266881,-104.9515025,1593.4944,32.88792,13.455904,0.0,73.71711587097792
337.0,40.0126725,-104.9514874,1593.4944,32.88792,13.545312,0.0,72.45558743043858
337.0999999999999,40.01267653,-104.9514721,1593.4944,32.88792,13.679424,0.0,70.98042065637281
337.19999999999993,40.01268089,-104.9514564,1593.4944,32.88792,13.992352,0.0,69.42252778832903
337.29999999999995,40.01268563,-104.951441,1593.4944,32.88792,14.171168,0.0,67.89579708143856
337.4,40.01269079,-104.9514259,1593.4944,32.88792,14.126464,0.0,66.40140438288216
337.5,40.01269624,-104.9514106,1593.4944,33.009840000000004,14.215872,0.0,64.78939500767899
337.5999999999999,40.0127021,-104.9513953,1593.4944,33.009840000000004,14.484096,0.0,63.35570159888772
337.69999999999993,40.01270834,-104.9513801,1593.7992000000002,33.10128,14.618208,0.0,61.23536908805852
337.79999999999995,40.012715,-104.9513651,1593.7992000000002,33.10128,14.707616,0.0,59.39359296849051
337.9,40.01272211,-104.9513503,1593.7992000000002,33.19272,14.841728000000002,0.0,57.409799799146754
338.0,40.01272949,-104.9513356,1593.7992000000002,33.19272,14.886432,-0.089408,55.16321429220443
338.19999999999993,40.01274599,-104.951308,1593.7992000000002,33.314640000000004,14.931136,0.0,50.30598596986704
338.4,40.0127639,-104.9512824,1593.7992000000002,33.19272,14.841728000000002,0.0,45.62140491323589
338.5,40.01277337,-104.9512705,1593.7992000000002,33.10128,14.707616,0.089408,43.12825503471123
338.69999999999993,40.01279333,-104.9512484,1593.4944,32.88792,14.573504,0.089408,37.62327399305474
338.79999999999995,40.01280365,-104.9512385,1593.4944,32.79648,14.439391999999998,0.089408,34.8438545616429
338.9,40.0128144,-104.9512293,1593.1896000000002,32.705040000000004,14.260576,0.089408,32.08218715606603
339.0,40.01282533,-104.9512208,1593.1896000000002,32.705040000000004,14.215872,0.0,29.248826336546983
339.29999999999995,40.01285993,-104.9511998,1593.1896000000002,32.49168,14.126464,0.0,21.392890351981464
339.5999999999999,40.01289622,-104.9511849,1593.1896000000002,32.6136,14.08176,-0.089408,13.768090451483031
339.69999999999993,40.01290859,-104.9511815,1593.1896000000002,32.6136,14.08176,-0.089408,10.6985129645833
339.79999999999995,40.01292105,-104.9511788,1593.1896000000002,32.6136,14.037056,-0.22352,8.285797023953762
340.0,40.01294619,-104.9511755,1593.1896000000002,32.705040000000004,14.037056,-0.22352,2.945096319375125
340.0999999999999,40.01295885,-104.9511751,1593.1896000000002,32.705040000000004,14.037056,-0.22352,0.0
340.19999999999993,40.01297149,-104.9511755,1593.4944,32.79648,14.08176,-0.22352,357.9743056218773
340.29999999999995,40.01298409,-104.9511766,1593.4944,32.79648,14.037056,-0.22352,355.0382092898091
340.4,40.01299656,-104.9511788,1593.4944,32.88792,14.037056,-0.089408,352.6240881311062
340.5,40.01300901,-104.9511815,1593.4944,32.88792,13.992352,-0.089408,350.02396357724854
340.5999999999999,40.01302117,-104.9511848,1593.4944,33.009840000000004,13.902944,0.0,347.13015001198966
340.69999999999993,40.01303333,-104.9511889,1593.4944,33.009840000000004,13.902944,0.0,344.4362310898606
340.79999999999995,40.01304525,-104.9511937,1593.4944,33.009840000000004,13.902944,0.0,341.5064065921192
340.9,40.013057,-104.9511994,1593.4944,33.009840000000004,13.902944,0.0,338.816495875054
341.0,40.01306859,-104.9512058,1593.7992000000002,33.10128,13.947648,0.0,336.0940901178076
341.19999999999993,40.0130908,-104.9512208,1593.7992000000002,33.10128,13.902944,0.0,330.43964553531924
341.29999999999995,40.01310149,-104.9512293,1593.7992000000002,33.19272,13.902944,0.0,327.64215232788985
341.4,40.01311184,-104.9512387,1593.7992000000002,33.19272,13.947648,0.0,324.72021594806085
341.5,40.01312185,-104.9512485,1593.7992000000002,33.314640000000004,13.947648,0.0,322.09251732827306
341.5999999999999,40.01313226,-104.9512594,1593.7992000000002,33.19272,14.394688,0.089408,319.4589955251457
341.79999999999995,40.01314946,-104.9512815,1593.7992000000002,33.19272,13.85824,0.089408,313.5580766283187
341.9,40.01315775,-104.9512936,1593.7992000000002,33.19272,13.545312,0.089408,310.7830571708314
342.0,40.0131653,-104.9513061,1593.7992000000002,33.19272,13.724128,0.089408,307.8421869863842
342.0999999999999,40.01317256,-104.9513192,1593.7992000000002,33.19272,13.679424,0.089408,304.8846386759328
342.19999999999993,40.01317936,-104.9513326,1593.7992000000002,33.19272,13.724128,0.089408,302.3845555935016
342.29999999999995,40.01318558,-104.9513464,1593.7992000000002,33.10128,13.679424,0.089408,299.6044507460049
342.4,40.01319124,-104.9513607,1593.7992000000002,33.10128,13.679424,0.089408,296.3107816354655
342.5,40.01319631,-104.9513751,1593.7992000000002,33.10128,13.63472,0.089408,293.59681714720625
342.5999999999999,40.01320076,-104.9513899,1593.4944,33.009840000000004,13.500608,0.089408,290.55604521958344
342.79999999999995,40.01320783,-104.9514198,1593.7992000000002,33.10128,13.366496,0.22352,284.88152970314053
342.9,40.01321051,-104.951435,1593.7992000000002,33.10128,13.321792,0.089408,281.6502994375377
343.0,40.01321236,-104.9514504,1593.7992000000002,33.10128,13.321792,0.0,277.7738921498707
343.0999999999999,40.01321353,-104.951466,1593.7992000000002,33.19272,13.321792,0.0,274.26501049377686
343.19999999999993,40.01321409,-104.9514816,1593.7992000000002,33.19272,13.277088,0.0,271.3456265565763
343.4,40.01321321,-104.9515128,1593.7992000000002,33.314640000000004,13.277088,0.089408,266.1214754971523
343.5,40.01321194,-104.9515283,1593.7992000000002,33.19272,13.277088,0.089408,263.04237485122434
343.5999999999999,40.01321003,-104.9515437,1593.7992000000002,33.19272,13.277088,0.22352,260.44191891816007
343.69999999999993,40.01320749,-104.9515589,1593.7992000000002,33.19272,13.232384,0.089408,256.947479458708
343.79999999999995,40.01320421,-104.9515737,1593.7992000000002,33.19272,13.18768,0.089408,254.08125329692896
343.9,40.01320042,-104.9515885,1593.7992000000002,33.19272,13.18768,0.089408,250.88519789157817
344.0,40.0131961,-104.9516029,1593.7992000000002,33.10128,13.232384,0.089408,247.69379494509235
344.0999999999999,40.01319116,-104.9516171,1593.7992000000002,33.19272,13.232384,0.089408,244.83000408390345
344.19999999999993,40.01318562,-104.9516307,1593.7992000000002,33.19272,13.142976,0.089408,241.87035448423296
344.29999999999995,40.01317961,-104.9516441,1593.7992000000002,33.19272,13.18768,0.089408,239.3369182679246
344.4,40.01317313,-104.9516571,1593.7992000000002,33.19272,13.232384,0.22352,236.2557776890948
344.5,40.0131661,-104.9516697,1593.7992000000002,33.19272,13.277088,0.089408,233.24632081446853
344.5999999999999,40.01315855,-104.951682,1593.7992000000002,33.19272,13.366496,0.089408,230.49232455712743
344.69999999999993,40.01315053,-104.9516938,1593.7992000000002,33.19272,13.4112,0.089408,228.12706464910943
344.79999999999995,40.01314199,-104.9517049,1593.7992000000002,33.19272,13.4112,0.22352,225.0
344.9,40.01313309,-104.9517157,1593.7992000000002,33.19272,13.455904,0.22352,222.15786211634432
345.0,40.01312387,-104.951726,1593.7992000000002,33.10128,13.500608,0.22352,219.19554538395812
345.19999999999993,40.01310408,-104.951745,1593.7992000000002,33.10128,13.590016,0.089408,213.89860447415785
345.29999999999995,40.0130936,-104.9517537,1593.7992000000002,33.10128,13.724128,0.089408,211.76706591549973
345.4,40.01308345,-104.9517611,1593.7992000000002,33.10128,13.366496,0.089408,209.56035446468076
345.5,40.01307237,-104.9517688,1593.7992000000002,33.10128,13.455904,0.089408,207.30484078874449
345.5999999999999,40.01306,-104.9517769,1593.4944,33.009840000000004,14.662912,0.089408,205.75239958282424
345.79999999999995,40.01303627,-104.9517901,1593.4944,33.009840000000004,14.707616,0.089408,201.6365774338586
346.0,40.01301116,-104.9518015,1593.4944,32.88792,14.573504,0.0,197.77766469955893
346.19999999999993,40.01298505,-104.9518113,1593.4944,33.009840000000004,14.931136,0.0,194.57093371282244
346.29999999999995,40.01297165,-104.9518155,1593.4944,32.88792,15.154656,0.0,192.9313904001088
346.5999999999999,40.01293068,-104.9518252,1593.4944,32.88792,15.42288,0.0,188.0835960498295
346.69999999999993,40.01291655,-104.9518276,1593.4944,32.88792,15.512288000000002,0.0,187.0239656961566
346.79999999999995,40.01290123,-104.9518297,1593.4944,32.88792,16.495776,0.0,185.5016027249476
346.9,40.01288667,-104.9518313,1593.4944,32.88792,16.674591999999997,0.0,184.31302491115267
347.0999999999999,40.01285857,-104.951833,1593.4944,32.88792,15.825216,0.089408,182.03980937041456
347.19999999999993,40.01284386,-104.9518334,1593.4944,33.009840000000004,15.86992,0.22352,181.09270253565973
347.29999999999995,40.01282891,-104.9518337,1593.4944,32.88792,16.495776,0.402336,180.3105431895059
347.4,40.01281387,-104.9518337,1593.4944,32.79648,16.674591999999997,0.491744,180.0
347.5,40.01279864,-104.9518335,1593.4944,32.79648,16.808704,0.581152,179.24216351536688
347.5999999999999,40.01278337,-104.9518328,1593.1896000000002,32.705040000000004,16.942816,0.715264,178.64324834405784
347.69999999999993,40.01276793,-104.9518321,1593.1896000000002,32.705040000000004,17.076928000000002,0.804672,178.0559809750638
347.79999999999995,40.01275266,-104.9518313,1593.1896000000002,32.6136,17.076928000000002,1.1176,177.60783357828973
347.9,40.01273715,-104.9518302,1593.1896000000002,32.49168,17.121631999999998,1.385824,177.3231855329135
348.0999999999999,40.01270606,-104.9518279,1592.8848,32.18688,17.300448,1.922272,176.7295120768165
348.19999999999993,40.01269063,-104.9518266,1592.5800000000002,32.004000000000005,17.255744,2.279904,176.26536467045742
348.29999999999995,40.01267509,-104.9518252,1592.5800000000002,31.79064,17.255744,2.503424,175.9884223991554
348.4,40.0126595,-104.9518238,1592.2752,31.48584,17.345152,2.68224,175.69234864783164
348.5,40.01264385,-104.951822,1591.9704000000002,31.211520000000004,17.43456,2.816352,175.42019440413208
348.5999999999999,40.01262856,-104.9518201,1591.6656,30.906720000000004,17.255744,2.90576,174.97915367321127
348.69999999999993,40.01261283,-104.9518181,1591.3608000000002,30.601920000000003,17.345152,2.90576,174.4206851499871
348.79999999999995,40.0125971,-104.9518157,1591.056,30.297120000000003,17.568672,2.995168,174.1736579704443
348.9,40.01258122,-104.9518134,1590.4464,29.90088,17.702784,2.995168,173.77155803063658
349.0,40.01256504,-104.9518111,1590.1416000000002,29.59608,17.926304000000002,2.995168,173.51692630710272
349.0999999999999,40.01254895,-104.9518085,1589.8368,29.29128,18.060416,3.084576,173.26510673049643
349.19999999999993,40.0125326,-104.9518058,1589.5320000000002,28.98648,18.194528,2.995168,173.06754436045242
349.29999999999995,40.01251629,-104.9518029,1589.2272,28.71216,18.32864,3.084576,172.4053566314086
349.4,40.01249869,-104.9517998,1588.9224000000002,28.40736,19.043904,3.084576,172.16574241512512
349.5,40.01248204,-104.9517967,1588.6176,28.01112,19.22272,3.084576,171.92874299952507
349.5999999999999,40.0124666,-104.9517938,1588.3128000000002,27.70632,18.015712,2.995168,171.7536791855315
349.69999999999993,40.01244985,-104.9517905,1588.008,27.40152,18.10512,2.995168,171.38843184000564
349.79999999999995,40.01243301,-104.9517869,1587.7032000000002,27.096720000000005,18.909792,2.995168,171.16115952646612
349.9,40.01241608,-104.9517833,1587.3984,26.791920000000005,19.043904,2.995168,170.95750051789696
350.0,40.012399,-104.9517796,1587.0936000000002,26.487120000000004,19.178016,2.995168,170.735476014867
350.0999999999999,40.01238189,-104.9517758,1586.7888,26.2128,19.267424,2.995168,170.77832302628417
350.19999999999993,40.01236452,-104.951772,1586.4840000000002,25.908,19.44624,2.995168,170.4289160025021
350.29999999999995,40.01234714,-104.951768,1586.1792,25.6032,19.625056,2.68224,170.06734986789843
350.4,40.01232946,-104.9517639,1585.8744000000002,25.2984,19.803872,2.190496,169.90249561592475
350.5,40.01231165,-104.9517596,1585.8744000000002,25.08504,20.027392,1.6987519999999998,169.63825605290322
350.5999999999999,40.01229365,-104.9517552,1585.5696,24.90216,20.250912,0.983488,169.4809857679785
350.69999999999993,40.01227556,-104.9517508,1585.5696,24.90216,20.429728,0.402336,169.5495625362105
350.79999999999995,40.01225727,-104.9517463,1585.5696,24.810720000000003,20.56384,0.312928,169.5495625362105
350.9,40.01223919,-104.951742,1585.2648000000002,24.6888,20.56384,0.312928,169.4809857679785
351.0,40.01222088,-104.9517375,1585.2648000000002,24.59736,20.56384,0.581152,169.4347714216268
351.0999999999999,40.01220294,-104.9517332,1585.2648000000002,24.505920000000003,20.474432,0.804672,169.68382353741026
351.19999999999993,40.01218448,-104.9517291,1585.2648000000002,24.505920000000003,20.56384,0.581152,169.4809857679785
351.29999999999995,40.01216635,-104.9517247,1585.2648000000002,24.505920000000003,20.653248,0.402336,169.5495625362105
351.4,40.01214816,-104.9517205,1585.2648000000002,24.505920000000003,20.519136,0.402336,169.5495625362105
351.5,40.01213004,-104.9517162,1585.2648000000002,24.505920000000003,20.519136,0.491744,169.5495625362105
351.5999999999999,40.01211203,-104.9517119,1584.96,24.41448,20.429728,0.804672,169.68382353741026
351.69999999999993,40.0120941,-104.9517077,1584.96,24.29256,20.295616,1.207008,169.63825605290322
351.79999999999995,40.01207642,-104.9517037,1584.96,24.201120000000003,20.1168,1.609344,169.9697866802671
351.9,40.01205874,-104.9516996,1584.6552,23.98776,19.937984,2.101088,169.85713632123725
352.0999999999999,40.01202338,-104.9516915,1584.3504,23.591520000000003,19.982688,2.592832,169.85713632123725
352.19999999999993,40.01200594,-104.9516876,1584.0456,23.286720000000003,19.848576,2.68224,169.90249561592475
352.29999999999995,40.01198823,-104.9516836,1583.7408,23.10384,19.848576,2.68224,169.90249561592475
352.4,40.01197069,-104.9516793,1583.436,22.79904,19.89328,2.816352,169.9697866802671
352.5999999999999,40.01193485,-104.9516709,1582.8264,22.098000000000003,20.1168,2.90576,169.63825605290322
352.69999999999993,40.01191691,-104.9516666,1582.5216,21.7932,20.250912,2.995168,169.63825605290322
352.79999999999995,40.01189887,-104.9516621,1581.912,21.396960000000004,20.34032,2.995168,169.4347714216268
352.9,40.01188082,-104.9516576,1581.6072,21.092160000000003,20.429728,2.995168,169.4809857679785
353.0,40.01186287,-104.9516533,1581.3024,20.695920000000005,20.34032,2.995168,169.23337328830144
353.0999999999999,40.01184468,-104.9516487,1580.9976,20.391120000000004,20.474432,2.503424,169.10507017534064
353.29999999999995,40.01180778,-104.951639,1580.6928,19.99488,20.832064,1.207008,168.66606426826672
353.5,40.01177071,-104.9516293,1580.388,19.812,20.966176,1.1176,168.54452394526243
353.5999999999999,40.01175253,-104.9516244,1580.0832,19.59864,20.876768,1.519936,168.49518467374116
353.69999999999993,40.01173439,-104.9516196,1580.0832,19.38528,20.608544,2.01168,168.61613752892788
353.79999999999995,40.01171621,-104.9516148,1579.7784,19.2024,20.608544,2.101088,168.36998270219806
354.0,40.01167983,-104.9516047,1579.7784,18.98904,20.653248,1.296416,168.1113419603721
354.0999999999999,40.01166144,-104.9515997,1579.4736,18.8976,20.742656,1.1176,168.1113419603721
354.19999999999993,40.01164291,-104.9515949,1579.4736,18.80616,20.966176,0.983488,168.1113419603721
354.29999999999995,40.01162452,-104.9515897,1579.4736,18.71472,20.966176,0.89408,168.1113419603721
354.4,40.01160574,-104.9515847,1579.1688,18.5928,21.100288000000003,0.89408,168.1113419603721
354.5,40.01158736,-104.9515795,1579.1688,18.50136,21.100288000000003,0.89408,168.06046891756955
354.5999999999999,40.01156779,-104.951574,1579.1688,18.40992,21.592032,1.1176,168.00916502096072
354.69999999999993,40.01154944,-104.9515688,1578.864,18.19656,21.547328,1.519936,167.95742485711503
354.79999999999995,40.01153301,-104.9515642,1578.864,18.10512,19.759168000000003,1.922272,167.87898454741423
354.9,40.01151505,-104.9515592,1578.5592,17.80032,19.535648,2.279904,167.8261294391125
355.0,40.0114969,-104.9515541,1578.2544,17.70888,20.519136,1.922272,167.71408391900331
355.0999999999999,40.0114787,-104.9515487,1578.2544,17.49552,20.697952,1.207008,166.97773525485877
355.19999999999993,40.01146077,-104.9515431,1578.2544,17.49552,20.653248,0.581152,166.38022942194038
355.29999999999995,40.01144256,-104.9515371,1577.9496,17.40408,20.697952,0.312928,165.78414652632648
355.4,40.01142424,-104.9515313,1577.9496,17.40408,20.921472,0.089408,164.78846879672165
355.5,40.01140638,-104.9515247,1577.9496,17.31264,20.78736,0.0,163.57529594169887
355.69999999999993,40.01137186,-104.9515093,1577.9496,17.31264,20.385024,-0.312928,159.1740473210116
355.79999999999995,40.01135561,-104.9515006,1577.9496,17.31264,20.027392,-0.312928,157.12822065558134
356.0999999999999,40.0113092,-104.9514713,1577.9496,17.40408,19.22272,-0.089408,150.82392093202145
356.19999999999993,40.01129485,-104.9514607,1577.9496,17.40408,18.909792,0.0,149.0605316307417
356.29999999999995,40.01128115,-104.9514496,1578.2544,17.49552,18.10512,0.0,147.38559609936271
356.4,40.0112679,-104.9514381,1578.2544,17.49552,17.836896,0.0,145.5816355209438
356.5999999999999,40.01124284,-104.9514139,1578.2544,17.49552,17.43456,0.089408,141.92721812600917
356.79999999999995,40.01121989,-104.9513883,1577.9496,17.40408,17.032224,0.089408,137.9552847339342
356.9,40.01120912,-104.951375,1577.9496,17.40408,16.674591999999997,0.089408,135.77571750661104
357.0,40.01119899,-104.9513613,1577.9496,17.31264,16.361664,0.089408,133.42756957232666
357.19999999999993,40.01118029,-104.9513331,1577.9496,17.40408,16.004032,0.0,129.3693172423648
357.29999999999995,40.01117158,-104.9513186,1577.9496,17.40408,15.825216,0.0,127.16659350686332
357.4,40.01116353,-104.9513039,1577.9496,17.40408,15.556992,0.0,125.01909120033024
357.5,40.01115581,-104.9512889,1578.2544,17.49552,15.378176,0.0,123.04476825264912
357.69999999999993,40.01114223,-104.9512582,1578.2544,17.49552,15.19936,0.0,118.6777714060422
357.79999999999995,40.01113616,-104.9512426,1578.2544,17.58696,15.020544,0.0,116.8698130874991
357.9,40.01113034,-104.9512267,1578.2544,17.58696,14.97584,0.0,114.8826148103542
358.0,40.01112519,-104.9512106,1578.2544,17.58696,14.931136,0.0,112.9503630101268
358.0999999999999,40.01112025,-104.9511944,1578.2544,17.70888,14.841728000000002,0.0,110.9386826982278
358.19999999999993,40.01111588,-104.9511779,1578.2544,17.70888,14.841728000000002,0.0,108.87314891764925
358.29999999999995,40.01111182,-104.9511613,1578.2544,17.70888,14.841728000000002,0.0,107.12804747359668
358.4,40.01110843,-104.9511446,1578.2544,17.70888,14.797024,0.0,105.20965789838476
358.5,40.01110522,-104.9511277,1578.2544,17.70888,14.797024,0.0,103.2801846921758
358.5999999999999,40.01110251,-104.9511108,1578.2544,17.70888,14.75232,0.0,101.68352147393745
358.69999999999993,40.01110017,-104.9510938,1578.2544,17.70888,14.707616,0.0,99.71785174061093
358.79999999999995,40.01109838,-104.9510765,1578.2544,17.70888,14.797024,0.0,97.788479097098
358.9,40.01109691,-104.9510593,1578.5592,17.80032,14.797024,0.0,95.90019941727483
359.0,40.01109595,-104.951042,1578.2544,17.70888,14.797024,0.0,93.825633393648
359.0999999999999,40.01109534,-104.9510247,1578.2544,17.70888,14.75232,0.0,92.24913144502476
359.19999999999993,40.01109515,-104.9510073,1578.2544,17.70888,14.75232,0.0,90.34619385046096
359.29999999999995,40.01109538,-104.9509899,1578.2544,17.70888,14.797024,0.0,88.78848736820947
359.4,40.01109605,-104.9509727,1578.2544,17.70888,14.75232,0.089408,87.23256960773261
359.5,40.01109706,-104.9509554,1578.2544,17.58696,14.75232,0.089408,85.68072497237199
359.5999999999999,40.01109829,-104.9509379,1578.2544,17.58696,14.886432,0.22352,84.09980058272515
359.69999999999993,40.01110004,-104.9509206,1578.2544,17.58696,14.886432,0.089408,82.55370227357196
359.79999999999995,40.01110214,-104.9509034,1578.2544,17.49552,14.841728000000002,0.089408,80.67893928955982
359.9,40.01110469,-104.9508862,1578.2544,17.58696,14.886432,0.089408,79.09497795476557
360.0,40.0111076,-104.9508692,1578.2544,17.49552,14.841728000000002,0.089408,77.13460215794981
360.0999999999999,40.01111097,-104.9508523,1578.2544,17.49552,14.841728000000002,0.0,75.21265314369111
360.19999999999993,40.01111473,-104.9508356,1578.2544,17.49552,14.841728000000002,0.0,73.20162821869474
360.3,40.01111901,-104.950819,1578.2544,17.49552,14.841728000000002,0.0,71.23827270787672
360.4,40.01112371,-104.9508028,1578.2544,17.49552,14.841728000000002,0.0,68.7406045349066
360.5,40.01112896,-104.9507866,1578.2544,17.49552,14.841728000000002,0.0,66.73387028834583
360.5999999999999,40.01113461,-104.9507707,1578.2544,17.49552,14.931136,0.0,64.51441854357347
360.69999999999993,40.01114071,-104.9507553,1577.9496,17.40408,14.841728000000002,0.0,62.42027952329374
360.8,40.01114688,-104.9507401,1577.9496,17.40408,14.707616,0.0,60.45103815815349
360.9,40.01115378,-104.9507255,1577.9496,17.31264,14.618208,0.0,57.97589268163108
361.0,40.01116115,-104.9507114,1577.9496,17.40408,14.573504,0.0,55.47319793191389
361.19999999999993,40.01117664,-104.9506845,1577.9496,17.40408,14.394688,0.0,50.97579101657004
361.3,40.01118509,-104.9506717,1577.9496,17.40408,14.349984,0.0,48.695485276672
361.4,40.01119389,-104.9506592,1577.9496,17.40408,14.439391999999998,0.0,46.40340206739279
361.5999999999999,40.0112123,-104.950636,1577.9496,17.19072,14.30528,0.089408,42.02794408576528
361.69999999999993,40.011222,-104.9506253,1577.9496,17.19072,14.171168,0.089408,39.71229355234749
361.8,40.01123187,-104.9506149,1577.6448,17.09928,14.126464,0.0,37.12470565885116
361.9,40.01124217,-104.9506053,1577.9496,17.19072,14.08176,0.0,35.15627660930562
362.0,40.01125294,-104.950596,1577.6448,17.09928,14.215872,0.0,32.77908066806958
362.19999999999993,40.01127474,-104.9505794,1577.6448,17.00784,14.126464,0.0,28.115413153341592
362.3,40.01128617,-104.9505721,1577.6448,17.00784,14.037056,0.0,25.75239958282424
362.4,40.01129853,-104.9505647,1577.6448,17.00784,14.662912,0.0,22.91282839677166
362.5,40.01131055,-104.9505585,1577.6448,17.00784,14.707616,-0.089408,20.598174461632937
362.5999999999999,40.01132181,-104.9505536,1577.6448,17.00784,13.768832,-0.089408,17.867682413064074
362.69999999999993,40.01133419,-104.9505487,1577.6448,17.00784,13.768832,-0.089408,15.7247457227474
362.8,40.01134685,-104.9505445,1577.6448,17.00784,14.439391999999998,-0.089408,13.30172243367167
363.0,40.01137247,-104.9505381,1577.6448,17.00784,14.5288,-0.089408,8.355576492202658
363.0999999999999,40.01138545,-104.950536,1577.6448,17.00784,14.5288,-0.089408,6.027530295521274
363.19999999999993,40.01139856,-104.9505347,1577.6448,17.00784,14.573504,-0.089408,3.5322945838908595
363.3,40.01141171,-104.950534,1577.6448,17.00784,14.618208,-0.089408,1.2263278598958325
363.4,40.01142505,-104.9505339,1577.6448,17.00784,14.75232,-0.089408,359.6517016793413
363.5,40.01143832,-104.9505345,1577.6448,16.88592,14.797024,0.0,357.7372101928605
363.5999999999999,40.01145173,-104.9505355,1577.6448,16.88592,14.841728000000002,0.0,355.6545682507709
363.69999999999993,40.01146508,-104.9505373,1577.6448,16.88592,14.931136,0.0,353.4509084258047
363.8,40.01147862,-104.9505397,1577.6448,16.88592,15.065248,-0.089408,351.62916049312224
363.9,40.01149207,-104.9505427,1577.34,16.79448,15.154656,0.0,349.7860270149295
364.0,40.01150559,-104.9505461,1577.34,16.79448,15.244064,0.0,347.7995312726192
364.0999999999999,40.01151909,-104.9505502,1577.34,16.79448,15.333472,-0.089408,346.124360959406
364.19999999999993,40.01153265,-104.950555,1577.34,16.70304,15.512288000000002,-0.089408,344.2365670586127
364.3,40.01154613,-104.9505604,1577.34,16.70304,15.6464,0.0,342.49913873104714
364.4,40.01155766,-104.9505655,1577.34,16.79448,14.573504,-0.089408,340.68682577634365
364.5,40.01157081,-104.9505719,1577.34,16.70304,14.573504,-0.089408,338.74109088783564
364.5999999999999,40.01158626,-104.9505797,1577.34,16.79448,17.032224,0.0,337.0794383356936
364.69999999999993,40.0115993,-104.9505872,1577.6448,16.88592,17.121631999999998,0.089408,335.9213262320101
364.8,40.01161194,-104.950595,1577.34,16.79448,15.691104,0.22352,335.0032810913173
364.9,40.01162423,-104.9506026,1577.34,16.70304,15.333472,-0.089408,334.13840872028464
365.0,40.01163587,-104.9506099,1577.34,16.79448,14.75232,-0.089408,333.92815712400545
365.19999999999993,40.01165767,-104.9506237,1577.0352,16.48968,13.768832,0.089408,333.620071860515
365.3,40.01166738,-104.9506301,1577.0352,16.39824,13.008864,0.089408,333.53339508259427
365.4,40.01167504,-104.9506355,1577.0352,16.39824,10.907775999999998,0.0,332.7004277886672
365.5,40.01168327,-104.950641,1577.0352,16.39824,9.968992,0.0,332.8676824130641
365.9,40.01171338,-104.9506619,1577.0352,16.48968,9.656064,0.0,332.0107615046762
366.0,40.01171906,-104.950666,1577.34,16.6116,9.030208,0.0,332.0420128707837
366.19999999999993,40.01172847,-104.9506728,1577.34,16.6116,6.392672,0.0,331.4675467930027
366.3,40.01173231,-104.9506756,1577.34,16.70304,5.632704,0.0,330.61098853367963
366.4,40.01173539,-104.9506779,1577.34,16.70304,4.380992,0.0,330.49927537650086
366.5,40.01173822,-104.9506801,1577.34,16.70304,3.79984,0.089408,329.16216805531275
366.5999999999999,40.01174105,-104.9506823,1577.34,16.70304,3.665728,0.22352,324.3720927085791
366.69999999999993,40.0117434,-104.9506848,1577.34,16.70304,3.486912,0.089408,318.81407483429035
366.8,40.01174561,-104.9506877,1577.34,16.79448,3.442208,0.0,312.9545915111128
367.0,40.01174957,-104.9506942,1577.34,16.79448,3.531616,-0.089408,308.0470425318261
367.19999999999993,40.01175359,-104.9507013,1577.6448,16.88592,3.665728,-0.089408,305.38027220030114
367.3,40.01175555,-104.9507048,1577.6448,16.88592,3.710432,0.0,306.86989764584405
367.4,40.01175687,-104.9507074,1577.34,16.79448,3.12928,0.0,307.7939429986167
367.5,40.01175827,-104.9507097,1577.34,16.79448,2.503424,0.089408,307.3493490446406
367.5999999999999,40.01175917,-104.9507113,1577.34,16.70304,2.101088,0.089408,309.1736579704442
367.69999999999993,40.01176004,-104.9507126,1577.34,16.70304,1.56464,0.0,311.98721249581666
367.8,40.01176061,-104.9507135,1577.34,16.79448,1.251712,0.0,315.0
367.9,40.01176128,-104.9507143,1577.34,16.79448,1.0728959999999998,0.0,315.0
368.19999999999993,40.01176375,-104.9507202,1577.34,16.70304,1.654048,0.312928,302.31961650818016
368.3,40.01176517,-104.950723,1577.34,16.6116,2.145792,0.581152,301.8274465766731
368.4,40.01176625,-104.950726,1577.0352,16.48968,2.861056,0.804672,300.83783194468725
368.5,40.01176808,-104.9507299,1577.0352,16.48968,3.308096,0.491744,301.1713490277198
368.5999999999999,40.01176993,-104.9507344,1577.0352,16.39824,4.157472,0.312928,300.7841465263264
368.69999999999993,40.01177234,-104.9507397,1577.0352,16.39824,4.783328,0.22352,300.48894049983096
368.8,40.01177477,-104.9507452,1577.0352,16.39824,5.36448,0.089408,299.3806078612892
368.9,40.01177769,-104.9507518,1577.0352,16.39824,5.945632,0.089408,300.3112132266816
369.0,40.01178082,-104.9507589,1577.0352,16.39824,6.750304,0.089408,300.23080146970835
369.0999999999999,40.01178426,-104.9507666,1577.0352,16.39824,7.286752,0.089408,300.11373315098245
369.19999999999993,40.01178779,-104.9507746,1577.0352,16.39824,7.733792,0.089408,300.5913658086449
369.3,40.01179171,-104.9507833,1577.0352,16.39824,8.225536,0.0,300.25643716352926
369.4,40.01179568,-104.950792,1577.0352,16.48968,8.627872,-0.22352,300.5559642755078
369.69999999999993,40.01180664,-104.9508156,1577.34,16.6116,8.04672,0.0,301.92608114174965
369.8,40.01181017,-104.9508226,1577.0352,16.48968,7.644384,0.0,301.875362751589
369.9,40.01181296,-104.9508285,1577.0352,16.39824,6.526784,0.089408,301.7594800848128
370.0999999999999,40.01181767,-104.9508393,1577.0352,16.3068,5.498592,0.22352,301.1713490277198
370.19999999999993,40.01181995,-104.9508442,1576.7304,16.18488,5.14096,0.22352,300.83783194468725
370.3,40.01182138,-104.9508473,1576.7304,16.18488,4.02336,0.089408,299.8590161649231
370.4,40.01182265,-104.9508501,1576.7304,16.18488,2.950464,0.0,302.0053832080835
370.5,40.0118235,-104.9508519,1577.0352,16.39824,2.2352,0.0,301.8274465766731
370.5999999999999,40.01182453,-104.9508534,1577.0352,16.39824,1.78816,0.0,308.6598082540901
370.8,40.01182572,-104.9508552,1577.0352,16.39824,1.251712,0.0,315.0
370.9,40.01182617,-104.9508557,1577.0352,16.39824,0.89408,0.0,320.71059313749964
371.0999999999999,40.0118267,-104.9508564,1577.0352,16.39824,0.5364479999999999,0.0,330.94539590092285
371.19999999999993,40.01182709,-104.9508564,1577.0352,16.39824,0.44704,0.0,344.05460409907715
371.3,40.01182737,-104.9508565,1577.0352,16.39824,0.0,0.0,344.05460409907715
371.4,40.01182756,-104.9508564,1577.0352,16.39824,0.491744,0.0,0.0
371.5,40.01182781,-104.9508564,1577.0352,16.39824,0.0,0.0,0.0
371.5999999999999,40.01182789,-104.950856,1577.0352,16.39824,0.0,0.0,0.0
371.69999999999993,40.0118281,-104.9508559,1577.0352,16.3068,0.0,0.0,0.0
371.8,40.01182818,-104.9508555,1577.0352,16.3068,0.0,0.0,0.0
371.9,40.01182837,-104.9508554,1577.0352,16.39824,0.0,0.0,0.0
372.0,40.01182854,-104.9508551,1577.0352,16.39824,0.0,0.0,45.0
372.19999999999993,40.01182878,-104.9508547,1577.0352,16.39824,0.44704,0.0,45.0
372.3,40.01182894,-104.9508546,1577.0352,16.39824,0.312928,0.0,0.0
372.4,40.01182905,-104.9508544,1577.0352,16.48968,0.0,0.0,45.0
372.5,40.01182921,-104.9508543,1577.0352,16.48968,0.0,0.0,0.0
372.5999999999999,40.0118294,-104.9508541,1577.0352,16.39824,0.0,0.0,0.0
372.69999999999993,40.01182978,-104.9508545,1577.0352,16.39824,0.0,0.0,315.0
372.9,40.01183137,-104.950857,1577.0352,16.39824,1.1176,0.0,306.86989764584405
373.0,40.01183225,-104.9508593,1577.0352,16.39824,1.654048,0.0,304.7559125535413
373.0999999999999,40.01183375,-104.9508623,1577.0352,16.39824,2.592832,0.0,302.4123066183512
373.19999999999993,40.01183543,-104.9508655,1577.0352,16.48968,3.12928,0.0,302.42106476250694
373.3,40.01183748,-104.9508697,1577.0352,16.48968,3.79984,0.0,302.4275549957725
373.4,40.01183947,-104.9508739,1577.0352,16.48968,4.202176,0.0,301.6754687381092
373.5,40.01184203,-104.9508792,1577.0352,16.48968,4.783328,0.0,301.7594800848128
373.5999999999999,40.01184493,-104.9508854,1577.0352,16.48968,5.722112,0.0,301.8274465766731
373.69999999999993,40.01184802,-104.9508918,1577.0352,16.48968,6.303264,0.0,301.3570852240099
373.8,40.0118515,-104.9508989,1577.34,16.6116,6.795007999999999,0.0,301.81703484145913
373.9,40.01185512,-104.9509064,1577.34,16.6116,7.331455999999999,0.0,301.86597769360367
374.0999999999999,40.01186298,-104.9509229,1577.34,16.6116,8.04672,0.089408,301.8188539283402
374.19999999999993,40.01186747,-104.9509322,1577.34,16.70304,8.627872,0.089408,301.859666890731
374.4,40.01187684,-104.9509519,1577.34,16.70304,9.700768,0.089408,301.820131910619
374.5,40.01188187,-104.9509624,1577.34,16.70304,10.103104,0.089408,301.49768024038354
374.5999999999999,40.01188711,-104.9509735,1577.34,16.70304,10.818368,0.089408,302.1522951412823
374.69999999999993,40.01189257,-104.9509849,1577.34,16.70304,11.310112,0.089408,302.0288939903146
374.8,40.01189838,-104.9509969,1577.34,16.6116,11.757152,0.22352,301.7335191534163
374.9,40.01190427,-104.9510092,1577.34,16.6116,12.204192,0.089408,301.9836473291895
375.0999999999999,40.01191665,-104.9510352,1577.0352,16.48968,12.785344,0.402336,301.83894713442976
375.19999999999993,40.01192293,-104.9510486,1577.0352,16.48968,13.18768,0.804672,301.82180889298445
375.3,40.01192933,-104.951062,1577.0352,16.39824,13.4112,1.296416,301.9447527762034
375.4,40.0119365,-104.9510766,1576.7304,16.18488,14.126464,1.78816,301.7441275183225
375.5,40.01194308,-104.9510904,1576.7304,16.002000000000002,14.30528,2.279904,301.5708837300291
375.69999999999993,40.01195578,-104.9511174,1576.1208,15.51432,13.590016,2.592832,301.7958583526312
375.8,40.01196268,-104.951132,1575.816,15.20952,13.85824,2.816352,301.5382068401892
375.9,40.01196968,-104.9511468,1575.5112,14.90472,14.662912,2.816352,301.8223886865456
376.0,40.01197696,-104.9511619,1575.2064,14.59992,15.020544,2.816352,301.77312843603465
376.0999999999999,40.01198423,-104.9511772,1574.9016,14.29512,15.288768,2.68224,301.8813282034877
376.19999999999993,40.01199161,-104.9511925,1574.5968,13.99032,15.378176,2.592832,301.8813282034877
376.3,40.01199886,-104.9512076,1574.292,13.80744,15.288768,2.503424,302.22248016538794
376.4,40.01200622,-104.9512225,1573.9872,13.50264,15.154656,2.68224,302.0053832080835
376.5,40.01201318,-104.951237,1573.6824,13.1064,14.841728000000002,2.816352,302.1003065465402
376.5999999999999,40.01202022,-104.9512511,1573.3776,12.8016,14.439391999999998,2.90576,301.8872883299464
376.69999999999993,40.01202671,-104.9512645,1573.0728,12.405360000000002,13.947648,2.90576,302.0258972707633
376.9,40.01203901,-104.9512899,1572.4632,11.70432,13.053568,3.218688,302.09564824488734
377.0999999999999,40.01205015,-104.9513131,1571.5488,11.00328,12.204192,3.084576,301.49768024038354
377.19999999999993,40.01205524,-104.9513235,1571.244,10.698480000000002,11.265408,3.084576,302.0595635980929
377.3,40.01205989,-104.9513331,1570.9392,10.393680000000002,10.147808,3.084576,302.3243341516041
377.5,40.01206833,-104.9513508,1570.3296,9.814560000000002,9.119616,3.084576,302.2756443145776
377.5999999999999,40.01207211,-104.9513587,1570.0248,9.50976,8.538464000000001,3.084576,302.5500034921934
377.69999999999993,40.01207558,-104.9513658,1569.72,9.20496,7.59968,3.084576,302.55666579210674
377.8,40.01207879,-104.9513725,1569.4152,8.90016,6.973824,3.084576,301.4487152730536
377.9,40.01208165,-104.9513785,1569.1104,8.59536,6.347968,3.084576,302.05349048436307
378.0,40.01208443,-104.9513842,1568.8056,8.290560000000001,5.856224,3.084576,301.13897243697886
378.0999999999999,40.01208673,-104.9513889,1568.8056,8.10768,5.230368,3.084576,301.5689711293183
378.19999999999993,40.01208835,-104.9513924,1568.5008,7.89432,4.068064,2.995168,302.0053832080835
378.3,40.01209003,-104.9513958,1568.196,7.71144,3.442208,2.816352,301.8274465766731
378.4,40.01209126,-104.9513982,1567.8912,7.40664,2.995168,2.68224,302.7995312726192
378.69999999999993,40.01209374,-104.9514022,1566.9768,6.4008,1.6987519999999998,2.816352,318.01278750418334
378.9,40.01209456,-104.9514032,1566.3672,5.69976,1.1176,2.995168,320.71059313749964
379.0,40.01209468,-104.9514036,1566.0624,5.39496,0.44704,2.90576,322.1250163489018
379.0999999999999,40.01209498,-104.9514039,1565.7576,5.09016,0.491744,2.816352,324.4623222080256
379.19999999999993,40.01209512,-104.9514038,1565.4528,4.907280000000001,0.0,2.592832,324.4623222080256
379.3,40.01209536,-104.951404,1565.148,4.60248,0.0,2.414016,344.05460409907715
379.4,40.01209532,-104.951404,1565.148,4.38912,0.0,2.190496,338.1985905136482
379.5,40.0120955,-104.951404,1564.8432,4.20624,0.491744,1.922272,338.1985905136482
379.5999999999999,40.01209557,-104.9514036,1564.5384,3.99288,0.0,1.6987519999999998,0.0
379.69999999999993,40.01209568,-104.9514036,1564.5384,3.81,0.0,1.609344,0.0
379.8,40.01209553,-104.9514034,1564.2336,3.68808,0.0,1.385824,0.0
379.9,40.0120956,-104.9514033,1564.2336,3.5052000000000003,0.0,1.296416,0.0
380.0,40.01209565,-104.9514031,1563.9288,3.41376,0.0,1.207008,0.0
380.0999999999999,40.01209573,-104.9514031,1563.9288,3.2918400000000005,0.0,1.1176,0.0
380.19999999999993,40.01209589,-104.9514028,1563.9288,3.2004,0.0,0.983488,0.0
380.3,40.01209599,-104.9514027,1563.624,3.10896,0.0,0.983488,0.0
380.4,40.01209585,-104.9514027,1563.624,2.9870400000000004,0.0,0.89408,0.0
380.5,40.01209593,-104.9514026,1563.624,2.8956,0.0,0.89408,0.0
380.69999999999993,40.01209604,-104.9514027,1563.3192,2.7127200000000005,0.0,0.715264,0.0
380.8,40.01209635,-104.9514028,1563.3192,2.5908,0.0,0.715264,0.0
380.9,40.01209646,-104.9514028,1563.3192,2.5908,0.0,0.581152,0.0
381.0,40.01209656,-104.9514027,1563.0144,2.49936,0.0,0.581152,0.0
381.19999999999993,40.01209674,-104.9514031,1563.0144,2.4079200000000003,0.0,0.491744,0.0
381.3,40.01209682,-104.9514032,1563.0144,2.4079200000000003,0.0,0.402336,0.0
381.4,40.01209688,-104.9514037,1563.0144,2.286,0.0,0.402336,270.0
381.5,40.01209694,-104.9514038,1563.0144,2.286,0.0,0.402336,315.0
381.5999999999999,40.01209705,-104.951404,1562.7096,2.19456,0.0,0.402336,315.0
381.69999999999993,40.01209711,-104.9514041,1562.7096,2.19456,0.0,0.312928,315.0
381.8,40.01209742,-104.9514044,1562.7096,2.19456,0.0,0.312928,315.0
381.9,40.01209752,-104.9514046,1562.7096,2.19456,0.0,0.312928,315.0
382.0,40.01209765,-104.9514047,1562.7096,2.19456,0.0,0.312928,0.0
382.0999999999999,40.01209773,-104.9514048,1562.7096,2.10312,0.0,0.312928,0.0
382.19999999999993,40.01209782,-104.9514051,1562.7096,2.10312,0.0,0.22352,0.0
382.3,40.01209789,-104.9514052,1562.7096,2.10312,0.0,0.22352,0.0
382.3999999999999,40.01209812,-104.9514053,1562.7096,2.10312,0.0,0.22352,0.0
382.5,40.01209819,-104.9514054,1562.7096,2.10312,0.0,0.22352,0.0
382.5999999999999,40.01209829,-104.9514055,1562.7096,2.10312,0.0,0.22352,0.0
382.7000000000001,40.01209835,-104.9514055,1562.7096,2.10312,0.0,0.22352,0.0
382.8,40.0120986,-104.9514054,1562.7096,2.01168,0.0,0.22352,0.0
382.8999999999999,40.01209865,-104.9514054,1562.7096,2.01168,0.0,0.22352,0.0
383.0,40.0120986,-104.9514054,1562.7096,2.01168,0.0,0.22352,0.0
383.0999999999999,40.01209861,-104.9514053,1562.7096,2.01168,0.0,0.089408,0.0
383.2000000000001,40.01209845,-104.9514053,1562.7096,2.01168,0.0,0.089408,0.0
383.3,40.01209843,-104.9514053,1562.7096,2.01168,0.0,0.089408,0.0
383.3999999999999,40.01209853,-104.9514051,1562.7096,2.01168,0.0,0.089408,0.0
383.5,40.01209851,-104.951405,1562.4048,1.88976,0.0,0.089408,0.0
383.5999999999999,40.01209837,-104.951405,1562.4048,1.88976,0.0,0.089408,0.0
383.7000000000001,40.01209836,-104.951405,1562.4048,1.88976,0.0,0.089408,0.0
383.8,40.0120983,-104.9514048,1562.4048,1.88976,0.0,0.089408,0.0
383.8999999999999,40.01209831,-104.9514048,1562.4048,1.88976,0.0,0.089408,0.0
384.0,40.0120984,-104.9514047,1562.4048,1.88976,0.0,0.089408,0.0
384.2000000000001,40.01209826,-104.9514046,1562.4048,1.88976,0.0,0.089408,0.0
384.3,40.01209826,-104.9514045,1562.4048,1.88976,0.0,0.089408,0.0
384.3999999999999,40.01209827,-104.9514044,1562.4048,1.79832,0.0,0.089408,0.0
384.5999999999999,40.01209816,-104.9514043,1562.4048,1.79832,0.0,0.089408,0.0
384.7000000000001,40.01209818,-104.9514043,1562.4048,1.79832,0.0,0.089408,0.0
384.8,40.01209805,-104.9514041,1562.4048,1.79832,0.0,0.089408,0.0
384.8999999999999,40.01209806,-104.9514041,1562.4048,1.79832,0.0,0.089408,0.0
385.0,40.01209793,-104.9514041,1562.4048,1.79832,0.0,0.089408,0.0
385.0999999999999,40.01209792,-104.951404,1562.4048,1.79832,0.0,0.089408,0.0
385.3,40.01209793,-104.9514039,1562.4048,1.79832,0.0,0.089408,0.0
385.3999999999999,40.01209792,-104.9514039,1562.4048,1.79832,0.0,0.089408,0.0
385.5,40.0120979,-104.9514038,1562.4048,1.79832,0.0,0.089408,0.0
385.5999999999999,40.01209775,-104.9514038,1562.4048,1.79832,0.0,0.0,0.0
385.7000000000001,40.01209771,-104.9514037,1562.4048,1.79832,0.0,0.0,0.0
385.8999999999999,40.01209776,-104.9514036,1562.4048,1.70688,0.0,0.22352,0.0
386.0,40.01209772,-104.9514037,1562.4048,1.70688,0.0,0.312928,0.0
386.2000000000001,40.01209771,-104.9514036,1562.4048,1.70688,0.0,0.402336,0.0
386.3,40.01209775,-104.9514036,1562.1,1.58496,0.0,0.402336,0.0
386.3999999999999,40.01209776,-104.9514034,1562.1,1.58496,0.0,0.402336,0.0
386.5,40.0120978,-104.9514034,1562.1,1.4935200000000002,0.0,0.312928,0.0
386.5999999999999,40.01209775,-104.9514035,1562.1,1.4935200000000002,0.0,0.312928,0.0
386.7000000000001,40.01209778,-104.9514035,1562.1,1.4935200000000002,0.0,0.312928,0.0
386.8,40.01209801,-104.9514035,1562.1,1.40208,0.0,0.312928,0.0
387.0,40.01209798,-104.9514035,1562.1,1.40208,0.0,0.22352,0.0
387.3,40.01209795,-104.9514033,1561.7952,1.31064,0.0,0.22352,0.0
387.3999999999999,40.01209816,-104.9514033,1561.7952,1.31064,0.0,0.22352,0.0
387.5,40.01209818,-104.9514033,1561.7952,1.31064,0.0,0.22352,0.0
387.5999999999999,40.01209809,-104.9514033,1561.7952,1.31064,0.0,0.089408,0.0
387.7000000000001,40.01209809,-104.9514033,1561.7952,1.18872,0.0,0.22352,0.0
387.8,40.0120982,-104.9514033,1561.7952,1.18872,0.0,0.22352,0.0
387.8999999999999,40.01209823,-104.9514033,1561.7952,1.18872,0.0,0.089408,0.0
388.0,40.01209839,-104.9514033,1561.7952,1.18872,0.0,0.089408,0.0
388.0999999999999,40.01209845,-104.9514032,1561.7952,1.18872,0.0,0.089408,0.0
388.3,40.01209847,-104.951403,1561.7952,1.09728,0.0,0.089408,0.0
388.3999999999999,40.0120985,-104.951403,1561.7952,1.09728,0.0,0.089408,0.0
388.5,40.01209854,-104.9514029,1561.7952,1.09728,0.0,0.089408,0.0
388.5999999999999,40.01209857,-104.9514029,1561.7952,1.09728,0.0,0.089408,0.0
388.7000000000001,40.01209855,-104.9514029,1561.7952,1.09728,0.0,0.089408,0.0
388.8,40.01209857,-104.9514028,1561.7952,1.09728,0.0,0.0,0.0
388.8999999999999,40.01209856,-104.9514028,1561.7952,1.09728,0.0,0.0,0.0
389.0,40.01209868,-104.9514028,1561.4904,1.00584,0.0,0.0,0.0
389.0999999999999,40.01209869,-104.9514028,1561.4904,1.00584,0.0,0.0,0.0
389.2000000000001,40.0120987,-104.9514028,1561.7952,1.09728,0.0,0.0,0.0
389.3,40.01209872,-104.9514028,1561.7952,1.09728,0.0,0.0,0.0
389.3999999999999,40.01209871,-104.9514028,1561.7952,1.09728,0.491744,0.0,0.0
389.5,40.01209873,-104.9514028,1561.7952,1.09728,0.0,0.0,0.0
389.5999999999999,40.01209871,-104.9514028,1561.7952,1.09728,0.491744,0.0,0.0
389.7000000000001,40.01209873,-104.9514028,1561.7952,1.09728,0.491744,0.0,0.0
