timestamp,latitude,longitude,altitude,height,ground_speed,vertical_speed,course
0.0,39.96121045,-106.21648573,2477.4144,0.0,0.0,0.0,0.0
0.0999999999999999,39.96121038,-106.21648578,2477.4144,0.0,0.0,0.0,0.0
0.2,39.96121036,-106.21648572,2477.4144,0.0,0.0,0.0,0.0
0.3,39.96121032,-106.2164857,2477.4144,0.0,0.0,0.0,0.0
0.3999999999999999,39.96121029,-106.21648568,2477.4144,0.0,0.0,0.0,0.0
0.4999999999999999,39.96121029,-106.21648563,2477.4144,0.0,0.0,0.0,0.0
0.6000000000000001,39.96121025,-106.2164857,2477.4144,0.0,0.0,0.0,0.0
0.7,39.96121026,-106.21648568,2477.4144,0.0,0.0,0.0,0.0
0.8,39.96121025,-106.21648566,2477.4144,0.0,0.0,0.0,0.0
0.9000000000000001,39.9612102,-106.21648565,2477.4144,0.0,0.0,0.0,0.0
1.0,39.96121012,-106.2164858,2477.4144,0.0,0.0,0.0,0.0
1.1,39.9612101,-106.21648578,2477.4144,0.0,0.0,0.0,0.0
1.2,39.96121007,-106.21648576,2477.4144,0.0,0.0,0.0,0.0
1.3,39.96121001,-106.21648574,2477.4144,0.0,0.0,0.0,0.0
1.4,39.96120993,-106.21648583,2477.4144,0.0,0.0,0.0,0.0
1.5,39.96120992,-106.21648578,2477.4144,0.0,0.0,0.0,0.0
1.6,39.9612099,-106.21648574,2477.4144,0.0,0.0,0.0,0.0
1.7,39.96120986,-106.21648572,2477.4144,0.0,0.0,0.0,0.0
1.8,39.96120984,-106.21648569,2477.4144,0.0,0.0,0.0,0.0
1.9,39.96120987,-106.21648564,2477.4144,0.0,0.0,0.0,0.0
2.0,39.9612099,-106.2164856,2477.4144,0.0,0.0,0.0,0.0
2.1,39.96120986,-106.21648556,2477.4144,0.0,0.0,0.0,0.0
2.2,39.96120982,-106.21648565,2477.4144,0.0,0.0,0.0,0.0
2.3,39.96120981,-106.21648564,2477.4144,0.0,0.0,0.0,0.0
2.4,39.9612098,-106.21648562,2477.4144,0.0,0.0,0.0,0.0
2.5,39.96120975,-106.21648557,2477.4144,0.0,0.0,0.0,0.0
2.6,39.96120972,-106.21648552,2477.4144,0.0,0.0,0.0,0.0
2.7,39.9612097,-106.21648553,2477.4144,0.0,0.0,0.0,0.0
2.8,39.96120969,-106.2164855,2477.4144,0.0,0.0,0.0,0.0
2.9,39.96120965,-106.21648548,2477.4144,0.0,0.491744,0.0,0.0
3.0,39.96120962,-106.21648544,2477.4144,0.0,0.0,0.0,0.0
3.1,39.96120963,-106.21648541,2477.4144,0.0,0.0,0.0,0.0
3.2,39.96120962,-106.21648535,2477.4144,0.0,0.0,0.0,0.0
3.3,39.96120958,-106.21648532,2477.4144,0.0,0.0,0.0,0.0
3.4,39.96120954,-106.21648528,2477.4144,0.0,0.0,0.0,0.0
3.5,39.9612094,-106.2164854,2477.4144,0.0,0.0,0.0,0.0
3.6,39.96120935,-106.21648537,2477.4144,0.0,0.0,0.0,0.0
3.7,39.96120929,-106.21648529,2477.4144,0.0,0.0,0.0,0.0
3.9,39.96120913,-106.21648522,2477.4144,0.0,0.0,0.0,0.0
4.0,39.96120908,-106.21648517,2477.4144,0.0,0.0,0.0,0.0
4.1,39.96120904,-106.21648513,2477.4144,0.0,0.0,0.0,0.0
4.2,39.961209,-106.2164851,2477.4144,0.0,0.0,0.0,0.0
4.3,39.96120896,-106.21648507,2477.4144,0.0,0.0,0.0,0.0
4.4,39.96120891,-106.21648523,2477.4144,0.0,0.0,0.0,0.0
4.5,39.96120886,-106.2164852,2477.4144,0.0,0.0,0.0,0.0
4.6,39.96120883,-106.21648517,2477.4144,0.0,0.0,0.0,0.0
4.7,39.96120879,-106.21648509,2477.4144,0.0,0.491744,0.0,0.0
4.8,39.96120873,-106.21648511,2477.4144,0.0,0.0,0.0,0.0
4.9,39.96120868,-106.21648507,2477.4144,0.0,0.0,0.0,0.0
5.0,39.96120864,-106.21648503,2477.4144,0.0,0.0,0.0,0.0
5.1,39.9612086,-106.216485,2477.4144,0.0,0.0,0.0,0.0
5.2,39.96120851,-106.21648512,2477.4144,0.0,0.0,0.0,0.0
5.3,39.96120846,-106.21648509,2477.4144,0.0,0.0,0.0,0.0
5.4,39.96120843,-106.21648507,2477.4144,0.0,0.0,0.0,0.0
5.5,39.96120843,-106.21648505,2477.4144,0.0,0.0,0.0,0.0
5.6,39.96120843,-106.21648501,2477.4144,0.0,0.0,0.0,0.0
5.7,39.96120842,-106.21648508,2477.4144,0.0,0.0,0.0,0.0
5.8,39.96120839,-106.21648501,2477.4144,0.0,0.0,0.0,0.0
5.9,39.96120834,-106.21648496,2477.4144,0.0,0.0,0.0,0.0
6.0,39.96120831,-106.21648493,2477.4144,0.0,0.491744,0.0,0.0
6.1,39.96120831,-106.21648505,2477.4144,0.0,0.0,0.0,0.0
6.2,39.96120831,-106.21648504,2477.4144,0.0,0.67056,0.0,0.0
6.3,39.96120827,-106.21648502,2477.4144,0.0,0.0,0.0,0.0
6.4,39.96120823,-106.21648501,2477.4144,0.0,0.0,0.0,0.0
6.5,39.96120822,-106.21648515,2477.4144,0.0,0.0,0.0,0.0
6.6,39.96120821,-106.21648513,2477.4144,0.0,0.0,0.0,0.0
6.7,39.9612082,-106.2164851,2477.4144,0.0,0.0,0.0,0.0
6.8,39.96120819,-106.21648505,2477.4144,0.0,0.0,0.0,0.0
6.9,39.96120811,-106.21648505,2477.4144,0.0,0.0,0.0,90.0
7.0,39.96120805,-106.21648486,2477.4144,0.0,0.0,-0.089408,90.0
7.1,39.96120798,-106.21648444,2477.4144,0.0,0.0,-0.22352,90.0
7.2,39.96120786,-106.21648388,2477.4144,0.09144,0.491744,-0.402336,100.30484646876602
7.3,39.96120766,-106.21648316,2477.4144,0.09144,0.0,-0.581152,111.03751102542184
7.399999999999999,39.96120739,-106.21648239,2477.7192,0.21336,0.67056,-0.804672,107.35402463626131
7.5,39.96120707,-106.21648148,2477.7192,0.3048,0.67056,-1.1176,113.6293777306568
7.6,39.9612067,-106.21648063,2477.7192,0.39624,0.67056,-1.385824,124.69515353123398
7.7,39.96120621,-106.21647968,2478.0240000000003,0.6096,0.804672,-1.6987519999999998,124.69515353123398
7.8,39.96120537,-106.21647882,2478.3288,0.7924800000000001,0.938784,-1.922272,129.28940686250036
7.899999999999999,39.96120487,-106.21647823,2478.3288,1.00584,0.938784,-2.101088,140.7105931374997
7.999999999999999,39.96120431,-106.21647775,2478.6336,1.18872,0.938784,-2.279904,147.52880770915152
8.100000000000001,39.96120365,-106.21647739,2478.9384,1.40208,0.938784,-2.414016,155.55604521958344
8.200000000000001,39.96120288,-106.21647743,2479.2432000000003,1.70688,0.804672,-2.414016,169.69515353123393
8.3,39.96120237,-106.2164773,2479.2432000000003,1.88976,0.67056,-2.414016,169.69515353123393
8.4,39.96120197,-106.21647719,2479.548,2.10312,0.67056,-2.279904,167.47119229084842
8.5,39.96120152,-106.216477,2479.8528,2.4079200000000003,0.0,-2.279904,167.47119229084842
8.600000000000001,39.96120116,-106.21647689,2480.1576,2.5908,0.67056,-2.190496,167.47119229084842
8.700000000000001,39.96120083,-106.21647687,2480.1576,2.80416,0.491744,-2.01168,164.0546040990771
8.8,39.96120055,-106.21647686,2480.4624000000003,2.9870400000000004,0.491744,-1.78816,180.0
8.9,39.96120026,-106.21647681,2480.7672,3.2004,0.0,-1.609344,180.0
9.0,39.96120003,-106.2164768,2480.7672,3.41376,0.0,-1.519936,180.0
9.1,39.96119991,-106.21647689,2481.072,3.5966400000000003,0.0,-1.385824,180.0
9.2,39.96119974,-106.21647693,2481.072,3.68808,0.0,-1.385824,180.0
9.3,39.96119957,-106.21647697,2481.3768,3.81,0.0,-1.207008,180.0
9.4,39.96119939,-106.216477,2481.3768,3.99288,0.0,-1.1176,180.0
9.5,39.96119913,-106.21647706,2481.3768,4.1148,0.0,-0.983488,180.0
9.6,39.96119885,-106.2164771,2481.6816000000003,4.20624,0.491744,-0.89408,180.0
9.7,39.96119849,-106.21647718,2481.6816000000003,4.20624,0.491744,-0.715264,180.0
9.8,39.96119819,-106.21647725,2481.6816000000003,4.29768,0.67056,-0.581152,180.0
9.9,39.9611978,-106.21647751,2481.6816000000003,4.29768,0.67056,-0.312928,180.0
10.0,39.96119757,-106.21647758,2481.6816000000003,4.38912,0.491744,-0.22352,180.0
10.1,39.96119729,-106.21647771,2481.6816000000003,4.38912,0.491744,-0.089408,180.0
10.2,39.96119708,-106.2164778,2481.6816000000003,4.38912,0.491744,0.0,180.0
10.3,39.96119688,-106.21647794,2481.6816000000003,4.38912,0.0,0.0,180.0
10.4,39.96119671,-106.21647798,2481.9864,4.51104,0.0,0.0,180.0
10.5,39.96119646,-106.21647802,2481.9864,4.51104,0.0,0.0,0.0
10.6,39.96119628,-106.21647807,2481.9864,4.51104,0.0,0.0,0.0
10.7,39.96119612,-106.21647828,2481.9864,4.51104,0.0,0.0,0.0
10.8,39.96119607,-106.21647836,2481.9864,4.51104,0.0,0.0,0.0
10.9,39.96119602,-106.21647844,2481.9864,4.51104,0.0,0.0,0.0
11.0,39.961196,-106.21647848,2481.9864,4.51104,0.0,0.0,0.0
11.1,39.961196,-106.2164785,2481.6816000000003,4.38912,0.491744,0.0,0.0
11.2,39.9611961,-106.21647858,2481.6816000000003,4.38912,0.0,0.0,0.0
11.4,39.96119595,-106.21647853,2481.6816000000003,4.38912,0.0,0.0,0.0
11.5,39.96119587,-106.21647848,2481.6816000000003,4.38912,0.0,0.0,0.0
11.6,39.96119566,-106.21647851,2481.6816000000003,4.38912,0.0,0.0,0.0
11.7,39.96119567,-106.21647846,2481.6816000000003,4.38912,0.0,0.0,0.0
11.8,39.96119569,-106.2164784,2481.6816000000003,4.38912,0.0,0.0,0.0
11.9,39.96119567,-106.21647831,2481.6816000000003,4.38912,0.0,0.0,0.0
12.0,39.96119561,-106.21647835,2481.6816000000003,4.38912,0.0,0.0,0.0
12.1,39.96119566,-106.21647822,2481.6816000000003,4.38912,0.0,0.0,90.0
12.2,39.96119569,-106.21647809,2481.6816000000003,4.38912,0.0,0.0,90.0
12.3,39.96119573,-106.21647794,2481.6816000000003,4.38912,0.0,0.0,90.0
12.4,39.96119576,-106.21647781,2481.6816000000003,4.38912,0.0,0.0,90.0
12.5,39.96119582,-106.21647781,2481.6816000000003,4.38912,0.0,0.0,0.0
12.6,39.96119583,-106.21647777,2481.6816000000003,4.38912,0.0,0.0,0.0
12.7,39.9611958,-106.21647778,2481.6816000000003,4.38912,0.0,0.0,0.0
12.9,39.96119566,-106.21647789,2481.6816000000003,4.38912,0.312928,0.0,0.0
13.0,39.96119567,-106.21647786,2481.6816000000003,4.38912,0.0,0.0,0.0
13.1,39.96119569,-106.21647786,2481.6816000000003,4.38912,0.0,0.0,0.0
13.2,39.96119573,-106.21647782,2481.6816000000003,4.38912,0.0,0.0,0.0
13.3,39.96119593,-106.21647782,2481.6816000000003,4.38912,0.0,0.0,0.0
13.4,39.96119601,-106.21647778,2481.6816000000003,4.38912,0.491744,0.0,0.0
13.5,39.96119609,-106.21647781,2481.6816000000003,4.38912,0.0,0.0,0.0
13.6,39.96119616,-106.21647784,2481.6816000000003,4.38912,0.0,0.0,0.0
13.7,39.96119636,-106.21647788,2481.6816000000003,4.38912,0.0,0.0,0.0
13.8,39.96119647,-106.21647789,2481.6816000000003,4.38912,0.0,0.0,0.0
14.0,39.96119654,-106.21647793,2481.6816000000003,4.38912,0.0,0.0,0.0
14.2,39.96119641,-106.21647789,2481.6816000000003,4.38912,0.0,-0.089408,0.0
14.3,39.96119643,-106.21647788,2481.6816000000003,4.38912,0.0,-0.402336,0.0
14.4,39.96119641,-106.21647786,2481.9864,4.51104,0.0,-0.804672,0.0
14.6,39.9611961,-106.21647799,2482.2912,4.78536,0.0,-1.6987519999999998,180.0
14.7,39.96119589,-106.21647788,2482.2912,4.907280000000001,0.0,-2.101088,135.0
14.8,39.96119574,-106.21647774,2482.596,5.21208,0.0,-2.503424,90.0
14.9,39.96119564,-106.21647747,2482.9008000000003,5.39496,0.0,-2.90576,90.0
15.0,39.9611954,-106.21647713,2483.2056,5.69976,0.491744,-3.308096,90.0
15.1,39.96119546,-106.21647679,2483.5104,6.00456,0.491744,-3.710432,45.0
15.2,39.96119556,-106.21647653,2483.8152,6.4008,0.0,-4.112768,45.0
15.3,39.96119569,-106.21647635,2484.4248,6.88848,0.0,-4.380992,45.0
15.4,39.96119581,-106.21647621,2484.7296,7.315200000000001,0.0,-4.604512000000001,0.0
15.5,39.96119593,-106.21647607,2485.3392000000003,7.802880000000001,0.0,-4.783328,0.0
15.6,39.96119605,-106.21647595,2485.644,8.290560000000001,0.0,-4.91744,0.0
15.7,39.96119622,-106.2164758,2486.2536,8.80872,0.0,-4.91744,0.0
15.8,39.96119637,-106.21647572,2486.8632,9.2964,0.0,-5.006848,0.0
15.900000000000002,39.9611966,-106.21647587,2487.168,9.814560000000002,0.491744,-4.783328,0.0
16.1,39.96119683,-106.21647581,2488.0824,10.78992,0.0,-4.202176,0.0
16.2,39.96119691,-106.21647575,2488.692,11.18616,0.0,-3.79984,0.0
16.3,39.96119694,-106.21647581,2488.9968000000003,11.61288,0.0,-3.308096,0.0
16.400000000000002,39.96119701,-106.21647572,2489.3016,11.8872,0.0,-2.90576,0.0
16.5,39.96119705,-106.21647564,2489.6064,12.192,0.491744,-2.503424,90.0
16.6,39.96119708,-106.21647557,2489.9112,12.4968,0.491744,-2.101088,0.0
16.7,39.96119702,-106.2164756,2490.2160000000003,12.710160000000002,0.0,-1.6987519999999998,0.0
16.8,39.96119701,-106.21647557,2490.2160000000003,12.89304,0.491744,-1.296416,0.0
17.0,39.96119694,-106.21647561,2490.5208,13.1064,0.0,-0.581152,0.0
17.1,39.96119675,-106.21647596,2490.5208,13.1064,0.0,-0.312928,0.0
17.2,39.96119665,-106.21647612,2490.5208,13.1064,0.0,-0.22352,270.0
17.400000000000002,39.96119635,-106.21647641,2490.5208,13.19784,0.0,0.0,270.0
17.5,39.9611961,-106.21647659,2490.5208,13.19784,0.0,0.0,0.0
17.6,39.96119595,-106.21647666,2490.5208,13.19784,0.0,0.0,0.0
17.7,39.96119577,-106.21647667,2490.5208,13.19784,0.0,0.0,0.0
17.8,39.96119558,-106.21647668,2490.5208,13.19784,0.0,0.0,0.0
17.900000000000002,39.96119536,-106.21647673,2490.5208,13.19784,0.0,0.0,0.0
18.0,39.96119508,-106.2164768,2490.5208,13.19784,0.0,0.0,0.0
18.1,39.96119494,-106.21647689,2490.5208,13.1064,0.491744,0.0,180.0
18.2,39.96119481,-106.21647697,2490.5208,13.1064,0.0,0.0,0.0
18.3,39.96119464,-106.21647707,2490.5208,13.19784,0.0,0.0,0.0
18.4,39.96119454,-106.21647738,2490.5208,13.1064,0.0,0.0,0.0
18.6,39.96119434,-106.21647731,2490.5208,13.1064,0.0,0.0,0.0
18.7,39.9611943,-106.21647722,2490.5208,13.1064,0.0,0.0,0.0
18.9,39.96119423,-106.21647703,2490.5208,13.1064,0.0,0.0,0.0
19.0,39.9611942,-106.21647697,2490.5208,13.1064,0.0,0.0,0.0
19.1,39.9611942,-106.21647687,2490.5208,13.014960000000002,0.0,0.0,90.0
19.2,39.96119418,-106.2164769,2490.5208,13.014960000000002,0.0,0.0,0.0
19.3,39.96119412,-106.21647682,2490.5208,13.014960000000002,0.0,0.0,0.0
19.4,39.96119408,-106.21647677,2490.5208,13.014960000000002,0.0,0.0,0.0
19.5,39.96119408,-106.21647676,2490.5208,13.014960000000002,0.0,0.0,0.0
19.6,39.96119409,-106.21647674,2490.5208,13.014960000000002,0.0,0.0,0.0
19.7,39.96119405,-106.21647697,2490.2160000000003,12.89304,0.0,0.0,0.0
19.8,39.96119407,-106.21647699,2490.2160000000003,12.89304,0.0,0.0,0.0
19.9,39.96119407,-106.21647702,2490.2160000000003,12.89304,0.0,0.0,0.0
20.0,39.96119409,-106.21647706,2490.2160000000003,12.8016,0.0,0.0,0.0
20.1,39.96119414,-106.21647724,2490.2160000000003,12.8016,0.0,0.0,0.0
20.2,39.96119423,-106.21647726,2490.2160000000003,12.8016,0.0,0.0,0.0
20.3,39.96119435,-106.21647725,2490.2160000000003,12.89304,0.0,0.0,0.0
20.4,39.96119445,-106.21647723,2490.2160000000003,12.89304,0.0,0.0,0.0
20.5,39.96119438,-106.21647732,2490.2160000000003,12.710160000000002,0.0,0.0,0.0
20.6,39.96119442,-106.21647732,2490.2160000000003,12.710160000000002,0.0,0.0,0.0
20.7,39.96119446,-106.2164773,2490.2160000000003,12.8016,0.0,-0.089408,0.0
20.8,39.9611945,-106.21647726,2490.2160000000003,12.8016,0.0,0.0,0.0
20.9,39.96119446,-106.21647729,2490.2160000000003,12.710160000000002,0.0,0.0,0.0
21.0,39.96119453,-106.21647724,2489.9112,12.58824,0.0,0.0,0.0
21.1,39.96119459,-106.21647722,2489.9112,12.58824,0.0,0.0,0.0
21.2,39.96119463,-106.2164772,2490.2160000000003,12.710160000000002,0.0,-0.089408,0.0
21.3,39.96119467,-106.21647715,2490.2160000000003,12.710160000000002,0.0,-0.089408,0.0
21.5,39.96119464,-106.21647713,2490.2160000000003,12.710160000000002,0.0,-0.089408,0.0
21.7,39.9611949,-106.21647691,2490.2160000000003,12.710160000000002,0.0,-0.089408,0.0
21.8,39.96119496,-106.21647683,2489.9112,12.58824,0.0,0.0,0.0
21.9,39.96119501,-106.21647679,2490.2160000000003,12.710160000000002,0.0,-0.089408,0.0
22.0,39.96119506,-106.21647676,2490.2160000000003,12.8016,0.0,-0.22352,0.0
22.1,39.96119513,-106.21647673,2490.2160000000003,12.710160000000002,0.0,-0.089408,0.0
22.2,39.96119517,-106.21647673,2489.9112,12.58824,0.0,-0.089408,0.0
22.3,39.9611951,-106.21647684,2489.9112,12.58824,0.0,-0.089408,0.0
22.4,39.96119505,-106.21647696,2490.2160000000003,12.710160000000002,0.0,-0.089408,0.0
22.5,39.96119508,-106.21647706,2490.2160000000003,12.8016,0.0,-0.22352,0.0
22.7,39.96119508,-106.21647732,2490.5208,13.014960000000002,0.0,-0.22352,0.0
22.9,39.96119511,-106.21647736,2490.2160000000003,12.8016,0.0,-0.089408,0.0
23.0,39.9611951,-106.21647737,2490.2160000000003,12.8016,0.0,-0.089408,0.0
23.1,39.96119486,-106.21647733,2490.2160000000003,12.8016,0.0,0.0,0.0
23.3,39.96119495,-106.21647734,2490.5208,13.014960000000002,0.0,-0.089408,0.0
23.5,39.96119505,-106.21647745,2490.2160000000003,12.89304,0.0,0.0,0.0
23.6,39.96119511,-106.21647745,2490.2160000000003,12.8016,0.0,0.0,0.0
23.7,39.96119513,-106.21647742,2490.2160000000003,12.8016,0.0,0.0,0.0
23.8,39.96119517,-106.21647738,2490.2160000000003,12.8016,0.0,0.0,0.0
23.9,39.96119515,-106.21647741,2490.2160000000003,12.710160000000002,0.0,0.0,0.0
24.0,39.96119518,-106.21647738,2490.2160000000003,12.710160000000002,0.0,0.0,0.0
24.2,39.9611952,-106.2164772,2490.2160000000003,12.8016,0.0,-0.089408,0.0
24.4,39.96119535,-106.21647675,2490.2160000000003,12.89304,0.357632,-0.089408,90.0
24.5,39.9611954,-106.21647655,2490.5208,13.014960000000002,0.44704,-0.089408,90.0
24.6,39.96119544,-106.21647638,2490.5208,13.014960000000002,0.0,0.0,90.0
24.7,39.96119549,-106.21647623,2490.5208,13.1064,0.0,-0.089408,90.0
24.8,39.96119538,-106.21647619,2490.5208,13.19784,0.0,-0.089408,0.0
24.9,39.96119536,-106.21647618,2490.8256,13.289280000000002,0.0,0.0,0.0
25.0,39.96119534,-106.2164762,2490.8256,13.289280000000002,0.0,0.0,0.0
25.1,39.96119534,-106.21647622,2490.8256,13.289280000000002,0.0,0.0,0.0
25.2,39.96119521,-106.21647641,2490.8256,13.289280000000002,0.0,0.0,0.0
25.4,39.96119527,-106.21647657,2490.8256,13.289280000000002,0.0,0.0,0.0
25.5,39.96119533,-106.21647663,2490.8256,13.289280000000002,0.0,0.0,0.0
25.6,39.96119543,-106.21647688,2490.8256,13.50264,0.0,0.0,0.0
25.7,39.96119545,-106.21647702,2490.8256,13.50264,0.0,0.0,0.0
25.8,39.96119543,-106.21647719,2491.1304,13.594080000000002,0.0,0.0,0.0
25.9,39.96119542,-106.21647736,2490.8256,13.50264,0.0,0.0,270.0
26.0,39.96119542,-106.21647751,2490.8256,13.4112,0.0,0.089408,270.0
26.1,39.96119542,-106.21647768,2490.8256,13.50264,0.0,0.089408,270.0
26.2,39.96119544,-106.21647778,2490.8256,13.289280000000002,0.0,0.089408,270.0
26.3,39.96119546,-106.2164779,2490.8256,13.4112,0.0,0.089408,0.0
26.5,39.96119559,-106.21647816,2490.5208,13.19784,0.0,0.089408,0.0
26.6,39.96119563,-106.2164782,2490.5208,13.19784,0.0,0.089408,0.0
26.7,39.96119562,-106.21647819,2490.5208,13.19784,0.0,0.0,0.0
26.8,39.96119558,-106.21647814,2490.5208,13.1064,0.491744,0.089408,0.0
26.9,39.9611953,-106.21647805,2490.5208,13.1064,0.0,0.0,0.0
27.0,39.96119522,-106.21647795,2490.5208,13.1064,0.491744,0.0,0.0
27.1,39.96119519,-106.21647785,2490.5208,13.014960000000002,0.0,0.0,0.0
27.2,39.96119516,-106.21647775,2490.5208,13.1064,0.0,0.0,0.0
27.3,39.96119509,-106.21647764,2490.5208,13.19784,0.0,0.0,90.0
27.4,39.96119511,-106.21647748,2490.5208,13.19784,0.0,0.0,90.0
27.5,39.96119521,-106.21647724,2490.5208,13.19784,0.0,0.0,90.0
27.6,39.9611953,-106.21647699,2490.5208,13.19784,0.0,0.0,90.0
27.7,39.96119536,-106.21647673,2490.5208,13.19784,0.0,0.0,90.0
27.8,39.96119543,-106.21647658,2490.5208,13.19784,0.0,0.0,90.0
28.0,39.96119543,-106.21647633,2490.8256,13.289280000000002,0.312928,0.0,90.0
28.1,39.96119553,-106.21647621,2490.8256,13.289280000000002,0.312928,0.0,0.0
28.2,39.96119547,-106.21647632,2490.8256,13.50264,0.0,0.0,0.0
28.3,39.96119564,-106.21647624,2490.8256,13.50264,0.0,0.0,0.0
28.5,39.96119606,-106.21647613,2491.1304,13.594080000000002,0.0,0.0,0.0
28.6,39.96119646,-106.21647623,2490.8256,13.50264,0.0,0.0,0.0
28.8,39.96119688,-106.21647619,2491.1304,13.68552,0.312928,0.0,0.0
29.0,39.96119722,-106.2164764,2491.1304,13.594080000000002,0.22352,0.089408,0.0
29.2,39.96119759,-106.2164769,2491.1304,13.594080000000002,0.22352,0.089408,0.0
29.3,39.96119765,-106.21647686,2491.1304,13.594080000000002,0.312928,0.089408,0.0
29.4,39.96119771,-106.21647679,2491.1304,13.68552,0.0,0.089408,0.0
29.5,39.96119776,-106.21647666,2491.1304,13.594080000000002,0.0,0.22352,0.0
29.6,39.96119782,-106.2164766,2491.1304,13.68552,0.0,0.089408,0.0
29.7,39.96119782,-106.21647661,2490.8256,13.50264,0.0,0.22352,0.0
29.8,39.96119781,-106.21647663,2491.1304,13.68552,0.0,0.089408,0.0
29.9,39.96119765,-106.21647694,2491.1304,13.594080000000002,0.0,0.089408,0.0
30.0,39.96119756,-106.21647702,2490.8256,13.50264,0.0,0.089408,180.0
30.1,39.96119738,-106.21647712,2490.8256,13.50264,0.0,0.089408,180.0
30.2,39.9611972,-106.21647724,2490.8256,13.50264,0.0,0.089408,225.0
30.3,39.96119692,-106.21647776,2490.8256,13.4112,0.67056,0.089408,225.0
30.4,39.96119679,-106.21647796,2490.8256,13.289280000000002,0.67056,0.089408,225.0
30.5,39.96119664,-106.21647814,2490.8256,13.289280000000002,0.0,0.089408,270.0
30.6,39.96119654,-106.21647827,2490.8256,13.289280000000002,0.0,0.0,0.0
30.8,39.96119628,-106.2164787,2490.5208,13.19784,0.0,0.089408,0.0
30.9,39.96119632,-106.21647864,2490.5208,13.1064,0.0,0.089408,0.0
31.0,39.96119636,-106.21647855,2490.5208,13.19784,0.0,0.0,0.0
31.1,39.9611964,-106.21647815,2490.5208,13.1064,0.0,0.0,90.0
31.2,39.96119639,-106.21647796,2490.5208,13.1064,0.0,0.0,90.0
31.4,39.96119621,-106.21647761,2490.2160000000003,12.89304,0.0,0.0,158.19859051364824
31.5,39.96119585,-106.21647746,2490.5208,13.014960000000002,0.0,0.0,180.0
31.7,39.96119391,-106.21647733,2490.2160000000003,12.89304,0.89408,0.0,180.0
31.8,39.96119252,-106.21647734,2490.5208,13.014960000000002,1.251712,0.0,180.0
31.9,39.96119031,-106.21647743,2490.5208,13.014960000000002,2.01168,0.0,180.0
32.0,39.96118756,-106.21647765,2490.5208,13.014960000000002,2.771648,0.0,180.0
32.099999999999994,39.96118456,-106.21647778,2490.5208,13.014960000000002,3.218688,0.0,181.50743575877496
32.2,39.9611813,-106.21647792,2490.5208,13.014960000000002,3.486912,0.0,181.3169124057933
32.3,39.96117719,-106.21647811,2490.5208,13.1064,4.068064,0.0,181.193489423982
32.4,39.9611732,-106.21647832,2490.5208,13.014960000000002,4.515104,0.0,181.0912162252626
32.5,39.9611677,-106.21647871,2490.5208,13.1064,5.275072000000001,0.0,181.00508600525416
32.599999999999994,39.96116272,-106.21647904,2490.5208,13.19784,5.81152,-0.089408,182.32781508904117
32.7,39.96115735,-106.21647926,2490.8256,13.289280000000002,5.722112,-0.089408,182.1692575897285
32.8,39.9611519,-106.21647951,2490.8256,13.289280000000002,5.990336,-0.089408,182.0309142368531
32.9,39.96114563,-106.21647985,2490.8256,13.4112,6.526784,0.0,181.9091524329964
33.2,39.96112599,-106.21648099,2490.8256,13.4112,7.197344,0.0,182.2906100426385
33.3,39.96111892,-106.21648121,2490.8256,13.4112,7.420864000000001,0.0,182.2147551273192
33.4,39.96111171,-106.21648155,2490.8256,13.50264,7.957312,0.0,182.10994284813324
33.5,39.96110372,-106.21648196,2490.8256,13.4112,8.449055999999999,0.0,182.0350344568599
33.599999999999994,39.96109584,-106.21648237,2490.8256,13.4112,8.851392,0.089408,182.50162281428177
33.7,39.96108715,-106.21648299,2490.8256,13.4112,9.209024,0.0,182.3970285300596
33.9,39.9610691,-106.21648413,2490.8256,13.289280000000002,9.924288,0.089408,182.24086549921356
34.0,39.96106008,-106.21648471,2490.8256,13.289280000000002,10.0584,0.0,182.6573906829055
34.099999999999994,39.96104788,-106.21648554,2490.8256,13.289280000000002,11.801856,0.089408,182.56030089390865
34.2,39.96103826,-106.21648619,2490.8256,13.289280000000002,12.159488,0.0,182.48955292199915
34.3,39.9610271,-106.21648695,2490.5208,13.19784,11.578335999999998,0.0,182.4041360537537
34.4,39.96101728,-106.21648761,2490.5208,13.1064,11.667744,0.089408,182.79794347249643
34.5,39.96100587,-106.21648836,2490.5208,13.014960000000002,11.801856,0.089408,182.70651286770283
34.599999999999994,39.96099554,-106.21648907,2490.5208,13.014960000000002,12.114784,0.089408,182.6394261379073
34.7,39.96098379,-106.21648992,2490.2160000000003,12.89304,12.2936,0.0,182.5755825563163
34.8,39.96097233,-106.21649077,2490.5208,13.014960000000002,12.919455999999998,0.0,183.10452590926437
34.9,39.96095999,-106.2164917,2490.2160000000003,12.89304,13.277088,0.0,183.05288251479243
35.0,39.96094809,-106.21649255,2490.2160000000003,12.89304,13.500608,0.0,182.9834000322281
35.099999999999994,39.96093466,-106.21649353,2490.2160000000003,12.89304,14.08176,0.0,183.2913398118137
35.2,39.96092299,-106.21649438,2490.2160000000003,12.89304,13.992352,0.0,183.2397002961021
35.3,39.96091006,-106.21649533,2490.2160000000003,12.8016,13.679424,0.0,183.19953970956252
35.5,39.96088454,-106.21649712,2490.2160000000003,12.710160000000002,14.260576,0.0,183.13160136062103
35.599999999999994,39.96087157,-106.2164981,2490.2160000000003,12.8016,14.30528,-0.089408,183.0940580589171
35.7,39.96085699,-106.21649919,2490.2160000000003,12.710160000000002,15.333472,0.0,183.4064437549947
35.8,39.96084413,-106.21650013,2490.2160000000003,12.710160000000002,15.288768,-0.089408,183.38633432878368
35.9,39.9608293,-106.21650131,2490.2160000000003,12.8016,15.42288,-0.089408,183.0127875041833
36.0,39.9608165,-106.21650231,2490.2160000000003,12.710160000000002,15.378176,-0.089408,183.3177811683348
36.1,39.96080219,-106.21650338,2490.2160000000003,12.710160000000002,15.109951999999998,-0.089408,183.3177811683348
36.2,39.9607885,-106.21650443,2490.2160000000003,12.710160000000002,15.601696,-0.089408,183.29870086116415
36.3,39.96077301,-106.21650563,2490.2160000000003,12.710160000000002,16.227552,-0.22352,183.26119043368905
36.4,39.9607599,-106.21650668,2490.2160000000003,12.710160000000002,15.914624,-0.22352,183.26119043368905
36.5,39.96074457,-106.21650791,2490.2160000000003,12.710160000000002,15.825216,-0.22352,183.24275297762267
36.6,39.96073114,-106.21650899,2490.2160000000003,12.710160000000002,16.004032,-0.22352,183.2154839917482
36.7,39.96071464,-106.21651018,2490.2160000000003,12.710160000000002,16.674591999999997,-0.22352,183.5362533885217
36.8,39.96070012,-106.21651135,2490.2160000000003,12.8016,17.255744,-0.22352,183.5362533885217
36.9,39.96068474,-106.21651267,2490.2160000000003,12.8016,16.674591999999997,-0.22352,183.51654749633545
37.0,39.9606715,-106.21651384,2490.2160000000003,12.8016,15.959328,-0.22352,183.9946170081481
37.1,39.96065679,-106.21651525,2490.2160000000003,12.89304,15.556992,-0.22352,183.97249594075063
37.2,39.96064344,-106.21651654,2490.2160000000003,12.8016,15.6464,-0.22352,184.28915332881903
37.3,39.96062859,-106.21651801,2490.5208,13.014960000000002,15.735808,-0.22352,184.2655440535205
37.4,39.96061444,-106.21651942,2490.2160000000003,12.89304,16.182848,-0.089408,184.2655440535205
37.5,39.96059957,-106.21652093,2490.2160000000003,12.8016,16.182848,-0.089408,184.2655440535205
37.7,39.96057073,-106.21652379,2490.2160000000003,12.8016,16.227552,-0.089408,184.23061260314412
37.8,39.96055665,-106.21652517,2490.2160000000003,12.89304,15.959328,-0.089408,184.23061260314412
37.9,39.96054133,-106.21652666,2490.2160000000003,12.89304,16.406368,-0.22352,183.91824886406735
38.0,39.96052661,-106.21652814,2490.2160000000003,12.89304,16.719296,-0.089408,183.91824886406735
38.1,39.9605106,-106.21652957,2490.2160000000003,12.89304,17.121631999999998,-0.089408,183.91824886406735
38.3,39.96048152,-106.21653215,2490.5208,13.014960000000002,16.764,-0.089408,183.95061813834184
38.4,39.96046845,-106.21653313,2490.5208,13.014960000000002,15.6464,-0.089408,183.95061813834184
38.6,39.96043948,-106.21653612,2490.5208,13.014960000000002,15.601696,0.0,184.9216622861952
38.7,39.96042383,-106.21653806,2490.5208,13.014960000000002,16.585184,0.0,185.71059313749964
38.8,39.96041035,-106.21654006,2490.5208,13.014960000000002,16.272256,0.0,186.88719365587335
38.9,39.96039567,-106.21654268,2490.5208,13.014960000000002,15.780511999999998,-0.089408,188.6973687640139
39.0,39.96038187,-106.21654562,2490.5208,13.014960000000002,16.004032,-0.089408,190.2903154572812
39.1,39.96036752,-106.21654923,2490.5208,13.1064,15.86992,-0.089408,192.278765370963
39.2,39.96035171,-106.21655423,2490.5208,13.1064,17.166335999999998,-0.089408,193.9957517576972
39.3,39.9603373,-106.21655908,2490.5208,13.19784,17.300448,-0.089408,195.85192815428692
39.4,39.96032486,-106.21656375,2490.5208,13.19784,15.467584,-0.089408,197.12804747359667
39.5,39.96031183,-106.21656954,2490.5208,13.19784,14.841728000000002,0.0,198.8816904869374
39.6,39.9603009,-106.21657486,2490.8256,13.289280000000002,14.126464,0.0,200.5981744616329
39.7,39.96028996,-106.21658164,2490.8256,13.4112,13.18768,-0.089408,201.73229518994304
39.8,39.96027879,-106.21658783,2490.8256,13.4112,13.455904,0.0,203.39945131923915
39.9,39.96026713,-106.21659482,2490.8256,13.4112,13.85824,0.0,205.31775071878857
40.0,39.96025759,-106.21660099,2490.8256,13.50264,13.053568,0.0,207.2995722113328
40.1,39.96024767,-106.21660832,2490.8256,13.50264,12.248895999999998,0.0,209.15889189711024
40.2,39.96023916,-106.21661472,2490.8256,13.50264,11.801856,0.0,210.73548770192008
40.3,39.96023032,-106.21662193,2491.1304,13.594080000000002,11.265408,0.0,212.79088024150371
40.4,39.96022243,-106.21662883,2491.1304,13.594080000000002,11.086592,0.0,214.2236565651939
40.5,39.960216,-106.21663551,2491.1304,13.594080000000002,9.83488,0.0,216.21309649317607
40.6,39.96020926,-106.21664228,2491.1304,13.594080000000002,9.298432,0.0,217.92107839538775
40.7,39.9602025,-106.2166494,2491.1304,13.594080000000002,9.566656,0.0,219.3474965142897
40.8,39.96019643,-106.21665616,2491.1304,13.68552,9.253728,0.089408,220.91438322002512
40.9,39.96019012,-106.21666329,2491.1304,13.68552,9.074912,0.089408,222.6408338674184
41.0,39.96018466,-106.21666989,2491.1304,13.68552,8.761984,0.089408,223.4151456069495
41.1,39.96017922,-106.21667677,2491.1304,13.594080000000002,8.359648,0.22352,224.26860424690247
41.2,39.96017494,-106.2166824,2491.1304,13.594080000000002,7.59968,0.22352,226.30789560166377
41.3,39.96017068,-106.21668821,2490.8256,13.50264,6.795007999999999,0.22352,226.974934010882
41.4,39.96016715,-106.21669279,2490.8256,13.50264,6.169152,0.22352,227.4366482468101
41.5,39.9601636,-106.21669784,2490.8256,13.50264,5.677408,0.22352,228.63818657786464
41.6,39.96016056,-106.21670234,2490.8256,13.50264,5.453887999999999,0.089408,229.73343833057547
41.7,39.96015771,-106.21670674,2490.8256,13.4112,5.006848,0.089408,231.07245640720768
41.8,39.96015541,-106.21671003,2490.8256,13.289280000000002,4.380992,0.089408,232.8831393167297
41.9,39.96015317,-106.21671406,2490.8256,13.4112,4.02336,0.0,236.8643904512811
42.0,39.96015134,-106.21671764,2490.8256,13.4112,3.933952,0.0,239.16216805531275
42.1,39.96014979,-106.21672123,2490.8256,13.289280000000002,3.57632,0.0,241.64503821467596
42.2,39.96014878,-106.21672397,2490.8256,13.4112,3.039872,0.0,245.03721016919295
42.3,39.96014769,-106.21672723,2490.8256,13.4112,2.816352,0.0,249.67686317033707
42.4,39.96014704,-106.21672987,2490.8256,13.50264,2.68224,0.0,257.82854179141253
42.5,39.9601467,-106.21673261,2490.8256,13.50264,2.414016,0.0,264.1736579704442
42.6,39.96014668,-106.21673507,2490.8256,13.50264,2.2352,0.0,272.5448043798131
42.7,39.96014706,-106.21673771,2490.8256,13.50264,2.2352,0.0,281.82148834060723
42.8,39.96014763,-106.21673984,2491.1304,13.594080000000002,2.101088,0.0,291.8014094863518
42.9,39.96014848,-106.21674202,2491.1304,13.594080000000002,2.01168,0.0,303.340707346477
43.0,39.96014957,-106.21674396,2491.1304,13.68552,2.01168,0.0,310.7321066997092
43.1,39.96015134,-106.21674595,2491.1304,13.594080000000002,2.279904,0.0,318.1798301198642
43.2,39.96015307,-106.21674762,2491.1304,13.594080000000002,2.503424,0.0,325.43747535111817
43.3,39.96015518,-106.21674928,2491.1304,13.594080000000002,2.548128,0.0,333.434948822922
43.4,39.96015745,-106.21675072,2491.1304,13.594080000000002,2.771648,0.0,337.3801350519596
43.5,39.9601603,-106.2167518,2490.8256,13.50264,2.995168,0.089408,339.5377284765778
43.6,39.96016312,-106.21675291,2490.8256,13.4112,3.308096,0.089408,343.44292862436333
43.7,39.96016643,-106.21675411,2490.8256,13.50264,3.531616,0.0,346.130313561495
43.8,39.96016983,-106.21675514,2490.8256,13.50264,3.844544,0.0,348.3106308245608
43.9,39.96017371,-106.21675634,2490.8256,13.4112,4.157472,0.089408,350.5376777919744
44.0,39.96017759,-106.21675717,2490.8256,13.289280000000002,4.380992,0.0,352.80652994470444
44.1,39.96018228,-106.21675791,2490.8256,13.289280000000002,4.783328,0.0,354.3907255535542
44.2,39.96018658,-106.21675847,2490.8256,13.289280000000002,5.006848,0.0,355.56352551434264
44.3,39.96019238,-106.21675893,2490.8256,13.289280000000002,5.632704,0.0,355.8150838748816
44.4,39.96019726,-106.21675937,2490.5208,13.19784,5.945632,0.0,356.91781917547183
44.5,39.960203,-106.21675985,2490.5208,13.19784,5.945632,0.0,357.07502205084364
44.6,39.96020866,-106.21676022,2490.5208,13.19784,6.347968,0.0,357.9974668681731
44.7,39.96021469,-106.2167605,2490.5208,13.19784,6.526784,0.0,358.0908475670036
44.8,39.96022123,-106.21676081,2490.5208,13.1064,6.973824,-0.312928,359.2793363774824
44.9,39.96022791,-106.21676103,2490.5208,13.19784,7.331455999999999,-0.715264,359.3097228021349
45.0,39.96023419,-106.21676116,2490.5208,13.19784,7.197344,-0.983488,0.0
45.1,39.96024188,-106.2167612,2490.8256,13.289280000000002,7.778496,-1.385824,0.0
45.2,39.9602488,-106.21676118,2490.8256,13.4112,8.091424,-1.78816,0.0
45.3,39.96025714,-106.21676108,2491.1304,13.68552,8.49376,-2.279904,0.0
45.4,39.9602645,-106.21676096,2491.4352000000003,13.898880000000002,8.71728,-2.592832,0.5758175932450058
45.5,39.96027286,-106.21676082,2491.4352000000003,14.11224,8.761984,-2.90576,0.5509039792185604
45.6,39.96028117,-106.21676066,2491.74,14.29512,9.253728,-3.218688,0.5329686226542663
45.7,39.96029026,-106.21676036,2492.0448,14.69136,9.700768,-3.621024,1.2902273520604697
45.8,39.96029918,-106.21676002,2492.6544000000004,15.0876,10.013696,-4.112768,1.256285028956313
45.9,39.96030889,-106.21675958,2492.9592,15.605760000000002,10.371328,-4.515104,1.22933448647791
46.0,39.96031877,-106.21675905,2493.5688,16.09344,10.907775999999998,-4.604512000000001,1.208592432026876
46.1,39.96032942,-106.21675873,2494.1784,16.6116,11.39952,-4.69392,1.1739295443926494
46.2,39.96033876,-106.2167585,2494.4832,17.00784,11.131296,-4.69392,1.1550003680447958
46.3,39.96034942,-106.21675823,2494.788,17.49552,11.131296,-4.783328,1.1233027140754075
46.4,39.96035976,-106.21675795,2495.3976,17.89176,11.667744,-4.783328,1.1017061152063548
46.5,39.9603713,-106.21675766,2496.0072,18.50136,12.159488,-4.783328,1.5188503974351877
46.6,39.96038196,-106.21675718,2496.3120000000004,18.98904,12.338304,-4.91744,1.9233891775196523
46.7,39.96039333,-106.21675662,2496.9216,19.38528,12.248895999999998,-4.91744,2.307372996962215
46.8,39.96040428,-106.21675602,2497.5312,19.99488,12.427712,-4.91744,2.27408876872704
46.9,39.96041599,-106.21675533,2497.836,20.51304,12.606528,-4.91744,2.2497487034576125
47.0,39.96042724,-106.21675465,2498.4456,21.00072,12.785344,-4.91744,2.2180939773482464
47.1,39.96044003,-106.21675381,2499.0552,21.61032,13.366496,-5.006848,2.6025622024998256
47.3,39.96046287,-106.21675206,2500.2744,22.707600000000003,13.232384,-4.91744,2.557904550192177
47.4,39.96047425,-106.21675122,2500.5792,23.10384,12.695936,-4.91744,3.125675334938819
47.5,39.96048635,-106.21675028,2501.1888,23.71344,13.053568,-4.783328,3.104525909264339
47.7,39.96051007,-106.21674845,2502.1032,24.810720000000003,13.277088,-4.91744,3.839596337953481
47.9,39.96053435,-106.21674622,2503.0176,25.69464,13.366496,-4.91744,4.166504885548704
48.0,39.96054632,-106.21674506,2503.6272,26.30424,13.455904,-5.006848,4.139189255726194
48.1,39.96055903,-106.2167438,2504.2368,26.791920000000005,13.768832,-5.096256,3.703299029114192
48.2,39.96057141,-106.21674245,2504.8464,27.31008,13.992352,-5.006848,3.703299029114192
48.3,39.96058493,-106.21674116,2505.456,27.8892,14.439391999999998,-5.006848,3.679549238450477
48.4,39.9605967,-106.21674005,2505.7608,28.40736,14.08176,-5.006848,3.6561017173739288
48.5,39.96061011,-106.21673884,2506.3704,28.89504,14.037056,-5.006848,3.99512261862742
48.6,39.96062366,-106.21673769,2506.98,29.50464,15.020544,-5.006848,3.99512261862742
48.7,39.9606369,-106.21673642,2507.5896,30.11424,14.931136,-5.006848,4.495139612719186
48.8,39.96064951,-106.21673514,2507.8944,30.601920000000003,14.394688,-4.91744,4.495139612719186
48.9,39.96066339,-106.21673364,2508.504,31.0896,14.797024,-4.91744,4.853096386992377
49.1,39.96068923,-106.21673078,2509.4184,32.09544,14.75232,-4.783328,5.210673812179891
49.2,39.96070113,-106.2167293,2510.028,32.6136,14.037056,-4.91744,5.533262290807556
49.3,39.96071495,-106.21672751,2510.6376,33.10128,14.394688,-5.006848,5.567844682902944
49.4,39.96072675,-106.21672592,2510.9424,33.58896,14.30528,-5.006848,6.102779653655773
49.5,39.96073977,-106.21672413,2511.552,34.10712,13.85824,-5.006848,6.1604565335906045
49.7,39.96076514,-106.21672039,2512.7712,35.2044,14.30528,-5.006848,6.1604565335906045
49.8,39.96077746,-106.21671848,2513.076,35.69208,14.08176,-5.096256,6.519801751656985
49.9,39.96079045,-106.21671642,2513.6856,36.21024,14.171168,-5.006848,6.561099720548441
50.0,39.9608019,-106.2167146,2513.9904,36.69792,13.679424,-5.006848,6.922160384708832
50.1,39.96081536,-106.2167124,2514.6,37.1856,13.947648,-5.006848,7.328995714822668
50.2,39.96082765,-106.21671029,2515.2096,37.70376,14.439391999999998,-5.006848,7.872015002819808
50.3,39.96084093,-106.21670801,2515.5144,38.1,14.349984,-4.91744,8.233244960135039
50.4,39.96085346,-106.21670563,2516.1240000000003,38.58768,14.484096,-4.91744,8.64860204144668
50.5,39.96086711,-106.21670285,2516.7336,39.19728,14.707616,-4.91744,8.953704627634124
50.6,39.96087946,-106.21670018,2517.0384,39.593520000000005,14.618208,-4.69392,9.91275144672386
50.7,39.96089256,-106.21669711,2517.3432000000003,39.98976,14.349984,-4.380992,10.272208603020772
50.8,39.9609041,-106.21669434,2517.9528,40.386,13.902944,-4.202176,10.33769013356249
50.9,39.96091679,-106.2166912,2518.2576,40.812720000000006,13.679424,-4.112768,10.80161823569074
51.0,39.96092864,-106.21668823,2518.8672,41.3004,13.902944,-4.202176,10.6428707447036
51.1,39.96094078,-106.21668502,2519.172,41.6052,13.590016,-4.02336,11.078591418218082
51.2,39.9609526,-106.21668196,2519.4768,42.09288,13.590016,-3.621024,11.30993247402023
51.3,39.96096405,-106.21667897,2519.7816000000003,42.39768,13.18768,-3.218688,11.675386069063222
51.5,39.96098478,-106.21667327,2520.0864,42.79392000000001,12.159488,-2.279904,11.733084156412248
51.6,39.96099428,-106.21667059,2520.3912,43.00728,11.444224,-1.78816,12.048351218223331
51.7,39.96100461,-106.21666765,2520.3912,43.09872000000001,11.265408,-1.385824,12.72435568542238
51.8,39.96101419,-106.21666486,2520.696,43.19016,11.310112,-0.89408,13.029194807943725
51.9,39.96102447,-106.2166618,2520.696,43.31208,11.310112,-0.491744,13.403484480272825
52.0,39.96103303,-106.21665935,2520.696,43.31208,10.72896,-0.312928,13.324531261890796
52.1,39.96104225,-106.21665642,2520.696,43.19016,10.147808,-0.089408,13.671307132195809
52.2,39.96105071,-106.21665368,2520.696,43.31208,10.103104,-0.089408,14.098930291396243
52.4,39.96106717,-106.21664817,2520.696,43.19016,9.521952,0.0,14.514266293668411
52.5,39.9610747,-106.2166455,2520.696,43.19016,9.209024,0.0,15.333284793053563
52.6,39.96108156,-106.21664299,2520.696,43.19016,8.27024,0.0,15.309273487983203
52.7,39.96108854,-106.21664027,2520.696,43.19016,8.002016,0.0,15.629595589780592
52.8,39.9610949,-106.21663772,2520.696,43.19016,7.733792,0.0,16.467546793002725
52.9,39.96110133,-106.21663514,2520.696,43.31208,7.420864000000001,0.0,16.699244233993625
53.0,39.96110713,-106.21663277,2520.696,43.31208,7.15264,0.0,16.735995851476048
53.1,39.96111277,-106.21663047,2520.696,43.31208,6.660896,0.0,17.79120310874663
53.2,39.96111784,-106.21662835,2520.696,43.40352000000001,6.25856,0.0,17.35402463626133
53.3,39.96112288,-106.21662644,2521.0008000000003,43.49496,5.900928,0.0,18.292775964565067
53.4,39.96112715,-106.21662459,2521.0008000000003,43.49496,5.409184,0.0,18.434948822922024
53.5,39.96113153,-106.21662259,2521.0008000000003,43.586400000000005,5.096256,0.0,19.551995173240584
53.6,39.96113547,-106.21662075,2521.0008000000003,43.586400000000005,4.91744,0.0,19.617879408118256
53.7,39.96113941,-106.21661906,2521.0008000000003,43.70832,4.604512000000001,0.0,20.95577673063218
53.8,39.96114295,-106.21661733,2521.0008000000003,43.70832,4.380992,0.0,21.345786649089742
53.9,39.9611464,-106.21661549,2521.3056,43.79976,4.157472,0.0,20.942650549988286
54.0,39.96114946,-106.21661381,2521.3056,43.79976,3.933952,0.0,22.72973207994471
54.1,39.96115308,-106.21661196,2521.3056,43.891200000000005,3.978656,0.0,23.40468955103233
54.2,39.9611556,-106.21661056,2521.3056,43.891200000000005,3.621024,0.0,24.227745317954145
54.3,39.9611582,-106.21660907,2521.3056,43.891200000000005,3.084576,0.089408,24.057349450011717
54.4,39.9611602,-106.21660785,2521.3056,43.891200000000005,2.771648,0.089408,27.030860259843
54.5,39.96116211,-106.21660665,2521.3056,43.891200000000005,2.414016,0.089408,26.053495310490973
54.6,39.9611637,-106.21660555,2521.3056,43.891200000000005,2.190496,0.22352,27.75854060106002
54.7,39.96116522,-106.21660447,2521.3056,43.891200000000005,2.01168,0.22352,27.89727103094765
54.8,39.96116644,-106.21660354,2521.3056,43.891200000000005,1.78816,0.22352,30.65066795705286
54.9,39.96116748,-106.21660269,2521.3056,43.891200000000005,1.430528,0.22352,30.579226872489016
55.0,39.96116842,-106.21660197,2521.3056,43.891200000000005,1.251712,0.22352,34.508522987668414
55.1,39.96116899,-106.21660136,2521.3056,43.79976,0.938784,0.22352,39.28940686250036
55.2,39.96116936,-106.2166009,2521.3056,43.79976,0.67056,0.22352,45.0
55.3,39.96116966,-106.21660056,2521.3056,43.79976,0.491744,0.22352,45.0
55.4,39.96116997,-106.21660037,2521.3056,43.79976,0.0,0.22352,45.0
55.5,39.96117008,-106.21660016,2521.3056,43.891200000000005,0.0,0.22352,45.0
55.6,39.96117015,-106.2166,2521.3056,43.79976,0.0,0.22352,45.0
55.7,39.96117024,-106.21659985,2521.3056,43.79976,0.0,0.22352,45.0
55.8,39.96117061,-106.21659964,2521.0008000000003,43.70832,0.0,0.22352,45.0
55.9,39.9611708,-106.21659946,2521.0008000000003,43.70832,0.0,0.22352,45.0
56.0,39.96117098,-106.21659928,2521.0008000000003,43.70832,0.0,0.22352,45.0
56.1,39.96117116,-106.2165991,2521.0008000000003,43.70832,0.0,0.22352,45.0
56.2,39.96117178,-106.21659877,2521.0008000000003,43.70832,0.67056,0.089408,45.0
56.4,39.96117216,-106.21659828,2521.3056,43.79976,0.5364479999999999,0.089408,45.0
56.5,39.9611723,-106.21659807,2521.0008000000003,43.70832,0.44704,0.22352,45.0
56.6,39.96117242,-106.21659789,2521.0008000000003,43.70832,0.491744,0.089408,45.0
56.7,39.96117269,-106.21659764,2521.0008000000003,43.70832,0.0,0.089408,0.0
56.8,39.96117277,-106.21659755,2521.0008000000003,43.70832,0.0,0.22352,0.0
56.9,39.96117285,-106.21659746,2521.0008000000003,43.70832,0.0,0.22352,0.0
57.0,39.96117291,-106.21659739,2521.0008000000003,43.70832,0.0,0.089408,0.0
57.1,39.96117305,-106.21659731,2521.0008000000003,43.70832,0.0,0.089408,0.0
57.2,39.96117308,-106.21659726,2521.0008000000003,43.70832,0.0,0.22352,0.0
57.3,39.96117307,-106.21659719,2521.0008000000003,43.70832,0.0,0.089408,0.0
57.4,39.96117306,-106.21659715,2521.0008000000003,43.70832,0.0,0.22352,0.0
57.5,39.9611731,-106.21659706,2521.0008000000003,43.70832,0.0,0.22352,0.0
57.6,39.96117308,-106.21659704,2521.0008000000003,43.70832,0.0,0.089408,0.0
57.7,39.96117305,-106.21659703,2521.0008000000003,43.70832,0.0,0.089408,0.0
57.8,39.96117302,-106.21659703,2521.0008000000003,43.70832,0.0,0.089408,0.0
57.9,39.96117314,-106.21659704,2521.0008000000003,43.70832,0.0,0.089408,0.0
58.0,39.96117314,-106.2165971,2521.0008000000003,43.70832,0.0,0.089408,0.0
58.1,39.96117313,-106.2165972,2521.0008000000003,43.70832,0.0,0.089408,0.0
58.2,39.96117313,-106.21659728,2521.0008000000003,43.586400000000005,0.0,0.089408,0.0
58.3,39.96117319,-106.21659736,2521.0008000000003,43.586400000000005,0.0,0.089408,0.0
58.4,39.96117321,-106.21659739,2521.0008000000003,43.586400000000005,0.0,0.089408,0.0
58.5,39.96117326,-106.21659742,2521.0008000000003,43.586400000000005,0.0,0.089408,0.0
58.6,39.9611733,-106.21659743,2521.0008000000003,43.586400000000005,0.0,0.089408,0.0
58.7,39.9611733,-106.21659744,2521.0008000000003,43.586400000000005,0.0,0.22352,0.0
58.8,39.9611734,-106.21659745,2521.0008000000003,43.49496,0.0,0.22352,0.0
58.9,39.96117334,-106.2165975,2521.0008000000003,43.49496,0.0,0.22352,0.0
59.0,39.96117328,-106.21659754,2521.0008000000003,43.586400000000005,0.0,0.089408,0.0
59.1,39.96117325,-106.2165976,2521.0008000000003,43.49496,0.0,0.089408,0.0
59.2,39.96117325,-106.2165977,2521.0008000000003,43.49496,0.0,0.089408,0.0
59.4,39.96117315,-106.21659787,2521.0008000000003,43.49496,0.0,0.089408,0.0
59.5,39.96117316,-106.21659801,2521.0008000000003,43.49496,0.312928,0.089408,0.0
59.6,39.96117333,-106.21659827,2521.0008000000003,43.49496,0.0,0.089408,0.0
59.7,39.96117334,-106.2165984,2521.0008000000003,43.49496,0.0,0.089408,0.0
59.8,39.96117335,-106.2165985,2520.696,43.40352000000001,0.0,0.089408,0.0
59.9,39.96117335,-106.2165986,2521.0008000000003,43.49496,0.0,0.0,0.0
60.0,39.96117338,-106.21659868,2520.696,43.40352000000001,0.0,0.089408,0.0
60.1,39.96117379,-106.21659883,2520.696,43.40352000000001,0.0,0.089408,0.0
60.2,39.96117385,-106.21659886,2520.696,43.40352000000001,0.0,0.0,0.0
60.3,39.96117384,-106.21659886,2520.696,43.40352000000001,0.0,0.0,0.0
60.4,39.96117382,-106.21659885,2520.696,43.40352000000001,0.0,0.089408,0.0
60.5,39.96117383,-106.21659883,2520.696,43.40352000000001,0.0,0.0,0.0
60.7,39.96117374,-106.21659878,2520.696,43.40352000000001,0.0,0.0,0.0
60.8,39.96117368,-106.21659874,2520.696,43.40352000000001,0.0,0.0,0.0
60.9,39.96117373,-106.21659872,2520.696,43.40352000000001,0.0,0.089408,0.0
61.0,39.96117369,-106.2165987,2520.696,43.31208,0.0,0.089408,0.0
61.1,39.96117364,-106.21659871,2520.696,43.31208,0.0,0.0,0.0
61.2,39.96117359,-106.21659872,2520.696,43.31208,0.0,0.0,0.0
61.3,39.9611736,-106.21659884,2520.696,43.40352000000001,0.0,0.0,180.0
61.4,39.96117354,-106.21659887,2520.696,43.31208,0.0,0.0,0.0
61.5,39.96117348,-106.21659888,2520.696,43.40352000000001,0.0,0.0,0.0
61.6,39.96117342,-106.21659887,2520.696,43.40352000000001,0.0,0.0,0.0
61.7,39.96117338,-106.21659883,2520.696,43.40352000000001,0.0,0.0,0.0
61.8,39.96117339,-106.21659874,2520.696,43.31208,0.0,0.0,0.0
61.9,39.96117339,-106.21659863,2520.696,43.31208,0.0,0.0,0.0
62.0,39.96117341,-106.21659855,2520.696,43.40352000000001,0.0,0.0,0.0
62.1,39.96117347,-106.2165985,2520.696,43.40352000000001,0.0,0.0,0.0
62.2,39.96117365,-106.21659841,2520.696,43.40352000000001,0.0,0.0,0.0
62.3,39.96117371,-106.21659834,2520.696,43.40352000000001,0.491744,0.0,0.0
62.4,39.96117376,-106.21659829,2520.696,43.40352000000001,0.0,0.0,0.0
62.5,39.96117381,-106.21659828,2520.696,43.31208,0.0,0.0,0.0
62.6,39.96117397,-106.21659823,2520.696,43.40352000000001,0.0,0.0,0.0
62.7,39.96117398,-106.21659829,2520.696,43.40352000000001,0.0,0.0,0.0
62.8,39.96117396,-106.21659833,2520.696,43.40352000000001,0.0,0.089408,0.0
62.9,39.96117388,-106.21659834,2520.696,43.40352000000001,0.0,0.089408,0.0
63.0,39.9611738,-106.21659835,2520.696,43.40352000000001,0.0,0.089408,0.0
63.1,39.96117374,-106.21659832,2520.696,43.40352000000001,0.0,0.089408,0.0
63.2,39.96117367,-106.21659829,2520.696,43.31208,0.0,0.0,0.0
63.3,39.96117358,-106.21659831,2520.696,43.40352000000001,0.0,0.0,180.0
63.4,39.96117348,-106.21659832,2520.696,43.31208,0.0,0.0,180.0
63.5,39.96117336,-106.21659834,2520.696,43.31208,0.0,0.0,180.0
63.6,39.96117325,-106.21659838,2520.696,43.31208,0.0,0.0,180.0
63.7,39.96117316,-106.21659846,2520.696,43.31208,0.0,0.0,180.0
63.8,39.96117308,-106.21659854,2520.696,43.31208,0.0,0.0,180.0
63.89999999999999,39.96117314,-106.21659873,2520.696,43.31208,0.0,0.0,0.0
64.0,39.96117309,-106.21659881,2520.696,43.31208,0.0,0.0,0.0
64.1,39.96117302,-106.21659889,2520.696,43.31208,0.0,0.0,0.0
64.2,39.96117297,-106.21659895,2520.696,43.31208,0.0,0.0,0.0
64.3,39.96117301,-106.21659901,2520.696,43.31208,0.0,0.0,0.0
64.39999999999999,39.96117301,-106.21659906,2520.696,43.31208,0.0,0.0,0.0
64.5,39.96117301,-106.21659914,2520.696,43.19016,0.0,0.0,0.0
64.6,39.96117301,-106.21659918,2520.696,43.19016,0.0,0.0,0.0
64.7,39.96117314,-106.21659921,2520.696,43.19016,0.0,0.0,0.0
64.8,39.96117315,-106.21659925,2520.696,43.31208,0.0,0.0,0.0
64.89999999999999,39.96117315,-106.21659937,2520.696,43.19016,0.0,0.0,0.0
65.0,39.96117312,-106.21659953,2520.696,43.19016,0.0,0.0,270.0
65.1,39.96117306,-106.21659985,2520.696,43.19016,0.0,0.0,248.19859051364816
65.2,39.96117295,-106.2166001,2520.696,43.19016,0.0,0.0,248.19859051364816
65.3,39.96117282,-106.21660042,2520.3912,43.09872000000001,0.0,0.0,248.19859051364816
65.39999999999999,39.9611727,-106.21660071,2520.696,43.19016,0.491744,0.0,248.19859051364816
65.5,39.96117256,-106.21660103,2520.696,43.19016,0.67056,0.0,225.0
65.6,39.96117246,-106.21660135,2520.696,43.19016,0.0,0.0,225.0
65.7,39.96117235,-106.2166016,2520.3912,43.09872000000001,0.0,0.0,225.0
65.8,39.96117222,-106.21660185,2520.696,43.19016,0.0,0.0,201.80140948635184
65.89999999999999,39.96117201,-106.21660223,2520.696,43.19016,0.67056,0.0,225.0
66.0,39.9611719,-106.21660282,2520.696,43.19016,0.491744,0.0,225.0
66.1,39.9611716,-106.21660331,2520.696,43.19016,0.67056,0.0,225.0
66.2,39.96117131,-106.21660383,2520.3912,43.09872000000001,0.67056,0.0,232.1250163489018
66.3,39.96117105,-106.21660428,2520.696,43.19016,0.67056,0.0,240.94539590092285
66.39999999999999,39.96117079,-106.21660471,2520.696,43.19016,0.491744,0.0,234.46232220802565
66.5,39.96117054,-106.21660523,2520.696,43.31208,0.67056,0.0,225.0
66.6,39.96117035,-106.2166056,2520.696,43.31208,0.0,0.0,225.0
66.7,39.96117017,-106.21660593,2520.696,43.19016,0.0,0.0,225.0
66.8,39.96117022,-106.21660639,2520.696,43.19016,0.0,0.0,225.0
67.0,39.96117012,-106.21660671,2520.696,43.19016,0.0,0.0,0.0
67.1,39.96117008,-106.21660677,2520.696,43.31208,0.0,0.0,0.0
67.2,39.96117008,-106.21660681,2520.696,43.19016,0.0,0.0,0.0
67.3,39.96117015,-106.21660701,2520.696,43.19016,0.0,0.0,0.0
67.39999999999999,39.96117018,-106.21660709,2520.696,43.19016,0.0,0.0,0.0
67.5,39.96117016,-106.21660717,2520.696,43.19016,0.0,0.0,0.0
67.6,39.96117016,-106.21660724,2520.696,43.19016,0.0,0.0,0.0
67.7,39.96117007,-106.2166076,2520.3912,43.09872000000001,0.0,0.0,0.0
67.8,39.96117008,-106.21660771,2520.696,43.19016,0.0,0.0,0.0
67.89999999999999,39.9611701,-106.21660781,2520.696,43.19016,0.0,0.0,0.0
68.0,39.96117012,-106.21660788,2520.696,43.19016,0.0,0.0,0.0
68.1,39.96117013,-106.2166082,2520.696,43.19016,0.0,0.0,0.0
68.2,39.96117015,-106.21660827,2520.696,43.19016,0.0,0.0,0.0
68.3,39.96117017,-106.21660835,2520.696,43.19016,0.0,0.0,0.0
68.39999999999999,39.96117021,-106.21660842,2520.696,43.19016,0.0,0.0,0.0
68.5,39.9611702,-106.21660873,2520.696,43.19016,0.0,0.0,0.0
68.6,39.96117024,-106.21660877,2520.3912,43.09872000000001,0.0,0.0,0.0
68.7,39.96117028,-106.21660877,2520.696,43.19016,0.0,0.0,0.0
68.8,39.96117032,-106.21660873,2520.696,43.19016,0.0,0.0,0.0
68.89999999999999,39.96117039,-106.21660867,2520.696,43.31208,0.0,0.0,0.0
69.0,39.96117043,-106.21660871,2520.696,43.31208,0.0,0.0,0.0
69.1,39.96117043,-106.21660859,2520.696,43.31208,0.0,0.0,90.0
69.2,39.96117042,-106.21660845,2520.696,43.31208,0.0,0.0,90.0
69.3,39.96117038,-106.21660827,2520.696,43.31208,0.0,0.0,90.0
69.39999999999999,39.9611702,-106.21660808,2520.696,43.31208,0.0,0.0,90.0
69.5,39.96117016,-106.21660792,2520.696,43.31208,0.0,0.0,90.0
69.6,39.96117012,-106.21660778,2520.696,43.31208,0.0,0.0,90.0
69.7,39.96117011,-106.21660767,2520.696,43.31208,0.0,0.0,90.0
69.8,39.9611701,-106.21660761,2520.696,43.31208,0.0,0.0,90.0
70.1,39.96116989,-106.21660766,2520.696,43.31208,0.0,0.0,0.0
70.2,39.96116984,-106.21660759,2520.696,43.31208,0.0,0.0,0.0
70.3,39.96116968,-106.21660772,2520.696,43.31208,0.491744,0.0,0.0
70.39999999999999,39.96116963,-106.21660769,2520.696,43.31208,0.0,0.0,0.0
70.6,39.96116952,-106.21660762,2520.696,43.31208,0.312928,0.0,0.0
70.7,39.96116944,-106.21660772,2520.696,43.19016,0.0,0.0,0.0
70.8,39.96116943,-106.21660768,2520.696,43.31208,0.0,0.0,0.0
70.89999999999999,39.96116942,-106.2166076,2520.696,43.31208,0.0,0.0,0.0
71.0,39.96116941,-106.21660753,2520.696,43.31208,0.0,0.0,0.0
71.1,39.96116935,-106.21660749,2520.696,43.19016,0.0,0.0,0.0
71.2,39.96116932,-106.21660741,2520.696,43.19016,0.0,0.0,0.0
71.3,39.96116928,-106.21660728,2520.696,43.19016,0.0,0.0,0.0
71.39999999999999,39.96116926,-106.21660715,2520.696,43.31208,0.0,0.0,0.0
71.5,39.96116913,-106.21660691,2520.696,43.31208,0.0,0.0,0.0
71.6,39.96116911,-106.21660681,2520.696,43.19016,0.0,0.0,0.0
71.7,39.96116912,-106.21660676,2520.696,43.19016,0.0,0.0,0.0
71.8,39.96116914,-106.21660673,2520.696,43.31208,0.0,0.0,0.0
71.89999999999999,39.96116917,-106.21660669,2520.696,43.31208,0.0,0.0,0.0
72.0,39.96116927,-106.21660678,2520.696,43.19016,0.0,0.0,0.0
72.1,39.96116928,-106.21660683,2520.696,43.19016,0.0,0.0,0.0
72.2,39.96116928,-106.21660687,2520.696,43.19016,0.0,0.0,0.0
72.3,39.96116923,-106.21660687,2520.696,43.31208,0.0,0.0,0.0
72.39999999999999,39.96116909,-106.21660704,2520.696,43.19016,0.0,0.0,0.0
72.5,39.96116903,-106.2166071,2520.696,43.31208,0.0,0.0,0.0
72.6,39.96116899,-106.21660716,2520.696,43.19016,0.0,0.0,0.0
72.7,39.96116895,-106.21660723,2520.696,43.31208,0.0,0.0,0.0
72.8,39.96116879,-106.21660745,2520.696,43.31208,0.0,0.0,0.0
72.89999999999999,39.96116877,-106.21660745,2520.696,43.31208,0.0,0.0,0.0
73.0,39.96116877,-106.21660744,2520.696,43.31208,0.0,0.0,0.0
73.1,39.96116881,-106.21660744,2520.696,43.31208,0.0,0.0,0.0
73.2,39.96116884,-106.21660744,2520.696,43.31208,0.0,0.0,0.0
73.3,39.96116881,-106.21660743,2520.696,43.31208,0.0,0.0,0.0
73.39999999999999,39.96116878,-106.2166074,2520.696,43.31208,0.0,0.0,0.0
73.5,39.96116876,-106.21660737,2520.696,43.31208,0.0,0.0,0.0
73.6,39.96116875,-106.21660732,2520.696,43.31208,0.0,0.0,0.0
73.7,39.96116855,-106.21660734,2520.696,43.31208,0.0,0.0,0.0
73.8,39.96116853,-106.21660725,2520.696,43.31208,0.491744,0.0,90.0
73.89999999999999,39.96116851,-106.21660715,2520.696,43.31208,0.491744,0.0,90.0
74.0,39.9611685,-106.21660705,2520.696,43.31208,0.0,0.0,90.0
74.1,39.96116842,-106.21660698,2520.696,43.31208,0.0,0.0,0.0
74.2,39.96116843,-106.21660688,2520.696,43.31208,0.0,0.0,0.0
74.3,39.96116848,-106.21660679,2520.696,43.31208,0.0,0.0,0.0
74.39999999999999,39.96116853,-106.21660673,2520.696,43.31208,0.0,0.0,0.0
74.5,39.96116858,-106.21660664,2520.696,43.31208,0.0,0.0,0.0
74.6,39.9611686,-106.2166066,2520.696,43.31208,0.0,0.0,0.0
74.7,39.9611686,-106.21660657,2520.696,43.31208,0.0,0.0,0.0
74.89999999999999,39.96116851,-106.21660654,2520.696,43.31208,0.0,0.0,0.0
75.0,39.96116849,-106.21660652,2520.696,43.31208,0.0,0.0,0.0
75.1,39.96116847,-106.21660649,2520.696,43.31208,0.0,0.0,0.0
75.2,39.96116847,-106.21660646,2520.696,43.31208,0.0,0.0,0.0
75.3,39.96116855,-106.2166064,2520.696,43.31208,0.0,0.0,0.0
75.39999999999999,39.9611686,-106.21660637,2520.696,43.31208,0.0,0.0,0.0
75.5,39.96116863,-106.21660634,2520.696,43.31208,0.0,0.0,0.0
75.6,39.96116865,-106.21660631,2520.696,43.31208,0.0,0.0,0.0
75.7,39.96116861,-106.21660631,2520.696,43.31208,0.0,0.0,0.0
75.8,39.96116849,-106.21660634,2520.696,43.31208,0.491744,0.0,0.0
76.0,39.9611685,-106.21660631,2520.696,43.31208,0.0,0.0,0.0
76.1,39.96116852,-106.21660629,2520.696,43.19016,0.0,0.0,0.0
76.2,39.96116852,-106.21660636,2520.696,43.19016,0.491744,0.0,0.0
76.3,39.96116856,-106.21660632,2520.696,43.31208,0.0,0.0,0.0
76.39999999999999,39.96116861,-106.21660631,2520.696,43.31208,0.0,0.0,0.0
76.5,39.96116866,-106.21660639,2520.696,43.19016,0.0,0.0,0.0
76.6,39.96116867,-106.21660653,2520.696,43.19016,0.0,0.0,0.0
76.7,39.96116871,-106.21660661,2520.696,43.31208,0.0,0.0,0.0
76.8,39.96116874,-106.21660668,2520.696,43.19016,0.0,0.0,0.0
76.89999999999999,39.9611688,-106.21660671,2520.696,43.19016,0.0,0.0,0.0
77.0,39.96116884,-106.21660673,2520.696,43.31208,0.0,0.0,0.0
77.1,39.96116877,-106.21660678,2520.696,43.31208,0.0,0.0,0.0
77.2,39.96116881,-106.2166068,2520.696,43.31208,0.0,0.0,0.0
77.39999999999999,39.96116895,-106.21660677,2520.696,43.31208,0.0,0.0,0.0
77.5,39.96116896,-106.21660677,2520.696,43.19016,0.0,0.0,0.0
77.6,39.96116902,-106.21660679,2520.696,43.19016,0.0,0.0,0.0
77.7,39.9611691,-106.21660682,2520.696,43.19016,0.0,0.0,0.0
77.8,39.96116917,-106.21660684,2520.696,43.19016,0.0,0.0,0.0
77.89999999999999,39.96116911,-106.21660682,2520.696,43.19016,0.0,0.0,0.0
78.0,39.96116913,-106.2166068,2520.696,43.19016,0.0,0.0,0.0
78.1,39.96116916,-106.21660682,2520.696,43.19016,0.0,0.0,0.0
78.2,39.96116918,-106.21660682,2520.696,43.19016,0.0,0.0,0.0
78.3,39.96116916,-106.21660673,2520.696,43.19016,0.0,0.0,0.0
78.39999999999999,39.96116916,-106.2166067,2520.696,43.19016,0.0,0.0,0.0
78.5,39.96116917,-106.21660668,2520.696,43.19016,0.491744,0.0,0.0
78.6,39.96116918,-106.21660667,2520.696,43.19016,0.0,0.0,0.0
78.7,39.9611692,-106.21660666,2520.696,43.19016,0.0,0.0,0.0
78.8,39.96116924,-106.21660667,2520.696,43.19016,0.0,0.0,0.0
78.89999999999999,39.96116923,-106.21660665,2520.696,43.19016,0.0,0.0,0.0
79.0,39.96116923,-106.21660662,2520.696,43.19016,0.0,0.0,0.0
79.1,39.96116921,-106.2166066,2520.696,43.19016,0.0,0.0,0.0
79.2,39.96116914,-106.21660661,2520.696,43.19016,0.0,0.0,0.0
79.3,39.96116912,-106.21660656,2520.696,43.19016,0.0,0.0,0.0
79.39999999999999,39.96116911,-106.21660654,2520.696,43.19016,0.0,0.0,0.0
79.5,39.9611691,-106.21660658,2520.696,43.19016,0.0,0.0,0.0
79.6,39.96116909,-106.21660665,2520.696,43.19016,0.0,0.0,0.0
79.7,39.96116904,-106.21660669,2520.696,43.19016,0.0,0.0,0.0
79.8,39.96116901,-106.21660671,2520.696,43.19016,0.491744,0.0,0.0
79.89999999999999,39.96116897,-106.21660671,2520.696,43.19016,0.0,0.0,0.0
80.0,39.9611688,-106.21660675,2520.696,43.19016,0.0,0.0,0.0
80.1,39.96116878,-106.21660672,2520.696,43.19016,0.0,0.0,0.0
80.39999999999999,39.96116883,-106.21660662,2520.696,43.19016,0.0,0.0,0.0
80.5,39.96116876,-106.21660655,2520.696,43.19016,0.0,0.0,0.0
80.6,39.96116874,-106.21660654,2520.696,43.19016,0.0,0.0,0.0
80.7,39.9611687,-106.2166066,2520.696,43.19016,0.0,0.0,0.0
80.8,39.96116868,-106.21660665,2520.696,43.31208,0.491744,0.0,0.0
80.89999999999999,39.96116862,-106.21660683,2520.696,43.31208,0.0,0.0,0.0
81.0,39.96116863,-106.21660686,2520.696,43.19016,0.0,0.0,0.0
81.1,39.96116861,-106.21660689,2520.696,43.31208,0.0,0.0,0.0
81.2,39.96116859,-106.21660691,2520.696,43.31208,0.0,0.0,0.0
81.3,39.96116856,-106.216607,2520.696,43.31208,0.0,0.0,0.0
81.39999999999999,39.96116857,-106.21660704,2520.696,43.31208,0.0,0.0,0.0
81.5,39.96116859,-106.21660703,2520.696,43.31208,0.0,0.0,0.0
81.6,39.96116859,-106.21660701,2520.696,43.31208,0.0,0.0,0.0
81.7,39.96116846,-106.21660702,2520.696,43.19016,0.0,0.0,0.0
81.8,39.96116842,-106.21660699,2520.696,43.19016,0.0,0.0,0.0
81.89999999999999,39.96116842,-106.21660693,2520.696,43.19016,0.0,0.0,0.0
82.0,39.96116843,-106.21660686,2520.696,43.19016,0.0,0.0,0.0
82.1,39.96116833,-106.21660673,2520.696,43.31208,0.0,0.0,0.0
82.2,39.96116834,-106.21660665,2520.696,43.31208,0.0,0.0,0.0
82.3,39.96116844,-106.21660657,2520.696,43.31208,0.0,0.0,0.0
82.39999999999999,39.96116853,-106.2166065,2520.696,43.31208,0.0,0.0,0.0
82.5,39.9611686,-106.21660638,2520.696,43.31208,0.0,0.0,0.0
82.6,39.96116872,-106.21660631,2520.696,43.31208,0.0,0.0,0.0
82.7,39.96116871,-106.21660621,2520.696,43.31208,0.0,0.0,0.0
82.8,39.96116869,-106.21660615,2520.696,43.31208,0.0,0.0,0.0
82.89999999999999,39.96116863,-106.21660608,2520.696,43.31208,0.0,0.0,0.0
83.0,39.96116843,-106.21660606,2520.696,43.31208,0.0,0.0,0.0
83.1,39.96116836,-106.21660607,2520.696,43.31208,0.0,0.0,0.0
83.2,39.96116832,-106.21660611,2520.696,43.19016,0.0,0.0,0.0
83.3,39.9611683,-106.21660616,2520.696,43.31208,0.0,0.0,0.0
83.5,39.96116823,-106.2166064,2520.696,43.31208,0.0,0.0,0.0
83.6,39.96116819,-106.21660654,2520.696,43.19016,0.0,0.0,0.0
83.7,39.96116814,-106.21660662,2520.696,43.31208,0.0,0.0,0.0
83.8,39.96116805,-106.21660662,2520.696,43.31208,0.0,0.0,0.0
83.89999999999999,39.9611681,-106.21660668,2520.696,43.31208,0.0,0.0,0.0
84.0,39.96116815,-106.21660672,2520.696,43.31208,0.0,0.0,0.0
84.1,39.96116818,-106.21660672,2520.696,43.31208,0.0,0.0,0.0
84.2,39.96116823,-106.21660672,2520.696,43.19016,0.0,0.0,0.0
84.3,39.96116826,-106.21660662,2520.696,43.19016,0.491744,0.0,0.0
84.39999999999999,39.96116833,-106.21660664,2520.696,43.19016,0.0,0.0,0.0
84.5,39.96116838,-106.21660662,2520.696,43.19016,0.491744,0.0,0.0
84.6,39.96116844,-106.21660659,2520.3912,43.09872000000001,0.0,0.0,0.0
84.7,39.96116847,-106.21660655,2520.696,43.19016,0.0,0.0,0.0
84.8,39.96116853,-106.21660655,2520.696,43.19016,0.0,0.0,0.0
84.89999999999999,39.96116853,-106.21660658,2520.696,43.19016,0.0,0.0,0.0
85.0,39.96116853,-106.2166066,2520.3912,43.09872000000001,0.491744,0.0,0.0
85.1,39.96116846,-106.21660661,2520.696,43.19016,0.0,0.0,0.0
85.2,39.96116848,-106.2166066,2520.3912,43.09872000000001,0.0,0.0,0.0
85.3,39.96116852,-106.21660657,2520.3912,43.09872000000001,0.0,0.0,0.0
85.39999999999999,39.96116855,-106.21660655,2520.3912,43.09872000000001,0.0,0.0,0.0
85.5,39.96116857,-106.21660653,2520.3912,43.09872000000001,0.0,0.0,0.0
85.6,39.96116852,-106.21660648,2520.3912,43.09872000000001,0.0,0.0,0.0
85.8,39.96116853,-106.21660641,2520.3912,43.09872000000001,0.312928,0.0,0.0
85.89999999999999,39.96116855,-106.21660633,2520.3912,43.09872000000001,0.0,0.0,0.0
86.0,39.96116847,-106.21660623,2520.696,43.19016,0.0,0.0,0.0
86.1,39.96116847,-106.21660619,2520.3912,43.09872000000001,0.0,0.0,0.0
86.2,39.96116847,-106.21660615,2520.3912,43.09872000000001,0.0,0.0,0.0
86.3,39.96116848,-106.2166061,2520.3912,43.09872000000001,0.0,0.0,0.0
86.39999999999999,39.96116841,-106.21660607,2520.696,43.19016,0.0,0.0,0.0
86.5,39.96116837,-106.216606,2520.696,43.19016,0.0,0.0,0.0
86.6,39.96116833,-106.21660595,2520.3912,43.09872000000001,0.0,0.0,0.0
86.7,39.96116834,-106.21660595,2520.3912,43.09872000000001,0.0,0.0,0.0
86.8,39.96116826,-106.21660587,2520.3912,43.09872000000001,0.0,0.0,0.0
86.89999999999999,39.96116832,-106.21660586,2520.3912,43.09872000000001,0.0,0.0,0.0
87.0,39.96116838,-106.21660585,2520.3912,43.09872000000001,0.491744,0.0,0.0
87.1,39.9611685,-106.21660588,2520.3912,43.09872000000001,0.0,0.0,0.0
87.3,39.96116878,-106.21660595,2520.3912,43.09872000000001,0.312928,0.0,0.0
87.39999999999999,39.96116886,-106.21660603,2520.3912,43.09872000000001,0.0,0.0,0.0
87.5,39.96116891,-106.21660605,2520.3912,43.09872000000001,0.0,0.0,0.0
87.6,39.96116895,-106.21660606,2520.3912,43.09872000000001,0.0,0.0,0.0
87.7,39.96116878,-106.21660603,2520.3912,43.09872000000001,0.0,0.0,0.0
87.8,39.96116875,-106.21660605,2520.3912,43.09872000000001,0.0,0.0,0.0
87.89999999999999,39.96116875,-106.21660606,2520.3912,43.09872000000001,0.0,0.0,0.0
88.0,39.96116876,-106.21660605,2520.3912,43.09872000000001,0.0,0.0,0.0
88.2,39.96116871,-106.21660575,2520.3912,43.09872000000001,0.0,0.0,0.0
88.3,39.96116877,-106.21660564,2520.696,43.19016,0.0,0.0,0.0
88.39999999999999,39.96116884,-106.21660555,2520.696,43.19016,0.0,0.0,0.0
88.5,39.96116905,-106.21660525,2520.696,43.19016,0.0,0.0,0.0
88.6,39.96116913,-106.21660514,2520.3912,43.09872000000001,0.0,0.0,0.0
88.7,39.96116916,-106.21660509,2520.3912,43.09872000000001,0.0,0.0,0.0
88.8,39.96116919,-106.21660505,2520.696,43.19016,0.0,0.0,0.0
88.89999999999999,39.96116905,-106.21660505,2520.696,43.19016,0.0,0.0,0.0
89.0,39.96116903,-106.21660504,2520.696,43.19016,0.0,0.0,0.0
89.1,39.961169,-106.21660507,2520.696,43.19016,0.0,0.0,0.0
89.2,39.96116899,-106.21660512,2520.696,43.19016,0.0,0.0,0.0
89.3,39.96116898,-106.21660519,2520.696,43.19016,0.0,0.0,0.0
89.39999999999999,39.96116888,-106.21660531,2520.696,43.19016,0.0,0.0,0.0
89.5,39.96116894,-106.21660537,2520.696,43.19016,0.0,0.0,0.0
89.6,39.96116898,-106.21660542,2520.696,43.31208,0.0,0.0,0.0
89.7,39.961169,-106.21660546,2520.696,43.31208,0.0,0.0,0.0
89.8,39.96116906,-106.21660541,2520.696,43.19016,0.0,0.0,0.0
89.89999999999999,39.961169,-106.2166054,2520.696,43.19016,0.0,0.0,0.0
90.0,39.96116894,-106.21660538,2520.696,43.31208,0.0,0.0,0.0
90.1,39.96116891,-106.21660538,2520.696,43.19016,0.491744,0.0,0.0
90.2,39.96116875,-106.21660531,2520.696,43.31208,0.0,0.0,0.0
90.3,39.96116876,-106.21660537,2520.696,43.19016,0.0,0.0,0.0
90.4,39.96116876,-106.21660542,2520.696,43.19016,0.0,0.0,0.0
90.5,39.96116873,-106.21660547,2520.696,43.19016,0.0,0.0,0.0
90.6,39.9611687,-106.21660552,2520.696,43.19016,0.0,0.0,0.0
90.7,39.96116867,-106.21660554,2520.696,43.19016,0.0,0.0,0.0
90.8,39.96116867,-106.21660558,2520.696,43.19016,0.0,0.0,0.0
90.9,39.96116863,-106.21660563,2520.696,43.19016,0.0,0.0,0.0
91.0,39.96116861,-106.21660566,2520.696,43.19016,0.0,0.0,0.0
91.1,39.96116859,-106.21660555,2520.696,43.19016,0.0,0.0,0.0
91.2,39.96116859,-106.21660552,2520.696,43.19016,0.0,0.0,0.0
91.3,39.96116857,-106.21660547,2520.696,43.19016,0.0,0.0,0.0
91.4,39.96116855,-106.21660544,2520.696,43.19016,0.0,0.0,0.0
91.5,39.9611685,-106.21660536,2520.696,43.31208,0.0,0.0,0.0
91.6,39.96116852,-106.21660536,2520.696,43.19016,0.0,0.0,0.0
91.7,39.96116854,-106.21660533,2520.696,43.19016,0.0,0.0,0.0
91.8,39.96116858,-106.21660532,2520.696,43.19016,0.0,0.0,0.0
91.9,39.96116863,-106.21660531,2520.696,43.19016,0.0,0.0,0.0
92.0,39.96116868,-106.21660534,2520.696,43.19016,0.0,0.0,0.0
92.1,39.96116876,-106.21660532,2520.696,43.19016,0.0,0.0,0.0
92.2,39.96116882,-106.21660532,2520.696,43.19016,0.0,0.0,0.0
92.3,39.96116888,-106.21660525,2520.696,43.19016,0.491744,0.0,0.0
92.4,39.9611689,-106.21660526,2520.696,43.19016,0.0,0.0,0.0
92.5,39.96116891,-106.21660526,2520.696,43.19016,0.0,0.0,0.0
92.6,39.96116892,-106.21660525,2520.696,43.19016,0.0,0.0,0.0
92.7,39.96116892,-106.21660524,2520.696,43.19016,0.0,0.0,0.0
92.8,39.9611688,-106.21660518,2520.696,43.19016,0.491744,0.0,0.0
92.9,39.96116882,-106.21660516,2520.696,43.19016,0.0,0.0,0.0
93.0,39.96116885,-106.21660516,2520.696,43.19016,0.0,0.0,0.0
93.1,39.96116887,-106.21660518,2520.696,43.19016,0.0,0.0,0.0
93.2,39.96116882,-106.21660521,2520.696,43.19016,0.0,0.0,0.0
93.3,39.96116889,-106.21660529,2520.696,43.19016,0.0,0.0,0.0
93.4,39.96116895,-106.21660537,2520.696,43.19016,0.0,0.0,0.0
93.5,39.96116902,-106.21660543,2520.696,43.19016,0.0,0.0,0.0
93.6,39.96116915,-106.21660558,2520.696,43.19016,0.0,0.0,0.0
93.7,39.96116919,-106.2166056,2520.696,43.19016,0.0,0.0,0.0
93.8,39.96116924,-106.21660564,2520.696,43.19016,0.0,0.0,0.0
93.9,39.96116927,-106.2166057,2520.696,43.19016,0.0,0.0,0.0
94.0,39.9611693,-106.21660575,2520.696,43.19016,0.0,0.0,0.0
94.1,39.9611692,-106.21660577,2520.696,43.19016,0.0,0.0,0.0
94.2,39.96116917,-106.21660582,2520.696,43.19016,0.0,0.0,0.0
94.3,39.96116919,-106.21660587,2520.696,43.19016,0.0,0.0,0.0
94.4,39.9611692,-106.21660592,2520.696,43.19016,0.0,0.0,0.0
94.5,39.96116919,-106.21660596,2520.696,43.19016,0.0,0.0,0.0
94.6,39.96116918,-106.21660601,2520.696,43.19016,0.0,0.0,0.0
94.7,39.96116917,-106.21660602,2520.696,43.19016,0.0,0.0,0.0
94.8,39.96116915,-106.21660602,2520.696,43.19016,0.0,0.0,0.0
94.9,39.9611691,-106.21660597,2520.3912,43.09872000000001,0.491744,0.0,0.0
95.0,39.96116909,-106.216606,2520.696,43.19016,0.491744,0.0,0.0
95.1,39.96116909,-106.216606,2520.696,43.19016,0.0,0.0,0.0
95.2,39.96116907,-106.21660598,2520.696,43.19016,0.491744,0.0,0.0
95.3,39.96116897,-106.21660599,2520.696,43.19016,0.0,0.0,0.0
95.4,39.96116894,-106.216606,2520.696,43.19016,0.0,0.0,0.0
95.5,39.96116894,-106.21660598,2520.696,43.19016,0.0,0.0,0.0
95.6,39.96116895,-106.21660596,2520.696,43.19016,0.0,0.0,0.0
95.7,39.96116892,-106.21660592,2520.696,43.19016,0.0,0.0,0.0
95.8,39.96116886,-106.21660581,2520.696,43.19016,0.0,0.0,0.0
95.9,39.96116882,-106.2166058,2520.696,43.19016,0.0,0.0,0.0
96.0,39.96116879,-106.21660581,2520.696,43.19016,0.0,0.0,0.0
96.1,39.96116879,-106.21660581,2520.696,43.19016,0.0,0.0,0.0
96.2,39.96116876,-106.21660578,2520.696,43.31208,0.0,0.0,0.0
96.3,39.96116872,-106.21660585,2520.696,43.19016,0.0,0.0,0.0
96.4,39.96116867,-106.21660593,2520.696,43.19016,0.0,0.0,0.0
96.5,39.96116859,-106.216606,2520.696,43.19016,0.0,0.0,0.0
96.6,39.96116841,-106.2166061,2520.696,43.19016,0.0,0.0,0.0
96.7,39.96116839,-106.21660611,2520.696,43.19016,0.0,0.0,0.0
96.8,39.96116838,-106.21660611,2520.696,43.19016,0.0,0.0,0.0
96.9,39.96116835,-106.21660612,2520.696,43.19016,0.0,0.0,0.0
97.0,39.96116835,-106.21660607,2520.696,43.19016,0.491744,0.0,0.0
97.1,39.96116833,-106.21660608,2520.696,43.19016,0.0,0.0,0.0
97.2,39.96116832,-106.2166061,2520.696,43.19016,0.0,0.0,0.0
97.3,39.96116835,-106.21660611,2520.696,43.19016,0.0,0.0,0.0
97.4,39.96116837,-106.21660613,2520.696,43.19016,0.0,0.0,0.0
97.5,39.96116835,-106.21660612,2520.696,43.19016,0.0,0.0,0.0
97.6,39.96116834,-106.21660618,2520.696,43.19016,0.0,0.0,0.0
97.7,39.96116835,-106.21660629,2520.696,43.19016,0.0,0.0,0.0
97.8,39.96116837,-106.2166064,2520.696,43.19016,0.0,0.0,0.0
97.9,39.9611684,-106.21660649,2520.696,43.19016,0.0,0.0,0.0
98.0,39.96116843,-106.21660655,2520.696,43.19016,0.0,0.0,0.0
98.1,39.96116844,-106.21660663,2520.696,43.19016,0.0,0.0,0.0
98.2,39.96116845,-106.2166067,2520.696,43.19016,0.0,0.0,0.0
98.3,39.9611683,-106.21660681,2520.696,43.19016,0.0,0.0,0.0
98.4,39.96116825,-106.2166069,2520.696,43.19016,0.0,0.0,0.0
98.5,39.96116824,-106.21660694,2520.696,43.19016,0.0,0.0,0.0
98.6,39.96116823,-106.21660697,2520.696,43.19016,0.0,0.0,0.0
98.7,39.96116823,-106.21660688,2520.696,43.19016,0.0,0.0,0.0
98.8,39.96116824,-106.21660688,2520.696,43.19016,0.0,0.0,0.0
98.9,39.96116827,-106.21660688,2520.696,43.19016,0.0,0.0,0.0
99.0,39.9611683,-106.21660687,2520.696,43.19016,0.0,0.0,0.0
99.1,39.96116833,-106.21660683,2520.696,43.19016,0.0,0.0,0.0
99.2,39.96116837,-106.21660669,2520.696,43.19016,0.0,0.0,0.0
99.3,39.96116844,-106.21660665,2520.696,43.19016,0.0,0.0,0.0
99.4,39.96116851,-106.21660662,2520.696,43.19016,0.0,0.0,0.0
99.5,39.96116853,-106.21660655,2520.696,43.19016,0.0,0.0,0.0
99.6,39.96116859,-106.21660637,2520.696,43.19016,0.491744,0.0,0.0
99.7,39.96116866,-106.21660629,2520.696,43.19016,0.0,0.0,0.0
99.8,39.96116873,-106.2166062,2520.696,43.31208,0.0,0.0,0.0
99.9,39.9611688,-106.21660611,2520.696,43.19016,0.491744,0.0,0.0
100.0,39.96116891,-106.21660595,2520.696,43.31208,0.0,0.0,0.0
100.1,39.96116895,-106.21660584,2520.696,43.31208,0.0,0.0,0.0
100.2,39.96116897,-106.21660575,2520.696,43.19016,0.0,0.0,0.0
100.3,39.96116897,-106.21660567,2520.696,43.31208,0.0,0.0,0.0
100.4,39.96116892,-106.21660552,2520.696,43.19016,0.0,0.0,0.0
100.5,39.9611689,-106.2166055,2520.696,43.19016,0.0,0.0,0.0
100.6,39.9611689,-106.21660548,2520.696,43.19016,0.0,0.0,0.0
100.7,39.96116888,-106.21660547,2520.696,43.19016,0.0,0.0,0.0
100.8,39.96116887,-106.21660547,2520.696,43.19016,0.0,0.0,0.0
100.9,39.96116885,-106.21660543,2520.696,43.19016,0.0,0.0,0.0
101.0,39.96116886,-106.21660545,2520.696,43.19016,0.0,0.0,0.0
101.1,39.96116884,-106.21660547,2520.696,43.19016,0.0,0.0,0.0
101.2,39.96116881,-106.2166055,2520.696,43.19016,0.0,0.0,0.0
101.3,39.96116873,-106.21660553,2520.696,43.19016,0.0,0.0,0.0
101.4,39.96116871,-106.21660558,2520.696,43.19016,0.0,0.0,0.0
101.5,39.96116873,-106.21660565,2520.696,43.19016,0.0,0.0,0.0
101.6,39.96116874,-106.21660572,2520.696,43.19016,0.0,0.0,0.0
101.7,39.9611688,-106.21660584,2520.696,43.19016,0.0,0.0,0.0
101.8,39.96116879,-106.21660588,2520.696,43.19016,0.0,0.0,0.0
101.9,39.96116884,-106.21660589,2520.696,43.19016,0.491744,0.0,0.0
102.0,39.96116888,-106.2166059,2520.3912,43.09872000000001,0.0,0.0,0.0
102.1,39.96116899,-106.21660588,2520.696,43.19016,0.0,0.0,0.0
102.2,39.96116901,-106.21660586,2520.696,43.19016,0.0,0.0,0.0
102.3,39.96116902,-106.21660579,2520.696,43.19016,0.0,0.0,0.0
102.4,39.96116903,-106.21660574,2520.696,43.19016,0.0,0.0,0.0
102.5,39.96116902,-106.2166057,2520.696,43.19016,0.0,0.0,0.0
102.6,39.96116897,-106.21660563,2520.696,43.19016,0.0,0.0,0.0
102.7,39.96116893,-106.21660568,2520.696,43.19016,0.0,0.0,0.0
102.8,39.9611689,-106.21660574,2520.696,43.19016,0.0,0.0,0.0
102.9,39.96116889,-106.21660585,2520.696,43.19016,0.0,0.0,0.0
103.0,39.96116877,-106.21660606,2520.3912,43.09872000000001,0.0,0.0,0.0
103.1,39.96116872,-106.21660617,2520.696,43.19016,0.0,0.0,0.0
103.2,39.96116869,-106.21660624,2520.3912,43.09872000000001,0.0,0.0,0.0
103.3,39.96116869,-106.21660625,2520.3912,43.09872000000001,0.0,0.0,0.0
103.4,39.96116868,-106.21660614,2520.3912,43.09872000000001,0.0,0.0,0.0
103.5,39.96116872,-106.21660606,2520.3912,43.09872000000001,0.0,0.0,0.0
103.6,39.96116876,-106.21660599,2520.3912,43.09872000000001,0.67056,0.0,0.0
103.7,39.9611688,-106.21660589,2520.696,43.19016,0.491744,0.0,0.0
103.8,39.96116888,-106.21660559,2520.3912,43.09872000000001,0.491744,0.0,0.0
103.9,39.96116891,-106.21660551,2520.3912,43.09872000000001,0.0,0.0,0.0
104.0,39.96116893,-106.21660547,2520.3912,43.09872000000001,0.491744,0.0,0.0
104.1,39.96116897,-106.21660548,2520.3912,43.09872000000001,0.0,0.0,0.0
104.2,39.96116899,-106.21660551,2520.3912,43.09872000000001,0.0,0.0,0.0
104.3,39.96116893,-106.21660553,2520.3912,43.09872000000001,0.0,0.0,0.0
104.4,39.9611689,-106.21660558,2520.3912,43.09872000000001,0.0,0.0,0.0
104.5,39.96116886,-106.21660561,2520.3912,43.09872000000001,0.0,0.0,0.0
104.6,39.96116881,-106.21660563,2520.3912,43.09872000000001,0.0,0.0,0.0
104.7,39.96116873,-106.2166057,2520.3912,43.09872000000001,0.0,0.0,0.0
104.8,39.9611687,-106.21660575,2520.3912,43.09872000000001,0.0,0.0,0.0
104.9,39.96116866,-106.2166058,2520.3912,43.09872000000001,0.0,0.0,0.0
105.0,39.96116862,-106.21660585,2520.3912,43.09872000000001,0.0,0.0,0.0
105.1,39.96116849,-106.21660595,2520.3912,43.09872000000001,0.0,0.0,0.0
105.2,39.96116847,-106.21660604,2520.3912,43.09872000000001,0.0,0.0,0.0
105.3,39.96116848,-106.21660614,2520.3912,43.09872000000001,0.0,0.0,0.0
105.4,39.96116848,-106.21660623,2520.3912,43.09872000000001,0.0,0.0,0.0
105.5,39.96116842,-106.21660633,2520.3912,43.09872000000001,0.0,0.0,0.0
105.6,39.96116842,-106.2166064,2520.3912,43.09872000000001,0.0,0.0,0.0
105.7,39.96116839,-106.2166065,2520.3912,43.09872000000001,0.0,0.0,0.0
105.8,39.96116834,-106.21660658,2520.696,43.19016,0.0,0.0,0.0
105.9,39.96116827,-106.21660657,2520.696,43.19016,0.0,0.0,0.0
106.0,39.96116808,-106.21660651,2520.696,43.19016,0.0,0.0,0.0
106.1,39.96116803,-106.21660646,2520.696,43.19016,0.0,0.0,0.0
106.2,39.96116799,-106.21660638,2520.696,43.19016,0.0,0.0,90.0
106.3,39.96116796,-106.21660626,2520.696,43.19016,0.0,0.0,90.0
106.4,39.961168,-106.21660613,2520.696,43.19016,0.0,0.0,90.0
106.5,39.96116802,-106.21660602,2520.696,43.19016,0.0,0.0,0.0
106.6,39.96116805,-106.21660592,2520.696,43.19016,0.0,0.0,0.0
106.7,39.96116806,-106.21660585,2520.696,43.19016,0.0,0.0,0.0
106.8,39.9611681,-106.2166058,2520.696,43.19016,0.0,0.0,0.0
106.9,39.96116814,-106.21660577,2520.696,43.19016,0.0,0.0,0.0
107.0,39.96116817,-106.21660575,2520.696,43.19016,0.0,0.0,0.0
107.1,39.96116823,-106.21660576,2520.696,43.19016,0.0,0.0,0.0
107.2,39.96116838,-106.21660578,2520.696,43.31208,0.0,0.0,0.0
107.3,39.96116837,-106.21660584,2520.696,43.19016,0.0,0.0,0.0
107.4,39.96116834,-106.21660589,2520.696,43.19016,0.0,0.0,0.0
107.5,39.96116831,-106.21660596,2520.696,43.31208,0.0,0.0,0.0
107.6,39.96116829,-106.21660601,2520.696,43.31208,0.0,0.0,0.0
107.7,39.96116831,-106.21660608,2520.696,43.31208,0.0,0.0,0.0
107.8,39.96116835,-106.2166061,2520.696,43.31208,0.491744,0.0,0.0
107.9,39.96116837,-106.2166061,2520.696,43.31208,0.0,0.0,0.0
108.0,39.9611684,-106.21660611,2520.696,43.31208,0.0,0.0,0.0
108.1,39.96116843,-106.21660598,2520.696,43.31208,0.0,0.0,0.0
108.2,39.96116846,-106.21660598,2520.696,43.31208,0.0,0.0,0.0
108.3,39.96116852,-106.21660595,2520.696,43.31208,0.0,0.0,0.0
108.4,39.96116858,-106.21660592,2520.696,43.31208,0.0,0.0,0.0
108.5,39.96116862,-106.2166058,2520.696,43.31208,0.0,0.0,0.0
108.6,39.96116863,-106.2166058,2520.696,43.31208,0.0,0.0,0.0
108.7,39.96116868,-106.21660582,2520.696,43.31208,0.491744,0.0,0.0
108.8,39.96116872,-106.21660583,2520.696,43.31208,0.0,0.0,0.0
108.9,39.9611687,-106.21660586,2520.696,43.31208,0.0,0.0,0.0
109.0,39.9611687,-106.21660591,2520.696,43.31208,0.0,0.0,0.0
109.1,39.96116868,-106.21660595,2520.696,43.31208,0.0,0.0,0.0
109.2,39.96116865,-106.216606,2520.696,43.31208,0.0,0.0,0.0
109.3,39.96116858,-106.21660604,2520.696,43.31208,0.0,0.0,0.0
109.4,39.96116835,-106.21660604,2520.696,43.31208,0.0,0.0,0.0
109.5,39.96116832,-106.2166061,2520.696,43.31208,0.0,0.0,0.0
109.6,39.9611683,-106.21660613,2520.696,43.31208,0.0,0.0,0.0
109.7,39.96116828,-106.21660609,2520.696,43.31208,0.0,0.0,0.0
109.8,39.96116822,-106.216606,2520.696,43.31208,0.0,0.0,0.0
109.9,39.96116823,-106.21660596,2520.696,43.31208,0.0,0.0,0.0
110.0,39.96116824,-106.21660591,2520.696,43.31208,0.0,0.0,0.0
110.1,39.96116831,-106.21660584,2520.696,43.31208,0.0,0.0,0.0
110.2,39.96116839,-106.21660571,2520.696,43.31208,0.0,0.0,0.0
110.3,39.96116848,-106.21660561,2520.696,43.31208,0.0,0.0,0.0
110.4,39.96116855,-106.21660554,2520.696,43.31208,0.0,0.0,0.0
110.5,39.96116856,-106.2166055,2520.696,43.31208,0.0,0.0,0.0
110.6,39.9611686,-106.21660542,2520.696,43.31208,0.0,0.0,0.0
110.7,39.96116862,-106.21660539,2520.696,43.31208,0.0,0.0,0.0
110.8,39.96116863,-106.21660539,2520.696,43.31208,0.0,0.0,0.0
110.9,39.96116866,-106.21660544,2520.696,43.31208,0.0,0.0,0.0
111.0,39.96116868,-106.2166055,2520.696,43.31208,0.0,0.0,0.0
111.1,39.96116876,-106.21660552,2520.696,43.31208,0.491744,0.0,0.0
111.2,39.96116878,-106.21660558,2520.696,43.31208,0.491744,0.0,0.0
111.3,39.96116877,-106.21660569,2520.696,43.31208,0.0,0.0,0.0
111.4,39.96116877,-106.21660579,2520.696,43.31208,0.0,0.0,0.0
111.5,39.96116868,-106.21660585,2520.696,43.31208,0.0,0.0,0.0
111.6,39.96116867,-106.21660588,2520.696,43.31208,0.0,0.0,0.0
111.7,39.96116867,-106.21660592,2520.696,43.19016,0.0,0.0,0.0
111.8,39.96116865,-106.21660595,2520.696,43.31208,0.0,0.0,0.0
111.9,39.9611685,-106.21660584,2520.696,43.19016,0.0,0.0,0.0
112.0,39.96116844,-106.21660586,2520.696,43.19016,0.0,0.0,0.0
112.1,39.96116837,-106.21660592,2520.696,43.19016,0.0,0.0,0.0
112.2,39.96116832,-106.21660597,2520.696,43.19016,0.0,0.0,0.0
112.3,39.96116827,-106.21660606,2520.696,43.19016,0.0,0.0,0.0
112.4,39.96116825,-106.21660612,2520.3912,43.09872000000001,0.0,0.0,0.0
112.5,39.96116822,-106.21660617,2520.3912,43.09872000000001,0.0,0.0,0.0
112.6,39.96116821,-106.2166062,2520.696,43.19016,0.0,0.0,0.0
112.7,39.96116824,-106.2166062,2520.696,43.19016,0.0,0.0,0.0
112.8,39.96116826,-106.2166062,2520.696,43.19016,0.0,0.0,0.0
112.9,39.96116824,-106.21660615,2520.696,43.19016,0.0,0.0,0.0
113.0,39.96116824,-106.21660611,2520.696,43.19016,0.491744,0.0,0.0
113.1,39.96116826,-106.21660612,2520.696,43.19016,0.491744,0.0,0.0
113.2,39.96116827,-106.21660605,2520.696,43.19016,0.0,0.0,0.0
113.3,39.96116829,-106.21660599,2520.696,43.19016,0.491744,0.0,0.0
113.4,39.9611683,-106.21660593,2520.3912,43.09872000000001,0.0,0.0,0.0
113.5,39.96116827,-106.21660592,2520.696,43.19016,0.491744,0.0,0.0
113.6,39.96116815,-106.21660582,2520.3912,43.09872000000001,0.0,0.0,0.0
113.7,39.96116814,-106.2166058,2520.3912,43.09872000000001,0.0,0.0,0.0
113.8,39.96116813,-106.2166058,2520.696,43.19016,0.0,0.0,0.0
113.9,39.96116812,-106.21660585,2520.696,43.19016,0.0,0.0,0.0
114.0,39.96116812,-106.2166059,2520.696,43.19016,0.491744,0.0,0.0
114.1,39.96116811,-106.21660592,2520.696,43.19016,0.0,0.0,0.0
114.2,39.96116809,-106.21660594,2520.696,43.19016,0.0,0.0,0.0
114.3,39.96116809,-106.21660597,2520.696,43.19016,0.0,0.0,0.0
114.4,39.96116809,-106.216606,2520.696,43.19016,0.0,0.0,0.0
114.5,39.96116811,-106.21660597,2520.696,43.19016,0.0,0.0,0.0
114.6,39.96116812,-106.21660598,2520.696,43.19016,0.0,0.0,0.0
114.7,39.96116814,-106.21660599,2520.696,43.19016,0.0,0.0,0.0
114.8,39.96116816,-106.216606,2520.696,43.19016,0.491744,0.0,0.0
114.9,39.9611682,-106.21660605,2520.696,43.19016,0.0,0.0,0.0
115.0,39.96116822,-106.21660611,2520.696,43.19016,0.0,0.0,0.0
115.1,39.96116823,-106.21660615,2520.696,43.19016,0.0,0.0,0.0
115.2,39.96116824,-106.21660617,2520.696,43.19016,0.0,0.0,0.0
115.3,39.96116821,-106.21660608,2520.696,43.19016,0.0,0.0,0.0
115.4,39.9611682,-106.21660611,2520.696,43.19016,0.0,0.0,0.0
115.5,39.96116818,-106.21660614,2520.696,43.19016,0.0,0.0,0.0
115.6,39.96116816,-106.21660615,2520.696,43.31208,0.0,0.0,0.0
115.7,39.96116821,-106.21660607,2520.696,43.31208,0.0,0.0,0.0
115.8,39.96116822,-106.21660607,2520.696,43.31208,0.0,0.0,0.0
115.9,39.96116821,-106.21660608,2520.696,43.31208,0.0,0.0,0.0
116.0,39.96116821,-106.21660609,2520.696,43.19016,0.0,0.0,0.0
116.1,39.96116821,-106.21660597,2520.696,43.31208,0.0,0.0,0.0
116.2,39.96116823,-106.21660595,2520.696,43.31208,0.0,0.0,0.0
116.3,39.96116826,-106.21660595,2520.696,43.19016,0.0,0.0,0.0
116.4,39.9611683,-106.21660595,2520.696,43.19016,0.0,0.0,0.0
116.5,39.96116841,-106.21660586,2520.696,43.19016,0.0,0.0,0.0
116.6,39.96116862,-106.21660575,2520.696,43.19016,0.0,0.0,0.0
116.7,39.96116869,-106.21660575,2520.696,43.19016,0.0,0.0,0.0
116.8,39.96116877,-106.21660577,2520.696,43.19016,0.0,0.0,0.0
116.9,39.96116888,-106.21660578,2520.696,43.19016,0.0,0.0,0.0
117.0,39.96116894,-106.21660576,2520.696,43.19016,0.0,0.0,0.0
117.1,39.961169,-106.21660577,2520.3912,43.09872000000001,0.0,0.0,0.0
117.2,39.96116904,-106.21660578,2520.696,43.19016,0.0,0.0,0.0
117.3,39.96116911,-106.21660577,2520.696,43.19016,0.0,0.0,0.0
117.4,39.96116916,-106.21660566,2520.696,43.19016,0.0,0.0,0.0
117.5,39.96116918,-106.21660567,2520.696,43.19016,0.0,0.0,0.0
117.6,39.96116919,-106.21660567,2520.696,43.19016,0.0,0.0,0.0
117.7,39.96116921,-106.21660566,2520.696,43.19016,0.0,0.0,0.0
117.8,39.96116922,-106.21660564,2520.696,43.19016,0.0,0.0,0.0
117.9,39.96116921,-106.21660569,2520.696,43.19016,0.0,0.0,0.0
118.0,39.96116924,-106.21660569,2520.696,43.19016,0.0,0.0,0.0
118.1,39.96116923,-106.21660564,2520.696,43.19016,0.0,0.0,0.0
118.2,39.96116922,-106.21660559,2520.696,43.19016,0.0,0.0,0.0
118.3,39.96116923,-106.2166055,2520.696,43.19016,0.0,0.0,0.0
118.4,39.96116925,-106.21660544,2520.696,43.31208,0.0,0.0,0.0
118.5,39.96116926,-106.21660535,2520.696,43.31208,0.0,0.0,0.0
118.6,39.96116927,-106.21660528,2520.696,43.19016,0.0,0.0,0.0
118.7,39.96116922,-106.21660529,2520.696,43.19016,0.0,0.0,0.0
118.8,39.96116923,-106.21660528,2520.696,43.19016,0.0,0.0,0.0
118.9,39.96116924,-106.21660528,2520.696,43.19016,0.0,0.0,0.0
119.0,39.96116926,-106.21660529,2520.696,43.19016,0.0,0.0,0.0
119.1,39.96116925,-106.21660545,2520.696,43.19016,0.0,0.0,0.0
119.2,39.96116925,-106.21660552,2520.696,43.19016,0.0,0.0,0.0
119.3,39.96116924,-106.21660561,2520.696,43.19016,0.0,0.0,0.0
119.4,39.96116921,-106.21660568,2520.696,43.19016,0.0,0.0,0.0
119.5,39.96116923,-106.21660574,2520.696,43.31208,0.0,0.0,0.0
119.6,39.96116923,-106.21660575,2520.696,43.19016,0.0,0.0,0.0
119.7,39.96116923,-106.21660571,2520.696,43.31208,0.0,0.0,0.0
119.8,39.96116924,-106.21660567,2520.696,43.31208,0.0,0.0,0.0
119.9,39.96116923,-106.21660559,2520.696,43.31208,0.0,0.0,0.0
120.0,39.96116929,-106.21660535,2520.696,43.19016,0.0,0.0,0.0
120.1,39.96116927,-106.21660527,2520.696,43.31208,0.0,0.0,0.0
120.2,39.96116925,-106.21660521,2520.696,43.19016,0.0,0.0,0.0
120.3,39.96116928,-106.21660514,2520.696,43.31208,0.0,0.0,0.0
120.4,39.96116926,-106.21660504,2520.696,43.19016,0.0,0.0,0.0
120.5,39.9611693,-106.21660507,2520.696,43.19016,0.0,0.0,0.0
120.6,39.96116933,-106.21660509,2520.696,43.31208,0.0,0.0,0.0
120.7,39.96116935,-106.21660505,2520.696,43.19016,0.0,0.0,0.0
120.8,39.96116937,-106.21660502,2520.696,43.19016,0.491744,0.0,0.0
120.9,39.96116937,-106.21660507,2520.696,43.19016,0.0,0.0,0.0
121.0,39.96116937,-106.21660509,2520.696,43.19016,0.491744,0.0,0.0
121.1,39.96116935,-106.21660504,2520.696,43.19016,0.0,0.0,0.0
121.2,39.96116926,-106.2166049,2520.696,43.19016,0.0,0.0,0.0
121.3,39.96116921,-106.21660483,2520.696,43.19016,0.0,0.22352,0.0
121.4,39.96116917,-106.21660475,2520.3912,43.09872000000001,0.0,0.581152,0.0
121.5,39.96116913,-106.21660467,2520.3912,43.00728,0.0,0.983488,0.0
121.6,39.96116912,-106.21660463,2520.3912,42.88536,0.0,1.519936,0.0
121.7,39.96116917,-106.21660465,2520.0864,42.70248,0.0,2.01168,0.0
121.8,39.96116924,-106.21660468,2519.7816000000003,42.48912000000001,0.0,2.279904,0.0
121.9,39.96116941,-106.21660469,2519.4768,42.2148,0.0,2.592832,0.0
122.0,39.96116956,-106.21660471,2519.4768,41.91,0.0,2.816352,0.0
122.1,39.9611698,-106.2166048,2519.172,41.6052,0.0,2.816352,0.0
122.2,39.9611699,-106.21660483,2518.8672,41.3004,0.0,2.90576,0.0
122.3,39.96117,-106.21660483,2518.5624000000003,40.9956,0.0,2.90576,0.0
122.4,39.96117006,-106.21660484,2518.2576,40.6908,0.67056,2.90576,0.0
122.5,39.96117003,-106.21660479,2517.9528,40.386,0.0,2.995168,0.0
122.6,39.96117002,-106.2166048,2517.648,40.11168,0.0,2.995168,0.0
122.7,39.96116995,-106.21660479,2517.3432000000003,39.80688,0.0,2.995168,0.0
122.8,39.96116988,-106.21660478,2517.0384,39.50208,0.0,2.995168,0.0
122.9,39.9611698,-106.21660476,2516.7336,39.19728,0.0,2.995168,0.0
123.0,39.96116954,-106.2166047,2516.4288,38.89248,0.0,2.995168,0.0
123.1,39.96116936,-106.21660468,2516.1240000000003,38.58768,0.491744,2.995168,180.0
123.2,39.9611692,-106.21660467,2515.8192,38.31336,0.491744,2.995168,180.0
123.3,39.96116905,-106.21660464,2515.5144,38.00856,0.0,2.995168,0.0
123.4,39.96116881,-106.2166045,2515.2096,37.70376,0.0,2.995168,0.0
123.5,39.96116875,-106.21660453,2514.9048000000003,37.4904,0.0,2.995168,0.0
123.6,39.96116871,-106.21660455,2514.6,37.1856,0.0,2.995168,0.0
123.7,39.96116869,-106.21660456,2514.2952,36.91128,0.0,2.90576,0.0
123.8,39.96116882,-106.21660456,2513.9904,36.60648,0.0,2.90576,0.0
123.9,39.96116885,-106.2166046,2513.6856,36.30168,0.0,2.90576,0.0
124.0,39.9611689,-106.21660462,2513.3808,35.99688,0.0,2.90576,0.0
124.1,39.96116894,-106.21660461,2513.076,35.69208,0.0,2.90576,0.0
124.2,39.96116898,-106.21660457,2512.7712,35.38728,0.0,2.90576,0.0
124.3,39.96116908,-106.21660458,2512.4664,35.11296,0.0,2.90576,0.0
124.4,39.96116916,-106.21660459,2512.1616,34.80816,0.0,2.90576,0.0
124.5,39.96116919,-106.21660451,2511.8568,34.50336,0.0,2.90576,0.0
124.6,39.96116922,-106.21660443,2511.552,34.19856,0.0,2.90576,0.0
124.7,39.96116922,-106.21660433,2511.2472,33.89376,0.0,2.90576,0.0
124.8,39.96116924,-106.21660431,2510.9424,33.58896,0.0,2.995168,0.0
124.9,39.96116925,-106.21660434,2510.6376,33.314640000000004,0.0,2.995168,0.0
125.0,39.96116926,-106.21660438,2510.3328,33.009840000000004,0.0,2.995168,0.0
125.1,39.96116929,-106.21660451,2510.028,32.705040000000004,0.0,2.995168,0.0
125.2,39.9611693,-106.21660457,2509.7232,32.400240000000004,0.0,2.995168,0.0
125.3,39.96116932,-106.21660458,2509.4184,32.09544,0.0,2.90576,0.0
125.4,39.96116934,-106.2166046,2509.1136,31.79064,0.0,2.90576,0.0
125.5,39.96116943,-106.21660456,2509.1136,31.607760000000003,0.0,2.90576,0.0
125.6,39.96116946,-106.2166046,2508.504,31.211520000000004,0.0,2.90576,0.0
125.7,39.96116947,-106.21660467,2508.1992,30.906720000000004,0.0,2.90576,0.0
125.8,39.96116948,-106.21660473,2508.1992,30.69336,0.0,2.90576,0.0
125.9,39.96116955,-106.2166046,2507.5896,30.297120000000003,0.0,2.90576,0.0
126.0,39.96116959,-106.21660455,2507.2848,29.992320000000003,0.0,2.90576,0.0
126.1,39.96116955,-106.21660456,2506.98,29.687520000000003,0.0,2.995168,0.0
126.2,39.9611695,-106.21660456,2506.6752,29.4132,0.0,2.90576,0.0
126.3,39.96116951,-106.21660454,2506.6752,29.19984,0.0,2.90576,0.0
126.4,39.96116946,-106.21660449,2506.3704,28.89504,0.0,2.90576,0.0
126.5,39.96116949,-106.21660448,2506.0656,28.59024,0.0,2.90576,0.0
126.6,39.96116952,-106.21660446,2505.7608,28.194000000000003,0.491744,2.90576,0.0
126.7,39.96116947,-106.21660441,2505.456,27.8892,0.0,2.995168,0.0
126.8,39.96116945,-106.21660427,2505.1512,27.61488,0.0,2.90576,0.0
126.9,39.96116949,-106.21660425,2504.8464,27.40152,0.0,2.90576,0.0
127.0,39.96116952,-106.21660423,2504.5416,27.00528,0.0,2.90576,0.0
127.1,39.96116955,-106.2166042,2504.2368,26.70048,0.0,2.995168,0.0
127.2,39.96116966,-106.21660412,2503.932,26.39568,0.0,2.90576,0.0
127.3,39.96116966,-106.21660402,2503.6272,26.09088,0.0,2.995168,0.0
127.4,39.96116967,-106.21660395,2503.3224,25.78608,0.0,2.816352,0.0
127.5,39.96116969,-106.21660392,2503.0176,25.51176,0.491744,2.68224,0.0
127.6,39.96116971,-106.21660376,2502.7128,25.2984,0.0,2.592832,0.0
127.7,39.96116964,-106.21660375,2502.408,24.9936,0.0,2.816352,180.0
127.8,39.96116956,-106.21660376,2502.1032,24.6888,0.0,2.90576,180.0
127.9,39.9611695,-106.21660384,2501.7984,24.41448,0.0,2.90576,0.0
128.0,39.96116947,-106.21660395,2501.4936,24.10968,0.0,2.90576,0.0
128.10000000000002,39.96116933,-106.21660402,2501.1888,23.80488,0.491744,2.995168,0.0
128.20000000000002,39.9611693,-106.21660407,2500.884,23.50008,0.0,2.995168,0.0
128.3,39.96116937,-106.21660418,2500.5792,23.19528,0.491744,2.995168,0.0
128.4,39.96116944,-106.21660427,2500.2744,22.89048,0.0,2.90576,0.0
128.5,39.96116961,-106.21660417,2499.9696,22.58568,0.491744,2.90576,0.0
128.60000000000002,39.96116968,-106.21660416,2499.6648,22.31136,0.491744,2.90576,0.0
128.70000000000002,39.96116977,-106.21660424,2499.36,22.00656,0.0,2.816352,0.0
128.8,39.96116984,-106.21660431,2499.0552,21.701760000000004,0.491744,2.90576,0.0
128.9,39.96116981,-106.21660428,2498.7504,21.396960000000004,0.0,2.90576,0.0
129.0,39.9611698,-106.21660433,2498.4456,21.092160000000003,0.0,2.90576,0.0
129.10000000000002,39.9611698,-106.21660441,2498.1408,20.787360000000003,0.0,2.90576,0.0
129.20000000000002,39.96116979,-106.21660447,2497.836,20.51304,0.0,2.995168,0.0
129.3,39.96116968,-106.21660455,2497.5312,20.20824,0.0,2.995168,0.0
129.4,39.96116963,-106.21660461,2497.2264,19.90344,0.0,2.995168,0.0
129.5,39.96116962,-106.21660465,2496.9216,19.59864,0.0,2.995168,0.0
129.60000000000002,39.9611696,-106.21660468,2496.6168,19.2024,0.0,2.995168,0.0
129.70000000000002,39.96116955,-106.21660468,2496.3120000000004,18.98904,0.0,2.816352,0.0
129.8,39.96116952,-106.2166046,2496.0072,18.71472,0.491744,2.503424,180.0
129.9,39.96116928,-106.21660453,2495.7024,18.40992,0.0,2.101088,180.0
130.0,39.96116899,-106.21660445,2495.7024,18.288,0.491744,1.6987519999999998,180.0
130.10000000000002,39.96116864,-106.21660433,2495.7024,18.19656,0.0,1.207008,180.0
130.20000000000002,39.96116822,-106.2166041,2495.3976,18.10512,0.0,0.89408,180.0
130.3,39.96116794,-106.21660408,2495.3976,18.01368,0.491744,0.491744,180.0
130.4,39.96116781,-106.2166041,2495.3976,17.89176,0.0,0.312928,0.0
130.5,39.96116779,-106.21660417,2495.3976,17.89176,0.0,0.089408,0.0
130.60000000000002,39.9611678,-106.2166043,2495.3976,17.89176,0.0,0.0,0.0
130.70000000000002,39.96116791,-106.2166044,2495.3976,17.89176,0.0,0.0,0.0
130.8,39.96116802,-106.21660449,2495.3976,18.01368,0.0,0.0,0.0
130.9,39.96116815,-106.21660455,2495.3976,18.01368,0.0,0.0,0.0
131.10000000000002,39.96116863,-106.21660435,2495.3976,18.01368,0.0,0.0,0.0
131.20000000000002,39.9611688,-106.2166042,2495.3976,18.01368,0.312928,0.0,0.0
131.3,39.96116893,-106.21660408,2495.3976,18.01368,0.0,0.0,90.0
131.4,39.96116902,-106.21660397,2495.3976,18.01368,0.491744,0.0,90.0
131.5,39.96116922,-106.21660386,2495.3976,17.89176,0.0,0.0,90.0
131.60000000000002,39.96116927,-106.21660378,2495.3976,17.89176,0.0,0.0,0.0
131.70000000000002,39.9611693,-106.21660367,2495.3976,18.01368,0.0,0.0,0.0
131.8,39.96116931,-106.21660359,2495.3976,17.89176,0.0,0.0,0.0
131.9,39.96116931,-106.21660347,2495.3976,17.89176,0.0,0.089408,0.0
132.0,39.96116933,-106.21660343,2495.3976,17.89176,0.491744,0.312928,0.0
132.10000000000002,39.96116931,-106.21660343,2495.0928000000004,17.80032,0.491744,0.715264,0.0
132.20000000000002,39.96116929,-106.21660346,2495.0928000000004,17.70888,0.0,1.1176,0.0
132.3,39.96116927,-106.21660351,2495.0928000000004,17.58696,0.0,1.519936,0.0
132.4,39.96116927,-106.21660359,2494.788,17.40408,0.0,1.922272,270.0
132.5,39.96116926,-106.21660376,2494.4832,17.09928,0.0,2.279904,270.0
132.60000000000002,39.96116925,-106.21660392,2494.1784,16.88592,0.0,2.503424,270.0
132.70000000000002,39.96116937,-106.21660416,2494.1784,16.6116,0.0,2.592832,270.0
132.8,39.9611694,-106.21660435,2493.8736000000004,16.3068,0.0,2.592832,270.0
132.9,39.96116941,-106.21660463,2493.5688,16.09344,0.0,2.68224,315.0
133.0,39.9611694,-106.21660487,2493.264,15.78864,0.0,2.592832,270.0
133.10000000000002,39.96116932,-106.21660502,2492.9592,15.51432,0.0,2.68224,270.0
133.20000000000002,39.96116924,-106.21660513,2492.6544000000004,15.20952,0.0,2.592832,0.0
133.3,39.96116913,-106.21660521,2492.3496,14.99616,0.0,2.592832,270.0
133.4,39.96116902,-106.21660527,2492.0448,14.69136,0.0,2.592832,0.0
133.5,39.96116885,-106.21660535,2491.74,14.38656,0.0,2.503424,0.0
133.60000000000002,39.96116861,-106.21660526,2491.74,14.20368,0.0,2.414016,0.0
133.70000000000002,39.96116846,-106.21660533,2491.4352000000003,13.99032,0.0,2.190496,180.0
133.8,39.96116831,-106.21660536,2491.1304,13.80744,0.0,1.78816,180.0
133.9,39.96116813,-106.21660535,2491.1304,13.594080000000002,0.0,1.385824,180.0
134.10000000000002,39.96116772,-106.21660537,2490.8256,13.50264,0.312928,0.491744,225.0
134.20000000000002,39.96116755,-106.21660552,2490.8256,13.4112,0.312928,0.312928,180.0
134.3,39.96116745,-106.2166056,2490.8256,13.4112,0.0,0.089408,0.0
134.4,39.96116742,-106.21660562,2490.8256,13.4112,0.0,0.0,0.0
134.60000000000002,39.96116756,-106.2166056,2490.8256,13.50264,0.0,0.0,0.0
134.70000000000002,39.96116776,-106.21660554,2490.8256,13.50264,0.0,0.0,0.0
134.8,39.96116795,-106.21660549,2490.8256,13.50264,0.0,0.0,0.0
134.9,39.96116834,-106.21660536,2490.8256,13.50264,0.0,0.0,0.0
135.0,39.96116847,-106.21660533,2490.8256,13.50264,0.0,0.0,0.0
135.10000000000002,39.96116858,-106.21660528,2490.8256,13.4112,0.0,0.0,0.0
135.20000000000002,39.96116867,-106.21660524,2490.8256,13.4112,0.0,0.0,0.0
135.3,39.96116873,-106.21660518,2490.8256,13.289280000000002,0.0,0.0,0.0
135.4,39.96116879,-106.21660511,2490.8256,13.289280000000002,0.0,0.0,0.0
135.5,39.96116884,-106.21660499,2490.8256,13.4112,0.0,0.0,0.0
135.70000000000002,39.96116906,-106.2166047,2490.8256,13.4112,0.0,0.0,90.0
135.9,39.96116927,-106.21660453,2490.8256,13.4112,0.0,0.0,0.0
136.0,39.96116935,-106.21660456,2490.8256,13.289280000000002,0.0,0.0,0.0
136.10000000000002,39.96116948,-106.2166046,2490.8256,13.289280000000002,0.0,0.0,270.0
136.20000000000002,39.96116952,-106.21660477,2490.8256,13.4112,0.0,0.0,270.0
136.3,39.96116949,-106.21660498,2490.8256,13.4112,0.0,0.0,270.0
136.4,39.96116944,-106.21660515,2490.8256,13.289280000000002,0.0,0.0,270.0
136.5,39.96116935,-106.21660537,2490.8256,13.289280000000002,0.0,0.0,201.80140948635184
136.60000000000002,39.96116897,-106.21660556,2490.8256,13.289280000000002,0.0,0.0,180.0
136.70000000000002,39.96116818,-106.2166056,2490.8256,13.289280000000002,0.67056,0.0,180.0
136.8,39.96116702,-106.21660553,2490.8256,13.289280000000002,0.938784,0.0,176.82016988013572
136.9,39.96116529,-106.21660523,2490.8256,13.289280000000002,1.654048,0.0,171.86989764584405
137.0,39.96116319,-106.21660447,2490.8256,13.289280000000002,2.101088,0.0,169.26110289909457
137.10000000000002,39.96116055,-106.21660365,2490.8256,13.289280000000002,2.726944,0.0,166.56897112931836
137.3,39.96115434,-106.21660145,2490.8256,13.289280000000002,3.397504,0.0,165.15454791791626
137.4,39.96115023,-106.21659903,2490.8256,13.4112,4.02336,0.0,163.30075576600643
137.5,39.96114628,-106.2165973,2490.8256,13.4112,4.828032,0.0,162.44645517366018
137.60000000000002,39.96114221,-106.21659548,2490.8256,13.4112,4.69392,0.0,161.07535558394875
137.70000000000002,39.96113761,-106.21659332,2490.8256,13.4112,5.096256,0.0,160.66519146217365
137.8,39.96113289,-106.21659025,2490.8256,13.4112,5.632704,0.0,159.90476880809524
137.9,39.96112765,-106.21658771,2490.8256,13.4112,6.03504,0.0,160.1231278053967
138.0,39.9611223,-106.21658508,2490.8256,13.4112,6.303264,0.0,159.85158585971226
138.10000000000002,39.96111586,-106.21658189,2490.8256,13.4112,7.018528,0.0,159.95475057457907
138.20000000000002,39.96111011,-106.21657905,2490.8256,13.4112,7.242048,0.0,159.3624530153122
138.4,39.96109742,-106.21657225,2490.8256,13.4112,7.37616,0.0,159.88327483154444
138.5,39.96109018,-106.21656873,2490.8256,13.4112,7.957312,0.0,160.042598177817
138.60000000000002,39.96108299,-106.21656524,2490.8256,13.4112,8.538464000000001,0.0,159.84578884315442
138.70000000000002,39.96107508,-106.21656136,2490.8256,13.4112,8.9408,0.0,159.24592868120067
138.8,39.96106755,-106.21655775,2490.8256,13.4112,9.16432,-0.089408,160.041109782454
138.9,39.96105979,-106.21655399,2490.8256,13.4112,9.074912,-0.089408,159.8913001248659
139.0,39.96105263,-106.21655053,2490.8256,13.4112,8.851392,0.0,160.40771810894853
139.10000000000002,39.96104513,-106.21654674,2490.8256,13.4112,8.71728,0.0,160.18852285845298
139.20000000000002,39.96103862,-106.21654357,2490.8256,13.4112,8.359648,0.0,160.20112364547504
139.3,39.96103247,-106.21654059,2490.8256,13.4112,7.510272,0.0,159.04422326936788
139.4,39.96102752,-106.21653817,2490.8256,13.4112,6.571488,0.0,159.63446373591103
139.5,39.96102357,-106.21653611,2490.8256,13.4112,5.275072000000001,0.0,159.39373938616313
139.60000000000002,39.96101892,-106.21653378,2490.8256,13.4112,5.14096,0.0,159.66077788734776
139.70000000000002,39.96101431,-106.21653158,2490.8256,13.4112,5.498592,0.0,160.44800482675942
139.8,39.96101004,-106.21652954,2490.8256,13.4112,5.275072000000001,0.0,159.82934658814963
139.9,39.96100622,-106.21652771,2490.8256,13.4112,4.783328,0.0,160.99401580396318
140.0,39.96100279,-106.21652647,2490.8256,13.4112,4.24688,0.0,161.98023071822286
140.10000000000002,39.96099938,-106.21652503,2490.8256,13.50264,3.978656,0.0,161.3330857257797
140.20000000000002,39.96099662,-106.2165239,2490.8256,13.50264,3.57632,0.0,162.89727103094765
140.4,39.9609926,-106.21652241,2490.8256,13.50264,2.592832,0.0,161.91655461695132
140.5,39.96099062,-106.21652158,2490.8256,13.50264,2.324608,0.0,165.65066795705286
140.60000000000002,39.960989,-106.21652094,2490.8256,13.50264,2.101088,0.0,165.17352002964435
140.8,39.96098615,-106.21652041,2490.8256,13.50264,1.654048,0.0,165.9637565320735
140.9,39.96098544,-106.21652019,2491.1304,13.594080000000002,1.34112,0.0,169.69515353123393
141.0,39.96098506,-106.21652005,2491.1304,13.594080000000002,0.0,0.0,164.0546040990771
141.20000000000002,39.96098523,-106.21651999,2490.8256,13.50264,0.0,0.0,180.0
141.5,39.960985,-106.21651972,2490.8256,13.50264,0.0,0.0,0.0
141.60000000000002,39.96098491,-106.21651963,2490.8256,13.50264,0.0,0.0,0.0
141.70000000000002,39.96098435,-106.21651945,2490.8256,13.50264,0.0,0.0,180.0
141.8,39.96098426,-106.21651937,2490.8256,13.50264,0.491744,0.0,180.0
141.9,39.96098412,-106.21651924,2490.8256,13.50264,0.0,0.0,180.0
142.0,39.96098398,-106.21651913,2490.8256,13.50264,0.491744,0.0,180.0
142.10000000000002,39.96098349,-106.21651906,2490.8256,13.50264,0.67056,0.0,0.0
142.20000000000002,39.96098341,-106.21651902,2490.8256,13.50264,0.0,0.0,0.0
142.4,39.96098336,-106.21651891,2490.8256,13.50264,0.0,0.0,0.0
142.5,39.96098329,-106.21651893,2490.8256,13.50264,0.0,0.0,0.0
142.8,39.96098349,-106.216519,2490.8256,13.50264,0.0,0.0,0.0
142.9,39.96098363,-106.21651915,2490.8256,13.50264,0.0,0.0,0.0
143.0,39.96098376,-106.21651919,2490.8256,13.50264,0.491744,0.0,0.0
143.10000000000002,39.9609839,-106.21651918,2490.8256,13.50264,0.0,0.0,0.0
143.20000000000002,39.96098403,-106.21651919,2490.8256,13.50264,0.0,0.0,0.0
143.3,39.96098412,-106.21651924,2490.8256,13.50264,0.0,0.0,0.0
143.4,39.96098421,-106.2165193,2490.8256,13.50264,0.0,0.0,0.0
143.5,39.96098427,-106.21651933,2490.8256,13.50264,0.0,0.0,0.0
143.60000000000002,39.9609843,-106.21651937,2490.8256,13.50264,0.0,0.0,0.0
143.70000000000002,39.96098432,-106.21651943,2490.8256,13.50264,0.0,0.0,0.0
143.8,39.96098417,-106.21651949,2490.8256,13.50264,0.0,0.0,0.0
143.9,39.96098423,-106.21651954,2490.8256,13.50264,0.0,0.0,0.0
144.0,39.96098429,-106.21651959,2490.8256,13.50264,0.0,0.0,0.0
144.10000000000002,39.96098431,-106.21651963,2490.8256,13.50264,0.0,0.0,0.0
144.20000000000002,39.9609843,-106.21651969,2490.8256,13.50264,0.0,0.0,0.0
144.3,39.96098432,-106.21651973,2490.8256,13.50264,0.0,0.0,0.0
144.4,39.96098434,-106.21651975,2490.8256,13.50264,0.0,0.0,0.0
144.60000000000002,39.9609844,-106.21651984,2490.8256,13.50264,0.0,0.0,0.0
144.70000000000002,39.96098443,-106.21651985,2490.8256,13.50264,0.0,0.0,0.0
144.8,39.96098445,-106.21651986,2490.8256,13.50264,0.0,0.0,0.0
144.9,39.96098446,-106.21651987,2490.8256,13.50264,0.0,0.0,0.0
145.10000000000002,39.96098454,-106.21651991,2490.8256,13.4112,0.0,0.0,0.0
145.20000000000002,39.96098453,-106.21651999,2490.8256,13.4112,0.0,0.0,0.0
145.3,39.96098453,-106.21652006,2490.8256,13.4112,0.0,0.0,0.0
145.4,39.96098454,-106.21652013,2490.8256,13.4112,0.0,0.0,0.0
145.5,39.96098468,-106.21652022,2490.8256,13.50264,0.0,0.0,0.0
145.60000000000002,39.96098471,-106.21652024,2490.8256,13.4112,0.0,0.0,0.0
145.70000000000002,39.96098474,-106.21652025,2490.8256,13.4112,0.0,0.0,0.0
145.8,39.96098477,-106.21652024,2490.8256,13.4112,0.0,0.0,0.0
145.9,39.96098481,-106.21652022,2490.8256,13.4112,0.0,0.0,0.0
146.0,39.96098484,-106.21652022,2490.8256,13.50264,0.0,0.0,0.0
146.10000000000002,39.96098486,-106.21652026,2490.8256,13.50264,0.0,0.0,0.0
146.20000000000002,39.96098488,-106.2165203,2490.8256,13.4112,0.0,0.0,0.0
146.3,39.96098495,-106.21652033,2490.8256,13.4112,0.0,0.0,0.0
146.4,39.96098498,-106.21652034,2490.8256,13.4112,0.0,0.0,0.0
146.5,39.96098496,-106.2165204,2490.8256,13.4112,0.0,0.0,0.0
146.60000000000002,39.96098493,-106.21652043,2490.8256,13.4112,0.0,0.0,0.0
146.70000000000002,39.96098488,-106.21652041,2490.8256,13.4112,0.0,0.0,0.0
146.8,39.96098471,-106.21652042,2490.8256,13.4112,0.0,0.0,0.0
146.9,39.96098464,-106.21652041,2490.8256,13.4112,0.0,0.0,0.0
147.0,39.96098458,-106.21652042,2490.8256,13.4112,0.0,0.0,0.0
147.10000000000002,39.9609845,-106.21652045,2490.8256,13.4112,0.0,0.0,0.0
147.20000000000002,39.96098437,-106.21652056,2490.8256,13.289280000000002,0.0,0.0,0.0
147.3,39.96098432,-106.21652055,2490.8256,13.4112,0.0,0.0,0.0
147.4,39.96098428,-106.21652055,2490.8256,13.289280000000002,0.0,0.0,0.0
147.5,39.96098428,-106.21652059,2490.8256,13.289280000000002,0.0,0.0,0.0
147.60000000000002,39.96098427,-106.21652069,2490.8256,13.289280000000002,0.0,0.0,0.0
147.70000000000002,39.96098427,-106.21652067,2490.8256,13.289280000000002,0.0,0.0,0.0
147.8,39.96098428,-106.21652065,2490.8256,13.289280000000002,0.0,0.0,0.0
147.9,39.96098433,-106.21652066,2490.8256,13.289280000000002,0.0,0.0,0.0
148.0,39.96098445,-106.21652073,2490.8256,13.289280000000002,0.0,0.0,0.0
148.10000000000002,39.96098453,-106.21652075,2490.8256,13.289280000000002,0.0,0.0,0.0
148.20000000000002,39.9609846,-106.21652075,2490.8256,13.289280000000002,0.0,0.0,0.0
148.3,39.96098461,-106.2165207,2490.8256,13.289280000000002,0.0,0.0,0.0
148.4,39.96098461,-106.21652065,2490.8256,13.289280000000002,0.0,0.0,0.0
148.5,39.9609847,-106.21652067,2490.8256,13.289280000000002,0.0,0.0,0.0
148.60000000000002,39.96098469,-106.21652064,2490.8256,13.289280000000002,0.0,0.0,0.0
148.70000000000002,39.96098468,-106.21652065,2490.8256,13.289280000000002,0.0,0.0,0.0
148.8,39.96098466,-106.21652064,2490.8256,13.289280000000002,0.0,0.0,0.0
148.9,39.96098474,-106.21652062,2490.8256,13.289280000000002,0.0,0.0,0.0
149.0,39.96098474,-106.21652057,2490.8256,13.289280000000002,0.0,0.0,0.0
149.10000000000002,39.96098472,-106.21652052,2490.8256,13.289280000000002,0.0,0.0,0.0
149.20000000000002,39.96098472,-106.21652047,2490.5208,13.19784,0.0,0.0,0.0
149.3,39.96098487,-106.21652047,2490.5208,13.19784,0.0,0.0,0.0
149.4,39.96098495,-106.21652042,2490.5208,13.19784,0.0,0.0,0.0
149.5,39.96098503,-106.2165203,2490.5208,13.19784,0.0,0.0,0.0
149.60000000000002,39.96098511,-106.21652022,2490.5208,13.19784,0.0,0.0,0.0
149.70000000000002,39.96098518,-106.21652025,2490.5208,13.19784,0.0,0.0,0.0
149.8,39.96098525,-106.21652027,2490.5208,13.1064,0.0,0.0,0.0
149.9,39.96098529,-106.21652029,2490.5208,13.19784,0.0,0.0,0.0
150.0,39.96098532,-106.21652031,2490.5208,13.19784,0.0,0.0,0.0
150.10000000000002,39.96098537,-106.21652035,2490.5208,13.19784,0.0,0.0,0.0
150.20000000000002,39.96098532,-106.21652048,2490.5208,13.19784,0.0,-0.089408,0.0
150.3,39.96098529,-106.21652053,2490.8256,13.289280000000002,0.0,-0.089408,0.0
150.4,39.96098526,-106.21652057,2490.8256,13.289280000000002,0.0,0.0,0.0
150.5,39.96098525,-106.21652058,2490.8256,13.289280000000002,0.0,-0.089408,0.0
150.60000000000002,39.96098518,-106.21652055,2490.8256,13.289280000000002,0.0,0.0,0.0
150.70000000000002,39.96098522,-106.2165205,2490.8256,13.289280000000002,0.0,0.0,0.0
150.8,39.96098527,-106.21652045,2490.8256,13.289280000000002,0.0,0.0,0.0
150.9,39.96098535,-106.21652038,2490.8256,13.289280000000002,0.0,0.0,0.0
151.0,39.96098556,-106.21652036,2490.8256,13.4112,0.0,0.0,0.0
151.10000000000002,39.96098567,-106.21652025,2490.8256,13.4112,0.0,0.0,0.0
151.20000000000002,39.96098576,-106.21652014,2490.8256,13.4112,0.0,0.0,0.0
151.3,39.96098588,-106.21652002,2490.8256,13.4112,0.0,0.0,0.0
151.4,39.9609861,-106.21651991,2490.8256,13.4112,0.0,0.0,0.0
151.5,39.96098609,-106.21651984,2490.8256,13.4112,0.0,0.0,0.0
151.60000000000002,39.96098606,-106.21651974,2490.8256,13.4112,0.0,0.0,0.0
151.70000000000002,39.96098603,-106.21651965,2490.8256,13.4112,0.0,0.0,90.0
151.8,39.960986,-106.21651955,2490.8256,13.4112,0.0,0.0,90.0
151.9,39.96098593,-106.21651963,2490.8256,13.289280000000002,0.491744,0.0,90.0
152.0,39.96098589,-106.21651955,2490.8256,13.4112,0.0,0.0,90.0
152.10000000000002,39.96098583,-106.21651945,2490.8256,13.4112,0.0,0.0,0.0
152.20000000000002,39.96098579,-106.21651938,2490.8256,13.4112,0.0,0.0,0.0
152.3,39.96098581,-106.21651947,2490.8256,13.289280000000002,0.0,0.0,0.0
152.4,39.96098581,-106.2165195,2490.8256,13.289280000000002,0.0,0.0,0.0
152.5,39.96098583,-106.21651955,2490.8256,13.289280000000002,0.0,0.0,0.0
152.60000000000002,39.96098586,-106.2165196,2490.8256,13.289280000000002,0.0,0.0,0.0
152.70000000000002,39.96098601,-106.21651972,2490.8256,13.4112,0.0,0.0,0.0
152.8,39.96098603,-106.21651974,2490.8256,13.4112,0.0,0.0,0.0
152.9,39.96098604,-106.21651977,2490.8256,13.289280000000002,0.0,0.0,0.0
153.0,39.96098604,-106.21651979,2490.8256,13.4112,0.0,0.0,0.0
153.10000000000002,39.96098613,-106.21651979,2490.8256,13.289280000000002,0.0,0.0,0.0
153.20000000000002,39.96098614,-106.2165198,2490.8256,13.289280000000002,0.0,0.0,0.0
153.3,39.96098611,-106.21651983,2490.8256,13.289280000000002,0.0,0.0,0.0
153.4,39.96098607,-106.21651985,2490.8256,13.289280000000002,0.0,0.0,0.0
153.5,39.96098598,-106.21651983,2490.5208,13.19784,0.0,0.0,0.0
153.60000000000002,39.96098578,-106.21651983,2490.8256,13.289280000000002,0.0,0.0,0.0
153.70000000000002,39.96098569,-106.21651984,2490.8256,13.289280000000002,0.0,0.0,0.0
153.8,39.96098561,-106.21651984,2490.8256,13.289280000000002,0.0,0.0,0.0
154.0,39.96098524,-106.21651987,2490.8256,13.289280000000002,0.0,0.0,0.0
154.10000000000002,39.96098509,-106.21651986,2490.8256,13.289280000000002,0.0,0.0,0.0
154.20000000000002,39.96098494,-106.21651985,2490.8256,13.289280000000002,0.0,0.0,0.0
154.3,39.96098484,-106.2165198,2490.8256,13.289280000000002,0.0,0.0,0.0
154.4,39.96098459,-106.2165197,2490.8256,13.289280000000002,0.0,0.0,0.0
154.5,39.96098452,-106.2165197,2490.8256,13.289280000000002,0.0,0.0,0.0
154.60000000000002,39.96098446,-106.21651971,2490.8256,13.289280000000002,0.0,0.0,0.0
154.70000000000002,39.96098439,-106.21651974,2490.8256,13.289280000000002,0.0,0.0,0.0
154.8,39.96098434,-106.21651983,2490.8256,13.289280000000002,0.491744,0.0,0.0
154.9,39.9609843,-106.2165199,2490.8256,13.289280000000002,0.0,0.0,0.0
155.0,39.96098428,-106.21651997,2490.8256,13.289280000000002,0.0,0.0,0.0
155.10000000000002,39.96098429,-106.21652,2490.8256,13.289280000000002,0.0,0.0,0.0
155.20000000000002,39.9609843,-106.21652004,2490.8256,13.289280000000002,0.0,0.0,0.0
155.3,39.96098456,-106.21652007,2490.8256,13.4112,0.0,0.0,0.0
155.4,39.96098458,-106.21652009,2490.8256,13.4112,0.0,0.0,0.0
155.5,39.96098464,-106.21652014,2490.8256,13.4112,0.0,0.0,0.0
155.60000000000002,39.9609847,-106.21652019,2490.8256,13.4112,0.0,0.0,0.0
155.70000000000002,39.96098486,-106.21652029,2490.8256,13.4112,0.0,0.0,0.0
155.8,39.96098488,-106.21652026,2490.8256,13.4112,0.0,0.0,0.0
155.9,39.96098487,-106.2165202,2490.8256,13.4112,0.0,0.0,0.0
156.0,39.96098486,-106.21652015,2490.8256,13.4112,0.0,0.0,0.0
156.10000000000002,39.96098491,-106.21652014,2490.8256,13.4112,0.0,0.0,0.0
156.20000000000002,39.96098491,-106.21652012,2490.8256,13.4112,0.0,0.0,0.0
156.3,39.96098488,-106.21652009,2490.8256,13.289280000000002,0.0,0.0,0.0
156.4,39.96098485,-106.21652004,2490.8256,13.289280000000002,0.491744,0.0,0.0
156.5,39.96098468,-106.21651994,2490.8256,13.289280000000002,0.0,0.0,0.0
156.60000000000002,39.96098462,-106.21651985,2490.8256,13.289280000000002,0.491744,0.0,0.0
156.70000000000002,39.96098458,-106.21651981,2490.8256,13.289280000000002,0.0,0.0,0.0
156.8,39.96098453,-106.21651979,2490.8256,13.289280000000002,0.491744,0.0,0.0
156.9,39.96098445,-106.21651974,2490.8256,13.289280000000002,0.0,0.0,0.0
157.0,39.96098435,-106.21651974,2490.8256,13.289280000000002,0.0,0.0,0.0
157.10000000000002,39.96098435,-106.21651964,2490.8256,13.289280000000002,0.0,0.0,90.0
157.20000000000002,39.96098436,-106.21651954,2490.8256,13.289280000000002,0.0,0.0,90.0
157.3,39.96098436,-106.21651942,2490.8256,13.289280000000002,0.0,0.0,90.0
157.4,39.96098445,-106.21651935,2490.8256,13.289280000000002,0.0,0.0,0.0
157.5,39.96098452,-106.21651928,2490.8256,13.289280000000002,0.0,0.0,0.0
157.60000000000002,39.96098458,-106.21651923,2490.8256,13.289280000000002,0.0,0.0,0.0
157.70000000000002,39.96098466,-106.21651924,2490.8256,13.289280000000002,0.491744,0.0,0.0
157.8,39.96098482,-106.21651935,2490.8256,13.289280000000002,0.0,0.0,0.0
157.9,39.96098493,-106.21651936,2490.8256,13.289280000000002,0.491744,0.0,0.0
158.0,39.96098502,-106.21651938,2490.8256,13.289280000000002,0.491744,0.0,0.0
158.10000000000002,39.96098503,-106.21651945,2490.8256,13.4112,0.0,0.0,0.0
158.20000000000002,39.96098502,-106.21651953,2490.8256,13.4112,0.0,0.0,0.0
158.3,39.96098502,-106.21651958,2490.8256,13.4112,0.0,0.0,0.0
158.4,39.96098501,-106.21651964,2490.8256,13.4112,0.0,0.0,0.0
158.5,39.96098495,-106.21651977,2490.8256,13.4112,0.0,0.0,0.0
158.60000000000002,39.96098489,-106.2165199,2490.8256,13.289280000000002,0.0,0.0,0.0
158.70000000000002,39.96098466,-106.21651993,2490.8256,13.289280000000002,0.0,0.0,0.0
158.8,39.96098461,-106.21651999,2490.8256,13.289280000000002,0.0,0.0,0.0
158.9,39.96098458,-106.21652007,2490.8256,13.289280000000002,0.0,0.0,0.0
159.0,39.96098457,-106.21652013,2490.8256,13.289280000000002,0.0,0.0,0.0
159.10000000000002,39.96098455,-106.21652021,2490.8256,13.289280000000002,0.0,0.0,0.0
159.20000000000002,39.96098454,-106.21652026,2490.8256,13.289280000000002,0.0,0.0,0.0
159.3,39.96098457,-106.21652029,2490.8256,13.289280000000002,0.0,0.0,0.0
159.4,39.9609846,-106.21652033,2490.8256,13.289280000000002,0.0,0.0,0.0
159.5,39.96098473,-106.21652042,2490.8256,13.289280000000002,0.0,0.0,0.0
159.60000000000002,39.96098476,-106.21652051,2490.8256,13.289280000000002,0.0,0.0,0.0
159.70000000000002,39.96098483,-106.21652062,2490.8256,13.289280000000002,0.0,0.0,0.0
159.8,39.96098489,-106.21652071,2490.8256,13.289280000000002,0.0,0.0,0.0
159.9,39.96098497,-106.21652091,2490.8256,13.289280000000002,0.0,0.0,0.0
160.0,39.96098499,-106.21652094,2490.8256,13.289280000000002,0.0,0.0,0.0
160.10000000000002,39.96098504,-106.21652089,2490.8256,13.289280000000002,0.0,0.0,0.0
160.20000000000002,39.9609851,-106.21652084,2490.8256,13.289280000000002,0.0,0.0,0.0
160.3,39.96098523,-106.2165208,2490.8256,13.289280000000002,0.0,0.0,0.0
160.4,39.96098527,-106.21652076,2490.8256,13.289280000000002,0.0,0.0,0.0
160.5,39.96098527,-106.21652066,2490.8256,13.289280000000002,0.0,0.0,0.0
160.60000000000002,39.96098527,-106.21652057,2490.8256,13.289280000000002,0.491744,0.0,0.0
160.70000000000002,39.96098528,-106.21652048,2490.8256,13.289280000000002,0.0,0.0,0.0
160.8,39.96098525,-106.21652037,2490.8256,13.289280000000002,0.0,0.0,0.0
160.9,39.96098527,-106.21652028,2490.8256,13.289280000000002,0.0,0.0,0.0
161.0,39.96098528,-106.21652021,2490.8256,13.289280000000002,0.0,0.0,0.0
161.10000000000002,39.96098526,-106.21652017,2490.8256,13.289280000000002,0.0,0.0,0.0
161.20000000000002,39.96098522,-106.21652019,2490.8256,13.289280000000002,0.0,0.0,0.0
161.3,39.96098517,-106.21652015,2490.8256,13.4112,0.0,0.0,0.0
161.4,39.96098511,-106.21652012,2490.8256,13.4112,0.0,0.0,0.0
161.5,39.960985,-106.21652013,2490.8256,13.4112,0.0,0.0,0.0
161.60000000000002,39.96098479,-106.21652012,2490.8256,13.4112,0.0,0.0,0.0
161.70000000000002,39.96098471,-106.21652009,2490.8256,13.4112,0.0,0.0,0.0
161.8,39.96098466,-106.21652005,2490.8256,13.4112,0.0,0.0,0.0
161.9,39.96098462,-106.21652001,2490.8256,13.4112,0.0,0.0,0.0
162.0,39.96098458,-106.21651997,2490.8256,13.50264,0.0,0.0,0.0
162.10000000000002,39.96098462,-106.21651984,2490.8256,13.50264,0.0,0.0,0.0
162.20000000000002,39.96098457,-106.21651973,2490.8256,13.4112,0.0,0.0,0.0
162.3,39.96098455,-106.21651957,2490.8256,13.4112,0.491744,0.0,90.0
162.4,39.96098454,-106.21651942,2490.8256,13.4112,0.0,0.0,90.0
162.5,39.96098459,-106.21651901,2490.8256,13.4112,0.0,0.0,90.0
162.60000000000002,39.96098458,-106.21651882,2490.8256,13.50264,0.0,0.0,90.0
162.70000000000002,39.96098462,-106.21651867,2490.8256,13.50264,0.491744,0.0,0.0
162.8,39.96098467,-106.21651854,2490.8256,13.4112,0.0,0.0,0.0
162.9,39.96098486,-106.21651855,2490.8256,13.50264,0.0,0.0,0.0
163.0,39.96098491,-106.21651849,2490.8256,13.50264,0.0,0.0,0.0
163.10000000000002,39.96098493,-106.21651845,2490.8256,13.50264,0.0,0.0,0.0
163.20000000000002,39.96098495,-106.21651841,2490.8256,13.50264,0.0,0.0,0.0
163.3,39.96098497,-106.21651854,2490.8256,13.50264,0.491744,0.0,0.0
163.4,39.96098498,-106.21651853,2490.8256,13.50264,0.0,0.0,0.0
163.5,39.96098502,-106.21651853,2490.8256,13.50264,0.0,0.0,0.0
163.70000000000002,39.96098512,-106.21651867,2490.8256,13.50264,0.0,0.0,0.0
163.8,39.96098531,-106.21651885,2490.8256,13.50264,0.0,0.0,270.0
163.9,39.96098543,-106.21651898,2490.8256,13.50264,0.0,0.0,270.0
164.0,39.96098554,-106.21651911,2490.8256,13.4112,0.0,0.0,270.0
164.10000000000002,39.96098567,-106.21651927,2490.8256,13.4112,0.0,0.0,0.0
164.20000000000002,39.96098613,-106.2165194,2490.8256,13.4112,0.0,0.0,0.0
164.4,39.96098626,-106.21651959,2490.8256,13.4112,0.0,0.0,0.0
164.5,39.9609862,-106.21651973,2490.8256,13.4112,0.0,0.0,270.0
164.60000000000002,39.96098617,-106.21651975,2490.8256,13.4112,0.491744,0.0,225.0
164.70000000000002,39.96098612,-106.21651992,2490.8256,13.4112,0.0,0.0,225.0
164.8,39.96098607,-106.21652008,2490.8256,13.4112,0.0,0.0,270.0
164.9,39.96098601,-106.21652016,2490.8256,13.4112,0.0,0.0,0.0
165.0,39.96098599,-106.21652003,2490.8256,13.4112,0.0,0.0,0.0
165.10000000000002,39.96098595,-106.21652001,2490.8256,13.4112,0.0,0.0,0.0
165.20000000000002,39.96098592,-106.21651995,2490.8256,13.4112,0.0,0.0,0.0
165.3,39.96098593,-106.21651986,2490.8256,13.4112,0.0,0.0,0.0
165.4,39.96098594,-106.21651979,2490.8256,13.4112,0.0,0.0,0.0
165.5,39.96098622,-106.21651956,2490.8256,13.4112,0.0,0.0,0.0
165.70000000000002,39.96098629,-106.21651954,2490.8256,13.4112,0.0,0.0,0.0
165.8,39.96098628,-106.21651956,2490.8256,13.50264,0.0,0.0,0.0
165.9,39.96098629,-106.21651952,2490.8256,13.50264,0.0,0.0,0.0
166.0,39.96098625,-106.21651952,2490.8256,13.4112,0.0,0.22352,0.0
166.20000000000002,39.96098614,-106.21651957,2490.8256,13.289280000000002,0.0,0.89408,0.0
166.3,39.96098619,-106.2165195,2490.5208,13.1064,0.0,1.296416,0.0
166.4,39.96098618,-106.21651953,2490.5208,13.014960000000002,0.0,1.385824,0.0
166.5,39.96098614,-106.21651956,2490.2160000000003,12.8016,0.491744,1.385824,0.0
166.60000000000002,39.96098607,-106.21651961,2490.2160000000003,12.710160000000002,0.0,1.207008,0.0
166.70000000000002,39.96098595,-106.21651946,2489.9112,12.4968,0.0,1.1176,0.0
166.8,39.96098583,-106.21651949,2489.6064,12.31392,0.0,1.207008,180.0
166.9,39.96098567,-106.21651952,2489.6064,12.31392,0.0,1.207008,0.0
167.0,39.96098554,-106.21651958,2489.6064,12.192,0.0,1.296416,0.0
167.10000000000002,39.96098548,-106.21651965,2489.3016,12.00912,0.0,1.385824,0.0
167.20000000000002,39.96098537,-106.21651958,2489.3016,11.8872,0.0,1.519936,0.0
167.3,39.96098531,-106.21651963,2488.9968000000003,11.70432,0.0,1.609344,0.0
167.4,39.96098525,-106.21651968,2488.9968000000003,11.49096,0.0,1.519936,0.0
167.5,39.9609852,-106.21651977,2488.692,11.39952,0.0,1.519936,0.0
167.60000000000002,39.96098514,-106.21651983,2488.692,11.18616,0.0,1.385824,0.0
167.70000000000002,39.96098506,-106.21651983,2488.3872,11.09472,0.0,1.207008,0.0
167.8,39.96098499,-106.21651984,2488.3872,11.00328,0.0,0.89408,0.0
167.9,39.96098501,-106.21651979,2488.3872,10.91184,0.0,0.491744,0.0
168.0,39.96098516,-106.21651949,2488.3872,10.91184,0.0,0.312928,0.0
168.10000000000002,39.96098558,-106.21651935,2488.3872,10.91184,0.0,0.089408,0.0
168.20000000000002,39.96098622,-106.21651918,2488.3872,10.91184,0.491744,0.089408,5.710593137499643
168.3,39.96098722,-106.21651899,2488.3872,10.91184,0.938784,0.0,9.78240703180728
168.4,39.96098847,-106.21651869,2488.3872,10.91184,1.162304,0.0,10.437475351118168
168.5,39.96099029,-106.21651821,2488.3872,11.00328,1.78816,0.0,10.840305454330576
168.60000000000002,39.96099233,-106.21651767,2488.3872,11.00328,2.2352,0.0,9.462322208025626
168.70000000000002,39.96099493,-106.21651705,2488.3872,10.91184,2.592832,0.0,9.904183212973862
168.8,39.96099772,-106.21651639,2488.3872,10.91184,3.039872,0.0,10.669782804496664
168.9,39.96100197,-106.21651554,2488.3872,11.00328,3.978656,0.0,9.462322208025626
169.0,39.96100516,-106.21651476,2488.3872,11.00328,4.202176,0.0,10.66034829453531
169.10000000000002,39.96100891,-106.21651378,2488.3872,10.91184,3.933952,0.0,10.840305454330576
169.20000000000002,39.96101279,-106.21651276,2488.3872,10.91184,4.291583999999999,0.0,11.200797787884426
169.3,39.96101737,-106.21651165,2488.3872,11.00328,4.783328,0.0,11.618524352794624
169.4,39.96102184,-106.21651047,2488.3872,10.91184,5.096256,0.0,10.922804719869248
169.5,39.96102689,-106.21650908,2488.3872,11.00328,5.409184,0.0,11.673710312884792
169.60000000000002,39.96103146,-106.21650784,2488.3872,10.91184,5.453887999999999,0.0,11.051457026665446
169.70000000000002,39.96103655,-106.21650662,2488.3872,10.91184,5.453887999999999,0.0,10.568014209009334
169.8,39.96104195,-106.21650526,2488.3872,10.91184,5.945632,0.0,10.992507580267729
169.9,39.96104799,-106.21650374,2488.3872,10.91184,6.437376,0.0,10.54806541814213
170.0,39.96105394,-106.21650225,2488.3872,10.91184,6.795007999999999,0.089408,10.2039737217317
170.10000000000002,39.96106057,-106.21650068,2488.3872,10.91184,7.15264,0.22352,9.944294263185952
170.20000000000002,39.96106672,-106.21649919,2488.0824,10.78992,7.242048,0.312928,9.757963441347783
170.3,39.9610731,-106.21649775,2488.0824,10.78992,7.063232,0.402336,9.944294263185952
170.5,39.96108538,-106.21649499,2488.0824,10.698480000000002,7.018528,0.0,9.78240703180728
170.60000000000002,39.96109073,-106.21649393,2488.0824,10.698480000000002,6.616192,0.0,9.12289620537848
170.8,39.96110115,-106.2164916,2488.0824,10.698480000000002,5.900928,0.0,8.820379552021052
170.9,39.96110579,-106.2164906,2488.0824,10.698480000000002,5.677408,0.0,8.504579240878797
171.0,39.96110935,-106.21648983,2488.0824,10.698480000000002,4.604512000000001,0.0,7.556344056439457
171.10000000000002,39.96111332,-106.21648904,2488.0824,10.698480000000002,4.24688,0.0,8.695502877424758
171.20000000000002,39.96111637,-106.21648842,2488.0824,10.60704,3.978656,0.0,8.235619324209495
171.3,39.96111938,-106.21648774,2488.0824,10.698480000000002,3.3528,0.0,7.650650955359424
171.4,39.96112128,-106.21648702,2488.0824,10.698480000000002,2.861056,0.0,8.820379552021052
171.5,39.9611235,-106.21648649,2488.0824,10.698480000000002,2.324608,0.0,10.007979801441364
171.60000000000002,39.96112516,-106.21648606,2488.0824,10.698480000000002,2.190496,0.0,11.30993247402023
171.70000000000002,39.96112687,-106.21648556,2488.0824,10.698480000000002,1.966976,0.0,10.437475351118168
171.8,39.96112809,-106.21648519,2488.0824,10.698480000000002,1.6987519999999998,0.0,9.16234704572173
172.0,39.96112998,-106.2164845,2488.0824,10.698480000000002,1.251712,0.0,19.290046219188756
172.10000000000002,39.96113075,-106.21648408,2488.0824,10.698480000000002,0.983488,0.0,23.629377730656813
172.20000000000002,39.96113131,-106.2164834,2488.0824,10.78992,0.938784,0.0,39.28940686250036
172.3,39.9611318,-106.21648283,2488.0824,10.78992,0.804672,0.0,50.71059313749964
172.4,39.96113214,-106.21648227,2488.0824,10.78992,0.67056,0.0,57.52880770915152
172.5,39.96113235,-106.21648169,2488.0824,10.78992,0.67056,0.089408,65.55604521958344
172.60000000000002,39.96113249,-106.21648118,2488.0824,10.78992,0.0,0.0,77.47119229084848
172.70000000000002,39.9611329,-106.2164801,2488.3872,10.91184,0.67056,0.0,90.0
172.8,39.96113292,-106.2164797,2488.3872,10.91184,0.67056,0.0,90.0
172.9,39.96113281,-106.21647944,2488.3872,10.91184,0.67056,0.0,180.0
173.10000000000002,39.96113241,-106.21647933,2488.3872,11.00328,0.0,-0.089408,201.80140948635184
173.20000000000002,39.96113218,-106.21647945,2488.3872,11.09472,0.312928,0.0,201.80140948635184
173.3,39.96113201,-106.2164797,2488.3872,11.00328,0.0,0.0,248.19859051364816
173.4,39.96113191,-106.21648002,2488.3872,11.00328,0.0,0.0,270.0
173.5,39.96113204,-106.21648087,2488.3872,11.00328,0.67056,0.0,280.304846468766
173.60000000000002,39.96113223,-106.21648153,2488.3872,11.00328,0.67056,0.089408,293.6293777306568
173.70000000000002,39.96113262,-106.21648261,2488.3872,10.91184,0.67056,0.089408,303.02386755579664
173.8,39.9611332,-106.21648392,2488.3872,11.00328,1.162304,0.0,303.69006752597977
173.9,39.96113439,-106.21648607,2488.3872,10.91184,1.6987519999999998,0.0,306.3268259521202
174.0,39.9611354,-106.21648788,2488.3872,11.00328,2.101088,0.0,307.3493490446406
174.10000000000002,39.96113678,-106.21649036,2488.3872,11.00328,2.2352,0.0,305.8821372462042
174.20000000000002,39.96113813,-106.21649278,2488.3872,10.91184,2.548128,0.0,306.6897228324758
174.3,39.96113981,-106.21649583,2488.3872,11.00328,2.861056,0.0,306.55247275209155
174.4,39.96114185,-106.21649958,2488.3872,10.91184,3.531616,0.0,304.695153531234
174.5,39.96114374,-106.21650314,2488.3872,10.91184,3.79984,0.0,303.1356095487189
174.60000000000002,39.96114571,-106.21650704,2488.3872,10.91184,3.844544,0.0,301.1713490277198
174.70000000000002,39.96114783,-106.21651163,2488.3872,10.91184,4.24688,0.0,299.3890114663204
174.8,39.96115002,-106.21651696,2488.3872,10.91184,4.872736,0.0,296.08559977828145
174.9,39.96115182,-106.21652215,2488.3872,10.91184,5.006848,0.0,292.2702679200553
175.0,39.96115351,-106.21652773,2488.3872,10.91184,4.962144,0.0,289.6538240580533
175.10000000000002,39.96115508,-106.21653409,2488.3872,10.91184,5.409184,0.0,285.69492414342
175.20000000000002,39.96115612,-106.21654076,2488.3872,10.91184,5.722112,0.0,282.7655657810586
175.3,39.96115722,-106.21654789,2488.3872,10.91184,5.990336,0.0,280.56801420900933
175.5,39.96115872,-106.21656309,2488.3872,11.00328,6.437376,0.0,274.33826679142817
175.60000000000002,39.9611591,-106.21657033,2488.3872,11.00328,6.437376,0.0,272.63675842614043
175.70000000000002,39.96115859,-106.21657911,2488.3872,11.00328,6.8397120000000005,0.0,270.0
175.8,39.96115851,-106.21658742,2488.3872,11.00328,7.286752,0.0,269.29701957726445
175.9,39.96115821,-106.21659662,2488.3872,11.00328,7.465567999999999,0.0,266.96952315413944
176.0,39.96115774,-106.21660514,2488.3872,11.00328,7.554975999999999,0.0,265.7515454706387
176.10000000000002,39.96115689,-106.21661505,2488.3872,11.00328,7.867904,0.0,263.55324462089544
176.20000000000002,39.96115595,-106.21662435,2488.3872,11.00328,8.27024,0.0,261.6070748126075
176.3,39.96115469,-106.21663409,2488.3872,11.00328,8.225536,0.0,260.6365487542552
176.4,39.96115327,-106.21664361,2488.3872,11.00328,8.359648,0.0,258.8048885737
176.5,39.96115142,-106.21665444,2488.3872,11.00328,8.851392,0.0,257.68693654101054
176.70000000000002,39.9611474,-106.21667589,2488.3872,11.00328,9.432544,0.0,255.3112132266816
176.8,39.96114514,-106.21668669,2488.3872,10.91184,9.432544,0.0,254.5603544646808
177.10000000000002,39.9611368,-106.21672193,2488.0824,10.78992,10.237215999999998,0.0,251.71865879702736
177.20000000000002,39.96113389,-106.2167331,2488.0824,10.698480000000002,10.371328,0.0,251.1139126302907
177.3,39.96113071,-106.21674522,2488.0824,10.698480000000002,10.50544,0.0,250.3929225561429
177.4,39.96112763,-106.21675625,2488.0824,10.698480000000002,10.460736,0.0,249.8423891054552
177.60000000000002,39.96112022,-106.21678124,2488.0824,10.698480000000002,10.95248,0.0,248.6820877245385
177.70000000000002,39.96111613,-106.21679455,2488.0824,10.698480000000002,11.667744,0.0,248.6724248897345
177.8,39.96111186,-106.21680796,2488.0824,10.60704,12.2936,0.0,248.00515512597707
177.9,39.96110745,-106.21682183,2488.0824,10.60704,12.606528,0.0,247.6309494477112
178.0,39.96110332,-106.21683459,2488.0824,10.60704,12.2936,0.0,246.85421664145755
178.10000000000002,39.96109824,-106.21684996,2488.0824,10.60704,13.053568,0.0,246.80140948635184
178.20000000000002,39.9610933,-106.21686485,2487.7776000000003,10.48512,14.037056,0.0,246.29303081811213
178.3,39.96108832,-106.21687936,2487.7776000000003,10.48512,13.679424,0.0,246.25050550713323
178.4,39.9610837,-106.21689261,2487.7776000000003,10.48512,12.96416,0.0,245.94265054998823
178.5,39.96107843,-106.21690761,2487.7776000000003,10.48512,13.232384,0.0,245.2506335092825
178.60000000000002,39.96107327,-106.21692236,2487.7776000000003,10.48512,13.947648,0.0,245.7804986790412
178.70000000000002,39.96106769,-106.21693827,2487.7776000000003,10.48512,14.349984,0.0,246.0738086319141
178.8,39.96106272,-106.2169528,2487.7776000000003,10.48512,14.260576,-0.089408,246.54405981861152
178.9,39.96105746,-106.21696896,2487.7776000000003,10.48512,14.260576,-0.22352,248.36342256614137
179.0,39.96105277,-106.21698434,2487.7776000000003,10.48512,14.5288,-0.312928,249.5277204802581
179.10000000000002,39.96104849,-106.21700069,2487.7776000000003,10.48512,14.394688,-0.312928,251.7960812939735
179.20000000000002,39.96104479,-106.21701552,2488.0824,10.60704,13.992352,-0.402336,252.67915824391656
179.3,39.96104125,-106.21703118,2487.7776000000003,10.48512,13.590016,-0.312928,254.4454287299256
179.4,39.96103818,-106.21704598,2487.7776000000003,10.48512,13.500608,-0.22352,255.869520137586
179.5,39.96103579,-106.21706095,2487.7776000000003,10.48512,13.053568,-0.22352,256.9306821037178
179.60000000000002,39.96103329,-106.21707557,2488.0824,10.60704,12.919455999999998,-0.22352,258.48987344369306
179.70000000000002,39.96103104,-106.21709072,2488.0824,10.60704,12.96416,-0.22352,259.6387230378128
179.8,39.96102914,-106.21710534,2488.0824,10.60704,12.874752,-0.22352,260.67958655322354
179.9,39.96102825,-106.21711737,2488.0824,10.698480000000002,11.444224,-0.22352,261.9642892894652
180.0,39.96102718,-106.21712967,2488.0824,10.698480000000002,10.416032,-0.089408,263.7866247347216
180.10000000000002,39.96102621,-106.21714262,2488.0824,10.698480000000002,10.818368,-0.089408,265.7461635638808
180.2,39.96102559,-106.21715459,2488.0824,10.698480000000002,10.639552,-0.089408,267.2970559621853
180.3,39.96102522,-106.21716574,2488.0824,10.698480000000002,9.879584,-0.089408,269.49297093908524
180.4,39.9610252,-106.21717761,2488.0824,10.698480000000002,9.790176,-0.089408,271.3199456939218
180.5,39.96102551,-106.21718848,2488.0824,10.698480000000002,9.700768,-0.089408,273.02724518228
180.6,39.96102614,-106.21719949,2488.0824,10.698480000000002,9.343136,-0.089408,275.1684679763383
180.7,39.96102687,-106.2172102,2488.0824,10.698480000000002,9.298432,-0.089408,278.6781688852408
180.8,39.96102808,-106.21721973,2488.0824,10.698480000000002,8.71728,-0.089408,281.371474641022
180.9,39.96102979,-106.21722916,2488.0824,10.698480000000002,8.27024,-0.089408,284.3567759534565
181.0,39.96103154,-106.21723713,2488.0824,10.78992,7.644384,-0.22352,286.6657575168754
181.1,39.96103373,-106.2172458,2488.0824,10.78992,7.420864000000001,-0.089408,289.628438246904
181.2,39.96103586,-106.21725316,2488.0824,10.78992,7.242048,-0.089408,292.2490236572124
181.3,39.96103802,-106.21725962,2488.3872,10.91184,6.347968,-0.089408,294.4076686677801
181.4,39.96104033,-106.21726582,2488.3872,10.91184,5.945632,0.0,297.2161115573075
181.5,39.96104252,-106.21727113,2488.3872,10.91184,5.498592,0.0,299.8759926916894
181.6,39.96104457,-106.21727576,2488.3872,10.91184,4.828032,0.0,300.5559642755078
181.7,39.96104659,-106.21727974,2488.3872,11.00328,4.291583999999999,0.0,304.26110289909457
181.8,39.96104837,-106.21728299,2488.3872,11.00328,3.755136,0.0,306.55247275209155
181.9,39.96105023,-106.21728615,2488.3872,11.00328,3.442208,0.0,307.4505782317367
182.0,39.9610515,-106.21728795,2488.3872,11.00328,2.771648,0.0,307.3493490446406
182.1,39.96105256,-106.21728965,2488.3872,11.00328,2.01168,0.0,308.6598082540901
182.2,39.96105323,-106.21729073,2488.3872,11.00328,1.519936,0.0,309.0938588862295
182.3,39.96105369,-106.21729154,2488.3872,11.00328,1.0728959999999998,0.0,315.0
182.4,39.96105314,-106.21729153,2488.3872,10.91184,0.67056,0.089408,0.0
182.5,39.961053,-106.2172913,2488.3872,11.00328,0.67056,0.0,105.94539590092285
182.6,39.96105271,-106.2172908,2488.3872,11.00328,0.67056,0.0,122.47119229084848
182.7,39.96105221,-106.21728978,2488.3872,11.00328,0.938784,0.0,121.42956561483852
182.8,39.96105163,-106.21728857,2488.3872,11.00328,1.162304,0.0,122.61924307119284
182.9,39.96105051,-106.21728659,2488.3872,11.00328,1.654048,0.0,117.89727103094764
183.0,39.96104966,-106.21728466,2488.3872,11.00328,1.966976,0.0,117.09555249375182
183.1,39.96104863,-106.2172821,2488.3872,11.09472,2.2352,0.0,116.11391263029071
183.2,39.96104754,-106.21727926,2488.3872,11.09472,2.592832,0.0,114.22774531795416
183.3,39.96104632,-106.21727589,2488.3872,11.09472,2.90576,0.0,114.19320898728876
183.4,39.96104501,-106.21727216,2488.3872,11.09472,3.3528,0.0,113.55226367289464
183.5,39.96104348,-106.2172677,2488.3872,11.09472,3.844544,0.0,112.95408653762848
183.6,39.96104193,-106.21726307,2488.3872,11.09472,4.202176,0.0,112.0112831979194
183.7,39.96104026,-106.21725769,2488.3872,11.09472,4.604512000000001,0.0,112.65935204000584
183.8,39.96103845,-106.21725195,2488.3872,11.09472,5.096256,0.0,112.24902365721238
183.9,39.9610365,-106.21724565,2488.3872,11.09472,5.543296,0.0,111.55193742204222
184.0,39.96103466,-106.21723959,2488.3872,11.09472,5.677408,0.0,110.94747058695116
184.1,39.96103246,-106.21723181,2488.3872,11.09472,6.303264,0.0,110.83667536494352
184.2,39.96103047,-106.21722503,2488.3872,11.09472,6.660896,0.0,110.68765857043483
184.3,39.96102807,-106.21721683,2488.3872,11.09472,6.795007999999999,0.089408,110.22485943116806
184.4,39.96102592,-106.21720939,2488.3872,11.09472,7.15264,0.0,110.04095181220424
184.5,39.96102341,-106.21720052,2488.3872,11.09472,7.37616,0.0,109.87217581924392
184.6,39.96102103,-106.21719175,2488.3872,11.09472,8.002016,0.0,109.79887635452492
184.7,39.96101833,-106.21718228,2488.3872,11.09472,8.27024,0.0,109.75402643843056
184.8,39.96101555,-106.21717234,2488.3872,11.00328,8.806688,0.089408,109.42425955888508
184.9,39.96101267,-106.21716175,2488.3872,11.00328,9.298432,0.0,109.30300027266752
185.0,39.96100993,-106.21715182,2488.3872,11.00328,9.298432,0.0,109.26526430918
185.1,39.96100679,-106.21714016,2488.3872,11.00328,9.745472,0.0,108.67670173219012
185.2,39.961004,-106.21712975,2488.3872,11.00328,9.968992,0.0,109.1384087202847
185.3,39.96100062,-106.21711692,2488.3872,10.91184,10.50544,0.0,108.88608736970929
185.4,39.96099762,-106.21710552,2488.3872,11.00328,10.907775999999998,0.0,109.01809183701988
185.5,39.96099419,-106.21709254,2488.3872,10.91184,10.997184,0.089408,108.9306972133574
185.6,39.96099086,-106.21707986,2488.3872,10.91184,11.578335999999998,0.0,108.50423026377848
185.7,39.96098733,-106.21706626,2488.3872,10.91184,11.84656,0.0,108.43494882292202
185.8,39.96098391,-106.217053,2488.3872,10.91184,12.07008,0.0,108.36931794725928
185.9,39.96097998,-106.21703809,2488.3872,10.91184,12.695936,0.0,108.56312708674557
186.0,39.96097663,-106.21702493,2488.0824,10.78992,12.651232,0.0,108.12186024790134
186.1,39.96097271,-106.21700922,2488.3872,10.91184,12.96416,0.0,107.8188889145228
186.2,39.96096933,-106.21699552,2488.3872,10.91184,13.18768,0.0,107.83185762854146
186.3,39.96096564,-106.21698024,2488.3872,10.91184,12.96416,0.0,107.1857061442248
186.4,39.9609621,-106.21696543,2488.3872,10.91184,13.455904,0.0,107.32084175608344
186.5,39.96095846,-106.21694997,2488.3872,10.91184,13.500608,0.0,106.94261076590908
186.6,39.96095481,-106.21693426,2488.3872,10.91184,13.902944,0.0,106.68212057057248
186.7,39.96095079,-106.21691703,2488.3872,10.91184,14.662912,0.0,106.47926742539914
186.8,39.96094714,-106.21690093,2488.3872,10.91184,14.841728000000002,0.0,106.28115635761446
186.9,39.96094331,-106.21688385,2488.3872,10.91184,14.75232,0.0,106.13558866130552
187.0,39.96093967,-106.2168674,2488.3872,10.91184,14.886432,0.0,105.94539590092285
187.1,39.96093554,-106.21684918,2488.3872,10.91184,15.378176,0.0,105.71371184419138
187.2,39.9609321,-106.21683333,2488.3872,10.91184,15.109951999999998,0.0,105.29931703281976
187.3,39.96092824,-106.21681509,2488.3872,10.91184,15.065248,0.0,105.21116899586605
187.4,39.96092489,-106.21679914,2488.3872,10.91184,15.109951999999998,0.0,105.12400730831058
187.5,39.96092096,-106.21678056,2488.3872,10.91184,15.244064,-0.089408,105.21116899586605
187.6,39.96091715,-106.21676272,2488.3872,10.91184,16.09344,-0.089408,105.29931703281976
187.7,39.9609134,-106.21674481,2488.3872,10.91184,15.780511999999998,-0.089408,105.52411099675425
187.9,39.96090608,-106.21671184,2488.3872,11.00328,15.020544,-0.22352,106.68212057057248
188.0,39.96090259,-106.21669798,2488.3872,11.00328,13.902944,-0.089408,107.85622325731424
188.1,39.96089826,-106.21668132,2488.3872,10.91184,13.724128,0.0,109.26354902074796
188.2,39.96089443,-106.21666745,2488.3872,10.91184,13.768832,0.0,110.55604521958344
188.3,39.96088976,-106.21665234,2488.3872,10.91184,13.232384,0.0,112.09243316522408
188.4,39.96088532,-106.21664094,2488.3872,10.91184,12.383008,0.0,113.88127601760904
188.5,39.96088003,-106.21662631,2488.0824,10.78992,12.338304,0.0,115.737400858718
188.6,39.96087505,-106.21661366,2488.3872,10.91184,12.96416,0.0,118.17193709332474
188.7,39.96086997,-106.21660194,2488.3872,10.91184,11.801856,0.0,120.06858282186248
188.8,39.96086432,-106.216591,2488.3872,10.91184,11.354816,0.0,121.69580802710686
188.9,39.96085822,-106.21657883,2488.3872,10.91184,11.801856,0.0,124.27803094060904
189.0,39.96085261,-106.21656836,2488.3872,10.91184,11.62304,0.0,126.1884166885597
189.1,39.96084665,-106.21655795,2488.3872,11.00328,10.95248,0.0,127.8306370813832
189.2,39.96084032,-106.21654789,2488.3872,11.00328,11.086592,0.0,129.94110195601155
189.3,39.96083476,-106.21653954,2488.3872,11.00328,10.237215999999998,0.0,131.65662385567288
189.4,39.96082934,-106.21653185,2488.3872,11.00328,9.16432,0.0,132.7093899573615
189.5,39.96082403,-106.21652476,2488.3872,11.00328,8.672576,0.0,134.1185960034179
189.6,39.96081911,-106.21651857,2488.3872,11.00328,8.04672,0.089408,135.93155659807746
189.7,39.96081451,-106.21651323,2488.3872,11.00328,7.242048,0.089408,137.25064089703756
189.8,39.96081016,-106.21650816,2488.3872,11.00328,6.660896,0.089408,137.95631065750365
189.9,39.96080521,-106.21650255,2488.3872,11.00328,6.884416,0.0,139.31062582482053
190.0,39.9608012,-106.21649814,2488.3872,11.09472,6.526784,0.0,140.5872439642044
190.1,39.96079671,-106.21649328,2488.3872,11.09472,6.169152,0.0,140.44033203100548
190.2,39.96079313,-106.21648937,2488.692,11.18616,5.81152,0.0,139.05934636479924
190.3,39.96078983,-106.21648551,2488.692,11.18616,5.051552,0.0,137.0025331318269
190.4,39.96078717,-106.21648223,2488.692,11.18616,4.515104,0.0,135.0
190.5,39.96078506,-106.21647878,2488.692,11.18616,3.933952,0.0,132.6337520085442
190.6,39.96078306,-106.21647593,2488.692,11.18616,3.531616,0.0,131.3255004791704
190.7,39.96078112,-106.21647294,2488.692,11.18616,3.308096,0.0,128.53018001482678
190.9,39.96077827,-106.21646806,2488.3872,11.09472,2.861056,0.089408,125.94211187138234
191.0,39.9607776,-106.21646601,2488.3872,11.09472,2.369312,0.089408,126.3268259521202
191.1,39.96077659,-106.21646405,2488.692,11.18616,1.966976,0.0,121.82744657667314
191.2,39.96077589,-106.21646262,2488.692,11.18616,1.78816,0.0,120.57922687248902
191.3,39.96077531,-106.21646135,2488.692,11.18616,1.34112,0.0,121.42956561483852
191.4,39.96077473,-106.21646003,2488.692,11.18616,1.34112,0.0,124.69515353123398
191.5,39.96077432,-106.21645935,2488.692,11.18616,0.938784,0.0,127.8749836510982
191.6,39.96077401,-106.21645889,2488.692,11.18616,0.67056,0.089408,125.53767779197436
191.7,39.96077376,-106.21645856,2488.692,11.18616,0.67056,0.089408,111.80140948635182
191.8,39.96077339,-106.21645848,2488.3872,11.09472,0.491744,0.089408,135.0
191.9,39.96077331,-106.21645826,2488.3872,11.09472,0.0,0.089408,135.0
192.0,39.96077325,-106.2164581,2488.3872,11.09472,0.491744,0.089408,90.0
192.1,39.96077317,-106.21645799,2488.3872,11.09472,0.0,0.089408,0.0
192.2,39.96077301,-106.21645771,2488.3872,11.00328,0.0,0.0,180.0
192.3,39.96077289,-106.21645764,2488.3872,11.00328,0.0,0.089408,180.0
192.5,39.9607727,-106.21645761,2488.3872,11.00328,0.0,0.0,0.0
192.6,39.96077242,-106.21645724,2488.3872,11.00328,0.0,0.0,0.0
192.7,39.96077237,-106.21645731,2488.3872,11.00328,0.0,0.0,0.0
192.8,39.96077236,-106.21645738,2488.3872,11.00328,0.0,0.0,0.0
192.9,39.9607724,-106.21645746,2488.3872,11.00328,0.0,0.0,0.0
193.0,39.96077244,-106.21645755,2488.3872,11.00328,0.0,0.0,0.0
193.1,39.96077255,-106.21645762,2488.3872,11.00328,0.0,0.0,0.0
193.2,39.9607726,-106.21645769,2488.3872,11.00328,0.0,0.0,0.0
193.3,39.96077266,-106.21645772,2488.3872,11.00328,0.0,0.0,0.0
193.4,39.96077271,-106.21645775,2488.3872,11.00328,0.491744,0.0,0.0
193.5,39.96077274,-106.21645768,2488.3872,11.00328,0.0,0.0,0.0
193.6,39.96077276,-106.21645769,2488.3872,11.00328,0.0,0.0,0.0
193.7,39.9607728,-106.21645771,2488.3872,11.00328,0.0,0.0,0.0
193.8,39.96077284,-106.21645773,2488.3872,11.00328,0.0,0.0,0.0
193.9,39.96077303,-106.21645774,2488.3872,11.09472,0.0,0.0,0.0
194.0,39.96077311,-106.21645777,2488.3872,11.09472,0.491744,0.0,0.0
194.1,39.96077314,-106.21645778,2488.3872,11.09472,0.0,0.0,0.0
194.2,39.96077318,-106.21645781,2488.3872,11.09472,0.0,0.0,0.0
194.3,39.96077333,-106.21645773,2488.3872,11.09472,0.0,0.0,0.0
194.4,39.96077339,-106.21645776,2488.3872,11.09472,0.0,0.0,0.0
194.5,39.96077347,-106.21645779,2488.3872,11.09472,0.0,0.0,0.0
194.6,39.96077353,-106.21645782,2488.3872,11.09472,0.0,0.0,0.0
194.7,39.96077356,-106.21645786,2488.3872,11.00328,0.0,0.089408,0.0
194.8,39.96077372,-106.21645794,2488.3872,11.00328,0.0,0.089408,291.8014094863518
194.9,39.96077393,-106.21645834,2488.3872,11.09472,0.0,0.089408,307.8749836510982
195.0,39.96077426,-106.21645897,2488.3872,11.00328,0.491744,0.089408,304.5085229876684
195.1,39.96077485,-106.21646006,2488.3872,11.00328,0.67056,0.089408,305.75388725443673
195.2,39.96077571,-106.21646173,2488.3872,11.09472,1.34112,0.0,305.36246188706906
195.3,39.96077683,-106.21646371,2488.3872,11.09472,1.877568,0.0,307.3493490446406
195.4,39.96077803,-106.21646577,2488.3872,11.09472,2.190496,0.0,307.0730733173104
195.5,39.96077965,-106.21646847,2488.3872,11.09472,2.503424,0.0,308.1075768775149
195.6,39.96078154,-106.21647144,2488.3872,11.09472,3.12928,0.0,308.7843641002973
195.7,39.96078355,-106.21647469,2488.3872,11.09472,3.442208,0.0,307.8749836510982
195.8,39.96078578,-106.21647829,2488.3872,11.09472,3.755136,0.0,309.06258390051846
195.9,39.96078826,-106.2164823,2488.3872,11.09472,4.157472,0.0,309.0355128987469
196.0,39.96079109,-106.21648693,2488.3872,11.09472,4.69392,0.0,308.7459672560836
196.1,39.96079394,-106.21649148,2488.3872,11.09472,5.051552,0.0,309.06847307508025
196.2,39.96079685,-106.21649608,2488.3872,11.09472,5.051552,0.0,308.8113840367584
196.4,39.96080321,-106.21650591,2488.3872,11.00328,5.36448,0.0,310.08343399399
196.5,39.96080662,-106.21651108,2488.3872,11.00328,5.588,0.0,310.6012946450045
196.6,39.96081016,-106.21651654,2488.3872,11.00328,5.945632,0.0,310.0062560141766
196.7,39.96081438,-106.2165231,2488.3872,10.91184,6.7056,0.0,310.19204603696954
196.8,39.96081839,-106.2165293,2488.3872,10.91184,7.1079360000000005,0.0,310.4057466687336
196.9,39.96082282,-106.21653616,2488.3872,10.91184,7.286752,0.0,309.8935154276716
197.1,39.96083195,-106.21655017,2488.3872,10.91184,7.778496,0.0,309.8460914387722
197.2,39.96083667,-106.2165574,2488.3872,10.91184,7.912608,0.0,310.23635830927384
197.3,39.96084184,-106.21656539,2488.3872,10.91184,8.49376,0.0,310.7636052009412
197.4,39.96084687,-106.21657307,2488.3872,10.91184,8.761984,0.089408,310.9143832200251
197.5,39.96085231,-106.21658131,2488.0824,10.78992,8.896096,0.0,310.05592558920216
197.6,39.96085732,-106.21658897,2488.0824,10.78992,8.9408,0.0,309.7705492265088
197.7,39.96086298,-106.21659779,2488.0824,10.78992,9.209024,0.0,309.5328984119112
197.8,39.96086859,-106.21660649,2488.0824,10.78992,9.745472,0.0,309.67271155181334
197.9,39.96087501,-106.21661662,2488.0824,10.78992,10.460736,0.0,309.25373079020375
198.0,39.96088088,-106.21662588,2488.0824,10.78992,10.72896,0.0,309.0094052820752
198.1,39.96088684,-106.21663534,2488.0824,10.78992,10.326624,0.0,309.6495372200691
198.2,39.96089258,-106.21664454,2488.0824,10.78992,10.28192,0.0,309.7130591497647
198.3,39.9608989,-106.2166545,2488.0824,10.78992,10.550144,0.0,309.5674601326229
198.4,39.96090504,-106.2166642,2488.0824,10.78992,10.863072,0.0,309.6290053044643
198.5,39.96091134,-106.21667417,2488.0824,10.78992,10.907775999999998,0.0,309.60473543178693
198.6,39.96091793,-106.2166847,2488.0824,10.78992,11.310112,0.0,309.5523006320783
198.7,39.96092491,-106.21669562,2488.0824,10.78992,11.84656,0.0,309.4724598483438
198.8,39.96093167,-106.21670613,2488.0824,10.698480000000002,11.935968,-0.089408,309.8602426210094
198.9,39.96093853,-106.21671666,2488.0824,10.698480000000002,11.712448,-0.089408,309.8602426210094
199.0,39.96094567,-106.21672728,2488.0824,10.698480000000002,11.935968,-0.089408,310.34838554335937
199.1,39.9609534,-106.2167391,2488.0824,10.78992,12.651232,-0.22352,310.62441642724934
199.2,39.96096,-106.21674918,2488.0824,10.78992,12.2936,-0.22352,310.13548556223947
199.4,39.96097406,-106.21677048,2488.0824,10.78992,11.757152,-0.089408,310.5063162330167
199.5,39.96098142,-106.21678153,2488.0824,10.78992,12.159488,-0.089408,310.45727539361707
199.6,39.96098765,-106.21679106,2488.0824,10.78992,11.578335999999998,-0.089408,310.11881527480966
199.7,39.96099446,-106.21680151,2488.0824,10.78992,11.176,-0.089408,310.32986964069903
199.8,39.96100086,-106.21681134,2488.0824,10.78992,11.354816,-0.089408,310.27688821020973
199.9,39.96100706,-106.21682114,2488.3872,10.91184,10.907775999999998,-0.089408,310.22269368289017
200.0,39.96101326,-106.21683073,2488.0824,10.78992,10.773664,-0.089408,310.16724401286507
200.1,39.96102005,-106.21684116,2488.0824,10.78992,11.176,-0.089408,310.392091450508
200.2,39.96102604,-106.21685037,2488.0824,10.78992,10.95248,0.0,310.3366508941604
200.3,39.96103175,-106.21685903,2488.0824,10.78992,10.013696,-0.089408,310.710846671181
200.4,39.96103708,-106.2168672,2488.0824,10.78992,9.432544,-0.089408,310.3444925719864
200.5,39.96104308,-106.2168764,2488.0824,10.78992,9.700768,-0.089408,310.7493454253488
200.6,39.9610485,-106.21688473,2488.0824,10.698480000000002,9.790176,-0.089408,310.53915174148347
200.7,39.96105385,-106.21689313,2488.0824,10.698480000000002,9.343136,-0.089408,310.30713749441014
200.8,39.9610585,-106.21690031,2488.0824,10.698480000000002,8.672576,0.0,310.2551007945435
200.9,39.96106321,-106.21690749,2488.0824,10.698480000000002,8.04672,-0.089408,309.8935154276716
201.0,39.96106702,-106.21691331,2488.0824,10.698480000000002,7.286752,-0.089408,310.32258214111823
201.1,39.96107116,-106.21691965,2488.0824,10.698480000000002,6.795007999999999,-0.089408,310.0062560141766
201.2,39.96107454,-106.21692476,2488.0824,10.78992,6.437376,-0.089408,310.1864491062935
201.3,39.96107806,-106.21693013,2488.0824,10.78992,5.900928,0.0,310.7515454706387
201.4,39.96108118,-106.21693479,2488.0824,10.78992,5.632704,0.0,311.0424468858721
201.5,39.9610842,-106.2169392,2488.0824,10.78992,5.14096,0.0,312.70938995736145
201.6,39.9610869,-106.2169429,2488.0824,10.78992,4.69392,0.0,312.9974668681731
201.7,39.96108968,-106.21694665,2488.0824,10.78992,4.380992,0.0,313.7811247648687
201.8,39.96109234,-106.21695017,2488.0824,10.78992,4.336288,0.0,313.7811247648687
201.9,39.96109544,-106.21695425,2488.0824,10.78992,4.559807999999999,0.0,314.23610153907
202.0,39.96109823,-106.21695769,2488.3872,10.91184,4.604512000000001,0.0,314.2559407971113
202.1,39.96110179,-106.21696251,2488.3872,10.91184,4.962144,0.0,313.6196459265556
202.2,39.96110516,-106.21696711,2488.3872,10.91184,5.588,0.0,312.73524545177656
202.3,39.96110886,-106.21697227,2488.3872,10.91184,5.722112,0.0,313.7811247648687
202.5,39.96111712,-106.21698386,2488.3872,11.00328,6.48208,0.0,313.34769532234867
202.6,39.96112122,-106.21698963,2488.3872,11.00328,6.750304,-0.089408,312.6029714699404
202.7,39.96112589,-106.21699631,2488.3872,11.00328,7.197344,-0.089408,312.1505254393228
202.8,39.96112996,-106.21700217,2488.3872,11.00328,7.242048,-0.089408,312.1505254393228
202.9,39.96113537,-106.21701031,2488.3872,11.09472,7.957312,-0.089408,312.0980895311164
203.0,39.96113947,-106.21701637,2488.3872,11.09472,8.04672,-0.089408,311.698134325565
203.1,39.96114345,-106.21702228,2488.3872,11.09472,6.795007999999999,-0.089408,311.2245341757102
203.2,39.96114681,-106.21702729,2488.3872,11.09472,6.169152,0.0,310.93663400706697
203.3,39.96114965,-106.21703175,2488.3872,11.09472,5.319776,0.0,310.1792339219073
203.4,39.96115238,-106.21703588,2488.692,11.18616,4.783328,0.0,309.7376046004049
203.5,39.96115511,-106.21703998,2488.3872,11.09472,4.69392,0.0,311.29537255792286
203.6,39.96115745,-106.21704351,2488.3872,11.09472,4.291583999999999,0.0,310.8818102960112
203.8,39.96116111,-106.21704896,2488.3872,11.09472,3.397504,0.089408,310.13548556223947
203.9,39.96116274,-106.21705158,2488.3872,11.09472,3.039872,0.089408,308.33334010909863
204.0,39.96116387,-106.21705345,2488.692,11.18616,2.45872,0.089408,308.453709216706
204.1,39.96116451,-106.21705476,2488.692,11.18616,1.6987519999999998,0.089408,308.6598082540901
204.2,39.96116509,-106.21705583,2488.692,11.18616,1.251712,0.089408,305.83765295427827
204.3,39.96116547,-106.2170565,2488.3872,11.09472,0.938784,0.089408,307.8749836510982
204.4,39.96116561,-106.21705677,2488.3872,11.09472,0.67056,0.089408,291.8014094863518
204.5,39.96116568,-106.21705689,2488.3872,11.09472,0.0,0.089408,0.0
204.6,39.96116563,-106.21705654,2488.3872,11.09472,0.0,0.0,0.0
204.7,39.96116555,-106.21705639,2488.3872,11.09472,0.0,0.0,0.0
204.8,39.96116546,-106.21705622,2488.3872,11.09472,0.0,0.0,0.0
204.9,39.96116544,-106.21705616,2488.3872,11.09472,0.0,0.0,0.0
205.0,39.96116569,-106.21705633,2488.692,11.18616,0.0,0.0,0.0
205.1,39.96116568,-106.21705641,2488.692,11.18616,0.0,0.0,0.0
205.2,39.96116564,-106.21705647,2488.692,11.18616,0.0,0.0,0.0
205.3,39.96116558,-106.21705656,2488.692,11.18616,0.0,0.089408,0.0
205.4,39.96116584,-106.21705727,2488.692,11.30808,0.491744,0.0,0.0
205.5,39.96116579,-106.21705727,2488.692,11.30808,0.0,0.089408,0.0
205.6,39.96116573,-106.21705723,2488.692,11.30808,0.0,0.089408,180.0
205.7,39.96116559,-106.21705711,2488.692,11.30808,0.0,0.089408,180.0
205.8,39.96116561,-106.21705714,2488.692,11.18616,0.0,0.089408,135.0
205.9,39.96116545,-106.21705699,2488.692,11.18616,0.0,0.089408,135.0
206.0,39.96116532,-106.21705684,2488.692,11.18616,0.0,0.089408,135.0
206.1,39.96116517,-106.21705668,2488.692,11.18616,0.0,0.089408,135.0
206.2,39.96116507,-106.21705652,2488.692,11.18616,0.0,0.089408,135.0
206.3,39.96116493,-106.21705634,2488.692,11.18616,0.0,0.089408,135.0
206.4,39.96116481,-106.21705619,2488.692,11.18616,0.0,0.089408,180.0
206.5,39.96116469,-106.21705607,2488.692,11.18616,0.491744,0.089408,180.0
206.6,39.96116461,-106.21705598,2488.692,11.18616,0.0,0.089408,180.0
206.7,39.96116448,-106.21705595,2488.692,11.18616,0.0,0.089408,180.0
206.8,39.9611644,-106.21705587,2488.692,11.18616,0.0,0.089408,180.0
206.9,39.96116431,-106.21705584,2488.692,11.18616,0.0,0.089408,0.0
207.0,39.96116423,-106.21705581,2488.692,11.18616,0.0,0.089408,0.0
207.1,39.96116407,-106.2170558,2488.692,11.18616,0.0,0.089408,0.0
207.2,39.961164,-106.21705572,2488.692,11.18616,0.0,0.089408,0.0
207.3,39.96116393,-106.21705559,2488.692,11.18616,0.0,0.089408,0.0
207.4,39.96116387,-106.21705548,2488.692,11.18616,0.0,0.089408,0.0
207.5,39.96116374,-106.21705515,2488.692,11.18616,0.0,0.089408,0.0
207.7,39.96116376,-106.21705497,2488.3872,11.09472,0.0,0.089408,0.0
207.8,39.96116381,-106.21705495,2488.692,11.18616,0.0,0.0,0.0
207.9,39.96116386,-106.21705511,2488.692,11.18616,0.0,0.0,0.0
208.0,39.9611639,-106.21705512,2488.692,11.18616,0.0,0.0,0.0
208.1,39.96116396,-106.21705507,2488.692,11.18616,0.0,0.0,0.0
208.2,39.96116402,-106.21705503,2488.692,11.18616,0.0,0.0,0.0
208.3,39.96116407,-106.21705499,2488.692,11.18616,0.0,0.0,0.0
208.4,39.9611641,-106.21705494,2488.692,11.18616,0.0,0.0,0.0
208.5,39.96116412,-106.2170549,2488.3872,11.09472,0.0,0.089408,0.0
208.6,39.96116412,-106.21705488,2488.692,11.18616,0.0,0.089408,0.0
208.7,39.96116411,-106.2170549,2488.3872,11.09472,0.0,0.0,0.0
208.8,39.96116399,-106.217055,2488.3872,11.09472,0.0,0.089408,0.0
208.9,39.96116403,-106.21705504,2488.3872,11.09472,0.0,0.089408,0.0
209.1,39.96116413,-106.2170551,2488.3872,11.09472,0.0,0.089408,0.0
209.2,39.96116422,-106.21705518,2488.3872,11.09472,0.312928,0.089408,0.0
209.3,39.96116424,-106.21705522,2488.3872,11.09472,0.0,0.089408,0.0
209.4,39.96116424,-106.21705528,2488.3872,11.09472,0.0,0.089408,0.0
209.5,39.96116423,-106.21705537,2488.3872,11.09472,0.0,0.0,0.0
209.6,39.96116423,-106.21705545,2488.3872,11.09472,0.0,0.0,0.0
209.7,39.96116409,-106.21705546,2488.3872,11.09472,0.0,0.0,0.0
209.8,39.96116409,-106.21705548,2488.3872,11.09472,0.0,0.0,0.0
209.9,39.96116414,-106.21705546,2488.3872,11.09472,0.0,0.0,0.0
210.0,39.96116418,-106.21705544,2488.3872,11.09472,0.0,0.0,0.0
210.1,39.96116421,-106.21705527,2488.3872,11.09472,0.0,0.0,0.0
210.2,39.96116422,-106.21705525,2488.3872,11.09472,0.0,0.0,0.0
210.3,39.96116421,-106.21705528,2488.3872,11.09472,0.491744,0.0,0.0
210.4,39.96116422,-106.21705532,2488.3872,11.09472,0.67056,0.0,0.0
210.5,39.96116418,-106.2170555,2488.3872,11.09472,0.0,0.0,0.0
210.6,39.9611642,-106.21705556,2488.3872,11.09472,0.491744,0.0,0.0
210.7,39.96116422,-106.21705558,2488.3872,11.09472,0.0,0.0,0.0
210.8,39.96116425,-106.21705558,2488.3872,11.09472,0.0,0.0,0.0
210.9,39.96116435,-106.21705548,2488.3872,11.09472,0.0,0.0,0.0
211.0,39.9611644,-106.21705545,2488.3872,11.00328,0.0,0.0,0.0
211.1,39.96116442,-106.2170554,2488.3872,11.00328,0.491744,0.0,0.0
211.2,39.96116444,-106.21705535,2488.3872,11.00328,0.0,0.0,0.0
211.3,39.96116447,-106.21705535,2488.3872,11.00328,0.67056,0.0,0.0
211.4,39.96116449,-106.21705534,2488.3872,11.00328,0.0,0.0,0.0
211.5,39.96116452,-106.21705528,2488.3872,11.00328,0.67056,0.0,0.0
211.6,39.96116455,-106.21705524,2488.3872,11.00328,0.0,0.0,0.0
211.7,39.96116459,-106.21705524,2488.3872,11.00328,0.0,0.0,0.0
211.8,39.96116468,-106.21705523,2488.3872,11.00328,0.0,0.0,0.0
211.9,39.96116469,-106.21705522,2488.3872,11.00328,0.0,0.0,0.0
212.0,39.96116471,-106.21705522,2488.3872,11.00328,0.0,0.0,0.0
212.1,39.96116478,-106.21705519,2488.3872,11.00328,0.0,0.0,0.0
212.2,39.96116483,-106.21705512,2488.3872,11.00328,0.0,0.0,0.0
212.3,39.96116486,-106.21705512,2488.3872,11.00328,0.0,0.0,0.0
212.4,39.96116489,-106.21705511,2488.3872,11.00328,0.0,0.0,0.0
212.5,39.96116491,-106.21705509,2488.3872,11.00328,0.0,0.0,0.0
212.6,39.96116483,-106.2170551,2488.3872,11.00328,0.0,0.0,0.0
212.7,39.96116483,-106.21705511,2488.3872,11.00328,0.0,0.0,0.0
212.8,39.96116484,-106.21705513,2488.3872,11.00328,0.0,0.0,0.0
212.9,39.96116488,-106.21705513,2488.3872,11.00328,0.0,0.0,0.0
213.0,39.96116491,-106.21705516,2488.3872,11.00328,0.0,0.0,0.0
213.1,39.96116485,-106.21705531,2488.3872,11.00328,0.0,0.0,0.0
213.2,39.96116485,-106.21705535,2488.3872,11.00328,0.0,0.0,0.0
213.3,39.96116488,-106.21705536,2488.3872,11.00328,0.0,0.0,0.0
213.4,39.9611649,-106.21705538,2488.3872,11.00328,0.0,0.0,0.0
213.5,39.96116487,-106.21705532,2488.3872,11.00328,0.0,0.0,0.0
213.7,39.96116477,-106.21705535,2488.3872,11.00328,0.0,0.0,0.0
213.8,39.96116469,-106.21705535,2488.3872,11.00328,0.0,0.0,0.0
213.9,39.96116452,-106.21705524,2488.3872,11.00328,0.0,0.0,0.0
214.0,39.96116448,-106.21705522,2488.3872,11.00328,0.0,0.0,0.0
214.1,39.96116441,-106.2170552,2488.3872,11.00328,0.0,0.0,0.0
214.2,39.96116434,-106.2170552,2488.3872,11.00328,0.0,0.0,0.0
214.3,39.96116421,-106.21705505,2488.3872,11.00328,0.0,0.0,0.0
214.5,39.96116413,-106.21705506,2488.3872,11.00328,0.0,0.0,0.0
214.6,39.96116412,-106.21705509,2488.3872,11.00328,0.0,0.0,0.0
214.7,39.96116413,-106.21705513,2488.3872,11.00328,0.0,0.0,0.0
214.8,39.96116417,-106.21705521,2488.3872,11.00328,0.0,0.0,0.0
214.9,39.96116419,-106.21705524,2488.3872,11.00328,0.0,0.0,0.0
215.0,39.9611642,-106.21705528,2488.3872,11.00328,0.0,0.0,0.0
215.1,39.96116419,-106.21705531,2488.3872,11.00328,0.0,0.0,0.0
215.2,39.96116414,-106.21705529,2488.3872,11.00328,0.0,0.0,0.0
215.3,39.9611642,-106.21705536,2488.3872,11.00328,0.0,0.0,0.0
215.4,39.96116425,-106.21705542,2488.3872,11.00328,0.491744,0.0,0.0
215.5,39.96116426,-106.21705547,2488.3872,11.00328,0.0,0.0,0.0
215.6,39.96116434,-106.21705559,2488.3872,11.00328,0.0,0.0,0.0
215.7,39.96116438,-106.21705563,2488.3872,11.00328,0.0,0.0,0.0
215.8,39.96116442,-106.21705568,2488.3872,11.00328,0.491744,0.0,0.0
215.9,39.96116441,-106.21705572,2488.3872,11.00328,0.0,0.0,0.0
216.0,39.96116442,-106.21705575,2488.3872,11.00328,0.67056,0.0,0.0
216.1,39.96116446,-106.21705579,2488.3872,11.00328,0.491744,0.0,0.0
216.2,39.9611645,-106.21705581,2488.3872,11.00328,0.0,0.0,0.0
216.3,39.96116451,-106.21705579,2488.3872,11.00328,0.0,0.0,0.0
216.4,39.96116449,-106.21705562,2488.3872,11.00328,0.0,0.0,0.0
216.5,39.96116449,-106.21705558,2488.3872,11.00328,0.0,0.0,0.0
216.6,39.96116449,-106.21705554,2488.3872,11.00328,0.0,0.0,0.0
216.7,39.96116453,-106.21705546,2488.3872,11.00328,0.0,0.0,0.0
216.8,39.96116458,-106.21705539,2488.3872,11.09472,0.0,0.0,0.0
216.9,39.96116463,-106.21705517,2488.3872,11.09472,0.0,0.0,0.0
217.0,39.96116466,-106.2170551,2488.3872,11.09472,0.0,0.0,0.0
217.1,39.96116472,-106.21705505,2488.3872,11.09472,0.0,0.0,0.0
217.2,39.96116477,-106.217055,2488.3872,11.09472,0.0,0.0,0.0
217.3,39.96116479,-106.2170548,2488.3872,11.09472,0.0,0.0,0.0
217.4,39.9611648,-106.21705474,2488.3872,11.09472,0.0,0.0,0.0
217.5,39.96116484,-106.21705466,2488.3872,11.09472,0.0,0.0,0.0
217.6,39.96116489,-106.21705461,2488.3872,11.09472,0.0,0.0,0.0
217.7,39.96116501,-106.21705454,2488.3872,11.09472,0.0,0.0,0.0
217.8,39.96116507,-106.21705456,2488.3872,11.09472,0.0,0.0,0.0
217.9,39.96116514,-106.21705462,2488.3872,11.09472,0.0,0.0,0.0
218.0,39.9611652,-106.21705467,2488.3872,11.09472,0.0,0.0,0.0
218.1,39.96116529,-106.21705473,2488.3872,11.09472,0.0,0.0,0.0
218.2,39.96116533,-106.21705474,2488.3872,11.09472,0.0,0.0,0.0
218.3,39.96116538,-106.21705475,2488.3872,11.09472,0.0,0.0,0.0
218.4,39.96116541,-106.21705477,2488.3872,11.09472,0.0,0.0,0.0
218.5,39.9611654,-106.21705484,2488.3872,11.09472,0.0,0.0,0.0
218.6,39.96116531,-106.21705496,2488.3872,11.09472,0.0,0.0,0.0
218.7,39.96116532,-106.21705502,2488.3872,11.09472,0.491744,0.0,0.0
218.8,39.96116532,-106.21705508,2488.3872,11.09472,0.0,0.0,0.0
218.9,39.96116528,-106.21705513,2488.3872,11.09472,0.0,0.0,0.0
219.0,39.9611652,-106.2170551,2488.3872,11.09472,0.0,0.0,0.0
219.1,39.96116514,-106.21705517,2488.3872,11.09472,0.0,0.0,0.0
219.2,39.96116507,-106.21705523,2488.3872,11.09472,0.0,0.0,0.0
219.3,39.96116497,-106.21705528,2488.3872,11.09472,0.0,0.0,0.0
219.4,39.96116478,-106.21705533,2488.3872,11.09472,0.0,0.0,0.0
219.5,39.96116471,-106.21705533,2488.3872,11.00328,0.0,0.0,0.0
219.6,39.96116465,-106.21705531,2488.3872,11.00328,0.0,0.0,0.0
219.7,39.96116461,-106.21705528,2488.3872,11.00328,0.0,0.0,0.0
219.8,39.9611645,-106.21705516,2488.3872,11.00328,0.0,0.0,0.0
219.9,39.9611644,-106.21705514,2488.3872,11.00328,0.0,0.0,0.0
220.0,39.96116433,-106.21705513,2488.3872,11.00328,0.0,0.0,0.0
220.1,39.96116427,-106.21705516,2488.3872,10.91184,0.0,0.0,0.0
220.2,39.96116422,-106.21705521,2488.3872,10.91184,0.491744,0.0,0.0
220.3,39.9611642,-106.2170553,2488.3872,10.91184,0.0,0.0,0.0
220.4,39.96116418,-106.21705538,2488.3872,10.91184,0.0,0.0,0.0
220.5,39.96116418,-106.21705548,2488.3872,10.91184,0.0,0.0,0.0
220.6,39.96116419,-106.21705556,2488.3872,10.91184,0.0,0.0,0.0
220.7,39.96116411,-106.21705569,2488.3872,10.91184,0.0,0.0,0.0
220.8,39.96116409,-106.21705578,2488.3872,10.91184,0.0,0.0,0.0
220.9,39.96116405,-106.2170558,2488.3872,10.91184,0.0,0.0,0.0
221.0,39.96116402,-106.21705581,2488.3872,10.91184,0.0,0.0,0.0
221.1,39.96116385,-106.21705567,2488.3872,10.91184,0.0,0.0,0.0
221.2,39.96116385,-106.21705566,2488.3872,10.91184,0.491744,0.0,0.0
221.3,39.9611639,-106.21705562,2488.3872,10.91184,0.0,0.0,0.0
221.4,39.96116394,-106.2170556,2488.3872,10.91184,0.0,0.0,0.0
221.5,39.9611639,-106.21705554,2488.3872,10.91184,0.0,0.0,0.0
221.6,39.96116392,-106.21705555,2488.3872,10.91184,0.0,0.0,0.0
221.7,39.96116395,-106.21705551,2488.3872,10.91184,0.0,0.0,0.0
221.8,39.96116399,-106.21705547,2488.3872,10.91184,0.0,0.0,0.0
221.9,39.96116403,-106.21705546,2488.0824,10.78992,0.0,0.0,0.0
222.0,39.96116403,-106.21705535,2488.0824,10.78992,0.0,0.0,0.0
222.1,39.96116406,-106.21705536,2488.0824,10.78992,0.0,0.0,0.0
222.2,39.96116408,-106.21705536,2488.3872,10.91184,0.491744,0.0,0.0
222.3,39.9611641,-106.21705533,2488.3872,10.91184,0.0,0.0,0.0
222.4,39.96116402,-106.21705524,2488.3872,10.91184,0.491744,0.0,0.0
222.5,39.96116403,-106.2170552,2488.3872,10.91184,0.0,0.0,0.0
222.6,39.96116405,-106.21705517,2488.3872,10.91184,0.0,0.0,0.0
222.7,39.96116411,-106.21705517,2488.3872,10.91184,0.0,0.0,0.0
222.8,39.96116415,-106.21705511,2488.0824,10.78992,0.0,0.0,0.0
222.9,39.96116423,-106.21705507,2488.0824,10.78992,0.0,0.0,0.0
223.0,39.9611643,-106.21705505,2488.3872,10.91184,0.0,0.0,0.0
223.1,39.96116433,-106.21705507,2488.3872,10.91184,0.0,0.0,0.0
223.2,39.96116433,-106.21705508,2488.0824,10.78992,0.0,0.0,0.0
223.3,39.96116438,-106.21705511,2488.0824,10.78992,0.0,0.0,0.0
223.4,39.96116443,-106.21705514,2488.3872,10.91184,0.0,0.0,0.0
223.5,39.96116448,-106.21705515,2488.3872,10.91184,0.0,0.0,0.0
223.6,39.96116451,-106.21705518,2488.3872,10.91184,0.0,0.0,0.0
223.7,39.96116451,-106.21705532,2488.3872,10.91184,0.0,0.0,0.0
223.8,39.96116451,-106.2170554,2488.3872,10.91184,0.0,0.0,0.0
223.9,39.9611645,-106.21705544,2488.3872,10.91184,0.0,0.0,0.0
224.0,39.9611645,-106.21705548,2488.3872,10.91184,0.0,0.0,0.0
224.1,39.96116453,-106.21705553,2488.3872,10.91184,0.0,0.0,0.0
224.2,39.96116455,-106.21705558,2488.3872,10.91184,0.0,0.0,0.0
224.3,39.96116456,-106.21705559,2488.3872,10.91184,0.0,0.0,0.0
224.4,39.96116457,-106.2170556,2488.3872,10.91184,0.0,0.0,0.0
224.5,39.96116456,-106.21705546,2488.3872,10.91184,0.0,0.0,0.0
224.6,39.96116457,-106.21705547,2488.3872,10.91184,0.0,0.0,0.0
224.7,39.96116454,-106.21705547,2488.3872,10.91184,0.0,0.0,0.0
224.8,39.9611645,-106.21705548,2488.3872,10.91184,0.0,0.0,0.0
224.9,39.96116448,-106.21705553,2488.3872,10.91184,0.0,0.0,0.0
225.0,39.96116437,-106.21705557,2488.3872,10.91184,0.0,0.0,0.0
225.1,39.96116432,-106.21705557,2488.3872,10.91184,0.0,0.0,0.0
225.2,39.96116428,-106.21705557,2488.3872,10.91184,0.0,0.0,0.0
225.3,39.96116428,-106.21705556,2488.3872,10.91184,0.0,0.0,0.0
225.4,39.96116422,-106.21705547,2488.3872,10.91184,0.0,0.0,0.0
225.5,39.96116418,-106.21705543,2488.3872,10.91184,0.0,0.0,0.0
225.6,39.96116416,-106.2170554,2488.3872,10.91184,0.0,0.0,0.0
225.7,39.96116416,-106.21705541,2488.3872,10.91184,0.0,0.0,0.0
225.8,39.96116412,-106.2170553,2488.3872,10.91184,0.0,0.0,0.0
225.9,39.96116409,-106.21705533,2488.3872,10.91184,0.0,0.0,0.0
226.0,39.96116407,-106.21705536,2488.3872,10.91184,0.0,0.0,0.0
226.1,39.96116407,-106.21705538,2488.3872,10.91184,0.0,0.0,0.0
226.2,39.96116406,-106.2170554,2488.3872,10.91184,0.0,0.0,0.0
226.3,39.96116409,-106.21705542,2488.3872,10.91184,0.0,0.0,0.0
226.4,39.96116413,-106.21705544,2488.3872,10.91184,0.0,0.0,0.0
226.5,39.96116423,-106.21705546,2488.3872,11.00328,0.0,0.0,0.0
226.6,39.96116431,-106.21705548,2488.3872,10.91184,0.0,0.0,0.0
226.7,39.96116458,-106.21705554,2488.3872,10.91184,0.0,0.0,0.0
226.8,39.96116465,-106.2170556,2488.3872,11.00328,0.0,0.0,0.0
226.9,39.96116468,-106.21705562,2488.3872,11.00328,0.491744,0.0,0.0
227.0,39.96116469,-106.21705563,2488.3872,11.00328,0.0,0.0,0.0
227.1,39.96116452,-106.21705563,2488.3872,11.00328,0.67056,0.0,0.0
227.2,39.96116445,-106.21705564,2488.3872,11.00328,0.0,0.0,0.0
227.3,39.96116438,-106.21705561,2488.3872,11.00328,0.0,0.0,0.0
227.4,39.96116433,-106.21705559,2488.3872,11.00328,0.0,0.0,0.0
227.5,39.96116423,-106.21705557,2488.3872,11.00328,0.0,0.0,0.0
227.6,39.96116424,-106.21705554,2488.3872,11.00328,0.0,0.0,0.0
227.7,39.96116428,-106.21705549,2488.3872,10.91184,0.0,0.0,0.0
227.8,39.96116432,-106.21705543,2488.3872,11.00328,0.0,0.0,0.0
227.9,39.96116436,-106.21705535,2488.3872,11.00328,0.0,0.0,0.0
228.0,39.96116436,-106.2170553,2488.3872,11.00328,0.0,0.0,0.0
228.1,39.96116435,-106.21705524,2488.3872,11.00328,0.0,0.0,0.0
228.2,39.96116433,-106.2170552,2488.3872,11.00328,0.0,0.0,0.0
228.3,39.96116424,-106.21705515,2488.3872,11.00328,0.0,0.0,0.0
228.4,39.96116423,-106.21705518,2488.3872,11.00328,0.0,0.0,0.0
228.5,39.96116422,-106.21705525,2488.3872,11.00328,0.0,0.0,0.0
228.6,39.96116423,-106.21705531,2488.3872,11.00328,0.0,0.0,0.0
228.7,39.96116427,-106.21705536,2488.3872,11.00328,0.491744,0.089408,0.0
228.8,39.96116436,-106.21705539,2488.3872,11.00328,0.0,0.0,0.0
228.9,39.96116438,-106.21705541,2488.3872,11.00328,0.0,0.0,0.0
229.0,39.96116439,-106.2170554,2488.3872,11.00328,0.0,0.0,0.0
229.1,39.96116441,-106.2170553,2488.3872,11.00328,0.0,0.0,0.0
229.2,39.9611644,-106.21705502,2488.3872,11.00328,0.0,0.0,0.0
229.3,39.96116443,-106.21705488,2488.3872,11.00328,0.0,0.0,0.0
229.4,39.96116446,-106.21705474,2488.3872,11.00328,0.0,0.0,0.0
229.5,39.96116447,-106.21705463,2488.3872,11.09472,0.0,0.0,0.0
229.6,39.9611644,-106.21705446,2488.3872,11.09472,0.0,0.0,0.0
229.7,39.9611645,-106.21705435,2488.3872,11.09472,0.0,0.0,0.0
229.9,39.96116469,-106.21705418,2488.3872,11.09472,0.0,0.0,0.0
230.0,39.96116476,-106.21705413,2488.3872,11.09472,0.0,0.0,0.0
230.1,39.96116496,-106.21705416,2488.692,11.18616,0.0,0.0,0.0
230.2,39.96116502,-106.21705413,2488.692,11.18616,0.491744,0.0,0.0
230.3,39.96116509,-106.21705401,2488.692,11.18616,0.0,0.0,90.0
230.4,39.96116517,-106.21705376,2488.692,11.18616,0.0,0.0,74.05460409907715
230.5,39.9611653,-106.21705306,2488.692,11.18616,0.67056,0.0,82.8749836510982
230.7,39.96116571,-106.21705045,2488.692,11.18616,0.983488,0.0,82.09283729704157
230.8,39.96116593,-106.21704847,2488.692,11.18616,1.34112,0.0,83.65980825409008
230.9,39.96116614,-106.21704501,2488.3872,11.09472,2.324608,0.0,87.95459151111277
231.0,39.96116634,-106.2170419,2488.3872,11.09472,2.861056,0.0,88.18169703554815
231.1,39.96116649,-106.21703808,2488.3872,11.09472,2.950464,0.0,88.4088597288054
231.2,39.9611666,-106.21703381,2488.3872,11.09472,3.442208,0.0,90.0
231.3,39.96116636,-106.21702832,2488.3872,11.09472,4.202176,0.0,90.0
231.4,39.96116635,-106.2170237,2488.692,11.18616,4.291583999999999,0.0,90.0
231.5,39.96116632,-106.21701818,2488.3872,11.09472,4.336288,0.0,90.0
231.6,39.96116625,-106.21701246,2488.3872,11.09472,4.783328,0.0,90.0
231.7,39.96116615,-106.21700588,2488.692,11.18616,5.230368,0.0,90.94695144677348
231.8,39.96116582,-106.21699878,2488.692,11.18616,5.81152,0.0,90.88140399658216
231.9,39.96116563,-106.21699128,2488.692,11.18616,6.25856,0.0,90.82434282084512
232.0,39.96116545,-106.21698448,2488.3872,11.09472,6.124447999999999,0.0,90.7902365024292
232.1,39.96116523,-106.21697648,2488.3872,11.09472,6.303264,0.0,90.75384833307078
232.2,39.96116495,-106.21696881,2488.3872,11.09472,6.660896,0.0,90.71171220603571
232.3,39.96116476,-106.21696011,2488.3872,11.00328,6.973824,0.0,91.70472831900724
232.4,39.96116451,-106.2169514,2488.3872,11.00328,7.420864000000001,0.0,92.26475454822344
232.5,39.96116411,-106.21694158,2488.3872,11.00328,7.912608,0.0,92.81555668421124
232.6,39.96116356,-106.21693203,2488.3872,11.00328,8.27024,0.0,94.81355089370652
232.7,39.96116278,-106.21692177,2488.3872,11.00328,8.449055999999999,0.0,95.79696861907
232.8,39.96116182,-106.21691169,2488.3872,11.00328,8.71728,0.0,97.53944513950933
232.9,39.96116058,-106.21690058,2488.3872,11.00328,9.119616,0.0,99.72757855140162
233.0,39.96115914,-106.21689003,2488.3872,11.00328,9.343136,0.0,101.30993247402024
233.1,39.9611572,-106.21687831,2488.3872,11.00328,9.656064,0.0,103.22580227371458
233.2,39.96115491,-106.21686637,2488.3872,11.00328,10.371328,0.0,105.32151007486482
233.3,39.96115215,-106.21685421,2488.3872,11.00328,10.639552,-0.089408,107.01076150467622
233.4,39.96114948,-106.21684334,2488.3872,11.09472,10.28192,-0.089408,108.19916505304542
233.6,39.96114284,-106.21682114,2488.3872,11.09472,10.013696,-0.089408,110.07152586453871
233.7,39.96113959,-106.21681013,2488.3872,11.09472,10.147808,-0.089408,110.90233417592935
233.8,39.96113632,-106.21679949,2488.3872,11.09472,9.924288,0.0,111.80140948635182
233.9,39.96113299,-106.21678943,2488.3872,11.09472,9.521952,0.0,112.2366966824643
234.0,39.96113017,-106.21678062,2488.3872,11.09472,8.71728,0.0,112.71441235316723
234.1,39.96112733,-106.21677176,2488.3872,11.09472,8.136128,0.0,113.19859051364818
234.2,39.96112469,-106.21676371,2488.3872,11.00328,7.8232,0.0,113.15308156411356
234.3,39.96112177,-106.21675585,2488.3872,11.00328,7.465567999999999,0.0,113.77634349723375
234.4,39.96111922,-106.2167485,2488.3872,11.00328,7.15264,0.0,113.7203955723046
234.5,39.96111691,-106.21674205,2488.3872,11.00328,6.437376,0.089408,113.70264595096626
234.6,39.96111475,-106.2167361,2488.3872,11.00328,5.81152,0.089408,113.6293777306568
234.7,39.96111302,-106.2167323,2488.3872,10.91184,4.649216,0.089408,115.88027367006885
234.8,39.96111119,-106.21672744,2488.3872,10.91184,4.202176,0.0,116.06466407828576
234.9,39.96110927,-106.21672263,2488.3872,10.91184,4.604512000000001,0.0,117.96223220437436
235.0,39.96110757,-106.21671854,2488.3872,10.91184,4.291583999999999,0.0,117.82409638425328
235.1,39.96110593,-106.21671485,2488.3872,10.91184,3.79984,0.0,121.09731288577944
235.2,39.96110402,-106.21671178,2488.3872,11.00328,3.486912,0.0,122.19573393471325
235.3,39.96110252,-106.21670909,2488.3872,11.00328,3.084576,0.0,127.0730733173104
235.4,39.96110121,-106.21670694,2488.3872,11.00328,2.592832,0.0,127.34934904464058
235.5,39.96109992,-106.21670513,2488.3872,11.00328,2.2352,0.0,128.88449643371462
235.6,39.96109825,-106.21670421,2488.3872,11.00328,2.01168,0.0,132.27368900609372
235.7,39.96109746,-106.21670311,2488.3872,11.09472,1.654048,0.0,138.3664606634298
235.8,39.96109685,-106.21670241,2488.3872,11.09472,0.938784,0.0,145.30484646876602
235.9,39.96109622,-106.21670197,2488.3872,11.09472,0.67056,0.0,150.94539590092285
236.0,39.96109556,-106.21670184,2488.3872,11.09472,0.491744,0.0,164.0546040990771
236.1,39.96109525,-106.21670174,2488.692,11.18616,0.491744,0.0,180.0
236.2,39.961095,-106.21670174,2488.692,11.18616,0.0,0.0,180.0
236.4,39.96109428,-106.21670165,2488.692,11.18616,0.44704,0.0,201.80140948635184
236.5,39.96109401,-106.21670178,2488.3872,11.09472,0.312928,0.0,201.80140948635184
236.6,39.96109379,-106.21670192,2488.3872,11.09472,0.0,0.0,201.80140948635184
236.7,39.96109345,-106.21670214,2488.3872,11.09472,0.0,0.402336,195.94539590092288
236.8,39.96109315,-106.21670232,2488.3872,11.00328,0.67056,0.804672,201.80140948635184
236.9,39.96109234,-106.21670216,2488.3872,10.91184,0.0,1.296416,201.80140948635184
237.0,39.96109209,-106.21670226,2488.0824,10.78992,0.67056,1.6987519999999998,201.80140948635184
237.1,39.96109187,-106.21670228,2487.7776000000003,10.48512,0.0,2.101088,180.0
237.2,39.96109171,-106.21670228,2487.7776000000003,10.30224,0.0,2.414016,0.0
237.3,39.96109144,-106.21670207,2487.4728,9.99744,0.0,2.592832,0.0
237.5,39.96109129,-106.21670194,2486.8632,9.38784,0.0,2.592832,90.0
237.6,39.96109125,-106.21670181,2486.5584000000003,9.20496,0.0,2.503424,90.0
237.7,39.96109131,-106.21670131,2486.2536,8.80872,0.0,2.503424,90.0
237.8,39.96109133,-106.2167011,2485.9488,8.59536,0.0,2.414016,0.0
237.9,39.96109133,-106.21670101,2485.9488,8.41248,0.0,2.279904,0.0
238.0,39.96109138,-106.21670098,2485.644,8.19912,0.0,2.190496,0.0
238.1,39.96109122,-106.21670082,2485.3392000000003,7.89432,0.0,2.101088,0.0
238.2,39.96109126,-106.21670079,2485.3392000000003,7.802880000000001,0.491744,2.01168,0.0
238.4,39.96109133,-106.21670079,2484.7296,7.315200000000001,0.0,2.01168,0.0
238.6,39.96109137,-106.21670094,2484.4248,6.88848,0.0,1.922272,0.0
238.7,39.96109145,-106.2167009,2484.1200000000003,6.7056,0.0,1.78816,0.0
238.8,39.96109151,-106.21670088,2484.1200000000003,6.61416,0.0,1.6987519999999998,0.0
238.9,39.96109155,-106.21670086,2483.8152,6.4008,0.0,1.609344,0.0
239.0,39.96109159,-106.21670077,2483.5104,6.1874400000000005,0.0,1.385824,0.0
239.1,39.96109163,-106.21670082,2483.5104,6.096,0.0,1.207008,0.0
239.2,39.96109169,-106.21670091,2483.5104,6.00456,0.0,1.1176,270.0
239.3,39.96109183,-106.21670107,2483.5104,6.00456,0.0,0.89408,315.0
239.4,39.9610921,-106.21670124,2483.2056,5.91312,0.0,0.581152,0.0
239.5,39.96109232,-106.21670137,2483.2056,5.91312,0.0,0.312928,0.0
239.6,39.96109248,-106.21670138,2483.2056,5.91312,0.0,0.089408,0.0
239.8,39.96109267,-106.21670122,2483.2056,5.7912,0.0,0.0,45.0
239.9,39.96109286,-106.21670096,2483.2056,5.7912,0.0,0.0,90.0
240.0,39.96109303,-106.21670075,2483.2056,5.7912,0.0,0.0,90.0
240.1,39.96109321,-106.21670054,2483.2056,5.7912,0.0,0.0,90.0
240.2,39.96109352,-106.21670013,2483.2056,5.91312,0.491744,0.0,0.0
240.3,39.96109363,-106.21670009,2483.2056,5.91312,0.0,0.0,0.0
240.4,39.96109371,-106.21670009,2483.2056,5.91312,0.0,0.0,0.0
240.5,39.96109376,-106.21670014,2483.2056,5.91312,0.0,0.0,0.0
240.6,39.9610938,-106.21670022,2483.2056,5.91312,0.0,0.0,0.0
240.7,39.96109387,-106.21670057,2483.2056,5.91312,0.0,0.0,270.0
240.8,39.96109392,-106.21670073,2483.2056,5.91312,0.0,0.0,270.0
240.9,39.96109395,-106.2167009,2483.2056,5.91312,0.0,0.0,270.0
241.0,39.96109396,-106.21670104,2483.2056,5.91312,0.0,0.0,270.0
241.1,39.9610939,-106.21670124,2483.2056,5.91312,0.0,0.0,0.0
241.2,39.96109388,-106.21670134,2483.2056,5.91312,0.0,0.0,0.0
241.3,39.96109385,-106.21670143,2483.2056,5.91312,0.0,0.0,0.0
241.4,39.96109382,-106.21670149,2483.2056,5.91312,0.0,0.0,0.0
241.5,39.96109374,-106.21670145,2483.2056,5.91312,0.0,0.0,0.0
241.6,39.96109367,-106.21670148,2483.2056,5.91312,0.0,0.0,0.0
241.7,39.96109365,-106.21670153,2483.2056,5.91312,0.0,0.0,0.0
241.8,39.96109362,-106.21670158,2483.2056,5.7912,0.0,0.0,0.0
241.9,39.96109353,-106.21670166,2483.2056,5.7912,0.0,0.0,0.0
242.0,39.96109352,-106.21670181,2483.2056,5.7912,0.0,0.0,0.0
242.1,39.96109351,-106.21670192,2483.2056,5.7912,0.0,0.0,0.0
242.2,39.96109351,-106.21670202,2483.2056,5.7912,0.0,0.0,0.0
242.3,39.96109353,-106.21670214,2483.2056,5.7912,0.0,0.0,0.0
242.4,39.96109368,-106.21670238,2483.2056,5.7912,0.0,0.0,0.0
242.5,39.96109387,-106.21670246,2483.2056,5.7912,0.0,0.0,0.0
242.6,39.96109416,-106.21670255,2483.2056,5.7912,0.0,0.0,0.0
242.7,39.96109465,-106.2167027,2483.2056,5.7912,0.0,0.0,351.2538377374448
242.8,39.96109529,-106.21670292,2483.2056,5.91312,0.67056,0.0,352.8749836510982
242.9,39.96109613,-106.21670309,2483.2056,5.91312,0.67056,0.0,353.6598082540901
243.0,39.96109683,-106.21670323,2483.2056,5.91312,0.938784,0.0,0.0
243.1,39.96109749,-106.21670337,2483.2056,5.91312,0.67056,0.0,0.0
243.2,39.96109787,-106.21670351,2483.2056,5.91312,0.67056,0.0,0.0
243.3,39.961098,-106.21670371,2483.2056,5.91312,0.0,0.0,180.0
243.4,39.96109777,-106.21670389,2483.2056,5.7912,0.491744,0.0,180.0
243.6,39.96109488,-106.2167039,2483.2056,5.7912,1.162304,0.0,180.0
243.7,39.96109305,-106.21670396,2483.2056,5.7912,1.743456,0.0,180.0
243.8,39.96109106,-106.21670401,2483.2056,5.7912,2.101088,0.0,180.0
243.9,39.96108845,-106.21670405,2483.2056,5.7912,2.548128,0.0,180.0
244.0,39.96108562,-106.2167041,2483.2056,5.7912,3.039872,0.0,180.0
244.1,39.9610816,-106.2167038,2483.2056,5.7912,3.79984,0.0,180.0
244.2,39.96107826,-106.21670379,2483.2056,5.7912,4.068064,0.0,180.0
244.3,39.96107405,-106.21670374,2483.2056,5.7912,4.202176,0.0,180.0
244.4,39.96107012,-106.21670369,2483.2056,5.7912,4.559807999999999,0.0,180.0
244.5,39.96106529,-106.21670356,2483.2056,5.7912,4.828032,0.0,180.0
244.6,39.96106044,-106.21670354,2483.2056,5.7912,5.36448,0.0,180.0
244.7,39.96105496,-106.21670357,2483.2056,5.91312,5.722112,0.0,180.0
244.8,39.96104946,-106.21670355,2483.2056,5.7912,6.124447999999999,0.0,180.0
244.9,39.96104348,-106.21670315,2483.2056,5.91312,6.392672,0.0,179.23610153906998
245.0,39.96103746,-106.21670295,2483.2056,5.91312,6.660896,0.0,179.2793363774823
245.1,39.9610304,-106.21670268,2483.2056,5.91312,7.242048,0.0,178.2747451245274
245.2,39.96102411,-106.21670236,2483.2056,5.7912,7.420864000000001,0.0,177.66948113202102
245.3,39.96101694,-106.21670189,2483.2056,5.91312,7.510272,0.0,177.08916217383228
245.4,39.96101005,-106.21670113,2483.2056,5.91312,7.8232,0.0,175.8918878228642
245.5,39.96100211,-106.21670018,2483.2056,5.91312,8.27024,0.0,174.38241940987314
245.6,39.96099521,-106.21669921,2483.2056,5.91312,8.314944,0.0,173.862744050738
245.7,39.96098711,-106.21669788,2483.2056,5.91312,8.404352,0.0,171.74056202012116
245.8,39.96098024,-106.21669649,2483.2056,5.91312,8.404352,0.0,170.53767779197435
245.9,39.96097259,-106.21669471,2483.2056,5.7912,8.180832,0.0,168.8708107103888
246.0,39.96096534,-106.21669277,2483.2056,5.7912,8.404352,0.0,167.6702503649277
246.1,39.96095779,-106.2166904,2483.2056,5.7912,8.449055999999999,0.0,165.44357567992574
246.2,39.96095108,-106.21668778,2483.2056,5.91312,8.225536,0.0,164.2638645985411
246.3,39.96094349,-106.21668466,2483.2056,5.91312,8.314944,0.0,162.04651698291627
246.4,39.96093701,-106.21668168,2483.2056,5.7912,8.27024,0.0,159.8351675552649
246.5,39.96092922,-106.21667775,2483.2056,5.7912,8.449055999999999,0.0,157.63633398452657
246.6,39.96092287,-106.21667384,2483.2056,5.7912,8.538464000000001,0.0,155.35322914806886
246.7,39.96091577,-106.21666935,2483.2056,5.7912,8.27024,0.0,152.8853658752331
246.8,39.9609092,-106.21666476,2483.2056,5.7912,8.538464000000001,0.0,150.25511870305775
246.9,39.96090259,-106.21665962,2483.2056,5.7912,8.404352,0.0,148.02743224051227
247.0,39.96089654,-106.21665443,2483.2056,5.7912,8.314944,0.0,145.00797980144137
247.1,39.96089089,-106.21664844,2483.2056,5.7912,8.04672,0.0,142.43140797117252
247.2,39.96088546,-106.21664266,2483.2056,5.7912,7.957312,0.0,139.74489920545648
247.3,39.96087968,-106.2166361,2483.2056,5.7912,8.180832,0.0,137.52949420483776
247.4,39.96087481,-106.21663007,2483.2056,5.7912,8.002016,0.0,134.53037298031035
247.5,39.96087008,-106.21662326,2483.2056,5.7912,7.644384,0.0,132.82525588539
247.6,39.96086617,-106.21661734,2483.2056,5.7912,7.242048,0.0,130.0302592718897
247.7,39.960862,-106.21661066,2483.2056,5.7912,7.018528,0.0,128.09644608027497
247.8,39.96085828,-106.21660425,2483.2056,5.91312,7.1079360000000005,0.0,126.35306829204694
247.9,39.96085403,-106.21659709,2483.2056,5.91312,7.286752,0.0,124.2157021324374
248.0,39.96085066,-106.21659055,2483.2056,5.91312,7.197344,0.0,121.96416322993372
248.2,39.96084478,-106.2165774,2483.2056,5.91312,6.571488,0.0,117.85444908113828
248.3,39.96084249,-106.21657146,2483.2056,5.91312,6.213856,0.0,115.24597356156949
248.5,39.96083827,-106.21655876,2483.2056,5.91312,5.81152,0.0,110.40020939484252
248.6,39.96083658,-106.2165529,2483.2056,5.91312,5.722112,0.0,108.57927038044464
248.7,39.96083496,-106.21654646,2483.5104,6.00456,5.543296,0.0,108.13808215559732
248.8,39.96083368,-106.21654009,2483.5104,6.00456,5.677408,0.0,107.52556837372288
248.9,39.96083226,-106.21653397,2483.2056,5.91312,5.543296,0.0,105.47132816552016
249.0,39.96083101,-106.21652821,2483.2056,5.91312,5.275072000000001,0.0,104.76919853029165
249.1,39.96082976,-106.21652215,2483.5104,6.00456,5.230368,0.0,103.15094868094468
249.2,39.96082849,-106.21651609,2483.5104,6.00456,5.36448,0.0,101.61852435279462
249.3,39.96082761,-106.21651044,2483.5104,6.00456,5.096256,0.0,100.7842978675626
249.4,39.96082693,-106.21650541,2483.5104,6.00456,4.649216,0.0,98.82974466790904
249.5,39.96082624,-106.21649963,2483.5104,6.00456,4.649216,0.0,97.1934700552955
249.6,39.96082583,-106.21649508,2483.5104,6.00456,4.4704,0.0,96.21563589970263
249.7,39.96082537,-106.2164897,2483.2056,5.91312,4.202176,0.0,95.24713890161644
249.8,39.96082503,-106.21648462,2483.2056,5.91312,4.515104,0.0,94.08561677997488
249.9,39.9608248,-106.21647895,2483.2056,5.91312,4.559807999999999,0.0,91.19348942398204
250.0,39.96082474,-106.21647398,2483.2056,5.91312,4.559807999999999,0.0,90.0
250.1,39.96082481,-106.21646875,2483.2056,5.91312,4.336288,0.0,88.78112476486871
250.2,39.96082497,-106.21646434,2483.2056,5.91312,4.112768,0.0,86.88915934650925
250.3,39.9608253,-106.21645949,2483.2056,5.91312,3.978656,0.0,85.55261514990951
250.4,39.9608257,-106.21645496,2483.2056,5.91312,3.978656,0.0,84.0938588862295
250.5,39.96082652,-106.21645036,2483.2056,5.7912,3.978656,0.0,81.09828396710799
250.6,39.96082706,-106.21644637,2483.2056,5.7912,3.755136,0.0,80.53767779197437
250.7,39.96082776,-106.21644204,2483.2056,5.91312,3.621024,0.0,77.47119229084848
250.8,39.96082838,-106.21643864,2483.2056,5.91312,3.397504,0.0,76.17134902771983
250.9,39.96082913,-106.21643521,2483.2056,5.91312,3.039872,0.0,74.05460409907715
251.0,39.96082978,-106.21643242,2483.2056,5.91312,2.771648,0.0,74.5387822595581
251.1,39.96083042,-106.21643002,2483.5104,6.00456,2.324608,0.0,71.11391263029071
251.2,39.96083098,-106.21642816,2483.2056,5.91312,1.966976,0.0,69.22774531795415
251.3,39.96083139,-106.21642718,2483.2056,5.91312,1.162304,0.0,63.43494882292202
251.4,39.96083182,-106.21642628,2483.2056,5.91312,0.938784,0.0,55.49147701233159
251.5,39.96083234,-106.2164256,2483.2056,5.91312,0.938784,0.0,39.28940686250036
251.6,39.96083277,-106.21642526,2483.2056,5.91312,0.67056,0.0,24.44395478041656
251.7,39.9608334,-106.21642542,2483.2056,5.91312,0.67056,0.0,10.304846468766016
251.8,39.96083385,-106.21642543,2483.2056,5.7912,0.0,0.0,0.0
251.9,39.9608343,-106.21642556,2483.2056,5.7912,0.491744,0.0,0.0
252.0,39.9608347,-106.21642577,2483.2056,5.7912,0.491744,0.0,347.4711922908485
252.1,39.96083514,-106.21642597,2483.2056,5.7912,0.0,0.0,344.05460409907715
252.2,39.96083574,-106.21642609,2483.2056,5.7912,0.67056,0.0,344.05460409907715
252.4,39.96083639,-106.21642653,2483.2056,5.7912,0.44704,0.0,344.05460409907715
252.5,39.9608367,-106.21642672,2483.2056,5.7912,0.5364479999999999,0.0,338.1985905136482
252.6,39.96083708,-106.21642662,2483.2056,5.7912,0.0,0.0,338.1985905136482
252.7,39.96083734,-106.21642684,2483.2056,5.7912,0.0,0.0,338.1985905136482
252.8,39.96083757,-106.21642706,2483.2056,5.69976,0.491744,0.0,315.0
252.9,39.9608378,-106.21642731,2483.2056,5.69976,0.0,0.0,315.0
253.0,39.96083806,-106.21642743,2483.2056,5.69976,0.0,0.0,315.0
253.1,39.9608383,-106.2164277,2483.2056,5.69976,0.0,0.0,315.0
253.2,39.96083849,-106.21642792,2483.2056,5.69976,0.0,0.0,315.0
253.3,39.96083866,-106.2164282,2483.2056,5.69976,0.0,0.0,315.0
253.4,39.96083876,-106.21642837,2483.2056,5.69976,0.0,0.0,338.1985905136482
253.5,39.96083898,-106.21642862,2483.2056,5.69976,0.0,0.0,338.1985905136482
253.6,39.96083915,-106.21642884,2483.2056,5.69976,0.0,0.0,338.1985905136482
253.7,39.96083934,-106.21642908,2483.2056,5.69976,0.0,0.0,315.0
253.8,39.96083946,-106.21642927,2483.2056,5.69976,0.0,0.0,315.0
253.9,39.96083959,-106.21642949,2483.2056,5.69976,0.0,0.0,315.0
254.0,39.96083969,-106.21642968,2483.2056,5.69976,0.0,0.0,315.0
254.1,39.9608398,-106.21642992,2483.2056,5.69976,0.0,0.0,315.0
254.2,39.96083989,-106.21643014,2483.2056,5.69976,0.0,0.0,315.0
254.3,39.96083992,-106.21643041,2483.2056,5.69976,0.0,0.0,315.0
254.4,39.96083999,-106.2164306,2483.2056,5.69976,0.0,0.0,270.0
254.5,39.96084008,-106.21643081,2483.2056,5.69976,0.0,0.0,270.0
254.6,39.96084016,-106.21643098,2483.2056,5.69976,0.0,0.0,270.0
254.7,39.96084034,-106.21643125,2483.2056,5.7912,0.0,0.0,270.0
254.8,39.96084042,-106.21643139,2483.2056,5.7912,0.0,0.0,0.0
254.9,39.96084047,-106.21643152,2483.2056,5.7912,0.0,0.0,0.0
255.0,39.96084051,-106.21643162,2483.2056,5.7912,0.0,0.0,0.0
255.1,39.96084053,-106.21643173,2483.2056,5.7912,0.0,0.0,0.0
255.2,39.96084058,-106.2164318,2483.2056,5.7912,0.0,0.0,0.0
255.3,39.96084062,-106.21643186,2483.2056,5.7912,0.0,0.0,0.0
255.4,39.96084064,-106.2164319,2483.2056,5.7912,0.0,0.0,0.0
255.5,39.96084064,-106.21643191,2483.2056,5.7912,0.0,0.0,0.0
255.6,39.96084056,-106.21643186,2483.2056,5.7912,0.491744,0.0,0.0
255.7,39.9608405,-106.21643181,2483.2056,5.69976,0.0,0.0,0.0
255.8,39.96084045,-106.21643177,2483.2056,5.7912,0.0,0.0,0.0
255.90000000000003,39.9608404,-106.21643173,2483.2056,5.7912,0.0,0.0,0.0
256.0,39.96084023,-106.21643164,2483.2056,5.7912,0.0,0.0,0.0
256.1,39.96084021,-106.21643157,2483.2056,5.7912,0.0,0.0,0.0
256.2,39.9608402,-106.21643149,2483.2056,5.7912,0.0,0.0,0.0
256.3,39.96084016,-106.21643144,2483.2056,5.7912,0.0,0.0,0.0
256.40000000000003,39.96084011,-106.21643144,2483.2056,5.7912,0.0,0.0,0.0
256.5,39.96084009,-106.21643144,2483.2056,5.7912,0.0,0.0,0.0
256.6,39.96084007,-106.21643144,2483.2056,5.7912,0.0,0.0,0.0
256.7,39.96084004,-106.21643143,2483.2056,5.7912,0.491744,0.0,0.0
256.8,39.96083996,-106.21643152,2483.2056,5.7912,0.0,0.0,0.0
256.90000000000003,39.96083998,-106.21643157,2483.2056,5.7912,0.491744,0.0,0.0
257.0,39.96084,-106.21643161,2483.2056,5.7912,0.0,0.0,0.0
257.1,39.96083997,-106.21643162,2483.2056,5.7912,0.0,0.0,0.0
257.2,39.96083993,-106.21643165,2483.2056,5.7912,0.0,0.0,0.0
257.3,39.96083993,-106.2164317,2483.2056,5.7912,0.0,0.0,0.0
257.40000000000003,39.96083992,-106.21643175,2483.2056,5.7912,0.0,0.0,0.0
257.5,39.96083988,-106.2164318,2483.2056,5.7912,0.0,0.0,0.0
257.6,39.96083986,-106.21643182,2483.2056,5.7912,0.491744,0.0,0.0
257.7,39.96083981,-106.21643172,2483.2056,5.7912,0.0,0.0,0.0
257.8,39.96083982,-106.21643165,2483.2056,5.7912,0.0,0.0,0.0
257.90000000000003,39.9608398,-106.21643154,2483.2056,5.7912,0.0,0.0,0.0
258.0,39.96083979,-106.21643144,2483.2056,5.7912,0.0,0.0,90.0
258.1,39.96083974,-106.2164312,2483.2056,5.7912,0.491744,0.0,90.0
258.2,39.96083975,-106.21643109,2483.2056,5.7912,0.0,0.0,0.0
258.3,39.96083972,-106.21643095,2483.2056,5.7912,0.491744,0.0,0.0
258.40000000000003,39.9608397,-106.21643084,2483.2056,5.7912,0.0,0.0,0.0
258.5,39.96083951,-106.21643063,2483.2056,5.7912,0.0,0.0,0.0
258.6,39.96083948,-106.21643057,2483.2056,5.7912,0.0,0.0,0.0
258.7,39.96083951,-106.21643053,2483.2056,5.7912,0.0,0.0,0.0
258.8,39.96083954,-106.21643049,2483.2056,5.7912,0.0,0.0,0.0
258.90000000000003,39.96083951,-106.21643043,2483.2056,5.7912,0.0,0.0,0.0
259.0,39.96083953,-106.21643036,2483.2056,5.7912,0.0,0.0,0.0
259.1,39.96083953,-106.21643027,2483.2056,5.7912,0.0,0.0,0.0
259.2,39.96083953,-106.2164302,2483.2056,5.7912,0.0,0.0,0.0
259.3,39.96083956,-106.21643015,2483.2056,5.7912,0.0,0.0,0.0
259.40000000000003,39.9608395,-106.21643005,2483.2056,5.7912,0.0,0.0,0.0
259.5,39.96083954,-106.21642995,2483.2056,5.7912,0.0,0.0,0.0
259.6,39.96083958,-106.21642987,2483.2056,5.7912,0.0,0.0,0.0
259.7,39.96083957,-106.21642984,2483.2056,5.7912,0.0,0.0,0.0
259.8,39.96083943,-106.21642977,2483.2056,5.7912,0.0,0.0,0.0
259.90000000000003,39.96083947,-106.21642968,2483.2056,5.7912,0.0,0.0,0.0
260.0,39.9608395,-106.21642961,2483.2056,5.7912,0.0,0.0,0.0
260.1,39.96083959,-106.2164296,2483.2056,5.7912,0.0,0.0,0.0
260.2,39.96083965,-106.21642956,2483.2056,5.7912,0.0,0.0,0.0
260.3,39.96083966,-106.21642941,2483.2056,5.7912,0.0,0.0,0.0
260.40000000000003,39.96083968,-106.21642928,2483.2056,5.7912,0.0,0.0,0.0
260.5,39.96083973,-106.21642923,2483.2056,5.7912,0.0,0.0,0.0
260.6,39.96083977,-106.21642922,2483.2056,5.7912,0.0,0.0,0.0
260.8,39.9608397,-106.2164292,2483.2056,5.7912,0.0,0.0,0.0
260.90000000000003,39.96083972,-106.21642924,2483.2056,5.7912,0.0,0.0,0.0
261.0,39.96083972,-106.21642928,2483.2056,5.7912,0.0,0.0,0.0
261.1,39.96083964,-106.21642928,2483.2056,5.7912,0.0,0.0,0.0
261.2,39.96083963,-106.21642933,2483.2056,5.7912,0.0,0.0,0.0
261.3,39.96083966,-106.21642942,2483.2056,5.7912,0.0,0.0,0.0
261.40000000000003,39.96083969,-106.21642949,2483.2056,5.7912,0.0,0.0,0.0
261.5,39.96083974,-106.21642961,2483.2056,5.7912,0.0,0.0,0.0
261.6,39.96083976,-106.21642967,2483.2056,5.7912,0.0,0.0,0.0
261.7,39.96083975,-106.21642968,2483.2056,5.7912,0.491744,0.0,0.0
261.8,39.96083976,-106.21642966,2483.2056,5.7912,0.0,0.0,0.0
261.90000000000003,39.96083966,-106.21642954,2483.2056,5.7912,0.0,0.0,0.0
262.0,39.96083968,-106.21642947,2483.2056,5.7912,0.0,0.0,0.0
262.1,39.9608397,-106.21642935,2483.2056,5.7912,0.0,0.0,0.0
262.2,39.96083973,-106.21642927,2483.2056,5.7912,0.0,0.0,0.0
262.3,39.96083981,-106.21642916,2483.2056,5.7912,0.0,0.0,0.0
262.40000000000003,39.96083986,-106.21642917,2483.2056,5.7912,0.0,0.0,0.0
262.5,39.96083988,-106.21642925,2483.2056,5.7912,0.0,0.0,0.0
262.6,39.9608399,-106.21642932,2483.2056,5.7912,0.0,0.0,0.0
262.7,39.96083993,-106.21642939,2483.2056,5.7912,0.0,0.0,0.0
262.8,39.96083994,-106.21642956,2483.2056,5.7912,0.0,0.0,0.0
262.90000000000003,39.96083993,-106.21642962,2483.2056,5.7912,0.0,0.0,0.0
263.1,39.96083987,-106.21642968,2483.2056,5.7912,0.0,0.0,0.0
263.2,39.96083976,-106.21642961,2483.2056,5.7912,0.0,0.0,0.0
263.3,39.9608398,-106.21642959,2483.2056,5.7912,0.0,0.0,0.0
263.40000000000003,39.96083985,-106.21642956,2483.2056,5.7912,0.0,0.0,0.0
263.5,39.96083989,-106.21642952,2483.2056,5.7912,0.0,0.0,0.0
263.6,39.96083999,-106.21642949,2483.2056,5.7912,0.0,0.0,0.0
263.7,39.96084001,-106.21642944,2483.2056,5.7912,0.0,0.0,0.0
263.8,39.96084002,-106.2164294,2483.2056,5.7912,0.0,0.0,0.0
263.90000000000003,39.96084002,-106.21642939,2483.2056,5.7912,0.0,0.0,0.0
264.0,39.96084001,-106.21642939,2483.2056,5.7912,0.0,0.0,0.0
264.1,39.96083991,-106.21642935,2483.2056,5.7912,0.0,0.0,0.0
264.2,39.96083991,-106.21642933,2483.2056,5.7912,0.0,0.0,0.0
264.3,39.96083998,-106.2164293,2483.2056,5.7912,0.0,0.0,0.0
264.40000000000003,39.96084005,-106.21642925,2483.2056,5.7912,0.0,0.0,0.0
264.5,39.96084016,-106.21642908,2483.2056,5.7912,0.0,0.0,0.0
264.6,39.96084021,-106.21642902,2483.2056,5.7912,0.0,0.0,0.0
264.7,39.96084026,-106.21642896,2483.2056,5.7912,0.0,0.0,0.0
264.8,39.96084031,-106.21642891,2483.2056,5.7912,0.491744,0.0,0.0
264.90000000000003,39.96084035,-106.21642869,2483.2056,5.7912,0.0,0.0,0.0
265.0,39.96084042,-106.21642863,2483.2056,5.7912,0.0,0.0,0.0
265.1,39.96084048,-106.21642861,2483.2056,5.7912,0.491744,0.0,0.0
265.2,39.96084053,-106.21642859,2483.2056,5.7912,0.0,0.0,0.0
265.3,39.96084055,-106.21642846,2483.2056,5.7912,0.0,0.0,0.0
265.40000000000003,39.96084057,-106.2164284,2483.2056,5.7912,0.0,0.0,0.0
265.5,39.96084054,-106.21642837,2483.2056,5.7912,0.0,0.0,0.0
265.6,39.96084052,-106.21642836,2483.2056,5.7912,0.0,0.0,0.0
265.8,39.96084046,-106.21642848,2483.2056,5.7912,0.0,0.0,0.0
265.90000000000003,39.96084045,-106.21642851,2483.2056,5.7912,0.0,0.0,0.0
266.0,39.96084046,-106.21642855,2483.2056,5.7912,0.0,0.0,0.0
266.1,39.96084048,-106.21642859,2483.2056,5.7912,0.0,0.0,0.0
266.2,39.96084045,-106.21642859,2483.2056,5.7912,0.0,0.0,0.0
266.3,39.96084049,-106.2164286,2483.2056,5.7912,0.0,0.0,0.0
266.40000000000003,39.96084052,-106.21642862,2483.2056,5.7912,0.0,0.0,0.0
266.5,39.96084056,-106.21642862,2483.2056,5.7912,0.491744,0.0,0.0
266.6,39.96084056,-106.21642856,2483.2056,5.7912,0.491744,0.0,0.0
266.7,39.96084057,-106.21642857,2483.2056,5.7912,0.0,0.0,0.0
266.8,39.96084059,-106.21642859,2483.2056,5.7912,0.0,0.0,0.0
266.90000000000003,39.96084065,-106.21642857,2483.2056,5.7912,0.0,0.0,0.0
267.0,39.96084069,-106.21642839,2483.2056,5.69976,0.0,0.0,0.0
267.1,39.96084071,-106.2164284,2483.2056,5.69976,0.0,0.0,0.0
267.2,39.96084072,-106.2164284,2483.2056,5.69976,0.491744,0.0,0.0
267.3,39.96084072,-106.21642842,2483.2056,5.69976,0.0,0.0,0.0
267.40000000000003,39.96084072,-106.21642844,2483.2056,5.69976,0.0,0.0,0.0
267.5,39.96084067,-106.21642845,2483.2056,5.7912,0.0,0.0,0.0
267.6,39.9608407,-106.21642851,2483.2056,5.7912,0.491744,0.0,0.0
267.7,39.9608407,-106.21642859,2483.2056,5.7912,0.491744,0.0,0.0
267.8,39.96084071,-106.21642866,2483.2056,5.7912,0.491744,0.0,0.0
267.90000000000003,39.96084064,-106.21642864,2483.2056,5.69976,0.0,0.0,0.0
268.0,39.96084064,-106.21642867,2483.2056,5.69976,0.0,0.0,0.0
268.1,39.96084061,-106.21642871,2483.2056,5.69976,0.0,0.0,0.0
268.2,39.96084059,-106.21642876,2483.2056,5.69976,0.0,0.0,0.0
268.40000000000003,39.96084047,-106.21642889,2483.2056,5.69976,0.0,0.0,0.0
268.5,39.96084045,-106.21642895,2483.2056,5.69976,0.0,0.0,0.0
268.6,39.96084044,-106.21642902,2483.2056,5.69976,0.0,0.0,0.0
268.7,39.96084037,-106.21642905,2483.2056,5.69976,0.0,0.22352,0.0
268.8,39.9608404,-106.21642913,2483.2056,5.69976,0.0,0.402336,0.0
268.90000000000003,39.96084046,-106.21642921,2482.9008000000003,5.60832,0.0,0.715264,0.0
269.0,39.96084051,-106.21642927,2482.9008000000003,5.60832,0.0,0.983488,0.0
269.2,39.96084047,-106.2164292,2482.596,5.30352,0.0,1.1176,0.0
269.3,39.96084048,-106.21642913,2482.596,5.21208,0.0,0.89408,0.0
269.40000000000003,39.96084046,-106.21642905,2482.596,5.21208,0.0,0.581152,0.0
269.5,39.96084039,-106.21642894,2482.596,5.09016,0.0,0.402336,0.0
269.6,39.9608402,-106.21642864,2482.596,5.09016,0.491744,0.22352,0.0
269.7,39.96084027,-106.21642862,2482.2912,4.99872,0.0,0.22352,0.0
269.8,39.96084049,-106.21642871,2482.2912,4.99872,0.491744,0.22352,347.4711922908485
269.90000000000003,39.96084097,-106.21642892,2482.2912,4.99872,0.491744,0.089408,342.64597536373867
270.0,39.96084154,-106.21642929,2482.2912,4.907280000000001,0.67056,0.089408,337.7509763427876
270.1,39.96084272,-106.21642989,2482.2912,4.907280000000001,1.162304,0.0,337.2490236572124
270.2,39.96084407,-106.21643062,2482.2912,4.907280000000001,1.519936,0.0,338.1985905136482
270.3,39.96084586,-106.21643163,2482.2912,4.907280000000001,1.877568,0.0,336.948699083527
270.40000000000003,39.96084799,-106.21643275,2482.2912,4.907280000000001,2.414016,0.0,337.83365417791754
270.5,39.96085046,-106.21643404,2482.2912,4.907280000000001,2.771648,0.0,337.3801350519596
270.6,39.96085308,-106.21643544,2482.2912,4.907280000000001,3.039872,0.0,336.59531044896767
270.7,39.96085631,-106.21643723,2482.2912,4.907280000000001,3.486912,0.0,338.6001898679178
270.8,39.96086001,-106.21643884,2482.2912,4.907280000000001,4.068064,0.0,339.0573494500117
270.90000000000003,39.96086357,-106.21644064,2482.2912,4.907280000000001,4.291583999999999,0.0,338.65421335091025
271.0,39.96086719,-106.21644249,2482.2912,4.907280000000001,4.291583999999999,0.0,337.98871680208066
271.1,39.96087126,-106.21644457,2482.2912,4.907280000000001,4.604512000000001,0.0,337.7965214679426
271.2,39.96087515,-106.21644657,2482.2912,4.907280000000001,4.783328,0.0,337.7297320799447
271.3,39.96087989,-106.21644911,2482.2912,4.907280000000001,5.14096,0.0,337.2349908924885
271.40000000000003,39.9608842,-106.21645146,2482.2912,4.907280000000001,5.453887999999999,0.0,337.10013347153443
271.5,39.96088946,-106.21645441,2482.2912,4.907280000000001,5.81152,0.0,337.4794343971031
271.6,39.96089438,-106.21645719,2482.2912,4.907280000000001,6.169152,0.0,337.1263348093733
271.7,39.96089943,-106.21645967,2482.2912,4.907280000000001,5.945632,0.0,337.7509763427876
271.90000000000003,39.96091036,-106.21646549,2482.2912,4.907280000000001,6.392672,0.0,337.7672628061105
272.1,39.96092153,-106.21647161,2482.2912,4.907280000000001,6.660896,0.0,337.350872654344
272.2,39.96092735,-106.2164748,2482.2912,4.907280000000001,6.8397120000000005,0.0,337.350872654344
272.3,39.96093299,-106.21647794,2482.2912,4.907280000000001,6.92912,0.0,337.350872654344
272.5,39.96094419,-106.21648396,2482.2912,4.907280000000001,6.750304,0.0,337.2380327155645
272.6,39.96094966,-106.21648692,2482.2912,4.907280000000001,6.660896,0.0,337.5205656028969
272.7,39.96095572,-106.21649022,2482.2912,4.907280000000001,6.92912,0.0,337.5205656028969
272.8,39.9609615,-106.21649336,2482.2912,4.907280000000001,7.1079360000000005,0.0,337.5205656028969
272.90000000000003,39.96096769,-106.21649674,2482.2912,4.907280000000001,7.242048,-0.089408,337.2380327155645
273.0,39.96097259,-106.21649937,2482.2912,4.99872,6.660896,-0.089408,337.05425771040296
273.1,39.96097818,-106.21650247,2482.2912,4.99872,6.347968,-0.089408,337.1263348093733
273.2,39.9609832,-106.21650527,2482.2912,4.907280000000001,6.437376,0.0,336.8014094863518
273.40000000000003,39.96099237,-106.21651045,2482.2912,4.907280000000001,5.722112,0.0,337.38013505195954
273.5,39.96099604,-106.21651251,2482.2912,4.907280000000001,5.185664,0.0,337.0459134623715
273.6,39.96099913,-106.21651424,2482.2912,4.907280000000001,4.068064,0.0,335.32313682966293
273.7,39.96100192,-106.21651587,2482.2912,4.99872,3.531616,0.0,336.8014094863518
273.90000000000003,39.96100483,-106.21651756,2482.2912,4.907280000000001,2.324608,0.0,335.77225468204585
274.0,39.96100629,-106.21651842,2482.2912,4.99872,1.743456,0.0,335.85445803957833
274.1,39.96100732,-106.21651917,2482.2912,4.99872,1.519936,0.0,328.5704343851615
274.2,39.96100793,-106.21651971,2482.2912,4.907280000000001,1.162304,0.0,322.1250163489018
274.3,39.96100785,-106.21652019,2482.2912,4.99872,0.491744,0.0,315.0
274.40000000000003,39.96100801,-106.21652049,2482.2912,4.99872,0.491744,0.0,315.0
274.5,39.96100804,-106.21652066,2482.2912,4.99872,0.0,0.0,315.0
274.6,39.96100805,-106.21652078,2482.2912,4.99872,0.0,0.0,315.0
274.7,39.96100803,-106.21652125,2482.596,5.09016,0.0,0.0,338.1985905136482
274.8,39.96100813,-106.2165214,2482.596,5.09016,0.491744,0.0,338.1985905136482
274.90000000000003,39.96100832,-106.21652155,2482.596,5.09016,0.0,0.0,338.1985905136482
275.0,39.96100848,-106.21652166,2482.596,5.09016,0.0,0.0,0.0
275.1,39.96100915,-106.21652171,2482.596,5.21208,0.491744,0.0,0.0
275.2,39.96100927,-106.21652173,2482.596,5.21208,0.491744,0.0,0.0
275.3,39.96100938,-106.2165218,2482.596,5.21208,0.0,0.0,0.0
275.40000000000003,39.96100946,-106.21652184,2482.596,5.21208,0.0,0.0,0.0
275.5,39.9610098,-106.2165219,2482.596,5.21208,0.0,0.0,0.0
275.6,39.96100977,-106.2165219,2482.596,5.21208,0.0,0.0,180.0
275.7,39.9610096,-106.21652188,2482.596,5.21208,0.0,0.0,180.0
275.8,39.96100941,-106.21652186,2482.596,5.21208,0.0,0.0,180.0
275.90000000000003,39.96100908,-106.21652194,2482.596,5.21208,0.0,0.089408,180.0
276.0,39.96100889,-106.21652199,2482.596,5.09016,0.0,0.089408,180.0
276.1,39.96100866,-106.21652207,2482.596,5.09016,0.0,0.089408,180.0
276.2,39.96100846,-106.21652214,2482.596,5.09016,0.0,0.089408,180.0
276.3,39.96100824,-106.21652215,2482.596,5.09016,0.0,0.089408,180.0
276.40000000000003,39.96100798,-106.21652213,2482.596,5.09016,0.0,0.089408,180.0
276.5,39.96100775,-106.21652211,2482.596,5.09016,0.0,0.089408,180.0
276.6,39.96100756,-106.21652208,2482.596,5.09016,0.0,0.089408,180.0
276.7,39.96100738,-106.21652207,2482.2912,4.99872,0.0,0.089408,180.0
276.8,39.96100718,-106.21652203,2482.2912,4.99872,0.0,0.089408,180.0
276.90000000000003,39.96100702,-106.21652204,2482.2912,4.99872,0.0,0.0,180.0
277.0,39.96100688,-106.21652205,2482.2912,4.99872,0.0,0.0,180.0
277.1,39.9610067,-106.21652207,2482.2912,4.99872,0.491744,0.0,180.0
277.2,39.96100651,-106.21652216,2482.2912,4.99872,0.0,0.0,180.0
277.3,39.96100634,-106.21652226,2482.2912,4.99872,0.491744,0.0,180.0
277.40000000000003,39.96100621,-106.21652234,2482.2912,4.99872,0.0,0.0,180.0
277.5,39.9610061,-106.21652237,2482.2912,4.99872,0.0,0.0,180.0
277.6,39.961006,-106.21652239,2482.2912,4.99872,0.0,0.0,180.0
277.7,39.96100587,-106.2165225,2482.2912,4.99872,0.0,0.0,180.0
277.8,39.96100577,-106.21652252,2482.2912,4.99872,0.0,-0.22352,0.0
277.90000000000003,39.96100567,-106.21652251,2482.596,5.09016,0.0,-0.402336,0.0
278.0,39.96100556,-106.21652247,2482.596,5.09016,0.491744,-0.581152,0.0
278.1,39.96100536,-106.21652262,2482.596,5.21208,0.0,-0.89408,0.0
278.2,39.96100533,-106.2165226,2482.596,5.30352,0.0,-1.296416,0.0
278.3,39.96100536,-106.21652253,2482.9008000000003,5.486400000000001,0.0,-1.6987519999999998,0.0
278.40000000000003,39.96100541,-106.21652244,2483.2056,5.69976,0.0,-2.101088,0.0
278.5,39.96100545,-106.21652225,2483.2056,5.91312,0.0,-2.503424,0.0
278.6,39.96100548,-106.21652212,2483.5104,6.096,0.0,-2.592832,0.0
278.7,39.96100549,-106.216522,2483.8152,6.4008,0.0,-2.414016,0.0
278.8,39.9610055,-106.21652192,2484.1200000000003,6.61416,0.0,-2.101088,0.0
278.90000000000003,39.96100542,-106.21652207,2484.1200000000003,6.797040000000001,0.0,-1.609344,0.0
279.0,39.96100544,-106.21652205,2484.4248,7.010400000000001,0.0,-1.207008,0.0
279.1,39.96100545,-106.21652202,2484.4248,7.10184,0.0,-0.804672,0.0
279.2,39.96100548,-106.21652198,2484.7296,7.193280000000001,0.0,-0.491744,0.0
279.3,39.96100549,-106.21652202,2484.7296,7.193280000000001,0.0,-0.491744,0.0
279.40000000000003,39.96100555,-106.21652194,2484.7296,7.315200000000001,0.0,-0.715264,0.0
279.5,39.96100561,-106.21652179,2484.7296,7.40664,0.0,-0.983488,0.0
279.6,39.96100565,-106.21652165,2485.0344,7.58952,0.0,-1.519936,0.0
279.7,39.96100565,-106.21652158,2485.0344,7.71144,0.0,-1.922272,0.0
279.8,39.96100559,-106.21652157,2485.3392000000003,7.98576,0.0,-2.279904,0.0
279.90000000000003,39.96100557,-106.21652151,2485.644,8.19912,0.0,-2.68224,0.0
280.0,39.96100553,-106.2165215,2485.9488,8.50392,0.0,-2.90576,0.0
280.1,39.96100549,-106.21652152,2486.2536,8.80872,0.0,-3.308096,0.0
280.2,39.96100535,-106.21652158,2486.5584000000003,9.11352,0.0,-3.621024,0.0
280.3,39.9610053,-106.21652167,2486.8632,9.50976,0.0,-4.02336,0.0
280.40000000000003,39.96100528,-106.21652174,2487.4728,9.906,0.0,-4.291583999999999,0.0
280.5,39.96100534,-106.21652178,2487.7776000000003,10.393680000000002,0.0,-4.604512000000001,0.0
280.6,39.96100548,-106.21652184,2488.0824,10.78992,0.0,-4.380992,0.0
280.7,39.96100561,-106.21652178,2488.692,11.30808,0.491744,-4.02336,0.0
280.8,39.9610057,-106.2165218,2488.9968000000003,11.70432,0.0,-3.710432,0.0
280.90000000000003,39.96100576,-106.216522,2489.3016,12.00912,0.0,-3.308096,254.05460409907715
281.0,39.96100574,-106.21652241,2489.9112,12.405360000000002,0.491744,-2.90576,240.94539590092285
281.1,39.9610059,-106.21652327,2490.2160000000003,12.710160000000002,0.491744,-2.503424,246.3706222693432
281.2,39.9610057,-106.21652423,2490.5208,13.014960000000002,0.804672,-2.101088,245.77225468204583
281.3,39.96100528,-106.21652558,2490.5208,13.19784,1.0728959999999998,-1.609344,250.20112364547504
281.40000000000003,39.96100486,-106.21652692,2490.8256,13.289280000000002,1.34112,-1.1176,249.22774531795417
281.5,39.9610045,-106.21652919,2490.8256,13.4112,1.654048,-0.715264,252.0720802379928
281.6,39.96100396,-106.21653102,2490.8256,13.50264,1.877568,-0.491744,251.9958383940866
281.7,39.96100316,-106.21653342,2490.8256,13.50264,2.01168,-0.22352,251.20011484134733
281.8,39.96100225,-106.21653604,2491.1304,13.594080000000002,2.414016,-0.089408,249.67686317033707
281.90000000000003,39.96100094,-106.21653941,2491.1304,13.594080000000002,2.861056,0.0,249.86369657175183
282.0,39.96099975,-106.21654273,2491.1304,13.594080000000002,3.173984,0.0,248.6293777306568
282.1,39.96099821,-106.2165468,2491.1304,13.594080000000002,3.486912,0.0,247.80971110387745
282.2,39.96099674,-106.21655063,2491.1304,13.594080000000002,3.79984,0.0,246.55193742204216
282.3,39.96099458,-106.21655542,2491.1304,13.594080000000002,4.202176,0.0,246.0375110254218
282.40000000000003,39.96099267,-106.21656022,2491.1304,13.594080000000002,4.649216,0.0,245.3361852875364
282.5,39.9609905,-106.21656566,2491.1304,13.594080000000002,4.91744,0.0,243.65788847411957
282.6,39.96098828,-106.21657117,2491.1304,13.594080000000002,5.275072000000001,0.0,244.25929164376717
282.7,39.96098575,-106.21657727,2490.8256,13.50264,5.632704,0.0,242.6501242199301
282.8,39.96098288,-106.21658327,2490.8256,13.50264,5.945632,0.0,242.1455509188617
282.90000000000003,39.96097996,-106.21659007,2490.8256,13.50264,6.347968,0.0,242.04201287078368
283.0,39.96097704,-106.21659688,2490.8256,13.50264,6.660896,0.0,242.27594376402865
283.1,39.96097385,-106.21660438,2490.8256,13.50264,6.973824,0.0,242.01076150467625
283.2,39.96097039,-106.2166116,2490.8256,13.50264,7.242048,0.0,241.6309537067214
283.3,39.96096666,-106.21662041,2490.8256,13.50264,7.912608,0.0,242.136274503576
283.40000000000003,39.96096337,-106.21662822,2490.8256,13.4112,8.091424,0.0,241.9092718105408
283.5,39.96095947,-106.21663742,2490.8256,13.4112,8.27024,0.0,241.82140989004083
283.6,39.96095587,-106.21664541,2490.8256,13.4112,8.449055999999999,0.0,241.7578488294917
283.7,39.96095179,-106.21665508,2490.8256,13.4112,8.627872,0.0,242.0591138192584
283.8,39.96094782,-106.21666455,2490.8256,13.4112,9.298432,0.0,241.75379430908197
283.90000000000003,39.96094343,-106.21667514,2490.8256,13.4112,9.745472,0.0,242.15675609072275
284.0,39.96093954,-106.21668424,2490.8256,13.289280000000002,9.566656,0.0,242.1821592964199
284.1,39.9609351,-106.21669506,2490.8256,13.289280000000002,9.700768,0.0,242.55184682143528
284.2,39.96093053,-106.21670625,2490.8256,13.289280000000002,10.639552,0.0,242.2636369784452
284.3,39.96092605,-106.21671723,2490.8256,13.289280000000002,10.684256,0.0,242.7004277886672
284.40000000000003,39.96092155,-106.21672849,2490.8256,13.289280000000002,10.72896,-0.089408,243.434948822922
284.5,39.96091716,-106.21673999,2490.8256,13.289280000000002,10.907775999999998,0.0,244.44003482817615
284.6,39.96091298,-106.21675171,2490.8256,13.289280000000002,10.997184,-0.089408,246.33226312788855
284.7,39.96090868,-106.21676463,2490.8256,13.289280000000002,11.488928,-0.089408,248.36551146751543
284.8,39.96090474,-106.21677775,2490.8256,13.289280000000002,11.980672,-0.22352,250.6467017960047
284.90000000000003,39.96090145,-106.21679132,2490.8256,13.4112,12.07008,-0.22352,252.99714736124264
285.0,39.96089878,-106.21680319,2490.8256,13.4112,11.310112,-0.22352,254.96547998801057
285.1,39.96089635,-106.21681624,2490.8256,13.4112,10.997184,-0.22352,257.42106476250694
285.2,39.96089445,-106.21682856,2490.8256,13.4112,11.086592,-0.22352,259.8006705012875
285.3,39.96089381,-106.21684099,2490.8256,13.4112,10.639552,-0.089408,263.0238035229552
285.40000000000003,39.96089298,-106.21685215,2490.8256,13.4112,10.0584,-0.089408,265.5824906484649
285.5,39.9608925,-106.21686446,2490.8256,13.4112,10.013696,-0.089408,268.2414714395609
285.6,39.96089243,-106.21687592,2490.8256,13.50264,10.103104,-0.089408,270.0
285.7,39.96089321,-106.21688775,2490.8256,13.50264,9.924288,-0.089408,272.39702853005963
285.8,39.96089382,-106.21689868,2490.8256,13.50264,9.745472,-0.089408,274.9459665471041
285.90000000000003,39.9608948,-106.21691048,2491.1304,13.594080000000002,9.745472,-0.089408,277.8040985919439
286.0,39.96089593,-106.2169201,2491.1304,13.594080000000002,9.209024,-0.089408,280.2511987508174
286.1,39.96089754,-106.21692976,2491.1304,13.594080000000002,8.359648,-0.089408,282.7342907953476
286.2,39.96089948,-106.21693847,2491.1304,13.594080000000002,8.091424,0.0,285.4334244952229
286.3,39.96090166,-106.21694793,2491.1304,13.68552,8.091424,0.0,288.0904893686922
286.40000000000003,39.96090366,-106.21695534,2491.1304,13.68552,7.554975999999999,0.0,291.2306111400463
286.5,39.96090612,-106.21696236,2491.1304,13.68552,6.660896,0.0,294.1323795945808
286.6,39.96090866,-106.21696738,2491.1304,13.68552,5.81152,0.0,297.75854060106
286.7,39.96091121,-106.21697307,2491.1304,13.68552,5.36448,0.0,301.95436293705137
286.8,39.96091376,-106.21697792,2491.1304,13.68552,5.319776,0.0,305.83765295427827
286.90000000000003,39.96091655,-106.21698238,2491.1304,13.68552,4.962144,0.0,311.39872188277656
287.0,39.96091946,-106.21698581,2491.1304,13.68552,4.604512000000001,0.0,315.8680514497456
287.1,39.96092225,-106.21698905,2491.1304,13.594080000000002,4.291583999999999,0.0,321.1322224976793
287.2,39.9609251,-106.21699185,2491.1304,13.68552,4.068064,0.0,326.513831184487
287.3,39.96092759,-106.21699374,2491.1304,13.68552,3.57632,0.0,331.64503821467594
287.40000000000003,39.96092998,-106.21699514,2491.1304,13.594080000000002,3.084576,0.0,339.22774531795415
287.5,39.96093249,-106.21699613,2491.1304,13.594080000000002,2.90576,0.089408,348.8869594640517
287.6,39.96093456,-106.21699652,2491.1304,13.594080000000002,2.592832,0.0,357.87890360333853
287.7,39.96093691,-106.21699647,2491.1304,13.594080000000002,2.503424,0.0,7.815293546766895
287.8,39.96093883,-106.21699603,2491.1304,13.594080000000002,2.414016,0.0,18.083445383048684
287.90000000000003,39.96094089,-106.21699495,2490.8256,13.50264,2.324608,0.0,28.00917670801385
288.0,39.96094266,-106.21699355,2490.8256,13.50264,2.414016,0.0,37.07307331731039
288.1,39.96094454,-106.21699139,2490.8256,13.50264,2.592832,0.0,46.301952672578864
288.2,39.9609461,-106.21698908,2490.8256,13.50264,2.68224,0.0,53.47114463301483
288.3,39.96094795,-106.21698561,2490.8256,13.50264,3.12928,0.0,58.90268711422056
288.40000000000003,39.96094944,-106.21698231,2490.8256,13.4112,3.442208,0.0,63.43494882292202
288.5,39.96095101,-106.21697795,2490.8256,13.4112,3.665728,0.0,66.0375110254218
288.6,39.96095227,-106.21697377,2490.8256,13.4112,3.978656,0.0,69.30454926593671
288.7,39.9609537,-106.21696821,2490.8256,13.4112,4.380992,0.0,72.44645517366013
288.90000000000003,39.96095615,-106.21695702,2490.8256,13.4112,4.962144,0.0,75.96375653207355
289.0,39.96095726,-106.21695078,2490.8256,13.4112,5.14096,0.0,77.8113667980681
289.1,39.96095851,-106.21694333,2490.8256,13.4112,5.945632,0.0,80.676408221862
289.2,39.9609594,-106.21693623,2490.8256,13.4112,6.303264,0.0,82.03824910899192
289.3,39.9609603,-106.21692825,2490.8256,13.4112,6.48208,0.0,83.15722658736905
289.40000000000003,39.96096103,-106.21692072,2490.8256,13.4112,6.660896,0.0,84.25373079020375
289.5,39.96096167,-106.21691165,2490.8256,13.50264,7.1079360000000005,0.0,85.57521554825604
289.6,39.96096218,-106.21690343,2490.8256,13.50264,7.420864000000001,0.0,85.75154547063869
289.7,39.96096274,-106.21689327,2490.8256,13.50264,7.867904,0.0,86.560130306254
289.8,39.96096318,-106.21688419,2490.8256,13.4112,8.225536,0.0,86.68657460020722
289.90000000000003,39.96096367,-106.21687374,2490.8256,13.50264,8.314944,-0.089408,86.83611638111927
290.0,39.9609642,-106.21686333,2490.8256,13.50264,8.896096,0.0,87.49837718571825
290.1,39.96096461,-106.21685205,2490.8256,13.50264,9.253728,0.0,87.58049078334363
290.2,39.96096497,-106.21684095,2490.8256,13.50264,9.521952,0.0,88.16925135197448
290.3,39.96096532,-106.21682832,2490.8256,13.50264,10.103104,0.0,88.24147143956088
290.40000000000003,39.96096572,-106.21681715,2490.8256,13.50264,10.147808,0.0,88.78112476486871
290.5,39.96096595,-106.2168037,2490.8256,13.50264,10.50544,0.0,88.81637130727131
290.6,39.96096612,-106.21679182,2490.8256,13.50264,10.773664,0.0,88.84499963195526
290.7,39.96096626,-106.21677822,2490.8256,13.4112,10.863072,0.0,89.5541274480675
290.8,39.96096624,-106.21676486,2490.8256,13.4112,11.488928,0.0,90.0
290.90000000000003,39.96096625,-106.21674967,2490.8256,13.4112,12.159488,0.0,90.0
291.0,39.9609662,-106.21673632,2490.8256,13.4112,12.159488,0.0,90.0
291.1,39.96096612,-106.21672048,2490.8256,13.4112,12.427712,0.0,90.0
291.2,39.96096602,-106.21670657,2490.8256,13.4112,12.695936,0.0,90.39377922608683
291.3,39.96096586,-106.21668987,2490.8256,13.4112,13.053568,0.0,90.96124838602476
291.40000000000003,39.96096568,-106.2166752,2490.8256,13.4112,13.366496,0.0,91.31907761550856
291.5,39.96096538,-106.21665829,2490.8256,13.4112,13.455904,0.0,91.28939790406024
291.6,39.96096502,-106.21664201,2490.8256,13.4112,14.171168,0.0,91.6365770416167
291.7,39.96096444,-106.21662517,2490.8256,13.4112,14.126464,-0.089408,92.31192807942476
291.8,39.96096382,-106.21660889,2490.8256,13.4112,14.126464,0.0,93.15071641326772
291.90000000000003,39.96096293,-106.21659175,2490.8256,13.4112,14.260576,0.0,94.319275027628
292.0,39.96096178,-106.21657515,2490.8256,13.4112,14.439391999999998,0.0,95.77811906912666
292.1,39.9609599,-106.2165572,2490.8256,13.289280000000002,14.841728000000002,0.0,97.25016164573265
292.2,39.96095799,-106.21653981,2490.8256,13.289280000000002,15.19936,0.089408,98.58049432262806
292.3,39.96095549,-106.21652186,2490.8256,13.289280000000002,15.244064,0.089408,100.88552705465872
292.40000000000003,39.9609527,-106.21650472,2490.8256,13.289280000000002,15.244064,0.089408,102.74528947313286
292.5,39.96094887,-106.21648622,2490.5208,13.19784,15.6464,0.22352,104.64188454123337
292.6,39.96094517,-106.21646904,2490.5208,13.19784,15.780511999999998,0.22352,107.16427113605414
292.7,39.96094057,-106.21645104,2490.5208,13.19784,15.691104,0.22352,109.29004621918877
292.90000000000003,39.96093093,-106.21641942,2490.5208,13.19784,15.065248,0.089408,113.47099311816088
293.0,39.96092519,-106.21640511,2490.5208,13.19784,14.215872,0.089408,115.69819356350656
293.1,39.96091877,-106.21638885,2490.5208,13.19784,14.662912,0.089408,117.84162606995778
293.2,39.96091265,-106.21637451,2490.5208,13.19784,14.797024,0.089408,119.90284484180928
293.3,39.96090589,-106.21635969,2490.5208,13.19784,14.349984,0.089408,121.8872883299464
293.40000000000003,39.96089921,-106.21634662,2490.5208,13.19784,14.037056,0.089408,123.79529381632956
293.5,39.96089217,-106.21633372,2490.5208,13.19784,13.455904,0.089408,125.4241310133272
293.6,39.96088534,-106.21632202,2490.5208,13.19784,13.008864,0.089408,127.75191834277716
293.7,39.96087801,-106.21631031,2490.5208,13.19784,12.74064,0.089408,129.4631176375163
293.8,39.96087098,-106.21630074,2490.5208,13.19784,12.07008,0.089408,131.68657460020722
293.90000000000003,39.96086336,-106.21628989,2490.5208,13.19784,11.935968,0.089408,133.2925014046151
294.0,39.9608561,-106.21628009,2490.5208,13.19784,12.07008,0.089408,135.0
294.1,39.96084849,-106.21627037,2490.5208,13.19784,11.712448,0.089408,136.51185434282672
294.2,39.96084097,-106.21626106,2490.5208,13.1064,11.667744,0.089408,138.1603616260457
294.3,39.96083389,-106.21625323,2490.5208,13.1064,10.907775999999998,0.089408,139.5958876918648
294.40000000000003,39.96082796,-106.21624703,2490.5208,13.1064,9.38784,0.089408,140.99889553241633
294.5,39.96082105,-106.21624017,2490.5208,13.1064,9.074912,0.089408,143.18780201190452
294.6,39.96081528,-106.21623484,2490.5208,13.1064,8.761984,0.089408,145.20822635881382
294.7,39.96080991,-106.21623064,2490.5208,13.1064,7.420864000000001,0.089408,147.57893523749306
294.8,39.96080415,-106.21622602,2490.5208,13.1064,7.242048,0.089408,150.12400730831058
294.90000000000003,39.96079832,-106.21622188,2490.5208,13.1064,7.465567999999999,0.089408,152.27594376402865
295.0,39.960793,-106.2162184,2490.5208,13.1064,7.018528,0.0,154.14445781119662
295.1,39.96078728,-106.21621512,2490.5208,13.1064,6.795007999999999,0.0,154.75402643843063
295.2,39.96078248,-106.21621243,2490.5208,13.014960000000002,6.392672,0.0,156.26706019592802
295.3,39.9607783,-106.21621017,2490.5208,13.014960000000002,5.453887999999999,0.0,157.75097634278768
295.40000000000003,39.96077428,-106.21620818,2490.5208,13.014960000000002,4.872736,0.0,160.1045686652344
295.5,39.96076947,-106.21620543,2490.5208,13.014960000000002,5.319776,0.0,162.44645517366018
295.6,39.96076558,-106.21620381,2490.5208,13.1064,5.14096,0.0,165.10652704115842
295.7,39.96076173,-106.21620252,2490.5208,13.1064,4.4704,0.0,168.3106308245608
295.8,39.96075829,-106.21620162,2490.5208,13.1064,4.157472,0.0,172.26640190097714
295.90000000000003,39.96075469,-106.21620075,2490.5208,13.014960000000002,3.978656,0.0,176.23596513509426
296.0,39.96075154,-106.21620054,2490.5208,13.014960000000002,3.79984,0.0,180.0
296.1,39.96074875,-106.21620075,2490.5208,13.014960000000002,3.308096,0.0,186.3401917459099
296.2,39.96074645,-106.21620125,2490.5208,13.014960000000002,2.90576,0.0,193.06931789628217
296.3,39.9607442,-106.21620252,2490.5208,13.014960000000002,2.592832,0.0,201.41296947487172
296.40000000000003,39.96074236,-106.21620368,2490.5208,13.014960000000002,2.503424,0.0,209.05460409907715
296.5,39.96074057,-106.21620532,2490.5208,13.1064,2.324608,0.0,219.20720350496785
296.6,39.9607391,-106.21620717,2490.5208,13.1064,2.324608,0.0,229.2678933002908
296.7,39.96073779,-106.21620941,2490.5208,13.014960000000002,2.324608,0.0,237.87500155961249
296.8,39.96073687,-106.21621206,2490.5208,13.014960000000002,2.414016,0.0,247.7965214679426
296.90000000000003,39.96073616,-106.21621501,2490.5208,13.014960000000002,2.503424,0.0,256.4641436308657
297.0,39.96073575,-106.21621783,2490.5208,13.014960000000002,2.548128,0.0,261.46923439005184
297.1,39.96073547,-106.21622127,2490.5208,13.014960000000002,2.68224,0.0,268.23760897633946
297.2,39.96073568,-106.21622485,2490.5208,13.014960000000002,2.950464,0.0,270.0
297.3,39.96073588,-106.21622896,2490.5208,13.014960000000002,3.308096,0.0,275.2623953995951
297.40000000000003,39.96073628,-106.21623312,2490.5208,13.014960000000002,3.531616,0.0,277.5494217682633
297.5,39.960737,-106.21623792,2490.5208,13.014960000000002,3.889248,0.0,281.6893691754392
297.6,39.9607379,-106.2162423,2490.5208,13.014960000000002,3.978656,0.0,283.4486150516865
297.7,39.96073901,-106.21624731,2490.5208,13.014960000000002,4.157472,0.0,286.80869162620684
297.8,39.96074027,-106.21625235,2490.2160000000003,12.89304,4.4704,0.0,288.26790620724114
297.90000000000003,39.96074186,-106.21625805,2490.5208,13.014960000000002,4.828032,0.0,290.85445803957833
298.0,39.96074358,-106.2162637,2490.5208,13.014960000000002,5.14096,0.0,291.8895567699047
298.1,39.9607457,-106.21627015,2490.5208,13.014960000000002,5.588,0.0,293.732939804072
298.2,39.96074784,-106.21627622,2490.5208,13.014960000000002,5.81152,0.0,295.2011236454751
298.3,39.96075032,-106.21628278,2490.2160000000003,12.89304,5.990336,0.0,297.12130340415865
298.40000000000003,39.96075277,-106.21628883,2490.2160000000003,12.89304,6.03504,0.0,298.1913083737932
298.5,39.96075564,-106.21629563,2490.2160000000003,12.89304,6.213856,0.0,299.6498635075756
298.6,39.96075867,-106.21630232,2490.2160000000003,12.89304,6.660896,0.0,301.5347919051883
298.7,39.9607621,-106.21630957,2490.2160000000003,12.89304,6.92912,0.0,302.99379892590787
298.8,39.9607656,-106.21631655,2490.2160000000003,12.89304,7.197344,0.0,304.4552411249932
298.90000000000003,39.96076978,-106.2163237,2490.2160000000003,12.89304,7.37616,0.0,306.00285657893494
299.0,39.96077364,-106.21633029,2490.2160000000003,12.89304,7.37616,0.0,307.58850714082115
299.1,39.96077829,-106.21633793,2490.2160000000003,12.89304,7.689088,0.0,308.86031760007614
299.2,39.96078298,-106.21634523,2490.2160000000003,12.8016,8.225536,0.0,310.5673315313101
299.3,39.96078847,-106.21635329,2490.2160000000003,12.8016,8.627872,0.0,313.05485323858574
299.40000000000003,39.96079363,-106.21636044,2490.2160000000003,12.8016,8.761984,-0.089408,315.0
299.5,39.96079956,-106.21636789,2490.2160000000003,12.89304,8.761984,-0.089408,316.47963577089683
299.6,39.96080485,-106.21637411,2490.2160000000003,12.89304,8.538464000000001,-0.089408,318.56326806290616
299.7,39.96081096,-106.21638082,2490.2160000000003,12.89304,8.404352,-0.089408,321.1080383181826
299.8,39.96081696,-106.2163863,2490.2160000000003,12.89304,8.49376,-0.089408,324.0160489480102
299.90000000000003,39.96082377,-106.2163924,2490.2160000000003,12.8016,8.672576,-0.089408,326.3921358315527
300.0,39.96082981,-106.21639736,2490.2160000000003,12.8016,8.583167999999999,-0.089408,328.1811460716597
300.1,39.96083711,-106.21640293,2490.2160000000003,12.8016,8.672576,0.0,330.8323866204222
300.2,39.96084353,-106.21640685,2490.2160000000003,12.8016,8.627872,0.0,332.0284154186186
300.3,39.96085137,-106.216412,2490.2160000000003,12.8016,8.806688,0.0,333.81188930251915
300.5,39.96086667,-106.21642122,2490.2160000000003,12.8016,9.477248,0.0,335.9557767306322
300.6,39.9608743,-106.21642532,2490.2160000000003,12.8016,9.298432,0.0,336.3857279319284
300.7,39.96088268,-106.21643009,2490.2160000000003,12.8016,9.656064,-0.089408,336.90317808183914
300.8,39.96089132,-106.21643497,2490.2160000000003,12.8016,10.326624,0.0,336.6022360840739
300.90000000000003,39.96090033,-106.21644001,2490.2160000000003,12.8016,10.684256,0.0,337.09423034158283
301.0,39.96090903,-106.21644519,2490.2160000000003,12.8016,10.72896,-0.089408,337.0248459339693
301.1,39.96091867,-106.2164506,2490.2160000000003,12.8016,11.131296,-0.089408,337.05106271907675
301.2,39.96092753,-106.21645553,2490.2160000000003,12.8016,11.176,0.0,337.41614747934364
301.3,39.96093693,-106.21646074,2490.2160000000003,12.8016,11.041888,-0.089408,337.16634582208246
301.40000000000003,39.96094552,-106.21646553,2490.2160000000003,12.89304,10.863072,-0.089408,336.9217785939591
301.5,39.96095498,-106.2164714,2490.2160000000003,12.89304,10.997184,0.0,337.18833614129176
301.6,39.96096421,-106.21647662,2490.2160000000003,12.89304,11.39952,0.0,336.9182202919197
301.7,39.96097428,-106.2164823,2490.5208,13.014960000000002,11.712448,-0.089408,336.68577739407124
301.8,39.96098365,-106.21648762,2490.2160000000003,12.89304,11.801856,0.0,336.54473523744343
301.90000000000003,39.96099422,-106.21649385,2490.5208,13.014960000000002,12.159488,0.0,336.7164429947361
302.0,39.96100361,-106.21649924,2490.5208,13.014960000000002,12.159488,0.0,336.4929183045635
302.1,39.96101379,-106.21650503,2490.5208,13.014960000000002,11.891264,0.0,336.08039707992253
302.2,39.96102357,-106.21651063,2490.2160000000003,12.89304,12.114784,0.0,336.33470766089624
302.3,39.96103415,-106.21651674,2490.2160000000003,12.89304,12.338304,0.0,336.2881654067401
302.40000000000003,39.96104362,-106.21652221,2490.5208,13.014960000000002,12.204192,0.0,336.07889475207367
302.5,39.96105426,-106.21652831,2490.5208,13.014960000000002,12.204192,0.0,336.07889475207367
302.6,39.96106444,-106.21653416,2490.2160000000003,12.89304,12.651232,0.0,336.3243973664936
302.7,39.96107504,-106.21654034,2490.2160000000003,12.89304,12.651232,0.22352,336.4854433170634
302.8,39.96108523,-106.21654628,2490.2160000000003,12.89304,12.651232,0.312928,336.118723982391
302.90000000000003,39.96109584,-106.21655239,2490.2160000000003,12.89304,12.651232,0.402336,336.2796044276954
303.1,39.96111696,-106.21656459,2490.2160000000003,12.8016,12.874752,0.402336,335.89776549883885
303.2,39.96112776,-106.21657074,2490.2160000000003,12.710160000000002,12.919455999999998,0.402336,335.70117916630903
303.3,39.96113911,-106.21657739,2490.2160000000003,12.710160000000002,13.455904,0.402336,335.5879116120225
303.5,39.96116047,-106.21658998,2489.9112,12.58824,13.277088,0.312928,335.55604521958344
303.6,39.96117139,-106.21659636,2489.9112,12.4968,13.098272,0.402336,335.7120790917796
303.7,39.96118304,-106.21660325,2489.9112,12.4968,13.768832,0.581152,335.7120790917796
303.8,39.96119417,-106.21660985,2489.9112,12.4968,13.902944,0.581152,335.4328286793987
303.90000000000003,39.96120635,-106.21661715,2489.6064,12.31392,14.260576,0.581152,335.58666829497486
304.0,39.96121718,-106.21662379,2489.6064,12.192,14.126464,0.491744,335.40422845905545
304.1,39.96122951,-106.2166312,2489.6064,12.192,14.215872,0.491744,335.40422845905545
304.2,39.96124012,-106.21663757,2489.6064,12.100560000000002,14.037056,0.581152,335.40422845905545
304.3,39.96125248,-106.21664496,2489.6064,12.100560000000002,14.037056,0.491744,335.22485943116806
304.40000000000003,39.96126388,-106.21665177,2489.3016,12.00912,14.5288,0.312928,335.6005640758249
304.6,39.96128787,-106.21666627,2489.3016,11.8872,14.439391999999998,0.089408,334.789395007679
304.8,39.96130958,-106.21668031,2489.3016,11.8872,14.08176,-0.089408,331.8438085517274
304.90000000000003,39.96132044,-106.21668826,2489.3016,12.00912,13.590016,-0.22352,329.8336707056986
305.0,39.96133068,-106.21669624,2489.3016,12.00912,13.545312,-0.22352,327.8996934534598
305.1,39.9613429,-106.21670648,2489.3016,12.00912,14.707616,-0.22352,325.4540837857835
305.2,39.96135345,-106.21671611,2489.3016,12.00912,15.244064,-0.22352,323.16664302491176
305.3,39.96136405,-106.21672751,2489.3016,12.00912,14.797024,-0.22352,320.2658403117792
305.40000000000003,39.96137264,-106.21673712,2489.3016,12.00912,13.947648,-0.089408,317.9288581996931
305.5,39.96138146,-106.21674829,2489.3016,12.00912,13.098272,-0.089408,314.7258596062668
305.7,39.96139672,-106.21677073,2489.6064,12.192,13.053568,-0.089408,310.6676860168115
305.8,39.9614045,-106.21678278,2489.6064,12.192,13.008864,0.0,308.00390354172464
305.90000000000003,39.96141118,-106.21679435,2489.6064,12.192,12.874752,0.0,305.61323262226296
306.0,39.96141672,-106.21680478,2489.6064,12.192,11.578335999999998,0.0,303.2574215349605
306.1,39.96142192,-106.21681647,2489.6064,12.192,11.131296,0.0,301.00329812656406
306.2,39.96142643,-106.21682674,2489.6064,12.192,10.818368,0.0,298.495638618245
306.3,39.96143107,-106.21683851,2489.6064,12.192,10.684256,0.0,295.44174846300257
306.40000000000003,39.96143455,-106.21684843,2489.6064,12.192,10.28192,0.0,293.40468955103233
306.5,39.9614376,-106.21685932,2489.6064,12.192,9.566656,-0.089408,290.78111165824873
306.6,39.96144022,-106.2168692,2489.6064,12.31392,9.38784,-0.089408,288.52632957401
306.7,39.96144257,-106.21687922,2489.6064,12.31392,8.896096,0.0,285.73613540145897
306.8,39.96144439,-106.21688799,2489.6064,12.31392,8.314944,0.089408,284.2645122980799
306.90000000000003,39.96144612,-106.21689734,2489.6064,12.31392,7.957312,0.22352,281.9565842431491
307.0,39.96144738,-106.2169056,2489.6064,12.31392,7.689088,0.22352,279.52002186577414
307.1,39.96144851,-106.21691474,2489.6064,12.192,7.554975999999999,0.22352,278.2356193242095
307.2,39.96144924,-106.21692253,2489.6064,12.192,7.286752,0.22352,275.1944289077348
307.3,39.96144972,-106.21693011,2489.6064,12.192,6.571488,0.22352,272.1692575897285
307.40000000000003,39.96145023,-106.21693705,2489.6064,12.192,6.213856,0.22352,270.0
307.5,39.96145008,-106.21694349,2489.6064,12.100560000000002,5.722112,0.22352,266.486249739395
307.6,39.96144968,-106.21694883,2489.6064,12.100560000000002,5.006848,0.22352,262.94215335011893
307.7,39.96144895,-106.21695421,2489.3016,12.00912,4.649216,0.22352,257.9885216136346
307.8,39.96144799,-106.21695877,2489.3016,11.8872,4.336288,0.22352,252.3777027713317
307.90000000000003,39.96144656,-106.2169628,2489.3016,11.8872,3.933952,0.22352,245.32313682966293
308.0,39.96144497,-106.2169661,2489.3016,11.8872,3.531616,0.22352,237.5876933816488
308.1,39.96144294,-106.2169693,2489.3016,11.8872,3.442208,0.22352,227.3373058591238
308.2,39.96144097,-106.21697155,2489.3016,11.79576,3.218688,0.22352,216.5288553669852
308.40000000000003,39.96143586,-106.21697457,2489.3016,11.79576,3.039872,0.089408,198.1780187984185
308.5,39.96143291,-106.21697562,2489.3016,11.79576,3.218688,0.089408,192.52880770915152
308.6,39.96142992,-106.21697625,2489.3016,11.79576,3.3528,0.0,185.2623953995951
308.7,39.96142622,-106.21697693,2489.3016,11.8872,3.755136,0.0,180.0
308.8,39.96142285,-106.21697681,2489.3016,11.8872,3.933952,0.0,175.29214775562775
308.90000000000003,39.96141921,-106.21697621,2489.3016,12.00912,3.933952,0.0,171.780790751101
309.0,39.96141558,-106.21697527,2489.3016,12.00912,4.068064,-0.089408,166.82744657667308
309.1,39.96141166,-106.21697424,2489.6064,12.100560000000002,4.291583999999999,0.0,163.51554681046434
309.2,39.96140768,-106.21697255,2489.6064,12.100560000000002,4.559807999999999,0.0,159.7493664907175
309.3,39.96140308,-106.21697016,2489.3016,12.00912,5.096256,0.0,157.19028889612252
309.40000000000003,39.96139898,-106.21696774,2489.3016,12.00912,5.230368,0.0,154.25929164376714
309.5,39.96139426,-106.21696477,2489.3016,12.00912,5.409184,0.0,152.65012421993015
309.6,39.96138959,-106.21696143,2489.6064,12.100560000000002,5.856224,0.0,149.89347295884158
309.7,39.96138443,-106.2169574,2489.6064,12.100560000000002,6.303264,0.0,148.28865413476206
309.8,39.96137945,-106.2169532,2489.6064,12.100560000000002,6.616192,0.0,145.7842978675626
309.90000000000003,39.96137385,-106.21694834,2489.6064,12.100560000000002,7.018528,0.0,143.7073702715204
310.0,39.96136906,-106.21694367,2489.6064,12.100560000000002,7.018528,0.0,141.60994389362995
310.1,39.96136338,-106.21693767,2489.3016,12.00912,7.37616,0.0,139.25383643611917
310.2,39.96135823,-106.21693183,2489.3016,12.00912,7.867904,0.0,137.52949420483776
310.3,39.96135323,-106.2169256,2489.3016,12.00912,7.644384,0.0,135.4441444331119
310.40000000000003,39.96134841,-106.21691915,2489.3016,12.00912,7.689088,0.0,133.49820747764068
310.5,39.96134291,-106.21691151,2489.3016,12.00912,8.27024,0.0,131.43673193709384
310.6,39.96133774,-106.21690386,2489.3016,12.00912,8.806688,0.0,130.10090754621228
310.7,39.96133252,-106.21689555,2489.3016,12.00912,8.896096,0.0,128.48578971700033
310.8,39.96132759,-106.21688724,2489.3016,12.00912,9.030208,0.0,126.65100366014354
310.90000000000003,39.96132245,-106.21687806,2489.3016,12.00912,9.343136,0.0,124.7960262782683
311.0,39.96131759,-106.21686889,2489.3016,12.00912,9.566656,0.0,123.9062769884422
311.1,39.96131233,-106.2168586,2489.3016,12.00912,10.013696,0.0,122.49070055686792
311.2,39.96130708,-106.21684817,2489.3016,12.00912,10.594848,0.0,121.5587951629014
311.3,39.96130171,-106.21683683,2489.3016,12.00912,10.997184,0.0,120.67375867833624
311.40000000000003,39.96129711,-106.2168268,2489.3016,12.00912,10.639552,0.0,120.18788107358614
311.5,39.96129186,-106.21681478,2489.3016,12.00912,10.863072,0.0,119.3704044102194
311.6,39.96128739,-106.21680417,2489.3016,12.00912,11.041888,0.0,118.5923738775782
311.7,39.96128233,-106.21679222,2489.3016,12.00912,10.997184,0.0,117.56139907358296
311.8,39.96127766,-106.21678041,2489.6064,12.100560000000002,11.488928,0.0,116.27173063627804
311.90000000000003,39.96127258,-106.21676695,2489.6064,12.100560000000002,12.07008,0.0,115.50055614903346
312.0,39.96126822,-106.21675515,2489.6064,12.100560000000002,11.980672,0.0,115.24597356156949
312.1,39.96126327,-106.21674199,2489.6064,12.100560000000002,11.84656,0.0,115.36579778347856
312.2,39.96125846,-106.21672903,2489.6064,12.100560000000002,12.383008,0.0,115.75047412731828
312.3,39.96125308,-106.21671491,2489.6064,12.192,12.874752,0.0,116.83195505162053
312.40000000000003,39.96124773,-106.21670145,2489.6064,12.192,13.18768,0.0,118.12964551576704
312.5,39.96124175,-106.21668773,2489.6064,12.192,13.18768,0.0,120.31121322668162
312.7,39.96122885,-106.216661,2489.6064,12.192,13.455904,0.0,124.46081627137175
312.8,39.96122188,-106.21664816,2489.6064,12.192,13.455904,0.0,126.09517900967796
312.90000000000003,39.96121337,-106.21663533,2489.6064,12.192,13.902944,0.0,128.8613503658483
313.0,39.96120557,-106.21662302,2489.6064,12.192,14.037056,0.0,130.3013194827006
313.2,39.96118846,-106.21659906,2489.6064,12.192,13.85824,0.0,134.34745669460813
313.3,39.96117831,-106.21658769,2489.6064,12.192,14.260576,0.0,136.1744642144639
313.40000000000003,39.96116976,-106.21657753,2489.6064,12.192,13.85824,0.0,137.87545368398526
313.5,39.96116001,-106.21656658,2489.6064,12.31392,13.590016,0.0,139.9810819353084
313.6,39.96115046,-106.21655652,2489.6064,12.31392,13.992352,0.0,142.02839623894965
313.7,39.96114017,-106.21654633,2489.6064,12.31392,13.992352,0.089408,143.16664302491176
313.8,39.96113014,-106.21653743,2489.6064,12.31392,13.947648,0.089408,145.1561454383571
313.90000000000003,39.96111872,-106.21652737,2489.6064,12.31392,14.394688,0.089408,146.65929265352304
314.0,39.96110868,-106.21651904,2489.6064,12.31392,14.260576,0.089408,148.089039546768
314.1,39.96109671,-106.21650965,2489.6064,12.31392,14.394688,0.089408,149.79448108968518
314.2,39.96108577,-106.21650144,2489.9112,12.405360000000002,14.797024,0.089408,151.23536908805852
314.3,39.96107381,-106.21649311,2489.9112,12.405360000000002,14.573504,0.089408,152.58100992352138
314.40000000000003,39.96106281,-106.21648583,2489.9112,12.4968,14.394688,0.089408,153.58896936459428
314.5,39.96104975,-106.2164776,2489.9112,12.4968,14.931136,0.0,155.1173851896458
314.6,39.96103853,-106.21647065,2489.9112,12.4968,14.97584,0.0,156.08914433632867
314.7,39.96102561,-106.21646341,2489.9112,12.4968,14.707616,0.089408,157.57413807864828
314.8,39.96101309,-106.21645678,2489.9112,12.58824,15.333472,0.089408,158.97448809053117
314.90000000000003,39.96099953,-106.21645008,2489.9112,12.4968,15.556992,0.0,160.50413948681376
315.0,39.96098663,-106.21644427,2489.9112,12.58824,15.6464,-0.22352,162.3644752903956
315.1,39.960973,-106.21643867,2489.9112,12.58824,15.512288000000002,-0.491744,164.38415712595133
315.2,39.96096043,-106.21643434,2490.2160000000003,12.710160000000002,15.154656,-0.581152,166.4641436308658
315.40000000000003,39.9609352,-106.21642733,2490.2160000000003,12.8016,14.349984,-0.715264,169.78913230892204
315.5,39.96092467,-106.21642606,2490.2160000000003,12.89304,13.455904,-0.581152,171.05461816646107
315.6,39.96091275,-106.21642395,2490.5208,13.014960000000002,12.561824,-0.312928,171.7461488544376
315.7,39.96089867,-106.21642134,2490.5208,13.014960000000002,14.573504,-0.22352,173.02598874446142
315.8,39.96088525,-106.21641913,2490.5208,13.014960000000002,15.42288,-0.089408,173.71750791183865
315.90000000000003,39.96086945,-106.21641647,2490.5208,13.014960000000002,16.361664,-0.22352,173.71750791183865
316.0,39.96085625,-106.21641471,2490.5208,13.014960000000002,16.227552,-0.491744,174.6172020848727
316.1,39.96084258,-106.21641298,2490.5208,13.1064,15.020544,-0.89408,174.96263149796857
316.2,39.96082952,-106.21641156,2490.5208,13.19784,14.931136,-1.207008,176.22018614200078
316.3,39.96081545,-106.2164096,2490.8256,13.4112,15.154656,-1.385824,176.93351449887405
316.40000000000003,39.96080222,-106.21640868,2490.8256,13.50264,15.19936,-1.385824,177.81034564904144
316.5,39.96078814,-106.21640799,2491.1304,13.594080000000002,15.19936,-1.519936,178.50566640873353
316.6,39.96077531,-106.21640749,2491.1304,13.80744,14.97584,-1.519936,178.84433410618
316.7,39.96076085,-106.21640705,2491.4352000000003,13.898880000000002,15.19936,-1.609344,178.5311992856142
316.8,39.96074694,-106.21640648,2491.4352000000003,14.11224,15.780511999999998,-1.609344,177.8789036033386
316.90000000000003,39.96073238,-106.21640549,2491.74,14.29512,15.86992,-1.609344,176.75724702237733
317.0,39.96071851,-106.21640415,2492.0448,14.50848,15.825216,-1.609344,175.3035280082945
317.1,39.96070331,-106.21640208,2492.0448,14.69136,16.227552,-1.609344,172.65282982088365
317.2,39.96069036,-106.21639944,2492.3496,14.90472,15.780511999999998,-1.609344,170.7802266796905
317.3,39.96067585,-106.21639604,2492.6544000000004,15.0876,15.467584,-1.519936,168.85219436976138
317.40000000000003,39.96066228,-106.21639224,2492.6544000000004,15.20952,15.914624,-1.519936,166.8170348414592
317.5,39.96064851,-106.21638752,2492.6544000000004,15.300960000000002,15.6464,-1.385824,164.61153216724097
317.6,39.96063558,-106.21638136,2492.9592,15.51432,15.556992,-1.385824,162.37962822683767
317.7,39.96062245,-106.21637528,2492.9592,15.605760000000002,15.42288,-1.296416,160.2870837810575
317.8,39.9606115,-106.21636967,2493.264,15.6972,14.30528,-1.296416,158.73094016077152
317.90000000000003,39.96059895,-106.21636277,2493.264,15.910560000000002,14.126464,-1.296416,156.72891381076715
318.0,39.96058994,-106.21635595,2493.5688,16.002000000000002,13.321792,-1.296416,154.85867363270586
318.1,39.96057825,-106.21634837,2493.5688,16.09344,13.053568,-1.207008,153.08875497246106
318.2,39.9605686,-106.21634166,2493.5688,16.18488,13.321792,-1.1176,151.21529326972416
318.3,39.96055831,-106.21633409,2493.8736000000004,16.3068,12.651232,-0.983488,150.3310406279412
318.5,39.96053915,-106.21631906,2493.8736000000004,16.39824,12.651232,-0.402336,147.81105064542237
318.6,39.96053096,-106.21631224,2493.8736000000004,16.39824,11.891264,-0.22352,147.1168619291226
318.7,39.96052227,-106.21630482,2493.8736000000004,16.48968,11.176,0.0,146.37416538378454
318.8,39.96051436,-106.21629793,2493.8736000000004,16.48968,11.041888,0.0,146.17590750323586
318.90000000000003,39.9605064,-106.21629155,2493.8736000000004,16.48968,10.50544,0.0,145.46533842860066
319.0,39.96049922,-106.21628521,2493.8736000000004,16.48968,10.013696,0.089408,145.33891054294105
319.1,39.9604918,-106.21627861,2493.8736000000004,16.48968,9.83488,0.089408,145.50639778790918
319.2,39.96048579,-106.21627332,2493.8736000000004,16.48968,9.030208,0.0,145.71312302279102
319.3,39.96047918,-106.21626818,2493.8736000000004,16.48968,8.314944,0.0,146.681374787391
319.40000000000003,39.96047382,-106.21626368,2493.8736000000004,16.48968,7.8232,0.0,146.6977152466858
319.5,39.9604683,-106.21625906,2493.8736000000004,16.48968,7.197344,0.0,147.44333420789326
319.6,39.96046307,-106.21625479,2494.1784,16.6116,7.063232,0.0,148.28865413476206
319.7,39.96045867,-106.21625167,2494.1784,16.6116,6.169152,0.0,148.17255342332692
319.8,39.96045447,-106.2162485,2494.1784,16.6116,5.498592,0.0,149.42077312751098
319.90000000000003,39.96044966,-106.21624485,2494.1784,16.6116,5.81152,0.0,150.61584287404872
320.0,39.96044575,-106.21624198,2494.1784,16.70304,5.632704,0.0,152.50716304846037
320.1,39.96044164,-106.21623912,2494.1784,16.70304,5.051552,0.0,152.9388938625268
320.2,39.96043765,-106.21623628,2494.1784,16.70304,5.096256,0.0,155.30844183652198
320.3,39.960434,-106.2162342,2494.1784,16.70304,4.738624,0.0,159.05734945001177
320.40000000000003,39.9604311,-106.21623274,2494.1784,16.70304,3.933952,0.0,159.95475057457907
320.5,39.96042807,-106.21623139,2494.1784,16.70304,3.486912,0.0,163.37924308610798
320.6,39.96042601,-106.21623064,2494.1784,16.70304,2.995168,0.0,167.77487732426425
320.7,39.96042356,-106.21623005,2494.1784,16.70304,2.592832,0.0,172.8749836510982
320.8,39.96042145,-106.2162298,2494.1784,16.6116,2.548128,0.089408,180.0
320.90000000000003,39.96041946,-106.21622984,2494.1784,16.6116,2.324608,0.0,186.6325146151385
321.0,39.96041788,-106.21623016,2494.1784,16.70304,1.966976,0.0,193.3245312618908
321.1,39.96041646,-106.21623087,2494.1784,16.70304,1.78816,0.0,207.2995722113328
321.2,39.96041526,-106.21623189,2494.1784,16.70304,1.519936,0.0,221.34777721969368
321.3,39.96041427,-106.21623322,2494.1784,16.70304,1.654048,0.0,233.47114463301483
321.40000000000003,39.9604138,-106.21623458,2494.1784,16.6116,1.34112,0.089408,249.07549825507883
321.5,39.96041333,-106.2162366,2494.1784,16.6116,1.519936,0.0,259.5625246488818
321.6,39.96041311,-106.21623881,2494.1784,16.6116,1.877568,0.089408,267.4551956201869
321.7,39.9604131,-106.21624142,2494.1784,16.6116,2.101088,0.0,272.33730585912383
321.8,39.9604133,-106.21624418,2494.1784,16.6116,2.324608,0.0,277.1250163489018
321.90000000000003,39.9604141,-106.2162476,2494.1784,16.6116,2.68224,0.0,282.22512267573575
322.0,39.96041476,-106.21625073,2494.1784,16.6116,2.90576,0.0,285.4786381654184
322.1,39.96041577,-106.21625466,2493.8736000000004,16.48968,3.12928,0.0,289.1481374579396
322.2,39.96041689,-106.21625851,2493.8736000000004,16.48968,3.531616,0.0,290.3948760820484
322.3,39.96041837,-106.21626289,2493.8736000000004,16.48968,3.79984,0.0,292.275897848259
322.40000000000003,39.9604198,-106.21626705,2493.8736000000004,16.48968,3.978656,0.0,294.6915581634781
322.5,39.96042157,-106.2162719,2493.8736000000004,16.39824,4.202176,0.0,297.06110613747325
322.6,39.96042347,-106.2162768,2493.8736000000004,16.39824,4.604512000000001,0.0,297.9794743884801
322.7,39.96042581,-106.21628239,2493.8736000000004,16.39824,5.051552,0.0,299.00641590227
322.8,39.96042822,-106.21628779,2493.8736000000004,16.39824,5.409184,0.0,300.9637565320735
322.90000000000003,39.96043116,-106.21629378,2493.8736000000004,16.39824,5.677408,0.0,302.81634341401264
323.0,39.96043391,-106.21629904,2493.8736000000004,16.39824,5.722112,0.0,304.6409475119163
323.1,39.96043742,-106.21630483,2493.8736000000004,16.3068,5.856224,0.0,306.54108759982944
323.2,39.96044082,-106.21631055,2493.8736000000004,16.3068,6.213856,0.0,308.2901631922431
323.3,39.96044448,-106.2163163,2493.8736000000004,16.3068,6.25856,0.0,310.1009075462122
323.40000000000003,39.96044841,-106.21632211,2493.8736000000004,16.3068,6.48208,0.0,311.60286708066025
323.5,39.96045288,-106.21632835,2493.5688,16.18488,6.92912,0.0,313.97696981133214
323.6,39.96045753,-106.21633394,2493.5688,16.18488,7.15264,0.0,315.0
323.7,39.96046257,-106.21634019,2493.5688,16.18488,7.37616,0.0,316.6776394661535
323.8,39.96046761,-106.21634612,2493.5688,16.18488,7.644384,0.0,318.25722194066697
323.90000000000003,39.96047317,-106.21635233,2493.5688,16.18488,7.8232,0.0,319.7448992054565
324.0,39.96047885,-106.21635791,2493.5688,16.09344,8.002016,0.0,320.95142227887936
324.1,39.96048494,-106.21636406,2493.5688,16.09344,8.27024,0.0,322.28402365441684
324.2,39.96049127,-106.21637024,2493.5688,16.09344,8.672576,0.0,323.011231612856
324.3,39.96049782,-106.21637643,2493.5688,16.18488,8.896096,-0.089408,324.22736719428934
324.40000000000003,39.96050398,-106.21638161,2493.5688,16.18488,8.583167999999999,-0.089408,325.37584492005107
324.5,39.96051103,-106.21638791,2493.5688,16.18488,8.851392,-0.089408,326.0035408517495
324.6,39.96051791,-106.21639388,2493.5688,16.09344,9.343136,-0.089408,326.76047977580447
324.7,39.96052555,-106.21640035,2493.5688,16.18488,9.656064,-0.089408,327.63021606257666
324.8,39.96053238,-106.21640606,2493.5688,16.09344,9.566656,-0.089408,328.3245312618908
324.90000000000003,39.96054018,-106.21641233,2493.5688,16.09344,9.61136,0.0,328.86102756302114
325.0,39.96054782,-106.21641834,2493.5688,16.09344,10.0584,0.0,329.509041119238
325.1,39.9605562,-106.21642481,2493.5688,16.09344,10.371328,0.0,330.01013556954865
325.2,39.96056396,-106.21643064,2493.5688,16.09344,10.416032,-0.089408,330.6158428740487
325.3,39.96057374,-106.21643804,2493.5688,16.09344,11.265408,-0.089408,331.504361381755
325.40000000000003,39.96058179,-106.21644371,2493.5688,16.09344,11.354816,-0.089408,332.4836303197917
325.5,39.96059021,-106.21644935,2493.5688,16.09344,10.326624,0.0,332.91409244842004
325.6,39.96059847,-106.21645467,2493.5688,16.09344,10.371328,-0.089408,333.84566422168706
325.7,39.96060815,-106.21646043,2493.5688,16.002000000000002,11.041888,-0.089408,335.0513319951472
325.8,39.96061698,-106.21646576,2493.5688,16.002000000000002,11.310112,-0.089408,335.7415878984374
325.90000000000003,39.96062735,-106.21647185,2493.5688,16.09344,11.712448,-0.089408,336.282648998579
326.0,39.96063644,-106.216477,2493.5688,16.09344,11.84656,-0.22352,337.11387717419143
326.1,39.96064749,-106.21648277,2493.5688,16.09344,12.114784,-0.22352,337.44578472762754
326.2,39.96065691,-106.21648772,2493.5688,16.09344,12.248895999999998,-0.22352,338.23764693535145
326.3,39.96066802,-106.21649343,2493.5688,16.09344,12.2936,-0.22352,338.54536638395325
326.40000000000003,39.9606777,-106.2164983,2493.5688,16.09344,12.383008,-0.22352,338.91853926738645
326.5,39.96068858,-106.21650357,2493.5688,16.09344,12.248895999999998,-0.089408,339.2082679998898
326.6,39.96069912,-106.21650871,2493.5688,16.09344,12.74064,-0.089408,339.35029604975875
326.7,39.96071035,-106.21651414,2493.5688,16.09344,12.919455999999998,-0.089408,339.6973723376438
326.8,39.9607211,-106.21651928,2493.5688,16.09344,13.008864,-0.312928,340.2531633945739
326.90000000000003,39.96073301,-106.21652498,2493.5688,16.09344,13.4112,-0.581152,339.77514056883194
327.0,39.96074289,-106.21652964,2493.5688,16.18488,12.874752,-0.581152,340.1231278053967
327.1,39.96075355,-106.21653466,2493.5688,16.18488,12.159488,-0.491744,340.27390582448066
327.2,39.96076338,-106.21653928,2493.5688,16.18488,12.114784,-0.402336,340.2262791156192
327.3,39.96077364,-106.21654411,2493.5688,16.18488,11.891264,-0.312928,339.9576832551064
327.40000000000003,39.96078166,-106.21654797,2493.8736000000004,16.3068,10.818368,-0.22352,340.1196476353573
327.5,39.96079107,-106.21655249,2493.8736000000004,16.3068,10.326624,-0.22352,339.6235647861636
327.6,39.96079876,-106.21655623,2493.8736000000004,16.3068,10.147808,-0.089408,339.09766582407065
327.7,39.96080675,-106.21656025,2493.8736000000004,16.3068,9.343136,-0.089408,339.2459286812006
327.90000000000003,39.96082094,-106.21656813,2493.8736000000004,16.39824,8.896096,-0.089408,338.8483086165352
328.0,39.96082764,-106.21657161,2493.8736000000004,16.39824,8.404352,0.0,339.08486337096684
328.1,39.96083394,-106.21657485,2493.8736000000004,16.39824,7.778496,0.0,338.8830953355366
328.2,39.96083873,-106.21657746,2493.8736000000004,16.39824,6.660896,0.0,339.58157448256867
328.3,39.9608443,-106.21658026,2493.8736000000004,16.39824,6.169152,0.0,339.3937393861632
328.40000000000003,39.96084874,-106.21658249,2493.8736000000004,16.39824,5.945632,0.0,338.4590240814616
328.5,39.9608534,-106.21658488,2493.8736000000004,16.39824,5.409184,0.0,338.77634349723377
328.6,39.96085738,-106.21658694,2493.8736000000004,16.3068,5.185664,0.0,339.0442232693678
328.7,39.96086077,-106.2165889,2493.8736000000004,16.3068,4.4704,0.0,339.51964268819074
328.8,39.96086367,-106.21659046,2493.8736000000004,16.39824,3.79984,0.0,339.44395478041656
328.90000000000003,39.96086631,-106.21659187,2493.8736000000004,16.39824,3.308096,0.0,339.86369657175186
329.0,39.96086832,-106.21659293,2493.8736000000004,16.39824,2.771648,0.0,339.8293465881496
329.1,39.96087016,-106.21659404,2493.8736000000004,16.48968,2.324608,0.0,341.1139126302907
329.2,39.9608715,-106.21659474,2493.8736000000004,16.48968,1.877568,0.0,341.565051177078
329.3,39.96087251,-106.21659523,2493.8736000000004,16.48968,1.34112,0.0,344.4758890032457
329.40000000000003,39.96087307,-106.21659543,2493.8736000000004,16.48968,0.938784,0.0,0.0
329.5,39.96087346,-106.2165955,2493.8736000000004,16.48968,0.491744,0.0,0.0
329.6,39.96087369,-106.21659556,2493.8736000000004,16.48968,0.491744,0.0,0.0
329.7,39.96087389,-106.21659564,2494.1784,16.6116,0.0,0.0,344.05460409907715
329.8,39.96087409,-106.21659573,2494.1784,16.6116,0.0,0.0,344.05460409907715
329.90000000000003,39.96087456,-106.21659613,2494.1784,16.6116,0.0,0.0,347.4711922908485
330.0,39.96087486,-106.21659631,2494.1784,16.70304,0.491744,0.0,347.4711922908485
330.1,39.96087526,-106.21659659,2494.1784,16.70304,0.67056,0.0,347.4711922908485
330.2,39.9608756,-106.21659683,2494.1784,16.70304,0.0,0.0,347.4711922908485
330.3,39.96087654,-106.21659756,2494.1784,16.70304,0.938784,0.0,0.0
330.40000000000003,39.96087687,-106.21659775,2494.1784,16.70304,0.804672,0.0,0.0
330.5,39.96087718,-106.21659787,2494.1784,16.70304,0.67056,0.0,0.0
330.6,39.96087742,-106.21659794,2494.1784,16.70304,0.0,0.0,0.0
330.7,39.96087758,-106.21659794,2494.1784,16.70304,0.0,0.0,0.0
330.8,39.96087793,-106.21659791,2494.1784,16.70304,0.0,0.0,0.0
330.90000000000003,39.96087804,-106.21659784,2494.1784,16.70304,0.0,0.0,0.0
331.0,39.9608781,-106.21659776,2494.1784,16.70304,0.0,0.089408,0.0
331.1,39.96087808,-106.21659762,2494.1784,16.70304,0.0,0.089408,0.0
331.3,39.96087805,-106.2165972,2494.1784,16.79448,0.0,0.089408,0.0
331.40000000000003,39.960878,-106.21659711,2494.1784,16.79448,0.0,0.089408,0.0
331.5,39.96087794,-106.21659698,2494.1784,16.79448,0.0,0.089408,0.0
331.6,39.96087785,-106.21659682,2494.1784,16.79448,0.0,0.089408,0.0
331.7,39.96087779,-106.21659678,2494.1784,16.79448,0.0,0.089408,0.0
331.8,39.96087773,-106.21659675,2494.1784,16.79448,0.0,0.089408,0.0
331.90000000000003,39.96087764,-106.21659672,2494.1784,16.79448,0.0,0.089408,0.0
332.0,39.96087756,-106.21659672,2494.1784,16.79448,0.0,0.089408,0.0
332.1,39.96087744,-106.21659687,2494.1784,16.79448,0.0,0.089408,180.0
332.2,39.96087736,-106.21659692,2494.1784,16.79448,0.0,0.089408,180.0
332.3,39.96087725,-106.21659694,2494.1784,16.79448,0.491744,0.089408,0.0
332.40000000000003,39.96087715,-106.21659695,2494.1784,16.79448,0.491744,0.089408,0.0
332.5,39.96087697,-106.21659684,2494.1784,16.79448,0.0,0.089408,0.0
332.6,39.9608769,-106.21659684,2494.1784,16.79448,0.0,0.089408,0.0
332.7,39.96087683,-106.21659687,2494.1784,16.79448,0.0,0.089408,0.0
332.8,39.96087677,-106.21659689,2494.1784,16.79448,0.0,0.089408,0.0
332.90000000000003,39.96087669,-106.21659685,2494.1784,16.79448,0.0,0.089408,0.0
333.0,39.96087665,-106.21659685,2494.1784,16.79448,0.0,0.089408,0.0
333.1,39.9608766,-106.2165968,2494.1784,16.79448,0.0,0.089408,0.0
333.2,39.96087655,-106.21659675,2494.1784,16.79448,0.0,0.089408,0.0
333.3,39.9608764,-106.21659647,2494.1784,16.79448,0.0,0.089408,0.0
333.40000000000003,39.96087634,-106.21659644,2494.1784,16.79448,0.0,0.089408,0.0
333.5,39.96087626,-106.21659647,2494.1784,16.79448,0.0,0.089408,0.0
333.6,39.9608762,-106.21659652,2494.1784,16.70304,0.0,0.089408,0.0
333.7,39.96087605,-106.21659647,2494.1784,16.70304,0.0,0.089408,0.0
333.8,39.96087599,-106.21659653,2494.1784,16.70304,0.0,0.089408,0.0
333.90000000000003,39.9608759,-106.21659655,2494.1784,16.70304,0.0,0.089408,0.0
334.0,39.96087583,-106.21659659,2494.1784,16.70304,0.0,0.089408,0.0
334.1,39.9608758,-106.21659665,2494.1784,16.70304,0.0,0.089408,0.0
334.2,39.96087573,-106.21659652,2494.1784,16.70304,0.0,0.089408,0.0
334.3,39.96087569,-106.21659658,2494.1784,16.70304,0.0,0.089408,0.0
334.40000000000003,39.96087567,-106.21659662,2494.1784,16.70304,0.0,0.089408,0.0
334.5,39.96087569,-106.21659665,2494.1784,16.70304,0.0,0.089408,0.0
334.6,39.96087569,-106.21659664,2494.1784,16.70304,0.0,0.0,0.0
334.8,39.96087587,-106.21659669,2494.1784,16.70304,0.0,0.089408,0.0
334.90000000000003,39.96087596,-106.21659671,2494.1784,16.70304,0.0,0.089408,0.0
335.1,39.96087609,-106.21659681,2494.1784,16.70304,0.0,0.089408,270.0
335.2,39.9608761,-106.21659694,2494.1784,16.70304,0.0,0.089408,270.0
335.3,39.96087608,-106.21659705,2494.1784,16.70304,0.0,0.089408,0.0
335.40000000000003,39.96087607,-106.21659714,2494.1784,16.70304,0.0,0.0,0.0
335.5,39.96087595,-106.21659729,2494.1784,16.70304,0.0,0.0,0.0
335.6,39.96087596,-106.21659738,2494.1784,16.70304,0.0,0.0,0.0
335.7,39.96087595,-106.2165974,2494.1784,16.70304,0.0,0.0,0.0
335.8,39.96087593,-106.21659741,2494.1784,16.70304,0.0,0.0,0.0
335.90000000000003,39.96087583,-106.21659734,2494.1784,16.70304,0.0,0.089408,0.0
336.0,39.9608758,-106.21659735,2494.1784,16.70304,0.491744,0.089408,0.0
336.1,39.96087578,-106.21659732,2494.1784,16.6116,0.0,0.089408,0.0
336.2,39.96087577,-106.21659731,2494.1784,16.6116,0.0,0.089408,0.0
336.3,39.96087575,-106.2165972,2494.1784,16.6116,0.0,0.0,0.0
336.40000000000003,39.96087575,-106.2165972,2494.1784,16.70304,0.0,0.0,0.0
336.5,39.96087573,-106.2165972,2494.1784,16.70304,0.0,0.0,0.0
336.6,39.96087572,-106.21659719,2494.1784,16.70304,0.0,0.0,0.0
336.7,39.9608756,-106.21659717,2494.1784,16.70304,0.0,0.0,0.0
336.8,39.96087559,-106.2165972,2494.1784,16.70304,0.0,0.0,0.0
336.90000000000003,39.96087556,-106.21659724,2494.1784,16.70304,0.0,0.0,0.0
337.0,39.96087554,-106.21659729,2494.1784,16.70304,0.0,0.0,0.0
337.1,39.96087555,-106.21659737,2494.1784,16.70304,0.0,0.0,0.0
337.2,39.96087553,-106.21659742,2494.1784,16.70304,0.0,0.0,0.0
337.3,39.96087556,-106.21659753,2494.1784,16.70304,0.0,0.0,0.0
337.40000000000003,39.96087558,-106.2165976,2494.1784,16.70304,0.0,0.0,0.0
337.5,39.9608756,-106.21659759,2494.1784,16.70304,0.0,0.0,0.0
337.6,39.96087561,-106.21659755,2494.1784,16.6116,0.491744,0.0,0.0
337.7,39.96087563,-106.21659754,2494.1784,16.6116,0.0,0.0,0.0
337.8,39.96087565,-106.21659754,2494.1784,16.6116,0.0,0.0,0.0
337.90000000000003,39.96087565,-106.21659756,2494.1784,16.6116,0.0,0.0,0.0
338.0,39.96087562,-106.21659756,2494.1784,16.6116,0.0,0.0,0.0
338.1,39.96087563,-106.21659763,2494.1784,16.6116,0.0,0.0,0.0
338.3,39.96087565,-106.21659772,2494.1784,16.6116,0.0,0.0,0.0
338.40000000000003,39.96087562,-106.21659777,2494.1784,16.6116,0.0,0.0,0.0
338.5,39.96087565,-106.2165978,2494.1784,16.6116,0.0,0.0,0.0
338.6,39.96087568,-106.2165978,2494.1784,16.6116,0.0,0.0,0.0
338.7,39.96087571,-106.21659771,2494.1784,16.70304,0.0,0.0,0.0
338.8,39.96087574,-106.21659763,2494.1784,16.70304,0.0,0.0,0.0
338.90000000000003,39.96087568,-106.21659736,2494.1784,16.70304,0.0,0.0,0.0
339.0,39.96087569,-106.21659728,2494.1784,16.70304,0.0,0.0,0.0
339.1,39.9608757,-106.2165972,2494.1784,16.70304,0.0,0.0,0.0
339.2,39.9608757,-106.21659712,2494.1784,16.6116,0.0,0.0,0.0
339.3,39.96087562,-106.21659689,2494.1784,16.6116,0.0,0.0,0.0
339.5,39.96087563,-106.21659679,2494.1784,16.6116,0.0,0.0,0.0
339.6,39.96087563,-106.21659678,2494.1784,16.6116,0.0,0.0,0.0
339.7,39.96087571,-106.21659673,2494.1784,16.6116,0.491744,0.0,0.0
339.8,39.96087575,-106.21659673,2494.1784,16.6116,0.0,0.0,0.0
339.90000000000003,39.96087577,-106.21659675,2493.8736000000004,16.48968,0.0,0.0,0.0
340.0,39.96087577,-106.21659679,2494.1784,16.6116,0.0,0.0,0.0
340.1,39.9608757,-106.21659692,2493.8736000000004,16.48968,0.0,0.312928,0.0
340.2,39.96087569,-106.21659698,2493.8736000000004,16.39824,0.0,0.715264,0.0
340.3,39.96087565,-106.21659704,2493.8736000000004,16.39824,0.0,1.1176,0.0
340.40000000000003,39.96087562,-106.21659711,2493.8736000000004,16.3068,0.0,1.609344,0.0
340.5,39.96087554,-106.2165971,2493.5688,16.002000000000002,0.0,2.101088,0.0
340.6,39.96087557,-106.21659713,2493.264,15.78864,0.0,2.414016,0.0
340.7,39.96087561,-106.21659715,2492.9592,15.51432,0.0,2.68224,0.0
340.8,39.96087564,-106.21659717,2492.6544000000004,15.300960000000002,0.0,2.816352,0.0
340.90000000000003,39.96087566,-106.2165972,2492.3496,14.99616,0.0,2.90576,0.0
341.0,39.96087574,-106.21659716,2492.0448,14.59992,0.0,2.90576,0.0
341.1,39.96087566,-106.21659716,2491.74,14.29512,0.0,2.995168,0.0
341.2,39.96087557,-106.21659715,2491.4352000000003,13.99032,0.0,2.995168,0.0
341.3,39.96087549,-106.21659713,2491.1304,13.68552,0.0,2.995168,0.0
341.40000000000003,39.96087542,-106.21659699,2490.8256,13.4112,0.0,2.995168,0.0
341.5,39.96087528,-106.21659701,2490.5208,13.1064,0.0,2.995168,0.0
341.7,39.96087506,-106.21659699,2489.9112,12.58824,0.0,2.90576,0.0
341.8,39.96087481,-106.21659687,2489.6064,12.31392,0.0,2.90576,0.0
341.90000000000003,39.96087471,-106.21659691,2489.3016,12.00912,0.491744,2.90576,0.0
342.0,39.96087464,-106.21659695,2488.9968000000003,11.70432,0.0,2.90576,0.0
342.2,39.96087463,-106.21659703,2488.3872,11.09472,0.44704,2.90576,0.0
342.3,39.9608747,-106.21659712,2488.0824,10.78992,0.0,2.816352,0.0
342.40000000000003,39.9608748,-106.21659716,2487.7776000000003,10.48512,0.0,2.503424,0.0
342.5,39.96087492,-106.21659715,2487.7776000000003,10.393680000000002,0.0,2.101088,0.0
342.6,39.96087516,-106.2165972,2487.7776000000003,10.2108,0.0,1.609344,347.4711922908485
342.7,39.96087578,-106.21659726,2487.4728,9.99744,0.491744,1.207008,344.4758890032457
342.8,39.96087672,-106.21659771,2487.4728,9.906,0.804672,0.804672,339.22774531795415
342.90000000000003,39.96087815,-106.21659846,2487.4728,9.906,1.34112,0.402336,337.2855876468328
343.0,39.96087994,-106.21659947,2487.4728,9.906,1.877568,0.22352,336.6659587232902
343.1,39.96088276,-106.21660111,2487.4728,9.906,2.816352,0.0,335.2825590889166
343.2,39.96088531,-106.21660263,2487.4728,9.906,3.308096,0.0,334.722277764447
343.3,39.96088854,-106.21660453,2487.4728,9.99744,3.531616,0.0,335.22485943116806
343.40000000000003,39.96089195,-106.21660651,2487.4728,9.906,4.02336,0.0,336.4051794301185
343.6,39.96090057,-106.21661089,2487.4728,9.99744,4.828032,0.0,335.87159706973216
343.8,39.96090904,-106.21661572,2487.4728,9.99744,5.14096,-0.089408,335.4722795197419
343.90000000000003,39.96091343,-106.21661819,2487.4728,9.99744,5.185664,-0.22352,335.9848978358822
344.0,39.96091736,-106.21662005,2487.4728,9.99744,4.962144,-0.22352,337.38013505195954
344.1,39.96092136,-106.2166223,2487.4728,9.99744,4.783328,-0.089408,337.5205656028969
344.2,39.96092485,-106.21662426,2487.4728,9.99744,4.515104,-0.089408,336.44773632710536
344.3,39.96092797,-106.21662595,2487.4728,9.99744,4.02336,0.0,337.2034785320574
344.40000000000003,39.96093019,-106.2166269,2487.4728,9.99744,3.173984,0.0,335.77225468204585
344.5,39.96093247,-106.21662818,2487.4728,9.99744,2.68224,0.0,335.8208928533108
344.6,39.96093426,-106.21662922,2487.4728,9.99744,2.45872,0.0,335.77225468204585
344.7,39.96093574,-106.21663012,2487.4728,9.99744,2.01168,0.0,335.85445803957833
344.8,39.96093603,-106.21663039,2487.4728,9.99744,1.0728959999999998,0.0,335.77225468204585
344.90000000000003,39.96093662,-106.21663078,2487.4728,9.906,0.67056,0.089408,327.5288077091515
345.0,39.96093689,-106.21663099,2487.4728,9.906,0.0,0.089408,338.1985905136482
345.1,39.96093703,-106.21663112,2487.4728,9.906,0.0,0.0,0.0
345.2,39.96093658,-106.21663081,2487.4728,9.906,0.0,0.0,0.0
345.3,39.96093657,-106.21663072,2487.4728,9.906,0.491744,0.0,0.0
345.40000000000003,39.96093656,-106.21663062,2487.4728,9.906,0.0,0.0,0.0
345.5,39.96093665,-106.21663054,2487.4728,9.906,0.0,0.0,0.0
345.6,39.96093675,-106.21663047,2487.4728,9.906,0.0,0.0,0.0
345.7,39.9609374,-106.21663045,2487.4728,9.906,0.491744,0.0,0.0
345.8,39.96093752,-106.21663044,2487.4728,9.906,0.67056,0.0,0.0
345.90000000000003,39.96093771,-106.2166305,2487.4728,9.99744,0.0,0.0,0.0
346.0,39.96093799,-106.21663064,2487.4728,9.906,0.491744,0.0,344.05460409907715
346.1,39.96093884,-106.21663125,2487.4728,9.99744,0.67056,0.0,338.9624889745782
346.2,39.96093951,-106.21663169,2487.4728,9.99744,0.938784,0.0,335.77225468204585
346.3,39.96094056,-106.2166324,2487.4728,9.906,1.0728959999999998,0.0,335.85445803957833
346.40000000000003,39.96094171,-106.21663319,2487.4728,9.906,1.34112,0.0,332.10272896905235
346.5,39.96094375,-106.21663468,2487.4728,9.906,2.01168,0.0,332.9044475062482
346.6,39.96094546,-106.21663585,2487.4728,9.906,2.324608,0.0,332.969139740157
346.90000000000003,39.96095295,-106.21664092,2487.4728,9.99744,2.861056,0.0,332.4471884232822
347.0,39.96095583,-106.21664287,2487.4728,9.906,3.263392,0.0,333.434948822922
347.1,39.96095917,-106.21664509,2487.4728,9.906,3.933952,0.0,332.6125778429238
347.2,39.96096278,-106.2166475,2487.4728,9.906,4.336288,0.0,333.434948822922
347.3,39.96096678,-106.21665022,2487.4728,9.99744,4.783328,0.0,332.95947609047414
347.40000000000003,39.96097047,-106.21665269,2487.4728,9.99744,4.828032,0.0,333.20848447058086
347.5,39.96097481,-106.21665557,2487.4728,9.99744,5.006848,0.0,332.7838884426925
347.6,39.96097914,-106.21665844,2487.4728,9.99744,5.409184,0.0,333.434948822922
347.7,39.96098411,-106.21666175,2487.4728,9.99744,5.81152,0.0,333.2426818281234
347.8,39.96098846,-106.2166647,2487.4728,9.99744,5.856224,0.0,332.87869659584135
347.90000000000003,39.96099398,-106.21666841,2487.4728,9.906,6.169152,0.0,333.434948822922
348.0,39.96099894,-106.21667173,2487.4728,9.906,6.571488,0.0,333.93900426024004
348.1,39.96100501,-106.21667571,2487.4728,9.906,6.884416,0.0,333.92464441605125
348.2,39.96101053,-106.21667919,2487.4728,9.906,7.197344,0.0,333.59322405433613
348.3,39.96101699,-106.2166833,2487.4728,9.99744,7.420864000000001,0.0,334.3589941756947
348.5,39.96102944,-106.21669064,2487.4728,9.906,7.733792,0.0,337.40540888336534
348.6,39.96103598,-106.21669407,2487.4728,9.906,7.689088,0.0,339.44395478041656
348.7,39.961043,-106.21669737,2487.4728,9.906,8.04672,0.0,342.5701371823322
348.8,39.96105019,-106.2167003,2487.4728,9.906,8.314944,0.0,345.129042644142
348.90000000000003,39.96105752,-106.21670265,2487.4728,9.906,8.359648,0.0,347.5382440794462
349.0,39.96106427,-106.2167045,2487.4728,9.906,8.04672,0.0,349.04593735660166
349.1,39.96107208,-106.21670535,2487.4728,9.906,8.180832,0.0,351.3218311147592
349.2,39.96107961,-106.21670681,2487.168,9.814560000000002,8.583167999999999,0.0,352.11686068327026
349.3,39.9610878,-106.2167082,2487.168,9.814560000000002,8.806688,0.0,352.1959014080561
349.40000000000003,39.96109575,-106.21670952,2487.168,9.814560000000002,9.030208,0.0,352.3493490446406
349.5,39.96110403,-106.21671057,2487.4728,9.906,9.074912,0.0,351.4420348765417
349.6,39.96111173,-106.21671209,2487.168,9.814560000000002,8.9408,0.0,350.1806993612421
349.7,39.96112083,-106.21671432,2487.168,9.814560000000002,9.477248,0.0,348.42796606281166
349.8,39.96112867,-106.21671658,2487.168,9.814560000000002,9.61136,0.0,346.349580865243
349.90000000000003,39.96113757,-106.21672039,2487.168,9.814560000000002,9.656064,-0.089408,342.9950453038083
350.0,39.96114527,-106.21672364,2487.4728,9.906,9.700768,-0.22352,340.5599651718238
350.1,39.96115401,-106.21672808,2487.4728,9.906,9.745472,-0.22352,337.153344737778
350.2,39.96116166,-106.21673261,2487.4728,9.906,9.879584,-0.089408,333.6767017321901
350.3,39.96116858,-106.21673902,2487.4728,9.99744,9.343136,-0.089408,330.3574934234976
350.40000000000003,39.96117505,-106.21674435,2487.4728,9.99744,8.9408,-0.22352,326.62216796356955
350.5,39.96118232,-106.21675112,2487.4728,10.08888,9.209024,-0.312928,322.37853584267384
350.6,39.96118806,-106.21675737,2487.4728,10.08888,9.119616,-0.402336,317.32438297094814
350.7,39.96119362,-106.21676575,2487.7776000000003,10.2108,8.851392,-0.581152,311.9178191754719
350.8,39.96119824,-106.21677298,2487.7776000000003,10.30224,8.71728,-0.804672,307.58850714082115
350.90000000000003,39.96120239,-106.2167806,2487.7776000000003,10.393680000000002,8.002016,-0.983488,303.49940007834755
351.0,39.96120567,-106.21678736,2487.7776000000003,10.48512,7.420864000000001,-1.1176,301.15202238084
351.1,39.96120903,-106.21679493,2488.0824,10.698480000000002,7.15264,-0.983488,299.6498635075756
351.2,39.96121121,-106.21680159,2488.3872,10.91184,6.795007999999999,-0.402336,299.29136217098426
351.3,39.96121419,-106.21680848,2488.3872,10.91184,6.437376,0.0,300.7453492817733
351.40000000000003,39.96121686,-106.21681461,2488.3872,11.00328,6.392672,0.089408,300.579226872489
351.5,39.96121939,-106.21682022,2488.3872,11.00328,5.766816,0.312928,300.7128277151589
351.6,39.9612215,-106.21682442,2488.3872,11.00328,4.91744,0.312928,301.32869286780414
351.7,39.96122383,-106.21682934,2488.3872,10.91184,4.604512000000001,0.402336,301.1713490277198
351.8,39.9612257,-106.2168333,2488.0824,10.78992,4.425696,0.402336,300.8465874121486
352.0,39.96122908,-106.2168389,2488.0824,10.698480000000002,3.3528,0.491744,299.8590161649231
352.1,39.96123031,-106.21684162,2488.0824,10.60704,2.90576,0.402336,299.05460409907715
352.2,39.96123109,-106.21684348,2488.0824,10.60704,2.2352,0.312928,295.2011236454751
352.3,39.96123155,-106.21684494,2488.0824,10.60704,1.654048,0.312928,285.6422464572087
352.40000000000003,39.96123168,-106.21684584,2487.7776000000003,10.48512,1.162304,0.22352,270.0
352.5,39.96123126,-106.21684639,2487.7776000000003,10.48512,0.67056,0.089408,215.5376777919744
352.6,39.96123097,-106.21684677,2487.7776000000003,10.48512,0.67056,0.089408,192.52880770915152
352.7,39.96123048,-106.21684701,2487.7776000000003,10.393680000000002,0.67056,0.22352,192.52880770915152
352.8,39.96123002,-106.21684725,2487.7776000000003,10.393680000000002,0.491744,0.089408,192.52880770915152
352.90000000000003,39.96122926,-106.21684815,2487.7776000000003,10.30224,0.938784,0.089408,225.0
353.0,39.96122888,-106.21684853,2487.7776000000003,10.30224,0.67056,0.0,225.0
353.1,39.96122853,-106.216849,2487.7776000000003,10.30224,0.67056,0.0,234.46232220802565
353.2,39.96122823,-106.21684944,2487.7776000000003,10.30224,0.67056,0.0,234.46232220802565
353.3,39.96122805,-106.21685073,2487.7776000000003,10.30224,0.804672,0.0,234.46232220802565
353.40000000000003,39.96122782,-106.21685113,2487.7776000000003,10.2108,0.804672,0.0,225.0
353.5,39.9612276,-106.2168515,2487.7776000000003,10.2108,0.491744,0.0,225.0
353.6,39.9612274,-106.21685174,2487.7776000000003,10.2108,0.67056,0.0,195.94539590092288
353.7,39.96122754,-106.21685196,2487.4728,10.08888,0.0,0.0,180.0
353.8,39.96122723,-106.21685174,2487.4728,10.08888,0.0,0.0,151.69924423399362
353.90000000000003,39.96122661,-106.21685115,2487.4728,10.08888,0.67056,0.0,135.0
354.0,39.96122591,-106.21685021,2487.4728,10.08888,0.938784,0.0,129.28940686250036
354.1,39.96122478,-106.21684849,2487.4728,10.08888,1.56464,0.0,122.82854179141252
354.2,39.96122394,-106.21684671,2487.4728,10.08888,1.877568,0.0,118.81079374297305
354.3,39.96122287,-106.21684401,2487.4728,10.08888,2.101088,0.0,117.030860259843
354.40000000000003,39.96122184,-106.21684114,2487.4728,10.08888,2.68224,0.0,113.31770838675504
354.5,39.96122073,-106.21683794,2487.4728,10.08888,2.861056,0.0,112.55724663470568
354.6,39.96121914,-106.21683356,2487.4728,10.08888,3.531616,0.0,110.045249425421
354.7,39.96121804,-106.21682948,2487.4728,10.08888,3.889248,0.0,108.43494882292202
354.8,39.96121693,-106.21682513,2487.7776000000003,10.2108,3.79984,0.312928,107.24145939893998
354.90000000000003,39.96121568,-106.21682009,2487.4728,10.08888,4.202176,0.715264,107.4957578771864
355.0,39.96121448,-106.21681525,2487.4728,10.08888,4.4704,0.89408,105.70863782901574
355.1,39.96121327,-106.21680976,2487.4728,9.99744,4.604512000000001,1.1176,103.64291477599004
355.2,39.96121212,-106.2168039,2487.4728,9.906,5.006848,1.207008,101.30993247402024
355.3,39.96121117,-106.21679798,2487.168,9.69264,5.14096,1.385824,100.73889710090543
355.40000000000003,39.96121015,-106.21679157,2486.8632,9.50976,5.409184,1.296416,99.0902769208223
355.5,39.96120928,-106.21678473,2486.8632,9.2964,5.766816,1.385824,97.76516601842536
355.6,39.96120848,-106.21677746,2486.5584000000003,9.20496,6.079744,1.296416,96.47395596867231
355.7,39.96120774,-106.21677014,2486.5584000000003,8.9916,6.303264,1.385824,95.01985364201954
355.8,39.9612071,-106.21676244,2486.2536,8.90016,6.437376,1.296416,94.08561677997488
355.90000000000003,39.96120629,-106.21675411,2486.2536,8.6868,6.884416,1.296416,93.16036162604564
356.0,39.96120584,-106.21674566,2485.9488,8.59536,7.15264,1.207008,92.3579059707169
356.1,39.96120557,-106.21673613,2485.9488,8.50392,7.689088,0.89408,90.63307677143116
356.2,39.96120545,-106.21672695,2485.9488,8.50392,7.957312,0.581152,90.0
356.3,39.96120535,-106.21671603,2485.9488,8.41248,8.538464000000001,0.312928,90.0
356.40000000000003,39.96120539,-106.21670652,2485.9488,8.41248,8.71728,0.089408,89.38394009160078
356.5,39.96120552,-106.21669631,2485.9488,8.41248,8.404352,0.0,88.3999752848523
356.7,39.96120565,-106.21667691,2485.9488,8.50392,8.404352,-0.089408,89.27015693597588
356.8,39.96120579,-106.2166692,2485.9488,8.50392,7.689088,0.0,89.22577983507193
356.90000000000003,39.96120592,-106.21666146,2485.9488,8.41248,6.571488,0.0,90.0
357.0,39.96120601,-106.21665459,2485.9488,8.50392,6.213856,0.0,90.0
357.1,39.96120598,-106.21664915,2485.9488,8.50392,5.230368,0.0,90.0
357.2,39.96120597,-106.2166437,2485.9488,8.50392,4.649216,0.0,90.0
357.3,39.96120583,-106.21663796,2485.9488,8.50392,4.783328,0.0,91.134421630977
357.40000000000003,39.96120566,-106.216633,2485.9488,8.41248,4.559807999999999,0.0,93.17983011986422
357.5,39.96120529,-106.21662846,2485.9488,8.50392,4.068064,0.0,91.41442321140217
357.6,39.96120511,-106.21662473,2485.9488,8.41248,3.486912,0.089408,93.86546116985176
357.7,39.96120495,-106.21662113,2485.9488,8.41248,3.12928,0.312928,94.26789330029078
357.8,39.96120477,-106.21661795,2485.9488,8.41248,2.90576,0.581152,94.76364169072616
357.90000000000003,39.96120455,-106.21661455,2485.644,8.290560000000001,2.816352,0.983488,92.04540848888723
358.0,39.96120438,-106.21661228,2485.644,8.19912,2.414016,1.207008,92.33730585912384
358.1,39.96120424,-106.2166095,2485.644,8.10768,2.190496,1.385824,90.0
358.2,39.96120412,-106.2166073,2485.3392000000003,7.89432,2.101088,1.519936,90.0
358.3,39.96120409,-106.21660531,2485.0344,7.71144,1.78816,1.6987519999999998,93.69138598645128
358.40000000000003,39.96120429,-106.21660335,2485.0344,7.498080000000001,1.56464,1.6987519999999998,94.57392125990089
358.5,39.96120408,-106.21660194,2484.7296,7.40664,1.519936,1.6987519999999998,96.34019174590992
358.6,39.96120388,-106.21660096,2484.7296,7.193280000000001,1.0728959999999998,1.6987519999999998,98.74616226255525
358.7,39.96120364,-106.21660017,2484.4248,7.10184,0.804672,1.6987519999999998,102.52880770915152
358.8,39.96120342,-106.21659965,2484.4248,6.88848,0.67056,1.6987519999999998,111.80140948635182
358.90000000000003,39.9612031,-106.21659908,2484.1200000000003,6.797040000000001,0.67056,1.6987519999999998,90.0
359.0,39.96120286,-106.2165987,2483.8152,6.492240000000001,0.67056,1.78816,0.0
359.1,39.96120277,-106.21659863,2483.8152,6.4008,0.0,1.78816,0.0
359.3,39.96120282,-106.21659866,2483.5104,6.096,0.0,1.78816,0.0
359.40000000000003,39.96120281,-106.21659873,2483.2056,5.91312,0.0,1.78816,0.0
359.5,39.96120275,-106.21659871,2483.2056,5.69976,0.0,1.78816,0.0
359.6,39.96120267,-106.21659869,2482.9008000000003,5.486400000000001,0.0,1.78816,0.0
359.7,39.96120243,-106.216598,2482.596,5.30352,0.491744,1.6987519999999998,0.0
359.8,39.96120231,-106.21659792,2482.596,5.21208,0.67056,1.385824,0.0
359.90000000000003,39.96120212,-106.21659789,2482.596,5.09016,0.0,0.983488,180.0
360.0,39.96120194,-106.21659777,2482.2912,4.907280000000001,0.0,0.715264,135.0
360.1,39.96120164,-106.21659696,2482.2912,4.907280000000001,0.67056,0.312928,102.52880770915152
360.2,39.96120156,-106.21659628,2482.2912,4.907280000000001,0.67056,0.089408,90.0
360.3,39.96120152,-106.21659509,2482.2912,4.907280000000001,0.938784,0.0,85.42607874009911
360.4,39.96120159,-106.21659367,2482.2912,4.907280000000001,1.162304,0.0,81.63411387596739
360.5,39.96120179,-106.2165911,2482.2912,4.99872,1.78816,0.0,83.65980825409008
360.6,39.96120212,-106.21658878,2482.2912,4.99872,2.101088,0.0,82.1847064532331
360.7,39.9612026,-106.21658572,2482.596,5.09016,2.324608,0.0,81.17962044797895
360.8,39.96120315,-106.21658241,2482.2912,4.99872,2.771648,0.0,80.676408221862
360.9,39.96120382,-106.21657846,2482.2912,4.99872,3.12928,0.0,77.79953127261922
361.0,39.96120465,-106.21657391,2482.2912,4.99872,3.710432,0.0,78.82616175818526
361.1,39.96120553,-106.21656904,2482.2912,4.99872,4.157472,0.0,78.3106308245608
361.2,39.96120633,-106.21656466,2482.2912,4.99872,4.068064,0.0,77.47119229084848
361.3,39.96120732,-106.21655942,2482.2912,4.99872,4.24688,0.0,77.47119229084848
361.4,39.96120818,-106.21655475,2482.2912,4.99872,4.336288,0.0,77.47119229084848
361.5,39.96120909,-106.21654986,2482.2912,4.99872,4.202176,0.0,77.05349048436307
361.6,39.96121,-106.21654505,2482.2912,4.99872,4.24688,0.0,76.75948008481282
361.7,39.96121084,-106.21654063,2482.2912,4.99872,4.068064,0.0,76.13031356149497
361.8,39.96121132,-106.21653667,2482.2912,4.99872,3.621024,0.0,75.25643716352926
361.9,39.96121211,-106.21653247,2482.2912,4.907280000000001,3.531616,0.0,75.96375653207355
362.0,39.96121276,-106.21652912,2482.2912,4.907280000000001,3.3528,0.0,74.96218409641779
362.1,39.96121343,-106.21652584,2482.2912,4.907280000000001,2.90576,0.0,75.06858282186244
362.2,39.96121375,-106.21652403,2482.2912,4.907280000000001,2.2352,0.0,76.46414363086575
362.3,39.96121431,-106.21652134,2482.2912,4.907280000000001,1.877568,0.089408,76.82744657667308
362.4,39.96121472,-106.21651933,2482.2912,4.907280000000001,2.01168,0.22352,77.31961650818016
362.5,39.96121507,-106.21651724,2482.2912,4.907280000000001,1.832864,0.312928,80.83765295427827
362.6,39.96121529,-106.21651574,2482.2912,4.78536,1.519936,0.491744,85.76360520094113
362.7,39.96121492,-106.21651502,2482.2912,4.78536,1.0728959999999998,0.581152,84.80557109226521
362.8,39.96121493,-106.21651405,2481.9864,4.69392,0.67056,0.581152,90.0
362.9,39.96121496,-106.21651329,2481.9864,4.60248,0.67056,0.581152,90.0
363.0,39.96121496,-106.21651281,2481.9864,4.60248,0.0,0.581152,90.0
363.1,39.96121502,-106.21651267,2481.9864,4.51104,0.0,0.491744,90.0
363.2,39.96121496,-106.21651262,2481.9864,4.51104,0.0,0.402336,0.0
363.3,39.9612149,-106.21651268,2481.6816000000003,4.38912,0.0,0.402336,270.0
363.4,39.96121482,-106.21651285,2481.6816000000003,4.38912,0.0,0.402336,270.0
363.5,39.96121466,-106.21651294,2481.6816000000003,4.29768,0.0,0.491744,225.0
363.6,39.96121451,-106.21651317,2481.6816000000003,4.29768,0.67056,0.491744,248.19859051364816
363.7,39.96121436,-106.21651338,2481.6816000000003,4.29768,0.491744,0.402336,270.0
363.8,39.96121422,-106.2165136,2481.6816000000003,4.20624,0.0,0.312928,270.0
363.9,39.96121407,-106.21651342,2481.6816000000003,4.20624,0.491744,0.089408,248.19859051364816
364.0,39.96121393,-106.21651362,2481.6816000000003,4.20624,0.0,0.0,248.19859051364816
364.1,39.96121378,-106.21651391,2481.6816000000003,4.20624,0.0,0.0,248.19859051364816
364.2,39.96121365,-106.21651412,2481.6816000000003,4.20624,0.0,0.0,225.0
364.3,39.96121345,-106.21651407,2481.6816000000003,4.20624,0.0,0.0,201.80140948635184
364.4,39.96121328,-106.21651413,2481.6816000000003,4.29768,0.0,0.0,180.0
364.5,39.96121302,-106.21651415,2481.6816000000003,4.29768,0.0,0.0,180.0
364.6,39.96121284,-106.2165141,2481.6816000000003,4.29768,0.0,0.0,180.0
364.7,39.96121273,-106.216514,2481.3768,4.1148,0.0,0.089408,135.0
364.8,39.9612126,-106.21651377,2481.3768,4.1148,0.0,0.089408,90.0
364.9,39.96121261,-106.21651347,2481.3768,4.1148,0.0,0.0,90.0
365.0,39.96121263,-106.21651311,2481.3768,4.1148,0.0,0.0,90.0
365.1,39.96121264,-106.21651267,2481.3768,4.1148,0.491744,0.0,90.0
365.2,39.96121272,-106.21651211,2481.6816000000003,4.20624,0.491744,0.0,90.0
365.3,39.96121269,-106.21651164,2481.6816000000003,4.20624,0.67056,0.0,90.0
365.4,39.96121266,-106.21651116,2481.6816000000003,4.20624,0.0,0.0,90.0
365.5,39.9612126,-106.21651068,2481.6816000000003,4.20624,0.491744,0.0,90.0
365.6,39.9612123,-106.21651029,2481.6816000000003,4.20624,0.491744,0.0,90.0
365.7,39.96121223,-106.21650979,2481.6816000000003,4.20624,0.0,0.0,90.0
365.8,39.9612122,-106.2165093,2481.6816000000003,4.20624,0.491744,0.0,90.0
365.9,39.96121221,-106.21650874,2481.6816000000003,4.20624,0.491744,0.0,90.0
366.0,39.96121225,-106.21650816,2481.6816000000003,4.20624,0.0,0.0,90.0
366.1,39.96121223,-106.21650757,2481.6816000000003,4.20624,0.491744,0.0,90.0
366.2,39.96121229,-106.21650684,2481.6816000000003,4.20624,0.0,0.0,90.0
366.3,39.96121237,-106.21650605,2481.6816000000003,4.20624,0.67056,0.0,82.8749836510982
366.4,39.96121246,-106.21650521,2481.6816000000003,4.20624,0.67056,0.0,82.8749836510982
366.5,39.96121256,-106.21650418,2481.6816000000003,4.20624,0.804672,0.0,83.65980825409008
366.6,39.96121271,-106.21650315,2481.6816000000003,4.20624,0.938784,0.0,84.28940686250036
366.7,39.96121285,-106.21650205,2481.6816000000003,4.29768,0.938784,0.0,84.28940686250036
366.8,39.961213,-106.21650093,2481.6816000000003,4.29768,0.938784,0.0,77.19573393471325
366.9,39.96121305,-106.21649957,2481.6816000000003,4.29768,0.938784,0.0,77.19573393471325
367.0,39.96121322,-106.21649836,2481.6816000000003,4.29768,0.938784,0.0,78.69006752597977
367.1,39.96121344,-106.21649693,2481.6816000000003,4.29768,1.162304,0.0,78.69006752597977
367.2,39.96121366,-106.2164956,2481.6816000000003,4.29768,1.0728959999999998,0.0,78.69006752597977
367.3,39.96121388,-106.2164942,2481.6816000000003,4.29768,1.162304,0.0,78.69006752597977
367.4,39.96121412,-106.21649292,2481.6816000000003,4.29768,1.162304,0.0,74.35775354279127
367.5,39.96121435,-106.2164915,2481.6816000000003,4.29768,1.251712,0.0,74.35775354279127
367.6,39.96121458,-106.21649016,2481.6816000000003,4.29768,1.251712,0.0,74.35775354279127
367.7,39.96121487,-106.21648875,2481.6816000000003,4.29768,1.162304,0.0,74.35775354279127
367.8,39.96121505,-106.21648744,2481.6816000000003,4.29768,1.251712,0.0,74.35775354279127
367.9,39.96121541,-106.21648611,2481.6816000000003,4.29768,1.162304,0.0,74.35775354279127
368.0,39.96121575,-106.21648493,2481.6816000000003,4.29768,1.162304,0.0,70.20112364547509
368.1,39.96121617,-106.21648354,2481.6816000000003,4.29768,1.162304,0.0,67.75097634278762
368.3,39.96121702,-106.21648116,2481.6816000000003,4.29768,1.162304,0.0,67.75097634278762
368.4,39.96121738,-106.21647995,2481.6816000000003,4.29768,1.162304,0.0,67.75097634278762
368.5,39.96121773,-106.21647869,2481.6816000000003,4.20624,1.162304,0.0,67.75097634278762
368.6,39.96121797,-106.21647769,2481.6816000000003,4.20624,1.0728959999999998,0.0,67.75097634278762
368.7,39.96121834,-106.21647648,2481.6816000000003,4.20624,0.938784,0.0,65.77225468204585
368.8,39.96121869,-106.21647537,2481.6816000000003,4.20624,0.938784,0.0,68.74949449286675
369.0,39.96121931,-106.21647369,2481.6816000000003,4.20624,0.759968,0.0,61.699244233993625
369.1,39.96121954,-106.21647305,2481.6816000000003,4.20624,0.625856,0.0,60.94539590092285
369.2,39.9612197,-106.21647261,2481.6816000000003,4.20624,0.491744,0.0,54.462322208025626
369.3,39.96121982,-106.21647227,2481.6816000000003,4.20624,0.0,0.0,68.19859051364818
369.4,39.9612197,-106.21647233,2481.6816000000003,4.20624,0.491744,0.0,45.0
369.5,39.96121972,-106.21647224,2481.6816000000003,4.20624,0.0,0.0,0.0
369.6,39.96121973,-106.21647223,2481.6816000000003,4.20624,0.0,0.22352,0.0
369.7,39.96121975,-106.21647231,2481.6816000000003,4.20624,0.0,0.402336,0.0
369.8,39.96121975,-106.21647245,2481.3768,4.1148,0.0,0.402336,270.0
369.9,39.96121971,-106.21647281,2481.3768,4.1148,0.0,0.402336,270.0
370.0,39.96121965,-106.216473,2481.3768,3.99288,0.0,0.402336,270.0
370.1,39.96121959,-106.21647319,2481.3768,3.99288,0.0,0.312928,270.0
370.2,39.9612195,-106.21647333,2481.3768,3.99288,0.0,0.312928,270.0
370.3,39.96121916,-106.21647331,2481.3768,3.901440000000001,0.0,0.312928,270.0
370.4,39.96121901,-106.21647343,2481.3768,3.901440000000001,0.0,0.22352,270.0
370.5,39.9612189,-106.21647361,2481.3768,3.901440000000001,0.0,0.089408,270.0
370.6,39.96121882,-106.21647378,2481.3768,3.901440000000001,0.0,0.0,270.0
370.7,39.96121895,-106.21647388,2481.3768,3.901440000000001,0.0,0.0,270.0
370.8,39.96121894,-106.21647407,2481.3768,3.901440000000001,0.0,0.0,270.0
370.9,39.96121885,-106.2164743,2481.3768,3.901440000000001,0.0,0.0,270.0
371.0,39.96121876,-106.21647448,2481.3768,3.901440000000001,0.0,0.0,270.0
371.2,39.96121852,-106.21647468,2481.3768,3.901440000000001,0.0,0.0,0.0
371.3,39.96121849,-106.21647474,2481.3768,3.901440000000001,0.0,0.0,0.0
371.4,39.96121846,-106.21647476,2481.3768,3.901440000000001,0.0,0.0,0.0
371.5,39.96121843,-106.21647476,2481.3768,3.901440000000001,0.0,0.0,0.0
371.6,39.96121846,-106.21647478,2481.3768,3.901440000000001,0.0,0.0,0.0
371.7,39.96121841,-106.21647483,2481.3768,3.901440000000001,0.0,0.0,0.0
371.8,39.96121835,-106.21647486,2481.3768,3.901440000000001,0.491744,0.0,0.0
371.9,39.96121826,-106.21647486,2481.3768,3.901440000000001,0.491744,0.0,0.0
372.0,39.96121816,-106.21647492,2481.3768,3.901440000000001,0.0,0.0,0.0
372.1,39.96121809,-106.21647498,2481.3768,3.901440000000001,0.0,0.0,0.0
372.2,39.96121805,-106.21647504,2481.3768,3.901440000000001,0.0,0.0,0.0
372.3,39.96121804,-106.2164751,2481.3768,3.901440000000001,0.0,0.0,0.0
372.4,39.96121804,-106.21647519,2481.3768,3.901440000000001,0.0,0.0,0.0
372.5,39.96121807,-106.21647536,2481.3768,3.901440000000001,0.0,0.0,0.0
372.6,39.96121812,-106.2164755,2481.3768,3.901440000000001,0.0,0.0,0.0
372.7,39.9612182,-106.21647558,2481.3768,3.901440000000001,0.0,0.0,0.0
372.8,39.96121827,-106.21647576,2481.3768,3.901440000000001,0.0,0.0,0.0
372.9,39.96121829,-106.21647588,2481.3768,3.901440000000001,0.0,0.0,0.0
373.0,39.9612183,-106.21647601,2481.3768,3.901440000000001,0.0,0.0,0.0
373.1,39.9612183,-106.2164761,2481.3768,3.901440000000001,0.0,0.0,0.0
373.2,39.96121832,-106.2164762,2481.3768,3.901440000000001,0.0,0.0,0.0
373.3,39.96121837,-106.21647633,2481.3768,3.901440000000001,0.0,0.0,0.0
373.4,39.96121841,-106.21647645,2481.3768,3.901440000000001,0.0,0.0,0.0
373.6,39.96121845,-106.21647671,2481.3768,3.901440000000001,0.0,0.0,0.0
373.7,39.96121826,-106.21647695,2481.3768,3.901440000000001,0.312928,0.0,0.0
373.8,39.96121824,-106.21647706,2481.3768,3.901440000000001,0.0,0.0,0.0
373.9,39.96121824,-106.21647714,2481.3768,3.901440000000001,0.0,0.0,0.0
374.0,39.96121825,-106.21647716,2481.3768,3.901440000000001,0.0,0.0,0.0
374.1,39.96121834,-106.21647709,2481.3768,3.901440000000001,0.0,0.0,0.0
374.3,39.96121839,-106.21647699,2481.3768,3.901440000000001,0.0,0.0,0.0
374.4,39.96121836,-106.216477,2481.3768,3.901440000000001,0.0,0.0,0.0
374.5,39.96121818,-106.21647706,2481.3768,3.901440000000001,0.0,0.0,225.0
374.6,39.96121806,-106.21647729,2481.3768,3.81,0.0,0.0,254.05460409907715
374.7,39.96121787,-106.21647775,2481.3768,3.81,0.0,0.0,245.55604521958347
374.8,39.96121766,-106.21647839,2481.3768,3.81,0.491744,0.0,248.96248897457815
374.9,39.96121741,-106.21647941,2481.3768,3.81,0.67056,0.0,250.70995378081125
375.0,39.96121712,-106.21648069,2481.3768,3.81,0.938784,0.0,252.34987578006985
375.2,39.96121628,-106.21648378,2481.3768,3.81,1.296416,0.0,253.81079374297303
375.3,39.96121579,-106.21648563,2481.3768,3.81,1.475232,0.0,252.0720802379928
375.4,39.9612152,-106.21648776,2481.3768,3.81,1.78816,0.0,253.85566121971647
375.5,39.96121458,-106.21649015,2481.3768,3.81,2.056384,0.0,253.1785901099592
375.6,39.96121401,-106.21649237,2481.3768,3.81,2.01168,0.0,253.8865817669107
375.7,39.96121332,-106.21649516,2481.3768,3.81,2.2352,0.0,251.20011484134733
375.8,39.96121267,-106.21649773,2481.3768,3.81,2.414016,0.0,252.5820292077972
375.9,39.96121182,-106.21650101,2481.3768,3.81,2.592832,0.0,251.565051177078
376.0,39.96121106,-106.21650392,2481.3768,3.81,2.771648,0.0,252.1811110854772
376.1,39.96121024,-106.21650709,2481.3768,3.81,2.771648,0.0,252.75854060106
376.2,39.96120939,-106.21651019,2481.3768,3.81,2.861056,0.0,253.3007557660064
376.3,39.96120859,-106.21651348,2481.3768,3.81,2.861056,0.0,254.05460409907715
376.4,39.96120787,-106.21651653,2481.3768,3.81,2.861056,0.0,254.52136183458165
376.6,39.96120627,-106.21652359,2481.3768,3.81,2.995168,0.0,254.96218409641773
376.7,39.96120547,-106.2165275,2481.3768,3.901440000000001,3.263392,0.0,255.37912601136836
376.8,39.96120478,-106.216531,2481.3768,3.901440000000001,3.308096,0.0,255.37912601136836
376.9,39.96120399,-106.21653507,2481.3768,3.901440000000001,3.3528,-0.089408,256.94475277620336
377.0,39.96120332,-106.21653862,2481.3768,3.901440000000001,3.3528,-0.22352,257.4711922908485
377.1,39.96120263,-106.21654286,2481.3768,3.901440000000001,3.442208,-0.491744,257.7995312726192
377.2,39.96120194,-106.21654674,2481.3768,3.99288,3.486912,-0.804672,256.3286928678042
377.3,39.96120114,-106.2165509,2481.3768,4.1148,3.531616,-1.207008,256.6754687381092
377.4,39.96120041,-106.21655466,2481.6816000000003,4.20624,3.486912,-1.609344,256.6754687381092
377.5,39.96119952,-106.21655878,2481.6816000000003,4.38912,3.486912,-2.101088,255.6186054089094
377.6,39.96119873,-106.21656273,2481.9864,4.60248,3.531616,-2.414016,255.6186054089094
377.8,39.96119694,-106.21657114,2482.596,5.21208,3.665728,-3.397504,252.84757825978815
377.9,39.96119559,-106.21657547,2482.9008000000003,5.60832,3.79984,-3.710432,250.7407083562329
378.0,39.96119455,-106.21657949,2483.2056,5.91312,3.79984,-4.02336,250.7407083562329
378.1,39.9611934,-106.21658423,2483.8152,6.4008,3.933952,-4.112768,250.7407083562329
378.2,39.96119238,-106.21658853,2484.1200000000003,6.797040000000001,4.02336,-4.202176,250.7407083562329
378.3,39.96119131,-106.21659304,2484.7296,7.193280000000001,3.933952,-4.291583999999999,250.7407083562329
378.4,39.96119028,-106.21659715,2485.0344,7.58952,3.844544,-4.202176,250.7407083562329
378.5,39.96118911,-106.21660197,2485.644,8.10768,3.978656,-4.202176,251.16156644201925
378.6,39.96118807,-106.21660637,2485.9488,8.50392,4.157472,-4.112768,251.16156644201925
378.7,39.96118708,-106.21661102,2486.2536,8.90016,4.02336,-4.02336,252.75854060106
378.8,39.96118636,-106.21661547,2486.8632,9.2964,3.978656,-3.889248,252.75854060106
379.0,39.9611844,-106.21662475,2487.4728,10.08888,4.02336,-4.02336,253.97413255155024
379.1,39.96118328,-106.21663022,2487.7776000000003,10.48512,4.336288,-4.02336,254.29136217098423
379.2,39.96118223,-106.21663535,2488.3872,10.91184,4.649216,-3.889248,253.9797076979288
379.3,39.96118108,-106.21664099,2488.692,11.30808,4.738624,-3.79984,253.55139187296015
379.4,39.96117997,-106.21664629,2488.9968000000003,11.61288,4.828032,-3.710432,252.82409638425327
379.5,39.96117851,-106.21665268,2489.3016,12.00912,5.185664,-3.397504,252.47443162627712
379.6,39.96117718,-106.21665838,2489.6064,12.31392,5.36448,-2.995168,253.1683312417585
379.7,39.96117555,-106.21666557,2489.9112,12.58824,5.722112,-2.592832,252.831827564818
379.8,39.96117408,-106.21667177,2490.2160000000003,12.8016,5.945632,-2.190496,253.46516214265483
379.9,39.96117222,-106.21667928,2490.5208,13.014960000000002,6.169152,-1.6987519999999998,253.94001269283933
380.0,39.9611706,-106.21668583,2490.5208,13.19784,6.25856,-1.296416,253.37924308610792
380.1,39.96116871,-106.21669378,2490.8256,13.289280000000002,6.48208,-0.804672,253.94578033722425
380.2,39.961167,-106.21670091,2490.8256,13.289280000000002,6.7056,-0.402336,253.26400414852392
380.3,39.9611652,-106.21670826,2490.8256,13.289280000000002,6.437376,-0.22352,253.79927700352755
380.5,39.96116125,-106.21672393,2490.8256,13.289280000000002,6.884416,0.0,253.33424248312457
380.6,39.96115911,-106.21673234,2490.8256,13.289280000000002,7.197344,0.0,253.07248693585296
380.7,39.961157,-106.2167408,2490.8256,13.4112,7.554975999999999,0.0,253.73979529168804
380.8,39.961155,-106.2167488,2490.8256,13.289280000000002,7.37616,0.0,253.75236842721435
380.9,39.96115263,-106.21675928,2490.8256,13.289280000000002,8.27024,0.0,252.6277515159076
381.0,39.96115038,-106.2167683,2490.8256,13.289280000000002,8.71728,0.0,252.6810615684853
381.1,39.9611478,-106.21677847,2490.8256,13.289280000000002,8.583167999999999,0.0,252.47443162627712
381.2,39.96114523,-106.21678842,2490.5208,13.19784,9.030208,0.0,252.2658820273404
381.3,39.96114233,-106.21679908,2490.5208,13.19784,9.298432,0.0,251.565051177078
381.4,39.96113914,-106.21680966,2490.5208,13.1064,9.656064,0.0,251.6477290122079
381.5,39.96113584,-106.2168215,2490.5208,13.19784,10.192512,0.0,251.3232982678099
381.6,39.96113297,-106.21683184,2490.5208,13.19784,10.0584,0.0,251.3299124991817
381.7,39.96112984,-106.21684316,2490.5208,13.1064,9.83488,0.0,251.25865955480728
381.8,39.96112662,-106.21685353,2490.5208,13.1064,9.879584,0.0,251.2666383570831
381.9,39.961123,-106.21686702,2490.5208,13.1064,10.863072,0.0,250.9819081629801
382.0,39.96111988,-106.21687878,2490.5208,13.1064,11.39952,0.0,251.49405272579295
382.1,39.96111638,-106.21689245,2490.5208,13.19784,11.444224,-0.089408,251.3556887245631
382.3,39.96110989,-106.21691878,2490.5208,13.1064,11.935968,0.0,251.698919577205
382.5,39.96110268,-106.21694784,2490.5208,13.1064,12.383008,0.0,252.2787782151807
382.7,39.9610957,-106.21697738,2490.5208,13.1064,13.098272,0.0,252.94088618074164
382.8,39.96109241,-106.21699129,2490.5208,13.1064,12.919455999999998,0.0,253.22622471274315
382.9,39.96108885,-106.21700636,2490.5208,13.1064,12.919455999999998,0.0,253.0804590771001
383.0,39.96108561,-106.21702015,2490.5208,13.1064,12.874752,0.0,253.2462056909181
383.1,39.96108229,-106.21703466,2490.5208,13.1064,12.606528,0.0,253.46235421423205
383.2,39.96107858,-106.21705063,2490.5208,13.1064,13.545312,0.0,253.72503024124484
383.3,39.96107503,-106.21706628,2490.5208,13.1064,14.08176,0.0,253.3007557660064
383.4,39.96107146,-106.217082,2490.5208,13.014960000000002,13.947648,0.0,253.5084736940861
383.5,39.96106783,-106.21709836,2490.5208,13.1064,14.260576,-0.089408,253.41990902756527
383.6,39.96106424,-106.21711392,2490.5208,13.1064,14.171168,-0.089408,253.52073257460088
383.7,39.96106034,-106.2171306,2490.5208,13.014960000000002,14.349984,-0.089408,253.28396333403904
383.8,39.96105663,-106.21714662,2490.5208,13.1064,14.573504,-0.089408,253.53245320699727
383.9,39.9610525,-106.21716444,2490.5208,13.1064,15.065248,-0.089408,253.62984909991644
384.0,39.961049,-106.21717991,2490.5208,13.1064,14.797024,-0.089408,253.7261306653044
384.1,39.96104506,-106.21719722,2490.5208,13.1064,14.573504,-0.089408,253.7261306653044
384.2,39.9610411,-106.21721466,2490.5208,13.1064,15.467584,-0.089408,253.82131638372036
384.3,39.96103695,-106.21723226,2490.5208,13.1064,15.601696,-0.089408,253.82131638372036
384.4,39.96103334,-106.21724817,2490.5208,13.014960000000002,14.931136,-0.089408,253.9620797071376
384.5,39.96102939,-106.21726609,2490.5208,13.1064,15.020544,-0.22352,254.14807184571305
384.6,39.96102568,-106.21728298,2490.5208,13.014960000000002,15.42288,-0.312928,254.05460409907715
384.7,39.96102174,-106.21730167,2490.5208,13.014960000000002,15.735808,-0.402336,254.5603544646808
384.8,39.96101849,-106.21731675,2490.2160000000003,12.89304,14.931136,-0.402336,254.5240286151016
384.9,39.9610149,-106.21733328,2490.2160000000003,12.8016,13.992352,-0.402336,254.6463221404058
385.0,39.96101192,-106.21734712,2490.2160000000003,12.8016,13.455904,-0.402336,254.6425065765024
385.1,39.96100852,-106.21736308,2490.2160000000003,12.8016,13.18768,-0.312928,254.443420676812
385.2,39.96100564,-106.21737593,2490.2160000000003,12.710160000000002,12.74064,-0.312928,253.70595254340108
385.3,39.96100253,-106.21738968,2490.2160000000003,12.710160000000002,11.801856,-0.312928,253.3855755108736
385.4,39.96099981,-106.2174015,2490.2160000000003,12.710160000000002,11.354816,-0.312928,253.10135130596177
385.5,39.96099688,-106.21741385,2490.2160000000003,12.8016,10.773664,-0.312928,252.87929870421172
385.6,39.96099409,-106.21742477,2490.2160000000003,12.8016,10.416032,-0.312928,252.53882334957552
385.7,39.96099137,-106.21743579,2490.2160000000003,12.89304,9.83488,-0.312928,252.0796700881952
385.8,39.96098902,-106.2174452,2490.5208,13.014960000000002,9.16432,-0.22352,252.47443162627712
385.9,39.96098637,-106.21745553,2490.5208,13.014960000000002,8.851392,-0.22352,251.8568777512143
386.0,39.96098424,-106.21746383,2490.5208,13.1064,8.359648,-0.22352,252.18111108547723
386.1,39.96098202,-106.21747274,2490.5208,13.19784,7.733792,-0.22352,252.00409070275964
386.2,39.96098021,-106.21747987,2490.8256,13.289280000000002,7.15264,-0.22352,251.32829310517087
386.3,39.96097814,-106.21748757,2490.8256,13.289280000000002,6.660896,-0.22352,251.43687291325443
386.4,39.96097648,-106.21749364,2490.8256,13.4112,6.213856,-0.089408,251.0167829407738
386.5,39.96097504,-106.21749879,2490.8256,13.50264,5.096256,-0.089408,250.6651914621736
386.6,39.96097363,-106.2175041,2490.8256,13.50264,4.69392,-0.089408,250.73473569082
386.7,39.96097215,-106.21750973,2490.8256,13.50264,4.91744,0.0,250.1148348861445
386.8,39.96097079,-106.21751483,2491.1304,13.594080000000002,4.828032,0.0,250.7407083562329
386.9,39.96096915,-106.21752135,2491.1304,13.594080000000002,5.230368,0.0,250.8518625420604
387.0,39.96096809,-106.21752511,2491.1304,13.68552,4.604512000000001,0.0,250.75047412731823
387.1,39.96096715,-106.21752837,2491.1304,13.68552,3.173984,0.0,250.5599651718238
387.2,39.9609664,-106.21753092,2491.1304,13.68552,2.592832,0.0,248.19859051364816
387.3,39.96096579,-106.2175328,2491.1304,13.68552,2.01168,0.089408,247.2490236572124
387.4,39.96096533,-106.21753411,2491.1304,13.68552,1.519936,0.089408,245.77225468204583
387.5,39.96096488,-106.21753508,2491.1304,13.68552,1.0728959999999998,0.089408,237.52880770915152
387.6,39.96096461,-106.21753553,2491.1304,13.68552,0.804672,0.22352,225.0
387.7,39.9609645,-106.21753549,2491.1304,13.594080000000002,0.0,0.22352,180.0
387.8,39.96096444,-106.21753544,2491.1304,13.594080000000002,0.0,0.22352,0.0
387.9,39.9609644,-106.21753518,2491.1304,13.594080000000002,0.0,0.22352,0.0
388.0,39.96096438,-106.21753495,2490.8256,13.50264,0.0,0.089408,0.0
388.1,39.96096412,-106.21753513,2490.8256,13.50264,0.0,0.089408,0.0
388.2,39.96096405,-106.21753514,2491.1304,13.594080000000002,0.0,0.089408,0.0
388.3,39.96096395,-106.21753532,2491.1304,13.594080000000002,0.0,0.0,180.0
388.4,39.96096386,-106.21753547,2491.1304,13.594080000000002,0.0,0.0,180.0
388.5,39.96096365,-106.21753558,2491.1304,13.594080000000002,0.0,0.0,270.0
388.6,39.96096313,-106.2175365,2491.1304,13.594080000000002,0.67056,0.089408,0.0
388.7,39.96096303,-106.21753671,2491.1304,13.594080000000002,0.67056,0.0,0.0
388.8,39.96096293,-106.21753688,2491.1304,13.594080000000002,0.0,0.0,0.0
388.9,39.96096283,-106.21753699,2491.1304,13.594080000000002,0.0,0.089408,0.0
389.0,39.96096261,-106.21753747,2491.1304,13.594080000000002,0.0,0.089408,0.0
389.1,39.96096263,-106.2175374,2491.1304,13.594080000000002,0.0,0.089408,0.0
389.2,39.96096267,-106.21753732,2491.1304,13.594080000000002,0.0,0.089408,0.0
389.3,39.96096272,-106.21753722,2491.1304,13.594080000000002,0.0,0.089408,0.0
389.4,39.96096277,-106.21753715,2491.1304,13.594080000000002,0.0,0.089408,0.0
389.5,39.96096284,-106.21753711,2491.1304,13.594080000000002,0.0,0.089408,0.0
389.6,39.9609629,-106.21753706,2491.1304,13.594080000000002,0.0,0.089408,0.0
389.7,39.96096293,-106.21753698,2491.1304,13.594080000000002,0.0,0.089408,0.0
389.8,39.96096295,-106.2175369,2491.1304,13.594080000000002,0.0,0.089408,0.0
389.9,39.96096297,-106.21753674,2491.1304,13.594080000000002,0.0,0.089408,0.0
390.0,39.96096301,-106.21753667,2491.1304,13.594080000000002,0.0,0.089408,0.0
390.1,39.96096307,-106.21753662,2491.1304,13.594080000000002,0.0,0.22352,0.0
390.2,39.96096315,-106.21753656,2491.1304,13.594080000000002,0.0,0.089408,0.0
390.3,39.96096328,-106.21753638,2491.1304,13.594080000000002,0.0,0.22352,0.0
390.4,39.96096338,-106.21753631,2491.1304,13.594080000000002,0.0,0.089408,0.0
390.5,39.96096347,-106.2175363,2490.8256,13.50264,0.0,0.089408,0.0
390.6,39.96096352,-106.2175363,2491.1304,13.594080000000002,0.0,0.089408,0.0
390.7,39.9609634,-106.21753627,2491.1304,13.594080000000002,0.0,0.089408,0.0
390.8,39.96096341,-106.21753627,2491.1304,13.594080000000002,0.0,0.089408,0.0
390.9,39.96096347,-106.21753633,2491.1304,13.594080000000002,0.0,0.089408,0.0
391.0,39.96096351,-106.21753638,2491.1304,13.594080000000002,0.0,0.089408,0.0
391.1,39.96096347,-106.21753656,2491.1304,13.594080000000002,0.0,0.22352,0.0
391.2,39.96096347,-106.2175366,2491.1304,13.594080000000002,0.0,0.491744,0.0
391.3,39.9609635,-106.21753662,2490.8256,13.50264,0.0,0.89408,0.0
391.4,39.96096353,-106.21753665,2490.8256,13.4112,0.0,1.296416,0.0
391.5,39.9609636,-106.21753669,2490.5208,13.19784,0.0,1.78816,0.0
391.6,39.9609637,-106.2175367,2490.5208,13.014960000000002,0.0,2.190496,0.0
391.7,39.9609638,-106.21753649,2490.2160000000003,12.710160000000002,0.0,2.190496,54.462322208025626
391.8,39.96096395,-106.21753591,2489.9112,12.4968,0.0,2.01168,72.64597536373867
391.9,39.96096421,-106.21753469,2489.6064,12.31392,0.67056,1.78816,76.42956561483851
392.0,39.96096455,-106.21753288,2489.6064,12.100560000000002,1.34112,1.385824,77.31961650818016
392.1,39.96096485,-106.21753031,2489.3016,11.8872,1.877568,0.89408,80.86982351772133
392.2,39.96096518,-106.21752728,2489.3016,11.8872,2.324608,0.491744,80.39479584498707
392.3,39.96096559,-106.21752332,2489.3016,11.8872,2.995168,0.22352,80.53767779197437
392.4,39.96096587,-106.21751806,2489.3016,11.8872,3.978656,0.089408,79.5792876032055
392.5,39.96096656,-106.217513,2489.3016,11.8872,4.425696,0.0,79.15969454566942
392.6,39.96096735,-106.21750772,2489.3016,11.8872,4.515104,0.0,79.01134890350602
392.7,39.96096835,-106.21750175,2489.3016,11.8872,4.91744,0.0,78.69006752597977
392.8,39.96096934,-106.21749597,2489.3016,12.00912,5.14096,0.0,77.83779648031816
392.9,39.96097054,-106.21748907,2489.3016,12.00912,5.588,0.0,77.8113667980681
393.0,39.96097177,-106.21748218,2489.3016,12.00912,6.03504,0.0,77.78849162352401
393.1,39.96097321,-106.21747445,2489.3016,12.00912,6.392672,0.0,77.60033357369025
393.2,39.96097497,-106.21746719,2489.3016,12.00912,6.616192,0.0,76.50426671920417
393.3,39.96097658,-106.21745881,2489.3016,12.00912,6.92912,0.0,76.39389694575073
393.4,39.96097819,-106.21745048,2489.3016,12.00912,7.331455999999999,0.0,76.45206101199949
393.5,39.9609799,-106.21744181,2489.6064,12.100560000000002,7.465567999999999,0.0,75.96375653207355
393.6,39.96098177,-106.21743235,2489.3016,12.00912,8.002016,0.0,75.88846645778375
393.7,39.96098366,-106.21742336,2489.3016,12.00912,8.136128,0.0,75.96375653207355
393.8,39.96098545,-106.21741427,2489.6064,12.100560000000002,7.957312,0.0,76.44871527305366
393.9,39.96098764,-106.21740272,2489.3016,12.00912,9.074912,0.0,76.49364458741763
394.0,39.96098956,-106.21739252,2489.3016,12.00912,9.521952,0.0,76.86597769360367
394.1,39.96099143,-106.21738012,2489.3016,12.00912,9.879584,0.0,76.77419772628542
394.2,39.96099349,-106.21736887,2489.3016,12.00912,10.326624,0.0,76.56181184164939
394.3,39.96099577,-106.21735655,2489.3016,12.00912,10.326624,0.0,76.95151693171334
394.4,39.96099799,-106.21734449,2489.3016,11.8872,10.684256,0.0,76.81294009217095
394.5,39.96100019,-106.21733129,2489.3016,11.8872,11.041888,0.0,76.7335191534163
394.6,39.96100246,-106.21731851,2489.3016,11.8872,11.310112,0.0,77.08810879240212
394.7,39.96100497,-106.21730477,2489.3016,11.8872,11.62304,0.0,77.00538320808352
394.8,39.96100741,-106.21729137,2489.3016,11.8872,11.891264,0.0,76.6754687381092
394.9,39.96100999,-106.21727705,2489.3016,11.8872,12.114784,0.0,76.51226333876332
395.0,39.96101244,-106.21726377,2489.3016,11.8872,12.07008,0.0,76.40260923973352
395.1,39.9610155,-106.21724797,2489.3016,11.8872,12.74064,0.0,76.3441378614582
395.2,39.96101837,-106.21723325,2489.3016,11.8872,13.4112,0.0,76.01041432266646
395.3,39.96102146,-106.21721719,2489.3016,11.8872,13.545312,0.0,75.91806612747394
395.4,39.96102473,-106.21720116,2489.3016,11.8872,14.126464,0.0,75.78414652632648
395.5,39.96102788,-106.21718529,2489.3016,11.8872,14.037056,0.0,75.96375653207355
395.6,39.96103118,-106.21716852,2489.3016,11.79576,14.349984,0.0,76.18210829326415
395.7,39.96103437,-106.21715208,2489.3016,11.8872,14.618208,0.0,76.00683605742404
395.8,39.96103735,-106.21713748,2489.3016,11.79576,13.679424,0.0,76.09222219014532
395.9,39.96104073,-106.21712015,2489.3016,11.79576,14.08176,0.0,76.30128299291556
396.0,39.96104366,-106.21710507,2489.3016,11.79576,14.260576,0.0,75.88005201965393
396.1,39.96104713,-106.21708698,2489.3016,11.79576,14.573504,-0.089408,75.75780565950714
396.2,39.96105013,-106.21707159,2489.3016,11.79576,14.707616,-0.089408,75.84089228970691
396.3,39.96105361,-106.21705388,2489.3016,11.79576,14.573504,-0.089408,75.92303459187053
396.4,39.96105693,-106.21703701,2489.3016,11.79576,15.19936,-0.089408,75.68071687498127
396.5,39.96106033,-106.21701952,2489.3016,11.79576,15.109951999999998,-0.089408,75.68071687498127
396.6,39.96106345,-106.21700343,2489.3016,11.79576,14.75232,0.0,75.80337688233072
396.7,39.96106737,-106.21698259,2489.3016,11.79576,16.227552,0.0,75.56559908090117
396.8,39.96107091,-106.21696465,2489.3016,11.79576,17.032224,0.0,75.64698972764836
396.9,39.96107466,-106.21694608,2489.3016,11.79576,16.09344,0.0,75.17352002964435
397.0,39.96107824,-106.2169284,2489.3016,11.79576,15.959328,-0.089408,75.25643716352926
397.1,39.961082,-106.21690996,2488.9968000000003,11.70432,15.914624,-0.089408,75.72748661559967
397.3,39.96108924,-106.21687381,2489.3016,11.79576,16.048735999999998,-0.089408,75.45981476851262
397.4,39.96109254,-106.21685707,2488.9968000000003,11.70432,15.512288000000002,0.0,75.92491194174494
397.5,39.96109609,-106.21683794,2489.3016,11.79576,15.735808,0.0,76.31193726672802
397.6,39.96109906,-106.21682105,2489.3016,11.79576,15.780511999999998,-0.089408,77.71478053269482
397.7,39.96110222,-106.21680133,2489.3016,11.79576,15.959328,0.0,79.50852298766841
397.8,39.96110457,-106.21678438,2488.9968000000003,11.70432,15.914624,0.0,80.93519069813078
397.9,39.96110636,-106.21676482,2488.9968000000003,11.70432,15.735808,0.0,83.01566048401912
398.0,39.96110779,-106.21674773,2488.9968000000003,11.70432,15.735808,0.0,84.9240118114389
398.1,39.961109,-106.21672757,2488.9968000000003,11.70432,15.959328,0.0,87.03054615834009
398.2,39.96110955,-106.21670971,2488.9968000000003,11.70432,16.227552,-0.089408,88.82744308906575
398.3,39.9611089,-106.21669194,2488.9968000000003,11.70432,15.154656,0.0,90.84750888637603
398.4,39.9611084,-106.21667602,2488.9968000000003,11.70432,14.394688,0.0,92.7674303922674
398.6,39.96110598,-106.21664139,2489.3016,11.79576,14.394688,0.0,96.87863257650132
398.7,39.96110416,-106.21662467,2489.3016,11.79576,14.662912,0.0,98.7040845862669
398.8,39.96110169,-106.21660989,2489.3016,11.79576,13.63472,0.0,100.7485940058416
398.9,39.9610992,-106.2165943,2489.3016,11.8872,13.232384,0.0,102.42270453504528
399.0,39.96109668,-106.2165807,2489.3016,11.8872,12.74064,0.0,104.08525609883958
399.1,39.96109347,-106.21656544,2489.3016,11.8872,12.695936,0.0,106.05998730716068
399.2,39.96109053,-106.21655318,2489.3016,11.8872,12.204192,0.0,108.16276189418488
399.3,39.9610868,-106.21653922,2489.3016,11.8872,11.801856,0.0,109.35329820399534
399.4,39.96108346,-106.2165278,2489.3016,11.8872,11.488928,-0.089408,111.3706222693432
399.5,39.9610797,-106.21651569,2489.3016,11.8872,10.773664,0.0,112.06789956241022
399.6,39.96107589,-106.21650411,2489.3016,12.00912,10.907775999999998,0.0,113.65799699876273
399.7,39.96107217,-106.21649319,2489.3016,12.00912,10.460736,0.0,115.28426135667422
399.9,39.96106479,-106.21647398,2489.3016,11.8872,9.477248,0.0,117.97158458138142
400.0,39.9610611,-106.21646518,2489.3016,12.00912,8.9408,0.0,118.70595254340112
400.1,39.96105759,-106.21645673,2489.3016,12.00912,8.404352,0.0,118.99259570390018
400.2,39.96105419,-106.21644899,2489.3016,11.8872,7.912608,0.089408,119.78741713137951
400.3,39.9610507,-106.21644134,2489.3016,11.8872,7.59968,0.089408,120.20323775494262
400.4,39.96104784,-106.21643523,2489.3016,11.8872,6.8397120000000005,0.089408,121.03221023846726
400.5,39.96104508,-106.21642905,2489.3016,11.79576,6.124447999999999,0.089408,121.63603599862756
400.6,39.96104232,-106.21642341,2489.3016,11.8872,5.900928,0.089408,122.25471052686714
400.7,39.96103966,-106.21641804,2489.3016,11.79576,5.588,0.089408,123.11134196037204
400.8,39.9610373,-106.21641346,2489.3016,11.8872,5.051552,0.0,124.00749241973227
400.9,39.96103544,-106.21640976,2489.3016,11.8872,4.24688,0.0,126.11934084947978
401.0,39.96103347,-106.21640624,2489.3016,11.8872,3.755136,0.0,126.17962044797896
401.1,39.96103149,-106.21640269,2489.3016,11.8872,3.755136,0.0,126.86989764584403
401.2,39.9610297,-106.21639952,2489.3016,11.8872,3.486912,0.0,126.6897228324758
401.3,39.96102808,-106.21639649,2489.3016,11.8872,3.218688,0.0,128.65980825409008
401.4,39.9610268,-106.21639435,2489.3016,12.00912,2.771648,0.0,127.77568430595466
401.5,39.96102557,-106.21639245,2489.3016,11.8872,2.2352,0.0,131.05481377096248
401.6,39.96102451,-106.21639093,2489.3016,12.00912,1.877568,0.0,131.34777721969368
401.7,39.96102368,-106.21638984,2489.3016,12.00912,1.519936,0.0,135.0
401.8,39.96102301,-106.21638925,2489.3016,12.00912,1.162304,0.0,139.76364169072622
401.9,39.96102247,-106.21638874,2489.3016,12.00912,0.67056,0.0,142.1250163489018
402.0,39.96102211,-106.21638846,2489.3016,12.00912,0.804672,0.0,144.46232220802565
402.1,39.96102177,-106.21638824,2489.3016,12.00912,0.0,0.0,180.0
402.2,39.96102143,-106.21638809,2489.3016,12.00912,0.491744,0.0,180.0
402.4,39.96102122,-106.21638815,2489.3016,12.00912,0.0,0.0,0.0
402.5,39.9610212,-106.2163882,2489.3016,12.00912,0.0,0.0,0.0
402.6,39.96102122,-106.21638805,2489.3016,12.00912,0.491744,0.0,270.0
402.7,39.96102119,-106.21638823,2489.3016,11.8872,0.0,0.0,270.0
402.8,39.96102116,-106.2163884,2489.3016,11.8872,0.0,0.0,270.0
402.9,39.96102112,-106.21638853,2489.3016,11.8872,0.0,0.0,0.0
403.0,39.96102106,-106.2163886,2489.3016,11.8872,0.491744,0.0,0.0
403.1,39.9610209,-106.21638861,2489.3016,11.8872,0.0,0.0,0.0
403.2,39.9610208,-106.2163886,2489.3016,11.8872,0.0,0.0,0.0
403.3,39.96102083,-106.21638858,2489.3016,11.8872,0.0,0.0,0.0
403.4,39.96102086,-106.21638855,2489.3016,11.8872,0.0,0.0,0.0
403.5,39.96102091,-106.21638852,2489.3016,11.8872,0.0,0.0,0.0
403.6,39.96102094,-106.2163885,2489.3016,11.8872,0.0,0.0,0.0
403.7,39.96102103,-106.21638845,2489.3016,11.8872,0.0,0.0,0.0
403.9,39.96102135,-106.21638846,2489.3016,12.00912,0.0,0.0,0.0
404.0,39.96102136,-106.21638852,2489.3016,12.00912,0.0,0.0,0.0
404.1,39.96102131,-106.2163886,2489.3016,12.00912,0.0,0.0,0.0
404.2,39.96102124,-106.21638872,2489.3016,11.8872,0.0,0.0,270.0
404.3,39.96102128,-106.21638905,2489.3016,12.00912,0.0,0.0,270.0
404.4,39.96102123,-106.21638924,2489.3016,12.00912,0.0,0.0,270.0
404.5,39.96102121,-106.21638942,2489.3016,12.00912,0.0,0.0,270.0
404.6,39.96102119,-106.21638959,2489.3016,12.00912,0.0,0.0,270.0
404.7,39.96102133,-106.21638992,2489.3016,11.8872,0.0,0.0,270.0
404.8,39.96102132,-106.21639006,2489.3016,11.8872,0.0,0.0,0.0
404.9,39.96102139,-106.21639008,2489.3016,12.00912,0.0,0.0,0.0
405.0,39.96102146,-106.21639009,2489.3016,12.00912,0.0,0.0,0.0
405.1,39.96102171,-106.21639016,2489.3016,12.00912,0.0,0.0,270.0
405.2,39.96102174,-106.21639059,2489.3016,12.00912,0.491744,0.0,270.0
405.3,39.96102173,-106.21639151,2489.3016,12.00912,0.67056,0.0,264.8055710922652
405.4,39.96102165,-106.21639278,2489.3016,12.00912,0.938784,0.0,266.0548137709624
405.5,39.96102144,-106.21639476,2489.3016,12.00912,1.34112,0.0,262.5041423602701
405.6,39.9610212,-106.21639719,2489.3016,12.00912,1.877568,0.0,261.5288553669852
405.7,39.96102084,-106.21639997,2489.6064,12.100560000000002,2.2352,0.0,260.86982351772133
405.8,39.96102042,-106.21640304,2489.6064,12.100560000000002,2.548128,0.0,260.09581678702614
405.9,39.96101986,-106.21640697,2489.6064,12.100560000000002,2.995168,0.0,261.3136454187634
406.0,39.96101926,-106.21641134,2489.6064,12.100560000000002,3.621024,0.0,260.5376777919744
406.1,39.96101858,-106.21641611,2489.6064,12.100560000000002,3.978656,0.089408,259.5792876032055
406.2,39.96101793,-106.21642055,2489.3016,12.00912,3.978656,0.089408,259.1596945456694
406.3,39.96101703,-106.21642613,2489.3016,12.00912,4.336288,0.089408,258.7992022121156
406.4,39.96101613,-106.2164315,2489.3016,12.00912,4.738624,0.089408,259.4126786817629
406.5,39.96101513,-106.21643781,2489.3016,12.00912,5.051552,0.0,259.07719528013075
406.6,39.96101423,-106.21644356,2489.3016,12.00912,5.230368,0.0,258.5110187978408
406.7,39.96101316,-106.21645047,2489.3016,11.8872,5.498592,0.0,258.2669158435877
406.8,39.96101215,-106.21645683,2489.3016,11.8872,5.766816,0.0,258.85101030355816
406.9,39.96101055,-106.2164651,2489.3016,11.8872,6.392672,0.0,257.93223104134665
407.0,39.96100928,-106.2164725,2489.3016,11.8872,6.8397120000000005,0.0,258.47276472650424
407.1,39.96100788,-106.216481,2489.3016,11.8872,6.92912,0.0,257.9298545106121
407.2,39.96100643,-106.21648985,2489.3016,11.8872,7.554975999999999,0.0,258.4248111826038
407.3,39.96100487,-106.21649898,2489.3016,11.8872,7.867904,0.0,258.1785116593927
407.4,39.96100342,-106.21650794,2489.3016,11.79576,7.867904,0.0,258.628525358978
407.5,39.96100184,-106.2165177,2489.3016,11.79576,8.180832,0.0,258.8708107103888
407.6,39.96100041,-106.21652674,2489.3016,11.79576,8.180832,0.0,258.69006752597977
407.7,39.96099885,-106.21653649,2489.3016,11.79576,8.180832,0.0,259.08211463956854
407.8,39.96099729,-106.21654658,2489.3016,11.79576,8.627872,0.0,258.7448960063855
407.9,39.96099556,-106.21655772,2489.3016,11.79576,9.209024,0.0,259.1144729453413
408.0,39.96099388,-106.21656862,2489.3016,11.79576,9.566656,0.0,259.4608162713717
408.1,39.96099187,-106.21658131,2489.3016,11.79576,10.237215999999998,0.0,259.0379127376747
408.2,39.9609901,-106.21659282,2489.3016,11.79576,10.50544,0.0,258.7388298797498
408.3,39.96098822,-106.21660519,2489.3016,11.79576,10.371328,0.0,258.595520120853
408.4,39.96098644,-106.21661665,2489.3016,11.79576,10.326624,0.0,258.7830800733526
408.5,39.96098418,-106.21663082,2489.3016,11.79576,11.131296,0.0,258.55354090706146
408.6,39.96098228,-106.21664279,2489.3016,11.79576,11.354816,0.0,258.73486484250674
408.7,39.96098011,-106.21665663,2489.3016,11.79576,11.220704,0.0,259.0388959679788
408.8,39.96097812,-106.21666945,2489.3016,11.79576,11.578335999999998,0.0,259.2054579381048
408.9,39.96097612,-106.21668262,2489.3016,11.79576,11.310112,0.0,258.9847529926236
409.0,39.96097424,-106.21669539,2489.3016,11.79576,11.265408,0.0,259.1464326572758
409.1,39.96097195,-106.21671053,2489.3016,11.79576,12.114784,0.0,259.34205394350414
409.2,39.96096987,-106.21672441,2489.3016,11.79576,12.606528,0.0,259.4936022120908
409.3,39.9609677,-106.21673902,2489.3016,11.79576,12.383008,-0.089408,259.6771473157636
409.4,39.96096577,-106.21675191,2489.3016,11.79576,11.935968,-0.089408,259.2342444552571
409.5,39.96096341,-106.216768,2489.3016,11.79576,12.561824,-0.089408,259.4162593322918
409.6,39.96096126,-106.21678284,2489.3016,11.79576,13.4112,0.0,259.5575476006392
409.7,39.96095899,-106.21679879,2489.3016,11.79576,13.366496,-0.089408,259.7289962795209
409.8,39.9609569,-106.21681357,2489.3016,11.79576,13.321792,0.0,259.86219614691487
409.9,39.96095427,-106.21683168,2489.3016,11.79576,14.260576,0.0,259.6623098664375
410.0,39.96095205,-106.21684721,2489.3016,11.79576,14.573504,0.0,259.7277913969792
410.1,39.96094964,-106.21686453,2489.3016,11.79576,14.215872,0.0,260.21146311055986
410.2,39.96094758,-106.21687975,2489.3016,11.79576,14.08176,0.0,260.2724214485984
410.3,39.96094528,-106.21689673,2489.3016,11.79576,13.947648,0.0,260.0737544933483
410.4,39.96094308,-106.21691301,2489.3016,11.79576,14.394688,0.0,260.1341930569156
410.5,39.96094084,-106.21692938,2489.3016,11.79576,14.126464,0.0,260.1341930569156
410.6,39.96093859,-106.21694588,2489.3016,11.79576,14.215872,0.0,260.19390724010293
410.7,39.96093616,-106.21696423,2489.3016,11.79576,15.065248,0.0,260.19390724010293
410.8,39.96093403,-106.21698008,2489.3016,11.8872,14.797024,0.0,260.2821482593891
410.9,39.96093169,-106.21699774,2489.3016,11.79576,14.484096,0.0,260.34010692155766
411.1,39.96092683,-106.2170347,2489.3016,11.8872,15.735808,-0.089408,260.734280185353
411.2,39.96092455,-106.21705222,2489.3016,11.79576,15.691104,0.0,260.7889734591833
411.3,39.96092235,-106.21706958,2489.3016,11.79576,15.065248,0.0,260.7889734591833
411.4,39.96092025,-106.21708616,2489.3016,11.79576,14.662912,0.0,260.5376777919744
411.5,39.9609182,-106.21710214,2489.3016,11.79576,14.08176,0.0,260.5376777919744
411.6,39.96091599,-106.21711912,2489.3016,11.79576,14.215872,-0.089408,260.5926641277931
411.7,39.96091369,-106.2171372,2489.3016,11.8872,15.154656,-0.089408,260.5926641277931
411.8,39.96091157,-106.21715444,2489.3016,11.79576,15.244064,0.0,261.41950567737194
411.9,39.96090952,-106.2171727,2489.3016,11.8872,15.288768,-0.089408,262.41646046450853
412.0,39.96090795,-106.21719046,2489.3016,11.8872,15.512288000000002,-0.22352,263.5475371119975
412.1,39.96090648,-106.21720899,2489.3016,11.8872,15.556992,-0.22352,265.3645365730973
412.2,39.96090543,-106.21722718,2489.3016,11.79576,15.691104,-0.089408,267.21577271439844
412.3,39.96090502,-106.21724447,2489.3016,11.79576,15.154656,-0.089408,269.1158760518646
412.4,39.96090542,-106.21726007,2489.3016,11.79576,14.037056,-0.22352,271.253145319143
412.5,39.96090599,-106.21727731,2489.3016,11.8872,13.992352,-0.22352,273.3124590022164
412.6,39.960907,-106.21729329,2489.3016,11.8872,14.171168,-0.22352,275.860827547736
412.7,39.96090862,-106.21730941,2489.3016,11.8872,13.768832,-0.22352,278.4055607102912
412.8,39.9609112,-106.21732442,2489.3016,11.8872,13.455904,-0.089408,280.2511987508174
412.9,39.96091367,-106.21733921,2489.3016,11.8872,13.008864,-0.089408,282.48402789840736
413.0,39.96091634,-106.21735265,2489.3016,12.00912,12.383008,-0.089408,285.0285050679273
413.1,39.96091963,-106.21736644,2489.3016,12.00912,12.025376,-0.089408,287.168172435182
413.2,39.96092279,-106.21737776,2489.6064,12.100560000000002,11.310112,0.0,289.4527870602187
413.3,39.96092711,-106.21739051,2489.6064,12.100560000000002,11.086592,0.0,291.3998101320822
413.4,39.96093091,-106.21740088,2489.6064,12.100560000000002,10.863072,0.0,293.8601751913424
413.5,39.96093487,-106.21741186,2489.6064,12.100560000000002,10.0584,0.0,295.736450979252
413.6,39.96093875,-106.2174216,2489.6064,12.100560000000002,9.83488,0.0,297.94088618074164
413.7,39.9609429,-106.21743116,2489.6064,12.100560000000002,9.343136,0.0,300.5559642755078
413.8,39.96094658,-106.21743899,2489.6064,12.100560000000002,8.583167999999999,0.0,302.4711922908485
413.9,39.96095081,-106.21744738,2489.6064,12.100560000000002,8.180832,0.0,303.87459435824127
414.0,39.96095438,-106.21745404,2489.6064,12.100560000000002,7.733792,0.0,305.45547443444184
414.1,39.96095812,-106.21746059,2489.6064,12.192,6.92912,0.0,307.7079410354173
414.2,39.96096175,-106.21746649,2489.6064,12.192,6.7056,0.0,310.0679125717351
414.3,39.96096565,-106.2174723,2489.6064,12.100560000000002,6.526784,0.089408,310.93663400706697
414.4,39.96096887,-106.21747678,2489.6064,12.100560000000002,5.900928,0.089408,313.6521127198014
414.5,39.96097218,-106.21748123,2489.6064,12.100560000000002,5.230368,0.089408,316.507435758775
414.6,39.96097503,-106.21748459,2489.6064,12.100560000000002,4.783328,0.089408,319.590543185606
414.7,39.96097798,-106.21748763,2489.6064,12.100560000000002,4.202176,0.089408,323.53076560994816
414.8,39.96098074,-106.21749013,2489.3016,12.00912,3.978656,0.089408,328.3924977537511
414.9,39.96098278,-106.21749199,2489.3016,12.00912,3.218688,0.089408,334.2039735055001
415.0,39.960985,-106.21749338,2489.3016,12.00912,2.771648,0.089408,339.67686317033707
415.1,39.96098718,-106.21749408,2489.3016,11.8872,2.592832,0.089408,349.59228868750995
415.2,39.96098888,-106.21749418,2489.3016,11.8872,2.2352,0.089408,0.0
415.3,39.96099061,-106.21749357,2489.3016,11.8872,1.877568,0.22352,16.144338780283476
415.4,39.96099204,-106.21749273,2489.3016,11.79576,1.877568,0.22352,32.905242922987895
415.5,39.96099343,-106.21749129,2489.3016,11.8872,1.877568,0.089408,46.90915243299639
415.6,39.96099464,-106.21748948,2489.3016,11.79576,2.01168,0.089408,52.650650955359424
415.7,39.96099593,-106.217487,2489.3016,11.79576,2.279904,0.089408,58.3245312618908
415.8,39.9609971,-106.21748454,2489.3016,11.79576,2.45872,0.0,62.62229722866829
415.9,39.96099841,-106.21748104,2489.3016,11.8872,2.861056,0.0,62.38697217691555
416.0,39.96099958,-106.21747761,2489.3016,11.8872,3.263392,0.0,65.32313682966293
416.1,39.96100108,-106.21747334,2489.3016,11.8872,3.621024,0.0,66.55193742204222
416.2,39.96100279,-106.2174689,2489.3016,12.00912,4.157472,0.0,68.62937773065681
416.3,39.96100449,-106.21746338,2489.3016,12.00912,4.649216,0.0,69.74936649071753
416.4,39.96100609,-106.21745789,2489.3016,12.00912,5.051552,0.0,71.25865955480731
416.5,39.96100783,-106.21745155,2489.3016,12.00912,5.409184,0.0,72.5651253052007
416.6,39.96100989,-106.21744538,2489.3016,12.00912,5.722112,0.0,74.52136183458163
416.7,39.96101146,-106.21743821,2489.3016,12.00912,6.03504,0.0,75.47985098146296
416.8,39.96101289,-106.21743098,2489.3016,12.00912,6.347968,0.0,77.06194368281353
416.9,39.96101433,-106.21742272,2489.3016,12.00912,6.795007999999999,0.0,77.92985451061207
417.0,39.96101552,-106.21741514,2489.3016,12.00912,6.92912,0.0,79.4220295324327
417.1,39.9610171,-106.21740524,2489.3016,12.00912,7.59968,0.0,80.59077859188983
417.2,39.96101826,-106.21739629,2489.3016,12.00912,8.180832,0.0,81.6070748126075
417.3,39.96101946,-106.21738536,2489.3016,12.00912,8.583167999999999,0.0,83.46336635120292
417.4,39.96102037,-106.21737564,2489.3016,12.00912,8.896096,0.0,84.26090150191038
417.5,39.96102105,-106.21736343,2489.3016,12.00912,9.38784,0.0,85.05403345289585
417.6,39.96102165,-106.21735316,2489.3016,12.00912,9.61136,0.0,86.53981677101353
417.7,39.9610222,-106.21734107,2489.3016,12.00912,9.521952,0.0,87.16333989887454
417.8,39.96102256,-106.21733026,2489.3016,12.00912,9.790176,0.0,88.25675351569419
417.9,39.9610226,-106.21731706,2489.3016,12.00912,10.237215999999998,0.0,88.79140756797312
418.0,39.96102274,-106.21730523,2489.3016,12.00912,10.684256,0.0,90.0
418.1,39.96102278,-106.21729111,2489.3016,12.00912,11.086592,0.0,90.0
418.2,39.96102272,-106.21727864,2489.3016,12.00912,11.310112,0.0,90.44072807276105
418.3,39.96102244,-106.21726352,2489.3016,11.8872,11.757152,0.089408,90.43078721700864
418.4,39.96102223,-106.21725036,2489.3016,11.8872,12.025376,0.0,91.04162667600995
418.5,39.96102192,-106.21723541,2489.3016,11.8872,11.980672,0.0,91.43209618416466
418.6,39.96102158,-106.21722084,2489.3016,11.8872,12.561824,0.0,91.78372115385582
418.7,39.96102118,-106.21720514,2489.3016,11.79576,12.874752,0.0,91.7474648062331
418.8,39.96102068,-106.21718991,2489.3016,11.8872,13.18768,0.0,91.70698490235476
418.9,39.9610202,-106.21717339,2489.3016,11.8872,13.545312,0.0,92.03879463926717
419.0,39.96101972,-106.21715736,2489.3016,11.8872,13.85824,0.0,91.99999229903416
419.1,39.9610192,-106.21713937,2489.3016,11.8872,14.484096,0.0,92.29767226120418
419.2,39.96101883,-106.21712274,2489.3016,11.79576,14.75232,0.0,92.26278980713948
419.3,39.96101822,-106.21710482,2489.3016,11.79576,14.707616,0.0,92.23563689614627
419.4,39.96101766,-106.21708843,2489.3016,11.79576,14.618208,0.0,92.18965435095856
419.5,39.96101706,-106.21707002,2489.3016,11.79576,14.841728000000002,0.0,92.15795045215754
419.6,39.96101646,-106.21705223,2489.3016,11.79576,15.42288,0.0,92.62490264048114
419.7,39.96101582,-106.21703343,2489.3016,11.79576,15.601696,0.0,92.12109639666149
419.8,39.96101522,-106.21701535,2489.3016,11.79576,15.735808,0.0,92.09133235803336
419.9,39.96101459,-106.21699514,2489.3016,11.79576,16.316959999999998,0.0,92.07965922477734
420.0,39.96101407,-106.21697769,2489.3016,11.79576,16.048735999999998,0.0,92.06811562314395
420.1,39.96101347,-106.21695738,2489.3016,11.79576,16.09344,0.0,92.03980937041456
420.2,39.96101297,-106.2169398,2489.3016,11.79576,16.138144,0.0,92.0287025569533
420.3,39.96101235,-106.21691908,2489.3016,11.79576,16.316959999999998,0.0,92.01771599248724
420.4,39.96101174,-106.21690023,2489.3016,11.79576,16.853408,0.0,92.4694467889446
420.5,39.96101105,-106.21688121,2489.3016,11.79576,16.138144,0.0,92.77767100788589
420.6,39.96101021,-106.21686211,2489.3016,11.79576,16.272256,0.0,93.3664606634298
420.7,39.96100899,-106.21684104,2489.3016,11.79576,17.166335999999998,0.0,94.73828396743689
420.8,39.96100766,-106.21682303,2489.3016,11.79576,16.719296,0.0,95.80158688764698
420.9,39.96100568,-106.21680424,2488.9968000000003,11.70432,15.780511999999998,0.0,97.82718187101024
421.0,39.96100348,-106.21678551,2488.9968000000003,11.70432,16.138144,0.0,99.63753811293094
421.1,39.96100057,-106.21676532,2488.9968000000003,11.70432,16.808704,0.0,101.39997291249084
421.2,39.96099736,-106.21674632,2488.9968000000003,11.70432,17.032224,-0.089408,103.2140512785516
421.3,39.96099264,-106.21672486,2489.3016,11.79576,17.792192,-0.089408,105.3092734879832
421.4,39.96098851,-106.21670659,2488.9968000000003,11.70432,17.613376,0.0,107.40048568633811
421.5,39.96098389,-106.21668882,2488.9968000000003,11.70432,16.138144,-0.089408,109.18550561928627
421.6,39.96097889,-106.21667142,2488.9968000000003,11.70432,15.914624,-0.089408,111.15169138346482
421.7,39.96097241,-106.21665307,2489.3016,11.79576,16.54048,-0.089408,113.21992972290847
421.8,39.96096705,-106.21663751,2489.3016,11.79576,15.86992,-0.089408,114.71744091108336
421.9,39.96096053,-106.21662004,2489.3016,11.8872,15.556992,0.0,116.56505117707798
422.0,39.9609547,-106.21660554,2489.3016,11.8872,15.244064,0.0,118.48700713600942
422.1,39.96094797,-106.21659004,2489.3016,11.8872,14.573504,0.0,120.02852145270003
422.2,39.96094083,-106.21657562,2489.3016,11.8872,14.886432,0.0,122.38811485340092
422.3,39.96093384,-106.21656189,2489.3016,12.00912,14.349984,0.0,123.79284011443656
422.4,39.96092742,-106.2165501,2489.3016,12.00912,13.18768,0.0,125.64858702145476
422.5,39.96091977,-106.2165368,2489.3016,12.00912,13.277088,0.0,127.26640190097714
422.6,39.96091294,-106.2165262,2489.6064,12.100560000000002,12.96416,0.0,128.6278886030675
422.7,39.9609055,-106.21651433,2489.3016,12.00912,12.427712,0.0,130.07545029988103
422.8,39.96089888,-106.21650426,2489.3016,12.00912,12.204192,0.0,131.12409521181894
422.9,39.96089187,-106.21649418,2489.6064,12.100560000000002,11.444224,0.0,132.89091026274224
423.0,39.96088538,-106.21648494,2489.6064,12.100560000000002,11.131296,0.0,133.48814565717328
423.1,39.9608783,-106.21647548,2489.6064,12.100560000000002,10.95248,0.089408,134.64632684075357
423.2,39.96087233,-106.21646774,2489.6064,12.100560000000002,10.326624,0.089408,135.9270352697722
423.3,39.96086537,-106.21645901,2489.3016,12.00912,10.0584,0.22352,135.98436670305472
423.4,39.9608597,-106.21645199,2489.3016,12.00912,9.700768,0.22352,136.88818800674096
423.5,39.96085386,-106.21644477,2489.3016,12.00912,8.806688,0.22352,137.053550563511
423.6,39.96084868,-106.21643849,2489.3016,12.00912,8.404352,0.22352,137.21204200204835
423.7,39.96084381,-106.21643274,2489.3016,12.00912,7.59968,0.22352,137.95631065750365
423.8,39.96083955,-106.21642776,2489.3016,12.00912,6.8397120000000005,0.089408,138.2286478696357
423.9,39.96083576,-106.21642336,2489.3016,12.00912,5.990336,0.0,137.26475454822344
424.0,39.96083237,-106.21641923,2489.3016,12.00912,5.409184,0.0,135.68206039317266
424.1,39.96082868,-106.21641454,2489.3016,12.00912,5.453887999999999,0.0,134.2559407971113
424.2,39.96082586,-106.21641074,2489.3016,12.00912,5.096256,0.0,132.23614262908745
424.3,39.96082349,-106.21640675,2489.3016,11.8872,4.380992,0.089408,129.8055710922652
424.4,39.96082143,-106.21640338,2489.3016,11.8872,3.978656,0.089408,128.04704253182604
424.5,39.96081942,-106.21639974,2489.3016,11.8872,3.755136,0.089408,124.69515353123398
424.6,39.96081784,-106.21639644,2489.3016,12.00912,3.57632,0.0,119.74488129694224
424.7,39.96081661,-106.21639291,2489.3016,12.00912,3.308096,0.0,116.56505117707798
424.8,39.96081565,-106.21638994,2489.3016,12.00912,2.995168,0.0,110.32313682966291
424.9,39.96081493,-106.21638703,2489.3016,12.00912,2.68224,0.0,102.17145820858748
425.0,39.96081455,-106.21638444,2489.3016,12.00912,2.414016,0.0,96.07245640720772
425.1,39.9608144,-106.21638197,2489.3016,12.00912,2.2352,0.0,87.33699923393283
425.2,39.96081466,-106.2163798,2489.3016,12.00912,2.01168,0.0,77.31961650818016
425.3,39.96081535,-106.21637765,2489.3016,12.00912,1.877568,0.0,63.43494882292202
425.4,39.96081623,-106.21637596,2489.3016,12.00912,1.832864,0.0,53.6731740478798
425.5,39.9608177,-106.21637431,2489.6064,12.100560000000002,1.877568,0.0,40.46222749209335
425.6,39.96081925,-106.21637281,2489.6064,12.100560000000002,2.101088,0.0,32.124998440387515
425.7,39.96082122,-106.21637142,2489.6064,12.100560000000002,2.2352,0.089408,24.179107146689205
425.8,39.96082325,-106.2163703,2489.6064,12.100560000000002,2.45872,0.089408,19.65382405805332
425.9,39.96082593,-106.21636915,2489.6064,12.100560000000002,2.726944,0.089408,15.478638165418374
426.0,39.96082862,-106.21636842,2489.3016,12.00912,3.084576,0.089408,12.528807709151522
426.1,39.96083185,-106.21636763,2489.3016,12.00912,3.308096,0.089408,9.462322208025626
426.2,39.96083538,-106.21636695,2489.3016,12.00912,3.844544,0.089408,7.206057001383272
426.3,39.96083919,-106.21636637,2489.3016,12.00912,4.068064,0.089408,5.3558250428552014
426.4,39.9608432,-106.21636617,2489.3016,12.00912,4.380992,0.089408,3.887909560833066
426.5,39.96084764,-106.21636581,2489.3016,12.00912,4.69392,0.089408,2.6025622024998256
426.6,39.96085188,-106.21636559,2489.3016,11.8872,4.828032,0.089408,0.9877603996397966
426.7,39.96085709,-106.21636543,2489.3016,11.8872,5.275072000000001,0.0,0.0
426.8,39.9608618,-106.21636544,2489.3016,11.8872,5.498592,0.0,0.0
426.9,39.96086752,-106.21636566,2489.3016,11.8872,5.81152,0.0,357.90984084628934
427.0,39.96087264,-106.21636598,2489.3016,11.79576,5.990336,0.0,357.15786211634435
427.1,39.96087861,-106.21636655,2489.3016,11.8872,6.169152,0.0,355.7493454253488
427.2,39.96088446,-106.21636745,2489.3016,11.79576,6.616192,0.0,355.1747830728902
427.3,39.96089128,-106.21636834,2489.3016,11.79576,7.063232,0.0,353.6207518323869
427.4,39.96089763,-106.21636928,2489.3016,11.79576,7.331455999999999,0.0,353.1300076917857
427.5,39.96090518,-106.21637058,2489.3016,11.79576,7.778496,0.0,351.73003841301886
427.6,39.96091184,-106.21637188,2489.3016,11.79576,7.957312,0.0,350.6952276593567
427.7,39.96091999,-106.21637386,2489.3016,11.79576,8.359648,0.0,350.2812077971744
427.8,39.96092693,-106.21637554,2489.3016,11.79576,8.538464000000001,0.0,349.6409475119163
427.9,39.96093517,-106.21637764,2489.3016,11.79576,8.583167999999999,0.0,348.8048885737
428.0,39.96094239,-106.21637959,2489.3016,11.79576,8.761984,0.0,347.5645584974724
428.1,39.96095076,-106.21638224,2489.3016,11.79576,8.896096,0.0,347.2579713418152
428.2,39.96095825,-106.21638451,2488.9968000000003,11.70432,9.074912,0.0,347.0258972707633
428.3,39.96096712,-106.21638727,2489.3016,11.79576,9.343136,0.0,346.62003687293867
428.4,39.96097482,-106.21638973,2488.9968000000003,11.70432,9.477248,0.0,346.7441275183225
428.6,39.96099164,-106.21639515,2488.9968000000003,11.70432,9.343136,0.0,346.349580865243
428.7,39.96100089,-106.21639809,2488.9968000000003,11.70432,9.924288,0.0,346.5347919051883
428.8,39.96100894,-106.21640067,2488.9968000000003,11.70432,9.924288,0.0,346.02589943559457
428.9,39.9610185,-106.21640362,2488.9968000000003,11.70432,10.0584,0.0,345.6563786895679
429.0,39.96102683,-106.21640634,2488.9968000000003,11.70432,10.237215999999998,0.089408,345.96375653207355
429.1,39.96103665,-106.21640954,2488.9968000000003,11.61288,10.416032,0.089408,346.3159802477525
429.2,39.96104533,-106.21641233,2488.9968000000003,11.61288,10.594848,0.0,346.5965155197272
429.3,39.96105593,-106.21641567,2488.9968000000003,11.61288,11.041888,0.0,346.3592832437086
429.4,39.96106549,-106.21641861,2488.9968000000003,11.61288,11.533632,0.0,346.1849746587384
429.5,39.9610761,-106.21642208,2488.9968000000003,11.61288,11.533632,0.0,345.74652239001244
429.6,39.9610854,-106.21642516,2488.9968000000003,11.61288,11.39952,0.0,345.6997225508144
429.7,39.96109652,-106.21642884,2488.9968000000003,11.61288,11.712448,-0.089408,345.54970209951074
429.8,39.96110602,-106.21643197,2488.9968000000003,11.61288,11.84656,-0.089408,345.352624727637
429.9,39.96111763,-106.21643612,2488.9968000000003,11.61288,12.159488,0.0,344.96218409641773
430.1,39.96113901,-106.216444,2488.9968000000003,11.61288,12.695936,0.0,344.05460409907715
430.2,39.96114984,-106.21644821,2488.9968000000003,11.70432,12.427712,0.0,343.2052310470565
430.3,39.96116193,-106.21645332,2488.9968000000003,11.70432,13.321792,-0.089408,341.87813975209866
430.4,39.96117231,-106.21645794,2488.9968000000003,11.70432,13.142976,-0.089408,340.7563696646245
430.5,39.9611837,-106.21646329,2488.9968000000003,11.70432,12.830048,-0.22352,339.32904161818374
430.6,39.96119487,-106.2164691,2488.9968000000003,11.70432,13.4112,-0.22352,337.6844114241292
430.7,39.96120533,-106.21647493,2489.3016,11.79576,13.008864,-0.22352,335.572523729199
430.8,39.96121556,-106.21648116,2488.9968000000003,11.70432,12.606528,-0.22352,333.3451435994221
430.9,39.96122645,-106.21648862,2489.3016,11.79576,13.098272,-0.22352,330.6868606428683
431.0,39.96123543,-106.21649541,2489.3016,11.79576,12.606528,-0.22352,328.67904248782764
431.1,39.96124492,-106.21650405,2489.3016,11.79576,12.204192,-0.089408,325.95406264339834
431.2,39.961253,-106.21651147,2489.3016,11.79576,11.935968,-0.089408,323.74616226255523
431.3,39.96126171,-106.21652042,2489.3016,11.8872,11.667744,-0.089408,321.0927716573361
431.4,39.96126873,-106.2165283,2489.3016,11.8872,11.310112,-0.089408,318.30821353387205
431.5,39.96127519,-106.21653726,2489.3016,11.8872,10.371328,-0.089408,316.2042384288299
431.6,39.96128162,-106.21654577,2489.3016,11.8872,10.326624,0.0,314.2882877939643
431.7,39.96128809,-106.21655515,2489.3016,11.8872,10.460736,0.0,310.3444925719864
431.8,39.96129317,-106.21656324,2489.3016,12.00912,9.83488,0.0,308.57397194450425
431.9,39.96129841,-106.21657278,2489.3016,12.00912,9.477248,0.0,305.3013382622899
432.1,39.96130642,-106.21658936,2489.6064,12.100560000000002,8.896096,0.0,300.30268072048807
432.2,39.96130949,-106.21659696,2489.6064,12.100560000000002,8.002016,0.0,297.4744316262771
432.3,39.96131116,-106.21660281,2489.3016,12.00912,6.303264,0.0,295.10456866523435
432.4,39.96131327,-106.21660933,2489.3016,12.00912,5.677408,0.0,292.64912734565604
432.5,39.96131556,-106.21661682,2489.6064,12.100560000000002,6.48208,0.0,290.65258393111355
432.6,39.9613174,-106.21662357,2489.3016,12.00912,6.48208,0.0,288.01469391820524
432.7,39.961319,-106.21663011,2489.3016,12.00912,5.990336,0.0,286.606980578617
432.8,39.96132078,-106.21663633,2489.3016,12.00912,5.766816,0.089408,284.6887867733184
432.9,39.9613219,-106.21664194,2489.3016,12.00912,5.275072000000001,0.089408,283.1725534233269
433.0,39.96132268,-106.21664629,2489.3016,12.00912,4.380992,0.089408,281.9565842431491
433.1,39.96132338,-106.21665077,2489.3016,12.00912,3.844544,0.089408,280.2348027634232
433.2,39.96132413,-106.21665368,2489.3016,12.00912,3.218688,0.0,279.90418321297386
433.4,39.961325,-106.21665901,2489.3016,12.00912,2.414016,0.0,280.43747535111817
433.5,39.96132535,-106.21666078,2489.3016,12.00912,2.056384,0.0,285.6422464572087
433.6,39.96132566,-106.21666183,2489.3016,12.00912,1.34112,0.089408,291.0375110254218
433.7,39.96132608,-106.21666211,2489.3016,12.00912,0.491744,0.089408,315.0
433.8,39.96132635,-106.21666189,2489.3016,12.00912,0.0,0.089408,90.0
433.9,39.96132627,-106.21666132,2489.3016,12.00912,0.491744,0.089408,100.30484646876602
434.0,39.96132609,-106.21666065,2489.3016,12.00912,0.0,0.0,111.03751102542184
434.1,39.96132577,-106.21665959,2489.3016,12.00912,0.67056,0.0,127.8749836510982
434.2,39.96132548,-106.21665898,2489.3016,12.00912,0.67056,0.0,127.8749836510982
434.4,39.96132479,-106.21665817,2489.3016,12.00912,0.44704,0.0,158.19859051364824
434.6,39.96132397,-106.2166588,2489.6064,12.100560000000002,0.402336,0.0,180.0
434.7,39.96132379,-106.21665899,2489.6064,12.100560000000002,0.44704,0.0,180.0
434.8,39.96132365,-106.21665922,2489.6064,12.100560000000002,0.0,0.089408,225.0
434.9,39.96132375,-106.21666036,2489.6064,12.100560000000002,0.67056,0.402336,225.0
435.0,39.96132365,-106.21666066,2489.3016,12.00912,0.67056,0.804672,225.0
435.1,39.96132354,-106.21666094,2489.3016,11.8872,0.0,0.89408,248.19859051364816
435.2,39.96132341,-106.21666122,2489.3016,11.79576,0.0,0.89408,225.0
435.4,39.96132295,-106.21666185,2488.9968000000003,11.70432,0.44704,0.402336,180.0
435.5,39.96132259,-106.21666192,2488.9968000000003,11.61288,0.44704,0.312928,180.0
435.6,39.96132227,-106.216662,2488.9968000000003,11.61288,0.0,0.089408,195.94539590092288
435.7,39.96132159,-106.21666201,2488.9968000000003,11.61288,0.67056,0.0,225.0
435.8,39.96132131,-106.21666233,2488.9968000000003,11.61288,0.491744,0.0,257.4711922908485
435.9,39.96132112,-106.216663,2488.9968000000003,11.70432,0.67056,0.0,270.0
436.0,39.96132112,-106.2166639,2488.9968000000003,11.70432,0.804672,0.0,282.80426606528675
436.1,39.96132144,-106.21666544,2488.9968000000003,11.61288,1.162304,0.0,282.7243556854224
436.2,39.96132185,-106.21666729,2488.9968000000003,11.70432,1.519936,0.0,286.1443387802835
436.3,39.96132243,-106.21666975,2488.9968000000003,11.70432,1.966976,0.0,289.57312583041016
436.4,39.96132309,-106.21667216,2488.9968000000003,11.61288,2.190496,0.0,290.1706534118504
436.5,39.96132404,-106.2166752,2488.9968000000003,11.61288,2.45872,0.0,292.16634582208246
436.6,39.96132501,-106.21667848,2488.9968000000003,11.61288,2.861056,0.0,292.16634582208246
436.7,39.96132604,-106.21668172,2488.9968000000003,11.61288,2.950464,0.0,292.16634582208246
436.8,39.96132699,-106.21668457,2488.9968000000003,11.70432,2.771648,0.0,293.31770838675504
436.9,39.96132826,-106.21668805,2488.9968000000003,11.70432,2.90576,0.0,295.7960264944999
437.0,39.96132948,-106.2166912,2488.9968000000003,11.70432,3.12928,0.0,297.61302782308445
437.1,39.96133102,-106.21669484,2488.9968000000003,11.70432,3.308096,0.0,297.1811110854772
437.2,39.96133251,-106.21669827,2488.9968000000003,11.70432,3.486912,0.0,298.8671594695146
437.3,39.96133451,-106.21670289,2488.9968000000003,11.70432,3.978656,0.0,299.5213618345816
437.4,39.96133645,-106.21670732,2488.9968000000003,11.70432,4.4704,0.0,301.8274465766731
437.5,39.96133873,-106.21671211,2488.9968000000003,11.61288,4.604512000000001,0.0,302.22875743509854
437.6,39.96134096,-106.21671667,2488.9968000000003,11.61288,4.69392,0.0,303.27488798483495
437.8,39.96134637,-106.21672744,2488.9968000000003,11.61288,5.185664,0.0,304.4389893088036
437.9,39.96134966,-106.21673368,2488.9968000000003,11.61288,5.81152,0.0,304.6409475119163
438.0,39.96135276,-106.21673944,2488.9968000000003,11.49096,6.213856,0.0,305.3947958449871
438.1,39.96135619,-106.21674574,2488.9968000000003,11.49096,6.25856,0.0,305.5376777919744
438.2,39.96135962,-106.21675195,2488.9968000000003,11.49096,6.526784,0.0,306.19320730556467
438.3,39.96136343,-106.21675878,2488.9968000000003,11.49096,6.8397120000000005,0.0,305.7066914006029
438.4,39.96136695,-106.21676509,2488.9968000000003,11.49096,6.92912,0.0,306.4444417565871
438.5,39.96137095,-106.21677227,2488.9968000000003,11.49096,7.1079360000000005,0.0,306.17962044797895
438.6,39.96137508,-106.21677967,2488.9968000000003,11.49096,7.689088,0.0,306.00285657893494
438.7,39.9613792,-106.21678728,2488.9968000000003,11.49096,7.867904,0.0,305.76444090683407
438.8,39.96138317,-106.21679432,2488.692,11.39952,7.689088,0.0,306.4247673601648
438.9,39.96138799,-106.21680276,2488.692,11.39952,8.225536,0.0,306.7474709528639
439.0,39.96139226,-106.21681017,2488.692,11.39952,8.449055999999999,0.0,306.86989764584405
439.1,39.96139731,-106.21681892,2488.692,11.39952,8.627872,0.0,307.16073666819455
439.3,39.96140725,-106.21683565,2488.692,11.39952,9.119616,0.0,307.48355828373053
439.4,39.961412,-106.21684358,2488.692,11.30808,8.851392,0.0,307.63525375501735
439.5,39.96141759,-106.21685306,2488.692,11.39952,9.38784,0.0,307.7330455941883
439.6,39.96142234,-106.21686121,2488.692,11.39952,9.432544,0.0,307.5041423602701
439.9,39.96143939,-106.21688986,2488.692,11.30808,9.924288,0.0,307.6139568487328
440.2,39.961457,-106.21691896,2488.692,11.30808,10.416032,-0.089408,308.6598082540901
440.3,39.9614634,-106.2169292,2488.692,11.30808,10.72896,-0.089408,308.7325185951507
440.4,39.9614692,-106.21693855,2488.692,11.30808,10.72896,-0.089408,308.8385218963294
440.5,39.9614756,-106.21694912,2488.692,11.30808,10.863072,-0.312928,308.9072283426639
440.6,39.96148177,-106.21695929,2488.692,11.30808,11.265408,-0.22352,308.9744249916333
440.7,39.96148846,-106.21697002,2488.692,11.30808,11.39952,-0.22352,308.6945540227314
440.8,39.96149507,-106.21698062,2488.692,11.39952,11.712448,-0.089408,308.62554044746247
440.9,39.96150156,-106.21699105,2488.692,11.39952,11.533632,-0.089408,309.198413112353
441.0,39.96150819,-106.21700161,2488.692,11.30808,11.533632,-0.089408,309.25939336104807
441.2,39.9615226,-106.21702419,2488.692,11.30808,12.248895999999998,-0.089408,309.8055710922652
441.3,39.96152913,-106.21703453,2488.692,11.39952,12.159488,-0.089408,309.7261040426482
441.4,39.961536,-106.21704525,2488.692,11.30808,11.667744,-0.089408,310.35672741688114
441.5,39.96154342,-106.21705662,2488.692,11.30808,12.338304,-0.089408,310.4031924702905
441.6,39.96155098,-106.21706807,2488.692,11.18616,12.785344,-0.089408,310.86361610632764
441.7,39.96155833,-106.21707905,2488.692,11.18616,12.651232,-0.312928,311.1670530387528
441.8,39.96156629,-106.21709073,2488.692,11.18616,12.874752,-0.312928,311.76559506243296
442.0,39.96158207,-106.21711317,2488.692,11.18616,13.098272,-0.089408,312.7867718236042
442.1,39.96159089,-106.21712517,2488.692,11.30808,13.366496,-0.22352,313.2313336545969
442.2,39.96159848,-106.21713562,2488.692,11.18616,13.232384,-0.22352,313.51037455445714
442.4,39.9616156,-106.21715875,2488.692,11.30808,13.232384,-0.22352,314.06080905426444
442.5,39.96162415,-106.21717015,2488.692,11.30808,13.679424,-0.22352,314.46703137734573
442.6,39.96163229,-106.21718066,2488.692,11.30808,13.142976,-0.089408,314.7322646612978
442.7,39.96164105,-106.21719215,2488.692,11.18616,13.277088,-0.089408,314.46703137734573
442.8,39.9616495,-106.21720321,2488.3872,11.09472,13.545312,-0.22352,314.734743656624
442.9,39.96165859,-106.21721513,2488.3872,11.09472,13.813536,-0.312928,315.265256343376
443.0,39.96166733,-106.21722662,2488.692,11.18616,14.08176,-0.312928,315.265256343376
443.1,39.96167662,-106.21723853,2488.692,11.18616,14.126464,-0.312928,315.265256343376
443.2,39.9616847,-106.21724888,2488.692,11.18616,13.545312,-0.312928,315.265256343376
443.3,39.96169432,-106.21726131,2488.692,11.18616,13.813536,-0.312928,315.2628228332365
443.4,39.96170279,-106.21727257,2488.692,11.18616,14.260576,-0.402336,314.7371771667635
443.5,39.96171121,-106.21728391,2488.692,11.18616,13.455904,-0.491744,313.5243226918506
443.6,39.96171929,-106.21729529,2488.692,11.30808,13.321792,-0.581152,311.87293535089054
443.7,39.96172771,-106.21730772,2488.692,11.30808,13.679424,-0.715264,310.3417458903244
443.8,39.96173446,-106.2173183,2488.692,11.18616,12.919455999999998,-0.581152,308.8844964337146
443.9,39.96174121,-106.2173298,2488.692,11.18616,12.025376,-0.402336,306.57303097851934
444.0,39.96174729,-106.21734069,2488.3872,11.09472,11.935968,-0.089408,305.25942233072874
444.1,39.96175357,-106.21735277,2488.3872,11.00328,11.935968,0.0,303.1277496860155
444.2,39.9617584,-106.21736301,2488.3872,10.91184,11.310112,-0.089408,300.35811545876663
444.3,39.96176204,-106.21737383,2488.3872,10.91184,10.147808,-0.22352,298.10135130596177
444.4,39.96176571,-106.2173836,2488.3872,11.00328,9.656064,-0.22352,295.2011236454751
444.5,39.96176953,-106.21739451,2488.3872,11.00328,9.745472,-0.312928,292.350872654344
444.6,39.96177261,-106.21740455,2488.3872,11.00328,9.745472,-0.22352,289.42425955888507
444.7,39.96177515,-106.21741497,2488.3872,11.09472,9.253728,-0.22352,287.014683276523
444.8,39.96177712,-106.21742419,2488.3872,11.09472,8.761984,-0.22352,283.8049024121244
444.9,39.96177861,-106.21743343,2488.692,11.18616,8.091424,-0.312928,280.5779704675673
445.0,39.96177966,-106.21744179,2488.692,11.18616,7.644384,-0.22352,277.9767687875266
445.1,39.96178032,-106.21744984,2488.692,11.39952,7.063232,-0.312928,276.1701750950296
445.2,39.9617808,-106.21745669,2488.9968000000003,11.49096,6.347968,-0.22352,273.758555685472
445.3,39.96178108,-106.2174639,2488.9968000000003,11.49096,5.990336,-0.22352,272.23697906343773
445.4,39.96178117,-106.21746971,2488.9968000000003,11.49096,5.588,-0.089408,270.0
445.5,39.9617815,-106.21747551,2488.9968000000003,11.61288,4.962144,0.0,270.0
445.6,39.96178151,-106.21748103,2488.9968000000003,11.61288,4.828032,0.0,270.0
445.7,39.96178156,-106.2174863,2488.9968000000003,11.61288,4.604512000000001,0.0,270.0
445.8,39.9617817,-106.21749087,2488.9968000000003,11.61288,4.202176,0.0,273.4473868518652
445.9,39.96178253,-106.21749539,2488.9968000000003,11.61288,3.933952,0.089408,278.2356193242095
446.0,39.96178307,-106.21749897,2488.9968000000003,11.61288,3.531616,0.089408,284.6208739886317
446.1,39.96178401,-106.21750266,2488.9968000000003,11.70432,3.218688,0.089408,292.5572466347056
446.3,39.96178694,-106.21750962,2489.3016,11.79576,3.3528,0.089408,304.3150875999973
446.4,39.96178946,-106.21751276,2489.3016,11.8872,3.486912,0.089408,307.8749836510982
446.5,39.96179184,-106.21751632,2489.3016,11.8872,3.978656,0.089408,312.6337520085442
446.6,39.96179415,-106.2175194,2489.3016,11.8872,3.844544,0.089408,315.0
446.7,39.96179717,-106.21752311,2489.3016,12.00912,4.157472,0.089408,317.9249779491564
446.8,39.96180051,-106.21752664,2489.3016,12.00912,4.69392,0.089408,319.33826679142817
446.9,39.9618041,-106.21753057,2489.6064,12.100560000000002,5.006848,0.089408,320.9315269249197
447.0,39.96180741,-106.21753404,2489.6064,12.100560000000002,4.962144,0.089408,321.9529574681739
447.1,39.96181151,-106.2175382,2489.6064,12.192,5.275072000000001,0.089408,322.37376636133024
447.2,39.96181548,-106.21754211,2489.6064,12.31392,5.677408,0.22352,323.5777165250165
447.3,39.96181998,-106.21754643,2489.6064,12.31392,5.900928,0.22352,323.90900001194166
447.4,39.96182423,-106.21755044,2489.6064,12.31392,6.03504,0.22352,324.12500864793594
447.5,39.96182934,-106.21755518,2489.9112,12.405360000000002,6.392672,0.312928,325.105036365038
447.6,39.96183388,-106.21755932,2489.9112,12.405360000000002,6.526784,0.22352,325.35332004392944
447.7,39.96183936,-106.21756408,2489.9112,12.405360000000002,6.750304,0.22352,325.79654317182434
447.8,39.96184418,-106.21756834,2489.9112,12.4968,6.92912,0.312928,325.713123022791
447.9,39.96184999,-106.21757344,2489.9112,12.4968,7.1079360000000005,0.312928,326.1173423438472
448.0,39.96185514,-106.21757794,2489.9112,12.4968,7.331455999999999,0.312928,326.30993247402023
448.1,39.96186123,-106.21758295,2489.9112,12.4968,7.465567999999999,0.312928,326.49269351131
448.2,39.96186672,-106.21758767,2489.9112,12.4968,7.644384,0.402336,326.0463034471351
448.3,39.96187336,-106.21759335,2489.9112,12.405360000000002,8.091424,0.402336,326.7413684424528
448.4,39.96187924,-106.21759833,2489.9112,12.405360000000002,8.314944,0.402336,327.06488441052545
448.5,39.96188603,-106.21760375,2489.9112,12.405360000000002,8.314944,0.312928,327.211508376476
448.6,39.96189259,-106.2176092,2489.6064,12.31392,8.761984,0.312928,327.8132059590374
448.7,39.96190007,-106.21761536,2489.6064,12.31392,9.253728,0.312928,327.84770485871763
448.8,39.9619066,-106.2176207,2489.6064,12.31392,9.209024,0.312928,327.6756658483959
448.9,39.96191378,-106.21762622,2489.6064,12.192,8.896096,0.312928,328.2514188649346
449.0,39.96192092,-106.21763196,2489.6064,12.192,9.298432,0.312928,328.49573328079583
449.1,39.9619288,-106.21763824,2489.6064,12.192,9.790176,0.402336,328.3245312618908
449.2,39.96193679,-106.21764462,2489.6064,12.100560000000002,10.326624,0.312928,328.2097102141705
449.3,39.96194434,-106.21765063,2489.6064,12.100560000000002,10.103104,0.22352,328.60610305424933
449.4,39.96195214,-106.21765647,2489.3016,12.00912,9.924288,0.22352,328.69871700708444
449.5,39.96196043,-106.21766298,2489.3016,12.00912,10.371328,0.22352,328.9524777680849
449.6,39.96196842,-106.21766921,2489.3016,12.00912,10.550144,0.089408,328.91249467652
449.7,39.96197682,-106.21767574,2489.3016,12.00912,10.594848,-0.089408,328.9524777680849
449.8,39.96198475,-106.21768167,2489.3016,12.00912,10.50544,-0.22352,329.25277977453896
449.9,39.96199292,-106.21768807,2489.3016,12.00912,10.371328,-0.089408,329.4000213067911
450.0,39.9620004,-106.21769389,2489.3016,12.00912,10.147808,0.0,329.6044474467901
450.1,39.96200813,-106.21769976,2489.3016,12.00912,9.83488,0.0,329.28470582855715
450.2,39.96201458,-106.21770443,2489.3016,12.00912,9.074912,0.0,329.7214409149781
450.3,39.96202118,-106.21770942,2489.3016,12.00912,8.359648,0.089408,329.03624346792645
450.4,39.96202654,-106.2177135,2489.3016,12.00912,7.689088,0.089408,329.51669995885464
450.5,39.96203232,-106.21771801,2489.3016,12.00912,7.197344,0.089408,329.420773127511
450.6,39.96203668,-106.2177215,2489.3016,11.8872,6.571488,0.089408,329.6567511157604
450.7,39.9620416,-106.21772535,2489.3016,11.8872,6.03504,0.089408,329.11153354221625
450.8,39.96204548,-106.21772838,2489.3016,11.8872,5.677408,0.089408,329.7781617329373
450.9,39.96204943,-106.21773151,2489.3016,11.8872,5.096256,0.089408,328.6713071321958
451.0,39.96205287,-106.21773423,2489.3016,11.8872,4.828032,0.089408,329.4440357244922
451.1,39.96205575,-106.21773687,2489.3016,11.8872,4.202176,0.089408,329.1534125878514
451.2,39.96205855,-106.21773911,2489.3016,11.8872,3.755136,0.089408,327.652556500558
451.3,39.96206106,-106.21774121,2489.3016,11.8872,3.486912,0.089408,328.7069610040798
451.4,39.96206282,-106.2177427,2489.3016,11.79576,2.90576,0.089408,325.9806500101735
451.5,39.96206399,-106.21774405,2489.3016,11.8872,2.01168,0.089408,327.17145820858747
451.6,39.96206498,-106.21774498,2489.3016,11.8872,1.654048,0.089408,326.97613244420336
451.7,39.96206566,-106.21774567,2489.3016,11.8872,1.0728959999999998,0.089408,320.71059313749964
451.8,39.96206601,-106.21774611,2489.3016,11.8872,0.67056,0.22352,315.0
451.9,39.96206606,-106.21774666,2489.3016,11.79576,0.67056,0.22352,270.0
452.0,39.96206597,-106.21774678,2489.3016,11.8872,0.491744,0.089408,180.0
452.1,39.96206566,-106.21774673,2489.3016,11.8872,0.0,0.089408,180.0
452.2,39.96206535,-106.21774662,2489.3016,11.8872,0.0,0.089408,164.0546040990771
452.3,39.96206515,-106.21774669,2489.3016,11.8872,0.0,0.089408,180.0
452.4,39.96206496,-106.2177466,2489.3016,11.8872,0.0,0.089408,180.0
452.5,39.96206483,-106.21774656,2489.3016,11.8872,0.0,0.0,0.0
452.6,39.96206476,-106.21774654,2489.3016,11.8872,0.0,0.0,0.0
452.7,39.96206522,-106.21774696,2489.3016,11.8872,0.0,0.0,0.0
452.8,39.96206524,-106.21774697,2489.3016,12.00912,0.0,0.0,0.0
452.9,39.96206528,-106.21774696,2489.3016,11.8872,0.0,0.0,0.0
453.0,39.9620653,-106.21774693,2489.3016,11.8872,0.0,0.0,90.0
453.1,39.96206531,-106.21774683,2489.3016,12.00912,0.0,0.0,90.0
453.2,39.96206565,-106.21774687,2489.3016,12.00912,0.0,0.089408,90.0
453.3,39.96206565,-106.21774665,2489.3016,12.00912,0.0,0.089408,90.0
453.4,39.96206563,-106.21774645,2489.3016,12.00912,0.0,0.089408,90.0
453.5,39.96206557,-106.21774619,2489.3016,12.00912,0.0,0.089408,90.0
453.6,39.96206557,-106.21774576,2489.3016,12.00912,0.491744,0.22352,90.0
453.7,39.9620655,-106.2177456,2489.3016,12.00912,0.0,0.089408,90.0
453.8,39.96206543,-106.21774548,2489.3016,12.00912,0.0,0.089408,0.0
453.9,39.96206537,-106.21774541,2489.3016,12.00912,0.0,0.089408,0.0
454.0,39.96206528,-106.21774534,2489.3016,12.00912,0.0,0.089408,0.0
454.1,39.9620651,-106.21774518,2489.3016,12.00912,0.0,0.22352,0.0
454.2,39.96206494,-106.21774506,2489.3016,12.00912,0.0,0.089408,0.0
454.3,39.96206481,-106.21774497,2489.3016,12.00912,0.0,0.089408,0.0
454.4,39.96206468,-106.21774476,2489.3016,12.00912,0.0,0.089408,0.0
454.5,39.96206461,-106.2177447,2489.3016,12.00912,0.0,0.089408,180.0
454.6,39.96206454,-106.21774464,2489.6064,12.100560000000002,0.0,0.089408,180.0
454.7,39.96206441,-106.21774456,2489.3016,12.00912,0.0,0.089408,0.0
454.8,39.96206431,-106.21774449,2489.6064,12.100560000000002,0.0,0.22352,0.0
454.9,39.96206427,-106.21774431,2489.3016,12.00912,0.0,0.22352,0.0
455.0,39.96206424,-106.2177443,2489.3016,12.00912,0.0,0.089408,0.0
455.1,39.96206419,-106.21774434,2489.3016,12.00912,0.0,0.089408,0.0
455.2,39.96206415,-106.2177444,2489.3016,12.00912,0.0,0.089408,0.0
455.3,39.96206417,-106.21774458,2489.3016,12.00912,0.0,0.089408,0.0
455.4,39.96206415,-106.21774467,2489.3016,12.00912,0.0,0.089408,0.0
455.5,39.96206414,-106.2177447,2489.3016,12.00912,0.0,0.22352,0.0
455.6,39.96206413,-106.21774475,2489.3016,12.00912,0.0,0.22352,0.0
455.7,39.9620641,-106.21774476,2489.3016,12.00912,0.0,0.089408,0.0
455.8,39.96206409,-106.21774486,2489.3016,12.00912,0.0,0.089408,0.0
455.9,39.96206407,-106.21774496,2489.3016,12.00912,0.0,0.089408,0.0
456.0,39.96206404,-106.21774504,2489.3016,12.00912,0.0,0.089408,0.0
456.1,39.96206401,-106.21774507,2489.3016,12.00912,0.0,0.089408,0.0
456.2,39.96206388,-106.21774501,2489.3016,12.00912,0.0,0.22352,0.0
456.3,39.96206377,-106.21774513,2489.3016,12.00912,0.0,0.22352,0.0
456.4,39.96206369,-106.21774523,2489.3016,12.00912,0.0,0.089408,0.0
456.5,39.96206368,-106.21774531,2489.3016,12.00912,0.0,0.089408,0.0
456.6,39.9620636,-106.21774533,2489.3016,12.00912,0.0,0.089408,0.0
456.7,39.96206359,-106.21774535,2489.3016,12.00912,0.0,0.22352,0.0
456.8,39.96206358,-106.2177454,2489.3016,12.00912,0.0,0.089408,0.0
456.9,39.96206357,-106.21774555,2489.3016,12.00912,0.0,0.089408,270.0
457.0,39.96206352,-106.21774559,2489.3016,12.00912,0.0,0.089408,270.0
457.1,39.96206352,-106.2177457,2489.3016,12.00912,0.0,0.089408,270.0
457.2,39.96206353,-106.21774578,2489.3016,12.00912,0.0,0.089408,270.0
457.3,39.96206358,-106.21774586,2489.3016,12.00912,0.0,0.089408,0.0
457.4,39.96206361,-106.21774575,2489.3016,12.00912,0.0,0.089408,0.0
457.5,39.96206366,-106.21774583,2489.3016,12.00912,0.0,0.089408,0.0
457.6,39.9620637,-106.21774589,2489.3016,12.00912,0.0,0.089408,0.0
457.7,39.96206371,-106.21774598,2489.3016,12.00912,0.0,0.0,0.0
457.8,39.96206373,-106.21774606,2489.3016,12.00912,0.0,0.089408,0.0
457.9,39.96206376,-106.21774605,2489.3016,12.00912,0.0,0.089408,0.0
458.0,39.96206378,-106.21774611,2489.6064,12.100560000000002,0.0,0.089408,0.0
458.1,39.96206376,-106.21774617,2489.3016,12.00912,0.0,0.089408,0.0
458.2,39.96206375,-106.21774622,2489.3016,12.00912,0.0,0.089408,0.0
458.3,39.96206364,-106.21774629,2489.3016,12.00912,0.0,0.089408,0.0
458.4,39.96206362,-106.21774634,2489.3016,12.00912,0.0,0.089408,0.0
458.5,39.96206363,-106.21774635,2489.3016,12.00912,0.0,0.22352,0.0
458.6,39.96206364,-106.21774635,2489.3016,11.8872,0.0,0.089408,0.0
458.7,39.96206357,-106.21774627,2489.3016,12.00912,0.0,0.089408,0.0
458.8,39.96206361,-106.21774629,2489.3016,12.00912,0.0,0.089408,0.0
458.9,39.96206368,-106.21774637,2489.3016,11.8872,0.0,0.089408,0.0
459.0,39.96206372,-106.21774643,2489.3016,12.00912,0.491744,0.089408,0.0
459.1,39.96206362,-106.21774647,2489.3016,11.8872,0.0,0.089408,0.0
459.2,39.96206362,-106.21774648,2489.3016,11.8872,0.0,0.089408,0.0
459.3,39.96206368,-106.21774646,2489.3016,11.8872,0.0,0.0,0.0
459.4,39.96206371,-106.21774645,2489.3016,11.8872,0.0,0.089408,0.0
459.5,39.96206367,-106.21774635,2489.3016,11.8872,0.0,0.089408,0.0
459.6,39.96206368,-106.21774634,2489.3016,11.8872,0.0,0.089408,0.0
459.7,39.96206371,-106.21774632,2489.3016,11.79576,0.0,0.089408,0.0
459.8,39.96206375,-106.21774629,2489.3016,11.79576,0.0,0.089408,0.0
459.9,39.96206381,-106.21774629,2489.3016,11.79576,0.0,0.0,0.0
460.0,39.96206378,-106.21774633,2489.3016,11.79576,0.0,0.0,0.0
460.1,39.96206385,-106.21774644,2489.3016,11.79576,0.0,0.0,270.0
460.3,39.96206387,-106.21774672,2489.3016,11.79576,0.0,0.0,270.0
460.4,39.9620638,-106.21774689,2489.3016,11.79576,0.0,0.0,270.0
460.5,39.9620638,-106.21774703,2489.3016,11.79576,0.0,0.0,0.0
460.6,39.96206381,-106.21774713,2489.3016,11.79576,0.0,0.0,0.0
460.7,39.96206382,-106.2177472,2489.3016,11.79576,0.0,0.0,0.0
460.8,39.96206386,-106.21774723,2489.3016,11.79576,0.0,0.0,0.0
460.9,39.96206392,-106.21774718,2488.9968000000003,11.70432,0.0,0.0,0.0
461.0,39.96206401,-106.21774711,2489.3016,11.79576,0.0,0.0,0.0
461.1,39.96206415,-106.21774706,2488.9968000000003,11.70432,0.0,0.0,0.0
461.2,39.96206428,-106.217747,2488.9968000000003,11.70432,0.491744,0.0,0.0
461.3,39.96206445,-106.21774692,2488.9968000000003,11.70432,0.0,0.0,0.0
461.4,39.9620646,-106.21774685,2489.3016,11.79576,0.0,0.0,0.0
461.5,39.96206475,-106.21774673,2488.9968000000003,11.70432,0.0,0.0,0.0
461.6,39.96206489,-106.21774663,2489.3016,11.79576,0.491744,0.0,0.0
461.7,39.96206495,-106.21774649,2489.3016,11.79576,0.0,0.0,0.0
461.8,39.96206499,-106.21774646,2489.3016,11.79576,0.0,0.0,0.0
461.9,39.96206495,-106.21774648,2489.3016,11.79576,0.0,0.0,0.0
462.0,39.96206488,-106.21774652,2489.3016,11.79576,0.491744,0.0,0.0
462.1,39.9620646,-106.21774657,2489.3016,11.79576,0.491744,0.0,0.0
462.2,39.96206452,-106.21774664,2489.3016,11.79576,0.0,0.0,0.0
462.3,39.96206444,-106.21774672,2489.3016,11.79576,0.0,0.0,0.0
462.4,39.96206438,-106.21774679,2489.3016,11.79576,0.0,0.0,0.0
462.5,39.9620642,-106.21774682,2489.3016,11.79576,0.0,0.0,0.0
462.6,39.96206413,-106.21774687,2489.3016,11.79576,0.0,0.0,0.0
462.7,39.9620641,-106.21774694,2489.3016,11.79576,0.0,0.0,0.0
462.8,39.96206407,-106.21774698,2489.3016,11.79576,0.0,0.0,0.0
462.9,39.962064,-106.21774698,2489.3016,11.79576,0.0,0.0,0.0
463.0,39.96206391,-106.21774686,2489.3016,11.79576,0.491744,0.0,0.0
463.1,39.96206394,-106.21774688,2489.3016,11.79576,0.0,0.0,0.0
463.2,39.96206397,-106.21774689,2489.3016,11.79576,0.0,0.0,0.0
463.3,39.96206397,-106.21774689,2489.3016,11.79576,0.0,0.0,0.0
463.4,39.96206404,-106.21774681,2489.3016,11.79576,0.0,0.0,0.0
463.5,39.96206404,-106.21774678,2489.3016,11.79576,0.0,0.0,0.0
463.6,39.96206407,-106.21774674,2489.3016,11.79576,0.0,0.0,0.0
463.7,39.96206413,-106.21774672,2489.3016,11.79576,0.0,0.0,0.0
463.8,39.96206418,-106.21774665,2488.9968000000003,11.70432,0.0,0.0,0.0
463.9,39.96206426,-106.21774666,2488.9968000000003,11.70432,0.0,0.0,0.0
464.0,39.96206434,-106.21774666,2488.9968000000003,11.70432,0.0,0.0,0.0
464.1,39.96206447,-106.21774667,2489.3016,11.79576,0.0,0.0,0.0
464.2,39.9620646,-106.21774667,2489.3016,11.79576,0.0,0.0,0.0
464.3,39.96206475,-106.21774668,2489.3016,11.79576,0.491744,0.0,0.0
464.4,39.96206488,-106.21774668,2489.3016,11.79576,0.0,0.0,0.0
464.5,39.96206496,-106.21774666,2488.9968000000003,11.70432,0.491744,0.0,0.0
464.6,39.96206503,-106.21774665,2488.9968000000003,11.70432,0.0,0.0,0.0
464.7,39.96206505,-106.21774661,2488.9968000000003,11.70432,0.0,0.0,0.0
464.8,39.96206509,-106.21774667,2489.3016,11.79576,0.0,0.0,0.0
464.9,39.96206506,-106.21774683,2489.3016,11.79576,0.491744,0.0,270.0
465.0,39.96206502,-106.217747,2488.9968000000003,11.70432,0.491744,0.0,270.0
465.1,39.96206493,-106.21774727,2489.3016,11.79576,0.0,0.0,270.0
465.2,39.96206491,-106.21774741,2488.9968000000003,11.70432,0.0,0.0,270.0
465.3,39.96206487,-106.21774757,2489.3016,11.79576,0.0,0.0,270.0
465.4,39.96206483,-106.21774768,2489.3016,11.79576,0.0,0.0,0.0
465.5,39.96206473,-106.21774785,2489.3016,11.79576,0.0,0.0,0.0
465.6,39.96206474,-106.21774795,2489.3016,11.79576,0.0,0.0,0.0
465.7,39.96206476,-106.21774796,2489.3016,11.79576,0.0,0.0,0.0
465.8,39.96206478,-106.21774795,2489.3016,11.79576,0.0,0.0,0.0
465.9,39.96206481,-106.21774776,2489.3016,11.79576,0.0,0.0,0.0
466.0,39.96206486,-106.21774772,2489.3016,11.79576,0.0,0.0,0.0
466.1,39.96206488,-106.21774766,2489.3016,11.79576,0.0,0.0,0.0
466.2,39.96206489,-106.21774763,2489.3016,11.79576,0.0,0.0,0.0
466.3,39.96206482,-106.21774764,2489.3016,11.79576,0.0,0.0,0.0
466.4,39.96206478,-106.21774767,2489.3016,11.79576,0.0,0.0,0.0
466.5,39.96206471,-106.21774771,2489.3016,11.79576,0.0,0.0,0.0
466.6,39.96206466,-106.21774772,2489.3016,11.79576,0.0,0.0,0.0
466.7,39.96206464,-106.21774771,2488.9968000000003,11.70432,0.0,0.0,0.0
466.8,39.96206454,-106.21774775,2488.9968000000003,11.70432,0.0,0.0,0.0
466.9,39.96206452,-106.21774774,2488.9968000000003,11.70432,0.0,0.0,0.0
467.1,39.96206449,-106.21774772,2488.9968000000003,11.70432,0.0,0.0,0.0
467.2,39.96206438,-106.21774768,2489.3016,11.79576,0.0,0.0,0.0
467.3,39.96206433,-106.21774771,2489.3016,11.79576,0.0,0.0,0.0
467.4,39.9620643,-106.21774774,2488.9968000000003,11.70432,0.0,0.0,0.0
467.5,39.96206432,-106.21774775,2488.9968000000003,11.70432,0.0,0.0,0.0
467.6,39.96206434,-106.21774775,2488.9968000000003,11.70432,0.0,0.0,0.0
467.7,39.96206435,-106.21774774,2488.9968000000003,11.70432,0.0,0.0,0.0
467.8,39.96206436,-106.21774773,2488.9968000000003,11.70432,0.0,0.0,0.0
467.9,39.96206433,-106.21774772,2488.9968000000003,11.70432,0.0,0.0,0.0
468.0,39.96206432,-106.2177477,2488.9968000000003,11.70432,0.0,0.0,0.0
468.1,39.96206425,-106.21774771,2488.9968000000003,11.70432,0.0,0.0,0.0
468.2,39.96206428,-106.21774768,2488.9968000000003,11.70432,0.0,0.0,0.0
468.3,39.96206431,-106.21774766,2488.9968000000003,11.70432,0.0,0.0,0.0
468.4,39.96206434,-106.21774764,2488.9968000000003,11.70432,0.0,0.0,0.0
468.5,39.96206449,-106.21774764,2488.9968000000003,11.70432,0.0,0.0,0.0
468.6,39.96206457,-106.21774757,2488.9968000000003,11.70432,0.0,0.0,0.0
468.7,39.96206461,-106.21774745,2488.9968000000003,11.61288,0.0,0.0,0.0
468.8,39.96206465,-106.21774736,2488.9968000000003,11.70432,0.0,0.0,0.0
468.9,39.96206465,-106.21774717,2488.9968000000003,11.70432,0.0,0.0,0.0
469.1,39.96206479,-106.21774692,2488.9968000000003,11.70432,0.0,0.0,90.0
469.2,39.96206489,-106.21774678,2489.3016,11.79576,0.0,0.0,45.0
469.4,39.962065,-106.2177464,2488.9968000000003,11.70432,0.0,0.0,45.0
469.5,39.96206512,-106.2177463,2488.9968000000003,11.70432,0.0,0.0,0.0
469.6,39.96206524,-106.21774622,2488.9968000000003,11.70432,0.0,0.0,0.0
469.7,39.96206538,-106.21774614,2488.9968000000003,11.70432,0.0,0.0,0.0
469.9,39.96206567,-106.21774605,2488.9968000000003,11.70432,0.0,0.0,0.0
470.0,39.96206574,-106.21774604,2488.9968000000003,11.70432,0.0,0.0,0.0
470.1,39.96206575,-106.21774602,2488.9968000000003,11.70432,0.0,0.0,0.0
470.2,39.96206563,-106.21774602,2488.9968000000003,11.70432,0.0,0.0,0.0
470.3,39.96206565,-106.21774603,2488.9968000000003,11.61288,0.0,0.0,0.0
470.4,39.96206566,-106.21774606,2488.9968000000003,11.61288,0.0,0.0,0.0
470.5,39.96206563,-106.21774612,2488.9968000000003,11.61288,0.0,0.0,0.0
470.6,39.96206549,-106.21774627,2488.9968000000003,11.61288,0.0,0.0,0.0
470.7,39.96206541,-106.21774634,2488.9968000000003,11.61288,0.0,0.0,0.0
470.8,39.96206532,-106.21774643,2488.9968000000003,11.61288,0.0,0.0,270.0
470.9,39.96206525,-106.21774654,2488.9968000000003,11.61288,0.0,0.0,0.0
471.0,39.96206509,-106.21774658,2488.9968000000003,11.61288,0.0,0.0,0.0
471.1,39.96206502,-106.21774664,2488.9968000000003,11.61288,0.0,0.0,0.0
471.2,39.96206498,-106.21774666,2488.9968000000003,11.61288,0.0,0.0,0.0
471.3,39.96206491,-106.21774665,2488.9968000000003,11.61288,0.0,0.0,0.0
471.4,39.96206486,-106.21774661,2488.9968000000003,11.61288,0.0,0.0,0.0
471.5,39.96206477,-106.21774643,2488.9968000000003,11.61288,0.0,0.0,90.0
471.6,39.96206478,-106.21774633,2488.9968000000003,11.61288,0.0,0.0,90.0
471.7,39.96206475,-106.21774614,2488.9968000000003,11.61288,0.0,0.0,90.0
471.8,39.96206474,-106.21774599,2488.9968000000003,11.61288,0.0,0.0,90.0
471.9,39.96206468,-106.21774568,2488.9968000000003,11.49096,0.0,0.0,0.0
472.0,39.96206468,-106.21774559,2488.9968000000003,11.49096,0.0,0.0,0.0
472.1,39.96206468,-106.21774552,2488.9968000000003,11.49096,0.0,0.0,0.0
472.2,39.96206467,-106.21774548,2488.9968000000003,11.49096,0.0,0.0,0.0
472.3,39.96206465,-106.21774551,2488.9968000000003,11.61288,0.0,0.0,0.0
472.4,39.96206466,-106.2177455,2488.9968000000003,11.49096,0.0,0.0,0.0
472.5,39.96206463,-106.21774544,2488.9968000000003,11.61288,0.0,0.0,0.0
472.6,39.96206462,-106.21774539,2488.9968000000003,11.61288,0.0,0.0,0.0
472.7,39.96206465,-106.21774528,2488.9968000000003,11.49096,0.0,0.0,0.0
472.8,39.96206468,-106.21774526,2488.9968000000003,11.49096,0.0,0.0,0.0
472.9,39.96206463,-106.21774522,2488.9968000000003,11.49096,0.0,0.0,0.0
473.0,39.96206459,-106.21774521,2488.9968000000003,11.49096,0.0,0.0,0.0
473.1,39.96206444,-106.21774527,2488.9968000000003,11.49096,0.0,0.0,0.0
473.2,39.96206442,-106.21774529,2488.9968000000003,11.49096,0.0,0.0,0.0
473.3,39.9620644,-106.2177453,2488.9968000000003,11.49096,0.0,-0.089408,0.0
473.4,39.96206439,-106.21774529,2488.9968000000003,11.49096,0.0,0.0,0.0
473.5,39.96206439,-106.21774526,2488.9968000000003,11.61288,0.0,0.0,0.0
473.6,39.96206441,-106.21774513,2488.9968000000003,11.49096,0.0,0.0,0.0
473.7,39.96206438,-106.21774514,2488.9968000000003,11.49096,0.0,0.0,0.0
473.8,39.96206436,-106.21774513,2488.9968000000003,11.49096,0.0,0.0,0.0
473.9,39.96206439,-106.2177451,2488.9968000000003,11.49096,0.0,0.0,0.0
474.0,39.96206438,-106.21774496,2488.9968000000003,11.49096,0.0,0.0,0.0
474.1,39.96206441,-106.21774495,2488.9968000000003,11.49096,0.0,0.0,0.0
474.3,39.96206453,-106.21774486,2488.9968000000003,11.49096,0.0,0.0,0.0
474.4,39.96206461,-106.21774479,2488.9968000000003,11.49096,0.0,0.0,0.0
474.5,39.96206474,-106.21774471,2488.9968000000003,11.49096,0.0,0.0,0.0
474.6,39.96206484,-106.21774466,2488.9968000000003,11.49096,0.0,0.0,0.0
474.7,39.96206492,-106.21774469,2488.9968000000003,11.49096,0.0,0.0,0.0
474.8,39.96206497,-106.21774472,2488.9968000000003,11.49096,0.0,0.0,0.0
474.9,39.96206494,-106.21774479,2488.9968000000003,11.49096,0.0,0.0,0.0
475.0,39.96206493,-106.21774484,2488.9968000000003,11.49096,0.0,0.0,0.0
475.1,39.9620649,-106.21774488,2488.9968000000003,11.49096,0.0,0.0,0.0
475.2,39.96206486,-106.21774489,2488.9968000000003,11.49096,0.0,0.0,0.0
475.3,39.96206465,-106.2177448,2488.9968000000003,11.49096,0.0,0.0,0.0
475.4,39.96206461,-106.21774477,2488.9968000000003,11.49096,0.0,0.0,0.0
475.5,39.96206458,-106.21774472,2488.9968000000003,11.49096,0.0,0.0,0.0
475.6,39.96206456,-106.21774467,2488.9968000000003,11.49096,0.0,0.0,0.0
475.7,39.96206446,-106.2177445,2488.9968000000003,11.49096,0.0,0.0,0.0
475.8,39.96206443,-106.21774444,2488.9968000000003,11.61288,0.0,0.0,0.0
475.9,39.9620644,-106.21774435,2488.9968000000003,11.61288,0.0,0.0,0.0
476.0,39.9620644,-106.21774427,2488.9968000000003,11.61288,0.0,0.0,0.0
476.1,39.96206433,-106.2177441,2488.9968000000003,11.49096,0.0,0.0,0.0
476.2,39.96206434,-106.21774406,2488.9968000000003,11.49096,0.0,0.0,0.0
476.3,39.96206435,-106.21774406,2488.9968000000003,11.61288,0.0,0.0,0.0
476.4,39.96206437,-106.21774409,2488.9968000000003,11.61288,0.0,0.0,0.0
476.5,39.96206444,-106.21774417,2488.9968000000003,11.61288,0.0,0.0,0.0
476.6,39.96206448,-106.21774431,2488.9968000000003,11.61288,0.0,0.0,270.0
476.7,39.96206454,-106.21774441,2488.9968000000003,11.49096,0.0,0.0,270.0
476.8,39.96206461,-106.21774454,2488.9968000000003,11.49096,0.0,0.0,270.0
476.9,39.96206468,-106.21774465,2488.9968000000003,11.61288,0.0,0.0,270.0
477.1,39.96206485,-106.21774477,2488.9968000000003,11.61288,0.0,0.0,0.0
477.2,39.96206491,-106.21774481,2488.9968000000003,11.61288,0.0,0.0,0.0
477.3,39.96206491,-106.21774484,2488.9968000000003,11.61288,0.0,0.0,0.0
477.4,39.96206481,-106.2177447,2488.9968000000003,11.61288,0.0,0.0,0.0
477.5,39.96206483,-106.21774476,2488.9968000000003,11.61288,0.0,0.0,0.0
477.6,39.96206484,-106.21774482,2488.9968000000003,11.61288,0.0,0.0,0.0
477.7,39.96206487,-106.21774487,2488.9968000000003,11.61288,0.0,0.0,0.0
477.8,39.96206487,-106.21774492,2488.9968000000003,11.61288,0.0,0.0,0.0
477.9,39.96206486,-106.21774501,2488.9968000000003,11.61288,0.0,0.0,270.0
478.0,39.96206486,-106.21774509,2488.9968000000003,11.61288,0.0,0.0,270.0
478.1,39.96206484,-106.21774524,2488.9968000000003,11.61288,0.0,0.0,270.0
478.2,39.9620647,-106.21774549,2488.9968000000003,11.61288,0.0,0.0,270.0
478.3,39.96206467,-106.21774561,2488.9968000000003,11.61288,0.491744,0.0,0.0
478.4,39.96206463,-106.21774569,2488.9968000000003,11.61288,0.0,0.0,0.0
478.5,39.96206459,-106.21774573,2488.9968000000003,11.61288,0.0,0.0,0.0
478.7,39.96206455,-106.21774568,2488.9968000000003,11.61288,0.0,0.0,0.0
478.8,39.96206457,-106.21774565,2488.9968000000003,11.61288,0.0,0.0,0.0
478.9,39.9620646,-106.21774559,2488.9968000000003,11.61288,0.0,0.0,0.0
479.0,39.96206463,-106.21774556,2488.9968000000003,11.49096,0.0,0.0,0.0
479.1,39.96206459,-106.21774548,2488.9968000000003,11.61288,0.0,0.0,0.0
479.2,39.96206464,-106.21774551,2488.9968000000003,11.61288,0.0,-0.089408,0.0
479.3,39.96206472,-106.21774559,2488.9968000000003,11.61288,0.0,-0.089408,0.0
479.4,39.96206481,-106.21774569,2488.9968000000003,11.61288,0.0,0.0,0.0
479.5,39.96206487,-106.21774589,2488.9968000000003,11.61288,0.0,0.0,270.0
479.6,39.96206494,-106.21774601,2488.9968000000003,11.70432,0.0,0.0,270.0
479.7,39.96206503,-106.21774617,2488.9968000000003,11.70432,0.0,0.0,270.0
479.8,39.9620651,-106.21774631,2488.9968000000003,11.70432,0.0,0.0,270.0
479.9,39.96206516,-106.21774658,2488.9968000000003,11.70432,0.0,0.0,0.0
480.0,39.9620652,-106.21774672,2488.9968000000003,11.70432,0.0,0.0,0.0
480.1,39.96206522,-106.21774684,2488.9968000000003,11.70432,0.0,0.0,0.0
480.2,39.96206522,-106.21774694,2488.9968000000003,11.70432,0.0,-0.312928,0.0
480.3,39.96206518,-106.21774701,2488.9968000000003,11.70432,0.0,-0.581152,0.0
480.4,39.96206498,-106.21774699,2489.3016,11.79576,0.0,-0.983488,180.0
480.5,39.96206486,-106.21774703,2489.3016,11.8872,0.491744,-1.385824,180.0
480.6,39.96206475,-106.21774705,2489.6064,12.100560000000002,0.0,-1.922272,180.0
480.7,39.9620646,-106.21774702,2489.6064,12.31392,0.0,-2.279904,180.0
480.8,39.96206433,-106.21774687,2489.9112,12.58824,0.0,-2.68224,90.0
480.9,39.96206424,-106.2177467,2490.5208,13.014960000000002,0.0,-3.218688,90.0
481.0,39.9620642,-106.21774654,2490.8256,13.289280000000002,0.0,-3.621024,90.0
481.2,39.96206419,-106.21774605,2491.74,14.20368,0.312928,-4.202176,0.0
481.3,39.96206428,-106.21774601,2492.0448,14.69136,0.0,-4.291583999999999,0.0
481.4,39.96206439,-106.21774604,2492.6544000000004,15.0876,0.0,-4.380992,270.0
481.5,39.96206454,-106.21774617,2492.9592,15.605760000000002,0.0,-4.69392,270.0
481.6,39.96206468,-106.21774632,2493.5688,16.002000000000002,0.0,-4.783328,270.0
481.7,39.96206493,-106.21774653,2493.8736000000004,16.48968,0.0,-4.783328,270.0
481.8,39.96206507,-106.21774666,2494.4832,17.00784,0.0,-4.91744,270.0
481.9,39.96206517,-106.21774676,2494.788,17.49552,0.0,-4.783328,0.0
482.0,39.96206523,-106.21774682,2495.3976,18.01368,0.0,-4.604512000000001,0.0
482.1,39.9620652,-106.21774683,2495.7024,18.40992,0.0,-4.112768,0.0
482.2,39.96206526,-106.21774686,2496.3120000000004,18.80616,0.0,-3.710432,0.0
482.3,39.96206529,-106.21774688,2496.6168,19.11096,0.0,-3.218688,0.0
482.4,39.96206534,-106.21774687,2496.9216,19.38528,0.0,-2.816352,0.0
482.5,39.96206538,-106.21774677,2497.2264,19.69008,0.0,-2.190496,0.0
482.6,39.96206552,-106.21774678,2497.2264,19.90344,0.0,-1.78816,0.0
482.7,39.96206577,-106.21774685,2497.5312,19.99488,0.0,-1.207008,344.05460409907715
482.8,39.9620661,-106.217747,2497.5312,20.086320000000004,0.0,-0.804672,335.55604521958344
482.9,39.96206664,-106.21774724,2497.5312,20.086320000000004,0.0,-0.402336,336.3706222693432
483.0,39.96206726,-106.21774765,2497.5312,20.20824,0.804672,-0.22352,335.77225468204585
483.1,39.96206824,-106.2177484,2497.5312,20.20824,0.938784,0.0,334.29004621918875
483.2,39.96206933,-106.21774921,2497.5312,20.20824,1.34112,0.0,332.7004277886672
483.3,39.96207097,-106.21775035,2497.5312,20.20824,1.6987519999999998,0.0,334.6538240580533
483.4,39.96207242,-106.21775133,2497.5312,20.20824,1.966976,0.0,336.0375110254218
483.5,39.96207438,-106.21775262,2497.5312,20.20824,2.101088,0.0,335.8208928533108
483.6,39.96207626,-106.21775385,2497.5312,20.20824,2.369312,0.0,334.25929164376714
483.7,39.96207874,-106.21775542,2497.5312,20.20824,2.68224,0.0,335.2825590889166
483.8,39.96208149,-106.21775696,2497.5312,20.20824,3.218688,0.0,335.1706534118504
483.9,39.96208436,-106.2177589,2497.5312,20.20824,3.442208,0.0,333.434948822922
484.0,39.96208708,-106.21776084,2497.5312,20.20824,3.486912,0.0,330.49927537650086
484.1,39.96209036,-106.21776329,2497.836,20.29968,3.79984,0.0,328.9283419391537
484.2,39.9620936,-106.21776576,2497.836,20.29968,4.157472,0.0,327.80426606528675
484.3,39.96209695,-106.2177687,2497.836,20.29968,4.291583999999999,0.0,325.0543355999944
484.4,39.96210005,-106.21777165,2497.836,20.29968,4.336288,0.0,322.59464336859145
484.5,39.96210381,-106.21777545,2497.836,20.29968,4.783328,0.0,319.7334383305755
484.6,39.96210722,-106.21777922,2497.836,20.29968,5.096256,0.0,318.1995397095626
484.7,39.96211072,-106.21778355,2497.836,20.29968,5.14096,0.0,315.0
484.8,39.96211385,-106.21778771,2497.836,20.29968,5.14096,0.0,313.6521127198014
484.9,39.96211736,-106.21779288,2497.836,20.29968,5.409184,0.0,311.4438189057449
485.0,39.9621204,-106.21779763,2497.836,20.29968,5.588,0.0,309.41275603579567
485.1,39.96212384,-106.21780393,2497.836,20.391120000000004,5.945632,0.0,307.8007663616323
485.2,39.96212715,-106.21780961,2497.836,20.29968,6.347968,0.0,306.54108759982944
485.3,39.96213059,-106.21781574,2497.836,20.29968,6.25856,-0.089408,305.5376777919744
485.4,39.96213386,-106.21782188,2497.836,20.29968,6.437376,0.0,304.64667995607056
485.5,39.96213705,-106.21782826,2497.836,20.29968,6.437376,0.0,302.55666579210674
485.6,39.96214054,-106.2178355,2497.836,20.391120000000004,6.884416,-0.22352,301.4462359022683
485.7,39.96214409,-106.21784327,2497.836,20.391120000000004,7.510272,-0.581152,299.7874171313795
485.8,39.96214725,-106.21785051,2497.836,20.51304,7.420864000000001,-0.89408,298.95721759878825
485.9,39.96215067,-106.21785849,2498.1408,20.60448,7.465567999999999,-1.207008,297.863725496424
486.0,39.96215386,-106.21786644,2498.1408,20.695920000000005,7.733792,-1.519936,296.4242755893189
486.1,39.96215742,-106.21787574,2498.4456,20.90928,8.27024,-1.78816,296.2915650464112
486.2,39.96216067,-106.21788444,2498.4456,21.092160000000003,8.538464000000001,-1.922272,295.76001123750814
486.3,39.96216417,-106.21789411,2498.7504,21.396960000000004,8.672576,-1.6987519999999998,295.76001123750814
486.4,39.96216736,-106.21790272,2499.0552,21.4884,8.627872,-1.296416,295.3743172852206
486.5,39.96217107,-106.21791261,2499.0552,21.61032,8.761984,-0.983488,295.65152846505254
486.6,39.96217461,-106.21792202,2499.0552,21.701760000000004,9.16432,-0.715264,295.65152846505254
486.7,39.96217825,-106.21793142,2499.0552,21.701760000000004,8.9408,-0.402336,295.92130546290264
486.8,39.9621822,-106.21794104,2499.0552,21.701760000000004,9.119616,-0.312928,296.4382908097503
486.9,39.9621858,-106.21795024,2499.36,21.7932,9.074912,-0.22352,296.69015093355256
487.0,39.96218946,-106.21795955,2499.36,21.7932,8.851392,-0.089408,296.81095430034867
487.1,39.9621936,-106.21797004,2499.36,21.7932,9.477248,0.0,297.05059700708614
487.2,39.96219754,-106.21797928,2499.36,21.7932,9.521952,0.0,296.8057883297998
487.3,39.96220147,-106.21798926,2499.36,21.7932,9.298432,0.0,296.68246039698704
487.4,39.96220542,-106.21799933,2499.36,21.7932,9.61136,0.0,297.14377674268576
487.5,39.96220954,-106.21800971,2499.36,21.7932,9.83488,0.0,296.9095106313078
487.6,39.96221371,-106.21801959,2499.0552,21.701760000000004,9.790176,0.0,297.1323175869359
487.8,39.96222249,-106.21804191,2499.0552,21.701760000000004,10.326624,0.0,297.2351466993025
487.9,39.96222695,-106.21805305,2499.0552,21.701760000000004,10.684256,0.0,298.10135130596177
488.0,39.96223109,-106.21806329,2499.0552,21.701760000000004,10.28192,0.0,297.87195252640333
488.1,39.96223614,-106.21807577,2499.0552,21.701760000000004,10.95248,0.0,298.07248693585296
488.2,39.96224074,-106.21808704,2499.0552,21.701760000000004,11.488928,0.0,298.1561914482726
488.3,39.96224529,-106.21809794,2499.0552,21.701760000000004,10.72896,0.0,298.3484095777349
488.4,39.96224988,-106.2181089,2499.0552,21.61032,10.594848,0.0,298.1272760939204
488.5,39.96225469,-106.21812006,2499.0552,21.701760000000004,10.773664,0.0,298.73979529168804
488.6,39.96225906,-106.21813045,2499.0552,21.61032,10.50544,0.0,298.5923738775782
488.7,39.96226424,-106.21814281,2499.0552,21.61032,11.041888,0.0,298.3769671862278
488.8,39.9622688,-106.21815363,2499.0552,21.61032,11.265408,0.0,298.5571447500444
488.9,39.96227455,-106.21816706,2499.0552,21.701760000000004,11.801856,0.0,298.34569362307667
489.0,39.96227935,-106.21817848,2499.0552,21.701760000000004,12.114784,0.0,298.137096492943
489.1,39.96228471,-106.21819135,2499.0552,21.61032,11.801856,0.0,298.2126987971509
489.2,39.9622898,-106.21820356,2499.0552,21.61032,12.159488,-0.22352,298.00917670801385
489.3,39.96229508,-106.21821661,2499.0552,21.61032,12.204192,-0.402336,298.52311860631204
489.4,39.96229967,-106.21822759,2499.0552,21.701760000000004,11.62304,-0.491744,298.5571447500444
489.5,39.96230465,-106.21823941,2499.0552,21.701760000000004,11.086592,-0.491744,298.92115143781723
489.6,39.96230946,-106.21825083,2499.0552,21.701760000000004,11.310112,-0.402336,298.9154243416267
489.7,39.96231327,-106.21826006,2499.36,21.7932,10.013696,-0.312928,298.93222970268846
489.8,39.96231745,-106.21827003,2499.36,21.7932,9.298432,-0.22352,298.9264258352536
489.9,39.96232204,-106.21828077,2499.36,21.7932,10.0584,-0.089408,298.16990103215
490.0,39.96232592,-106.21828999,2499.36,21.7932,9.745472,-0.089408,297.7315461250772
490.1,39.96232931,-106.2182989,2499.36,21.7932,8.71728,0.0,297.65887110502734
490.2,39.96233248,-106.21830674,2499.36,21.7932,8.002016,0.0,297.5651253052007
490.3,39.9623362,-106.21831578,2499.36,21.7932,8.180832,0.089408,297.7432044720063
490.4,39.9623393,-106.21832328,2499.36,21.7932,8.002016,0.089408,298.3690462932786
490.5,39.96234253,-106.21833111,2499.36,21.7932,7.420864000000001,0.089408,298.3690462932786
490.6,39.96234544,-106.2183387,2499.36,21.7932,7.420864000000001,0.089408,299.28417954854314
490.7,39.96234884,-106.21834661,2499.36,21.7932,7.465567999999999,0.089408,299.7874171313795
490.8,39.9623521,-106.21835408,2499.0552,21.701760000000004,7.554975999999999,0.089408,300.3791260113683
490.9,39.9623556,-106.21836193,2499.0552,21.701760000000004,7.554975999999999,0.0,300.3791260113683
491.0,39.96235896,-106.21836949,2499.0552,21.701760000000004,7.59968,0.0,300.7274866155997
491.1,39.96236251,-106.21837743,2499.0552,21.701760000000004,7.644384,0.0,300.1317186415018
491.2,39.962366,-106.21838523,2499.0552,21.701760000000004,7.778496,-0.089408,299.8759926916894
491.3,39.96236935,-106.21839265,2499.0552,21.701760000000004,7.554975999999999,-0.089408,300.2032377549426
491.4,39.96237239,-106.21839961,2499.0552,21.701760000000004,7.1079360000000005,-0.22352,300.62553271869467
491.5,39.96237555,-106.21840656,2499.0552,21.701760000000004,6.8397120000000005,-0.089408,300.0101376403182
491.6,39.96237811,-106.21841219,2499.36,21.7932,6.213856,-0.089408,299.80094368561925
491.7,39.9623807,-106.21841805,2499.0552,21.701760000000004,5.677408,-0.089408,299.866916851513
491.8,39.96238294,-106.21842314,2499.36,21.7932,5.409184,-0.089408,299.0016994238881
491.9,39.96238479,-106.21842758,2499.36,21.7932,4.649216,0.0,299.5213618345816
492.0,39.96238646,-106.21843137,2499.36,21.7932,4.02336,0.0,299.50072462349914
492.1,39.9623883,-106.21843553,2499.36,21.7932,3.933952,0.0,300.8465874121486
492.2,39.96238996,-106.21843918,2499.0552,21.701760000000004,3.844544,0.089408,300.8465874121486
492.3,39.96239143,-106.21844279,2499.0552,21.701760000000004,3.531616,0.089408,300.6299984848207
492.4,39.96239311,-106.21844646,2499.0552,21.701760000000004,3.531616,0.089408,301.0716580608463
492.5,39.96239522,-106.21845111,2499.0552,21.701760000000004,4.157472,0.089408,300.9637565320735
492.6,39.96239716,-106.21845533,2499.0552,21.701760000000004,4.336288,0.0,301.8907918018457
492.8,39.96240222,-106.21846632,2499.0552,21.701760000000004,5.051552,0.0,301.476839349584
492.9,39.96240468,-106.21847154,2499.0552,21.701760000000004,5.36448,0.0,301.4520610119995
493.0,39.96240722,-106.2184769,2499.0552,21.701760000000004,5.319776,0.0,301.7594800848128
493.1,39.96241027,-106.21848317,2499.0552,21.701760000000004,5.81152,0.0,301.7594800848128
493.2,39.96241306,-106.21848901,2499.36,21.7932,6.124447999999999,-0.089408,301.7594800848128
493.3,39.96241587,-106.21849484,2499.36,21.7932,5.856224,-0.089408,301.7594800848128
493.4,39.96241832,-106.21849996,2499.36,21.7932,5.498592,-0.089408,300.7128277151589
493.5,39.96242082,-106.21850537,2499.36,21.91512,5.275072000000001,-0.089408,301.32869286780414
493.6,39.96242319,-106.21851044,2499.36,21.91512,5.230368,-0.22352,301.5689711293183
493.7,39.96242521,-106.21851459,2499.36,22.00656,4.604512000000001,-0.491744,301.9306821037178
493.8,39.96242677,-106.21851782,2499.6648,22.098000000000003,3.755136,-0.89408,299.8590161649231
493.9,39.9624279,-106.21852037,2499.6648,22.18944,2.90576,-1.296416,297.75854060106
494.0,39.96242812,-106.21852088,2499.6648,22.31136,1.56464,-1.6987519999999998,289.7988763545249
494.1,39.96242825,-106.21852167,2499.9696,22.49424,0.491744,-2.101088,270.0
494.2,39.96242812,-106.21852185,2500.2744,22.79904,0.0,-2.503424,180.0
494.3,39.96242792,-106.21852185,2500.5792,23.10384,0.0,-2.68224,180.0
494.4,39.96242676,-106.21852094,2500.884,23.50008,0.938784,-2.68224,180.0
494.5,39.96242634,-106.21852079,2501.1888,23.71344,0.938784,-2.414016,225.0
494.6,39.96242605,-106.21852069,2501.1888,23.896320000000003,0.0,-2.01168,225.0
494.7,39.96242591,-106.21852071,2501.4936,24.201120000000003,0.0,-1.609344,270.0
494.8,39.96242587,-106.21852081,2501.7984,24.29256,0.0,-1.207008,270.0
494.9,39.96242606,-106.2185213,2501.7984,24.41448,0.0,-0.804672,270.0
495.0,39.96242623,-106.21852169,2501.7984,24.505920000000003,0.491744,-0.491744,270.0
495.1,39.96242638,-106.21852195,2501.7984,24.505920000000003,0.0,-0.22352,270.0
495.2,39.96242691,-106.21852267,2501.7984,24.505920000000003,0.491744,-0.089408,0.0
495.3,39.96242698,-106.21852274,2501.7984,24.505920000000003,0.491744,0.0,0.0
495.4,39.96242701,-106.21852271,2501.7984,24.505920000000003,0.0,0.0,90.0
495.5,39.96242701,-106.21852248,2501.7984,24.505920000000003,0.0,0.0,90.0
495.6,39.96242695,-106.21852221,2501.7984,24.505920000000003,0.0,0.0,105.94539590092285
495.7,39.96242668,-106.21852181,2501.7984,24.505920000000003,0.491744,0.0,90.0
495.9,39.96242633,-106.21852097,2501.7984,24.41448,0.44704,0.0,90.0
496.0,39.96242624,-106.21852054,2501.7984,24.505920000000003,0.44704,0.0,90.0
496.1,39.96242621,-106.21851989,2501.7984,24.41448,0.67056,0.0,90.0
496.2,39.96242623,-106.21851951,2501.7984,24.41448,0.0,0.0,90.0
496.3,39.96242628,-106.21851919,2501.7984,24.505920000000003,0.491744,0.0,90.0
496.4,39.96242633,-106.21851888,2501.7984,24.505920000000003,0.0,0.0,74.05460409907715
496.5,39.96242654,-106.2185184,2501.7984,24.505920000000003,0.491744,0.0,90.0
496.6,39.9624266,-106.21851803,2501.7984,24.505920000000003,0.67056,0.0,90.0
496.7,39.96242659,-106.21851762,2501.7984,24.505920000000003,0.0,0.0,90.0
496.8,39.96242658,-106.21851726,2502.1032,24.59736,0.491744,0.0,90.0
496.9,39.96242648,-106.21851665,2502.1032,24.59736,0.0,0.0,90.0
497.0,39.96242648,-106.21851631,2501.7984,24.505920000000003,0.0,0.0,90.0
497.1,39.96242645,-106.21851596,2501.7984,24.505920000000003,0.491744,0.0,90.0
497.2,39.96242643,-106.21851566,2502.1032,24.59736,0.491744,0.0,90.0
497.3,39.96242641,-106.21851539,2502.1032,24.59736,0.0,0.0,90.0
497.4,39.96242625,-106.21851515,2502.1032,24.59736,0.0,0.0,90.0
497.5,39.96242626,-106.21851487,2502.1032,24.59736,0.0,0.0,90.0
497.6,39.96242628,-106.21851464,2502.1032,24.59736,0.0,0.0,90.0
497.7,39.96242634,-106.21851437,2502.1032,24.59736,0.0,0.0,90.0
497.8,39.96242647,-106.21851409,2502.1032,24.59736,0.0,0.0,90.0
497.9,39.96242654,-106.21851379,2502.1032,24.59736,0.0,0.0,90.0
498.0,39.96242659,-106.21851355,2501.7984,24.505920000000003,0.0,0.089408,90.0
498.1,39.96242661,-106.21851329,2502.1032,24.59736,0.0,0.089408,90.0
498.2,39.96242667,-106.21851282,2501.7984,24.505920000000003,0.0,0.089408,90.0
498.3,39.96242669,-106.2185126,2502.1032,24.59736,0.67056,0.0,90.0
498.4,39.9624267,-106.2185124,2501.7984,24.505920000000003,0.0,0.0,90.0
498.5,39.96242669,-106.21851219,2502.1032,24.59736,0.0,0.0,90.0
498.6,39.9624267,-106.21851203,2502.1032,24.59736,0.0,0.0,90.0
498.7,39.96242665,-106.2185117,2502.1032,24.59736,0.0,0.0,90.0
498.8,39.96242668,-106.21851156,2502.1032,24.59736,0.0,0.0,90.0
498.9,39.96242671,-106.21851145,2502.1032,24.59736,0.0,0.0,90.0
499.0,39.96242676,-106.21851133,2502.1032,24.59736,0.0,0.0,90.0
499.1,39.96242682,-106.21851106,2502.1032,24.59736,0.0,0.0,45.0
499.2,39.96242691,-106.21851091,2502.1032,24.59736,0.0,0.0,0.0
499.3,39.96242696,-106.2185108,2502.1032,24.59736,0.0,0.0,0.0
499.4,39.96242702,-106.21851073,2502.1032,24.59736,0.0,0.0,0.0
499.5,39.96242696,-106.2185106,2502.1032,24.59736,0.0,0.0,0.0
499.6,39.96242703,-106.21851062,2502.1032,24.59736,0.0,0.0,0.0
499.7,39.96242709,-106.21851059,2501.7984,24.505920000000003,0.0,0.0,0.0
499.8,39.96242713,-106.21851056,2501.7984,24.505920000000003,0.0,0.0,0.0
499.9,39.96242707,-106.21851038,2501.7984,24.505920000000003,0.0,0.0,0.0
500.0,39.96242701,-106.21851032,2501.7984,24.505920000000003,0.0,0.0,135.0
500.1,39.96242674,-106.21851009,2501.7984,24.505920000000003,0.0,0.0,144.46232220802565
500.2,39.96242626,-106.2185097,2501.7984,24.505920000000003,0.67056,0.089408,145.30484646876602
500.3,39.96242527,-106.21850882,2501.7984,24.505920000000003,0.938784,0.089408,152.52556837372288
500.4,39.96242424,-106.21850805,2501.7984,24.505920000000003,1.34112,0.089408,152.10272896905235
500.5,39.96242254,-106.2185069,2501.7984,24.505920000000003,1.6987519999999998,0.089408,156.03751102542185
500.6,39.96242072,-106.21850577,2501.7984,24.505920000000003,2.2352,0.0,156.66595872329026
500.7,39.96241814,-106.21850432,2501.7984,24.505920000000003,2.6375360000000003,0.0,157.38013505195954
500.8,39.96241481,-106.2185026,2501.7984,24.505920000000003,3.531616,0.0,160.08359400619088
500.9,39.9624118,-106.2185012,2501.7984,24.505920000000003,3.79984,0.0,160.90650799951436
501.0,39.96240829,-106.21849963,2501.7984,24.505920000000003,3.844544,0.0,161.56505117707798
501.1,39.96240442,-106.218498,2501.7984,24.505920000000003,4.336288,0.0,162.85444908113823
501.2,39.96239982,-106.21849659,2501.7984,24.505920000000003,4.91744,0.0,163.2497354949743
501.3,39.96239531,-106.21849491,2502.1032,24.59736,5.230368,0.0,164.52867183447984
501.4,39.96239095,-106.21849334,2502.1032,24.59736,5.096256,0.0,164.0546040990771
501.5,39.96238578,-106.21849155,2502.1032,24.59736,5.498592,0.0,165.12431799836122
501.6,39.96238037,-106.2184902,2502.1032,24.59736,5.990336,0.0,164.9621840964178
501.7,39.96237443,-106.21848823,2502.1032,24.59736,6.48208,0.0,165.86952013758605
501.8,39.96236873,-106.21848637,2502.1032,24.59736,6.660896,0.0,165.78414652632648
501.9,39.96236234,-106.21848431,2502.1032,24.59736,6.92912,0.0,166.55879516290133
502.0,39.96235626,-106.21848238,2502.1032,24.59736,7.15264,0.0,166.4520610119995
502.1,39.96234859,-106.21848027,2502.1032,24.59736,7.8232,0.089408,167.12499844038757
502.2,39.96234181,-106.21847817,2502.1032,24.59736,8.225536,0.089408,166.77693234729873
502.3,39.96233363,-106.21847569,2501.7984,24.505920000000003,8.538464000000001,0.089408,166.6754687381092
502.4,39.96232633,-106.21847347,2501.7984,24.505920000000003,8.851392,0.0,166.71134586523794
502.5,39.96231782,-106.21847097,2501.7984,24.505920000000003,9.030208,0.0,167.14765693360914
502.6,39.96230955,-106.21846849,2501.7984,24.505920000000003,9.566656,0.0,167.55666579210674
502.7,39.96230015,-106.2184657,2501.7984,24.505920000000003,10.103104,0.0,167.3881148534009
502.8,39.96229181,-106.21846327,2501.7984,24.505920000000003,10.103104,0.0,167.87092380189722
502.9,39.96228177,-106.21846042,2501.7984,24.41448,10.460736,0.0,167.75547212975016
503.0,39.96227283,-106.21845788,2501.7984,24.41448,10.818368,0.0,168.19420769941098
503.1,39.96226208,-106.21845488,2501.7984,24.41448,11.176,0.0,168.5145832982414
503.2,39.96225205,-106.21845215,2501.7984,24.29256,11.801856,0.0,168.9021160749046
503.3,39.96224105,-106.21844949,2501.7984,24.29256,11.935968,0.0,168.5244732485769
503.4,39.962231,-106.21844689,2501.7984,24.29256,11.935968,0.0,168.8112000717482
503.5,39.96221901,-106.21844376,2501.7984,24.29256,12.472416,0.0,168.69006752597977
503.6,39.96220847,-106.21844097,2501.7984,24.29256,12.785344,0.0,168.5360469843074
503.7,39.96219591,-106.21843772,2501.4936,24.201120000000003,13.098272,0.0,168.42707235232172
503.8,39.9621848,-106.21843477,2501.4936,24.201120000000003,13.4112,0.0,168.1402208790521
503.9,39.96217138,-106.21843123,2501.4936,24.201120000000003,13.902944,0.0,168.40323247787194
504.0,39.96215968,-106.21842816,2501.4936,24.201120000000003,14.260576,0.0,168.54842188249802
504.1,39.96214594,-106.21842452,2501.4936,24.201120000000003,14.439391999999998,-0.089408,168.69006752597977
504.2,39.96213363,-106.21842122,2501.4936,24.201120000000003,14.797024,-0.089408,168.4477303266101
504.3,39.96212005,-106.21841758,2501.7984,24.29256,14.707616,-0.089408,168.58744832911782
504.4,39.96210815,-106.21841445,2501.4936,24.201120000000003,14.439391999999998,-0.089408,169.09497795476557
504.5,39.96209374,-106.21841078,2501.4936,24.201120000000003,14.886432,-0.089408,169.2236565651939
504.6,39.96208161,-106.21840776,2501.4936,24.201120000000003,15.020544,-0.089408,169.28687697720898
504.7,39.96206693,-106.21840413,2501.4936,24.201120000000003,15.154656,-0.089408,169.38034472384493
504.8,39.96205434,-106.21840105,2501.4936,24.201120000000003,15.42288,-0.089408,169.44176593974464
504.9,39.96203995,-106.21839757,2501.4936,24.201120000000003,15.244064,0.0,169.1769887737929
505.0,39.96202756,-106.21839459,2501.4936,24.201120000000003,15.154656,-0.089408,169.2387990592351
505.1,39.96201308,-106.21839114,2501.4936,24.201120000000003,15.19936,-0.089408,169.33021719550334
505.2,39.96200061,-106.21838811,2501.4936,24.201120000000003,15.244064,-0.089408,169.00979511965522
505.3,39.96198602,-106.21838441,2501.4936,24.201120000000003,15.333472,-0.089408,169.07160980739422
505.4,39.96197329,-106.21838112,2501.4936,24.201120000000003,15.467584,-0.22352,168.8164086211275
505.5,39.96195772,-106.21837712,2501.4936,24.201120000000003,16.048735999999998,-0.089408,168.34320683517728
505.6,39.96194441,-106.21837358,2501.7984,24.29256,16.361664,-0.22352,168.40782458970898
505.7,39.96192967,-106.21836959,2501.7984,24.29256,15.914624,-0.22352,168.09488947568047
505.8,39.96191561,-106.21836576,2501.7984,24.29256,16.361664,-0.089408,168.16043157810168
505.9,39.96189982,-106.21836133,2501.7984,24.29256,16.942816,-0.089408,168.25742153496049
506.0,39.96188655,-106.21835771,2501.7984,24.29256,16.495776,0.0,168.56631873457331
506.1,39.96187112,-106.21835361,2501.7984,24.29256,16.272256,0.0,168.56631873457331
506.2,39.96185714,-106.2183499,2501.7984,24.29256,16.674591999999997,0.0,168.56631873457331
506.3,39.96184253,-106.21834621,2501.7984,24.29256,16.227552,0.0,168.47173953720585
506.4,39.96182929,-106.21834269,2501.7984,24.29256,15.780511999999998,0.0,168.47173953720585
506.5,39.96181391,-106.2183386,2501.7984,24.29256,16.227552,0.0,168.47173953720585
506.6,39.96180073,-106.2183351,2501.7984,24.29256,16.182848,-0.089408,168.40782458970898
506.7,39.9617856,-106.2183312,2501.7984,24.29256,16.048735999999998,-0.089408,168.34320683517728
506.8,39.96177273,-106.21832779,2501.7984,24.41448,15.86992,-0.22352,168.69006752597977
506.9,39.96175824,-106.218324,2501.7984,24.29256,15.512288000000002,-0.22352,168.4620582369506
507.0,39.96174597,-106.21832082,2501.7984,24.29256,15.154656,-0.22352,168.4892653825268
507.1,39.96173164,-106.2183172,2501.7984,24.41448,15.065248,-0.22352,168.79405249259742
507.2,39.96171955,-106.21831405,2501.7984,24.41448,14.97584,-0.089408,168.4762782961027
507.3,39.96170646,-106.21831063,2501.7984,24.505920000000003,14.260576,-0.089408,168.61613752892788
507.4,39.96169456,-106.21830751,2501.7984,24.41448,14.171168,-0.089408,168.65194658715166
507.5,39.96168251,-106.21830432,2501.7984,24.505920000000003,13.590016,0.0,168.57078432667004
507.6,39.96167288,-106.21830188,2501.7984,24.41448,12.2936,0.0,168.19756579221644
507.7,39.9616627,-106.21829905,2501.7984,24.505920000000003,11.220704,0.0,168.0434157568509
507.8,39.96165412,-106.21829661,2501.7984,24.505920000000003,10.639552,0.0,167.61924307119284
507.9,39.96164359,-106.21829356,2501.7984,24.505920000000003,10.863072,0.0,167.75547212975016
508.0,39.96163467,-106.21829071,2501.7984,24.505920000000003,11.131296,0.0,167.76680579096364
508.1,39.96162481,-106.21828779,2501.7984,24.505920000000003,10.72896,0.0,167.04468071873418
508.2,39.96161635,-106.21828519,2502.1032,24.59736,10.460736,0.0,167.02589727076338
508.3,39.96160807,-106.21828251,2501.7984,24.505920000000003,9.566656,0.0,166.24496055400505
508.4,39.96160098,-106.21828009,2502.1032,24.59736,8.851392,0.0,165.44357567992574
508.5,39.96159356,-106.2182774,2502.1032,24.59736,8.359648,0.0,164.5454437848755
508.6,39.96158694,-106.21827487,2502.1032,24.59736,8.091424,0.0,163.53245320699727
508.7,39.96158024,-106.21827224,2502.1032,24.59736,7.733792,0.0,163.087893168209
508.8,39.96157495,-106.21826986,2502.1032,24.6888,7.018528,0.0,162.5745639596944
508.9,39.96156947,-106.2182676,2502.1032,24.59736,6.303264,0.089408,163.4651621426549
509.0,39.96156494,-106.21826573,2502.1032,24.59736,5.856224,0.0,162.75854060106008
509.1,39.96156018,-106.21826381,2502.1032,24.59736,5.409184,0.089408,163.55139187296015
509.2,39.96155628,-106.21826226,2502.1032,24.59736,5.051552,0.089408,163.97413255155027
509.3,39.96155258,-106.21826093,2501.7984,24.505920000000003,4.380992,0.089408,164.8047514731801
509.4,39.96154967,-106.21825978,2502.1032,24.59736,3.844544,0.089408,163.8355008477431
509.5,39.96154686,-106.21825865,2501.7984,24.505920000000003,3.308096,0.089408,162.75854060106008
509.6,39.96154486,-106.21825781,2501.7984,24.505920000000003,2.816352,0.089408,164.53878225955805
509.7,39.96154321,-106.21825728,2501.7984,24.505920000000003,2.101088,0.089408,163.0091767080139
509.8,39.96154199,-106.21825677,2502.1032,24.59736,1.654048,0.089408,161.56505117707798
509.9,39.96154091,-106.21825628,2502.1032,24.59736,1.34112,0.089408,162.64597536373867
510.0,39.96154041,-106.218256,2502.1032,24.59736,0.938784,0.089408,164.0546040990771
510.1,39.96154041,-106.21825588,2502.1032,24.59736,0.0,0.089408,90.0
510.2,39.96154055,-106.21825581,2502.1032,24.59736,0.0,0.0,0.0
510.3,39.96154081,-106.21825576,2502.1032,24.6888,0.0,0.0,0.0
510.4,39.96154112,-106.21825574,2502.1032,24.6888,0.0,0.0,0.0
510.5,39.96154143,-106.21825572,2502.1032,24.6888,0.0,0.0,0.0
510.6,39.96154165,-106.21825565,2502.1032,24.6888,0.0,0.0,0.0
510.7,39.96154189,-106.21825555,2502.1032,24.810720000000003,0.0,0.0,0.0
510.8,39.96154205,-106.21825542,2502.1032,24.810720000000003,0.491744,0.0,45.0
510.9,39.9615422,-106.2182552,2502.1032,24.810720000000003,0.0,0.089408,45.0
511.0,39.96154214,-106.2182546,2502.1032,24.810720000000003,0.67056,0.089408,12.528807709151522
511.1,39.96154267,-106.21825435,2502.1032,24.6888,0.491744,0.089408,7.125016348901795
511.2,39.96154344,-106.21825416,2502.1032,24.6888,0.67056,0.089408,0.0
511.3,39.96154451,-106.21825403,2502.1032,24.6888,0.938784,0.22352,0.0
511.4,39.96154562,-106.21825357,2502.1032,24.59736,1.162304,0.089408,0.0
511.5,39.96154774,-106.21825361,2502.1032,24.59736,1.78816,0.089408,357.75425743410494
511.6,39.96154983,-106.2182537,2502.1032,24.6888,2.324608,0.0,358.0908475670036
511.7,39.96155266,-106.21825387,2502.1032,24.6888,2.771648,0.0,358.3397176310172
511.8,39.96155547,-106.21825405,2502.1032,24.6888,3.12928,0.0,356.23596513509426
511.9,39.9615594,-106.21825427,2502.1032,24.6888,3.755136,0.0,356.5526131481348
512.0,39.96156296,-106.21825455,2502.1032,24.6888,4.157472,0.0,355.5526151499095
512.0999999999999,39.96156708,-106.21825498,2502.1032,24.6888,4.291583999999999,0.089408,354.6441749571448
512.1999999999999,39.96157127,-106.21825526,2502.1032,24.6888,4.649216,0.089408,355.0062560141766
512.3,39.96157556,-106.21825583,2502.1032,24.59736,4.738624,0.22352,355.32258214111823
512.4,39.96158016,-106.21825641,2502.1032,24.59736,4.962144,0.089408,355.6749395652615
512.5,39.96158559,-106.21825704,2501.7984,24.505920000000003,5.632704,0.089408,354.97092641821456
512.5999999999999,39.96159051,-106.21825762,2501.7984,24.505920000000003,5.766816,0.089408,355.30713749441014
512.6999999999999,39.9615966,-106.21825822,2501.7984,24.505920000000003,6.169152,0.0,354.73230287195577
512.8,39.96160228,-106.21825897,2501.7984,24.505920000000003,6.571488,0.0,353.8298249049704
512.9,39.96160854,-106.21825983,2501.7984,24.505920000000003,6.660896,0.0,354.06847307508025
513.0,39.96161439,-106.21826067,2501.7984,24.505920000000003,6.795007999999999,0.0,353.6207518323869
513.0999999999999,39.96162102,-106.2182615,2501.7984,24.505920000000003,6.973824,0.0,353.8844964337146
513.1999999999999,39.96162766,-106.21826255,2501.7984,24.41448,7.420864000000001,0.0,353.480198248343
513.3,39.96163513,-106.21826385,2501.7984,24.41448,7.912608,0.0,353.0698665033368
513.4,39.96164205,-106.2182651,2501.7984,24.41448,8.091424,0.0,352.3448329431671
513.5,39.96165037,-106.21826662,2501.7984,24.41448,8.538464000000001,0.0,351.4108735449305
513.5999999999999,39.9616576,-106.21826801,2501.7984,24.41448,8.71728,0.0,351.0572460515903
513.6999999999999,39.96166627,-106.21826979,2501.7984,24.41448,8.9408,0.0,351.35939358617605
513.8,39.96167444,-106.21827151,2501.7984,24.29256,9.477248,0.0,350.8033441083711
513.9,39.9616838,-106.21827355,2501.7984,24.29256,9.879584,0.0,351.095179009678
514.0,39.96169264,-106.21827539,2501.7984,24.29256,10.237215999999998,0.0,351.3691982114516
514.0999999999999,39.96170209,-106.21827729,2501.7984,24.29256,10.28192,0.0,351.51839420597065
514.1999999999999,39.96171122,-106.21827914,2501.7984,24.29256,10.460736,0.0,351.2168846438822
514.3,39.96172081,-106.21828109,2501.4936,24.201120000000003,10.550144,0.0,351.36286858492923
514.4,39.96172942,-106.21828268,2501.4936,24.201120000000003,10.237215999999998,0.0,351.0760115563686
514.5,39.96174018,-106.21828495,2501.4936,24.201120000000003,10.907775999999998,0.0,350.76444090683407
514.5999999999999,39.96174957,-106.21828694,2501.4936,24.201120000000003,11.354816,0.0,350.945338166751
514.6999999999999,39.96176068,-106.21828931,2501.4936,24.201120000000003,11.533632,0.0,350.4284043462433
514.8,39.9617706,-106.21829127,2501.4936,24.201120000000003,11.84656,0.0,350.6091634436065
514.9,39.96178139,-106.21829368,2501.4936,24.201120000000003,11.667744,0.0,350.32664456759653
515.0,39.96179182,-106.21829606,2501.4936,24.10968,11.980672,0.0,350.05301206344154
515.0999999999999,39.96180358,-106.21829876,2501.4936,24.10968,12.51712,0.0,349.8244891569568
515.1999999999999,39.96181435,-106.21830127,2501.4936,24.10968,12.74064,0.0,349.9684222676388
515.3,39.96182519,-106.21830378,2501.4936,24.201120000000003,12.204192,0.0,349.6771473157636
515.4,39.96183613,-106.2183064,2501.4936,24.10968,12.2936,0.0,349.1596945456694
515.5,39.9618476,-106.21830929,2501.4936,24.10968,12.695936,-0.089408,349.307787844716
515.5999999999999,39.96185865,-106.21831213,2501.4936,24.10968,12.74064,-0.089408,349.03360905565944
515.6999999999999,39.96187064,-106.21831534,2501.4936,24.201120000000003,13.053568,-0.089408,348.72793650890776
515.8,39.96188144,-106.21831822,2501.4936,24.10968,12.919455999999998,-0.089408,348.5034369824142
515.9,39.96189407,-106.21832161,2501.4936,24.201120000000003,13.277088,-0.089408,348.69006752597977
516.0,39.96190505,-106.21832462,2501.4936,24.201120000000003,13.4112,-0.089408,347.8534267223161
516.0999999999999,39.96191753,-106.218328,2501.4936,24.10968,13.321792,-0.089408,347.6887451199088
516.1999999999999,39.96193032,-106.21833164,2501.4936,24.201120000000003,14.349984,-0.089408,347.4123066183512
516.3,39.96194353,-106.21833547,2501.4936,24.201120000000003,14.797024,-0.089408,347.5681393717849
516.4,39.96195552,-106.21833896,2501.7984,24.29256,14.349984,-0.089408,347.6446401349165
516.5,39.96197026,-106.21834317,2501.7984,24.29256,15.19936,-0.089408,347.31961650818016
516.5999999999999,39.96198232,-106.21834667,2501.7984,24.29256,15.244064,-0.089408,347.3958527162381
516.6999999999999,39.96199578,-106.21835062,2501.7984,24.29256,14.5288,-0.22352,347.4711922908485
516.8,39.96200869,-106.21835439,2501.7984,24.29256,15.020544,-0.089408,347.65571912311
516.9,39.96202232,-106.21835815,2501.7984,24.41448,15.109951999999998,-0.089408,347.72804004619354
517.0,39.96203535,-106.21836188,2501.7984,24.29256,15.154656,-0.089408,347.4711922908485
517.0999999999999,39.96204946,-106.21836596,2501.7984,24.41448,15.467584,-0.089408,347.4711922908485
517.1999999999999,39.96206171,-106.21836952,2501.7984,24.41448,15.020544,-0.089408,347.25471052686714
517.3,39.96207629,-106.21837368,2501.7984,24.41448,15.288768,0.0,347.32768406367643
517.4,39.96208898,-106.21837745,2501.7984,24.29256,15.512288000000002,0.0,347.0053832080835
517.5,39.96210276,-106.21838162,2501.7984,24.29256,15.109951999999998,0.0,347.0053832080835
517.5999999999999,39.96211608,-106.21838572,2501.7984,24.29256,15.467584,-0.089408,346.5999083722691
517.6999999999999,39.96213149,-106.21839057,2501.7984,24.29256,16.406368,-0.089408,346.2814013969916
517.8,39.9621452,-106.21839495,2501.7984,24.29256,16.674591999999997,-0.089408,346.2814013969916
517.9,39.96215985,-106.2183997,2501.7984,24.29256,16.227552,-0.089408,345.96375653207355
518.0,39.96217245,-106.21840382,2501.7984,24.29256,15.601696,-0.089408,345.96375653207355
518.0999999999999,39.96218719,-106.21840869,2501.7984,24.29256,15.691104,0.0,345.7274866155997
518.1999999999999,39.96219911,-106.21841276,2501.7984,24.29256,15.288768,0.0,346.0426219736812
518.3,39.96221324,-106.2184175,2501.7984,24.29256,14.97584,0.0,345.7274866155997
518.4,39.96222669,-106.218422,2501.7984,24.29256,15.825216,0.0,345.7274866155997
518.5,39.96224159,-106.21842696,2501.7984,24.29256,16.272256,0.0,346.0426219736812
518.5999999999999,39.96225424,-106.21843131,2501.7984,24.29256,15.825216,0.0,346.0426219736812
518.6999999999999,39.96226915,-106.21843617,2501.7984,24.29256,15.825216,-0.089408,345.8465874121486
518.8,39.96228196,-106.21844039,2501.7984,24.29256,15.86992,0.0,345.3791260113683
518.9,39.96229622,-106.21844519,2501.7984,24.29256,15.512288000000002,0.0,345.25643716352926
519.0,39.96230976,-106.21844983,2501.7984,24.29256,15.959328,-0.089408,345.25643716352926
519.0999999999999,39.96232458,-106.21845483,2501.7984,24.29256,16.272256,-0.089408,344.943528572612
519.1999999999999,39.96233804,-106.21845961,2501.4936,24.201120000000003,16.272256,-0.089408,344.6315366782039
519.3,39.96235218,-106.21846468,2501.4936,24.201120000000003,15.914624,-0.089408,344.6315366782039
519.4,39.96236494,-106.21846931,2501.4936,24.201120000000003,15.512288000000002,-0.312928,344.4501958302984
519.5,39.96237917,-106.21847444,2501.7984,24.29256,15.556992,-0.715264,344.4501958302984
519.5999999999999,39.96239272,-106.2184794,2501.7984,24.41448,16.048735999999998,-1.207008,344.4501958302984
519.6999999999999,39.96240696,-106.21848463,2501.7984,24.505920000000003,16.048735999999998,-1.6987519999999998,344.32047587758075
519.8,39.96242049,-106.21848963,2502.1032,24.6888,16.048735999999998,-2.01168,344.32047587758075
519.9,39.96243536,-106.21849515,2502.408,24.90216,16.406368,-2.414016,344.32047587758075
520.0,39.96244813,-106.21849985,2502.7128,25.20696,15.959328,-2.816352,344.32047587758075
520.0999999999999,39.96246303,-106.21850531,2503.0176,25.51176,15.959328,-3.218688,344.23281745752433
520.1999999999999,39.96247656,-106.2185103,2503.3224,25.78608,16.406368,-3.621024,344.14419867736143
520.3,39.96249072,-106.21851552,2503.6272,26.30424,16.004032,-4.112768,344.05460409907715
520.4,39.96250422,-106.2185206,2504.2368,26.70048,16.004032,-4.202176,343.9183480431863
520.5,39.96251789,-106.21852576,2504.5416,27.096720000000005,15.735808,-4.291583999999999,343.826244289883
520.5999999999999,39.96253078,-106.21853065,2504.8464,27.492960000000004,15.378176,-4.380992,343.7331081092356
520.6999999999999,39.96254339,-106.21853559,2505.456,28.102560000000004,14.797024,-4.202176,343.6389225446537
520.8,39.96255529,-106.21854019,2506.0656,28.498800000000003,14.215872,-3.889248,343.3987530128292
520.9,39.96256898,-106.21854562,2506.3704,28.89504,14.841728000000002,-3.710432,342.87195252640333
521.0,39.96258177,-106.21855099,2506.6752,29.29128,15.42288,-3.621024,341.67566065262986
521.0999999999999,39.96259473,-106.21855673,2506.98,29.59608,15.065248,-3.218688,340.6092730594043
521.1999999999999,39.96260751,-106.21856251,2507.2848,29.90088,15.109951999999998,-2.90576,339.73950886974814
521.3,39.96261976,-106.21856857,2507.5896,30.20568,14.797024,-2.503424,338.816495875054
521.4,39.9626311,-106.21857444,2507.8944,30.38856,14.08176,-2.101088,337.98871680208066
521.5,39.96264258,-106.21858074,2507.8944,30.51048,13.679424,-1.609344,336.44773632710536
521.5999999999999,39.96265274,-106.21858706,2507.8944,30.601920000000003,13.18768,-1.207008,335.3764352138364
521.6999999999999,39.96266393,-106.21859404,2508.1992,30.7848,13.142976,-0.804672,334.2495258726817
521.8,39.9626737,-106.2186005,2508.1992,30.7848,12.96416,-0.491744,332.3189384315147
521.9,39.96268353,-106.21860744,2508.1992,30.906720000000004,12.2936,-0.402336,331.0490047925332
522.0,39.96269155,-106.21861393,2508.1992,30.906720000000004,11.444224,-0.312928,329.2645122980799
522.0999999999999,39.9627009,-106.21862146,2508.1992,30.906720000000004,11.354816,-0.089408,327.6001598260807
522.1999999999999,39.96270844,-106.21862794,2508.504,30.99816,11.131296,-0.089408,325.90502204523443
522.3,39.96271648,-106.21863545,2508.1992,30.906720000000004,10.50544,0.0,324.0107095468176
522.4,39.96272287,-106.2186418,2508.1992,30.906720000000004,9.968992,0.0,322.36474624498265
522.5,39.96272908,-106.21864897,2508.1992,30.906720000000004,9.074912,0.0,320.1944289077348
522.5999999999999,39.96273436,-106.21865498,2508.1992,30.906720000000004,8.49376,0.0,318.5486819739044
522.6999999999999,39.96273981,-106.2186617,2508.1992,30.906720000000004,8.091424,0.0,316.2085924320269
522.8,39.96274409,-106.21866726,2508.1992,30.906720000000004,7.554975999999999,0.0,315.0
522.9,39.96274866,-106.21867364,2508.504,30.99816,7.063232,0.0,314.43829466743347
523.0,39.96275231,-106.21867865,2508.504,30.99816,6.660896,0.0,313.1523897340054
523.0999999999999,39.96275596,-106.21868376,2508.504,30.99816,5.900928,0.0,313.6521127198014
523.1999999999999,39.96275901,-106.21868802,2508.504,30.99816,5.453887999999999,0.0,313.492564241225
523.3,39.96276194,-106.21869189,2508.504,30.99816,4.783328,0.0,313.7811247648687
523.4,39.96276446,-106.21869522,2508.504,30.99816,4.291583999999999,0.089408,315.0
523.5,39.96276707,-106.21869832,2508.504,30.99816,3.933952,0.089408,318.67449952082967
523.5999999999999,39.96276929,-106.21870059,2508.504,30.99816,3.531616,0.089408,325.8403054543306
523.6999999999999,39.96277168,-106.21870238,2508.1992,30.906720000000004,3.12928,0.0,335.1576108945448
523.8,39.96277364,-106.21870354,2508.1992,30.906720000000004,2.726944,0.0,341.9165546169513
523.9,39.96277581,-106.21870425,2508.1992,30.906720000000004,2.414016,0.0,351.5288553669852
524.0,39.96277756,-106.21870438,2508.1992,30.906720000000004,2.2352,0.089408,2.5448043798131152
524.0999999999999,39.96277944,-106.21870386,2508.1992,30.906720000000004,2.01168,0.089408,18.004161605913396
524.1999999999999,39.96278101,-106.21870289,2508.1992,30.906720000000004,2.01168,0.089408,33.34070734647702
524.3,39.9627826,-106.21870125,2508.1992,30.906720000000004,2.01168,0.089408,43.363422958383296
524.4,39.96278402,-106.21869918,2508.1992,30.906720000000004,2.279904,0.089408,52.92692668268961
524.5,39.96278542,-106.21869648,2508.504,30.99816,2.548128,0.089408,61.03233935393598
524.5999999999999,39.96278673,-106.21869352,2508.504,30.99816,2.861056,0.089408,65.95577673063218
524.6999999999999,39.96278799,-106.21868958,2508.504,30.99816,3.263392,0.0,68.60018986791778
524.8,39.96278912,-106.21868549,2508.504,31.0896,3.665728,0.0,72.37770277133177
524.9,39.96279037,-106.21868062,2508.504,31.0896,4.068064,0.0,73.97413255155027
525.0,39.9627914,-106.21867585,2508.504,31.211520000000004,4.291583999999999,0.0,75.03328043599515
525.0999999999999,39.96279261,-106.21866983,2508.504,31.211520000000004,4.738624,0.0,76.20913310263904
525.1999999999999,39.96279369,-106.21866395,2508.504,31.211520000000004,5.185664,0.0,77.21654605857566
525.3,39.9627948,-106.21865732,2508.504,31.211520000000004,5.453887999999999,0.0,77.8113667980681
525.4,39.96279576,-106.21865099,2508.504,31.211520000000004,5.632704,0.0,79.43198579099067
525.5,39.96279679,-106.21864333,2508.8088,31.30296,6.079744,0.0,81.25383773744477
525.5999999999999,39.96279762,-106.21863637,2508.8088,31.30296,6.303264,0.0,81.7643806757905
525.6999999999999,39.96279847,-106.2186279,2508.8088,31.30296,6.660896,0.0,83.62075183238687
525.8,39.96279897,-106.21862012,2508.8088,31.3944,6.973824,0.0,84.55966796899452
525.9,39.9627996,-106.21861129,2508.8088,31.30296,7.1079360000000005,0.089408,85.79937779536459
526.0,39.9628001,-106.21860209,2508.8088,31.3944,7.733792,0.089408,87.18444331578877
526.0999999999999,39.96280043,-106.21859152,2508.8088,31.30296,8.449055999999999,0.089408,89.39049342332481
526.1999999999999,39.96280047,-106.2185817,2508.8088,31.3944,8.672576,0.0,90.58762841623997
526.3,39.96279988,-106.21857169,2508.8088,31.3944,8.449055999999999,0.089408,93.77546582428982
526.4,39.96279919,-106.21856165,2508.8088,31.3944,8.538464000000001,0.089408,95.73909849808962
526.5,39.96279803,-106.21855074,2508.8088,31.3944,8.985504,0.089408,98.85430818832184
526.5999999999999,39.96279666,-106.21854085,2508.8088,31.3944,8.985504,0.089408,101.25510399361453
526.6999999999999,39.96279406,-106.21852928,2508.8088,31.30296,9.38784,0.089408,104.2372804657611
526.8,39.96279183,-106.21851888,2508.8088,31.30296,9.745472,0.089408,106.62075691389208
526.9,39.96278908,-106.21850796,2508.8088,31.30296,9.521952,0.089408,108.68735150521115
527.0,39.96278631,-106.21849801,2508.8088,31.30296,9.38784,0.089408,110.07152586453871
527.0999999999999,39.96278236,-106.21848689,2508.504,31.211520000000004,9.745472,0.089408,111.75501615275562
527.1999999999999,39.96277881,-106.21847593,2508.504,31.0896,10.28192,0.22352,112.97515406603073
527.3,39.96277502,-106.21846449,2508.504,31.211520000000004,10.371328,0.089408,113.6293777306568
527.4,39.96277104,-106.21845281,2508.504,31.211520000000004,10.773664,0.089408,114.12408018860242
527.5,39.96276657,-106.21843988,2508.504,31.211520000000004,11.488928,0.089408,114.29807150683337
527.5999999999999,39.96276255,-106.21842841,2508.504,31.0896,11.444224,0.22352,114.65589874408158
527.6999999999999,39.96275762,-106.21841454,2508.504,31.0896,11.891264,0.089408,114.80408513798528
527.8,39.96275321,-106.2184023,2508.504,31.0896,12.2936,0.089408,115.21185922329828
527.9,39.96274808,-106.21838824,2508.504,31.0896,12.383008,0.089408,115.33684590139848
528.0,39.96274304,-106.21837428,2508.504,31.0896,13.232384,0.0,115.28252409436776
528.0999999999999,39.96273729,-106.21835845,2508.504,31.0896,14.037056,0.089408,115.479401045622
528.1999999999999,39.96273197,-106.21834396,2508.504,31.0896,14.30528,0.0,115.91120475985416
528.3,39.96272623,-106.21832897,2508.504,31.0896,13.992352,0.0,117.04719221867124
528.4,39.96272082,-106.21831519,2508.504,31.0896,13.724128,0.0,118.63892254465372
528.5,39.96271398,-106.21829936,2508.504,31.0896,14.349984,0.0,120.9333286116664
528.5999999999999,39.96270744,-106.21828524,2508.504,31.0896,14.75232,0.0,122.47119229084848
528.6999999999999,39.9627002,-106.21827097,2508.504,30.99816,14.30528,0.0,124.03024203319944
528.8,39.96269301,-106.21825837,2508.504,30.99816,13.992352,0.0,125.53767779197436
528.9,39.96268481,-106.21824386,2508.504,30.99816,14.394688,0.0,127.21819596650278
529.0,39.96267717,-106.21823099,2508.504,30.99816,14.618208,0.0,128.39005610637005
529.0999999999999,39.9626681,-106.21821662,2508.1992,30.906720000000004,14.886432,0.0,129.32538913504425
529.1999999999999,39.96265885,-106.21820359,2508.1992,30.906720000000004,15.512288000000002,0.0,129.58813084768298
529.3,39.96264965,-106.21818938,2508.504,30.99816,15.512288000000002,0.0,129.41916854606694
529.4,39.96264134,-106.21817654,2508.1992,30.906720000000004,15.109951999999998,0.0,129.46490900765048
529.5,39.96263188,-106.21816174,2508.504,30.99816,15.378176,0.0,128.73793881408903
529.5999999999999,39.96262339,-106.21814814,2508.504,30.99816,15.691104,0.0,127.96205923681532
529.6999999999999,39.96261508,-106.21813386,2508.1992,30.906720000000004,15.109951999999998,0.0,127.36666941276872
529.8,39.96260685,-106.21811979,2508.1992,30.906720000000004,15.19936,0.0,126.90297834627506
529.9,39.96259818,-106.21810482,2508.1992,30.906720000000004,15.512288000000002,0.0,126.86989764584403
530.0,39.96258974,-106.21809052,2508.504,30.99816,15.691104,0.0,127.8176592284915
530.0999999999999,39.96258041,-106.21807414,2508.1992,30.7848,16.406368,0.0,129.57605535900802
530.1999999999999,39.96257131,-106.21805992,2508.1992,30.7848,16.585184,0.0,130.84871473357828
530.3,39.96256154,-106.21804557,2508.1992,30.7848,16.048735999999998,0.0,132.13186805931332
530.4,39.96255201,-106.21803215,2508.1992,30.7848,16.004032,0.0,133.5136167024366
530.5,39.9625416,-106.21801875,2508.1992,30.7848,15.914624,0.0,135.22736301099053
530.5999999999999,39.96253147,-106.21800589,2508.1992,30.7848,16.004032,0.0,136.58485439305048
530.6999999999999,39.96252037,-106.21799257,2508.1992,30.7848,16.227552,0.0,137.84536136557938
530.8,39.96250969,-106.21798032,2508.1992,30.7848,16.272256,0.0,139.06952246031028
530.9,39.96249835,-106.2179692,2508.1992,30.69336,15.780511999999998,0.0,140.3381814579251
531.0,39.9624881,-106.21795855,2508.1992,30.7848,15.154656,0.0,141.34019174590992
531.0999999999999,39.96247581,-106.21794632,2508.1992,30.7848,15.86992,0.0,142.5574817578256
531.1999999999999,39.96246448,-106.21793548,2508.1992,30.7848,16.406368,0.0,143.79741070999108
531.3,39.96245239,-106.21792418,2508.1992,30.906720000000004,16.09344,0.0,144.81292002560122
531.4,39.96244139,-106.21791472,2508.1992,30.906720000000004,15.601696,-0.089408,145.7842978675626
531.5,39.96242823,-106.21790331,2508.1992,30.906720000000004,16.09344,0.0,146.79103076599074
531.5999999999999,39.9624168,-106.21789376,2508.1992,30.906720000000004,16.316959999999998,0.0,147.74528947313286
531.6999999999999,39.96240348,-106.21788316,2508.504,30.99816,16.227552,0.0,148.90268711422056
531.8,39.9623914,-106.21787406,2508.1992,30.906720000000004,16.451072,0.0,149.83270438961563
531.9,39.96237785,-106.21786387,2508.1992,30.906720000000004,16.451072,0.0,150.54159521333486
532.0,39.9623655,-106.21785488,2508.504,30.99816,16.585184,0.0,151.45058418427345
532.0999999999999,39.96235107,-106.21784472,2508.504,30.99816,16.98752,0.0,152.2769278725034
532.1999999999999,39.96233729,-106.21783493,2508.504,30.99816,17.836896,0.0,152.8918771291983
532.3,39.96232322,-106.21782564,2508.504,30.99816,17.479264,0.0,153.43494882292202
532.4,39.96230972,-106.21781692,2508.504,30.99816,17.121631999999998,0.0,153.8384335579808
532.5,39.96229618,-106.21780838,2508.504,31.0896,16.719296,0.0,154.3050281188332
532.5999999999999,39.96228202,-106.21779951,2508.504,31.0896,17.076928000000002,0.0,154.43419249317935
532.6999999999999,39.96226763,-106.21779073,2508.504,31.0896,17.568672,0.0,154.96513419516418
532.8,39.96225374,-106.21778239,2508.504,31.0896,17.345152,0.0,155.48271448379592
532.9,39.96223874,-106.21777352,2508.504,31.0896,17.658079999999998,0.0,155.93306570970913
533.0,39.96222442,-106.21776518,2508.504,31.0896,17.8816,0.0,156.32026712234335
533.0999999999999,39.9622091,-106.21775622,2508.504,31.0896,18.060416,0.0,156.43744921616565
533.1999999999999,39.96219473,-106.2177481,2508.504,31.211520000000004,18.015712,0.0,156.55354243575437
533.3,39.96217943,-106.21773957,2508.504,31.211520000000004,17.971008,0.089408,156.95440185841744
533.5,39.96215173,-106.21772436,2508.504,31.0896,17.300448,0.0,157.22297617627623
533.5999999999999,39.96213799,-106.21771694,2508.504,31.211520000000004,16.629888,0.0,157.65935204000584
533.6999999999999,39.96212317,-106.21770905,2508.504,31.211520000000004,17.166335999999998,0.0,157.9284568268149
533.8,39.96210977,-106.21770204,2508.504,31.211520000000004,16.942816,0.0,158.33404127670974
533.9,39.96209424,-106.21769403,2508.504,31.211520000000004,17.300448,0.0,158.98341511664012
534.0,39.96208059,-106.21768732,2508.8088,31.30296,17.389855999999998,0.0,160.04183179187362
534.0999999999999,39.96206451,-106.21767983,2508.504,31.211520000000004,17.613376,0.0,161.28601549589644
534.1999999999999,39.96204984,-106.2176735,2508.8088,31.30296,18.060416,0.0,162.6371822730291
534.3,39.96203394,-106.21766722,2508.8088,31.30296,17.836896,0.0,164.03437253935545
534.4,39.96201991,-106.21766213,2508.8088,31.30296,17.345152,0.0,165.39153306607113
534.5,39.96200431,-106.21765698,2508.8088,31.30296,17.032224,0.0,166.53885169257703
534.5999999999999,39.96198868,-106.21765229,2508.504,31.211520000000004,17.8816,0.0,167.84281791099374
534.6999999999999,39.96197305,-106.21764817,2508.504,31.211520000000004,17.792192,0.089408,169.10310924467444
534.8,39.9619579,-106.21764511,2508.8088,31.30296,17.389855999999998,0.089408,170.1406583897152
534.9,39.96194204,-106.21764173,2508.504,31.211520000000004,17.43456,0.22352,171.41637851988605
535.0,39.96192792,-106.21763909,2508.504,31.0896,16.853408,0.22352,172.4761795613614
535.0999999999999,39.96191215,-106.21763668,2508.504,31.0896,16.764,0.089408,173.7797812934034
535.1999999999999,39.96189805,-106.21763542,2508.504,31.0896,16.674591999999997,0.089408,175.1454333217633
535.3,39.96188281,-106.21763397,2508.504,30.99816,16.361664,0.089408,176.82016988013572
535.4,39.96186934,-106.21763318,2508.504,30.99816,16.004032,0.089408,178.551819661717
535.5,39.96185435,-106.217633,2508.504,30.99816,15.825216,0.0,180.3283389817707
535.5999999999999,39.96184087,-106.21763338,2508.1992,30.906720000000004,15.825216,0.0,181.82620328790864
535.6999999999999,39.96182658,-106.21763435,2508.1992,30.906720000000004,15.467584,0.0,184.25523796199923
535.8,39.96181388,-106.21763572,2508.1992,30.906720000000004,15.020544,0.0,185.9001994172748
535.9,39.96179935,-106.21763792,2508.1992,30.906720000000004,15.19936,0.0,188.130102354156
536.0,39.9617874,-106.21764031,2508.504,30.99816,14.841728000000002,0.0,189.97603642275143
536.0999999999999,39.96177495,-106.21764419,2508.504,30.99816,13.813536,0.0,192.0549591351516
536.1999999999999,39.96176372,-106.21764768,2508.504,30.99816,13.545312,0.0,193.6558621385418
536.3,39.96175235,-106.21765168,2508.504,30.99816,12.96416,0.0,195.1662881083201
536.4,39.96174251,-106.21765554,2508.504,30.99816,12.248895999999998,0.0,197.1795329170349
536.5,39.9617322,-106.21766043,2508.504,30.99816,11.801856,0.0,198.50423026377845
536.5999999999999,39.96172319,-106.21766464,2508.504,31.0896,11.39952,0.0,200.31519562673205
536.6999999999999,39.96171325,-106.21766967,2508.504,31.0896,11.265408,0.0,202.34064795999416
536.8,39.96170478,-106.21767431,2508.504,31.0896,11.041888,0.0,203.86017519134236
536.9,39.96169672,-106.21767908,2508.504,31.0896,10.013696,0.0,204.77514056883192
537.0,39.96168967,-106.21768351,2508.504,31.0896,9.253728,0.0,206.18811069748085
537.0999999999999,39.96168203,-106.2176886,2508.504,31.0896,9.119616,0.0,207.8972710309476
537.1999999999999,39.96167555,-106.21769319,2508.504,31.0896,8.851392,0.0,209.5114985570903
537.3,39.96166985,-106.21769741,2508.504,31.0896,7.733792,0.0,210.11373315098243
537.4,39.96166419,-106.21770189,2508.504,31.0896,7.331455999999999,0.0,212.04241990590688
537.5,39.96165842,-106.21770669,2508.504,31.0896,7.465567999999999,0.0,213.5866456536228
537.5999999999999,39.9616536,-106.21771099,2508.504,31.0896,7.018528,0.089408,216.232418755447
537.6999999999999,39.96164907,-106.21771517,2508.504,31.0896,6.347968,0.089408,218.3255309528824
537.8,39.96164528,-106.21771914,2508.504,31.0896,5.766816,0.089408,220.7515454706387
537.9,39.96164134,-106.21772364,2508.504,31.0896,5.632704,0.089408,223.22119968432617
538.0,39.96163833,-106.21772741,2508.504,31.0896,5.230368,0.089408,225.76389846093
538.0999999999999,39.96163529,-106.21773167,2508.504,30.99816,4.783328,0.089408,229.59054318560604
538.1999999999999,39.96163299,-106.21773532,2508.504,30.99816,4.515104,0.089408,235.4258085258848
538.3,39.961631,-106.21773923,2508.504,30.99816,3.978656,0.089408,238.06931789628217
538.4,39.96162955,-106.21774269,2508.504,30.99816,3.710432,0.089408,243.09390654406317
538.5,39.96162822,-106.21774663,2508.504,30.99816,3.486912,0.089408,251.8219812015815
538.5999999999999,39.96162748,-106.21774994,2508.1992,30.906720000000004,3.308096,0.089408,258.69006752597977
538.6999999999999,39.96162717,-106.21775353,2508.1992,30.906720000000004,2.950464,0.089408,265.46222749209335
538.8,39.96162723,-106.21775667,2508.1992,30.906720000000004,2.861056,0.089408,271.9091524329964
538.9,39.96162765,-106.21775966,2508.1992,30.906720000000004,2.6375360000000003,0.0,280.73889710090543
539.0,39.96162886,-106.2177622,2508.1992,30.906720000000004,2.503424,0.0,292.16634582208246
539.0999999999999,39.96163011,-106.21776513,2508.1992,30.906720000000004,2.68224,0.0,302.31961650818016
539.1999999999999,39.96163157,-106.21776756,2508.1992,30.906720000000004,2.726944,0.0,311.6335393365702
539.3,39.96163337,-106.21776993,2508.1992,30.906720000000004,2.771648,0.0,320.7743259026633
539.4,39.96163531,-106.21777182,2508.1992,30.906720000000004,2.771648,0.0,329.6208739886317
539.5,39.9616379,-106.21777376,2508.1992,30.906720000000004,2.995168,0.0,338.051300916473
539.5999999999999,39.9616407,-106.21777516,2508.504,30.99816,3.308096,0.0,343.44292862436333
539.6999999999999,39.96164401,-106.21777624,2508.1992,30.906720000000004,3.531616,0.0,349.08887161571664
539.8,39.96164745,-106.21777698,2508.1992,30.906720000000004,3.844544,0.0,354.2894068625004
539.9,39.96165189,-106.21777718,2508.1992,30.906720000000004,4.380992,0.0,357.0185387800178
540.0,39.96165572,-106.21777732,2508.1992,30.906720000000004,4.604512000000001,0.0,0.0
540.0999999999999,39.96166022,-106.21777722,2508.1992,30.906720000000004,4.604512000000001,0.0,1.0230301886678603
540.1999999999999,39.96166479,-106.2177769,2508.1992,30.906720000000004,5.006848,0.0,3.366460663429791
540.3,39.96167033,-106.21777622,2508.1992,30.906720000000004,5.632704,0.0,4.9117881725060215
540.4,39.96167525,-106.21777555,2508.1992,30.7848,5.81152,0.0,5.541204778039855
540.5,39.96168101,-106.21777469,2508.1992,30.7848,5.945632,0.0,7.174324236482278
540.5999999999999,39.96168678,-106.21777375,2508.1992,30.7848,6.437376,0.0,7.594643368591448
540.6999999999999,39.96169348,-106.21777276,2508.1992,30.7848,6.973824,0.0,7.259724046259805
540.8,39.96169947,-106.21777172,2508.1992,30.7848,7.1079360000000005,0.0,7.686721681468327
540.9,39.96170645,-106.21777053,2508.1992,30.7848,7.286752,0.0,7.37376636133024
541.0,39.96171339,-106.21776935,2508.1992,30.7848,7.778496,0.0,7.085172280558879
541.0999999999999,39.96172175,-106.21776823,2508.1992,30.7848,8.583167999999999,0.0,6.745579647482828
541.1999999999999,39.96172888,-106.21776706,2508.1992,30.7848,8.627872,0.0,7.418650060113464
541.3,39.96173735,-106.21776571,2508.1992,30.7848,8.761984,0.0,7.160449726891102
541.4,39.96174484,-106.21776458,2508.1992,30.7848,8.9408,0.0,6.155168343273999
541.5,39.96175336,-106.21776336,2508.1992,30.7848,8.985504,0.0,5.440332031005482
541.5999999999999,39.96176142,-106.21776252,2508.1992,30.69336,9.253728,0.0,4.741789754519061
541.6999999999999,39.96177091,-106.2177615,2508.1992,30.69336,9.790176,0.0,4.122297811783653
541.8,39.96177927,-106.21776074,2508.1992,30.69336,9.924288,0.0,3.29214711299602
541.9,39.96178878,-106.21776003,2508.1992,30.69336,9.968992,0.0,2.2408654992135557
542.0,39.96179801,-106.21775963,2508.1992,30.69336,10.416032,0.0,1.7061782944469996
542.0999999999999,39.96180835,-106.21775927,2508.1992,30.69336,10.907775999999998,0.0,0.4735080587349216
542.1999999999999,39.96181739,-106.21775914,2508.1992,30.69336,10.773664,0.0,0.0
542.3,39.96182812,-106.21775926,2508.1992,30.69336,10.997184,-0.089408,358.85880074441286
542.4,39.96183732,-106.21775968,2508.1992,30.69336,11.086592,0.0,358.42756957232666
542.5,39.96184771,-106.21776028,2508.1992,30.69336,10.907775999999998,0.0,357.57739254187624
542.5999999999999,39.96185783,-106.21776106,2508.1992,30.69336,11.39952,0.0,356.5317707410829
542.6999999999999,39.96186901,-106.21776209,2508.1992,30.69336,11.84656,-0.089408,355.70013717980794
542.8,39.96187978,-106.21776326,2507.8944,30.601920000000003,12.248895999999998,-0.089408,354.729329248359
542.9,39.96189127,-106.2177649,2507.8944,30.601920000000003,12.427712,-0.089408,354.3517526262647
543.0,39.9619022,-106.21776644,2507.8944,30.601920000000003,12.561824,-0.089408,353.6144074874329
543.0999999999999,39.96191439,-106.21776834,2507.8944,30.601920000000003,12.919455999999998,0.0,353.1251819712958
543.1999999999999,39.96192558,-106.21777022,2507.8944,30.601920000000003,13.098272,0.0,352.4316029784106
543.3,39.96193759,-106.21777225,2508.1992,30.69336,13.008864,-0.089408,352.11985341136955
543.4,39.96194854,-106.21777432,2508.1992,30.69336,12.874752,0.0,351.20945681718604
543.5,39.96196154,-106.217777,2507.8944,30.601920000000003,13.455904,0.0,350.56917629320634
543.5999999999999,39.96197349,-106.21777964,2508.1992,30.69336,14.08176,-0.089408,350.28843181876096
543.6999999999999,39.96198638,-106.21778263,2507.8944,30.601920000000003,14.037056,0.0,349.4264765814391
543.8,39.96199904,-106.21778583,2507.8944,30.601920000000003,14.439391999999998,0.0,348.69006752597977
543.9,39.96201132,-106.21778921,2507.8944,30.601920000000003,14.126464,0.0,347.77487732426425
544.0,39.96202303,-106.21779263,2507.8944,30.601920000000003,13.63472,0.0,347.13015001198966
544.0999999999999,39.96203418,-106.21779649,2507.8944,30.601920000000003,13.098272,-0.089408,345.87451084176854
544.1999999999999,39.9620459,-106.2178005,2507.8944,30.601920000000003,13.142976,-0.089408,344.63256823536693
544.3,39.96205832,-106.21780503,2507.8944,30.601920000000003,13.902944,-0.089408,343.9293949900166
544.4,39.96206951,-106.21780939,2507.8944,30.601920000000003,13.679424,-0.089408,342.7108140152531
544.5,39.96208224,-106.21781491,2508.1992,30.69336,13.947648,-0.22352,341.5081536987472
544.5999999999999,39.96209343,-106.21781993,2508.1992,30.69336,14.037056,-0.312928,340.37037690334296
544.6999999999999,39.96210634,-106.21782617,2508.1992,30.69336,14.215872,-0.491744,339.0805162774441
544.8,39.96211774,-106.21783195,2508.1992,30.69336,14.439391999999998,-0.491744,338.6142720680716
544.9,39.96212885,-106.21783768,2508.1992,30.7848,13.455904,-0.491744,337.984934153409
545.0,39.96213958,-106.21784345,2508.1992,30.906720000000004,13.098272,-0.402336,337.6844114241292
545.0999999999999,39.96215108,-106.21784955,2508.1992,30.906720000000004,13.366496,-0.312928,338.1601627665509
545.3,39.96217108,-106.21786017,2508.1992,30.906720000000004,12.606528,-0.089408,337.94893728092325
545.4,39.96217954,-106.21786442,2508.1992,30.906720000000004,11.354816,-0.089408,337.8497620716492
545.5,39.96218838,-106.21786909,2508.1992,30.906720000000004,10.326624,0.0,338.1530815641136
545.5999999999999,39.96219639,-106.21787334,2508.1992,30.906720000000004,10.103104,0.0,337.86042373500084
545.6999999999999,39.96220452,-106.2178777,2508.1992,30.906720000000004,9.700768,0.0,337.8905516562483
545.8,39.96221191,-106.21788158,2508.1992,30.906720000000004,9.298432,0.0,337.7633033175357
545.9,39.96221946,-106.21788527,2508.1992,30.906720000000004,8.896096,0.0,338.1411799321473
546.0,39.96222582,-106.21788841,2508.1992,30.906720000000004,8.27024,0.0,338.01475441878995
546.0999999999999,39.9622325,-106.21789193,2508.1992,30.906720000000004,7.778496,0.0,338.1985905136482
546.1999999999999,39.9622382,-106.21789472,2508.1992,30.906720000000004,7.37616,0.0,338.05659382911506
546.4,39.96224866,-106.21790035,2508.1992,30.7848,6.437376,0.0,337.6198649480404
546.5,39.9622535,-106.21790296,2508.1992,30.906720000000004,6.124447999999999,0.0,337.7509763427876
546.5999999999999,39.96225755,-106.21790512,2508.1992,30.7848,5.319776,0.0,337.7965214679426
546.6999999999999,39.96226164,-106.21790727,2508.1992,30.906720000000004,4.872736,0.0,338.1985905136482
546.8,39.96226502,-106.21790907,2508.1992,30.906720000000004,4.4704,0.0,337.8097111038775
546.9,39.9622679,-106.21791064,2508.1992,30.906720000000004,3.755136,0.0,338.9624889745782
547.0,39.96227025,-106.2179119,2508.1992,30.906720000000004,3.12928,0.0,339.67686317033707
547.0999999999999,39.9622724,-106.21791297,2508.1992,30.906720000000004,2.68224,0.0,339.590117166196
547.1999999999999,39.96227402,-106.21791372,2508.1992,30.906720000000004,2.2352,0.0,343.81079374297303
547.3,39.96227523,-106.21791422,2508.1992,30.906720000000004,1.654048,0.0,342.34987578006985
547.5,39.96227649,-106.21791458,2508.1992,30.906720000000004,0.89408,0.0,347.4711922908485
547.5999999999999,39.9622768,-106.2179147,2508.504,30.99816,0.625856,0.0,338.1985905136482
547.8,39.96227713,-106.21791504,2508.504,30.99816,0.0,0.0,315.0
547.9,39.96227748,-106.21791548,2508.504,30.99816,0.312928,0.0,305.5376777919744
548.0,39.96227764,-106.21791577,2508.504,30.99816,0.491744,0.0,305.5376777919744
548.0999999999999,39.96227786,-106.21791618,2508.504,30.99816,0.0,0.0,305.5376777919744
548.1999999999999,39.96227804,-106.21791654,2508.504,31.0896,0.491744,0.0,305.5376777919744
548.3,39.96227825,-106.21791687,2508.504,31.0896,0.67056,0.0,315.0
548.4,39.96227897,-106.21791747,2508.504,31.0896,0.67056,0.0,291.8014094863518
548.5,39.9622792,-106.21791773,2508.504,31.0896,0.67056,0.0,315.0
548.6999999999999,39.96227953,-106.21791803,2508.504,31.0896,0.0,0.0,0.0
548.8,39.96228007,-106.21791817,2508.504,31.0896,0.312928,0.0,0.0
548.9,39.96228009,-106.21791819,2508.504,31.0896,0.0,0.0,0.0
549.0,39.96228007,-106.21791821,2508.504,31.211520000000004,0.0,0.0,0.0
549.0999999999999,39.96227996,-106.21791826,2508.504,31.0896,0.0,0.0,180.0
549.1999999999999,39.96227982,-106.21791825,2508.504,31.211520000000004,0.0,0.0,180.0
549.3,39.96227971,-106.21791834,2508.504,31.211520000000004,0.0,0.0,180.0
549.4,39.96227959,-106.21791842,2508.504,31.211520000000004,0.0,0.089408,180.0
549.5,39.96227948,-106.2179185,2508.504,31.211520000000004,0.0,0.089408,180.0
549.5999999999999,39.96227937,-106.21791857,2508.504,31.211520000000004,0.491744,0.089408,180.0
549.6999999999999,39.96227943,-106.21791865,2508.504,31.211520000000004,0.0,0.089408,180.0
549.8,39.96227935,-106.21791866,2508.504,31.211520000000004,0.0,0.089408,180.0
550.0,39.96227898,-106.21791863,2508.504,31.211520000000004,0.0,0.0,180.0
550.0999999999999,39.96227876,-106.21791868,2508.504,31.211520000000004,0.312928,0.0,180.0
550.3,39.96227853,-106.21791856,2508.8088,31.30296,0.312928,0.089408,180.0
550.4,39.96227842,-106.21791845,2508.504,31.211520000000004,0.0,0.089408,0.0
550.5,39.96227827,-106.21791829,2508.504,31.211520000000004,0.0,0.089408,0.0
550.5999999999999,39.96227822,-106.21791818,2508.8088,31.30296,0.0,0.089408,0.0
550.6999999999999,39.9622782,-106.21791814,2508.504,31.211520000000004,0.0,0.089408,0.0
550.8,39.96227817,-106.21791812,2508.504,31.211520000000004,0.0,0.089408,0.0
550.9,39.96227817,-106.21791823,2508.504,31.211520000000004,0.0,0.089408,0.0
551.0,39.96227813,-106.21791822,2508.504,31.211520000000004,0.0,0.089408,0.0
551.0999999999999,39.96227805,-106.2179182,2508.504,31.211520000000004,0.0,0.089408,0.0
551.1999999999999,39.96227799,-106.21791817,2508.504,31.211520000000004,0.0,0.089408,0.0
551.3,39.96227777,-106.21791831,2508.504,31.0896,0.0,0.22352,0.0
551.4,39.96227772,-106.21791831,2508.504,31.0896,0.0,0.089408,0.0
551.5,39.96227767,-106.21791829,2508.504,31.0896,0.0,0.089408,0.0
551.5999999999999,39.96227766,-106.2179183,2508.504,31.0896,0.0,0.0,0.0
551.6999999999999,39.96227767,-106.21791833,2508.504,31.0896,0.0,0.0,0.0
551.8,39.9622776,-106.21791838,2508.504,31.0896,0.0,0.0,0.0
551.9,39.96227769,-106.21791849,2508.504,31.0896,0.0,0.0,0.0
552.0,39.96227781,-106.21791858,2508.504,31.0896,0.0,0.0,0.0
552.1999999999999,39.96227812,-106.2179188,2508.504,31.0896,0.0,0.0,0.0
552.3,39.96227823,-106.21791877,2508.504,31.0896,0.0,0.089408,0.0
552.4,39.9622783,-106.21791873,2508.504,31.0896,0.0,0.089408,0.0
552.5,39.96227836,-106.21791866,2508.504,31.0896,0.0,0.089408,0.0
552.5999999999999,39.96227839,-106.21791844,2508.504,30.99816,0.0,0.089408,0.0
552.6999999999999,39.96227835,-106.21791826,2508.504,30.99816,0.0,0.089408,90.0
552.8,39.96227832,-106.21791808,2508.504,30.99816,0.0,0.089408,90.0
552.9,39.96227828,-106.21791786,2508.504,30.99816,0.0,0.0,90.0
553.0,39.96227827,-106.21791768,2508.504,30.99816,0.0,0.0,90.0
553.0999999999999,39.96227818,-106.21791743,2508.504,30.99816,0.0,0.0,0.0
553.1999999999999,39.96227828,-106.21791733,2508.504,30.99816,0.0,0.0,0.0
553.3,39.96227838,-106.21791732,2508.504,31.0896,0.0,0.0,0.0
553.4,39.9622785,-106.21791734,2508.504,30.99816,0.0,0.0,0.0
553.5,39.96227868,-106.21791757,2508.504,30.99816,0.491744,0.0,0.0
553.5999999999999,39.96227882,-106.21791764,2508.504,30.99816,0.0,0.0,0.0
553.6999999999999,39.96227893,-106.21791768,2508.504,30.99816,0.0,0.0,0.0
553.8,39.962279,-106.2179177,2508.504,30.99816,0.0,0.0,0.0
553.9,39.96227901,-106.21791769,2508.504,30.99816,0.0,0.0,0.0
554.0,39.96227904,-106.21791767,2508.504,30.99816,0.0,0.0,0.0
554.0999999999999,39.96227905,-106.21791766,2508.504,31.0896,0.0,0.0,0.0
554.1999999999999,39.96227904,-106.21791765,2508.504,30.99816,0.0,0.0,0.0
554.3,39.9622789,-106.21791759,2508.504,30.99816,0.0,0.0,0.0
554.4,39.96227885,-106.21791753,2508.504,30.99816,0.0,0.0,0.0
554.5,39.96227876,-106.21791747,2508.504,30.99816,0.0,0.0,0.0
554.5999999999999,39.96227868,-106.21791742,2508.504,30.99816,0.491744,0.0,0.0
554.6999999999999,39.96227854,-106.21791743,2508.504,30.99816,0.0,0.0,0.0
554.8,39.96227849,-106.2179174,2508.504,30.99816,0.491744,0.0,0.0
554.9,39.96227843,-106.21791736,2508.504,30.99816,0.0,0.0,0.0
555.0,39.96227841,-106.21791733,2508.504,30.99816,0.0,0.0,0.0
555.0999999999999,39.96227843,-106.21791732,2508.504,30.99816,0.0,0.0,0.0
555.1999999999999,39.96227851,-106.21791731,2508.504,30.99816,0.0,0.0,0.0
555.3,39.96227849,-106.21791733,2508.504,30.99816,0.0,0.0,0.0
555.4,39.96227847,-106.21791735,2508.504,30.99816,0.0,0.0,0.0
555.5999999999999,39.96227849,-106.21791747,2508.504,30.99816,0.0,0.0,0.0
555.6999999999999,39.96227846,-106.21791747,2508.504,30.99816,0.0,0.0,0.0
555.8,39.96227843,-106.21791748,2508.504,30.99816,0.0,0.0,0.0
555.9,39.9622784,-106.2179175,2508.504,30.99816,0.0,0.0,0.0
556.0,39.96227824,-106.21791757,2508.504,30.99816,0.0,0.0,0.0
556.0999999999999,39.96227821,-106.21791756,2508.504,30.99816,0.0,0.0,0.0
556.1999999999999,39.96227819,-106.21791758,2508.504,30.99816,0.0,0.0,0.0
556.3,39.9622782,-106.21791761,2508.504,30.99816,0.0,0.0,0.0
556.4,39.9622782,-106.21791765,2508.504,30.99816,0.0,0.0,0.0
556.5,39.96227811,-106.21791767,2508.504,30.99816,0.0,0.0,0.0
556.5999999999999,39.96227807,-106.21791772,2508.504,30.99816,0.0,0.0,0.0
556.6999999999999,39.962278,-106.21791779,2508.504,30.99816,0.0,0.0,0.0
556.8,39.96227794,-106.21791785,2508.504,30.99816,0.0,0.0,0.0
556.9,39.96227778,-106.21791785,2508.504,30.99816,0.0,0.0,0.0
557.0,39.96227773,-106.21791784,2508.504,30.99816,0.0,0.0,0.0
557.0999999999999,39.96227764,-106.21791784,2508.504,30.99816,0.0,0.0,0.0
557.1999999999999,39.96227759,-106.21791782,2508.504,30.99816,0.0,0.0,0.0
557.3,39.9622776,-106.21791772,2508.504,30.99816,0.0,0.0,0.0
557.4,39.96227763,-106.21791768,2508.504,30.99816,0.0,0.0,0.0
557.5,39.96227765,-106.21791769,2508.504,30.99816,0.0,0.0,0.0
557.5999999999999,39.96227767,-106.2179177,2508.504,30.99816,0.0,0.0,0.0
557.6999999999999,39.96227773,-106.21791776,2508.504,30.99816,0.0,0.0,0.0
557.8,39.96227778,-106.21791776,2508.1992,30.906720000000004,0.0,0.0,0.0
557.9,39.96227782,-106.21791776,2508.1992,30.906720000000004,0.0,0.0,0.0
558.0,39.96227787,-106.21791777,2508.504,30.99816,0.0,0.0,0.0
558.0999999999999,39.96227789,-106.21791781,2508.1992,30.906720000000004,0.0,0.0,0.0
558.1999999999999,39.96227793,-106.21791781,2508.1992,30.906720000000004,0.0,0.0,0.0
558.3,39.96227795,-106.21791782,2508.1992,30.906720000000004,0.0,0.0,0.0
558.4,39.96227795,-106.21791784,2508.1992,30.906720000000004,0.0,0.0,0.0
558.5,39.96227793,-106.21791791,2508.1992,30.906720000000004,0.0,0.0,0.0
558.5999999999999,39.9622778,-106.21791804,2508.1992,30.906720000000004,0.0,0.0,0.0
558.6999999999999,39.96227774,-106.21791803,2508.1992,30.906720000000004,0.491744,0.0,0.0
558.8,39.96227771,-106.21791801,2508.1992,30.906720000000004,0.0,0.0,0.0
558.9,39.96227778,-106.21791798,2508.1992,30.906720000000004,0.0,0.0,0.0
559.0,39.96227777,-106.21791795,2508.1992,30.906720000000004,0.0,0.0,0.0
559.0999999999999,39.96227784,-106.21791792,2508.1992,30.906720000000004,0.0,0.0,0.0
559.1999999999999,39.96227787,-106.21791787,2508.1992,30.906720000000004,0.0,0.0,0.0
559.3,39.96227787,-106.21791779,2508.1992,30.906720000000004,0.0,0.0,0.0
559.4,39.96227786,-106.21791766,2508.1992,30.906720000000004,0.0,0.0,0.0
559.5,39.96227787,-106.21791761,2508.1992,30.906720000000004,0.0,0.0,0.0
559.5999999999999,39.96227789,-106.21791756,2508.1992,30.906720000000004,0.0,0.0,0.0
559.6999999999999,39.96227793,-106.21791751,2508.1992,30.906720000000004,0.0,0.0,0.0
559.8,39.96227799,-106.21791746,2508.1992,30.906720000000004,0.0,0.0,0.0
559.9,39.96227806,-106.21791744,2508.1992,30.906720000000004,0.0,0.0,0.0
560.0,39.9622781,-106.21791739,2508.1992,30.906720000000004,0.0,0.0,0.0
560.0999999999999,39.96227815,-106.21791731,2508.1992,30.906720000000004,0.0,0.0,0.0
560.1999999999999,39.9622782,-106.21791722,2508.1992,30.906720000000004,0.0,0.0,0.0
560.3,39.96227826,-106.21791711,2508.1992,30.906720000000004,0.0,0.0,0.0
560.4,39.96227832,-106.21791701,2508.1992,30.906720000000004,0.0,0.0,0.0
560.5,39.96227833,-106.21791691,2508.1992,30.906720000000004,0.0,0.0,0.0
560.5999999999999,39.96227833,-106.21791682,2508.1992,30.906720000000004,0.0,0.0,0.0
560.6999999999999,39.96227812,-106.2179168,2508.1992,30.906720000000004,0.0,0.0,0.0
560.8,39.96227807,-106.21791674,2508.1992,30.906720000000004,0.0,0.0,0.0
560.9,39.96227806,-106.21791667,2508.1992,30.906720000000004,0.0,0.0,0.0
561.0,39.96227803,-106.21791662,2508.1992,30.906720000000004,0.0,0.0,0.0
561.0999999999999,39.96227797,-106.21791668,2508.1992,30.906720000000004,0.0,0.0,0.0
561.1999999999999,39.96227793,-106.2179167,2508.1992,30.906720000000004,0.491744,0.0,0.0
561.3,39.96227789,-106.21791674,2508.1992,30.906720000000004,0.0,0.0,0.0
561.4,39.96227786,-106.21791679,2508.1992,30.906720000000004,0.0,0.0,0.0
561.5,39.96227777,-106.21791696,2508.1992,30.906720000000004,0.0,0.0,0.0
561.5999999999999,39.96227773,-106.21791702,2508.1992,30.906720000000004,0.0,0.0,0.0
561.6999999999999,39.96227773,-106.21791707,2508.1992,30.906720000000004,0.0,0.0,0.0
561.8,39.96227773,-106.21791709,2508.1992,30.906720000000004,0.0,0.0,0.0
561.9,39.96227772,-106.21791708,2508.1992,30.906720000000004,0.0,0.0,0.0
562.0,39.96227775,-106.21791702,2508.1992,30.906720000000004,0.0,0.0,0.0
562.0999999999999,39.96227777,-106.21791701,2508.1992,30.906720000000004,0.0,0.0,0.0
562.1999999999999,39.96227778,-106.21791699,2508.1992,30.906720000000004,0.0,0.0,0.0
562.3,39.96227775,-106.21791696,2508.1992,30.906720000000004,0.0,0.0,0.0
562.4,39.9622777,-106.21791692,2508.1992,30.906720000000004,0.0,0.0,0.0
562.5,39.9622777,-106.21791692,2508.1992,30.906720000000004,0.0,0.0,0.0
562.5999999999999,39.9622777,-106.21791692,2508.1992,30.906720000000004,0.0,0.0,0.0
562.6999999999999,39.96227772,-106.21791694,2508.1992,30.906720000000004,0.0,0.0,0.0
562.8,39.96227779,-106.21791699,2508.1992,30.906720000000004,0.0,0.0,0.0
562.9,39.96227779,-106.21791701,2508.504,30.99816,0.0,0.0,0.0
563.0999999999999,39.96227783,-106.21791709,2508.504,30.99816,0.0,0.0,0.0
563.1999999999999,39.9622777,-106.2179172,2508.1992,30.906720000000004,0.0,0.0,0.0
563.3,39.96227767,-106.2179172,2508.1992,30.906720000000004,0.0,0.0,0.0
563.4,39.96227766,-106.2179172,2508.1992,30.906720000000004,0.0,0.0,0.0
563.5,39.96227767,-106.21791724,2508.1992,30.906720000000004,0.0,0.0,0.0
563.5999999999999,39.96227767,-106.21791727,2508.1992,30.906720000000004,0.0,0.0,0.0
563.6999999999999,39.96227765,-106.21791742,2508.1992,30.906720000000004,0.0,0.0,0.0
563.8,39.96227766,-106.21791746,2508.1992,30.906720000000004,0.0,0.0,0.0
563.9,39.96227768,-106.21791748,2508.1992,30.906720000000004,0.0,0.0,0.0
564.0,39.96227769,-106.21791749,2508.1992,30.906720000000004,0.0,0.0,0.0
564.0999999999999,39.96227765,-106.21791739,2508.1992,30.906720000000004,0.0,0.0,0.0
564.1999999999999,39.96227763,-106.21791736,2508.1992,30.906720000000004,0.0,0.0,0.0
564.3,39.9622776,-106.21791734,2508.1992,30.906720000000004,0.0,0.0,0.0
564.4,39.96227758,-106.21791733,2508.1992,30.906720000000004,0.0,0.0,0.0
564.5,39.96227752,-106.21791729,2508.1992,30.906720000000004,0.0,0.0,0.0
564.5999999999999,39.9622775,-106.2179173,2508.1992,30.906720000000004,0.0,0.0,0.0
564.6999999999999,39.96227745,-106.21791732,2508.1992,30.906720000000004,0.0,0.0,0.0
564.8,39.96227742,-106.21791733,2508.1992,30.906720000000004,0.0,0.0,0.0
564.9,39.96227738,-106.21791736,2508.1992,30.906720000000004,0.0,0.0,0.0
565.0,39.9622774,-106.21791737,2508.1992,30.906720000000004,0.0,0.0,0.0
565.0999999999999,39.96227741,-106.21791738,2508.1992,30.906720000000004,0.0,0.0,0.0
565.1999999999999,39.96227743,-106.2179174,2508.1992,30.906720000000004,0.0,0.0,0.0
565.3,39.96227747,-106.21791743,2508.1992,30.906720000000004,0.0,0.0,0.0
565.4,39.96227751,-106.2179175,2508.1992,30.906720000000004,0.0,0.0,0.0
565.5,39.9622776,-106.2179175,2508.1992,30.906720000000004,0.0,0.0,0.0
565.5999999999999,39.96227767,-106.21791751,2508.1992,30.906720000000004,0.0,0.0,0.0
565.6999999999999,39.9622777,-106.2179175,2508.1992,30.906720000000004,0.0,0.0,0.0
565.8,39.96227777,-106.21791746,2508.1992,30.906720000000004,0.0,0.0,0.0
565.9,39.96227782,-106.21791751,2508.1992,30.906720000000004,0.0,0.0,0.0
566.0,39.96227784,-106.21791754,2508.1992,30.906720000000004,0.0,0.0,0.0
566.0999999999999,39.96227782,-106.21791749,2508.1992,30.906720000000004,0.0,0.0,0.0
566.1999999999999,39.96227772,-106.21791739,2508.1992,30.906720000000004,0.0,0.0,0.0
566.3,39.96227773,-106.2179174,2508.1992,30.906720000000004,0.0,0.0,0.0
566.4,39.96227773,-106.21791739,2508.1992,30.906720000000004,0.0,0.0,0.0
566.5,39.96227771,-106.21791733,2508.1992,30.906720000000004,0.0,0.0,0.0
566.5999999999999,39.96227769,-106.21791728,2508.1992,30.906720000000004,0.0,0.0,0.0
566.6999999999999,39.96227752,-106.21791725,2508.1992,30.906720000000004,0.491744,0.0,0.0
566.8,39.96227749,-106.21791725,2508.1992,30.906720000000004,0.0,0.0,0.0
566.9,39.96227749,-106.21791728,2508.1992,30.906720000000004,0.0,0.0,0.0
567.0,39.96227749,-106.21791731,2508.1992,30.906720000000004,0.0,0.0,0.0
567.0999999999999,39.96227742,-106.21791742,2508.1992,30.906720000000004,0.0,0.0,0.0
567.1999999999999,39.9622774,-106.21791745,2508.1992,30.906720000000004,0.0,0.0,0.0
567.3,39.9622774,-106.21791747,2508.1992,30.906720000000004,0.0,0.0,0.0
567.5,39.96227736,-106.21791761,2508.1992,30.906720000000004,0.0,0.0,0.0
567.5999999999999,39.96227736,-106.21791764,2508.1992,30.906720000000004,0.0,0.0,0.0
567.6999999999999,39.96227739,-106.21791764,2508.1992,30.7848,0.0,0.0,0.0
567.8,39.96227743,-106.21791762,2508.1992,30.906720000000004,0.0,0.0,0.0
567.9,39.9622775,-106.21791752,2508.1992,30.906720000000004,0.0,0.0,0.0
568.0,39.96227754,-106.21791751,2508.1992,30.906720000000004,0.0,0.0,0.0
568.0999999999999,39.96227756,-106.21791757,2508.1992,30.906720000000004,0.0,0.0,0.0
568.1999999999999,39.96227758,-106.21791764,2508.1992,30.906720000000004,0.0,0.0,0.0
568.3,39.96227751,-106.21791775,2508.1992,30.906720000000004,0.491744,0.0,0.0
568.4,39.96227753,-106.2179178,2508.1992,30.906720000000004,0.0,0.0,0.0
568.5,39.96227755,-106.21791785,2508.1992,30.906720000000004,0.0,0.0,0.0
568.5999999999999,39.96227759,-106.21791789,2508.1992,30.906720000000004,0.0,0.0,0.0
568.6999999999999,39.96227763,-106.21791788,2508.1992,30.906720000000004,0.0,0.0,0.0
568.8,39.96227763,-106.21791785,2508.1992,30.906720000000004,0.0,0.0,0.0
568.9,39.96227772,-106.2179178,2508.1992,30.906720000000004,0.0,0.0,0.0
569.0,39.96227779,-106.21791776,2508.1992,30.906720000000004,0.0,0.0,0.0
569.0999999999999,39.96227782,-106.21791773,2508.1992,30.906720000000004,0.0,0.0,0.0
569.1999999999999,39.96227783,-106.21791761,2508.1992,30.906720000000004,0.0,0.0,0.0
569.3,39.96227786,-106.21791762,2508.1992,30.906720000000004,0.0,0.0,0.0
569.4,39.96227788,-106.21791762,2508.1992,30.7848,0.0,0.0,0.0
569.5,39.9622779,-106.21791759,2508.1992,30.906720000000004,0.0,0.0,0.0
569.5999999999999,39.9622779,-106.21791754,2508.1992,30.906720000000004,0.0,0.0,0.0
569.6999999999999,39.96227782,-106.21791752,2508.1992,30.906720000000004,0.0,0.0,0.0
569.8,39.96227776,-106.21791749,2508.1992,30.906720000000004,0.0,0.0,0.0
569.9,39.96227778,-106.21791746,2508.1992,30.906720000000004,0.0,0.0,0.0
570.0,39.96227779,-106.21791745,2508.1992,30.906720000000004,0.0,0.0,0.0
570.0999999999999,39.96227769,-106.21791746,2508.1992,30.906720000000004,0.0,0.0,0.0
570.1999999999999,39.96227766,-106.21791753,2508.1992,30.906720000000004,0.0,0.0,0.0
570.3,39.96227768,-106.21791762,2508.1992,30.906720000000004,0.491744,0.0,0.0
570.4,39.96227768,-106.21791772,2508.1992,30.906720000000004,0.0,0.0,0.0
570.5,39.96227759,-106.21791797,2508.1992,30.906720000000004,0.491744,0.0,0.0
570.5999999999999,39.96227756,-106.21791809,2508.1992,30.906720000000004,0.0,0.0,0.0
570.6999999999999,39.96227756,-106.21791818,2508.1992,30.906720000000004,0.0,0.0,0.0
570.8,39.96227757,-106.21791825,2508.1992,30.906720000000004,0.491744,0.0,0.0
570.9,39.96227759,-106.2179182,2508.1992,30.906720000000004,0.0,0.0,0.0
571.0,39.96227762,-106.21791819,2508.1992,30.906720000000004,0.0,0.0,0.0
571.0999999999999,39.9622776,-106.21791815,2508.504,30.99816,0.0,0.0,0.0
571.1999999999999,39.96227758,-106.21791813,2508.504,30.99816,0.0,0.0,0.0
571.3,39.96227752,-106.21791815,2508.504,30.99816,0.0,0.0,0.0
571.4,39.96227751,-106.21791819,2508.504,30.99816,0.0,0.0,0.0
571.5,39.96227747,-106.21791822,2508.504,30.99816,0.0,0.0,0.0
571.5999999999999,39.96227744,-106.21791825,2508.504,30.99816,0.0,0.0,0.0
571.6999999999999,39.96227731,-106.21791829,2508.504,30.99816,0.0,0.0,0.0
571.8,39.96227726,-106.21791833,2508.504,30.99816,0.0,0.0,0.0
571.9,39.96227721,-106.21791834,2508.504,30.99816,0.0,0.0,0.0
572.0,39.9622772,-106.21791843,2508.504,30.99816,0.0,0.0,270.0
572.0999999999999,39.96227728,-106.21791879,2508.504,30.99816,0.0,0.0,299.05460409907715
572.1999999999999,39.96227737,-106.21791944,2508.504,30.99816,0.67056,0.089408,293.6293777306568
572.3,39.96227771,-106.21792056,2508.504,30.99816,0.67056,0.0,292.16634582208246
572.4,39.96227815,-106.21792193,2508.504,30.99816,1.0728959999999998,0.0,290.92450174492114
572.5,39.96227881,-106.21792402,2508.1992,30.906720000000004,1.519936,0.0,294.22774531795415
572.5999999999999,39.96227971,-106.21792693,2508.1992,30.906720000000004,2.2352,0.0,295.08359400619094
572.6999999999999,39.96228071,-106.21792976,2508.1992,30.906720000000004,2.68224,0.0,294.0573494500117
572.8,39.96228174,-106.21793268,2508.1992,30.906720000000004,2.68224,0.0,294.7174409110834
572.9,39.96228302,-106.2179364,2508.1992,30.906720000000004,3.084576,0.0,296.23193993315664
573.0,39.96228441,-106.21794035,2508.1992,30.906720000000004,3.665728,0.0,295.3461759419467
573.0999999999999,39.96228624,-106.21794541,2508.1992,30.906720000000004,4.202176,0.0,295.7307056015312
573.1999999999999,39.96228803,-106.21795027,2508.1992,30.906720000000004,4.69392,0.0,296.0646640782858
573.3,39.96228998,-106.21795544,2508.1992,30.906720000000004,4.738624,0.0,296.08559977828145
573.4,39.96229186,-106.21796041,2508.1992,30.906720000000004,4.828032,0.0,296.34211152588045
573.5,39.96229411,-106.21796641,2508.1992,30.906720000000004,5.230368,0.0,296.1468412355809
573.5999999999999,39.96229632,-106.21797229,2508.1992,30.7848,5.677408,0.0,296.565051177078
573.6999999999999,39.96229887,-106.217979,2508.1992,30.7848,5.945632,0.0,296.74810416292144
573.8,39.96230134,-106.21798547,2508.1992,30.7848,6.25856,0.0,296.21675285641925
573.9,39.96230406,-106.2179928,2508.1992,30.7848,6.526784,0.0,296.39993411396694
574.0,39.96230668,-106.21799976,2508.1992,30.7848,6.795007999999999,0.0,296.725094837684
574.0999999999999,39.96230987,-106.2180082,2508.1992,30.7848,7.286752,0.0,295.95876926156063
574.1999999999999,39.96231285,-106.21801614,2508.1992,30.7848,7.778496,0.0,295.83053014282314
574.3,39.96231607,-106.21802475,2508.1992,30.7848,7.867904,0.0,295.5724018504896
574.4,39.96231921,-106.21803317,2508.1992,30.7848,8.091424,0.0,295.74070835623286
574.5,39.96232256,-106.21804218,2508.1992,30.7848,8.27024,0.0,296.2979399210212
574.5999999999999,39.96232588,-106.21805102,2508.1992,30.7848,8.449055999999999,0.0,295.92130546290264
574.6999999999999,39.96232928,-106.21806016,2508.1992,30.69336,8.538464000000001,0.0,296.4382908097503
574.8,39.96233268,-106.21806912,2508.1992,30.69336,8.583167999999999,0.0,296.07535558394875
574.9,39.96233683,-106.21808008,2508.1992,30.69336,9.477248,0.0,296.565051177078
575.0,39.96234046,-106.21808971,2508.1992,30.69336,9.790176,0.0,296.44859650103257
575.0999999999999,39.96234487,-106.21810151,2508.1992,30.69336,10.147808,0.0,295.9921124793945
575.1999999999999,39.96234884,-106.21811205,2508.1992,30.69336,10.594848,0.0,295.90013967904343
575.3,39.96235306,-106.21812337,2508.1992,30.69336,10.371328,0.0,296.12685108235075
575.4,39.96235716,-106.21813431,2508.1992,30.69336,10.550144,0.0,296.0295921915135
575.5,39.96236133,-106.21814537,2508.1992,30.69336,10.460736,0.0,296.0394165706204
575.5999999999999,39.96236544,-106.21815645,2508.1992,30.69336,10.50544,0.0,296.15433577831294
575.6999999999999,39.96237001,-106.21816852,2508.1992,30.69336,10.997184,0.0,295.9533757023642
575.8,39.96237442,-106.21818017,2508.1992,30.69336,11.310112,0.0,295.96406853823004
575.9,39.96237934,-106.2181932,2508.1992,30.69336,11.712448,0.0,296.0711342784592
576.0,39.96238386,-106.2182049,2507.8944,30.601920000000003,11.757152,0.0,295.68814343564736
576.0999999999999,39.96238853,-106.21821738,2507.8944,30.601920000000003,11.488928,0.0,295.8898796417981
576.1999999999999,39.96239303,-106.21822947,2507.8944,30.601920000000003,11.667744,-0.089408,295.9987192473386
576.3,39.96239792,-106.21824256,2508.1992,30.69336,11.935968,-0.089408,295.814903802975
576.4,39.96240247,-106.21825458,2508.1992,30.69336,11.935968,-0.089408,295.737400858718
576.5,39.96240757,-106.21826819,2507.8944,30.601920000000003,12.159488,-0.089408,295.7504741273183
576.5999999999999,39.96241222,-106.21828065,2508.1992,30.69336,12.383008,-0.089408,295.6768156818382
576.6999999999999,39.96241772,-106.21829549,2507.8944,30.601920000000003,12.919455999999998,-0.089408,296.03780428541063
576.8,39.96242252,-106.21830838,2507.8944,30.601920000000003,13.142976,-0.089408,295.69699972733247
576.9,39.96242806,-106.21832322,2507.8944,30.601920000000003,13.142976,-0.089408,295.8768466840383
577.0,39.96243327,-106.21833715,2507.8944,30.601920000000003,13.63472,-0.089408,295.97001254625013
577.1999999999999,39.96244457,-106.2183674,2507.8944,30.601920000000003,13.947648,-0.089408,295.8155851817628
577.3,39.96245041,-106.21838308,2507.8944,30.601920000000003,14.5288,0.0,295.8155851817628
577.4,39.96245577,-106.21839747,2507.8944,30.601920000000003,14.260576,0.0,295.5744447721001
577.5,39.96246108,-106.21841182,2507.8944,30.51048,13.590016,0.0,295.9112047598542
577.5999999999999,39.96246641,-106.21842618,2507.8944,30.51048,13.590016,0.0,295.9112047598542
577.6999999999999,39.96247117,-106.21843887,2507.8944,30.51048,12.830048,-0.089408,296.0788186108115
577.8,39.96247638,-106.21845279,2507.8944,30.51048,12.606528,-0.089408,295.92040013037763
577.9,39.96248216,-106.21846831,2507.8944,30.601920000000003,13.947648,-0.089408,296.24361960102993
578.0,39.96248771,-106.21848314,2507.8944,30.51048,14.394688,-0.089408,296.0072517535321
578.0999999999999,39.96249414,-106.21850035,2507.8944,30.601920000000003,15.19936,-0.312928,296.1699141345705
578.1999999999999,39.96249981,-106.2185154,2507.8944,30.601920000000003,15.288768,-0.22352,296.0149028495681
578.3,39.96250572,-106.21853124,2508.1992,30.69336,14.662912,-0.22352,296.0149028495681
578.4,39.962511,-106.21854548,2508.1992,30.69336,14.260576,-0.089408,295.54621858391266
578.5,39.96251658,-106.21856057,2508.1992,30.69336,13.85824,-0.089408,295.54621858391266
578.5999999999999,39.96252157,-106.21857421,2507.8944,30.601920000000003,13.590016,-0.22352,295.321376154354
578.6999999999999,39.96252815,-106.21859201,2507.8944,30.601920000000003,14.886432,-0.22352,295.321376154354
578.8,39.96253376,-106.21860727,2508.1992,30.69336,15.6464,-0.22352,295.1735245245302
578.9,39.96253977,-106.21862379,2508.1992,30.69336,15.020544,-0.22352,295.48558145642653
579.0,39.96254618,-106.2186415,2508.1992,30.69336,16.138144,-0.089408,295.48558145642653
579.0999999999999,39.96255243,-106.21865852,2507.8944,30.601920000000003,16.406368,-0.089408,295.02727879238057
579.1999999999999,39.96255806,-106.21867396,2507.8944,30.601920000000003,15.333472,-0.089408,295.3380199591529
579.3,39.96256393,-106.21869017,2508.1992,30.69336,14.931136,-0.089408,295.1920463674279
579.4,39.96256895,-106.21870402,2508.1992,30.69336,14.171168,-0.089408,295.1920463674279
579.5,39.96257493,-106.21872026,2507.8944,30.601920000000003,14.215872,0.0,295.3380199591529
579.5999999999999,39.96258056,-106.2187356,2507.8944,30.601920000000003,14.931136,0.0,295.3380199591529
579.6999999999999,39.96258654,-106.21875222,2507.8944,30.601920000000003,15.065248,-0.089408,295.02727879238057
579.8,39.96259167,-106.21876657,2507.8944,30.601920000000003,14.573504,-0.089408,295.02727879238057
579.9,39.96259775,-106.21878368,2507.8944,30.51048,14.797024,0.0,294.71495594862176
580.0,39.96260295,-106.21879839,2507.8944,30.601920000000003,14.931136,-0.089408,294.40105802313604
580.0999999999999,39.96260897,-106.21881564,2507.8944,30.601920000000003,14.97584,-0.089408,294.2590844530829
580.1999999999999,39.96261436,-106.21883156,2507.8944,30.601920000000003,15.467584,-0.22352,294.2590844530829
580.3,39.96262009,-106.21884803,2507.8944,30.601920000000003,15.109951999999998,-0.22352,294.571625283552
580.4,39.96262527,-106.2188629,2507.8944,30.601920000000003,14.662912,-0.22352,294.35953080490447
580.5,39.96263132,-106.21888018,2507.8944,30.601920000000003,15.065248,-0.089408,294.35953080490447
580.5999999999999,39.96263653,-106.21889505,2507.8944,30.601920000000003,15.065248,-0.089408,294.5277204802581
580.6999999999999,39.96264222,-106.21891144,2507.8944,30.601920000000003,14.618208,-0.089408,294.5277204802581
580.8,39.96264802,-106.21892805,2507.8944,30.601920000000003,15.467584,-0.089408,294.5277204802581
581.0,39.96265914,-106.21895963,2507.8944,30.601920000000003,15.065248,-0.22352,294.5277204802581
581.0999999999999,39.96266527,-106.21897701,2507.8944,30.601920000000003,15.288768,-0.312928,295.1920463674279
581.1999999999999,39.96267083,-106.2189925,2507.8944,30.601920000000003,15.42288,-0.491744,295.1735245245302
581.3,39.96267631,-106.21900761,2507.8944,30.601920000000003,14.394688,-0.491744,295.210604992321
581.4,39.96268165,-106.21902232,2507.8944,30.601920000000003,14.037056,-0.402336,295.08359400619094
581.5,39.9626869,-106.21903693,2508.1992,30.69336,13.813536,-0.312928,295.2825240943678
581.5999999999999,39.96269209,-106.2190513,2508.1992,30.69336,13.63472,-0.312928,295.5057738007934
581.6999999999999,39.96269673,-106.21906406,2508.1992,30.69336,12.785344,-0.22352,295.38479796475417
581.8,39.96270125,-106.2190765,2508.1992,30.69336,11.891264,-0.089408,295.0674634380605
581.9,39.96270601,-106.21908956,2508.1992,30.69336,12.025376,0.0,295.2239233973608
582.0,39.96271004,-106.2191007,2508.1992,30.69336,11.39952,0.0,295.2941928501375
582.0999999999999,39.9627146,-106.21911339,2508.1992,30.69336,11.220704,0.0,294.48068283917627
582.1999999999999,39.96271907,-106.21912592,2508.1992,30.69336,11.84656,0.0,294.5377284765778
582.3,39.96272345,-106.21913824,2508.1992,30.69336,11.667744,0.0,294.7273143866901
582.4,39.96272728,-106.21914945,2508.1992,30.69336,10.997184,-0.089408,295.188522858453
582.5,39.96273148,-106.21916105,2508.1992,30.69336,10.684256,-0.22352,294.77514056883194
582.5999999999999,39.96273536,-106.21917172,2508.1992,30.69336,10.50544,-0.089408,295.0636910006474
582.6999999999999,39.96273931,-106.21918269,2507.8944,30.601920000000003,10.192512,-0.089408,294.83309312443623
582.8,39.96274323,-106.2191932,2508.1992,30.69336,10.147808,-0.089408,294.87654892225703
582.9,39.96274648,-106.2192023,2507.8944,30.601920000000003,9.253728,-0.089408,294.0874523086323
583.0,39.96274936,-106.21921048,2508.1992,30.69336,8.091424,-0.089408,294.0944306630845
583.0999999999999,39.96275216,-106.21921866,2508.1992,30.69336,7.644384,-0.089408,294.06872330187485
583.1999999999999,39.9627542,-106.21922524,2508.1992,30.69336,6.8397120000000005,-0.089408,293.34766852809105
583.3,39.96275653,-106.2192321,2508.1992,30.69336,6.213856,0.0,294.0442232693678
583.4,39.96275868,-106.21923852,2508.1992,30.69336,6.169152,0.0,292.8548199617767
583.5,39.96276076,-106.21924476,2508.1992,30.69336,5.900928,0.0,293.13569725733583
583.5999999999999,39.96276252,-106.21925019,2508.1992,30.69336,5.409184,0.0,291.60552724263846
583.6999999999999,39.96276391,-106.21925527,2508.1992,30.69336,4.783328,0.0,291.8014094863518
583.8,39.96276516,-106.21925963,2508.1992,30.69336,4.291583999999999,0.0,290.3948760820484
583.9,39.96276629,-106.21926367,2508.1992,30.7848,3.844544,0.0,290.4622715234222
584.0,39.96276717,-106.21926694,2508.1992,30.7848,3.308096,0.0,289.6538240580533
584.0999999999999,39.96276782,-106.21926968,2508.1992,30.7848,2.726944,0.0,290.409882833804
584.1999999999999,39.96276836,-106.21927161,2508.1992,30.906720000000004,2.101088,0.0,292.7509763427876
584.3,39.96276882,-106.21927301,2508.1992,30.906720000000004,1.519936,0.0,296.565051177078
584.4,39.96276912,-106.2192738,2508.1992,30.7848,1.0728959999999998,0.0,307.8749836510982
584.5,39.96276946,-106.21927428,2508.1992,30.7848,0.491744,0.0,338.1985905136482
584.5999999999999,39.9627696,-106.21927442,2508.1992,30.7848,0.67056,0.0,0.0
584.6999999999999,39.96276972,-106.21927427,2508.1992,30.906720000000004,0.0,0.0,0.0
584.8,39.96276977,-106.21927409,2508.1992,30.906720000000004,0.0,0.0,90.0
584.9,39.9627699,-106.21927372,2508.504,30.99816,0.0,0.0,0.0
585.0,39.96276989,-106.21927357,2508.504,30.99816,0.0,0.0,0.0
585.0999999999999,39.96276988,-106.21927354,2508.504,30.99816,0.0,0.0,0.0
585.1999999999999,39.96276986,-106.2192735,2508.504,30.99816,0.0,0.0,0.0
585.3,39.96276985,-106.21927343,2508.504,30.99816,0.491744,0.0,0.0
585.4,39.96276995,-106.21927389,2508.504,30.99816,0.0,0.0,0.0
585.5,39.96276996,-106.21927386,2508.504,30.99816,0.0,0.0,90.0
585.5999999999999,39.96276997,-106.2192738,2508.504,31.0896,0.0,0.0,90.0
585.6999999999999,39.96276995,-106.21927362,2508.504,31.0896,0.0,0.0,90.0
585.8,39.96277009,-106.2192737,2508.504,31.211520000000004,0.0,0.0,111.80140948635182
585.9,39.96276993,-106.21927343,2508.504,31.0896,0.0,0.0,90.0
586.0,39.96276979,-106.21927319,2508.504,31.211520000000004,0.0,0.0,111.80140948635182
586.0999999999999,39.9627697,-106.21927288,2508.504,31.211520000000004,0.0,0.0,111.80140948635182
586.3,39.96276936,-106.21927221,2508.8088,31.30296,0.0,0.089408,111.80140948635182
586.4,39.96276921,-106.21927194,2508.8088,31.30296,0.44704,0.0,90.0
586.5,39.96276908,-106.21927173,2508.8088,31.30296,0.0,0.0,90.0
586.5999999999999,39.96276894,-106.2192716,2508.8088,31.3944,0.0,0.0,90.0
586.6999999999999,39.96276867,-106.21927153,2508.8088,31.3944,0.0,0.0,90.0
586.8,39.96276848,-106.21927146,2508.8088,31.48584,0.0,0.0,0.0
586.9,39.96276852,-106.21927136,2508.8088,31.48584,0.0,0.0,90.0
587.0,39.96276858,-106.21927125,2508.8088,31.48584,0.0,0.0,90.0
587.0999999999999,39.96276855,-106.21927095,2508.8088,31.48584,0.0,0.0,90.0
587.1999999999999,39.96276854,-106.21927084,2508.8088,31.48584,0.0,0.0,0.0
587.3,39.96276853,-106.21927078,2508.8088,31.48584,0.491744,0.0,90.0
587.4,39.96276853,-106.21927075,2508.8088,31.48584,0.0,0.0,0.0
587.5,39.96276837,-106.21927052,2508.8088,31.48584,0.0,0.0,0.0
587.5999999999999,39.96276836,-106.21927049,2508.8088,31.48584,0.0,0.0,0.0
587.6999999999999,39.96276831,-106.21927051,2508.8088,31.48584,0.0,0.0,0.0
587.8,39.96276827,-106.21927054,2508.8088,31.48584,0.0,0.0,0.0
587.9,39.96276797,-106.21927063,2509.1136,31.607760000000003,0.0,0.0,0.0
588.0,39.96276797,-106.21927075,2508.8088,31.48584,0.0,0.0,0.0
588.0999999999999,39.96276802,-106.21927089,2508.8088,31.48584,0.0,0.089408,0.0
588.1999999999999,39.96276805,-106.21927102,2508.8088,31.48584,0.0,0.0,0.0
588.3,39.96276787,-106.21927107,2508.8088,31.3944,0.0,0.089408,270.0
588.4,39.96276785,-106.21927119,2508.8088,31.3944,0.0,0.089408,270.0
588.5,39.96276782,-106.21927136,2508.8088,31.3944,0.0,0.089408,270.0
588.5999999999999,39.9627678,-106.21927153,2508.8088,31.3944,0.0,0.089408,270.0
588.6999999999999,39.96276771,-106.21927172,2508.8088,31.3944,0.0,0.0,270.0
588.8,39.96276734,-106.21927189,2508.8088,31.30296,0.0,0.0,270.0
588.9,39.96276731,-106.21927214,2508.8088,31.3944,0.0,0.0,270.0
589.0,39.96276731,-106.21927233,2508.8088,31.3944,0.0,0.0,270.0
589.0999999999999,39.96276737,-106.21927252,2508.8088,31.3944,0.0,0.0,270.0
589.1999999999999,39.96276735,-106.21927277,2508.8088,31.3944,0.0,0.0,0.0
589.3,39.96276743,-106.21927289,2508.8088,31.3944,0.0,0.0,0.0
589.4,39.96276751,-106.21927299,2508.8088,31.3944,0.491744,0.0,0.0
589.5,39.96276756,-106.21927307,2508.8088,31.3944,0.491744,0.0,0.0
589.5999999999999,39.96276747,-106.21927309,2508.8088,31.3944,0.0,0.0,0.0
589.6999999999999,39.9627675,-106.21927317,2508.8088,31.3944,0.0,0.0,0.0
589.8,39.96276753,-106.21927324,2508.8088,31.3944,0.0,0.0,0.0
589.9,39.96276753,-106.2192733,2508.8088,31.3944,0.0,0.0,0.0
590.0,39.96276749,-106.21927334,2508.8088,31.3944,0.0,0.0,0.0
590.0999999999999,39.96276732,-106.21927337,2508.8088,31.3944,0.0,0.0,0.0
590.1999999999999,39.9627672,-106.21927341,2508.8088,31.3944,0.0,0.0,0.0
590.3,39.96276718,-106.21927344,2508.8088,31.3944,0.0,0.0,0.0
590.4,39.96276718,-106.21927346,2508.8088,31.3944,0.0,0.0,0.0
590.5,39.96276723,-106.21927352,2508.8088,31.3944,0.0,0.0,0.0
590.5999999999999,39.9627673,-106.21927356,2508.8088,31.3944,0.0,0.0,0.0
590.6999999999999,39.96276736,-106.21927358,2508.8088,31.3944,0.0,0.0,0.0
590.8,39.96276742,-106.2192736,2508.8088,31.3944,0.67056,0.0,0.0
590.9,39.96276744,-106.21927361,2508.8088,31.3944,0.0,0.0,0.0
591.0,39.96276749,-106.21927362,2508.8088,31.48584,0.0,0.0,0.0
591.0999999999999,39.96276753,-106.21927359,2508.8088,31.3944,0.0,0.0,0.0
591.1999999999999,39.96276758,-106.21927358,2508.8088,31.48584,0.0,0.0,0.0
591.3,39.96276759,-106.21927357,2508.8088,31.48584,0.0,0.0,0.0
591.4,39.96276763,-106.21927358,2508.8088,31.48584,0.0,0.0,0.0
591.5,39.96276764,-106.21927355,2508.8088,31.48584,0.0,0.0,0.0
591.5999999999999,39.96276767,-106.21927352,2509.1136,31.607760000000003,0.0,0.0,0.0
591.6999999999999,39.96276761,-106.21927346,2509.1136,31.607760000000003,0.0,0.0,0.0
591.8,39.96276765,-106.21927344,2509.1136,31.607760000000003,0.0,0.0,0.0
591.9,39.96276768,-106.21927347,2509.1136,31.607760000000003,0.0,0.0,0.0
592.0,39.96276772,-106.2192735,2508.8088,31.48584,0.0,0.0,0.0
592.0999999999999,39.96276772,-106.21927374,2508.8088,31.48584,0.0,0.0,0.0
592.1999999999999,39.96276778,-106.21927379,2508.8088,31.48584,0.0,0.0,0.0
592.3,39.96276783,-106.21927383,2508.8088,31.48584,0.0,0.0,0.0
592.4,39.96276788,-106.21927387,2508.8088,31.48584,0.0,0.0,0.0
592.5,39.96276791,-106.21927389,2508.8088,31.48584,0.491744,0.0,0.0
592.5999999999999,39.96276796,-106.2192739,2508.8088,31.48584,0.0,0.0,0.0
592.6999999999999,39.96276802,-106.2192739,2508.8088,31.48584,0.0,0.0,0.0
592.8,39.96276808,-106.2192739,2508.8088,31.48584,0.0,0.22352,0.0
592.9,39.96276817,-106.21927393,2508.8088,31.48584,0.0,0.491744,0.0
593.0,39.96276822,-106.21927396,2508.8088,31.3944,0.0,0.89408,0.0
593.0999999999999,39.96276827,-106.21927393,2508.8088,31.30296,0.0,1.385824,0.0
593.1999999999999,39.96276833,-106.21927392,2508.504,31.0896,0.0,1.78816,0.0
593.3,39.96276841,-106.21927392,2508.1992,30.7848,0.0,2.190496,0.0
593.4,39.96276839,-106.21927387,2507.8944,30.601920000000003,0.0,2.503424,0.0
593.5,39.96276838,-106.21927394,2507.8944,30.38856,0.0,2.414016,0.0
593.5999999999999,39.96276834,-106.21927396,2507.5896,30.20568,0.0,2.101088,0.0
593.6999999999999,39.96276828,-106.21927384,2507.2848,29.992320000000003,0.0,1.78816,90.0
593.8,39.96276817,-106.21927364,2507.2848,29.80944,0.0,1.385824,90.0
593.9,39.96276795,-106.21927333,2506.98,29.687520000000003,0.0,0.983488,111.80140948635182
594.0,39.9627678,-106.21927311,2506.98,29.59608,0.0,0.581152,135.0
594.0999999999999,39.96276754,-106.21927297,2506.98,29.687520000000003,0.0,0.312928,180.0
594.1999999999999,39.96276736,-106.21927297,2506.98,29.687520000000003,0.0,0.0,0.0
594.3,39.96276703,-106.21927294,2506.98,29.687520000000003,0.0,0.0,270.0
594.4,39.96276696,-106.21927308,2506.98,29.687520000000003,0.0,0.0,270.0
594.5,39.96276691,-106.21927336,2507.2848,29.80944,0.0,-0.089408,270.0
594.5999999999999,39.9627669,-106.21927376,2507.2848,29.80944,0.0,0.0,270.0
594.6999999999999,39.96276701,-106.21927476,2507.2848,29.80944,0.67056,0.0,270.0
594.8,39.96276715,-106.21927584,2507.2848,29.80944,0.938784,0.0,274.5739212599009
594.9,39.96276738,-106.21927738,2506.98,29.687520000000003,0.938784,0.0,273.3664606634298
595.0,39.96276762,-106.21927912,2506.98,29.687520000000003,1.519936,0.0,277.1250163489018
595.0999999999999,39.96276806,-106.21928204,2506.98,29.687520000000003,2.01168,0.0,278.47114463301483
595.1999999999999,39.96276839,-106.21928473,2506.98,29.687520000000003,2.414016,0.0,277.38604315126724
595.3,39.96276876,-106.21928789,2506.98,29.687520000000003,2.592832,0.0,278.13010235415595
595.4,39.96276912,-106.21929113,2506.98,29.687520000000003,2.771648,0.0,277.4314079711725
595.5,39.9627696,-106.21929586,2506.98,29.59608,3.442208,0.0,276.581944655178
595.5999999999999,39.96277001,-106.21929992,2506.98,29.687520000000003,3.755136,0.0,276.0440921622411
595.6999999999999,39.96277045,-106.21930471,2506.98,29.59608,3.79984,-0.089408,276.9682567413785
595.8,39.96277097,-106.21930964,2506.98,29.687520000000003,4.202176,-0.22352,278.21920924889906
595.9,39.96277155,-106.21931445,2506.98,29.687520000000003,4.157472,-0.089408,280.4207123967945
596.0,39.96277201,-106.21931869,2506.98,29.687520000000003,3.933952,-0.089408,278.901716032892
596.0999999999999,39.96277271,-106.21932315,2506.98,29.687520000000003,3.755136,0.0,280.2348027634232
596.1999999999999,39.9627733,-106.21932674,2506.98,29.687520000000003,3.531616,0.0,279.90418321297386
596.3,39.96277385,-106.2193299,2506.98,29.687520000000003,2.950464,0.0,280.00797980144137
596.4,39.9627745,-106.2193319,2506.98,29.687520000000003,2.324608,0.0,279.2461127455632
596.5,39.9627748,-106.2193338,2506.98,29.687520000000003,1.78816,0.0,282.7243556854224
596.5999999999999,39.96277501,-106.21933512,2506.98,29.687520000000003,1.34112,0.0,281.30993247402023
596.6999999999999,39.96277513,-106.21933614,2506.98,29.687520000000003,1.162304,0.0,277.1250163489018
596.8,39.96277498,-106.21933537,2507.2848,29.80944,0.0,0.0,270.0
596.9,39.96277495,-106.21933536,2507.2848,29.80944,0.491744,0.0,0.0
597.0,39.96277481,-106.21933489,2507.2848,29.80944,0.0,0.0,119.05460409907715
597.0999999999999,39.96277456,-106.21933401,2506.98,29.687520000000003,0.491744,0.0,107.65012421993016
597.1999999999999,39.96277407,-106.21933226,2506.98,29.687520000000003,1.162304,0.0,106.18920625702695
597.3,39.96277359,-106.21933036,2506.98,29.687520000000003,1.654048,0.0,105.37625124882618
597.4,39.96277302,-106.21932799,2506.98,29.687520000000003,2.01168,0.0,104.3002774491856
597.5,39.96277233,-106.21932484,2507.2848,29.80944,2.503424,0.0,104.93141717813756
597.5999999999999,39.96277167,-106.2193217,2507.2848,29.80944,2.771648,0.0,104.62087398863169
597.6999999999999,39.96277103,-106.21931758,2507.2848,29.90088,3.12928,0.0,102.99461679191654
597.8,39.96277022,-106.21931309,2507.2848,29.90088,3.755136,0.0,102.94650951563692
597.9,39.96276933,-106.21930813,2507.2848,29.90088,4.157472,0.0,103.17255342332692
598.0,39.96276846,-106.21930328,2507.2848,29.90088,4.291583999999999,0.0,102.05676253383264
598.0999999999999,39.96276751,-106.2192974,2507.2848,29.90088,4.69392,0.0,102.58296249407692
598.1999999999999,39.96276656,-106.21929183,2507.2848,29.90088,4.962144,0.0,102.78345394142434
598.3,39.96276539,-106.21928478,2507.2848,29.90088,5.498592,0.0,101.91121543197158
598.4,39.96276428,-106.21927803,2507.2848,29.90088,5.990336,0.0,101.95187513002476
598.5,39.96276322,-106.21927107,2507.2848,29.992320000000003,5.945632,0.0,102.23150092123018
598.5999999999999,39.962762,-106.21926372,2507.2848,29.992320000000003,6.213856,0.0,101.52723527349576
598.6999999999999,39.96276072,-106.21925616,2507.2848,29.992320000000003,6.526784,0.0,102.07014548938793
598.8,39.96275925,-106.21924754,2507.2848,29.992320000000003,7.063232,0.0,102.0947570770121
598.9,39.96275765,-106.21923818,2507.2848,29.992320000000003,7.8232,0.0,102.1168619291226
599.0,39.96275582,-106.21922789,2507.2848,29.992320000000003,8.583167999999999,0.089408,102.1368244552923
599.0999999999999,39.96275405,-106.21921744,2507.2848,29.90088,9.074912,0.089408,101.76828893202064
599.1999999999999,39.96275231,-106.21920713,2507.2848,29.992320000000003,9.074912,0.0,102.07528858319358
599.3,39.9627504,-106.21919601,2507.2848,29.992320000000003,9.343136,0.0,102.20758091447352
599.4,39.96274842,-106.21918486,2507.2848,29.992320000000003,9.745472,0.0,102.72435568542238
599.5,39.96274633,-106.21917299,2507.2848,29.992320000000003,10.0584,0.0,102.2331942090363
599.5999999999999,39.96274426,-106.21916133,2507.2848,29.992320000000003,10.28192,0.089408,103.04848306828666
599.6999999999999,39.96274198,-106.21914867,2507.2848,29.992320000000003,10.639552,0.089408,103.18705990782904
599.8,39.96273963,-106.21913585,2507.5896,30.11424,11.176,0.0,103.16323248969952
599.9,39.96273718,-106.21912232,2507.2848,29.992320000000003,11.533632,0.089408,102.8139772142638
600.0,39.96273489,-106.21910982,2507.2848,29.992320000000003,11.39952,0.089408,102.89875110416445
600.0999999999999,39.96273224,-106.21909561,2507.2848,29.90088,11.712448,0.089408,103.22860315589293
600.1999999999999,39.96272951,-106.21908103,2507.2848,29.90088,12.651232,0.089408,103.29857033049429
600.3,39.96272666,-106.21906616,2507.2848,29.90088,12.919455999999998,0.0,103.36502654944104
600.4,39.96272404,-106.21905243,2507.2848,29.90088,12.561824,0.0,103.42822944822274
600.5,39.96272096,-106.21903597,2507.2848,29.90088,13.232384,0.0,103.71590299066554
600.5999999999999,39.96271825,-106.21902153,2507.2848,29.90088,13.545312,0.0,103.76809045148303
600.6999999999999,39.96271509,-106.21900442,2507.2848,29.80944,13.85824,0.0,103.11643612539147
600.8,39.96271221,-106.2189884,2507.2848,29.80944,14.5288,0.0,102.35535986508351
600.9,39.96270942,-106.21897186,2507.2848,29.80944,14.215872,0.0,101.48199135474812
601.0999999999999,39.96270454,-106.21893703,2507.2848,29.90088,14.886432,0.0,98.8646233884108
601.1999999999999,39.96270266,-106.21892044,2507.2848,29.90088,14.841728000000002,0.0,97.44629772642804
601.3,39.9627011,-106.21890281,2507.2848,29.90088,14.707616,0.0,95.86479791338051
601.4,39.96269998,-106.2188869,2507.2848,29.80944,14.349984,0.0,94.63546342690267
601.5,39.96269979,-106.21887073,2507.2848,29.90088,13.679424,0.0,93.09405805891708
601.5999999999999,39.96269923,-106.21885318,2507.2848,29.90088,14.394688,0.0,91.87508498313348
601.6999999999999,39.96269891,-106.21883621,2507.2848,29.90088,14.707616,0.0,90.84750888637603
601.8,39.96269879,-106.21881818,2507.2848,29.80944,14.931136,0.0,90.0
601.9,39.96269906,-106.21879981,2507.2848,29.80944,15.512288000000002,0.0,90.3350592186091
602.0,39.96269894,-106.21878319,2507.2848,29.80944,14.931136,0.0,90.83031548625804
602.0999999999999,39.96269858,-106.21876458,2507.2848,29.80944,15.020544,0.0,92.13324047861464
602.1999999999999,39.96269793,-106.21874578,2507.2848,29.80944,15.959328,0.0,93.26119043368902
602.3,39.96269691,-106.21872769,2506.98,29.687520000000003,15.735808,0.0,95.01876534108112
602.4,39.96269515,-106.21870796,2506.98,29.687520000000003,16.182848,0.0,96.41084002023246
602.5,39.96269322,-106.21868875,2506.98,29.59608,16.719296,0.0,97.83697420179952
602.5999999999999,39.96269103,-106.21867042,2506.98,29.59608,16.182848,0.0,99.20259697202164
602.6999999999999,39.96268843,-106.21865212,2506.98,29.59608,15.825216,0.0,100.6003279773392
602.8,39.96268455,-106.21863259,2506.98,29.59608,16.54048,0.0,101.9207385399223
602.9,39.96268128,-106.21861423,2506.98,29.59608,16.629888,0.0,103.35643092009552
603.0,39.96267766,-106.2185957,2506.98,29.59608,16.182848,0.0,104.63383097156616
603.0999999999999,39.96267331,-106.21857487,2506.98,29.59608,17.345152,0.0,105.67175906380491
603.1999999999999,39.96266863,-106.21855556,2506.98,29.687520000000003,17.836896,0.0,106.99082329198616
603.3,39.96266394,-106.21853606,2506.98,29.687520000000003,17.345152,0.0,107.57125877832244
603.4,39.96265923,-106.21851754,2506.98,29.687520000000003,17.032224,0.0,108.5780687072168
603.5,39.96265406,-106.2184982,2506.98,29.687520000000003,17.032224,0.0,109.57312583041022
603.5999999999999,39.96264927,-106.21848129,2506.98,29.687520000000003,16.406368,0.0,110.13630342824814
603.6999999999999,39.96264345,-106.21846153,2507.2848,29.80944,16.719296,-0.089408,111.11212874260252
603.8,39.96263797,-106.21844357,2507.2848,29.80944,17.255744,0.0,111.66407566615374
603.9,39.96263199,-106.21842441,2507.2848,29.80944,17.032224,0.0,111.93848046770648
604.0,39.96262646,-106.21840715,2507.2848,29.80944,16.808704,0.0,112.61986494804046
604.0999999999999,39.96262027,-106.21838795,2507.2848,29.80944,16.853408,-0.089408,112.89055165624836
604.1999999999999,39.96261418,-106.21836966,2507.2848,29.90088,17.389855999999998,0.0,113.27580849858616
604.3,39.96260766,-106.21835034,2507.2848,29.80944,17.479264,0.0,113.67973287765663
604.4,39.96260134,-106.21833196,2507.2848,29.90088,17.568672,0.0,114.21443464807794
604.5,39.96259512,-106.21831329,2507.2848,29.90088,17.255744,-0.089408,114.480118743327
604.5999999999999,39.96258866,-106.21829496,2507.2848,29.992320000000003,17.255744,-0.089408,114.87654892225704
604.6999999999999,39.96258142,-106.21827478,2507.2848,29.992320000000003,18.10512,0.0,114.87654892225704
604.8,39.96257482,-106.21825653,2507.2848,29.992320000000003,18.10512,0.089408,114.87654892225704
604.9,39.96256787,-106.21823724,2507.2848,29.992320000000003,17.702784,0.089408,115.26309850449913
605.0,39.96256154,-106.21822,2507.2848,29.992320000000003,17.21104,0.089408,115.71483375520648
605.0999999999999,39.96255412,-106.21820001,2507.2848,29.992320000000003,17.613376,0.089408,115.71483375520648
605.1999999999999,39.96254735,-106.21818193,2507.2848,29.992320000000003,18.015712,0.0,115.97775737772032
605.3,39.96254052,-106.21816318,2507.2848,29.992320000000003,17.43456,0.0,116.36994712013268
605.4,39.9625337,-106.21814515,2507.2848,29.992320000000003,17.43456,0.0,116.36994712013268
605.5,39.96252639,-106.21812614,2507.2848,29.992320000000003,17.613376,0.0,116.62993878185485
605.5999999999999,39.96251939,-106.21810805,2507.2848,29.992320000000003,17.702784,0.0,116.8887527019982
605.6999999999999,39.96251205,-106.21808905,2507.2848,29.992320000000003,17.702784,0.089408,116.8887527019982
605.8,39.96250497,-106.21807095,2507.5896,30.11424,17.702784,0.089408,117.1463863748724
605.9,39.96249748,-106.21805191,2507.5896,30.11424,17.792192,0.089408,117.1463863748724
606.0,39.96249057,-106.21803445,2507.2848,29.992320000000003,17.479264,0.089408,117.20520084660154
606.0999999999999,39.96248219,-106.21801345,2507.2848,29.992320000000003,18.462752,0.089408,117.20520084660154
606.1999999999999,39.962474,-106.21799324,2507.2848,29.992320000000003,19.848576,0.0,117.20520084660154
606.3,39.9624664,-106.21797423,2507.2848,29.992320000000003,18.865088,0.0,117.20520084660154
606.4,39.96245956,-106.2179571,2507.2848,29.992320000000003,17.389855999999998,0.0,117.20520084660154
606.5,39.96245203,-106.21793815,2507.2848,29.992320000000003,17.345152,0.0,117.20520084660154
606.5999999999999,39.962445,-106.21792045,2507.5896,30.11424,17.613376,0.089408,117.20520084660154
606.6999999999999,39.96243763,-106.21790196,2507.5896,30.11424,17.389855999999998,0.089408,117.20520084660154
606.8,39.96243058,-106.21788432,2507.5896,30.11424,17.345152,0.089408,117.4028375084888
606.9,39.96242299,-106.21786547,2507.5896,30.11424,17.568672,0.089408,117.91976642810864
607.0,39.96241612,-106.2178486,2507.2848,29.992320000000003,17.21104,0.089408,118.17406008312535
607.0999999999999,39.96240827,-106.21782981,2507.2848,29.992320000000003,17.255744,0.089408,118.67903626938062
607.1999999999999,39.96240068,-106.21781198,2507.2848,29.992320000000003,17.792192,0.089408,119.19380639932156
607.3,39.96239253,-106.21779321,2507.2848,29.992320000000003,17.8816,0.089408,119.83371189167995
607.4,39.96238418,-106.21777495,2507.2848,29.992320000000003,18.239232,0.089408,120.81570575172918
607.5,39.96237552,-106.21775655,2507.2848,29.992320000000003,18.239232,0.089408,121.85275762473054
607.5999999999999,39.96236702,-106.21773931,2507.2848,29.992320000000003,17.926304000000002,0.089408,123.24841294172673
607.6999999999999,39.9623578,-106.21772164,2507.2848,29.992320000000003,17.836896,0.089408,124.89696299914846
607.8,39.96234876,-106.21770523,2507.2848,29.90088,17.702784,0.089408,126.48968621124754
608.0,39.96232911,-106.21767341,2507.2848,29.90088,17.345152,0.089408,130.2451231523312
608.0999999999999,39.96231866,-106.21765795,2507.2848,29.80944,17.479264,0.0,131.89728393789795
608.1999999999999,39.9623085,-106.21764382,2507.2848,29.80944,17.032224,0.0,133.81325152028035
608.3,39.96229733,-106.21763009,2507.2848,29.80944,16.764,0.0,135.7697626213428
608.4,39.96228737,-106.21761787,2507.2848,29.80944,16.138144,0.0,137.45085263777105
608.5,39.96227617,-106.21760501,2507.2848,29.80944,15.914624,0.0,139.88616907980747
608.5999999999999,39.96226523,-106.21759318,2507.2848,29.80944,16.182848,0.0,141.46745892779154
608.6999999999999,39.96225218,-106.2175803,2507.2848,29.80944,16.98752,0.0,142.83340649313675
608.8,39.96224037,-106.21756891,2506.98,29.687520000000003,17.255744,0.0,144.57989204201203
608.9,39.9622298,-106.21755982,2506.98,29.687520000000003,15.19936,0.0,145.8352475642031
609.0,39.96222007,-106.21755192,2506.98,29.687520000000003,13.4112,0.0,147.4218628412577
609.0999999999999,39.96220842,-106.21754302,2506.98,29.687520000000003,13.85824,0.0,149.33811517161178
609.1999999999999,39.96219704,-106.21753432,2506.98,29.687520000000003,14.841728000000002,0.0,151.18920625702697
609.3,39.96218522,-106.21752599,2506.98,29.687520000000003,14.797024,0.0,152.62229722866823
609.4,39.96217459,-106.21751895,2506.98,29.59608,14.08176,0.0,153.92815712400545
609.5,39.96216235,-106.21751137,2506.98,29.59608,14.171168,0.0,155.43282867939865
609.5999999999999,39.96215167,-106.217505,2506.98,29.59608,14.08176,0.0,156.62875806893533
609.6999999999999,39.96214006,-106.21749874,2506.98,29.59608,13.500608,0.0,158.19859051364824
609.8,39.9621284,-106.21749294,2506.98,29.59608,13.947648,0.0,159.9353685195822
609.9,39.96211668,-106.21748761,2506.98,29.59608,13.813536,0.0,161.6861837228464
610.0,39.96210637,-106.2174834,2506.98,29.59608,12.919455999999998,0.0,163.08045907710016
610.0999999999999,39.96209394,-106.2174787,2506.98,29.59608,13.18768,0.0,164.89596855752802
610.1999999999999,39.96208258,-106.21747482,2506.98,29.59608,13.724128,0.0,166.10282368498463
610.3,39.96207053,-106.21747109,2506.98,29.59608,13.4112,0.0,167.4918991130453
610.4,39.96205957,-106.21746806,2506.98,29.59608,13.098272,0.0,168.9861671096486
610.5,39.96204724,-106.2174651,2506.98,29.687520000000003,13.18768,0.0,170.3519546839018
610.5999999999999,39.96203538,-106.21746257,2506.98,29.687520000000003,13.679424,0.0,171.21135446828043
610.6999999999999,39.96202269,-106.21746013,2506.98,29.687520000000003,13.813536,0.0,172.57657083110325
610.8,39.96200961,-106.21745782,2506.98,29.687520000000003,14.439391999999998,0.0,173.76093024495242
610.9,39.96199662,-106.21745599,2506.98,29.687520000000003,14.618208,0.0,174.73997778432908
611.0,39.96198477,-106.21745458,2506.98,29.687520000000003,13.85824,0.0,175.53284093861066
611.0999999999999,39.96197079,-106.2174532,2507.2848,29.80944,14.394688,0.0,176.46770541610908
611.1999999999999,39.96195785,-106.21745218,2506.98,29.687520000000003,14.97584,0.0,177.19877084225004
611.3,39.96194396,-106.21745123,2506.98,29.687520000000003,14.931136,0.0,178.4330290429515
611.4,39.96193083,-106.21745078,2507.2848,29.80944,15.020544,-0.22352,179.64957146734582
611.5,39.96191706,-106.21745065,2507.2848,29.80944,14.97584,-0.312928,180.0
611.5999999999999,39.96190493,-106.21745064,2507.2848,29.80944,14.394688,-0.22352,180.0
611.6999999999999,39.96189316,-106.21745075,2507.2848,29.992320000000003,13.277088,-0.22352,180.39109139705704
611.8,39.96188173,-106.21745085,2507.2848,29.992320000000003,12.874752,-0.089408,180.40348473505875
611.9,39.96187026,-106.21745107,2507.5896,30.11424,12.74064,-0.089408,180.0
612.0,39.9618603,-106.21745126,2507.5896,30.11424,11.935968,0.0,180.0
612.0999999999999,39.96185049,-106.21745134,2507.5896,30.11424,10.997184,0.0,180.0
612.1999999999999,39.96184084,-106.2174514,2507.5896,30.11424,10.818368,0.089408,180.0
612.3,39.96183078,-106.21745143,2507.5896,30.11424,10.95248,0.089408,180.0
612.4,39.96182172,-106.21745142,2507.5896,30.11424,10.639552,0.089408,180.0
612.5,39.96181337,-106.21745137,2507.2848,29.992320000000003,9.656064,0.22352,180.0
612.5999999999999,39.96180524,-106.21745111,2507.2848,29.992320000000003,9.16432,0.22352,180.0
612.6999999999999,39.96179764,-106.21745095,2507.2848,29.992320000000003,8.71728,0.22352,179.39049342332487
612.8,39.96179002,-106.21745074,2507.2848,29.90088,8.449055999999999,0.22352,179.34521959773235
612.9,39.96178271,-106.2174505,2507.2848,29.90088,8.314944,0.22352,179.29701957726445
613.0,39.96177596,-106.21745026,2507.2848,29.80944,7.8232,0.22352,178.1159497689082
613.0999999999999,39.96176976,-106.21745006,2507.2848,29.80944,7.197344,0.22352,179.1873484057462
613.1999999999999,39.96176426,-106.21744989,2506.98,29.687520000000003,6.526784,0.22352,179.1319485502545
613.3,39.96175895,-106.21744976,2506.98,29.687520000000003,5.990336,0.22352,180.0
613.4,39.96175464,-106.21744998,2506.98,29.687520000000003,5.319776,0.22352,180.0
613.5,39.96174984,-106.21744995,2506.98,29.59608,5.051552,0.089408,180.0
613.5999999999999,39.96174607,-106.21744993,2506.98,29.59608,4.738624,0.0,180.0
613.6999999999999,39.96174209,-106.21745,2506.98,29.59608,4.291583999999999,0.0,180.0
613.8,39.96173901,-106.21745059,2506.98,29.687520000000003,3.933952,0.0,180.0
613.9,39.96173601,-106.21745066,2506.98,29.687520000000003,3.442208,0.0,180.0
614.0,39.96173367,-106.21745073,2506.98,29.687520000000003,2.995168,0.0,180.0
614.0999999999999,39.96173155,-106.21745078,2506.98,29.687520000000003,2.503424,0.0,180.0
614.1999999999999,39.96173005,-106.21745092,2506.98,29.687520000000003,2.01168,0.0,182.66300076606717
614.3,39.96172843,-106.2174511,2506.98,29.687520000000003,1.6987519999999998,0.0,183.69138598645128
614.4,39.96172728,-106.21745129,2506.98,29.687520000000003,1.56464,0.0,184.57392125990089
614.5,39.96172635,-106.21745157,2506.98,29.687520000000003,1.162304,0.0,187.1250163489018
614.5999999999999,39.96172582,-106.21745181,2506.98,29.687520000000003,0.938784,0.0,209.05460409907715
614.6999999999999,39.9617254,-106.21745217,2506.98,29.687520000000003,0.67056,0.0,225.0
614.8,39.96172529,-106.21745241,2506.98,29.687520000000003,0.0,0.0,270.0
614.9,39.96172536,-106.21745268,2506.98,29.687520000000003,0.0,0.0,270.0
615.0,39.9617255,-106.21745293,2506.98,29.687520000000003,0.0,0.0,291.8014094863518
615.0999999999999,39.96172562,-106.21745321,2506.98,29.687520000000003,0.0,0.0,291.8014094863518
615.3,39.96172581,-106.21745364,2506.98,29.687520000000003,0.312928,0.0,270.0
615.4,39.96172584,-106.21745381,2506.98,29.687520000000003,0.0,0.0,270.0
615.5,39.96172531,-106.21745401,2506.98,29.687520000000003,0.0,0.0,270.0
615.5999999999999,39.96172525,-106.21745417,2506.98,29.687520000000003,0.0,0.0,270.0
615.6999999999999,39.96172518,-106.21745435,2506.98,29.687520000000003,0.0,0.0,270.0
615.8,39.96172514,-106.2174545,2506.98,29.687520000000003,0.0,0.0,270.0
615.9,39.96172479,-106.21745471,2506.98,29.59608,0.0,0.0,0.0
616.0,39.9617248,-106.21745483,2506.98,29.687520000000003,0.0,0.0,0.0
616.0999999999999,39.96172485,-106.21745492,2506.98,29.687520000000003,0.0,0.0,0.0
616.1999999999999,39.96172492,-106.21745499,2506.98,29.59608,0.0,0.0,0.0
616.3,39.96172505,-106.21745505,2506.98,29.59608,0.0,0.0,0.0
616.4,39.96172521,-106.2174551,2506.98,29.687520000000003,0.0,0.0,0.0
616.5,39.96172534,-106.21745513,2506.98,29.687520000000003,0.0,0.0,0.0
616.5999999999999,39.96172546,-106.21745515,2506.98,29.59608,0.0,0.0,0.0
616.6999999999999,39.96172559,-106.2174552,2506.98,29.59608,0.0,0.0,0.0
616.8,39.96172574,-106.2174552,2506.98,29.59608,0.491744,0.0,0.0
616.9,39.96172582,-106.21745524,2506.98,29.59608,0.0,0.0,0.0
617.0,39.9617259,-106.21745527,2506.98,29.59608,0.0,0.0,0.0
617.0999999999999,39.96172602,-106.21745532,2506.98,29.59608,0.0,0.0,0.0
617.1999999999999,39.96172613,-106.21745535,2506.98,29.59608,0.0,0.0,0.0
617.4,39.96172634,-106.21745527,2506.98,29.59608,0.312928,0.0,0.0
617.5,39.9617264,-106.21745524,2506.98,29.59608,0.0,0.0,0.0
617.5999999999999,39.96172648,-106.21745509,2506.98,29.59608,0.0,0.0,0.0
617.6999999999999,39.96172653,-106.21745505,2506.98,29.59608,0.0,0.0,0.0
617.9,39.96172662,-106.217455,2506.98,29.59608,0.0,-0.089408,0.0
618.0,39.96172669,-106.21745498,2506.98,29.59608,0.312928,-0.089408,0.0
618.0999999999999,39.96172699,-106.21745499,2506.98,29.59608,0.0,-0.089408,0.0
618.1999999999999,39.9617271,-106.21745498,2506.98,29.59608,0.491744,0.0,0.0
618.3,39.96172719,-106.21745499,2506.98,29.59608,0.491744,0.0,0.0
618.4,39.96172726,-106.21745501,2506.98,29.59608,0.0,0.0,0.0
618.5,39.96172743,-106.21745507,2506.98,29.59608,0.0,0.0,0.0
618.5999999999999,39.96172747,-106.21745507,2506.98,29.59608,0.0,0.0,0.0
618.6999999999999,39.96172747,-106.21745507,2506.98,29.59608,0.0,0.0,0.0
618.8,39.96172746,-106.21745507,2506.98,29.59608,0.0,0.0,0.0
618.9,39.96172739,-106.21745509,2506.98,29.59608,0.0,0.0,0.0
619.0,39.96172737,-106.21745509,2506.98,29.59608,0.0,0.0,0.0
619.0999999999999,39.96172732,-106.21745504,2506.98,29.59608,0.0,0.0,0.0
619.1999999999999,39.96172727,-106.21745501,2506.98,29.59608,0.0,0.0,0.0
619.3,39.96172716,-106.21745493,2506.98,29.59608,0.0,0.0,0.0
619.4,39.96172712,-106.21745491,2506.98,29.59608,0.0,0.0,0.0
619.5,39.9617271,-106.21745487,2506.98,29.59608,0.0,0.0,0.0
619.5999999999999,39.96172707,-106.21745482,2506.98,29.59608,0.0,0.0,0.0
619.6999999999999,39.96172702,-106.21745471,2506.98,29.59608,0.0,0.0,0.0
619.8,39.96172698,-106.21745443,2506.98,29.59608,0.491744,0.0,0.0
619.9,39.96172699,-106.21745436,2506.98,29.50464,0.0,0.0,0.0
620.0,39.96172699,-106.21745431,2506.98,29.50464,0.0,0.0,0.0
620.0999999999999,39.96172695,-106.21745424,2506.98,29.59608,0.0,-0.089408,0.0
620.1999999999999,39.96172695,-106.21745408,2506.98,29.59608,0.0,-0.089408,0.0
620.3,39.96172696,-106.21745406,2506.98,29.59608,0.0,-0.089408,0.0
620.4,39.96172698,-106.21745405,2506.98,29.59608,0.0,0.0,0.0
620.5,39.961727,-106.21745405,2506.98,29.59608,0.0,0.0,0.0
620.5999999999999,39.96172702,-106.21745405,2506.98,29.59608,0.67056,0.0,0.0
620.6999999999999,39.96172708,-106.21745405,2506.98,29.687520000000003,0.0,0.0,0.0
620.8,39.96172711,-106.21745406,2506.98,29.687520000000003,0.67056,0.0,0.0
620.9,39.96172707,-106.21745409,2506.98,29.687520000000003,0.0,0.0,0.0
621.0,39.96172694,-106.21745415,2506.98,29.687520000000003,0.491744,0.0,0.0
621.0999999999999,39.96172692,-106.21745418,2506.98,29.687520000000003,0.0,0.0,0.0
621.1999999999999,39.96172691,-106.2174542,2506.98,29.687520000000003,0.0,0.0,0.0
621.3,39.9617269,-106.21745417,2506.98,29.687520000000003,0.0,0.0,0.0
621.4,39.9617269,-106.21745415,2506.98,29.687520000000003,0.0,0.0,0.0
621.5,39.96172694,-106.21745404,2506.98,29.687520000000003,0.491744,0.0,0.0
621.5999999999999,39.96172693,-106.21745405,2506.98,29.687520000000003,0.0,0.0,0.0
621.6999999999999,39.96172693,-106.21745406,2506.98,29.59608,0.0,0.0,0.0
621.8,39.96172695,-106.21745406,2506.98,29.687520000000003,0.0,0.0,0.0
621.9,39.96172712,-106.21745404,2506.98,29.687520000000003,0.0,0.0,0.0
622.0,39.96172718,-106.21745404,2506.98,29.687520000000003,0.0,0.0,0.0
622.0999999999999,39.9617272,-106.21745403,2506.98,29.687520000000003,0.0,0.0,0.0
622.1999999999999,39.96172722,-106.21745403,2506.98,29.59608,0.0,0.0,0.0
622.3,39.96172729,-106.21745403,2506.98,29.687520000000003,0.0,0.0,0.0
622.4,39.96172731,-106.21745405,2506.98,29.687520000000003,0.0,0.0,0.0
622.5,39.96172728,-106.21745407,2506.98,29.687520000000003,0.0,0.0,0.0
622.5999999999999,39.96172725,-106.21745408,2506.98,29.59608,0.0,0.0,0.0
622.6999999999999,39.96172714,-106.2174541,2506.98,29.59608,0.0,0.0,0.0
622.8,39.9617271,-106.21745414,2506.98,29.687520000000003,0.0,0.0,0.0
622.9,39.96172709,-106.21745417,2506.98,29.687520000000003,0.0,0.0,0.0
623.0,39.96172709,-106.21745418,2506.98,29.687520000000003,0.0,0.0,0.0
623.0999999999999,39.96172708,-106.21745415,2506.98,29.59608,0.0,0.0,0.0
623.1999999999999,39.96172716,-106.21745405,2506.98,29.59608,0.0,0.0,0.0
623.3,39.96172711,-106.217454,2506.98,29.687520000000003,0.0,0.0,0.0
623.4,39.96172707,-106.21745395,2506.98,29.687520000000003,0.0,0.0,0.0
623.5,39.96172707,-106.21745392,2506.98,29.687520000000003,0.491744,0.0,0.0
623.5999999999999,39.96172704,-106.21745398,2506.98,29.687520000000003,0.0,0.0,0.0
623.6999999999999,39.96172699,-106.21745396,2506.98,29.59608,0.0,0.0,0.0
623.8,39.96172694,-106.21745395,2506.98,29.59608,0.491744,0.0,0.0
623.9,39.96172692,-106.21745392,2506.98,29.59608,0.0,0.0,0.0
624.0,39.96172691,-106.21745392,2506.98,29.59608,0.0,0.0,0.0
624.0999999999999,39.96172692,-106.21745392,2506.98,29.59608,0.491744,0.0,0.0
624.1999999999999,39.96172692,-106.21745391,2506.98,29.59608,0.0,0.0,0.0
624.3,39.96172687,-106.21745388,2506.98,29.59608,0.0,0.0,0.0
624.4,39.96172678,-106.21745386,2506.98,29.59608,0.0,0.0,0.0
624.5,39.96172671,-106.21745376,2506.98,29.59608,0.0,0.0,0.0
624.5999999999999,39.96172667,-106.21745365,2506.98,29.59608,0.0,0.0,0.0
624.6999999999999,39.96172665,-106.21745354,2506.98,29.59608,0.0,0.0,0.0
624.8,39.96172663,-106.21745343,2506.98,29.59608,0.0,0.0,0.0
624.9,39.96172661,-106.2174533,2506.98,29.59608,0.0,0.0,0.0
625.0,39.96172659,-106.21745321,2506.98,29.59608,0.0,0.0,0.0
625.0999999999999,39.96172661,-106.21745316,2506.98,29.59608,0.0,0.0,0.0
625.1999999999999,39.96172663,-106.21745312,2506.98,29.687520000000003,0.0,0.0,0.0
625.3,39.96172675,-106.21745311,2506.98,29.687520000000003,0.0,0.0,0.0
625.4,39.96172676,-106.21745309,2506.98,29.687520000000003,0.0,0.0,0.0
625.5,39.96172677,-106.21745313,2506.98,29.687520000000003,0.0,0.0,0.0
625.5999999999999,39.96172677,-106.21745317,2506.98,29.687520000000003,0.491744,0.0,0.0
625.6999999999999,39.96172676,-106.21745317,2506.98,29.687520000000003,0.491744,0.0,0.0
625.8,39.96172674,-106.21745317,2506.98,29.59608,0.67056,0.0,0.0
626.0,39.96172669,-106.21745323,2506.98,29.687520000000003,0.0,0.0,0.0
626.0999999999999,39.96172668,-106.21745327,2506.98,29.687520000000003,0.44704,0.0,0.0
626.1999999999999,39.96172666,-106.21745324,2506.98,29.687520000000003,0.0,0.0,0.0
626.3,39.9617266,-106.21745317,2506.98,29.687520000000003,0.0,0.0,0.0
626.4,39.96172655,-106.2174531,2506.98,29.687520000000003,0.0,0.0,0.0
626.5,39.96172649,-106.21745301,2506.98,29.687520000000003,0.0,0.0,0.0
626.5999999999999,39.96172636,-106.21745274,2506.98,29.59608,0.491744,0.0,0.0
626.6999999999999,39.96172636,-106.21745267,2506.98,29.59608,0.0,0.0,0.0
626.8,39.96172637,-106.21745261,2506.98,29.59608,0.0,0.0,0.0
626.9,39.96172639,-106.21745257,2506.98,29.59608,0.0,0.0,0.0
627.0,39.96172652,-106.21745251,2506.98,29.59608,0.0,0.0,0.0
627.0999999999999,39.96172653,-106.21745248,2506.98,29.59608,0.0,0.0,0.0
627.1999999999999,39.96172652,-106.21745248,2506.98,29.59608,0.0,0.0,0.0
627.3,39.96172647,-106.21745252,2506.98,29.59608,0.0,0.0,0.0
627.4,39.96172643,-106.21745256,2506.98,29.59608,0.0,0.0,0.0
627.5,39.96172641,-106.2174526,2506.98,29.59608,0.0,0.0,0.0
627.5999999999999,39.9617264,-106.21745264,2506.98,29.59608,0.0,0.0,0.0
627.6999999999999,39.96172647,-106.21745268,2506.98,29.59608,0.0,0.0,0.0
627.8,39.96172664,-106.21745269,2506.98,29.50464,0.0,0.0,0.0
627.9,39.96172667,-106.21745271,2506.98,29.50464,0.0,0.0,0.0
628.0,39.96172669,-106.21745273,2506.98,29.59608,0.491744,0.0,0.0
628.0999999999999,39.9617267,-106.21745273,2506.98,29.59608,0.0,0.0,0.0
628.1999999999999,39.96172671,-106.21745273,2506.98,29.59608,0.0,0.0,0.0
628.3,39.96172665,-106.21745268,2506.98,29.59608,0.0,0.0,0.0
628.4,39.96172664,-106.21745267,2506.98,29.59608,0.0,0.0,0.0
628.5,39.96172662,-106.21745267,2506.98,29.687520000000003,0.0,0.0,0.0
628.5999999999999,39.96172659,-106.21745268,2506.98,29.687520000000003,0.0,0.0,0.0
628.6999999999999,39.96172651,-106.21745275,2506.98,29.687520000000003,0.491744,0.0,0.0
628.8,39.96172648,-106.21745281,2506.98,29.687520000000003,0.0,0.0,0.0
628.9,39.96172646,-106.21745287,2506.98,29.687520000000003,0.0,0.0,0.0
629.0,39.96172643,-106.21745291,2506.98,29.59608,0.491744,0.0,0.0
629.0999999999999,39.96172632,-106.21745294,2506.98,29.687520000000003,0.491744,0.0,0.0
629.1999999999999,39.96172629,-106.2174529,2506.98,29.687520000000003,0.0,0.0,0.0
629.3,39.96172631,-106.21745286,2506.98,29.687520000000003,0.0,0.0,0.0
629.4,39.96172633,-106.21745281,2506.98,29.687520000000003,0.0,0.0,0.0
629.5,39.96172632,-106.21745275,2506.98,29.687520000000003,0.0,0.0,0.0
629.5999999999999,39.96172633,-106.21745268,2506.98,29.687520000000003,0.0,0.0,0.0
629.6999999999999,39.96172636,-106.21745263,2506.98,29.687520000000003,0.0,0.0,0.0
629.8,39.96172637,-106.2174526,2506.98,29.687520000000003,0.0,0.0,0.0
629.9,39.96172638,-106.21745257,2506.98,29.687520000000003,0.0,0.0,0.0
630.0,39.96172643,-106.21745256,2506.98,29.687520000000003,0.0,0.0,0.0
630.0999999999999,39.96172648,-106.2174526,2507.2848,29.80944,0.0,0.0,0.0
630.1999999999999,39.9617265,-106.21745262,2507.2848,29.80944,0.0,0.0,0.0
630.3,39.96172647,-106.2174526,2507.2848,29.80944,0.0,0.0,0.0
630.4,39.96172641,-106.21745264,2507.2848,29.80944,0.0,0.0,0.0
630.5,39.96172641,-106.21745263,2506.98,29.687520000000003,0.0,0.0,0.0
630.5999999999999,39.96172643,-106.21745261,2506.98,29.687520000000003,0.0,0.0,0.0
630.6999999999999,39.96172646,-106.21745255,2507.2848,29.80944,0.491744,0.0,0.0
630.8,39.96172648,-106.2174525,2507.2848,29.80944,0.491744,0.0,0.0
630.9,39.9617265,-106.21745246,2507.2848,29.80944,0.0,0.0,0.0
631.0,39.96172651,-106.21745242,2506.98,29.687520000000003,0.0,0.0,0.0
631.0999999999999,39.96172651,-106.21745237,2506.98,29.687520000000003,0.0,0.0,0.0
631.1999999999999,39.96172643,-106.21745227,2506.98,29.687520000000003,0.0,0.0,0.0
631.3,39.96172641,-106.21745222,2506.98,29.687520000000003,0.491744,0.0,0.0
631.4,39.9617264,-106.21745218,2506.98,29.687520000000003,0.0,0.0,0.0
631.5,39.96172637,-106.21745215,2506.98,29.687520000000003,0.491744,0.0,0.0
631.5999999999999,39.96172637,-106.21745213,2506.98,29.687520000000003,0.0,0.0,0.0
631.6999999999999,39.96172649,-106.21745219,2506.98,29.687520000000003,0.0,0.0,0.0
631.8,39.96172654,-106.21745222,2507.2848,29.80944,0.0,0.0,0.0
631.9,39.96172657,-106.21745223,2507.2848,29.80944,0.0,0.0,0.0
632.0,39.96172658,-106.21745224,2507.2848,29.80944,0.0,0.0,0.0
632.0999999999999,39.96172659,-106.21745226,2506.98,29.687520000000003,0.0,0.0,0.0
632.1999999999999,39.96172661,-106.21745229,2506.98,29.687520000000003,0.0,0.0,0.0
632.3,39.96172666,-106.2174523,2506.98,29.687520000000003,0.0,0.0,0.0
632.4,39.96172669,-106.21745228,2506.98,29.687520000000003,0.0,0.0,0.0
632.5,39.96172672,-106.21745221,2507.2848,29.80944,0.0,0.0,0.0
632.5999999999999,39.96172673,-106.21745216,2507.2848,29.80944,0.0,0.0,0.0
632.6999999999999,39.96172672,-106.2174521,2507.2848,29.80944,0.0,0.0,0.0
632.8,39.96172672,-106.21745206,2507.2848,29.80944,0.0,0.0,0.0
632.9,39.96172663,-106.21745201,2507.2848,29.80944,0.0,0.0,0.0
633.0,39.96172661,-106.217452,2507.2848,29.80944,0.491744,0.0,0.0
633.0999999999999,39.9617266,-106.21745198,2507.2848,29.80944,0.0,0.0,0.0
633.1999999999999,39.96172659,-106.21745196,2507.2848,29.90088,0.0,0.0,0.0
633.3,39.96172661,-106.21745194,2507.2848,29.80944,0.0,0.0,0.0
633.4,39.96172663,-106.21745186,2507.2848,29.80944,0.0,0.0,0.0
633.5,39.96172666,-106.21745182,2507.2848,29.90088,0.0,0.0,0.0
633.5999999999999,39.96172669,-106.2174518,2507.2848,29.90088,0.0,0.0,0.0
633.6999999999999,39.96172671,-106.21745182,2507.2848,29.90088,0.0,0.0,0.0
633.8,39.96172673,-106.21745186,2507.2848,29.90088,0.0,0.0,0.0
633.9,39.96172677,-106.2174519,2507.2848,29.90088,0.0,0.0,0.0
634.0,39.96172679,-106.21745195,2507.2848,29.90088,0.0,0.0,0.0
634.0999999999999,39.96172675,-106.21745201,2507.2848,29.90088,0.0,0.0,0.0
634.1999999999999,39.96172673,-106.21745209,2507.2848,29.90088,0.0,0.0,0.0
634.3,39.96172673,-106.21745223,2507.2848,29.90088,0.0,0.0,0.0
634.4,39.96172673,-106.21745235,2507.2848,29.992320000000003,0.0,0.0,0.0
634.5,39.96172668,-106.21745247,2507.2848,29.992320000000003,0.0,0.0,0.0
634.5999999999999,39.96172665,-106.21745259,2507.2848,29.992320000000003,0.0,0.0,0.0
634.6999999999999,39.96172676,-106.21745262,2507.2848,29.992320000000003,0.491744,0.0,0.0
634.8,39.96172676,-106.21745268,2507.2848,29.90088,0.0,0.0,0.0
634.9,39.96172668,-106.21745275,2507.2848,29.90088,0.491744,0.0,0.0
635.0,39.96172661,-106.21745281,2507.2848,29.90088,0.0,0.0,0.0
635.0999999999999,39.96172653,-106.21745279,2507.2848,29.90088,0.491744,0.0,0.0
635.1999999999999,39.96172647,-106.21745282,2507.2848,29.90088,0.0,0.0,0.0
635.3,39.9617264,-106.21745283,2507.2848,29.90088,0.0,0.0,0.0
635.4,39.96172634,-106.21745285,2507.2848,29.90088,0.0,0.0,0.0
635.5,39.96172624,-106.21745282,2507.2848,29.80944,0.0,0.0,0.0
635.5999999999999,39.96172617,-106.21745286,2507.2848,29.80944,0.0,0.0,0.0
635.6999999999999,39.96172611,-106.21745295,2507.2848,29.80944,0.0,0.0,0.0
635.8,39.96172604,-106.21745303,2507.2848,29.80944,0.0,0.0,0.0
635.9,39.96172602,-106.21745318,2507.2848,29.80944,0.0,0.0,0.0
636.0,39.96172596,-106.21745323,2507.2848,29.80944,0.491744,0.0,0.0
636.0999999999999,39.9617259,-106.21745327,2507.2848,29.80944,0.0,0.0,0.0
636.1999999999999,39.96172588,-106.21745329,2506.98,29.687520000000003,0.0,0.0,0.0
636.3,39.96172603,-106.21745331,2506.98,29.687520000000003,0.0,0.0,0.0
636.4,39.96172606,-106.2174533,2506.98,29.687520000000003,0.0,0.0,0.0
636.5,39.96172608,-106.21745326,2506.98,29.687520000000003,0.0,0.0,0.0
636.5999999999999,39.96172609,-106.21745321,2506.98,29.687520000000003,0.0,0.0,0.0
636.6999999999999,39.96172608,-106.21745314,2506.98,29.687520000000003,0.491744,0.0,0.0
636.8,39.96172606,-106.21745303,2506.98,29.687520000000003,0.0,0.0,0.0
636.9,39.9617261,-106.217453,2506.98,29.687520000000003,0.0,0.0,0.0
637.0,39.96172614,-106.21745296,2506.98,29.687520000000003,0.0,0.0,0.0
637.0999999999999,39.96172613,-106.21745293,2506.98,29.59608,0.0,0.0,0.0
637.1999999999999,39.96172621,-106.21745291,2506.98,29.59608,0.0,0.0,0.0
637.3,39.96172622,-106.21745291,2506.98,29.687520000000003,0.0,0.0,0.0
637.4,39.96172621,-106.21745292,2506.98,29.687520000000003,0.0,0.0,0.0
637.5,39.96172618,-106.21745293,2506.98,29.687520000000003,0.0,0.0,0.0
637.5999999999999,39.96172615,-106.21745294,2506.98,29.687520000000003,0.491744,0.0,0.0
637.6999999999999,39.96172615,-106.21745296,2506.98,29.687520000000003,0.0,0.0,0.0
637.8,39.96172615,-106.21745297,2507.2848,29.80944,0.0,0.0,0.0
637.9,39.96172616,-106.21745296,2507.2848,29.80944,0.0,0.0,0.0
638.0,39.96172618,-106.21745295,2506.98,29.687520000000003,0.0,0.0,0.0
638.0999999999999,39.96172626,-106.21745302,2506.98,29.687520000000003,0.0,0.0,0.0
638.1999999999999,39.96172628,-106.21745304,2506.98,29.687520000000003,0.0,0.0,0.0
638.3,39.96172629,-106.21745304,2506.98,29.687520000000003,0.0,0.0,0.0
638.4,39.96172629,-106.21745304,2506.98,29.687520000000003,0.0,0.0,0.0
638.5,39.96172616,-106.217453,2506.98,29.687520000000003,0.0,0.0,0.0
638.5999999999999,39.9617261,-106.21745298,2506.98,29.687520000000003,0.0,0.0,0.0
638.6999999999999,39.96172602,-106.21745297,2506.98,29.687520000000003,0.0,0.0,0.0
638.8,39.96172597,-106.21745296,2506.98,29.687520000000003,0.0,0.0,0.0
638.9,39.96172577,-106.21745294,2507.2848,29.80944,0.0,0.0,0.0
639.0,39.96172573,-106.21745293,2507.2848,29.80944,0.0,0.0,0.0
639.0999999999999,39.9617257,-106.21745288,2506.98,29.687520000000003,0.0,0.0,0.0
639.1999999999999,39.96172568,-106.21745284,2506.98,29.687520000000003,0.0,0.0,0.0
639.3,39.96172564,-106.2174528,2506.98,29.687520000000003,0.0,0.0,0.0
639.4,39.96172563,-106.21745282,2506.98,29.687520000000003,0.0,0.0,0.0
639.5,39.96172565,-106.21745284,2506.98,29.687520000000003,0.0,0.0,0.0
639.5999999999999,39.96172565,-106.21745286,2506.98,29.59608,0.0,0.0,0.0
639.6999999999999,39.96172559,-106.21745278,2506.98,29.59608,0.0,0.0,0.0
639.8,39.96172554,-106.21745279,2506.98,29.59608,0.0,0.0,0.0
639.9,39.96172552,-106.21745277,2506.98,29.687520000000003,0.0,0.0,0.0
640.0,39.96172549,-106.21745277,2506.98,29.687520000000003,0.0,0.0,0.0
640.0999999999999,39.96172547,-106.21745279,2506.98,29.59608,0.0,0.0,0.0
640.1999999999999,39.96172548,-106.21745271,2506.98,29.59608,0.0,0.0,0.0
640.3,39.96172543,-106.21745278,2506.98,29.59608,0.0,0.0,0.0
640.4,39.96172539,-106.21745284,2506.98,29.59608,0.0,0.0,0.0
640.5,39.96172538,-106.21745286,2506.98,29.59608,0.491744,0.0,0.0
640.5999999999999,39.96172538,-106.21745292,2506.98,29.50464,0.491744,0.0,0.0
640.6999999999999,39.9617254,-106.21745292,2506.98,29.59608,0.0,0.0,0.0
640.8,39.96172542,-106.21745293,2506.98,29.50464,0.0,0.0,0.0
640.9,39.96172545,-106.21745298,2506.98,29.50464,0.0,0.0,0.0
641.0,39.96172549,-106.21745303,2506.98,29.50464,0.0,0.0,0.0
641.0999999999999,39.96172558,-106.2174531,2506.98,29.50464,0.0,0.0,0.0
641.1999999999999,39.96172565,-106.21745316,2506.98,29.50464,0.0,0.0,0.0
641.3,39.96172567,-106.21745319,2506.98,29.50464,0.0,-0.089408,0.0
641.4,39.96172574,-106.21745326,2506.98,29.59608,0.0,-0.089408,0.0
641.5,39.96172579,-106.21745328,2506.98,29.59608,0.0,0.0,0.0
641.5999999999999,39.96172582,-106.21745329,2506.98,29.59608,0.0,0.0,0.0
641.6999999999999,39.96172581,-106.21745327,2506.98,29.50464,0.0,0.0,0.0
641.8,39.96172581,-106.21745326,2506.98,29.50464,0.0,0.0,0.0
641.9,39.96172582,-106.21745314,2506.98,29.50464,0.0,0.0,0.0
642.0,39.96172584,-106.21745312,2506.98,29.59608,0.0,0.0,0.0
642.0999999999999,39.96172587,-106.21745311,2506.98,29.50464,0.0,0.0,0.0
642.1999999999999,39.96172588,-106.21745309,2506.98,29.59608,0.0,0.0,0.0
642.3,39.9617259,-106.21745308,2506.98,29.59608,0.0,0.0,0.0
642.4,39.96172588,-106.21745308,2506.98,29.59608,0.0,0.0,0.0
642.5,39.96172584,-106.21745308,2506.98,29.59608,0.0,0.0,0.0
642.5999999999999,39.96172581,-106.21745308,2506.98,29.59608,0.0,-0.089408,0.0
642.6999999999999,39.96172567,-106.21745307,2506.98,29.59608,0.0,-0.089408,0.0
642.9,39.96172569,-106.21745302,2506.98,29.59608,0.0,0.0,0.0
643.0,39.96172573,-106.21745298,2506.98,29.59608,0.0,0.0,0.0
643.0999999999999,39.96172589,-106.21745293,2506.98,29.59608,0.0,0.0,0.0
643.1999999999999,39.96172595,-106.21745294,2506.98,29.59608,0.0,0.0,0.0
643.3,39.96172598,-106.21745294,2506.98,29.687520000000003,0.0,0.0,0.0
643.4,39.961726,-106.21745296,2506.98,29.687520000000003,0.0,0.0,0.0
643.5,39.96172602,-106.21745301,2506.98,29.687520000000003,0.0,0.0,0.0
643.5999999999999,39.96172607,-106.21745303,2506.98,29.59608,0.0,0.0,0.0
643.8,39.96172605,-106.21745309,2506.98,29.687520000000003,0.0,0.0,0.0
643.9,39.96172602,-106.21745317,2506.98,29.687520000000003,0.0,0.0,0.0
644.0,39.96172599,-106.21745321,2506.98,29.687520000000003,0.491744,0.0,0.0
644.0999999999999,39.9617259,-106.2174533,2507.2848,29.80944,0.0,0.0,0.0
644.1999999999999,39.96172584,-106.21745335,2507.2848,29.80944,0.0,0.0,0.0
644.3,39.96172582,-106.2174534,2507.2848,29.80944,0.0,0.0,0.0
644.4,39.96172581,-106.21745344,2507.2848,29.80944,0.0,0.0,0.0
644.5,39.96172578,-106.2174535,2507.2848,29.80944,0.0,0.0,0.0
644.5999999999999,39.96172575,-106.21745357,2507.2848,29.80944,0.0,0.0,0.0
644.6999999999999,39.96172573,-106.21745368,2507.2848,29.80944,0.0,0.0,0.0
644.8,39.96172578,-106.21745378,2507.2848,29.80944,0.0,0.0,270.0
644.9,39.96172578,-106.21745391,2507.2848,29.80944,0.0,0.0,270.0
645.0,39.96172578,-106.21745402,2507.2848,29.80944,0.491744,0.0,0.0
645.0999999999999,39.96172576,-106.21745413,2507.2848,29.80944,0.0,0.0,0.0
645.1999999999999,39.96172573,-106.21745423,2507.2848,29.80944,0.0,0.0,0.0
645.3,39.96172573,-106.2174542,2507.2848,29.80944,0.0,0.0,0.0
645.4,39.9617257,-106.21745424,2507.2848,29.80944,0.0,0.0,0.0
645.5,39.96172566,-106.2174543,2507.2848,29.80944,0.0,0.0,0.0
645.5999999999999,39.96172564,-106.21745433,2507.2848,29.80944,0.0,0.0,0.0
645.6999999999999,39.96172567,-106.21745436,2507.2848,29.80944,0.0,0.0,0.0
645.8,39.96172573,-106.21745438,2507.2848,29.80944,0.0,0.0,0.0
645.9,39.9617258,-106.21745441,2507.2848,29.80944,0.0,0.0,0.0
646.0,39.96172586,-106.21745441,2507.2848,29.80944,0.0,0.0,0.0
646.0999999999999,39.96172597,-106.21745441,2507.2848,29.80944,0.0,0.0,0.0
646.1999999999999,39.961726,-106.21745438,2507.2848,29.80944,0.0,0.0,0.0
646.3,39.96172599,-106.21745437,2507.2848,29.80944,0.0,0.0,0.0
646.4,39.96172598,-106.21745439,2507.2848,29.80944,0.0,0.0,0.0
646.5,39.96172594,-106.21745455,2507.2848,29.80944,0.0,0.0,0.0
646.5999999999999,39.96172594,-106.21745462,2507.2848,29.80944,0.0,0.0,0.0
646.6999999999999,39.96172596,-106.21745471,2507.2848,29.80944,0.0,0.0,0.0
646.8,39.96172598,-106.21745479,2507.2848,29.80944,0.0,0.0,0.0
646.9,39.96172598,-106.21745488,2507.2848,29.80944,0.0,0.0,0.0
647.0,39.961726,-106.21745507,2507.2848,29.80944,0.0,0.0,0.0
647.0999999999999,39.961726,-106.21745504,2506.98,29.687520000000003,0.0,0.0,0.0
647.1999999999999,39.96172598,-106.217455,2507.2848,29.80944,0.0,0.0,0.0
647.3,39.96172592,-106.21745496,2507.2848,29.80944,0.0,0.0,0.0
647.4,39.96172576,-106.21745484,2506.98,29.687520000000003,0.0,0.0,0.0
647.5,39.96172573,-106.21745478,2506.98,29.687520000000003,0.0,0.0,0.0
647.5999999999999,39.96172571,-106.21745474,2506.98,29.687520000000003,0.0,0.0,0.0
647.6999999999999,39.96172571,-106.2174547,2507.2848,29.80944,0.0,0.0,0.0
647.8,39.96172574,-106.21745468,2507.2848,29.80944,0.0,0.0,0.0
647.9,39.96172583,-106.2174547,2507.2848,29.80944,0.0,0.0,0.0
648.0,39.96172591,-106.21745469,2507.2848,29.80944,0.0,0.0,0.0
648.0999999999999,39.96172597,-106.21745463,2507.2848,29.80944,0.0,0.0,0.0
648.1999999999999,39.96172603,-106.21745447,2507.2848,29.90088,0.0,0.0,0.0
648.3,39.96172606,-106.21745437,2507.2848,29.80944,0.0,0.0,0.0
648.4,39.96172608,-106.21745429,2507.2848,29.90088,0.0,0.0,0.0
648.5,39.96172613,-106.21745422,2507.2848,29.90088,0.0,0.0,0.0
648.5999999999999,39.96172615,-106.21745416,2507.2848,29.90088,0.0,0.0,0.0
648.6999999999999,39.96172609,-106.21745424,2507.2848,29.90088,0.0,0.0,0.0
648.8,39.96172607,-106.21745418,2507.2848,29.90088,0.0,0.0,0.0
648.9,39.96172607,-106.21745409,2507.2848,29.90088,0.0,0.0,0.0
649.0,39.96172606,-106.21745403,2507.2848,29.90088,0.0,0.0,0.0
649.0999999999999,39.96172602,-106.21745403,2507.2848,29.90088,0.0,0.0,0.0
649.1999999999999,39.96172599,-106.21745399,2507.2848,29.90088,0.0,0.0,0.0
649.3,39.96172597,-106.21745396,2507.2848,29.90088,0.0,0.0,0.0
649.4,39.96172595,-106.21745393,2507.2848,29.90088,0.0,0.0,0.0
649.5,39.96172594,-106.21745397,2507.2848,29.90088,0.0,0.0,0.0
649.5999999999999,39.96172593,-106.21745394,2507.2848,29.992320000000003,0.0,0.0,0.0
649.6999999999999,39.96172593,-106.21745391,2507.2848,29.90088,0.0,0.0,0.0
649.8,39.96172593,-106.21745388,2507.2848,29.90088,0.0,0.0,0.0
649.9,39.961726,-106.21745397,2507.2848,29.90088,0.0,0.0,0.0
650.0,39.96172601,-106.21745398,2507.2848,29.90088,0.0,0.0,0.0
650.0999999999999,39.96172603,-106.21745397,2507.2848,29.90088,0.0,0.0,0.0
650.1999999999999,39.96172605,-106.21745396,2507.2848,29.90088,0.0,0.0,0.0
650.3,39.96172607,-106.21745398,2507.2848,29.90088,0.0,0.089408,0.0
650.4,39.9617261,-106.21745402,2507.2848,29.80944,0.0,0.491744,0.0
650.5,39.96172612,-106.21745405,2507.2848,29.80944,0.0,0.89408,0.0
650.5999999999999,39.96172614,-106.21745408,2506.98,29.687520000000003,0.0,1.385824,0.0
650.6999999999999,39.96172617,-106.21745409,2506.98,29.50464,0.0,1.78816,0.0
650.8,39.96172619,-106.21745412,2506.6752,29.29128,0.0,2.101088,0.0
650.9,39.96172637,-106.21745417,2506.6752,29.108400000000003,0.0,2.414016,0.0
651.0,39.96172656,-106.21745421,2506.3704,28.89504,0.0,2.592832,0.0
651.0999999999999,39.96172683,-106.21745426,2506.0656,28.498800000000003,0.491744,2.68224,0.0
651.1999999999999,39.96172702,-106.21745431,2505.7608,28.28544,0.491744,2.414016,0.0
651.3,39.9617271,-106.21745436,2505.456,28.01112,0.491744,2.101088,0.0
651.4,39.96172706,-106.21745432,2505.456,27.8892,0.0,1.78816,90.0
651.5,39.96172682,-106.21745418,2505.1512,27.70632,0.0,1.385824,158.19859051364824
651.5999999999999,39.96172656,-106.21745408,2505.1512,27.61488,0.491744,0.983488,158.19859051364824
651.6999999999999,39.96172586,-106.21745392,2504.8464,27.492960000000004,0.67056,0.581152,180.0
651.8,39.96172554,-106.2174539,2504.8464,27.492960000000004,0.67056,0.312928,180.0
652.0,39.96172512,-106.21745404,2504.8464,27.492960000000004,0.44704,0.0,180.0
652.0999999999999,39.96172478,-106.2174542,2505.1512,27.61488,0.312928,0.0,0.0
652.1999999999999,39.96172472,-106.21745422,2505.1512,27.61488,0.0,0.0,0.0
652.3,39.9617248,-106.21745422,2505.1512,27.61488,0.0,0.0,0.0
652.4,39.9617249,-106.21745423,2505.1512,27.61488,0.0,0.0,0.0
652.5,39.96172529,-106.21745417,2505.1512,27.61488,0.491744,0.0,0.0
652.5999999999999,39.96172543,-106.2174542,2505.1512,27.70632,0.491744,0.0,0.0
652.6999999999999,39.96172562,-106.21745423,2505.1512,27.61488,0.0,0.0,0.0
652.8,39.96172576,-106.21745423,2505.1512,27.61488,0.0,0.0,0.0
652.9,39.96172602,-106.21745422,2505.1512,27.61488,0.0,0.0,0.0
653.0,39.96172607,-106.21745427,2505.1512,27.61488,0.0,0.0,0.0
653.0999999999999,39.96172599,-106.2174543,2504.8464,27.492960000000004,0.0,0.0,180.0
653.1999999999999,39.96172572,-106.21745418,2505.1512,27.61488,0.491744,0.0,150.94539590092285
653.3,39.96172498,-106.2174538,2504.8464,27.492960000000004,0.67056,0.089408,145.4914770123316
653.4,39.96172422,-106.21745315,2504.8464,27.492960000000004,1.0728959999999998,0.089408,143.9726266148964
653.5,39.96172313,-106.21745215,2504.8464,27.492960000000004,1.251712,0.089408,144.637538112931
653.5999999999999,39.96172181,-106.21745088,2504.8464,27.492960000000004,1.654048,0.089408,142.65065095535942
653.6999999999999,39.96172006,-106.21744903,2504.8464,27.492960000000004,2.2352,0.0,142.9269266826896
653.8,39.9617179,-106.21744637,2504.8464,27.492960000000004,2.861056,0.0,143.3102771675242
653.9,39.96171561,-106.2174441,2504.8464,27.492960000000004,3.308096,0.0,142.1934700552955
654.0,39.9617133,-106.21744179,2504.8464,27.492960000000004,3.173984,0.0,142.9893267663969
654.0999999999999,39.96171033,-106.21743873,2504.8464,27.492960000000004,3.755136,0.0,140.93741609948154
654.1999999999999,39.9617072,-106.21743527,2504.8464,27.492960000000004,4.336288,0.0,141.70983680775691
654.3,39.96170386,-106.2174318,2504.8464,27.492960000000004,4.649216,0.0,141.93434890126957
654.4,39.96170046,-106.21742829,2504.8464,27.492960000000004,4.783328,0.22352,142.5238204386386
654.5,39.96169668,-106.2174244,2504.8464,27.40152,5.051552,0.491744,141.78897457443878
654.5999999999999,39.96169293,-106.21742052,2504.8464,27.40152,5.36448,0.89408,141.63251461513846
654.6999999999999,39.96168882,-106.21741618,2504.8464,27.31008,5.632704,1.296416,142.32190828697372
654.8,39.96168475,-106.21741195,2504.5416,27.188160000000003,5.856224,1.78816,142.35237935989238
654.9,39.96168029,-106.21740745,2504.2368,26.91384,6.079744,2.190496,141.53663364879708
655.0,39.96167589,-106.21740297,2504.2368,26.70048,6.25856,2.414016,141.70983680775691
655.0999999999999,39.96167099,-106.21739802,2503.932,26.39568,6.571488,2.68224,141.69422913189317
655.1999999999999,39.96166609,-106.21739312,2503.6272,26.09088,6.884416,2.816352,141.90355391972503
655.3,39.96166065,-106.21738778,2503.3224,25.78608,7.242048,2.90576,142.03497591043111
655.4,39.9616555,-106.21738275,2503.0176,25.51176,7.37616,2.995168,142.4114928591789
655.5,39.96164922,-106.2173767,2502.408,25.08504,7.912608,2.995168,142.88313931672974
655.5999999999999,39.96164359,-106.21737121,2502.1032,24.810720000000003,8.27024,2.995168,143.01123161285602
655.6999999999999,39.96163678,-106.21736466,2501.7984,24.505920000000003,8.627872,2.995168,142.62107130929706
655.8,39.96163034,-106.21735845,2501.4936,24.201120000000003,9.16432,2.995168,142.6960517220166
655.9,39.96162341,-106.2173518,2501.1888,23.896320000000003,9.209024,2.995168,142.97327123257037
656.0,39.96161682,-106.21734538,2501.1888,23.71344,9.343136,2.995168,142.4773303066608
656.0999999999999,39.96160886,-106.21733763,2500.884,23.40864,10.103104,2.995168,142.74199124032566
656.1999999999999,39.96160136,-106.21733029,2500.5792,23.10384,10.72896,2.995168,142.37376636133024
656.3,39.96159288,-106.21732174,2500.2744,22.79904,11.176,2.995168,142.62671788260224
656.4,39.96158475,-106.2173137,2499.9696,22.49424,11.62304,2.995168,142.68767269611652
656.5,39.96157596,-106.21730509,2499.6648,22.18944,11.801856,2.995168,143.17276487755453
656.5999999999999,39.96156777,-106.21729717,2499.36,21.91512,11.801856,2.995168,143.2127801892859
656.6999999999999,39.96155778,-106.21728758,2499.0552,21.61032,12.561824,2.995168,144.18054195762613
656.8,39.96154903,-106.21727936,2498.7504,21.30552,12.874752,2.995168,144.34814184998265
656.9,39.961539,-106.21727015,2498.4456,21.00072,12.785344,2.90576,144.8193006387579
657.0,39.96152922,-106.21726125,2498.1408,20.695920000000005,13.455904,2.90576,145.11536132406718
657.0999999999999,39.96151821,-106.21725128,2497.836,20.391120000000004,14.08176,2.90576,145.14286367876275
657.1999999999999,39.96150799,-106.21724236,2497.5312,19.99488,14.30528,2.995168,145.6588720937907
657.3,39.96149706,-106.21723272,2497.2264,19.69008,14.171168,2.995168,146.06211490385112
657.4,39.96148703,-106.21722398,2496.9216,19.38528,14.037056,2.90576,146.45547605473752
657.5,39.96147511,-106.21721377,2496.6168,19.11096,14.618208,2.995168,146.93953108243045
657.5999999999999,39.96146481,-106.21720528,2496.3120000000004,18.80616,14.707616,2.995168,147.12021809422805
657.6999999999999,39.96145265,-106.21719509,2496.0072,18.50136,14.797024,2.90576,147.59458928703714
657.8,39.9614415,-106.21718589,2495.3976,18.10512,15.378176,2.995168,147.77751983461212
657.9,39.96142965,-106.21717623,2495.0928000000004,17.80032,15.109951999999998,2.995168,148.22687156396535
658.0,39.96141872,-106.21716732,2495.0928000000004,17.58696,14.931136,2.90576,148.40348448027282
658.0999999999999,39.96140579,-106.21715698,2494.788,17.31264,15.601696,2.816352,148.69004961746555
658.1999999999999,39.96139424,-106.21714787,2494.4832,17.00784,15.914624,2.816352,148.80357153062323
658.3,39.96138262,-106.2171388,2494.1784,16.70304,15.020544,2.68224,149.0956173114539
658.4,39.96137191,-106.21713059,2493.8736000000004,16.39824,14.439391999999998,2.816352,149.33811517161178
658.5,39.96136026,-106.21712164,2493.5688,16.09344,14.439391999999998,2.816352,149.5991751525121
658.5999999999999,39.96134959,-106.21711348,2493.264,15.6972,14.394688,2.90576,149.7435628364707
658.6999999999999,39.96133913,-106.21710552,2492.9592,15.51432,13.590016,2.90576,149.7297031900277
658.8,39.96132943,-106.21709813,2492.6544000000004,15.20952,12.96416,2.90576,149.17233770013195
658.9,39.96132046,-106.21709108,2492.3496,14.90472,12.07008,2.90576,149.46117347303164
659.0,39.96131173,-106.21708432,2492.0448,14.59992,11.488928,2.90576,149.21976551651284
659.0999999999999,39.96130239,-106.21707706,2491.74,14.29512,11.667744,2.90576,149.48976259388445
659.1999999999999,39.96129337,-106.21707007,2491.4352000000003,13.99032,11.891264,2.995168,149.5932682188993
659.3,39.9612848,-106.21706358,2491.1304,13.68552,11.354816,2.995168,149.57093371282247
659.4,39.96127688,-106.21705748,2490.8256,13.4112,10.594848,2.995168,149.50904111923808
659.5,39.96126932,-106.21705163,2490.5208,13.1064,10.013696,2.995168,149.66782490370008
659.5999999999999,39.96126168,-106.21704574,2490.2160000000003,12.8016,9.83488,2.995168,149.60444744679012
659.6999999999999,39.96125441,-106.21704042,2489.9112,12.4968,9.566656,2.995168,149.57814783733215
659.8,39.96124776,-106.21703542,2489.6064,12.192,8.896096,2.995168,150.0285050679273
659.9,39.96124139,-106.21703065,2489.3016,11.8872,8.359648,2.995168,150.17657758773908
660.0,39.96123529,-106.21702613,2488.9968000000003,11.61288,7.957312,3.084576,150.46121774044195
660.0999999999999,39.96122922,-106.21702168,2488.692,11.30808,7.778496,3.084576,150.47132816552016
660.1999999999999,39.96122326,-106.21701772,2488.3872,11.00328,7.59968,3.084576,150.98091714839495
660.3,39.96121767,-106.21701373,2488.0824,10.698480000000002,7.242048,3.084576,151.0202923020712
660.4,39.96121284,-106.21701034,2487.7776000000003,10.393680000000002,6.616192,3.084576,151.80869162620684
660.5,39.96120781,-106.21700676,2487.4728,10.08888,6.213856,2.995168,151.49346243200762
660.5999999999999,39.96120323,-106.21700351,2487.168,9.814560000000002,6.079744,2.90576,150.71857293894095
660.6999999999999,39.96119889,-106.21700034,2486.8632,9.50976,5.677408,2.90576,150.25511870305775
660.8,39.96119514,-106.21699758,2486.8632,9.2964,5.14096,2.816352,151.4341632062534
660.9,39.96119173,-106.21699514,2486.5584000000003,9.11352,4.559807999999999,2.816352,152.03776779562563
661.0,39.96118902,-106.21699334,2486.2536,8.80872,3.844544,2.68224,153.76806006684342
661.0999999999999,39.9611862,-106.2169916,2485.9488,8.50392,3.442208,2.279904,157.38013505195954
661.1999999999999,39.96118388,-106.21699032,2485.9488,8.41248,3.12928,1.78816,160.55996517182382
661.3,39.96118182,-106.2169893,2485.644,8.19912,2.6375360000000003,1.296416,158.19859051364824
661.4,39.96118037,-106.21698843,2485.644,8.10768,2.101088,0.804672,148.17255342332692
661.5,39.96117929,-106.21698742,2485.644,8.10768,1.654048,0.402336,128.65980825409008
661.5999999999999,39.9611785,-106.21698601,2485.3392000000003,7.98576,1.519936,0.22352,110.92450174492114
661.6999999999999,39.96117796,-106.21698397,2485.644,8.10768,1.56464,0.0,103.73626830562256
661.8,39.96117778,-106.21698099,2485.644,8.19912,2.2352,-0.089408,101.513831184487
661.9,39.96117753,-106.21697799,2485.644,8.19912,2.548128,-0.089408,99.90418321297386
662.0,39.96117738,-106.21697459,2485.644,8.290560000000001,2.771648,0.0,95.55297103303678
662.0999999999999,39.96117725,-106.21697044,2485.644,8.19912,3.218688,0.0,93.66778805553145
662.1999999999999,39.96117722,-106.21696578,2485.644,8.19912,3.755136,0.0,91.2730300200567
662.3,39.96117701,-106.21696028,2485.644,8.19912,4.336288,0.0,90.0
662.4,39.96117707,-106.21695507,2485.644,8.19912,4.559807999999999,-0.089408,90.0
662.5,39.96117721,-106.21694902,2485.644,8.19912,4.783328,0.0,88.92917554521301
662.5999999999999,39.96117738,-106.21694354,2485.644,8.19912,4.91744,0.0,87.48863673283694
662.6999999999999,39.96117756,-106.21693668,2485.644,8.10768,5.230368,0.0,86.68905848538856
662.8,39.96117791,-106.21692982,2485.644,8.10768,5.856224,0.0,86.91781917547183
662.9,39.96117826,-106.21692314,2485.3392000000003,7.98576,5.766816,0.0,86.241444314528
663.0,39.9611787,-106.21691563,2485.644,8.10768,6.03504,0.0,85.66173320857183
663.0999999999999,39.9611793,-106.21690742,2485.3392000000003,7.98576,6.7056,0.0,85.11159905187526
663.1999999999999,39.96117987,-106.21689968,2485.3392000000003,7.98576,6.795007999999999,0.0,85.38364790644897
663.3,39.96118056,-106.2168903,2485.3392000000003,7.98576,7.331455999999999,0.0,84.55966796899452
663.4,39.96118123,-106.21688143,2485.3392000000003,7.98576,7.778496,0.0,84.83475895500425
663.5,39.96118213,-106.21687176,2485.3392000000003,7.89432,7.957312,0.0,84.3824194098732
663.5999999999999,39.96118288,-106.21686268,2485.3392000000003,7.89432,8.04672,0.0,84.58813084768298
663.6999999999999,39.96118382,-106.2168517,2485.3392000000003,7.89432,8.583167999999999,0.0,84.26090150191038
663.8,39.9611847,-106.21684136,2485.3392000000003,7.89432,9.119616,0.0,84.45468269113798
663.9,39.9611857,-106.21683011,2485.3392000000003,7.89432,9.253728,0.0,84.10303648978919
664.0,39.96118678,-106.21681979,2485.3392000000003,7.98576,9.253728,0.0,84.26350461312882
664.0999999999999,39.96118787,-106.21680723,2485.3392000000003,7.98576,9.83488,-0.089408,83.68763524535194
664.1999999999999,39.96118888,-106.21679553,2485.3392000000003,7.98576,10.416032,-0.089408,83.87581393953752
664.3,39.96118999,-106.21678288,2485.3392000000003,7.98576,10.460736,0.0,83.50065372034544
664.4,39.96119103,-106.21677128,2485.3392000000003,7.98576,10.416032,0.0,83.22205126580093
664.5,39.96119233,-106.21675739,2485.3392000000003,7.98576,10.95248,0.0,82.8749836510982
664.5999999999999,39.96119351,-106.21674531,2485.644,8.10768,11.131296,-0.089408,82.95928341299532
664.6999999999999,39.96119486,-106.21673192,2485.644,8.10768,10.95248,-0.22352,82.8176592284915
664.8,39.96119623,-106.21671886,2485.644,8.10768,11.354816,-0.22352,82.54792255659532
664.9,39.96119766,-106.21670638,2485.644,8.10768,10.997184,-0.22352,82.68784513470177
665.0,39.96119887,-106.21669554,2485.644,8.19912,10.013696,-0.089408,82.9716037610504
665.0999999999999,39.96120007,-106.21668352,2485.644,8.10768,9.83488,0.0,83.14636482834976
665.1999999999999,39.96120088,-106.2166742,2485.644,8.10768,9.16432,0.0,83.69141099744513
665.3,39.9612018,-106.21666391,2485.644,8.10768,8.404352,0.0,83.32553095288245
665.4,39.96120259,-106.2166551,2485.644,8.10768,8.180832,0.0,83.62467902519154
665.5,39.96120351,-106.2166454,2485.644,8.10768,7.957312,0.0,83.88449643371462
665.5999999999999,39.96120421,-106.21663758,2485.3392000000003,7.98576,7.510272,0.0,84.18102909860545
665.6999999999999,39.96120489,-106.21663008,2485.3392000000003,7.98576,6.571488,0.0,85.66173320857183
665.8,39.96120542,-106.21662278,2485.3392000000003,7.98576,6.347968,0.0,86.15754687208516
666.0,39.96120613,-106.21660904,2485.3392000000003,7.98576,5.990336,0.089408,87.48863673283694
666.0999999999999,39.96120604,-106.21660368,2485.3392000000003,7.98576,5.409184,0.0,88.88760038370219
666.1999999999999,39.96120606,-106.21659894,2485.3392000000003,7.89432,4.336288,0.0,90.0
666.3,39.96120601,-106.21659429,2485.3392000000003,7.89432,3.978656,0.0,90.0
666.4,39.96120592,-106.21659053,2485.3392000000003,7.89432,3.531616,0.0,90.0
666.5,39.96120559,-106.21658675,2485.3392000000003,7.89432,3.263392,0.0,91.76239102366054
666.5999999999999,39.96120541,-106.21658384,2485.3392000000003,7.89432,2.816352,0.0,92.12109639666149
666.6999999999999,39.96120519,-106.21658104,2485.3392000000003,7.89432,2.45872,0.0,92.54480437981312
666.8,39.96120498,-106.21657896,2485.3392000000003,7.89432,2.101088,0.0,97.90716270295844
666.9,39.96120488,-106.216577,2485.3392000000003,7.98576,1.78816,-0.089408,100.4914770123316
667.0,39.96120473,-106.2165758,2485.3392000000003,7.98576,1.34112,-0.089408,96.34019174590992
667.0999999999999,39.96120453,-106.21657482,2485.3392000000003,7.98576,0.938784,-0.089408,100.30484646876602
667.1999999999999,39.96120437,-106.21657421,2485.3392000000003,7.98576,0.67056,-0.089408,105.94539590092285
667.3,39.96120425,-106.2165738,2485.3392000000003,7.98576,0.67056,-0.089408,111.80140948635182
667.4,39.96120418,-106.21657338,2485.644,8.10768,0.491744,-0.089408,135.0
667.5,39.96120407,-106.21657325,2485.644,8.10768,0.0,-0.089408,135.0
667.5999999999999,39.96120398,-106.21657315,2485.644,8.10768,0.491744,-0.089408,135.0
667.8,39.96120394,-106.21657247,2485.644,8.10768,0.44704,0.0,135.0
667.9,39.96120385,-106.21657227,2485.644,8.10768,0.44704,0.0,135.0
668.0,39.96120376,-106.2165721,2485.644,8.10768,0.0,0.0,135.0
668.0999999999999,39.96120362,-106.21657187,2485.644,8.10768,0.491744,0.0,90.0
668.1999999999999,39.96120351,-106.21657158,2485.644,8.10768,0.0,0.0,90.0
668.3,39.96120345,-106.21657103,2485.644,8.19912,0.0,0.0,0.0
668.4,39.9612034,-106.21657059,2485.644,8.10768,0.67056,0.0,0.0
668.5,39.96120331,-106.2165704,2485.644,8.10768,0.67056,0.0,0.0
668.5999999999999,39.96120325,-106.21657019,2485.644,8.10768,0.0,0.0,0.0
668.6999999999999,39.96120318,-106.21657016,2485.644,8.10768,0.0,0.0,0.0
668.8,39.96120311,-106.21657014,2485.644,8.19912,0.0,0.0,0.0
668.9,39.96120306,-106.21657009,2485.644,8.19912,0.0,0.0,0.0
669.0,39.96120299,-106.21657008,2485.644,8.19912,0.0,0.0,0.0
669.0999999999999,39.9612029,-106.21657015,2485.644,8.19912,0.0,0.0,0.0
669.1999999999999,39.96120284,-106.21657021,2485.644,8.19912,0.0,0.0,0.0
669.3,39.96120281,-106.21657032,2485.644,8.19912,0.0,0.0,0.0
669.4,39.96120279,-106.21657041,2485.644,8.19912,0.0,0.0,0.0
669.5,39.96120289,-106.2165706,2485.644,8.19912,0.491744,0.0,0.0
669.5999999999999,39.9612029,-106.21657067,2485.644,8.19912,0.0,0.0,0.0
669.6999999999999,39.96120292,-106.21657075,2485.644,8.19912,0.491744,0.0,0.0
669.8,39.96120293,-106.21657082,2485.644,8.19912,0.0,0.0,0.0
669.9,39.96120292,-106.21657101,2485.644,8.10768,0.0,0.0,0.0
670.0,39.96120292,-106.21657106,2485.644,8.10768,0.0,0.0,0.0
670.0999999999999,39.96120294,-106.21657111,2485.644,8.10768,0.0,0.0,0.0
670.1999999999999,39.96120296,-106.21657115,2485.644,8.10768,0.0,0.0,0.0
670.3,39.96120297,-106.21657132,2485.644,8.10768,0.0,0.0,0.0
670.4,39.96120298,-106.21657138,2485.644,8.10768,0.0,0.0,0.0
670.5,39.96120302,-106.21657145,2485.644,8.10768,0.0,0.0,0.0
670.6999999999999,39.96120301,-106.21657154,2485.644,8.10768,0.0,0.0,0.0
670.8,39.96120298,-106.21657166,2485.644,8.10768,0.0,0.0,0.0
670.9,39.96120289,-106.21657174,2485.644,8.10768,0.491744,0.0,0.0
671.0,39.96120281,-106.21657181,2485.644,8.10768,0.0,0.0,0.0
671.0999999999999,39.96120277,-106.21657188,2485.644,8.10768,0.0,0.0,0.0
671.1999999999999,39.96120266,-106.21657204,2485.644,8.10768,0.0,0.0,0.0
671.3,39.96120267,-106.2165721,2485.644,8.10768,0.0,0.0,0.0
671.4,39.96120267,-106.21657214,2485.644,8.10768,0.0,0.0,0.0
671.5,39.96120269,-106.21657215,2485.644,8.10768,0.491744,0.0,0.0
671.5999999999999,39.9612027,-106.21657215,2485.644,8.10768,0.491744,0.0,0.0
671.6999999999999,39.9612027,-106.21657213,2485.644,8.10768,0.491744,0.0,0.0
671.8,39.96120269,-106.2165721,2485.644,8.10768,0.491744,0.0,0.0
671.9,39.96120267,-106.21657204,2485.644,8.10768,0.491744,0.0,0.0
672.0,39.96120265,-106.21657194,2485.644,8.10768,0.0,0.0,90.0
672.0999999999999,39.9612027,-106.21657167,2485.644,8.10768,0.491744,0.0,90.0
672.1999999999999,39.9612027,-106.21657147,2485.644,8.10768,0.0,0.0,90.0
672.3,39.96120271,-106.21657134,2485.644,8.10768,0.0,0.0,90.0
672.4,39.96120272,-106.21657125,2485.644,8.10768,0.0,0.0,0.0
672.5,39.96120276,-106.21657123,2485.644,8.10768,0.0,0.0,0.0
672.5999999999999,39.96120274,-106.21657122,2485.644,8.10768,0.0,0.0,0.0
672.9,39.96120271,-106.21657153,2485.3392000000003,7.98576,0.0,0.0,0.0
673.0,39.9612027,-106.21657165,2485.644,8.10768,0.0,0.0,0.0
673.0999999999999,39.96120273,-106.21657176,2485.644,8.10768,0.0,0.0,0.0
673.1999999999999,39.96120275,-106.21657184,2485.644,8.10768,0.0,0.0,0.0
673.3,39.96120286,-106.21657195,2485.644,8.10768,0.0,0.0,0.0
673.4,39.96120287,-106.21657201,2485.644,8.10768,0.0,0.0,0.0
673.5,39.96120289,-106.2165721,2485.644,8.10768,0.0,0.0,0.0
673.5999999999999,39.9612029,-106.21657216,2485.644,8.10768,0.0,0.0,0.0
673.6999999999999,39.96120293,-106.21657226,2485.644,8.10768,0.491744,0.0,0.0
673.8,39.96120295,-106.21657227,2485.644,8.10768,0.0,0.0,0.0
673.9,39.96120297,-106.21657226,2485.644,8.10768,0.0,0.089408,0.0
674.0999999999999,39.96120301,-106.21657227,2485.3392000000003,7.98576,0.0,0.312928,0.0
674.1999999999999,39.96120301,-106.21657228,2485.3392000000003,7.98576,0.0,0.402336,0.0
674.3,39.96120299,-106.2165724,2485.3392000000003,7.89432,0.0,0.491744,0.0
674.4,39.96120297,-106.21657249,2485.3392000000003,7.89432,0.0,0.491744,0.0
674.5,39.96120294,-106.21657251,2485.3392000000003,7.802880000000001,0.0,0.581152,0.0
674.5999999999999,39.96120287,-106.2165726,2485.3392000000003,7.802880000000001,0.0,0.715264,0.0
674.6999999999999,39.96120289,-106.21657263,2485.0344,7.71144,0.0,0.804672,0.0
674.8,39.9612029,-106.21657268,2485.0344,7.58952,0.0,0.804672,0.0
674.9,39.96120285,-106.21657277,2485.0344,7.498080000000001,0.0,0.804672,0.0
675.0,39.96120283,-106.21657286,2484.7296,7.40664,0.0,0.804672,0.0
675.0999999999999,39.96120292,-106.21657295,2484.7296,7.315200000000001,0.0,0.804672,0.0
675.1999999999999,39.96120302,-106.21657294,2484.7296,7.193280000000001,0.0,0.804672,0.0
675.3,39.96120311,-106.2165728,2484.7296,7.193280000000001,0.0,0.804672,90.0
675.4,39.96120318,-106.21657267,2484.4248,7.10184,0.0,0.804672,0.0
675.5,39.96120314,-106.21657239,2484.4248,7.010400000000001,0.0,0.804672,0.0
675.5999999999999,39.96120315,-106.21657233,2484.4248,6.88848,0.0,0.804672,0.0
675.6999999999999,39.96120321,-106.21657236,2484.1200000000003,6.797040000000001,0.0,0.804672,0.0
675.8,39.96120327,-106.21657238,2484.1200000000003,6.7056,0.0,0.804672,0.0
675.9,39.96120341,-106.21657239,2484.1200000000003,6.61416,0.0,0.804672,0.0
676.0,39.96120345,-106.21657241,2483.8152,6.492240000000001,0.0,0.804672,0.0
676.0999999999999,39.96120345,-106.21657253,2483.8152,6.4008,0.0,0.804672,0.0
676.1999999999999,39.96120347,-106.21657262,2483.8152,6.4008,0.0,0.804672,0.0
676.3,39.96120366,-106.21657268,2483.8152,6.30936,0.0,0.804672,0.0
676.4,39.96120374,-106.21657263,2483.5104,6.1874400000000005,0.0,0.804672,0.0
676.5,39.96120373,-106.21657262,2483.5104,6.096,0.0,0.804672,0.0
676.5999999999999,39.96120374,-106.21657259,2483.5104,6.00456,0.0,0.715264,0.0
676.6999999999999,39.9612037,-106.21657255,2483.5104,6.00456,0.491744,0.715264,0.0
676.8,39.96120379,-106.21657249,2483.2056,5.91312,0.491744,0.715264,0.0
676.9,39.96120389,-106.21657244,2483.2056,5.7912,0.491744,0.715264,0.0
677.0,39.96120397,-106.2165724,2483.2056,5.69976,0.0,0.715264,0.0
677.0999999999999,39.96120399,-106.21657232,2483.2056,5.69976,0.0,0.715264,0.0
677.1999999999999,39.96120396,-106.21657216,2482.9008000000003,5.60832,0.0,0.715264,0.0
677.3,39.96120406,-106.21657217,2482.9008000000003,5.486400000000001,0.0,0.715264,0.0
677.4,39.96120413,-106.21657216,2482.9008000000003,5.39496,0.0,0.715264,0.0
677.5,39.96120414,-106.2165721,2482.9008000000003,5.39496,0.0,0.715264,0.0
677.5999999999999,39.96120422,-106.21657209,2482.596,5.30352,0.0,0.715264,90.0
677.6999999999999,39.96120426,-106.21657196,2482.596,5.21208,0.0,0.715264,90.0
677.8,39.96120427,-106.21657183,2482.596,5.09016,0.0,0.715264,90.0
677.9,39.96120426,-106.21657169,2482.596,5.09016,0.0,0.715264,0.0
678.0,39.96120429,-106.21657156,2482.2912,4.99872,0.0,0.715264,0.0
678.0999999999999,39.96120427,-106.21657151,2482.2912,4.907280000000001,0.0,0.715264,0.0
678.1999999999999,39.96120423,-106.21657151,2482.2912,4.907280000000001,0.0,0.715264,0.0
678.3,39.96120414,-106.21657158,2482.2912,4.78536,0.0,0.715264,0.0
678.4,39.96120406,-106.21657166,2481.9864,4.69392,0.0,0.715264,0.0
678.5,39.961204,-106.2165718,2481.9864,4.69392,0.0,0.715264,0.0
678.5999999999999,39.96120397,-106.21657191,2481.9864,4.60248,0.0,0.715264,0.0
678.6999999999999,39.96120399,-106.21657195,2481.9864,4.51104,0.0,0.715264,0.0
678.8,39.96120414,-106.21657199,2481.6816000000003,4.38912,0.0,0.715264,0.0
678.9,39.96120416,-106.21657198,2481.6816000000003,4.38912,0.0,0.715264,0.0
679.0,39.96120417,-106.21657195,2481.6816000000003,4.29768,0.0,0.715264,0.0
679.0999999999999,39.96120416,-106.2165719,2481.6816000000003,4.20624,0.0,0.715264,0.0
679.1999999999999,39.96120415,-106.21657184,2481.6816000000003,4.20624,0.0,0.715264,0.0
679.3,39.96120402,-106.21657172,2481.3768,4.1148,0.0,0.715264,0.0
679.4,39.96120395,-106.21657165,2481.3768,3.99288,0.0,0.715264,0.0
679.5,39.96120389,-106.21657158,2481.3768,3.901440000000001,0.491744,0.715264,0.0
679.5999999999999,39.96120385,-106.21657153,2481.3768,3.901440000000001,0.0,0.715264,0.0
679.6999999999999,39.96120383,-106.21657149,2481.3768,3.81,0.0,0.715264,0.0
679.8,39.96120383,-106.21657145,2481.072,3.68808,0.0,0.715264,0.0
679.9,39.96120382,-106.21657146,2481.072,3.68808,0.0,0.715264,0.0
680.0,39.96120382,-106.21657146,2481.072,3.5966400000000003,0.0,0.715264,0.0
680.0999999999999,39.96120379,-106.21657156,2481.072,3.5052000000000003,0.0,0.715264,0.0
680.1999999999999,39.96120381,-106.21657158,2480.7672,3.41376,0.0,0.715264,0.0
680.3,39.96120388,-106.21657163,2480.7672,3.41376,0.0,0.715264,0.0
680.4,39.96120394,-106.21657168,2480.7672,3.2918400000000005,0.0,0.715264,0.0
680.5,39.96120403,-106.21657182,2480.7672,3.2004,0.491744,0.715264,0.0
680.5999999999999,39.96120403,-106.21657186,2480.7672,3.2004,0.0,0.715264,0.0
680.6999999999999,39.96120403,-106.21657192,2480.4624000000003,3.10896,0.0,0.715264,0.0
680.8,39.961204,-106.21657194,2480.4624000000003,2.9870400000000004,0.0,0.715264,0.0
680.9,39.96120392,-106.21657189,2480.4624000000003,2.8956,0.0,0.581152,0.0
681.0,39.96120384,-106.21657185,2480.4624000000003,2.8956,0.0,0.581152,0.0
681.0999999999999,39.96120375,-106.21657181,2480.1576,2.80416,0.0,0.491744,0.0
681.1999999999999,39.96120369,-106.21657176,2480.1576,2.80416,0.0,0.491744,0.0
681.3,39.96120365,-106.21657172,2480.1576,2.7127200000000005,0.0,0.491744,0.0
681.4,39.96120365,-106.21657173,2480.1576,2.7127200000000005,0.0,0.402336,0.0
681.5,39.96120362,-106.21657178,2480.1576,2.5908,0.0,0.402336,0.0
681.5999999999999,39.9612036,-106.21657183,2480.1576,2.5908,0.0,0.402336,0.0
681.6999999999999,39.9612036,-106.21657184,2479.8528,2.49936,0.0,0.312928,0.0
681.8,39.96120361,-106.21657188,2479.8528,2.49936,0.0,0.312928,0.0
681.9,39.96120365,-106.21657199,2479.8528,2.49936,0.0,0.312928,0.0
682.0,39.96120372,-106.21657206,2479.8528,2.4079200000000003,0.0,0.312928,0.0
682.0999999999999,39.96120382,-106.21657205,2479.8528,2.4079200000000003,0.0,0.22352,0.0
682.1999999999999,39.96120408,-106.21657197,2479.8528,2.4079200000000003,0.491744,0.22352,0.0
682.3,39.96120414,-106.21657191,2479.8528,2.4079200000000003,0.0,0.22352,0.0
682.4,39.96120417,-106.21657188,2479.8528,2.286,0.0,0.22352,0.0
682.5,39.96120417,-106.21657188,2479.8528,2.286,0.0,0.22352,0.0
682.5999999999999,39.96120416,-106.21657187,2479.8528,2.286,0.0,0.089408,0.0
682.6999999999999,39.96120415,-106.21657182,2479.8528,2.286,0.0,0.089408,0.0
682.8,39.96120416,-106.2165718,2479.548,2.19456,0.0,0.089408,0.0
682.9,39.96120417,-106.21657179,2479.548,2.19456,0.0,0.089408,0.0
683.0,39.96120419,-106.21657175,2479.548,2.19456,0.0,0.089408,0.0
683.0999999999999,39.96120433,-106.21657164,2479.548,2.19456,0.0,0.0,0.0
683.1999999999999,39.96120436,-106.2165716,2479.548,2.19456,0.0,0.0,0.0
683.3,39.96120439,-106.21657161,2479.548,2.19456,0.0,0.0,0.0
683.4,39.9612044,-106.21657167,2479.548,2.19456,0.0,0.0,0.0
683.5,39.9612043,-106.21657188,2479.548,2.19456,0.0,0.0,270.0
683.5999999999999,39.96120424,-106.21657204,2479.548,2.19456,0.0,0.0,270.0
683.6999999999999,39.9612042,-106.21657221,2479.548,2.19456,0.0,0.0,270.0
683.8,39.96120416,-106.21657234,2479.548,2.19456,0.0,0.0,0.0
683.9,39.96120416,-106.21657242,2479.548,2.19456,0.0,0.0,0.0
684.0,39.96120414,-106.21657247,2479.548,2.19456,0.0,0.0,0.0
684.0999999999999,39.96120414,-106.21657253,2479.548,2.19456,0.0,0.0,0.0
684.1999999999999,39.96120414,-106.21657256,2479.548,2.19456,0.0,0.0,0.0
684.3,39.96120411,-106.21657251,2479.548,2.19456,0.0,0.0,0.0
684.4,39.96120408,-106.21657238,2479.548,2.19456,0.0,0.0,0.0
684.5,39.96120409,-106.21657239,2479.548,2.19456,0.0,0.0,0.0
684.5999999999999,39.96120411,-106.21657238,2479.548,2.19456,0.491744,0.0,0.0
684.6999999999999,39.96120412,-106.21657233,2479.548,2.19456,0.0,0.0,0.0
684.8,39.96120422,-106.21657224,2479.548,2.10312,0.0,0.0,0.0
684.9,39.96120423,-106.21657216,2479.548,2.10312,0.0,0.0,0.0
685.0,39.96120423,-106.21657208,2479.548,2.10312,0.0,0.0,0.0
685.0999999999999,39.96120421,-106.21657201,2479.548,2.10312,0.0,0.0,0.0
685.1999999999999,39.96120419,-106.21657193,2479.548,2.10312,0.0,0.0,0.0
685.3,39.96120416,-106.21657182,2479.548,2.10312,0.0,0.0,0.0
685.4,39.96120413,-106.21657174,2479.548,2.10312,0.0,0.0,0.0
685.5,39.96120411,-106.21657172,2479.548,2.10312,0.0,0.0,0.0
685.5999999999999,39.96120403,-106.21657185,2479.548,2.10312,0.0,0.0,0.0
685.6999999999999,39.96120397,-106.21657182,2479.548,2.10312,0.0,0.0,0.0
685.8,39.96120391,-106.2165718,2479.548,2.10312,0.0,0.0,0.0
685.9,39.96120385,-106.21657178,2479.548,2.10312,0.0,0.0,0.0
686.0,39.96120382,-106.21657175,2479.548,2.10312,0.0,0.0,0.0
686.0999999999999,39.96120384,-106.21657184,2479.548,2.10312,0.0,0.0,0.0
686.1999999999999,39.96120385,-106.21657183,2479.548,2.10312,0.0,0.0,0.0
686.3,39.96120384,-106.2165718,2479.548,2.10312,0.0,0.0,0.0
686.4,39.96120384,-106.21657179,2479.548,2.10312,0.0,0.0,0.0
686.5,39.96120391,-106.21657182,2479.548,2.10312,0.0,0.0,0.0
686.5999999999999,39.96120395,-106.21657184,2479.548,2.10312,0.0,0.0,0.0
686.6999999999999,39.96120396,-106.21657185,2479.548,2.10312,0.0,0.0,0.0
686.8,39.96120398,-106.21657188,2479.548,2.10312,0.0,0.0,0.0
686.9,39.96120396,-106.21657198,2479.548,2.10312,0.0,0.0,0.0
687.0,39.96120397,-106.21657201,2479.548,2.10312,0.0,0.0,0.0
687.0999999999999,39.96120396,-106.21657202,2479.548,2.10312,0.0,0.0,0.0
687.1999999999999,39.96120394,-106.21657201,2479.548,2.10312,0.491744,0.0,0.0
687.3,39.96120394,-106.21657194,2479.548,2.10312,0.491744,0.0,0.0
687.4,39.96120389,-106.21657188,2479.548,2.10312,0.0,0.0,0.0
687.5,39.96120381,-106.21657185,2479.548,2.10312,0.0,0.0,0.0
687.5999999999999,39.96120374,-106.21657179,2479.548,2.10312,0.0,0.0,0.0
687.6999999999999,39.96120368,-106.21657165,2479.548,2.10312,0.491744,0.0,0.0
687.8,39.96120359,-106.21657148,2479.548,2.10312,0.0,0.0,0.0
687.9,39.96120353,-106.2165714,2479.548,2.10312,0.67056,0.0,0.0
688.0,39.9612035,-106.21657133,2479.548,2.10312,0.0,0.0,0.0
688.0999999999999,39.9612035,-106.21657125,2479.548,2.10312,0.491744,0.0,0.0
688.1999999999999,39.96120358,-106.21657118,2479.548,2.10312,0.0,0.089408,0.0
688.3,39.96120356,-106.21657113,2479.548,2.10312,0.0,0.22352,0.0
688.5,39.96120356,-106.21657111,2479.548,2.01168,0.0,0.312928,0.0
688.5999999999999,39.96120358,-106.21657112,2479.548,2.01168,0.0,0.312928,0.0
688.6999999999999,39.96120365,-106.21657114,2479.548,2.01168,0.0,0.312928,0.0
688.8,39.96120368,-106.21657114,2479.548,2.01168,0.491744,0.312928,0.0
688.9,39.96120363,-106.21657109,2479.2432000000003,1.88976,0.0,0.312928,0.0
689.0,39.9612036,-106.21657103,2479.2432000000003,1.88976,0.0,0.312928,0.0
689.0999999999999,39.96120355,-106.21657088,2479.2432000000003,1.88976,0.0,0.312928,0.0
689.1999999999999,39.96120357,-106.21657085,2479.2432000000003,1.79832,0.0,0.312928,0.0
689.3,39.96120359,-106.21657086,2479.2432000000003,1.79832,0.0,0.312928,0.0
689.4,39.96120365,-106.21657089,2479.2432000000003,1.79832,0.491744,0.312928,0.0
689.5,39.96120387,-106.2165709,2479.2432000000003,1.70688,0.0,0.312928,0.0
689.5999999999999,39.96120401,-106.21657095,2479.2432000000003,1.70688,0.0,0.312928,0.0
689.6999999999999,39.96120411,-106.21657103,2479.2432000000003,1.70688,0.0,0.312928,0.0
689.8,39.96120422,-106.21657112,2478.9384,1.58496,0.0,0.22352,0.0
689.9,39.9612044,-106.21657132,2478.9384,1.58496,0.0,0.22352,0.0
690.0,39.96120452,-106.21657141,2478.9384,1.58496,0.0,0.22352,0.0
690.0999999999999,39.96120458,-106.2165714,2478.9384,1.4935200000000002,0.0,0.22352,0.0
690.1999999999999,39.96120462,-106.21657142,2478.9384,1.4935200000000002,0.0,0.22352,0.0
690.3,39.96120458,-106.21657147,2478.9384,1.4935200000000002,0.0,0.089408,0.0
690.4,39.9612046,-106.21657153,2478.9384,1.4935200000000002,0.0,0.089408,0.0
690.5,39.96120466,-106.21657154,2478.9384,1.4935200000000002,0.491744,0.0,0.0
690.5999999999999,39.96120469,-106.21657153,2478.9384,1.4935200000000002,0.0,0.0,0.0
690.6999999999999,39.96120469,-106.21657154,2478.9384,1.4935200000000002,0.491744,0.0,0.0
690.8,39.96120466,-106.21657153,2478.9384,1.4935200000000002,0.491744,0.0,0.0
690.9,39.96120461,-106.21657147,2478.9384,1.4935200000000002,0.0,0.0,0.0
691.0,39.96120459,-106.2165714,2478.9384,1.4935200000000002,0.0,0.0,0.0
691.0999999999999,39.9612046,-106.21657132,2478.9384,1.4935200000000002,0.0,0.0,0.0
691.1999999999999,39.96120449,-106.21657113,2478.9384,1.4935200000000002,0.0,0.0,0.0
691.3,39.96120446,-106.21657118,2478.9384,1.4935200000000002,0.0,0.0,0.0
691.4,39.96120443,-106.21657123,2478.9384,1.4935200000000002,0.0,0.0,0.0
691.5,39.96120441,-106.21657122,2478.9384,1.4935200000000002,0.0,0.0,0.0
