timestamp,latitude,longitude,altitude,height,ground_speed,vertical_speed,course
0.0,39.96121717,-106.21639903,2477.4144,0.0,0.0,0.0,0.0
0.3000000000000682,39.96121723,-106.21639905,2477.4144,0.0,0.0,0.0,0.0
0.4000000000000909,39.96121725,-106.21639904,2477.4144,0.0,0.0,0.0,0.0
0.5,39.96121725,-106.21639905,2477.4144,0.0,0.0,0.0,0.0
0.6000000000000227,39.96121726,-106.21639904,2477.4144,0.0,0.0,0.0,0.0
0.7000000000000455,39.96121726,-106.21639902,2477.4144,0.0,0.0,0.0,0.0
0.8000000000000682,39.96121727,-106.21639898,2477.4144,0.0,0.491744,0.0,0.0
0.900000000000091,39.96121725,-106.21639896,2477.4144,0.0,0.0,0.0,0.0
1.0,39.96121726,-106.21639893,2477.4144,0.0,0.491744,0.0,0.0
1.1000000000000227,39.96121725,-106.21639892,2477.4144,0.0,0.0,0.0,0.0
1.2000000000000457,39.96121725,-106.2163989,2477.4144,0.0,0.0,0.0,0.0
1.400000000000091,39.96121731,-106.21639885,2477.4144,0.0,0.0,-0.089408,0.0
1.5,39.96121735,-106.21639875,2477.4144,0.0,0.0,-0.22352,90.0
1.6000000000000227,39.96121745,-106.21639851,2477.4144,0.0,0.0,-0.312928,90.0
1.7000000000000457,39.9612176,-106.21639818,2477.4144,0.0,0.0,-0.312928,74.05460409907715
1.8000000000000682,39.96121778,-106.21639783,2477.7192,0.09144,0.491744,-0.22352,74.05460409907715
1.900000000000091,39.96121787,-106.21639751,2477.7192,0.09144,0.67056,-0.089408,74.05460409907715
2.0,39.96121792,-106.21639725,2477.7192,0.09144,0.0,-0.089408,90.0
2.200000000000045,39.96121799,-106.21639685,2477.7192,0.09144,0.44704,-0.22352,0.0
2.400000000000091,39.96121791,-106.21639663,2477.7192,0.21336,0.0,-0.491744,0.0
2.6000000000000227,39.9612177,-106.21639651,2477.7192,0.3048,0.0,-0.491744,0.0
2.800000000000068,39.96121739,-106.21639643,2478.0240000000003,0.39624,0.0,-0.581152,0.0
3.0,39.9612172,-106.21639627,2478.0240000000003,0.6096,0.0,-0.581152,0.0
3.1000000000000227,39.96121714,-106.21639619,2478.0240000000003,0.6096,0.0,-0.491744,0.0
3.200000000000045,39.96121713,-106.2163961,2478.3288,0.70104,0.0,-0.491744,0.0
3.400000000000091,39.96121703,-106.21639597,2478.3288,0.7924800000000001,0.0,-0.491744,0.0
3.5,39.96121699,-106.21639596,2478.3288,0.7924800000000001,0.938784,-0.491744,0.0
3.6000000000000227,39.96121696,-106.21639596,2478.3288,0.9144,0.0,-0.491744,0.0
3.7000000000000455,39.96121694,-106.21639597,2478.6336,1.00584,0.491744,-0.491744,0.0
3.800000000000068,39.96121695,-106.21639597,2478.6336,1.00584,0.0,-0.491744,0.0
4.0,39.96121697,-106.21639591,2478.6336,1.09728,0.0,-0.491744,0.0
4.100000000000023,39.96121695,-106.21639582,2478.6336,1.18872,0.312928,-0.402336,0.0
4.300000000000068,39.96121682,-106.21639554,2478.9384,1.31064,0.0,-0.402336,0.0
4.400000000000091,39.96121675,-106.21639538,2478.9384,1.31064,0.0,-0.402336,0.0
4.5,39.96121664,-106.21639523,2478.9384,1.31064,0.491744,-0.491744,0.0
4.600000000000023,39.96121657,-106.21639506,2478.9384,1.40208,0.0,-0.491744,90.0
4.7000000000000455,39.96121651,-106.21639489,2478.9384,1.40208,0.0,-0.402336,0.0
4.800000000000068,39.96121648,-106.21639472,2478.9384,1.4935200000000002,0.0,-0.491744,0.0
4.900000000000091,39.96121641,-106.2163946,2478.9384,1.4935200000000002,0.0,-0.491744,0.0
5.0,39.96121634,-106.21639448,2479.2432000000003,1.58496,0.0,-0.491744,0.0
5.100000000000023,39.96121625,-106.21639437,2479.2432000000003,1.58496,0.0,-0.491744,0.0
5.300000000000068,39.96121608,-106.21639414,2479.2432000000003,1.79832,0.0,-0.491744,0.0
5.400000000000091,39.96121599,-106.21639403,2479.2432000000003,1.79832,0.0,-0.402336,0.0
5.5,39.96121588,-106.21639399,2479.2432000000003,1.79832,0.0,-0.491744,0.0
5.600000000000023,39.96121579,-106.21639396,2479.548,1.88976,0.0,-0.491744,0.0
5.7000000000000455,39.96121572,-106.21639397,2479.548,1.88976,0.0,-0.491744,0.0
5.900000000000091,39.96121563,-106.21639398,2479.548,2.01168,0.0,-0.491744,0.0
6.0,39.9612156,-106.21639396,2479.548,2.10312,0.0,-0.491744,0.0
6.100000000000023,39.96121554,-106.21639402,2479.8528,2.19456,0.0,-0.402336,0.0
6.300000000000068,39.96121548,-106.21639408,2479.8528,2.286,0.0,-0.402336,0.0
6.400000000000091,39.96121546,-106.21639405,2479.8528,2.286,0.0,-0.402336,0.0
6.5,39.96121547,-106.21639401,2479.8528,2.286,0.0,-0.402336,0.0
6.600000000000023,39.9612155,-106.21639396,2479.8528,2.4079200000000003,0.0,-0.491744,0.0
6.7000000000000455,39.96121552,-106.2163939,2479.8528,2.4079200000000003,0.0,-0.491744,0.0
6.800000000000068,39.96121555,-106.21639385,2480.1576,2.49936,0.0,-0.491744,0.0
6.900000000000091,39.96121558,-106.2163938,2480.1576,2.49936,0.491744,-0.491744,0.0
7.0,39.96121563,-106.21639376,2480.1576,2.5908,0.0,-0.402336,0.0
7.100000000000023,39.96121569,-106.21639372,2480.1576,2.5908,0.0,-0.491744,0.0
7.2000000000000455,39.96121574,-106.21639369,2480.1576,2.7127200000000005,0.0,-0.491744,0.0
7.300000000000068,39.96121578,-106.21639369,2480.4624000000003,2.80416,0.0,-0.491744,0.0
7.400000000000091,39.96121581,-106.2163937,2480.4624000000003,2.80416,0.0,-0.491744,0.0
7.5,39.96121582,-106.21639372,2480.4624000000003,2.8956,0.0,-0.491744,0.0
7.600000000000023,39.96121584,-106.21639373,2480.4624000000003,2.8956,0.0,-0.491744,0.0
7.800000000000068,39.96121591,-106.21639375,2480.4624000000003,2.9870400000000004,0.0,-0.491744,0.0
8.0,39.96121594,-106.21639377,2480.7672,3.2004,0.0,-0.491744,0.0
8.200000000000045,39.96121597,-106.2163939,2480.7672,3.2918400000000005,0.0,-0.402336,0.0
8.300000000000068,39.96121594,-106.21639399,2480.7672,3.2918400000000005,0.0,-0.402336,0.0
8.400000000000091,39.9612159,-106.21639405,2481.072,3.41376,0.0,-0.402336,0.0
8.5,39.96121587,-106.21639411,2481.072,3.41376,0.0,-0.491744,0.0
8.700000000000045,39.96121583,-106.21639422,2481.072,3.5052000000000003,0.0,-0.402336,0.0
8.800000000000068,39.96121581,-106.2163943,2481.072,3.5052000000000003,0.0,-0.402336,0.0
8.900000000000091,39.96121579,-106.21639434,2481.072,3.5966400000000003,0.0,-0.402336,0.0
9.0,39.96121578,-106.21639436,2481.072,3.5966400000000003,0.0,-0.402336,0.0
9.100000000000025,39.96121575,-106.21639444,2481.3768,3.68808,0.0,-0.402336,0.0
9.200000000000044,39.96121573,-106.21639452,2481.3768,3.68808,0.0,-0.402336,0.0
9.300000000000068,39.96121571,-106.21639457,2481.3768,3.68808,0.0,-0.402336,0.0
9.400000000000093,39.9612157,-106.21639459,2481.3768,3.81,0.0,-0.402336,0.0
9.5,39.96121569,-106.21639465,2481.3768,3.81,0.491744,-0.402336,0.0
9.600000000000025,39.96121569,-106.2163947,2481.3768,3.901440000000001,0.0,-0.402336,0.0
9.700000000000044,39.96121572,-106.21639473,2481.3768,3.901440000000001,0.491744,-0.402336,0.0
9.900000000000093,39.96121577,-106.21639474,2481.6816000000003,3.99288,0.0,-0.402336,0.0
10.0,39.96121578,-106.21639471,2481.6816000000003,4.1148,0.0,-0.491744,0.0
10.200000000000044,39.96121579,-106.21639472,2481.6816000000003,4.20624,0.0,-0.491744,0.0
10.600000000000025,39.9612159,-106.2163947,2481.9864,4.38912,0.0,-0.491744,0.0
10.900000000000093,39.96121583,-106.21639475,2481.9864,4.51104,0.0,-0.491744,0.0
11.200000000000044,39.96121562,-106.21639474,2482.2912,4.69392,0.0,-0.491744,0.0
11.400000000000093,39.96121546,-106.21639461,2482.2912,4.78536,0.0,-0.402336,0.0
11.600000000000025,39.96121529,-106.21639448,2482.2912,4.907280000000001,0.0,-0.491744,0.0
11.800000000000068,39.96121521,-106.21639431,2482.596,4.99872,0.0,-0.402336,0.0
12.0,39.96121511,-106.21639421,2482.596,5.09016,0.0,-0.402336,0.0
12.100000000000025,39.96121508,-106.21639421,2482.596,5.09016,0.0,-0.402336,0.0
12.200000000000044,39.96121507,-106.21639421,2482.596,5.21208,0.491744,-0.402336,0.0
12.300000000000068,39.96121505,-106.21639428,2482.596,5.21208,0.0,-0.402336,0.0
12.400000000000093,39.96121504,-106.21639435,2482.9008000000003,5.30352,0.491744,-0.402336,0.0
12.5,39.96121506,-106.21639442,2482.9008000000003,5.30352,0.0,-0.491744,0.0
12.600000000000025,39.96121509,-106.21639446,2482.9008000000003,5.39496,0.0,-0.402336,0.0
12.700000000000044,39.96121509,-106.21639454,2482.9008000000003,5.39496,0.0,-0.402336,0.0
12.800000000000068,39.96121508,-106.21639462,2482.9008000000003,5.486400000000001,0.0,-0.402336,0.0
12.900000000000093,39.96121507,-106.21639475,2482.9008000000003,5.486400000000001,0.0,-0.402336,0.0
13.0,39.96121507,-106.21639487,2483.2056,5.60832,0.491744,-0.402336,0.0
13.100000000000025,39.96121504,-106.216395,2483.2056,5.60832,0.491744,-0.402336,0.0
13.200000000000044,39.961215,-106.21639511,2483.2056,5.69976,0.0,-0.402336,0.0
13.300000000000068,39.96121493,-106.21639528,2483.2056,5.69976,0.0,-0.402336,0.0
13.400000000000093,39.96121487,-106.21639543,2483.2056,5.7912,0.0,-0.402336,0.0
13.5,39.96121479,-106.21639558,2483.2056,5.7912,0.0,-0.22352,0.0
13.600000000000025,39.96121473,-106.2163957,2483.2056,5.7912,0.0,-0.089408,0.0
13.800000000000068,39.96121459,-106.21639595,2483.5104,5.91312,0.0,0.0,270.0
13.900000000000093,39.96121454,-106.21639608,2483.5104,5.91312,0.0,0.0,0.0
14.0,39.96121451,-106.21639616,2483.2056,5.7912,0.0,0.0,0.0
14.200000000000044,39.96121451,-106.21639625,2483.2056,5.7912,0.312928,0.0,0.0
14.300000000000068,39.96121451,-106.21639628,2483.2056,5.7912,0.0,0.0,0.0
14.400000000000093,39.96121452,-106.2163963,2483.2056,5.7912,0.0,0.0,0.0
14.5,39.96121449,-106.21639634,2483.2056,5.7912,0.0,0.0,0.0
14.600000000000025,39.96121449,-106.21639638,2483.2056,5.7912,0.0,0.0,0.0
14.800000000000068,39.96121449,-106.21639647,2483.2056,5.7912,0.0,0.0,0.0
14.900000000000093,39.96121448,-106.21639652,2483.2056,5.7912,0.0,0.0,0.0
15.0,39.96121448,-106.21639653,2483.2056,5.7912,0.0,0.0,0.0
15.200000000000044,39.96121455,-106.21639654,2483.2056,5.7912,0.312928,0.0,0.0
15.300000000000068,39.96121459,-106.21639651,2483.2056,5.7912,0.0,0.0,0.0
15.5,39.96121469,-106.21639644,2483.2056,5.7912,0.312928,0.0,0.0
15.600000000000025,39.96121477,-106.2163964,2483.2056,5.7912,0.0,0.0,0.0
15.700000000000044,39.96121487,-106.21639637,2483.2056,5.7912,0.0,0.0,0.0
15.800000000000068,39.96121499,-106.21639633,2483.2056,5.7912,0.0,0.0,0.0
15.900000000000093,39.96121511,-106.2163963,2483.2056,5.7912,0.0,0.0,0.0
16.0,39.96121523,-106.21639627,2483.2056,5.7912,0.491744,0.0,0.0
16.200000000000045,39.96121537,-106.21639628,2483.2056,5.7912,0.0,0.0,0.0
16.300000000000068,39.96121543,-106.21639633,2483.2056,5.7912,0.0,0.0,0.0
16.40000000000009,39.96121549,-106.21639638,2483.2056,5.7912,0.0,0.0,0.0
16.5,39.96121553,-106.21639648,2483.2056,5.7912,0.0,0.0,0.0
16.700000000000045,39.96121557,-106.21639665,2483.2056,5.7912,0.0,0.0,0.0
16.800000000000068,39.96121558,-106.21639671,2483.2056,5.7912,0.0,0.0,0.0
16.90000000000009,39.96121557,-106.2163968,2483.2056,5.7912,0.0,0.0,0.0
17.100000000000023,39.96121559,-106.21639696,2483.2056,5.7912,0.0,0.0,0.0
17.200000000000045,39.96121561,-106.21639704,2483.2056,5.7912,0.0,0.0,0.0
17.40000000000009,39.96121558,-106.21639722,2483.2056,5.7912,0.0,0.0,0.0
17.5,39.96121552,-106.21639732,2483.2056,5.7912,0.0,0.0,0.0
17.600000000000023,39.96121546,-106.21639738,2483.5104,5.91312,0.0,0.0,0.0
17.700000000000045,39.96121539,-106.21639746,2483.5104,5.91312,0.491744,0.0,0.0
17.800000000000068,39.96121533,-106.21639754,2483.5104,5.91312,0.0,0.0,0.0
17.90000000000009,39.96121526,-106.21639762,2483.2056,5.7912,0.0,0.0,0.0
18.0,39.96121521,-106.21639768,2483.2056,5.7912,0.0,0.0,0.0
18.100000000000023,39.96121516,-106.21639772,2483.5104,5.91312,0.0,-0.22352,0.0
18.200000000000045,39.96121515,-106.21639766,2483.5104,5.91312,0.0,-0.715264,90.0
18.300000000000068,39.96121519,-106.21639752,2483.5104,6.00456,0.0,-1.1176,90.0
18.40000000000009,39.96121526,-106.21639734,2483.5104,6.096,0.0,-1.609344,90.0
18.5,39.96121529,-106.21639713,2483.8152,6.30936,0.0,-2.01168,0.0
18.600000000000023,39.96121528,-106.21639694,2484.1200000000003,6.492240000000001,0.0,-2.01168,0.0
18.800000000000068,39.96121518,-106.21639675,2484.4248,6.88848,0.0,-1.385824,270.0
18.90000000000009,39.96121507,-106.21639673,2484.4248,7.010400000000001,0.44704,-0.983488,270.0
19.100000000000023,39.96121491,-106.21639673,2484.7296,7.193280000000001,0.0,-0.312928,0.0
19.200000000000045,39.96121489,-106.21639671,2484.7296,7.193280000000001,0.0,-0.22352,90.0
19.300000000000068,39.96121489,-106.21639666,2484.7296,7.193280000000001,0.0,0.0,90.0
19.40000000000009,39.9612149,-106.21639653,2484.7296,7.193280000000001,0.0,0.0,90.0
19.5,39.96121496,-106.2163964,2484.7296,7.193280000000001,0.0,0.089408,90.0
19.600000000000023,39.96121503,-106.21639625,2484.7296,7.193280000000001,0.0,0.089408,0.0
19.700000000000045,39.96121507,-106.21639614,2484.7296,7.193280000000001,0.0,0.089408,0.0
19.90000000000009,39.96121511,-106.21639597,2484.7296,7.193280000000001,0.0,-0.22352,0.0
20.0,39.96121516,-106.21639587,2484.7296,7.193280000000001,0.938784,-0.581152,45.0
20.100000000000023,39.96121522,-106.2163958,2484.7296,7.315200000000001,0.0,-1.1176,68.19859051364818
20.300000000000068,39.96121529,-106.21639569,2485.0344,7.58952,0.0,-1.385824,90.0
20.40000000000009,39.96121528,-106.21639569,2485.3392000000003,7.71144,0.0,-1.296416,0.0
20.5,39.96121529,-106.21639581,2485.3392000000003,7.89432,0.0,-0.983488,0.0
20.600000000000023,39.96121533,-106.21639596,2485.644,7.98576,0.0,-0.715264,270.0
20.700000000000045,39.96121528,-106.21639619,2485.644,7.98576,0.0,-0.402336,0.0
20.800000000000068,39.9612152,-106.21639638,2485.644,8.10768,0.0,-0.089408,0.0
20.90000000000009,39.96121501,-106.2163964,2485.644,8.10768,0.0,-0.089408,158.19859051364824
21.0,39.96121456,-106.2163961,2485.644,8.10768,0.0,0.0,140.7105931374997
21.100000000000023,39.96121373,-106.21639537,2485.644,8.10768,0.804672,0.0,146.97613244420336
21.200000000000045,39.96121277,-106.21639446,2485.644,8.10768,1.162304,0.089408,140.7105931374997
21.300000000000068,39.96121169,-106.21639351,2485.644,7.98576,1.34112,0.089408,141.34019174590992
21.40000000000009,39.96121076,-106.21639272,2485.644,7.98576,1.34112,0.089408,145.4914770123316
21.600000000000023,39.96120949,-106.21639183,2485.644,7.98576,0.89408,0.089408,150.94539590092285
21.700000000000045,39.96120919,-106.21639174,2485.644,7.98576,0.0,0.22352,164.0546040990771
21.800000000000068,39.96120902,-106.21639176,2485.644,7.98576,0.0,0.22352,180.0
21.90000000000009,39.96120892,-106.21639194,2485.3392000000003,7.89432,0.0,0.22352,180.0
22.0,39.96120884,-106.2163921,2485.3392000000003,7.89432,0.0,0.22352,180.0
22.100000000000023,39.96120884,-106.21639234,2485.3392000000003,7.89432,0.0,0.312928,180.0
22.200000000000045,39.96120886,-106.21639252,2485.3392000000003,7.89432,0.0,0.312928,180.0
22.300000000000068,39.96120892,-106.21639271,2485.3392000000003,7.802880000000001,0.0,0.491744,180.0
22.40000000000009,39.96120896,-106.21639287,2485.3392000000003,7.802880000000001,0.0,0.491744,180.0
22.600000000000023,39.96120897,-106.2163932,2485.0344,7.58952,0.0,0.581152,180.0
22.700000000000045,39.96120891,-106.21639338,2485.0344,7.58952,0.0,0.581152,180.0
22.800000000000068,39.96120889,-106.21639359,2485.0344,7.498080000000001,0.0,0.491744,0.0
23.0,39.9612088,-106.21639388,2485.0344,7.40664,0.0,0.402336,0.0
23.100000000000023,39.96120873,-106.21639402,2485.0344,7.40664,0.0,0.402336,0.0
23.200000000000045,39.96120866,-106.21639416,2484.7296,7.315200000000001,0.0,0.402336,0.0
23.300000000000068,39.96120855,-106.2163943,2484.7296,7.315200000000001,0.0,0.312928,270.0
23.40000000000009,39.96120847,-106.21639449,2484.7296,7.315200000000001,0.0,0.22352,270.0
23.5,39.9612083,-106.2163947,2484.7296,7.193280000000001,0.0,0.22352,270.0
23.600000000000023,39.96120815,-106.21639491,2484.7296,7.193280000000001,0.0,0.22352,270.0
23.700000000000045,39.96120796,-106.21639511,2484.7296,7.193280000000001,0.0,0.089408,180.0
23.800000000000068,39.96120777,-106.21639525,2484.7296,7.193280000000001,0.0,0.0,180.0
23.90000000000009,39.96120752,-106.21639534,2484.7296,7.193280000000001,0.0,0.0,180.0
24.0,39.9612073,-106.21639541,2484.7296,7.193280000000001,0.0,0.0,180.0
24.100000000000023,39.96120704,-106.21639549,2484.7296,7.193280000000001,0.491744,0.0,180.0
24.200000000000045,39.96120685,-106.21639557,2484.7296,7.193280000000001,0.0,0.0,0.0
24.300000000000068,39.96120669,-106.21639563,2484.7296,7.193280000000001,0.0,0.0,0.0
24.40000000000009,39.9612066,-106.21639566,2484.7296,7.193280000000001,0.0,0.0,0.0
24.600000000000023,39.96120648,-106.21639562,2484.7296,7.193280000000001,0.312928,0.0,0.0
24.700000000000045,39.96120644,-106.21639554,2484.7296,7.193280000000001,0.0,0.0,0.0
24.800000000000068,39.96120646,-106.21639541,2484.7296,7.193280000000001,0.0,0.0,0.0
25.0,39.96120659,-106.21639508,2484.7296,7.193280000000001,0.0,0.0,0.0
25.100000000000023,39.96120668,-106.21639489,2484.7296,7.193280000000001,0.0,0.0,0.0
25.200000000000045,39.96120681,-106.2163947,2484.7296,7.193280000000001,0.0,0.0,45.0
25.300000000000068,39.96120693,-106.21639451,2484.7296,7.193280000000001,0.0,0.0,45.0
25.40000000000009,39.96120708,-106.21639434,2484.7296,7.193280000000001,0.0,0.0,45.0
25.5,39.96120719,-106.21639417,2484.7296,7.193280000000001,0.0,0.0,45.0
25.600000000000023,39.96120733,-106.21639401,2484.7296,7.193280000000001,0.0,0.0,45.0
25.800000000000068,39.9612076,-106.21639367,2484.7296,7.193280000000001,0.312928,0.0,45.0
25.90000000000009,39.96120769,-106.2163935,2484.7296,7.193280000000001,0.0,0.0,45.0
26.0,39.96120779,-106.21639334,2484.7296,7.193280000000001,0.0,0.0,45.0
26.100000000000023,39.96120786,-106.21639318,2484.7296,7.193280000000001,0.0,0.0,45.0
26.200000000000045,39.96120796,-106.21639303,2484.7296,7.193280000000001,0.0,0.0,45.0
26.300000000000068,39.96120803,-106.21639288,2484.7296,7.193280000000001,0.0,0.0,45.0
26.40000000000009,39.96120811,-106.21639275,2484.7296,7.193280000000001,0.0,0.0,45.0
26.5,39.96120818,-106.21639264,2484.7296,7.193280000000001,0.0,0.0,0.0
26.600000000000023,39.96120826,-106.21639255,2484.7296,7.193280000000001,0.0,0.0,0.0
26.700000000000045,39.96120831,-106.21639249,2484.7296,7.193280000000001,0.0,0.0,0.0
26.800000000000068,39.96120836,-106.21639245,2484.7296,7.193280000000001,0.0,0.0,0.0
27.0,39.96120843,-106.21639245,2484.7296,7.315200000000001,0.0,0.0,0.0
27.100000000000023,39.96120845,-106.21639247,2484.7296,7.315200000000001,0.0,0.0,0.0
27.200000000000045,39.96120845,-106.21639252,2484.7296,7.315200000000001,0.0,0.0,0.0
27.40000000000009,39.96120841,-106.21639269,2484.7296,7.315200000000001,0.0,0.0,0.0
27.5,39.96120839,-106.21639276,2484.7296,7.315200000000001,0.0,-0.22352,0.0
27.600000000000023,39.96120837,-106.21639282,2484.7296,7.315200000000001,0.0,-0.491744,0.0
27.700000000000045,39.96120831,-106.21639291,2485.0344,7.40664,0.491744,-0.983488,0.0
27.800000000000068,39.96120823,-106.21639303,2485.0344,7.498080000000001,0.0,-1.519936,225.0
28.0,39.96120813,-106.21639328,2485.3392000000003,7.89432,0.0,-2.592832,0.0
28.100000000000023,39.96120817,-106.21639346,2485.644,8.19912,0.0,-3.084576,0.0
28.200000000000045,39.96120825,-106.21639366,2486.2536,8.59536,0.938784,-3.486912,0.0
28.5,39.96120866,-106.21639405,2487.4728,9.814560000000002,0.0,-4.02336,0.0
28.600000000000023,39.96120881,-106.21639414,2487.7776000000003,10.2108,0.0,-4.02336,0.0
28.700000000000045,39.96120899,-106.21639417,2488.0824,10.60704,0.0,-3.889248,0.0
28.800000000000068,39.96120914,-106.21639421,2488.3872,11.00328,0.0,-3.710432,0.0
28.90000000000009,39.96120929,-106.21639425,2488.9968000000003,11.39952,0.0,-3.397504,0.0
29.0,39.96120943,-106.2163943,2489.3016,11.70432,0.0,-2.995168,0.0
29.100000000000023,39.96120955,-106.21639431,2489.6064,12.00912,0.0,-2.503424,0.0
29.300000000000068,39.96120972,-106.21639422,2489.9112,12.405360000000002,0.0,-1.609344,0.0
29.40000000000009,39.96120979,-106.21639412,2489.9112,12.4968,0.0,-1.1176,90.0
29.5,39.96120983,-106.21639398,2490.2160000000003,12.58824,0.0,-0.581152,90.0
29.600000000000023,39.96120986,-106.21639386,2490.2160000000003,12.58824,0.0,-0.22352,90.0
29.700000000000045,39.96120979,-106.21639383,2490.2160000000003,12.58824,0.0,0.0,180.0
29.800000000000068,39.96120954,-106.21639408,2490.2160000000003,12.58824,0.0,0.089408,195.94539590092288
29.90000000000009,39.96120896,-106.21639473,2490.2160000000003,12.58824,0.67056,0.22352,214.695153531234
30.0,39.96120812,-106.21639571,2490.2160000000003,12.58824,0.938784,0.089408,218.65980825409008
30.100000000000023,39.9612069,-106.21639719,2490.2160000000003,12.58824,1.519936,0.089408,219.17365797044425
30.200000000000045,39.96120546,-106.21639898,2489.9112,12.4968,2.056384,0.0,220.46222749209332
30.300000000000068,39.96120371,-106.21640124,2489.9112,12.4968,2.45872,0.0,220.36453657309733
30.40000000000009,39.96120179,-106.21640372,2490.2160000000003,12.58824,2.90576,0.0,221.6335393365702
30.5,39.9611997,-106.21640653,2490.2160000000003,12.58824,3.12928,0.0,222.56335175318983
30.600000000000023,39.96119753,-106.21640947,2490.2160000000003,12.58824,3.397504,0.0,223.8542371618249
30.800000000000068,39.96119302,-106.21641588,2490.2160000000003,12.58824,3.665728,0.0,225.0
30.90000000000009,39.96119076,-106.21641928,2490.2160000000003,12.58824,3.755136,0.0,225.9710219310792
31.0,39.96118839,-106.21642279,2490.2160000000003,12.58824,3.933952,0.0,226.3971810272964
31.200000000000045,39.9611835,-106.21643022,2490.2160000000003,12.58824,4.112768,0.0,226.70981404414152
31.300000000000068,39.96118107,-106.21643406,2490.2160000000003,12.58824,4.202176,0.0,227.84213788365565
31.40000000000009,39.96117852,-106.21643803,2490.2160000000003,12.58824,4.336288,0.0,228.60127811722344
31.5,39.96117597,-106.21644208,2490.2160000000003,12.58824,4.4704,0.0,228.50353164478443
31.600000000000023,39.96117324,-106.2164463,2490.2160000000003,12.58824,4.649216,0.0,228.3664606634298
31.700000000000045,39.9611705,-106.21645063,2490.2160000000003,12.58824,4.738624,0.0,228.2808807726094
31.800000000000068,39.96116761,-106.21645516,2490.2160000000003,12.58824,4.872736,0.0,228.86073262488327
31.90000000000009,39.96116468,-106.21645979,2490.2160000000003,12.58824,5.096256,0.0,229.08561677997488
32.0,39.9611616,-106.21646459,2490.2160000000003,12.58824,5.230368,0.0,228.63818657786464
32.200000000000045,39.96115523,-106.21647456,2490.2160000000003,12.58824,5.453887999999999,0.0,228.47778651979817
32.30000000000007,39.96115188,-106.21647979,2490.2160000000003,12.58824,5.632704,0.0,229.91656600601
32.40000000000009,39.9611484,-106.21648519,2490.2160000000003,12.58824,5.945632,0.0,229.8135508937065
32.5,39.96114486,-106.21649072,2490.2160000000003,12.58824,6.079744,0.0,229.3987053549955
32.60000000000002,39.96114122,-106.21649639,2490.2160000000003,12.58824,6.213856,0.0,229.3106258248205
32.80000000000007,39.9611337,-106.2165081,2490.2160000000003,12.58824,6.437376,0.0,229.89909245378777
32.90000000000009,39.9611299,-106.21651407,2490.2160000000003,12.58824,6.526784,0.0,229.31602751986563
33.0,39.961126,-106.21652017,2490.2160000000003,12.58824,6.660896,0.0,228.9542477155211
33.10000000000002,39.96112197,-106.21652643,2490.2160000000003,12.58824,6.884416,0.0,229.1222978117836
33.30000000000007,39.96111349,-106.21653931,2490.2160000000003,12.58824,7.15264,0.0,228.9793824526782
33.40000000000009,39.96110907,-106.2165459,2490.2160000000003,12.58824,7.286752,0.0,228.65222278030632
33.5,39.96110465,-106.21655248,2490.2160000000003,12.58824,7.465567999999999,0.0,228.13966014782025
33.60000000000002,39.96110016,-106.21655912,2490.2160000000003,12.58824,7.510272,0.0,228.31094151461144
33.700000000000045,39.96109555,-106.21656592,2490.2160000000003,12.58824,7.644384,0.0,228.2572219406669
33.80000000000007,39.96109082,-106.21657287,2490.2160000000003,12.58824,7.8232,0.0,227.9648613091602
33.90000000000009,39.96108606,-106.21657989,2490.2160000000003,12.58824,7.957312,0.0,227.9648613091602
34.0,39.96108125,-106.21658697,2490.2160000000003,12.58824,8.002016,0.0,227.9184347207816
34.10000000000002,39.96107644,-106.21659409,2490.2160000000003,12.58824,8.091424,0.0,227.9184347207816
34.200000000000045,39.96107158,-106.21660126,2490.2160000000003,12.58824,8.091424,0.0,228.5486819739044
34.30000000000007,39.96106671,-106.21660845,2490.2160000000003,12.58824,8.136128,0.0,228.0821808245281
34.40000000000009,39.96106177,-106.21661568,2490.2160000000003,12.58824,8.180832,0.0,228.0821808245281
34.60000000000002,39.96105179,-106.21663017,2490.2160000000003,12.58824,8.27024,-0.089408,228.0355691250556
34.700000000000045,39.96104678,-106.21663746,2490.2160000000003,12.58824,8.314944,0.0,228.0355691250556
34.80000000000007,39.96104173,-106.21664483,2490.2160000000003,12.58824,8.404352,0.0,227.76678840116952
34.90000000000009,39.96103666,-106.21665225,2490.2160000000003,12.58824,8.449055999999999,0.0,227.76678840116952
35.0,39.96103155,-106.21665975,2490.2160000000003,12.58824,8.49376,0.0,228.16812037559376
35.10000000000002,39.9610264,-106.21666727,2490.2160000000003,12.58824,8.583167999999999,0.0,227.72631099390625
35.200000000000045,39.96102119,-106.21667485,2490.2160000000003,12.58824,8.627872,0.0,227.72631099390625
35.40000000000009,39.96101069,-106.21669009,2490.2160000000003,12.58824,8.71728,0.0,227.68700000212405
35.5,39.96100538,-106.21669771,2490.2160000000003,12.58824,8.761984,0.0,227.68700000212405
35.60000000000002,39.96100004,-106.21670538,2490.2160000000003,12.58824,8.806688,0.0,227.68700000212405
35.700000000000045,39.96099466,-106.21671302,2490.2160000000003,12.58824,8.851392,0.0,227.68700000212405
35.80000000000007,39.96098926,-106.21672071,2490.2160000000003,12.58824,8.851392,0.0,227.84213788365565
36.0,39.96097845,-106.2167361,2490.2160000000003,12.58824,8.896096,0.0,227.84213788365565
36.10000000000002,39.96097303,-106.21674381,2490.2160000000003,12.58824,8.896096,0.0,227.84213788365565
36.200000000000045,39.96096758,-106.21675158,2490.2160000000003,12.58824,8.9408,0.0,227.21031892435388
36.40000000000009,39.96095657,-106.2167671,2490.2160000000003,12.58824,8.985504,0.0,227.21031892435388
36.60000000000002,39.96094544,-106.2167827,2490.2160000000003,12.58824,9.030208,0.0,227.21031892435388
36.700000000000045,39.96093999,-106.21679035,2490.2160000000003,12.58824,9.030208,0.0,227.21031892435388
36.80000000000007,39.96093458,-106.21679798,2490.2160000000003,12.58824,8.896096,0.0,227.21031892435388
36.90000000000009,39.9609291,-106.21680568,2490.2160000000003,12.58824,8.896096,0.0,227.21031892435388
37.0,39.96092358,-106.21681344,2490.2160000000003,12.58824,8.985504,0.0,227.21031892435388
37.10000000000002,39.96091806,-106.21682121,2490.2160000000003,12.58824,9.030208,0.0,227.21031892435388
37.200000000000045,39.96091255,-106.21682897,2490.2160000000003,12.58824,8.985504,0.0,227.21031892435388
37.30000000000007,39.96090704,-106.21683671,2490.2160000000003,12.58824,8.985504,0.0,227.21031892435388
37.40000000000009,39.96090154,-106.21684443,2490.2160000000003,12.58824,8.985504,0.0,226.6249763575248
37.5,39.96089604,-106.21685217,2490.2160000000003,12.58824,8.985504,0.0,227.21031892435388
37.60000000000002,39.96089052,-106.21685992,2490.2160000000003,12.58824,8.985504,0.0,227.21031892435388
37.700000000000045,39.96088503,-106.21686767,2490.2160000000003,12.58824,8.985504,0.0,227.21031892435388
37.80000000000007,39.96087957,-106.21687536,2490.2160000000003,12.58824,8.985504,-0.089408,226.86094106601303
38.0,39.96086933,-106.21688976,2490.2160000000003,12.58824,8.583167999999999,-0.089408,227.021364940356
38.10000000000002,39.96086454,-106.21689645,2490.2160000000003,12.58824,8.180832,0.0,227.0867772755708
38.200000000000045,39.96085992,-106.2169029,2490.2160000000003,12.58824,7.644384,0.0,227.21204200204835
38.40000000000009,39.9608513,-106.21691481,2490.2160000000003,12.58824,7.15264,0.0,226.88228244301072
38.5,39.96084728,-106.21692026,2490.2160000000003,12.58824,6.437376,0.089408,226.974934010882
38.60000000000002,39.96084344,-106.21692546,2490.2160000000003,12.58824,6.303264,0.0,226.19348942398204
38.700000000000045,39.96083981,-106.2169303,2489.9112,12.4968,5.945632,0.0,226.60002471514773
38.80000000000007,39.96083636,-106.21693487,2489.9112,12.4968,5.632704,0.0,225.68206039317263
38.90000000000009,39.96083308,-106.21693908,2489.9112,12.4968,5.275072000000001,0.0,225.0
39.0,39.96082999,-106.21694301,2490.2160000000003,12.58824,4.91744,0.0,225.0
39.10000000000002,39.96082707,-106.21694661,2490.2160000000003,12.58824,4.649216,0.0,225.0
39.200000000000045,39.96082439,-106.21694992,2489.9112,12.4968,4.291583999999999,0.0,223.60281897270363
39.30000000000007,39.96082188,-106.21695287,2489.9112,12.4968,3.978656,0.0,223.95837332399003
39.40000000000009,39.96081962,-106.21695551,2489.9112,12.4968,3.531616,0.0,222.66269414087617
39.5,39.96081753,-106.21695776,2489.9112,12.4968,3.12928,0.0,220.3999043337367
39.60000000000002,39.9608157,-106.21695972,2489.9112,12.4968,2.861056,0.0,221.98721249581664
39.80000000000007,39.96081265,-106.2169628,2489.9112,12.4968,2.324608,0.0,217.18470645323316
39.90000000000009,39.96081139,-106.21696392,2489.9112,12.4968,1.34112,0.0,215.7538872544368
40.0,39.96081037,-106.21696476,2489.9112,12.4968,1.519936,0.0,213.02386755579664
40.10000000000002,39.96080945,-106.21696534,2490.2160000000003,12.58824,1.34112,0.0,203.6293777306568
40.200000000000045,39.96080878,-106.21696567,2489.9112,12.4968,1.0728959999999998,0.0,204.44395478041653
40.40000000000009,39.96080785,-106.21696601,2490.2160000000003,12.58824,0.759968,-0.089408,180.0
40.5,39.96080744,-106.21696614,2490.2160000000003,12.58824,0.0,-0.089408,180.0
40.60000000000002,39.96080711,-106.21696623,2490.2160000000003,12.58824,0.0,-0.089408,180.0
40.700000000000045,39.96080671,-106.2169664,2490.2160000000003,12.58824,0.0,0.0,180.0
40.80000000000007,39.9608064,-106.21696652,2490.2160000000003,12.58824,0.0,0.0,180.0
41.0,39.96080575,-106.21696685,2490.2160000000003,12.58824,0.44704,0.0,180.0
41.10000000000002,39.96080543,-106.21696707,2490.2160000000003,12.58824,0.0,0.0,180.0
41.200000000000045,39.96080521,-106.21696724,2490.2160000000003,12.58824,0.491744,0.0,180.0
41.40000000000009,39.96080481,-106.21696758,2490.2160000000003,12.58824,0.312928,0.0,0.0
41.5,39.96080464,-106.21696773,2490.2160000000003,12.58824,0.312928,0.0,0.0
41.700000000000045,39.9608045,-106.21696787,2490.2160000000003,12.58824,0.0,0.0,0.0
41.80000000000007,39.96080452,-106.21696786,2490.2160000000003,12.58824,0.0,0.0,0.0
41.90000000000009,39.96080454,-106.21696782,2490.2160000000003,12.58824,0.0,0.0,0.0
42.0,39.96080459,-106.21696778,2490.2160000000003,12.58824,0.0,0.0,0.0
42.10000000000002,39.96080469,-106.21696772,2490.2160000000003,12.58824,0.0,0.0,0.0
42.200000000000045,39.96080481,-106.21696765,2490.2160000000003,12.58824,0.0,0.0,0.0
42.30000000000007,39.96080497,-106.21696756,2490.2160000000003,12.58824,0.0,0.0,0.0
42.5,39.96080529,-106.21696733,2490.2160000000003,12.58824,0.312928,0.0,45.0
42.60000000000002,39.96080545,-106.21696721,2490.2160000000003,12.58824,0.312928,0.0,45.0
42.700000000000045,39.96080558,-106.2169671,2490.2160000000003,12.58824,0.0,0.0,90.0
42.90000000000009,39.96080577,-106.21696689,2490.2160000000003,12.58824,0.0,0.0,0.0
43.0,39.96080586,-106.2169668,2490.2160000000003,12.58824,0.0,0.0,0.0
43.200000000000045,39.96080604,-106.21696661,2490.2160000000003,12.58824,0.0,0.0,0.0
43.30000000000007,39.96080616,-106.21696651,2490.2160000000003,12.58824,0.312928,0.0,0.0
43.40000000000009,39.96080626,-106.21696644,2490.2160000000003,12.58824,0.0,0.0,0.0
43.5,39.96080635,-106.21696636,2490.2160000000003,12.58824,0.0,0.0,0.0
43.60000000000002,39.96080643,-106.21696631,2490.2160000000003,12.58824,0.0,0.0,0.0
43.700000000000045,39.96080652,-106.21696627,2490.2160000000003,12.58824,0.0,0.0,0.0
43.80000000000007,39.96080659,-106.21696625,2490.2160000000003,12.58824,0.0,0.0,0.0
43.90000000000009,39.96080668,-106.21696622,2490.2160000000003,12.58824,0.0,0.0,0.0
44.10000000000002,39.96080686,-106.21696615,2490.2160000000003,12.58824,0.0,0.0,0.0
44.200000000000045,39.96080694,-106.21696611,2490.2160000000003,12.58824,0.0,0.0,0.0
44.30000000000007,39.96080706,-106.21696605,2490.2160000000003,12.58824,0.0,0.0,0.0
44.40000000000009,39.96080714,-106.21696601,2490.2160000000003,12.58824,0.0,0.0,0.0
44.60000000000002,39.9608073,-106.21696598,2490.2160000000003,12.58824,0.0,0.0,0.0
44.80000000000007,39.96080737,-106.21696594,2490.2160000000003,12.58824,0.22352,0.0,0.0
45.0,39.96080739,-106.21696591,2490.2160000000003,12.58824,0.0,0.0,0.0
45.10000000000002,39.96080741,-106.21696587,2490.2160000000003,12.58824,0.0,0.0,0.0
45.200000000000045,39.9608074,-106.21696583,2490.2160000000003,12.58824,0.0,0.0,0.0
45.30000000000007,39.96080741,-106.21696579,2490.2160000000003,12.58824,0.0,0.0,0.0
45.40000000000009,39.9608074,-106.21696575,2490.2160000000003,12.58824,0.0,0.0,0.0
45.5,39.9608074,-106.21696573,2490.2160000000003,12.58824,0.0,0.0,0.0
45.60000000000002,39.96080739,-106.21696572,2490.2160000000003,12.58824,0.0,0.0,0.0
45.700000000000045,39.96080739,-106.2169657,2490.2160000000003,12.58824,0.0,0.0,0.0
45.80000000000007,39.96080737,-106.21696568,2490.2160000000003,12.58824,0.491744,0.0,0.0
45.90000000000009,39.96080737,-106.21696566,2490.2160000000003,12.58824,0.491744,0.0,0.0
46.0,39.96080736,-106.21696565,2490.2160000000003,12.58824,0.491744,0.0,0.0
46.10000000000002,39.96080737,-106.21696561,2490.2160000000003,12.58824,0.491744,0.0,0.0
46.200000000000045,39.96080736,-106.21696557,2490.2160000000003,12.58824,0.491744,0.0,0.0
46.30000000000007,39.9608074,-106.21696551,2490.2160000000003,12.58824,0.0,0.0,0.0
46.40000000000009,39.96080741,-106.21696547,2490.2160000000003,12.58824,0.0,0.0,0.0
46.5,39.96080743,-106.21696543,2490.2160000000003,12.58824,0.0,0.0,0.0
46.60000000000002,39.96080741,-106.21696542,2490.2160000000003,12.58824,0.0,0.0,0.0
46.700000000000045,39.96080742,-106.2169654,2490.2160000000003,12.58824,0.0,0.0,0.0
46.80000000000007,39.9608074,-106.21696538,2490.2160000000003,12.58824,0.0,0.0,0.0
46.90000000000009,39.96080738,-106.21696537,2490.2160000000003,12.58824,0.0,0.0,0.0
47.0,39.96080734,-106.21696537,2490.2160000000003,12.58824,0.0,0.0,0.0
47.200000000000045,39.96080724,-106.2169654,2490.2160000000003,12.58824,0.0,0.0,0.0
47.30000000000007,39.96080722,-106.21696539,2490.2160000000003,12.58824,0.0,0.0,0.0
47.40000000000009,39.96080719,-106.21696539,2490.2160000000003,12.58824,0.0,0.0,0.0
47.60000000000002,39.96080711,-106.21696545,2490.2160000000003,12.58824,0.0,0.0,0.0
47.700000000000045,39.96080709,-106.21696547,2490.2160000000003,12.58824,0.0,0.0,0.0
47.80000000000007,39.96080706,-106.21696549,2490.2160000000003,12.58824,0.0,0.0,0.0
47.90000000000009,39.96080703,-106.21696549,2490.2160000000003,12.58824,0.0,0.0,0.0
48.10000000000002,39.96080693,-106.21696545,2490.2160000000003,12.58824,0.0,0.0,0.0
48.200000000000045,39.96080687,-106.21696542,2490.2160000000003,12.58824,0.0,0.0,0.0
48.30000000000007,39.96080682,-106.21696538,2490.2160000000003,12.58824,0.0,0.0,0.0
48.40000000000009,39.96080675,-106.21696536,2490.2160000000003,12.58824,0.0,0.0,0.0
48.5,39.96080671,-106.21696533,2490.2160000000003,12.58824,0.0,0.0,0.0
48.60000000000002,39.96080665,-106.21696531,2490.2160000000003,12.58824,0.0,0.0,0.0
48.700000000000045,39.9608066,-106.2169653,2490.2160000000003,12.58824,0.0,0.0,0.0
48.80000000000007,39.96080654,-106.21696529,2490.2160000000003,12.58824,0.0,0.0,0.0
48.90000000000009,39.96080649,-106.2169653,2490.2160000000003,12.58824,0.0,0.0,0.0
49.0,39.96080643,-106.21696532,2490.2160000000003,12.58824,0.0,0.0,0.0
49.10000000000002,39.9608064,-106.21696534,2490.2160000000003,12.58824,0.0,0.0,0.0
49.200000000000045,39.96080635,-106.21696537,2490.2160000000003,12.58824,0.0,0.0,0.0
49.30000000000007,39.96080632,-106.21696539,2490.2160000000003,12.58824,0.0,0.0,0.0
49.40000000000009,39.96080626,-106.21696542,2490.2160000000003,12.58824,0.0,0.0,0.0
49.5,39.96080622,-106.21696546,2490.2160000000003,12.58824,0.0,0.0,0.0
49.60000000000002,39.96080617,-106.21696551,2490.2160000000003,12.58824,0.0,0.0,0.0
49.700000000000045,39.96080615,-106.21696554,2490.2160000000003,12.58824,0.0,0.0,0.0
49.80000000000007,39.96080611,-106.21696556,2490.2160000000003,12.58824,0.0,0.0,0.0
49.90000000000009,39.96080612,-106.21696559,2490.2160000000003,12.58824,0.0,0.0,0.0
50.0,39.96080612,-106.21696562,2490.2160000000003,12.58824,0.0,0.0,0.0
50.10000000000002,39.96080616,-106.21696565,2490.2160000000003,12.58824,0.0,0.0,0.0
50.200000000000045,39.96080618,-106.21696567,2489.9112,12.4968,0.0,0.0,0.0
50.30000000000007,39.96080623,-106.2169657,2489.9112,12.4968,0.0,0.0,0.0
50.40000000000009,39.96080625,-106.21696574,2489.9112,12.4968,0.0,0.0,0.0
50.5,39.96080628,-106.21696576,2489.9112,12.4968,0.0,0.0,0.0
50.60000000000002,39.96080629,-106.21696577,2489.9112,12.4968,0.0,0.0,0.0
50.700000000000045,39.96080631,-106.21696577,2489.9112,12.4968,0.0,0.0,0.0
50.80000000000007,39.96080632,-106.21696577,2489.9112,12.4968,0.0,0.0,0.0
50.90000000000009,39.96080634,-106.21696579,2489.9112,12.4968,0.0,0.0,0.0
51.0,39.96080634,-106.21696583,2489.9112,12.4968,0.0,0.0,0.0
51.10000000000002,39.96080638,-106.21696585,2489.9112,12.4968,0.0,0.0,0.0
51.200000000000045,39.96080641,-106.21696586,2489.9112,12.4968,0.0,0.0,0.0
51.30000000000007,39.96080645,-106.21696585,2489.9112,12.4968,0.0,0.0,0.0
51.40000000000009,39.96080647,-106.21696585,2489.9112,12.4968,0.0,0.0,0.0
51.5,39.9608065,-106.21696584,2490.2160000000003,12.58824,0.491744,0.0,0.0
51.60000000000002,39.96080652,-106.21696583,2490.2160000000003,12.58824,0.0,0.0,0.0
51.80000000000007,39.96080654,-106.21696574,2490.2160000000003,12.58824,0.0,0.0,0.0
51.90000000000009,39.96080657,-106.21696567,2490.2160000000003,12.58824,0.0,0.0,0.0
52.0,39.96080659,-106.21696562,2490.2160000000003,12.58824,0.0,0.0,0.0
52.10000000000002,39.96080663,-106.21696557,2490.2160000000003,12.58824,0.0,0.0,0.0
52.200000000000045,39.96080664,-106.21696553,2490.2160000000003,12.58824,0.0,0.0,0.0
52.30000000000007,39.96080665,-106.21696547,2490.2160000000003,12.58824,0.0,0.0,0.0
52.40000000000009,39.96080664,-106.2169654,2490.2160000000003,12.58824,0.0,0.0,0.0
52.5,39.96080666,-106.21696533,2490.2160000000003,12.58824,0.0,0.0,0.0
52.60000000000002,39.96080667,-106.21696527,2490.2160000000003,12.58824,0.0,0.0,0.0
52.700000000000045,39.96080668,-106.21696522,2490.2160000000003,12.58824,0.0,0.0,0.0
52.80000000000007,39.96080668,-106.21696518,2490.2160000000003,12.58824,0.938784,0.0,0.0
52.90000000000009,39.96080672,-106.21696516,2490.2160000000003,12.58824,0.0,0.0,0.0
53.10000000000002,39.96080679,-106.21696513,2490.2160000000003,12.58824,0.312928,0.0,0.0
53.200000000000045,39.96080681,-106.21696513,2490.2160000000003,12.58824,0.0,0.0,0.0
53.30000000000007,39.96080683,-106.21696512,2490.2160000000003,12.58824,0.0,0.0,0.0
53.5,39.96080684,-106.21696513,2490.2160000000003,12.58824,0.0,0.0,0.0
53.60000000000002,39.96080683,-106.21696516,2490.2160000000003,12.58824,0.0,0.0,0.0
53.80000000000007,39.96080682,-106.21696518,2490.2160000000003,12.58824,0.0,0.0,0.0
53.90000000000009,39.9608068,-106.21696518,2490.2160000000003,12.58824,0.0,0.0,0.0
54.0,39.96080677,-106.21696518,2490.2160000000003,12.58824,0.0,0.0,0.0
54.10000000000002,39.96080676,-106.21696516,2490.2160000000003,12.58824,0.0,0.0,0.0
54.30000000000007,39.96080669,-106.21696511,2490.2160000000003,12.710160000000002,0.0,0.0,0.0
54.60000000000002,39.9608066,-106.21696509,2490.2160000000003,12.58824,0.0,0.0,0.0
54.700000000000045,39.96080659,-106.2169651,2490.2160000000003,12.58824,0.0,0.0,0.0
55.0,39.96080649,-106.2169652,2490.2160000000003,12.710160000000002,0.0,0.0,0.0
55.30000000000007,39.96080613,-106.21696579,2490.2160000000003,12.710160000000002,0.22352,0.0,225.0
55.700000000000045,39.96080335,-106.21696999,2490.2160000000003,12.710160000000002,0.759968,0.0,225.0
56.10000000000002,39.96079715,-106.21697902,2490.2160000000003,12.710160000000002,1.877568,0.0,226.24536426676835
56.60000000000002,39.96078737,-106.21699338,2490.2160000000003,12.710160000000002,2.950464,0.0,227.0454084888872
57.0,39.96077823,-106.21700638,2490.2160000000003,12.710160000000002,3.486912,0.0,226.7623910236605
57.5,39.9607654,-106.21702444,2490.2160000000003,12.710160000000002,4.02336,0.0,226.54815769897797
57.90000000000009,39.9607536,-106.21704075,2490.2160000000003,12.710160000000002,4.4704,0.0,225.69869438298343
58.10000000000002,39.96074721,-106.21704953,2490.2160000000003,12.710160000000002,4.91744,0.0,225.68206039317263
58.30000000000007,39.96074056,-106.21705867,2490.2160000000003,12.710160000000002,5.275072000000001,0.0,226.63657704161676
58.40000000000009,39.96073713,-106.21706336,2490.2160000000003,12.710160000000002,5.409184,0.0,225.9710219310792
58.5,39.9607337,-106.21706807,2490.2160000000003,12.710160000000002,5.498592,0.0,225.62959860841028
58.700000000000045,39.9607266,-106.21707776,2490.2160000000003,12.710160000000002,5.632704,0.0,225.6160599083992
58.90000000000009,39.96071924,-106.21708776,2490.2160000000003,12.710160000000002,5.81152,0.0,225.6030911943805
59.10000000000002,39.96071164,-106.21709801,2490.2160000000003,12.710160000000002,5.990336,0.0,225.0
59.30000000000007,39.9607038,-106.21710856,2490.2160000000003,12.710160000000002,6.169152,0.0,225.56170533256656
59.40000000000009,39.96069974,-106.21711397,2490.2160000000003,12.710160000000002,6.347968,0.0,225.0
59.60000000000002,39.96069138,-106.21712499,2490.2160000000003,12.710160000000002,6.526784,0.0,224.4594898128693
59.80000000000007,39.96068286,-106.21713614,2490.2160000000003,12.710160000000002,6.660896,0.0,225.0
59.90000000000009,39.96067848,-106.21714191,2490.2160000000003,12.710160000000002,6.795007999999999,0.0,225.51616422976485
60.10000000000002,39.96066951,-106.21715376,2490.2160000000003,12.710160000000002,7.018528,0.089408,225.5070290609148
60.30000000000007,39.96066044,-106.21716588,2490.2160000000003,12.710160000000002,7.15264,0.0,225.49821161261363
60.5,39.96065126,-106.21717825,2490.2160000000003,12.710160000000002,7.286752,0.0,225.73139575309756
60.700000000000045,39.96064206,-106.2171907,2490.2160000000003,12.8016,7.331455999999999,0.0,226.20859243202685
60.80000000000007,39.96063748,-106.21719695,2490.2160000000003,12.8016,7.37616,0.0,226.20859243202685
61.0,39.96062815,-106.21720975,2490.2160000000003,12.8016,7.465567999999999,0.0,225.94695144677345
61.10000000000002,39.96062344,-106.21721623,2490.2160000000003,12.8016,7.554975999999999,0.0,225.94695144677345
61.200000000000045,39.96061869,-106.21722277,2490.2160000000003,12.8016,7.644384,0.0,226.40862873533845
61.40000000000009,39.96060908,-106.21723602,2490.2160000000003,12.8016,7.733792,0.089408,225.93155659807744
61.5,39.96060421,-106.21724269,2490.2160000000003,12.710160000000002,7.8232,0.089408,226.1411992555871
61.60000000000002,39.9605993,-106.2172494,2490.2160000000003,12.710160000000002,7.867904,0.0,226.1411992555871
61.80000000000007,39.96058953,-106.21726269,2490.2160000000003,12.710160000000002,7.867904,0.0,226.12330271407544
61.90000000000009,39.96058453,-106.21726945,2490.2160000000003,12.710160000000002,7.912608,0.0,226.12330271407544
62.10000000000002,39.96057438,-106.21728323,2490.2160000000003,12.710160000000002,8.136128,0.0,225.8814039965821
62.200000000000045,39.96056928,-106.21729019,2490.2160000000003,12.710160000000002,8.180832,0.0,225.8814039965821
62.30000000000007,39.9605642,-106.21729714,2490.2160000000003,12.8016,8.180832,0.0,226.12330271407544
62.5,39.96055466,-106.21731021,2490.2160000000003,12.8016,7.867904,-0.089408,226.22933448647788
62.700000000000045,39.96054603,-106.21732209,2490.2160000000003,12.710160000000002,7.331455999999999,0.0,225.54051018713065
62.80000000000007,39.96054202,-106.21732757,2490.2160000000003,12.710160000000002,6.795007999999999,0.0,226.42497427251544
63.0,39.9605347,-106.21733737,2490.2160000000003,12.710160000000002,6.03504,0.089408,225.0
63.10000000000002,39.96053133,-106.21734175,2490.2160000000003,12.710160000000002,5.632704,0.0,225.0
63.200000000000045,39.96052814,-106.21734587,2490.2160000000003,12.710160000000002,5.14096,0.0,224.2559407971113
63.30000000000007,39.96052517,-106.2173496,2490.2160000000003,12.710160000000002,4.783328,0.0,224.21517539700807
63.40000000000009,39.96052241,-106.21735305,2490.2160000000003,12.58824,4.4704,0.0,224.1319485502545
63.5,39.96051986,-106.21735614,2490.2160000000003,12.58824,4.068064,0.0,224.0289780689208
63.700000000000045,39.96051538,-106.21736137,2490.2160000000003,12.58824,3.531616,0.0,222.56335175318983
63.80000000000007,39.96051344,-106.21736353,2490.2160000000003,12.58824,3.173984,0.0,221.6335393365702
63.90000000000009,39.96051164,-106.21736544,2490.2160000000003,12.58824,2.726944,0.0,220.36453657309733
64.0,39.96051004,-106.21736712,2490.2160000000003,12.58824,2.503424,0.0,218.85337434035333
64.20000000000005,39.96050732,-106.21736977,2490.2160000000003,12.58824,2.01168,0.0,216.5288553669852
64.40000000000009,39.96050535,-106.21737144,2490.2160000000003,12.58824,1.609344,0.0,214.5085229876684
64.60000000000002,39.96050405,-106.21737235,2490.2160000000003,12.710160000000002,1.0728959999999998,0.0,209.05460409907715
64.70000000000005,39.96050351,-106.21737272,2490.2160000000003,12.710160000000002,0.715264,0.0,209.05460409907715
64.90000000000009,39.96050258,-106.21737331,2490.2160000000003,12.710160000000002,0.625856,0.0,195.94539590092288
65.0,39.96050222,-106.21737355,2490.2160000000003,12.710160000000002,0.5364479999999999,0.0,180.0
65.20000000000005,39.96050153,-106.21737408,2490.2160000000003,12.8016,0.5364479999999999,0.0,180.0
65.30000000000007,39.9605012,-106.21737435,2490.2160000000003,12.710160000000002,0.44704,0.0,180.0
65.40000000000009,39.96050095,-106.21737456,2490.2160000000003,12.8016,0.0,0.0,180.0
65.5,39.96050064,-106.2173748,2490.2160000000003,12.8016,0.67056,0.0,180.0
65.70000000000005,39.96050019,-106.21737523,2490.2160000000003,12.710160000000002,0.44704,0.089408,180.0
65.80000000000007,39.96050005,-106.2173754,2490.2160000000003,12.710160000000002,0.312928,0.089408,0.0
65.90000000000009,39.96049991,-106.2173756,2490.2160000000003,12.710160000000002,0.0,0.089408,0.0
66.0,39.96049982,-106.21737574,2490.2160000000003,12.710160000000002,0.0,0.089408,0.0
66.10000000000002,39.96049974,-106.21737582,2490.2160000000003,12.710160000000002,0.0,0.0,0.0
66.20000000000005,39.96049968,-106.21737586,2490.2160000000003,12.710160000000002,0.0,0.0,0.0
66.30000000000007,39.96049967,-106.21737588,2490.2160000000003,12.710160000000002,0.0,0.0,0.0
66.40000000000009,39.96049966,-106.21737589,2490.2160000000003,12.710160000000002,0.0,0.0,0.0
66.60000000000002,39.96049968,-106.21737587,2490.2160000000003,12.710160000000002,0.0,0.089408,0.0
66.70000000000005,39.96049969,-106.21737581,2490.2160000000003,12.710160000000002,0.0,0.0,0.0
66.80000000000007,39.9604997,-106.21737574,2490.2160000000003,12.710160000000002,0.0,0.0,0.0
66.90000000000009,39.96049972,-106.21737564,2490.2160000000003,12.710160000000002,0.0,0.089408,0.0
67.0,39.96049976,-106.21737555,2490.2160000000003,12.710160000000002,0.0,0.089408,0.0
67.10000000000002,39.96049987,-106.21737541,2490.2160000000003,12.710160000000002,0.0,0.0,0.0
67.20000000000005,39.96049998,-106.21737529,2490.2160000000003,12.710160000000002,0.0,0.0,0.0
67.30000000000007,39.96050014,-106.21737514,2490.2160000000003,12.710160000000002,0.0,0.0,0.0
67.5,39.96050043,-106.21737483,2490.2160000000003,12.710160000000002,0.0,0.0,0.0
67.60000000000002,39.96050053,-106.21737468,2490.2160000000003,12.710160000000002,0.0,0.0,0.0
67.70000000000005,39.96050063,-106.2173745,2490.2160000000003,12.710160000000002,0.0,0.0,0.0
67.80000000000007,39.9605007,-106.21737436,2490.2160000000003,12.710160000000002,0.491744,0.0,0.0
67.90000000000009,39.96050079,-106.21737419,2490.2160000000003,12.710160000000002,0.0,0.0,0.0
68.0,39.96050086,-106.21737405,2490.2160000000003,12.8016,0.0,0.0,0.0
68.10000000000002,39.96050095,-106.2173739,2490.2160000000003,12.8016,0.0,0.0,0.0
68.30000000000007,39.96050112,-106.21737365,2490.2160000000003,12.8016,0.0,0.0,0.0
68.40000000000009,39.9605012,-106.21737355,2490.2160000000003,12.8016,0.312928,0.0,0.0
68.5,39.9605013,-106.21737342,2490.2160000000003,12.8016,0.0,0.0,0.0
68.60000000000002,39.96050139,-106.21737331,2490.2160000000003,12.8016,0.0,0.0,0.0
68.70000000000005,39.9605015,-106.2173732,2490.2160000000003,12.8016,0.491744,0.089408,0.0
68.80000000000007,39.96050158,-106.21737313,2490.2160000000003,12.8016,0.0,0.089408,0.0
68.90000000000009,39.96050168,-106.21737304,2490.2160000000003,12.8016,0.0,0.089408,0.0
69.0,39.96050175,-106.21737297,2490.2160000000003,12.8016,0.491744,0.089408,0.0
69.10000000000002,39.96050183,-106.21737288,2490.2160000000003,12.8016,0.0,0.089408,0.0
69.20000000000005,39.96050189,-106.21737282,2490.2160000000003,12.710160000000002,0.0,0.089408,0.0
69.30000000000007,39.96050196,-106.21737275,2490.2160000000003,12.710160000000002,0.0,0.089408,0.0
69.40000000000009,39.960502,-106.21737271,2490.2160000000003,12.710160000000002,0.0,0.089408,0.0
69.60000000000002,39.96050207,-106.2173726,2490.2160000000003,12.710160000000002,0.0,0.089408,0.0
69.80000000000007,39.96050213,-106.21737256,2490.2160000000003,12.710160000000002,0.0,0.0,0.0
69.90000000000009,39.96050216,-106.21737255,2490.2160000000003,12.710160000000002,0.0,0.0,0.0
70.0,39.96050216,-106.21737255,2490.2160000000003,12.710160000000002,0.0,0.0,0.0
70.10000000000002,39.9605022,-106.21737255,2490.2160000000003,12.710160000000002,0.0,0.0,0.0
70.20000000000005,39.96050223,-106.21737256,2490.2160000000003,12.710160000000002,0.0,0.0,0.0
70.30000000000007,39.96050227,-106.21737258,2490.2160000000003,12.710160000000002,0.0,0.0,0.0
70.40000000000009,39.96050229,-106.2173726,2490.2160000000003,12.710160000000002,0.0,0.0,0.0
70.5,39.96050234,-106.21737259,2490.2160000000003,12.710160000000002,0.0,0.089408,0.0
70.60000000000002,39.96050234,-106.21737259,2490.2160000000003,12.710160000000002,0.0,0.0,0.0
70.70000000000005,39.96050233,-106.21737258,2490.2160000000003,12.710160000000002,0.0,0.0,180.0
70.80000000000007,39.96050229,-106.21737259,2490.2160000000003,12.710160000000002,0.0,0.0,0.0
70.90000000000009,39.96050228,-106.21737257,2490.2160000000003,12.710160000000002,0.0,0.0,0.0
71.0,39.96050227,-106.21737257,2490.2160000000003,12.710160000000002,0.0,0.0,0.0
71.10000000000002,39.96050229,-106.21737255,2490.2160000000003,12.710160000000002,0.0,0.0,0.0
71.20000000000005,39.96050229,-106.21737256,2490.2160000000003,12.710160000000002,0.0,0.0,0.0
71.30000000000007,39.96050231,-106.21737254,2490.2160000000003,12.710160000000002,0.0,0.0,0.0
71.40000000000009,39.9605023,-106.21737255,2490.2160000000003,12.710160000000002,0.0,0.0,0.0
71.5,39.96050231,-106.21737254,2490.2160000000003,12.710160000000002,0.0,0.0,0.0
71.60000000000002,39.9605023,-106.21737255,2490.2160000000003,12.710160000000002,0.0,0.0,0.0
71.70000000000005,39.96050229,-106.21737256,2490.2160000000003,12.710160000000002,0.0,0.0,0.0
71.80000000000007,39.96050227,-106.21737259,2490.2160000000003,12.710160000000002,0.0,0.0,0.0
71.90000000000009,39.96050228,-106.21737262,2490.2160000000003,12.710160000000002,0.0,0.0,0.0
72.0,39.96050228,-106.21737266,2490.2160000000003,12.710160000000002,0.0,0.0,0.0
72.10000000000002,39.96050232,-106.21737268,2490.2160000000003,12.710160000000002,0.0,0.0,0.0
72.20000000000005,39.96050233,-106.2173727,2490.2160000000003,12.710160000000002,0.0,0.0,0.0
72.30000000000007,39.96050238,-106.21737268,2490.2160000000003,12.710160000000002,0.0,0.0,0.0
72.40000000000009,39.96050242,-106.21737267,2490.2160000000003,12.710160000000002,0.0,0.0,0.0
72.5,39.96050248,-106.21737263,2490.2160000000003,12.710160000000002,0.491744,0.0,0.0
72.60000000000002,39.96050253,-106.21737261,2490.2160000000003,12.710160000000002,0.0,0.0,0.0
72.80000000000007,39.96050262,-106.21737257,2490.2160000000003,12.8016,0.0,0.0,0.0
72.90000000000009,39.96050267,-106.21737253,2490.2160000000003,12.8016,0.0,0.0,0.0
73.0,39.96050268,-106.21737251,2490.2160000000003,12.8016,0.0,0.0,0.0
73.10000000000002,39.96050269,-106.21737246,2490.2160000000003,12.8016,0.0,0.0,0.0
73.20000000000005,39.96050267,-106.21737244,2490.2160000000003,12.8016,0.0,0.0,0.0
73.30000000000007,39.96050266,-106.21737241,2490.2160000000003,12.8016,0.0,0.0,0.0
73.40000000000009,39.96050263,-106.21737243,2490.2160000000003,12.8016,0.0,0.089408,0.0
73.5,39.96050261,-106.21737244,2490.2160000000003,12.8016,0.0,0.089408,180.0
73.60000000000002,39.96050257,-106.21737248,2490.2160000000003,12.8016,0.491744,0.089408,180.0
73.70000000000005,39.96050256,-106.21737252,2490.2160000000003,12.710160000000002,0.0,0.089408,180.0
73.80000000000007,39.96050255,-106.21737257,2490.2160000000003,12.710160000000002,0.0,0.089408,0.0
73.90000000000009,39.96050254,-106.2173726,2490.2160000000003,12.710160000000002,0.0,0.089408,180.0
74.0,39.96050249,-106.21737264,2490.2160000000003,12.710160000000002,0.0,0.0,180.0
74.10000000000002,39.96050246,-106.21737266,2490.2160000000003,12.710160000000002,0.0,0.0,180.0
74.40000000000009,39.96050236,-106.21737266,2490.2160000000003,12.8016,0.0,0.0,180.0
74.60000000000002,39.96050225,-106.21737253,2490.2160000000003,12.8016,0.0,0.0,180.0
74.80000000000007,39.96050214,-106.21737238,2490.2160000000003,12.710160000000002,0.0,0.0,180.0
75.0,39.96050209,-106.21737226,2490.2160000000003,12.710160000000002,0.0,0.0,0.0
75.20000000000005,39.96050214,-106.21737216,2490.2160000000003,12.710160000000002,0.22352,0.0,0.0
75.30000000000007,39.9605022,-106.21737212,2490.2160000000003,12.710160000000002,0.44704,0.0,0.0
75.60000000000002,39.96050227,-106.21737198,2490.2160000000003,12.8016,0.0,0.0,0.0
76.0,39.96050238,-106.21737181,2490.2160000000003,12.8016,0.1341119999999999,0.0,0.0
76.30000000000007,39.96050244,-106.21737176,2490.2160000000003,12.8016,0.0,0.089408,0.0
76.5,39.96050242,-106.21737182,2490.2160000000003,12.8016,0.0,0.0,0.0
76.70000000000005,39.96050241,-106.21737189,2490.2160000000003,12.8016,0.0,0.0,0.0
76.90000000000009,39.96050245,-106.21737199,2490.2160000000003,12.710160000000002,0.0,0.089408,0.0
77.0,39.96050246,-106.21737206,2490.2160000000003,12.710160000000002,0.0,0.089408,0.0
77.20000000000005,39.96050254,-106.21737222,2490.2160000000003,12.710160000000002,0.0,0.0,0.0
77.30000000000007,39.96050259,-106.21737226,2490.2160000000003,12.710160000000002,0.0,0.0,0.0
77.40000000000009,39.96050262,-106.21737231,2490.2160000000003,12.710160000000002,0.0,0.0,0.0
77.5,39.96050266,-106.21737234,2490.2160000000003,12.710160000000002,0.0,0.0,0.0
77.60000000000002,39.96050268,-106.21737238,2490.2160000000003,12.710160000000002,0.0,0.0,0.0
77.70000000000005,39.96050272,-106.2173724,2490.2160000000003,12.710160000000002,0.0,0.0,0.0
77.80000000000007,39.96050275,-106.21737243,2490.2160000000003,12.710160000000002,0.0,0.0,0.0
78.0,39.96050277,-106.21737244,2490.2160000000003,12.710160000000002,0.0,0.0,0.0
78.10000000000002,39.96050276,-106.21737243,2490.2160000000003,12.710160000000002,0.312928,0.0,0.0
78.20000000000005,39.96050274,-106.21737243,2490.2160000000003,12.710160000000002,0.0,0.0,0.0
78.30000000000007,39.96050273,-106.21737244,2490.2160000000003,12.710160000000002,0.0,0.0,0.0
78.40000000000009,39.96050272,-106.21737247,2490.2160000000003,12.710160000000002,0.0,0.0,0.0
78.5,39.96050273,-106.2173725,2490.2160000000003,12.710160000000002,0.491744,0.0,0.0
78.60000000000002,39.96050274,-106.21737254,2490.2160000000003,12.710160000000002,0.0,0.0,0.0
78.70000000000005,39.96050275,-106.21737256,2490.2160000000003,12.710160000000002,0.0,0.0,0.0
78.80000000000007,39.96050274,-106.21737258,2490.2160000000003,12.710160000000002,0.0,0.0,0.0
78.90000000000009,39.96050274,-106.21737258,2490.2160000000003,12.710160000000002,0.491744,0.0,0.0
79.0,39.96050272,-106.2173726,2490.2160000000003,12.710160000000002,0.0,0.0,0.0
79.10000000000002,39.96050275,-106.2173726,2490.2160000000003,12.710160000000002,0.491744,0.0,0.0
79.20000000000005,39.96050277,-106.21737261,2490.2160000000003,12.710160000000002,0.0,0.0,0.0
79.30000000000007,39.9605028,-106.21737263,2490.2160000000003,12.710160000000002,0.0,0.0,0.0
79.40000000000009,39.9605028,-106.21737266,2490.2160000000003,12.710160000000002,0.0,0.0,0.0
79.5,39.96050281,-106.21737264,2490.2160000000003,12.8016,0.0,0.0,0.0
79.60000000000002,39.96050279,-106.21737263,2490.2160000000003,12.8016,0.0,0.0,0.0
79.70000000000005,39.9605028,-106.21737262,2490.2160000000003,12.8016,0.0,0.0,0.0
79.80000000000007,39.96050279,-106.21737262,2490.2160000000003,12.8016,0.0,0.0,0.0
79.90000000000009,39.96050281,-106.21737258,2490.2160000000003,12.8016,0.0,0.0,0.0
80.10000000000002,39.96050284,-106.21737253,2490.2160000000003,12.8016,0.0,0.0,0.0
80.20000000000005,39.96050284,-106.21737252,2490.2160000000003,12.8016,0.0,0.0,0.0
80.30000000000007,39.96050288,-106.21737252,2490.2160000000003,12.8016,0.0,0.089408,0.0
80.40000000000009,39.9605029,-106.21737254,2490.2160000000003,12.8016,0.0,0.089408,0.0
80.60000000000002,39.96050288,-106.21737261,2490.2160000000003,12.710160000000002,0.0,0.089408,0.0
80.80000000000007,39.96050277,-106.21737278,2490.2160000000003,12.710160000000002,0.0,0.0,180.0
81.0,39.96050268,-106.21737292,2490.2160000000003,12.710160000000002,0.0,0.0,180.0
81.20000000000005,39.96050259,-106.21737301,2490.2160000000003,12.8016,0.0,0.0,180.0
81.30000000000007,39.96050254,-106.21737306,2490.2160000000003,12.8016,0.0,0.0,0.0
81.40000000000009,39.9605025,-106.21737311,2490.2160000000003,12.710160000000002,0.0,0.0,0.0
81.5,39.96050249,-106.21737313,2490.2160000000003,12.710160000000002,0.0,0.0,0.0
81.80000000000007,39.96050251,-106.21737311,2490.2160000000003,12.710160000000002,0.0,0.0,0.0
81.90000000000009,39.96050252,-106.21737307,2490.2160000000003,12.710160000000002,0.0,0.0,0.0
82.0,39.96050252,-106.21737305,2490.2160000000003,12.710160000000002,0.0,0.0,0.0
82.10000000000002,39.96050252,-106.21737304,2490.2160000000003,12.710160000000002,0.0,0.0,0.0
82.20000000000005,39.96050251,-106.21737305,2490.2160000000003,12.710160000000002,0.0,0.0,0.0
82.30000000000007,39.9605025,-106.21737304,2490.2160000000003,12.710160000000002,0.0,0.0,0.0
82.5,39.96050249,-106.21737302,2490.2160000000003,12.710160000000002,0.0,0.0,0.0
82.60000000000002,39.96050249,-106.217373,2490.2160000000003,12.710160000000002,0.0,0.0,0.0
82.80000000000007,39.96050255,-106.21737284,2490.2160000000003,12.710160000000002,0.0,0.089408,0.0
82.90000000000009,39.96050257,-106.21737276,2490.2160000000003,12.710160000000002,0.0,0.0,0.0
83.0,39.96050256,-106.21737269,2490.2160000000003,12.710160000000002,0.0,0.0,0.0
83.10000000000002,39.96050254,-106.21737262,2490.2160000000003,12.710160000000002,0.0,0.0,0.0
83.30000000000007,39.96050245,-106.21737253,2490.2160000000003,12.710160000000002,0.0,0.0,0.0
83.40000000000009,39.9605024,-106.21737251,2490.2160000000003,12.710160000000002,0.0,0.0,0.0
83.60000000000002,39.96050231,-106.21737246,2490.2160000000003,12.710160000000002,0.312928,0.0,0.0
83.70000000000005,39.96050228,-106.21737245,2490.2160000000003,12.8016,0.0,0.0,0.0
83.80000000000007,39.96050225,-106.21737245,2490.2160000000003,12.8016,0.0,0.0,0.0
83.90000000000009,39.96050223,-106.21737244,2490.2160000000003,12.8016,0.0,0.0,0.0
84.0,39.9605022,-106.21737243,2490.2160000000003,12.8016,0.0,0.0,0.0
84.10000000000002,39.96050219,-106.21737242,2490.2160000000003,12.8016,0.0,0.0,0.0
84.20000000000005,39.96050217,-106.21737242,2490.2160000000003,12.8016,0.0,0.089408,0.0
84.40000000000009,39.96050215,-106.21737236,2490.2160000000003,12.710160000000002,0.0,0.089408,0.0
84.5,39.96050216,-106.21737233,2490.2160000000003,12.710160000000002,0.0,0.089408,0.0
84.60000000000002,39.96050216,-106.21737232,2490.2160000000003,12.710160000000002,0.0,0.089408,0.0
84.70000000000005,39.96050218,-106.21737228,2490.2160000000003,12.710160000000002,0.0,0.089408,0.0
84.80000000000007,39.96050219,-106.21737225,2490.2160000000003,12.710160000000002,0.0,0.0,0.0
84.90000000000009,39.96050221,-106.21737221,2490.2160000000003,12.710160000000002,0.0,0.0,0.0
85.0,39.9605022,-106.21737217,2490.2160000000003,12.710160000000002,0.0,0.0,0.0
85.10000000000002,39.96050221,-106.21737215,2490.2160000000003,12.710160000000002,0.491744,0.0,0.0
85.20000000000005,39.96050219,-106.21737213,2490.2160000000003,12.710160000000002,0.0,0.0,0.0
85.30000000000007,39.96050218,-106.21737208,2490.2160000000003,12.710160000000002,0.0,0.0,0.0
85.40000000000009,39.96050215,-106.21737203,2490.2160000000003,12.710160000000002,0.0,0.0,0.0
85.5,39.96050214,-106.21737197,2490.2160000000003,12.710160000000002,0.0,0.0,0.0
85.60000000000002,39.96050211,-106.21737193,2490.2160000000003,12.710160000000002,0.0,0.0,0.0
85.70000000000005,39.96050206,-106.21737189,2490.2160000000003,12.710160000000002,0.0,0.0,0.0
85.80000000000007,39.96050198,-106.21737188,2490.2160000000003,12.710160000000002,0.0,0.089408,180.0
85.90000000000009,39.96050188,-106.21737188,2490.2160000000003,12.710160000000002,0.0,0.0,0.0
86.0,39.96050181,-106.21737188,2490.2160000000003,12.710160000000002,0.0,0.0,0.0
86.10000000000002,39.96050176,-106.2173719,2490.2160000000003,12.710160000000002,0.0,0.0,0.0
86.20000000000005,39.96050174,-106.21737193,2490.2160000000003,12.710160000000002,0.0,0.0,0.0
86.30000000000007,39.96050174,-106.21737195,2490.2160000000003,12.710160000000002,0.491744,0.0,0.0
86.40000000000009,39.9605017,-106.21737197,2490.2160000000003,12.710160000000002,0.0,0.0,0.0
86.5,39.96050166,-106.21737199,2490.2160000000003,12.710160000000002,0.0,0.0,0.0
86.60000000000002,39.9605016,-106.21737201,2490.2160000000003,12.710160000000002,0.0,0.0,0.0
86.80000000000007,39.96050146,-106.217372,2490.2160000000003,12.710160000000002,0.0,0.0,0.0
86.90000000000009,39.96050138,-106.21737197,2490.2160000000003,12.710160000000002,0.0,0.0,0.0
87.0,39.96050131,-106.21737195,2490.2160000000003,12.8016,0.0,0.0,0.0
87.20000000000005,39.96050119,-106.21737188,2490.2160000000003,12.8016,0.312928,0.0,0.0
87.30000000000007,39.96050113,-106.2173718,2490.2160000000003,12.8016,0.0,0.0,0.0
87.40000000000009,39.96050108,-106.21737174,2490.2160000000003,12.8016,0.0,0.0,0.0
87.5,39.96050104,-106.21737167,2490.2160000000003,12.8016,0.0,0.0,0.0
87.70000000000005,39.96050096,-106.21737158,2490.2160000000003,12.8016,0.0,0.0,0.0
87.80000000000007,39.96050088,-106.21737155,2490.2160000000003,12.8016,0.0,0.0,0.0
87.90000000000009,39.96050081,-106.21737151,2490.2160000000003,12.8016,0.0,0.089408,0.0
88.0,39.96050071,-106.2173715,2490.2160000000003,12.8016,0.0,0.0,0.0
88.10000000000002,39.96050063,-106.21737148,2490.2160000000003,12.8016,0.0,0.0,0.0
88.30000000000007,39.96050049,-106.21737147,2490.2160000000003,12.8016,0.312928,0.0,0.0
88.40000000000009,39.96050041,-106.21737147,2490.2160000000003,12.8016,0.0,0.0,0.0
88.5,39.96050036,-106.21737146,2490.2160000000003,12.8016,0.0,0.0,0.0
88.60000000000002,39.96050031,-106.21737146,2490.2160000000003,12.8016,0.0,0.0,0.0
88.70000000000005,39.9605003,-106.21737143,2490.2160000000003,12.8016,0.491744,0.0,0.0
88.80000000000007,39.96050027,-106.21737142,2490.2160000000003,12.8016,0.0,0.0,0.0
88.90000000000009,39.96050028,-106.21737141,2490.2160000000003,12.8016,0.0,0.0,0.0
89.0,39.96050026,-106.21737143,2490.2160000000003,12.8016,0.0,0.089408,0.0
89.10000000000002,39.96050028,-106.21737148,2490.2160000000003,12.8016,0.0,0.089408,0.0
89.20000000000005,39.96050028,-106.21737154,2490.2160000000003,12.710160000000002,0.0,0.089408,0.0
89.30000000000007,39.96050029,-106.21737158,2490.2160000000003,12.710160000000002,0.0,0.089408,0.0
89.40000000000009,39.96050028,-106.21737162,2490.2160000000003,12.710160000000002,0.0,0.0,0.0
89.5,39.96050029,-106.21737162,2490.2160000000003,12.710160000000002,0.0,0.0,0.0
89.60000000000002,39.96050028,-106.21737163,2490.2160000000003,12.710160000000002,0.0,0.0,0.0
89.80000000000007,39.96050024,-106.21737168,2490.2160000000003,12.710160000000002,0.0,0.0,0.0
89.90000000000009,39.96050022,-106.2173717,2490.2160000000003,12.710160000000002,0.0,0.0,0.0
90.0,39.96050019,-106.21737173,2490.2160000000003,12.8016,0.0,0.0,0.0
90.10000000000002,39.96050015,-106.21737172,2490.2160000000003,12.8016,0.0,0.0,0.0
90.20000000000005,39.9605001,-106.21737172,2490.2160000000003,12.8016,0.0,0.0,0.0
90.40000000000008,39.9605,-106.2173717,2490.2160000000003,12.8016,0.312928,0.0,0.0
90.5,39.96049997,-106.21737163,2490.2160000000003,12.8016,0.0,0.0,0.0
90.60000000000002,39.96049992,-106.21737156,2490.2160000000003,12.8016,0.0,0.0,0.0
90.70000000000005,39.96049989,-106.21737146,2490.2160000000003,12.8016,0.0,0.0,0.0
90.80000000000008,39.96049986,-106.21737139,2490.2160000000003,12.8016,0.0,0.0,0.0
90.90000000000008,39.96049988,-106.2173713,2490.2160000000003,12.8016,0.0,0.0,0.0
91.0,39.9604999,-106.21737124,2490.2160000000003,12.8016,0.0,0.0,0.0
91.20000000000005,39.9605,-106.21737114,2490.2160000000003,12.8016,0.44704,0.0,0.0
91.40000000000008,39.96050016,-106.21737114,2490.2160000000003,12.8016,0.491744,0.0,0.0
91.5,39.96050021,-106.21737117,2490.2160000000003,12.8016,0.0,0.089408,0.0
91.60000000000002,39.9605002,-106.21737121,2490.2160000000003,12.8016,0.0,0.0,0.0
91.70000000000005,39.96050017,-106.21737125,2490.2160000000003,12.8016,0.0,0.0,0.0
91.80000000000008,39.96050011,-106.2173713,2490.2160000000003,12.8016,0.0,0.0,0.0
92.0,39.96050003,-106.21737143,2490.2160000000003,12.8016,0.0,0.0,0.0
92.10000000000002,39.96049996,-106.21737157,2490.2160000000003,12.8016,0.312928,0.089408,270.0
92.20000000000005,39.96049972,-106.21737197,2490.2160000000003,12.8016,0.0,0.089408,240.94539590092285
92.30000000000008,39.96049922,-106.21737276,2490.2160000000003,12.8016,0.67056,0.0,235.4914770123316
92.40000000000008,39.9604985,-106.21737386,2490.2160000000003,12.8016,1.162304,0.0,230.71059313749964
92.5,39.96049753,-106.21737534,2490.2160000000003,12.8016,1.430528,0.0,232.8152935467669
92.60000000000002,39.96049634,-106.21737712,2490.2160000000003,12.8016,1.877568,0.0,233.130102354156
92.70000000000005,39.9604949,-106.2173793,2490.2160000000003,12.8016,2.279904,0.0,232.2243156940453
92.80000000000008,39.96049328,-106.21738171,2490.2160000000003,12.8016,2.592832,0.0,231.3401917459099
93.0,39.96048953,-106.21738738,2490.2160000000003,12.8016,3.039872,0.0,228.73139699916044
93.20000000000005,39.9604856,-106.21739341,2490.2160000000003,12.710160000000002,3.3528,0.0,229.9937439858234
93.30000000000008,39.96048349,-106.21739664,2490.2160000000003,12.710160000000002,3.442208,0.0,228.67449952082964
93.40000000000008,39.96048124,-106.21739996,2490.2160000000003,12.710160000000002,3.710432,0.0,228.0127875041833
93.5,39.96047894,-106.21740336,2490.2160000000003,12.710160000000002,3.79984,0.0,228.36646066342985
93.60000000000002,39.96047649,-106.2174069,2490.2160000000003,12.710160000000002,3.978656,0.0,227.2906100426385
93.70000000000005,39.96047402,-106.21741047,2490.2160000000003,12.710160000000002,4.068064,0.0,226.7623910236605
93.80000000000008,39.9604714,-106.21741418,2490.2160000000003,12.710160000000002,4.202176,0.0,226.70981404414152
93.90000000000008,39.96046874,-106.21741796,2490.2160000000003,12.710160000000002,4.336288,0.0,227.06011102372312
94.0,39.96046594,-106.21742189,2490.2160000000003,12.710160000000002,4.4704,0.0,227.00253313182688
94.10000000000002,39.96046308,-106.21742587,2490.2160000000003,12.710160000000002,4.649216,0.0,226.54815769897797
94.20000000000005,39.96046009,-106.21743,2490.2160000000003,12.710160000000002,4.738624,0.0,225.7440592028887
94.30000000000008,39.96045703,-106.2174342,2490.2160000000003,12.710160000000002,4.872736,0.0,226.08092418666067
94.40000000000008,39.96045384,-106.21743855,2490.2160000000003,12.710160000000002,5.006848,0.0,225.69869438298343
94.5,39.96045063,-106.21744295,2490.2160000000003,12.710160000000002,5.14096,0.0,225.0
94.60000000000002,39.9604473,-106.2174475,2490.2160000000003,12.710160000000002,5.275072000000001,0.0,225.0
94.70000000000005,39.96044395,-106.2174521,2490.2160000000003,12.710160000000002,5.36448,0.0,225.0
94.80000000000008,39.96044047,-106.21745683,2490.2160000000003,12.710160000000002,5.498592,0.0,225.9710219310792
94.90000000000008,39.96043696,-106.21746162,2490.2160000000003,12.710160000000002,5.632704,0.0,225.62959860841028
95.0,39.96043333,-106.21746654,2490.2160000000003,12.710160000000002,5.722112,0.0,225.6160599083992
95.10000000000002,39.96042966,-106.21747157,2490.2160000000003,12.710160000000002,5.856224,0.0,225.6030911943805
95.20000000000005,39.96042588,-106.21747674,2490.2160000000003,12.710160000000002,5.990336,0.0,225.0
95.30000000000008,39.96042208,-106.21748194,2490.2160000000003,12.710160000000002,6.124447999999999,0.0,225.0
95.40000000000008,39.96041818,-106.21748725,2490.2160000000003,12.710160000000002,6.169152,0.0,225.0
95.5,39.96041424,-106.21749267,2490.2160000000003,12.710160000000002,6.303264,0.0,225.0
95.60000000000002,39.9604102,-106.21749822,2490.2160000000003,12.710160000000002,6.437376,0.0,225.55090397921856
95.70000000000005,39.96040612,-106.21750384,2490.2160000000003,12.710160000000002,6.526784,0.0,225.54051018713065
95.80000000000008,39.96040194,-106.21750957,2490.2160000000003,12.710160000000002,6.660896,0.0,225.0
95.90000000000008,39.96039773,-106.21751538,2490.2160000000003,12.710160000000002,6.795007999999999,0.0,225.0
96.0,39.96039343,-106.2175213,2490.2160000000003,12.710160000000002,6.884416,0.0,225.51616422976485
96.20000000000005,39.9603846,-106.21753346,2490.2160000000003,12.710160000000002,7.063232,0.0,225.49821161261363
96.40000000000008,39.96037558,-106.21754597,2490.2160000000003,12.710160000000002,7.242048,0.0,225.73139575309756
96.5,39.96037101,-106.21755232,2490.2160000000003,12.710160000000002,7.331455999999999,0.0,225.4774537773096
96.60000000000002,39.96036637,-106.21755876,2490.2160000000003,12.710160000000002,7.465567999999999,0.0,225.4774537773096
96.70000000000005,39.96036175,-106.21756514,2490.2160000000003,12.710160000000002,7.510272,0.0,225.46962701968965
96.80000000000008,39.96035707,-106.2175716,2490.2160000000003,12.710160000000002,7.554975999999999,0.0,225.46962701968965
96.90000000000008,39.9603523,-106.21757819,2490.2160000000003,12.710160000000002,7.644384,0.0,225.46205272143075
97.0,39.96034744,-106.21758492,2490.2160000000003,12.710160000000002,7.778496,0.0,225.6793647554653
97.10000000000002,39.96034255,-106.21759172,2490.2160000000003,12.710160000000002,7.912608,0.0,226.12330271407544
97.20000000000005,39.96033761,-106.21759861,2490.2160000000003,12.710160000000002,8.002016,0.0,225.44414443311192
97.30000000000008,39.96033263,-106.21760553,2490.2160000000003,12.710160000000002,8.04672,0.0,225.8814039965821
97.40000000000008,39.96032735,-106.21761289,2490.2160000000003,12.710160000000002,8.359648,0.0,225.86805144974556
97.5,39.96032258,-106.21761962,2490.2160000000003,12.710160000000002,8.180832,0.0,225.86805144974556
97.60000000000002,39.96031751,-106.21762682,2490.2160000000003,12.710160000000002,8.04672,0.0,226.06485469345893
97.80000000000008,39.96030724,-106.21764144,2490.2160000000003,12.710160000000002,8.404352,0.0,226.04925594088007
98.0,39.96029684,-106.21765623,2490.2160000000003,12.710160000000002,8.49376,0.0,226.45812315589723
98.10000000000002,39.96029164,-106.21766366,2490.2160000000003,12.710160000000002,8.583167999999999,0.0,226.45812315589723
98.20000000000005,39.96028639,-106.21767115,2490.2160000000003,12.710160000000002,8.627872,0.0,226.22757883213453
98.30000000000008,39.96028115,-106.21767865,2490.2160000000003,12.710160000000002,8.672576,0.0,226.22757883213453
98.40000000000008,39.96027588,-106.2176862,2490.2160000000003,12.710160000000002,8.672576,0.0,226.22757883213453
98.5,39.96027059,-106.21769376,2490.2160000000003,12.710160000000002,8.71728,0.0,226.22757883213453
98.60000000000002,39.96026526,-106.21770136,2490.2160000000003,12.710160000000002,8.761984,0.0,226.2102941689212
98.70000000000005,39.96025994,-106.21770895,2490.2160000000003,12.710160000000002,8.761984,0.0,226.2102941689212
98.80000000000008,39.9602546,-106.21771661,2490.2160000000003,12.710160000000002,8.806688,0.0,226.2102941689212
98.90000000000008,39.96024925,-106.21772432,2490.2160000000003,12.710160000000002,8.851392,0.0,226.7961431524957
99.0,39.96024387,-106.21773208,2490.2160000000003,12.710160000000002,8.896096,0.0,226.7961431524957
99.10000000000002,39.9602385,-106.21773983,2490.2160000000003,12.710160000000002,8.896096,0.0,226.7961431524957
99.20000000000005,39.96023311,-106.21774761,2490.2160000000003,12.710160000000002,8.896096,0.0,226.3875157474432
99.40000000000008,39.96022223,-106.21776328,2490.2160000000003,12.710160000000002,8.985504,0.0,226.7714697400341
99.5,39.9602168,-106.21777116,2490.2160000000003,12.710160000000002,9.030208,0.0,226.7714697400341
99.60000000000002,39.96021136,-106.21777907,2490.2160000000003,12.710160000000002,9.030208,0.0,226.7714697400341
99.70000000000005,39.96020594,-106.21778696,2490.2160000000003,12.58824,9.030208,0.0,226.7714697400341
99.80000000000008,39.96020052,-106.21779489,2490.2160000000003,12.58824,9.030208,0.0,226.7714697400341
99.90000000000008,39.96019507,-106.21780282,2490.2160000000003,12.58824,9.074912,0.0,227.1500263510386
100.0,39.9601896,-106.21781078,2490.2160000000003,12.58824,9.074912,0.0,227.1500263510386
100.10000000000002,39.96018414,-106.21781876,2490.2160000000003,12.58824,9.119616,0.0,227.1500263510386
100.20000000000005,39.96017869,-106.21782676,2490.2160000000003,12.58824,9.119616,0.0,227.1500263510386
100.30000000000008,39.96017322,-106.21783477,2490.2160000000003,12.58824,9.119616,0.0,227.1500263510386
100.40000000000008,39.96016775,-106.21784282,2490.2160000000003,12.58824,9.16432,0.0,227.1500263510386
100.60000000000002,39.96015682,-106.217859,2490.2160000000003,12.58824,9.16432,0.0,227.5232662335029
100.70000000000005,39.96015147,-106.21786701,2490.2160000000003,12.58824,9.16432,-0.089408,227.17975599174156
100.80000000000008,39.96014631,-106.21787476,2490.2160000000003,12.58824,8.896096,-0.089408,227.2906100426385
101.0,39.96013665,-106.21788938,2490.2160000000003,12.58824,8.225536,0.0,227.52949420483776
101.10000000000002,39.96013215,-106.21789611,2490.2160000000003,12.58824,7.465567999999999,0.0,227.17474411461004
101.30000000000008,39.9601237,-106.21790855,2489.9112,12.4968,7.242048,0.0,226.8476102659946
101.40000000000008,39.96011974,-106.21791432,2489.9112,12.4968,6.92912,0.0,226.6523046776513
101.5,39.96011599,-106.2179197,2489.9112,12.4968,6.392672,0.0,226.4538954651089
101.60000000000002,39.96011243,-106.21792481,2489.9112,12.4968,6.03504,0.0,226.2188752351313
101.70000000000005,39.96010907,-106.21792957,2489.9112,12.4968,5.677408,0.0,225.9710219310792
101.80000000000008,39.96010591,-106.21793407,2489.9112,12.4968,5.36448,0.0,226.38035407344444
101.90000000000008,39.96010297,-106.21793824,2489.9112,12.4968,5.006848,0.0,225.7440592028887
102.0,39.96010023,-106.21794212,2489.9112,12.4968,4.649216,-0.089408,225.7848246029919
102.10000000000002,39.96009764,-106.21794568,2489.9112,12.4968,4.336288,0.0,225.0
102.20000000000005,39.96009525,-106.21794895,2489.9112,12.4968,3.978656,-0.089408,225.0
102.30000000000008,39.96009304,-106.21795194,2489.9112,12.4968,3.755136,-0.089408,225.0
102.40000000000008,39.96009104,-106.21795465,2489.9112,12.4968,3.3528,0.0,223.36342295838327
102.5,39.96008919,-106.2179571,2489.9112,12.4968,3.12928,0.0,223.806510576018
102.60000000000002,39.96008754,-106.21795924,2489.9112,12.4968,2.771648,0.0,221.6335393365702
102.80000000000008,39.96008477,-106.21796264,2489.9112,12.4968,2.279904,-0.089408,218.85337434035333
102.90000000000008,39.96008365,-106.2179639,2490.2160000000003,12.58824,1.966976,-0.089408,220.7636052009412
103.0,39.96008273,-106.21796488,2490.2160000000003,12.58824,1.430528,-0.089408,216.5288553669852
103.10000000000002,39.96008195,-106.2179657,2490.2160000000003,12.58824,1.251712,-0.089408,219.28940686250036
103.20000000000005,39.96008137,-106.2179663,2490.2160000000003,12.58824,0.938784,-0.089408,215.83765295427827
103.30000000000008,39.9600809,-106.21796679,2490.2160000000003,12.58824,0.804672,0.0,220.2363583092738
103.5,39.96008036,-106.21796735,2490.2160000000003,12.58824,0.44704,0.0,225.0
103.60000000000002,39.96008024,-106.21796746,2490.2160000000003,12.58824,0.938784,0.0,215.5376777919744
103.80000000000008,39.96008007,-106.21796758,2490.2160000000003,12.58824,0.0,0.089408,201.80140948635184
103.90000000000008,39.96007991,-106.21796774,2490.2160000000003,12.58824,0.0,0.089408,201.80140948635184
104.0,39.9600796,-106.21796811,2490.2160000000003,12.58824,0.0,0.0,219.28940686250036
104.10000000000002,39.96007893,-106.21796892,2490.2160000000003,12.58824,0.67056,0.0,221.6335393365702
104.20000000000005,39.96007804,-106.21797002,2490.2160000000003,12.58824,1.162304,0.0,221.34777721969368
104.30000000000008,39.96007677,-106.2179717,2490.2160000000003,12.58824,1.654048,0.0,225.0
104.40000000000008,39.96007533,-106.21797365,2490.2160000000003,12.58824,2.101088,0.0,225.0
104.5,39.96007359,-106.21797607,2489.9112,12.4968,2.503424,0.0,226.54815769897797
104.60000000000002,39.96007175,-106.21797863,2489.9112,12.4968,2.90576,0.0,227.0700306530411
104.70000000000005,39.96006975,-106.21798151,2489.9112,12.4968,3.12928,0.0,227.5448043798131
104.80000000000008,39.96006771,-106.21798447,2489.9112,12.4968,3.397504,0.0,227.4366482468101
105.0,39.96006337,-106.21799081,2489.9112,12.4968,3.531616,0.0,226.63657704161676
105.10000000000002,39.96006116,-106.21799414,2489.9112,12.4968,3.665728,0.0,227.0454084888872
105.30000000000008,39.96005647,-106.21800111,2489.9112,12.4968,3.889248,0.0,227.3662479914558
105.40000000000008,39.96005394,-106.21800478,2489.9112,12.4968,4.02336,0.0,227.2906100426385
105.5,39.96005142,-106.21800842,2489.9112,12.4968,4.202176,0.0,226.7623910236605
105.60000000000002,39.96004879,-106.21801219,2490.2160000000003,12.58824,4.291583999999999,0.0,226.70981404414152
105.70000000000005,39.96004619,-106.21801599,2490.2160000000003,12.58824,4.336288,0.0,227.06011102372312
105.90000000000008,39.96004065,-106.21802396,2490.2160000000003,12.58824,4.515104,0.0,226.54815769897797
106.0,39.96003771,-106.21802813,2490.2160000000003,12.58824,4.69392,0.0,227.5857943424245
106.10000000000002,39.96003474,-106.21803236,2490.2160000000003,12.58824,4.828032,0.0,226.8240898323761
106.20000000000005,39.96003163,-106.21803677,2490.2160000000003,12.58824,4.962144,0.0,226.77880031567383
106.40000000000008,39.96002514,-106.21804597,2490.2160000000003,12.58824,5.319776,0.0,225.66619997018316
106.5,39.96002178,-106.2180507,2490.2160000000003,12.58824,5.36448,0.0,225.9710219310792
106.60000000000002,39.9600183,-106.21805556,2490.2160000000003,12.58824,5.588,0.0,225.62959860841028
106.70000000000005,39.96001476,-106.2180605,2490.2160000000003,12.58824,5.722112,0.0,225.6160599083992
106.80000000000008,39.9600111,-106.21806561,2490.2160000000003,12.58824,5.900928,0.0,226.2188752351313
106.90000000000008,39.96000742,-106.21807079,2490.2160000000003,12.58824,5.990336,0.0,226.19348942398204
107.10000000000002,39.95999985,-106.21808153,2490.2160000000003,12.58824,6.169152,0.0,226.42497427251544
107.20000000000005,39.95999594,-106.21808711,2490.2160000000003,12.58824,6.303264,0.0,226.974934010882
107.30000000000008,39.95999199,-106.21809277,2490.2160000000003,12.58824,6.48208,0.0,226.6523046776513
107.40000000000008,39.95998792,-106.21809856,2490.2160000000003,12.58824,6.616192,0.0,226.88228244301072
107.5,39.95998363,-106.21810474,2490.2160000000003,12.58824,6.92912,0.0,226.8476102659946
107.60000000000002,39.95997964,-106.21811044,2490.2160000000003,12.58824,6.8397120000000005,0.0,226.81419190902997
107.70000000000005,39.9599754,-106.21811652,2490.2160000000003,12.58824,6.795007999999999,0.0,226.52076966114376
107.80000000000008,39.95997106,-106.21812271,2490.2160000000003,12.58824,7.063232,0.0,226.00508600525416
107.90000000000008,39.9599666,-106.21812907,2490.2160000000003,12.58824,7.242048,0.0,226.7357045889284
108.0,39.95996204,-106.21813557,2490.2160000000003,12.58824,7.420864000000001,0.0,226.706178294447
108.20000000000005,39.95995286,-106.2181487,2490.2160000000003,12.58824,7.554975999999999,0.0,226.40862873533845
108.30000000000008,39.95994819,-106.21815539,2490.2160000000003,12.58824,7.644384,0.0,227.0867772755708
108.40000000000008,39.95994343,-106.21816221,2490.2160000000003,12.58824,7.778496,0.0,227.05355056351095
108.5,39.95993864,-106.21816914,2490.2160000000003,12.58824,7.912608,0.0,227.021364940356
108.60000000000002,39.95993379,-106.2181762,2490.2160000000003,12.58824,8.04672,0.0,227.45085263777105
108.70000000000005,39.95992893,-106.21818332,2490.2160000000003,12.58824,8.091424,0.0,226.9901722497549
108.80000000000008,39.95992402,-106.21819054,2490.2160000000003,12.58824,8.225536,0.0,227.62240146054108
109.0,39.95991421,-106.21820509,2490.2160000000003,12.58824,8.27024,0.0,227.35916613258163
109.10000000000002,39.95990928,-106.21821241,2490.2160000000003,12.58824,8.27024,0.0,227.35916613258163
109.20000000000005,39.95990428,-106.21821982,2490.2160000000003,12.58824,8.359648,0.0,227.76678840116952
109.40000000000008,39.95989418,-106.21823486,2490.2160000000003,12.58824,8.538464000000001,0.0,227.72631099390625
109.60000000000002,39.95988383,-106.21825015,2490.2160000000003,12.58824,8.583167999999999,0.0,227.68700000212405
109.70000000000005,39.95987865,-106.21825789,2490.2160000000003,12.58824,8.71728,0.0,227.68700000212405
109.80000000000008,39.95987344,-106.21826568,2490.2160000000003,12.58824,8.761984,0.0,227.68700000212405
109.90000000000008,39.95986825,-106.21827343,2490.2160000000003,12.58824,8.806688,0.0,227.84213788365565
110.0,39.95986301,-106.21828121,2490.2160000000003,12.58824,8.761984,0.0,227.84213788365565
110.10000000000002,39.95985778,-106.21828899,2490.2160000000003,12.58824,8.806688,0.0,227.84213788365565
110.20000000000005,39.95985253,-106.2182968,2490.2160000000003,12.58824,8.851392,0.0,227.84213788365565
110.30000000000008,39.95984729,-106.2183046,2490.2160000000003,12.58824,8.851392,0.0,227.21031892435388
110.40000000000008,39.95984201,-106.21831243,2490.2160000000003,12.58824,8.896096,0.0,227.21031892435388
110.5,39.95983667,-106.21832036,2490.2160000000003,12.58824,8.9408,0.0,227.59350644478903
110.60000000000002,39.9598313,-106.21832834,2490.2160000000003,12.58824,9.030208,0.0,227.59350644478903
110.70000000000005,39.95982603,-106.21833626,2490.2160000000003,12.58824,8.985504,0.0,227.59350644478903
110.80000000000008,39.95982074,-106.21834417,2490.2160000000003,12.58824,8.9408,0.0,227.17975599174156
110.90000000000008,39.95981539,-106.21835207,2490.2160000000003,12.58824,8.985504,0.0,227.17975599174156
111.0,39.95981002,-106.21836002,2490.2160000000003,12.58824,8.985504,0.0,227.59350644478903
111.10000000000002,39.95980465,-106.21836793,2490.2160000000003,12.58824,9.030208,0.0,227.59350644478903
111.20000000000005,39.95979929,-106.21837584,2490.2160000000003,12.58824,8.985504,0.0,227.59350644478903
111.40000000000008,39.95978856,-106.21839164,2490.2160000000003,12.58824,8.985504,0.0,227.59350644478903
111.5,39.95978319,-106.21839952,2490.2160000000003,12.58824,8.985504,0.0,227.59350644478903
111.60000000000002,39.95977782,-106.21840744,2490.2160000000003,12.58824,8.985504,0.0,227.59350644478903
111.70000000000005,39.95977248,-106.21841533,2490.2160000000003,12.58824,8.985504,0.0,227.59350644478903
111.80000000000008,39.95976715,-106.21842326,2490.2160000000003,12.58824,8.985504,0.0,227.59350644478903
112.0,39.95975644,-106.21843913,2490.2160000000003,12.58824,8.985504,0.0,227.59350644478903
112.10000000000002,39.95975109,-106.21844707,2490.2160000000003,12.58824,8.985504,0.0,227.59350644478903
112.20000000000005,39.95974574,-106.21845502,2490.2160000000003,12.58824,8.985504,0.0,227.59350644478903
112.30000000000008,39.95974038,-106.21846295,2490.2160000000003,12.58824,8.985504,0.0,227.59350644478903
112.5,39.95972961,-106.21847882,2490.2160000000003,12.58824,9.030208,0.0,227.59350644478903
112.60000000000002,39.95972421,-106.21848676,2490.2160000000003,12.58824,9.030208,0.0,227.59350644478903
112.70000000000005,39.95971884,-106.21849473,2490.2160000000003,12.58824,9.030208,0.0,227.59350644478903
112.80000000000008,39.95971347,-106.21850273,2490.2160000000003,12.58824,9.074912,0.0,227.59350644478903
112.90000000000008,39.95970809,-106.21851075,2490.2160000000003,12.58824,9.074912,0.0,227.59350644478903
113.10000000000002,39.95969735,-106.21852677,2490.2160000000003,12.58824,9.074912,0.0,227.59350644478903
113.20000000000005,39.95969199,-106.21853475,2490.2160000000003,12.58824,9.074912,0.0,227.59350644478903
113.30000000000008,39.95968664,-106.21854272,2490.2160000000003,12.58824,9.030208,0.0,227.59350644478903
113.40000000000008,39.95968128,-106.21855068,2490.2160000000003,12.58824,8.985504,0.0,227.59350644478903
113.5,39.95967594,-106.21855866,2490.2160000000003,12.58824,9.030208,0.0,227.59350644478903
113.60000000000002,39.9596706,-106.21856665,2490.2160000000003,12.58824,9.030208,0.0,227.59350644478903
113.70000000000005,39.95966524,-106.21857467,2490.2160000000003,12.58824,9.074912,0.0,227.59350644478903
113.80000000000008,39.95965986,-106.21858269,2490.2160000000003,12.58824,9.074912,0.0,227.59350644478903
114.0,39.95964914,-106.21859876,2490.2160000000003,12.58824,9.074912,0.0,227.9711632619506
114.10000000000002,39.95964377,-106.21860678,2490.2160000000003,12.58824,9.074912,0.0,227.9711632619506
114.30000000000008,39.95963305,-106.21862276,2490.2160000000003,12.58824,9.074912,0.0,228.22452260651988
114.40000000000008,39.95962791,-106.21863047,2490.2160000000003,12.58824,8.761984,-0.089408,228.1221304621157
114.5,39.95962311,-106.21863785,2490.2160000000003,12.58824,8.49376,-0.089408,228.0821808245281
114.60000000000002,39.95961851,-106.21864495,2490.2160000000003,12.58824,8.091424,0.0,228.2572219406669
114.80000000000008,39.95960995,-106.21865805,2490.2160000000003,12.58824,7.554975999999999,0.0,228.57633437499732
114.90000000000008,39.95960598,-106.21866412,2490.2160000000003,12.58824,7.15264,0.0,228.46018322898644
115.0,39.95960218,-106.21866996,2490.2160000000003,12.58824,6.571488,0.0,228.88790956083307
115.10000000000002,39.95959859,-106.21867541,2490.2160000000003,12.58824,6.347968,0.0,227.61575487542183
115.20000000000005,39.95959517,-106.21868061,2490.2160000000003,12.58824,5.990336,0.0,227.4366482468101
115.30000000000008,39.95959193,-106.21868543,2490.2160000000003,12.58824,5.677408,0.0,227.878369499734
115.5,39.959586,-106.21869422,2490.2160000000003,12.58824,5.14096,0.0,227.52082790771016
115.70000000000005,39.9595808,-106.21870176,2490.2160000000003,12.58824,4.649216,0.0,227.06011102372312
115.80000000000008,39.9595785,-106.21870505,2490.2160000000003,12.58824,4.157472,0.0,227.2906100426385
115.90000000000008,39.95957639,-106.21870801,2490.2160000000003,12.58824,3.621024,0.0,226.00508600525416
116.0,39.95957452,-106.21871066,2489.9112,12.4968,3.218688,0.0,226.1457628381751
116.10000000000002,39.9595728,-106.218713,2489.9112,12.4968,2.90576,0.0,226.24536426676835
116.20000000000005,39.95957127,-106.21871503,2490.2160000000003,12.58824,2.548128,-0.089408,225.0
116.40000000000008,39.95956858,-106.21871829,2490.2160000000003,12.58824,2.145792,-0.089408,220.7321066997092
116.5,39.95956739,-106.21871961,2490.2160000000003,12.58824,1.966976,0.0,221.05481377096245
116.60000000000002,39.95956638,-106.21872071,2490.2160000000003,12.58824,1.654048,0.0,219.17365797044425
116.70000000000005,39.95956546,-106.21872167,2490.2160000000003,12.58824,1.519936,0.0,219.28940686250036
116.80000000000008,39.95956473,-106.21872239,2490.2160000000003,12.58824,1.162304,0.0,221.6335393365702
116.90000000000008,39.95956413,-106.21872299,2490.2160000000003,12.58824,0.938784,0.0,214.5085229876684
117.0,39.95956373,-106.21872336,2490.2160000000003,12.58824,0.67056,0.0,219.28940686250036
117.10000000000002,39.95956344,-106.21872365,2490.2160000000003,12.58824,0.67056,0.0,215.5376777919744
117.20000000000005,39.95956328,-106.21872379,2490.2160000000003,12.58824,0.0,0.0,215.5376777919744
117.30000000000008,39.95956313,-106.21872396,2490.2160000000003,12.58824,0.0,0.0,201.80140948635184
117.40000000000008,39.95956306,-106.21872404,2490.2160000000003,12.58824,0.491744,0.0,225.0
117.5,39.95956293,-106.21872422,2490.2160000000003,12.58824,0.0,0.0,225.0
117.60000000000002,39.95956268,-106.2187246,2490.2160000000003,12.58824,0.0,0.0,225.0
117.70000000000005,39.95956213,-106.21872538,2490.2160000000003,12.58824,0.67056,0.0,225.0
117.80000000000008,39.95956137,-106.21872647,2490.2160000000003,12.710160000000002,1.162304,0.0,228.65222278030632
117.90000000000008,39.95956022,-106.21872812,2490.2160000000003,12.710160000000002,1.654048,0.0,225.0
118.0,39.95955887,-106.21873005,2490.2160000000003,12.710160000000002,2.101088,0.0,227.64254529406472
118.10000000000002,39.95955718,-106.21873246,2490.2160000000003,12.710160000000002,2.503424,0.0,226.54815769897797
118.20000000000005,39.9595554,-106.21873498,2490.2160000000003,12.710160000000002,2.861056,0.0,226.46880071438585
118.30000000000008,39.95955363,-106.21873753,2490.2160000000003,12.710160000000002,2.995168,0.0,226.54815769897797
118.40000000000008,39.9595521,-106.21873973,2490.2160000000003,12.710160000000002,2.68224,0.0,226.9091524329964
118.5,39.9595509,-106.21874152,2490.2160000000003,12.58824,2.324608,0.0,225.0
118.60000000000002,39.95954994,-106.21874293,2490.2160000000003,12.58824,1.78816,0.0,225.0
118.70000000000005,39.95954937,-106.2187438,2490.2160000000003,12.58824,1.34112,0.0,225.0
118.80000000000008,39.95954896,-106.2187444,2490.2160000000003,12.58824,0.804672,0.0,232.1250163489018
118.90000000000008,39.95954888,-106.21874459,2490.2160000000003,12.58824,0.67056,0.0,225.0
119.0,39.95954884,-106.21874472,2490.2160000000003,12.58824,0.0,0.0,225.0
119.10000000000002,39.95954892,-106.21874464,2490.2160000000003,12.58824,0.0,0.0,225.0
119.20000000000005,39.95954896,-106.2187446,2490.2160000000003,12.58824,0.0,0.0,225.0
119.40000000000008,39.95954918,-106.2187444,2490.2160000000003,12.58824,0.312928,0.0,0.0
119.5,39.95954926,-106.21874433,2490.2160000000003,12.58824,0.312928,0.0,270.0
119.60000000000002,39.95954931,-106.21874432,2490.2160000000003,12.58824,0.0,0.0,270.0
119.70000000000005,39.95954935,-106.21874434,2490.2160000000003,12.58824,0.491744,0.0,270.0
119.80000000000008,39.95954939,-106.21874437,2490.2160000000003,12.58824,0.0,0.0,0.0
119.90000000000008,39.95954942,-106.21874443,2490.2160000000003,12.710160000000002,0.0,0.0,0.0
120.0,39.95954946,-106.21874446,2490.2160000000003,12.58824,0.0,0.0,0.0
120.20000000000005,39.95954957,-106.21874452,2490.2160000000003,12.58824,0.0,0.0,0.0
120.30000000000008,39.9595496,-106.21874455,2490.2160000000003,12.58824,0.0,0.0,0.0
120.40000000000008,39.95954964,-106.21874456,2490.2160000000003,12.58824,0.0,0.0,0.0
120.5,39.9595497,-106.21874458,2490.2160000000003,12.58824,0.0,0.0,0.0
120.60000000000002,39.95954978,-106.2187446,2490.2160000000003,12.58824,0.0,0.0,0.0
120.70000000000005,39.95954985,-106.21874461,2490.2160000000003,12.58824,0.0,0.0,0.0
120.80000000000008,39.95954991,-106.21874459,2490.2160000000003,12.58824,0.0,0.0,0.0
121.0,39.95955003,-106.21874443,2490.2160000000003,12.58824,0.0,0.0,90.0
121.10000000000002,39.95955007,-106.21874431,2490.2160000000003,12.58824,0.0,0.0,0.0
121.20000000000005,39.95955011,-106.21874422,2490.2160000000003,12.58824,0.0,0.0,0.0
121.30000000000008,39.95955013,-106.21874409,2490.2160000000003,12.58824,0.0,0.0,0.0
121.40000000000008,39.95955013,-106.21874397,2490.2160000000003,12.58824,0.0,0.0,0.0
121.5,39.95955014,-106.21874384,2490.2160000000003,12.58824,0.0,0.0,90.0
121.60000000000002,39.95955013,-106.21874372,2490.2160000000003,12.58824,0.0,0.0,90.0
121.80000000000008,39.95955013,-106.21874346,2490.2160000000003,12.58824,0.0,0.0,0.0
121.90000000000008,39.95955017,-106.21874332,2490.2160000000003,12.58824,0.0,0.0,0.0
122.0,39.95955021,-106.2187432,2490.2160000000003,12.58824,0.0,0.0,0.0
122.10000000000002,39.95955029,-106.21874312,2490.2160000000003,12.58824,0.0,0.0,0.0
122.20000000000005,39.95955035,-106.21874307,2490.2160000000003,12.58824,0.0,0.0,0.0
122.40000000000008,39.9595505,-106.21874299,2490.2160000000003,12.58824,0.0,0.0,0.0
122.60000000000002,39.95955065,-106.2187429,2490.2160000000003,12.58824,0.0,0.0,0.0
122.70000000000005,39.95955072,-106.21874285,2490.2160000000003,12.58824,0.0,0.0,0.0
122.90000000000008,39.95955081,-106.21874278,2490.2160000000003,12.58824,0.0,0.0,0.0
123.10000000000002,39.95955088,-106.21874272,2490.2160000000003,12.58824,0.0,0.0,0.0
123.20000000000005,39.9595509,-106.2187427,2490.2160000000003,12.58824,0.0,0.0,0.0
123.30000000000008,39.95955093,-106.21874265,2490.2160000000003,12.58824,0.0,0.0,0.0
123.40000000000008,39.95955095,-106.21874262,2490.2160000000003,12.58824,0.0,0.0,0.0
123.5,39.95955099,-106.2187426,2490.2160000000003,12.58824,0.0,0.0,0.0
123.60000000000002,39.95955102,-106.2187426,2490.2160000000003,12.58824,0.0,0.0,0.0
123.70000000000005,39.95955106,-106.21874257,2490.2160000000003,12.58824,0.0,0.0,0.0
123.80000000000008,39.95955109,-106.21874256,2490.2160000000003,12.58824,0.0,0.0,0.0
123.90000000000008,39.95955115,-106.21874254,2490.2160000000003,12.58824,0.0,0.0,0.0
124.10000000000002,39.95955123,-106.21874259,2490.2160000000003,12.710160000000002,0.0,-0.491744,0.0
124.20000000000005,39.95955122,-106.21874266,2490.2160000000003,12.710160000000002,0.0,-0.89408,0.0
124.30000000000008,39.95955115,-106.21874272,2490.5208,12.89304,0.0,-1.385824,180.0
124.40000000000008,39.95955105,-106.21874281,2490.5208,13.014960000000002,0.67056,-1.922272,180.0
124.5,39.95955094,-106.2187429,2490.8256,13.19784,0.0,-2.503424,270.0
124.60000000000002,39.95955084,-106.21874302,2491.1304,13.50264,0.0,-2.995168,270.0
124.70000000000005,39.95955074,-106.21874306,2491.4352000000003,13.898880000000002,0.0,-3.397504,270.0
124.80000000000008,39.95955063,-106.21874306,2491.74,14.20368,0.0,-3.79984,0.0
124.90000000000008,39.95955057,-106.21874301,2492.0448,14.59992,0.0,-4.02336,0.0
125.0,39.95955054,-106.21874295,2492.6544000000004,15.0876,0.0,-4.202176,0.0
125.10000000000002,39.9595506,-106.21874287,2492.9592,15.51432,0.0,-4.202176,0.0
125.30000000000008,39.95955077,-106.21874268,2493.8736000000004,16.3068,0.0,-4.112768,0.0
125.40000000000008,39.95955083,-106.21874261,2494.4832,16.79448,0.0,-4.112768,0.0
125.60000000000002,39.95955092,-106.21874238,2495.0928000000004,17.58696,0.0,-4.02336,0.0
125.70000000000005,39.95955096,-106.21874223,2495.3976,18.01368,0.0,-4.02336,0.0
125.90000000000008,39.95955106,-106.21874195,2496.3120000000004,18.80616,0.0,-3.889248,0.0
126.0,39.95955111,-106.21874184,2496.6168,19.2024,0.0,-3.889248,0.0
126.10000000000002,39.95955115,-106.21874175,2497.2264,19.59864,0.0,-3.889248,0.0
126.20000000000005,39.95955117,-106.2187417,2497.5312,19.99488,0.0,-3.889248,0.0
126.30000000000008,39.9595512,-106.21874164,2497.836,20.391120000000004,0.0,-3.889248,0.0
126.40000000000008,39.95955124,-106.21874159,2498.4456,20.787360000000003,0.0,-3.889248,0.0
126.60000000000002,39.9595513,-106.2187415,2499.0552,21.61032,0.0,-3.889248,0.0
126.70000000000005,39.95955131,-106.21874144,2499.6648,22.00656,0.0,-3.889248,0.0
126.80000000000008,39.95955132,-106.2187414,2499.9696,22.402800000000003,0.0,-3.889248,0.0
126.90000000000008,39.95955134,-106.21874136,2500.2744,22.79904,0.0,-3.889248,0.0
127.0,39.95955136,-106.21874134,2500.884,23.19528,0.0,-3.889248,0.0
127.20000000000005,39.95955141,-106.21874135,2501.4936,23.98776,0.0,-3.79984,0.0
127.40000000000008,39.95955139,-106.21874134,2502.1032,24.59736,0.0,-2.995168,0.0
127.5,39.9595513,-106.21874146,2502.408,24.90216,0.0,-2.503424,225.0
127.60000000000002,39.95955108,-106.21874177,2502.7128,25.08504,0.0,-2.01168,225.0
127.70000000000005,39.95955062,-106.21874238,2502.7128,25.2984,0.491744,-1.519936,225.0
127.80000000000008,39.95955005,-106.21874313,2503.0176,25.38984,0.804672,-1.1176,225.0
127.90000000000008,39.95954929,-106.21874418,2503.0176,25.51176,0.938784,-0.581152,225.0
128.0,39.95954841,-106.21874541,2503.0176,25.51176,1.34112,-0.22352,225.0
128.10000000000002,39.95954732,-106.21874695,2503.0176,25.51176,1.654048,0.0,225.0
128.20000000000005,39.95954603,-106.21874871,2503.0176,25.51176,1.966976,0.089408,222.35745470593528
128.30000000000007,39.95954449,-106.21875081,2503.0176,25.51176,2.324608,0.089408,225.0
128.4000000000001,39.95954276,-106.21875311,2503.0176,25.51176,2.592832,0.0,223.69804732742116
128.5,39.95954084,-106.21875567,2503.0176,25.51176,2.90576,0.0,223.75463573323165
128.60000000000002,39.95953878,-106.21875839,2503.0176,25.51176,3.12928,0.0,223.8542371618249
128.80000000000007,39.95953439,-106.21876427,2503.0176,25.51176,3.442208,0.0,225.0
128.9000000000001,39.95953208,-106.21876741,2503.0176,25.6032,3.57632,-0.089408,224.0289780689208
129.0,39.95952964,-106.2187707,2503.0176,25.6032,3.79984,-0.089408,223.60281897270363
129.10000000000002,39.95952717,-106.21877406,2503.0176,25.6032,3.933952,-0.089408,224.1048262897889
129.20000000000005,39.95952458,-106.21877756,2503.0176,25.6032,4.068064,-0.089408,225.0
129.30000000000007,39.95952197,-106.21878112,2503.0176,25.6032,4.157472,0.0,225.0
129.4000000000001,39.95951921,-106.21878482,2503.3224,25.69464,4.291583999999999,-0.089408,225.0
129.5,39.95951645,-106.21878857,2503.3224,25.69464,4.425696,0.0,225.0
129.60000000000002,39.95951355,-106.2187925,2503.3224,25.69464,4.559807999999999,0.0,225.0
129.80000000000007,39.9595075,-106.2188007,2503.3224,25.69464,4.783328,0.0,225.0
129.9000000000001,39.95950438,-106.21880495,2503.3224,25.69464,4.91744,0.0,225.0
130.0,39.95950112,-106.21880936,2503.3224,25.69464,5.096256,0.0,225.0
130.10000000000002,39.95949781,-106.21881389,2503.3224,25.69464,5.275072000000001,0.0,225.0
130.20000000000005,39.95949436,-106.21881858,2503.3224,25.69464,5.453887999999999,0.0,225.0
130.30000000000007,39.95949086,-106.21882336,2503.3224,25.69464,5.588,0.0,225.0
130.4000000000001,39.95948724,-106.21882829,2503.3224,25.69464,5.722112,0.0,225.6160599083992
130.5,39.95948356,-106.21883331,2503.3224,25.69464,5.900928,0.0,225.6030911943805
130.60000000000002,39.95947976,-106.21883848,2503.3224,25.69464,5.990336,0.0,225.59065721464668
130.70000000000005,39.95947591,-106.21884378,2503.3224,25.69464,6.169152,0.0,225.8636900445996
130.80000000000007,39.95947195,-106.21884921,2503.3224,25.69464,6.347968,0.0,225.56170533256656
130.9000000000001,39.95946794,-106.21885472,2503.3224,25.69464,6.437376,0.0,225.55090397921856
131.0,39.95946383,-106.21886035,2503.0176,25.6032,6.526784,0.0,225.54051018713065
131.10000000000002,39.95945967,-106.21886608,2503.0176,25.6032,6.660896,0.089408,225.7920570921624
131.30000000000007,39.95945109,-106.21887788,2503.0176,25.6032,6.8397120000000005,0.0,226.02303018866783
131.4000000000001,39.95944669,-106.21888394,2503.0176,25.6032,6.973824,0.0,226.00508600525416
131.60000000000002,39.95943766,-106.21889639,2503.0176,25.6032,7.242048,0.0,226.20859243202685
131.70000000000005,39.95943305,-106.21890274,2503.0176,25.6032,7.37616,0.0,226.6776394661535
131.9000000000001,39.95942359,-106.21891574,2503.0176,25.6032,7.59968,0.0,225.93155659807744
132.0,39.95941875,-106.21892242,2503.0176,25.6032,7.689088,0.0,226.61030060249897
132.10000000000002,39.95941385,-106.21892916,2503.0176,25.6032,7.867904,0.0,226.5848543930505
132.20000000000005,39.95940887,-106.21893602,2503.0176,25.6032,8.002016,0.0,226.56019968692868
132.30000000000007,39.95940385,-106.21894294,2503.0176,25.6032,8.091424,0.0,225.8814039965821
132.4000000000001,39.95939876,-106.21894998,2503.0176,25.6032,8.180832,0.0,226.3118877825041
132.60000000000002,39.9593885,-106.21896424,2503.0176,25.6032,8.314944,0.0,226.50179252235927
132.70000000000005,39.95938334,-106.21897149,2503.0176,25.6032,8.359648,0.0,226.9162443724964
132.80000000000007,39.95937813,-106.21897885,2503.0176,25.6032,8.49376,0.0,227.3243829709481
132.9000000000001,39.95937291,-106.21898624,2503.0176,25.6032,8.538464000000001,0.0,227.2906100426385
133.0,39.95936764,-106.21899374,2503.0176,25.51176,8.627872,0.0,227.2906100426385
133.10000000000002,39.95936239,-106.21900132,2503.0176,25.51176,8.71728,0.0,227.68700000212405
133.20000000000005,39.95935711,-106.21900899,2503.0176,25.51176,8.71728,0.0,227.68700000212405
133.4000000000001,39.95934653,-106.21902449,2503.0176,25.51176,8.806688,0.0,227.84213788365565
133.5,39.95934123,-106.2190323,2503.0176,25.51176,8.851392,0.0,228.22452260651988
133.60000000000002,39.95933588,-106.21904016,2503.0176,25.51176,8.9408,0.0,228.22452260651988
133.70000000000005,39.95933052,-106.21904807,2503.0176,25.51176,8.985504,0.0,228.22452260651988
133.80000000000007,39.9593251,-106.21905602,2503.0176,25.51176,9.030208,0.0,227.9711632619506
133.9000000000001,39.95931967,-106.21906398,2503.0176,25.51176,9.074912,0.0,227.9711632619506
134.0,39.95931419,-106.219072,2503.0176,25.51176,9.119616,0.0,227.9711632619506
134.10000000000002,39.95930873,-106.21908003,2503.0176,25.51176,9.119616,0.0,228.34337614432712
134.20000000000005,39.95930326,-106.21908811,2503.0176,25.51176,9.16432,0.0,228.34337614432712
134.4000000000001,39.95929224,-106.21910431,2503.0176,25.51176,9.209024,0.0,227.9306725055669
134.60000000000002,39.95928121,-106.21912057,2503.0176,25.51176,9.253728,0.0,227.9306725055669
134.70000000000005,39.95927577,-106.2191286,2503.0176,25.51176,9.209024,0.0,228.34337614432712
134.80000000000007,39.95927034,-106.21913665,2503.0176,25.51176,9.16432,0.0,228.89167629408075
134.9000000000001,39.95926491,-106.21914469,2503.0176,25.51176,9.16432,0.0,228.89167629408075
135.0,39.95925945,-106.2191528,2503.0176,25.51176,9.16432,0.0,228.89167629408075
135.20000000000005,39.9592484,-106.21916927,2503.0176,25.51176,9.298432,-0.715264,228.34337614432712
135.30000000000007,39.95924291,-106.21917746,2503.0176,25.6032,9.298432,-1.207008,228.97249594075063
135.4000000000001,39.95923748,-106.2191856,2503.3224,25.78608,9.253728,-1.6987519999999998,228.97249594075063
135.60000000000002,39.95922661,-106.21920178,2503.932,26.30424,9.16432,-2.68224,228.60127811722344
135.70000000000005,39.95922114,-106.21920985,2504.2368,26.70048,9.209024,-3.218688,228.60127811722344
135.80000000000007,39.95921565,-106.21921791,2504.5416,27.00528,9.16432,-3.621024,227.9711632619506
135.9000000000001,39.95921012,-106.21922591,2504.8464,27.40152,9.209024,-3.889248,227.9711632619506
136.0,39.9592046,-106.21923389,2505.456,27.8892,9.16432,-4.202176,227.9711632619506
136.10000000000002,39.95919908,-106.21924184,2505.7608,28.28544,9.16432,-4.202176,227.9711632619506
136.20000000000005,39.95919358,-106.21924979,2506.3704,28.71216,9.16432,-4.112768,228.60127811722344
136.30000000000007,39.95918811,-106.21925771,2506.6752,29.108400000000003,9.119616,-4.112768,228.60127811722344
136.4000000000001,39.95918267,-106.21926562,2506.98,29.50464,9.074912,-4.112768,228.60127811722344
136.5,39.95917719,-106.21927364,2507.5896,29.90088,9.119616,-4.02336,228.65222278030632
136.60000000000002,39.95917173,-106.21928164,2507.8944,30.297120000000003,9.16432,-3.889248,228.65222278030632
136.70000000000005,39.95916641,-106.21928949,2508.1992,30.69336,9.030208,-3.79984,228.65222278030632
136.80000000000007,39.95916116,-106.21929725,2508.504,31.0896,8.896096,-3.79984,229.08561677997488
136.9000000000001,39.95915599,-106.21930493,2508.8088,31.3944,8.761984,-3.710432,228.7046274420771
137.0,39.95915082,-106.21931258,2509.4184,31.79064,8.71728,-3.710432,229.14462374110428
137.10000000000002,39.95914567,-106.21932014,2509.7232,32.18688,8.627872,-3.710432,228.56326806290616
137.30000000000007,39.95913535,-106.21933517,2510.6376,33.009840000000004,8.627872,-3.79984,228.16812037559376
137.4000000000001,39.95913017,-106.21934267,2510.9424,33.40608,8.627872,-3.79984,228.16812037559376
137.5,39.95912496,-106.21935014,2511.2472,33.80232,8.583167999999999,-3.889248,228.16812037559376
137.60000000000002,39.95911975,-106.21935759,2511.8568,34.19856,8.583167999999999,-3.889248,228.16812037559376
137.80000000000007,39.95910912,-106.21937277,2512.7712,35.11296,8.71728,-3.889248,227.76678840116952
137.9000000000001,39.95910419,-106.21937976,2513.076,35.38728,8.538464000000001,-3.889248,227.76678840116952
138.0,39.959099,-106.21938709,2513.3808,35.90544,8.314944,-3.889248,227.35916613258163
138.10000000000002,39.95909383,-106.21939438,2513.9904,36.30168,8.49376,-3.889248,227.35916613258163
138.30000000000007,39.95908356,-106.21940896,2514.6,37.09416,8.449055999999999,-3.79984,228.0355691250556
138.4000000000001,39.95907847,-106.21941628,2514.9048000000003,37.4904,8.449055999999999,-3.79984,228.0355691250556
138.5,39.95907339,-106.21942361,2515.5144,37.88664,8.404352,-3.889248,228.0355691250556
138.60000000000002,39.95906828,-106.21943091,2515.8192,38.31336,8.404352,-4.02336,228.0355691250556
138.70000000000005,39.95906326,-106.2194381,2516.1240000000003,38.7096,8.359648,-4.202176,227.48955292199915
138.80000000000007,39.95905851,-106.21944486,2516.7336,39.10584000000001,8.04672,-4.291583999999999,227.17474411461004
138.9000000000001,39.95905417,-106.2194511,2517.0384,39.593520000000005,7.465567999999999,-4.291583999999999,227.3532968661083
139.0,39.95905009,-106.21945691,2517.648,39.98976,6.92912,-4.202176,227.51381023617773
139.10000000000002,39.95904633,-106.21946215,2517.9528,40.386,6.437376,-4.02336,227.6698897620076
139.20000000000005,39.95904278,-106.21946703,2518.2576,40.812720000000006,5.900928,-3.889248,226.60002471514773
139.4000000000001,39.95903647,-106.21947564,2519.172,41.6052,5.319776,-3.79984,225.76389846093
139.5,39.95903374,-106.21947928,2519.4768,42.00144,4.828032,-3.79984,225.8425242607404
139.60000000000002,39.95903123,-106.21948256,2520.0864,42.39768,4.202176,-3.889248,225.0
139.70000000000005,39.959029,-106.21948538,2520.3912,42.79392000000001,3.755136,-3.889248,225.0
139.80000000000007,39.95902699,-106.21948789,2520.696,43.19016,3.308096,-3.889248,225.0
139.9000000000001,39.95902523,-106.21949007,2521.0008000000003,43.586400000000005,2.90576,-3.889248,222.9299693469589
140.0,39.9590237,-106.21949196,2521.6104,44.01312,2.503424,-3.889248,223.36342295838327
140.10000000000002,39.95902239,-106.21949358,2521.9152,44.40936,2.2352,-3.889248,222.9545915111128
140.20000000000005,39.95902131,-106.21949489,2522.2200000000003,44.805600000000005,1.877568,-4.02336,225.0
140.30000000000007,39.95902044,-106.21949597,2522.8296,45.20184,1.519936,-4.02336,221.6335393365702
140.5,39.95901936,-106.21949729,2523.4392000000003,45.99432,1.028192,-4.02336,225.0
140.60000000000002,39.95901907,-106.21949763,2524.0488,46.39056,0.625856,-4.02336,225.0
140.70000000000005,39.9590188,-106.21949792,2524.3536,46.7868,0.67056,-4.02336,225.0
140.80000000000007,39.9590186,-106.21949812,2524.9632,47.30496,0.0,-4.02336,225.0
141.0,39.95901817,-106.21949869,2525.5728,48.097440000000006,0.44704,-4.112768,180.0
141.10000000000002,39.95901787,-106.21949911,2526.1824,48.49368,0.44704,-4.02336,0.0
141.30000000000007,39.95901736,-106.21949989,2526.792,49.28616,0.44704,-4.02336,270.0
141.4000000000001,39.95901718,-106.21950023,2527.0968000000003,49.71288,0.44704,-4.02336,0.0
141.5,39.95901693,-106.21950063,2527.7064,50.10912,0.67056,-4.02336,0.0
141.60000000000002,39.95901675,-106.2195009,2528.0112,50.50536,0.67056,-4.02336,0.0
141.70000000000005,39.95901658,-106.2195012,2528.3160000000003,50.9016,0.0,-3.889248,0.0
141.80000000000007,39.95901649,-106.2195014,2528.9256,51.38928,0.491744,-3.889248,0.0
141.9000000000001,39.95901639,-106.21950162,2529.2304,51.785520000000005,0.0,-3.889248,0.0
142.10000000000002,39.95901628,-106.21950188,2530.1448,52.48656,0.0,-3.889248,0.0
142.20000000000005,39.95901627,-106.21950191,2530.4496,53.004720000000006,0.0,-3.889248,0.0
142.30000000000007,39.95901626,-106.21950192,2531.0592,53.40096,0.0,-4.02336,90.0
142.5,39.95901633,-106.21950173,2531.6688,54.19344000000001,0.0,-4.02336,90.0
142.60000000000002,39.95901639,-106.21950158,2532.2784,54.58968,0.0,-4.02336,90.0
142.70000000000005,39.95901649,-106.21950139,2532.5832,54.98592000000001,0.0,-4.02336,90.0
142.9000000000001,39.95901668,-106.21950098,2533.1928000000003,55.80888,0.0,-3.889248,90.0
143.0,39.95901677,-106.21950076,2533.8024,56.20512000000001,0.44704,-3.889248,90.0
143.10000000000002,39.95901689,-106.21950057,2534.1072,56.60136,0.0,-3.889248,90.0
143.20000000000005,39.95901699,-106.21950039,2534.4120000000003,56.997600000000006,0.0,-3.889248,45.0
143.30000000000007,39.95901716,-106.21950019,2535.0216,57.39384,0.0,-3.889248,45.0
143.4000000000001,39.95901734,-106.2195,2535.3264,57.79008,0.0,-3.889248,45.0
143.5,39.95901756,-106.21949977,2535.6312000000003,58.18632,0.0,-3.889248,45.0
143.70000000000005,39.95901798,-106.21949944,2536.5456,59.00928,0.312928,-3.889248,0.0
143.80000000000007,39.9590182,-106.21949935,2536.8504000000003,59.40552,0.312928,-3.889248,0.0
143.9000000000001,39.95901839,-106.2194993,2537.46,59.80176,0.0,-3.889248,0.0
144.0,39.95901852,-106.21949929,2537.7648,60.198,0.491744,-3.889248,0.0
144.20000000000005,39.95901869,-106.2194993,2538.6792,61.1124,0.0,-3.889248,0.0
144.30000000000007,39.95901872,-106.21949929,2538.984,61.50864000000001,0.0,-4.02336,0.0
144.4000000000001,39.95901871,-106.21949927,2539.2888000000003,61.90488,0.67056,-4.02336,0.0
144.5,39.95901871,-106.21949921,2539.8984,62.30112,0.0,-4.02336,0.0
144.60000000000002,39.95901872,-106.21949915,2540.2032,62.69736,0.0,-4.02336,0.0
144.80000000000007,39.95901884,-106.21949904,2541.1176,63.48984000000001,0.0,-3.889248,0.0
144.9000000000001,39.9590189,-106.21949902,2541.4224,63.88608,0.0,-4.02336,0.0
145.0,39.95901893,-106.219499,2541.7272000000003,64.31280000000001,0.0,-4.02336,0.0
145.10000000000002,39.95901894,-106.21949895,2542.3368,64.70904,0.0,-3.889248,0.0
145.20000000000005,39.95901892,-106.21949888,2542.6416,65.10528000000001,0.0,-3.889248,0.0
145.30000000000007,39.95901893,-106.2194988,2542.9464000000003,65.50152,0.0,-3.889248,0.0
145.4000000000001,39.95901896,-106.21949874,2543.556,65.89776,0.0,-4.02336,0.0
145.60000000000002,39.95901906,-106.21949863,2544.1656000000003,66.69024,0.0,-4.02336,0.0
145.70000000000005,39.95901912,-106.21949859,2544.7752,67.08648,0.0,-4.02336,0.0
145.80000000000007,39.95901915,-106.21949857,2545.08,67.5132,0.0,-3.889248,0.0
145.9000000000001,39.95901919,-106.21949857,2545.3848000000003,67.90944,0.0,-4.02336,0.0
146.10000000000002,39.95901924,-106.21949858,2546.2992,68.70192,0.44704,-4.02336,0.0
146.20000000000005,39.95901926,-106.21949856,2546.6040000000003,69.1896,0.0,-4.02336,0.0
146.30000000000007,39.95901927,-106.21949852,2547.2136,69.58584,0.0,-3.889248,0.0
146.4000000000001,39.95901925,-106.2194985,2547.5184,70.01256,0.491744,-4.02336,0.0
146.5,39.95901921,-106.21949845,2547.8232000000003,70.4088,0.0,-4.02336,0.0
146.60000000000002,39.95901915,-106.21949843,2548.4328,70.80504,0.491744,-3.889248,180.0
146.70000000000005,39.95901912,-106.21949839,2548.7376,71.20128,0.0,-3.889248,180.0
146.80000000000007,39.95901907,-106.21949836,2549.0424000000003,71.50608,0.0,-3.889248,180.0
146.9000000000001,39.95901903,-106.21949836,2549.652,71.99376,0.0,-3.889248,180.0
147.10000000000002,39.95901895,-106.21949842,2550.2616000000003,72.78624,0.0,-4.02336,0.0
147.20000000000005,39.95901891,-106.21949847,2550.8712,73.21296,0.0,-3.889248,0.0
147.30000000000007,39.95901886,-106.21949849,2551.176,73.6092,0.0,-3.889248,180.0
147.4000000000001,39.95901877,-106.21949852,2551.4808000000003,74.00544000000001,0.0,-3.889248,180.0
147.5,39.95901868,-106.21949852,2552.0904,74.40168,0.0,-4.02336,180.0
147.60000000000002,39.9590186,-106.21949853,2552.3952,74.79792,0.0,-4.02336,180.0
147.70000000000005,39.95901853,-106.21949855,2552.7000000000003,75.19416,0.0,-3.889248,0.0
147.80000000000007,39.95901846,-106.21949859,2553.0048,75.5904,0.0,-3.889248,0.0
147.9000000000001,39.95901843,-106.21949864,2553.6144,75.98664000000001,0.0,-3.889248,0.0
148.0,39.95901841,-106.21949871,2553.9192000000003,76.41336,0.0,-3.79984,0.0
148.10000000000002,39.95901842,-106.21949881,2554.224,76.8096,0.0,-3.889248,270.0
148.20000000000005,39.95901839,-106.21949892,2554.8336,77.20584000000001,0.0,-3.889248,225.0
148.30000000000007,39.95901834,-106.21949904,2555.1384000000003,77.51064000000001,0.0,-3.889248,225.0
148.4000000000001,39.95901824,-106.21949921,2555.4432,77.99832,0.0,-3.889248,225.0
148.60000000000002,39.95901802,-106.21949956,2556.3576000000003,78.7908,0.0,-4.02336,225.0
148.80000000000007,39.95901787,-106.2194999,2557.272,79.61376,0.357632,-3.889248,225.0
148.9000000000001,39.95901782,-106.21950005,2557.5768000000003,80.01,0.0,-3.889248,270.0
149.0,39.95901778,-106.21950019,2557.8816,80.40624000000001,0.0,-3.889248,270.0
149.10000000000002,39.95901777,-106.21950028,2558.4912,80.80248000000002,0.0,-3.889248,0.0
149.20000000000005,39.95901776,-106.21950038,2558.7960000000003,81.19872,0.0,-3.889248,0.0
149.30000000000007,39.95901779,-106.21950043,2559.1008,81.59496,0.0,-3.889248,0.0
149.5,39.95901787,-106.21950051,2560.0152000000003,82.38744000000001,0.312928,-4.02336,0.0
149.60000000000002,39.9590179,-106.21950054,2560.32,82.81416,0.0,-4.02336,0.0
149.70000000000005,39.95901792,-106.21950055,2560.6248,83.2104,0.0,-3.889248,0.0
149.80000000000007,39.95901793,-106.21950059,2561.2344000000003,83.60664000000001,0.0,-3.889248,0.0
149.9000000000001,39.95901795,-106.21950065,2561.5392,84.00288,0.0,-3.889248,0.0
150.0,39.95901795,-106.21950073,2561.844,84.39912,0.0,-3.889248,0.0
150.10000000000002,39.95901795,-106.21950078,2562.4536000000003,84.79536,0.0,-3.889248,0.0
150.20000000000005,39.95901793,-106.21950083,2562.7584,85.19160000000001,0.0,-3.889248,0.0
150.30000000000007,39.9590179,-106.21950088,2563.0632,85.58784000000001,0.0,-3.889248,0.0
150.4000000000001,39.95901787,-106.21950093,2563.6728000000003,86.01456,0.0,-4.02336,0.0
150.5,39.95901788,-106.21950096,2563.9776,86.41080000000001,0.0,-4.02336,0.0
150.70000000000005,39.95901788,-106.21950095,2564.5872,87.20328,0.0,-4.02336,0.0
150.80000000000007,39.95901783,-106.21950092,2565.1968,87.59952,0.0,-4.02336,0.0
150.9000000000001,39.95901781,-106.21950089,2565.5016,88.08720000000001,0.0,-4.02336,0.0
151.0,39.9590178,-106.21950089,2566.1112000000003,88.51392,0.0,-4.02336,0.0
151.10000000000002,39.95901779,-106.21950088,2566.416,88.91016,0.0,-4.02336,0.0
151.20000000000005,39.95901778,-106.21950088,2566.7208,89.30640000000001,0.0,-4.02336,0.0
151.4000000000001,39.95901788,-106.21950083,2567.6352,90.09888,0.0,-4.02336,0.0
151.60000000000002,39.95901801,-106.21950077,2568.5496000000003,90.89136,0.0,-3.889248,0.0
151.70000000000005,39.95901807,-106.21950074,2568.8544,91.2876,0.0,-3.889248,0.0
151.80000000000007,39.9590181,-106.2195007,2569.1592,91.71432,0.0,-3.889248,0.0
151.9000000000001,39.95901811,-106.21950065,2569.7688000000003,92.11056,0.0,-3.889248,0.0
152.10000000000002,39.9590181,-106.21950059,2570.3784,92.90304,0.0,-4.02336,0.0
152.30000000000007,39.95901804,-106.21950059,2571.2928,93.69552,0.0,-4.02336,0.0
152.4000000000001,39.95901799,-106.21950061,2571.5976,94.09176,0.0,-4.02336,0.0
152.60000000000002,39.95901786,-106.21950061,2572.512,94.91472,0.0,-4.02336,0.0
152.70000000000005,39.95901782,-106.21950062,2572.8168,95.31096,0.0,-3.889248,0.0
152.80000000000007,39.95901779,-106.21950066,2573.1216,95.7072,0.0,-3.889248,0.0
152.9000000000001,39.95901779,-106.21950071,2573.7312,96.10344,0.491744,-4.02336,0.0
153.0,39.95901779,-106.21950075,2574.036,96.49968,0.0,-3.889248,0.0
153.10000000000002,39.9590178,-106.21950078,2574.3408,96.89592,0.0,-4.02336,0.0
153.20000000000005,39.9590178,-106.2195008,2574.9504,97.29216,0.0,-4.02336,0.0
153.30000000000007,39.95901783,-106.21950079,2575.2552,97.6884,0.0,-4.02336,0.0
153.4000000000001,39.95901785,-106.2195008,2575.8648000000003,98.20656,0.0,-4.02336,0.0
153.5,39.95901789,-106.21950082,2576.1696,98.6028,0.0,-4.02336,0.0
153.60000000000002,39.95901792,-106.21950082,2576.4744,98.99904,0.0,-4.02336,0.0
153.70000000000005,39.95901797,-106.21950084,2577.0840000000003,99.39528,0.0,-4.02336,0.0
153.80000000000007,39.95901802,-106.21950088,2577.3888,99.79152,0.0,-4.02336,0.0
153.9000000000001,39.95901808,-106.21950095,2577.6936,100.18776,0.0,-4.02336,0.0
154.0,39.95901814,-106.21950102,2577.9984,100.61448,0.0,-4.02336,0.0
154.10000000000002,39.9590182,-106.21950108,2578.608,101.01072,0.0,-4.02336,0.0
154.20000000000005,39.95901823,-106.21950112,2578.9128,101.40696,0.0,-4.02336,0.0
154.30000000000007,39.95901829,-106.21950109,2579.2176,101.8032,0.0,-3.889248,0.0
154.4000000000001,39.95901832,-106.21950106,2579.8272,102.19944,0.0,-3.889248,0.0
154.5,39.95901832,-106.21950102,2580.132,102.59568000000002,0.0,-3.889248,0.0
154.60000000000002,39.95901829,-106.21950102,2580.4368,102.99192,0.0,-3.889248,0.0
154.80000000000007,39.95901823,-106.21950105,2581.3512,103.81488000000002,0.0,-3.889248,0.0
154.9000000000001,39.95901823,-106.21950108,2581.656,104.21112,0.0,-3.889248,0.0
155.0,39.95901822,-106.21950112,2582.2656,104.60736,0.0,-3.889248,0.0
155.10000000000002,39.95901823,-106.21950115,2582.5704,105.0036,0.0,-3.889248,0.0
155.20000000000005,39.95901824,-106.21950119,2582.8752,105.39984,0.0,-3.889248,0.0
155.30000000000007,39.95901826,-106.21950123,2583.1800000000003,105.70464,0.0,-3.889248,0.0
155.4000000000001,39.95901827,-106.21950126,2583.7896,106.19232,0.0,-4.02336,0.0
155.5,39.95901826,-106.21950128,2584.0944,106.58856,0.0,-3.889248,0.0
155.60000000000002,39.95901823,-106.21950133,2584.3992000000003,106.9848,0.0,-3.889248,0.0
155.80000000000007,39.95901815,-106.21950146,2585.3136,107.68584,0.0,-3.397504,0.0
155.9000000000001,39.9590181,-106.21950155,2585.6184000000003,107.99064,0.0,-3.084576,0.0
156.0,39.95901806,-106.21950164,2585.9232,108.29544,0.0,-2.592832,0.0
156.10000000000002,39.95901805,-106.2195017,2585.9232,108.5088,0.0,-2.101088,0.0
156.20000000000005,39.95901805,-106.21950175,2586.228,108.69168000000002,0.0,-1.609344,0.0
156.30000000000007,39.95901809,-106.21950177,2586.228,108.8136,0.0,-1.207008,0.0
156.4000000000001,39.95901812,-106.21950179,2586.5328,108.90504,0.0,-0.715264,0.0
156.5,39.95901817,-106.21950175,2586.5328,108.90504,0.0,-0.312928,0.0
156.60000000000002,39.9590182,-106.21950173,2586.5328,108.90504,0.0,0.0,0.0
156.70000000000005,39.95901822,-106.21950169,2586.5328,108.90504,0.0,0.0,0.0
156.80000000000007,39.95901822,-106.2195017,2586.5328,108.90504,0.0,0.089408,0.0
156.9000000000001,39.95901821,-106.21950169,2586.5328,108.90504,0.0,0.089408,0.0
157.0,39.95901819,-106.21950172,2586.5328,108.90504,0.0,0.089408,0.0
157.10000000000002,39.95901817,-106.21950178,2586.5328,108.90504,0.0,0.0,0.0
157.20000000000005,39.95901813,-106.21950189,2586.5328,108.90504,0.0,0.0,0.0
157.30000000000007,39.95901807,-106.21950202,2586.5328,108.90504,0.0,-0.089408,0.0
157.4000000000001,39.959018,-106.21950216,2586.5328,108.90504,0.0,-0.089408,180.0
157.60000000000002,39.95901792,-106.21950255,2586.5328,108.99648,0.0,-0.089408,270.0
157.70000000000005,39.95901793,-106.21950281,2586.5328,108.99648,0.312928,-0.089408,270.0
157.80000000000007,39.95901798,-106.21950313,2586.5328,108.99648,0.0,-0.089408,270.0
157.9000000000001,39.95901815,-106.21950355,2586.5328,108.99648,0.491744,0.0,285.94539590092285
158.0,39.95901842,-106.21950411,2586.5328,108.99648,0.938784,0.0,299.05460409907715
158.10000000000002,39.95901884,-106.21950478,2586.5328,108.99648,0.67056,0.0,304.695153531234
158.30000000000007,39.95902039,-106.219507,2586.5328,108.99648,1.1176,0.0,311.3477772196937
158.5,39.95902311,-106.2195106,2586.5328,108.99648,1.6987519999999998,0.0,313.45184230102205
158.60000000000002,39.95902487,-106.21951285,2586.5328,109.08792,2.369312,0.0,315.0
158.70000000000005,39.95902692,-106.21951539,2586.5328,109.08792,2.90576,0.0,315.0
158.80000000000007,39.95902908,-106.21951808,2586.5328,109.08792,3.218688,-0.089408,316.1457628381751
158.9000000000001,39.9590314,-106.21952087,2586.5328,109.08792,3.442208,-0.089408,316.6365770416167
159.0,39.95903367,-106.21952361,2586.5328,109.08792,3.486912,-0.089408,316.1457628381751
159.10000000000002,39.95903575,-106.21952602,2586.5328,109.08792,3.308096,0.0,317.54480437981306
159.20000000000005,39.95903762,-106.21952813,2586.5328,109.08792,2.90576,0.0,320.0636168530301
159.30000000000007,39.95903922,-106.21952971,2586.5328,109.08792,2.503424,0.0,320.7927964950322
159.5,39.9590416,-106.2195318,2586.5328,109.08792,1.78816,0.089408,324.24611274556327
159.60000000000002,39.95904239,-106.21953243,2586.5328,109.08792,1.34112,0.089408,326.97613244420336
159.70000000000005,39.95904279,-106.21953266,2586.5328,109.08792,0.67056,0.089408,325.304846468766
159.80000000000007,39.95904304,-106.21953283,2586.5328,109.08792,0.491744,0.089408,315.0
159.9000000000001,39.95904299,-106.21953273,2586.5328,108.99648,0.0,0.0,315.0
160.0,39.95904292,-106.21953267,2586.5328,108.99648,0.0,0.0,270.0
160.10000000000002,39.95904276,-106.21953253,2586.5328,108.99648,0.0,0.0,0.0
160.20000000000005,39.95904263,-106.21953241,2586.5328,108.99648,0.0,0.0,0.0
160.30000000000007,39.95904253,-106.21953236,2586.5328,108.99648,0.0,0.0,0.0
160.5,39.95904248,-106.21953242,2586.5328,108.99648,0.0,0.0,0.0
160.60000000000002,39.95904248,-106.2195325,2586.5328,108.99648,0.0,0.0,0.0
160.70000000000005,39.95904257,-106.21953269,2586.5328,108.99648,0.0,0.0,0.0
160.80000000000007,39.95904261,-106.21953285,2586.5328,108.99648,0.0,0.0,0.0
160.9000000000001,39.95904271,-106.21953308,2586.5328,108.90504,0.0,0.0,0.0
161.0,39.95904276,-106.21953326,2586.5328,108.90504,0.0,0.0,0.0
161.10000000000002,39.95904289,-106.21953349,2586.5328,108.90504,0.0,0.0,0.0
161.30000000000007,39.9590431,-106.21953384,2586.5328,108.90504,0.0,0.0,0.0
161.4000000000001,39.95904317,-106.21953396,2586.5328,108.90504,0.312928,0.0,0.0
161.5,39.95904328,-106.21953408,2586.5328,108.90504,0.0,0.0,0.0
161.60000000000002,39.95904334,-106.21953413,2586.5328,108.90504,0.0,0.0,0.0
161.70000000000005,39.95904346,-106.21953421,2586.5328,108.90504,0.0,0.0,0.0
161.80000000000007,39.95904354,-106.21953426,2586.5328,108.90504,0.0,0.0,0.0
161.9000000000001,39.95904365,-106.2195343,2586.5328,108.90504,0.0,0.0,0.0
162.0,39.95904373,-106.21953431,2586.5328,108.90504,0.0,0.0,0.0
162.20000000000005,39.95904387,-106.2195343,2586.5328,108.90504,0.0,0.0,0.0
162.30000000000007,39.95904393,-106.21953429,2586.5328,108.90504,0.0,0.0,0.0
162.4000000000001,39.95904397,-106.21953428,2586.5328,108.90504,0.0,0.0,0.0
162.60000000000002,39.95904404,-106.21953416,2586.5328,108.90504,0.0,0.0,0.0
162.70000000000005,39.95904405,-106.21953404,2586.5328,108.90504,0.0,0.0,0.0
162.80000000000007,39.95904404,-106.21953392,2586.5328,108.90504,0.0,0.0,0.0
162.9000000000001,39.95904404,-106.21953375,2586.5328,108.90504,0.0,0.0,0.0
163.0,39.95904403,-106.2195336,2586.5328,108.90504,0.0,0.0,0.0
163.10000000000002,39.95904407,-106.21953343,2586.5328,108.90504,0.0,0.0,0.0
163.20000000000005,39.95904411,-106.21953328,2586.5328,108.90504,0.0,0.0,0.0
163.30000000000007,39.95904416,-106.21953314,2586.5328,108.99648,0.0,-0.089408,0.0
163.4000000000001,39.95904418,-106.21953301,2586.5328,108.99648,0.0,0.0,0.0
163.5,39.95904423,-106.21953284,2586.5328,108.99648,0.0,0.0,90.0
163.60000000000002,39.95904427,-106.21953261,2586.5328,108.99648,0.0,0.0,90.0
163.80000000000007,39.95904433,-106.21953211,2586.5328,108.99648,0.0,0.0,90.0
163.9000000000001,39.95904433,-106.21953187,2586.5328,108.99648,0.312928,0.0,90.0
164.0,39.95904432,-106.21953166,2586.5328,108.99648,0.0,0.0,90.0
164.10000000000002,39.9590443,-106.21953149,2586.5328,108.99648,0.0,0.0,90.0
164.20000000000005,39.95904427,-106.21953135,2586.5328,108.99648,0.0,0.0,0.0
164.30000000000007,39.95904426,-106.21953122,2586.5328,108.99648,0.0,0.0,0.0
164.4000000000001,39.95904424,-106.21953111,2586.5328,108.99648,0.0,0.0,0.0
164.5,39.9590442,-106.21953103,2586.5328,108.99648,0.0,0.0,0.0
164.60000000000002,39.95904412,-106.21953093,2586.5328,108.90504,0.0,0.0,0.0
164.70000000000005,39.95904404,-106.21953082,2586.5328,108.90504,0.0,0.0,180.0
164.80000000000007,39.95904394,-106.21953071,2586.5328,108.90504,0.0,0.0,180.0
164.9000000000001,39.95904383,-106.21953058,2586.5328,108.90504,0.0,0.0,180.0
165.0,39.95904371,-106.21953045,2586.5328,108.90504,0.491744,0.0,180.0
165.20000000000005,39.95904347,-106.21953022,2586.5328,108.90504,0.312928,0.089408,180.0
165.4000000000001,39.95904327,-106.21953002,2586.5328,108.90504,0.0,0.0,0.0
165.5,39.95904322,-106.2195299,2586.5328,108.90504,0.44704,0.0,0.0
165.60000000000002,39.95904319,-106.21952981,2586.5328,108.90504,0.0,0.0,0.0
165.70000000000005,39.95904318,-106.21952974,2586.5328,108.90504,0.491744,0.0,0.0
165.80000000000007,39.95904314,-106.21952969,2586.5328,108.90504,0.0,0.0,0.0
165.9000000000001,39.95904314,-106.21952967,2586.5328,108.90504,0.0,0.0,0.0
166.0,39.95904312,-106.21952967,2586.5328,108.90504,0.0,0.0,0.0
166.10000000000002,39.95904312,-106.21952971,2586.228,108.8136,0.0,0.0,0.0
166.20000000000005,39.95904311,-106.21952974,2586.228,108.8136,0.0,0.0,0.0
166.30000000000007,39.95904314,-106.21952979,2586.228,108.8136,0.0,0.0,0.0
166.5,39.95904324,-106.21952987,2586.228,108.8136,0.312928,0.0,0.0
166.60000000000002,39.95904329,-106.21952989,2586.228,108.8136,0.0,0.0,0.0
166.70000000000005,39.95904332,-106.21952991,2586.228,108.8136,0.0,0.0,0.0
166.80000000000007,39.95904332,-106.2195299,2586.228,108.8136,0.0,0.0,0.0
166.9000000000001,39.95904331,-106.21952988,2586.228,108.8136,0.0,0.0,0.0
167.0,39.95904327,-106.21952986,2586.228,108.8136,0.0,0.0,0.0
167.10000000000002,39.95904321,-106.21952987,2586.228,108.8136,0.0,0.0,0.0
167.20000000000005,39.95904314,-106.21952989,2586.228,108.8136,0.0,0.0,0.0
167.30000000000007,39.95904304,-106.21952991,2586.228,108.8136,0.0,0.0,0.0
167.4000000000001,39.95904296,-106.21952994,2586.228,108.8136,0.0,0.0,0.0
167.60000000000002,39.95904277,-106.21952993,2586.228,108.8136,0.0,0.0,0.0
167.70000000000005,39.95904267,-106.21952994,2586.228,108.8136,0.0,0.0,0.0
167.80000000000007,39.95904255,-106.21952995,2586.228,108.8136,0.0,0.0,0.0
167.9000000000001,39.95904241,-106.21952994,2586.228,108.8136,0.0,0.0,0.0
168.0,39.9590423,-106.21952989,2586.228,108.8136,0.0,0.0,0.0
168.20000000000005,39.95904209,-106.21952989,2586.228,108.69168000000002,0.0,0.0,0.0
168.30000000000007,39.95904199,-106.21952993,2586.228,108.69168000000002,0.0,0.0,0.0
168.4000000000001,39.95904191,-106.21952999,2586.228,108.69168000000002,0.0,0.0,0.0
168.5,39.95904184,-106.2195301,2586.228,108.69168000000002,0.0,0.0,0.0
168.60000000000002,39.95904177,-106.21953019,2586.228,108.69168000000002,0.0,0.0,0.0
168.80000000000007,39.95904167,-106.21953046,2586.228,108.69168000000002,0.0,0.0,0.0
168.9000000000001,39.95904159,-106.2195306,2586.228,108.69168000000002,0.0,0.0,0.0
169.10000000000002,39.95904143,-106.21953085,2586.228,108.69168000000002,0.0,0.0,270.0
169.20000000000005,39.95904135,-106.21953097,2586.228,108.69168000000002,0.0,0.0,270.0
169.30000000000007,39.95904129,-106.21953111,2586.228,108.69168000000002,0.0,0.0,270.0
169.4000000000001,39.95904127,-106.21953122,2586.228,108.69168000000002,0.0,0.0,270.0
169.5,39.95904127,-106.21953134,2586.228,108.69168000000002,0.491744,0.0,0.0
169.60000000000002,39.95904129,-106.21953143,2586.228,108.69168000000002,0.491744,-0.089408,0.0
169.70000000000005,39.9590413,-106.21953152,2586.228,108.69168000000002,0.0,-0.089408,0.0
169.9000000000001,39.95904126,-106.2195317,2586.228,108.69168000000002,0.0,0.0,0.0
170.0,39.95904118,-106.21953178,2586.228,108.69168000000002,0.312928,0.0,0.0
170.10000000000002,39.95904108,-106.21953188,2586.228,108.69168000000002,0.0,0.0,0.0
170.20000000000005,39.959041,-106.21953193,2586.228,108.69168000000002,0.0,0.0,0.0
170.30000000000007,39.95904089,-106.21953198,2586.228,108.69168000000002,0.0,0.0,0.0
170.4000000000001,39.95904079,-106.21953199,2586.228,108.69168000000002,0.0,0.0,0.0
170.5,39.95904069,-106.21953202,2586.228,108.69168000000002,0.0,0.0,0.0
170.60000000000002,39.95904061,-106.21953204,2586.228,108.69168000000002,0.0,-0.089408,0.0
170.70000000000005,39.95904054,-106.21953207,2586.228,108.69168000000002,0.491744,-0.089408,0.0
170.80000000000007,39.95904049,-106.21953207,2586.228,108.69168000000002,0.0,0.0,0.0
171.0,39.95904039,-106.21953212,2586.228,108.69168000000002,0.0,0.0,0.0
171.20000000000005,39.95904029,-106.21953218,2586.228,108.69168000000002,0.0,0.0,0.0
171.30000000000007,39.95904022,-106.21953221,2586.228,108.69168000000002,0.0,-0.089408,0.0
171.4000000000001,39.95904016,-106.21953222,2586.228,108.69168000000002,0.0,0.0,0.0
171.5,39.95904005,-106.21953225,2586.228,108.69168000000002,0.491744,0.0,0.0
171.60000000000002,39.95903995,-106.21953227,2586.228,108.69168000000002,0.0,0.0,0.0
171.70000000000005,39.9590398,-106.21953234,2586.228,108.69168000000002,0.0,0.0,0.0
171.80000000000007,39.95903968,-106.21953241,2586.228,108.69168000000002,0.0,0.0,0.0
171.9000000000001,39.95903954,-106.21953249,2586.228,108.69168000000002,0.0,0.0,0.0
172.0,39.95903944,-106.21953253,2586.228,108.60024,0.0,0.0,0.0
172.10000000000002,39.95903934,-106.21953258,2586.228,108.60024,0.0,0.0,0.0
172.20000000000005,39.95903928,-106.2195326,2586.228,108.69168000000002,0.0,-0.089408,0.0
172.30000000000007,39.95903923,-106.2195326,2586.228,108.69168000000002,0.0,-0.089408,0.0
172.4000000000001,39.9590392,-106.21953258,2586.228,108.69168000000002,0.0,0.0,0.0
172.5,39.95903915,-106.21953255,2586.228,108.69168000000002,0.0,0.0,0.0
172.60000000000002,39.95903909,-106.21953251,2586.228,108.69168000000002,0.0,0.0,0.0
172.70000000000005,39.95903903,-106.21953248,2586.228,108.69168000000002,0.0,-0.089408,0.0
172.80000000000007,39.95903898,-106.21953245,2586.228,108.69168000000002,0.67056,-0.089408,0.0
172.9000000000001,39.95903896,-106.21953246,2586.228,108.69168000000002,0.491744,0.0,0.0
173.0,39.95903895,-106.21953247,2586.228,108.69168000000002,0.491744,-0.089408,0.0
173.10000000000002,39.95903894,-106.21953252,2586.228,108.69168000000002,0.0,-0.089408,0.0
173.20000000000005,39.95903894,-106.21953254,2586.228,108.69168000000002,0.0,-0.089408,0.0
173.5,39.95903884,-106.21953264,2586.228,108.69168000000002,0.22352,0.0,0.0
173.60000000000002,39.95903884,-106.21953272,2586.228,108.69168000000002,0.0,0.0,0.0
173.70000000000005,39.95903883,-106.21953284,2586.228,108.69168000000002,0.0,0.0,0.0
173.80000000000007,39.95903884,-106.21953294,2586.228,108.69168000000002,0.0,0.0,0.0
173.9000000000001,39.95903886,-106.21953307,2586.228,108.69168000000002,0.0,0.0,0.0
174.0,39.9590389,-106.21953318,2586.228,108.69168000000002,0.0,0.0,0.0
174.10000000000002,39.95903893,-106.21953329,2586.228,108.69168000000002,0.0,0.0,0.0
174.20000000000005,39.95903897,-106.21953337,2586.228,108.69168000000002,0.0,-0.089408,0.0
174.30000000000007,39.95903902,-106.21953348,2586.228,108.69168000000002,0.0,-0.089408,0.0
174.4000000000001,39.95903907,-106.21953358,2586.228,108.69168000000002,0.0,-0.089408,0.0
174.5,39.95903911,-106.21953369,2586.228,108.69168000000002,0.0,0.0,0.0
174.60000000000002,39.95903915,-106.21953378,2586.228,108.69168000000002,0.0,0.0,0.0
174.80000000000007,39.95903917,-106.21953398,2586.228,108.69168000000002,0.0,0.0,0.0
175.0,39.95903916,-106.2195341,2586.228,108.69168000000002,0.0,0.0,0.0
175.20000000000005,39.9590392,-106.21953425,2586.228,108.69168000000002,0.0,0.0,0.0
175.30000000000007,39.95903922,-106.21953431,2586.228,108.69168000000002,0.0,0.0,0.0
175.4000000000001,39.95903925,-106.21953434,2586.228,108.69168000000002,0.0,0.0,0.0
175.5,39.95903925,-106.21953436,2586.228,108.69168000000002,0.0,-0.089408,0.0
175.70000000000005,39.95903922,-106.21953435,2586.228,108.69168000000002,0.0,0.0,0.0
175.80000000000007,39.95903919,-106.21953433,2586.228,108.69168000000002,0.0,0.0,0.0
175.9000000000001,39.95903912,-106.21953431,2586.228,108.69168000000002,0.0,0.0,0.0
176.10000000000002,39.95903901,-106.2195343,2586.228,108.69168000000002,0.0,0.0,0.0
176.20000000000005,39.95903898,-106.21953432,2586.228,108.69168000000002,0.312928,0.0,0.0
176.30000000000007,39.95903895,-106.21953434,2586.228,108.69168000000002,0.0,0.0,0.0
176.4000000000001,39.95903895,-106.21953436,2586.228,108.69168000000002,0.491744,0.0,0.0
176.5,39.95903895,-106.21953443,2586.228,108.69168000000002,0.0,0.0,0.0
176.60000000000002,39.95903896,-106.21953451,2586.228,108.69168000000002,0.0,0.0,0.0
176.80000000000007,39.95903891,-106.21953462,2586.228,108.69168000000002,0.0,0.0,0.0
177.0,39.95903879,-106.21953464,2586.228,108.69168000000002,0.491744,0.0,0.0
177.10000000000002,39.95903871,-106.21953458,2586.228,108.69168000000002,0.312928,0.0,0.0
177.20000000000005,39.95903863,-106.2195345,2586.228,108.69168000000002,0.0,0.0,0.0
177.30000000000007,39.95903853,-106.21953447,2586.228,108.69168000000002,0.0,0.0,0.0
177.5,39.95903837,-106.21953444,2586.228,108.69168000000002,0.0,0.0,0.0
177.60000000000002,39.95903832,-106.21953443,2586.228,108.69168000000002,0.0,0.0,0.0
177.70000000000005,39.95903827,-106.21953447,2586.228,108.69168000000002,0.0,0.0,0.0
177.80000000000007,39.95903822,-106.21953456,2586.228,108.69168000000002,0.491744,0.0,0.0
177.9000000000001,39.95903816,-106.21953465,2586.228,108.69168000000002,0.0,0.0,0.0
178.0,39.95903811,-106.21953473,2586.228,108.69168000000002,0.0,0.0,0.0
178.20000000000005,39.9590379,-106.21953498,2586.228,108.69168000000002,0.44704,0.0,0.0
178.30000000000007,39.95903779,-106.2195351,2586.228,108.69168000000002,0.0,0.0,0.0
178.5,39.95903757,-106.21953524,2586.228,108.69168000000002,0.0,0.0,0.0
178.60000000000002,39.9590375,-106.21953526,2586.228,108.69168000000002,0.0,0.0,0.0
178.70000000000005,39.95903742,-106.21953525,2586.228,108.69168000000002,0.0,0.0,0.0
178.80000000000007,39.95903738,-106.21953527,2586.228,108.60024,0.0,0.0,0.0
178.9000000000001,39.95903732,-106.21953531,2586.228,108.60024,0.0,0.0,0.0
179.10000000000002,39.95903722,-106.21953533,2586.228,108.60024,0.0,-0.089408,0.0
179.20000000000005,39.9590372,-106.21953529,2586.228,108.60024,0.0,-0.089408,0.0
179.30000000000007,39.95903718,-106.21953524,2586.228,108.69168000000002,0.0,-0.089408,0.0
179.4000000000001,39.95903719,-106.21953518,2586.228,108.69168000000002,0.0,-0.22352,0.0
179.5,39.95903718,-106.21953513,2586.228,108.69168000000002,0.0,-0.089408,0.0
179.60000000000002,39.95903717,-106.21953507,2586.228,108.69168000000002,0.0,-0.089408,0.0
179.70000000000005,39.95903716,-106.21953505,2586.228,108.69168000000002,0.0,-0.089408,0.0
179.9000000000001,39.95903718,-106.21953503,2586.228,108.69168000000002,0.0,-0.089408,0.0
180.0,39.95903719,-106.219535,2586.228,108.69168000000002,0.0,-0.089408,0.0
180.10000000000002,39.95903719,-106.21953498,2586.228,108.69168000000002,0.0,-0.089408,0.0
180.20000000000005,39.95903719,-106.21953496,2586.228,108.69168000000002,0.0,0.0,0.0
180.30000000000007,39.95903718,-106.21953495,2586.228,108.69168000000002,0.0,0.0,0.0
180.4000000000001,39.9590372,-106.21953494,2586.228,108.69168000000002,0.0,0.0,0.0
180.6,39.95903724,-106.21953488,2586.228,108.69168000000002,0.0,-0.089408,0.0
180.80000000000007,39.95903722,-106.21953477,2586.228,108.69168000000002,0.22352,-0.089408,0.0
180.9000000000001,39.95903722,-106.21953471,2586.228,108.69168000000002,0.0,0.0,0.0
181.0,39.95903722,-106.21953465,2586.228,108.69168000000002,0.67056,0.0,0.0
181.20000000000005,39.95903724,-106.21953458,2586.228,108.69168000000002,0.0,-0.089408,0.0
181.30000000000007,39.95903723,-106.21953459,2586.228,108.69168000000002,0.0,0.0,0.0
181.4000000000001,39.95903724,-106.2195346,2586.228,108.69168000000002,0.0,0.0,0.0
181.5,39.95903724,-106.21953464,2586.228,108.69168000000002,0.0,0.0,0.0
181.6,39.95903725,-106.21953465,2586.228,108.69168000000002,0.0,0.0,0.0
181.70000000000005,39.95903724,-106.21953467,2586.228,108.69168000000002,0.0,0.0,0.0
181.80000000000007,39.95903725,-106.21953467,2586.228,108.69168000000002,0.491744,0.0,0.0
181.9000000000001,39.95903723,-106.21953466,2586.228,108.69168000000002,0.0,0.0,0.0
182.0,39.95903722,-106.21953464,2586.228,108.69168000000002,0.0,0.0,0.0
182.1,39.95903719,-106.2195346,2586.228,108.69168000000002,0.0,0.0,0.0
182.20000000000005,39.95903719,-106.21953454,2586.228,108.69168000000002,0.0,0.0,0.0
182.30000000000007,39.95903719,-106.21953446,2586.228,108.69168000000002,0.0,0.0,0.0
182.4000000000001,39.95903721,-106.21953437,2586.228,108.69168000000002,0.0,0.0,0.0
182.5,39.95903724,-106.2195343,2586.228,108.69168000000002,0.0,0.0,0.0
182.70000000000005,39.9590373,-106.2195342,2586.228,108.69168000000002,0.0,0.0,0.0
182.80000000000007,39.95903732,-106.21953417,2586.228,108.69168000000002,0.0,0.0,0.0
182.9000000000001,39.95903732,-106.21953414,2586.228,108.69168000000002,0.0,0.0,0.0
183.0,39.95903734,-106.21953412,2586.228,108.69168000000002,0.0,0.0,0.0
183.20000000000005,39.95903734,-106.21953406,2586.228,108.69168000000002,0.0,0.0,0.0
183.30000000000007,39.95903733,-106.21953406,2586.228,108.69168000000002,0.0,0.0,0.0
183.4000000000001,39.95903733,-106.21953409,2586.228,108.69168000000002,0.0,0.0,0.0
183.5,39.95903732,-106.21953411,2586.228,108.69168000000002,0.0,0.0,0.0
183.6,39.95903731,-106.21953411,2586.228,108.69168000000002,0.0,-0.089408,0.0
183.70000000000005,39.95903728,-106.21953411,2586.228,108.69168000000002,0.0,-0.089408,0.0
183.80000000000007,39.95903727,-106.21953413,2586.228,108.69168000000002,0.0,0.0,0.0
184.0,39.95903725,-106.21953419,2586.228,108.69168000000002,0.0,0.0,0.0
184.1,39.95903725,-106.21953421,2586.228,108.69168000000002,0.0,0.0,0.0
184.20000000000005,39.95903726,-106.21953423,2586.228,108.69168000000002,0.0,0.0,0.0
184.30000000000007,39.95903723,-106.21953423,2586.228,108.69168000000002,0.0,0.0,0.0
184.4000000000001,39.95903722,-106.21953423,2586.228,108.69168000000002,0.0,0.0,0.0
184.6,39.95903719,-106.21953428,2586.228,108.69168000000002,0.0,0.0,0.0
184.80000000000007,39.95903717,-106.21953433,2586.228,108.69168000000002,0.0,0.0,0.0
184.9000000000001,39.95903714,-106.2195344,2586.228,108.69168000000002,0.0,0.0,0.0
185.0,39.95903712,-106.21953446,2586.228,108.69168000000002,0.0,-0.089408,0.0
185.1,39.95903711,-106.21953454,2586.228,108.69168000000002,0.0,0.0,0.0
185.30000000000007,39.95903715,-106.21953469,2586.228,108.69168000000002,0.0,-0.089408,0.0
185.4000000000001,39.95903721,-106.21953476,2586.228,108.69168000000002,0.0,-0.089408,0.0
185.5,39.95903725,-106.21953484,2586.228,108.69168000000002,0.0,-0.089408,0.0
185.6,39.95903729,-106.21953491,2586.228,108.69168000000002,0.0,0.0,0.0
185.80000000000007,39.95903735,-106.21953505,2586.228,108.69168000000002,0.0,0.0,0.0
185.9000000000001,39.95903735,-106.21953512,2586.228,108.69168000000002,0.0,0.0,0.0
186.0,39.95903736,-106.21953517,2586.228,108.69168000000002,0.0,0.0,0.0
186.1,39.95903738,-106.2195352,2586.228,108.69168000000002,0.0,0.0,0.0
186.20000000000005,39.95903741,-106.21953522,2586.228,108.69168000000002,0.0,0.0,0.0
186.30000000000007,39.95903745,-106.21953524,2586.228,108.69168000000002,0.0,0.0,0.0
186.4000000000001,39.9590375,-106.21953527,2586.228,108.69168000000002,0.0,-0.089408,0.0
186.6,39.95903757,-106.21953528,2586.228,108.69168000000002,0.0,-0.089408,0.0
186.70000000000005,39.95903757,-106.21953527,2586.228,108.69168000000002,0.0,-0.089408,0.0
186.80000000000007,39.95903757,-106.21953527,2586.228,108.69168000000002,0.0,0.0,0.0
186.9000000000001,39.95903757,-106.21953529,2586.228,108.69168000000002,0.0,-0.089408,0.0
187.0,39.95903758,-106.21953533,2586.228,108.69168000000002,0.0,-0.089408,0.0
187.20000000000005,39.95903758,-106.21953538,2586.228,108.69168000000002,0.0,0.0,0.0
187.30000000000007,39.95903755,-106.2195354,2586.228,108.69168000000002,0.0,0.0,0.0
187.4000000000001,39.95903753,-106.21953542,2586.228,108.69168000000002,0.0,0.0,0.0
187.5,39.9590375,-106.21953544,2586.228,108.69168000000002,0.0,0.0,0.0
187.6,39.95903749,-106.21953546,2586.228,108.69168000000002,0.0,0.0,0.0
187.70000000000005,39.95903745,-106.21953547,2586.228,108.69168000000002,0.0,0.0,0.0
187.80000000000007,39.95903743,-106.21953547,2586.228,108.69168000000002,0.0,0.0,0.0
187.9000000000001,39.95903742,-106.21953549,2586.228,108.69168000000002,0.0,0.0,0.0
188.0,39.95903744,-106.2195355,2586.228,108.69168000000002,0.0,0.0,0.0
188.1,39.95903743,-106.21953551,2586.228,108.69168000000002,0.0,0.0,0.0
188.20000000000005,39.95903744,-106.21953552,2586.228,108.60024,0.0,0.0,0.0
188.30000000000007,39.95903745,-106.21953558,2586.228,108.60024,0.0,0.0,0.0
188.4000000000001,39.95903747,-106.21953562,2586.228,108.60024,0.491744,0.0,0.0
188.5,39.9590375,-106.21953568,2586.228,108.60024,0.0,0.0,0.0
188.6,39.95903755,-106.21953571,2586.228,108.60024,0.0,-0.089408,0.0
188.70000000000005,39.95903756,-106.21953575,2586.228,108.60024,0.0,-0.089408,0.0
188.9000000000001,39.95903758,-106.21953582,2586.228,108.60024,0.0,-0.089408,0.0
189.0,39.95903759,-106.21953585,2586.228,108.60024,0.0,-0.089408,0.0
189.1,39.9590376,-106.21953587,2586.228,108.60024,0.0,0.0,0.0
189.20000000000005,39.95903763,-106.21953587,2586.228,108.60024,0.0,0.0,0.0
189.30000000000007,39.95903763,-106.21953587,2586.228,108.60024,0.0,0.0,0.0
189.4000000000001,39.95903763,-106.21953586,2586.228,108.60024,0.67056,0.0,0.0
189.5,39.95903759,-106.21953585,2586.228,108.60024,0.0,0.0,0.0
189.6,39.95903756,-106.21953585,2586.228,108.60024,0.491744,0.0,0.0
189.70000000000005,39.95903753,-106.21953587,2586.228,108.60024,0.0,0.0,0.0
189.80000000000007,39.95903751,-106.21953589,2586.228,108.60024,0.0,0.0,0.0
189.9000000000001,39.95903746,-106.21953591,2586.228,108.60024,0.0,0.0,0.0
190.1,39.95903739,-106.21953594,2586.228,108.60024,0.0,0.0,0.0
190.20000000000005,39.95903737,-106.21953594,2586.228,108.60024,0.0,-0.089408,0.0
190.30000000000007,39.95903732,-106.21953593,2586.228,108.60024,0.0,-0.089408,0.0
190.4000000000001,39.95903728,-106.21953592,2586.228,108.60024,0.0,-0.089408,0.0
190.6,39.95903719,-106.21953595,2586.228,108.60024,0.0,-0.089408,0.0
190.70000000000005,39.95903716,-106.219536,2586.228,108.60024,0.0,-0.089408,0.0
190.80000000000007,39.95903716,-106.21953603,2586.228,108.60024,0.0,-0.089408,0.0
190.9000000000001,39.95903718,-106.21953609,2586.228,108.60024,0.0,-0.089408,0.0
191.0,39.95903723,-106.21953613,2586.228,108.60024,0.0,-0.089408,0.0
191.20000000000005,39.95903733,-106.21953622,2586.228,108.60024,0.0,-0.089408,0.0
191.30000000000007,39.95903739,-106.21953627,2586.228,108.60024,0.0,-0.089408,0.0
191.4000000000001,39.95903746,-106.21953632,2586.228,108.60024,0.0,-0.089408,0.0
191.5,39.95903753,-106.21953635,2586.228,108.60024,0.0,-0.089408,0.0
191.6,39.9590376,-106.21953636,2586.228,108.60024,0.0,-0.089408,0.0
191.70000000000005,39.95903766,-106.2195364,2586.228,108.60024,0.0,-0.089408,0.0
191.80000000000007,39.95903772,-106.21953644,2586.228,108.60024,0.0,-0.089408,0.0
191.9000000000001,39.95903777,-106.2195365,2586.228,108.69168000000002,0.0,-0.089408,0.0
192.0,39.95903782,-106.21953654,2586.228,108.69168000000002,0.0,0.0,0.0
192.1,39.95903782,-106.21953659,2586.228,108.60024,0.0,0.0,0.0
192.20000000000005,39.95903781,-106.21953662,2586.228,108.60024,0.0,0.0,0.0
192.4000000000001,39.9590378,-106.21953662,2586.228,108.60024,0.0,0.0,0.0
192.5,39.95903777,-106.2195366,2586.228,108.60024,0.0,0.0,0.0
192.6,39.95903775,-106.21953658,2586.228,108.60024,0.0,0.0,0.0
192.70000000000005,39.9590377,-106.21953656,2586.228,108.60024,0.0,0.0,0.0
192.9000000000001,39.95903758,-106.21953657,2586.228,108.60024,0.0,0.0,0.0
193.0,39.95903754,-106.21953657,2586.228,108.60024,0.0,0.0,0.0
193.1,39.95903748,-106.21953658,2586.228,108.60024,0.0,0.0,0.0
193.20000000000005,39.95903745,-106.21953659,2586.228,108.60024,0.0,0.0,0.0
193.30000000000007,39.9590374,-106.21953658,2586.228,108.60024,0.0,0.0,0.0
193.4000000000001,39.95903737,-106.21953656,2586.228,108.60024,0.0,-0.089408,0.0
193.5,39.95903733,-106.21953657,2586.228,108.60024,0.0,0.0,0.0
193.6,39.95903731,-106.21953657,2586.228,108.60024,0.0,-0.089408,0.0
193.70000000000005,39.95903729,-106.21953659,2586.228,108.69168000000002,0.0,-0.089408,0.0
193.80000000000007,39.95903728,-106.21953661,2586.228,108.69168000000002,0.0,-0.089408,0.0
193.9000000000001,39.95903729,-106.21953663,2586.228,108.69168000000002,0.0,-0.089408,0.0
194.0,39.95903732,-106.21953665,2586.228,108.69168000000002,0.0,0.0,0.0
194.1,39.95903736,-106.21953668,2586.228,108.69168000000002,0.0,-0.089408,0.0
194.20000000000005,39.95903741,-106.2195367,2586.228,108.69168000000002,0.0,-0.089408,0.0
194.30000000000007,39.95903748,-106.21953671,2586.228,108.69168000000002,0.0,-0.089408,0.0
194.4000000000001,39.95903754,-106.2195367,2586.228,108.69168000000002,0.0,-0.089408,0.0
194.5,39.95903758,-106.2195367,2586.228,108.69168000000002,0.0,-0.089408,0.0
194.6,39.95903762,-106.21953668,2586.228,108.69168000000002,0.0,-0.089408,0.0
194.80000000000007,39.95903767,-106.21953663,2586.228,108.69168000000002,0.0,0.0,0.0
194.9000000000001,39.95903767,-106.21953658,2586.228,108.69168000000002,0.0,-0.089408,0.0
195.0,39.95903767,-106.21953654,2586.228,108.69168000000002,0.0,-0.089408,0.0
195.1,39.95903765,-106.21953651,2586.228,108.69168000000002,0.0,-0.089408,0.0
195.20000000000005,39.95903764,-106.21953648,2586.228,108.69168000000002,0.0,0.0,0.0
195.30000000000007,39.95903762,-106.21953643,2586.228,108.69168000000002,0.0,0.0,0.0
195.4000000000001,39.95903763,-106.21953637,2586.228,108.69168000000002,0.0,-0.089408,0.0
195.5,39.95903762,-106.2195363,2586.228,108.69168000000002,0.0,-0.089408,0.0
195.6,39.95903762,-106.21953623,2586.228,108.69168000000002,0.0,0.0,0.0
195.70000000000005,39.95903759,-106.21953617,2586.228,108.69168000000002,0.0,0.0,0.0
195.80000000000007,39.95903757,-106.21953612,2586.228,108.69168000000002,0.0,0.0,0.0
195.9000000000001,39.95903753,-106.21953608,2586.228,108.69168000000002,0.0,0.0,0.0
196.0,39.95903753,-106.21953604,2586.228,108.69168000000002,0.0,0.0,0.0
196.1,39.95903751,-106.21953604,2586.228,108.69168000000002,0.0,0.0,0.0
196.20000000000005,39.95903753,-106.21953606,2586.228,108.69168000000002,0.0,0.0,0.0
196.30000000000007,39.95903756,-106.21953612,2586.228,108.69168000000002,0.0,0.0,0.0
196.4000000000001,39.95903762,-106.21953615,2586.228,108.69168000000002,0.0,0.0,0.0
196.5,39.95903763,-106.21953619,2586.228,108.69168000000002,0.491744,0.0,0.0
196.6,39.95903765,-106.21953622,2586.228,108.69168000000002,0.0,0.0,0.0
196.70000000000005,39.95903762,-106.21953627,2586.228,108.69168000000002,0.0,0.0,0.0
196.80000000000007,39.95903761,-106.2195363,2586.228,108.69168000000002,0.0,0.0,0.0
196.9000000000001,39.95903756,-106.21953634,2586.228,108.69168000000002,0.0,-0.089408,0.0
197.0,39.95903753,-106.21953635,2586.228,108.69168000000002,0.0,-0.089408,0.0
197.1,39.95903748,-106.21953637,2586.228,108.69168000000002,0.0,-0.089408,0.0
197.20000000000005,39.95903744,-106.21953636,2586.228,108.69168000000002,0.0,-0.089408,0.0
197.30000000000007,39.95903741,-106.21953634,2586.228,108.69168000000002,0.0,-0.089408,0.0
197.4000000000001,39.95903739,-106.21953631,2586.228,108.69168000000002,0.0,-0.089408,0.0
197.5,39.95903739,-106.2195363,2586.228,108.69168000000002,0.0,0.0,0.0
197.70000000000005,39.95903736,-106.21953629,2586.228,108.69168000000002,0.0,0.0,0.0
197.80000000000007,39.95903733,-106.21953628,2586.228,108.69168000000002,0.0,0.0,0.0
197.9000000000001,39.95903732,-106.21953626,2586.228,108.69168000000002,0.0,0.0,0.0
198.0,39.95903733,-106.21953623,2586.228,108.69168000000002,0.0,0.0,0.0
198.1,39.95903732,-106.21953621,2586.228,108.69168000000002,0.0,-0.089408,0.0
198.20000000000005,39.95903732,-106.21953618,2586.228,108.69168000000002,0.0,0.0,0.0
198.30000000000007,39.95903732,-106.21953615,2586.228,108.69168000000002,0.0,0.0,0.0
198.4000000000001,39.95903733,-106.21953611,2586.228,108.69168000000002,0.0,-0.089408,0.0
198.6,39.95903738,-106.21953601,2586.228,108.69168000000002,0.0,0.0,0.0
198.70000000000005,39.95903738,-106.21953597,2586.228,108.69168000000002,0.0,0.0,0.0
198.80000000000007,39.95903739,-106.21953593,2586.228,108.69168000000002,0.0,0.0,0.0
198.9000000000001,39.95903739,-106.21953588,2586.228,108.69168000000002,0.0,0.0,0.0
199.0,39.95903741,-106.21953582,2586.228,108.69168000000002,0.0,0.0,0.0
199.1,39.95903744,-106.21953578,2586.228,108.69168000000002,0.0,0.0,0.0
199.20000000000005,39.95903748,-106.21953575,2586.228,108.69168000000002,0.0,0.0,0.0
199.30000000000007,39.9590375,-106.21953572,2586.228,108.69168000000002,0.0,0.0,0.0
199.4000000000001,39.95903753,-106.2195357,2586.228,108.69168000000002,0.0,0.0,0.0
199.5,39.95903753,-106.21953566,2586.228,108.69168000000002,0.0,0.0,0.0
199.6,39.95903754,-106.21953563,2586.228,108.69168000000002,0.0,0.0,0.0
199.80000000000007,39.95903751,-106.2195356,2586.228,108.69168000000002,0.0,0.0,0.0
199.9000000000001,39.95903747,-106.21953561,2586.228,108.69168000000002,0.0,0.0,0.0
200.0,39.95903746,-106.21953561,2586.228,108.69168000000002,0.0,0.0,0.0
200.1,39.95903742,-106.21953561,2586.228,108.69168000000002,0.0,0.0,0.0
200.20000000000005,39.95903743,-106.21953553,2586.228,108.69168000000002,0.0,0.0,45.0
200.30000000000007,39.95903749,-106.21953532,2586.228,108.69168000000002,0.0,0.0,68.19859051364818
200.4000000000001,39.95903764,-106.21953497,2586.228,108.69168000000002,0.0,0.0,54.462322208025626
200.5,39.95903791,-106.21953443,2586.228,108.69168000000002,0.0,0.0,50.71059313749964
200.6,39.95903831,-106.21953372,2586.228,108.69168000000002,0.67056,0.0,49.76364169072616
200.70000000000005,39.9590389,-106.2195328,2586.228,108.69168000000002,0.938784,0.0,48.36646066342979
200.80000000000007,39.95903963,-106.2195317,2586.228,108.69168000000002,1.162304,0.0,48.012787504183336
200.9000000000001,39.95904054,-106.21953035,2586.228,108.69168000000002,1.34112,0.0,48.65222278030632
201.0,39.95904158,-106.21952882,2586.228,108.69168000000002,1.519936,0.0,47.04540848888723
201.1,39.95904276,-106.21952707,2586.228,108.69168000000002,1.877568,0.0,49.53777250790665
201.20000000000005,39.95904407,-106.21952515,2586.228,108.69168000000002,2.056384,0.0,46.636577041616704
201.4000000000001,39.95904708,-106.21952068,2586.228,108.69168000000002,2.414016,0.0,48.36646066342979
201.5,39.95904879,-106.21951814,2586.228,108.69168000000002,2.6375360000000003,0.0,48.73139699916044
201.6,39.95905063,-106.21951541,2586.228,108.60024,2.950464,0.0,47.33730585912383
201.70000000000005,39.95905256,-106.21951251,2586.228,108.60024,3.12928,0.0,48.81407483429035
201.80000000000007,39.95905463,-106.21950944,2586.228,108.60024,3.3528,0.0,48.012787504183336
201.9000000000001,39.95905679,-106.2195062,2586.228,108.60024,3.531616,0.0,48.36646066342979
202.0,39.9590591,-106.21950277,2586.228,108.60024,3.755136,0.0,48.15484286479199
202.1,39.95906151,-106.21949916,2586.228,108.60024,3.978656,0.0,47.60256220249983
202.20000000000005,39.95906408,-106.21949533,2586.228,108.69168000000002,4.202176,0.0,47.84213788365565
202.30000000000007,39.95906673,-106.21949132,2586.228,108.69168000000002,4.425696,0.0,48.50353164478446
202.4000000000001,39.95906954,-106.2194871,2586.228,108.69168000000002,4.649216,0.0,48.36646066342979
202.6,39.95907552,-106.21947815,2586.228,108.69168000000002,4.962144,0.0,49.085616779974885
202.70000000000005,39.95907869,-106.21947344,2586.228,108.69168000000002,5.14096,0.0,47.944046349987616
202.80000000000007,39.95908204,-106.21946852,2586.228,108.69168000000002,5.453887999999999,0.0,47.81555668421123
202.9000000000001,39.95908551,-106.2194634,2586.228,108.69168000000002,5.722112,0.0,47.43664824681014
203.0,39.95908917,-106.21945807,2586.228,108.69168000000002,5.945632,0.0,47.615754875421885
203.1,39.95909293,-106.2194526,2586.228,108.69168000000002,6.169152,0.0,47.563770211465
203.20000000000005,39.95909685,-106.21944694,2586.228,108.69168000000002,6.347968,0.0,47.44241531065711
203.4000000000001,39.95910505,-106.2194352,2586.228,108.69168000000002,6.660896,0.0,47.84947456067721
203.5,39.95910931,-106.2194291,2586.228,108.69168000000002,6.8397120000000005,0.0,47.25064089703756
203.6,39.95911374,-106.21942282,2586.228,108.69168000000002,7.15264,0.0,47.21204200204835
203.80000000000007,39.95912297,-106.21940973,2586.228,108.69168000000002,7.465567999999999,0.0,47.08677727557074
203.9000000000001,39.95912776,-106.21940294,2586.228,108.69168000000002,7.689088,0.0,47.02136494035602
204.0,39.95913269,-106.21939593,2586.228,108.69168000000002,8.002016,0.0,47.62240146054109
204.1,39.95913779,-106.21938862,2586.228,108.69168000000002,8.27024,0.0,47.35916613258166
204.20000000000005,39.95914305,-106.21938106,2586.228,108.69168000000002,8.583167999999999,0.0,47.29061004263855
204.30000000000007,39.95914832,-106.21937344,2586.228,108.69168000000002,8.71728,0.0,47.84213788365565
204.4000000000001,39.95915369,-106.21936567,2586.228,108.69168000000002,8.851392,0.0,47.59350644478906
204.5,39.95915914,-106.21935778,2586.228,108.69168000000002,8.985504,0.0,47.55790455019218
204.6,39.95916477,-106.21934967,2586.228,108.69168000000002,9.16432,0.0,47.67186459327257
204.70000000000005,39.95917049,-106.21934138,2586.228,108.69168000000002,9.38784,0.0,47.99313200597908
204.80000000000007,39.95917637,-106.21933283,2586.228,108.69168000000002,9.656064,0.0,47.89857679928173
204.9000000000001,39.95918237,-106.21932406,2586.228,108.69168000000002,9.924288,0.0,47.862405226111775
205.0,39.95918851,-106.21931512,2586.228,108.69168000000002,10.147808,0.0,47.82712457816126
205.1,39.95919469,-106.21930613,2586.228,108.69168000000002,10.28192,0.0,47.610461799790585
205.20000000000005,39.95920095,-106.21929712,2586.228,108.69168000000002,10.326624,-0.089408,47.610461799790585
205.4000000000001,39.95921349,-106.21927926,2586.228,108.69168000000002,10.326624,-0.089408,46.91495101404257
205.5,39.95921978,-106.2192704,2586.228,108.69168000000002,10.326624,-0.089408,47.24913144502477
205.70000000000005,39.95923245,-106.21925253,2586.228,108.69168000000002,10.326624,0.0,47.24913144502477
205.80000000000007,39.95923882,-106.21924351,2586.228,108.69168000000002,10.416032,0.0,47.24913144502477
205.9000000000001,39.95924512,-106.21923452,2586.228,108.69168000000002,10.416032,0.0,47.24913144502477
206.0,39.95925147,-106.21922546,2586.228,108.69168000000002,10.416032,0.0,47.74261135748162
206.20000000000005,39.95926412,-106.21920726,2586.228,108.69168000000002,10.460736,0.0,47.74261135748162
206.30000000000007,39.95927045,-106.21919815,2586.228,108.69168000000002,10.460736,0.0,47.74261135748162
206.4000000000001,39.95927681,-106.21918903,2586.228,108.69168000000002,10.50544,0.0,47.24913144502477
206.5,39.95928315,-106.21917998,2586.228,108.69168000000002,10.460736,0.0,47.24913144502477
206.6,39.95928951,-106.21917091,2586.228,108.69168000000002,10.460736,-0.089408,47.24913144502477
206.70000000000005,39.95929592,-106.21916171,2586.228,108.69168000000002,10.550144,-0.089408,47.24913144502477
206.80000000000007,39.95930236,-106.21915247,2586.228,108.69168000000002,10.639552,0.0,47.74261135748162
206.9000000000001,39.95930872,-106.21914334,2586.228,108.69168000000002,10.550144,0.0,47.74261135748162
207.0,39.95931508,-106.21913426,2586.228,108.69168000000002,10.50544,0.0,47.24913144502477
207.1,39.95932138,-106.21912524,2586.228,108.69168000000002,10.460736,0.0,47.24913144502477
207.20000000000005,39.9593277,-106.21911622,2586.228,108.69168000000002,10.416032,0.0,47.610461799790585
207.30000000000007,39.95933402,-106.21910723,2586.228,108.69168000000002,10.416032,0.0,47.610461799790585
207.4000000000001,39.95934035,-106.21909823,2586.228,108.69168000000002,10.416032,0.0,47.2766149819708
207.5,39.95934665,-106.21908922,2586.228,108.60024,10.416032,0.0,47.2766149819708
207.70000000000005,39.95935921,-106.21907119,2586.228,108.60024,10.371328,0.0,47.2766149819708
207.80000000000007,39.95936548,-106.2190622,2586.228,108.60024,10.371328,0.0,47.82712457816126
207.9000000000001,39.95937173,-106.2190532,2586.228,108.60024,10.371328,0.0,47.82712457816126
208.0,39.95937797,-106.21904423,2586.228,108.60024,10.326624,0.0,47.82712457816126
208.1,39.9593842,-106.21903526,2586.228,108.60024,10.326624,0.0,47.48955292199918
208.20000000000005,39.95939042,-106.21902633,2586.228,108.60024,10.326624,0.0,47.48955292199918
208.30000000000007,39.95939668,-106.21901743,2586.228,108.60024,10.28192,0.0,47.48955292199918
208.4000000000001,39.95940294,-106.21900856,2586.228,108.60024,10.28192,0.0,47.48955292199918
208.5,39.95940948,-106.21899928,2586.228,108.60024,10.50544,0.0,47.1475854282985
208.6,39.95941536,-106.21899091,2586.228,108.60024,10.192512,0.0,47.52082790771021
208.70000000000005,39.95942154,-106.21898212,2586.228,108.60024,9.924288,0.0,47.52082790771021
208.80000000000007,39.95942771,-106.21897336,2586.228,108.60024,10.147808,0.0,47.52082790771021
208.9000000000001,39.95943388,-106.21896461,2586.228,108.60024,10.147808,0.0,47.52082790771021
209.0,39.95944003,-106.21895587,2586.228,108.60024,10.103104,0.0,47.52082790771021
209.1,39.95944616,-106.21894711,2586.228,108.60024,10.103104,0.0,47.89857679928173
209.20000000000005,39.95945226,-106.21893834,2586.228,108.60024,10.103104,0.0,47.89857679928173
209.30000000000007,39.95945832,-106.21892958,2586.228,108.60024,10.0584,0.0,47.89857679928173
209.4000000000001,39.95946437,-106.21892085,2586.228,108.60024,10.0584,0.0,47.89857679928173
209.5,39.95947042,-106.21891211,2586.228,108.60024,10.013696,0.0,47.89857679928173
209.6,39.95947647,-106.21890339,2586.228,108.60024,10.0584,-0.089408,47.37832997335551
209.70000000000005,39.9594825,-106.2188947,2586.228,108.60024,10.013696,0.0,47.37832997335551
209.80000000000007,39.95948851,-106.21888604,2586.228,108.60024,9.968992,0.0,47.7613221594313
209.9000000000001,39.95949451,-106.21887741,2586.228,108.60024,9.924288,0.0,47.7613221594313
210.0,39.95950051,-106.21886879,2586.228,108.60024,9.924288,0.0,47.7613221594313
210.20000000000005,39.95951249,-106.21885167,2586.228,108.60024,9.879584,-0.089408,47.40908137447224
210.4000000000001,39.95952451,-106.21883455,2586.228,108.60024,9.924288,0.0,47.40908137447224
210.6,39.95953651,-106.21881744,2585.9232,108.5088,9.879584,0.0,47.40908137447224
210.70000000000005,39.95954246,-106.21880885,2585.9232,108.5088,9.879584,0.0,47.40908137447224
210.80000000000007,39.95954839,-106.21880028,2585.9232,108.5088,9.83488,0.0,47.40908137447224
210.9000000000001,39.9595543,-106.21879168,2585.9232,108.5088,9.83488,0.0,47.99313200597908
211.0,39.95956022,-106.2187831,2586.228,108.60024,9.83488,-0.089408,47.99313200597908
211.1,39.95956612,-106.21877451,2586.228,108.60024,9.83488,-0.089408,47.99313200597908
211.20000000000005,39.95957203,-106.21876594,2586.228,108.60024,9.83488,-0.089408,47.99313200597908
211.30000000000007,39.95957793,-106.21875735,2586.228,108.60024,9.83488,0.0,47.40908137447224
211.4000000000001,39.95958384,-106.21874876,2585.9232,108.5088,9.83488,0.0,47.40908137447224
211.6,39.95959569,-106.21873153,2586.228,108.60024,9.879584,-0.089408,47.7613221594313
211.70000000000005,39.95960164,-106.21872291,2586.228,108.60024,9.879584,-0.089408,47.7613221594313
211.80000000000007,39.95960759,-106.21871429,2586.228,108.60024,9.879584,-0.089408,47.7613221594313
211.9000000000001,39.95961362,-106.21870553,2586.228,108.60024,9.968992,-0.089408,47.7613221594313
212.0,39.95961967,-106.21869679,2586.228,108.60024,10.013696,0.0,47.7613221594313
212.1,39.9596256,-106.21868826,2586.228,108.60024,9.924288,0.0,47.40908137447224
212.20000000000005,39.9596315,-106.21867982,2585.9232,108.5088,9.790176,0.0,47.40908137447224
212.30000000000007,39.95963737,-106.21867141,2585.9232,108.5088,9.745472,0.0,47.99313200597908
212.5,39.95964915,-106.21865455,2585.9232,108.5088,9.700768,0.0,47.99313200597908
212.6,39.95965507,-106.21864611,2585.9232,108.5088,9.745472,0.0,47.99313200597908
212.80000000000007,39.95966685,-106.21862925,2585.9232,108.5088,9.745472,0.0,47.99313200597908
212.9000000000001,39.95967272,-106.21862081,2585.9232,108.5088,9.700768,0.0,47.99313200597908
213.0,39.95967861,-106.21861234,2585.9232,108.5088,9.745472,0.0,47.99313200597908
213.1,39.95968449,-106.21860382,2585.9232,108.5088,9.745472,0.0,47.99313200597908
213.20000000000005,39.95969038,-106.21859529,2585.9232,108.5088,9.790176,0.0,47.99313200597908
213.30000000000007,39.95969626,-106.21858672,2585.9232,108.5088,9.790176,0.0,47.99313200597908
213.4000000000001,39.95970215,-106.21857813,2585.9232,108.5088,9.790176,0.0,48.34465031826585
213.5,39.95970805,-106.21856949,2585.9232,108.5088,9.83488,0.0,48.34465031826585
213.6,39.95971397,-106.21856085,2585.9232,108.5088,9.879584,0.0,48.34465031826585
213.70000000000005,39.95971979,-106.21855231,2585.9232,108.5088,9.790176,-0.089408,47.7613221594313
213.80000000000007,39.95972561,-106.2185438,2585.9232,108.5088,9.745472,-0.089408,47.7613221594313
213.9000000000001,39.95973154,-106.21853512,2585.9232,108.5088,9.790176,0.0,47.7613221594313
214.0,39.95973754,-106.21852636,2586.228,108.60024,9.968992,0.0,47.7613221594313
214.1,39.95974356,-106.21851759,2586.228,108.60024,10.013696,0.0,48.28088077260941
214.20000000000005,39.95974956,-106.21850884,2586.228,108.60024,10.013696,0.0,48.28088077260941
214.30000000000007,39.95975554,-106.21850009,2586.228,108.60024,10.013696,0.0,47.7613221594313
214.4000000000001,39.95976151,-106.21849137,2586.228,108.60024,9.968992,0.0,47.7613221594313
214.5,39.95976755,-106.21848257,2586.228,108.60024,10.013696,0.0,47.7613221594313
214.6,39.95977362,-106.21847382,2586.228,108.60024,10.0584,0.0,47.7613221594313
214.70000000000005,39.95977961,-106.21846522,2586.228,108.60024,9.968992,0.0,47.7613221594313
214.80000000000007,39.95978559,-106.21845668,2586.228,108.60024,9.879584,0.0,47.7613221594313
214.9000000000001,39.95979156,-106.21844818,2586.228,108.60024,9.83488,0.0,47.02569437812269
215.0,39.95979756,-106.21843965,2586.228,108.60024,9.83488,0.0,47.37832997335551
215.1,39.95980353,-106.21843113,2586.228,108.60024,9.83488,0.0,47.37832997335551
215.20000000000005,39.95980952,-106.21842255,2586.228,108.60024,9.879584,0.0,47.37832997335551
215.30000000000007,39.95981549,-106.21841393,2586.228,108.60024,9.924288,0.0,47.37832997335551
215.5,39.95982746,-106.21839667,2586.228,108.60024,9.924288,0.0,47.37832997335551
215.6,39.95983343,-106.21838807,2586.228,108.60024,9.924288,0.0,47.37832997335551
215.70000000000005,39.95983942,-106.21837948,2586.228,108.60024,9.879584,0.0,47.37832997335551
215.9000000000001,39.95985142,-106.21836234,2586.228,108.60024,9.879584,0.0,47.37832997335551
216.0,39.95985742,-106.21835376,2586.228,108.60024,9.879584,0.0,47.7613221594313
216.1,39.95986342,-106.21834518,2586.228,108.60024,9.879584,0.0,47.7613221594313
216.20000000000005,39.95986942,-106.2183366,2586.228,108.60024,9.879584,0.0,47.40908137447224
216.4000000000001,39.9598813,-106.21831958,2586.228,108.60024,9.83488,0.0,47.40908137447224
216.5,39.95988722,-106.2183111,2586.228,108.60024,9.790176,0.0,47.40908137447224
216.6,39.95989316,-106.21830259,2586.228,108.69168000000002,9.790176,0.0,47.40908137447224
216.70000000000005,39.95989907,-106.21829404,2586.228,108.69168000000002,9.83488,0.0,47.7613221594313
216.80000000000007,39.95990497,-106.21828544,2586.228,108.69168000000002,9.83488,0.0,47.7613221594313
216.9000000000001,39.95991114,-106.21827638,2586.228,108.69168000000002,10.103104,-0.089408,47.7613221594313
217.0,39.95991675,-106.21826821,2586.228,108.69168000000002,9.83488,-0.089408,47.7613221594313
217.1,39.95992267,-106.21825963,2586.228,108.69168000000002,9.566656,-0.089408,47.7613221594313
217.20000000000005,39.95992863,-106.21825105,2586.228,108.69168000000002,9.83488,0.0,47.37832997335551
217.30000000000007,39.95993464,-106.21824246,2586.228,108.69168000000002,9.879584,0.0,47.37832997335551
217.4000000000001,39.95994068,-106.21823386,2586.228,108.69168000000002,9.924288,0.0,47.37832997335551
217.5,39.95994671,-106.21822526,2586.228,108.69168000000002,9.924288,0.0,47.02569437812269
217.6,39.95995274,-106.21821668,2586.228,108.69168000000002,9.924288,0.0,47.02569437812269
217.70000000000005,39.95995872,-106.21820809,2586.228,108.69168000000002,9.879584,0.0,47.37832997335551
217.80000000000007,39.95996469,-106.21819946,2586.228,108.69168000000002,9.879584,0.0,47.7613221594313
217.9000000000001,39.95997066,-106.21819081,2586.228,108.69168000000002,9.924288,0.0,47.7613221594313
218.0,39.95997663,-106.21818215,2586.228,108.69168000000002,9.924288,0.0,47.7613221594313
218.1,39.95998257,-106.21817348,2586.228,108.69168000000002,9.924288,0.0,47.7613221594313
218.20000000000005,39.95998851,-106.21816482,2586.228,108.69168000000002,9.924288,0.0,47.7613221594313
218.30000000000007,39.9599944,-106.21815616,2586.228,108.69168000000002,9.879584,0.0,47.7613221594313
218.4000000000001,39.96000034,-106.2181475,2586.228,108.69168000000002,9.879584,0.0,47.37832997335551
218.5,39.96000631,-106.21813884,2586.228,108.69168000000002,9.924288,0.0,47.37832997335551
218.6,39.96001264,-106.21812976,2586.228,108.69168000000002,10.192512,0.0,47.37832997335551
218.70000000000005,39.96001842,-106.21812154,2586.228,108.69168000000002,9.968992,0.0,46.99999229903421
218.9000000000001,39.96003067,-106.21810424,2586.228,108.69168000000002,10.013696,0.0,46.99999229903421
219.1,39.96004301,-106.2180869,2586.228,108.69168000000002,10.0584,0.0,46.99999229903421
219.20000000000005,39.96004919,-106.21807822,2586.228,108.69168000000002,10.103104,-0.089408,46.99999229903421
219.4000000000001,39.9600615,-106.21806084,2586.228,108.69168000000002,10.103104,0.0,46.99999229903421
219.6,39.96007378,-106.21804342,2586.228,108.69168000000002,10.0584,0.0,47.52082790771021
219.80000000000007,39.96008605,-106.21802589,2586.228,108.69168000000002,10.103104,0.0,47.52082790771021
219.9000000000001,39.96009211,-106.21801714,2586.228,108.69168000000002,10.103104,0.0,47.89857679928173
220.0,39.96009814,-106.21800839,2586.228,108.69168000000002,10.0584,0.0,47.89857679928173
220.20000000000005,39.96011009,-106.21799099,2586.228,108.69168000000002,9.968992,0.0,48.28088077260941
220.30000000000007,39.96011602,-106.21798236,2586.228,108.69168000000002,9.924288,0.0,48.28088077260941
220.4000000000001,39.96012195,-106.21797373,2586.228,108.69168000000002,9.879584,0.0,47.7613221594313
220.5,39.96012786,-106.2179651,2586.228,108.69168000000002,9.879584,0.0,47.7613221594313
220.6,39.9601338,-106.21795644,2586.228,108.69168000000002,9.879584,0.0,48.28088077260941
220.70000000000005,39.96013975,-106.21794779,2586.228,108.69168000000002,9.879584,0.0,48.28088077260941
220.80000000000007,39.96014573,-106.21793912,2586.228,108.69168000000002,9.924288,0.0,48.28088077260941
220.9000000000001,39.96015172,-106.21793044,2586.228,108.69168000000002,9.924288,0.0,48.28088077260941
221.0,39.96015774,-106.21792176,2586.228,108.69168000000002,9.968992,0.0,47.37832997335551
221.1,39.96016376,-106.21791308,2586.228,108.69168000000002,9.968992,0.0,47.37832997335551
221.20000000000005,39.96016979,-106.21790442,2586.228,108.69168000000002,9.968992,0.0,47.37832997335551
221.30000000000007,39.9601758,-106.21789577,2586.228,108.69168000000002,9.968992,0.0,47.37832997335551
221.4000000000001,39.96018181,-106.21788711,2586.228,108.69168000000002,9.968992,0.0,47.37832997335551
221.5,39.96018781,-106.21787849,2586.228,108.69168000000002,9.968992,0.0,47.37832997335551
221.6,39.96019381,-106.21786985,2586.228,108.69168000000002,9.924288,0.0,47.37832997335551
221.70000000000005,39.96019978,-106.21786118,2586.228,108.69168000000002,9.924288,0.089408,47.37832997335551
221.80000000000007,39.96020576,-106.21785252,2586.228,108.69168000000002,9.924288,0.0,47.37832997335551
221.9000000000001,39.96021172,-106.21784387,2586.228,108.69168000000002,9.924288,0.0,47.37832997335551
222.0,39.96021769,-106.21783524,2586.228,108.69168000000002,9.924288,0.0,47.7613221594313
222.1,39.96022365,-106.21782665,2586.228,108.69168000000002,9.879584,0.0,47.37832997335551
222.20000000000005,39.96022964,-106.21781807,2586.228,108.69168000000002,9.879584,0.0,47.37832997335551
222.30000000000007,39.96023572,-106.21780939,2586.228,108.69168000000002,9.968992,0.0,47.37832997335551
222.4000000000001,39.96024182,-106.21780071,2586.228,108.69168000000002,10.013696,0.0,47.37832997335551
222.5,39.96024782,-106.21779214,2586.228,108.69168000000002,9.968992,0.0,47.37832997335551
222.6,39.9602538,-106.21778359,2586.228,108.69168000000002,9.879584,0.0,47.37832997335551
222.70000000000005,39.96025976,-106.21777503,2586.228,108.8136,9.879584,0.0,47.37832997335551
222.80000000000007,39.96026575,-106.21776642,2586.228,108.8136,9.879584,0.0,47.37832997335551
222.9000000000001,39.96027175,-106.21775775,2586.228,108.8136,9.924288,0.0,47.37832997335551
223.0,39.96027779,-106.21774905,2586.228,108.8136,9.968992,0.0,47.89857679928173
223.1,39.96028382,-106.21774031,2586.228,108.8136,10.013696,0.0,47.89857679928173
223.20000000000005,39.96028987,-106.21773157,2586.228,108.8136,10.0584,0.0,47.89857679928173
223.30000000000007,39.96029592,-106.21772284,2586.228,108.8136,10.013696,0.0,47.89857679928173
223.4000000000001,39.96030198,-106.21771412,2586.228,108.8136,10.0584,0.0,47.89857679928173
223.6,39.96031408,-106.21769666,2586.228,108.69168000000002,10.013696,0.0,47.89857679928173
223.70000000000005,39.96032014,-106.21768797,2586.228,108.69168000000002,10.013696,0.0,47.89857679928173
223.80000000000007,39.96032621,-106.21767927,2586.228,108.69168000000002,10.013696,0.0,47.89857679928173
224.0,39.96033837,-106.21766183,2586.228,108.69168000000002,10.0584,0.0,47.89857679928173
224.1,39.96034446,-106.21765311,2586.228,108.69168000000002,10.0584,0.0,47.89857679928173
224.20000000000005,39.96035055,-106.2176444,2586.228,108.69168000000002,10.0584,0.0,47.89857679928173
224.30000000000007,39.9603566,-106.21763574,2586.228,108.69168000000002,10.013696,0.0,47.89857679928173
224.5,39.96036866,-106.21761846,2586.228,108.69168000000002,9.968992,0.0,47.37832997335551
224.6,39.96037469,-106.21760984,2586.228,108.69168000000002,9.968992,0.0,47.37832997335551
224.70000000000005,39.96038071,-106.21760124,2586.228,108.69168000000002,9.924288,0.0,47.37832997335551
224.80000000000007,39.96038676,-106.21759264,2586.228,108.69168000000002,9.924288,0.0,47.37832997335551
224.9000000000001,39.96039285,-106.21758389,2586.228,108.69168000000002,10.013696,0.0,47.37832997335551
225.0,39.96039895,-106.21757512,2586.228,108.69168000000002,10.0584,0.0,47.37832997335551
225.1,39.96040496,-106.21756646,2586.228,108.69168000000002,10.013696,0.0,47.37832997335551
225.20000000000005,39.96041096,-106.21755784,2586.228,108.69168000000002,9.924288,0.0,47.37832997335551
225.30000000000007,39.96041695,-106.21754925,2586.228,108.69168000000002,9.924288,0.0,47.37832997335551
225.4000000000001,39.96042297,-106.21754064,2586.228,108.69168000000002,9.924288,0.0,47.37832997335551
225.5,39.96042898,-106.21753203,2586.228,108.69168000000002,9.924288,0.0,47.37832997335551
225.6,39.96043502,-106.2175234,2586.228,108.69168000000002,9.968992,0.0,47.37832997335551
225.70000000000005,39.96044104,-106.21751474,2586.228,108.69168000000002,9.968992,0.0,47.89857679928173
225.80000000000007,39.96044708,-106.21750606,2586.228,108.69168000000002,9.968992,0.0,47.89857679928173
225.9000000000001,39.9604531,-106.21749741,2586.228,108.69168000000002,9.968992,0.0,47.89857679928173
226.0,39.96045913,-106.21748876,2586.228,108.69168000000002,9.968992,0.0,47.37832997335551
226.1,39.96046515,-106.21748012,2586.228,108.69168000000002,9.968992,0.0,47.37832997335551
226.20000000000005,39.96047118,-106.21747146,2586.228,108.69168000000002,9.968992,0.0,47.37832997335551
226.30000000000007,39.9604772,-106.21746281,2586.228,108.69168000000002,9.968992,0.0,47.89857679928173
226.5,39.96048926,-106.21744548,2586.228,108.69168000000002,9.968992,0.0,47.89857679928173
226.6,39.96049529,-106.21743681,2586.228,108.8136,9.968992,0.0,47.89857679928173
226.70000000000005,39.96050132,-106.21742815,2586.228,108.69168000000002,10.013696,0.0,47.37832997335551
226.80000000000007,39.96050737,-106.21741951,2586.228,108.69168000000002,9.968992,0.0,47.37832997335551
226.9000000000001,39.96051341,-106.21741086,2586.228,108.69168000000002,9.968992,0.0,47.37832997335551
227.0,39.96051946,-106.21740221,2586.228,108.69168000000002,9.968992,0.0,47.37832997335551
227.1,39.96052553,-106.21739353,2586.228,108.69168000000002,9.968992,0.0,47.89857679928173
227.20000000000005,39.96053162,-106.21738483,2586.228,108.69168000000002,10.013696,0.0,47.89857679928173
227.30000000000007,39.96053768,-106.21737611,2586.228,108.69168000000002,10.013696,0.0,47.89857679928173
227.4000000000001,39.96054374,-106.21736739,2586.228,108.69168000000002,10.013696,0.0,47.89857679928173
227.6,39.96055589,-106.21734997,2586.228,108.69168000000002,10.013696,0.0,47.89857679928173
227.70000000000005,39.96056195,-106.21734126,2586.228,108.69168000000002,10.013696,0.0,47.89857679928173
227.79999999999995,39.96056801,-106.21733255,2586.228,108.69168000000002,10.013696,0.0,47.89857679928173
227.9000000000001,39.96057404,-106.21732386,2586.228,108.69168000000002,10.013696,0.0,47.89857679928173
228.0,39.96058008,-106.21731518,2586.228,108.8136,9.968992,0.0,47.89857679928173
228.1000000000001,39.9605861,-106.21730645,2586.228,108.8136,10.0584,0.0,47.89857679928173
228.20000000000005,39.96059213,-106.21729772,2586.228,108.8136,10.013696,0.0,47.89857679928173
228.4000000000001,39.96060419,-106.2172803,2586.228,108.69168000000002,10.013696,0.0,47.89857679928173
228.5,39.96061022,-106.2172716,2586.228,108.69168000000002,10.013696,0.0,47.89857679928173
228.6000000000001,39.96061627,-106.21726291,2586.228,108.69168000000002,9.968992,0.0,47.89857679928173
228.70000000000005,39.9606226,-106.21725381,2586.228,108.69168000000002,10.237215999999998,0.0,47.89857679928173
228.9000000000001,39.96063437,-106.21723689,2586.228,108.69168000000002,9.968992,0.0,47.89857679928173
229.0,39.96064041,-106.21722817,2586.228,108.69168000000002,9.83488,0.0,47.89857679928173
229.1000000000001,39.96064647,-106.21721947,2586.228,108.69168000000002,10.013696,0.0,47.89857679928173
229.29999999999995,39.9606586,-106.21720206,2586.228,108.69168000000002,10.013696,0.0,47.89857679928173
229.4000000000001,39.96066466,-106.21719335,2586.228,108.69168000000002,10.013696,0.0,47.89857679928173
229.6000000000001,39.9606767,-106.217176,2586.228,108.8136,10.013696,0.0,47.89857679928173
229.70000000000005,39.96068271,-106.21716729,2586.228,108.8136,9.968992,0.0,47.89857679928173
229.79999999999995,39.96068872,-106.21715859,2586.228,108.8136,9.968992,0.0,47.89857679928173
229.9000000000001,39.96069472,-106.2171499,2586.228,108.8136,9.968992,0.0,47.89857679928173
230.0,39.96070075,-106.21714122,2586.228,108.8136,9.968992,0.0,47.89857679928173
230.1000000000001,39.96070674,-106.21713253,2586.228,108.8136,9.968992,0.0,47.89857679928173
230.20000000000005,39.96071275,-106.21712382,2586.228,108.8136,9.968992,0.0,47.89857679928173
230.29999999999995,39.96071875,-106.21711513,2586.228,108.8136,9.968992,0.0,47.89857679928173
230.4000000000001,39.96072478,-106.21710644,2586.228,108.8136,9.968992,0.0,47.89857679928173
230.6000000000001,39.96073678,-106.21708904,2586.228,108.8136,9.968992,0.0,47.89857679928173
230.70000000000005,39.96074279,-106.21708036,2586.228,108.8136,9.968992,0.0,47.89857679928173
230.79999999999995,39.96074883,-106.21707168,2586.228,108.8136,9.968992,0.0,47.89857679928173
230.9000000000001,39.96075486,-106.217063,2586.228,108.8136,9.968992,0.0,47.89857679928173
231.1000000000001,39.96076691,-106.21704565,2586.228,108.8136,9.968992,0.0,47.89857679928173
231.20000000000005,39.96077292,-106.21703699,2586.228,108.8136,9.968992,0.0,47.37832997335551
231.29999999999995,39.96077892,-106.21702835,2586.228,108.8136,9.924288,0.0,47.37832997335551
231.4000000000001,39.96078494,-106.21701971,2586.228,108.8136,9.968992,0.0,47.37832997335551
231.5,39.96079096,-106.21701109,2586.228,108.8136,9.968992,0.0,47.37832997335551
231.6000000000001,39.96079699,-106.21700246,2586.228,108.8136,9.968992,0.0,47.37832997335551
231.70000000000005,39.96080302,-106.21699382,2586.228,108.8136,9.968992,0.0,47.37832997335551
231.79999999999995,39.96080907,-106.21698516,2586.228,108.8136,9.968992,0.0,47.37832997335551
231.9000000000001,39.96081507,-106.21697651,2586.228,108.8136,9.968992,0.0,47.37832997335551
232.0,39.96082109,-106.21696786,2586.228,108.8136,9.924288,0.0,47.37832997335551
232.1000000000001,39.9608271,-106.21695919,2586.228,108.8136,9.968992,0.0,47.89857679928173
232.20000000000005,39.96083314,-106.21695051,2586.228,108.8136,9.968992,0.0,47.89857679928173
232.4000000000001,39.96084523,-106.21693306,2586.228,108.8136,10.013696,0.0,47.89857679928173
232.6000000000001,39.96085733,-106.21691563,2586.228,108.8136,10.013696,0.0,47.89857679928173
232.79999999999995,39.96086947,-106.21689822,2586.228,108.8136,10.013696,0.0,47.89857679928173
232.9000000000001,39.9608755,-106.21688949,2586.228,108.8136,10.013696,0.0,47.89857679928173
233.1000000000001,39.96088753,-106.21687204,2586.228,108.8136,10.013696,0.0,47.89857679928173
233.20000000000005,39.96089355,-106.21686335,2586.228,108.8136,9.968992,0.0,47.89857679928173
233.29999999999995,39.96089955,-106.21685466,2586.228,108.8136,9.968992,0.0,47.89857679928173
233.5,39.96091155,-106.21683728,2586.228,108.8136,9.968992,0.0,47.89857679928173
233.6000000000001,39.96091755,-106.2168286,2586.228,108.8136,9.968992,0.0,47.89857679928173
233.70000000000005,39.96092356,-106.21681991,2586.228,108.8136,9.968992,0.0,47.89857679928173
233.79999999999995,39.96092959,-106.21681121,2586.228,108.8136,10.013696,0.0,47.89857679928173
233.9000000000001,39.96093565,-106.21680253,2586.228,108.8136,10.013696,0.0,47.89857679928173
234.0,39.96094174,-106.21679385,2586.228,108.8136,10.013696,0.0,47.89857679928173
234.1000000000001,39.96094782,-106.21678516,2586.228,108.8136,10.013696,0.0,47.89857679928173
234.20000000000005,39.96095391,-106.21677645,2586.228,108.8136,10.0584,0.0,47.89857679928173
234.29999999999995,39.96095998,-106.21676773,2586.228,108.8136,10.0584,0.0,47.89857679928173
234.4000000000001,39.96096606,-106.21675901,2586.228,108.8136,10.0584,0.0,47.89857679928173
234.5,39.96097214,-106.21675031,2586.228,108.8136,10.013696,0.0,47.89857679928173
234.6000000000001,39.96097823,-106.21674162,2586.228,108.8136,10.013696,0.0,47.89857679928173
234.70000000000005,39.9609843,-106.21673289,2586.228,108.8136,10.013696,0.0,47.89857679928173
234.79999999999995,39.96099037,-106.21672414,2586.228,108.8136,10.0584,0.0,47.89857679928173
234.9000000000001,39.96099641,-106.21671538,2586.228,108.8136,10.0584,0.0,47.89857679928173
235.0,39.96100247,-106.21670662,2586.228,108.8136,10.0584,0.0,47.89857679928173
235.1000000000001,39.9610085,-106.21669785,2586.228,108.8136,10.0584,0.0,47.89857679928173
235.29999999999995,39.96102058,-106.21668039,2586.228,108.8136,10.013696,0.0,47.89857679928173
235.4000000000001,39.96102662,-106.2166717,2586.228,108.8136,10.013696,0.0,47.89857679928173
235.5,39.96103266,-106.21666302,2586.228,108.8136,9.968992,0.0,47.89857679928173
235.6000000000001,39.96103871,-106.21665432,2586.228,108.8136,9.968992,0.0,47.89857679928173
235.70000000000005,39.96104474,-106.21664565,2586.228,108.8136,9.968992,0.0,47.89857679928173
235.79999999999995,39.96105079,-106.21663698,2586.228,108.8136,9.968992,0.0,47.37832997335551
235.9000000000001,39.96105681,-106.21662835,2586.228,108.69168000000002,9.968992,0.0,47.37832997335551
236.1000000000001,39.9610689,-106.21661105,2586.228,108.69168000000002,9.968992,0.0,47.89857679928173
236.20000000000005,39.96107497,-106.21660237,2586.228,108.69168000000002,9.968992,0.0,47.37832997335551
236.29999999999995,39.96108104,-106.21659372,2586.228,108.69168000000002,10.013696,0.0,47.37832997335551
236.4000000000001,39.96108707,-106.21658512,2586.228,108.69168000000002,9.968992,0.0,47.40908137447224
236.5,39.96109299,-106.21657664,2586.228,108.69168000000002,9.83488,0.0,47.99313200597908
236.70000000000005,39.96110453,-106.2165601,2586.228,108.69168000000002,9.61136,0.0,47.523266233502966
236.79999999999995,39.96111013,-106.21655206,2586.228,108.69168000000002,9.432544,0.0,47.55790455019218
236.9000000000001,39.96111556,-106.21654423,2586.228,108.69168000000002,9.119616,0.0,47.84213788365565
237.0,39.96112087,-106.21653658,2586.228,108.69168000000002,8.896096,0.0,47.29061004263855
237.1000000000001,39.96112597,-106.21652918,2586.228,108.69168000000002,8.627872,0.0,47.76678840116949
237.20000000000005,39.96113097,-106.21652197,2586.228,108.69168000000002,8.404352,0.0,48.08218082452811
237.29999999999995,39.9611358,-106.21651503,2586.228,108.69168000000002,8.136128,0.0,47.48955292199918
237.4000000000001,39.96114054,-106.21650826,2586.228,108.69168000000002,7.912608,0.0,47.81555668421123
237.5,39.9611451,-106.21650173,2586.228,108.69168000000002,7.689088,0.0,47.635184582451416
237.6000000000001,39.96114955,-106.21649535,2586.228,108.69168000000002,7.465567999999999,0.0,47.72631099390628
237.79999999999995,39.96115801,-106.21648316,2586.228,108.69168000000002,7.018528,0.0,47.39702853005957
237.9000000000001,39.96116208,-106.21647724,2586.228,108.69168000000002,6.92912,0.0,48.30186567443502
238.0,39.96116604,-106.21647151,2586.228,108.69168000000002,6.660896,0.0,47.563770211465
238.1000000000001,39.96116977,-106.21646609,2586.228,108.69168000000002,6.392672,0.0,47.66988976200764
238.29999999999995,39.96117677,-106.21645586,2586.228,108.69168000000002,5.945632,0.0,47.87836949973405
238.4000000000001,39.96118006,-106.21645099,2586.228,108.69168000000002,5.766816,0.0,48.63818657786464
238.5,39.96118323,-106.21644629,2586.228,108.69168000000002,5.453887999999999,0.0,48.122130462115706
238.6000000000001,39.96118629,-106.21644178,2586.228,108.69168000000002,5.230368,0.0,47.52082790771021
238.70000000000005,39.96118924,-106.21643741,2586.228,108.69168000000002,5.006848,0.0,48.36646066342979
238.79999999999995,39.96119222,-106.21643304,2586.228,108.69168000000002,4.962144,0.0,47.76385737091255
238.9000000000001,39.96119483,-106.21642922,2586.228,108.69168000000002,4.649216,0.0,47.84213788365565
239.1000000000001,39.96119989,-106.21642192,2586.228,108.8136,4.24688,0.0,47.36624799145579
239.20000000000005,39.9612021,-106.21641877,2586.228,108.8136,4.02336,0.0,47.67542665602917
239.29999999999995,39.96120405,-106.216416,2586.228,108.8136,3.397504,0.0,46.24536426676832
239.5,39.96120713,-106.21641171,2586.228,108.8136,2.726944,0.0,47.642545294064746
239.6000000000001,39.96120828,-106.21641017,2586.228,108.8136,2.279904,0.0,45.0
239.70000000000005,39.96120919,-106.21640898,2586.228,108.8136,1.34112,0.0,45.0
239.79999999999995,39.96120992,-106.21640805,2586.228,108.8136,1.34112,0.0,41.63353933657021
239.9000000000001,39.96121052,-106.21640733,2586.228,108.8136,0.938784,0.0,40.23635830927384
240.0,39.961211,-106.21640678,2586.228,108.8136,0.67056,0.0,39.28940686250036
240.1000000000001,39.96121138,-106.21640633,2586.228,108.8136,0.67056,0.0,37.874983651098205
240.29999999999995,39.96121196,-106.21640564,2586.228,108.8136,0.44704,0.0,21.80140948635181
240.4000000000001,39.96121223,-106.21640535,2586.228,108.8136,0.44704,0.0,21.80140948635181
240.5,39.96121255,-106.21640495,2586.228,108.8136,0.67056,0.0,21.80140948635181
240.6000000000001,39.96121285,-106.2164046,2586.228,108.8136,0.0,0.0,45.0
240.79999999999995,39.96121355,-106.21640366,2586.228,108.8136,0.44704,0.0,35.537677791974374
240.9000000000001,39.96121394,-106.2164031,2586.228,108.8136,0.5364479999999999,0.0,35.537677791974374
241.0,39.96121429,-106.2164026,2586.228,108.8136,0.67056,0.0,35.537677791974374
241.1000000000001,39.96121469,-106.21640205,2586.228,108.8136,0.67056,0.0,35.537677791974374
241.29999999999995,39.96121535,-106.21640115,2586.228,108.8136,0.625856,0.0,45.0
241.4000000000001,39.96121561,-106.2164008,2586.228,108.8136,0.44704,0.0,21.80140948635181
241.5,39.96121582,-106.21640051,2586.228,108.8136,0.491744,0.0,45.0
241.6000000000001,39.96121598,-106.21640033,2586.228,108.8136,0.0,0.0,45.0
241.70000000000005,39.96121611,-106.21640024,2586.228,108.8136,0.0,0.089408,0.0
241.79999999999995,39.96121621,-106.21640022,2586.228,108.8136,0.0,0.0,0.0
241.9000000000001,39.96121625,-106.21640027,2586.228,108.8136,0.0,0.0,0.0
242.1000000000001,39.96121623,-106.21640043,2586.228,108.8136,0.0,0.0,0.0
242.20000000000005,39.96121619,-106.21640054,2586.228,108.8136,0.0,0.0,0.0
242.29999999999995,39.96121611,-106.21640066,2586.228,108.8136,0.0,0.0,0.0
242.4000000000001,39.96121604,-106.21640076,2586.228,108.8136,0.0,0.0,0.0
242.5,39.96121595,-106.21640085,2586.228,108.8136,0.0,0.0,0.0
242.6000000000001,39.96121588,-106.21640093,2586.228,108.8136,0.0,0.0,0.0
242.70000000000005,39.96121581,-106.21640103,2586.228,108.8136,0.0,0.0,0.0
242.79999999999995,39.96121575,-106.21640111,2586.228,108.8136,0.0,0.0,0.0
242.9000000000001,39.96121569,-106.21640121,2586.228,108.8136,0.0,0.0,0.0
243.1000000000001,39.9612156,-106.21640137,2586.228,108.8136,0.491744,0.0,0.0
243.20000000000005,39.96121557,-106.21640143,2586.228,108.8136,0.312928,0.0,0.0
243.29999999999995,39.96121552,-106.21640148,2586.228,108.8136,0.0,0.0,0.0
243.4000000000001,39.96121547,-106.2164015,2586.228,108.8136,0.0,0.0,0.0
243.5,39.96121541,-106.21640151,2586.228,108.8136,0.0,0.0,0.0
243.6000000000001,39.96121536,-106.21640151,2586.228,108.8136,0.0,0.0,0.0
243.70000000000005,39.9612153,-106.21640153,2586.228,108.8136,0.0,0.0,0.0
243.79999999999995,39.96121525,-106.21640154,2586.228,108.8136,0.0,0.0,0.0
243.9000000000001,39.96121519,-106.21640158,2586.228,108.8136,0.0,0.089408,0.0
244.0,39.96121511,-106.21640169,2586.228,108.8136,0.0,0.0,0.0
244.1000000000001,39.96121495,-106.21640187,2586.228,108.8136,0.0,0.0,225.0
244.20000000000005,39.96121478,-106.21640208,2586.228,108.8136,0.0,0.0,225.0
244.29999999999995,39.96121455,-106.21640236,2586.228,108.8136,0.491744,0.089408,225.0
244.4000000000001,39.96121432,-106.21640266,2586.228,108.8136,0.0,0.22352,248.19859051364816
244.6000000000001,39.96121381,-106.21640328,2586.228,108.69168000000002,0.44704,0.22352,225.0
244.70000000000005,39.96121359,-106.21640358,2586.228,108.69168000000002,0.0,0.089408,225.0
244.79999999999995,39.9612134,-106.21640382,2586.228,108.69168000000002,0.0,0.0,225.0
244.9000000000001,39.96121322,-106.21640403,2586.228,108.69168000000002,0.0,0.0,225.0
245.1000000000001,39.96121298,-106.2164044,2586.228,108.69168000000002,0.0,0.0,270.0
245.20000000000005,39.9612129,-106.21640457,2586.228,108.69168000000002,0.0,0.0,270.0
245.29999999999995,39.96121283,-106.21640473,2586.228,108.69168000000002,0.0,0.0,0.0
245.4000000000001,39.96121278,-106.21640486,2586.228,108.69168000000002,0.491744,0.0,0.0
245.6000000000001,39.96121264,-106.21640511,2586.228,108.69168000000002,0.0,0.0,0.0
245.70000000000005,39.96121259,-106.21640522,2586.228,108.69168000000002,0.0,0.0,0.0
245.79999999999995,39.96121254,-106.2164053,2586.228,108.69168000000002,0.0,0.0,0.0
245.9000000000001,39.9612125,-106.21640536,2586.228,108.69168000000002,0.0,0.089408,0.0
246.0,39.96121246,-106.21640541,2586.228,108.69168000000002,0.0,0.312928,0.0
246.1000000000001,39.96121241,-106.21640544,2586.228,108.69168000000002,0.0,0.312928,0.0
246.20000000000005,39.96121235,-106.21640546,2586.228,108.60024,0.0,0.491744,0.0
246.29999999999995,39.96121229,-106.21640547,2585.9232,108.5088,0.0,0.581152,0.0
246.4000000000001,39.96121226,-106.21640547,2585.9232,108.5088,0.0,0.715264,0.0
246.5,39.96121223,-106.21640548,2585.9232,108.38688000000002,0.0,0.804672,0.0
246.6000000000001,39.96121222,-106.21640548,2585.9232,108.29544,0.0,0.89408,0.0
246.70000000000005,39.96121223,-106.21640551,2585.6184000000003,108.204,0.0,0.983488,0.0
246.79999999999995,39.96121225,-106.21640553,2585.6184000000003,108.11256,0.0,1.1176,0.0
247.0,39.96121231,-106.21640563,2585.3136,107.80776,0.0,1.296416,0.0
247.1000000000001,39.96121234,-106.21640566,2585.3136,107.68584,0.0,1.385824,0.0
247.20000000000005,39.96121237,-106.21640567,2585.0088,107.5944,0.0,1.385824,0.0
247.29999999999995,39.96121238,-106.21640566,2585.0088,107.41152,0.0,1.519936,0.0
247.5,39.96121241,-106.21640562,2584.704,107.10672,0.0,1.78816,0.0
247.70000000000005,39.96121246,-106.21640554,2584.0944,106.71048000000002,0.0,2.01168,0.0
247.9000000000001,39.96121251,-106.21640539,2583.7896,106.31424,0.0,2.190496,0.0
248.0,39.96121253,-106.21640532,2583.4848,106.00944,0.0,2.279904,0.0
248.1000000000001,39.96121253,-106.21640527,2583.4848,105.79608000000002,0.0,2.414016,0.0
248.20000000000005,39.96121255,-106.2164052,2583.1800000000003,105.49128000000002,0.0,2.503424,0.0
248.29999999999995,39.96121258,-106.21640514,2582.8752,105.3084,0.0,2.592832,90.0
248.4000000000001,39.96121263,-106.21640506,2582.5704,105.0036,0.0,2.68224,0.0
248.6000000000001,39.96121268,-106.21640495,2581.9608000000003,104.394,0.44704,2.816352,0.0
248.70000000000005,39.96121269,-106.21640493,2581.656,104.0892,0.0,2.90576,0.0
248.79999999999995,39.96121271,-106.2164049,2581.3512,103.81488000000002,0.0,2.995168,0.0
248.9000000000001,39.96121274,-106.21640488,2581.0464,103.51008000000002,0.0,2.995168,0.0
249.0,39.9612128,-106.21640484,2580.7416000000003,103.20528000000002,0.0,2.995168,0.0
249.1000000000001,39.96121285,-106.21640484,2580.4368,102.90048000000002,0.0,2.995168,0.0
249.20000000000005,39.96121287,-106.21640484,2580.132,102.59568000000002,0.0,2.90576,0.0
249.29999999999995,39.9612129,-106.21640483,2579.8272,102.29088000000002,0.0,2.90576,0.0
249.4000000000001,39.961213,-106.21640483,2579.5224000000003,102.108,0.0,2.90576,0.0
249.5,39.96121305,-106.21640486,2579.2176,101.8032,0.0,2.90576,0.0
249.70000000000005,39.96121307,-106.21640498,2578.608,101.1936,0.0,2.995168,0.0
249.79999999999995,39.96121307,-106.21640504,2578.3032000000003,100.8888,0.0,2.90576,0.0
249.9000000000001,39.96121307,-106.21640509,2577.9984,100.61448,0.0,2.90576,0.0
250.0,39.9612131,-106.21640512,2577.6936,100.30968,0.0,2.90576,0.0
250.1000000000001,39.96121313,-106.21640517,2577.3888,100.00488,0.0,2.90576,0.0
250.20000000000005,39.96121317,-106.21640522,2577.3888,99.70008,0.0,2.995168,0.0
250.29999999999995,39.96121324,-106.21640526,2577.0840000000003,99.39528,0.0,2.90576,0.0
250.4000000000001,39.9612133,-106.21640526,2576.7792,99.09048,0.0,2.90576,0.0
250.6000000000001,39.96121347,-106.21640529,2576.1696,98.51136,0.0,2.995168,0.0
250.79999999999995,39.96121351,-106.21640521,2575.56,97.90176,0.0,2.995168,0.0
251.0,39.96121359,-106.2164051,2574.6456000000003,97.20072,0.0,2.995168,0.0
251.1000000000001,39.96121361,-106.21640504,2574.3408,96.89592,0.0,2.90576,0.0
251.20000000000005,39.96121369,-106.21640497,2574.3408,96.71304,0.0,2.90576,0.0
251.29999999999995,39.96121375,-106.21640493,2574.036,96.40824,0.0,2.90576,0.0
251.4000000000001,39.9612138,-106.21640491,2573.7312,96.10344,0.0,2.90576,0.0
251.5,39.9612139,-106.21640489,2573.4264000000003,95.79864,0.0,2.90576,0.0
251.6000000000001,39.96121403,-106.21640486,2573.1216,95.49384,0.0,2.90576,0.0
251.70000000000005,39.96121409,-106.21640481,2572.8168,95.18904,0.0,2.90576,0.0
251.79999999999995,39.96121418,-106.21640474,2572.512,94.91472,0.0,2.995168,0.0
251.9000000000001,39.96121427,-106.2164047,2572.2072000000003,94.60992,0.0,2.995168,0.0
252.0,39.96121432,-106.21640466,2571.9024,94.30512,0.0,2.90576,0.0
252.20000000000005,39.96121435,-106.2164046,2571.2928,93.69552,0.0,2.995168,0.0
252.29999999999995,39.9612143,-106.21640462,2570.9880000000003,93.39072,0.0,2.90576,0.0
252.4000000000001,39.96121426,-106.21640461,2570.6832,93.08592,0.0,2.90576,0.0
252.5,39.96121426,-106.21640462,2570.3784,92.8116,0.0,2.995168,0.0
252.6000000000001,39.96121428,-106.21640462,2570.0736,92.5068,0.0,2.995168,0.0
252.70000000000005,39.96121429,-106.21640458,2569.7688000000003,92.202,0.0,2.90576,0.0
252.79999999999995,39.96121431,-106.2164045,2569.464,91.8972,0.0,2.90576,0.0
252.9000000000001,39.96121433,-106.21640444,2569.1592,91.5924,0.0,2.90576,0.0
253.1000000000001,39.9612143,-106.21640433,2568.5496000000003,91.01328,0.0,2.90576,0.0
253.20000000000005,39.9612143,-106.21640427,2568.2448,90.70848,0.0,2.90576,0.0
253.29999999999995,39.96121427,-106.21640424,2567.94,90.40368,0.0,2.90576,0.0
253.5,39.9612141,-106.21640418,2567.3304000000003,89.79408000000001,0.312928,2.90576,0.0
253.6000000000001,39.96121407,-106.21640415,2567.0256,89.48928000000001,0.0,2.995168,0.0
253.70000000000005,39.961214,-106.21640413,2566.7208,89.21496,0.67056,2.995168,0.0
253.79999999999995,39.96121395,-106.21640409,2566.416,88.91016,0.0,2.995168,0.0
253.9000000000001,39.96121393,-106.21640409,2566.1112000000003,88.60536,0.0,2.995168,0.0
254.0,39.96121388,-106.21640408,2565.8064,88.30056,0.491744,2.995168,0.0
254.1000000000001,39.96121381,-106.21640407,2565.5016,87.99576,0.0,2.90576,0.0
254.20000000000005,39.96121376,-106.21640406,2565.1968,87.69096,0.0,2.90576,0.0
254.29999999999995,39.9612137,-106.21640408,2564.8920000000003,87.38616,0.0,2.995168,0.0
254.4000000000001,39.96121369,-106.21640412,2564.5872,87.11184,0.0,2.995168,0.0
254.5,39.96121365,-106.21640413,2564.2824,86.80704000000001,0.0,2.995168,0.0
254.6000000000001,39.96121363,-106.21640409,2563.9776,86.50224000000001,0.0,2.995168,0.0
254.70000000000005,39.96121365,-106.21640405,2563.6728000000003,86.19744000000001,0.0,2.995168,0.0
254.79999999999995,39.96121367,-106.21640401,2563.368,85.89264000000001,0.0,2.90576,0.0
254.9000000000001,39.96121365,-106.21640394,2563.0632,85.58784000000001,0.0,2.90576,0.0
255.0,39.9612137,-106.21640388,2562.7584,85.31352,0.0,2.90576,0.0
255.1000000000001,39.96121376,-106.21640385,2562.4536000000003,85.00872,0.0,2.90576,0.0
255.20000000000005,39.96121378,-106.2164038,2562.1488,84.70392,0.0,2.90576,0.0
255.29999999999995,39.96121377,-106.21640379,2561.844,84.39912,0.0,2.90576,0.0
255.4000000000001,39.96121381,-106.21640379,2561.5392,84.09432,0.0,2.995168,0.0
255.5,39.96121382,-106.21640383,2561.2344000000003,83.78952,0.0,2.995168,0.0
255.70000000000005,39.96121381,-106.21640386,2560.6248,83.08848,0.0,2.995168,0.0
255.79999999999995,39.96121381,-106.21640383,2560.32,82.81416,0.0,2.995168,0.0
255.9000000000001,39.96121381,-106.21640381,2560.0152000000003,82.50936,0.0,2.995168,0.0
256.10000000000014,39.96121383,-106.21640373,2559.4056,81.9912,0.0,2.90576,0.0
256.20000000000005,39.96121383,-106.21640373,2559.1008,81.6864,0.0,2.995168,0.0
256.29999999999995,39.96121385,-106.21640374,2558.7960000000003,81.41208000000002,0.0,2.995168,0.0
256.4000000000001,39.9612139,-106.21640375,2558.4912,81.10728000000002,0.0,2.995168,0.0
256.5,39.96121392,-106.21640375,2558.4912,80.80248000000002,0.0,2.995168,0.0
256.60000000000014,39.96121397,-106.21640369,2558.1864,80.49768000000002,0.0,2.90576,0.0
256.70000000000005,39.96121402,-106.21640364,2557.5768000000003,80.10144000000001,0.0,2.995168,0.0
256.79999999999995,39.96121403,-106.21640362,2557.5768000000003,79.88808000000002,0.0,2.995168,0.0
256.9000000000001,39.96121401,-106.21640366,2556.9672,79.49184000000001,0.0,2.995168,0.0
257.0,39.96121407,-106.21640366,2556.6624,79.18704000000001,0.491744,2.995168,0.0
257.10000000000014,39.96121416,-106.21640365,2556.3576000000003,78.91272,0.0,2.995168,0.0
257.20000000000005,39.96121421,-106.21640362,2556.3576000000003,78.69936,0.0,2.90576,0.0
257.29999999999995,39.96121425,-106.21640359,2556.0528,78.39456,0.0,2.995168,0.0
257.4000000000001,39.96121434,-106.21640356,2555.4432,77.99832,0.0,2.995168,0.0
257.5,39.96121438,-106.21640355,2555.1384000000003,77.69352,0.0,2.995168,0.0
257.60000000000014,39.96121434,-106.21640356,2554.8336,77.38872,0.0,2.995168,0.0
257.70000000000005,39.96121429,-106.2164036,2554.5288,77.1144,0.0,2.90576,0.0
257.79999999999995,39.96121433,-106.21640361,2554.5288,76.90104000000001,0.0,2.90576,0.0
257.9000000000001,39.96121436,-106.21640363,2554.224,76.59624000000001,0.67056,2.90576,0.0
258.0,39.96121435,-106.2164036,2553.9192000000003,76.29144000000001,0.0,2.90576,0.0
258.20000000000005,39.96121432,-106.21640355,2553.3096,75.71232,0.0,2.90576,0.0
258.29999999999995,39.96121428,-106.21640357,2553.0048,75.40752,0.0,2.90576,0.0
258.4000000000001,39.96121427,-106.21640358,2552.7000000000003,75.10272,0.0,2.90576,0.0
258.60000000000014,39.96121431,-106.21640357,2552.0904,74.49312,0.0,2.995168,0.0
258.70000000000005,39.9612143,-106.21640356,2551.7856,74.18832,0.0,2.995168,0.0
258.79999999999995,39.9612143,-106.21640349,2551.4808000000003,73.914,0.0,2.995168,0.0
258.9000000000001,39.96121435,-106.21640346,2551.176,73.6092,0.0,2.995168,0.0
259.0,39.96121441,-106.21640342,2550.8712,73.3044,0.0,2.90576,0.0
259.10000000000014,39.96121437,-106.21640344,2550.5664,72.9996,0.0,2.90576,0.0
259.20000000000005,39.96121436,-106.21640348,2550.2616000000003,72.6948,0.0,2.90576,0.0
259.29999999999995,39.96121447,-106.21640355,2549.9568,72.39,0.0,2.90576,0.0
259.4000000000001,39.96121454,-106.21640357,2549.652,72.0852,0.0,2.995168,0.0
259.5,39.96121455,-106.21640354,2549.3472,71.81088,0.491744,2.90576,0.0
259.70000000000005,39.96121455,-106.21640341,2548.7376,71.20128,0.0,2.90576,0.0
259.79999999999995,39.96121458,-106.21640333,2548.4328,70.89648,0.0,2.90576,0.0
259.9000000000001,39.96121461,-106.21640329,2548.128,70.59168,0.491744,2.995168,0.0
260.0,39.96121462,-106.21640326,2547.8232000000003,70.28688,0.491744,2.995168,0.0
260.10000000000014,39.96121459,-106.21640321,2547.5184,70.01256,0.0,2.90576,0.0
260.20000000000005,39.96121466,-106.21640317,2547.2136,69.70776,0.0,2.995168,0.0
260.4000000000001,39.96121473,-106.21640312,2546.6040000000003,69.09816,0.0,2.90576,0.0
260.5,39.96121474,-106.21640306,2546.2992,68.79336,0.0,2.90576,0.0
260.60000000000014,39.96121474,-106.21640302,2545.9944,68.48856,0.0,2.995168,0.0
260.70000000000005,39.96121474,-106.21640301,2545.6896,68.21424,0.0,2.995168,0.0
260.79999999999995,39.96121478,-106.21640297,2545.6896,68.00088,0.0,2.90576,0.0
261.0,39.96121479,-106.21640291,2545.08,67.39128,0.0,2.816352,0.0
261.10000000000014,39.9612148,-106.21640289,2544.7752,67.08648,0.0,2.90576,0.0
261.20000000000005,39.96121477,-106.21640289,2544.4704,66.81216,0.0,2.90576,0.0
261.4000000000001,39.96121468,-106.21640291,2543.8608,66.20256,0.0,2.995168,0.0
261.5,39.9612147,-106.21640294,2543.2512,65.80632,0.0,2.995168,0.0
261.60000000000014,39.96121469,-106.21640297,2542.9464000000003,65.50152,0.0,2.995168,0.0
261.70000000000005,39.96121468,-106.21640302,2542.9464000000003,65.28816,0.0,2.90576,0.0
261.79999999999995,39.96121475,-106.21640306,2542.6416,65.01384,0.0,2.90576,0.0
261.9000000000001,39.96121482,-106.21640309,2542.3368,64.70904,0.0,2.995168,0.0
262.0,39.96121487,-106.21640308,2542.032,64.40424,0.0,2.995168,0.0
262.20000000000005,39.96121494,-106.21640303,2541.4224,63.79464000000001,0.0,2.90576,0.0
262.29999999999995,39.96121491,-106.21640295,2541.1176,63.48984000000001,0.0,2.995168,0.0
262.4000000000001,39.96121492,-106.21640289,2540.8128,63.18504000000001,0.0,2.995168,0.0
262.60000000000014,39.961215,-106.21640287,2540.2032,62.605920000000005,0.0,2.995168,0.0
262.79999999999995,39.96121502,-106.21640278,2539.5936,61.99632,0.0,2.90576,0.0
263.0,39.96121499,-106.21640275,2538.984,61.38672,0.0,2.90576,0.0
263.10000000000014,39.96121501,-106.21640277,2538.6792,61.1124,0.0,2.995168,0.0
263.20000000000005,39.96121499,-106.21640275,2538.3744,60.8076,0.0,2.995168,0.0
263.29999999999995,39.96121491,-106.21640273,2538.0696000000003,60.5028,0.0,2.90576,0.0
263.5,39.96121493,-106.2164027,2537.46,59.8932,0.0,2.90576,0.0
263.60000000000014,39.96121499,-106.21640274,2537.1552,59.5884,0.0,2.90576,0.0
263.70000000000005,39.96121502,-106.21640278,2536.8504000000003,59.31408,0.0,2.90576,0.0
263.79999999999995,39.96121501,-106.21640279,2536.5456,59.00928,0.0,2.90576,0.0
263.9000000000001,39.961215,-106.21640283,2536.2408,58.70448,0.0,2.90576,0.0
264.0,39.96121503,-106.21640287,2535.936,58.39968,0.0,2.90576,0.0
264.10000000000014,39.96121502,-106.21640292,2535.6312000000003,58.09488,0.0,2.995168,0.0
264.20000000000005,39.961215,-106.21640297,2535.3264,57.912000000000006,0.0,2.995168,0.0
264.29999999999995,39.96121498,-106.21640302,2535.0216,57.607200000000006,0.0,2.90576,0.0
264.5,39.96121498,-106.21640288,2534.4120000000003,56.997600000000006,0.0,2.90576,90.0
264.60000000000014,39.96121504,-106.21640274,2534.1072,56.692800000000005,0.0,2.90576,90.0
264.70000000000005,39.96121508,-106.2164026,2533.8024,56.388000000000005,0.0,2.90576,90.0
264.79999999999995,39.96121512,-106.21640248,2533.4976,56.11368,0.0,2.90576,0.0
264.9000000000001,39.96121514,-106.21640241,2533.1928000000003,55.80888,0.0,2.995168,0.0
265.0,39.96121511,-106.21640238,2532.888,55.50408,0.491744,2.90576,0.0
265.10000000000014,39.96121508,-106.21640239,2532.888,55.19928,0.0,2.995168,0.0
265.20000000000005,39.96121516,-106.2164024,2532.5832,54.89448,0.491744,2.995168,0.0
265.29999999999995,39.96121524,-106.2164024,2532.2784,54.58968,0.0,2.995168,0.0
265.4000000000001,39.9612153,-106.21640238,2531.9736000000003,54.28488,0.0,2.995168,0.0
265.5,39.96121535,-106.21640238,2531.6688,54.01056,0.0,2.995168,0.0
265.60000000000014,39.96121539,-106.21640236,2531.364,53.70576,0.0,2.995168,0.0
265.70000000000005,39.96121537,-106.21640234,2531.0592,53.40096,0.0,2.995168,0.0
265.79999999999995,39.9612153,-106.21640233,2530.7544000000003,53.09616,0.0,2.90576,0.0
265.9000000000001,39.9612152,-106.21640234,2530.4496,52.79136,0.0,2.90576,0.0
266.0,39.96121514,-106.21640236,2530.1448,52.48656,0.0,2.995168,0.0
266.10000000000014,39.96121501,-106.2164024,2529.84,52.21224000000001,0.0,2.995168,0.0
266.29999999999995,39.96121483,-106.21640251,2529.2304,51.60264000000001,0.0,2.90576,0.0
266.4000000000001,39.96121486,-106.2164026,2528.9256,51.38928,0.0,2.995168,0.0
266.60000000000014,39.961215,-106.21640281,2528.3160000000003,50.81016,0.0,2.90576,0.0
266.70000000000005,39.96121506,-106.21640284,2528.0112,50.50536,0.0,2.90576,0.0
266.79999999999995,39.96121514,-106.2164028,2527.7064,50.20056,0.0,2.90576,0.0
266.9000000000001,39.9612153,-106.21640273,2527.4016,49.89576,0.0,2.90576,0.0
267.0,39.96121543,-106.21640262,2527.0968000000003,49.59096,0.0,2.816352,90.0
267.10000000000014,39.96121546,-106.21640244,2526.792,49.40808,0.0,2.816352,90.0
267.20000000000005,39.96121544,-106.21640226,2526.4872,49.10328,0.0,2.90576,90.0
267.29999999999995,39.96121536,-106.21640216,2526.4872,48.79848,0.0,2.995168,0.0
267.4000000000001,39.96121527,-106.21640214,2526.1824,48.49368,0.0,2.995168,0.0
267.5,39.96121516,-106.21640221,2525.8776000000003,48.18888,0.0,2.995168,0.0
267.60000000000014,39.96121507,-106.21640228,2525.5728,47.91456,0.0,2.995168,0.0
267.70000000000005,39.96121499,-106.21640235,2524.9632,47.487840000000006,0.491744,2.995168,0.0
267.79999999999995,39.96121493,-106.21640241,2524.6584000000003,47.21352,0.0,3.084576,0.0
267.9000000000001,39.96121484,-106.2164025,2524.3536,46.90872,0.0,2.995168,0.0
268.0,39.96121478,-106.21640247,2524.0488,46.60392,0.0,2.995168,90.0
268.10000000000014,39.9612148,-106.21640237,2523.744,46.29912,0.0,2.995168,45.0
268.20000000000005,39.96121486,-106.21640227,2523.4392000000003,45.99432,0.0,2.995168,0.0
268.29999999999995,39.96121488,-106.21640219,2523.1344,45.68952,0.0,2.90576,0.0
268.4000000000001,39.96121493,-106.21640208,2522.8296,45.415200000000006,0.0,2.90576,90.0
268.5,39.96121501,-106.21640198,2522.8296,45.20184,0.0,2.90576,0.0
268.70000000000005,39.9612151,-106.21640185,2522.2200000000003,44.59224,0.0,2.90576,0.0
268.79999999999995,39.9612151,-106.21640178,2521.9152,44.28744,0.0,2.90576,0.0
268.9000000000001,39.96121506,-106.21640178,2521.6104,44.01312,0.0,2.90576,0.0
269.0,39.96121503,-106.21640181,2521.3056,43.70832,0.0,2.995168,0.0
269.10000000000014,39.96121494,-106.21640182,2520.696,43.31208,0.0,2.90576,0.0
269.29999999999995,39.96121482,-106.21640184,2520.3912,42.79392000000001,0.0,2.995168,0.0
269.4000000000001,39.96121478,-106.21640187,2520.0864,42.48912000000001,0.0,2.995168,0.0
269.5,39.96121471,-106.2164019,2519.7816000000003,42.2148,0.0,2.995168,0.0
269.60000000000014,39.96121472,-106.21640189,2519.4768,41.91,0.0,2.90576,0.0
269.70000000000005,39.96121473,-106.2164019,2519.172,41.6052,0.0,2.90576,0.0
269.79999999999995,39.96121474,-106.21640191,2518.8672,41.3004,0.0,2.90576,0.0
269.9000000000001,39.96121471,-106.21640191,2518.5624000000003,40.9956,0.0,2.90576,0.0
270.0,39.96121469,-106.21640189,2518.2576,40.6908,0.0,2.90576,0.0
270.10000000000014,39.96121467,-106.21640192,2517.9528,40.386,0.0,2.995168,0.0
270.20000000000005,39.96121468,-106.21640196,2517.648,40.11168,0.0,2.90576,0.0
270.29999999999995,39.96121464,-106.21640201,2517.3432000000003,39.80688,0.0,2.90576,0.0
270.4000000000001,39.96121462,-106.21640203,2517.0384,39.50208,0.0,2.90576,0.0
270.5,39.96121461,-106.21640208,2516.7336,39.19728,0.0,2.90576,0.0
270.60000000000014,39.9612146,-106.21640212,2516.4288,38.89248,0.0,2.90576,0.0
270.70000000000005,39.96121455,-106.21640217,2516.1240000000003,38.58768,0.491744,2.90576,0.0
270.9000000000001,39.96121453,-106.2164022,2515.5144,38.00856,0.0,2.90576,0.0
271.0,39.96121457,-106.21640217,2515.2096,37.70376,0.0,2.816352,0.0
271.10000000000014,39.96121456,-106.21640215,2514.9048000000003,37.39896,0.0,2.68224,0.0
271.20000000000005,39.96121454,-106.21640212,2514.6,37.09416,0.0,2.68224,0.0
271.29999999999995,39.96121451,-106.21640209,2514.2952,36.91128,0.0,2.816352,0.0
271.4000000000001,39.9612145,-106.21640208,2513.9904,36.60648,0.0,2.816352,0.0
271.5,39.96121445,-106.21640207,2513.9904,36.30168,0.0,2.68224,0.0
271.60000000000014,39.96121446,-106.21640201,2513.6856,35.99688,0.0,2.816352,0.0
271.70000000000005,39.96121452,-106.21640195,2513.3808,35.69208,0.0,2.68224,0.0
271.79999999999995,39.96121456,-106.21640189,2513.076,35.5092,0.0,2.68224,0.0
272.0,39.96121453,-106.21640181,2512.4664,34.8996,0.0,2.592832,0.0
272.10000000000014,39.96121451,-106.2164018,2512.1616,34.5948,0.0,2.592832,0.0
272.20000000000005,39.96121448,-106.21640179,2511.8568,34.41192,0.0,2.503424,0.0
272.4000000000001,39.96121442,-106.21640185,2511.552,33.89376,0.0,2.592832,0.0
272.5,39.96121439,-106.2164019,2511.2472,33.58896,0.0,2.592832,0.0
272.70000000000005,39.96121434,-106.21640192,2510.6376,33.10128,0.0,2.414016,0.0
272.79999999999995,39.96121433,-106.21640191,2510.3328,32.79648,0.0,2.414016,0.0
272.9000000000001,39.9612143,-106.21640194,2510.028,32.6136,0.0,2.503424,0.0
273.10000000000014,39.96121418,-106.21640203,2509.4184,32.004000000000005,0.0,2.503424,0.0
273.20000000000005,39.9612142,-106.21640205,2509.4184,31.79064,0.0,2.503424,0.0
273.29999999999995,39.96121423,-106.21640208,2509.1136,31.48584,0.0,2.414016,0.0
273.4000000000001,39.96121419,-106.21640209,2508.8088,31.30296,0.0,2.279904,0.0
273.5,39.96121416,-106.21640208,2508.504,30.99816,0.0,2.279904,0.0
273.70000000000005,39.96121428,-106.21640201,2508.1992,30.601920000000003,0.0,2.190496,0.0
273.79999999999995,39.96121432,-106.21640194,2507.8944,30.38856,0.0,2.190496,0.0
274.0,39.96121435,-106.21640182,2507.5896,29.90088,0.0,2.279904,0.0
274.10000000000014,39.96121433,-106.21640178,2507.2848,29.687520000000003,0.0,2.190496,0.0
274.20000000000005,39.96121435,-106.21640173,2506.98,29.50464,0.0,2.190496,0.0
274.29999999999995,39.96121445,-106.21640171,2506.6752,29.19984,0.0,2.190496,0.0
274.4000000000001,39.96121454,-106.21640168,2506.6752,28.98648,0.0,2.101088,0.0
274.5,39.96121456,-106.21640166,2506.3704,28.803600000000003,0.0,2.101088,0.0
274.70000000000005,39.96121461,-106.21640166,2506.0656,28.40736,0.0,2.101088,0.0
274.79999999999995,39.96121462,-106.21640168,2505.7608,28.102560000000004,0.0,2.101088,0.0
274.9000000000001,39.96121461,-106.2164017,2505.456,27.8892,0.0,2.01168,0.0
275.0,39.96121463,-106.2164017,2505.1512,27.70632,0.0,2.01168,0.0
275.20000000000005,39.96121473,-106.21640178,2504.8464,27.31008,0.0,2.01168,0.0
275.29999999999995,39.96121472,-106.21640182,2504.5416,27.096720000000005,0.0,2.01168,0.0
275.4000000000001,39.96121471,-106.21640182,2504.5416,26.91384,0.0,2.01168,0.0
275.5,39.96121472,-106.2164018,2504.2368,26.70048,0.0,2.01168,0.0
275.60000000000014,39.96121477,-106.21640177,2503.932,26.487120000000004,0.0,2.01168,0.0
275.70000000000005,39.96121473,-106.21640176,2503.932,26.30424,0.0,1.922272,0.0
275.79999999999995,39.96121472,-106.21640169,2503.6272,26.09088,0.0,1.922272,0.0
275.9000000000001,39.96121475,-106.21640162,2503.3224,25.908,0.0,1.922272,0.0
276.0,39.96121476,-106.21640158,2503.3224,25.69464,0.0,1.922272,0.0
276.10000000000014,39.96121467,-106.21640154,2503.0176,25.51176,0.0,1.922272,0.0
276.20000000000005,39.96121463,-106.2164015,2502.7128,25.2984,0.0,1.922272,0.0
276.29999999999995,39.96121463,-106.21640154,2502.7128,25.08504,0.0,1.922272,0.0
276.4000000000001,39.96121461,-106.21640158,2502.408,24.90216,0.0,1.922272,0.0
276.5,39.96121453,-106.21640162,2502.1032,24.6888,0.0,1.78816,0.0
276.60000000000014,39.96121452,-106.21640164,2502.1032,24.505920000000003,0.0,1.78816,0.0
276.70000000000005,39.96121456,-106.21640171,2501.7984,24.29256,0.0,1.78816,0.0
276.9000000000001,39.9612146,-106.21640186,2501.4936,23.98776,0.0,1.78816,0.0
277.0,39.96121467,-106.21640193,2501.1888,23.80488,0.0,1.6987519999999998,0.0
277.10000000000014,39.96121475,-106.21640212,2501.1888,23.591520000000003,0.0,1.78816,315.0
277.20000000000005,39.96121484,-106.21640233,2501.1888,23.50008,0.0,1.78816,315.0
277.29999999999995,39.96121491,-106.21640256,2500.884,23.286720000000003,0.0,1.6987519999999998,0.0
277.4000000000001,39.96121501,-106.21640269,2500.5792,23.10384,0.0,1.6987519999999998,0.0
277.5,39.96121509,-106.21640279,2500.5792,22.89048,0.0,1.6987519999999998,0.0
277.60000000000014,39.96121518,-106.2164029,2500.2744,22.79904,0.0,1.6987519999999998,0.0
277.70000000000005,39.96121522,-106.21640302,2500.2744,22.58568,0.0,1.6987519999999998,0.0
277.9000000000001,39.96121509,-106.21640326,2499.6648,22.18944,0.0,1.78816,270.0
278.0,39.96121505,-106.21640348,2499.6648,22.098000000000003,0.0,1.922272,270.0
278.10000000000014,39.96121485,-106.21640371,2499.36,21.91512,0.0,1.78816,180.0
278.20000000000005,39.96121458,-106.21640373,2499.36,21.701760000000004,0.491744,1.6987519999999998,180.0
278.4000000000001,39.96121445,-106.21640356,2499.0552,21.396960000000004,0.0,1.519936,90.0
278.5,39.96121447,-106.21640341,2498.7504,21.30552,0.312928,1.385824,0.0
278.60000000000014,39.96121445,-106.2164033,2498.7504,21.092160000000003,0.0,1.385824,0.0
278.70000000000005,39.96121444,-106.21640323,2498.4456,21.00072,0.67056,1.385824,0.0
278.79999999999995,39.9612145,-106.2164032,2498.4456,20.787360000000003,0.0,1.519936,0.0
278.9000000000001,39.96121456,-106.21640322,2498.1408,20.695920000000005,0.0,1.519936,0.0
279.0,39.96121466,-106.2164032,2498.1408,20.51304,0.0,1.519936,0.0
279.10000000000014,39.96121483,-106.21640316,2497.836,20.391120000000004,0.0,1.519936,21.80140948635181
279.20000000000005,39.96121501,-106.21640306,2497.836,20.20824,0.0,1.519936,45.0
279.29999999999995,39.96121508,-106.21640299,2497.5312,19.99488,0.0,1.519936,90.0
279.4000000000001,39.96121507,-106.2164029,2497.5312,19.90344,0.0,1.519936,0.0
279.5,39.961215,-106.21640288,2497.2264,19.812,0.0,1.385824,0.0
279.60000000000014,39.961215,-106.21640291,2497.2264,19.59864,0.0,1.519936,0.0
279.70000000000005,39.96121505,-106.21640291,2496.9216,19.5072,0.0,1.519936,0.0
279.79999999999995,39.96121511,-106.21640288,2496.9216,19.29384,0.0,1.519936,0.0
279.9000000000001,39.9612152,-106.21640284,2496.6168,19.11096,0.0,1.519936,0.0
280.0,39.96121533,-106.21640278,2496.6168,18.98904,0.0,1.519936,0.0
280.20000000000005,39.96121545,-106.21640262,2496.3120000000004,18.71472,0.0,1.385824,0.0
280.20000000000005,39.96121545,-106.21640262,2496.3120000000004,18.71472,0.0,1.385824,0.0
280.29999999999995,39.96121545,-106.21640257,2496.0072,18.5928,0.0,1.385824,0.0
280.4000000000001,39.96121543,-106.21640251,2496.0072,18.40992,0.0,1.385824,0.0
280.5,39.96121536,-106.21640248,2495.7024,18.288,0.0,1.385824,0.0
280.60000000000014,39.96121536,-106.21640245,2495.7024,18.10512,0.0,1.385824,0.0
280.79999999999995,39.96121552,-106.21640252,2495.3976,17.89176,0.0,1.296416,0.0
280.9000000000001,39.96121573,-106.2164027,2495.0928000000004,17.70888,0.0,1.385824,344.05460409907715
281.0,39.96121605,-106.21640296,2495.0928000000004,17.58696,0.0,1.296416,330.94539590092285
281.10000000000014,39.96121642,-106.21640336,2495.0928000000004,17.49552,0.491744,1.296416,335.55604521958344
281.20000000000005,39.96121687,-106.21640377,2494.788,17.31264,0.67056,1.385824,335.55604521958344
281.29999999999995,39.96121732,-106.21640426,2494.788,17.09928,0.67056,1.385824,327.5288077091515
281.5,39.96121828,-106.21640518,2494.4832,16.88592,0.67056,1.296416,327.5288077091515
281.60000000000014,39.96121878,-106.21640558,2494.1784,16.70304,0.625856,1.385824,335.55604521958344
281.70000000000005,39.96121919,-106.21640597,2494.1784,16.6116,0.67056,1.385824,335.55604521958344
281.79999999999995,39.96121958,-106.21640634,2494.1784,16.48968,0.67056,1.385824,335.55604521958344
281.9000000000001,39.96121985,-106.21640668,2493.8736000000004,16.3068,0.67056,1.296416,330.94539590092285
282.0,39.96122013,-106.216407,2493.8736000000004,16.18488,0.67056,1.296416,330.94539590092285
282.10000000000014,39.96122042,-106.21640727,2493.5688,16.002000000000002,0.0,1.385824,330.94539590092285
282.20000000000005,39.96122076,-106.21640751,2493.5688,15.910560000000002,0.491744,1.296416,347.4711922908485
282.29999999999995,39.96122111,-106.21640768,2493.264,15.78864,0.491744,1.296416,349.695153531234
282.4000000000001,39.9612215,-106.21640782,2493.264,15.605760000000002,0.491744,1.296416,349.695153531234
282.5,39.96122183,-106.21640792,2492.9592,15.51432,0.491744,1.296416,347.4711922908485
282.60000000000014,39.96122214,-106.216408,2492.9592,15.300960000000002,0.491744,1.296416,0.0
282.70000000000005,39.96122241,-106.21640809,2492.6544000000004,15.20952,0.0,1.296416,0.0
282.79999999999995,39.96122263,-106.21640813,2492.6544000000004,15.0876,0.67056,1.296416,0.0
283.0,39.96122292,-106.21640807,2492.3496,14.81328,0.0,1.207008,0.0
283.0,39.96122292,-106.21640807,2492.3496,14.81328,0.0,1.207008,0.0
283.20000000000005,39.96122288,-106.21640815,2492.0448,14.59992,0.0,1.207008,0.0
283.29999999999995,39.96122275,-106.21640826,2492.0448,14.38656,0.0,1.296416,0.0
283.4000000000001,39.96122268,-106.21640836,2491.74,14.29512,0.0,1.296416,0.0
283.5,39.96122258,-106.21640848,2491.74,14.20368,0.0,1.296416,0.0
283.60000000000014,39.96122245,-106.21640849,2491.74,14.11224,0.0,1.296416,0.0
283.70000000000005,39.96122231,-106.21640847,2491.4352000000003,13.898880000000002,0.0,1.296416,0.0
283.79999999999995,39.96122224,-106.21640838,2491.4352000000003,13.80744,0.0,1.385824,90.0
283.9000000000001,39.96122224,-106.21640831,2491.1304,13.594080000000002,0.491744,1.385824,90.0
284.0,39.96122221,-106.2164082,2491.1304,13.50264,0.491744,1.296416,90.0
284.10000000000014,39.96122215,-106.21640811,2490.8256,13.4112,0.0,1.296416,90.0
284.20000000000005,39.96122215,-106.21640796,2490.8256,13.19784,0.0,1.296416,90.0
284.29999999999995,39.96122222,-106.21640783,2490.5208,13.1064,0.0,1.296416,90.0
284.5,39.96122226,-106.21640753,2490.2160000000003,12.8016,0.0,1.207008,90.0
284.60000000000014,39.96122229,-106.21640738,2490.2160000000003,12.710160000000002,0.0,1.296416,90.0
284.70000000000005,39.96122227,-106.21640731,2490.2160000000003,12.58824,0.0,1.296416,90.0
284.79999999999995,39.96122223,-106.21640723,2489.9112,12.405360000000002,0.0,1.296416,90.0
285.0,39.96122226,-106.21640716,2489.6064,12.192,0.0,1.207008,0.0
285.10000000000014,39.96122227,-106.21640717,2489.6064,12.100560000000002,0.0,1.207008,0.0
285.20000000000005,39.96122232,-106.21640716,2489.3016,11.8872,0.0,1.207008,0.0
285.4000000000001,39.96122245,-106.21640727,2489.3016,11.70432,0.0,1.207008,0.0
285.5,39.96122246,-106.21640731,2488.9968000000003,11.61288,0.0,1.207008,0.0
285.60000000000014,39.96122244,-106.21640729,2488.9968000000003,11.39952,0.0,1.207008,0.0
285.70000000000005,39.96122236,-106.21640722,2488.692,11.30808,0.0,1.207008,0.0
285.79999999999995,39.96122228,-106.21640713,2488.692,11.18616,0.0,1.296416,0.0
285.9000000000001,39.96122211,-106.21640703,2488.3872,11.00328,0.0,1.296416,180.0
286.0,39.96122195,-106.21640691,2488.3872,10.91184,0.0,1.207008,135.0
286.10000000000014,39.96122175,-106.2164068,2488.3872,10.78992,0.0,1.207008,135.0
286.20000000000005,39.96122156,-106.21640667,2488.0824,10.60704,0.0,1.1176,135.0
286.20000000000005,39.96122156,-106.21640667,2488.0824,10.60704,0.0,1.1176,135.0
286.29999999999995,39.96122138,-106.21640659,2488.0824,10.48512,0.0,1.207008,90.0
286.4000000000001,39.96122123,-106.21640652,2488.0824,10.393680000000002,0.0,1.207008,0.0
286.5,39.96122108,-106.2164065,2487.7776000000003,10.30224,0.0,1.1176,0.0
286.60000000000014,39.96122094,-106.21640643,2487.7776000000003,10.2108,0.0,1.207008,90.0
286.79999999999995,39.96122061,-106.21640625,2487.4728,9.906,0.0,1.207008,135.0
286.9000000000001,39.96122031,-106.21640612,2487.4728,9.814560000000002,0.0,1.207008,135.0
287.0,39.96122012,-106.21640598,2487.168,9.6012,0.0,1.207008,90.0
287.20000000000005,39.96121981,-106.21640574,2486.8632,9.38784,0.0,1.1176,90.0
287.29999999999995,39.96121971,-106.21640563,2486.8632,9.2964,0.0,1.1176,90.0
287.4000000000001,39.96121963,-106.21640549,2486.8632,9.20496,0.0,0.983488,90.0
287.60000000000014,39.96121962,-106.21640518,2486.5584000000003,8.9916,0.0,0.983488,180.0
287.70000000000005,39.96121962,-106.21640506,2486.5584000000003,8.90016,0.0,0.983488,180.0
287.79999999999995,39.96121966,-106.21640493,2486.2536,8.80872,0.0,1.1176,180.0
287.9000000000001,39.96121976,-106.21640487,2486.2536,8.6868,0.0,0.983488,0.0
288.0,39.96121992,-106.21640479,2486.2536,8.59536,0.0,0.983488,0.0
288.10000000000014,39.96122015,-106.21640467,2485.9488,8.50392,0.0,0.983488,0.0
288.20000000000005,39.96122043,-106.21640449,2485.9488,8.41248,0.0,0.983488,21.80140948635181
288.4000000000001,39.96122102,-106.21640415,2485.644,8.19912,0.312928,0.983488,0.0
288.5,39.9612212,-106.21640396,2485.644,8.10768,0.0,0.89408,45.0
288.60000000000014,39.9612213,-106.21640374,2485.644,7.98576,0.0,0.89408,45.0
288.70000000000005,39.96122126,-106.21640354,2485.3392000000003,7.89432,0.0,0.89408,90.0
288.79999999999995,39.96122114,-106.21640335,2485.3392000000003,7.802880000000001,0.0,0.89408,90.0
288.9000000000001,39.96122087,-106.21640319,2485.3392000000003,7.71144,0.0,0.89408,90.0
289.0,39.96122058,-106.21640303,2485.0344,7.58952,0.0,0.89408,90.0
289.10000000000014,39.96122018,-106.2164029,2485.0344,7.498080000000001,0.0,0.89408,135.0
289.20000000000005,39.96121974,-106.21640277,2485.0344,7.498080000000001,0.67056,0.89408,158.19859051364824
289.29999999999995,39.96121923,-106.21640267,2485.0344,7.40664,0.67056,0.89408,180.0
289.4000000000001,39.96121879,-106.21640255,2484.7296,7.315200000000001,0.491744,0.89408,180.0
289.5,39.96121829,-106.21640244,2484.7296,7.193280000000001,0.491744,0.89408,180.0
289.60000000000014,39.96121781,-106.21640226,2484.7296,7.10184,0.491744,0.89408,180.0
289.70000000000005,39.96121736,-106.21640211,2484.4248,7.010400000000001,0.67056,0.89408,167.47119229084842
289.79999999999995,39.96121696,-106.21640192,2484.4248,6.88848,0.491744,0.89408,164.0546040990771
289.9000000000001,39.96121654,-106.21640177,2484.4248,6.797040000000001,0.67056,0.804672,164.0546040990771
290.0,39.96121605,-106.21640164,2484.1200000000003,6.7056,0.0,0.89408,180.0
290.10000000000014,39.96121554,-106.2164016,2484.1200000000003,6.61416,0.67056,0.89408,180.0
290.20000000000005,39.96121502,-106.21640163,2484.1200000000003,6.492240000000001,0.0,0.89408,180.0
290.4000000000001,39.96121404,-106.21640181,2483.8152,6.30936,0.625856,0.89408,180.0
290.5,39.96121359,-106.21640194,2483.8152,6.1874400000000005,0.44704,0.89408,180.0
290.60000000000014,39.96121317,-106.21640206,2483.5104,6.096,0.67056,0.804672,180.0
290.70000000000005,39.9612128,-106.21640224,2483.5104,6.096,0.491744,0.804672,195.94539590092288
290.79999999999995,39.96121246,-106.21640242,2483.5104,6.00456,0.491744,0.804672,195.94539590092288
290.9000000000001,39.96121215,-106.21640263,2483.5104,5.91312,0.0,0.804672,195.94539590092288
291.0,39.96121188,-106.21640278,2483.2056,5.7912,0.0,0.804672,201.80140948635184
291.10000000000014,39.9612117,-106.21640289,2483.2056,5.69976,0.0,0.804672,180.0
291.29999999999995,39.96121139,-106.21640308,2482.9008000000003,5.486400000000001,0.312928,0.804672,225.0
291.4000000000001,39.96121123,-106.21640314,2482.9008000000003,5.486400000000001,0.312928,0.804672,180.0
291.60000000000014,39.96121105,-106.21640329,2482.9008000000003,5.30352,0.312928,0.804672,270.0
291.70000000000005,39.96121097,-106.21640346,2482.596,5.21208,0.0,0.804672,270.0
291.79999999999995,39.96121089,-106.21640361,2482.596,5.21208,0.0,0.715264,270.0
291.9000000000001,39.96121077,-106.21640372,2482.596,5.09016,0.0,0.804672,270.0
292.0,39.9612107,-106.21640376,2482.596,4.99872,0.0,0.715264,270.0
292.10000000000014,39.96121063,-106.21640373,2482.2912,4.907280000000001,0.0,0.804672,0.0
292.20000000000005,39.96121061,-106.21640362,2482.2912,4.78536,0.0,0.804672,0.0
292.29999999999995,39.96121056,-106.21640345,2482.2912,4.78536,0.0,0.804672,0.0
292.4000000000001,39.96121055,-106.21640323,2482.2912,4.69392,0.0,0.804672,0.0
292.60000000000014,39.96121059,-106.2164028,2481.9864,4.51104,0.0,0.715264,0.0
292.70000000000005,39.96121058,-106.21640261,2481.9864,4.51104,0.0,0.715264,90.0
292.79999999999995,39.96121062,-106.2164024,2481.9864,4.38912,0.0,0.715264,90.0
293.0,39.96121075,-106.21640196,2481.6816000000003,4.20624,0.44704,0.715264,45.0
293.10000000000014,39.96121078,-106.21640178,2481.6816000000003,4.20624,0.44704,0.581152,90.0
293.29999999999995,39.96121086,-106.21640139,2481.6816000000003,4.1148,0.0,0.402336,0.0
293.4000000000001,39.96121097,-106.21640124,2481.6816000000003,3.99288,0.0,0.312928,0.0
293.60000000000014,39.96121115,-106.21640116,2481.6816000000003,3.99288,0.0,0.22352,0.0
293.70000000000005,39.96121122,-106.21640116,2481.6816000000003,3.99288,0.0,0.22352,0.0
293.9000000000001,39.96121141,-106.2164011,2481.3768,3.901440000000001,0.0,0.312928,0.0
294.0,39.96121154,-106.21640106,2481.3768,3.901440000000001,0.0,0.312928,0.0
294.10000000000014,39.96121166,-106.21640104,2481.3768,3.81,0.0,0.312928,0.0
294.20000000000005,39.96121179,-106.216401,2481.3768,3.81,0.0,0.312928,0.0
294.29999999999995,39.9612119,-106.21640098,2481.3768,3.81,0.0,0.312928,0.0
294.4000000000001,39.96121203,-106.21640095,2481.3768,3.68808,0.0,0.312928,0.0
294.5,39.96121213,-106.21640094,2481.3768,3.68808,0.0,0.312928,0.0
294.60000000000014,39.96121225,-106.21640095,2481.072,3.5966400000000003,0.0,0.312928,0.0
294.70000000000005,39.96121232,-106.21640101,2481.072,3.5966400000000003,0.0,0.312928,0.0
294.79999999999995,39.96121239,-106.21640106,2481.072,3.5966400000000003,0.0,0.312928,0.0
294.9000000000001,39.96121245,-106.21640116,2481.072,3.5052000000000003,0.0,0.312928,0.0
295.0,39.96121252,-106.21640125,2481.072,3.5052000000000003,0.0,0.312928,0.0
295.10000000000014,39.96121256,-106.21640138,2481.072,3.5052000000000003,0.0,0.312928,0.0
295.29999999999995,39.96121265,-106.21640164,2481.072,3.41376,0.0,0.312928,0.0
295.5,39.96121275,-106.21640193,2480.7672,3.2918400000000005,0.0,0.312928,270.0
295.60000000000014,39.96121279,-106.21640207,2480.7672,3.2918400000000005,0.0,0.312928,270.0
295.70000000000005,39.96121279,-106.21640225,2480.7672,3.2918400000000005,0.0,0.312928,270.0
295.79999999999995,39.96121281,-106.21640242,2480.7672,3.2004,0.0,0.402336,270.0
295.9000000000001,39.96121284,-106.21640258,2480.7672,3.2004,0.0,0.312928,270.0
296.0,39.9612129,-106.21640271,2480.7672,3.10896,0.0,0.312928,270.0
296.10000000000014,39.96121293,-106.2164029,2480.7672,3.10896,0.0,0.312928,270.0
296.20000000000005,39.96121296,-106.21640306,2480.7672,3.10896,0.0,0.312928,270.0
296.29999999999995,39.96121298,-106.21640319,2480.4624000000003,2.9870400000000004,0.0,0.312928,270.0
296.4000000000001,39.96121303,-106.21640327,2480.4624000000003,2.9870400000000004,0.0,0.312928,270.0
296.5,39.96121303,-106.21640337,2480.4624000000003,2.9870400000000004,0.0,0.312928,270.0
296.60000000000014,39.96121303,-106.21640343,2480.4624000000003,2.8956,0.0,0.312928,0.0
296.70000000000005,39.96121297,-106.21640348,2480.4624000000003,2.8956,0.0,0.312928,0.0
296.79999999999995,39.96121294,-106.2164035,2480.4624000000003,2.8956,0.0,0.312928,0.0
297.0,39.96121291,-106.21640351,2480.4624000000003,2.80416,0.0,0.312928,0.0
297.10000000000014,39.96121287,-106.21640352,2480.4624000000003,2.80416,0.0,0.312928,0.0
297.20000000000005,39.96121283,-106.2164035,2480.1576,2.7127200000000005,0.0,0.312928,0.0
297.29999999999995,39.96121282,-106.21640347,2480.1576,2.7127200000000005,0.0,0.312928,0.0
297.4000000000001,39.96121284,-106.2164034,2480.1576,2.7127200000000005,0.0,0.312928,0.0
297.5,39.96121283,-106.21640335,2480.1576,2.5908,0.0,0.312928,0.0
297.60000000000014,39.96121284,-106.21640328,2480.1576,2.5908,0.0,0.312928,0.0
297.70000000000005,39.96121286,-106.2164032,2480.1576,2.5908,0.0,0.312928,0.0
297.9000000000001,39.96121293,-106.21640301,2480.1576,2.49936,0.0,0.312928,0.0
298.0,39.96121297,-106.21640293,2480.1576,2.49936,0.0,0.22352,0.0
298.10000000000014,39.96121298,-106.21640288,2479.8528,2.4079200000000003,0.0,0.089408,0.0
298.20000000000005,39.96121299,-106.21640281,2479.8528,2.4079200000000003,0.0,0.089408,0.0
298.29999999999995,39.96121299,-106.21640275,2479.8528,2.4079200000000003,0.0,0.089408,0.0
298.4000000000001,39.961213,-106.21640268,2479.8528,2.4079200000000003,0.0,0.089408,0.0
298.5,39.96121297,-106.21640265,2479.8528,2.4079200000000003,0.0,0.089408,0.0
298.60000000000014,39.96121295,-106.21640261,2479.8528,2.4079200000000003,0.0,0.089408,0.0
298.70000000000005,39.96121291,-106.21640265,2479.8528,2.4079200000000003,0.0,0.089408,0.0
298.79999999999995,39.9612129,-106.21640266,2479.8528,2.286,0.0,0.089408,0.0
298.9000000000001,39.96121288,-106.2164027,2479.8528,2.286,0.0,0.089408,0.0
299.10000000000014,39.96121289,-106.21640267,2479.8528,2.286,0.0,0.089408,0.0
299.20000000000005,39.96121291,-106.2164026,2479.8528,2.286,0.0,0.089408,0.0
299.4000000000001,39.96121294,-106.21640241,2479.8528,2.19456,0.0,0.089408,0.0
299.5,39.9612129,-106.21640234,2479.8528,2.19456,0.0,0.089408,0.0
299.60000000000014,39.96121288,-106.21640226,2479.8528,2.19456,0.0,0.089408,0.0
299.70000000000005,39.96121287,-106.21640219,2479.8528,2.19456,0.0,0.089408,0.0
299.9000000000001,39.96121289,-106.21640203,2479.548,2.10312,0.0,0.089408,0.0
300.0,39.96121292,-106.21640196,2479.548,2.10312,0.0,0.089408,0.0
300.10000000000014,39.96121291,-106.21640191,2479.548,2.10312,0.0,0.089408,0.0
300.20000000000005,39.96121291,-106.21640186,2479.548,2.10312,0.0,0.089408,0.0
300.29999999999995,39.96121288,-106.21640188,2479.548,2.10312,0.0,0.089408,0.0
300.4000000000001,39.96121286,-106.21640188,2479.548,2.01168,0.0,0.089408,0.0
300.5,39.96121285,-106.21640189,2479.548,2.01168,0.0,0.089408,0.0
300.60000000000014,39.96121286,-106.21640187,2479.548,2.01168,0.0,0.089408,0.0
300.70000000000005,39.96121284,-106.21640186,2479.548,2.01168,0.0,0.089408,0.0
300.79999999999995,39.96121284,-106.21640183,2479.548,2.01168,0.0,0.089408,0.0
300.9000000000001,39.96121285,-106.21640185,2479.548,1.88976,0.0,0.089408,0.0
301.10000000000014,39.96121292,-106.21640191,2479.548,1.88976,0.0,0.089408,0.0
301.20000000000005,39.96121297,-106.21640195,2479.548,1.88976,0.0,0.089408,0.0
301.29999999999995,39.96121299,-106.21640205,2479.548,1.88976,0.0,0.089408,0.0
301.4000000000001,39.96121301,-106.21640213,2479.2432000000003,1.79832,0.0,0.089408,0.0
301.5,39.961213,-106.21640221,2479.2432000000003,1.79832,0.0,0.089408,0.0
301.60000000000014,39.961213,-106.21640224,2479.2432000000003,1.79832,0.0,0.089408,0.0
301.70000000000005,39.96121297,-106.21640228,2479.2432000000003,1.79832,0.0,0.089408,0.0
301.79999999999995,39.96121296,-106.2164023,2479.2432000000003,1.79832,0.0,0.089408,0.0
301.9000000000001,39.96121294,-106.21640239,2479.2432000000003,1.70688,0.0,0.089408,0.0
302.0,39.96121294,-106.21640246,2479.2432000000003,1.70688,0.0,0.089408,0.0
302.10000000000014,39.96121294,-106.21640254,2479.2432000000003,1.70688,0.0,0.089408,0.0
302.20000000000005,39.96121296,-106.21640259,2479.2432000000003,1.70688,0.0,0.089408,0.0
302.29999999999995,39.96121298,-106.21640266,2479.2432000000003,1.70688,0.0,0.089408,0.0
302.4000000000001,39.96121302,-106.21640271,2479.2432000000003,1.70688,0.0,0.089408,0.0
302.60000000000014,39.96121309,-106.21640275,2479.2432000000003,1.58496,0.0,0.089408,0.0
302.70000000000005,39.96121311,-106.21640275,2479.2432000000003,1.58496,0.0,0.089408,0.0
302.79999999999995,39.96121314,-106.21640272,2479.2432000000003,1.58496,0.0,0.089408,0.0
303.0,39.96121311,-106.21640272,2479.2432000000003,1.58496,0.0,0.089408,0.0
303.10000000000014,39.96121307,-106.21640268,2478.9384,1.4935200000000002,0.0,0.089408,0.0
303.20000000000005,39.96121304,-106.21640261,2478.9384,1.4935200000000002,0.0,0.089408,0.0
303.29999999999995,39.96121296,-106.21640255,2478.9384,1.4935200000000002,0.0,0.089408,0.0
303.4000000000001,39.96121292,-106.21640248,2478.9384,1.4935200000000002,0.0,0.089408,0.0
303.60000000000014,39.96121282,-106.21640241,2478.9384,1.4935200000000002,0.0,0.089408,0.0
303.70000000000005,39.96121282,-106.2164024,2478.9384,1.40208,0.0,0.089408,0.0
303.9000000000001,39.96121293,-106.21640242,2478.9384,1.40208,0.0,0.089408,0.0
304.0,39.96121302,-106.21640243,2478.9384,1.40208,0.0,0.089408,0.0
304.10000000000014,39.96121312,-106.21640249,2478.9384,1.40208,0.0,0.089408,0.0
304.20000000000005,39.96121322,-106.21640251,2478.9384,1.31064,0.0,0.089408,0.0
304.29999999999995,39.96121329,-106.21640252,2478.9384,1.31064,0.0,0.089408,0.0
304.4000000000001,39.96121337,-106.21640248,2478.9384,1.31064,0.0,0.089408,0.0
304.5,39.96121341,-106.21640245,2478.9384,1.31064,0.0,0.089408,0.0
304.60000000000014,39.96121347,-106.21640241,2478.9384,1.31064,0.0,0.089408,0.0
304.70000000000005,39.96121348,-106.21640239,2478.9384,1.31064,0.0,0.089408,0.0
304.79999999999995,39.9612135,-106.21640235,2478.9384,1.31064,0.0,0.089408,0.0
304.9000000000001,39.9612135,-106.21640236,2478.9384,1.31064,0.0,0.089408,0.0
305.0,39.96121354,-106.21640238,2478.6336,1.18872,0.0,0.089408,0.0
305.20000000000005,39.96121361,-106.21640245,2478.6336,1.18872,0.0,0.089408,0.0
305.29999999999995,39.9612136,-106.21640248,2478.6336,1.18872,0.0,0.089408,0.0
305.4000000000001,39.9612136,-106.21640249,2478.6336,1.18872,0.491744,0.089408,0.0
305.5,39.96121355,-106.21640249,2478.6336,1.09728,0.0,0.089408,0.0
305.60000000000014,39.96121353,-106.21640248,2478.6336,1.09728,0.0,0.089408,0.0
305.70000000000005,39.96121349,-106.21640248,2478.6336,1.09728,0.0,0.089408,0.0
305.79999999999995,39.96121347,-106.21640248,2478.6336,1.09728,0.0,0.089408,0.0
306.0,39.96121344,-106.21640251,2478.6336,1.00584,0.0,0.089408,0.0
306.10000000000014,39.96121339,-106.21640254,2478.6336,1.00584,0.0,0.089408,0.0
306.20000000000005,39.96121335,-106.21640255,2478.6336,1.00584,0.0,0.089408,0.0
306.29999999999995,39.96121331,-106.21640261,2478.6336,1.00584,0.0,0.089408,0.0
306.4000000000001,39.9612133,-106.21640266,2478.6336,1.00584,0.0,0.089408,0.0
306.60000000000014,39.96121319,-106.21640276,2478.3288,0.9144,0.0,0.089408,0.0
306.70000000000005,39.96121311,-106.21640286,2478.3288,0.9144,0.0,0.089408,0.0
306.79999999999995,39.96121305,-106.21640296,2478.3288,0.9144,0.0,0.089408,0.0
306.9000000000001,39.96121298,-106.21640305,2478.3288,0.9144,0.0,0.089408,0.0
307.0,39.96121294,-106.21640311,2478.3288,0.9144,0.0,0.089408,0.0
307.20000000000005,39.96121288,-106.21640319,2478.3288,0.7924800000000001,0.0,0.089408,0.0
307.29999999999995,39.96121283,-106.21640324,2478.3288,0.7924800000000001,0.0,0.22352,0.0
307.4000000000001,39.9612128,-106.2164033,2478.3288,0.7924800000000001,0.0,0.22352,0.0
307.5,39.96121277,-106.2164034,2478.3288,0.70104,0.0,0.22352,0.0
307.60000000000014,39.96121275,-106.21640348,2478.3288,0.70104,0.0,0.22352,0.0
307.79999999999995,39.96121274,-106.21640365,2478.0240000000003,0.6096,0.0,0.22352,0.0
307.9000000000001,39.96121271,-106.21640369,2478.0240000000003,0.6096,0.0,0.089408,0.0
308.0,39.96121272,-106.21640369,2478.0240000000003,0.48768,0.0,0.089408,0.0
308.10000000000014,39.96121271,-106.2164037,2478.0240000000003,0.48768,0.0,0.0,0.0
308.29999999999995,39.96121272,-106.21640369,2478.0240000000003,0.48768,0.0,0.0,0.0
308.4000000000001,39.96121273,-106.21640368,2478.0240000000003,0.48768,0.0,-0.089408,0.0
308.60000000000014,39.9612128,-106.21640367,2478.0240000000003,0.48768,0.0,-0.089408,0.0
308.70000000000005,39.96121283,-106.21640371,2478.0240000000003,0.48768,0.0,0.0,0.0
308.79999999999995,39.96121286,-106.21640372,2478.0240000000003,0.48768,0.0,0.0,0.0
308.9000000000001,39.9612129,-106.21640375,2478.0240000000003,0.48768,0.0,0.0,0.0
